2 0.469922 0.353516 0.469922 0.354004 0.469531 0.354492 0.469531 0.35498 0.469141 0.355469 0.469141 0.356445 0.46875 0.356934 0.46875 0.358398 0.469141 0.358887 0.469141 0.36084 0.469531 0.361328 0.469531 0.362305 0.469922 0.362793 0.469922 0.363281 0.470313 0.36377 0.470313 0.364258 0.470703 0.364746 0.470703 0.365234 0.471094 0.365234 0.471875 0.366211 0.472266 0.366211 0.475391 0.370117 0.475781 0.370117 0.476562 0.371094 0.476953 0.371094 0.477734 0.37207 0.478125 0.37207 0.478516 0.372559 0.480078 0.372559 0.480469 0.373047 0.483203 0.373047 0.483594 0.372559 0.483984 0.372559 0.484375 0.37207 0.484766 0.37207 0.485547 0.371094 0.485938 0.371094 0.485938 0.370605 0.486719 0.369629 0.486719 0.369141 0.487109 0.368652 0.487109 0.366211 0.4875 0.365723 0.4875 0.364258 0.487109 0.36377 0.487109 0.361816 0.486719 0.361328 0.486719 0.36084 0.486328 0.360352 0.485938 0.360352 0.485156 0.359375 0.484766 0.359375 0.484375 0.358887 0.484375 0.358398 0.481641 0.35498 0.48125 0.35498 0.480859 0.354492 0.480469 0.354492 0.480078 0.354004 0.479687 0.354004 0.479297 0.353516 0.478516 0.353516 0.478125 0.353027 0.477344 0.353027 0.476953 0.352539 0.475 0.352539 0.474609 0.352051 0.474219 0.352051 0.473828 0.352539 0.471484 0.352539 0.471094 0.353027 0.470703 0.353027 0.470313 0.353516
0 0.658203 0.174316 0.657813 0.174805 0.657422 0.174805 0.655859 0.176758 0.655859 0.177246 0.655078 0.178223 0.655078 0.178711 0.654297 0.179688 0.654297 0.180176 0.653906 0.180664 0.653906 0.181152 0.653516 0.181641 0.653516 0.183594 0.653125 0.184082 0.653125 0.188477 0.653516 0.188965 0.653516 0.19043 0.653906 0.190918 0.653906 0.191895 0.654297 0.192383 0.654297 0.192871 0.654687 0.193359 0.654687 0.194336 0.655469 0.195312 0.655469 0.195801 0.657031 0.197754 0.657422 0.197754 0.657813 0.198242 0.659766 0.198242 0.660156 0.197754 0.661719 0.197754 0.662891 0.196289 0.662891 0.195801 0.663281 0.195312 0.663281 0.194824 0.663672 0.194336 0.663672 0.193848 0.664062 0.193359 0.664062 0.192383 0.664453 0.191895 0.664453 0.190918 0.664844 0.19043 0.664844 0.188965 0.665234 0.188477 0.665234 0.182617 0.664844 0.182129 0.664844 0.181152 0.664453 0.180664 0.664453 0.180176 0.664062 0.179688 0.664062 0.179199 0.663281 0.178223 0.663281 0.177734 0.6625 0.176758 0.6625 0.17627 0.662109 0.175781 0.661719 0.175781 0.661328 0.175293 0.660547 0.175293 0.660156 0.174805 0.659375 0.174805 0.658984 0.174316
0 0.372656 0.151367 0.371094 0.15332 0.371094 0.153809 0.370703 0.154297 0.370703 0.156738 0.370312 0.157227 0.370312 0.158203 0.370703 0.158691 0.370703 0.159668 0.371094 0.160156 0.371094 0.160645 0.371484 0.161133 0.371484 0.161621 0.373047 0.163574 0.373437 0.163574 0.373828 0.164062 0.374219 0.164062 0.374609 0.164551 0.375 0.164551 0.375391 0.165039 0.379297 0.165039 0.379688 0.164551 0.380859 0.164551 0.382031 0.163086 0.382422 0.163086 0.383203 0.162109 0.383203 0.161621 0.383594 0.161133 0.383594 0.160645 0.383984 0.160156 0.383984 0.159668 0.384375 0.15918 0.384375 0.157227 0.383984 0.156738 0.383984 0.15625 0.383594 0.155762 0.383594 0.155273 0.383203 0.154785 0.383203 0.154297 0.380859 0.151367 0.380469 0.151367 0.380078 0.150879 0.378906 0.150879 0.378516 0.150391 0.375 0.150391 0.374609 0.150879 0.373437 0.150879 0.373047 0.151367
0 0.600391 0.129883 0.599219 0.131348 0.599219 0.131836 0.598828 0.132324 0.598828 0.132812 0.598437 0.133301 0.598437 0.140137 0.598828 0.140625 0.598828 0.14209 0.599219 0.142578 0.599219 0.143555 0.599609 0.144043 0.599609 0.144531 0.6 0.14502 0.6 0.145508 0.600391 0.145996 0.600391 0.146484 0.603125 0.149902 0.603516 0.149902 0.604297 0.150879 0.604688 0.150879 0.605078 0.151367 0.605469 0.151367 0.605859 0.151855 0.60625 0.151855 0.606641 0.152344 0.607422 0.152344 0.607812 0.152832 0.611328 0.152832 0.611719 0.152344 0.612109 0.152344 0.613281 0.150879 0.613281 0.149902 0.613672 0.149414 0.613672 0.145996 0.613281 0.145508 0.613281 0.143555 0.612891 0.143066 0.612891 0.142578 0.6125 0.14209 0.6125 0.141602 0.610156 0.138672 0.610156 0.138184 0.609766 0.137695 0.609766 0.137207 0.609375 0.136719 0.609375 0.135742 0.608984 0.135254 0.608984 0.134766 0.608594 0.134277 0.608594 0.133789 0.607812 0.132812 0.607812 0.132324 0.60625 0.130371 0.605859 0.130371 0.605469 0.129883 0.605078 0.129883 0.604297 0.128906 0.602344 0.128906 0.601953 0.129395 0.601562 0.129395 0.601172 0.129883
0 0.673047 0.0976562 0.672266 0.0986328 0.671875 0.0986328 0.670703 0.100098 0.670312 0.100098 0.669531 0.101074 0.669141 0.101074 0.667188 0.103516 0.667188 0.104004 0.666406 0.10498 0.666406 0.105469 0.666016 0.105957 0.666016 0.106445 0.665625 0.106934 0.665625 0.10791 0.666016 0.108398 0.666016 0.109375 0.666406 0.109863 0.666406 0.110352 0.666797 0.11084 0.666797 0.111328 0.667188 0.111816 0.667188 0.112305 0.667578 0.112793 0.667578 0.113281 0.668359 0.114258 0.668359 0.114746 0.66875 0.115234 0.66875 0.115723 0.669531 0.116699 0.669922 0.116699 0.670312 0.117188 0.670703 0.117188 0.671094 0.117676 0.672656 0.117676 0.673047 0.118164 0.673438 0.118164 0.673828 0.117676 0.674609 0.117676 0.676172 0.115723 0.676172 0.115234 0.676562 0.114746 0.676562 0.11377 0.676953 0.113281 0.676953 0.112793 0.677344 0.112305 0.677344 0.111328 0.677734 0.11084 0.677734 0.109375 0.678125 0.108887 0.678125 0.10498 0.677734 0.104492 0.677734 0.103027 0.677344 0.102539 0.677344 0.102051 0.676953 0.102051 0.676172 0.101074 0.676172 0.100586 0.675 0.0991211 0.675 0.0986328 0.674609 0.0981445 0.673828 0.0981445 0.673438 0.0976562
0 0.718359 0.0205078 0.717969 0.0205078 0.717578 0.0200195 0.714453 0.0200195 0.714063 0.0195312 0.712891 0.0195312 0.7125 0.0200195 0.709375 0.0200195 0.708984 0.0205078 0.708594 0.0205078 0.707812 0.0214844 0.707422 0.0214844 0.706641 0.0224609 0.70625 0.0224609 0.705859 0.0229492 0.705469 0.0229492 0.704297 0.0244141 0.704297 0.0249023 0.703906 0.0253906 0.703906 0.0258789 0.703516 0.0263672 0.703516 0.0273438 0.703125 0.027832 0.703125 0.0283203 0.702734 0.0288086 0.702734 0.0297852 0.702344 0.0302734 0.702344 0.0307617 0.701953 0.03125 0.701953 0.0322266 0.701562 0.0327148 0.701562 0.0385742 0.701953 0.0390625 0.701953 0.0410156 0.703906 0.043457 0.704297 0.043457 0.704688 0.0439453 0.708203 0.0439453 0.708594 0.043457 0.709375 0.043457 0.710156 0.0424805 0.710547 0.0424805 0.712891 0.0395508 0.713281 0.0395508 0.714063 0.0385742 0.714453 0.0385742 0.714844 0.0380859 0.715234 0.0380859 0.716797 0.0361328 0.716797 0.0356445 0.717578 0.034668 0.717578 0.0341797 0.717969 0.0336914 0.717969 0.0332031 0.718359 0.0327148 0.718359 0.0317383 0.71875 0.03125 0.71875 0.0307617 0.719141 0.0302734 0.719141 0.0292969 0.719531 0.0288086 0.719531 0.0268555 0.719922 0.0263672 0.719922 0.0234375 0.719531 0.0229492 0.719531 0.0219727
0 0.830078 0.446777 0.826953 0.442871 0.826562 0.442871 0.826172 0.442383 0.825781 0.442383 0.825391 0.441895 0.823047 0.441895 0.822656 0.441406 0.817578 0.441406 0.817187 0.441895 0.814844 0.441895 0.814453 0.442383 0.813672 0.442383 0.813281 0.442871 0.812891 0.442871 0.8125 0.443359 0.812109 0.443359 0.811719 0.443848 0.810937 0.443848 0.810156 0.444824 0.809766 0.444824 0.809375 0.445312 0.808984 0.445312 0.808203 0.446289 0.807813 0.446289 0.807031 0.447266 0.807031 0.447754 0.806641 0.448242 0.806641 0.44873 0.80625 0.449219 0.80625 0.449707 0.805859 0.450195 0.805859 0.452637 0.80625 0.453125 0.80625 0.454102 0.807031 0.455078 0.807031 0.455566 0.807422 0.455566 0.807813 0.456055 0.808203 0.456055 0.808984 0.457031 0.809766 0.457031 0.810156 0.45752 0.811328 0.45752 0.811719 0.458008 0.814063 0.458008 0.814453 0.458496 0.815234 0.458496 0.815625 0.458008 0.819531 0.458008 0.819922 0.45752 0.821094 0.45752 0.821484 0.457031 0.822656 0.457031 0.823047 0.456543 0.823828 0.456543 0.824219 0.456055 0.825 0.456055 0.825391 0.455566 0.825781 0.455566 0.826172 0.455078 0.826562 0.455078 0.827734 0.453613 0.828125 0.453613 0.830078 0.451172
0 0.311328 0.70166 0.309766 0.70166 0.309375 0.702148 0.308984 0.702148 0.308203 0.703125 0.307812 0.703125 0.307422 0.703613 0.307031 0.703613 0.30625 0.70459 0.30625 0.705078 0.305859 0.705566 0.305859 0.706055 0.305469 0.706543 0.305469 0.707031 0.305078 0.70752 0.305078 0.708496 0.304688 0.708984 0.304688 0.710449 0.304297 0.710938 0.304297 0.711914 0.303906 0.712402 0.303906 0.714844 0.303516 0.715332 0.303516 0.717285 0.303125 0.717773 0.303125 0.725098 0.303516 0.725586 0.303516 0.728027 0.303906 0.728516 0.303906 0.72998 0.304297 0.730469 0.304297 0.731445 0.304688 0.731934 0.304688 0.732422 0.305078 0.73291 0.305078 0.733398 0.305469 0.733887 0.305859 0.733887 0.30625 0.734375 0.306641 0.734375 0.307031 0.734863 0.308203 0.734863 0.308594 0.735352 0.310937 0.735352 0.311328 0.734863 0.311719 0.734863 0.312891 0.733398 0.312891 0.73291 0.313281 0.732422 0.313281 0.731934 0.313672 0.731445 0.313672 0.730957 0.314063 0.730469 0.314063 0.729492 0.314453 0.729004 0.314453 0.728027 0.314844 0.727539 0.314844 0.727051 0.315234 0.726562 0.315234 0.726074 0.315625 0.725586 0.315625 0.724609 0.316016 0.724121 0.316016 0.722656 0.316406 0.722168 0.316406 0.713867 0.316016 0.713379 0.316016 0.710938 0.315625 0.710449 0.315625 0.708008 0.315234 0.70752 0.315234 0.706055 0.314844 0.705566 0.314844 0.705078 0.313672 0.703613 0.313281 0.703613 0.3125 0.702637 0.312109 0.702637
0 0.260547 0.947754 0.260156 0.948242 0.259766 0.948242 0.259375 0.94873 0.258984 0.94873 0.254688 0.954102 0.254688 0.95459 0.254297 0.955078 0.254297 0.956543 0.253906 0.957031 0.253906 0.963867 0.254297 0.964355 0.254297 0.966797 0.254688 0.967285 0.254688 0.967773 0.255078 0.968262 0.255078 0.96875 0.255469 0.969238 0.255469 0.969727 0.25625 0.970703 0.25625 0.971191 0.259375 0.975098 0.260547 0.975098 0.260937 0.975586 0.267578 0.975586 0.267969 0.975098 0.268359 0.975098 0.26875 0.974609 0.269141 0.974609 0.269531 0.974121 0.269531 0.973633 0.271094 0.97168 0.271094 0.971191 0.271484 0.970703 0.271484 0.968262 0.271875 0.967773 0.271875 0.961914 0.271484 0.961426 0.271484 0.959473 0.271094 0.958984 0.271094 0.95752 0.270703 0.957031 0.270703 0.956055 0.270313 0.955566 0.270313 0.95459 0.269531 0.953613 0.269531 0.953125 0.268359 0.95166 0.268359 0.951172 0.267188 0.949707 0.266797 0.949707 0.266016 0.94873 0.265625 0.94873 0.264844 0.947754 0.264062 0.947754 0.263672 0.947266 0.262891 0.947266 0.2625 0.947754
0 0.511328 0.610352 0.510938 0.610352 0.510547 0.609863 0.507812 0.609863 0.507422 0.610352 0.505859 0.610352 0.505469 0.61084 0.504687 0.61084 0.503906 0.611816 0.503516 0.611816 0.502734 0.612793 0.502344 0.612793 0.501172 0.614258 0.501172 0.614746 0.498828 0.617676 0.498437 0.617676 0.497266 0.619141 0.497266 0.619629 0.496875 0.620117 0.496875 0.620605 0.496484 0.621094 0.496484 0.621582 0.495703 0.622559 0.495703 0.625488 0.496094 0.625977 0.496094 0.627441 0.496484 0.62793 0.496484 0.628418 0.497266 0.629395 0.497266 0.629883 0.497656 0.630371 0.498047 0.630371 0.498437 0.630859 0.499219 0.630859 0.499609 0.631348 0.500781 0.631348 0.501172 0.631836 0.501953 0.631836 0.502344 0.631348 0.503516 0.631348 0.503906 0.630859 0.504297 0.630859 0.505078 0.629883 0.505469 0.629883 0.50625 0.628906 0.506641 0.628906 0.506641 0.628418 0.507812 0.626953 0.507812 0.626465 0.510156 0.623535 0.510156 0.623047 0.510938 0.62207 0.510938 0.621582 0.511328 0.621094 0.511328 0.620605 0.511719 0.620117 0.511719 0.619141 0.512109 0.618652 0.512109 0.617676 0.5125 0.617188 0.5125 0.616699 0.512891 0.616211 0.512891 0.61377 0.5125 0.613281 0.5125 0.612305 0.512109 0.611816 0.512109 0.611328
0 0.539844 0.339355 0.539844 0.339844 0.539062 0.34082 0.539062 0.344727 0.539453 0.345215 0.539453 0.346191 0.539844 0.34668 0.539844 0.347168 0.540625 0.348145 0.540625 0.348633 0.541797 0.350098 0.542578 0.350098 0.542969 0.350586 0.543359 0.350586 0.54375 0.351074 0.544141 0.351074 0.544531 0.351562 0.548047 0.351562 0.548438 0.351074 0.549609 0.351074 0.55 0.350586 0.550391 0.350586 0.551172 0.349609 0.551172 0.349121 0.551562 0.348633 0.551562 0.348145 0.551953 0.347656 0.551953 0.347168 0.552344 0.34668 0.552344 0.345703 0.551953 0.345215 0.551953 0.344727 0.551172 0.34375 0.551172 0.343262 0.550391 0.342285 0.550391 0.341797 0.548828 0.339844 0.548438 0.339844 0.547656 0.338867 0.547266 0.338867 0.546875 0.338379 0.546484 0.338379 0.546094 0.337891 0.545703 0.337891 0.545312 0.337402 0.543359 0.337402 0.542969 0.337891 0.541406 0.337891 0.541016 0.338379 0.540625 0.338379
0 0.496484 0.285645 0.495312 0.28418 0.495312 0.283691 0.494922 0.283691 0.494531 0.283203 0.493359 0.283203 0.492969 0.282715 0.489063 0.282715 0.488672 0.283203 0.4875 0.283203 0.487109 0.283691 0.486719 0.283691 0.486328 0.28418 0.485938 0.28418 0.483984 0.286621 0.483984 0.287109 0.482812 0.288574 0.482812 0.289062 0.482422 0.289551 0.482422 0.290039 0.482031 0.290527 0.482031 0.29248 0.482422 0.292969 0.482422 0.293945 0.482812 0.294434 0.482812 0.294922 0.483203 0.294922 0.483594 0.29541 0.483984 0.29541 0.484375 0.295898 0.485156 0.295898 0.485547 0.296387 0.487109 0.296387 0.4875 0.296875 0.491016 0.296875 0.491406 0.296387 0.492188 0.296387 0.492578 0.295898 0.492969 0.295898 0.49375 0.294922 0.494141 0.294922 0.495703 0.292969 0.495703 0.29248 0.496094 0.291992 0.496094 0.291504 0.496484 0.291016 0.496484 0.289551 0.496875 0.289062 0.496875 0.286621 0.496484 0.286133
0 0.119141 0.106934 0.119141 0.109863 0.119531 0.110352 0.119531 0.111816 0.120313 0.112793 0.120313 0.113281 0.122656 0.116211 0.123047 0.116211 0.123828 0.117188 0.124219 0.117188 0.124609 0.117676 0.125 0.117676 0.125391 0.118164 0.125781 0.118164 0.126172 0.118652 0.126562 0.118652 0.126953 0.119141 0.127734 0.119141 0.128125 0.119629 0.129297 0.119629 0.129688 0.120117 0.13125 0.120117 0.131641 0.120605 0.138281 0.120605 0.138672 0.120117 0.139453 0.120117 0.140625 0.118652 0.140625 0.118164 0.141016 0.117676 0.141016 0.116699 0.141406 0.116211 0.141406 0.113281 0.141016 0.112793 0.141016 0.111328 0.140625 0.11084 0.140625 0.110352 0.139453 0.108887 0.139453 0.108398 0.137891 0.106445 0.1375 0.106445 0.137109 0.105957 0.136328 0.105957 0.135937 0.105469 0.135547 0.105469 0.135156 0.10498 0.134375 0.10498 0.133984 0.104492 0.133203 0.104492 0.132812 0.104004 0.132031 0.104004 0.131641 0.103516 0.123047 0.103516 0.122656 0.104004 0.121875 0.104004 0.121094 0.10498 0.120703 0.10498 0.119922 0.105957 0.119531 0.105957 0.119531 0.106445
0 0.525391 0.781738 0.525391 0.784668 0.525781 0.785156 0.525781 0.786133 0.527344 0.788086 0.527734 0.788086 0.529687 0.790527 0.530078 0.790527 0.530859 0.791504 0.53125 0.791504 0.532031 0.79248 0.532422 0.79248 0.533203 0.793457 0.533594 0.793457 0.533984 0.793945 0.534375 0.793945 0.534766 0.794434 0.535156 0.794434 0.535547 0.794922 0.536328 0.794922 0.536719 0.79541 0.539062 0.79541 0.539453 0.795898 0.541797 0.795898 0.542188 0.79541 0.54375 0.79541 0.544141 0.794922 0.544531 0.794922 0.544922 0.794434 0.544922 0.793945 0.545312 0.793457 0.545312 0.79248 0.545703 0.791992 0.545703 0.787109 0.545312 0.786621 0.545312 0.785645 0.544922 0.785156 0.544922 0.78418 0.544531 0.783691 0.544531 0.783203 0.544141 0.782715 0.54375 0.782715 0.543359 0.782227 0.542969 0.782227 0.542578 0.781738 0.542188 0.781738 0.541797 0.78125 0.541406 0.78125 0.541016 0.780762 0.540234 0.780762 0.539844 0.780273 0.539453 0.780273 0.539062 0.779785 0.538672 0.779785 0.538281 0.779297 0.5375 0.779297 0.537109 0.778809 0.534766 0.778809 0.534375 0.77832 0.53125 0.77832 0.530859 0.778809 0.528516 0.778809 0.528125 0.779297 0.527734 0.779297 0.527344 0.779785 0.526953 0.779785
2 0.360547 0.295898 0.358984 0.293945 0.358594 0.293945 0.358203 0.293457 0.35625 0.293457 0.355859 0.293945 0.355078 0.293945 0.354687 0.294434 0.353906 0.294434 0.353516 0.294922 0.353125 0.294922 0.352734 0.29541 0.352344 0.29541 0.350781 0.297363 0.350391 0.297363 0.348438 0.299805 0.348438 0.300293 0.344922 0.304688 0.344922 0.305176 0.344141 0.306152 0.344141 0.308594 0.34375 0.309082 0.34375 0.310547 0.344141 0.311035 0.344141 0.311523 0.344922 0.3125 0.345313 0.3125 0.345703 0.312988 0.348438 0.312988 0.348828 0.313477 0.349219 0.313477 0.349609 0.312988 0.350391 0.312988 0.350781 0.3125 0.351172 0.3125 0.351562 0.312012 0.351953 0.312012 0.352344 0.311523 0.352734 0.311523 0.353125 0.311035 0.353516 0.311035 0.353906 0.310547 0.354687 0.310547 0.355469 0.30957 0.355859 0.30957 0.356641 0.308594 0.357031 0.308594 0.358203 0.307129 0.358203 0.306641 0.359766 0.304688 0.359766 0.304199 0.360938 0.302734 0.360938 0.301758 0.361328 0.30127 0.361328 0.297852 0.360938 0.297363 0.360938 0.296875 0.360547 0.296387
2 0.703906 0.00927734 0.703906 0.0146484 0.704297 0.0151367 0.704297 0.0161133 0.704688 0.0166016 0.704688 0.0170898 0.705078 0.0175781 0.705078 0.0180664 0.705469 0.0185547 0.705469 0.019043 0.705859 0.0195312 0.70625 0.0195312 0.706641 0.0200195 0.707422 0.0200195 0.707812 0.0205078 0.709375 0.0205078 0.709766 0.0209961 0.711328 0.0209961 0.711719 0.0214844 0.712891 0.0214844 0.713281 0.0219727 0.714844 0.0219727 0.715234 0.0224609 0.716406 0.0224609 0.716797 0.0229492 0.721094 0.0229492 0.721875 0.0219727 0.722266 0.0219727 0.723437 0.0205078 0.723828 0.0205078 0.725 0.019043 0.725 0.0185547 0.725391 0.0180664 0.725391 0.0161133 0.725 0.015625 0.725 0.0146484 0.724609 0.0141602 0.724609 0.0131836 0.724219 0.0126953 0.724219 0.012207 0.723828 0.0117188 0.723828 0.0112305 0.722266 0.00927734 0.721875 0.00927734 0.721484 0.00878906 0.721094 0.00878906 0.720703 0.00830078 0.719922 0.00830078 0.719531 0.0078125 0.719141 0.0078125 0.71875 0.00732422 0.718359 0.00732422 0.717969 0.00683594 0.717578 0.00683594 0.717187 0.00634766 0.716797 0.00634766 0.716406 0.00585938 0.715234 0.00585938 0.714844 0.00537109 0.710547 0.00537109 0.710156 0.00585938 0.708203 0.00585938 0.707812 0.00634766 0.706641 0.00634766 0.70625 0.00683594 0.705469 0.00683594 0.704297 0.00830078 0.704297 0.00878906
1 0.498516 0.31001 0.497227 0.310742 0.496641 0.313525 0.497109 0.315381 0.498242 0.316895 0.499297 0.317871 0.499766 0.31875 0.500508 0.319336 0.50125 0.319678 0.501602 0.320264 0.502305 0.320947 0.503125 0.321631 0.503789 0.32207 0.504531 0.322656 0.505703 0.323145 0.5075 0.324072 0.509414 0.323926 0.511797 0.323877 0.512891 0.322559 0.513203 0.320898 0.512617 0.318799 0.512305 0.317334 0.511992 0.316357 0.511562 0.315723 0.510391 0.315332 0.510547 0.314844 0.509609 0.31377 0.509219 0.313379 0.508984 0.31333 0.508359 0.312939 0.508203 0.312939 0.508047 0.3125 0.507266 0.311621 0.506367 0.311084 0.505508 0.3104 0.50418 0.309521 0.502773 0.309131 0.501367 0.30918 0.499844 0.30957
2 0.342969 0.705566 0.342187 0.70459 0.341797 0.70459 0.341406 0.704102 0.336719 0.704102 0.336328 0.70459 0.335938 0.70459 0.334766 0.706055 0.334375 0.706055 0.332031 0.708984 0.331641 0.708984 0.330469 0.710449 0.330078 0.710449 0.328906 0.711914 0.328906 0.712402 0.328516 0.712891 0.328516 0.713867 0.328125 0.714355 0.328125 0.717773 0.329688 0.719727 0.330469 0.719727 0.330859 0.720215 0.333594 0.720215 0.333984 0.719727 0.334766 0.719727 0.335156 0.719238 0.335547 0.719238 0.336328 0.718262 0.336719 0.718262 0.337109 0.717773 0.3375 0.717773 0.338281 0.716797 0.338672 0.716797 0.339062 0.716309 0.339453 0.716309 0.340234 0.715332 0.340625 0.715332 0.341797 0.713867 0.341797 0.713379 0.342578 0.712402 0.342578 0.711914 0.342969 0.711426 0.342969 0.710938 0.343359 0.710449 0.343359 0.707031 0.342969 0.706543
2 0.533984 0.379883 0.533984 0.381348 0.534375 0.381836 0.534375 0.382324 0.535547 0.383789 0.535547 0.384277 0.536328 0.385254 0.536719 0.385254 0.5375 0.38623 0.537891 0.38623 0.538281 0.386719 0.539062 0.386719 0.539453 0.387207 0.539844 0.387207 0.540234 0.387695 0.541406 0.387695 0.541797 0.388184 0.54375 0.388184 0.544141 0.388672 0.545703 0.388672 0.546094 0.38916 0.547656 0.38916 0.548047 0.389648 0.549609 0.389648 0.55 0.38916 0.551172 0.38916 0.551562 0.388672 0.552344 0.388672 0.552734 0.388184 0.553516 0.388184 0.554297 0.387207 0.554297 0.383789 0.553125 0.382324 0.552734 0.382324 0.55 0.378906 0.549609 0.378906 0.548828 0.37793 0.548438 0.37793 0.548047 0.377441 0.547656 0.377441 0.547266 0.376953 0.546484 0.376953 0.546094 0.376465 0.544922 0.376465 0.544531 0.375977 0.542969 0.375977 0.542578 0.375488 0.538281 0.375488 0.537891 0.375977 0.536328 0.375977 0.535547 0.376953 0.535156 0.376953 0.535156 0.377441 0.534766 0.37793 0.534766 0.378418 0.534375 0.378906 0.534375 0.379395
1 0.408984 0.0947266 0.406641 0.0947266 0.40625 0.0952148 0.404687 0.0952148 0.403125 0.097168 0.403125 0.0976562 0.402344 0.0986328 0.402344 0.0991211 0.401953 0.0996094 0.401953 0.100586 0.401562 0.101074 0.401562 0.102051 0.401172 0.102539 0.401172 0.104004 0.400781 0.104492 0.400781 0.106445 0.400391 0.106934 0.400391 0.110352 0.4 0.11084 0.4 0.112793 0.400391 0.113281 0.400391 0.116699 0.400781 0.117188 0.400781 0.118164 0.401172 0.118652 0.401172 0.119629 0.401953 0.120605 0.401953 0.121094 0.403516 0.123047 0.404297 0.123047 0.404687 0.123535 0.405078 0.123535 0.405469 0.123047 0.407031 0.123047 0.407422 0.122559 0.408203 0.122559 0.408594 0.12207 0.408984 0.12207 0.410156 0.120605 0.410156 0.120117 0.410938 0.119141 0.410938 0.118652 0.411328 0.118164 0.411328 0.117188 0.411719 0.116699 0.411719 0.116211 0.412109 0.115723 0.412109 0.115234 0.4125 0.114746 0.4125 0.113281 0.412891 0.112793 0.412891 0.11084 0.413281 0.110352 0.413281 0.102539 0.412891 0.102051 0.412891 0.100586 0.4125 0.100098 0.4125 0.0996094 0.412109 0.0991211 0.412109 0.0986328 0.411719 0.0981445 0.411719 0.0976562 0.409766 0.0952148 0.409375 0.0952148
1 0.400391 0.168945 0.400391 0.169434 0.4 0.169922 0.4 0.171875 0.399609 0.172363 0.399609 0.175293 0.4 0.175781 0.4 0.178223 0.400391 0.178711 0.400391 0.179199 0.400781 0.179688 0.400781 0.180176 0.401172 0.180664 0.401172 0.181152 0.401562 0.181641 0.401562 0.182617 0.401953 0.183105 0.401953 0.184082 0.402344 0.18457 0.402344 0.185059 0.402734 0.185547 0.402734 0.186035 0.404297 0.187988 0.404297 0.188477 0.407813 0.192871 0.411719 0.192871 0.412109 0.192383 0.4125 0.192383 0.413281 0.191406 0.413281 0.190918 0.413672 0.19043 0.413672 0.189941 0.414062 0.189453 0.414062 0.183105 0.413672 0.182617 0.413672 0.180664 0.413281 0.180176 0.413281 0.179688 0.412891 0.179199 0.412891 0.178711 0.4125 0.178223 0.4125 0.177734 0.412109 0.177246 0.412109 0.176758 0.411719 0.17627 0.411719 0.175781 0.410938 0.174805 0.410938 0.174316 0.410156 0.17334 0.409766 0.17334 0.408984 0.172363 0.408594 0.172363 0.407813 0.171387 0.407422 0.171387 0.406641 0.17041 0.406641 0.169922 0.405078 0.167969 0.402344 0.167969 0.401953 0.168457 0.401172 0.168457 0.400781 0.168945
1 0.474219 0.199707 0.473047 0.201172 0.473047 0.20166 0.472656 0.202148 0.472656 0.203125 0.472266 0.203613 0.472266 0.20459 0.471875 0.205078 0.471875 0.206543 0.471484 0.207031 0.471484 0.208496 0.471094 0.208984 0.471094 0.212891 0.471484 0.213379 0.471484 0.21582 0.471875 0.216309 0.471875 0.217285 0.472266 0.217773 0.472266 0.218262 0.473438 0.219727 0.473438 0.220215 0.474219 0.221191 0.474609 0.221191 0.475 0.22168 0.477344 0.22168 0.477734 0.222168 0.478125 0.222168 0.478516 0.22168 0.479297 0.22168 0.479687 0.221191 0.480078 0.221191 0.482031 0.21875 0.482031 0.218262 0.482422 0.217773 0.482422 0.216309 0.482812 0.21582 0.482812 0.209961 0.482422 0.209473 0.482422 0.207031 0.482031 0.206543 0.482031 0.205078 0.481641 0.20459 0.481641 0.204102 0.480078 0.202148 0.480078 0.20166 0.479297 0.200684 0.478906 0.200684 0.478516 0.200195 0.477344 0.200195 0.476953 0.199707
1 0.263281 0.111328 0.263281 0.112305 0.262891 0.112793 0.262891 0.11377 0.2625 0.114258 0.2625 0.115234 0.262891 0.115723 0.262891 0.116699 0.263281 0.117188 0.263281 0.117676 0.263672 0.118164 0.263672 0.118652 0.264453 0.119629 0.264844 0.119629 0.265234 0.120117 0.265625 0.120117 0.266016 0.120605 0.266406 0.120605 0.266797 0.121094 0.267188 0.121094 0.267578 0.121582 0.268359 0.121582 0.26875 0.12207 0.269531 0.12207 0.269922 0.122559 0.274219 0.122559 0.274609 0.12207 0.276172 0.12207 0.276562 0.121582 0.277734 0.121582 0.278125 0.121094 0.278906 0.121094 0.279297 0.120605 0.279687 0.120605 0.280078 0.120117 0.280078 0.119629 0.280469 0.119141 0.280469 0.118652 0.280859 0.118164 0.280859 0.117676 0.28125 0.117188 0.28125 0.116211 0.281641 0.115723 0.281641 0.11377 0.28125 0.113281 0.28125 0.111328 0.280469 0.110352 0.280469 0.109863 0.278906 0.10791 0.277344 0.10791 0.276953 0.107422 0.271094 0.107422 0.270703 0.10791 0.26875 0.10791 0.268359 0.108398 0.267188 0.108398 0.266797 0.108887 0.266406 0.108887 0.266016 0.109375 0.265625 0.109375 0.265234 0.109863 0.264844 0.109863 0.264453 0.110352 0.264062 0.110352
1 0.229297 0.0898438 0.229297 0.090332 0.228906 0.0908203 0.228906 0.0957031 0.229297 0.0961914 0.229297 0.0966797 0.229687 0.097168 0.229687 0.0976562 0.230078 0.0981445 0.230078 0.0986328 0.230859 0.0996094 0.230859 0.100098 0.232031 0.101562 0.232422 0.101562 0.233203 0.102539 0.233594 0.102539 0.234375 0.103516 0.234766 0.103516 0.235547 0.104492 0.236328 0.104492 0.236719 0.10498 0.238672 0.10498 0.239063 0.105469 0.244531 0.105469 0.244922 0.10498 0.245703 0.10498 0.246094 0.104492 0.246875 0.104492 0.247266 0.104004 0.247656 0.104004 0.248047 0.103516 0.248047 0.102539 0.248438 0.102051 0.248438 0.0981445 0.248047 0.0976562 0.248047 0.0966797 0.247656 0.0961914 0.247656 0.0957031 0.247266 0.0952148 0.246875 0.0952148 0.246094 0.0942383 0.245703 0.0942383 0.244922 0.0932617 0.244531 0.0932617 0.244141 0.0927734 0.24375 0.0927734 0.242969 0.0917969 0.242578 0.0917969 0.241797 0.0908203 0.241406 0.0908203 0.240625 0.0898438 0.240234 0.0898438 0.239844 0.0893555 0.239453 0.0893555 0.239063 0.0888672 0.238281 0.0888672 0.237891 0.0883789 0.237109 0.0883789 0.236719 0.0878906 0.234766 0.0878906 0.234375 0.0874023 0.231641 0.0874023 0.23125 0.0878906 0.230859 0.0878906
1 0.211719 0.034668 0.211328 0.0351562 0.210938 0.0351562 0.210156 0.0361328 0.209766 0.0361328 0.209766 0.0366211 0.209375 0.0371094 0.209375 0.0390625 0.208984 0.0395508 0.208984 0.0439453 0.209375 0.0444336 0.209375 0.0507812 0.209766 0.0512695 0.209766 0.0546875 0.210156 0.0551758 0.210156 0.0576172 0.210547 0.0581055 0.210547 0.0595703 0.210938 0.0600586 0.210938 0.0610352 0.211328 0.0615234 0.211328 0.0620117 0.211719 0.0625 0.211719 0.0629883 0.212109 0.0634766 0.212109 0.0639648 0.212891 0.0649414 0.213281 0.0649414 0.214062 0.065918 0.214844 0.065918 0.215234 0.0664062 0.215625 0.0664062 0.216016 0.0668945 0.217578 0.0668945 0.217969 0.0664062 0.218359 0.0664062 0.21875 0.065918 0.219141 0.065918 0.219922 0.0649414 0.220312 0.0649414 0.220703 0.0644531 0.220703 0.0639648 0.221094 0.0634766 0.221094 0.0629883 0.221484 0.0625 0.221484 0.0620117 0.221875 0.0615234 0.221875 0.0595703 0.222266 0.059082 0.222266 0.0541992 0.221875 0.0537109 0.221875 0.050293 0.221484 0.0498047 0.221484 0.0483398 0.221094 0.0478516 0.221094 0.0473633 0.220312 0.0463867 0.220312 0.0458984 0.219922 0.0454102 0.219922 0.0449219 0.219531 0.0444336 0.219531 0.0439453 0.219141 0.043457 0.219141 0.0429688 0.21875 0.0424805 0.21875 0.0415039 0.218359 0.0410156 0.218359 0.0405273 0.217578 0.0395508 0.217578 0.0390625 0.217188 0.0385742 0.217188 0.0380859 0.215625 0.0361328 0.215234 0.0361328 0.214453 0.0351562 0.214062 0.0351562 0.213672 0.034668
1 0.0496094 0.00488281 0.0488281 0.00585938 0.0484375 0.00585938 0.0484375 0.00634766 0.0472656 0.0078125 0.0472656 0.00830078 0.0464844 0.00927734 0.0464844 0.00976562 0.0460938 0.0102539 0.0460938 0.0117188 0.0457031 0.012207 0.0457031 0.0180664 0.0464844 0.019043 0.0464844 0.0195312 0.0472656 0.0205078 0.0472656 0.0209961 0.0480469 0.0219727 0.0484375 0.0219727 0.0488281 0.0224609 0.0492187 0.0224609 0.0496094 0.0229492 0.0507812 0.0229492 0.0511719 0.0234375 0.0515625 0.0234375 0.0519531 0.0239258 0.053125 0.0239258 0.0535156 0.0244141 0.0570312 0.0244141 0.0574219 0.0239258 0.0582031 0.0239258 0.0585938 0.0234375 0.0589844 0.0234375 0.0605469 0.0214844 0.0605469 0.0205078 0.0609375 0.0200195 0.0609375 0.0185547 0.0613281 0.0180664 0.0613281 0.00878906 0.0609375 0.00830078 0.0609375 0.00732422 0.0605469 0.00683594 0.0605469 0.00585938 0.0597656 0.00488281 0.059375 0.00488281 0.0589844 0.00439453 0.0585938 0.00439453 0.0582031 0.00390625 0.0578125 0.00390625 0.0574219 0.00341797 0.053125 0.00341797 0.0527344 0.00390625 0.0519531 0.00390625 0.0515625 0.00439453 0.0507812 0.00439453 0.0503906 0.00488281
1 0.0527344 0.0410156 0.0507812 0.0410156 0.0503906 0.0405273 0.0488281 0.0405273 0.0484375 0.0410156 0.0480469 0.0410156 0.0476562 0.0415039 0.0472656 0.0415039 0.0441406 0.0454102 0.0441406 0.0463867 0.04375 0.046875 0.04375 0.0473633 0.0433594 0.0478516 0.0433594 0.0493164 0.0429688 0.0498047 0.0429688 0.0507812 0.0425781 0.0512695 0.0425781 0.0517578 0.0421875 0.0522461 0.0421875 0.0537109 0.0417969 0.0541992 0.0417969 0.0610352 0.04375 0.0634766 0.0441406 0.0634766 0.0445313 0.0639648 0.0488281 0.0639648 0.0492187 0.0634766 0.0496094 0.0634766 0.05 0.0629883 0.0503906 0.0629883 0.0507812 0.0625 0.0511719 0.0625 0.0519531 0.0615234 0.0523438 0.0615234 0.0527344 0.0610352 0.0527344 0.0605469 0.053125 0.0600586 0.053125 0.0595703 0.0535156 0.059082 0.0535156 0.0576172 0.0539063 0.0571289 0.0539063 0.0556641 0.0542969 0.0551758 0.0542969 0.0541992 0.0546875 0.0537109 0.0546875 0.0512695 0.0550781 0.0507812 0.0550781 0.0458984 0.0546875 0.0454102 0.0546875 0.0439453 0.0539063 0.0429688 0.0539063 0.0424805
1 0.0105469 0.0444336 0.0105469 0.0473633 0.0109375 0.0478516 0.0109375 0.0498047 0.0113281 0.050293 0.0113281 0.0517578 0.0117188 0.0522461 0.0117188 0.0527344 0.0121094 0.0532227 0.0121094 0.0537109 0.0128906 0.0546875 0.0128906 0.0551758 0.0140625 0.0566406 0.0140625 0.0571289 0.0160156 0.0595703 0.0160156 0.0600586 0.0171875 0.0615234 0.0175781 0.0615234 0.0179687 0.0620117 0.01875 0.0620117 0.0191406 0.0625 0.0195312 0.0625 0.0199219 0.0629883 0.0203125 0.0629883 0.0207031 0.0634766 0.0214844 0.0634766 0.021875 0.0639648 0.0253906 0.0639648 0.0257812 0.0634766 0.0265625 0.0634766 0.0277344 0.0620117 0.028125 0.0620117 0.0285156 0.0615234 0.0285156 0.0610352 0.0289063 0.0605469 0.0289063 0.0581055 0.0285156 0.0576172 0.0285156 0.0561523 0.0273438 0.0546875 0.0273438 0.0541992 0.0261719 0.0527344 0.0261719 0.0522461 0.0242188 0.0498047 0.0242188 0.0493164 0.0226562 0.0473633 0.0222656 0.0473633 0.0214844 0.0463867 0.0210938 0.0463867 0.0207031 0.0458984 0.0203125 0.0458984 0.0195312 0.0449219 0.0191406 0.0449219 0.01875 0.0444336 0.0179687 0.0444336 0.0175781 0.0439453 0.0171875 0.0439453 0.0167969 0.043457 0.0164063 0.043457 0.0160156 0.0429688 0.015625 0.0429688 0.0152344 0.0424805 0.0148437 0.0424805 0.0144531 0.0419922 0.0132812 0.0419922 0.0128906 0.0424805 0.0125 0.0424805 0.0121094 0.0429688 0.0117188 0.0429688
1 0.0605469 0.162598 0.059375 0.164062 0.059375 0.164551 0.0589844 0.165039 0.0589844 0.165527 0.0585938 0.166016 0.0585938 0.172852 0.0589844 0.17334 0.0589844 0.178711 0.059375 0.179199 0.059375 0.182129 0.0597656 0.182617 0.0597656 0.185059 0.0601563 0.185547 0.0601563 0.187012 0.0605469 0.1875 0.0605469 0.188965 0.0609375 0.189453 0.0609375 0.189941 0.0613281 0.19043 0.0613281 0.190918 0.0625 0.192383 0.0625 0.192871 0.0636719 0.194336 0.0644531 0.194336 0.0648438 0.194824 0.065625 0.194824 0.0660156 0.194336 0.0679687 0.194336 0.0683594 0.193848 0.06875 0.193848 0.0699219 0.192383 0.0699219 0.191895 0.0707031 0.190918 0.0707031 0.19043 0.0710937 0.189941 0.0710937 0.188965 0.0714844 0.188477 0.0714844 0.1875 0.071875 0.187012 0.071875 0.186035 0.0722656 0.185547 0.0722656 0.178711 0.071875 0.178223 0.071875 0.17627 0.0714844 0.175781 0.0714844 0.174805 0.0710937 0.174316 0.0710937 0.172852 0.0707031 0.172363 0.0707031 0.171875 0.0703125 0.171387 0.0703125 0.17041 0.0699219 0.169922 0.0699219 0.169434 0.0691406 0.168457 0.0691406 0.167969 0.06875 0.16748 0.06875 0.166992 0.0671875 0.165039 0.0667969 0.165039 0.0660156 0.164062 0.065625 0.164062 0.0652344 0.163574 0.0648438 0.163574 0.0644531 0.163086 0.0625 0.163086 0.0621094 0.162598
1 0.0148437 0.148438 0.0144531 0.148438 0.0136719 0.147461 0.0125 0.147461 0.0121094 0.146973 0.00703125 0.146973 0.00664062 0.147461 0.0046875 0.147461 0.00429688 0.147949 0.003125 0.147949 0.00273437 0.148438 0 0.148438 0 0.163086 0.0046875 0.163086 0.00507813 0.162598 0.00703125 0.162598 0.00742187 0.162109 0.00820313 0.162109 0.00859375 0.161621 0.00898437 0.161621 0.009375 0.161133 0.00976562 0.161133 0.0101563 0.160645 0.0105469 0.160645 0.0109375 0.160156 0.0113281 0.160156 0.0121094 0.15918 0.0125 0.15918 0.0128906 0.158691 0.0132812 0.158691 0.0144531 0.157227 0.0144531 0.156738 0.0152344 0.155762 0.0152344 0.155273 0.015625 0.154785 0.015625 0.149902 0.0148437 0.148926
1 0.221875 0.178711 0.221484 0.178711 0.221094 0.178223 0.217188 0.178223 0.216797 0.178711 0.216406 0.178711 0.216016 0.179199 0.215625 0.179199 0.215234 0.179688 0.214844 0.179688 0.214062 0.180664 0.213672 0.180664 0.211328 0.183594 0.211328 0.184082 0.210547 0.185059 0.210547 0.185547 0.209766 0.186523 0.209766 0.187012 0.209375 0.1875 0.209375 0.187988 0.208594 0.188965 0.208594 0.189941 0.208203 0.19043 0.208203 0.191895 0.207813 0.192383 0.207813 0.196289 0.208203 0.196777 0.208203 0.198242 0.209375 0.199707 0.210156 0.199707 0.210547 0.200195 0.211719 0.200195 0.212109 0.200684 0.212891 0.200684 0.213281 0.200195 0.214453 0.200195 0.214844 0.199707 0.215625 0.199707 0.216016 0.199219 0.216406 0.199219 0.217188 0.198242 0.217578 0.198242 0.217578 0.197754 0.220703 0.193848 0.220703 0.193359 0.221484 0.192383 0.221484 0.191895 0.221875 0.191406 0.221875 0.190918 0.222266 0.19043 0.222266 0.189941 0.222656 0.189453 0.222656 0.188965 0.223047 0.188477 0.223047 0.1875 0.223438 0.187012 0.223438 0.186523 0.223828 0.186035 0.223828 0.184082 0.223438 0.183594 0.223438 0.181641 0.223047 0.181152 0.223047 0.180664 0.222656 0.180176 0.222656 0.179688
1 0.165625 0.255371 0.165625 0.255859 0.165234 0.256348 0.165234 0.257812 0.164844 0.258301 0.164844 0.26123 0.165234 0.261719 0.165234 0.263184 0.166406 0.264648 0.166797 0.264648 0.167187 0.265137 0.167578 0.265137 0.168359 0.266113 0.16875 0.266113 0.169141 0.266602 0.169531 0.266602 0.169922 0.26709 0.170703 0.26709 0.171094 0.267578 0.172266 0.267578 0.172656 0.268066 0.173437 0.268066 0.173828 0.268555 0.176563 0.268555 0.176953 0.269043 0.178125 0.269043 0.178516 0.268555 0.180469 0.268555 0.180859 0.268066 0.181641 0.268066 0.183203 0.266113 0.183203 0.265625 0.183594 0.265137 0.183594 0.260254 0.183203 0.259766 0.183203 0.259277 0.18125 0.256836 0.180859 0.256836 0.178516 0.253906 0.178125 0.253906 0.177344 0.25293 0.176563 0.25293 0.176172 0.252441 0.175 0.252441 0.174609 0.251953 0.172656 0.251953 0.172266 0.252441 0.170703 0.252441 0.170313 0.25293 0.169531 0.25293 0.169141 0.253418 0.16875 0.253418 0.168359 0.253906 0.167578 0.253906 0.167187 0.254395 0.166797 0.254395 0.166406 0.254883 0.166016 0.254883
1 0.225781 0.294922 0.225781 0.298828 0.226172 0.299316 0.226172 0.299805 0.226562 0.300293 0.226562 0.300781 0.226953 0.30127 0.226953 0.301758 0.227344 0.302246 0.227344 0.302734 0.228125 0.303711 0.228516 0.303711 0.228906 0.304199 0.229297 0.304199 0.229687 0.304688 0.230078 0.304688 0.23125 0.306152 0.231641 0.306152 0.232422 0.307129 0.232813 0.307129 0.233203 0.307617 0.233594 0.307617 0.233984 0.308105 0.234766 0.308105 0.235156 0.308594 0.235547 0.308594 0.235937 0.309082 0.236719 0.309082 0.237109 0.30957 0.237891 0.30957 0.238281 0.310059 0.239063 0.310059 0.239453 0.310547 0.241016 0.310547 0.241406 0.310059 0.242578 0.310059 0.242969 0.30957 0.24375 0.30957 0.244141 0.309082 0.244531 0.309082 0.245703 0.307617 0.245703 0.307129 0.246094 0.306641 0.246094 0.305664 0.245703 0.305176 0.245703 0.304199 0.245312 0.303711 0.245312 0.302734 0.244922 0.302246 0.244922 0.301758 0.244141 0.300781 0.244141 0.300293 0.241406 0.296875 0.241016 0.296875 0.240625 0.296387 0.240234 0.296387 0.239844 0.295898 0.239453 0.295898 0.239063 0.29541 0.238672 0.29541 0.238281 0.294922 0.237891 0.294922 0.2375 0.294434 0.236719 0.294434 0.236328 0.293945 0.235937 0.293945 0.235547 0.293457 0.234766 0.293457 0.234375 0.292969 0.233984 0.292969 0.233594 0.29248 0.228516 0.29248 0.228125 0.292969 0.227344 0.292969
1 0.291797 0.229492 0.290234 0.229492 0.289844 0.22998 0.289453 0.22998 0.289062 0.230469 0.288672 0.230469 0.288281 0.230957 0.287891 0.230957 0.2875 0.231445 0.287109 0.231445 0.286719 0.231934 0.286719 0.232422 0.286328 0.23291 0.286328 0.233398 0.285938 0.233887 0.285938 0.234375 0.285156 0.235352 0.285156 0.236328 0.284766 0.236816 0.284766 0.237793 0.284375 0.238281 0.284375 0.239746 0.283984 0.240234 0.283984 0.242188 0.283594 0.242676 0.283594 0.251953 0.283984 0.252441 0.283984 0.25293 0.284375 0.253418 0.284375 0.253906 0.284766 0.254395 0.284766 0.254883 0.287109 0.257812 0.288672 0.257812 0.289062 0.257324 0.290234 0.257324 0.290625 0.256836 0.291016 0.256836 0.291406 0.256348 0.291797 0.256348 0.291797 0.255859 0.292187 0.255371 0.292187 0.254883 0.292578 0.254395 0.292578 0.253906 0.292969 0.253418 0.292969 0.25293 0.293359 0.252441 0.293359 0.251953 0.294141 0.250977 0.294141 0.250488 0.294531 0.25 0.294531 0.249512 0.294922 0.249023 0.294922 0.248047 0.295312 0.247559 0.295312 0.242188 0.295703 0.241699 0.295703 0.238281 0.295312 0.237793 0.295312 0.234375 0.294922 0.233887 0.294922 0.232422 0.294531 0.231934 0.294531 0.231445 0.294141 0.230957 0.29375 0.230957 0.293359 0.230469 0.292969 0.230469 0.292578 0.22998 0.292187 0.22998
1 0.295312 0.247559 0.294922 0.248047 0.294922 0.248535 0.294531 0.249023 0.294531 0.25 0.294141 0.250488 0.294141 0.257812 0.294531 0.258301 0.294531 0.259766 0.294922 0.260254 0.294922 0.260742 0.295312 0.26123 0.295312 0.261719 0.295703 0.262207 0.295703 0.262695 0.296094 0.263184 0.296094 0.263672 0.300391 0.269043 0.300781 0.269043 0.301172 0.269531 0.301563 0.269531 0.301953 0.27002 0.302344 0.27002 0.302734 0.270508 0.303125 0.270508 0.303516 0.270996 0.303906 0.270996 0.304297 0.271484 0.304688 0.271484 0.305078 0.271973 0.305469 0.271973 0.305859 0.272461 0.307812 0.272461 0.308203 0.271973 0.308984 0.271973 0.310156 0.270508 0.310156 0.27002 0.310547 0.269531 0.310547 0.265137 0.310156 0.264648 0.310156 0.262695 0.309766 0.262207 0.309766 0.26123 0.309375 0.260742 0.309375 0.259766 0.308984 0.259277 0.308984 0.258789 0.308203 0.257812 0.308203 0.257324 0.307422 0.256348 0.307422 0.255859 0.306641 0.254883 0.306641 0.254395 0.305859 0.253418 0.305859 0.25293 0.305078 0.251953 0.305078 0.251465 0.302734 0.248535 0.302344 0.248535 0.301953 0.248047 0.300391 0.248047 0.3 0.247559
1 0.389453 0.236328 0.389062 0.236328 0.388672 0.236816 0.387891 0.236816 0.387891 0.237305 0.387109 0.238281 0.386719 0.238281 0.385156 0.240234 0.385156 0.240723 0.384766 0.241211 0.384766 0.241699 0.384375 0.242188 0.384375 0.243164 0.383984 0.243652 0.383984 0.245117 0.383594 0.245605 0.383594 0.248047 0.383203 0.248535 0.383203 0.25 0.382812 0.250488 0.382812 0.253418 0.383203 0.253906 0.383203 0.256348 0.383594 0.256836 0.383594 0.258789 0.383984 0.259277 0.383984 0.260254 0.385156 0.261719 0.385547 0.261719 0.385937 0.262207 0.386719 0.262207 0.387109 0.262695 0.3875 0.262695 0.387891 0.263184 0.389453 0.263184 0.389844 0.262695 0.390625 0.262695 0.391016 0.262207 0.391797 0.262207 0.392188 0.261719 0.392578 0.261719 0.392969 0.26123 0.393359 0.26123 0.394531 0.259766 0.394531 0.258789 0.394922 0.258301 0.394922 0.255859 0.395313 0.255371 0.395313 0.253906 0.395703 0.253418 0.395703 0.251953 0.396094 0.251465 0.396094 0.25 0.396484 0.249512 0.396484 0.246094 0.396094 0.245605 0.396094 0.244141 0.395703 0.243652 0.395703 0.241699 0.395313 0.241211 0.395313 0.240234 0.394922 0.239746 0.394922 0.239258 0.39375 0.237793 0.393359 0.237793 0.392969 0.237305 0.392188 0.237305 0.391797 0.236816 0.389844 0.236816
1 0.407813 0.235352 0.405469 0.235352 0.405078 0.234863 0.403906 0.234863 0.403516 0.235352 0.402344 0.235352 0.401953 0.23584 0.401172 0.23584 0.400781 0.236328 0.400391 0.236328 0.398828 0.238281 0.398828 0.23877 0.398047 0.239746 0.398047 0.240234 0.397656 0.240723 0.397656 0.241211 0.397266 0.241699 0.397266 0.242188 0.396875 0.242676 0.396875 0.243164 0.396484 0.243652 0.396484 0.244629 0.396094 0.245117 0.396094 0.246094 0.395703 0.246582 0.395703 0.248047 0.395313 0.248535 0.395313 0.254883 0.395703 0.255371 0.395703 0.256348 0.396094 0.256836 0.396094 0.257324 0.397656 0.259277 0.398047 0.259277 0.398438 0.259766 0.399219 0.259766 0.399609 0.260254 0.400781 0.260254 0.401172 0.259766 0.401953 0.259766 0.402344 0.259277 0.402734 0.259277 0.403125 0.258789 0.403516 0.258789 0.403906 0.258301 0.404297 0.258301 0.405078 0.257324 0.405078 0.256836 0.405859 0.255859 0.405859 0.254883 0.40625 0.254395 0.40625 0.253906 0.406641 0.253418 0.406641 0.252441 0.407031 0.251953 0.407031 0.251465 0.408984 0.249023 0.408984 0.248535 0.409375 0.248047 0.409375 0.247559 0.409766 0.24707 0.409766 0.245605 0.410156 0.245117 0.410156 0.23877 0.409766 0.238281 0.409766 0.237793 0.409375 0.237305 0.409375 0.236816 0.408594 0.23584 0.408203 0.23584
1 0.567578 0.0888672 0.564063 0.0888672 0.563672 0.0893555 0.563281 0.0893555 0.562109 0.0908203 0.562109 0.0913086 0.560937 0.0927734 0.560937 0.0932617 0.560547 0.09375 0.560547 0.0942383 0.560156 0.0947266 0.560156 0.0952148 0.559766 0.0957031 0.559766 0.0966797 0.559375 0.097168 0.559375 0.0981445 0.558984 0.0986328 0.558984 0.100098 0.558594 0.100586 0.558594 0.102051 0.558203 0.102539 0.558203 0.10498 0.557813 0.105469 0.557813 0.108887 0.558203 0.109375 0.558203 0.111328 0.558594 0.111816 0.558594 0.112793 0.558984 0.113281 0.558984 0.11377 0.559766 0.114746 0.559766 0.115234 0.560156 0.115234 0.560547 0.115723 0.560937 0.115723 0.561328 0.116211 0.564453 0.116211 0.564844 0.115723 0.565625 0.115723 0.567578 0.113281 0.567969 0.113281 0.568359 0.112793 0.568359 0.112305 0.569141 0.111328 0.569141 0.11084 0.569531 0.110352 0.569531 0.109863 0.569922 0.109375 0.569922 0.108887 0.570312 0.108398 0.570312 0.10791 0.570703 0.107422 0.570703 0.0966797 0.570312 0.0961914 0.570312 0.0942383 0.569922 0.09375 0.569922 0.0922852 0.569531 0.0917969 0.569531 0.0913086 0.569141 0.0908203 0.569141 0.090332 0.568359 0.0893555 0.567969 0.0893555
1 0.670703 0.0898438 0.669531 0.0883789 0.66875 0.0883789 0.668359 0.0878906 0.664062 0.0878906 0.663672 0.0883789 0.662109 0.0883789 0.661328 0.0893555 0.660937 0.0893555 0.660547 0.0898438 0.660156 0.0898438 0.659375 0.0908203 0.658984 0.0908203 0.658594 0.0913086 0.658203 0.0913086 0.657422 0.0922852 0.657422 0.0927734 0.654687 0.0961914 0.654687 0.0976562 0.654297 0.0981445 0.654297 0.104004 0.655078 0.10498 0.655469 0.10498 0.655859 0.105469 0.65625 0.105469 0.656641 0.105957 0.657031 0.105957 0.657422 0.106445 0.658203 0.106445 0.658594 0.106934 0.660156 0.106934 0.660547 0.107422 0.662891 0.107422 0.664062 0.105957 0.664062 0.105469 0.664844 0.104492 0.664844 0.104004 0.666797 0.101562 0.667188 0.101562 0.667969 0.100586 0.668359 0.100586 0.669531 0.0991211 0.669922 0.0991211 0.670703 0.0981445 0.670703 0.0976562 0.671094 0.097168 0.671094 0.0961914 0.671484 0.0957031 0.671484 0.0917969 0.671094 0.0913086 0.671094 0.0908203 0.670703 0.090332
1 0.704688 0.164062 0.703906 0.164062 0.703516 0.163574 0.700391 0.163574 0.699609 0.164551 0.699219 0.164551 0.697266 0.166992 0.697266 0.16748 0.696484 0.168457 0.696484 0.168945 0.696094 0.169434 0.696094 0.17041 0.695703 0.170898 0.695703 0.171387 0.695312 0.171875 0.695312 0.172363 0.694922 0.172852 0.694922 0.173828 0.694531 0.174316 0.694531 0.17627 0.694141 0.176758 0.694141 0.178223 0.69375 0.178711 0.69375 0.179688 0.693359 0.180176 0.693359 0.180664 0.692969 0.181152 0.692969 0.182617 0.692578 0.183105 0.692578 0.188965 0.692969 0.189453 0.692969 0.189941 0.693359 0.19043 0.69375 0.19043 0.694141 0.190918 0.695312 0.190918 0.695703 0.191406 0.698047 0.191406 0.698438 0.190918 0.699219 0.190918 0.699609 0.19043 0.700391 0.19043 0.700781 0.189941 0.701172 0.189941 0.703125 0.1875 0.703125 0.187012 0.704297 0.185547 0.704297 0.18457 0.704688 0.184082 0.704688 0.183105 0.705078 0.182617 0.705078 0.181641 0.705469 0.181152 0.705469 0.180176 0.705859 0.179688 0.705859 0.178223 0.70625 0.177734 0.70625 0.16748 0.705859 0.166992 0.705859 0.165527
1 0.651172 0.162109 0.650781 0.162109 0.650391 0.161621 0.646094 0.161621 0.645312 0.162598 0.644922 0.162598 0.644141 0.163574 0.64375 0.163574 0.643359 0.164062 0.642969 0.164062 0.641797 0.165527 0.641797 0.166504 0.641406 0.166992 0.641406 0.167969 0.641016 0.168457 0.641016 0.169434 0.640625 0.169922 0.640625 0.17041 0.640234 0.170898 0.640234 0.171387 0.639844 0.171875 0.639844 0.172363 0.639062 0.17334 0.639062 0.173828 0.638672 0.174316 0.638672 0.17627 0.638281 0.176758 0.638281 0.178223 0.638672 0.178711 0.638672 0.179688 0.639453 0.180664 0.639844 0.180664 0.640234 0.181152 0.641797 0.181152 0.642188 0.181641 0.646094 0.181641 0.646484 0.181152 0.646875 0.181152 0.648047 0.179688 0.648438 0.179688 0.651172 0.17627 0.651172 0.175781 0.652734 0.173828 0.652734 0.17334 0.653125 0.172852 0.653125 0.172363 0.653906 0.171387 0.653906 0.166992 0.653516 0.166504 0.653516 0.166016 0.652734 0.165039 0.652734 0.164551 0.651563 0.163086 0.651563 0.162598
1 0.598828 0.15918 0.598047 0.160156 0.597656 0.160156 0.596875 0.161133 0.596484 0.161133 0.595703 0.162109 0.595703 0.162598 0.595313 0.163086 0.595313 0.164062 0.594922 0.164551 0.594922 0.165527 0.594531 0.166016 0.594531 0.168457 0.594141 0.168945 0.594141 0.171387 0.594531 0.171875 0.594531 0.183594 0.594922 0.184082 0.594922 0.185547 0.595313 0.186035 0.595313 0.186523 0.595703 0.187012 0.596094 0.187012 0.596484 0.1875 0.597266 0.1875 0.597656 0.187988 0.600391 0.187988 0.600781 0.1875 0.601172 0.1875 0.601953 0.186523 0.602344 0.186523 0.603516 0.185059 0.603516 0.18457 0.603906 0.184082 0.603906 0.183105 0.604297 0.182617 0.604297 0.182129 0.604688 0.181641 0.604688 0.181152 0.605078 0.180664 0.605078 0.179688 0.605469 0.179199 0.605469 0.178711 0.605859 0.178223 0.605859 0.173828 0.60625 0.17334 0.60625 0.16748 0.605859 0.166992 0.605859 0.166016 0.605469 0.165527 0.605469 0.165039 0.603516 0.162598 0.603125 0.162598 0.602344 0.161621 0.602344 0.161133 0.601953 0.160645 0.601562 0.160645 0.600391 0.15918
1 0.591016 0.201172 0.590625 0.20166 0.590234 0.20166 0.589453 0.202637 0.589063 0.202637 0.588672 0.203125 0.588281 0.203125 0.587109 0.20459 0.587109 0.205078 0.586719 0.205566 0.586719 0.206543 0.586328 0.207031 0.586328 0.209961 0.585938 0.210449 0.585938 0.219238 0.586328 0.219727 0.586328 0.222168 0.586719 0.222656 0.586719 0.224121 0.587109 0.224609 0.587109 0.225586 0.5875 0.226074 0.5875 0.227051 0.587891 0.227539 0.587891 0.228027 0.588281 0.228516 0.588281 0.229004 0.591016 0.232422 0.591406 0.232422 0.591797 0.23291 0.595703 0.23291 0.596094 0.232422 0.596484 0.232422 0.597656 0.230957 0.597656 0.230469 0.598437 0.229492 0.598437 0.228516 0.598828 0.228027 0.598828 0.225098 0.599219 0.224609 0.599219 0.219727 0.598828 0.219238 0.598828 0.218262 0.598437 0.217773 0.598437 0.216309 0.598047 0.21582 0.598047 0.213379 0.597656 0.212891 0.597656 0.210938 0.597266 0.210449 0.597266 0.208984 0.596875 0.208496 0.596875 0.207031 0.596484 0.206543 0.596484 0.205566 0.594531 0.203125 0.594141 0.203125 0.592578 0.201172
1 0.638281 0.109375 0.6375 0.110352 0.637109 0.110352 0.637109 0.11084 0.636328 0.111816 0.636328 0.112305 0.635938 0.112793 0.635938 0.113281 0.635547 0.11377 0.635547 0.114258 0.635156 0.114746 0.635156 0.116699 0.634766 0.117188 0.634766 0.121582 0.634375 0.12207 0.634375 0.124512 0.634766 0.125 0.634766 0.131348 0.635156 0.131836 0.635156 0.132812 0.635547 0.133301 0.635547 0.133789 0.635938 0.134277 0.635938 0.134766 0.636328 0.135254 0.636328 0.13623 0.636719 0.136719 0.636719 0.137207 0.637109 0.137695 0.637109 0.138184 0.6375 0.138672 0.6375 0.13916 0.637891 0.139648 0.638281 0.139648 0.639062 0.140625 0.640234 0.140625 0.640625 0.141113 0.644141 0.141113 0.644531 0.140625 0.644922 0.140625 0.645312 0.140137 0.645703 0.140137 0.646484 0.13916 0.646484 0.138672 0.646875 0.138184 0.646875 0.135254 0.647266 0.134766 0.647266 0.134277 0.646875 0.133789 0.646875 0.125 0.646484 0.124512 0.646484 0.120605 0.646094 0.120117 0.646094 0.117676 0.645703 0.117188 0.645703 0.116211 0.645312 0.115723 0.645312 0.114258 0.644922 0.11377 0.644922 0.113281 0.644531 0.112793 0.644531 0.112305 0.644141 0.111816 0.644141 0.111328 0.643359 0.110352 0.642969 0.110352 0.642578 0.109863 0.641406 0.109863 0.641016 0.109375
1 0.522656 0.279297 0.521875 0.280273 0.521875 0.280762 0.521484 0.28125 0.521484 0.281738 0.521094 0.282227 0.521094 0.28418 0.521484 0.284668 0.521484 0.285645 0.521875 0.286133 0.521875 0.286621 0.522266 0.287109 0.522266 0.287598 0.522656 0.288086 0.522656 0.288574 0.523438 0.289551 0.523438 0.290039 0.523828 0.290527 0.523828 0.291016 0.524609 0.291992 0.524609 0.29248 0.526953 0.29541 0.527344 0.29541 0.527734 0.295898 0.528125 0.295898 0.528516 0.296387 0.528906 0.296387 0.529297 0.296875 0.529687 0.296875 0.530078 0.297363 0.530469 0.297363 0.530859 0.297852 0.53125 0.297852 0.531641 0.29834 0.532031 0.29834 0.532422 0.298828 0.533203 0.298828 0.533594 0.299316 0.534766 0.299316 0.535156 0.298828 0.537109 0.298828 0.538281 0.297363 0.538281 0.296875 0.539062 0.295898 0.539062 0.290527 0.538672 0.290039 0.538672 0.289062 0.538281 0.288574 0.538281 0.288086 0.537891 0.287598 0.537891 0.287109 0.5375 0.286621 0.5375 0.286133 0.536719 0.285156 0.536719 0.284668 0.535547 0.283203 0.535156 0.283203 0.534766 0.282715 0.534375 0.282715 0.533984 0.282227 0.533594 0.282227 0.533203 0.281738 0.532422 0.281738 0.532031 0.28125 0.531641 0.28125 0.530859 0.280273 0.530469 0.280273 0.529297 0.278809 0.527734 0.278809 0.527344 0.27832 0.525 0.27832 0.524609 0.278809 0.523438 0.278809 0.523047 0.279297
1 0.447656 0.310059 0.447656 0.310547 0.447266 0.311035 0.447266 0.311523 0.446875 0.312012 0.446875 0.3125 0.446484 0.312988 0.446484 0.316406 0.446875 0.316895 0.446875 0.317871 0.448437 0.319824 0.448828 0.319824 0.449219 0.320312 0.449609 0.320312 0.450391 0.321289 0.450781 0.321289 0.451172 0.321777 0.453516 0.321777 0.453906 0.322266 0.455469 0.322266 0.455859 0.321777 0.457422 0.321777 0.457813 0.321289 0.458984 0.321289 0.459375 0.320801 0.459766 0.320801 0.461328 0.318848 0.461719 0.318848 0.4625 0.317871 0.4625 0.317383 0.463672 0.315918 0.463672 0.31543 0.464062 0.314941 0.464062 0.313477 0.463672 0.312988 0.463672 0.312012 0.463281 0.311523 0.463281 0.311035 0.462109 0.30957 0.461719 0.30957 0.460938 0.308594 0.460547 0.308594 0.459766 0.307617 0.459375 0.307617 0.458984 0.307129 0.457813 0.307129 0.457422 0.306641 0.453516 0.306641 0.453125 0.307129 0.451953 0.307129 0.451562 0.307617 0.451172 0.307617 0.450781 0.308105 0.450391 0.308105 0.45 0.308594 0.449609 0.308594 0.449219 0.309082 0.448828 0.309082 0.448047 0.310059
1 0.655469 0.239258 0.655859 0.239746 0.65625 0.239746 0.657031 0.240723 0.657422 0.240723 0.658984 0.242676 0.658984 0.243164 0.659375 0.243652 0.659375 0.244141 0.659766 0.244629 0.659766 0.245605 0.660156 0.246094 0.660156 0.249023 0.659766 0.249512 0.659766 0.250977 0.659375 0.251465 0.659375 0.25293 0.658984 0.253418 0.658984 0.254395 0.658594 0.254883 0.658594 0.255859 0.658203 0.256348 0.658203 0.256836 0.657031 0.258301 0.657031 0.258789 0.656641 0.259277 0.656641 0.259766 0.655859 0.260742 0.655859 0.26123 0.653906 0.263672 0.652344 0.263672 0.651953 0.26416 0.65 0.26416 0.649609 0.263672 0.649219 0.263672 0.648828 0.263184 0.648438 0.263184 0.647656 0.262207 0.647656 0.261719 0.646875 0.260742 0.646875 0.260254 0.646484 0.259766 0.646484 0.255859 0.646875 0.255371 0.646875 0.250977 0.647266 0.250488 0.647266 0.249512 0.647656 0.249023 0.647656 0.248047 0.648047 0.247559 0.648047 0.246582 0.648438 0.246094 0.648438 0.245117 0.648828 0.244629 0.648828 0.244141 0.649219 0.243652 0.649219 0.243164 0.65 0.242188 0.65 0.241699 0.651172 0.240234 0.651563 0.240234 0.651953 0.239746 0.652734 0.239746 0.653125 0.239258
1 0.492266 0.31499 0.491289 0.316064 0.490586 0.318066 0.49082 0.320312 0.491563 0.322119 0.492109 0.32373 0.492891 0.324561 0.493477 0.325537 0.493984 0.326123 0.494766 0.326807 0.495195 0.327783 0.495625 0.328467 0.49625 0.329102 0.496914 0.329785 0.498047 0.330078 0.498711 0.331006 0.499414 0.331836 0.500469 0.331641 0.502344 0.331592 0.503477 0.331299 0.504297 0.329688 0.504531 0.326855 0.504219 0.324365 0.503984 0.322607 0.502539 0.319922 0.500586 0.317871 0.498984 0.316797 0.496484 0.315039 0.494727 0.314746
1 0.307031 0.383301 0.307031 0.383789 0.306641 0.384277 0.306641 0.386719 0.30625 0.387207 0.30625 0.388184 0.306641 0.388672 0.306641 0.38916 0.307422 0.390137 0.307812 0.390137 0.308984 0.391602 0.309375 0.391602 0.311719 0.394531 0.311719 0.39502 0.312109 0.395508 0.312109 0.395996 0.3125 0.396484 0.3125 0.396973 0.314063 0.398926 0.314453 0.398926 0.314844 0.399414 0.315625 0.399414 0.316016 0.399902 0.316797 0.399902 0.317188 0.400391 0.319141 0.400391 0.321094 0.397949 0.321094 0.397461 0.321484 0.396973 0.321484 0.393066 0.321094 0.392578 0.321094 0.391113 0.320703 0.390625 0.320703 0.38916 0.320312 0.388672 0.320312 0.388184 0.319922 0.387695 0.319922 0.387207 0.319531 0.386719 0.319531 0.38623 0.319141 0.385742 0.319141 0.385254 0.317969 0.383789 0.317188 0.383789 0.316797 0.383301 0.316406 0.383301 0.316016 0.382812 0.315625 0.382812 0.315234 0.382324 0.314844 0.382324 0.314453 0.381836 0.313672 0.381836 0.313281 0.381348 0.312109 0.381348 0.311719 0.380859 0.310156 0.380859 0.309766 0.381348 0.309375 0.381348 0.308984 0.381836 0.308594 0.381836 0.307422 0.383301
1 0.318359 0.401367 0.313672 0.401367 0.313281 0.401855 0.312891 0.401855 0.3125 0.402344 0.312109 0.402344 0.310937 0.403809 0.310937 0.404297 0.310547 0.404785 0.310547 0.405762 0.310156 0.40625 0.310156 0.407227 0.309766 0.407715 0.309766 0.40918 0.309375 0.409668 0.309375 0.410156 0.308984 0.410645 0.308984 0.411621 0.308594 0.412109 0.308594 0.413086 0.308203 0.413574 0.308203 0.415527 0.307812 0.416016 0.307812 0.424316 0.308203 0.424805 0.308203 0.425781 0.308594 0.42627 0.308594 0.426758 0.308984 0.427246 0.308984 0.427734 0.310156 0.429199 0.314063 0.429199 0.314453 0.428711 0.315234 0.428711 0.317578 0.425781 0.317578 0.425293 0.318359 0.424316 0.318359 0.423828 0.31875 0.42334 0.31875 0.422852 0.319141 0.422363 0.319141 0.421875 0.319531 0.421387 0.319531 0.420898 0.319922 0.42041 0.319922 0.418457 0.320312 0.417969 0.320312 0.413574 0.320703 0.413086 0.320703 0.411133 0.320312 0.410645 0.320312 0.407227 0.319922 0.406738 0.319922 0.404785 0.319531 0.404297 0.319531 0.40332 0.319141 0.402832 0.319141 0.402344
1 0.536719 0.32959 0.536328 0.32959 0.535547 0.328613 0.535156 0.328613 0.534766 0.328125 0.534375 0.328125 0.533984 0.327637 0.533594 0.327637 0.533203 0.327148 0.532031 0.327148 0.531641 0.32666 0.530469 0.32666 0.530078 0.326172 0.528516 0.326172 0.528125 0.32666 0.526953 0.32666 0.526563 0.327148 0.525781 0.327148 0.525391 0.327637 0.524219 0.327637 0.523828 0.328125 0.522266 0.328125 0.521875 0.328613 0.521484 0.328613 0.521094 0.329102 0.520703 0.329102 0.519922 0.330078 0.519922 0.330566 0.519531 0.331055 0.519531 0.331543 0.519141 0.332031 0.519141 0.333008 0.51875 0.333496 0.51875 0.334473 0.519531 0.335449 0.519531 0.335938 0.520312 0.336914 0.520312 0.337402 0.521094 0.338379 0.521484 0.338379 0.521875 0.338867 0.524609 0.338867 0.525 0.339355 0.526563 0.339355 0.526953 0.339844 0.530078 0.339844 0.530469 0.339355 0.530859 0.339355 0.53125 0.338867 0.531641 0.338867 0.532031 0.338379 0.532422 0.338379 0.532813 0.337891 0.533203 0.337891 0.533594 0.337402 0.533984 0.337402 0.534766 0.336426 0.535156 0.336426 0.535547 0.335938 0.535547 0.335449 0.536328 0.334473 0.536328 0.333008 0.536719 0.33252
1 0.569922 0.312988 0.56875 0.311523 0.568359 0.311523 0.567969 0.311035 0.567187 0.311035 0.566797 0.310547 0.566016 0.310547 0.565625 0.310059 0.563672 0.310059 0.563281 0.310547 0.5625 0.310547 0.562109 0.311035 0.561328 0.311035 0.560937 0.311523 0.556641 0.311523 0.55625 0.312012 0.555469 0.312012 0.555078 0.3125 0.554688 0.3125 0.554297 0.312988 0.553906 0.312988 0.553516 0.313477 0.552734 0.313477 0.551562 0.314941 0.551562 0.315918 0.551172 0.316406 0.551172 0.317383 0.550781 0.317871 0.550781 0.322754 0.551172 0.323242 0.551172 0.32373 0.551562 0.324219 0.551562 0.324707 0.551953 0.325195 0.551953 0.325684 0.552344 0.326172 0.552734 0.326172 0.553125 0.32666 0.561719 0.32666 0.562109 0.326172 0.562891 0.326172 0.563281 0.325684 0.563672 0.325684 0.564063 0.325195 0.564844 0.325195 0.565234 0.324707 0.565625 0.324707 0.566016 0.324219 0.566406 0.324219 0.567187 0.323242 0.567578 0.323242 0.568359 0.322266 0.568359 0.321777 0.56875 0.321289 0.56875 0.320801 0.569141 0.320312 0.569141 0.319824 0.569531 0.319336 0.569531 0.318848 0.569922 0.318359 0.569922 0.315918 0.570312 0.31543 0.570312 0.314453 0.569922 0.313965
1 0.569922 0.305664 0.569531 0.305176 0.569531 0.304688 0.56875 0.303711 0.56875 0.303223 0.568359 0.303223 0.567969 0.302734 0.567578 0.302734 0.567187 0.302246 0.566406 0.302246 0.566016 0.301758 0.564844 0.301758 0.564453 0.30127 0.560937 0.30127 0.560547 0.301758 0.558984 0.301758 0.558594 0.302246 0.557422 0.302246 0.557031 0.302734 0.556641 0.302734 0.555859 0.303711 0.555859 0.304199 0.554688 0.305664 0.554297 0.305664 0.553906 0.306152 0.553516 0.306152 0.552734 0.307129 0.552734 0.307617 0.551953 0.308594 0.551953 0.30957 0.551562 0.310059 0.551562 0.310547 0.551172 0.311035 0.551172 0.312012 0.550781 0.3125 0.550781 0.312988 0.550391 0.313477 0.550391 0.314453 0.551562 0.315918 0.551953 0.315918 0.552344 0.316406 0.558594 0.316406 0.558984 0.315918 0.561719 0.315918 0.562109 0.31543 0.562891 0.31543 0.563281 0.314941 0.563672 0.314941 0.564063 0.314453 0.564844 0.314453 0.565234 0.313965 0.567969 0.313965 0.569531 0.312012 0.569531 0.311523 0.569922 0.311035 0.569922 0.308105 0.570312 0.307617 0.570312 0.307129 0.569922 0.306641
1 0.520703 0.382324 0.520312 0.382812 0.519922 0.382812 0.519531 0.383301 0.519141 0.383301 0.51875 0.383789 0.518359 0.383789 0.517969 0.384277 0.517969 0.384766 0.517578 0.385254 0.517578 0.391602 0.517969 0.39209 0.517969 0.39502 0.518359 0.395508 0.518359 0.396973 0.51875 0.397461 0.51875 0.397949 0.519141 0.398438 0.519141 0.399414 0.519531 0.399902 0.519531 0.400879 0.519922 0.401367 0.519922 0.402344 0.520312 0.402832 0.520312 0.40332 0.520703 0.403809 0.520703 0.404297 0.521484 0.405273 0.521875 0.405273 0.522266 0.405762 0.523047 0.405762 0.523438 0.40625 0.526172 0.40625 0.526563 0.405762 0.526953 0.405762 0.527344 0.405273 0.527734 0.405273 0.528516 0.404297 0.528516 0.403809 0.528906 0.40332 0.528906 0.401855 0.529297 0.401367 0.529297 0.392578 0.528906 0.39209 0.528906 0.391113 0.528516 0.390625 0.528516 0.390137 0.528125 0.389648 0.528125 0.38916 0.527344 0.388184 0.527344 0.387695 0.526172 0.38623 0.526172 0.385742 0.525391 0.384766 0.525 0.384766 0.524219 0.383789 0.523828 0.383789 0.523438 0.383301 0.523047 0.383301 0.522656 0.382812 0.522266 0.382812 0.521875 0.382324
1 0.560156 0.389648 0.559375 0.389648 0.558984 0.390137 0.557813 0.390137 0.557422 0.390625 0.556641 0.390625 0.555469 0.39209 0.555469 0.392578 0.555078 0.393066 0.555078 0.39502 0.554688 0.395508 0.554688 0.397949 0.554297 0.398438 0.554297 0.400391 0.553906 0.400879 0.553906 0.402832 0.553516 0.40332 0.553516 0.405273 0.553906 0.405762 0.553906 0.408203 0.554297 0.408691 0.554297 0.410156 0.554688 0.410645 0.554688 0.412109 0.555078 0.412598 0.555078 0.413086 0.555469 0.413574 0.555469 0.414062 0.556641 0.415527 0.559766 0.415527 0.560156 0.415039 0.560547 0.415039 0.560937 0.414551 0.560937 0.414062 0.561328 0.413574 0.561328 0.413086 0.561719 0.412598 0.561719 0.411621 0.562109 0.411133 0.562109 0.40918 0.5625 0.408691 0.5625 0.407227 0.562891 0.406738 0.562891 0.405762 0.563281 0.405273 0.563281 0.397949 0.563672 0.397461 0.563672 0.396484 0.563281 0.395996 0.563281 0.394531 0.562891 0.394043 0.562891 0.393066 0.5625 0.392578 0.5625 0.39209 0.560937 0.390137 0.560547 0.390137
1 0.599609 0.380859 0.599219 0.381348 0.598437 0.381348 0.596094 0.384277 0.596094 0.385742 0.595703 0.38623 0.595703 0.390625 0.596094 0.391113 0.596094 0.392578 0.596484 0.393066 0.596484 0.396484 0.596875 0.396973 0.596875 0.397461 0.597266 0.397949 0.597266 0.398926 0.597656 0.399414 0.597656 0.400391 0.598047 0.400879 0.598047 0.401367 0.598437 0.401855 0.598437 0.402344 0.599609 0.403809 0.601172 0.403809 0.601562 0.404297 0.603516 0.404297 0.603906 0.403809 0.604688 0.403809 0.605859 0.402344 0.60625 0.402344 0.607031 0.401367 0.607031 0.400879 0.607422 0.400391 0.607422 0.398926 0.607812 0.398438 0.607812 0.397461 0.608203 0.396973 0.608203 0.39209 0.607812 0.391602 0.607812 0.389648 0.607422 0.38916 0.607422 0.387695 0.607031 0.387207 0.607031 0.386719 0.606641 0.38623 0.606641 0.385742 0.60625 0.385254 0.60625 0.384766 0.605469 0.383789 0.605078 0.383789 0.604297 0.382812 0.603906 0.382812 0.603516 0.382324 0.603125 0.382324 0.602734 0.381836 0.601953 0.381836 0.601562 0.381348 0.600781 0.381348 0.600391 0.380859
1 0.560156 0.458984 0.559766 0.458984 0.559375 0.459473 0.558203 0.459473 0.557813 0.459961 0.557031 0.459961 0.555469 0.461914 0.555469 0.462402 0.555078 0.462891 0.555078 0.463867 0.554688 0.464355 0.554688 0.464844 0.554297 0.465332 0.554297 0.466309 0.553906 0.466797 0.553906 0.468262 0.553516 0.46875 0.553516 0.475586 0.553906 0.476074 0.553906 0.477539 0.554297 0.478027 0.554297 0.479004 0.554688 0.479492 0.554688 0.47998 0.555859 0.481445 0.557422 0.481445 0.557813 0.480957 0.558203 0.480957 0.558594 0.480469 0.558984 0.480469 0.559375 0.47998 0.559766 0.47998 0.560156 0.479492 0.560156 0.479004 0.560937 0.478027 0.560937 0.477539 0.561328 0.477051 0.561328 0.476074 0.561719 0.475586 0.561719 0.474609 0.562109 0.474121 0.562109 0.47168 0.5625 0.471191 0.5625 0.464355 0.562109 0.463867 0.562109 0.461914 0.561719 0.461426 0.561719 0.460938
1 0.469922 0.450684 0.46875 0.452148 0.46875 0.452637 0.468359 0.453125 0.468359 0.453613 0.467969 0.454102 0.467969 0.45459 0.467578 0.455078 0.467578 0.458984 0.467969 0.459473 0.467969 0.461426 0.468359 0.461914 0.468359 0.463379 0.46875 0.463867 0.46875 0.464355 0.469141 0.464844 0.469141 0.46582 0.469531 0.466309 0.469531 0.467285 0.470703 0.46875 0.470703 0.469238 0.473438 0.472656 0.473828 0.472656 0.474219 0.473145 0.474609 0.473145 0.475 0.473633 0.475781 0.473633 0.476172 0.474121 0.476953 0.474121 0.477344 0.474609 0.479297 0.474609 0.481641 0.47168 0.481641 0.469238 0.48125 0.46875 0.48125 0.467285 0.480859 0.466797 0.480859 0.462891 0.480469 0.462402 0.480469 0.461914 0.480078 0.461426 0.480078 0.460938 0.479297 0.459961 0.479297 0.459473 0.478516 0.458496 0.478516 0.458008 0.477734 0.457031 0.477734 0.456543 0.477344 0.456055 0.477344 0.455566 0.476562 0.45459 0.476562 0.454102 0.474609 0.45166 0.474219 0.45166 0.473828 0.451172 0.472656 0.451172 0.472266 0.450684
1 0.626563 0.345703 0.626172 0.346191 0.625781 0.346191 0.625391 0.34668 0.625391 0.347168 0.625 0.347656 0.625 0.348145 0.624609 0.348633 0.624609 0.349609 0.624219 0.350098 0.624219 0.350586 0.624609 0.351074 0.624609 0.35498 0.625 0.355469 0.625 0.357422 0.625391 0.35791 0.625391 0.358887 0.625781 0.359375 0.625781 0.359863 0.626172 0.360352 0.626172 0.36084 0.626563 0.361328 0.626563 0.361816 0.626953 0.362305 0.626953 0.362793 0.627344 0.363281 0.627344 0.36377 0.627734 0.364258 0.627734 0.364746 0.63125 0.369141 0.632031 0.369141 0.632422 0.369629 0.633203 0.369629 0.633594 0.370117 0.635156 0.370117 0.635547 0.369629 0.635938 0.369629 0.636328 0.369141 0.636328 0.368652 0.636719 0.368164 0.636719 0.367188 0.637109 0.366699 0.637109 0.365234 0.6375 0.364746 0.6375 0.363281 0.637891 0.362793 0.637891 0.359863 0.6375 0.359375 0.6375 0.358398 0.637109 0.35791 0.637109 0.356445 0.636719 0.355957 0.636719 0.35498 0.636328 0.354492 0.636328 0.353516 0.633594 0.350098 0.633594 0.349609 0.63125 0.34668 0.630859 0.34668 0.630469 0.346191 0.628516 0.346191 0.628125 0.345703
1 0.313672 0.477051 0.313281 0.477539 0.3125 0.477539 0.311719 0.478516 0.311328 0.478516 0.311328 0.479004 0.310937 0.479492 0.310937 0.47998 0.310547 0.480469 0.310547 0.481934 0.310156 0.482422 0.310156 0.483398 0.310547 0.483887 0.310547 0.489258 0.310937 0.489746 0.310937 0.491699 0.311328 0.492188 0.311328 0.493652 0.311719 0.494141 0.311719 0.495605 0.312109 0.496094 0.312109 0.498047 0.3125 0.498535 0.3125 0.499023 0.312891 0.499512 0.312891 0.5 0.313281 0.500488 0.313281 0.500977 0.313672 0.501465 0.313672 0.501953 0.314453 0.50293 0.314844 0.50293 0.315234 0.503418 0.315625 0.503418 0.316016 0.503906 0.317188 0.503906 0.317578 0.504395 0.31875 0.504395 0.319141 0.503906 0.319531 0.503906 0.320312 0.50293 0.320703 0.50293 0.321094 0.502441 0.321094 0.501953 0.321875 0.500977 0.321875 0.500488 0.322656 0.499512 0.322656 0.499023 0.323047 0.498535 0.323047 0.49707 0.323437 0.496582 0.323437 0.491211 0.323047 0.490723 0.323047 0.488281 0.322656 0.487793 0.322656 0.486328 0.322266 0.48584 0.322266 0.485352 0.321875 0.484863 0.321875 0.483887 0.321484 0.483398 0.321484 0.48291 0.321094 0.482422 0.321094 0.481934 0.319531 0.47998 0.319531 0.479492 0.31875 0.478516 0.318359 0.478516 0.317969 0.478027 0.317188 0.478027 0.316797 0.477539 0.315625 0.477539 0.315234 0.477051
1 0.243359 0.489746 0.241016 0.492676 0.241016 0.493164 0.240625 0.493652 0.240625 0.494141 0.240234 0.494629 0.240234 0.496582 0.239844 0.49707 0.239844 0.501953 0.240234 0.502441 0.240234 0.504395 0.240625 0.504883 0.240625 0.506836 0.241016 0.507324 0.241016 0.508789 0.241406 0.509277 0.241406 0.510742 0.241797 0.51123 0.241797 0.511719 0.242188 0.512207 0.242188 0.513184 0.24375 0.515137 0.246094 0.515137 0.246484 0.515625 0.247656 0.515625 0.248047 0.515137 0.248438 0.515137 0.249219 0.51416 0.249219 0.513672 0.249609 0.513184 0.249609 0.512695 0.25 0.512207 0.25 0.510742 0.250391 0.510254 0.250391 0.508789 0.250781 0.508301 0.250781 0.506836 0.251172 0.506348 0.251172 0.501465 0.250781 0.500977 0.250781 0.499512 0.250391 0.499023 0.250391 0.497559 0.25 0.49707 0.25 0.496094 0.249609 0.495605 0.249609 0.494629 0.249219 0.494141 0.249219 0.493652 0.248828 0.493164 0.248828 0.492676 0.247656 0.491211 0.247266 0.491211 0.246875 0.490723 0.246484 0.490723 0.246094 0.490234 0.245703 0.490234 0.245312 0.489746
1 0.219922 0.593262 0.218359 0.595215 0.218359 0.599121 0.21875 0.599609 0.21875 0.601074 0.219141 0.601562 0.219141 0.602051 0.219531 0.602539 0.219531 0.603027 0.219922 0.603516 0.219922 0.604004 0.220312 0.604492 0.220312 0.60498 0.221094 0.605957 0.221094 0.606445 0.225 0.611328 0.225391 0.611328 0.227734 0.614258 0.228125 0.614258 0.228516 0.614746 0.229687 0.614746 0.230078 0.615234 0.232813 0.615234 0.233203 0.614746 0.233594 0.614746 0.233984 0.614258 0.233984 0.61377 0.234766 0.612793 0.234766 0.612305 0.235156 0.611816 0.235156 0.610352 0.235547 0.609863 0.235547 0.606934 0.235156 0.606445 0.235156 0.605957 0.234766 0.605469 0.234766 0.604492 0.234375 0.604004 0.234375 0.603516 0.233984 0.603027 0.233984 0.602539 0.233594 0.602051 0.233594 0.601562 0.232813 0.600586 0.232813 0.600098 0.23125 0.598145 0.230859 0.598145 0.229687 0.59668 0.229297 0.59668 0.228516 0.595703 0.228125 0.595703 0.227734 0.595215 0.227344 0.595215 0.226953 0.594727 0.226562 0.594727 0.226172 0.594238 0.225781 0.594238 0.225391 0.59375 0.224609 0.59375 0.224219 0.593262 0.222266 0.593262 0.221875 0.592773 0.220703 0.592773 0.220312 0.593262
1 0.255469 0.589355 0.253516 0.591797 0.253516 0.592285 0.253125 0.592773 0.253125 0.594727 0.252734 0.595215 0.252734 0.598145 0.252344 0.598633 0.252344 0.602051 0.252734 0.602539 0.252734 0.608398 0.253125 0.608887 0.253125 0.611328 0.253516 0.611816 0.253516 0.612793 0.253906 0.613281 0.253906 0.614258 0.254297 0.614746 0.254297 0.615234 0.254688 0.615723 0.254688 0.616211 0.255859 0.617676 0.255859 0.618164 0.258203 0.621094 0.258594 0.621094 0.258984 0.621582 0.261328 0.621582 0.261719 0.621094 0.262109 0.621094 0.262891 0.620117 0.263281 0.620117 0.263281 0.619629 0.263672 0.619141 0.263672 0.617676 0.264062 0.617188 0.264062 0.615234 0.264453 0.614746 0.264453 0.607422 0.264062 0.606934 0.264062 0.603027 0.263672 0.602539 0.263672 0.598633 0.263281 0.598145 0.263281 0.59668 0.262891 0.596191 0.262891 0.595215 0.262109 0.594238 0.262109 0.59375 0.261328 0.592773 0.261328 0.592285 0.260156 0.59082 0.259766 0.59082 0.259375 0.590332 0.258203 0.590332 0.257812 0.589844 0.257031 0.589844 0.256641 0.589355
1 0.783984 0.804688 0.781641 0.804688 0.78125 0.805176 0.779687 0.805176 0.778906 0.806152 0.778516 0.806152 0.778516 0.806641 0.777734 0.807617 0.777734 0.808105 0.776953 0.809082 0.776953 0.80957 0.776563 0.810059 0.776563 0.810547 0.776172 0.811035 0.776172 0.8125 0.775781 0.812988 0.775781 0.820801 0.776172 0.821289 0.776172 0.823242 0.776563 0.82373 0.776563 0.824707 0.776953 0.825195 0.776953 0.826172 0.778906 0.828613 0.78125 0.828613 0.781641 0.828125 0.782813 0.828125 0.783203 0.827637 0.783594 0.827637 0.783984 0.827148 0.784375 0.827148 0.784766 0.82666 0.784766 0.826172 0.785156 0.825684 0.785156 0.825195 0.785547 0.824707 0.785547 0.82373 0.785937 0.823242 0.785937 0.821289 0.786328 0.820801 0.786328 0.818359 0.786719 0.817871 0.786719 0.810059 0.786328 0.80957 0.786328 0.808594 0.785937 0.808105 0.785937 0.807129
1 0.330859 0.346191 0.330078 0.346191 0.329688 0.345703 0.326562 0.345703 0.326172 0.346191 0.324219 0.346191 0.323828 0.34668 0.322656 0.34668 0.322266 0.347168 0.321484 0.347168 0.320703 0.348145 0.320312 0.348145 0.319531 0.349121 0.319141 0.349121 0.317969 0.350586 0.317578 0.350586 0.317188 0.351074 0.316797 0.351074 0.316016 0.352051 0.315625 0.352051 0.315234 0.352539 0.314844 0.352539 0.313672 0.354004 0.313672 0.354492 0.313281 0.35498 0.313281 0.355469 0.312891 0.355957 0.312891 0.356934 0.3125 0.357422 0.3125 0.359375 0.312109 0.359863 0.312109 0.363281 0.3125 0.36377 0.3125 0.365234 0.312891 0.365723 0.312891 0.366211 0.314063 0.367676 0.314453 0.367676 0.314844 0.368164 0.315625 0.368164 0.316016 0.368652 0.317188 0.368652 0.317578 0.369141 0.31875 0.369141 0.319141 0.368652 0.319531 0.368652 0.319922 0.368164 0.320312 0.368164 0.320703 0.367676 0.321094 0.367676 0.321484 0.367188 0.322266 0.367188 0.322656 0.366699 0.323047 0.366699 0.323437 0.366211 0.324219 0.366211 0.324609 0.365723 0.325 0.365723 0.325781 0.364746 0.326172 0.364746 0.327734 0.362793 0.327734 0.362305 0.328516 0.361328 0.328516 0.36084 0.330078 0.358887 0.330469 0.358887 0.330859 0.358398 0.330859 0.35791 0.33125 0.357422 0.33125 0.356934 0.331641 0.356445 0.331641 0.355469 0.332031 0.35498 0.332031 0.354004 0.332422 0.353516 0.332422 0.349121 0.332031 0.348633 0.332031 0.348145 0.330859 0.34668
1 0.671094 0.337891 0.670703 0.337891 0.670312 0.337402 0.668359 0.337402 0.667969 0.337891 0.666406 0.337891 0.666016 0.338379 0.665625 0.338379 0.6625 0.342285 0.662109 0.342285 0.660937 0.34375 0.660937 0.344238 0.660547 0.344727 0.660156 0.344727 0.660156 0.345215 0.659375 0.346191 0.659375 0.34668 0.658984 0.347168 0.658984 0.347656 0.658594 0.348145 0.658594 0.349121 0.658203 0.349609 0.658203 0.350586 0.657813 0.351074 0.657813 0.352539 0.657422 0.353027 0.657422 0.354004 0.657813 0.354492 0.657813 0.356445 0.658203 0.356934 0.658203 0.357422 0.658594 0.35791 0.658594 0.358398 0.658984 0.358398 0.659766 0.359375 0.660547 0.359375 0.660937 0.359863 0.663281 0.359863 0.663672 0.359375 0.664062 0.359375 0.664453 0.358887 0.665234 0.358887 0.665625 0.358398 0.666406 0.358398 0.666797 0.35791 0.667188 0.35791 0.667578 0.357422 0.667969 0.357422 0.66875 0.356445 0.669141 0.356445 0.669922 0.355469 0.669922 0.35498 0.670703 0.354004 0.670703 0.353516 0.671094 0.353027 0.671094 0.352539 0.671484 0.352051 0.671484 0.351562 0.671875 0.351074 0.671875 0.350586 0.672266 0.350098 0.672266 0.349609 0.672656 0.349121 0.672656 0.347168 0.673047 0.34668 0.673047 0.343262 0.672656 0.342773 0.672656 0.34082 0.672266 0.340332 0.672266 0.339844 0.671484 0.338867 0.671484 0.338379
1 0.649609 0.404297 0.648828 0.404297 0.648438 0.403809 0.645703 0.403809 0.645312 0.404297 0.644922 0.404297 0.644141 0.405273 0.64375 0.405273 0.643359 0.405762 0.642969 0.405762 0.642188 0.406738 0.642188 0.407227 0.641797 0.407715 0.641797 0.408203 0.641406 0.408691 0.641406 0.409668 0.641016 0.410156 0.641016 0.411621 0.640625 0.412109 0.640625 0.413086 0.640234 0.413574 0.640234 0.414062 0.639844 0.414551 0.639844 0.415039 0.639453 0.415527 0.639453 0.416016 0.639062 0.416504 0.639062 0.418945 0.638672 0.419434 0.638672 0.42334 0.639062 0.423828 0.639062 0.424805 0.641016 0.427246 0.641406 0.427246 0.641797 0.427734 0.643359 0.427734 0.64375 0.427246 0.644531 0.427246 0.644922 0.426758 0.645312 0.426758 0.645703 0.42627 0.646094 0.42627 0.647656 0.424316 0.647656 0.423828 0.648828 0.422363 0.648828 0.421875 0.65 0.42041 0.65 0.419922 0.650391 0.419434 0.650391 0.418945 0.650781 0.418457 0.650781 0.41748 0.651172 0.416992 0.651172 0.416016 0.651563 0.415527 0.651563 0.413574 0.651953 0.413086 0.651953 0.408691 0.651563 0.408203 0.651563 0.407227 0.651172 0.406738 0.651172 0.40625 0.650781 0.405762 0.650781 0.405273 0.650391 0.404785 0.65 0.404785
1 0.676953 0.271973 0.676562 0.272461 0.676172 0.272461 0.675781 0.272949 0.675391 0.272949 0.673828 0.274902 0.673828 0.281738 0.674219 0.282227 0.674219 0.28418 0.674609 0.284668 0.674609 0.286621 0.675 0.287109 0.675 0.288086 0.675391 0.288574 0.675391 0.289551 0.675781 0.290039 0.675781 0.291016 0.676172 0.291504 0.676172 0.29248 0.676562 0.292969 0.676562 0.293945 0.676953 0.294434 0.676953 0.294922 0.677344 0.29541 0.677344 0.295898 0.678906 0.297852 0.678906 0.29834 0.68125 0.30127 0.682031 0.30127 0.682422 0.301758 0.685547 0.301758 0.685937 0.30127 0.686328 0.30127 0.687109 0.300293 0.687109 0.299805 0.6875 0.299316 0.6875 0.298828 0.687891 0.29834 0.687891 0.296387 0.688281 0.295898 0.688281 0.292969 0.687891 0.29248 0.687891 0.287109 0.6875 0.286621 0.6875 0.28418 0.687109 0.283691 0.687109 0.281738 0.686719 0.28125 0.686719 0.279785 0.686328 0.279297 0.686328 0.27832 0.685937 0.277832 0.685937 0.277344 0.685547 0.276855 0.685547 0.276367 0.684375 0.274902 0.683984 0.274902 0.683203 0.273926 0.682813 0.273926 0.682422 0.273438 0.682031 0.273438 0.681641 0.272949 0.680859 0.272949 0.680469 0.272461 0.679297 0.272461 0.678906 0.271973
1 0.662109 0.508301 0.662109 0.508789 0.661719 0.509277 0.661719 0.511719 0.662109 0.512207 0.662109 0.513672 0.6625 0.51416 0.6625 0.514648 0.663281 0.515625 0.663281 0.516113 0.664062 0.51709 0.664062 0.517578 0.667188 0.521484 0.667578 0.521484 0.667969 0.521973 0.668359 0.521973 0.66875 0.522461 0.669141 0.522461 0.669922 0.523438 0.670312 0.523438 0.670703 0.523926 0.671094 0.523926 0.671484 0.524414 0.671875 0.524414 0.672266 0.524902 0.672656 0.524902 0.673047 0.525391 0.674609 0.525391 0.675 0.525879 0.677734 0.525879 0.678125 0.525391 0.678516 0.525391 0.678906 0.524902 0.678906 0.524414 0.679297 0.523926 0.679297 0.522949 0.679688 0.522461 0.679688 0.517578 0.679297 0.51709 0.679297 0.516602 0.678906 0.516113 0.678906 0.515625 0.678125 0.514648 0.678125 0.51416 0.676953 0.512695 0.676953 0.512207 0.675 0.509766 0.674609 0.509766 0.673828 0.508789 0.673438 0.508789 0.673047 0.508301 0.672656 0.508301 0.672266 0.507812 0.671875 0.507812 0.671484 0.507324 0.671094 0.507324 0.670703 0.506836 0.670312 0.506836 0.669922 0.506348 0.66875 0.506348 0.668359 0.505859 0.665234 0.505859 0.664844 0.506348 0.664453 0.506348 0.664062 0.506836 0.663672 0.506836 0.662891 0.507812 0.6625 0.507812
1 0.637891 0.49707 0.637109 0.498047 0.637109 0.498535 0.636328 0.499512 0.636328 0.500488 0.635938 0.500977 0.635938 0.501953 0.635547 0.502441 0.635547 0.506836 0.635938 0.507324 0.635938 0.508301 0.636328 0.508789 0.636328 0.510254 0.636719 0.510742 0.636719 0.512207 0.637109 0.512695 0.637109 0.513672 0.6375 0.51416 0.6375 0.514648 0.638281 0.515625 0.638281 0.516113 0.639062 0.51709 0.639062 0.517578 0.640234 0.519043 0.640625 0.519043 0.642188 0.520996 0.645312 0.520996 0.645703 0.520508 0.646484 0.520508 0.647266 0.519531 0.647266 0.519043 0.647656 0.518555 0.647656 0.517578 0.648047 0.51709 0.648047 0.515625 0.648438 0.515137 0.648438 0.51123 0.648047 0.510742 0.648047 0.508789 0.647656 0.508301 0.647656 0.506836 0.647266 0.506348 0.647266 0.505371 0.646875 0.504883 0.646875 0.504395 0.646484 0.503906 0.646484 0.503418 0.646094 0.50293 0.646094 0.502441 0.64375 0.499512 0.643359 0.499512 0.642969 0.499023 0.642578 0.499023 0.642188 0.498535 0.641797 0.498535 0.641406 0.498047 0.640625 0.498047 0.639844 0.49707
1 0.660156 0.556152 0.658203 0.553711 0.65625 0.553711 0.655859 0.553223 0.653125 0.553223 0.652734 0.553711 0.650781 0.553711 0.649609 0.555176 0.649219 0.555176 0.648438 0.556152 0.647656 0.556152 0.647266 0.556641 0.646875 0.556641 0.643359 0.561035 0.643359 0.564941 0.644922 0.566895 0.645703 0.566895 0.646094 0.567383 0.650781 0.567383 0.651172 0.566895 0.652734 0.566895 0.653125 0.566406 0.654297 0.566406 0.657031 0.562988 0.657422 0.562988 0.657813 0.5625 0.658203 0.5625 0.658594 0.562012 0.658984 0.562012 0.660156 0.560547
1 0.640234 0.571777 0.640234 0.576172 0.640625 0.57666 0.640625 0.577148 0.641797 0.578613 0.641797 0.579102 0.644531 0.58252 0.644922 0.58252 0.646094 0.583984 0.646484 0.583984 0.647656 0.585449 0.648047 0.585449 0.650391 0.588379 0.650781 0.588379 0.651172 0.588867 0.651953 0.588867 0.652344 0.589355 0.653125 0.589355 0.653516 0.589844 0.657031 0.589844 0.657422 0.589355 0.658594 0.589355 0.659766 0.587891 0.659766 0.586426 0.660156 0.585938 0.660156 0.581543 0.659766 0.581055 0.659766 0.580078 0.656641 0.576172 0.656641 0.575684 0.65625 0.575195 0.65625 0.574707 0.655859 0.574219 0.655859 0.57373 0.655078 0.572754 0.655078 0.572266 0.654297 0.571289 0.653906 0.571289 0.653516 0.570801 0.653125 0.570801 0.652734 0.570312 0.651953 0.570312 0.651563 0.569824 0.65 0.569824 0.649609 0.569336 0.647656 0.569336 0.647266 0.568848 0.645312 0.568848 0.644922 0.569336 0.643359 0.569336 0.642969 0.569824 0.642188 0.569824 0.641797 0.570312 0.641406 0.570312
1 0.599609 0.567383 0.599609 0.569336 0.600391 0.570312 0.600391 0.570801 0.601172 0.571777 0.601172 0.572266 0.603125 0.574707 0.603516 0.574707 0.604297 0.575684 0.604688 0.575684 0.605078 0.576172 0.605469 0.576172 0.605859 0.57666 0.606641 0.57666 0.607031 0.577148 0.608203 0.577148 0.608594 0.577637 0.610156 0.577637 0.610547 0.578125 0.612891 0.578125 0.613281 0.578613 0.616406 0.578613 0.616797 0.578125 0.618359 0.578125 0.61875 0.577637 0.619531 0.577637 0.619922 0.577148 0.620313 0.577148 0.621094 0.576172 0.621094 0.575684 0.621484 0.575195 0.621484 0.572266 0.621094 0.571777 0.621094 0.571289 0.61875 0.568359 0.618359 0.568359 0.616797 0.566406 0.616406 0.566406 0.615625 0.56543 0.615234 0.56543 0.614844 0.564941 0.613672 0.564941 0.613281 0.564453 0.610547 0.564453 0.610156 0.563965 0.602734 0.563965 0.602344 0.564453 0.601562 0.564453 0.601172 0.564941 0.600781 0.564941 0.600391 0.56543 0.600391 0.565918 0.6 0.566406 0.6 0.566895
1 0.571875 0.566895 0.570312 0.568848 0.570312 0.569824 0.569922 0.570312 0.569922 0.570801 0.569531 0.571289 0.569531 0.573242 0.569922 0.57373 0.569922 0.575684 0.570312 0.576172 0.570312 0.57666 0.570703 0.577148 0.570703 0.577637 0.571484 0.578613 0.571484 0.579102 0.572656 0.580566 0.572656 0.581055 0.573438 0.582031 0.573828 0.582031 0.575781 0.584473 0.576172 0.584473 0.576562 0.584961 0.576953 0.584961 0.577344 0.585449 0.577734 0.585449 0.578125 0.585938 0.578516 0.585938 0.578906 0.586426 0.579297 0.586426 0.579688 0.586914 0.58125 0.586914 0.581641 0.586426 0.582422 0.586426 0.583203 0.585449 0.583594 0.585449 0.583594 0.584961 0.583984 0.584473 0.583984 0.58252 0.584375 0.582031 0.584375 0.57959 0.583984 0.579102 0.583984 0.578613 0.583594 0.578125 0.583594 0.577148 0.582812 0.576172 0.582812 0.575684 0.582422 0.575195 0.582422 0.574707 0.582031 0.574219 0.582031 0.57373 0.581641 0.573242 0.581641 0.572754 0.579688 0.570312 0.579297 0.570312 0.576562 0.566895
1 0.432031 0.585449 0.43125 0.586426 0.43125 0.586914 0.430859 0.587402 0.430859 0.589844 0.430469 0.590332 0.430469 0.591797 0.430859 0.592285 0.430859 0.59375 0.43125 0.594238 0.43125 0.595215 0.431641 0.595703 0.431641 0.596191 0.432031 0.59668 0.432031 0.597656 0.432812 0.598633 0.432812 0.599121 0.433984 0.600586 0.433984 0.601074 0.434766 0.602051 0.434766 0.602539 0.435937 0.604004 0.436328 0.604004 0.436719 0.604492 0.437891 0.604492 0.438281 0.60498 0.439844 0.60498 0.440234 0.604492 0.440625 0.604492 0.441016 0.604004 0.441016 0.603516 0.441406 0.603027 0.441406 0.602051 0.441797 0.601562 0.441797 0.600586 0.442188 0.600098 0.442188 0.595703 0.441797 0.595215 0.441797 0.594727 0.441016 0.59375 0.441016 0.593262 0.440234 0.592285 0.440234 0.591797 0.439453 0.59082 0.439453 0.590332 0.438672 0.589355 0.438672 0.588867 0.436328 0.585938 0.436328 0.585449 0.435937 0.585449 0.435547 0.584961 0.433594 0.584961 0.433203 0.585449
1 0.358203 0.504883 0.357031 0.506348 0.357031 0.506836 0.356641 0.507324 0.356641 0.508789 0.35625 0.509277 0.35625 0.51123 0.356641 0.511719 0.356641 0.513672 0.357031 0.51416 0.357031 0.514648 0.357422 0.515137 0.357422 0.515625 0.358203 0.516602 0.358203 0.51709 0.358984 0.518066 0.358984 0.518555 0.359766 0.519531 0.359766 0.52002 0.360547 0.520996 0.360547 0.521484 0.361719 0.522949 0.362109 0.522949 0.364844 0.526367 0.365234 0.526367 0.366016 0.527344 0.366406 0.527344 0.366797 0.527832 0.367188 0.527832 0.367578 0.52832 0.367969 0.52832 0.368359 0.528809 0.369531 0.528809 0.369922 0.529297 0.373047 0.529297 0.373437 0.528809 0.374219 0.528809 0.374609 0.52832 0.375 0.52832 0.376563 0.526367 0.376563 0.525391 0.376953 0.524902 0.376953 0.520996 0.376563 0.520508 0.376563 0.52002 0.376172 0.519531 0.376172 0.518555 0.375781 0.518066 0.375781 0.517578 0.375391 0.51709 0.375391 0.516602 0.374219 0.515137 0.374219 0.514648 0.373828 0.51416 0.373828 0.513672 0.371875 0.51123 0.371484 0.51123 0.369922 0.509277 0.369531 0.509277 0.369141 0.508789 0.36875 0.508789 0.367969 0.507812 0.367578 0.507812 0.366797 0.506836 0.366406 0.506836 0.366016 0.506348 0.365625 0.506348 0.365234 0.505859 0.364844 0.505859 0.364453 0.505371 0.364063 0.505371 0.363672 0.504883 0.362891 0.504883 0.3625 0.504395 0.359766 0.504395 0.359375 0.504883
1 0.216797 0.708984 0.215625 0.710449 0.215625 0.711426 0.215234 0.711914 0.215234 0.71582 0.215625 0.716309 0.215625 0.717773 0.216016 0.718262 0.216016 0.71875 0.216406 0.719238 0.216406 0.719727 0.216797 0.720215 0.216797 0.720703 0.217188 0.721191 0.217188 0.72168 0.217578 0.722168 0.217578 0.722656 0.218359 0.723633 0.218359 0.724121 0.21875 0.724609 0.21875 0.725098 0.219141 0.725586 0.219141 0.726074 0.219531 0.726562 0.219531 0.727051 0.219922 0.727539 0.219922 0.728027 0.220312 0.728516 0.220312 0.729004 0.222266 0.731445 0.222266 0.731934 0.223438 0.733398 0.223828 0.733398 0.224609 0.734375 0.225781 0.734375 0.226172 0.734863 0.229297 0.734863 0.229687 0.734375 0.230078 0.734375 0.231641 0.732422 0.231641 0.731445 0.232031 0.730957 0.232031 0.724121 0.231641 0.723633 0.231641 0.722168 0.23125 0.72168 0.23125 0.720703 0.230859 0.720215 0.230859 0.719727 0.230469 0.719238 0.230469 0.71875 0.229687 0.717773 0.229687 0.717285 0.229297 0.716797 0.229297 0.716309 0.227344 0.713867 0.227344 0.713379 0.225 0.710449 0.224609 0.710449 0.224219 0.709961 0.223828 0.709961 0.223438 0.709473 0.223047 0.709473 0.222656 0.708984 0.222266 0.708984 0.221875 0.708496 0.220703 0.708496 0.220312 0.708008 0.219922 0.708008 0.219531 0.708496 0.217578 0.708496 0.217188 0.708984
1 0.491016 0.726074 0.491016 0.726562 0.490625 0.727051 0.490625 0.727539 0.490234 0.728027 0.490234 0.72998 0.490625 0.730469 0.490625 0.731934 0.491016 0.732422 0.491016 0.73291 0.492188 0.734375 0.492188 0.734863 0.493359 0.736328 0.493359 0.736816 0.49375 0.737305 0.494141 0.737305 0.494531 0.737793 0.494922 0.737793 0.495312 0.738281 0.495703 0.738281 0.496094 0.73877 0.496875 0.73877 0.497266 0.739258 0.500781 0.739258 0.501172 0.739746 0.501563 0.739746 0.501953 0.739258 0.502734 0.739258 0.503125 0.73877 0.503516 0.73877 0.505469 0.736328 0.505469 0.734375 0.505859 0.733887 0.505859 0.731934 0.505469 0.731445 0.505469 0.730957 0.505078 0.730469 0.505078 0.72998 0.504687 0.729492 0.504687 0.729004 0.503906 0.728027 0.503516 0.728027 0.502734 0.727051 0.502344 0.727051 0.501953 0.726562 0.501563 0.726562 0.501172 0.726074 0.500781 0.726074 0.499609 0.724609 0.499219 0.724609 0.498437 0.723633 0.493359 0.723633 0.492969 0.724121 0.492578 0.724121
1 0.508203 0.657227 0.508203 0.657715 0.507812 0.658203 0.507812 0.661621 0.508203 0.662109 0.508203 0.663574 0.508594 0.664062 0.508594 0.664551 0.508984 0.665039 0.508984 0.666016 0.509375 0.666504 0.509375 0.666992 0.509766 0.66748 0.509766 0.667969 0.510156 0.668457 0.510156 0.668945 0.514844 0.674805 0.515234 0.674805 0.516406 0.67627 0.516797 0.67627 0.517578 0.677246 0.519141 0.677246 0.519531 0.677734 0.522266 0.677734 0.522656 0.677246 0.523047 0.677246 0.524219 0.675781 0.524219 0.675293 0.524609 0.674805 0.524609 0.674316 0.525 0.673828 0.525 0.672363 0.524609 0.671875 0.524609 0.669434 0.524219 0.668945 0.524219 0.667969 0.523828 0.66748 0.523828 0.666504 0.523438 0.666016 0.523438 0.665527 0.522656 0.664551 0.522656 0.664062 0.517969 0.658203 0.517578 0.658203 0.517188 0.657715 0.516406 0.657715 0.516016 0.657227 0.515625 0.657227 0.515234 0.656738 0.514453 0.656738 0.514062 0.65625 0.509375 0.65625 0.508594 0.657227
1 0.571484 0.757812 0.570312 0.759277 0.570312 0.760254 0.569922 0.760742 0.569922 0.765625 0.570312 0.766113 0.570312 0.767578 0.570703 0.768066 0.570703 0.769043 0.571094 0.769531 0.571094 0.77002 0.571484 0.770508 0.571484 0.770996 0.571875 0.771484 0.571875 0.771973 0.573828 0.774414 0.573828 0.774902 0.574609 0.775879 0.574609 0.776367 0.576172 0.77832 0.576562 0.77832 0.577344 0.779297 0.577734 0.779297 0.578125 0.779785 0.578516 0.779785 0.578906 0.780273 0.584766 0.780273 0.585156 0.779785 0.585156 0.779297 0.585547 0.778809 0.585547 0.777832 0.585938 0.777344 0.585938 0.772949 0.585547 0.772461 0.585547 0.770996 0.585156 0.770508 0.585156 0.769531 0.584766 0.769043 0.584766 0.768066 0.584375 0.767578 0.584375 0.76709 0.579688 0.76123 0.579688 0.760742 0.578125 0.758789 0.577734 0.758789 0.576953 0.757812 0.576172 0.757812 0.575781 0.757324 0.572656 0.757324 0.572266 0.757812
1 0.650781 0.742188 0.649609 0.743652 0.649609 0.746582 0.649219 0.74707 0.649219 0.747559 0.649609 0.748047 0.649609 0.749023 0.65 0.749512 0.65 0.75 0.650781 0.750977 0.650781 0.751465 0.651563 0.752441 0.651563 0.75293 0.652344 0.753906 0.652344 0.754395 0.652734 0.754883 0.652734 0.755371 0.653125 0.755859 0.653125 0.756348 0.653906 0.757324 0.653906 0.757812 0.654687 0.758789 0.654687 0.759277 0.657813 0.763184 0.658594 0.763184 0.658984 0.763672 0.660547 0.763672 0.660937 0.76416 0.6625 0.76416 0.663672 0.762695 0.663672 0.762207 0.664062 0.761719 0.664062 0.76123 0.664453 0.760742 0.664453 0.756836 0.664062 0.756348 0.664062 0.753906 0.663672 0.753418 0.663672 0.751465 0.662891 0.750488 0.662891 0.75 0.661719 0.748535 0.661328 0.748535 0.65625 0.742188 0.655859 0.742188 0.655469 0.741699 0.655078 0.741699 0.654687 0.741211 0.652734 0.741211 0.652344 0.741699 0.651563 0.741699 0.651172 0.742188
1 0.645703 0.716309 0.644922 0.717285 0.644922 0.718262 0.644531 0.71875 0.644531 0.724121 0.644922 0.724609 0.644922 0.725098 0.645312 0.725586 0.645312 0.726074 0.645703 0.726562 0.645703 0.727051 0.646094 0.727539 0.646094 0.728027 0.646484 0.728516 0.646484 0.729004 0.647656 0.730469 0.647656 0.730957 0.648047 0.731445 0.648047 0.731934 0.648828 0.73291 0.648828 0.733398 0.65 0.734863 0.650391 0.734863 0.650781 0.735352 0.651172 0.735352 0.651563 0.73584 0.651953 0.73584 0.652734 0.736816 0.653125 0.736816 0.653516 0.737305 0.655078 0.737305 0.655469 0.736816 0.655859 0.736816 0.65625 0.736328 0.656641 0.736328 0.657422 0.735352 0.657422 0.734863 0.657813 0.734375 0.657813 0.72998 0.657422 0.729492 0.657422 0.728027 0.657031 0.727539 0.657031 0.726562 0.656641 0.726074 0.656641 0.725098 0.65625 0.724609 0.65625 0.724121 0.655859 0.723633 0.655859 0.722656 0.655469 0.722168 0.655469 0.72168 0.655078 0.721191 0.655078 0.720703 0.654687 0.720215 0.654687 0.719727 0.653516 0.718262 0.653125 0.718262 0.652344 0.717285 0.651953 0.717285 0.651563 0.716797 0.650781 0.716797 0.650391 0.716309
1 0.714063 0.648438 0.711719 0.648438 0.711328 0.648926 0.710938 0.648926 0.710547 0.649414 0.709375 0.649414 0.708984 0.649902 0.708594 0.649902 0.706641 0.652344 0.70625 0.652344 0.704688 0.654297 0.704688 0.654785 0.704297 0.655273 0.704297 0.655762 0.703906 0.65625 0.703906 0.656738 0.703516 0.657227 0.703516 0.658203 0.703125 0.658691 0.703125 0.660645 0.702734 0.661133 0.702734 0.662598 0.702344 0.663086 0.702344 0.664062 0.701953 0.664551 0.701953 0.665527 0.701562 0.666016 0.701562 0.667969 0.701953 0.668457 0.701953 0.671875 0.702344 0.672363 0.702344 0.67334 0.703516 0.674805 0.703906 0.674805 0.704297 0.675293 0.707422 0.675293 0.707812 0.674805 0.708984 0.674805 0.710156 0.67334 0.710156 0.672852 0.710938 0.671875 0.710938 0.671387 0.712109 0.669922 0.712109 0.669434 0.713672 0.66748 0.713672 0.666992 0.714063 0.666504 0.714063 0.666016 0.714453 0.665527 0.714453 0.665039 0.714844 0.664551 0.714844 0.664062 0.715234 0.663574 0.715234 0.662598 0.715625 0.662109 0.715625 0.661133 0.716016 0.660645 0.716016 0.65918 0.716406 0.658691 0.716406 0.657227 0.716797 0.656738 0.716797 0.655273 0.717187 0.654785 0.717187 0.653809 0.716797 0.65332 0.716797 0.652344 0.716406 0.651855 0.716406 0.650879 0.715234 0.649414 0.714844 0.649414
1 0.703906 0.67627 0.703125 0.677246 0.702734 0.677246 0.701953 0.678223 0.701562 0.678223 0.700391 0.679688 0.700391 0.680176 0.699609 0.681152 0.699609 0.682617 0.699219 0.683105 0.699219 0.68457 0.698828 0.685059 0.698828 0.687012 0.698438 0.6875 0.698438 0.692383 0.698828 0.692871 0.698828 0.694336 0.699219 0.694824 0.699219 0.696289 0.699609 0.696777 0.699609 0.697754 0.7 0.698242 0.7 0.69873 0.700391 0.699219 0.700391 0.699707 0.701172 0.700684 0.701953 0.700684 0.702344 0.701172 0.705859 0.701172 0.70625 0.700684 0.706641 0.700684 0.707031 0.700195 0.707422 0.700195 0.707812 0.699707 0.708203 0.699707 0.709375 0.698242 0.709375 0.697754 0.709766 0.697266 0.709766 0.696777 0.710156 0.696289 0.710156 0.695801 0.710547 0.695312 0.710547 0.694824 0.710938 0.694336 0.710938 0.693359 0.711328 0.692871 0.711328 0.691406 0.711719 0.690918 0.711719 0.687988 0.712109 0.6875 0.712109 0.68457 0.711719 0.684082 0.711719 0.682617 0.711328 0.682129 0.711328 0.681152 0.710938 0.680664 0.710938 0.680176 0.710547 0.679688 0.710547 0.679199 0.708984 0.677246 0.708594 0.677246 0.708203 0.676758 0.707031 0.676758 0.706641 0.67627
1 0.737109 0.751465 0.736719 0.750977 0.736328 0.750977 0.735938 0.750488 0.735547 0.750488 0.735156 0.75 0.734766 0.75 0.733984 0.749023 0.733594 0.749023 0.733203 0.748535 0.728516 0.748535 0.728125 0.749023 0.727344 0.749023 0.726953 0.749512 0.726562 0.749512 0.726172 0.75 0.725391 0.75 0.725 0.750488 0.724609 0.750488 0.724219 0.750977 0.723437 0.750977 0.722656 0.751953 0.722266 0.751953 0.721484 0.75293 0.721094 0.75293 0.719922 0.754395 0.719922 0.754883 0.719141 0.755859 0.719141 0.756348 0.71875 0.756836 0.71875 0.757324 0.718359 0.757812 0.718359 0.758301 0.717969 0.758789 0.717969 0.76123 0.718359 0.761719 0.718359 0.762207 0.71875 0.762695 0.71875 0.763184 0.720313 0.765137 0.720703 0.765137 0.721094 0.765625 0.721875 0.765625 0.722266 0.766113 0.723047 0.766113 0.723437 0.766602 0.725781 0.766602 0.726172 0.766113 0.726562 0.766113 0.726953 0.765625 0.727344 0.765625 0.727734 0.765137 0.728516 0.765137 0.728906 0.764648 0.730078 0.764648 0.730469 0.76416 0.73125 0.76416 0.731641 0.763672 0.732031 0.763672 0.733594 0.761719 0.733594 0.76123 0.734375 0.760254 0.734375 0.759766 0.737109 0.756348 0.737109 0.754395 0.7375 0.753906 0.7375 0.752441 0.737109 0.751953
1 0.74375 0.760742 0.742578 0.760742 0.742188 0.760254 0.740234 0.760254 0.739844 0.760742 0.739453 0.760742 0.739453 0.76123 0.734766 0.76709 0.734766 0.767578 0.734375 0.768066 0.734375 0.768555 0.733984 0.769043 0.733984 0.769531 0.733594 0.77002 0.733594 0.770996 0.733203 0.771484 0.733203 0.771973 0.732031 0.773438 0.732031 0.773926 0.731641 0.774414 0.731641 0.774902 0.73125 0.775391 0.73125 0.776855 0.730859 0.777344 0.730859 0.779297 0.730469 0.779785 0.730469 0.783691 0.730859 0.78418 0.730859 0.784668 0.73125 0.785156 0.73125 0.785645 0.732031 0.786621 0.732422 0.786621 0.732812 0.787109 0.733203 0.787109 0.733594 0.787598 0.734375 0.787598 0.734766 0.788086 0.736328 0.788086 0.736719 0.787598 0.737109 0.787598 0.7375 0.787109 0.737891 0.787109 0.739453 0.785156 0.739844 0.785156 0.741016 0.783691 0.741016 0.783203 0.744531 0.778809 0.744531 0.77832 0.744922 0.777832 0.744922 0.776855 0.745313 0.776367 0.745313 0.775391 0.745703 0.774902 0.745703 0.773926 0.746094 0.773438 0.746094 0.772461 0.746484 0.771973 0.746484 0.76709 0.746094 0.766602 0.746094 0.765625 0.745703 0.765137 0.745703 0.76416 0.745313 0.763672 0.745313 0.763184 0.744922 0.762695 0.744922 0.762207
1 0.710938 0.790527 0.710938 0.793457 0.710547 0.793945 0.710547 0.794434 0.710938 0.794922 0.710938 0.795898 0.711719 0.796875 0.711719 0.797363 0.713672 0.799805 0.714063 0.799805 0.714844 0.800781 0.715234 0.800781 0.715625 0.80127 0.716016 0.80127 0.716406 0.801758 0.716797 0.801758 0.717187 0.802246 0.717969 0.802246 0.718359 0.802734 0.71875 0.802734 0.719141 0.803223 0.720313 0.803223 0.720703 0.803711 0.725781 0.803711 0.726172 0.803223 0.726953 0.803223 0.727344 0.802734 0.727734 0.802734 0.728125 0.802246 0.728516 0.802246 0.730078 0.800293 0.730078 0.799805 0.730469 0.799316 0.730469 0.796387 0.730078 0.795898 0.730078 0.794434 0.729688 0.793945 0.729688 0.792969 0.729297 0.79248 0.729297 0.791992 0.727734 0.790039 0.727344 0.790039 0.725 0.787109 0.724609 0.787109 0.724219 0.786621 0.723047 0.786621 0.722656 0.786133 0.721094 0.786133 0.720703 0.785645 0.717187 0.785645 0.716797 0.786133 0.716016 0.786133 0.715625 0.786621 0.714844 0.786621 0.714453 0.787109 0.714063 0.787109 0.713672 0.787598 0.713281 0.787598
1 0.771875 0.860352 0.770703 0.861816 0.770703 0.86377 0.770312 0.864258 0.770312 0.865723 0.770703 0.866211 0.770703 0.867676 0.771094 0.868164 0.771094 0.869629 0.771484 0.870117 0.771484 0.871094 0.771875 0.871582 0.771875 0.873047 0.772266 0.873535 0.772266 0.874023 0.772656 0.874512 0.772656 0.875977 0.773047 0.876465 0.773047 0.877441 0.773438 0.87793 0.773438 0.878418 0.773828 0.878906 0.773828 0.879395 0.774219 0.879883 0.774219 0.880371 0.774609 0.880859 0.774609 0.881348 0.775781 0.882812 0.776172 0.882812 0.776953 0.883789 0.777344 0.883789 0.778516 0.885254 0.780078 0.885254 0.780859 0.884277 0.780859 0.883789 0.781641 0.882812 0.781641 0.882324 0.782422 0.881348 0.782422 0.879395 0.782813 0.878906 0.782813 0.875977 0.782422 0.875488 0.782422 0.874023 0.782031 0.873535 0.782031 0.871582 0.781641 0.871094 0.781641 0.869141 0.78125 0.868652 0.78125 0.867188 0.780859 0.866699 0.780859 0.865723 0.780469 0.865234 0.780469 0.864258 0.780078 0.86377 0.780078 0.863281 0.779687 0.862793 0.779687 0.862305 0.778516 0.86084 0.777734 0.86084 0.777344 0.860352 0.776563 0.860352 0.776172 0.859863 0.773047 0.859863 0.772656 0.860352
1 0.724219 0.884277 0.724219 0.88916 0.724609 0.889648 0.724609 0.890137 0.725781 0.891602 0.725781 0.89209 0.728125 0.89502 0.728516 0.89502 0.729297 0.895996 0.729688 0.895996 0.730078 0.896484 0.730469 0.896484 0.730859 0.896973 0.73125 0.896973 0.731641 0.897461 0.732422 0.897461 0.732812 0.897949 0.733984 0.897949 0.734375 0.898438 0.7375 0.898438 0.737891 0.897949 0.738672 0.897949 0.739062 0.897461 0.739453 0.897461 0.740234 0.896484 0.740234 0.895996 0.740625 0.895508 0.740625 0.894531 0.741016 0.894043 0.741016 0.891113 0.740625 0.890625 0.740625 0.889648 0.740234 0.88916 0.740234 0.888184 0.7375 0.884766 0.737109 0.884766 0.736719 0.884277 0.736328 0.884277 0.735938 0.883789 0.735156 0.883789 0.734766 0.883301 0.734375 0.883301 0.733984 0.882812 0.733594 0.882812 0.733203 0.882324 0.731641 0.882324 0.73125 0.881836 0.728125 0.881836 0.727734 0.882324 0.727344 0.882324 0.726953 0.882812 0.726172 0.882812 0.725781 0.883301 0.725391 0.883301 0.725 0.883789 0.724609 0.883789
1 0.814063 0.861328 0.814063 0.865723 0.814453 0.866211 0.814453 0.866699 0.816797 0.869629 0.816797 0.870117 0.817578 0.871094 0.817969 0.871094 0.819141 0.872559 0.819531 0.872559 0.819922 0.873047 0.820312 0.873047 0.820703 0.873535 0.821094 0.873535 0.821484 0.874023 0.822266 0.874023 0.822656 0.874512 0.823828 0.874512 0.824219 0.875 0.825 0.875 0.825391 0.875488 0.827734 0.875488 0.828125 0.875977 0.830859 0.875977 0.83125 0.875488 0.832812 0.875488 0.833203 0.875 0.833594 0.875 0.834766 0.873535 0.834766 0.869141 0.833984 0.868164 0.833984 0.867676 0.833594 0.867188 0.833203 0.867188 0.831641 0.865234 0.831641 0.864746 0.83125 0.864746 0.830078 0.863281 0.829688 0.863281 0.828516 0.861816 0.828125 0.861816 0.827344 0.86084 0.826953 0.86084 0.826562 0.860352 0.825781 0.860352 0.825391 0.859863 0.824219 0.859863 0.823828 0.859375 0.822656 0.859375 0.822266 0.858887 0.820312 0.858887 0.819922 0.858398 0.817578 0.858398 0.817187 0.858887 0.816406 0.858887 0.816016 0.859375 0.815625 0.859375 0.815234 0.859863 0.814844 0.859863 0.814453 0.860352 0.814453 0.86084
1 0.857031 0.916016 0.85625 0.916992 0.85625 0.91748 0.855469 0.918457 0.855469 0.918945 0.855078 0.919434 0.855078 0.919922 0.854688 0.92041 0.854688 0.920898 0.854297 0.921387 0.854297 0.922363 0.853906 0.922852 0.853906 0.930176 0.854297 0.930664 0.854297 0.932129 0.854688 0.932617 0.854688 0.933105 0.855078 0.933594 0.855078 0.934082 0.855859 0.935059 0.855859 0.935547 0.856641 0.936523 0.857422 0.936523 0.857812 0.937012 0.8625 0.937012 0.862891 0.936523 0.863281 0.936523 0.864453 0.935059 0.864453 0.93457 0.864844 0.934082 0.864844 0.931641 0.865234 0.931152 0.865234 0.921875 0.864844 0.921387 0.864844 0.919434 0.863672 0.917969 0.863672 0.91748 0.8625 0.916016 0.862109 0.916016 0.861719 0.915527 0.858594 0.915527 0.858203 0.916016
1 0.83125 0.956543 0.83125 0.95752 0.830859 0.958008 0.830859 0.958984 0.83125 0.959473 0.83125 0.959961 0.832031 0.960938 0.832031 0.961426 0.832422 0.961914 0.832422 0.962402 0.834375 0.964844 0.834766 0.964844 0.835156 0.965332 0.835547 0.965332 0.835938 0.96582 0.836328 0.96582 0.836719 0.966309 0.837109 0.966309 0.8375 0.966797 0.839063 0.966797 0.839453 0.967285 0.846484 0.967285 0.846875 0.966797 0.847656 0.966797 0.848047 0.966309 0.848437 0.966309 0.848828 0.96582 0.849219 0.96582 0.850391 0.964355 0.850391 0.963867 0.850781 0.963379 0.850781 0.962402 0.851172 0.961914 0.851172 0.955566 0.850781 0.955078 0.850781 0.95459 0.85 0.953613 0.849609 0.953613 0.849219 0.953125 0.848047 0.953125 0.847656 0.952637 0.846484 0.952637 0.846094 0.952148 0.844922 0.952148 0.844531 0.95166 0.843359 0.95166 0.842969 0.951172 0.840234 0.951172 0.839844 0.95166 0.838281 0.95166 0.837891 0.952148 0.837109 0.952148 0.836719 0.952637 0.835938 0.952637 0.835547 0.953125 0.834375 0.953125 0.833984 0.953613 0.833594 0.953613 0.833203 0.954102 0.832812 0.954102 0.832422 0.95459 0.832031 0.95459 0.832031 0.955078 0.831641 0.955566 0.831641 0.956055
1 0.894141 0.962402 0.891797 0.959473 0.891406 0.959473 0.890625 0.958496 0.890234 0.958496 0.889453 0.95752 0.888672 0.95752 0.888281 0.957031 0.886328 0.957031 0.885938 0.956543 0.884375 0.956543 0.883984 0.957031 0.882812 0.957031 0.882422 0.95752 0.881641 0.95752 0.88125 0.958008 0.880469 0.958008 0.880078 0.958496 0.879687 0.958496 0.879297 0.958984 0.878906 0.958984 0.878125 0.959961 0.877734 0.959961 0.876172 0.961914 0.876172 0.962402 0.875781 0.962891 0.875781 0.963379 0.875391 0.963867 0.875391 0.965332 0.875 0.96582 0.875 0.968262 0.875391 0.96875 0.875391 0.970703 0.875781 0.971191 0.875781 0.97168 0.876172 0.972168 0.876172 0.972656 0.877344 0.974121 0.877734 0.974121 0.878125 0.974609 0.879297 0.974609 0.879687 0.975098 0.885547 0.975098 0.885938 0.974609 0.886719 0.974609 0.887109 0.974121 0.887891 0.974121 0.888281 0.973633 0.888672 0.973633 0.889062 0.973145 0.889453 0.973145 0.891406 0.970703 0.891797 0.970703 0.894141 0.967773 0.894141 0.967285 0.894531 0.966797 0.894531 0.963867 0.894141 0.963379
1 0.925781 0.794922 0.925 0.793945 0.924609 0.793945 0.924219 0.793457 0.923047 0.793457 0.922656 0.792969 0.917188 0.792969 0.916797 0.793457 0.915234 0.793457 0.914844 0.793945 0.914062 0.793945 0.913672 0.794434 0.913281 0.794434 0.912891 0.794922 0.9125 0.794922 0.912109 0.79541 0.911719 0.79541 0.911328 0.795898 0.910937 0.795898 0.910547 0.796387 0.910156 0.796387 0.909766 0.796875 0.909375 0.796875 0.908984 0.797363 0.908594 0.797363 0.907813 0.79834 0.907422 0.79834 0.907422 0.798828 0.907031 0.799316 0.907031 0.799805 0.906641 0.800293 0.906641 0.80127 0.90625 0.801758 0.90625 0.807129 0.908203 0.80957 0.908984 0.80957 0.909375 0.810059 0.910937 0.810059 0.911328 0.810547 0.9125 0.810547 0.912891 0.810059 0.914062 0.810059 0.914453 0.80957 0.915234 0.80957 0.915625 0.809082 0.916406 0.809082 0.916797 0.808594 0.917188 0.808594 0.917578 0.808105 0.918359 0.808105 0.91875 0.807617 0.919531 0.807617 0.920312 0.806641 0.920703 0.806641 0.921484 0.805664 0.921875 0.805664 0.922656 0.804688 0.923047 0.804688 0.923438 0.804199 0.923828 0.804199 0.925391 0.802246 0.925391 0.80127 0.925781 0.800781 0.925781 0.799805 0.926172 0.799316 0.926172 0.797363 0.925781 0.796875
1 0.996875 0.787109 0.995703 0.785645 0.995313 0.785645 0.994922 0.785156 0.992578 0.785156 0.992188 0.785645 0.990625 0.785645 0.990234 0.786133 0.989453 0.786133 0.989062 0.786621 0.988672 0.786621 0.988281 0.787109 0.987891 0.787109 0.9875 0.787598 0.987109 0.787598 0.986719 0.788086 0.986328 0.788086 0.985938 0.788574 0.985547 0.788574 0.985156 0.789062 0.984766 0.789062 0.984375 0.789551 0.983984 0.789551 0.983594 0.790039 0.982812 0.790039 0.982422 0.790527 0.982031 0.790527 0.980078 0.792969 0.979688 0.792969 0.978516 0.794434 0.978516 0.794922 0.978125 0.79541 0.978125 0.796387 0.978516 0.796875 0.978516 0.799316 0.978906 0.799805 0.978906 0.800293 0.979297 0.800293 0.98125 0.802734 0.981641 0.802734 0.982031 0.803223 0.982422 0.803223 0.982812 0.803711 0.987891 0.803711 0.988281 0.803223 0.989062 0.803223 0.989844 0.802246 0.990234 0.802246 0.990625 0.801758 0.991016 0.801758 0.992578 0.799805 0.992578 0.799316 0.99375 0.797852 0.994141 0.797852 0.994531 0.797363 0.994922 0.797363 0.995313 0.796875 0.995703 0.796875 0.996875 0.79541 0.996875 0.793945 0.997266 0.793457 0.997266 0.789551 0.996875 0.789062
1 0.959766 0.884766 0.959766 0.88623 0.960156 0.886719 0.960156 0.888672 0.960547 0.88916 0.960547 0.889648 0.961328 0.890625 0.961328 0.891113 0.9625 0.892578 0.9625 0.893066 0.962891 0.893066 0.964063 0.894531 0.964453 0.894531 0.964844 0.89502 0.965234 0.89502 0.966016 0.895996 0.966797 0.895996 0.967187 0.896484 0.967578 0.896484 0.967969 0.896973 0.969141 0.896973 0.969531 0.897461 0.974609 0.897461 0.975 0.896973 0.975781 0.896973 0.976172 0.896484 0.976953 0.896484 0.977344 0.895996 0.977734 0.895996 0.978906 0.894531 0.979297 0.894531 0.979297 0.894043 0.980469 0.892578 0.980469 0.887695 0.980078 0.887207 0.980078 0.886719 0.979297 0.885742 0.979297 0.885254 0.978516 0.884277 0.978125 0.884277 0.977734 0.883789 0.977344 0.883789 0.976953 0.883301 0.976172 0.883301 0.975781 0.882812 0.975391 0.882812 0.975 0.882324 0.973437 0.882324 0.973047 0.881836 0.971484 0.881836 0.971094 0.881348 0.96875 0.881348 0.968359 0.880859 0.963281 0.880859 0.962891 0.881348 0.962109 0.881348 0.960156 0.883789 0.960156 0.884277
1 0.93125 0.910645 0.930078 0.912109 0.930078 0.912598 0.929688 0.913086 0.929688 0.913574 0.929297 0.914062 0.929297 0.916016 0.928906 0.916504 0.928906 0.91748 0.929297 0.917969 0.929297 0.921387 0.929688 0.921875 0.929688 0.92334 0.930078 0.923828 0.930078 0.924316 0.930469 0.924805 0.930469 0.925293 0.930859 0.925781 0.930859 0.92627 0.934375 0.930664 0.934766 0.930664 0.935547 0.931641 0.935937 0.931641 0.936328 0.932129 0.936719 0.932129 0.937109 0.932617 0.937891 0.932617 0.938281 0.933105 0.939063 0.933105 0.939453 0.933594 0.940625 0.933594 0.941016 0.933105 0.942969 0.933105 0.943359 0.932617 0.94375 0.932617 0.944141 0.932129 0.944141 0.931641 0.944531 0.931152 0.944531 0.929199 0.944922 0.928711 0.944922 0.926758 0.944531 0.92627 0.944531 0.923828 0.944141 0.92334 0.944141 0.922852 0.94375 0.922363 0.94375 0.921875 0.942187 0.919922 0.942187 0.919434 0.941016 0.917969 0.941016 0.91748 0.939453 0.915527 0.939063 0.915527 0.935937 0.911621 0.935547 0.911621 0.935156 0.911133 0.933984 0.911133 0.933594 0.910645
1 0.939063 0.962402 0.938281 0.962402 0.937891 0.961914 0.936719 0.961914 0.936328 0.961426 0.933594 0.961426 0.933203 0.961914 0.93125 0.961914 0.930859 0.962402 0.930469 0.962402 0.930078 0.962891 0.929688 0.962891 0.928516 0.964355 0.928125 0.964355 0.927344 0.965332 0.926953 0.965332 0.923438 0.969727 0.923438 0.970215 0.923047 0.970703 0.923047 0.976562 0.923438 0.977051 0.923438 0.978516 0.923828 0.979004 0.923828 0.979492 0.925781 0.981934 0.926172 0.981934 0.926562 0.982422 0.929297 0.982422 0.929688 0.981934 0.930469 0.981934 0.930859 0.981445 0.93125 0.981445 0.931641 0.980957 0.932031 0.980957 0.932422 0.980469 0.932813 0.980469 0.933984 0.979004 0.934375 0.979004 0.937891 0.974609 0.937891 0.974121 0.938672 0.973145 0.938672 0.972656 0.939453 0.97168 0.939453 0.971191 0.939844 0.970703 0.939844 0.970215 0.940234 0.969727 0.940234 0.968262 0.940625 0.967773 0.940625 0.96582 0.940234 0.965332 0.940234 0.964355 0.939844 0.963867 0.939844 0.963379
1 0.426953 0.98584 0.426953 0.990234 0.427344 0.990723 0.427344 0.991211 0.427734 0.991699 0.427734 0.992188 0.428125 0.992676 0.428125 0.993164 0.429297 0.994629 0.429688 0.994629 0.430078 0.995117 0.430859 0.995117 0.43125 0.995605 0.4375 0.995605 0.437891 0.995117 0.439453 0.995117 0.439844 0.994629 0.440625 0.994629 0.441016 0.994141 0.441406 0.994141 0.441797 0.993652 0.442188 0.993652 0.442578 0.993164 0.442969 0.993164 0.444922 0.990723 0.444922 0.990234 0.445312 0.989746 0.445312 0.988281 0.445703 0.987793 0.445703 0.98584 0.445312 0.985352 0.445312 0.984863 0.444922 0.984375 0.444922 0.983887 0.444141 0.98291 0.444141 0.982422 0.44375 0.982422 0.442969 0.981445 0.442188 0.981445 0.441797 0.980957 0.441406 0.980957 0.441016 0.980469 0.439844 0.980469 0.439453 0.97998 0.437891 0.97998 0.4375 0.979492 0.436328 0.979492 0.435937 0.979004 0.434766 0.979004 0.434375 0.979492 0.432422 0.979492 0.432031 0.97998 0.430859 0.97998 0.430078 0.980957 0.429688 0.980957 0.428516 0.982422 0.428516 0.98291 0.427734 0.983887 0.427734 0.984375 0.427344 0.984863 0.427344 0.985352
1 0.366797 0.979004 0.366797 0.980469 0.366406 0.980957 0.366406 0.98291 0.366797 0.983398 0.366797 0.983887 0.367578 0.984863 0.367578 0.985352 0.369141 0.987305 0.369531 0.987305 0.369922 0.987793 0.370312 0.987793 0.370703 0.988281 0.371484 0.988281 0.371875 0.98877 0.372656 0.98877 0.373047 0.989258 0.373828 0.989258 0.374219 0.989746 0.374609 0.989746 0.375 0.990234 0.376172 0.990234 0.376563 0.990723 0.384375 0.990723 0.384766 0.990234 0.385547 0.990234 0.385937 0.989746 0.386328 0.989746 0.386328 0.989258 0.3875 0.987793 0.3875 0.987305 0.387891 0.986816 0.387891 0.984863 0.3875 0.984375 0.3875 0.98291 0.387109 0.982422 0.387109 0.981934 0.385156 0.979492 0.384766 0.979492 0.383984 0.978516 0.383594 0.978516 0.383203 0.978027 0.382812 0.978027 0.382422 0.977539 0.381641 0.977539 0.38125 0.977051 0.380078 0.977051 0.379688 0.976562 0.378125 0.976562 0.377734 0.976074 0.371484 0.976074 0.371094 0.976562 0.369531 0.976562 0.369141 0.977051 0.368359 0.977051
1 0.407422 0.864746 0.407031 0.865234 0.407031 0.865723 0.406641 0.866211 0.406641 0.866699 0.40625 0.867188 0.40625 0.867676 0.405859 0.868164 0.405859 0.869141 0.405469 0.869629 0.405469 0.872559 0.405859 0.873047 0.405859 0.874512 0.40625 0.875 0.40625 0.875488 0.406641 0.875977 0.406641 0.876953 0.407031 0.877441 0.407031 0.87793 0.407422 0.878418 0.407422 0.879395 0.407813 0.879883 0.407813 0.880371 0.408594 0.881348 0.408594 0.881836 0.408984 0.881836 0.411328 0.884766 0.411328 0.885254 0.412109 0.88623 0.4125 0.88623 0.413281 0.887207 0.413672 0.887207 0.414062 0.887695 0.414453 0.887695 0.414844 0.888184 0.415234 0.888184 0.415625 0.888672 0.417187 0.888672 0.417578 0.888184 0.41875 0.888184 0.419141 0.887695 0.419531 0.887695 0.420703 0.88623 0.420703 0.885742 0.421094 0.885254 0.421094 0.881836 0.421484 0.881348 0.421484 0.880371 0.421094 0.879883 0.421094 0.876465 0.420703 0.875977 0.420703 0.875 0.420312 0.874512 0.420312 0.874023 0.419922 0.873535 0.419922 0.873047 0.419531 0.872559 0.419531 0.87207 0.41875 0.871094 0.41875 0.870605 0.416406 0.867676 0.416016 0.867676 0.415234 0.866699 0.414844 0.866699 0.414062 0.865723 0.413672 0.865723 0.412891 0.864746 0.4125 0.864746 0.412109 0.864258 0.408203 0.864258 0.407813 0.864746
1 0.257422 0.813477 0.257422 0.81543 0.257812 0.815918 0.257812 0.817383 0.258203 0.817871 0.258203 0.818359 0.258594 0.818848 0.258594 0.819336 0.259375 0.820312 0.259766 0.820312 0.260547 0.821289 0.260937 0.821289 0.262109 0.822754 0.2625 0.822754 0.262891 0.823242 0.263281 0.823242 0.263672 0.82373 0.264062 0.82373 0.264453 0.824219 0.265625 0.824219 0.266016 0.824707 0.266797 0.824707 0.267188 0.825195 0.269922 0.825195 0.270313 0.825684 0.271484 0.825684 0.271875 0.825195 0.272656 0.825195 0.273438 0.824219 0.273828 0.824219 0.274609 0.823242 0.275 0.823242 0.275391 0.822754 0.275391 0.822266 0.275781 0.821777 0.275781 0.821289 0.276172 0.820801 0.276172 0.816895 0.275781 0.816406 0.275781 0.81543 0.275391 0.814941 0.275391 0.814453 0.274219 0.812988 0.273828 0.812988 0.273047 0.812012 0.272656 0.812012 0.271875 0.811035 0.271094 0.811035 0.270703 0.810547 0.269531 0.810547 0.269141 0.810059 0.267969 0.810059 0.267578 0.80957 0.266016 0.80957 0.265625 0.809082 0.261719 0.809082 0.261328 0.80957 0.260156 0.80957 0.259766 0.810059 0.259375 0.810059 0.258203 0.811523 0.258203 0.812012 0.257812 0.8125 0.257812 0.812988
1 0.369141 0.769531 0.367969 0.770996 0.367969 0.771973 0.367578 0.772461 0.367578 0.773926 0.367188 0.774414 0.367188 0.779785 0.367578 0.780273 0.367578 0.782227 0.367969 0.782715 0.367969 0.78418 0.368359 0.784668 0.368359 0.785645 0.36875 0.786133 0.36875 0.787109 0.371094 0.790039 0.371094 0.790527 0.371484 0.791016 0.371484 0.791504 0.372656 0.792969 0.373047 0.792969 0.373437 0.793457 0.375 0.793457 0.375391 0.793945 0.377344 0.793945 0.377734 0.793457 0.378125 0.793457 0.378906 0.79248 0.378906 0.791992 0.379688 0.791016 0.379688 0.790039 0.380078 0.789551 0.380078 0.788086 0.380469 0.787598 0.380469 0.784668 0.380859 0.78418 0.380859 0.782715 0.380469 0.782227 0.380469 0.780273 0.380078 0.779785 0.380078 0.778809 0.379688 0.77832 0.379688 0.777832 0.379297 0.777344 0.379297 0.776367 0.378906 0.775879 0.378906 0.775391 0.374219 0.769531 0.373828 0.769531 0.373437 0.769043 0.370312 0.769043 0.369922 0.769531
1 0.147656 0.805176 0.147266 0.804688 0.147266 0.804199 0.146875 0.803711 0.146875 0.803223 0.146094 0.802246 0.145313 0.802246 0.144922 0.801758 0.144531 0.801758 0.144141 0.80127 0.142578 0.80127 0.142187 0.800781 0.141406 0.800781 0.141016 0.80127 0.1375 0.80127 0.137109 0.801758 0.135547 0.801758 0.135156 0.802246 0.134375 0.802246 0.133594 0.803223 0.133203 0.803223 0.132422 0.804199 0.132031 0.804199 0.131641 0.804688 0.13125 0.804688 0.130469 0.805664 0.130078 0.805664 0.129297 0.806641 0.129297 0.807617 0.128906 0.808105 0.128906 0.812012 0.129297 0.8125 0.129297 0.812988 0.130078 0.813965 0.130078 0.814453 0.130469 0.814453 0.130859 0.814941 0.13125 0.814941 0.131641 0.81543 0.132812 0.81543 0.133203 0.815918 0.1375 0.815918 0.137891 0.81543 0.139063 0.81543 0.139453 0.814941 0.140234 0.814941 0.140625 0.814453 0.141016 0.814453 0.141406 0.813965 0.141797 0.813965 0.142187 0.813477 0.142969 0.813477 0.143359 0.812988 0.14375 0.812988 0.144141 0.8125 0.144531 0.8125 0.144922 0.812012 0.145703 0.812012 0.146484 0.811035 0.146875 0.811035 0.146875 0.810547 0.147266 0.810059 0.147266 0.809082 0.147656 0.808594
1 0.0953125 0.807617 0.0949219 0.808105 0.09375 0.808105 0.0933594 0.808594 0.0921875 0.808594 0.0914062 0.80957 0.0910156 0.80957 0.0910156 0.810059 0.090625 0.810547 0.090625 0.811523 0.0902344 0.812012 0.0902344 0.813477 0.0898438 0.813965 0.0898438 0.817871 0.0902344 0.818359 0.0902344 0.820801 0.090625 0.821289 0.090625 0.822754 0.0910156 0.823242 0.0910156 0.824219 0.0914062 0.824707 0.0914062 0.825195 0.0917969 0.825684 0.0917969 0.826172 0.0949219 0.830078 0.0957031 0.830078 0.0960938 0.830566 0.0964844 0.830566 0.096875 0.830078 0.0988281 0.830078 0.0992187 0.82959 0.0996094 0.82959 0.100781 0.828125 0.100781 0.827637 0.101172 0.827148 0.101172 0.82666 0.101562 0.826172 0.101562 0.825195 0.101953 0.824707 0.101953 0.816895 0.101562 0.816406 0.101562 0.814453 0.101172 0.813965 0.101172 0.812988 0.100781 0.8125 0.100781 0.812012 0.100391 0.811523 0.100391 0.810547 0.0992187 0.809082 0.0988281 0.809082 0.0984375 0.808594 0.0980469 0.808594 0.0976562 0.808105 0.0964844 0.808105 0.0960938 0.807617
1 0.0335937 0.879883 0.0332031 0.879883 0.0324219 0.878906 0.0316406 0.878906 0.03125 0.878418 0.0296875 0.878418 0.0292969 0.87793 0.0285156 0.87793 0.028125 0.878418 0.0253906 0.878418 0.025 0.878906 0.0242188 0.878906 0.0238281 0.879395 0.0234375 0.879395 0.0230469 0.879883 0.0226562 0.879883 0.0222656 0.880371 0.021875 0.880371 0.0214844 0.880859 0.0210938 0.880859 0.0203125 0.881836 0.0199219 0.881836 0.0195312 0.882324 0.0191406 0.882324 0.01875 0.882812 0.0183594 0.882812 0.0179687 0.883301 0.0175781 0.883301 0.015625 0.885742 0.015625 0.88623 0.0144531 0.887695 0.0144531 0.888184 0.0140625 0.888672 0.0140625 0.893555 0.0164063 0.896484 0.0222656 0.896484 0.0226562 0.895996 0.0234375 0.895996 0.0238281 0.895508 0.0246094 0.895508 0.025 0.89502 0.0257812 0.89502 0.0261719 0.894531 0.0265625 0.894531 0.0269531 0.894043 0.0273438 0.894043 0.0277344 0.893555 0.028125 0.893555 0.0285156 0.893066 0.0289063 0.893066 0.0308594 0.890625 0.03125 0.890625 0.0320312 0.889648 0.0324219 0.889648 0.0335937 0.888184 0.0335937 0.887207 0.0339844 0.886719 0.0339844 0.88623 0.034375 0.885742 0.034375 0.882812 0.0339844 0.882324 0.0339844 0.880859 0.0335937 0.880371
1 0.103906 0.583496 0.103516 0.583008 0.103516 0.582031 0.103125 0.581543 0.103125 0.580566 0.102344 0.57959 0.101953 0.57959 0.101562 0.579102 0.101172 0.579102 0.100781 0.578613 0.1 0.578613 0.0996094 0.578125 0.096875 0.578125 0.0964844 0.577637 0.0949219 0.577637 0.0945312 0.578125 0.090625 0.578125 0.0902344 0.578613 0.0882813 0.578613 0.0878906 0.579102 0.0871094 0.579102 0.0855469 0.581055 0.0855469 0.581543 0.0851563 0.582031 0.0851563 0.58252 0.084375 0.583496 0.084375 0.584473 0.0839844 0.584961 0.0839844 0.586426 0.0835937 0.586914 0.0835937 0.587402 0.0839844 0.587891 0.0839844 0.588867 0.0847656 0.589844 0.0851563 0.589844 0.0867187 0.591797 0.0875 0.591797 0.0878906 0.592285 0.0902344 0.592285 0.090625 0.592773 0.0933594 0.592773 0.09375 0.592285 0.0972656 0.592285 0.0976562 0.591797 0.0992187 0.591797 0.0996094 0.591309 0.1 0.591309 0.102734 0.587891 0.102734 0.587402 0.103125 0.586914 0.103125 0.586426 0.103516 0.585938 0.103516 0.584961 0.103906 0.584473
1 0.0902344 0.563965 0.0898438 0.563965 0.0894531 0.563477 0.0890625 0.563477 0.0886719 0.562988 0.0832031 0.562988 0.0828125 0.563477 0.0808594 0.563477 0.0804688 0.563965 0.0792969 0.563965 0.0789062 0.564453 0.0785156 0.564453 0.078125 0.564941 0.0777344 0.564941 0.0773438 0.56543 0.0765625 0.56543 0.0761719 0.565918 0.0757812 0.565918 0.0753906 0.566406 0.075 0.566406 0.0746094 0.566895 0.0742188 0.566895 0.0738281 0.567383 0.0730469 0.567383 0.0726563 0.567871 0.0722656 0.567871 0.0710937 0.569336 0.0710937 0.569824 0.0707031 0.570312 0.0707031 0.570801 0.0703125 0.571289 0.0703125 0.571777 0.0699219 0.572266 0.0699219 0.57373 0.0703125 0.574219 0.0703125 0.576172 0.0707031 0.57666 0.0707031 0.577148 0.0714844 0.578125 0.071875 0.578125 0.0722656 0.578613 0.0726563 0.578613 0.0730469 0.579102 0.0738281 0.579102 0.0742188 0.57959 0.0746094 0.57959 0.075 0.580078 0.0789062 0.580078 0.0792969 0.57959 0.0808594 0.57959 0.08125 0.579102 0.0828125 0.579102 0.0832031 0.578613 0.0839844 0.578613 0.084375 0.578125 0.0847656 0.578125 0.0851563 0.577637 0.0855469 0.577637 0.0867187 0.576172 0.0867187 0.575684 0.0882813 0.57373 0.0886719 0.57373 0.0898438 0.572266 0.0898438 0.571777 0.090625 0.570801 0.090625 0.570312 0.0910156 0.569824 0.0910156 0.566406 0.090625 0.565918 0.090625 0.564941 0.0902344 0.564453
1 0.0910156 0.512695 0.0910156 0.51709 0.0914062 0.517578 0.0914062 0.518555 0.0917969 0.519043 0.0917969 0.519531 0.0925781 0.520508 0.0925781 0.520996 0.0933594 0.521973 0.0933594 0.522461 0.0949219 0.524414 0.0953125 0.524414 0.0960938 0.525391 0.0964844 0.525391 0.0972656 0.526367 0.0976562 0.526367 0.0988281 0.527832 0.0992187 0.527832 0.0996094 0.52832 0.1 0.52832 0.100391 0.528809 0.101172 0.528809 0.101562 0.529297 0.103125 0.529297 0.103516 0.529785 0.108203 0.529785 0.108594 0.529297 0.108984 0.529297 0.109375 0.528809 0.109766 0.528809 0.109766 0.52832 0.110156 0.527832 0.110156 0.527344 0.110547 0.526855 0.110547 0.523438 0.110156 0.522949 0.110156 0.521484 0.109766 0.520996 0.109766 0.520508 0.109375 0.52002 0.109375 0.519531 0.108984 0.519043 0.108984 0.518555 0.108594 0.518066 0.108594 0.517578 0.107031 0.515625 0.106641 0.515625 0.10625 0.515137 0.105859 0.515137 0.105078 0.51416 0.104688 0.51416 0.103906 0.513184 0.103516 0.513184 0.103125 0.512695 0.102344 0.512695 0.101953 0.512207 0.101562 0.512207 0.100781 0.51123 0.100391 0.51123 0.1 0.510742 0.0984375 0.510742 0.0980469 0.510254 0.0949219 0.510254 0.0945312 0.510742 0.09375 0.510742 0.0933594 0.51123 0.0925781 0.51123 0.0921875 0.511719 0.0917969 0.511719
1 0.858984 0.494141 0.858594 0.493652 0.858594 0.493164 0.858203 0.492676 0.858203 0.492188 0.857422 0.491211 0.857422 0.490723 0.857031 0.490234 0.856641 0.490234 0.85625 0.489746 0.855469 0.489746 0.855078 0.489258 0.854297 0.489258 0.853906 0.48877 0.847266 0.48877 0.846875 0.489258 0.844531 0.489258 0.844141 0.489746 0.841797 0.489746 0.841406 0.490234 0.840625 0.490234 0.840234 0.490723 0.839844 0.490723 0.839453 0.491211 0.839063 0.491211 0.838672 0.491699 0.837891 0.491699 0.835547 0.494629 0.835547 0.495117 0.835156 0.495605 0.835156 0.496582 0.834766 0.49707 0.834766 0.501953 0.835156 0.502441 0.835156 0.50293 0.836328 0.504395 0.836328 0.504883 0.837109 0.505859 0.8375 0.505859 0.837891 0.506348 0.838281 0.506348 0.838672 0.506836 0.839844 0.506836 0.840234 0.507324 0.841016 0.507324 0.841406 0.507812 0.848047 0.507812 0.848437 0.507324 0.85 0.507324 0.850391 0.506836 0.850781 0.506836 0.851172 0.506348 0.851562 0.506348 0.852344 0.505371 0.852734 0.505371 0.853516 0.504395 0.853906 0.504395 0.854688 0.503418 0.855078 0.503418 0.855859 0.502441 0.85625 0.502441 0.858594 0.499512 0.858594 0.499023 0.858984 0.498535
1 0.794531 0.510742 0.794531 0.51123 0.793359 0.512695 0.793359 0.513184 0.792969 0.513672 0.792969 0.515625 0.792578 0.516113 0.792578 0.519043 0.792969 0.519531 0.792969 0.521484 0.79375 0.522461 0.79375 0.522949 0.796094 0.525879 0.796484 0.525879 0.797656 0.527344 0.798047 0.527344 0.798438 0.527832 0.798828 0.527832 0.799219 0.52832 0.799609 0.52832 0.8 0.528809 0.800781 0.528809 0.801172 0.529297 0.802734 0.529297 0.803125 0.529785 0.803516 0.529785 0.803906 0.529297 0.808203 0.529297 0.808594 0.528809 0.810156 0.528809 0.810547 0.52832 0.810937 0.52832 0.811328 0.527832 0.811719 0.527832 0.8125 0.526855 0.812891 0.526855 0.813281 0.526367 0.813672 0.526367 0.814844 0.524902 0.815234 0.524902 0.815234 0.524414 0.817187 0.521973 0.817187 0.521484 0.817578 0.520996 0.817578 0.52002 0.817969 0.519531 0.817969 0.515625 0.817578 0.515137 0.817578 0.51416 0.817187 0.513672 0.817187 0.513184 0.816406 0.512207 0.816406 0.511719 0.815625 0.510742 0.815625 0.510254 0.815234 0.510254 0.814453 0.509277 0.814063 0.509277 0.813672 0.508789 0.813281 0.508789 0.812891 0.508301 0.8125 0.508301 0.812109 0.507812 0.811719 0.507812 0.811328 0.507324 0.810937 0.507324 0.810547 0.506836 0.808203 0.506836 0.807813 0.506348 0.804297 0.506348 0.803906 0.506836 0.801562 0.506836 0.801172 0.507324 0.799609 0.507324 0.799219 0.507812 0.798438 0.507812 0.798047 0.508301 0.797656 0.508301 0.797266 0.508789 0.796875 0.508789 0.796484 0.509277 0.796094 0.509277 0.795703 0.509766 0.795312 0.509766
1 0.824219 0.106934 0.823828 0.106934 0.823438 0.106445 0.823047 0.106445 0.822656 0.105957 0.821875 0.105957 0.821484 0.106445 0.820703 0.106445 0.820312 0.106934 0.819922 0.106934 0.819531 0.107422 0.819141 0.107422 0.81875 0.10791 0.817969 0.10791 0.817578 0.108398 0.816797 0.108398 0.816406 0.108887 0.815625 0.108887 0.815234 0.109375 0.814844 0.109375 0.814453 0.109863 0.814063 0.109863 0.813672 0.110352 0.813672 0.11084 0.813281 0.111328 0.813281 0.124023 0.813672 0.124512 0.813672 0.125 0.814063 0.125488 0.814063 0.125977 0.814453 0.126465 0.814844 0.126465 0.815234 0.126953 0.818359 0.126953 0.822266 0.12207 0.822266 0.121582 0.823047 0.120605 0.823047 0.120117 0.823438 0.119629 0.823438 0.119141 0.823828 0.118652 0.823828 0.117676 0.824219 0.117188 0.824219 0.116699 0.824609 0.116211 0.824609 0.115234 0.825 0.114746 0.825 0.113281 0.825391 0.112793 0.825391 0.109863 0.825 0.109375 0.825 0.108398 0.824609 0.10791 0.824609 0.107422
0 0.677734 0.622559 0.675781 0.622559 0.675391 0.62207 0.673828 0.62207 0.673438 0.622559 0.672656 0.622559 0.671875 0.623535 0.671484 0.623535 0.671094 0.624023 0.670703 0.624023 0.670312 0.624512 0.669922 0.624512 0.669531 0.625 0.669141 0.625 0.667969 0.626465 0.667578 0.626465 0.667188 0.626953 0.667188 0.627441 0.666406 0.628418 0.666406 0.628906 0.665625 0.629883 0.665625 0.630859 0.665234 0.631348 0.665234 0.632812 0.664844 0.633301 0.664844 0.634766 0.664453 0.635254 0.664453 0.638184 0.664844 0.638672 0.664844 0.639648 0.665234 0.640137 0.665234 0.640625 0.666016 0.641602 0.666016 0.64209 0.666406 0.64209 0.666797 0.642578 0.667188 0.642578 0.667578 0.643066 0.668359 0.643066 0.66875 0.643555 0.670703 0.643555 0.671094 0.643066 0.671484 0.643066 0.672266 0.64209 0.672656 0.64209 0.673047 0.641602 0.673438 0.641602 0.674219 0.640625 0.674609 0.640625 0.675 0.640137 0.675391 0.640137 0.676172 0.63916 0.676562 0.63916 0.677344 0.638184 0.677344 0.637695 0.678125 0.636719 0.678125 0.635742 0.678516 0.635254 0.678516 0.634766 0.678906 0.634277 0.678906 0.633301 0.679297 0.632812 0.679297 0.632324 0.679688 0.631836 0.679688 0.630859 0.680078 0.630371 0.680078 0.626465 0.679688 0.625977 0.679688 0.625488 0.678906 0.624512 0.678906 0.624023
0 0.323828 0.86084 0.323828 0.865234 0.324219 0.865723 0.324219 0.866211 0.325 0.867188 0.325 0.867676 0.325391 0.868164 0.325391 0.868652 0.329297 0.873535 0.329688 0.873535 0.330078 0.874023 0.330859 0.874023 0.33125 0.874512 0.332422 0.874512 0.332813 0.875 0.337891 0.875 0.338281 0.874512 0.339453 0.874512 0.339844 0.874023 0.340625 0.874023 0.341016 0.873535 0.341406 0.873535 0.341406 0.873047 0.341797 0.872559 0.341797 0.868652 0.341406 0.868164 0.341406 0.867188 0.340625 0.866211 0.340625 0.865723 0.337891 0.862305 0.3375 0.862305 0.336719 0.861328 0.336328 0.861328 0.335547 0.860352 0.335156 0.860352 0.334766 0.859863 0.333984 0.859863 0.333594 0.859375 0.332031 0.859375 0.331641 0.858887 0.329297 0.858887 0.328906 0.858398 0.326172 0.858398 0.325781 0.858887 0.325391 0.858887
