0 0.394922 0.536217 0.394922 0.537223 0.394531 0.537726 0.394531 0.539738 0.394141 0.540241 0.394141 0.542757 0.39375 0.54326 0.39375 0.54829 0.394141 0.548793 0.394141 0.555332 0.394531 0.555835 0.394531 0.559859 0.394922 0.560362 0.394922 0.561871 0.395313 0.562374 0.395313 0.563883 0.395703 0.564386 0.395703 0.566398 0.396094 0.566901 0.396094 0.567907 0.396484 0.56841 0.396484 0.569416 0.396875 0.56992 0.396875 0.570423 0.397656 0.571429 0.397656 0.571932 0.398047 0.572435 0.398047 0.572938 0.398438 0.573441 0.398438 0.573944 0.398828 0.574447 0.398828 0.575453 0.399219 0.575956 0.399219 0.576962 0.399609 0.577465 0.399609 0.577968 0.400781 0.579477 0.400781 0.57998 0.401172 0.57998 0.402344 0.581489 0.402344 0.581992 0.402734 0.582495 0.402734 0.582998 0.403125 0.583501 0.403125 0.584004 0.408594 0.591046 0.408984 0.591046 0.409375 0.591549 0.409766 0.591549 0.410156 0.592052 0.410547 0.592052 0.410938 0.592555 0.411328 0.592555 0.411719 0.593058 0.412109 0.593058 0.4125 0.593561 0.413281 0.593561 0.414062 0.594567 0.414453 0.594567 0.415234 0.595573 0.416016 0.595573 0.416406 0.596076 0.417578 0.596076 0.417969 0.596579 0.423828 0.596579 0.424219 0.596076 0.429688 0.596076 0.430078 0.595573 0.436719 0.595573 0.437109 0.59507 0.4375 0.59507 0.437891 0.594567 0.438672 0.594567 0.439063 0.594064 0.439453 0.594064 0.439844 0.593561 0.440625 0.593561 0.441016 0.593058 0.441406 0.593058 0.441797 0.592555 0.442578 0.592555 0.443359 0.591549 0.44375 0.591549 0.44375 0.591046 0.444141 0.590543 0.444141 0.59004 0.444531 0.589537 0.444531 0.589034 0.444922 0.588531 0.444922 0.588028 0.445312 0.587525 0.445312 0.587022 0.446875 0.58501 0.447266 0.58501 0.448047 0.584004 0.448047 0.583501 0.448437 0.582998 0.448437 0.582495 0.45 0.580483 0.450391 0.580483 0.451953 0.578471 0.451953 0.577968 0.452734 0.576962 0.452734 0.576459 0.453516 0.575453 0.453516 0.57495 0.454688 0.573441 0.454688 0.572938 0.455078 0.572435 0.455078 0.571932 0.455469 0.571429 0.455469 0.570926 0.455859 0.570423 0.455859 0.569416 0.45625 0.568913 0.45625 0.566901 0.456641 0.566398 0.456641 0.564386 0.45625 0.563883 0.45625 0.56338 0.455859 0.562877 0.455469 0.562877 0.455078 0.562374 0.454297 0.562374 0.453906 0.561871 0.452734 0.561871 0.452344 0.561368 0.45 0.561368 0.449609 0.561871 0.448437 0.561871 0.448047 0.562374 0.446875 0.562374 0.446484 0.562877 0.444922 0.562877 0.444531 0.56338 0.440625 0.56338 0.440234 0.563883 0.439453 0.563883 0.439063 0.56338 0.437891 0.56338 0.4375 0.562877 0.436719 0.562877 0.436328 0.562374 0.435547 0.562374 0.435156 0.561871 0.434766 0.561871 0.434375 0.561368 0.433984 0.561368 0.433594 0.560865 0.433203 0.560865 0.432812 0.560362 0.432422 0.560362 0.432031 0.559859 0.43125 0.559859 0.430859 0.559356 0.430469 0.559356 0.430078 0.558853 0.429688 0.558853 0.429297 0.55835 0.428906 0.55835 0.427734 0.556841 0.426953 0.556841 0.426563 0.556338 0.426172 0.556338 0.425781 0.555835 0.425 0.555835 0.424609 0.555332 0.424219 0.555332 0.423828 0.554829 0.423438 0.554829 0.422656 0.553823 0.422266 0.553823 0.419141 0.549799 0.418359 0.549799 0.417969 0.549296 0.417187 0.549296 0.416797 0.548793 0.416406 0.548793 0.416016 0.54829 0.415625 0.54829 0.415234 0.547787 0.414062 0.547787 0.413672 0.547284 0.411719 0.547284 0.411328 0.546781 0.410547 0.546781 0.410156 0.546278 0.409766 0.546278 0.408594 0.544769 0.408203 0.544769 0.407813 0.544266 0.407422 0.544266 0.405859 0.542254 0.405859 0.541751 0.405469 0.541247 0.405469 0.540744 0.405078 0.540241 0.405078 0.539235 0.403906 0.537726 0.403516 0.537726 0.401953 0.535714 0.401562 0.535714 0.401172 0.535211 0.4 0.535211 0.399609 0.534708 0.398438 0.534708 0.398047 0.534205 0.396484 0.534205 0.396094 0.534708 0.395703 0.534708 0.395703 0.535211
0 0.905078 0.0417505 0.903906 0.0432596 0.903906 0.0442656 0.903516 0.0447686 0.903516 0.0472837 0.903125 0.0477867 0.903125 0.0528169 0.902734 0.0533199 0.902734 0.0538229 0.902344 0.054326 0.902344 0.054829 0.901953 0.055332 0.901953 0.0669014 0.901563 0.0674044 0.901563 0.0689135 0.901953 0.0694165 0.901953 0.0724346 0.901172 0.0734406 0.900781 0.0734406 0.899609 0.0749497 0.899609 0.0774648 0.900781 0.0789738 0.900781 0.0794769 0.901172 0.0799799 0.901172 0.0809859 0.900781 0.0814889 0.900781 0.082998 0.900391 0.083501 0.900391 0.084004 0.900781 0.084507 0.900781 0.0850101 0.901172 0.0855131 0.901172 0.0860161 0.901563 0.0865191 0.901563 0.0870221 0.901953 0.0875252 0.901953 0.0880282 0.902344 0.0885312 0.902344 0.0890342 0.902734 0.0895372 0.902734 0.0900402 0.903516 0.0910463 0.903516 0.0915493 0.903906 0.0920523 0.903906 0.0925553 0.904297 0.0930584 0.904297 0.0935614 0.904687 0.0940644 0.904687 0.0950704 0.905469 0.0960765 0.905469 0.0965795 0.90625 0.0975855 0.90625 0.0980885 0.906641 0.0985915 0.906641 0.0990946 0.907031 0.0995976 0.907031 0.100604 0.907422 0.101107 0.907422 0.102113 0.907813 0.102616 0.907813 0.103119 0.908203 0.103622 0.908203 0.104125 0.908594 0.104628 0.908594 0.105131 0.909766 0.10664 0.909766 0.107143 0.910547 0.108149 0.910547 0.108652 0.910937 0.109155 0.910937 0.109658 0.911328 0.110161 0.911328 0.111167 0.911719 0.11167 0.911719 0.112676 0.912109 0.113179 0.912109 0.114185 0.9125 0.114688 0.9125 0.115191 0.912109 0.115694 0.912109 0.1167 0.911719 0.117203 0.911719 0.118209 0.911328 0.118712 0.911328 0.125252 0.911719 0.125755 0.911719 0.127767 0.912109 0.12827 0.912109 0.129276 0.9125 0.129779 0.9125 0.130282 0.912891 0.130785 0.912891 0.131288 0.915234 0.134306 0.916797 0.134306 0.917578 0.1333 0.917969 0.1333 0.91875 0.132294 0.919141 0.132294 0.920312 0.130785 0.920312 0.130282 0.920703 0.129779 0.920703 0.129276 0.921094 0.128773 0.921094 0.12827 0.921484 0.127767 0.921484 0.127264 0.921875 0.126761 0.921875 0.125755 0.922266 0.125252 0.922266 0.124748 0.923828 0.122736 0.923828 0.122233 0.924219 0.12173 0.924219 0.121227 0.924609 0.120724 0.924609 0.120221 0.925391 0.119215 0.925391 0.118712 0.928516 0.114688 0.928516 0.114185 0.928906 0.113682 0.928906 0.113179 0.929297 0.112676 0.929297 0.11167 0.929688 0.111167 0.929688 0.110664 0.930078 0.110161 0.930078 0.109658 0.93125 0.108149 0.93125 0.107646 0.931641 0.107143 0.931641 0.10664 0.932031 0.106137 0.932031 0.105634 0.932422 0.105131 0.932422 0.104125 0.932813 0.103622 0.932813 0.103119 0.933203 0.102616 0.933203 0.10161 0.933594 0.101107 0.933594 0.100604 0.933984 0.100101 0.933984 0.0995976 0.934766 0.0985915 0.935156 0.0985915 0.935156 0.0980885 0.935937 0.0970825 0.935937 0.0965795 0.936328 0.0960765 0.936328 0.0950704 0.936719 0.0945674 0.936719 0.0935614 0.937109 0.0930584 0.937109 0.0920523 0.9375 0.0915493 0.9375 0.0895372 0.937891 0.0890342 0.937891 0.0870221 0.9375 0.0865191 0.9375 0.0855131 0.937109 0.0850101 0.937109 0.084004 0.936719 0.083501 0.936719 0.0789738 0.936328 0.0784708 0.936328 0.0774648 0.935937 0.0769618 0.935937 0.0764588 0.935547 0.0759557 0.935547 0.0754527 0.934375 0.0739437 0.934375 0.0734406 0.933203 0.0719316 0.933203 0.0714286 0.930469 0.0679074 0.930469 0.0674044 0.929688 0.0663984 0.929688 0.0658954 0.929297 0.0653924 0.929297 0.0648893 0.928906 0.0643863 0.928906 0.0638833 0.926953 0.0613682 0.926562 0.0613682 0.924609 0.0588531 0.924219 0.0588531 0.923438 0.0578471 0.923047 0.0578471 0.922656 0.0573441 0.922266 0.0573441 0.921094 0.055835 0.920703 0.055835 0.919922 0.054829 0.919531 0.054829 0.91875 0.0538229 0.918359 0.0538229 0.917188 0.0523139 0.916797 0.0523139 0.916406 0.0518109 0.916016 0.0518109 0.915625 0.0513078 0.915234 0.0513078 0.914453 0.0503018 0.914062 0.0503018 0.910937 0.0462777 0.910937 0.0457746 0.910156 0.0447686 0.910156 0.0442656 0.908203 0.0417505
1 0.384375 0.701207 0.383984 0.70171 0.383984 0.705231 0.383594 0.705734 0.383594 0.70674 0.383203 0.707243 0.383203 0.708753 0.382812 0.709256 0.382812 0.710765 0.382422 0.711268 0.382422 0.711771 0.382031 0.712274 0.382031 0.712777 0.38125 0.713783 0.38125 0.714286 0.380859 0.714789 0.380859 0.715292 0.380469 0.715795 0.380469 0.716298 0.380078 0.716801 0.380078 0.717304 0.379688 0.717807 0.379688 0.71831 0.378516 0.719819 0.378125 0.719819 0.376953 0.721328 0.376953 0.721831 0.376563 0.722334 0.376563 0.722837 0.376172 0.72334 0.376172 0.724346 0.375781 0.724849 0.375781 0.725352 0.375391 0.725855 0.375391 0.726358 0.375 0.726861 0.375 0.727364 0.374609 0.727867 0.374609 0.72837 0.374219 0.728873 0.374219 0.729376 0.373828 0.729879 0.373828 0.730885 0.373437 0.731388 0.373437 0.731891 0.373047 0.732394 0.373047 0.732897 0.372656 0.7334 0.372656 0.733903 0.372266 0.734406 0.372266 0.734909 0.371875 0.735412 0.371875 0.737425 0.371484 0.737928 0.371484 0.74497 0.371875 0.745473 0.371875 0.746479 0.372266 0.746982 0.372266 0.747988 0.372656 0.748491 0.372656 0.748994 0.373047 0.749497 0.373047 0.75 0.373437 0.750503 0.373437 0.751006 0.373828 0.751509 0.373828 0.752012 0.374219 0.752515 0.374219 0.753018 0.374609 0.753521 0.374609 0.754024 0.375 0.754527 0.375 0.75503 0.375391 0.755533 0.375391 0.756539 0.375781 0.757042 0.375781 0.758048 0.376172 0.758551 0.376172 0.759054 0.376563 0.759557 0.376563 0.76006 0.377344 0.761066 0.377344 0.761569 0.377734 0.761569 0.378516 0.762575 0.378516 0.763078 0.380469 0.765594 0.380469 0.766097 0.383203 0.769618 0.383203 0.770121 0.383594 0.770624 0.383594 0.771127 0.383984 0.77163 0.383984 0.772133 0.384375 0.772636 0.384766 0.772636 0.387109 0.775654 0.387109 0.776157 0.3875 0.77666 0.3875 0.777163 0.387891 0.777666 0.387891 0.778169 0.388281 0.778672 0.388281 0.779175 0.388672 0.779678 0.388672 0.780684 0.389062 0.781187 0.389062 0.783702 0.389453 0.784205 0.389453 0.78672 0.389844 0.787223 0.389844 0.788732 0.389453 0.789235 0.389453 0.791247 0.389844 0.791751 0.389844 0.795272 0.390234 0.795775 0.390234 0.796278 0.390625 0.796781 0.390625 0.797284 0.391016 0.797787 0.391016 0.79829 0.391406 0.798793 0.391406 0.799296 0.391797 0.799799 0.391797 0.800805 0.392188 0.801308 0.392188 0.801811 0.393359 0.801811 0.394531 0.800302 0.394922 0.800302 0.395313 0.799799 0.396094 0.799799 0.396875 0.798793 0.396875 0.79829 0.397266 0.797787 0.397266 0.797284 0.397656 0.796781 0.397656 0.796278 0.399219 0.794266 0.399219 0.793763 0.4 0.792757 0.4 0.792254 0.400781 0.791247 0.400781 0.790744 0.401172 0.790241 0.401172 0.789738 0.401562 0.789235 0.401562 0.788732 0.402344 0.787726 0.402344 0.787223 0.405078 0.783702 0.405078 0.783199 0.405469 0.782696 0.405469 0.782193 0.405859 0.78169 0.405859 0.781187 0.406641 0.780181 0.406641 0.779678 0.407031 0.779175 0.407031 0.778672 0.407422 0.778169 0.407422 0.77666 0.407813 0.776157 0.407813 0.772636 0.407422 0.772133 0.407422 0.762575 0.407031 0.762072 0.407031 0.761569 0.406641 0.761066 0.406641 0.76006 0.40625 0.759557 0.40625 0.759054 0.405469 0.758048 0.405469 0.757545 0.404297 0.756036 0.404297 0.75503 0.403906 0.754527 0.403906 0.752515 0.401953 0.75 0.401953 0.749497 0.401562 0.748994 0.401562 0.748491 0.401172 0.747988 0.401172 0.746982 0.400391 0.745976 0.400391 0.745473 0.399609 0.744467 0.399609 0.743461 0.399219 0.742958 0.399219 0.741952 0.398828 0.741449 0.398828 0.740443 0.398438 0.73994 0.398438 0.738934 0.398047 0.738431 0.398047 0.736922 0.397656 0.736419 0.397656 0.735412 0.396875 0.734406 0.396875 0.733903 0.395703 0.732394 0.395703 0.72837 0.394922 0.727364 0.394922 0.725855 0.394531 0.725352 0.394531 0.722334 0.394141 0.721831 0.394141 0.721328 0.39375 0.720825 0.39375 0.720322 0.393359 0.719819 0.393359 0.719316 0.392969 0.718813 0.392969 0.717304 0.392578 0.716801 0.392578 0.716298 0.391016 0.714286 0.391016 0.713783 0.390625 0.71328 0.390625 0.712777 0.390234 0.712274 0.390234 0.711771 0.389844 0.711268 0.389453 0.711268 0.388672 0.710262 0.388281 0.710262 0.3875 0.709256 0.3875 0.708753 0.387109 0.708249 0.387109 0.70674 0.386719 0.706237 0.386719 0.705734 0.385937 0.704728 0.385937 0.704225 0.385547 0.703722 0.385547 0.70171 0.385156 0.701207
1 0.557813 0.853119 0.553125 0.849095 0.544141 0.847586 0.542188 0.848592 0.532813 0.849095 0.519141 0.855131 0.511328 0.85664 0.505859 0.859658 0.500781 0.860664 0.49375 0.865694 0.488281 0.872736 0.477734 0.8833 0.474219 0.88833 0.473828 0.89336 0.478125 0.897384 0.496094 0.899899 0.505469 0.899899 0.514062 0.89839 0.525781 0.894366 0.528906 0.892354 0.534766 0.883803 0.537109 0.882294 0.546484 0.870724 0.55625 0.862676 0.557813 0.859155
1 0.462891 0.126761 0.460938 0.124245 0.460547 0.124245 0.459766 0.123239 0.458984 0.123239 0.458594 0.122736 0.457031 0.122736 0.456641 0.122233 0.454297 0.122233 0.453906 0.12173 0.452734 0.12173 0.452344 0.121227 0.446875 0.121227 0.446484 0.120724 0.446094 0.120724 0.445703 0.120221 0.445312 0.120221 0.444531 0.119215 0.444141 0.119215 0.44375 0.118712 0.442578 0.118712 0.442188 0.118209 0.439844 0.118209 0.439453 0.117706 0.439063 0.117706 0.438281 0.1167 0.4375 0.1167 0.437109 0.116197 0.436328 0.116197 0.435937 0.115694 0.433594 0.115694 0.433203 0.115191 0.430859 0.115191 0.430469 0.114688 0.427344 0.114688 0.426953 0.114185 0.422656 0.114185 0.422266 0.114688 0.421094 0.114688 0.420703 0.115191 0.419531 0.115191 0.419141 0.115694 0.416406 0.115694 0.416016 0.116197 0.415234 0.116197 0.414844 0.1167 0.414453 0.1167 0.414062 0.117203 0.413281 0.117203 0.412891 0.117706 0.412109 0.117706 0.411719 0.118209 0.410938 0.118209 0.410547 0.118712 0.410156 0.118712 0.409766 0.119215 0.409375 0.119215 0.408984 0.119718 0.408594 0.119718 0.408203 0.120221 0.407813 0.120221 0.407422 0.120724 0.407031 0.120724 0.40625 0.12173 0.405859 0.12173 0.404297 0.123742 0.403906 0.123742 0.403516 0.124245 0.403125 0.124245 0.402734 0.124748 0.401953 0.124748 0.401562 0.125252 0.401172 0.125252 0.400781 0.125755 0.400391 0.125755 0.399609 0.126761 0.399609 0.127264 0.398828 0.12827 0.398828 0.128773 0.398438 0.129276 0.398438 0.129779 0.398047 0.130282 0.398047 0.130785 0.397656 0.131288 0.397656 0.131791 0.397266 0.132294 0.397266 0.132797 0.396484 0.133803 0.396484 0.134306 0.396094 0.134809 0.396094 0.135815 0.395703 0.136318 0.395703 0.137827 0.395313 0.13833 0.395313 0.138833 0.392969 0.141851 0.392969 0.142354 0.392578 0.142857 0.392578 0.14336 0.392188 0.143863 0.392188 0.144869 0.391797 0.145372 0.391797 0.147887 0.391406 0.14839 0.391406 0.150905 0.391016 0.151408 0.391016 0.152918 0.390625 0.153421 0.390625 0.162978 0.392188 0.16499 0.392578 0.16499 0.392969 0.165493 0.394531 0.165493 0.394922 0.165996 0.396875 0.165996 0.397266 0.165493 0.397656 0.165493 0.398438 0.164487 0.398828 0.164487 0.399219 0.163984 0.4 0.163984 0.400391 0.163481 0.400781 0.163481 0.403516 0.15996 0.403906 0.15996 0.404297 0.159457 0.404687 0.159457 0.405078 0.158954 0.405469 0.158954 0.405859 0.158451 0.40625 0.158451 0.406641 0.157948 0.407031 0.157948 0.407813 0.156942 0.411328 0.156942 0.411719 0.157445 0.413281 0.157445 0.413672 0.157948 0.417187 0.157948 0.417578 0.157445 0.41875 0.157445 0.419141 0.156942 0.419922 0.156942 0.420312 0.156439 0.421094 0.156439 0.421484 0.155936 0.422266 0.155936 0.422656 0.155433 0.423828 0.155433 0.424219 0.15493 0.425391 0.15493 0.425781 0.154427 0.426953 0.154427 0.427344 0.153924 0.428125 0.153924 0.428516 0.153421 0.428906 0.153421 0.429297 0.152918 0.429688 0.152918 0.430078 0.152414 0.430859 0.152414 0.43125 0.151911 0.432031 0.151911 0.432422 0.151408 0.433594 0.151408 0.433984 0.150905 0.434766 0.150905 0.435156 0.150402 0.435547 0.150402 0.435937 0.149899 0.436328 0.149899 0.437109 0.148893 0.4375 0.148893 0.437891 0.14839 0.438281 0.14839 0.438672 0.147887 0.439453 0.147887 0.439844 0.147384 0.441016 0.147384 0.441406 0.146881 0.442188 0.146881 0.442578 0.146378 0.443359 0.146378 0.44375 0.145875 0.444531 0.145875 0.444922 0.145372 0.445312 0.145372 0.445703 0.144869 0.446484 0.144869 0.446875 0.144366 0.448047 0.144366 0.448437 0.143863 0.449609 0.143863 0.45 0.14336 0.451172 0.14336 0.451562 0.142857 0.451953 0.142857 0.453516 0.140845 0.453906 0.140845 0.454297 0.140342 0.454688 0.140342 0.455469 0.139336 0.455859 0.139336 0.45625 0.138833 0.456641 0.138833 0.457422 0.137827 0.457813 0.137827 0.458594 0.136821 0.458984 0.136821 0.459766 0.135815 0.460156 0.135815 0.460156 0.135312 0.460938 0.134306 0.460938 0.133803 0.461328 0.1333 0.461328 0.132797 0.461719 0.132294 0.461719 0.131791 0.462109 0.131288 0.462109 0.130785 0.4625 0.130282 0.4625 0.128773 0.462891 0.12827
1 0.646484 0.0648893 0.645312 0.0648893 0.644922 0.0653924 0.644141 0.0653924 0.64375 0.0658954 0.643359 0.0658954 0.642969 0.0663984 0.642578 0.0663984 0.641406 0.0679074 0.641406 0.0684105 0.640625 0.0694165 0.640234 0.0694165 0.637891 0.0724346 0.637891 0.0729376 0.637109 0.0739437 0.637109 0.0744467 0.634766 0.0774648 0.634375 0.0774648 0.632812 0.0794769 0.632812 0.0799799 0.632422 0.0804829 0.632422 0.081992 0.632031 0.082495 0.632031 0.083501 0.626172 0.0910463 0.626172 0.0915493 0.624609 0.0935614 0.624219 0.0935614 0.623828 0.0940644 0.623437 0.0940644 0.623047 0.0945674 0.622266 0.0945674 0.621875 0.0950704 0.621484 0.0950704 0.621094 0.0955734 0.620703 0.0955734 0.620313 0.0960765 0.619922 0.0960765 0.61875 0.0975855 0.61875 0.0980885 0.617969 0.0990946 0.617969 0.0995976 0.617578 0.100101 0.617578 0.100604 0.616797 0.10161 0.616797 0.102113 0.615625 0.103622 0.615625 0.104125 0.614453 0.105634 0.614453 0.106137 0.613672 0.107143 0.613672 0.108149 0.613281 0.108652 0.613281 0.109658 0.612891 0.110161 0.612891 0.110664 0.6125 0.111167 0.6125 0.112173 0.612109 0.112676 0.612109 0.113682 0.611719 0.114185 0.611719 0.115191 0.611328 0.115694 0.611328 0.1167 0.610938 0.117203 0.610938 0.117706 0.610547 0.118209 0.610547 0.118712 0.610156 0.119215 0.610156 0.121227 0.609766 0.12173 0.609766 0.123239 0.609375 0.123742 0.609375 0.124245 0.608203 0.125755 0.608203 0.126258 0.607812 0.126761 0.607812 0.127264 0.607422 0.127767 0.607422 0.129276 0.607031 0.129779 0.607031 0.130785 0.606641 0.131288 0.606641 0.142354 0.607031 0.142857 0.607031 0.144366 0.607422 0.144869 0.607422 0.146378 0.607812 0.146881 0.607812 0.147887 0.608203 0.14839 0.608203 0.148893 0.608594 0.149396 0.608594 0.150402 0.608984 0.150905 0.608984 0.152918 0.609375 0.153421 0.609375 0.15493 0.609766 0.155433 0.609766 0.156439 0.610156 0.156942 0.610156 0.157445 0.610547 0.157948 0.610547 0.158451 0.610938 0.158954 0.610938 0.159457 0.611719 0.160463 0.611719 0.160966 0.612109 0.161469 0.6125 0.161469 0.612891 0.161972 0.613281 0.161972 0.613672 0.162475 0.614453 0.162475 0.614844 0.162978 0.615625 0.162978 0.616016 0.162475 0.617188 0.162475 0.617578 0.161972 0.618359 0.161972 0.620313 0.159457 0.620313 0.158954 0.621484 0.157445 0.621484 0.156942 0.623047 0.15493 0.623047 0.154427 0.623828 0.153421 0.623828 0.152414 0.624219 0.151911 0.624219 0.150402 0.624609 0.149899 0.624609 0.148893 0.625 0.14839 0.625 0.147887 0.625391 0.147384 0.625391 0.146881 0.626563 0.145372 0.626563 0.144869 0.627734 0.14336 0.627734 0.142857 0.628906 0.141348 0.628906 0.140845 0.629687 0.139839 0.630078 0.139839 0.632031 0.137324 0.632031 0.136821 0.632422 0.136318 0.632422 0.135815 0.632812 0.135312 0.632812 0.134809 0.633203 0.134306 0.633203 0.133803 0.635156 0.131288 0.635156 0.130785 0.635547 0.130282 0.635547 0.129779 0.636328 0.128773 0.636328 0.12827 0.636719 0.127767 0.636719 0.127264 0.6375 0.126258 0.6375 0.125755 0.638281 0.124748 0.638281 0.124245 0.638672 0.123742 0.638672 0.123239 0.639062 0.122736 0.639062 0.120724 0.639453 0.120221 0.639453 0.1167 0.639844 0.116197 0.639844 0.115191 0.640234 0.114688 0.640234 0.114185 0.640625 0.113682 0.640625 0.113179 0.641016 0.112676 0.641016 0.112173 0.641797 0.111167 0.641797 0.110664 0.642188 0.110161 0.642188 0.108652 0.642578 0.108149 0.642578 0.106137 0.642969 0.105634 0.642969 0.104125 0.643359 0.103622 0.643359 0.10161 0.64375 0.101107 0.64375 0.0995976 0.644141 0.0990946 0.644141 0.0975855 0.644531 0.0970825 0.644531 0.0955734 0.644922 0.0950704 0.644922 0.0940644 0.645312 0.0935614 0.645312 0.0930584 0.647266 0.0905433 0.647266 0.0900402 0.647656 0.0895372 0.647656 0.0890342 0.648047 0.0885312 0.648047 0.0880282 0.648438 0.0875252 0.648438 0.0865191 0.648828 0.0860161 0.648828 0.0855131 0.649219 0.0850101 0.649219 0.084507 0.649609 0.084004 0.649609 0.083501 0.65 0.082998 0.65 0.0814889 0.650391 0.0809859 0.650391 0.0769618 0.650781 0.0764588 0.650781 0.0714286 0.650391 0.0709256 0.650391 0.0704225 0.65 0.0699195 0.65 0.0694165 0.649609 0.0689135 0.649609 0.0684105 0.647266 0.0653924 0.646875 0.0653924
1 0.520703 0.809356 0.520703 0.811368 0.521094 0.811871 0.521094 0.812374 0.521484 0.812877 0.521484 0.813883 0.522266 0.814889 0.522266 0.815392 0.523438 0.816901 0.523438 0.817404 0.523828 0.817907 0.523828 0.81841 0.524219 0.818913 0.524609 0.818913 0.525 0.819416 0.525391 0.819416 0.525781 0.81992 0.526172 0.81992 0.526563 0.820423 0.526953 0.820423 0.529687 0.823944 0.530078 0.823944 0.530469 0.824447 0.530469 0.82495 0.530859 0.825453 0.530859 0.825956 0.531641 0.826962 0.531641 0.827465 0.532031 0.827968 0.532031 0.828471 0.532422 0.828974 0.532422 0.82998 0.534766 0.832998 0.534766 0.833501 0.535547 0.834507 0.535547 0.83501 0.536328 0.836016 0.536719 0.836016 0.540625 0.841046 0.541016 0.841046 0.541406 0.841549 0.541797 0.841549 0.542969 0.843058 0.543359 0.843058 0.544141 0.844064 0.544531 0.844064 0.544922 0.844567 0.545312 0.844567 0.545703 0.84507 0.546094 0.84507 0.546484 0.845573 0.547266 0.845573 0.547656 0.846076 0.548438 0.846076 0.548828 0.846579 0.549609 0.846579 0.55 0.847082 0.552344 0.847082 0.552734 0.847586 0.553906 0.847586 0.554297 0.847082 0.557813 0.847082 0.558203 0.846579 0.560156 0.846579 0.560547 0.846076 0.561328 0.846076 0.562109 0.84507 0.5625 0.84507 0.563281 0.844064 0.563672 0.844064 0.565234 0.842052 0.565625 0.842052 0.566406 0.841046 0.566797 0.841046 0.567578 0.84004 0.567969 0.84004 0.568359 0.839537 0.56875 0.839537 0.569531 0.838531 0.569922 0.838531 0.569922 0.838028 0.571484 0.836016 0.571484 0.835513 0.573047 0.833501 0.573438 0.833501 0.575391 0.830986 0.575391 0.830483 0.575781 0.82998 0.575781 0.829477 0.575391 0.828974 0.575391 0.827465 0.575 0.826962 0.575 0.825956 0.575391 0.825453 0.575391 0.82495 0.575781 0.824447 0.575781 0.822938 0.576172 0.822435 0.576172 0.821932 0.576562 0.821429 0.576562 0.820926 0.576953 0.820423 0.576953 0.81992 0.577344 0.819416 0.577344 0.81841 0.577734 0.817907 0.577734 0.816901 0.578125 0.816398 0.578125 0.815895 0.578516 0.815392 0.578516 0.812374 0.578125 0.811871 0.578125 0.810865 0.577344 0.809859 0.576953 0.809859 0.576562 0.809356 0.576172 0.809356 0.575781 0.808853 0.572656 0.808853 0.572266 0.80835 0.569922 0.80835 0.569531 0.807847 0.566016 0.807847 0.565625 0.80835 0.564063 0.80835 0.563672 0.807847 0.5625 0.807847 0.562109 0.807344 0.561328 0.807344 0.560937 0.806841 0.559375 0.806841 0.558984 0.807344 0.555859 0.807344 0.555469 0.806841 0.554688 0.806841 0.554297 0.806338 0.553516 0.806338 0.553125 0.805835 0.551562 0.805835 0.551172 0.806338 0.55 0.806338 0.549609 0.806841 0.548438 0.806841 0.548047 0.806338 0.547656 0.806338 0.547266 0.805835 0.546094 0.805835 0.545703 0.805332 0.537109 0.805332 0.536719 0.805835 0.535156 0.805835 0.534766 0.806338 0.533984 0.806338 0.533594 0.806841 0.532422 0.806841 0.532031 0.806338 0.530859 0.806338 0.530469 0.805835 0.528125 0.805835 0.527734 0.806338 0.526563 0.806338 0.526172 0.806841 0.525 0.806841 0.524609 0.807344 0.521875 0.807344 0.521484 0.807847 0.521484 0.80835
1 0.38125 0.297787 0.38125 0.29829 0.380859 0.298793 0.380859 0.299296 0.380469 0.299799 0.380469 0.301308 0.380078 0.301811 0.380078 0.302817 0.380469 0.30332 0.380469 0.304326 0.380859 0.304829 0.380859 0.305332 0.38125 0.305835 0.38125 0.306841 0.381641 0.307344 0.381641 0.307847 0.382031 0.30835 0.382031 0.308853 0.382422 0.309356 0.382422 0.309859 0.382812 0.310362 0.382812 0.311368 0.383203 0.311871 0.383203 0.312374 0.383594 0.312877 0.383594 0.313883 0.383984 0.314386 0.383984 0.314889 0.384766 0.315895 0.384766 0.316398 0.385547 0.317404 0.385547 0.317907 0.386719 0.319416 0.386719 0.31992 0.3875 0.320926 0.3875 0.321932 0.387891 0.322435 0.387891 0.322938 0.388672 0.323944 0.388672 0.324447 0.389844 0.325956 0.389844 0.326459 0.392188 0.329477 0.392578 0.329477 0.396484 0.334507 0.396484 0.33501 0.396875 0.335513 0.396875 0.338028 0.397266 0.338531 0.397266 0.339537 0.397656 0.34004 0.397656 0.342052 0.398047 0.342555 0.398047 0.346579 0.398438 0.347082 0.398438 0.348089 0.398828 0.348592 0.398828 0.349095 0.399219 0.349598 0.399219 0.350604 0.399609 0.351107 0.399609 0.352113 0.4 0.352616 0.4 0.353119 0.400391 0.353622 0.400391 0.354125 0.401172 0.355131 0.401562 0.355131 0.405469 0.360161 0.405469 0.360664 0.405859 0.361167 0.405859 0.36167 0.408984 0.365694 0.409766 0.365694 0.410156 0.366197 0.410547 0.366197 0.410938 0.3667 0.411328 0.3667 0.411719 0.367203 0.412109 0.367203 0.413672 0.369215 0.414062 0.369215 0.415234 0.370724 0.415625 0.370724 0.416016 0.371227 0.416797 0.371227 0.417187 0.37173 0.417578 0.37173 0.417969 0.372233 0.418359 0.372233 0.41875 0.372736 0.419141 0.372736 0.419531 0.373239 0.419922 0.373239 0.423047 0.377264 0.423047 0.377767 0.424219 0.379276 0.424609 0.379276 0.425391 0.380282 0.425781 0.380282 0.426953 0.381791 0.427344 0.381791 0.428125 0.382797 0.428516 0.382797 0.429297 0.383803 0.429688 0.383803 0.430078 0.384306 0.430469 0.384306 0.430859 0.384809 0.432422 0.384809 0.432812 0.384306 0.433203 0.384306 0.434766 0.382294 0.434766 0.381288 0.435156 0.380785 0.435156 0.378773 0.434766 0.37827 0.434766 0.376258 0.433984 0.375252 0.433984 0.374748 0.433594 0.374245 0.433594 0.373742 0.433203 0.373239 0.433203 0.370724 0.432812 0.370221 0.432812 0.368712 0.432422 0.368209 0.432422 0.367203 0.432031 0.3667 0.432031 0.366197 0.431641 0.365694 0.431641 0.363682 0.43125 0.363179 0.43125 0.360664 0.430859 0.360161 0.430859 0.359658 0.430469 0.359155 0.430469 0.358149 0.430078 0.357646 0.430078 0.343561 0.429688 0.343058 0.429688 0.342052 0.428906 0.341046 0.428906 0.339537 0.428516 0.339034 0.428516 0.337525 0.427734 0.336519 0.427344 0.336519 0.426953 0.336016 0.426563 0.336016 0.425391 0.334507 0.425391 0.334004 0.425 0.333501 0.425 0.332495 0.424219 0.331489 0.424219 0.330986 0.423828 0.330483 0.423828 0.329477 0.423438 0.328974 0.423438 0.327465 0.423047 0.326962 0.423047 0.325956 0.422656 0.325453 0.422656 0.32495 0.421875 0.323944 0.421875 0.323441 0.421484 0.322938 0.421484 0.322435 0.420703 0.321429 0.420703 0.320926 0.420312 0.320926 0.419531 0.31992 0.419141 0.31992 0.418359 0.318913 0.417969 0.318913 0.417578 0.31841 0.417187 0.31841 0.416797 0.317907 0.416406 0.317907 0.416016 0.317404 0.415625 0.317404 0.415234 0.316901 0.414844 0.316901 0.414453 0.316398 0.414062 0.316398 0.413672 0.315895 0.4125 0.315895 0.412109 0.315392 0.408594 0.315392 0.408203 0.314889 0.407813 0.314889 0.407422 0.314386 0.407031 0.314386 0.406641 0.313883 0.40625 0.313883 0.405859 0.31338 0.405078 0.31338 0.404687 0.312877 0.403516 0.312877 0.403125 0.312374 0.402344 0.312374 0.401953 0.311871 0.401562 0.311871 0.401172 0.311368 0.400391 0.311368 0.4 0.310865 0.399609 0.310865 0.399219 0.310362 0.398828 0.310362 0.398047 0.309356 0.397656 0.309356 0.396875 0.30835 0.396484 0.30835 0.396094 0.307847 0.395703 0.307847 0.395313 0.307344 0.394922 0.307344 0.394531 0.306841 0.39375 0.306841 0.393359 0.306338 0.392578 0.306338 0.391797 0.305332 0.391406 0.305332 0.391016 0.304829 0.390625 0.304829 0.389453 0.30332 0.389062 0.30332 0.388281 0.302314 0.387891 0.302314 0.386328 0.300302 0.386328 0.299799 0.385937 0.299296 0.385937 0.298793 0.385156 0.297787 0.384766 0.297787 0.384375 0.297284 0.383984 0.297284 0.383594 0.297787
1 0.36875 0.173038 0.368359 0.173038 0.367969 0.173541 0.367578 0.173541 0.367188 0.174044 0.366016 0.174044 0.365625 0.174547 0.364453 0.174547 0.364063 0.17505 0.363281 0.17505 0.362891 0.175553 0.361719 0.175553 0.361328 0.176056 0.360938 0.176056 0.360156 0.177062 0.359766 0.177062 0.358984 0.178068 0.358594 0.178068 0.358203 0.178571 0.357812 0.178571 0.357422 0.179074 0.357031 0.179074 0.356641 0.179577 0.355859 0.179577 0.355469 0.18008 0.355078 0.18008 0.354687 0.180584 0.353516 0.180584 0.353125 0.181087 0.352734 0.181087 0.351953 0.182093 0.351562 0.182093 0.350781 0.183099 0.350391 0.183099 0.35 0.183602 0.349609 0.183602 0.349219 0.184105 0.348438 0.184105 0.348047 0.184608 0.347656 0.184608 0.347266 0.185111 0.346484 0.185111 0.346094 0.185614 0.345703 0.185614 0.345313 0.186117 0.344922 0.186117 0.344141 0.187123 0.34375 0.187123 0.343359 0.187626 0.342969 0.187626 0.342578 0.188129 0.341797 0.188129 0.341406 0.188632 0.340625 0.188632 0.340234 0.189135 0.339844 0.189135 0.339453 0.189638 0.339062 0.189638 0.337891 0.191147 0.3375 0.191147 0.336328 0.192656 0.336328 0.193159 0.335547 0.194165 0.335547 0.194668 0.335156 0.195171 0.335156 0.195674 0.334766 0.196177 0.334766 0.19668 0.334375 0.197183 0.334375 0.198692 0.334766 0.199195 0.334766 0.205231 0.334375 0.205734 0.334375 0.207746 0.333984 0.208249 0.333984 0.210262 0.333594 0.210765 0.333594 0.211771 0.333203 0.212274 0.333203 0.214286 0.332813 0.214789 0.332813 0.216298 0.332422 0.216801 0.332422 0.218813 0.332031 0.219316 0.332031 0.229376 0.332422 0.229879 0.332422 0.231388 0.332813 0.231891 0.332813 0.232897 0.333203 0.2334 0.333203 0.234909 0.333594 0.235412 0.333594 0.236922 0.333984 0.237425 0.333984 0.237928 0.334375 0.238431 0.334375 0.238934 0.334766 0.239437 0.334766 0.23994 0.335156 0.240443 0.335156 0.241449 0.335547 0.241952 0.335547 0.242958 0.335938 0.243461 0.335938 0.244467 0.336328 0.24497 0.336328 0.245976 0.336719 0.246479 0.336719 0.246982 0.337109 0.247485 0.337109 0.248994 0.3375 0.249497 0.3375 0.250503 0.337891 0.251006 0.337891 0.252515 0.338281 0.253018 0.338281 0.254024 0.338672 0.254527 0.338672 0.25503 0.339062 0.255533 0.339062 0.256036 0.339453 0.256539 0.339453 0.257545 0.339844 0.258048 0.339844 0.259054 0.340234 0.259557 0.340234 0.260563 0.340625 0.261066 0.340625 0.261569 0.341016 0.262072 0.341016 0.263078 0.341406 0.263581 0.341406 0.264085 0.341797 0.264588 0.341797 0.265594 0.342187 0.266097 0.342187 0.267103 0.342578 0.267606 0.342578 0.268109 0.342969 0.268612 0.342969 0.269115 0.343359 0.269618 0.343359 0.270121 0.34375 0.270624 0.34375 0.27163 0.344141 0.272133 0.344141 0.273139 0.344531 0.273642 0.344531 0.274648 0.344922 0.275151 0.344922 0.276157 0.345703 0.277163 0.345703 0.277666 0.346094 0.278169 0.346094 0.278672 0.346875 0.279678 0.346875 0.280181 0.347266 0.280684 0.347266 0.281187 0.347656 0.28169 0.347656 0.282193 0.348047 0.282696 0.348047 0.283199 0.348828 0.284205 0.349219 0.284205 0.349609 0.284708 0.350391 0.284708 0.350781 0.284205 0.351172 0.284205 0.353125 0.28169 0.353125 0.281187 0.353516 0.280684 0.353516 0.280181 0.353906 0.279678 0.353906 0.279175 0.354297 0.278672 0.354297 0.277163 0.354687 0.27666 0.354687 0.274145 0.355078 0.273642 0.355078 0.270624 0.355469 0.270121 0.355469 0.265091 0.355859 0.264588 0.355859 0.261066 0.35625 0.260563 0.35625 0.256539 0.356641 0.256036 0.356641 0.254024 0.357031 0.253521 0.357031 0.251006 0.357422 0.250503 0.357422 0.248491 0.357812 0.247988 0.357812 0.246982 0.358203 0.246479 0.358203 0.24497 0.358594 0.244467 0.358594 0.241952 0.358984 0.241449 0.358984 0.238934 0.359375 0.238431 0.359375 0.235412 0.359766 0.234909 0.359766 0.232394 0.360156 0.231891 0.360156 0.22837 0.360547 0.227867 0.360547 0.225855 0.360938 0.225352 0.360938 0.221831 0.361328 0.221328 0.361328 0.21831 0.361719 0.217807 0.361719 0.214789 0.362109 0.214286 0.362109 0.209759 0.3625 0.209256 0.3625 0.206237 0.362891 0.205734 0.362891 0.203219 0.363281 0.202716 0.363281 0.200704 0.363672 0.200201 0.363672 0.198189 0.364063 0.197686 0.364063 0.196177 0.364453 0.195674 0.364453 0.194668 0.364844 0.194165 0.364844 0.193159 0.365234 0.192656 0.365234 0.19165 0.365625 0.191147 0.365625 0.190141 0.366016 0.189638 0.366016 0.188632 0.366406 0.188129 0.366406 0.187626 0.366797 0.187123 0.366797 0.186117 0.367578 0.185111 0.367578 0.184608 0.369922 0.18159 0.369922 0.181087 0.370312 0.180584 0.370312 0.18008 0.371094 0.179074 0.371094 0.178571 0.371484 0.178068 0.371484 0.177062 0.371094 0.176559 0.371094 0.175553 0.370703 0.17505 0.370703 0.174547 0.369922 0.173541 0.369141 0.173541
1 0.258984 0.291751 0.258594 0.292254 0.257422 0.292254 0.257031 0.292757 0.25625 0.292757 0.25625 0.29326 0.255469 0.294266 0.255469 0.295775 0.255078 0.296278 0.255078 0.300302 0.254688 0.300805 0.254688 0.304829 0.254297 0.305332 0.254297 0.310362 0.253906 0.310865 0.253906 0.313883 0.253516 0.314386 0.253516 0.320926 0.253125 0.321429 0.253125 0.326459 0.252734 0.326962 0.252734 0.327968 0.252344 0.328471 0.252344 0.339034 0.252734 0.339537 0.252734 0.341549 0.253125 0.342052 0.253125 0.343058 0.253516 0.343561 0.253516 0.34507 0.253906 0.345573 0.253906 0.346579 0.254297 0.347082 0.254297 0.348089 0.254688 0.348592 0.254688 0.350101 0.255078 0.350604 0.255078 0.351107 0.255469 0.35161 0.255469 0.352113 0.255859 0.352616 0.255859 0.353622 0.256641 0.354628 0.256641 0.355131 0.257422 0.356137 0.257422 0.35664 0.257812 0.357143 0.257812 0.358149 0.258594 0.359155 0.258594 0.359658 0.258984 0.360161 0.258984 0.360664 0.259766 0.36167 0.259766 0.362173 0.261328 0.364185 0.261328 0.364688 0.262109 0.365694 0.262109 0.366197 0.262891 0.367203 0.262891 0.367706 0.263672 0.368712 0.263672 0.369215 0.264062 0.369718 0.264062 0.370221 0.264453 0.370724 0.264453 0.371227 0.264844 0.37173 0.264844 0.372233 0.265234 0.372736 0.265234 0.373239 0.265625 0.373742 0.265625 0.374748 0.266016 0.375252 0.266016 0.375755 0.266406 0.376258 0.266406 0.376761 0.267188 0.377767 0.267188 0.37827 0.267578 0.378773 0.267578 0.379276 0.268359 0.380282 0.268359 0.380785 0.269141 0.381791 0.269141 0.382294 0.269531 0.382797 0.269531 0.3833 0.269922 0.383803 0.269922 0.384306 0.270313 0.384809 0.270313 0.385312 0.270703 0.385815 0.270703 0.386318 0.271484 0.387324 0.271484 0.387827 0.272266 0.388833 0.272266 0.389336 0.272656 0.389839 0.272656 0.390342 0.273438 0.391348 0.273438 0.391851 0.273828 0.392354 0.274219 0.392354 0.274609 0.392857 0.276172 0.392857 0.276562 0.392354 0.276953 0.392354 0.277344 0.391851 0.277734 0.391851 0.278125 0.391348 0.278516 0.391348 0.279687 0.389839 0.280078 0.389839 0.280078 0.389336 0.280859 0.38833 0.280859 0.387827 0.28125 0.387324 0.28125 0.386318 0.281641 0.385815 0.281641 0.385312 0.282031 0.384809 0.282031 0.383803 0.282422 0.3833 0.282422 0.382797 0.282813 0.382294 0.282813 0.381791 0.283203 0.381288 0.283203 0.380785 0.283594 0.380282 0.283594 0.379276 0.283984 0.378773 0.283984 0.377767 0.284375 0.377264 0.284375 0.373742 0.283984 0.373239 0.283984 0.369718 0.283594 0.369215 0.283594 0.367706 0.283203 0.367203 0.283203 0.366197 0.282813 0.365694 0.282813 0.362173 0.283203 0.36167 0.283203 0.359155 0.282813 0.358652 0.282813 0.358149 0.283203 0.357646 0.283203 0.356137 0.283594 0.355634 0.283594 0.353622 0.283984 0.353119 0.283984 0.35161 0.283594 0.351107 0.283594 0.344567 0.283203 0.344064 0.283203 0.343561 0.282813 0.343058 0.282813 0.342052 0.282422 0.341549 0.282422 0.341046 0.282031 0.340543 0.282031 0.339537 0.281641 0.339034 0.281641 0.338028 0.28125 0.337525 0.28125 0.336016 0.280859 0.335513 0.280859 0.333501 0.280469 0.332998 0.280469 0.331489 0.280078 0.330986 0.280078 0.329477 0.278516 0.327465 0.278125 0.327465 0.277344 0.326459 0.277344 0.325956 0.276172 0.324447 0.276172 0.323944 0.274609 0.321932 0.274609 0.321429 0.273438 0.31992 0.273438 0.319416 0.271875 0.317404 0.271875 0.316901 0.269531 0.313883 0.269141 0.313883 0.266797 0.310865 0.266797 0.310362 0.266406 0.309859 0.266406 0.30835 0.266016 0.307847 0.266016 0.305835 0.265625 0.305332 0.265625 0.304326 0.265234 0.303823 0.265234 0.302817 0.264844 0.302314 0.264844 0.300805 0.264453 0.300302 0.264453 0.298793 0.264062 0.29829 0.264062 0.297787 0.263281 0.296781 0.263281 0.296278 0.260156 0.292254 0.259766 0.292254 0.259375 0.291751
1 0.473047 0.551308 0.473047 0.551811 0.472656 0.552314 0.472656 0.55332 0.473047 0.553823 0.473047 0.554326 0.473438 0.554829 0.473438 0.555835 0.473828 0.556338 0.473828 0.556841 0.476172 0.559859 0.476172 0.560362 0.477344 0.561871 0.477344 0.562374 0.480078 0.565895 0.480078 0.566398 0.480859 0.567404 0.480859 0.567907 0.48125 0.56841 0.48125 0.568913 0.483203 0.571429 0.483203 0.571932 0.483984 0.572938 0.483984 0.573441 0.484766 0.574447 0.484766 0.57495 0.485156 0.575453 0.485156 0.575956 0.487891 0.579477 0.487891 0.57998 0.490234 0.582998 0.490234 0.583501 0.491406 0.58501 0.491406 0.585513 0.491797 0.586016 0.491797 0.586519 0.492188 0.587022 0.492188 0.587525 0.494531 0.590543 0.494922 0.590543 0.495312 0.591046 0.495703 0.591046 0.496094 0.591549 0.496484 0.591549 0.496875 0.592052 0.497266 0.592052 0.497656 0.592555 0.498047 0.592555 0.498437 0.593058 0.498828 0.593058 0.500781 0.595573 0.500781 0.596076 0.502344 0.598089 0.502734 0.598089 0.503516 0.599095 0.503906 0.599095 0.505078 0.600604 0.505469 0.600604 0.505859 0.601107 0.50625 0.601107 0.506641 0.60161 0.507031 0.60161 0.507422 0.602113 0.507812 0.602113 0.508203 0.602616 0.508594 0.602616 0.508984 0.603119 0.509375 0.603119 0.509766 0.603622 0.510938 0.603622 0.511328 0.604125 0.513672 0.604125 0.514062 0.604628 0.520312 0.604628 0.520703 0.604125 0.522266 0.604125 0.522656 0.603622 0.523438 0.603622 0.523828 0.603119 0.524219 0.603119 0.524609 0.602616 0.525 0.602616 0.525391 0.602113 0.526563 0.602113 0.526953 0.60161 0.528125 0.60161 0.528516 0.601107 0.529687 0.601107 0.530078 0.600604 0.530469 0.600604 0.530859 0.600101 0.53125 0.600101 0.531641 0.599598 0.532031 0.599598 0.533984 0.597082 0.534375 0.597082 0.534766 0.596579 0.534766 0.596076 0.535156 0.595573 0.535156 0.594567 0.534766 0.594064 0.534766 0.591549 0.534375 0.591046 0.534375 0.59004 0.533984 0.589537 0.533984 0.588531 0.533594 0.588028 0.533594 0.587525 0.533203 0.587022 0.533203 0.586519 0.532813 0.586016 0.532813 0.58501 0.532422 0.584507 0.532422 0.583501 0.532031 0.582998 0.532031 0.581489 0.531641 0.580986 0.531641 0.579477 0.53125 0.578974 0.53125 0.576962 0.530859 0.576459 0.530859 0.575453 0.530469 0.57495 0.530469 0.574447 0.530078 0.573944 0.530078 0.573441 0.529297 0.572435 0.528906 0.572435 0.528516 0.571932 0.528125 0.571932 0.527734 0.571429 0.526953 0.571429 0.526563 0.570926 0.525781 0.570926 0.525391 0.570423 0.525 0.570423 0.524609 0.56992 0.524219 0.56992 0.523828 0.569416 0.523438 0.569416 0.521875 0.567404 0.521484 0.567404 0.521094 0.566901 0.520312 0.566901 0.519922 0.566398 0.519141 0.566398 0.51875 0.565895 0.518359 0.565895 0.517969 0.565392 0.517578 0.565392 0.517188 0.564889 0.516797 0.564889 0.515625 0.56338 0.515234 0.56338 0.514844 0.562877 0.514453 0.562877 0.514062 0.562374 0.513672 0.562374 0.513281 0.561871 0.5125 0.561871 0.511719 0.560865 0.511328 0.560865 0.510938 0.560362 0.510547 0.560362 0.510156 0.559859 0.509766 0.559859 0.509375 0.559356 0.508984 0.559356 0.506641 0.556338 0.50625 0.556338 0.505859 0.555835 0.504297 0.555835 0.503906 0.555332 0.502734 0.555332 0.502344 0.554829 0.501563 0.554829 0.500781 0.553823 0.500391 0.553823 0.5 0.55332 0.499609 0.55332 0.499219 0.552817 0.498828 0.552817 0.498437 0.552314 0.497266 0.552314 0.496875 0.551811 0.494922 0.551811 0.494531 0.551308 0.492188 0.551308 0.491797 0.550805 0.489844 0.550805 0.489453 0.550302 0.482031 0.550302 0.481641 0.549799 0.474219 0.549799
1 0.409375 0.0477867 0.408984 0.0472837 0.408594 0.0472837 0.407813 0.0462777 0.407422 0.0462777 0.407031 0.0457746 0.406641 0.0457746 0.405859 0.0447686 0.405469 0.0447686 0.405078 0.0442656 0.402344 0.0442656 0.401953 0.0437626 0.399609 0.0437626 0.399219 0.0432596 0.398047 0.0432596 0.397656 0.0427565 0.392578 0.0427565 0.392188 0.0432596 0.387891 0.0432596 0.3875 0.0437626 0.385156 0.0437626 0.384766 0.0442656 0.382031 0.0442656 0.381641 0.0447686 0.379297 0.0447686 0.378906 0.0452716 0.376563 0.0452716 0.376172 0.0457746 0.375781 0.0457746 0.375391 0.0462777 0.374609 0.0462777 0.374219 0.0467807 0.373047 0.0467807 0.372656 0.0472837 0.370703 0.0472837 0.370312 0.0477867 0.36875 0.0477867 0.368359 0.0482897 0.367578 0.0482897 0.367188 0.0487928 0.366797 0.0487928 0.366406 0.0492958 0.366016 0.0492958 0.365625 0.0497988 0.365234 0.0497988 0.364453 0.0508048 0.364063 0.0508048 0.363672 0.0513078 0.363281 0.0513078 0.362891 0.0518109 0.362109 0.0518109 0.361328 0.0528169 0.360938 0.0528169 0.359375 0.054829 0.358984 0.054829 0.358594 0.055332 0.358203 0.055332 0.357812 0.055835 0.357422 0.055835 0.35625 0.0573441 0.35625 0.0578471 0.354687 0.0598592 0.354297 0.0598592 0.353125 0.0613682 0.353125 0.0618712 0.352734 0.0623742 0.352734 0.0628773 0.352344 0.0633803 0.352344 0.0638833 0.351953 0.0643863 0.351953 0.0653924 0.351562 0.0658954 0.351562 0.0674044 0.351172 0.0679074 0.351172 0.0709256 0.350781 0.0714286 0.350781 0.0729376 0.350391 0.0734406 0.350391 0.0764588 0.35 0.0769618 0.35 0.0779678 0.349609 0.0784708 0.349609 0.083501 0.35 0.084004 0.35 0.0855131 0.350391 0.0860161 0.350391 0.0870221 0.350781 0.0875252 0.350781 0.0880282 0.351172 0.0885312 0.351172 0.0890342 0.351562 0.0895372 0.351562 0.0920523 0.351953 0.0925553 0.351953 0.0930584 0.353516 0.0950704 0.354297 0.0950704 0.354687 0.0955734 0.355859 0.0955734 0.35625 0.0960765 0.357031 0.0960765 0.357422 0.0955734 0.357812 0.0955734 0.358594 0.0945674 0.358594 0.0940644 0.358984 0.0935614 0.358984 0.0930584 0.359375 0.0925553 0.359375 0.0920523 0.359766 0.0915493 0.359766 0.0910463 0.362109 0.0880282 0.3625 0.0880282 0.362891 0.0875252 0.363281 0.0875252 0.363672 0.0870221 0.364063 0.0870221 0.364453 0.0865191 0.364844 0.0865191 0.365234 0.0860161 0.365625 0.0860161 0.366016 0.0855131 0.366406 0.0855131 0.367578 0.084004 0.367969 0.084004 0.369141 0.082495 0.369531 0.082495 0.369922 0.081992 0.370312 0.081992 0.370703 0.0814889 0.371094 0.0814889 0.371484 0.0809859 0.372266 0.0809859 0.372656 0.0804829 0.373047 0.0804829 0.374219 0.0789738 0.374609 0.0789738 0.375781 0.0774648 0.376172 0.0774648 0.376953 0.0764588 0.377344 0.0764588 0.378516 0.0749497 0.378906 0.0749497 0.379688 0.0739437 0.380078 0.0739437 0.382422 0.0709256 0.382422 0.0704225 0.385156 0.0669014 0.385547 0.0669014 0.386719 0.0653924 0.387109 0.0653924 0.387891 0.0643863 0.387891 0.0638833 0.388281 0.0633803 0.388672 0.0633803 0.389453 0.0623742 0.389844 0.0623742 0.390234 0.0618712 0.391016 0.0618712 0.391406 0.0613682 0.392578 0.0613682 0.392969 0.0608652 0.394141 0.0608652 0.394531 0.0603622 0.395313 0.0603622 0.395703 0.0598592 0.396875 0.0598592 0.397266 0.0593561 0.398047 0.0593561 0.398438 0.0588531 0.399609 0.0588531 0.4 0.0583501 0.400781 0.0583501 0.401172 0.0578471 0.401953 0.0578471 0.402344 0.0573441 0.402734 0.0573441 0.403125 0.056841 0.403516 0.056841 0.404297 0.055835 0.404687 0.055835 0.406641 0.0533199 0.406641 0.0528169 0.407422 0.0518109 0.407422 0.0513078 0.408203 0.0503018 0.408594 0.0503018 0.409375 0.0492958
1 0.308203 0.00503018 0.308203 0.00955734 0.308594 0.0100604 0.308594 0.0105634 0.308984 0.0110664 0.308984 0.0115694 0.311328 0.0145875 0.311719 0.0145875 0.312109 0.0150905 0.313672 0.0150905 0.314063 0.0155936 0.315625 0.0155936 0.316016 0.0160966 0.316797 0.0160966 0.317188 0.0165996 0.317578 0.0165996 0.317969 0.0171026 0.318359 0.0171026 0.31875 0.0176056 0.319531 0.0176056 0.319922 0.0181087 0.320703 0.0181087 0.321094 0.0186117 0.321484 0.0186117 0.321875 0.0191147 0.322266 0.0191147 0.322656 0.0196177 0.323047 0.0196177 0.323437 0.0201207 0.324219 0.0201207 0.324609 0.0206237 0.325 0.0206237 0.325391 0.0211268 0.325781 0.0211268 0.326172 0.0216298 0.326953 0.0216298 0.327344 0.0221328 0.328516 0.0221328 0.328906 0.0226358 0.330859 0.0226358 0.33125 0.0231388 0.332813 0.0231388 0.333203 0.0236419 0.339453 0.0236419 0.339844 0.0241449 0.345703 0.0241449 0.346094 0.0246479 0.347656 0.0246479 0.348047 0.0251509 0.348438 0.0251509 0.348828 0.0256539 0.349219 0.0256539 0.35 0.0246479 0.35 0.0236419 0.350391 0.0231388 0.350391 0.0221328 0.351562 0.0206237 0.351953 0.0206237 0.352734 0.0196177 0.353125 0.0196177 0.353516 0.0191147 0.354297 0.0191147 0.354687 0.0186117 0.355859 0.0186117 0.35625 0.0181087 0.357812 0.0181087 0.358203 0.0176056 0.364063 0.0176056 0.364453 0.0171026 0.367188 0.0171026 0.367578 0.0165996 0.370312 0.0165996 0.370703 0.0160966 0.372266 0.0160966 0.372656 0.0155936 0.373828 0.0155936 0.374219 0.0150905 0.374609 0.0150905 0.375 0.0145875 0.375781 0.0145875 0.376172 0.0140845 0.376563 0.0140845 0.376953 0.0135815 0.376953 0.0130785 0.377344 0.0125755 0.377344 0.0120724 0.377734 0.0115694 0.377734 0.0110664 0.378125 0.0105634 0.378125 0.00855131 0.377734 0.00804829 0.377734 0.00754527 0.377344 0.00704225 0.377344 0.00603622 0.376563 0.00503018 0.376563 0.00452716 0.374219 0.00150905 0.374219 0 0.308984 0 0.308984 0.00251509 0.308594 0.00301811 0.308594 0.00452716
1 0.410938 0.435614 0.410938 0.436117 0.410547 0.43662 0.410547 0.437626 0.410156 0.438129 0.410156 0.440141 0.409766 0.440644 0.409766 0.444668 0.410156 0.445171 0.410156 0.448189 0.410547 0.448692 0.410547 0.449698 0.410938 0.450201 0.410938 0.451207 0.411328 0.45171 0.411328 0.452213 0.411719 0.452716 0.411719 0.453219 0.412891 0.454728 0.412891 0.455231 0.413672 0.456237 0.413672 0.45674 0.414062 0.457243 0.414062 0.458249 0.414453 0.458753 0.414453 0.459256 0.414844 0.459759 0.414844 0.460262 0.415234 0.460765 0.415234 0.461268 0.416797 0.46328 0.416797 0.464789 0.417187 0.465292 0.417187 0.466298 0.419531 0.469316 0.419531 0.469819 0.420703 0.471328 0.421094 0.471328 0.423828 0.474849 0.423828 0.475352 0.425 0.476861 0.425 0.477364 0.425391 0.477867 0.425391 0.47837 0.425781 0.478873 0.425781 0.479879 0.426172 0.480382 0.426172 0.481388 0.426563 0.481891 0.426563 0.4834 0.426953 0.483903 0.426953 0.485915 0.427344 0.486419 0.427344 0.486922 0.428125 0.487928 0.428516 0.487928 0.429297 0.488934 0.429688 0.488934 0.430078 0.489437 0.430469 0.489437 0.430859 0.48994 0.43125 0.48994 0.431641 0.490443 0.432812 0.490443 0.433203 0.490946 0.434766 0.490946 0.435156 0.491449 0.437891 0.491449 0.438281 0.490946 0.439453 0.490946 0.439844 0.491449 0.445312 0.491449 0.445703 0.490946 0.448828 0.490946 0.449219 0.490443 0.451953 0.490443 0.452344 0.48994 0.453125 0.48994 0.453516 0.489437 0.454297 0.489437 0.454688 0.488934 0.455469 0.488934 0.455859 0.488431 0.45625 0.488431 0.456641 0.487928 0.457031 0.487928 0.457422 0.487425 0.457813 0.487425 0.458203 0.486922 0.458594 0.486922 0.460938 0.483903 0.461328 0.483903 0.462109 0.482897 0.4625 0.482897 0.464453 0.480382 0.464844 0.480382 0.465625 0.479376 0.466016 0.479376 0.467187 0.477867 0.467187 0.477364 0.467969 0.476358 0.467969 0.475855 0.468359 0.475352 0.468359 0.474849 0.46875 0.474346 0.46875 0.473843 0.468359 0.47334 0.468359 0.470825 0.467969 0.470322 0.467969 0.469819 0.467187 0.468813 0.466797 0.468813 0.466016 0.467807 0.465625 0.467807 0.464844 0.466801 0.464453 0.466801 0.464062 0.466298 0.463672 0.466298 0.463281 0.465795 0.462891 0.465795 0.4625 0.465292 0.462109 0.465292 0.459375 0.461771 0.458594 0.461771 0.458203 0.461268 0.457422 0.461268 0.457031 0.460765 0.456641 0.460765 0.45625 0.460262 0.455859 0.460262 0.455078 0.459256 0.454688 0.459256 0.453906 0.458249 0.453516 0.458249 0.452734 0.457243 0.452344 0.457243 0.451953 0.45674 0.451562 0.45674 0.451172 0.456237 0.449609 0.456237 0.449219 0.455734 0.447656 0.455734 0.447266 0.455231 0.446484 0.455231 0.446094 0.454728 0.445703 0.454728 0.444922 0.453722 0.444922 0.453219 0.444531 0.453219 0.444141 0.452716 0.443359 0.452716 0.442969 0.452213 0.442188 0.452213 0.441797 0.45171 0.440625 0.45171 0.440234 0.451207 0.439063 0.451207 0.438672 0.45171 0.434375 0.45171 0.433984 0.451207 0.432031 0.451207 0.431641 0.450704 0.428125 0.450704 0.427734 0.450201 0.426953 0.450201 0.426563 0.449698 0.426172 0.449698 0.425781 0.449195 0.425 0.449195 0.424609 0.448692 0.424219 0.448692 0.423828 0.448189 0.423438 0.448189 0.421094 0.445171 0.421094 0.444668 0.420312 0.443662 0.419922 0.443662 0.419141 0.442656 0.41875 0.442656 0.416797 0.440141 0.416797 0.439638 0.416406 0.439135 0.416016 0.439135 0.415625 0.438632 0.415234 0.438632 0.414844 0.438129 0.414453 0.438129 0.412891 0.436117 0.412891 0.435614 0.4125 0.435614 0.412109 0.435111 0.411328 0.435111
1 0.209375 0.0759557 0.208984 0.0764588 0.208984 0.0769618 0.208594 0.0774648 0.208594 0.0789738 0.208203 0.0794769 0.208203 0.084004 0.207813 0.084507 0.207813 0.0935614 0.208203 0.0940644 0.208203 0.0950704 0.208594 0.0955734 0.208594 0.0960765 0.208984 0.0965795 0.208984 0.0975855 0.209375 0.0980885 0.209375 0.0985915 0.209766 0.0990946 0.209766 0.100101 0.210156 0.100604 0.210156 0.10161 0.210547 0.102113 0.210547 0.102616 0.210938 0.103119 0.210938 0.104125 0.211328 0.104628 0.211328 0.105634 0.211719 0.106137 0.211719 0.107143 0.212109 0.107646 0.212109 0.108652 0.2125 0.109155 0.2125 0.109658 0.212891 0.110161 0.212891 0.110664 0.213281 0.111167 0.213281 0.11167 0.213672 0.112173 0.213672 0.114185 0.214062 0.114688 0.214062 0.115694 0.214453 0.116197 0.214453 0.1167 0.214844 0.117203 0.214844 0.118209 0.215234 0.118712 0.215234 0.119718 0.215625 0.120221 0.215625 0.121227 0.216016 0.12173 0.216016 0.122233 0.216406 0.122736 0.216406 0.123239 0.216797 0.123742 0.216797 0.124245 0.217188 0.124748 0.217188 0.125252 0.217578 0.125755 0.217578 0.126258 0.217969 0.126761 0.217969 0.127264 0.218359 0.127767 0.218359 0.12827 0.219531 0.129779 0.219922 0.129779 0.225391 0.136821 0.225781 0.136821 0.229297 0.141348 0.229297 0.141851 0.230469 0.14336 0.230859 0.14336 0.232031 0.144869 0.232422 0.144869 0.233203 0.145875 0.233203 0.146378 0.241406 0.156942 0.241406 0.157445 0.242188 0.158451 0.242188 0.158954 0.242578 0.159457 0.242578 0.15996 0.242969 0.160463 0.242969 0.160966 0.243359 0.161469 0.243359 0.161972 0.24375 0.162475 0.244141 0.162475 0.244531 0.162978 0.245312 0.162978 0.245703 0.163481 0.246094 0.163481 0.246484 0.163984 0.246875 0.163984 0.248438 0.165996 0.248828 0.165996 0.249609 0.167002 0.25 0.167002 0.250391 0.167505 0.250391 0.168008 0.251172 0.169014 0.251172 0.169517 0.251953 0.170523 0.252344 0.170523 0.252734 0.171026 0.253906 0.171026 0.254297 0.171529 0.256641 0.171529 0.256641 0.171026 0.257031 0.170523 0.257031 0.162978 0.256641 0.162475 0.256641 0.156439 0.25625 0.155936 0.25625 0.15493 0.255859 0.154427 0.255859 0.153421 0.25625 0.152918 0.25625 0.14839 0.255859 0.147887 0.255859 0.147384 0.255469 0.146881 0.255469 0.144869 0.255859 0.144366 0.255859 0.141851 0.255469 0.141348 0.255469 0.140845 0.254688 0.139839 0.254688 0.138833 0.254297 0.13833 0.254297 0.136318 0.253906 0.135815 0.253906 0.134809 0.253125 0.133803 0.253125 0.132797 0.252734 0.132294 0.252734 0.130785 0.252344 0.130282 0.252344 0.125755 0.251953 0.125252 0.251953 0.123742 0.251563 0.123239 0.251563 0.118712 0.251172 0.118209 0.251172 0.1167 0.250781 0.116197 0.250781 0.111167 0.250391 0.110664 0.250391 0.107646 0.25 0.107143 0.25 0.105634 0.249609 0.105131 0.249609 0.103622 0.249219 0.103119 0.249219 0.102616 0.247656 0.100604 0.247266 0.100604 0.246875 0.100101 0.246484 0.100101 0.244141 0.0970825 0.244141 0.0965795 0.242578 0.0945674 0.242188 0.0945674 0.241797 0.0940644 0.241406 0.0940644 0.241016 0.0935614 0.240234 0.0935614 0.239844 0.0930584 0.238672 0.0930584 0.238281 0.0925553 0.237891 0.0925553 0.2375 0.0920523 0.236719 0.0920523 0.235937 0.0910463 0.235547 0.0910463 0.232813 0.0875252 0.232031 0.0875252 0.231641 0.0870221 0.230469 0.0870221 0.230078 0.0865191 0.229297 0.0865191 0.228906 0.0860161 0.228125 0.0860161 0.227734 0.0855131 0.227344 0.0855131 0.226562 0.084507 0.226172 0.084507 0.225391 0.083501 0.225 0.083501 0.223828 0.081992 0.223438 0.081992 0.221484 0.0794769 0.221094 0.0794769 0.220703 0.0789738 0.220312 0.0789738 0.219531 0.0779678 0.219141 0.0779678 0.217578 0.0759557 0.217188 0.0759557 0.216797 0.0754527 0.216016 0.0754527 0.215625 0.0749497 0.211328 0.0749497 0.210938 0.0754527 0.210156 0.0754527 0.209766 0.0759557
1 0.479297 0.382294 0.477734 0.382294 0.476562 0.383803 0.476172 0.383803 0.475391 0.384809 0.475391 0.385312 0.474219 0.386821 0.474219 0.387324 0.473438 0.38833 0.473438 0.388833 0.472656 0.389839 0.472656 0.390342 0.469922 0.393863 0.469922 0.394366 0.46875 0.395875 0.46875 0.396378 0.467187 0.39839 0.466797 0.39839 0.466406 0.398893 0.466016 0.398893 0.465625 0.399396 0.465234 0.399396 0.464844 0.399899 0.464062 0.399899 0.463672 0.400402 0.463281 0.400402 0.4625 0.401408 0.462109 0.401408 0.461719 0.401911 0.461328 0.401911 0.460938 0.402414 0.460547 0.402414 0.460156 0.402918 0.459766 0.402918 0.459375 0.403421 0.458594 0.403421 0.458203 0.403924 0.457422 0.403924 0.457031 0.404427 0.45625 0.404427 0.455859 0.40493 0.455078 0.40493 0.454688 0.405433 0.453906 0.405433 0.453516 0.405936 0.452734 0.405936 0.452344 0.406439 0.451562 0.406439 0.451172 0.406942 0.450391 0.406942 0.45 0.407445 0.449609 0.407445 0.449219 0.407948 0.448828 0.407948 0.448437 0.408451 0.448047 0.408451 0.446094 0.410966 0.446094 0.411469 0.445312 0.412475 0.445312 0.412978 0.444531 0.413984 0.444531 0.414487 0.442969 0.416499 0.442969 0.417002 0.442578 0.417505 0.442578 0.418008 0.442188 0.418511 0.442188 0.419014 0.441797 0.419517 0.441797 0.42002 0.439063 0.423541 0.439063 0.427565 0.438672 0.428068 0.438672 0.428571 0.438281 0.429074 0.438281 0.429577 0.437891 0.43008 0.437891 0.430584 0.4375 0.431087 0.4375 0.435111 0.435547 0.437626 0.435547 0.438129 0.434766 0.439135 0.434766 0.442153 0.435156 0.442656 0.435156 0.444165 0.435547 0.444668 0.435547 0.445674 0.435937 0.446177 0.435937 0.44668 0.436328 0.447183 0.436328 0.447686 0.438672 0.450704 0.439063 0.450704 0.439453 0.451207 0.443359 0.451207 0.44375 0.45171 0.450781 0.45171 0.451172 0.451207 0.451953 0.451207 0.452344 0.450704 0.453125 0.450704 0.453516 0.450201 0.454688 0.450201 0.455078 0.449698 0.455859 0.449698 0.45625 0.449195 0.456641 0.449195 0.457031 0.448692 0.457813 0.448692 0.458203 0.448189 0.458594 0.448189 0.458984 0.447686 0.459375 0.447686 0.460156 0.44668 0.460156 0.446177 0.460938 0.445171 0.461328 0.445171 0.462109 0.444165 0.4625 0.444165 0.464062 0.442153 0.464453 0.442153 0.465234 0.441147 0.465625 0.441147 0.466406 0.440141 0.466797 0.440141 0.467187 0.439638 0.467187 0.439135 0.467969 0.438129 0.467969 0.437626 0.46875 0.43662 0.46875 0.436117 0.469141 0.435614 0.469141 0.435111 0.469531 0.434608 0.469531 0.434105 0.470313 0.433099 0.470313 0.432596 0.470703 0.432093 0.470703 0.43159 0.471094 0.431087 0.471094 0.430584 0.471484 0.43008 0.471484 0.429577 0.471875 0.429074 0.471875 0.428571 0.472656 0.427565 0.472656 0.427062 0.473438 0.426056 0.473438 0.425553 0.474609 0.424044 0.474609 0.423541 0.475 0.423038 0.475 0.422535 0.475391 0.422032 0.475391 0.421529 0.475781 0.421026 0.475781 0.420523 0.476172 0.42002 0.476172 0.419517 0.476562 0.419014 0.476562 0.418511 0.476953 0.418008 0.476953 0.417505 0.477344 0.417002 0.477344 0.416499 0.478125 0.415493 0.478125 0.41499 0.478906 0.413984 0.478906 0.413481 0.479297 0.412978 0.479297 0.412475 0.479687 0.411972 0.479687 0.411469 0.480078 0.410966 0.480078 0.40996 0.480469 0.409457 0.480469 0.408451 0.480859 0.407948 0.480859 0.406942 0.48125 0.406439 0.48125 0.40493 0.481641 0.404427 0.481641 0.402414 0.482031 0.401911 0.482031 0.393863 0.481641 0.39336 0.481641 0.38833 0.48125 0.387827 0.48125 0.386821 0.480859 0.386318 0.480859 0.385312 0.480469 0.384809 0.480469 0.384306 0.479687 0.3833 0.479687 0.382797
1 0.447266 0.341549 0.446875 0.342052 0.446484 0.342052 0.446484 0.342555 0.446094 0.343058 0.446094 0.343561 0.445703 0.344064 0.445703 0.34507 0.445312 0.345573 0.445312 0.346579 0.444922 0.347082 0.444922 0.356137 0.445312 0.35664 0.445312 0.36167 0.445703 0.362173 0.445703 0.363179 0.446094 0.363682 0.446094 0.365191 0.446484 0.365694 0.446484 0.367203 0.446875 0.367706 0.446875 0.368712 0.447266 0.369215 0.447266 0.369718 0.448437 0.371227 0.448437 0.37173 0.449219 0.372736 0.449219 0.373239 0.449609 0.373742 0.449609 0.374748 0.45 0.375252 0.45 0.377264 0.450391 0.377767 0.450391 0.378773 0.450781 0.379276 0.450781 0.380282 0.451172 0.380785 0.451172 0.382294 0.451562 0.382797 0.451562 0.384809 0.451953 0.385312 0.451953 0.386821 0.452344 0.387324 0.452344 0.388833 0.452734 0.389336 0.452734 0.391851 0.453125 0.392354 0.453125 0.392857 0.453516 0.39336 0.453516 0.393863 0.454297 0.394869 0.45625 0.394869 0.456641 0.394366 0.457031 0.394366 0.457422 0.393863 0.458203 0.393863 0.458594 0.39336 0.458984 0.39336 0.458984 0.392857 0.459375 0.392354 0.459375 0.391348 0.459766 0.390845 0.459766 0.38833 0.460156 0.387827 0.460156 0.386821 0.460547 0.386318 0.460547 0.3833 0.460938 0.382797 0.460938 0.37827 0.461328 0.377767 0.461328 0.376761 0.460938 0.376258 0.460938 0.373742 0.460547 0.373239 0.460547 0.372233 0.460938 0.37173 0.460938 0.3667 0.460547 0.366197 0.460547 0.363682 0.460156 0.363179 0.460156 0.360161 0.459766 0.359658 0.459766 0.35664 0.459375 0.356137 0.459375 0.355131 0.458984 0.354628 0.458984 0.353622 0.458594 0.353119 0.458594 0.352113 0.457813 0.351107 0.457813 0.350101 0.457422 0.349598 0.457422 0.349095 0.456641 0.348089 0.456641 0.347586 0.45625 0.347082 0.45625 0.346579 0.455078 0.34507 0.454688 0.34507 0.454297 0.344567 0.453906 0.344567 0.453516 0.344064 0.453125 0.344064 0.452734 0.343561 0.452344 0.343561 0.451562 0.342555 0.451172 0.342555 0.450781 0.342052 0.449219 0.342052 0.448828 0.341549
1 0.188281 0.657445 0.1875 0.656439 0.1875 0.655936 0.186719 0.65493 0.186328 0.65493 0.185938 0.654427 0.183594 0.654427 0.183203 0.65493 0.181641 0.65493 0.18125 0.655433 0.180859 0.655433 0.180469 0.655936 0.180078 0.655936 0.179688 0.656439 0.178906 0.656439 0.178516 0.656942 0.177344 0.656942 0.176953 0.657445 0.174609 0.657445 0.174219 0.657948 0.168359 0.657948 0.167969 0.657445 0.164453 0.657445 0.164062 0.656942 0.161328 0.656942 0.160938 0.656439 0.157812 0.656439 0.157422 0.655936 0.149609 0.655936 0.149219 0.656439 0.148438 0.656439 0.148047 0.656942 0.147656 0.656942 0.147266 0.657445 0.146484 0.657445 0.146094 0.657948 0.145703 0.657948 0.145313 0.658451 0.144922 0.658451 0.14375 0.65996 0.143359 0.65996 0.141016 0.662978 0.141016 0.663481 0.140625 0.663984 0.140625 0.664487 0.140234 0.66499 0.140234 0.665493 0.139844 0.665996 0.139844 0.667505 0.139453 0.668008 0.139453 0.668511 0.139063 0.669014 0.139063 0.67002 0.138281 0.671026 0.138281 0.671529 0.137891 0.672032 0.137891 0.672535 0.1375 0.673038 0.1375 0.674044 0.137109 0.674547 0.137109 0.67505 0.136719 0.675553 0.136719 0.676056 0.135937 0.677062 0.135937 0.677565 0.134766 0.679074 0.134375 0.679074 0.133984 0.679577 0.133984 0.68008 0.133203 0.681087 0.133203 0.68159 0.132812 0.682093 0.132812 0.682596 0.132422 0.683099 0.132422 0.684105 0.132031 0.684608 0.132031 0.685614 0.131641 0.686117 0.131641 0.687626 0.13125 0.688129 0.13125 0.690141 0.130859 0.690644 0.130859 0.692656 0.130469 0.693159 0.130469 0.694165 0.130078 0.694668 0.130078 0.696177 0.129688 0.69668 0.129688 0.702213 0.130078 0.702716 0.130078 0.703219 0.13125 0.704728 0.131641 0.704728 0.132031 0.704225 0.133594 0.704225 0.133984 0.703722 0.135547 0.703722 0.135937 0.703219 0.136328 0.703219 0.136719 0.702716 0.1375 0.702716 0.137891 0.702213 0.138281 0.702213 0.138672 0.70171 0.139453 0.70171 0.139844 0.701207 0.141016 0.701207 0.141406 0.700704 0.142969 0.700704 0.143359 0.700201 0.144531 0.700201 0.144922 0.699698 0.146094 0.699698 0.146484 0.699195 0.150391 0.699195 0.150781 0.698692 0.155469 0.698692 0.155859 0.698189 0.158594 0.698189 0.158984 0.697686 0.159766 0.697686 0.160156 0.697183 0.160938 0.697183 0.161328 0.69668 0.162109 0.69668 0.1625 0.696177 0.162891 0.696177 0.163281 0.695674 0.164062 0.695674 0.164453 0.695171 0.164844 0.695171 0.165234 0.694668 0.165625 0.694668 0.166016 0.694165 0.166797 0.694165 0.167578 0.693159 0.167969 0.693159 0.168359 0.692656 0.16875 0.692656 0.169141 0.692153 0.169531 0.692153 0.169922 0.69165 0.170313 0.69165 0.171094 0.690644 0.171484 0.690644 0.172266 0.689638 0.172656 0.689638 0.173047 0.689135 0.173437 0.689135 0.174219 0.688129 0.174609 0.688129 0.175 0.687626 0.175391 0.687626 0.176172 0.68662 0.176563 0.68662 0.176953 0.686117 0.177344 0.686117 0.178906 0.684105 0.178906 0.683602 0.179688 0.682596 0.179688 0.682093 0.180078 0.68159 0.180078 0.681087 0.180469 0.680584 0.180469 0.68008 0.182031 0.678068 0.182031 0.677565 0.182812 0.676559 0.182812 0.676056 0.183594 0.67505 0.183594 0.674547 0.183984 0.674044 0.183984 0.673541 0.185156 0.672032 0.185156 0.671529 0.185938 0.670523 0.185938 0.67002 0.186328 0.669517 0.186328 0.669014 0.186719 0.668511 0.186719 0.667505 0.187109 0.667002 0.187109 0.665996 0.1875 0.665493 0.1875 0.664487 0.187891 0.663984 0.187891 0.662978 0.188281 0.662475
1 0.16875 0.105634 0.167969 0.10664 0.167969 0.108652 0.169141 0.110161 0.169141 0.110664 0.170313 0.112173 0.170703 0.112173 0.173047 0.115191 0.173437 0.115191 0.174219 0.116197 0.174609 0.116197 0.175 0.1167 0.175391 0.1167 0.177734 0.119718 0.177734 0.120221 0.178906 0.12173 0.178906 0.122233 0.179297 0.122736 0.179297 0.123239 0.179688 0.123742 0.179688 0.124245 0.180078 0.124748 0.180078 0.125252 0.180469 0.125755 0.180469 0.126761 0.180859 0.127264 0.180859 0.12827 0.18125 0.128773 0.18125 0.129276 0.181641 0.129779 0.181641 0.130785 0.182031 0.131288 0.182031 0.131791 0.182812 0.132797 0.182812 0.1333 0.183203 0.133803 0.183203 0.134809 0.183594 0.135312 0.183594 0.136821 0.183984 0.137324 0.183984 0.138833 0.184375 0.139336 0.184375 0.141851 0.184766 0.142354 0.184766 0.14336 0.185156 0.143863 0.185156 0.144366 0.185547 0.144869 0.185547 0.145372 0.185938 0.145875 0.185938 0.146378 0.187891 0.148893 0.187891 0.149396 0.188672 0.150402 0.188672 0.150905 0.189062 0.150905 0.189844 0.151911 0.190234 0.151911 0.190625 0.152414 0.191016 0.152414 0.192188 0.153924 0.192578 0.153924 0.193359 0.15493 0.19375 0.15493 0.194141 0.155433 0.194531 0.155433 0.195312 0.156439 0.195703 0.156439 0.196484 0.157445 0.196875 0.157445 0.197266 0.157948 0.197656 0.157948 0.198437 0.158954 0.198828 0.158954 0.200391 0.160966 0.200781 0.160966 0.202344 0.162978 0.202734 0.162978 0.207031 0.168511 0.207031 0.169014 0.207813 0.17002 0.207813 0.170523 0.210156 0.173541 0.210156 0.174044 0.210938 0.17505 0.210938 0.175553 0.211719 0.176559 0.211719 0.177062 0.212109 0.177565 0.212109 0.178571 0.213672 0.180584 0.213672 0.181087 0.214844 0.182596 0.214844 0.183099 0.215234 0.183602 0.215234 0.184105 0.216016 0.185111 0.216016 0.185614 0.216406 0.186117 0.216406 0.18662 0.217578 0.188129 0.217969 0.188129 0.219141 0.189638 0.219531 0.189638 0.219922 0.190141 0.220312 0.190141 0.220703 0.190644 0.221875 0.190644 0.222266 0.191147 0.223828 0.191147 0.224219 0.19165 0.225391 0.19165 0.225781 0.191147 0.227734 0.191147 0.228125 0.190644 0.228516 0.190644 0.229297 0.189638 0.229297 0.188129 0.228906 0.187626 0.228906 0.18662 0.228516 0.186117 0.228516 0.183602 0.228125 0.183099 0.228125 0.181087 0.227734 0.180584 0.227734 0.179577 0.227344 0.179074 0.227344 0.177062 0.226953 0.176559 0.226953 0.174044 0.226562 0.173541 0.226562 0.171026 0.226172 0.170523 0.226172 0.169014 0.225781 0.168511 0.225781 0.167002 0.225391 0.166499 0.225391 0.16499 0.225 0.164487 0.225 0.163984 0.224609 0.163481 0.224609 0.162978 0.224219 0.162475 0.224219 0.161972 0.223828 0.161469 0.223828 0.15996 0.223438 0.159457 0.223438 0.157948 0.223047 0.157445 0.223047 0.156942 0.222656 0.156439 0.222656 0.155433 0.222266 0.15493 0.222266 0.153421 0.221875 0.152918 0.221875 0.149396 0.221484 0.148893 0.221484 0.144869 0.221094 0.144366 0.221094 0.142354 0.220703 0.141851 0.220703 0.139839 0.220312 0.139336 0.220312 0.137827 0.219922 0.137324 0.219922 0.135815 0.219531 0.135312 0.219531 0.134306 0.219141 0.133803 0.219141 0.1333 0.218359 0.132294 0.218359 0.131791 0.217578 0.130785 0.217578 0.130282 0.216406 0.128773 0.216406 0.12827 0.215234 0.126761 0.215234 0.126258 0.213672 0.124245 0.213672 0.123742 0.210156 0.119215 0.210156 0.118712 0.209375 0.117706 0.208984 0.117706 0.208594 0.117203 0.208203 0.117203 0.207813 0.1167 0.207031 0.1167 0.206641 0.116197 0.205859 0.116197 0.205469 0.115694 0.204687 0.115694 0.203516 0.114185 0.203125 0.114185 0.202344 0.113179 0.201563 0.113179 0.201172 0.112676 0.200391 0.112676 0.2 0.112173 0.198437 0.112173 0.198047 0.11167 0.197266 0.11167 0.196875 0.111167 0.196484 0.111167 0.195703 0.110161 0.195312 0.110161 0.194922 0.109658 0.194531 0.109658 0.194141 0.109155 0.19375 0.109155 0.193359 0.108652 0.192969 0.108652 0.192578 0.108149 0.191797 0.108149 0.191406 0.107646 0.191016 0.107646 0.190625 0.107143 0.189844 0.107143 0.189453 0.10664 0.188672 0.10664 0.188281 0.106137 0.187891 0.106137 0.1875 0.105634 0.187109 0.105634 0.186328 0.104628 0.185547 0.104628 0.185156 0.104125 0.183203 0.104125 0.182812 0.103622 0.179297 0.103622 0.178906 0.103119 0.176953 0.103119 0.176563 0.103622 0.174219 0.103622 0.173828 0.104125 0.171875 0.104125 0.171484 0.104628 0.169922 0.104628 0.169141 0.105634
1 0.689844 0.82495 0.689844 0.825956 0.690234 0.826459 0.690234 0.826962 0.690625 0.826962 0.691406 0.827968 0.691797 0.827968 0.692187 0.828471 0.692578 0.828471 0.692969 0.828974 0.698047 0.828974 0.698438 0.829477 0.7 0.829477 0.700391 0.82998 0.705859 0.82998 0.70625 0.830483 0.7125 0.830483 0.712891 0.82998 0.715625 0.82998 0.716016 0.829477 0.716797 0.829477 0.717187 0.828974 0.717578 0.828974 0.717969 0.828471 0.718359 0.828471 0.71875 0.827968 0.719141 0.827968 0.719531 0.827465 0.719922 0.827465 0.720313 0.826962 0.721094 0.826962 0.721484 0.826459 0.721875 0.826459 0.722266 0.825956 0.723047 0.825956 0.723437 0.825453 0.723828 0.825453 0.724219 0.82495 0.725 0.82495 0.725391 0.824447 0.725781 0.824447 0.726172 0.823944 0.726562 0.823944 0.726953 0.823441 0.727344 0.823441 0.727734 0.822938 0.728125 0.822938 0.728516 0.822435 0.729688 0.822435 0.730078 0.821932 0.734375 0.821932 0.734766 0.822435 0.736328 0.822435 0.736719 0.822938 0.7375 0.822938 0.737891 0.823441 0.738672 0.823441 0.739062 0.823944 0.739453 0.823944 0.739844 0.824447 0.740234 0.824447 0.740625 0.82495 0.741016 0.82495 0.742188 0.826459 0.742578 0.826459 0.743359 0.827465 0.74375 0.827465 0.744531 0.828471 0.744922 0.828471 0.745703 0.829477 0.746094 0.829477 0.747266 0.830986 0.748828 0.830986 0.749219 0.830483 0.749609 0.830483 0.749609 0.82998 0.75 0.829477 0.75 0.828471 0.750391 0.827968 0.750391 0.82495 0.75 0.824447 0.75 0.823441 0.749609 0.822938 0.749609 0.821932 0.748828 0.820926 0.748828 0.820423 0.746094 0.816901 0.745703 0.816901 0.741797 0.811871 0.741797 0.811368 0.741406 0.810865 0.741406 0.810362 0.739844 0.80835 0.739453 0.80835 0.735547 0.80332 0.735547 0.802817 0.733594 0.800302 0.733594 0.799799 0.732031 0.797787 0.73125 0.797787 0.730859 0.797284 0.730469 0.797284 0.730078 0.796781 0.729688 0.796781 0.729297 0.796278 0.728906 0.796278 0.728516 0.795775 0.727734 0.795775 0.727344 0.795272 0.726953 0.795272 0.726562 0.794769 0.726172 0.794769 0.725781 0.794266 0.725391 0.794266 0.725 0.793763 0.722656 0.793763 0.722266 0.79326 0.720313 0.79326 0.719922 0.793763 0.719141 0.793763 0.71875 0.794266 0.718359 0.794266 0.717969 0.794769 0.717578 0.794769 0.717187 0.795272 0.716406 0.795272 0.716016 0.795775 0.713281 0.795775 0.712891 0.796278 0.7125 0.796278 0.712109 0.796781 0.712109 0.797284 0.711719 0.797787 0.711719 0.79829 0.709375 0.801308 0.708984 0.801308 0.708203 0.802314 0.707812 0.802314 0.707031 0.80332 0.706641 0.80332 0.705859 0.804326 0.705469 0.804326 0.705078 0.804829 0.704688 0.804829 0.703906 0.805835 0.703516 0.805835 0.702734 0.806841 0.702344 0.806841 0.700781 0.808853 0.700391 0.808853 0.699219 0.810362 0.698828 0.810362 0.698047 0.811368 0.697656 0.811368 0.695703 0.813883 0.695703 0.814386 0.694922 0.815392 0.694922 0.815895 0.69375 0.817404 0.693359 0.817404 0.692578 0.81841 0.692578 0.818913 0.691406 0.820423 0.691406 0.820926 0.690234 0.822435 0.690234 0.824447
1 0.247656 0.259054 0.244922 0.255533 0.244141 0.255533 0.24375 0.25503 0.242578 0.25503 0.242188 0.254527 0.241016 0.254527 0.240625 0.254024 0.239453 0.254024 0.239063 0.253521 0.2375 0.253521 0.237109 0.253018 0.235156 0.253018 0.234766 0.252515 0.233984 0.252515 0.233594 0.252012 0.23125 0.252012 0.230859 0.251509 0.228125 0.251509 0.227734 0.251006 0.226562 0.251006 0.226172 0.250503 0.224609 0.250503 0.224219 0.25 0.219141 0.25 0.21875 0.249497 0.215625 0.249497 0.215234 0.248994 0.212891 0.248994 0.2125 0.249497 0.212109 0.249497 0.211719 0.25 0.211328 0.25 0.210547 0.251006 0.209766 0.251006 0.208984 0.252012 0.208594 0.252012 0.206641 0.254527 0.20625 0.254527 0.204687 0.256539 0.204687 0.257042 0.203516 0.258551 0.203516 0.259054 0.202344 0.260563 0.202344 0.261066 0.201953 0.261569 0.201953 0.262072 0.201563 0.262575 0.201563 0.263078 0.200781 0.264085 0.200781 0.264588 0.2 0.265594 0.2 0.266097 0.199609 0.2666 0.199609 0.267103 0.199219 0.267606 0.199219 0.268109 0.197266 0.270624 0.197266 0.27163 0.196875 0.272133 0.196875 0.274145 0.196484 0.274648 0.196484 0.276157 0.196094 0.27666 0.196094 0.277666 0.195703 0.278169 0.195703 0.279678 0.195312 0.280181 0.195312 0.28169 0.19375 0.283702 0.19375 0.284205 0.193359 0.284708 0.193359 0.286217 0.192969 0.28672 0.192969 0.287223 0.192578 0.287726 0.192578 0.288732 0.192188 0.289235 0.192188 0.289738 0.191797 0.290241 0.191797 0.291751 0.191406 0.292254 0.191406 0.295272 0.191016 0.295775 0.191016 0.296278 0.190625 0.296781 0.190625 0.299296 0.191016 0.299799 0.191406 0.299799 0.191797 0.300302 0.192188 0.300302 0.192578 0.300805 0.193359 0.300805 0.19375 0.301308 0.197266 0.301308 0.197656 0.300805 0.200781 0.300805 0.201172 0.300302 0.201953 0.300302 0.202344 0.299799 0.202734 0.299799 0.203125 0.299296 0.203125 0.298793 0.204687 0.296781 0.205078 0.296781 0.205469 0.296278 0.20625 0.296278 0.206641 0.295775 0.207031 0.295775 0.207813 0.294769 0.208203 0.294769 0.208594 0.294266 0.208984 0.294266 0.209375 0.293763 0.210156 0.293763 0.210547 0.29326 0.211328 0.29326 0.211719 0.292757 0.212109 0.292757 0.2125 0.292254 0.212891 0.292254 0.213281 0.291751 0.214062 0.291751 0.214453 0.292254 0.216406 0.292254 0.216797 0.291751 0.217188 0.291751 0.217188 0.291247 0.217578 0.290744 0.217578 0.289738 0.220312 0.286217 0.220312 0.285714 0.220703 0.285211 0.220703 0.284708 0.221875 0.283199 0.222266 0.283199 0.222656 0.282696 0.223047 0.282696 0.223438 0.282193 0.224219 0.282193 0.225 0.281187 0.225391 0.281187 0.225781 0.280684 0.226562 0.280684 0.226953 0.280181 0.228125 0.280181 0.228516 0.279678 0.229687 0.279678 0.230078 0.279175 0.230859 0.279175 0.23125 0.278672 0.232031 0.278672 0.232813 0.277666 0.233203 0.277666 0.233203 0.277163 0.234375 0.275654 0.234375 0.275151 0.235156 0.274145 0.235547 0.274145 0.236328 0.273139 0.236719 0.273139 0.237109 0.272636 0.2375 0.272636 0.237891 0.272133 0.238281 0.272133 0.238672 0.27163 0.239063 0.27163 0.239453 0.271127 0.239844 0.271127 0.240234 0.270624 0.240625 0.270624 0.241016 0.270121 0.241406 0.270121 0.242188 0.269115 0.242969 0.269115 0.243359 0.268612 0.24375 0.268612 0.244141 0.268109 0.244531 0.268109 0.246875 0.265091 0.246875 0.264588 0.247266 0.264085 0.247266 0.262575 0.247656 0.262072
1 0.380859 0 0.380859 0.00150905 0.381641 0.00251509 0.382031 0.00251509 0.383203 0.00402414 0.383203 0.0055332 0.383984 0.00653924 0.384766 0.00653924 0.385156 0.00704225 0.385937 0.00704225 0.386328 0.00754527 0.387109 0.00754527 0.3875 0.00804829 0.387891 0.00804829 0.388281 0.00855131 0.388672 0.00855131 0.389062 0.00905433 0.389844 0.00905433 0.390234 0.00955734 0.391406 0.00955734 0.391797 0.0100604 0.393359 0.0100604 0.39375 0.0105634 0.396484 0.0105634 0.396875 0.0110664 0.400391 0.0110664 0.403906 0.0155936 0.403906 0.0160966 0.40625 0.0191147 0.406641 0.0191147 0.407813 0.0206237 0.408203 0.0206237 0.408984 0.0216298 0.409375 0.0216298 0.409766 0.0221328 0.410156 0.0221328 0.410938 0.0231388 0.411328 0.0231388 0.413281 0.0256539 0.413281 0.0261569 0.413672 0.02666 0.413672 0.027163 0.414062 0.027666 0.414062 0.028169 0.414453 0.028672 0.414453 0.0291751 0.414844 0.0296781 0.414844 0.0306841 0.415234 0.0311871 0.415234 0.0316901 0.415625 0.0321932 0.415625 0.0326962 0.416016 0.0331992 0.416016 0.0337022 0.416406 0.0342052 0.416406 0.0352113 0.416797 0.0357143 0.416797 0.0367203 0.417187 0.0372233 0.417187 0.0382294 0.417578 0.0387324 0.417578 0.0397384 0.417969 0.0402414 0.417969 0.0412475 0.418359 0.0417505 0.418359 0.0422535 0.41875 0.0427565 0.41875 0.0432596 0.419922 0.0447686 0.419922 0.0452716 0.420312 0.0457746 0.420312 0.0462777 0.420703 0.0467807 0.420703 0.0472837 0.421094 0.0477867 0.421094 0.0482897 0.421875 0.0492958 0.421875 0.0497988 0.422656 0.0508048 0.422656 0.0513078 0.423438 0.0523139 0.423438 0.0528169 0.424219 0.0538229 0.424219 0.054326 0.424609 0.054829 0.424609 0.055332 0.425 0.055835 0.425 0.056338 0.425391 0.056841 0.425391 0.0573441 0.425781 0.0578471 0.425781 0.0583501 0.426563 0.0593561 0.426563 0.0598592 0.429688 0.0638833 0.430078 0.0638833 0.433203 0.0679074 0.433594 0.0679074 0.434766 0.0694165 0.435156 0.0694165 0.436328 0.0709256 0.436328 0.0714286 0.437109 0.0724346 0.437109 0.0729376 0.439063 0.0754527 0.439063 0.0759557 0.439453 0.0759557 0.441797 0.0789738 0.441797 0.0794769 0.446484 0.0855131 0.446875 0.0855131 0.447266 0.0860161 0.448047 0.0860161 0.448437 0.0855131 0.448828 0.0855131 0.449219 0.0850101 0.449609 0.0850101 0.45 0.084507 0.450391 0.084507 0.450391 0.084004 0.450781 0.083501 0.450781 0.082495 0.451172 0.081992 0.451172 0.0689135 0.451562 0.0684105 0.451562 0.0603622 0.451953 0.0598592 0.451953 0.0492958 0.451562 0.0487928 0.451562 0.0477867 0.451172 0.0472837 0.451172 0.0467807 0.450781 0.0462777 0.450781 0.0457746 0.450391 0.0452716 0.450391 0.0447686 0.45 0.0442656 0.45 0.0427565 0.449609 0.0422535 0.449609 0.0407445 0.449219 0.0402414 0.449219 0.0392354 0.448828 0.0387324 0.448828 0.0382294 0.448437 0.0377264 0.448437 0.0372233 0.448047 0.0367203 0.448047 0.0337022 0.447656 0.0331992 0.447656 0.0326962 0.447266 0.0321932 0.447266 0.0316901 0.446484 0.0306841 0.446484 0.0301811 0.446094 0.0296781 0.446094 0.0291751 0.445703 0.028672 0.445703 0.028169 0.445312 0.027666 0.445312 0.027163 0.444922 0.02666 0.444922 0.0261569 0.444531 0.0256539 0.444531 0.0251509 0.441016 0.0206237 0.441016 0.0201207 0.440234 0.0191147 0.440234 0.0186117 0.439844 0.0181087 0.439844 0.0176056 0.438281 0.0155936 0.438281 0.0150905 0.4375 0.0140845 0.4375 0.0130785 0.436719 0.0120724 0.436719 0.0115694 0.436328 0.0110664 0.436328 0.0105634 0.435937 0.0100604 0.435937 0.00955734 0.433594 0.00653924 0.433594 0.00603622 0.430859 0.00251509 0.430469 0.00251509 0.429688 0.00150905 0.429688 0
1 0.352734 0.838531 0.352344 0.838028 0.351953 0.838028 0.351562 0.837525 0.351172 0.837525 0.350781 0.837022 0.349219 0.837022 0.348828 0.836519 0.346875 0.836519 0.346484 0.836016 0.344141 0.836016 0.34375 0.835513 0.342578 0.835513 0.342187 0.83501 0.341016 0.83501 0.340625 0.834507 0.339062 0.834507 0.338672 0.834004 0.337891 0.834004 0.3375 0.833501 0.337109 0.833501 0.336719 0.832998 0.336328 0.832998 0.335938 0.832495 0.335156 0.832495 0.334766 0.831992 0.333984 0.831992 0.333594 0.831489 0.331641 0.831489 0.33125 0.830986 0.325 0.830986 0.324609 0.830483 0.321484 0.830483 0.321094 0.82998 0.319141 0.82998 0.31875 0.829477 0.316016 0.829477 0.315625 0.828974 0.314063 0.828974 0.313672 0.829477 0.312109 0.829477 0.311719 0.82998 0.310547 0.82998 0.310156 0.830483 0.309375 0.830483 0.308984 0.830986 0.308594 0.830986 0.308203 0.831489 0.307422 0.831489 0.307031 0.831992 0.30625 0.831992 0.305859 0.832495 0.305469 0.832495 0.304688 0.833501 0.304297 0.833501 0.303125 0.83501 0.302734 0.83501 0.302344 0.835513 0.301953 0.835513 0.301563 0.836016 0.301172 0.836016 0.300781 0.836519 0.300391 0.836519 0.3 0.837022 0.299609 0.837022 0.299219 0.837525 0.298828 0.837525 0.298438 0.838028 0.298438 0.838531 0.298047 0.839034 0.298047 0.839537 0.297656 0.84004 0.297656 0.840543 0.297266 0.841046 0.297266 0.841549 0.294922 0.844567 0.294531 0.844567 0.291797 0.848089 0.291406 0.848089 0.289844 0.850101 0.289844 0.850604 0.289062 0.85161 0.289062 0.852113 0.284766 0.857646 0.284375 0.857646 0.283594 0.858652 0.283203 0.858652 0.282813 0.859155 0.282422 0.859155 0.281641 0.860161 0.28125 0.860161 0.280469 0.861167 0.280078 0.861167 0.278516 0.863179 0.278516 0.863682 0.277734 0.864688 0.277734 0.8667 0.278125 0.867203 0.278125 0.868712 0.278516 0.869215 0.278516 0.869718 0.280859 0.872736 0.28125 0.872736 0.282031 0.873742 0.283203 0.873742 0.283594 0.874245 0.289062 0.874245 0.289453 0.874748 0.3 0.874748 0.300391 0.874245 0.301563 0.874245 0.301953 0.873742 0.302734 0.873742 0.303516 0.872736 0.303906 0.872736 0.303906 0.872233 0.305078 0.870724 0.305469 0.870724 0.306641 0.869215 0.307031 0.869215 0.307422 0.868712 0.307812 0.868712 0.308203 0.868209 0.308984 0.868209 0.309375 0.867706 0.310156 0.867706 0.310547 0.867203 0.310937 0.867203 0.311328 0.8667 0.311719 0.8667 0.312109 0.866197 0.3125 0.866197 0.312891 0.865694 0.313281 0.865694 0.313672 0.865191 0.314063 0.865191 0.314453 0.864688 0.314844 0.864688 0.315625 0.863682 0.316016 0.863682 0.316797 0.862676 0.317188 0.862676 0.317578 0.862173 0.317969 0.862173 0.318359 0.86167 0.31875 0.86167 0.321484 0.858149 0.321875 0.858149 0.322266 0.857646 0.322656 0.857646 0.323047 0.857143 0.323437 0.857143 0.323828 0.85664 0.324219 0.85664 0.324609 0.856137 0.325 0.856137 0.325391 0.855634 0.332422 0.855634 0.332813 0.855131 0.334766 0.855131 0.335156 0.854628 0.336328 0.854628 0.336719 0.854125 0.3375 0.854125 0.337891 0.853622 0.338672 0.853622 0.339062 0.853119 0.340234 0.853119 0.340625 0.852616 0.341406 0.852616 0.341797 0.852113 0.342578 0.852113 0.342969 0.85161 0.343359 0.85161 0.34375 0.851107 0.344141 0.851107 0.344531 0.850604 0.344922 0.850604 0.345313 0.850101 0.345703 0.850101 0.346094 0.849598 0.346484 0.849598 0.347266 0.848592 0.347656 0.848592 0.348438 0.847586 0.348828 0.847586 0.349219 0.847082 0.349609 0.847082 0.352344 0.843561 0.352344 0.843058 0.352734 0.842555 0.352734 0.842052 0.353125 0.841549 0.353125 0.841046 0.352734 0.840543
1 0.134766 0.0402414 0.134766 0.0422535 0.135547 0.0432596 0.135547 0.0437626 0.136719 0.0452716 0.136719 0.0457746 0.138672 0.0482897 0.138672 0.0487928 0.140234 0.0508048 0.140234 0.0513078 0.141016 0.0523139 0.141016 0.0528169 0.141797 0.0538229 0.141797 0.054326 0.142578 0.055332 0.142578 0.055835 0.14375 0.0573441 0.144141 0.0573441 0.145313 0.0588531 0.145703 0.0588531 0.147266 0.0608652 0.147266 0.0613682 0.148047 0.0623742 0.148047 0.0628773 0.148438 0.0633803 0.148438 0.0638833 0.149219 0.0648893 0.149219 0.0653924 0.149609 0.0658954 0.149609 0.0663984 0.150391 0.0674044 0.150391 0.0679074 0.150781 0.0684105 0.151172 0.0684105 0.151953 0.0694165 0.152344 0.0694165 0.153906 0.0714286 0.153906 0.0719316 0.156641 0.0754527 0.156641 0.0759557 0.157031 0.0764588 0.157031 0.0769618 0.157422 0.0774648 0.157422 0.0784708 0.157812 0.0789738 0.157812 0.0799799 0.158203 0.0804829 0.158203 0.0809859 0.162891 0.0870221 0.162891 0.0875252 0.165625 0.0910463 0.166016 0.0910463 0.166406 0.0915493 0.166797 0.0915493 0.167187 0.0920523 0.167969 0.0920523 0.168359 0.0925553 0.169141 0.0925553 0.169531 0.0930584 0.169922 0.0930584 0.170313 0.0935614 0.170703 0.0935614 0.171094 0.0940644 0.171484 0.0940644 0.171875 0.0945674 0.172266 0.0945674 0.172656 0.0950704 0.173047 0.0950704 0.173437 0.0955734 0.173828 0.0955734 0.174219 0.0960765 0.174609 0.0960765 0.175 0.0965795 0.175391 0.0965795 0.175781 0.0970825 0.176563 0.0970825 0.176953 0.0975855 0.178516 0.0975855 0.178906 0.0980885 0.180078 0.0980885 0.180469 0.0985915 0.180859 0.0985915 0.18125 0.0990946 0.182812 0.0990946 0.183203 0.0985915 0.183984 0.0985915 0.184375 0.0980885 0.185547 0.0980885 0.186328 0.0990946 0.186328 0.0995976 0.186719 0.100101 0.186719 0.100604 0.187109 0.101107 0.187109 0.10161 0.187891 0.102616 0.187891 0.103119 0.188672 0.104125 0.189062 0.104125 0.189453 0.104628 0.189844 0.104628 0.190234 0.105131 0.191016 0.105131 0.191406 0.105634 0.192188 0.105634 0.192578 0.106137 0.193359 0.106137 0.19375 0.10664 0.194141 0.10664 0.195703 0.108652 0.196094 0.108652 0.196484 0.109155 0.200391 0.109155 0.200781 0.108652 0.201172 0.108652 0.201172 0.108149 0.201953 0.107143 0.201953 0.10664 0.202344 0.106137 0.202344 0.105634 0.202734 0.105131 0.202734 0.102616 0.202344 0.102113 0.202344 0.10161 0.201953 0.101107 0.201953 0.100604 0.201563 0.100101 0.201563 0.0995976 0.201172 0.0990946 0.201172 0.0985915 0.201563 0.0980885 0.201563 0.0960765 0.201172 0.0955734 0.201172 0.0950704 0.200781 0.0950704 0.2 0.0940644 0.199609 0.0940644 0.198828 0.0930584 0.198828 0.0925553 0.198437 0.0920523 0.198437 0.0915493 0.198047 0.0910463 0.198047 0.0880282 0.197656 0.0875252 0.197656 0.0870221 0.197266 0.0865191 0.197266 0.0860161 0.196875 0.0855131 0.196875 0.0850101 0.196484 0.084507 0.196484 0.083501 0.196094 0.082998 0.196094 0.0799799 0.195703 0.0794769 0.195703 0.0789738 0.194922 0.0779678 0.194922 0.0774648 0.194141 0.0764588 0.194141 0.0754527 0.19375 0.0749497 0.19375 0.0724346 0.192969 0.0714286 0.191406 0.0714286 0.191016 0.0709256 0.190625 0.0709256 0.190234 0.0704225 0.190234 0.0699195 0.189844 0.0694165 0.189844 0.0684105 0.186719 0.0643863 0.186719 0.0638833 0.184375 0.0608652 0.184375 0.0603622 0.183594 0.0593561 0.183203 0.0593561 0.182422 0.0583501 0.182031 0.0583501 0.181641 0.0578471 0.18125 0.0578471 0.180078 0.056338 0.179688 0.056338 0.178125 0.054326 0.177734 0.054326 0.176953 0.0533199 0.176563 0.0533199 0.175391 0.0518109 0.175 0.0518109 0.174609 0.0513078 0.173828 0.0513078 0.173047 0.0503018 0.172656 0.0503018 0.171094 0.0482897 0.170703 0.0482897 0.170313 0.0477867 0.169922 0.0477867 0.169531 0.0472837 0.167969 0.0472837 0.167578 0.0467807 0.166406 0.0467807 0.166016 0.0462777 0.165625 0.0462777 0.165234 0.0457746 0.164844 0.0457746 0.164453 0.0452716 0.163672 0.0452716 0.163281 0.0447686 0.162891 0.0447686 0.1625 0.0442656 0.162109 0.0442656 0.161719 0.0437626 0.160547 0.0437626 0.160156 0.0432596 0.158984 0.0432596 0.15625 0.0397384 0.155859 0.0397384 0.155469 0.0392354 0.155078 0.0392354 0.154688 0.0387324 0.150391 0.0387324 0.15 0.0392354 0.141016 0.0392354 0.140625 0.0387324 0.138281 0.0387324 0.137891 0.0392354 0.136719 0.0392354 0.136328 0.0397384 0.135547 0.0397384 0.135156 0.0402414
1 0.517969 0.471831 0.517188 0.472837 0.517188 0.47334 0.516797 0.473843 0.516797 0.474849 0.516406 0.475352 0.516406 0.476358 0.516016 0.476861 0.516016 0.477867 0.515625 0.47837 0.515625 0.480382 0.515234 0.480885 0.515234 0.482897 0.514844 0.4834 0.514844 0.485412 0.514453 0.485915 0.514453 0.486922 0.514062 0.487425 0.514062 0.488934 0.513672 0.489437 0.513672 0.490443 0.513281 0.490946 0.513281 0.491952 0.512891 0.492455 0.512891 0.494467 0.5125 0.49497 0.5125 0.497988 0.512109 0.498491 0.512109 0.5 0.511719 0.500503 0.511719 0.501006 0.511328 0.501509 0.511328 0.506539 0.510938 0.507042 0.510938 0.512575 0.511328 0.513078 0.511328 0.5166 0.511719 0.517103 0.511719 0.519115 0.512109 0.519618 0.512109 0.521127 0.5125 0.52163 0.5125 0.526157 0.512891 0.52666 0.512891 0.527666 0.513281 0.528169 0.513281 0.529175 0.513672 0.529678 0.513672 0.530684 0.514062 0.531187 0.514062 0.532696 0.514453 0.533199 0.514453 0.533702 0.514844 0.534205 0.514844 0.534708 0.515234 0.535211 0.515234 0.535714 0.515625 0.536217 0.515625 0.53672 0.516016 0.537223 0.516016 0.537726 0.518359 0.540744 0.51875 0.540744 0.519922 0.542254 0.520312 0.542254 0.520703 0.542757 0.521094 0.542757 0.521484 0.54326 0.521875 0.54326 0.522266 0.543763 0.522656 0.543763 0.523438 0.544769 0.523828 0.544769 0.525391 0.546781 0.525781 0.546781 0.528125 0.549799 0.528516 0.549799 0.528906 0.550302 0.529297 0.550302 0.530859 0.552314 0.530859 0.552817 0.53125 0.55332 0.53125 0.553823 0.533984 0.557344 0.534375 0.557344 0.535937 0.559356 0.536328 0.559356 0.537109 0.560362 0.5375 0.560362 0.537891 0.560865 0.538281 0.560865 0.538672 0.561368 0.539453 0.561368 0.539844 0.561871 0.541016 0.561871 0.541406 0.561368 0.541797 0.561368 0.541797 0.560865 0.542188 0.560362 0.542188 0.55835 0.542578 0.557847 0.542578 0.555332 0.542188 0.554829 0.542188 0.55332 0.541797 0.552817 0.541797 0.551811 0.542188 0.551308 0.542188 0.547787 0.541797 0.547284 0.541797 0.546278 0.541406 0.545775 0.541406 0.543763 0.541797 0.54326 0.541797 0.537726 0.541406 0.537223 0.541406 0.53672 0.541797 0.536217 0.541797 0.532696 0.541016 0.53169 0.541016 0.531187 0.540625 0.530684 0.540625 0.530181 0.540234 0.529678 0.540234 0.523139 0.539844 0.522636 0.539844 0.515594 0.539453 0.515091 0.539453 0.512575 0.539062 0.512072 0.539062 0.51006 0.538672 0.509557 0.538672 0.507545 0.538281 0.507042 0.538281 0.505533 0.537891 0.50503 0.537891 0.504527 0.537109 0.503521 0.537109 0.503018 0.533984 0.498994 0.533984 0.498491 0.533203 0.497485 0.533203 0.496982 0.532422 0.495976 0.532422 0.495473 0.532031 0.49497 0.532031 0.494467 0.531641 0.493964 0.531641 0.493461 0.53125 0.492958 0.53125 0.492455 0.530859 0.491952 0.530859 0.491449 0.530469 0.490946 0.530469 0.490443 0.530078 0.48994 0.530078 0.488934 0.529687 0.488431 0.529687 0.487928 0.529297 0.487425 0.529297 0.486922 0.528906 0.486419 0.528906 0.485915 0.528516 0.485412 0.528516 0.484909 0.528125 0.484406 0.528125 0.483903 0.527344 0.482897 0.527344 0.482394 0.526953 0.481891 0.526953 0.481388 0.526563 0.480885 0.526563 0.480382 0.526172 0.479879 0.526172 0.479376 0.525781 0.478873 0.525781 0.47837 0.524219 0.476358 0.524219 0.475855 0.523438 0.474849 0.523438 0.474346 0.522656 0.47334 0.522656 0.472837 0.522266 0.472334 0.521875 0.472334 0.521484 0.471831
1 0.417578 0.487425 0.411328 0.487425 0.410938 0.487928 0.409375 0.487928 0.408984 0.488431 0.407813 0.488431 0.404297 0.492958 0.403906 0.492958 0.403516 0.493461 0.403516 0.493964 0.403125 0.494467 0.403125 0.495473 0.402734 0.495976 0.402734 0.496479 0.401953 0.497485 0.401953 0.497988 0.401562 0.498491 0.401562 0.501006 0.401172 0.501509 0.401172 0.502515 0.400781 0.503018 0.400781 0.503521 0.400391 0.504024 0.400391 0.504527 0.4 0.50503 0.4 0.509054 0.399609 0.509557 0.399609 0.512072 0.399219 0.512575 0.399219 0.515091 0.398828 0.515594 0.398828 0.52666 0.399219 0.527163 0.399219 0.528672 0.399609 0.529175 0.399609 0.530181 0.400391 0.531187 0.400391 0.53169 0.401562 0.533199 0.401562 0.533702 0.402344 0.534708 0.402734 0.534708 0.403516 0.535714 0.403906 0.535714 0.404297 0.536217 0.404687 0.536217 0.405859 0.537726 0.40625 0.537726 0.406641 0.538229 0.407813 0.538229 0.408203 0.538732 0.410938 0.538732 0.411328 0.539235 0.4125 0.539235 0.412891 0.538732 0.414062 0.538732 0.414453 0.538229 0.416016 0.538229 0.416406 0.537726 0.417187 0.537726 0.417578 0.537223 0.417969 0.537223 0.418359 0.53672 0.41875 0.53672 0.419141 0.536217 0.419531 0.536217 0.420703 0.534708 0.420703 0.533702 0.421094 0.533199 0.421094 0.529175 0.421484 0.528672 0.421484 0.527163 0.421875 0.52666 0.421875 0.524145 0.422266 0.523642 0.422266 0.52163 0.422656 0.521127 0.422656 0.518612 0.423047 0.518109 0.423047 0.513581 0.423438 0.513078 0.423438 0.51006 0.423828 0.509557 0.423828 0.50503 0.424219 0.504527 0.424219 0.499497 0.424609 0.498994 0.424609 0.497485 0.424219 0.496982 0.424219 0.495473 0.423828 0.49497 0.423828 0.493964 0.423438 0.493461 0.423438 0.492958 0.422266 0.491449 0.422266 0.490946 0.421094 0.489437 0.420703 0.489437 0.419922 0.488431 0.419141 0.488431 0.41875 0.487928 0.417969 0.487928
1 0.382812 0.0885312 0.382422 0.0885312 0.382031 0.0880282 0.378516 0.0880282 0.378125 0.0885312 0.377344 0.0885312 0.376953 0.0890342 0.376172 0.0890342 0.375781 0.0895372 0.375 0.0895372 0.374609 0.0900402 0.373828 0.0900402 0.373437 0.0905433 0.373047 0.0905433 0.372656 0.0910463 0.371484 0.0910463 0.371094 0.0915493 0.369922 0.0915493 0.369531 0.0920523 0.36875 0.0920523 0.367969 0.0930584 0.367578 0.0930584 0.366797 0.0940644 0.366406 0.0940644 0.366016 0.0945674 0.365625 0.0945674 0.365234 0.0950704 0.364844 0.0950704 0.364453 0.0955734 0.364063 0.0955734 0.363672 0.0960765 0.363281 0.0960765 0.3625 0.0970825 0.362109 0.0970825 0.361719 0.0975855 0.360938 0.0975855 0.360547 0.0980885 0.360156 0.0980885 0.358594 0.100101 0.358203 0.100101 0.357812 0.100604 0.357422 0.100604 0.357031 0.101107 0.356641 0.101107 0.35625 0.10161 0.355859 0.10161 0.355469 0.102113 0.355078 0.102113 0.354687 0.102616 0.354297 0.102616 0.353125 0.104125 0.352734 0.104125 0.347656 0.110664 0.347266 0.110664 0.345313 0.113179 0.345313 0.113682 0.344922 0.114185 0.344922 0.115191 0.344531 0.115694 0.344531 0.116197 0.344141 0.1167 0.344141 0.117203 0.34375 0.117706 0.34375 0.118209 0.343359 0.118712 0.343359 0.120221 0.342969 0.120724 0.342969 0.129779 0.343359 0.130282 0.343359 0.132797 0.34375 0.1333 0.34375 0.135815 0.343359 0.136318 0.343359 0.137827 0.342969 0.13833 0.342969 0.138833 0.342578 0.139336 0.342578 0.139839 0.342187 0.140342 0.342187 0.141348 0.341797 0.141851 0.341797 0.145372 0.341406 0.145875 0.341406 0.14839 0.341016 0.148893 0.341016 0.154427 0.341406 0.15493 0.341406 0.155433 0.342187 0.156439 0.342578 0.156439 0.342969 0.156942 0.343359 0.156942 0.34375 0.157445 0.344141 0.157445 0.344531 0.157948 0.348047 0.157948 0.348438 0.157445 0.349609 0.157445 0.35 0.156942 0.350391 0.156942 0.351172 0.155936 0.351562 0.155936 0.351953 0.155433 0.352734 0.155433 0.353125 0.15493 0.353516 0.15493 0.353906 0.154427 0.354687 0.154427 0.355078 0.153924 0.355859 0.153924 0.35625 0.153421 0.356641 0.153421 0.357031 0.152918 0.358203 0.152918 0.358594 0.152414 0.359375 0.152414 0.359766 0.151911 0.360547 0.151911 0.360938 0.151408 0.361719 0.151408 0.362109 0.150905 0.3625 0.150905 0.362891 0.150402 0.363281 0.150402 0.363672 0.149899 0.364063 0.149899 0.364453 0.149396 0.364844 0.149396 0.366797 0.146881 0.366797 0.146378 0.367188 0.145875 0.367188 0.144869 0.367578 0.144366 0.367578 0.143863 0.367969 0.14336 0.367969 0.142857 0.368359 0.142354 0.368359 0.141348 0.36875 0.140845 0.36875 0.140342 0.371875 0.136318 0.372656 0.136318 0.373437 0.135312 0.373437 0.131791 0.373047 0.131288 0.373047 0.130785 0.373437 0.130282 0.373437 0.129276 0.373828 0.128773 0.373828 0.125755 0.374219 0.125252 0.374219 0.123239 0.373828 0.122736 0.373828 0.118712 0.373437 0.118209 0.373437 0.114185 0.373828 0.113682 0.373828 0.112173 0.374219 0.11167 0.374219 0.110161 0.374609 0.109658 0.374609 0.109155 0.375 0.108652 0.375 0.108149 0.375391 0.107646 0.375391 0.107143 0.376563 0.105634 0.376953 0.105634 0.377734 0.104628 0.378125 0.104628 0.378906 0.103622 0.379297 0.103622 0.380078 0.102616 0.380469 0.102616 0.38125 0.10161 0.381641 0.10161 0.381641 0.101107 0.382422 0.100101 0.382422 0.0995976 0.382812 0.0990946 0.382812 0.0985915 0.383203 0.0980885 0.383203 0.0970825 0.383594 0.0965795 0.383594 0.0960765 0.383984 0.0955734 0.383984 0.0905433 0.383203 0.0895372 0.383203 0.0890342
1 0.518359 0.782696 0.518359 0.784205 0.519141 0.785211 0.519141 0.785714 0.521094 0.788229 0.521484 0.788229 0.521875 0.788732 0.522266 0.788732 0.522656 0.789235 0.523047 0.789235 0.523828 0.790241 0.524219 0.790241 0.527344 0.794266 0.527734 0.794266 0.530078 0.797284 0.530469 0.797284 0.530859 0.797787 0.532031 0.797787 0.532422 0.79829 0.533594 0.79829 0.534375 0.799296 0.534766 0.799296 0.535156 0.799799 0.535937 0.799799 0.536328 0.800302 0.537891 0.800302 0.538281 0.800805 0.540625 0.800805 0.541016 0.801308 0.542578 0.801308 0.542969 0.801811 0.544922 0.801811 0.545312 0.802314 0.546094 0.802314 0.546484 0.802817 0.547266 0.802817 0.547656 0.80332 0.550391 0.80332 0.550781 0.803823 0.558203 0.803823 0.558594 0.804326 0.561328 0.804326 0.561719 0.803823 0.564063 0.803823 0.564453 0.80332 0.566797 0.80332 0.567187 0.802817 0.568359 0.802817 0.56875 0.802314 0.569141 0.802314 0.569922 0.801308 0.570312 0.801308 0.570703 0.800805 0.571094 0.800805 0.571484 0.800302 0.572266 0.800302 0.572656 0.799799 0.573047 0.799799 0.573438 0.799296 0.574219 0.799296 0.574609 0.798793 0.575 0.798793 0.575391 0.79829 0.575781 0.79829 0.576172 0.797787 0.576562 0.797787 0.578125 0.795775 0.578516 0.795775 0.58125 0.792254 0.58125 0.790744 0.580859 0.790241 0.580469 0.790241 0.580078 0.789738 0.579688 0.789738 0.579297 0.789235 0.578906 0.789235 0.578516 0.788732 0.578125 0.788732 0.576172 0.786217 0.574609 0.786217 0.574219 0.785714 0.573047 0.785714 0.572656 0.785211 0.571875 0.785211 0.571094 0.784205 0.570703 0.784205 0.570312 0.783702 0.569922 0.783702 0.569531 0.783199 0.56875 0.783199 0.568359 0.782696 0.567187 0.782696 0.566797 0.782193 0.566016 0.782193 0.565625 0.78169 0.564844 0.78169 0.564453 0.781187 0.564063 0.781187 0.560547 0.77666 0.560156 0.77666 0.559766 0.776157 0.559375 0.776157 0.558984 0.775654 0.558594 0.775654 0.558203 0.775151 0.557422 0.775151 0.557031 0.774648 0.55625 0.774648 0.555859 0.774145 0.555078 0.774145 0.554688 0.773642 0.553906 0.773642 0.553516 0.773139 0.553125 0.773139 0.552734 0.772636 0.552344 0.772636 0.551953 0.772133 0.551562 0.772133 0.551172 0.77163 0.550781 0.77163 0.550391 0.771127 0.55 0.771127 0.549609 0.770624 0.548828 0.770624 0.548438 0.770121 0.548047 0.770121 0.547656 0.769618 0.547266 0.769618 0.545703 0.767606 0.544922 0.767606 0.544531 0.767103 0.541797 0.767103 0.541406 0.7666 0.535156 0.7666 0.534766 0.767103 0.534375 0.767103 0.533594 0.768109 0.533594 0.771127 0.533984 0.77163 0.533984 0.772133 0.535937 0.774648 0.535937 0.775151 0.533594 0.778169 0.528906 0.778169 0.528516 0.778672 0.525 0.778672 0.524609 0.779175 0.523047 0.779175 0.522656 0.779678 0.521875 0.779678 0.521484 0.780181 0.521094 0.780181 0.520703 0.780684 0.520312 0.780684 0.519531 0.78169 0.519141 0.78169
1 0.348438 0.028672 0.347656 0.027666 0.347266 0.027666 0.346875 0.027163 0.346094 0.027163 0.345703 0.02666 0.344922 0.02666 0.344531 0.0261569 0.343359 0.0261569 0.342969 0.0256539 0.335938 0.0256539 0.335547 0.0261569 0.331641 0.0261569 0.33125 0.02666 0.323047 0.02666 0.322656 0.027163 0.322266 0.027163 0.321875 0.02666 0.318359 0.02666 0.317969 0.0261569 0.309375 0.0261569 0.308984 0.02666 0.307812 0.02666 0.307422 0.027163 0.30625 0.027163 0.305859 0.027666 0.305469 0.027666 0.305078 0.028169 0.304688 0.028169 0.304297 0.028672 0.304297 0.0291751 0.303516 0.0301811 0.303516 0.0306841 0.301953 0.0326962 0.301953 0.0331992 0.301563 0.0337022 0.301563 0.0342052 0.300781 0.0352113 0.300781 0.0357143 0.300391 0.0362173 0.300391 0.0367203 0.3 0.0372233 0.3 0.0377264 0.299609 0.0382294 0.299609 0.0387324 0.298828 0.0397384 0.298828 0.0402414 0.298047 0.0412475 0.298047 0.0422535 0.297656 0.0427565 0.297656 0.0437626 0.297266 0.0442656 0.297266 0.0462777 0.296875 0.0467807 0.296875 0.0518109 0.296484 0.0523139 0.296484 0.0573441 0.296094 0.0578471 0.296094 0.0613682 0.296484 0.0618712 0.296484 0.0724346 0.296094 0.0729376 0.296094 0.0754527 0.295703 0.0759557 0.295703 0.0769618 0.295312 0.0774648 0.295312 0.0784708 0.294922 0.0789738 0.294922 0.0794769 0.294531 0.0799799 0.294531 0.0809859 0.294141 0.0814889 0.294141 0.081992 0.29375 0.082495 0.29375 0.083501 0.293359 0.084004 0.293359 0.084507 0.292969 0.0850101 0.292969 0.0855131 0.292187 0.0865191 0.292187 0.0870221 0.291797 0.0875252 0.291797 0.0900402 0.292187 0.0905433 0.292187 0.0915493 0.292578 0.0920523 0.292969 0.0920523 0.293359 0.0925553 0.298828 0.0925553 0.299219 0.0920523 0.301172 0.0920523 0.301563 0.0915493 0.303125 0.0915493 0.303516 0.0910463 0.304688 0.0910463 0.305078 0.0905433 0.30625 0.0905433 0.306641 0.0900402 0.307422 0.0900402 0.307812 0.0895372 0.308984 0.0895372 0.309375 0.0890342 0.310547 0.0890342 0.310937 0.0885312 0.311328 0.0885312 0.311719 0.0880282 0.312109 0.0880282 0.3125 0.0875252 0.312891 0.0875252 0.313672 0.0865191 0.314453 0.0865191 0.314844 0.0860161 0.315234 0.0860161 0.315625 0.0855131 0.316016 0.0855131 0.316406 0.0850101 0.317188 0.0850101 0.317578 0.084507 0.317969 0.084507 0.323047 0.0779678 0.323437 0.0779678 0.323828 0.0774648 0.324219 0.0774648 0.324609 0.0769618 0.325 0.0769618 0.325781 0.0759557 0.326172 0.0759557 0.326953 0.0749497 0.326953 0.0744467 0.327734 0.0734406 0.327734 0.0729376 0.328516 0.0719316 0.328516 0.0714286 0.328906 0.0709256 0.328906 0.0704225 0.330078 0.0689135 0.330078 0.0684105 0.330469 0.0679074 0.330469 0.0674044 0.330859 0.0669014 0.330859 0.0658954 0.33125 0.0653924 0.33125 0.0643863 0.331641 0.0638833 0.331641 0.0633803 0.332031 0.0628773 0.332031 0.0623742 0.332422 0.0618712 0.332422 0.0613682 0.333203 0.0603622 0.333203 0.0598592 0.333594 0.0593561 0.333594 0.0588531 0.333984 0.0583501 0.333984 0.0578471 0.334375 0.0573441 0.334375 0.056841 0.334766 0.056338 0.334766 0.054829 0.335156 0.054326 0.335156 0.0533199 0.335547 0.0528169 0.335547 0.0518109 0.335938 0.0513078 0.335938 0.0503018 0.336328 0.0497988 0.336328 0.0487928 0.336719 0.0482897 0.336719 0.0472837 0.337109 0.0467807 0.337109 0.0462777 0.341016 0.0412475 0.341406 0.0412475 0.341406 0.0407445 0.343359 0.0382294 0.343359 0.0377264 0.344141 0.0367203 0.344141 0.0362173 0.345703 0.0342052 0.345703 0.0337022 0.346484 0.0326962 0.346484 0.0321932 0.347266 0.0311871 0.347266 0.0306841 0.347656 0.0301811 0.348047 0.0301811 0.348047 0.0296781 0.348438 0.0291751
1 0.383984 0.697183 0.383594 0.697686 0.383594 0.698189 0.383203 0.698692 0.383203 0.699195 0.382812 0.699698 0.382812 0.703219 0.383203 0.703722 0.383203 0.704728 0.383594 0.705231 0.383594 0.706237 0.383984 0.70674 0.383984 0.707243 0.385547 0.709256 0.385937 0.709256 0.386328 0.709759 0.386719 0.709759 0.387891 0.711268 0.387891 0.711771 0.388281 0.712274 0.388281 0.712777 0.388672 0.71328 0.389062 0.71328 0.389453 0.713783 0.390234 0.713783 0.391797 0.715795 0.391797 0.716298 0.392969 0.717807 0.393359 0.717807 0.39375 0.71831 0.394141 0.71831 0.394922 0.719316 0.394922 0.719819 0.395313 0.720322 0.395313 0.720825 0.395703 0.721328 0.395703 0.721831 0.397266 0.723843 0.397266 0.724346 0.397656 0.724849 0.397656 0.725352 0.397266 0.725855 0.397266 0.727364 0.396875 0.727867 0.396875 0.72837 0.397266 0.728873 0.397266 0.729376 0.398438 0.730885 0.398438 0.731891 0.398828 0.732394 0.398828 0.7334 0.399219 0.733903 0.399219 0.734909 0.4 0.735915 0.4 0.736419 0.400391 0.736922 0.400391 0.737928 0.400781 0.738431 0.400781 0.73994 0.401172 0.740443 0.401172 0.740946 0.401562 0.741449 0.401562 0.742455 0.401953 0.742958 0.401953 0.743964 0.402344 0.744467 0.402344 0.745473 0.403906 0.747485 0.404297 0.747485 0.405078 0.748491 0.405078 0.749497 0.405859 0.750503 0.405859 0.751006 0.40625 0.751509 0.406641 0.751509 0.408203 0.753521 0.408203 0.754024 0.408594 0.754527 0.408594 0.75503 0.408984 0.755533 0.408984 0.756036 0.409375 0.756539 0.409375 0.757042 0.409766 0.757545 0.409766 0.759557 0.410156 0.76006 0.410156 0.760563 0.410547 0.761066 0.410547 0.761569 0.411719 0.763078 0.411719 0.763581 0.4125 0.764588 0.4125 0.765091 0.412891 0.765594 0.412891 0.767103 0.413281 0.767606 0.413281 0.768109 0.413672 0.768612 0.413672 0.769115 0.414062 0.769618 0.414062 0.770121 0.414453 0.770624 0.414453 0.771127 0.414844 0.77163 0.414844 0.772636 0.415234 0.773139 0.415234 0.774145 0.415625 0.774648 0.415625 0.775151 0.416016 0.775654 0.416016 0.776157 0.416406 0.77666 0.416406 0.777666 0.416797 0.778169 0.416797 0.778672 0.417187 0.779175 0.417187 0.779678 0.417969 0.780684 0.417969 0.781187 0.418359 0.78169 0.418359 0.782193 0.41875 0.782696 0.41875 0.783199 0.419141 0.783702 0.419141 0.784205 0.419531 0.784708 0.419922 0.784708 0.420312 0.785211 0.421094 0.785211 0.421484 0.785714 0.421875 0.785714 0.422266 0.786217 0.422656 0.786217 0.423047 0.78672 0.423438 0.78672 0.424219 0.785714 0.424219 0.785211 0.424609 0.784708 0.424609 0.784205 0.425 0.783702 0.425 0.782696 0.425391 0.782193 0.425391 0.780684 0.425781 0.780181 0.425781 0.779175 0.426172 0.778672 0.426172 0.777666 0.426563 0.777163 0.426563 0.77666 0.426953 0.776157 0.426953 0.775654 0.427344 0.775151 0.427344 0.771127 0.427734 0.770624 0.427734 0.768612 0.428125 0.768109 0.428125 0.762072 0.428516 0.761569 0.428516 0.757042 0.428125 0.756539 0.428125 0.751509 0.427734 0.751006 0.427734 0.75 0.427344 0.749497 0.427344 0.748994 0.426563 0.747988 0.426563 0.746982 0.426172 0.746479 0.426172 0.744467 0.425781 0.743964 0.425781 0.743461 0.425391 0.742958 0.425391 0.741952 0.425 0.741449 0.425 0.73994 0.424609 0.739437 0.424609 0.737928 0.424219 0.737425 0.424219 0.735915 0.423828 0.735412 0.423828 0.733903 0.423438 0.7334 0.423438 0.732394 0.423047 0.731891 0.423047 0.731388 0.422656 0.730885 0.422656 0.730382 0.422266 0.729879 0.422266 0.728873 0.421875 0.72837 0.421875 0.727867 0.421484 0.727364 0.421484 0.726358 0.421094 0.725855 0.421094 0.725352 0.420703 0.724849 0.420703 0.72334 0.420312 0.722837 0.420312 0.721831 0.419922 0.721328 0.419922 0.720825 0.419531 0.720322 0.419141 0.720322 0.41875 0.719819 0.418359 0.719819 0.417969 0.719316 0.417578 0.719316 0.416016 0.717304 0.415625 0.717304 0.413281 0.714286 0.413281 0.71328 0.4125 0.712274 0.412109 0.712274 0.411719 0.711771 0.411328 0.711771 0.410938 0.711268 0.410547 0.711268 0.408203 0.708249 0.407813 0.708249 0.407422 0.707746 0.407031 0.707746 0.405469 0.705734 0.405469 0.705231 0.405078 0.704728 0.404687 0.704728 0.404297 0.704225 0.403516 0.704225 0.403125 0.703722 0.401953 0.703722 0.401562 0.703219 0.400781 0.703219 0.400391 0.702716 0.4 0.702716 0.399609 0.702213 0.399219 0.702213 0.398828 0.70171 0.398047 0.70171 0.397656 0.701207 0.397266 0.701207 0.396875 0.700704 0.396094 0.700704 0.395703 0.700201 0.394531 0.700201 0.394141 0.699698 0.39375 0.699698 0.393359 0.699195 0.392188 0.699195 0.391797 0.698692 0.390625 0.698692 0.390234 0.698189 0.389844 0.698189 0.389453 0.697686 0.389062 0.697686 0.388672 0.697183 0.386719 0.697183 0.386328 0.69668 0.384766 0.69668 0.384375 0.697183
1 0.181641 0.545272 0.182031 0.545775 0.182031 0.546278 0.183984 0.548793 0.184375 0.548793 0.184766 0.549296 0.186719 0.549296 0.187109 0.548793 0.188672 0.548793 0.189062 0.54829 0.189453 0.54829 0.189844 0.547787 0.190234 0.547787 0.190625 0.547284 0.191016 0.547284 0.191406 0.546781 0.191797 0.546781 0.192188 0.546278 0.192969 0.546278 0.193359 0.545775 0.19375 0.545775 0.194531 0.544769 0.194922 0.544769 0.196094 0.54326 0.196484 0.54326 0.196875 0.542757 0.197656 0.542757 0.198047 0.542254 0.198828 0.542254 0.199219 0.541751 0.2 0.541751 0.200391 0.541247 0.200781 0.541247 0.201172 0.540744 0.202734 0.540744 0.203125 0.540241 0.204687 0.540241 0.205078 0.539738 0.208203 0.539738 0.208594 0.539235 0.210156 0.539235 0.210547 0.538732 0.212109 0.538732 0.2125 0.538229 0.215625 0.538229 0.216016 0.537726 0.218359 0.537726 0.21875 0.537223 0.221875 0.537223 0.222266 0.53672 0.226562 0.53672 0.226953 0.536217 0.228906 0.536217 0.229297 0.535714 0.230078 0.535714 0.230469 0.535211 0.23125 0.535211 0.231641 0.534708 0.232031 0.534708 0.232422 0.534205 0.233203 0.534205 0.233984 0.533199 0.234375 0.533199 0.234766 0.532696 0.235156 0.532696 0.235547 0.532193 0.236328 0.532193 0.236719 0.53169 0.237891 0.53169 0.238281 0.531187 0.240234 0.531187 0.240625 0.530684 0.241797 0.530684 0.242188 0.530181 0.24375 0.530181 0.244141 0.529678 0.245703 0.529678 0.246094 0.529175 0.247266 0.529175 0.247656 0.528672 0.248047 0.528672 0.249609 0.52666 0.249609 0.526157 0.251563 0.523642 0.251953 0.523642 0.252344 0.523139 0.252734 0.523139 0.253125 0.522636 0.253516 0.522636 0.253906 0.522133 0.254688 0.522133 0.255078 0.52163 0.255859 0.52163 0.256641 0.520624 0.256641 0.520121 0.257422 0.519115 0.257422 0.518612 0.257812 0.518109 0.257812 0.514588 0.257422 0.514085 0.257422 0.513581 0.25625 0.512072 0.255859 0.512072 0.255469 0.511569 0.255078 0.511569 0.254688 0.511066 0.253906 0.511066 0.253516 0.510563 0.253125 0.510563 0.252734 0.51006 0.251953 0.51006 0.251563 0.509557 0.250391 0.509557 0.25 0.509054 0.248828 0.509054 0.248438 0.508551 0.247266 0.508551 0.246875 0.509054 0.24375 0.509054 0.243359 0.509557 0.239453 0.509557 0.239063 0.509054 0.2375 0.509054 0.237109 0.508551 0.235937 0.508551 0.235547 0.508048 0.234766 0.508048 0.234375 0.507545 0.233594 0.507545 0.233203 0.507042 0.232422 0.507042 0.232031 0.506539 0.23125 0.506539 0.230859 0.506036 0.230078 0.506036 0.229687 0.505533 0.228906 0.505533 0.228516 0.50503 0.228125 0.50503 0.227734 0.504527 0.227344 0.504527 0.226953 0.504024 0.226562 0.504024 0.226172 0.503521 0.225781 0.503521 0.225 0.502515 0.224609 0.502515 0.224219 0.502012 0.223828 0.502012 0.223438 0.501509 0.223047 0.501509 0.222656 0.501006 0.222266 0.501006 0.221484 0.5 0.221094 0.5 0.220703 0.499497 0.220312 0.499497 0.219922 0.498994 0.219531 0.498994 0.219141 0.498491 0.21875 0.498491 0.218359 0.497988 0.217578 0.497988 0.217188 0.497485 0.208203 0.497485 0.207813 0.497988 0.20625 0.497988 0.205859 0.498491 0.205469 0.498491 0.204297 0.5 0.204297 0.500503 0.203906 0.501006 0.203906 0.501509 0.203516 0.502012 0.203516 0.502515 0.203125 0.503018 0.203125 0.503521 0.202734 0.504024 0.202734 0.504527 0.200391 0.507545 0.200391 0.508048 0.199219 0.509557 0.199219 0.51006 0.198047 0.511569 0.198047 0.512072 0.197266 0.513078 0.197266 0.513581 0.196484 0.514588 0.196484 0.515594 0.195703 0.5166 0.195703 0.517103 0.195312 0.517606 0.195312 0.518612 0.194922 0.519115 0.194922 0.520121 0.194531 0.520624 0.194531 0.52163 0.194141 0.522133 0.194141 0.522636 0.193359 0.523642 0.193359 0.524145 0.192578 0.525151 0.192578 0.525654 0.192188 0.526157 0.192188 0.52666 0.188672 0.531187 0.188672 0.53169 0.1875 0.533199 0.1875 0.533702 0.187109 0.534205 0.187109 0.534708 0.186719 0.535211 0.186719 0.535714 0.185547 0.537223 0.185547 0.537726 0.183594 0.540241 0.183594 0.540744 0.182422 0.542254 0.182422 0.542757 0.182031 0.54326 0.182031 0.543763 0.181641 0.544266
1 0.447656 0.788732 0.447266 0.788732 0.446484 0.787726 0.446094 0.787726 0.445703 0.787223 0.445312 0.787223 0.444531 0.786217 0.442188 0.786217 0.441406 0.787223 0.441016 0.787223 0.439844 0.788732 0.439453 0.788732 0.439453 0.789235 0.438281 0.790744 0.438281 0.791751 0.437891 0.792254 0.437891 0.793763 0.4375 0.794266 0.4375 0.794769 0.435547 0.797284 0.435156 0.797284 0.434766 0.797787 0.433984 0.797787 0.433594 0.79829 0.433203 0.79829 0.432812 0.798793 0.432031 0.798793 0.431641 0.799296 0.43125 0.799296 0.430469 0.800302 0.430078 0.800302 0.429688 0.800805 0.429297 0.800805 0.428516 0.801811 0.428125 0.801811 0.427734 0.802314 0.427344 0.802314 0.426953 0.802817 0.426563 0.802817 0.426172 0.80332 0.425391 0.80332 0.425 0.803823 0.424219 0.803823 0.423828 0.804326 0.423438 0.804326 0.423047 0.804829 0.422656 0.804829 0.422266 0.805332 0.421875 0.805332 0.421484 0.805835 0.421094 0.805835 0.420703 0.806338 0.420312 0.806338 0.418359 0.808853 0.417969 0.808853 0.416797 0.810362 0.416406 0.810362 0.415625 0.811368 0.415625 0.811871 0.414453 0.81338 0.414453 0.813883 0.413672 0.814889 0.413672 0.815392 0.412891 0.816398 0.412891 0.816901 0.411719 0.81841 0.411719 0.818913 0.410156 0.820926 0.410156 0.821429 0.408984 0.822938 0.408984 0.823441 0.408594 0.823944 0.408594 0.824447 0.408203 0.82495 0.408203 0.825956 0.407813 0.826459 0.407813 0.827465 0.407422 0.827968 0.407422 0.828471 0.407031 0.828974 0.407031 0.834507 0.405859 0.836016 0.405469 0.836016 0.405078 0.836519 0.404687 0.836519 0.403516 0.838028 0.403516 0.838531 0.401953 0.840543 0.401562 0.840543 0.401172 0.841046 0.400781 0.841046 0.400391 0.841549 0.400391 0.842052 0.399609 0.843058 0.399609 0.843561 0.399219 0.844064 0.399219 0.844567 0.398047 0.846076 0.398047 0.846579 0.395703 0.849598 0.395703 0.850101 0.39375 0.852616 0.393359 0.852616 0.392578 0.853622 0.392578 0.854125 0.392188 0.854628 0.392188 0.855131 0.391797 0.855634 0.391797 0.857143 0.391406 0.857646 0.391406 0.858652 0.391016 0.859155 0.391016 0.859658 0.390625 0.860161 0.390625 0.860664 0.389844 0.86167 0.389844 0.862676 0.389453 0.863179 0.389453 0.864185 0.389062 0.864688 0.389062 0.865191 0.388672 0.865694 0.388672 0.866197 0.388281 0.8667 0.388281 0.867203 0.387891 0.867706 0.387891 0.868209 0.3875 0.868712 0.3875 0.869718 0.387109 0.870221 0.387109 0.871227 0.386719 0.87173 0.386719 0.872736 0.386328 0.873239 0.386328 0.874245 0.385937 0.874748 0.385937 0.876258 0.385547 0.876761 0.385547 0.878773 0.385937 0.879276 0.385937 0.880785 0.386328 0.880785 0.386719 0.881288 0.387109 0.881288 0.3875 0.881791 0.391016 0.881791 0.391406 0.881288 0.392578 0.881288 0.39375 0.879779 0.39375 0.879276 0.394531 0.87827 0.394922 0.87827 0.395703 0.877264 0.396094 0.877264 0.399609 0.872736 0.399609 0.872233 0.401953 0.869215 0.402344 0.869215 0.402734 0.868712 0.403516 0.868712 0.403906 0.868209 0.404297 0.868209 0.405078 0.867203 0.405469 0.867203 0.405859 0.8667 0.40625 0.8667 0.406641 0.866197 0.407422 0.866197 0.407813 0.865694 0.408203 0.865694 0.408594 0.865191 0.409375 0.865191 0.409766 0.864688 0.410156 0.864688 0.410547 0.864185 0.410938 0.864185 0.411328 0.863682 0.411719 0.863682 0.412109 0.863179 0.4125 0.863179 0.413281 0.862173 0.413672 0.862173 0.416016 0.859155 0.416406 0.859155 0.416797 0.858652 0.417187 0.858652 0.417578 0.858149 0.418359 0.858149 0.419141 0.857143 0.419531 0.857143 0.420312 0.856137 0.420703 0.856137 0.423438 0.852616 0.423828 0.852616 0.424219 0.852113 0.424609 0.852113 0.425 0.85161 0.425391 0.85161 0.426172 0.850604 0.426563 0.850604 0.426953 0.850101 0.427344 0.850101 0.428516 0.848592 0.428516 0.848089 0.429297 0.847082 0.429297 0.846579 0.429688 0.846076 0.429688 0.845573 0.430078 0.84507 0.430078 0.844064 0.430469 0.843561 0.430469 0.843058 0.431641 0.841549 0.431641 0.841046 0.433203 0.839034 0.433203 0.838531 0.435156 0.836016 0.435156 0.835513 0.435547 0.83501 0.435937 0.83501 0.436328 0.834507 0.436328 0.834004 0.438672 0.830986 0.439063 0.830986 0.440234 0.829477 0.440234 0.828974 0.442578 0.825956 0.442969 0.825956 0.444531 0.823944 0.444531 0.823441 0.444922 0.822938 0.444922 0.822435 0.445312 0.821932 0.445312 0.820926 0.445703 0.820423 0.445703 0.819416 0.446094 0.818913 0.446094 0.81841 0.447656 0.816398 0.447656 0.815895 0.448047 0.815392 0.448047 0.814889 0.448437 0.814386 0.448437 0.81338 0.448047 0.812877 0.448047 0.809356 0.448437 0.808853 0.448437 0.804829 0.448047 0.804326 0.448047 0.800805 0.448437 0.800302 0.448437 0.796781 0.448047 0.796278 0.448047 0.793763 0.448437 0.79326 0.448437 0.790241 0.448047 0.789738 0.448047 0.789235
1 0.425 0.0643863 0.424609 0.0643863 0.423828 0.0633803 0.423438 0.0633803 0.423047 0.0628773 0.422656 0.0628773 0.422266 0.0623742 0.421875 0.0623742 0.421484 0.0618712 0.420703 0.0618712 0.420312 0.0613682 0.414844 0.0613682 0.414453 0.0618712 0.4125 0.0618712 0.412109 0.0623742 0.410938 0.0623742 0.410547 0.0628773 0.409375 0.0628773 0.408984 0.0633803 0.408203 0.0633803 0.407813 0.0638833 0.407031 0.0638833 0.40625 0.0648893 0.405859 0.0648893 0.404687 0.0663984 0.404297 0.0663984 0.403516 0.0674044 0.403125 0.0674044 0.402344 0.0684105 0.401953 0.0684105 0.401562 0.0689135 0.401172 0.0689135 0.400781 0.0694165 0.400391 0.0694165 0.399609 0.0704225 0.399219 0.0704225 0.397656 0.0724346 0.397656 0.0729376 0.396875 0.0739437 0.396875 0.0744467 0.396094 0.0754527 0.396094 0.0759557 0.395703 0.0764588 0.395703 0.0779678 0.395313 0.0784708 0.395313 0.0850101 0.394922 0.0855131 0.394922 0.0865191 0.394531 0.0870221 0.394531 0.0920523 0.394141 0.0925553 0.394141 0.0935614 0.39375 0.0940644 0.39375 0.0965795 0.393359 0.0970825 0.393359 0.105131 0.39375 0.105634 0.39375 0.106137 0.394141 0.10664 0.394141 0.107143 0.394531 0.107646 0.394531 0.108149 0.395313 0.109155 0.395313 0.109658 0.395703 0.110161 0.395703 0.110664 0.396094 0.111167 0.396484 0.111167 0.396875 0.11167 0.397266 0.11167 0.397656 0.111167 0.398828 0.111167 0.399219 0.110664 0.400391 0.110664 0.400781 0.110161 0.401172 0.110161 0.401562 0.109658 0.402344 0.109658 0.402734 0.109155 0.403125 0.109155 0.403516 0.108652 0.403906 0.108652 0.404687 0.107646 0.405078 0.107646 0.405859 0.10664 0.40625 0.10664 0.406641 0.106137 0.407031 0.106137 0.407422 0.105634 0.408203 0.105634 0.408594 0.105131 0.410156 0.105131 0.410547 0.104628 0.412109 0.104628 0.4125 0.104125 0.413281 0.104125 0.413672 0.103622 0.414062 0.103622 0.414453 0.103119 0.414844 0.103119 0.415625 0.102113 0.416016 0.102113 0.416406 0.10161 0.416797 0.10161 0.417187 0.101107 0.417578 0.101107 0.417969 0.100604 0.418359 0.100604 0.41875 0.100101 0.419141 0.100101 0.421094 0.0975855 0.421094 0.0970825 0.422266 0.0955734 0.422266 0.0950704 0.424609 0.0920523 0.424609 0.0915493 0.425 0.0910463 0.425 0.0905433 0.426953 0.0880282 0.427344 0.0880282 0.427344 0.0875252 0.427734 0.0870221 0.427734 0.0860161 0.428125 0.0855131 0.428125 0.084507 0.428516 0.084004 0.428516 0.082495 0.428906 0.081992 0.428906 0.0714286 0.428516 0.0709256 0.428516 0.0704225 0.427344 0.0689135 0.427344 0.0684105 0.426172 0.0669014 0.426172 0.0663984 0.425391 0.0653924 0.425391 0.0648893
1 0.489063 0.783199 0.488672 0.783199 0.488281 0.782696 0.487891 0.782696 0.4875 0.782193 0.485547 0.782193 0.484766 0.783199 0.484375 0.783199 0.483594 0.784205 0.483203 0.784205 0.482812 0.784708 0.482422 0.784708 0.481641 0.785714 0.48125 0.785714 0.480078 0.787223 0.479687 0.787223 0.479297 0.787726 0.478906 0.787726 0.478125 0.788732 0.477734 0.788732 0.476562 0.790241 0.476172 0.790241 0.475391 0.791247 0.475391 0.791751 0.474609 0.792757 0.474219 0.792757 0.473047 0.794266 0.473047 0.794769 0.471875 0.796278 0.471484 0.796278 0.469531 0.798793 0.469531 0.799799 0.469141 0.800302 0.469141 0.801308 0.46875 0.801811 0.46875 0.802314 0.468359 0.802817 0.468359 0.80332 0.467969 0.803823 0.467969 0.804326 0.467187 0.805332 0.467187 0.805835 0.466797 0.806338 0.466797 0.806841 0.466406 0.807344 0.466406 0.807847 0.466016 0.80835 0.466016 0.809356 0.465625 0.809859 0.465625 0.810362 0.465234 0.810865 0.465234 0.811368 0.464453 0.812374 0.464453 0.812877 0.463281 0.814386 0.463281 0.814889 0.462891 0.815392 0.462891 0.815895 0.462109 0.816901 0.462109 0.817907 0.461719 0.81841 0.461719 0.818913 0.461328 0.819416 0.461328 0.81992 0.460547 0.820926 0.460547 0.821429 0.460156 0.821932 0.460156 0.822938 0.459766 0.823441 0.459766 0.824447 0.459375 0.82495 0.459375 0.825453 0.458984 0.825956 0.458984 0.826459 0.458203 0.827465 0.457813 0.827465 0.457031 0.828471 0.456641 0.828471 0.45625 0.828974 0.455859 0.828974 0.455469 0.829477 0.455078 0.829477 0.454688 0.82998 0.454297 0.82998 0.453906 0.830483 0.453516 0.830483 0.453125 0.830986 0.452734 0.830986 0.452344 0.831489 0.451953 0.831489 0.451172 0.832495 0.450781 0.832495 0.448047 0.836016 0.447656 0.836016 0.447266 0.836519 0.447266 0.837022 0.446484 0.838028 0.446484 0.842555 0.447656 0.844064 0.448047 0.844064 0.448437 0.844567 0.448828 0.844567 0.449609 0.845573 0.45 0.845573 0.450391 0.846076 0.451172 0.846076 0.451562 0.846579 0.455078 0.846579 0.455469 0.847082 0.45625 0.847082 0.456641 0.847586 0.457813 0.847586 0.458203 0.848089 0.459375 0.848089 0.459766 0.848592 0.460156 0.848592 0.460938 0.849598 0.461719 0.849598 0.462109 0.850101 0.466406 0.850101 0.466797 0.849598 0.467187 0.850101 0.46875 0.850101 0.469141 0.850604 0.471094 0.850604 0.471484 0.850101 0.471875 0.850101 0.473828 0.847586 0.474219 0.847586 0.475 0.846579 0.475391 0.846579 0.477344 0.844064 0.477734 0.844064 0.478906 0.842555 0.479297 0.842555 0.480078 0.841549 0.480469 0.841549 0.480859 0.841046 0.48125 0.841046 0.481641 0.840543 0.482031 0.840543 0.482422 0.84004 0.482812 0.84004 0.483984 0.838531 0.483984 0.838028 0.484766 0.837022 0.484766 0.836519 0.485547 0.835513 0.485547 0.83501 0.486328 0.834004 0.486328 0.833501 0.486719 0.832998 0.486719 0.832495 0.487109 0.831992 0.487109 0.831489 0.4875 0.830986 0.4875 0.830483 0.487891 0.82998 0.487891 0.829477 0.488281 0.828974 0.488281 0.828471 0.488672 0.827968 0.488672 0.827465 0.489063 0.826962 0.489063 0.826459 0.489453 0.825956 0.489453 0.825453 0.489844 0.82495 0.489844 0.824447 0.490234 0.823944 0.490234 0.822938 0.490625 0.822435 0.490625 0.821429 0.491016 0.820926 0.491016 0.819416 0.491406 0.818913 0.491406 0.816901 0.491797 0.816398 0.491797 0.813883 0.492188 0.81338 0.492188 0.810865 0.492578 0.810362 0.492578 0.800805 0.492188 0.800302 0.492188 0.797787 0.491797 0.797284 0.491797 0.795272 0.491406 0.794769 0.491406 0.790241 0.491016 0.789738 0.491016 0.78672 0.490625 0.786217 0.490625 0.785714 0.490234 0.785211 0.490234 0.784708
1 0.235937 0.282696 0.235156 0.282696 0.234766 0.283199 0.232422 0.283199 0.232031 0.283702 0.231641 0.283702 0.23125 0.284205 0.230859 0.284205 0.230469 0.284708 0.229687 0.284708 0.229297 0.285211 0.228516 0.285211 0.228125 0.285714 0.227734 0.285714 0.226562 0.287223 0.226562 0.288229 0.226172 0.288732 0.226172 0.289235 0.225781 0.289738 0.225781 0.290241 0.223828 0.292757 0.223438 0.292757 0.223047 0.29326 0.221484 0.29326 0.221094 0.293763 0.220312 0.293763 0.219922 0.294266 0.219922 0.294769 0.219531 0.295272 0.219531 0.295775 0.218359 0.297284 0.217969 0.297284 0.217578 0.297787 0.216797 0.297787 0.216406 0.29829 0.215625 0.29829 0.215234 0.298793 0.214844 0.298793 0.214453 0.299296 0.214062 0.299296 0.213672 0.299799 0.213281 0.299799 0.212891 0.300302 0.211719 0.300302 0.211328 0.300805 0.210547 0.300805 0.208984 0.302817 0.208594 0.302817 0.208203 0.30332 0.207813 0.302817 0.205469 0.302817 0.205078 0.30332 0.205078 0.304829 0.204687 0.305332 0.204687 0.306841 0.204297 0.307344 0.204297 0.307847 0.203906 0.30835 0.203906 0.308853 0.203516 0.309356 0.203516 0.309859 0.203125 0.310362 0.203125 0.311871 0.201172 0.314386 0.201172 0.314889 0.200781 0.315392 0.200781 0.315895 0.200391 0.316398 0.200391 0.316901 0.2 0.317404 0.2 0.317907 0.199609 0.31841 0.199609 0.318913 0.199219 0.319416 0.199219 0.31992 0.198828 0.320423 0.198828 0.321429 0.198437 0.321932 0.198437 0.322938 0.198047 0.323441 0.198047 0.323944 0.197656 0.324447 0.197656 0.327968 0.198047 0.328471 0.198047 0.328974 0.198437 0.329477 0.198437 0.330986 0.198047 0.331489 0.198047 0.331992 0.197656 0.332495 0.197656 0.335513 0.198047 0.336016 0.198047 0.337022 0.198437 0.337525 0.198437 0.342555 0.199219 0.343561 0.199219 0.344064 0.199609 0.344567 0.199609 0.345573 0.2 0.346076 0.199609 0.346579 0.199609 0.347586 0.199219 0.348089 0.199219 0.349095 0.198828 0.349598 0.198828 0.356137 0.198437 0.35664 0.198437 0.357143 0.198828 0.357646 0.198828 0.358149 0.199219 0.358652 0.199219 0.359155 0.199609 0.359658 0.199609 0.360664 0.200781 0.362173 0.205078 0.362173 0.205469 0.36167 0.205859 0.36167 0.20625 0.361167 0.207031 0.361167 0.207813 0.360161 0.208203 0.360161 0.210547 0.357143 0.210938 0.357143 0.212891 0.354628 0.212891 0.354125 0.214062 0.352616 0.214062 0.352113 0.214844 0.351107 0.215234 0.351107 0.216016 0.350101 0.216406 0.350101 0.217578 0.348592 0.217578 0.348089 0.220312 0.344567 0.220312 0.344064 0.222656 0.341046 0.223047 0.341046 0.223438 0.340543 0.224219 0.340543 0.224609 0.34004 0.225 0.34004 0.225781 0.339034 0.226172 0.339034 0.226562 0.338531 0.226562 0.338028 0.227734 0.336519 0.228125 0.336519 0.228906 0.335513 0.229297 0.335513 0.232422 0.331489 0.232422 0.330986 0.233203 0.32998 0.233203 0.327968 0.233594 0.327465 0.233594 0.326459 0.233984 0.325956 0.233984 0.322938 0.234375 0.322435 0.234375 0.320423 0.234766 0.31992 0.234766 0.319416 0.235156 0.318913 0.235156 0.317404 0.235547 0.316901 0.235547 0.314386 0.235937 0.313883 0.235937 0.312374 0.236328 0.311871 0.236328 0.309356 0.236719 0.308853 0.236719 0.305835 0.237109 0.305332 0.237109 0.302817 0.2375 0.302314 0.2375 0.299296 0.237891 0.298793 0.237891 0.297787 0.238281 0.297284 0.238281 0.296278 0.238672 0.295775 0.238672 0.290744 0.238281 0.290241 0.238281 0.287726 0.237891 0.287223 0.237891 0.286217 0.2375 0.285714 0.2375 0.284708
