1 0.564063 0.333496 0.563281 0.33252 0.563281 0.332031 0.561719 0.330078 0.561328 0.330078 0.560937 0.32959 0.560547 0.32959 0.560156 0.329102 0.558984 0.329102 0.558594 0.328613 0.553516 0.328613 0.553125 0.329102 0.551953 0.329102 0.551562 0.32959 0.550391 0.32959 0.55 0.330078 0.549219 0.330078 0.548828 0.330566 0.548438 0.330566 0.548047 0.331055 0.547656 0.331055 0.547266 0.331543 0.546875 0.331543 0.546484 0.332031 0.546094 0.332031 0.545703 0.33252 0.545312 0.33252 0.544531 0.333496 0.544141 0.333496 0.542578 0.335449 0.542578 0.335938 0.542188 0.336426 0.542188 0.336914 0.541797 0.337402 0.541797 0.340332 0.542188 0.34082 0.542188 0.341309 0.542578 0.341797 0.542578 0.342285 0.544141 0.344238 0.544922 0.344238 0.545312 0.344727 0.549219 0.344727 0.549609 0.344238 0.552734 0.344238 0.553125 0.34375 0.555469 0.34375 0.555859 0.343262 0.557422 0.343262 0.557813 0.342773 0.558594 0.342773 0.558984 0.342285 0.559766 0.342285 0.560156 0.341797 0.560937 0.341797 0.561328 0.341309 0.561719 0.341309 0.562109 0.34082 0.5625 0.34082 0.562891 0.340332 0.563281 0.340332 0.564063 0.339355 0.564063 0.336426 0.564453 0.335938 0.564453 0.334961 0.564063 0.334473
1 0.516406 0.330078 0.516406 0.334473 0.516797 0.334961 0.516797 0.335449 0.517188 0.335938 0.517578 0.335938 0.519141 0.337891 0.519531 0.337891 0.519922 0.338379 0.520312 0.338379 0.520703 0.338867 0.521094 0.338867 0.521484 0.339355 0.521875 0.339355 0.522266 0.339844 0.522656 0.339844 0.523047 0.340332 0.523828 0.340332 0.524219 0.34082 0.524609 0.34082 0.525 0.341309 0.525781 0.341309 0.526172 0.341797 0.527344 0.341797 0.527734 0.342285 0.528516 0.342285 0.528906 0.342773 0.530078 0.342773 0.530469 0.343262 0.532031 0.343262 0.532422 0.34375 0.533594 0.34375 0.533984 0.343262 0.535156 0.343262 0.535547 0.342773 0.536328 0.342773 0.536719 0.342285 0.537109 0.342285 0.537891 0.341309 0.537891 0.34082 0.538281 0.340332 0.538281 0.339844 0.538672 0.339355 0.538672 0.338379 0.538281 0.337891 0.538281 0.335938 0.537891 0.335449 0.537891 0.334961 0.536328 0.333008 0.535937 0.333008 0.534375 0.331055 0.533984 0.331055 0.532813 0.32959 0.532031 0.32959 0.531641 0.329102 0.53125 0.329102 0.530859 0.328613 0.529687 0.328613 0.529297 0.328125 0.520312 0.328125 0.519922 0.328613 0.51875 0.328613 0.518359 0.329102 0.517578 0.329102 0.517188 0.32959 0.516797 0.32959
1 0.790234 0.235352 0.789844 0.235352 0.789453 0.234863 0.788672 0.234863 0.788281 0.234375 0.783594 0.234375 0.783203 0.234863 0.782422 0.234863 0.781641 0.23584 0.78125 0.23584 0.777344 0.240723 0.777344 0.241211 0.776953 0.241699 0.776953 0.242188 0.776563 0.242676 0.776563 0.243164 0.776172 0.243652 0.776172 0.244629 0.775781 0.245117 0.775781 0.245605 0.775391 0.246094 0.775391 0.246582 0.775 0.24707 0.775 0.248047 0.774609 0.248535 0.774609 0.249023 0.774219 0.249512 0.774219 0.250488 0.773828 0.250977 0.773828 0.25293 0.773438 0.253418 0.773438 0.254883 0.773047 0.255371 0.773047 0.255859 0.773438 0.256348 0.773438 0.256836 0.774609 0.258301 0.775 0.258301 0.775391 0.258789 0.776563 0.258789 0.776953 0.259277 0.778125 0.259277 0.778516 0.259766 0.779687 0.259766 0.780078 0.259277 0.780859 0.259277 0.78125 0.258789 0.781641 0.258789 0.782031 0.258301 0.782422 0.258301 0.784375 0.255859 0.784375 0.255371 0.785156 0.254395 0.785156 0.253906 0.785937 0.25293 0.785937 0.252441 0.786328 0.251953 0.786328 0.251465 0.786719 0.250977 0.786719 0.250488 0.787109 0.25 0.787109 0.249512 0.7875 0.249023 0.7875 0.248047 0.787891 0.247559 0.787891 0.246582 0.788281 0.246094 0.788281 0.245117 0.788672 0.244629 0.788672 0.243652 0.789062 0.243164 0.789062 0.242676 0.789453 0.242188 0.789453 0.241699 0.789844 0.241211 0.789844 0.240234 0.790234 0.239746 0.790234 0.239258 0.790625 0.23877 0.790625 0.238281 0.791016 0.237793 0.791016 0.236328
1 0.822656 0.266113 0.822266 0.266602 0.821484 0.266602 0.821484 0.26709 0.819922 0.269043 0.819922 0.269531 0.819141 0.270508 0.819141 0.270996 0.81875 0.271484 0.81875 0.272461 0.818359 0.272949 0.818359 0.273926 0.817969 0.274414 0.817969 0.275879 0.817578 0.276367 0.817578 0.281738 0.817969 0.282227 0.817969 0.28418 0.818359 0.284668 0.818359 0.286133 0.81875 0.286621 0.81875 0.287109 0.819141 0.287598 0.819141 0.288086 0.819531 0.288574 0.819531 0.289062 0.819922 0.289551 0.819922 0.290039 0.820312 0.290527 0.820312 0.291016 0.821094 0.291992 0.821094 0.29248 0.821484 0.292969 0.821484 0.293457 0.822656 0.294922 0.823828 0.294922 0.824219 0.29541 0.826953 0.29541 0.827734 0.294434 0.827734 0.293945 0.828125 0.293457 0.828125 0.292969 0.828516 0.29248 0.828516 0.291992 0.828906 0.291504 0.828906 0.290039 0.829297 0.289551 0.829297 0.288086 0.829688 0.287598 0.829688 0.285645 0.830078 0.285156 0.830078 0.276367 0.829688 0.275879 0.829688 0.274414 0.829297 0.273926 0.829297 0.272461 0.828906 0.271973 0.828906 0.270996 0.828516 0.270508 0.828516 0.27002 0.827734 0.269043 0.827734 0.268555 0.826562 0.26709 0.826172 0.26709 0.825781 0.266602 0.823828 0.266602 0.823438 0.266113
1 0.48125 0.369629 0.479687 0.371582 0.479687 0.37207 0.479297 0.372559 0.479297 0.373047 0.478906 0.373535 0.478906 0.374023 0.478516 0.374512 0.478516 0.375488 0.478125 0.375977 0.478125 0.376465 0.477734 0.376953 0.477734 0.380371 0.478125 0.380859 0.478125 0.381836 0.478516 0.382324 0.478516 0.383301 0.478906 0.383789 0.478906 0.384277 0.479687 0.385254 0.479687 0.385742 0.480469 0.386719 0.480469 0.387207 0.480859 0.387695 0.480859 0.388184 0.48125 0.388672 0.48125 0.389648 0.482031 0.390625 0.482031 0.391113 0.483594 0.393066 0.483594 0.393555 0.485156 0.395508 0.485547 0.395508 0.485938 0.395996 0.4875 0.395996 0.487891 0.395508 0.489453 0.395508 0.489844 0.39502 0.490234 0.39502 0.490625 0.394531 0.491016 0.394531 0.491406 0.394043 0.491406 0.393555 0.491797 0.393066 0.491797 0.390625 0.492188 0.390137 0.492188 0.38623 0.491797 0.385742 0.491797 0.383789 0.491406 0.383301 0.491406 0.381836 0.491016 0.381348 0.491016 0.380371 0.490625 0.379883 0.490625 0.379395 0.489844 0.378418 0.489844 0.37793 0.489063 0.376953 0.489063 0.376465 0.4875 0.374512 0.4875 0.374023 0.486719 0.373047 0.486719 0.372559 0.485156 0.370605 0.484766 0.370605 0.484375 0.370117 0.483984 0.370117 0.483594 0.369629
1 0.439063 0.364258 0.438672 0.364258 0.438281 0.364746 0.437109 0.364746 0.436719 0.365234 0.435547 0.365234 0.433594 0.367676 0.433203 0.367676 0.433203 0.368164 0.432031 0.369629 0.432031 0.370117 0.431641 0.370605 0.431641 0.371094 0.43125 0.371582 0.43125 0.37207 0.430859 0.372559 0.430859 0.373047 0.430469 0.373535 0.430469 0.375488 0.430078 0.375977 0.430078 0.378906 0.429688 0.379395 0.429688 0.384766 0.430078 0.385254 0.430078 0.387695 0.430469 0.388184 0.430469 0.389648 0.430859 0.390137 0.430859 0.391113 0.43125 0.391602 0.43125 0.393066 0.432031 0.394043 0.432031 0.394531 0.432422 0.394531 0.432812 0.39502 0.433594 0.39502 0.433984 0.395508 0.436328 0.395508 0.437109 0.394531 0.4375 0.394531 0.4375 0.394043 0.437891 0.393555 0.437891 0.393066 0.438281 0.392578 0.438281 0.391602 0.438672 0.391113 0.438672 0.389648 0.439063 0.38916 0.439063 0.386719 0.439453 0.38623 0.439453 0.383301 0.439844 0.382812 0.439844 0.379883 0.440234 0.379395 0.440234 0.367188 0.439844 0.366699 0.439844 0.365723 0.439453 0.365234 0.439453 0.364746
1 0.896484 0.390625 0.894141 0.390625 0.89375 0.391113 0.892578 0.391113 0.892188 0.391602 0.891797 0.391602 0.891406 0.39209 0.891406 0.392578 0.890625 0.393555 0.890625 0.394043 0.890234 0.394531 0.890234 0.39502 0.889844 0.395508 0.889844 0.395996 0.889062 0.396973 0.889062 0.397461 0.888672 0.397949 0.888672 0.398438 0.888281 0.398926 0.888281 0.399902 0.887891 0.400391 0.887891 0.400879 0.8875 0.401367 0.8875 0.402344 0.887109 0.402832 0.887109 0.404297 0.886719 0.404785 0.886719 0.40625 0.886328 0.406738 0.886328 0.40918 0.886719 0.409668 0.886719 0.412109 0.887109 0.412598 0.887109 0.413086 0.8875 0.413574 0.8875 0.414062 0.887891 0.414551 0.887891 0.415039 0.888281 0.415527 0.888281 0.416016 0.889062 0.416992 0.889062 0.41748 0.889844 0.418457 0.890234 0.418457 0.891016 0.419434 0.891406 0.419434 0.891797 0.419922 0.892969 0.419922 0.893359 0.419434 0.89375 0.419434 0.895703 0.416992 0.895703 0.416504 0.896094 0.416016 0.896094 0.415039 0.896484 0.414551 0.896484 0.413574 0.896875 0.413086 0.896875 0.412598 0.897266 0.412109 0.897266 0.411133 0.897656 0.410645 0.897656 0.410156 0.898047 0.409668 0.898047 0.408691 0.898438 0.408203 0.898438 0.407227 0.898828 0.406738 0.898828 0.405273 0.899219 0.404785 0.899219 0.402832 0.899609 0.402344 0.899609 0.401855 0.899219 0.401367 0.899219 0.396973 0.898828 0.396484 0.898828 0.39502 0.898438 0.394531 0.898438 0.393555 0.898047 0.393066 0.898047 0.392578
1 0.880078 0.433105 0.880078 0.433594 0.878906 0.435059 0.878906 0.435547 0.878516 0.436035 0.878516 0.437012 0.878125 0.4375 0.878125 0.441406 0.878516 0.441895 0.878516 0.442871 0.878906 0.443359 0.878906 0.444336 0.879297 0.444824 0.879297 0.445312 0.879687 0.445801 0.879687 0.446777 0.880078 0.447266 0.880078 0.447754 0.880469 0.448242 0.880469 0.44873 0.880859 0.449219 0.880859 0.449707 0.88125 0.450195 0.88125 0.450684 0.882031 0.45166 0.882031 0.452148 0.882812 0.453125 0.882812 0.453613 0.883203 0.454102 0.883203 0.45459 0.883594 0.455078 0.883594 0.456055 0.884375 0.457031 0.884375 0.45752 0.884766 0.45752 0.885156 0.458008 0.886328 0.458008 0.886719 0.458496 0.888672 0.458496 0.889062 0.458008 0.889453 0.458008 0.889844 0.45752 0.889844 0.457031 0.890234 0.456543 0.890234 0.455078 0.890625 0.45459 0.890625 0.453613 0.891016 0.453125 0.891016 0.452148 0.891406 0.45166 0.891406 0.446289 0.891016 0.445801 0.891016 0.445312 0.890625 0.444824 0.890625 0.443848 0.890234 0.443359 0.890234 0.442383 0.889844 0.441895 0.889844 0.441406 0.889453 0.440918 0.889453 0.44043 0.889062 0.439941 0.889062 0.439453 0.887109 0.437012 0.887109 0.436523 0.886719 0.436523 0.885547 0.435059 0.885156 0.435059 0.884766 0.43457 0.884375 0.43457 0.883984 0.434082 0.883203 0.434082 0.882812 0.433594 0.882422 0.433594 0.882031 0.433105
1 0.932031 0.439453 0.932031 0.439941 0.931641 0.44043 0.931641 0.442871 0.932031 0.443359 0.932031 0.443848 0.932422 0.444336 0.932422 0.444824 0.933203 0.445801 0.933203 0.446289 0.934766 0.448242 0.935156 0.448242 0.935547 0.44873 0.935937 0.44873 0.936328 0.449219 0.936719 0.449219 0.937109 0.449707 0.9375 0.449707 0.937891 0.450195 0.938281 0.450195 0.938672 0.450684 0.939063 0.450684 0.939453 0.451172 0.939844 0.451172 0.940234 0.45166 0.941016 0.45166 0.941406 0.452148 0.942187 0.452148 0.942578 0.452637 0.944922 0.452637 0.945312 0.452148 0.946875 0.452148 0.947266 0.45166 0.947656 0.45166 0.948047 0.451172 0.948047 0.450684 0.948438 0.450195 0.948438 0.449707 0.948828 0.449219 0.948828 0.445312 0.948438 0.444824 0.948438 0.444336 0.948047 0.443848 0.948047 0.443359 0.947656 0.442871 0.947656 0.442383 0.946484 0.440918 0.946094 0.440918 0.945312 0.439941 0.944922 0.439941 0.944141 0.438965 0.94375 0.438965 0.943359 0.438477 0.942969 0.438477 0.942578 0.437988 0.941406 0.437988 0.941016 0.4375 0.934375 0.4375 0.933984 0.437988 0.933203 0.437988
1 0.946875 0.461914 0.945312 0.461914 0.944922 0.461426 0.94375 0.461426 0.943359 0.461914 0.942578 0.461914 0.941797 0.462891 0.941406 0.462891 0.936719 0.46875 0.936719 0.469238 0.935547 0.470703 0.935547 0.471191 0.934766 0.472168 0.934766 0.472656 0.934375 0.473145 0.934375 0.473633 0.933594 0.474609 0.933594 0.475098 0.933203 0.475586 0.933203 0.476074 0.932813 0.476562 0.932813 0.477051 0.932422 0.477539 0.932422 0.478027 0.932031 0.478516 0.932031 0.479004 0.931641 0.479492 0.931641 0.482422 0.932031 0.48291 0.932031 0.483398 0.933203 0.484863 0.933594 0.484863 0.933984 0.485352 0.934375 0.485352 0.934766 0.48584 0.937891 0.48584 0.938281 0.485352 0.939453 0.485352 0.939844 0.484863 0.940234 0.484863 0.942187 0.482422 0.942187 0.481934 0.942969 0.480957 0.942969 0.480469 0.943359 0.47998 0.943359 0.479492 0.944141 0.478516 0.944141 0.478027 0.944531 0.477539 0.944531 0.477051 0.944922 0.476562 0.944922 0.476074 0.945312 0.475586 0.945312 0.475098 0.945703 0.474609 0.945703 0.474121 0.946484 0.473145 0.946484 0.472656 0.946875 0.472168 0.946875 0.47168 0.947266 0.471191 0.947266 0.469727 0.947656 0.469238 0.947656 0.467773 0.948047 0.467285 0.948047 0.464844 0.947656 0.464355 0.947656 0.463379 0.947266 0.462891 0.947266 0.462402
1 0.955469 0.381836 0.954297 0.383301 0.954297 0.38916 0.954688 0.389648 0.954688 0.390625 0.955078 0.391113 0.955078 0.392578 0.955469 0.393066 0.955469 0.394043 0.955859 0.394531 0.955859 0.396484 0.95625 0.396973 0.95625 0.398438 0.956641 0.398926 0.956641 0.399902 0.957031 0.400391 0.957031 0.400879 0.957422 0.401367 0.957422 0.402344 0.958203 0.40332 0.958203 0.403809 0.958594 0.403809 0.958984 0.404297 0.959375 0.404297 0.959766 0.404785 0.961328 0.404785 0.961719 0.405273 0.963672 0.405273 0.964063 0.404785 0.964453 0.404785 0.964844 0.404297 0.965234 0.404297 0.966406 0.402832 0.966406 0.402344 0.966797 0.401855 0.966797 0.400391 0.967187 0.399902 0.967187 0.394531 0.966797 0.394043 0.966797 0.391602 0.966406 0.391113 0.966406 0.388672 0.966016 0.388184 0.966016 0.387695 0.965625 0.387207 0.965625 0.386719 0.964844 0.385742 0.964844 0.385254 0.9625 0.382324 0.961719 0.382324 0.961328 0.381836 0.960938 0.381836 0.960547 0.381348 0.956641 0.381348 0.95625 0.381836
1 0.960547 0.254395 0.960156 0.253906 0.960156 0.251953 0.959766 0.251465 0.959766 0.250977 0.958984 0.25 0.958203 0.25 0.957812 0.249512 0.957422 0.249512 0.957031 0.249023 0.955859 0.249023 0.955469 0.248535 0.951953 0.248535 0.951562 0.248047 0.950391 0.248047 0.95 0.248535 0.946875 0.248535 0.946484 0.249023 0.945703 0.249023 0.945312 0.249512 0.944531 0.249512 0.944141 0.25 0.943359 0.25 0.942969 0.250488 0.942187 0.250488 0.941797 0.250977 0.941406 0.250977 0.941016 0.251465 0.940625 0.251465 0.940234 0.251953 0.939844 0.251953 0.939453 0.252441 0.939063 0.252441 0.938672 0.25293 0.938672 0.253418 0.938281 0.253906 0.938281 0.254395 0.937891 0.254883 0.937891 0.257812 0.939063 0.259277 0.940234 0.259277 0.940625 0.259766 0.955469 0.259766 0.955859 0.259277 0.956641 0.259277 0.957031 0.258789 0.957812 0.258789 0.958203 0.258301 0.958984 0.258301 0.959375 0.257812 0.959766 0.257812 0.960547 0.256836
1 0.958203 0.192383 0.956641 0.19043 0.95625 0.19043 0.955859 0.189941 0.95 0.189941 0.949609 0.19043 0.948438 0.19043 0.948047 0.190918 0.946875 0.190918 0.946484 0.191406 0.946094 0.191406 0.945703 0.191895 0.945312 0.191895 0.944531 0.192871 0.944141 0.192871 0.942578 0.194824 0.942187 0.194824 0.938672 0.199219 0.938672 0.199707 0.938281 0.200195 0.938281 0.200684 0.937891 0.201172 0.937891 0.202148 0.9375 0.202637 0.9375 0.203613 0.937891 0.204102 0.937891 0.206543 0.938281 0.207031 0.938281 0.208008 0.939844 0.209961 0.941016 0.209961 0.941406 0.210449 0.94375 0.210449 0.944141 0.209961 0.944531 0.209961 0.944922 0.209473 0.945312 0.209473 0.945703 0.208984 0.946094 0.208984 0.946484 0.208496 0.946875 0.208496 0.947266 0.208008 0.947656 0.208008 0.948047 0.20752 0.948438 0.20752 0.948828 0.207031 0.949219 0.207031 0.95 0.206055 0.950391 0.206055 0.951562 0.20459 0.951953 0.20459 0.953906 0.202148 0.954297 0.202148 0.955078 0.201172 0.955469 0.201172 0.956641 0.199707 0.957031 0.199707 0.957812 0.19873 0.957812 0.198242 0.958203 0.197754
1 0.904297 0.431152 0.904297 0.433105 0.904687 0.433594 0.904687 0.43457 0.905078 0.435059 0.905078 0.435547 0.905469 0.436035 0.905469 0.437012 0.905859 0.4375 0.905859 0.437988 0.907422 0.439941 0.907813 0.439941 0.908203 0.44043 0.908984 0.44043 0.909375 0.440918 0.910547 0.440918 0.910937 0.441406 0.915625 0.441406 0.916016 0.441895 0.920312 0.441895 0.920703 0.441406 0.921484 0.441406 0.921875 0.440918 0.922656 0.440918 0.923047 0.44043 0.923828 0.44043 0.926172 0.4375 0.926172 0.437012 0.926562 0.436523 0.926562 0.435547 0.926953 0.435059 0.926953 0.434082 0.927344 0.433594 0.927344 0.432129 0.926953 0.431641 0.926953 0.431152 0.925391 0.429199 0.925 0.429199 0.924609 0.428711 0.924219 0.428711 0.923828 0.428223 0.923047 0.428223 0.922656 0.427734 0.921094 0.427734 0.920703 0.427246 0.917578 0.427246 0.917188 0.426758 0.909375 0.426758 0.908984 0.427246 0.907031 0.427246 0.906641 0.427734 0.90625 0.427734 0.905078 0.429199 0.905078 0.429688 0.904687 0.430176 0.904687 0.430664
1 0.945703 0.547852 0.945703 0.548828 0.945312 0.549316 0.945312 0.550293 0.945703 0.550781 0.945703 0.553711 0.946094 0.554199 0.946094 0.555176 0.946875 0.556152 0.946875 0.556641 0.949219 0.55957 0.949219 0.560059 0.949609 0.560059 0.950781 0.561523 0.951172 0.561523 0.951953 0.5625 0.952344 0.5625 0.954297 0.564941 0.954688 0.564941 0.955078 0.56543 0.955859 0.56543 0.95625 0.565918 0.963672 0.565918 0.964063 0.56543 0.964844 0.56543 0.966016 0.563965 0.966016 0.558105 0.965625 0.557617 0.965625 0.557129 0.965234 0.556641 0.965234 0.556152 0.964063 0.554688 0.963672 0.554688 0.963281 0.554199 0.962891 0.554199 0.962109 0.553223 0.961719 0.553223 0.961328 0.552734 0.960938 0.552734 0.960547 0.552246 0.960156 0.552246 0.959766 0.551758 0.959375 0.551758 0.958984 0.55127 0.958594 0.55127 0.957812 0.550293 0.957422 0.550293 0.956641 0.549316 0.95625 0.549316 0.955469 0.54834 0.955078 0.54834 0.954297 0.547363 0.953906 0.547363 0.953125 0.546387 0.952734 0.546387 0.951953 0.54541 0.948438 0.54541 0.948047 0.545898 0.947266 0.545898
1 0.967578 0.579102 0.966016 0.577148 0.965625 0.577148 0.965234 0.57666 0.964453 0.57666 0.964063 0.576172 0.9625 0.576172 0.962109 0.57666 0.961328 0.57666 0.960938 0.577148 0.960547 0.577148 0.960156 0.577637 0.959375 0.577637 0.958984 0.578125 0.958203 0.578125 0.957812 0.578613 0.957422 0.578613 0.957031 0.579102 0.95625 0.579102 0.955859 0.57959 0.955469 0.57959 0.955078 0.580078 0.954688 0.580078 0.954297 0.580566 0.953906 0.580566 0.953516 0.581055 0.953125 0.581055 0.952734 0.581543 0.952344 0.581543 0.951953 0.582031 0.951562 0.582031 0.950781 0.583008 0.950781 0.583496 0.950391 0.583984 0.950391 0.584473 0.95 0.584961 0.95 0.585938 0.949609 0.586426 0.949609 0.586914 0.949219 0.587402 0.949219 0.591797 0.949609 0.592285 0.949609 0.59375 0.95 0.594238 0.95 0.594727 0.950781 0.595703 0.951172 0.595703 0.951953 0.59668 0.952734 0.59668 0.953125 0.597168 0.953906 0.597168 0.954297 0.597656 0.958594 0.597656 0.958984 0.597168 0.960156 0.597168 0.960547 0.59668 0.961328 0.59668 0.961719 0.596191 0.962109 0.596191 0.9625 0.595703 0.962891 0.595703 0.963281 0.595215 0.963672 0.595215 0.964063 0.594727 0.964453 0.594727 0.964844 0.594238 0.964844 0.59375 0.965234 0.593262 0.965234 0.592773 0.965625 0.592285 0.965625 0.591309 0.966016 0.59082 0.966016 0.589844 0.966406 0.589355 0.966406 0.588867 0.966797 0.588379 0.966797 0.587891 0.967187 0.587402 0.967187 0.586914 0.967578 0.586426 0.967578 0.585938 0.967969 0.585449 0.967969 0.584473 0.968359 0.583984 0.968359 0.58252 0.967969 0.582031 0.967969 0.580566 0.967578 0.580078
1 0.966406 0.60498 0.965234 0.60498 0.964844 0.604492 0.961328 0.604492 0.960938 0.60498 0.959375 0.60498 0.958984 0.605469 0.958594 0.605469 0.957812 0.606445 0.957422 0.606445 0.957422 0.606934 0.956641 0.60791 0.956641 0.608398 0.955859 0.609375 0.955859 0.609863 0.954688 0.611328 0.954688 0.611816 0.954297 0.612305 0.954297 0.612793 0.953906 0.613281 0.953906 0.614258 0.953516 0.614746 0.953516 0.615723 0.953125 0.616211 0.953125 0.619629 0.953516 0.620117 0.953516 0.621094 0.953906 0.621582 0.953906 0.622559 0.955469 0.624512 0.955859 0.624512 0.95625 0.625 0.956641 0.625 0.957031 0.625488 0.958203 0.625488 0.958594 0.625977 0.960156 0.625977 0.960547 0.625488 0.963281 0.625488 0.963672 0.625 0.964063 0.625 0.964453 0.624512 0.964844 0.624512 0.965625 0.623535 0.966016 0.623535 0.966797 0.622559 0.966797 0.62207 0.967578 0.621094 0.967578 0.620605 0.967969 0.620117 0.967969 0.619629 0.968359 0.619141 0.968359 0.618652 0.96875 0.618164 0.96875 0.608887 0.968359 0.608398 0.968359 0.607422
1 0.94375 0.660645 0.94375 0.666504 0.944141 0.666992 0.944141 0.667969 0.944531 0.668457 0.944531 0.668945 0.944922 0.669434 0.944922 0.669922 0.945312 0.67041 0.945312 0.670898 0.945703 0.671387 0.945703 0.671875 0.946484 0.672852 0.946875 0.672852 0.947266 0.67334 0.947656 0.67334 0.948047 0.673828 0.948828 0.673828 0.949219 0.674316 0.949609 0.674316 0.95 0.674805 0.951172 0.674805 0.951562 0.675293 0.956641 0.675293 0.957031 0.674805 0.958203 0.674805 0.958594 0.674316 0.959375 0.674316 0.959766 0.673828 0.960547 0.673828 0.960938 0.67334 0.961328 0.67334 0.961719 0.672852 0.962109 0.672852 0.9625 0.672363 0.962891 0.672363 0.962891 0.671875 0.963281 0.671387 0.963281 0.667969 0.962891 0.66748 0.962891 0.666504 0.961328 0.664551 0.960938 0.664551 0.960547 0.664062 0.960156 0.664062 0.959766 0.663574 0.959375 0.663574 0.958594 0.662598 0.958203 0.662598 0.957812 0.662109 0.957422 0.662109 0.957031 0.661621 0.956641 0.661621 0.95625 0.661133 0.955859 0.661133 0.955469 0.660645 0.955078 0.660645 0.954688 0.660156 0.953906 0.660156 0.953516 0.659668 0.953125 0.659668 0.952734 0.65918 0.951953 0.65918 0.951562 0.658691 0.949609 0.658691 0.949219 0.658203 0.946484 0.658203 0.946094 0.658691 0.945703 0.658691 0.945312 0.65918 0.944922 0.65918
1 0.65 0.773926 0.65 0.775391 0.650391 0.775879 0.650391 0.777344 0.650781 0.777832 0.650781 0.778809 0.651172 0.779297 0.651172 0.779785 0.651563 0.780273 0.651563 0.780762 0.651953 0.78125 0.652344 0.78125 0.652734 0.781738 0.653516 0.781738 0.653906 0.782227 0.654687 0.782227 0.655078 0.782715 0.65625 0.782715 0.656641 0.783203 0.657422 0.783203 0.657813 0.783691 0.658203 0.783691 0.658594 0.78418 0.658984 0.78418 0.659375 0.784668 0.659766 0.784668 0.660156 0.785156 0.660547 0.785156 0.660937 0.785645 0.6625 0.785645 0.662891 0.786133 0.664062 0.786133 0.664453 0.786621 0.667188 0.786621 0.667578 0.786133 0.668359 0.786133 0.66875 0.785645 0.669141 0.785645 0.670312 0.78418 0.670312 0.781738 0.669922 0.78125 0.669922 0.780273 0.669531 0.779785 0.669531 0.779297 0.669141 0.778809 0.669141 0.77832 0.666797 0.775391 0.666797 0.774902 0.665625 0.773438 0.665234 0.773438 0.664453 0.772461 0.664062 0.772461 0.663281 0.771484 0.6625 0.771484 0.662109 0.770996 0.659375 0.770996 0.658984 0.770508 0.657813 0.770508 0.657422 0.770996 0.654297 0.770996 0.653906 0.771484 0.653125 0.771484 0.652734 0.771973 0.651953 0.771973 0.651563 0.772461 0.651172 0.772461
1 0.637109 0.788574 0.637109 0.790039 0.6375 0.790527 0.6375 0.791504 0.637891 0.791992 0.637891 0.79248 0.639062 0.793945 0.639844 0.793945 0.640234 0.794434 0.641406 0.794434 0.641797 0.794922 0.642969 0.794922 0.643359 0.79541 0.644531 0.79541 0.644922 0.795898 0.646484 0.795898 0.646875 0.796387 0.647266 0.796387 0.647656 0.795898 0.652734 0.795898 0.653125 0.79541 0.655078 0.79541 0.655469 0.794922 0.65625 0.794922 0.656641 0.794434 0.657031 0.794434 0.657031 0.793945 0.657422 0.793457 0.657422 0.787598 0.657031 0.787109 0.657031 0.786133 0.656641 0.785645 0.656641 0.785156 0.65625 0.784668 0.655859 0.784668 0.655469 0.78418 0.655078 0.78418 0.654687 0.783691 0.653516 0.783691 0.653125 0.783203 0.651563 0.783203 0.651172 0.782715 0.645703 0.782715 0.645312 0.783203 0.642578 0.783203 0.642188 0.783691 0.641406 0.783691 0.641016 0.78418 0.640625 0.78418 0.640234 0.784668 0.639844 0.784668 0.639453 0.785156 0.639062 0.785156 0.637891 0.786621 0.637891 0.787109 0.6375 0.787598 0.6375 0.788086
1 0.580859 0.849121 0.578516 0.849121 0.578125 0.849609 0.577344 0.849609 0.576953 0.850098 0.576172 0.850098 0.575781 0.850586 0.575391 0.850586 0.575 0.851074 0.574609 0.851074 0.572656 0.853516 0.572266 0.853516 0.571484 0.854492 0.571484 0.85498 0.570703 0.855957 0.570703 0.856445 0.570312 0.856934 0.570312 0.857422 0.569922 0.85791 0.569922 0.858887 0.569531 0.859375 0.569531 0.859863 0.569141 0.860352 0.569141 0.86084 0.56875 0.861328 0.56875 0.862305 0.568359 0.862793 0.568359 0.863281 0.567969 0.86377 0.567969 0.864258 0.567578 0.864746 0.567578 0.865723 0.567187 0.866211 0.567187 0.866699 0.566797 0.867188 0.566797 0.868164 0.566406 0.868652 0.566406 0.869141 0.566016 0.869629 0.566016 0.870605 0.565625 0.871094 0.565625 0.873047 0.566016 0.873535 0.566016 0.874023 0.567578 0.875977 0.569141 0.875977 0.569531 0.875488 0.571094 0.875488 0.571484 0.875 0.572656 0.875 0.573047 0.874512 0.573438 0.874512 0.573828 0.874023 0.574609 0.874023 0.575391 0.873047 0.575781 0.873047 0.576172 0.872559 0.576562 0.872559 0.578516 0.870117 0.578516 0.869629 0.579688 0.868164 0.579688 0.867676 0.580078 0.867188 0.580078 0.866699 0.580469 0.866211 0.580469 0.865723 0.580859 0.865234 0.580859 0.864746 0.58125 0.864258 0.58125 0.86377 0.581641 0.863281 0.581641 0.862793 0.582031 0.862305 0.582031 0.861328 0.582422 0.86084 0.582422 0.859375 0.582812 0.858887 0.582812 0.851562 0.582422 0.851074 0.582422 0.850586 0.582031 0.850098 0.581641 0.850098
1 0.58125 0.890625 0.579297 0.890625 0.578906 0.891113 0.578516 0.891113 0.578125 0.891602 0.578125 0.89209 0.577734 0.892578 0.577734 0.893066 0.577344 0.893555 0.577344 0.894531 0.576953 0.89502 0.576953 0.896973 0.576562 0.897461 0.576562 0.899414 0.576172 0.899902 0.576172 0.900879 0.575781 0.901367 0.575781 0.901855 0.575391 0.902344 0.575391 0.902832 0.575 0.90332 0.575 0.903809 0.574609 0.904297 0.574609 0.904785 0.574219 0.905273 0.574219 0.90625 0.573828 0.906738 0.573828 0.90918 0.573438 0.909668 0.573438 0.911621 0.573828 0.912109 0.573828 0.913086 0.574219 0.913574 0.574219 0.914062 0.575 0.915039 0.575 0.915527 0.575391 0.916016 0.576172 0.916016 0.576562 0.916504 0.577344 0.916504 0.577734 0.916016 0.580469 0.916016 0.580859 0.915527 0.58125 0.915527 0.581641 0.915039 0.582031 0.915039 0.583203 0.913574 0.583594 0.913574 0.584375 0.912598 0.584375 0.912109 0.585156 0.911133 0.585156 0.910645 0.585547 0.910156 0.585547 0.909668 0.585938 0.90918 0.585938 0.908203 0.586328 0.907715 0.586328 0.907227 0.586719 0.906738 0.586719 0.899902 0.586328 0.899414 0.586328 0.898438 0.585938 0.897949 0.585938 0.896973 0.585547 0.896484 0.585547 0.895508 0.585156 0.89502 0.585156 0.894531 0.584766 0.894043 0.584766 0.893555 0.583203 0.891602 0.582812 0.891602 0.582422 0.891113 0.581641 0.891113
1 0.583203 0.81543 0.582031 0.816895 0.582031 0.823242 0.582422 0.82373 0.582422 0.824707 0.582812 0.825195 0.582812 0.826172 0.583203 0.82666 0.583203 0.827148 0.583594 0.827637 0.583594 0.828125 0.584375 0.829102 0.584766 0.829102 0.5875 0.83252 0.587891 0.83252 0.588672 0.833496 0.589453 0.833496 0.589844 0.833984 0.590625 0.833984 0.591016 0.834473 0.594141 0.834473 0.594531 0.833984 0.595703 0.833984 0.596484 0.833008 0.596484 0.82666 0.596094 0.826172 0.596094 0.825684 0.595703 0.825195 0.595703 0.824707 0.594922 0.82373 0.594922 0.823242 0.591016 0.818359 0.590625 0.818359 0.589063 0.816406 0.588672 0.816406 0.588281 0.815918 0.587891 0.815918 0.5875 0.81543 0.585547 0.81543 0.585156 0.814941 0.583984 0.814941 0.583594 0.81543
1 0.558203 0.753418 0.557422 0.754395 0.557422 0.754883 0.557031 0.755371 0.557031 0.757812 0.557422 0.758301 0.557422 0.760254 0.557813 0.760742 0.557813 0.76123 0.558203 0.761719 0.558203 0.762207 0.558984 0.763184 0.558984 0.763672 0.560547 0.765625 0.560937 0.765625 0.561719 0.766602 0.562109 0.766602 0.564063 0.769043 0.564063 0.769531 0.567578 0.773926 0.567969 0.773926 0.568359 0.774414 0.56875 0.774414 0.569141 0.774902 0.571094 0.774902 0.571484 0.775391 0.572656 0.775391 0.573047 0.774902 0.573438 0.774902 0.574219 0.773926 0.574219 0.773438 0.574609 0.772949 0.574609 0.771484 0.575 0.770996 0.575 0.768555 0.574609 0.768066 0.574609 0.76709 0.574219 0.766602 0.574219 0.765625 0.573828 0.765137 0.573828 0.764648 0.573438 0.76416 0.573438 0.763184 0.573047 0.762695 0.573047 0.762207 0.572656 0.761719 0.572656 0.76123 0.571875 0.760254 0.571875 0.759766 0.571484 0.759766 0.568359 0.755859 0.567969 0.755859 0.567187 0.754883 0.566797 0.754883 0.566406 0.754395 0.566016 0.754395 0.565625 0.753906 0.564844 0.753906 0.564453 0.753418 0.563281 0.753418 0.562891 0.75293 0.561328 0.75293 0.560937 0.752441 0.560547 0.752441 0.560156 0.75293 0.558984 0.75293 0.558594 0.753418
1 0.516406 0.793945 0.515625 0.792969 0.515234 0.792969 0.514844 0.79248 0.511328 0.79248 0.510938 0.792969 0.509766 0.792969 0.509375 0.793457 0.508984 0.793457 0.508203 0.794434 0.507812 0.794434 0.507031 0.79541 0.506641 0.79541 0.505859 0.796387 0.505469 0.796387 0.505078 0.796875 0.504687 0.796875 0.503516 0.79834 0.503125 0.79834 0.501563 0.800293 0.501172 0.800293 0.500391 0.80127 0.500391 0.801758 0.499609 0.802734 0.499609 0.804199 0.5 0.804688 0.5 0.805176 0.500781 0.806152 0.500781 0.806641 0.501563 0.807617 0.501953 0.807617 0.502344 0.808105 0.502734 0.808105 0.503516 0.809082 0.503906 0.809082 0.504297 0.80957 0.504687 0.80957 0.505078 0.810059 0.506641 0.810059 0.507422 0.809082 0.507812 0.809082 0.508203 0.808594 0.508594 0.808594 0.508984 0.808105 0.509375 0.808105 0.509766 0.807617 0.510156 0.807617 0.510547 0.807129 0.510938 0.807129 0.511328 0.806641 0.511719 0.806641 0.512109 0.806152 0.5125 0.806152 0.512891 0.805664 0.513281 0.805664 0.513672 0.805176 0.514062 0.805176 0.514453 0.804688 0.514844 0.804688 0.516016 0.803223 0.516016 0.802734 0.516406 0.802246 0.516406 0.801758 0.516797 0.80127 0.516797 0.800293 0.517188 0.799805 0.517188 0.796387 0.516797 0.795898 0.516797 0.794922 0.516406 0.794434
1 0.551562 0.803711 0.551172 0.803223 0.550781 0.803223 0.550391 0.802734 0.55 0.802734 0.549609 0.802246 0.546094 0.802246 0.545703 0.802734 0.544531 0.802734 0.544141 0.803223 0.54375 0.803223 0.543359 0.803711 0.542969 0.803711 0.542578 0.804199 0.541797 0.804199 0.541406 0.804688 0.540625 0.804688 0.540234 0.805176 0.539453 0.805176 0.539062 0.805664 0.538281 0.805664 0.537891 0.806152 0.537109 0.806152 0.536719 0.806641 0.536328 0.806641 0.535937 0.807129 0.535547 0.807129 0.535156 0.807617 0.534766 0.807617 0.534375 0.808105 0.534375 0.808594 0.533984 0.809082 0.533984 0.80957 0.533594 0.810059 0.533594 0.810547 0.533203 0.811035 0.533203 0.814453 0.533594 0.814941 0.533594 0.81543 0.533984 0.815918 0.533984 0.816406 0.535156 0.817871 0.535547 0.817871 0.535937 0.818359 0.536328 0.818359 0.536719 0.818848 0.539453 0.818848 0.539844 0.818359 0.542188 0.818359 0.542578 0.817871 0.544141 0.817871 0.544531 0.817383 0.545312 0.817383 0.545703 0.816895 0.546094 0.816895 0.546484 0.816406 0.546875 0.816406 0.547266 0.815918 0.548047 0.815918 0.548828 0.814941 0.549219 0.814941 0.550391 0.813477 0.550391 0.812988 0.551172 0.812012 0.551172 0.811523 0.551562 0.811035 0.551562 0.810547 0.551953 0.810059 0.551953 0.80957 0.552344 0.809082 0.552344 0.806152 0.551953 0.805664 0.551953 0.804688 0.551562 0.804199
1 0.472266 0.846191 0.471875 0.84668 0.470703 0.84668 0.469531 0.848145 0.469531 0.849121 0.469141 0.849609 0.469141 0.851074 0.46875 0.851562 0.46875 0.85498 0.469141 0.855469 0.469141 0.858398 0.469531 0.858887 0.469531 0.859863 0.469922 0.860352 0.469922 0.861328 0.470313 0.861816 0.470313 0.862793 0.470703 0.863281 0.470703 0.864258 0.471094 0.864746 0.471094 0.865723 0.471484 0.866211 0.471484 0.866699 0.471875 0.867188 0.471875 0.867676 0.472656 0.868652 0.473047 0.868652 0.473828 0.869629 0.475391 0.869629 0.475781 0.869141 0.476172 0.869141 0.476953 0.868164 0.477344 0.868164 0.477734 0.867676 0.477734 0.867188 0.478516 0.866211 0.478516 0.865723 0.478906 0.865234 0.478906 0.864746 0.479687 0.86377 0.479687 0.863281 0.480078 0.862793 0.480078 0.856445 0.479687 0.855957 0.479687 0.855469 0.479297 0.85498 0.479297 0.854492 0.478906 0.854004 0.478906 0.853516 0.478516 0.853027 0.478516 0.852051 0.478125 0.851562 0.478125 0.851074 0.477734 0.850586 0.477734 0.850098 0.477344 0.849609 0.477344 0.849121 0.476562 0.848145 0.476562 0.847656 0.475391 0.846191
1 0.450391 0.844238 0.449609 0.844238 0.449219 0.84375 0.448437 0.84375 0.448047 0.843262 0.446484 0.843262 0.446094 0.84375 0.445312 0.84375 0.444922 0.844238 0.444531 0.844238 0.444141 0.844727 0.44375 0.844727 0.442578 0.846191 0.442578 0.84668 0.442188 0.847168 0.442188 0.848145 0.441797 0.848633 0.441797 0.849609 0.441406 0.850098 0.441406 0.850586 0.441016 0.851074 0.441016 0.852051 0.440625 0.852539 0.440625 0.853516 0.440234 0.854004 0.440234 0.855469 0.439844 0.855957 0.439844 0.85791 0.439453 0.858398 0.439453 0.863281 0.439844 0.86377 0.439844 0.864258 0.440234 0.864746 0.440234 0.865234 0.441797 0.867188 0.442188 0.867188 0.442578 0.867676 0.44375 0.867676 0.444141 0.867188 0.444531 0.867188 0.445703 0.865723 0.446094 0.865723 0.448828 0.862305 0.448828 0.861816 0.449219 0.861328 0.449219 0.86084 0.45 0.859863 0.45 0.859375 0.450391 0.858887 0.450391 0.858398 0.451172 0.857422 0.451172 0.856934 0.451562 0.856445 0.451562 0.855957 0.451953 0.855469 0.451953 0.85498 0.452344 0.854492 0.452344 0.853516 0.452734 0.853027 0.452734 0.847168 0.452344 0.84668 0.452344 0.846191 0.451172 0.844727 0.450781 0.844727
1 0.600391 0.793945 0.598437 0.793945 0.594922 0.79834 0.594922 0.799805 0.594531 0.800293 0.594531 0.81543 0.594922 0.815918 0.594922 0.817383 0.595313 0.817871 0.598437 0.817871 0.598828 0.817383 0.599609 0.817383 0.6 0.816895 0.600391 0.816895 0.603125 0.813477 0.603125 0.812988 0.603516 0.8125 0.603516 0.811035 0.603906 0.810547 0.603906 0.808594 0.604297 0.808105 0.604297 0.807129 0.603906 0.806641 0.603906 0.800293 0.603516 0.799805 0.603516 0.797852 0.602734 0.796875 0.602734 0.796387 0.601172 0.794434 0.600781 0.794434
1 0.4625 0.740234 0.462109 0.740234 0.461719 0.739746 0.460547 0.739746 0.460156 0.739258 0.459375 0.739258 0.458984 0.739746 0.458203 0.739746 0.453906 0.745117 0.453906 0.745605 0.453516 0.746094 0.453516 0.746582 0.453125 0.74707 0.453125 0.747559 0.451562 0.749512 0.451562 0.75 0.45 0.751953 0.45 0.752441 0.449219 0.753418 0.449219 0.753906 0.448828 0.754395 0.448828 0.755371 0.448437 0.755859 0.448437 0.756836 0.448047 0.757324 0.448047 0.757812 0.447656 0.758301 0.447656 0.76123 0.448047 0.761719 0.448047 0.763184 0.448437 0.763672 0.448437 0.76416 0.448828 0.764648 0.448828 0.765137 0.449219 0.765137 0.449609 0.765625 0.45 0.765625 0.450391 0.766113 0.451562 0.766113 0.451953 0.765625 0.452344 0.765625 0.452734 0.765137 0.453125 0.765137 0.453906 0.76416 0.454297 0.76416 0.45625 0.761719 0.45625 0.76123 0.457031 0.760254 0.457031 0.759766 0.457813 0.758789 0.457813 0.758301 0.458594 0.757324 0.458594 0.756836 0.459766 0.755371 0.459766 0.754883 0.460156 0.754395 0.460156 0.753418 0.460547 0.75293 0.460547 0.752441 0.460938 0.751953 0.460938 0.750977 0.461328 0.750488 0.461328 0.75 0.461719 0.749512 0.461719 0.748535 0.462109 0.748047 0.462109 0.747559 0.4625 0.74707 0.4625 0.746094 0.462891 0.745605 0.462891 0.742188 0.4625 0.741699
1 0.422266 0.890625 0.422266 0.89209 0.426172 0.896973 0.426563 0.896973 0.426953 0.897461 0.427344 0.897461 0.427734 0.897949 0.429297 0.897949 0.429688 0.898438 0.437109 0.898438 0.4375 0.897949 0.438672 0.897949 0.439063 0.897461 0.439844 0.897461 0.440234 0.896973 0.440625 0.896973 0.441016 0.896484 0.441406 0.896484 0.441797 0.895996 0.442188 0.895996 0.442578 0.895508 0.442969 0.895508 0.443359 0.89502 0.44375 0.89502 0.446094 0.89209 0.446094 0.890137 0.445703 0.889648 0.445703 0.88916 0.444922 0.888184 0.444922 0.887695 0.444531 0.887207 0.444141 0.887207 0.44375 0.886719 0.443359 0.886719 0.442969 0.88623 0.441797 0.88623 0.441406 0.885742 0.439844 0.885742 0.439453 0.885254 0.4375 0.885254 0.437109 0.884766 0.43125 0.884766 0.430859 0.885254 0.430078 0.885254 0.429688 0.885742 0.429297 0.885742 0.428906 0.88623 0.428125 0.88623 0.427734 0.886719 0.427344 0.886719 0.426953 0.887207 0.426563 0.887207 0.425781 0.888184 0.425391 0.888184 0.425 0.888672 0.424609 0.888672 0.424219 0.88916 0.423828 0.88916 0.423047 0.890137 0.422656 0.890137
1 0.385156 0.911133 0.38125 0.911133 0.380859 0.911621 0.380078 0.911621 0.378906 0.913086 0.378516 0.913086 0.377344 0.914551 0.376953 0.914551 0.376563 0.915039 0.376172 0.915039 0.375 0.916504 0.375 0.916992 0.374609 0.91748 0.374609 0.917969 0.373828 0.918945 0.373828 0.919922 0.373437 0.92041 0.373437 0.921387 0.373047 0.921875 0.373047 0.92334 0.372656 0.923828 0.372656 0.931641 0.373047 0.932129 0.373047 0.933105 0.373437 0.933594 0.373437 0.934082 0.374609 0.935547 0.375 0.935547 0.375391 0.936035 0.375781 0.936035 0.376172 0.936523 0.378125 0.936523 0.378516 0.936035 0.378906 0.936035 0.38125 0.933105 0.38125 0.932617 0.381641 0.932129 0.381641 0.931152 0.382031 0.930664 0.382031 0.929688 0.382422 0.929199 0.382422 0.928711 0.382812 0.928223 0.382812 0.927246 0.383203 0.926758 0.383203 0.925781 0.383594 0.925293 0.383594 0.924316 0.383984 0.923828 0.383984 0.922852 0.384375 0.922363 0.384375 0.921387 0.384766 0.920898 0.384766 0.919434 0.385156 0.918945 0.385156 0.91748 0.385547 0.916992 0.385547 0.912109 0.385156 0.911621
1 0.444531 0.755859 0.442188 0.755859 0.439844 0.758789 0.439844 0.759766 0.439453 0.760254 0.439453 0.76123 0.439063 0.761719 0.439063 0.762695 0.438672 0.763184 0.438672 0.766113 0.438281 0.766602 0.438281 0.776367 0.438672 0.776855 0.438672 0.779785 0.439063 0.780273 0.439063 0.782715 0.439453 0.783203 0.439453 0.784668 0.439844 0.785156 0.439844 0.785645 0.440625 0.786621 0.441016 0.786621 0.441406 0.787109 0.442188 0.787109 0.442578 0.787598 0.443359 0.787598 0.44375 0.787109 0.444922 0.787109 0.445312 0.786621 0.445703 0.786621 0.446094 0.786133 0.446484 0.786133 0.448047 0.78418 0.448047 0.783691 0.448437 0.783203 0.448437 0.78125 0.448828 0.780762 0.448828 0.776855 0.449219 0.776367 0.449219 0.771973 0.448828 0.771484 0.448828 0.766602 0.448437 0.766113 0.448437 0.764648 0.448047 0.76416 0.448047 0.763672 0.447656 0.763184 0.447656 0.762207 0.447266 0.761719 0.447266 0.760742 0.446875 0.760254 0.446875 0.759277 0.446484 0.758789 0.446484 0.758301
1 0.458203 0.659668 0.457422 0.659668 0.457031 0.65918 0.45625 0.65918 0.455859 0.658691 0.455469 0.658691 0.455078 0.65918 0.454297 0.65918 0.452344 0.661621 0.452344 0.662109 0.451562 0.663086 0.451562 0.663574 0.450781 0.664551 0.450781 0.665039 0.449609 0.666504 0.449609 0.666992 0.448828 0.667969 0.448828 0.668457 0.447656 0.669922 0.447656 0.67041 0.447266 0.670898 0.447266 0.671387 0.446875 0.671875 0.446875 0.672852 0.446484 0.67334 0.446484 0.677246 0.447266 0.678223 0.447656 0.678223 0.448047 0.678711 0.449219 0.678711 0.449609 0.679199 0.451953 0.679199 0.452344 0.678711 0.452734 0.678711 0.453125 0.678223 0.453906 0.678223 0.454297 0.677734 0.454688 0.677734 0.455078 0.677246 0.455469 0.677246 0.455859 0.676758 0.45625 0.676758 0.458984 0.67334 0.458984 0.672852 0.459375 0.672363 0.459375 0.671875 0.459766 0.671387 0.459766 0.669434 0.460156 0.668945 0.460156 0.664551 0.459766 0.664062 0.459766 0.662598 0.459375 0.662109 0.459375 0.661621 0.458984 0.661133 0.458984 0.660645
1 0.527344 0.54248 0.526953 0.542969 0.526563 0.542969 0.526172 0.543457 0.525781 0.543457 0.525391 0.543945 0.525391 0.54541 0.525 0.545898 0.525 0.550781 0.525391 0.55127 0.525391 0.552734 0.525781 0.553223 0.525781 0.554199 0.526172 0.554688 0.526172 0.555176 0.526563 0.555664 0.526563 0.556152 0.527344 0.557129 0.527344 0.557617 0.527734 0.558105 0.527734 0.558594 0.528516 0.55957 0.528516 0.560059 0.530078 0.562012 0.530078 0.5625 0.530859 0.563477 0.530859 0.563965 0.53125 0.564453 0.53125 0.564941 0.532813 0.566895 0.535937 0.566895 0.536328 0.566406 0.536719 0.566406 0.537109 0.565918 0.537109 0.56543 0.5375 0.564941 0.5375 0.563965 0.537891 0.563477 0.537891 0.562012 0.538281 0.561523 0.538281 0.554688 0.537891 0.554199 0.537891 0.553223 0.5375 0.552734 0.5375 0.552246 0.537109 0.551758 0.537109 0.550781 0.536719 0.550293 0.536719 0.549805 0.535937 0.548828 0.535937 0.54834 0.534766 0.546875 0.534766 0.546387 0.532813 0.543945 0.532422 0.543945 0.532031 0.543457 0.531641 0.543457 0.53125 0.542969 0.530859 0.542969 0.530469 0.54248 0.529687 0.54248 0.529297 0.541992 0.528516 0.541992 0.528125 0.54248
1 0.510938 0.558594 0.510938 0.561035 0.511328 0.561523 0.511328 0.562012 0.511719 0.5625 0.511719 0.562988 0.512109 0.563477 0.512109 0.563965 0.5125 0.563965 0.512891 0.564453 0.513281 0.564453 0.513672 0.564941 0.515234 0.564941 0.515625 0.56543 0.516406 0.56543 0.516797 0.565918 0.517188 0.565918 0.517578 0.566406 0.517969 0.566406 0.518359 0.566895 0.51875 0.566895 0.519141 0.567383 0.519531 0.567383 0.519922 0.567871 0.521094 0.567871 0.521484 0.568359 0.522656 0.568359 0.523047 0.567871 0.525391 0.567871 0.527344 0.56543 0.527344 0.562012 0.526953 0.561523 0.526953 0.561035 0.524609 0.558105 0.524219 0.558105 0.523828 0.557617 0.523047 0.557617 0.522656 0.557129 0.521484 0.557129 0.521094 0.556641 0.520312 0.556641 0.519922 0.556152 0.519531 0.556152 0.519141 0.555664 0.51875 0.555664 0.518359 0.555176 0.516406 0.555176 0.516016 0.555664 0.514453 0.555664 0.514062 0.556152 0.513281 0.556152 0.512891 0.556641 0.5125 0.556641
1 0.617969 0.646973 0.617578 0.647461 0.617188 0.647461 0.616797 0.647949 0.616406 0.647949 0.615625 0.648926 0.615625 0.649414 0.615234 0.649902 0.615234 0.650879 0.614844 0.651367 0.614844 0.655273 0.614453 0.655762 0.614453 0.656738 0.614844 0.657227 0.614844 0.659668 0.615234 0.660156 0.615234 0.661621 0.615625 0.662109 0.615625 0.662598 0.616016 0.662598 0.616797 0.663574 0.617188 0.663574 0.617578 0.664062 0.618359 0.664062 0.61875 0.664551 0.619922 0.664551 0.620313 0.664062 0.621094 0.664062 0.621484 0.663574 0.621875 0.663574 0.622266 0.663086 0.622656 0.663086 0.623437 0.662109 0.623437 0.661621 0.623828 0.661133 0.623828 0.660645 0.624219 0.660156 0.624219 0.65918 0.624609 0.658691 0.624609 0.654297 0.624219 0.653809 0.624219 0.651855 0.623828 0.651367 0.623828 0.650879 0.623437 0.650391 0.623437 0.649902 0.621875 0.647949 0.621484 0.647949 0.621094 0.647461 0.620703 0.647461 0.620313 0.646973
1 0.591406 0.652832 0.592187 0.653809 0.592578 0.653809 0.592969 0.654297 0.59375 0.654297 0.594141 0.654785 0.598437 0.654785 0.598828 0.654297 0.6 0.654297 0.600391 0.653809 0.600781 0.653809 0.601172 0.65332 0.601562 0.65332 0.601953 0.652832 0.602734 0.652832 0.603125 0.652344 0.603516 0.652344 0.603906 0.651855 0.604297 0.651855 0.605078 0.650879 0.605469 0.650879 0.605859 0.650391 0.60625 0.650391 0.607031 0.649414 0.607422 0.649414 0.608203 0.648438 0.608203 0.647949 0.608594 0.647461 0.608594 0.64502 0.608203 0.644531 0.608203 0.643066 0.607812 0.642578 0.607812 0.64209 0.607422 0.641602 0.598047 0.641602 0.597656 0.64209 0.596094 0.64209 0.595703 0.642578 0.595313 0.642578 0.59375 0.644531 0.59375 0.64502 0.592187 0.646973 0.592187 0.647461 0.591797 0.647949 0.591797 0.648926 0.591406 0.649414
1 0.603516 0.672363 0.603125 0.672852 0.602734 0.672852 0.602344 0.67334 0.601953 0.67334 0.601562 0.673828 0.601562 0.674316 0.600781 0.675293 0.600781 0.675781 0.600391 0.67627 0.600391 0.677734 0.6 0.678223 0.6 0.683594 0.600391 0.684082 0.600391 0.686035 0.600781 0.686523 0.600781 0.687012 0.601172 0.6875 0.601172 0.687988 0.601562 0.688477 0.601562 0.688965 0.601953 0.689453 0.601953 0.689941 0.602344 0.69043 0.602344 0.690918 0.605859 0.695312 0.60625 0.695312 0.607031 0.696289 0.610938 0.696289 0.612109 0.694824 0.612109 0.694336 0.612891 0.693359 0.612891 0.692383 0.613281 0.691895 0.613281 0.691406 0.613672 0.690918 0.613672 0.688965 0.614062 0.688477 0.614062 0.683594 0.613672 0.683105 0.613672 0.682129 0.613281 0.681641 0.613281 0.680664 0.612891 0.680176 0.612891 0.679688 0.6125 0.679199 0.6125 0.678223 0.611719 0.677246 0.611719 0.676758 0.611328 0.67627 0.611328 0.675781 0.610156 0.674316 0.609375 0.674316 0.608984 0.673828 0.607422 0.673828 0.607031 0.67334 0.605859 0.67334 0.605469 0.672852 0.604688 0.672852 0.604297 0.672363
1 0.5875 0.688477 0.587109 0.688965 0.587109 0.689453 0.586719 0.689941 0.586719 0.691895 0.586328 0.692383 0.586328 0.696777 0.586719 0.697266 0.586719 0.698242 0.587109 0.69873 0.587109 0.699219 0.5875 0.699707 0.5875 0.700195 0.587891 0.700684 0.587891 0.701172 0.588281 0.70166 0.588281 0.702148 0.589844 0.704102 0.590234 0.704102 0.591016 0.705078 0.591406 0.705078 0.591797 0.705566 0.592187 0.705566 0.592578 0.706055 0.592969 0.706055 0.593359 0.706543 0.594141 0.706543 0.594531 0.707031 0.596875 0.707031 0.597266 0.706543 0.598047 0.706543 0.598437 0.706055 0.598437 0.705566 0.598828 0.705078 0.598828 0.703125 0.599219 0.702637 0.599219 0.699707 0.598828 0.699219 0.598828 0.697266 0.598437 0.696777 0.598437 0.695801 0.598047 0.695312 0.598047 0.694824 0.597656 0.694336 0.597656 0.693848 0.596875 0.692871 0.596875 0.692383 0.596094 0.691406 0.596094 0.690918 0.595703 0.690918 0.594922 0.689941 0.594531 0.689941 0.59375 0.688965 0.593359 0.688965 0.592969 0.688477 0.592187 0.688477 0.591797 0.687988 0.588281 0.687988 0.587891 0.688477
1 0.586719 0.70752 0.586328 0.70752 0.585938 0.707031 0.585156 0.707031 0.584766 0.706543 0.583203 0.706543 0.582812 0.707031 0.582031 0.707031 0.581641 0.70752 0.58125 0.70752 0.580859 0.708008 0.580469 0.708008 0.578516 0.710449 0.578516 0.710938 0.576562 0.713379 0.576172 0.713379 0.575 0.714844 0.575 0.715332 0.574609 0.71582 0.574609 0.716797 0.574219 0.717285 0.574219 0.722168 0.574609 0.722656 0.574609 0.723145 0.575 0.723633 0.575 0.724121 0.575781 0.725098 0.579297 0.725098 0.579688 0.724609 0.580469 0.724609 0.580859 0.724121 0.58125 0.724121 0.582031 0.723145 0.582422 0.723145 0.583984 0.721191 0.583984 0.720703 0.587109 0.716797 0.587109 0.716309 0.5875 0.71582 0.5875 0.715332 0.587891 0.714844 0.587891 0.709961 0.5875 0.709473 0.5875 0.708984 0.587109 0.708496 0.587109 0.708008
1 0.557422 0.692871 0.557031 0.692871 0.556641 0.693359 0.555859 0.693359 0.555859 0.693848 0.555078 0.694824 0.555078 0.695312 0.554688 0.695801 0.554688 0.697754 0.554297 0.698242 0.554297 0.699707 0.553906 0.700195 0.553906 0.70166 0.553516 0.702148 0.553516 0.704102 0.553125 0.70459 0.553125 0.707031 0.553516 0.70752 0.553516 0.709473 0.553906 0.709961 0.553906 0.71582 0.555078 0.717285 0.555469 0.717285 0.555859 0.717773 0.557031 0.717773 0.557422 0.717285 0.557813 0.717285 0.558594 0.716309 0.558984 0.716309 0.559375 0.71582 0.559375 0.715332 0.560937 0.713379 0.560937 0.712891 0.561719 0.711914 0.561719 0.711426 0.562109 0.710938 0.562109 0.710449 0.5625 0.709961 0.5625 0.708496 0.562891 0.708008 0.562891 0.707031 0.563281 0.706543 0.563281 0.705566 0.563672 0.705078 0.563672 0.704102 0.564063 0.703613 0.564063 0.702148 0.564453 0.70166 0.564453 0.700684 0.564063 0.700195 0.564063 0.699219 0.563672 0.69873 0.563672 0.697754 0.563281 0.697266 0.563281 0.696289 0.561719 0.694336 0.561328 0.694336 0.560937 0.693848 0.559766 0.693848 0.559375 0.693359 0.557813 0.693359
1 0.54375 0.696289 0.543359 0.696777 0.542969 0.696777 0.541406 0.69873 0.541406 0.699707 0.541016 0.700195 0.541016 0.70752 0.540625 0.708008 0.540625 0.711914 0.541016 0.712402 0.541016 0.714355 0.541406 0.714844 0.541406 0.715332 0.542188 0.716309 0.542969 0.716309 0.543359 0.716797 0.546094 0.716797 0.546875 0.71582 0.547266 0.71582 0.547656 0.715332 0.547656 0.714844 0.548438 0.713867 0.548438 0.713379 0.548828 0.712891 0.548828 0.711914 0.549219 0.711426 0.549219 0.710449 0.549609 0.709961 0.549609 0.708496 0.55 0.708008 0.55 0.707031 0.550391 0.706543 0.550391 0.704102 0.55 0.703613 0.55 0.701172 0.549609 0.700684 0.549609 0.700195 0.549219 0.699707 0.549219 0.699219 0.547656 0.697266 0.547266 0.697266 0.546875 0.696777 0.546094 0.696777 0.545703 0.696289
1 0.577344 0.608887 0.574219 0.608887 0.573828 0.609375 0.572656 0.609375 0.571484 0.61084 0.571484 0.611328 0.571094 0.611816 0.571094 0.612793 0.570703 0.613281 0.570703 0.614258 0.570312 0.614746 0.570312 0.615723 0.569922 0.616211 0.569922 0.617188 0.569531 0.617676 0.569531 0.619141 0.569141 0.619629 0.569141 0.620605 0.56875 0.621094 0.56875 0.622559 0.568359 0.623047 0.568359 0.624023 0.567969 0.624512 0.567969 0.625488 0.567578 0.625977 0.567578 0.629395 0.567969 0.629883 0.567969 0.630859 0.568359 0.631348 0.568359 0.631836 0.56875 0.632324 0.56875 0.632812 0.569141 0.632812 0.569531 0.633301 0.570312 0.633301 0.570703 0.633789 0.573438 0.633789 0.573828 0.633301 0.574219 0.633301 0.574609 0.632812 0.575 0.632812 0.578125 0.628906 0.578125 0.628418 0.578516 0.62793 0.578516 0.627441 0.578906 0.626953 0.578906 0.626465 0.579297 0.625977 0.579297 0.625488 0.579688 0.625 0.579688 0.624512 0.580469 0.623535 0.580469 0.622559 0.580859 0.62207 0.580859 0.620117 0.58125 0.619629 0.58125 0.616211 0.580859 0.615723 0.580859 0.612793 0.580469 0.612305 0.580469 0.611816 0.578906 0.609863 0.578516 0.609863 0.578125 0.609375 0.577734 0.609375
1 0.582031 0.62793 0.580078 0.62793 0.578906 0.629395 0.578906 0.629883 0.578516 0.630371 0.578516 0.630859 0.578125 0.631348 0.578125 0.631836 0.577734 0.632324 0.577734 0.632812 0.577344 0.633301 0.577344 0.633789 0.576953 0.634277 0.576953 0.634766 0.575781 0.63623 0.575781 0.636719 0.575391 0.637207 0.575391 0.639648 0.575 0.640137 0.575 0.643066 0.574609 0.643555 0.574609 0.64502 0.574219 0.645508 0.574219 0.647949 0.574609 0.648438 0.574609 0.649414 0.575 0.649902 0.575 0.650391 0.575391 0.650879 0.575391 0.651367 0.575781 0.651855 0.575781 0.652344 0.577344 0.654297 0.577734 0.654297 0.578125 0.654785 0.578906 0.654785 0.579297 0.655273 0.580469 0.655273 0.580859 0.654785 0.58125 0.654785 0.582812 0.652832 0.582812 0.652344 0.583203 0.651855 0.583203 0.651367 0.583594 0.650879 0.583594 0.649902 0.583984 0.649414 0.583984 0.648438 0.584375 0.647949 0.584375 0.646484 0.584766 0.645996 0.584766 0.644531 0.585156 0.644043 0.585156 0.642578 0.585547 0.64209 0.585547 0.640625 0.585938 0.640137 0.585938 0.639648 0.586328 0.63916 0.586328 0.638184 0.586719 0.637695 0.586719 0.635742 0.586328 0.635254 0.586328 0.632812 0.585938 0.632324 0.585938 0.631836 0.585156 0.630859 0.585156 0.630371 0.583594 0.628418 0.582422 0.628418
1 0.403516 0.911621 0.403125 0.911621 0.402734 0.911133 0.399609 0.911133 0.399219 0.911621 0.398828 0.911621 0.398438 0.912109 0.397656 0.912109 0.397266 0.912598 0.396875 0.912598 0.395313 0.914551 0.395313 0.915039 0.394531 0.916016 0.394531 0.916504 0.393359 0.917969 0.393359 0.918457 0.392578 0.919434 0.392578 0.919922 0.391797 0.920898 0.391797 0.921387 0.391406 0.921875 0.391406 0.922363 0.391016 0.922852 0.391016 0.92334 0.390234 0.924316 0.390234 0.924805 0.387891 0.927734 0.3875 0.927734 0.386719 0.928711 0.386719 0.929199 0.386328 0.929688 0.386328 0.931641 0.387109 0.932617 0.387109 0.933105 0.3875 0.933594 0.387891 0.933594 0.388281 0.934082 0.392969 0.934082 0.393359 0.933594 0.39375 0.933594 0.394141 0.933105 0.394531 0.933105 0.394922 0.932617 0.395313 0.932617 0.395703 0.932129 0.396094 0.932129 0.397266 0.930664 0.397266 0.930176 0.398047 0.929199 0.398047 0.928711 0.399609 0.926758 0.4 0.926758 0.401172 0.925293 0.401172 0.924805 0.401953 0.923828 0.401953 0.92334 0.402344 0.922852 0.402344 0.922363 0.402734 0.921875 0.402734 0.921387 0.403125 0.920898 0.403125 0.919922 0.403516 0.919434 0.403516 0.917969 0.403906 0.91748 0.403906 0.916992 0.404297 0.916504 0.404297 0.913574 0.403906 0.913086 0.403906 0.912109
1 0.429688 0.90625 0.428906 0.905273 0.428516 0.905273 0.428125 0.904785 0.422266 0.904785 0.421875 0.905273 0.420703 0.905273 0.420312 0.905762 0.419531 0.905762 0.419141 0.90625 0.417969 0.90625 0.417578 0.906738 0.416797 0.906738 0.416406 0.907227 0.416016 0.907227 0.415234 0.908203 0.414844 0.908203 0.413672 0.909668 0.413281 0.909668 0.410938 0.912598 0.410938 0.913086 0.410547 0.913574 0.410547 0.914062 0.410156 0.914551 0.410156 0.916992 0.410547 0.91748 0.410547 0.917969 0.411328 0.918945 0.412109 0.918945 0.4125 0.919434 0.421484 0.919434 0.421875 0.918945 0.422656 0.918945 0.423047 0.918457 0.423828 0.918457 0.424219 0.917969 0.424609 0.917969 0.428125 0.913574 0.428516 0.913574 0.429688 0.912109 0.429688 0.911621 0.430078 0.911133 0.430078 0.907715 0.429688 0.907227
1 0.476562 0.948242 0.476562 0.94873 0.476172 0.949219 0.476172 0.952637 0.476562 0.953125 0.476562 0.955566 0.476953 0.956055 0.476953 0.957031 0.477344 0.95752 0.477344 0.958008 0.478906 0.959961 0.478906 0.960449 0.479687 0.961426 0.480078 0.961426 0.480859 0.962402 0.481641 0.962402 0.482031 0.962891 0.483594 0.962891 0.483984 0.963379 0.488672 0.963379 0.489063 0.962891 0.490234 0.962891 0.490625 0.962402 0.491016 0.962402 0.492188 0.960938 0.492188 0.958008 0.491797 0.95752 0.491797 0.956543 0.491406 0.956055 0.491406 0.955566 0.491016 0.955078 0.491016 0.95459 0.490234 0.953613 0.490234 0.953125 0.487109 0.949219 0.486719 0.949219 0.486328 0.94873 0.485938 0.94873 0.485547 0.948242 0.485156 0.948242 0.484766 0.947754 0.484375 0.947754 0.483984 0.947266 0.483594 0.947266 0.483203 0.946777 0.482031 0.946777 0.481641 0.946289 0.478516 0.946289 0.478125 0.946777 0.477734 0.946777
1 0.416016 0.972656 0.4125 0.972656 0.412109 0.973145 0.411719 0.973145 0.411328 0.973633 0.410938 0.973633 0.410938 0.974121 0.409375 0.976074 0.409375 0.976562 0.408203 0.978027 0.408203 0.978516 0.407422 0.979492 0.407422 0.97998 0.407031 0.980469 0.407031 0.980957 0.406641 0.981445 0.406641 0.981934 0.40625 0.982422 0.40625 0.98291 0.405859 0.983398 0.405859 0.985352 0.405469 0.98584 0.405469 0.992676 0.405859 0.993164 0.405859 0.994629 0.40625 0.995117 0.40625 0.995605 0.406641 0.996094 0.406641 0.996582 0.407422 0.997559 0.407813 0.997559 0.408203 0.998047 0.410156 0.998047 0.410547 0.997559 0.412109 0.997559 0.4125 0.99707 0.4125 0.996582 0.413281 0.995605 0.413281 0.994629 0.413672 0.994141 0.413672 0.993652 0.414062 0.993164 0.414062 0.992188 0.414453 0.991699 0.414453 0.991211 0.414844 0.990723 0.414844 0.989746 0.415234 0.989258 0.415234 0.987793 0.415625 0.987305 0.415625 0.98584 0.416016 0.985352 0.416016 0.983887 0.416406 0.983398 0.416406 0.981934 0.416797 0.981445 0.416797 0.979004 0.417187 0.978516 0.417187 0.974609 0.416797 0.974121 0.416797 0.973633
1 0.56875 0.973633 0.567969 0.974609 0.567969 0.975586 0.567578 0.976074 0.567578 0.983398 0.567969 0.983887 0.567969 0.984863 0.568359 0.985352 0.568359 0.986328 0.56875 0.986816 0.56875 0.987305 0.569141 0.987793 0.569141 0.988281 0.569531 0.98877 0.569531 0.989258 0.569922 0.989746 0.569922 0.990723 0.570312 0.991211 0.570312 0.991699 0.570703 0.992188 0.570703 0.992676 0.571094 0.993164 0.571094 0.993652 0.571484 0.994141 0.571484 0.996094 0.571875 0.996582 0.571875 0.998047 0.573047 0.999512 0.573047 1 0.580859 1 0.580859 0.999512 0.581641 0.998535 0.581641 0.996582 0.582031 0.996094 0.582031 0.992676 0.581641 0.992188 0.581641 0.98877 0.58125 0.988281 0.58125 0.987305 0.580859 0.986816 0.580859 0.985352 0.580469 0.984863 0.580469 0.983398 0.580078 0.98291 0.580078 0.981934 0.579688 0.981445 0.579688 0.980957 0.579297 0.980469 0.579297 0.97998 0.578906 0.979492 0.578906 0.979004 0.577344 0.977051 0.576953 0.977051 0.576172 0.976074 0.575781 0.976074 0.575391 0.975586 0.575 0.975586 0.574219 0.974609 0.573828 0.974609 0.573047 0.973633 0.572266 0.973633 0.571875 0.973145 0.571484 0.973145 0.571094 0.973633
1 0.529687 0.97998 0.529297 0.97998 0.528906 0.979492 0.528516 0.979492 0.528125 0.979004 0.527344 0.979004 0.526953 0.978516 0.524609 0.978516 0.523047 0.980469 0.522656 0.980469 0.520703 0.98291 0.520703 0.983398 0.520312 0.983887 0.520312 0.984375 0.519922 0.984863 0.519922 0.985352 0.519531 0.98584 0.519531 0.986328 0.519141 0.986816 0.519141 0.987305 0.51875 0.987793 0.51875 0.988281 0.518359 0.98877 0.518359 0.989746 0.517969 0.990234 0.517969 0.991699 0.517578 0.992188 0.517578 0.994141 0.517188 0.994629 0.517188 0.998535 0.517578 0.999023 0.517578 1 0.526172 1 0.526172 0.999512 0.526563 0.999023 0.526563 0.998535 0.526953 0.998047 0.526953 0.997559 0.527344 0.99707 0.527344 0.996582 0.528125 0.995605 0.528125 0.995117 0.529297 0.993652 0.529297 0.993164 0.529687 0.992676 0.529687 0.992188 0.530078 0.991699 0.530078 0.991211 0.530469 0.990723 0.530469 0.990234 0.530859 0.989746 0.530859 0.988281 0.53125 0.987793 0.53125 0.982422 0.530859 0.981934 0.530859 0.981445
1 0.588281 0.762207 0.583984 0.762207 0.583594 0.762695 0.583203 0.762695 0.582812 0.763184 0.582812 0.763672 0.582031 0.764648 0.582031 0.765137 0.58125 0.766113 0.58125 0.766602 0.580859 0.76709 0.580859 0.767578 0.580469 0.768066 0.580469 0.768555 0.580078 0.769043 0.580078 0.770996 0.579688 0.771484 0.579688 0.779297 0.580078 0.779785 0.580078 0.780762 0.580469 0.78125 0.580469 0.782227 0.580859 0.782715 0.580859 0.784668 0.58125 0.785156 0.58125 0.785645 0.581641 0.786133 0.581641 0.786621 0.582031 0.787109 0.582031 0.787598 0.583203 0.789062 0.583594 0.789062 0.583984 0.789551 0.585156 0.789551 0.585547 0.789062 0.586719 0.789062 0.587109 0.788574 0.5875 0.788574 0.587891 0.788086 0.588281 0.788086 0.588672 0.787598 0.588672 0.787109 0.589453 0.786133 0.589453 0.785645 0.589844 0.785156 0.589844 0.784668 0.590234 0.78418 0.590234 0.782715 0.590625 0.782227 0.590625 0.78125 0.591016 0.780762 0.591016 0.779785 0.591406 0.779297 0.591406 0.777344 0.591797 0.776855 0.591797 0.768066 0.591406 0.767578 0.591406 0.76709 0.591016 0.766602 0.591016 0.766113 0.590625 0.765625 0.590625 0.765137 0.589844 0.76416 0.589844 0.763672 0.589063 0.762695 0.588672 0.762695
1 0.591016 0.716309 0.590234 0.717285 0.589844 0.717285 0.589453 0.717773 0.589453 0.718262 0.588672 0.719238 0.588672 0.719727 0.588281 0.720215 0.588281 0.73584 0.588672 0.736328 0.588672 0.737793 0.589063 0.738281 0.589063 0.73877 0.589453 0.739258 0.589453 0.740234 0.590625 0.741699 0.591016 0.741699 0.591406 0.742188 0.595703 0.742188 0.596484 0.741211 0.596484 0.740723 0.597266 0.739746 0.597266 0.73877 0.597656 0.738281 0.597656 0.737793 0.598047 0.737305 0.598047 0.736816 0.598437 0.736328 0.598437 0.735352 0.598828 0.734863 0.598828 0.731445 0.599219 0.730957 0.599219 0.730469 0.598828 0.72998 0.598828 0.727539 0.598437 0.727051 0.598437 0.725098 0.598047 0.724609 0.598047 0.724121 0.597656 0.723633 0.597656 0.723145 0.597266 0.722656 0.597266 0.722168 0.596875 0.72168 0.596875 0.721191 0.596094 0.720215 0.596094 0.719727 0.595313 0.71875 0.594922 0.71875 0.59375 0.717285 0.593359 0.717285 0.592578 0.716309
1 0.584375 0.657715 0.583984 0.657715 0.583594 0.657227 0.58125 0.657227 0.580859 0.656738 0.580469 0.656738 0.580078 0.657227 0.578906 0.657227 0.578516 0.657715 0.578125 0.657715 0.577734 0.658203 0.577344 0.658203 0.576172 0.659668 0.575781 0.659668 0.574219 0.661621 0.574219 0.662109 0.571875 0.665039 0.571875 0.665527 0.571094 0.666504 0.571094 0.666992 0.570703 0.66748 0.570703 0.668457 0.570312 0.668945 0.570312 0.669922 0.569922 0.67041 0.569922 0.673828 0.570312 0.674316 0.570312 0.675781 0.570703 0.67627 0.570703 0.676758 0.571875 0.678223 0.572266 0.678223 0.572656 0.678711 0.576172 0.678711 0.576562 0.678223 0.576953 0.678223 0.577344 0.677734 0.577734 0.677734 0.579297 0.675781 0.579297 0.675293 0.580078 0.674316 0.580078 0.673828 0.580469 0.67334 0.580469 0.672363 0.58125 0.671387 0.58125 0.670898 0.583203 0.668457 0.583203 0.667969 0.583984 0.666992 0.583984 0.666504 0.584375 0.666016 0.584375 0.665527 0.584766 0.665039 0.584766 0.664551 0.585156 0.664062 0.585156 0.663574 0.585547 0.663086 0.585547 0.660156 0.585156 0.659668 0.585156 0.65918 0.584766 0.658691 0.584766 0.658203
1 0.537109 0.17041 0.536719 0.170898 0.536719 0.171387 0.536328 0.171875 0.536328 0.175293 0.536719 0.175781 0.536719 0.176758 0.537109 0.177246 0.537109 0.178223 0.5375 0.178711 0.5375 0.179199 0.538281 0.180176 0.538281 0.180664 0.539062 0.181641 0.539062 0.182129 0.539453 0.182617 0.539453 0.183105 0.539844 0.183594 0.539844 0.184082 0.540625 0.185059 0.540625 0.185547 0.541016 0.186035 0.541016 0.186523 0.541797 0.1875 0.541797 0.187988 0.542578 0.188965 0.542578 0.189453 0.543359 0.19043 0.543359 0.190918 0.544141 0.191895 0.544141 0.192383 0.544531 0.192871 0.544531 0.193359 0.544922 0.193848 0.544922 0.194336 0.545703 0.195312 0.545703 0.195801 0.546875 0.197266 0.547266 0.197266 0.547656 0.197754 0.55 0.197754 0.550391 0.197266 0.550781 0.197266 0.551562 0.196289 0.551562 0.195801 0.552344 0.194824 0.552344 0.193848 0.552734 0.193359 0.552734 0.186035 0.552344 0.185547 0.552344 0.183594 0.551953 0.183105 0.551953 0.181641 0.551562 0.181152 0.551562 0.180664 0.551172 0.180176 0.551172 0.179688 0.550781 0.179199 0.550781 0.178711 0.546875 0.173828 0.546875 0.17334 0.546094 0.172363 0.545703 0.172363 0.545312 0.171875 0.544922 0.171875 0.544531 0.171387 0.544141 0.171387 0.54375 0.170898 0.542969 0.170898 0.542578 0.17041 0.541016 0.17041 0.540625 0.169922 0.538672 0.169922 0.538281 0.17041
1 0.857031 0.249512 0.857031 0.25 0.856641 0.250488 0.856641 0.255859 0.857031 0.256348 0.857031 0.256836 0.857812 0.257812 0.858203 0.257812 0.858984 0.258789 0.859375 0.258789 0.860156 0.259766 0.860547 0.259766 0.860938 0.260254 0.861328 0.260254 0.861719 0.260742 0.862109 0.260742 0.8625 0.26123 0.863672 0.26123 0.864062 0.261719 0.865234 0.261719 0.865625 0.262207 0.869141 0.262207 0.869531 0.261719 0.869922 0.261719 0.870313 0.26123 0.870703 0.26123 0.873437 0.257812 0.873437 0.257324 0.873828 0.256836 0.873828 0.255859 0.874219 0.255371 0.874219 0.253906 0.874609 0.253418 0.874609 0.25 0.874219 0.249512 0.874219 0.249023 0.873828 0.248535 0.873828 0.248047 0.872266 0.246094 0.871875 0.246094 0.871484 0.245605 0.870703 0.245605 0.870313 0.245117 0.869531 0.245117 0.869141 0.244629 0.867188 0.244629 0.866797 0.245117 0.864062 0.245117 0.863672 0.245605 0.8625 0.245605 0.862109 0.246094 0.861328 0.246094 0.860938 0.246582 0.860547 0.246582 0.860156 0.24707 0.859766 0.24707 0.859375 0.247559 0.858984 0.247559 0.858203 0.248535 0.857812 0.248535
1 0.555859 0.0942383 0.555078 0.0952148 0.554688 0.0952148 0.554688 0.0961914 0.554297 0.0966797 0.554297 0.102539 0.554688 0.103027 0.554688 0.105469 0.555078 0.105957 0.555078 0.106934 0.555469 0.107422 0.555469 0.10791 0.555859 0.108398 0.555859 0.108887 0.55625 0.109375 0.55625 0.109863 0.558594 0.112793 0.558984 0.112793 0.560156 0.114258 0.560547 0.114258 0.561328 0.115234 0.561719 0.115234 0.562109 0.115723 0.5625 0.115723 0.562891 0.116211 0.563281 0.116211 0.563672 0.116699 0.565625 0.116699 0.566406 0.115723 0.566797 0.115723 0.566797 0.115234 0.567578 0.114258 0.567578 0.111328 0.567969 0.11084 0.567969 0.109863 0.567578 0.109375 0.567578 0.108398 0.567187 0.10791 0.567187 0.107422 0.566797 0.106934 0.566797 0.106445 0.566406 0.105957 0.566406 0.105469 0.566016 0.10498 0.566016 0.104492 0.565625 0.104004 0.565625 0.103516 0.565234 0.103027 0.565234 0.102539 0.564453 0.101562 0.564453 0.101074 0.562891 0.0991211 0.562891 0.0986328 0.560547 0.0957031 0.560156 0.0957031 0.559766 0.0952148 0.558984 0.0952148 0.558594 0.0947266 0.557813 0.0947266 0.557422 0.0942383
1 0.585547 0.618164 0.583984 0.620117 0.583984 0.620605 0.583594 0.621094 0.583594 0.62207 0.583203 0.622559 0.583203 0.623535 0.583594 0.624023 0.583594 0.625488 0.583984 0.625977 0.583984 0.626953 0.584375 0.627441 0.584375 0.62793 0.585156 0.628906 0.585156 0.629395 0.5875 0.632324 0.5875 0.632812 0.588672 0.634277 0.588672 0.634766 0.589063 0.635254 0.589453 0.635254 0.590234 0.63623 0.590625 0.63623 0.591016 0.636719 0.592187 0.636719 0.592578 0.637207 0.596094 0.637207 0.596484 0.636719 0.596875 0.636719 0.597266 0.63623 0.597266 0.635742 0.598437 0.634277 0.598437 0.633789 0.598828 0.633301 0.598828 0.631348 0.598437 0.630859 0.598437 0.629883 0.598047 0.629395 0.598047 0.628418 0.597656 0.62793 0.597656 0.626953 0.597266 0.626465 0.597266 0.625488 0.596875 0.625 0.596875 0.624512 0.594922 0.62207 0.594922 0.621582 0.594531 0.621094 0.594531 0.620605 0.592578 0.618164 0.591797 0.618164 0.591406 0.617676 0.590234 0.617676 0.589844 0.617188 0.586719 0.617188 0.585938 0.618164
1 0.492188 0.605469 0.490625 0.603516 0.486719 0.603516 0.486328 0.604004 0.485547 0.604004 0.484766 0.60498 0.484375 0.60498 0.483594 0.605957 0.483203 0.605957 0.479687 0.610352 0.479297 0.610352 0.478125 0.611816 0.477734 0.611816 0.477734 0.612305 0.477344 0.612793 0.477344 0.618652 0.478516 0.620117 0.478906 0.620117 0.479297 0.620605 0.480078 0.620605 0.480469 0.621094 0.48125 0.621094 0.481641 0.621582 0.483594 0.621582 0.483984 0.621094 0.485938 0.621094 0.486328 0.620605 0.486719 0.620605 0.487109 0.620117 0.4875 0.620117 0.489844 0.617188 0.489844 0.616699 0.491016 0.615234 0.491016 0.614746 0.491797 0.61377 0.491797 0.612793 0.492188 0.612305 0.492188 0.611328 0.492578 0.61084 0.492578 0.609863 0.492969 0.609375 0.492969 0.607422 0.492578 0.606934 0.492578 0.606445 0.492188 0.605957
1 0.444531 0.709961 0.444531 0.711914 0.444922 0.712402 0.444922 0.713379 0.445312 0.713867 0.445312 0.714844 0.445703 0.715332 0.445703 0.71582 0.446094 0.716309 0.446094 0.716797 0.448047 0.719238 0.448047 0.719727 0.450391 0.722656 0.450781 0.722656 0.451562 0.723633 0.451953 0.723633 0.453125 0.725098 0.453516 0.725098 0.454297 0.726074 0.454688 0.726074 0.455078 0.726562 0.455469 0.726562 0.455859 0.727051 0.456641 0.727051 0.457031 0.727539 0.458594 0.727539 0.458984 0.728027 0.459766 0.728027 0.460156 0.727539 0.4625 0.727539 0.462891 0.727051 0.463281 0.727051 0.464062 0.726074 0.464062 0.725098 0.464453 0.724609 0.464453 0.71875 0.464062 0.718262 0.464062 0.717773 0.463672 0.717285 0.463672 0.716309 0.463281 0.71582 0.463281 0.715332 0.460547 0.711914 0.460156 0.711914 0.458984 0.710449 0.458594 0.710449 0.458203 0.709961 0.457813 0.709961 0.457422 0.709473 0.456641 0.709473 0.45625 0.708984 0.455078 0.708984 0.454688 0.708496 0.452734 0.708496 0.452344 0.708008 0.446875 0.708008 0.446484 0.708496 0.445703 0.708496
1 0.505859 0.82666 0.505469 0.827148 0.504687 0.827148 0.503516 0.828613 0.503516 0.829102 0.503125 0.82959 0.503125 0.830078 0.502734 0.830566 0.502734 0.838379 0.503125 0.838867 0.503125 0.841309 0.503516 0.841797 0.503516 0.843262 0.503906 0.84375 0.503906 0.844727 0.504297 0.845215 0.504297 0.846191 0.504687 0.84668 0.504687 0.847168 0.505078 0.847656 0.505078 0.848145 0.505469 0.848633 0.505469 0.849121 0.50625 0.850098 0.50625 0.850586 0.506641 0.850586 0.507422 0.851562 0.507812 0.851562 0.508203 0.852051 0.508594 0.852051 0.508984 0.852539 0.510156 0.852539 0.510547 0.852051 0.510938 0.852051 0.511719 0.851074 0.512109 0.851074 0.512891 0.850098 0.512891 0.849609 0.513672 0.848633 0.513672 0.847656 0.514062 0.847168 0.514062 0.845215 0.514453 0.844727 0.514453 0.837891 0.514062 0.837402 0.514062 0.836426 0.513672 0.835938 0.513672 0.835449 0.513281 0.834961 0.513281 0.834473 0.512891 0.833984 0.512891 0.833008 0.5125 0.83252 0.5125 0.832031 0.511719 0.831055 0.511719 0.830566 0.509766 0.828125 0.509375 0.828125 0.508984 0.827637 0.508203 0.827637 0.507812 0.827148 0.507031 0.827148 0.506641 0.82666
1 0.537891 0.782715 0.536719 0.78125 0.535937 0.78125 0.535547 0.780762 0.534375 0.780762 0.533984 0.780273 0.532422 0.780273 0.532031 0.780762 0.529687 0.780762 0.529297 0.78125 0.527734 0.78125 0.527344 0.781738 0.526172 0.781738 0.525781 0.782227 0.523438 0.782227 0.523047 0.782715 0.521094 0.782715 0.520703 0.783203 0.520312 0.783203 0.519141 0.784668 0.519141 0.785156 0.51875 0.785645 0.51875 0.787109 0.518359 0.787598 0.518359 0.788574 0.51875 0.789062 0.51875 0.789551 0.519531 0.790527 0.519531 0.791016 0.521484 0.793457 0.522266 0.793457 0.522656 0.793945 0.523438 0.793945 0.523828 0.794434 0.526953 0.794434 0.527344 0.793945 0.528516 0.793945 0.528906 0.793457 0.530078 0.793457 0.530469 0.792969 0.530859 0.792969 0.53125 0.79248 0.532031 0.79248 0.532422 0.791992 0.533594 0.791992 0.533984 0.791504 0.535156 0.791504 0.535547 0.791016 0.536328 0.791016 0.536719 0.790527 0.537109 0.790527 0.537891 0.789551
1 0.422656 0.950684 0.422266 0.950195 0.422266 0.949707 0.421875 0.949707 0.421484 0.949219 0.421094 0.949219 0.420703 0.94873 0.418359 0.94873 0.417969 0.948242 0.414453 0.948242 0.414062 0.94873 0.413281 0.94873 0.412891 0.949219 0.4125 0.949219 0.412109 0.949707 0.411328 0.949707 0.410938 0.950195 0.410547 0.950195 0.410156 0.950684 0.409766 0.950684 0.409375 0.951172 0.408984 0.951172 0.408594 0.95166 0.408203 0.95166 0.407422 0.952637 0.407031 0.952637 0.406641 0.953125 0.40625 0.953125 0.405078 0.95459 0.404687 0.95459 0.404687 0.955078 0.403906 0.956055 0.403906 0.956543 0.403516 0.957031 0.403516 0.95752 0.403125 0.958008 0.403125 0.958496 0.402734 0.958984 0.402734 0.959473 0.403125 0.959961 0.403125 0.960449 0.403516 0.960938 0.404297 0.960938 0.404687 0.961426 0.405469 0.961426 0.405859 0.961914 0.407031 0.961914 0.407422 0.962402 0.414062 0.962402 0.414453 0.961914 0.415625 0.961914 0.416016 0.961426 0.416797 0.961426 0.417187 0.960938 0.417578 0.960938 0.418359 0.959961 0.41875 0.959961 0.419531 0.958984 0.419922 0.958984 0.423047 0.955078 0.423047 0.952148 0.422656 0.95166
1 0.565234 0.935547 0.565234 0.938477 0.564844 0.938965 0.564844 0.939453 0.565234 0.939941 0.565234 0.940918 0.566016 0.941895 0.566016 0.942383 0.566797 0.943359 0.567187 0.943359 0.567969 0.944336 0.569141 0.944336 0.569531 0.944824 0.573438 0.944824 0.573828 0.944336 0.574609 0.944336 0.575 0.943848 0.575781 0.943848 0.576172 0.943359 0.576562 0.943359 0.576953 0.942871 0.577344 0.942871 0.577734 0.942383 0.578125 0.942383 0.578516 0.941895 0.578906 0.941895 0.579688 0.940918 0.579688 0.94043 0.580078 0.939941 0.580078 0.935547 0.579688 0.935059 0.579688 0.93457 0.577734 0.932129 0.577344 0.932129 0.576953 0.931641 0.576562 0.931641 0.576172 0.931152 0.575391 0.931152 0.575 0.930664 0.573828 0.930664 0.573438 0.930176 0.571484 0.930176 0.571094 0.930664 0.570312 0.930664 0.569922 0.931152 0.569141 0.931152 0.56875 0.931641 0.568359 0.931641 0.567578 0.932617 0.567187 0.932617 0.565625 0.93457 0.565625 0.935059
1 0.447656 0.928223 0.446875 0.927246 0.446094 0.927246 0.445703 0.926758 0.444531 0.926758 0.444141 0.92627 0.442578 0.92627 0.442188 0.926758 0.440234 0.926758 0.439844 0.927246 0.439063 0.927246 0.437891 0.928711 0.4375 0.928711 0.436719 0.929688 0.436328 0.929688 0.432422 0.93457 0.432031 0.93457 0.43125 0.935547 0.43125 0.936035 0.430859 0.936523 0.430859 0.937988 0.430469 0.938477 0.430469 0.94043 0.430859 0.940918 0.430859 0.941406 0.43125 0.941406 0.432031 0.942383 0.433203 0.942383 0.433594 0.942871 0.437891 0.942871 0.438281 0.942383 0.439063 0.942383 0.439453 0.941895 0.440234 0.941895 0.440625 0.941406 0.441406 0.941406 0.441797 0.940918 0.442578 0.940918 0.444531 0.938477 0.444531 0.937988 0.446484 0.935547 0.446484 0.935059 0.447266 0.934082 0.447266 0.933594 0.447656 0.933105 0.447656 0.932617 0.448047 0.932129 0.448047 0.929199 0.447656 0.928711
1 0.508594 0.918457 0.508203 0.918945 0.507812 0.918945 0.507422 0.919434 0.507031 0.919434 0.507031 0.919922 0.506641 0.92041 0.506641 0.920898 0.50625 0.921387 0.50625 0.922363 0.505859 0.922852 0.505859 0.924316 0.505469 0.924805 0.505469 0.930664 0.505078 0.931152 0.505078 0.936523 0.505469 0.937012 0.505469 0.937988 0.505859 0.938477 0.505859 0.939453 0.50625 0.939941 0.50625 0.94043 0.506641 0.940918 0.506641 0.941406 0.507812 0.942871 0.508203 0.942871 0.508984 0.943848 0.509375 0.943848 0.509766 0.944336 0.511328 0.944336 0.511719 0.944824 0.513672 0.944824 0.514062 0.944336 0.514453 0.944336 0.514453 0.943848 0.514844 0.943359 0.514844 0.942871 0.515234 0.942383 0.515234 0.941895 0.515625 0.941406 0.515625 0.930664 0.515234 0.930176 0.515234 0.928223 0.514844 0.927734 0.514844 0.925293 0.514453 0.924805 0.514453 0.92334 0.514062 0.922852 0.514062 0.921387 0.513672 0.920898 0.513672 0.92041 0.513281 0.919922 0.513281 0.919434 0.512891 0.919434 0.5125 0.918945 0.512109 0.918945 0.511719 0.918457
1 0.394141 0.938477 0.394141 0.941406 0.394531 0.941895 0.394531 0.942383 0.396094 0.944336 0.396484 0.944336 0.396875 0.944824 0.397656 0.944824 0.398047 0.945312 0.398828 0.945312 0.399219 0.945801 0.400391 0.945801 0.400781 0.946289 0.401953 0.946289 0.402344 0.946777 0.403906 0.946777 0.404297 0.947266 0.405469 0.947266 0.405859 0.946777 0.409375 0.946777 0.409766 0.946289 0.412109 0.946289 0.4125 0.945801 0.412891 0.945801 0.414453 0.943848 0.414453 0.943359 0.415234 0.942383 0.415234 0.941895 0.415625 0.941406 0.415625 0.939453 0.415234 0.938965 0.414844 0.938965 0.414062 0.937988 0.413672 0.937988 0.412891 0.937012 0.4125 0.937012 0.412109 0.936523 0.409766 0.936523 0.409375 0.936035 0.407422 0.936035 0.407031 0.935547 0.405078 0.935547 0.404687 0.935059 0.400391 0.935059 0.4 0.935547 0.397656 0.935547 0.397266 0.936035 0.396094 0.936035 0.395703 0.936523 0.395313 0.936523 0.394531 0.9375 0.394531 0.937988
1 0.457422 0.910156 0.45625 0.908691 0.453125 0.908691 0.452734 0.90918 0.451562 0.90918 0.451172 0.909668 0.450391 0.909668 0.45 0.910156 0.449609 0.910156 0.449219 0.910645 0.448828 0.910645 0.448047 0.911621 0.447656 0.911621 0.447266 0.912109 0.446875 0.912109 0.446484 0.912598 0.446094 0.912598 0.445703 0.913086 0.445312 0.913086 0.444922 0.913574 0.444531 0.913574 0.444141 0.914062 0.44375 0.914062 0.443359 0.914551 0.442969 0.914551 0.442578 0.915039 0.442188 0.915039 0.441797 0.915527 0.441797 0.916016 0.441406 0.916504 0.441406 0.916992 0.441016 0.91748 0.441016 0.917969 0.440625 0.918457 0.440625 0.919434 0.440234 0.919922 0.440234 0.921387 0.440625 0.921875 0.440625 0.922363 0.441016 0.922363 0.441406 0.922852 0.442578 0.922852 0.442969 0.92334 0.448828 0.92334 0.449219 0.922852 0.45 0.922852 0.450391 0.922363 0.451172 0.922363 0.451562 0.921875 0.451953 0.921875 0.452344 0.921387 0.452734 0.921387 0.454688 0.918945 0.455078 0.918945 0.455469 0.918457 0.455859 0.918457 0.457031 0.916992 0.457031 0.916504 0.457422 0.916016 0.457422 0.913574 0.457813 0.913086 0.457813 0.911133 0.457422 0.910645
1 0.458203 0.803223 0.457813 0.803711 0.457422 0.803711 0.45625 0.805176 0.455859 0.805176 0.454297 0.807129 0.454297 0.807617 0.453906 0.808105 0.453906 0.808594 0.453516 0.809082 0.453516 0.810059 0.453125 0.810547 0.453125 0.811035 0.452734 0.811523 0.452734 0.8125 0.452344 0.812988 0.452344 0.814453 0.452734 0.814941 0.452734 0.816406 0.453125 0.816895 0.453125 0.817871 0.454297 0.819336 0.454688 0.819336 0.455078 0.819824 0.455469 0.819824 0.45625 0.820801 0.456641 0.820801 0.458984 0.82373 0.459375 0.82373 0.459766 0.824219 0.464062 0.824219 0.464453 0.82373 0.464844 0.82373 0.465234 0.823242 0.465625 0.823242 0.466406 0.822266 0.466797 0.822266 0.466797 0.821777 0.467578 0.820801 0.467578 0.819336 0.467969 0.818848 0.467969 0.816406 0.467578 0.815918 0.467578 0.813477 0.467187 0.812988 0.467187 0.811523 0.466797 0.811035 0.466797 0.810059 0.466406 0.80957 0.466406 0.808594 0.466016 0.808105 0.466016 0.807617 0.465234 0.806641 0.465234 0.806152 0.463672 0.804199 0.463281 0.804199 0.462891 0.803711 0.462109 0.803711 0.461719 0.803223
1 0.719922 0.806152 0.719531 0.806641 0.719531 0.807129 0.719141 0.807617 0.719141 0.808105 0.71875 0.808594 0.71875 0.80957 0.718359 0.810059 0.718359 0.811523 0.717969 0.812012 0.717969 0.814453 0.718359 0.814941 0.718359 0.816406 0.71875 0.816895 0.71875 0.817871 0.719531 0.818848 0.719531 0.819336 0.720703 0.820801 0.720703 0.821289 0.721484 0.822266 0.721484 0.822754 0.722266 0.82373 0.722266 0.824219 0.723828 0.826172 0.724219 0.826172 0.726562 0.829102 0.726953 0.829102 0.727734 0.830078 0.729688 0.830078 0.730078 0.82959 0.730469 0.82959 0.730859 0.829102 0.73125 0.829102 0.732031 0.828125 0.732031 0.826172 0.732422 0.825684 0.732422 0.821289 0.732031 0.820801 0.732031 0.818848 0.731641 0.818359 0.731641 0.817383 0.730859 0.816406 0.730859 0.815918 0.730469 0.81543 0.730469 0.814941 0.730078 0.814453 0.730078 0.813477 0.729297 0.8125 0.729297 0.812012 0.724609 0.806152 0.722656 0.806152 0.722266 0.805664 0.720703 0.805664 0.720313 0.806152
1 0.305859 0.983398 0.305469 0.98291 0.305469 0.982422 0.303516 0.97998 0.303125 0.97998 0.302734 0.979492 0.295312 0.979492 0.294922 0.97998 0.294141 0.97998 0.29375 0.980469 0.293359 0.980469 0.292969 0.980957 0.292187 0.980957 0.291797 0.981445 0.291406 0.981445 0.291016 0.981934 0.290625 0.981934 0.290234 0.982422 0.289844 0.982422 0.289453 0.98291 0.289062 0.98291 0.288281 0.983887 0.287891 0.983887 0.286328 0.98584 0.286328 0.986328 0.285938 0.986816 0.285938 0.987305 0.285547 0.987793 0.285547 0.991211 0.285938 0.991699 0.285938 0.992188 0.286328 0.992676 0.286328 0.993164 0.286719 0.993652 0.289844 0.993652 0.290234 0.993164 0.296094 0.993164 0.296484 0.992676 0.298438 0.992676 0.298828 0.992188 0.299609 0.992188 0.3 0.991699 0.300391 0.991699 0.300781 0.991211 0.301172 0.991211 0.301563 0.990723 0.301953 0.990723 0.302344 0.990234 0.302734 0.990234 0.303125 0.989746 0.303516 0.989746 0.304688 0.988281 0.304688 0.987793 0.305078 0.987305 0.305078 0.986816 0.305469 0.986328 0.305469 0.98584 0.305859 0.985352
1 0.275391 0.984863 0.274219 0.983398 0.273828 0.983398 0.273438 0.98291 0.272656 0.98291 0.272266 0.982422 0.270703 0.982422 0.270313 0.98291 0.269141 0.98291 0.26875 0.983398 0.267969 0.983398 0.267578 0.983887 0.267188 0.983887 0.266797 0.984375 0.266406 0.984375 0.266016 0.984863 0.265625 0.984863 0.264844 0.98584 0.264062 0.98584 0.263672 0.986328 0.263281 0.986328 0.2625 0.987305 0.262109 0.987305 0.260937 0.98877 0.260937 0.989258 0.260156 0.990234 0.260156 0.990723 0.259766 0.991211 0.259766 0.991699 0.259375 0.992188 0.259375 0.992676 0.258984 0.993164 0.258984 0.994629 0.258594 0.995117 0.258594 0.996582 0.258203 0.99707 0.258203 0.999023 0.258594 0.999512 0.258594 1 0.271094 1 0.271094 0.999512 0.271484 0.999023 0.271875 0.999023 0.272656 0.998047 0.272656 0.997559 0.273047 0.99707 0.273047 0.996094 0.273438 0.995605 0.273438 0.995117 0.273828 0.994629 0.273828 0.994141 0.274219 0.993652 0.274219 0.993164 0.274609 0.992676 0.274609 0.992188 0.275391 0.991211 0.275391 0.990234 0.275781 0.989746 0.275781 0.986816 0.275391 0.986328
1 0.452734 0.630859 0.451562 0.632324 0.451562 0.63623 0.451953 0.636719 0.451953 0.637695 0.452344 0.638184 0.452344 0.638672 0.453125 0.639648 0.453125 0.640137 0.453906 0.641113 0.453906 0.641602 0.454688 0.642578 0.454688 0.643066 0.455469 0.644043 0.455469 0.644531 0.455859 0.64502 0.455859 0.645996 0.45625 0.646484 0.45625 0.647461 0.456641 0.647949 0.456641 0.648926 0.457031 0.649414 0.457031 0.649902 0.457813 0.650879 0.457813 0.651367 0.458594 0.652344 0.458984 0.652344 0.459375 0.652832 0.463672 0.652832 0.464062 0.652344 0.464453 0.652344 0.464844 0.651855 0.465234 0.651855 0.466016 0.650879 0.466016 0.650391 0.466797 0.649414 0.466797 0.648926 0.467187 0.648438 0.467187 0.64502 0.466797 0.644531 0.466797 0.643066 0.466406 0.642578 0.466406 0.64209 0.466016 0.641602 0.466016 0.641113 0.465234 0.640137 0.465234 0.639648 0.464844 0.63916 0.464844 0.638184 0.464453 0.637695 0.464453 0.636719 0.464062 0.63623 0.464062 0.635742 0.463672 0.635254 0.463672 0.634766 0.462891 0.633789 0.462891 0.633301 0.460156 0.629883 0.459375 0.629883 0.458984 0.629395 0.455859 0.629395 0.455469 0.629883 0.454297 0.629883 0.453906 0.630371 0.453516 0.630371 0.453125 0.630859
1 0.432031 0.812988 0.430859 0.814453 0.430469 0.814453 0.428906 0.816406 0.428125 0.816406 0.427734 0.816895 0.427344 0.816895 0.425781 0.818848 0.425391 0.818848 0.423828 0.820801 0.423828 0.82373 0.423438 0.824219 0.423438 0.833984 0.425 0.835938 0.426953 0.835938 0.427734 0.834961 0.428516 0.834961 0.428906 0.834473 0.429297 0.834473 0.430078 0.833496 0.430859 0.833496 0.431641 0.83252 0.432031 0.83252 0.432422 0.832031 0.432812 0.832031 0.433984 0.830566 0.434766 0.830566 0.435156 0.830078 0.435547 0.830078 0.436328 0.829102 0.437109 0.829102 0.439063 0.82666 0.439063 0.825684 0.439453 0.825195 0.439453 0.823242 0.439844 0.822754 0.439844 0.817383 0.438672 0.815918 0.438281 0.815918 0.437891 0.81543 0.4375 0.81543 0.435937 0.813477 0.434375 0.813477 0.433984 0.812988
1 0.601172 0.540039 0.600781 0.540527 0.600391 0.540527 0.596875 0.544922 0.596875 0.54541 0.595703 0.546875 0.595703 0.547852 0.595313 0.54834 0.595313 0.549316 0.594141 0.550781 0.594141 0.552734 0.59375 0.553223 0.59375 0.564453 0.595313 0.566406 0.598047 0.566406 0.598828 0.56543 0.599609 0.56543 0.6 0.564941 0.601562 0.564941 0.602734 0.563477 0.602734 0.562988 0.603516 0.562012 0.603516 0.561523 0.603906 0.561035 0.603906 0.558594 0.605078 0.557129 0.605078 0.556641 0.605469 0.556152 0.605469 0.555176 0.605859 0.554688 0.605859 0.553711 0.60625 0.553223 0.60625 0.552246 0.606641 0.551758 0.606641 0.550781 0.607031 0.550293 0.607031 0.542969 0.605859 0.541504 0.604688 0.541504 0.603516 0.540039
1 0.880078 0.714844 0.880078 0.71582 0.881641 0.717773 0.882031 0.717773 0.882812 0.71875 0.883203 0.71875 0.883594 0.719238 0.883984 0.719238 0.884375 0.719727 0.884766 0.719727 0.885156 0.720215 0.885547 0.720215 0.885938 0.720703 0.886328 0.720703 0.886719 0.721191 0.887109 0.721191 0.8875 0.72168 0.887891 0.72168 0.888281 0.722168 0.889062 0.722168 0.889453 0.722656 0.890234 0.722656 0.890625 0.723145 0.891016 0.723145 0.891406 0.723633 0.892578 0.723633 0.892969 0.724121 0.898438 0.724121 0.898828 0.723633 0.899219 0.723633 0.899609 0.723145 0.9 0.723145 0.900781 0.722168 0.900781 0.72168 0.901172 0.721191 0.901172 0.716797 0.900781 0.716309 0.900781 0.714844 0.899219 0.712891 0.898828 0.712891 0.897656 0.711426 0.897266 0.711426 0.896875 0.710938 0.896484 0.710938 0.896094 0.710449 0.895312 0.710449 0.894922 0.709961 0.89375 0.709961 0.893359 0.709473 0.889844 0.709473 0.889453 0.709961 0.886719 0.709961 0.886328 0.710449 0.884375 0.710449 0.883984 0.710938 0.883594 0.710938 0.883203 0.711426 0.882812 0.711426 0.882031 0.712402 0.881641 0.712402 0.880469 0.713867 0.880469 0.714355
1 0.907422 0.73877 0.90625 0.740234 0.90625 0.743164 0.905859 0.743652 0.905859 0.745117 0.90625 0.745605 0.90625 0.748535 0.906641 0.749023 0.906641 0.750977 0.907031 0.751465 0.907031 0.751953 0.910156 0.755859 0.910547 0.755859 0.910937 0.756348 0.911328 0.756348 0.911719 0.756836 0.912109 0.756836 0.9125 0.757324 0.912891 0.757324 0.913281 0.757812 0.914062 0.757812 0.914453 0.758301 0.914844 0.758301 0.915234 0.758789 0.917188 0.758789 0.917578 0.759277 0.920312 0.759277 0.920703 0.758789 0.921484 0.758789 0.922656 0.757324 0.922656 0.756348 0.923047 0.755859 0.923047 0.754395 0.922656 0.753906 0.922656 0.75293 0.921875 0.751953 0.921875 0.751465 0.921484 0.750977 0.921484 0.750488 0.920703 0.749512 0.920703 0.749023 0.917969 0.745605 0.917578 0.745605 0.916016 0.743652 0.915625 0.743652 0.913672 0.741211 0.913281 0.741211 0.9125 0.740234 0.912109 0.740234 0.911719 0.739746 0.910547 0.739746 0.910156 0.739258 0.909766 0.739258 0.909375 0.73877
1 0.919141 0.783203 0.919141 0.785156 0.919922 0.786133 0.919922 0.786621 0.920312 0.787109 0.920703 0.787109 0.921094 0.787598 0.921484 0.787598 0.921875 0.788086 0.922266 0.788086 0.922656 0.788574 0.923438 0.788574 0.923828 0.789062 0.926953 0.789062 0.927344 0.789551 0.928516 0.789551 0.928906 0.789062 0.934375 0.789062 0.934766 0.788574 0.936719 0.788574 0.937109 0.788086 0.937891 0.788086 0.938281 0.787598 0.939063 0.787598 0.939844 0.786621 0.940234 0.786621 0.940234 0.786133 0.941016 0.785156 0.941016 0.784668 0.941406 0.78418 0.941406 0.782715 0.941016 0.782227 0.941016 0.78125 0.940625 0.780762 0.940625 0.780273 0.940234 0.779785 0.939844 0.779785 0.939453 0.779297 0.933203 0.779297 0.932813 0.778809 0.925781 0.778809 0.925391 0.779297 0.923828 0.779297 0.923438 0.779785 0.922656 0.779785 0.922266 0.780273 0.921875 0.780273 0.921484 0.780762 0.921094 0.780762 0.920703 0.78125 0.920312 0.78125 0.919531 0.782227 0.919531 0.782715
1 0.928125 0.827637 0.926172 0.827637 0.925781 0.828125 0.924609 0.828125 0.924219 0.828613 0.923828 0.828613 0.923438 0.829102 0.923047 0.829102 0.919531 0.833496 0.919531 0.833984 0.919141 0.834473 0.919141 0.834961 0.91875 0.835449 0.91875 0.835938 0.918359 0.836426 0.918359 0.836914 0.917969 0.837402 0.917969 0.838379 0.917578 0.838867 0.917578 0.839844 0.917188 0.840332 0.917188 0.84082 0.916797 0.841309 0.916797 0.842285 0.916406 0.842773 0.916406 0.844238 0.916016 0.844727 0.916016 0.846191 0.915625 0.84668 0.915625 0.849121 0.916016 0.849609 0.916016 0.852051 0.916406 0.852539 0.916406 0.853027 0.916797 0.853516 0.916797 0.854004 0.919141 0.856934 0.919531 0.856934 0.919922 0.857422 0.921094 0.857422 0.921484 0.856934 0.922656 0.856934 0.923047 0.856445 0.923828 0.856445 0.926953 0.852539 0.926953 0.852051 0.927734 0.851074 0.927734 0.850586 0.928516 0.849609 0.928516 0.849121 0.929297 0.848145 0.929297 0.847656 0.929688 0.847168 0.929688 0.84668 0.930078 0.846191 0.930078 0.845703 0.930469 0.845215 0.930469 0.844238 0.930859 0.84375 0.930859 0.843262 0.93125 0.842773 0.93125 0.841309 0.931641 0.84082 0.931641 0.839844 0.932031 0.839355 0.932031 0.838379 0.932422 0.837891 0.932422 0.83252 0.932031 0.832031 0.932031 0.831543 0.930469 0.82959 0.930078 0.82959 0.928906 0.828125 0.928516 0.828125
1 0.969141 0.844238 0.96875 0.844727 0.967187 0.844727 0.966797 0.845215 0.966406 0.845215 0.965625 0.846191 0.965625 0.84668 0.965234 0.847168 0.965234 0.848145 0.964844 0.848633 0.964844 0.850098 0.964453 0.850586 0.964453 0.861816 0.964844 0.862305 0.964844 0.867676 0.965234 0.868164 0.965234 0.870117 0.965625 0.870605 0.965625 0.886719 0.966016 0.887207 0.966016 0.888184 0.966406 0.888672 0.966406 0.889648 0.966797 0.890137 0.966797 0.890625 0.967187 0.890625 0.967578 0.891113 0.969531 0.891113 0.969922 0.891602 0.970313 0.891602 0.970703 0.891113 0.971484 0.891113 0.971875 0.890625 0.972266 0.890625 0.973047 0.889648 0.973437 0.889648 0.975781 0.886719 0.975781 0.882812 0.975391 0.882324 0.975391 0.878906 0.975 0.878418 0.975 0.868652 0.975391 0.868164 0.975391 0.857422 0.975 0.856934 0.975 0.854004 0.974609 0.853516 0.974609 0.852051 0.974219 0.851562 0.974219 0.850586 0.973828 0.850098 0.973828 0.849121 0.973437 0.848633 0.973437 0.847656 0.973047 0.847168 0.973047 0.84668 0.971094 0.844238
1 0.510156 0.881836 0.507031 0.881836 0.506641 0.882324 0.505469 0.882324 0.502734 0.885742 0.502734 0.88623 0.502344 0.886719 0.502344 0.887695 0.501953 0.888184 0.501953 0.88916 0.501563 0.889648 0.501563 0.890137 0.501172 0.890625 0.501172 0.891602 0.500781 0.89209 0.500781 0.893066 0.500391 0.893555 0.500391 0.894531 0.5 0.89502 0.5 0.901855 0.500391 0.902344 0.500391 0.902832 0.500781 0.90332 0.500781 0.903809 0.501563 0.904785 0.505859 0.904785 0.50625 0.904297 0.506641 0.904297 0.507031 0.903809 0.507422 0.903809 0.508594 0.902344 0.508594 0.901855 0.508984 0.901367 0.508984 0.900391 0.509375 0.899902 0.509375 0.898926 0.509766 0.898438 0.509766 0.897461 0.510156 0.896973 0.510156 0.895508 0.510547 0.89502 0.510547 0.893555 0.510938 0.893066 0.510938 0.884277 0.510547 0.883789 0.510547 0.882812 0.510156 0.882324
1 0.503516 0.907227 0.501172 0.907227 0.5 0.908691 0.499609 0.908691 0.498828 0.909668 0.498437 0.909668 0.497656 0.910645 0.497656 0.911133 0.497266 0.911621 0.497266 0.912109 0.496875 0.912598 0.496875 0.914062 0.496484 0.914551 0.496484 0.916016 0.496094 0.916504 0.496094 0.919434 0.495703 0.919922 0.495703 0.922852 0.495312 0.92334 0.495312 0.930176 0.495703 0.930664 0.495703 0.931641 0.496094 0.932129 0.496094 0.932617 0.496484 0.933105 0.496484 0.933594 0.496875 0.934082 0.496875 0.93457 0.497266 0.935059 0.497266 0.935547 0.498437 0.937012 0.500781 0.937012 0.501172 0.9375 0.501563 0.9375 0.501953 0.937012 0.502734 0.937012 0.502734 0.936523 0.503516 0.935547 0.503516 0.935059 0.503906 0.93457 0.503906 0.933594 0.504297 0.933105 0.504297 0.931641 0.504687 0.931152 0.504687 0.929199 0.505078 0.928711 0.505078 0.92627 0.505469 0.925781 0.505469 0.924316 0.505859 0.923828 0.505859 0.922363 0.50625 0.921875 0.50625 0.91748 0.505859 0.916992 0.505859 0.912598 0.505469 0.912109 0.505469 0.909668 0.504687 0.908691 0.504687 0.908203 0.504297 0.907715 0.503906 0.907715
1 0.515234 0.89502 0.515234 0.897461 0.516406 0.898926 0.516406 0.899414 0.517188 0.900391 0.517578 0.900391 0.518359 0.901367 0.51875 0.901367 0.519141 0.901855 0.519531 0.901855 0.519922 0.902344 0.520312 0.902344 0.520703 0.902832 0.521484 0.902832 0.521875 0.90332 0.523047 0.90332 0.523438 0.903809 0.524219 0.903809 0.524609 0.904297 0.533594 0.904297 0.535547 0.901855 0.535547 0.901367 0.535937 0.900879 0.535937 0.900391 0.532031 0.895508 0.531641 0.895508 0.530859 0.894531 0.530469 0.894531 0.529687 0.893555 0.528906 0.893555 0.528516 0.893066 0.527344 0.893066 0.526953 0.892578 0.525781 0.892578 0.525391 0.89209 0.520703 0.89209 0.520312 0.892578 0.519922 0.892578 0.519531 0.893066 0.51875 0.893066 0.518359 0.893555 0.517188 0.893555 0.516797 0.894043 0.516406 0.894043 0.516016 0.894531 0.515625 0.894531
1 0.428125 0.922852 0.427734 0.922852 0.427344 0.922363 0.425781 0.922363 0.425391 0.921875 0.423047 0.921875 0.422656 0.922363 0.422266 0.922363 0.421875 0.922852 0.421484 0.922852 0.421094 0.92334 0.420703 0.92334 0.420312 0.923828 0.419922 0.923828 0.417578 0.926758 0.417187 0.926758 0.416797 0.927246 0.416406 0.927246 0.416016 0.927734 0.415625 0.927734 0.414844 0.928711 0.414453 0.928711 0.413672 0.929688 0.413672 0.930176 0.413281 0.930664 0.413281 0.931152 0.412891 0.931641 0.412891 0.933105 0.4125 0.933594 0.4125 0.936523 0.412891 0.937012 0.412891 0.9375 0.413672 0.938477 0.413672 0.938965 0.414062 0.939453 0.414453 0.939453 0.415234 0.94043 0.416016 0.94043 0.416406 0.939941 0.416797 0.939941 0.418359 0.937988 0.41875 0.937988 0.419141 0.9375 0.419531 0.9375 0.419922 0.937012 0.420312 0.937012 0.420703 0.936523 0.421484 0.936523 0.421875 0.936035 0.422266 0.936035 0.422656 0.935547 0.423047 0.935547 0.423438 0.935059 0.423828 0.935059 0.427344 0.930664 0.427344 0.930176 0.427734 0.929688 0.427734 0.929199 0.428516 0.928223 0.428516 0.927734 0.428906 0.927246 0.428906 0.926758 0.429297 0.92627 0.429297 0.924805 0.428906 0.924316 0.428906 0.923828
1 0.534766 0.938965 0.534766 0.941895 0.535547 0.942871 0.535547 0.943359 0.535937 0.943848 0.535937 0.944336 0.536328 0.944824 0.536328 0.945312 0.540234 0.950195 0.540625 0.950195 0.541016 0.950684 0.541406 0.950684 0.541797 0.951172 0.542578 0.951172 0.542969 0.95166 0.543359 0.95166 0.54375 0.952148 0.544531 0.952148 0.544922 0.952637 0.546875 0.952637 0.547266 0.953125 0.55 0.953125 0.550391 0.953613 0.553516 0.953613 0.553906 0.953125 0.554688 0.953125 0.555078 0.952637 0.555859 0.952637 0.55625 0.952148 0.556641 0.952148 0.557422 0.951172 0.557422 0.950684 0.557813 0.950195 0.557813 0.946777 0.558203 0.946289 0.558203 0.945312 0.557813 0.944824 0.557813 0.943359 0.556641 0.941895 0.555859 0.941895 0.555469 0.941406 0.554297 0.941406 0.553906 0.940918 0.552734 0.940918 0.552344 0.94043 0.551562 0.94043 0.551172 0.939941 0.550781 0.939941 0.550391 0.939453 0.55 0.939453 0.549609 0.938965 0.549219 0.938965 0.548828 0.938477 0.548438 0.938477 0.548047 0.937988 0.546875 0.937988 0.546484 0.9375 0.541016 0.9375 0.540625 0.937012 0.5375 0.937012 0.537109 0.9375 0.536328 0.9375 0.535937 0.937988 0.535547 0.937988
1 0.544531 0.922363 0.544141 0.922852 0.544141 0.92334 0.543359 0.924316 0.543359 0.925293 0.542969 0.925781 0.542969 0.92627 0.543359 0.926758 0.543359 0.927246 0.54375 0.927734 0.54375 0.928223 0.544141 0.928711 0.544141 0.930176 0.544531 0.930664 0.544531 0.931152 0.547266 0.93457 0.547266 0.935059 0.548047 0.936035 0.548047 0.936523 0.548828 0.9375 0.549219 0.9375 0.55 0.938477 0.550391 0.938477 0.551562 0.939941 0.551953 0.939941 0.552344 0.94043 0.552734 0.94043 0.553125 0.940918 0.553516 0.940918 0.553906 0.941406 0.554297 0.941406 0.555859 0.943359 0.557031 0.943359 0.557422 0.942871 0.557422 0.942383 0.557813 0.941895 0.557813 0.941406 0.558203 0.940918 0.558203 0.94043 0.558594 0.939941 0.558594 0.938477 0.558984 0.937988 0.558984 0.934082 0.558594 0.933594 0.558594 0.932129 0.558203 0.931641 0.558203 0.930176 0.557422 0.929199 0.557422 0.928711 0.557031 0.928223 0.556641 0.928223 0.553516 0.924316 0.553125 0.924316 0.552734 0.923828 0.552344 0.923828 0.551953 0.92334 0.551562 0.92334 0.551172 0.922852 0.550781 0.922852 0.55 0.921875 0.549609 0.921875 0.549219 0.921387 0.546875 0.921387 0.546484 0.921875 0.545312 0.921875 0.544922 0.922363
1 0.458594 0.919434 0.457422 0.920898 0.457422 0.921387 0.457031 0.921875 0.457031 0.922852 0.456641 0.92334 0.456641 0.92627 0.45625 0.926758 0.45625 0.936523 0.456641 0.937012 0.456641 0.938477 0.457031 0.938965 0.457031 0.941406 0.457422 0.941895 0.457422 0.943359 0.457813 0.943848 0.457813 0.944824 0.458203 0.945312 0.458203 0.945801 0.459375 0.947266 0.460547 0.947266 0.460938 0.947754 0.463281 0.947754 0.464844 0.945801 0.464844 0.945312 0.465625 0.944336 0.465625 0.943848 0.466016 0.943359 0.466016 0.942871 0.466406 0.942383 0.466406 0.941895 0.466797 0.941406 0.466797 0.94043 0.467187 0.939941 0.467187 0.933105 0.466797 0.932617 0.466797 0.931152 0.466406 0.930664 0.466406 0.929688 0.466016 0.929199 0.466016 0.928711 0.465625 0.928223 0.465625 0.926758 0.465234 0.92627 0.465234 0.925781 0.464844 0.925293 0.464844 0.924805 0.464062 0.923828 0.464062 0.92334 0.4625 0.921387 0.462109 0.921387 0.461719 0.920898 0.461328 0.920898 0.460547 0.919922 0.460156 0.919922 0.459766 0.919434
1 0.440234 0.946777 0.438672 0.946777 0.438281 0.947266 0.4375 0.947266 0.437109 0.947754 0.435937 0.947754 0.435547 0.948242 0.434375 0.948242 0.433984 0.94873 0.433594 0.94873 0.433203 0.949219 0.432812 0.949219 0.432422 0.949707 0.432031 0.949707 0.431641 0.950195 0.43125 0.950195 0.430859 0.950684 0.430469 0.950684 0.429297 0.952148 0.429297 0.952637 0.428906 0.953125 0.428906 0.953613 0.428516 0.954102 0.428516 0.955078 0.428125 0.955566 0.428125 0.958496 0.427734 0.958984 0.427734 0.965332 0.428125 0.96582 0.428125 0.966309 0.429297 0.967773 0.429688 0.967773 0.430078 0.968262 0.433203 0.968262 0.433594 0.967773 0.433984 0.967773 0.434375 0.967285 0.434766 0.967285 0.435156 0.966797 0.435547 0.966797 0.436328 0.96582 0.436719 0.96582 0.437109 0.965332 0.437109 0.964844 0.438281 0.963379 0.438281 0.962891 0.438672 0.962402 0.438672 0.961914 0.439453 0.960938 0.439453 0.960449 0.439844 0.959961 0.439844 0.959473 0.440234 0.958984 0.440234 0.958496 0.440625 0.958008 0.440625 0.95752 0.441016 0.957031 0.441016 0.956543 0.441406 0.956055 0.441406 0.955566 0.441797 0.955078 0.441797 0.949707 0.441406 0.949219 0.441406 0.94873 0.441016 0.948242 0.441016 0.947754
1 0.455078 0.937012 0.454688 0.937012 0.454297 0.936523 0.453125 0.936523 0.452734 0.936035 0.45 0.936035 0.449609 0.936523 0.448437 0.936523 0.447266 0.937988 0.447266 0.938477 0.446875 0.938965 0.446875 0.939453 0.446094 0.94043 0.446094 0.940918 0.445312 0.941895 0.445312 0.942383 0.444531 0.943359 0.444531 0.943848 0.444141 0.944336 0.444141 0.945312 0.44375 0.945801 0.44375 0.947266 0.443359 0.947754 0.443359 0.952148 0.44375 0.952637 0.44375 0.953125 0.444141 0.953613 0.444141 0.954102 0.444531 0.95459 0.444922 0.95459 0.445312 0.955078 0.445703 0.955078 0.446094 0.955566 0.448828 0.955566 0.449219 0.955078 0.449609 0.955078 0.45 0.95459 0.450391 0.95459 0.450781 0.954102 0.451172 0.954102 0.451562 0.953613 0.451953 0.953613 0.453125 0.952148 0.453125 0.95166 0.453516 0.951172 0.453516 0.950684 0.454297 0.949707 0.454297 0.949219 0.455078 0.948242 0.455469 0.948242 0.45625 0.947266 0.456641 0.947266 0.457422 0.946289 0.457422 0.943359 0.457031 0.942871 0.457031 0.941895 0.456641 0.941406 0.456641 0.939941 0.45625 0.939453 0.45625 0.938477
1 0.451562 0.961426 0.450781 0.962402 0.450781 0.962891 0.450391 0.963379 0.450391 0.966309 0.450781 0.966797 0.450781 0.96875 0.451172 0.969238 0.451172 0.969727 0.455859 0.975586 0.455859 0.976074 0.458594 0.979492 0.458984 0.979492 0.459375 0.97998 0.460156 0.97998 0.460547 0.980469 0.461719 0.980469 0.462109 0.980957 0.4625 0.980957 0.462891 0.980469 0.463672 0.980469 0.464453 0.979492 0.464844 0.979492 0.465625 0.978516 0.465625 0.977539 0.466016 0.977051 0.466016 0.973145 0.465625 0.972656 0.465625 0.972168 0.464844 0.971191 0.464844 0.970703 0.464453 0.970215 0.464453 0.969727 0.463672 0.96875 0.463672 0.968262 0.461719 0.96582 0.461719 0.965332 0.461328 0.964844 0.460938 0.964844 0.460156 0.963867 0.459766 0.963867 0.459375 0.963379 0.458984 0.963379 0.458594 0.962891 0.458203 0.962891 0.457813 0.962402 0.457031 0.962402 0.456641 0.961914 0.45625 0.961914 0.455859 0.961426 0.455469 0.961426 0.455078 0.960938 0.453516 0.960938 0.453125 0.961426
1 0.552734 0.631348 0.551953 0.632324 0.551562 0.632324 0.551562 0.632812 0.550781 0.633789 0.550781 0.634766 0.550391 0.635254 0.550391 0.63623 0.55 0.636719 0.55 0.63916 0.550391 0.639648 0.550391 0.641602 0.550781 0.64209 0.550781 0.643066 0.551172 0.643555 0.551172 0.644043 0.551562 0.644531 0.551562 0.64502 0.551953 0.645508 0.551953 0.645996 0.552344 0.646484 0.552344 0.646973 0.552734 0.647461 0.552734 0.647949 0.554688 0.650391 0.555078 0.650391 0.55625 0.651855 0.556641 0.651855 0.557031 0.652344 0.557422 0.652344 0.557813 0.652832 0.558203 0.652832 0.558594 0.65332 0.559375 0.65332 0.559766 0.653809 0.560937 0.653809 0.561328 0.65332 0.561719 0.65332 0.562109 0.652832 0.5625 0.652832 0.562891 0.652344 0.563281 0.652344 0.564063 0.651367 0.564453 0.651367 0.565625 0.649902 0.565625 0.649414 0.566016 0.648926 0.566016 0.648438 0.566406 0.647949 0.566406 0.644531 0.566016 0.644043 0.566016 0.64209 0.565625 0.641602 0.565625 0.641113 0.565234 0.640625 0.565234 0.640137 0.564453 0.63916 0.564453 0.638672 0.563281 0.637207 0.563281 0.636719 0.561328 0.634277 0.560937 0.634277 0.559766 0.632812 0.559375 0.632812 0.558594 0.631836 0.558203 0.631836 0.557813 0.631348 0.557422 0.631348 0.557031 0.630859 0.555078 0.630859 0.554688 0.631348
1 0.462891 0.67041 0.4625 0.670898 0.4625 0.671387 0.462109 0.671875 0.462109 0.677246 0.4625 0.677734 0.4625 0.678223 0.463672 0.679688 0.463672 0.680176 0.464453 0.681152 0.464453 0.681641 0.465234 0.682617 0.465234 0.683105 0.465625 0.683594 0.465625 0.684082 0.466406 0.685059 0.466406 0.685547 0.466797 0.686035 0.466797 0.686523 0.467187 0.687012 0.467187 0.6875 0.467969 0.688477 0.467969 0.688965 0.469922 0.691406 0.472656 0.691406 0.473047 0.690918 0.474609 0.690918 0.475 0.69043 0.475391 0.69043 0.475781 0.689941 0.476172 0.689941 0.477734 0.687988 0.477734 0.6875 0.478125 0.687012 0.478125 0.682129 0.477734 0.681641 0.477734 0.680664 0.477344 0.680176 0.477344 0.679688 0.476953 0.679199 0.476953 0.678711 0.476562 0.678223 0.476562 0.677734 0.475781 0.676758 0.475781 0.67627 0.474609 0.674805 0.474219 0.674805 0.473828 0.674316 0.473438 0.674316 0.472656 0.67334 0.472266 0.67334 0.471875 0.672852 0.471484 0.672852 0.471094 0.672363 0.470703 0.672363 0.470313 0.671875 0.469922 0.671875 0.469531 0.671387 0.469141 0.671387 0.46875 0.670898 0.468359 0.670898 0.467578 0.669922 0.464062 0.669922 0.463672 0.67041
1 0.451172 0.959473 0.451172 0.964355 0.451562 0.964844 0.451953 0.964844 0.452344 0.964355 0.452734 0.964355 0.453516 0.963379 0.454297 0.963379 0.454688 0.962891 0.458594 0.962891 0.458984 0.963379 0.459375 0.963379 0.459766 0.963867 0.460156 0.963867 0.460547 0.964355 0.460938 0.964355 0.4625 0.966309 0.469141 0.966309 0.469531 0.96582 0.471875 0.96582 0.472266 0.965332 0.473438 0.965332 0.473828 0.964844 0.474219 0.964844 0.474609 0.964355 0.474609 0.963867 0.475 0.963379 0.475 0.961914 0.475391 0.961426 0.475391 0.959473 0.475 0.958984 0.475 0.958496 0.473828 0.957031 0.473438 0.957031 0.472656 0.956055 0.472266 0.956055 0.471875 0.955566 0.471484 0.955566 0.471094 0.955078 0.469922 0.955078 0.469531 0.95459 0.46875 0.95459 0.468359 0.954102 0.467578 0.954102 0.467187 0.953613 0.464062 0.953613 0.463672 0.953125 0.457813 0.953125 0.457422 0.953613 0.457031 0.953613 0.455469 0.955566 0.455078 0.955566 0.453906 0.957031 0.453516 0.957031 0.453125 0.95752 0.452734 0.95752 0.451953 0.958496 0.451562 0.958496 0.451562 0.958984
1 0.567187 0.78418 0.564453 0.78418 0.564063 0.784668 0.563672 0.784668 0.5625 0.786133 0.5625 0.786621 0.562109 0.787109 0.562109 0.787598 0.561719 0.788086 0.561719 0.789062 0.561328 0.789551 0.561328 0.790527 0.560937 0.791016 0.560937 0.791992 0.560547 0.79248 0.560547 0.799805 0.560937 0.800293 0.560937 0.803711 0.561328 0.804199 0.561328 0.804688 0.561719 0.805176 0.561719 0.806152 0.562109 0.806641 0.562109 0.807129 0.5625 0.807617 0.5625 0.808105 0.562891 0.808594 0.562891 0.809082 0.563672 0.810059 0.564063 0.810059 0.564453 0.810547 0.565625 0.810547 0.566016 0.810059 0.567969 0.810059 0.569531 0.808105 0.569531 0.807617 0.569922 0.807129 0.569922 0.806641 0.570312 0.806152 0.570312 0.805664 0.571094 0.804688 0.571094 0.803711 0.571484 0.803223 0.571484 0.801758 0.571094 0.80127 0.571094 0.795898 0.570703 0.79541 0.570703 0.787598 0.570312 0.787109 0.570312 0.786621 0.569922 0.786133 0.569922 0.785645 0.569531 0.785156 0.569141 0.785156 0.56875 0.784668 0.567578 0.784668
1 0.575781 0.782227 0.575391 0.782715 0.575 0.782715 0.574219 0.783691 0.573828 0.783691 0.573438 0.78418 0.573438 0.784668 0.572266 0.786133 0.572266 0.786621 0.571875 0.787109 0.571875 0.788574 0.571484 0.789062 0.571484 0.79541 0.571875 0.795898 0.571875 0.798828 0.572266 0.799316 0.572266 0.800293 0.572656 0.800781 0.572656 0.80127 0.573047 0.801758 0.573047 0.802246 0.575391 0.805176 0.575781 0.805176 0.576562 0.806152 0.576953 0.806152 0.577734 0.807129 0.578125 0.807129 0.578906 0.808105 0.58125 0.808105 0.581641 0.807617 0.581641 0.807129 0.582031 0.806641 0.582031 0.806152 0.582422 0.805664 0.582422 0.80127 0.582031 0.800781 0.582031 0.798828 0.581641 0.79834 0.581641 0.795898 0.58125 0.79541 0.58125 0.790039 0.580859 0.789551 0.580859 0.788086 0.580469 0.787598 0.580469 0.786621 0.580078 0.786133 0.580078 0.78418 0.579297 0.783203 0.578906 0.783203 0.578516 0.782715 0.577734 0.782715 0.577344 0.782227
1 0.478906 0.977051 0.478125 0.978027 0.478125 0.978516 0.477734 0.979004 0.477734 0.97998 0.477344 0.980469 0.477344 0.980957 0.476953 0.981445 0.476953 0.98291 0.476562 0.983398 0.476562 0.985352 0.476953 0.98584 0.476953 0.986816 0.477344 0.987305 0.477344 0.987793 0.478516 0.989258 0.478516 0.989746 0.479297 0.990723 0.479297 0.991211 0.480078 0.992188 0.480078 0.992676 0.480469 0.993164 0.480469 0.993652 0.480859 0.994141 0.480859 0.994629 0.48125 0.995117 0.48125 0.995605 0.481641 0.996094 0.482031 0.996094 0.482422 0.996582 0.482812 0.996582 0.483594 0.997559 0.483984 0.997559 0.484766 0.998535 0.485156 0.998535 0.485547 0.999023 0.485938 0.999023 0.486328 0.999512 0.486328 1 0.491797 1 0.492969 0.998535 0.492969 0.998047 0.493359 0.997559 0.493359 0.989746 0.492969 0.989258 0.492969 0.988281 0.490625 0.985352 0.490234 0.985352 0.489453 0.984375 0.489063 0.984375 0.487109 0.981934 0.486719 0.981934 0.482812 0.977051
1 0.866016 0.763184 0.865625 0.763184 0.865234 0.762695 0.864844 0.762695 0.864453 0.762207 0.863672 0.762207 0.863281 0.761719 0.862109 0.761719 0.861719 0.76123 0.858984 0.76123 0.858594 0.760742 0.853516 0.760742 0.853125 0.76123 0.852344 0.76123 0.851953 0.761719 0.851562 0.761719 0.850781 0.762695 0.850391 0.762695 0.85 0.763184 0.849609 0.763184 0.848828 0.76416 0.848437 0.76416 0.847656 0.765137 0.847266 0.765137 0.846484 0.766113 0.846094 0.766113 0.845703 0.766602 0.845313 0.766602 0.844922 0.76709 0.844141 0.76709 0.84375 0.767578 0.843359 0.767578 0.841016 0.770508 0.841016 0.770996 0.840625 0.771484 0.840625 0.776367 0.841016 0.776855 0.841016 0.777832 0.841406 0.77832 0.841406 0.778809 0.842187 0.779785 0.842578 0.779785 0.842969 0.780273 0.84375 0.780273 0.844141 0.780762 0.847266 0.780762 0.847656 0.780273 0.848437 0.780273 0.848828 0.779785 0.849219 0.779785 0.85 0.778809 0.850391 0.778809 0.850781 0.77832 0.851172 0.77832 0.851562 0.777832 0.851953 0.777832 0.852344 0.777344 0.852734 0.777344 0.853125 0.776855 0.853906 0.776855 0.854297 0.776367 0.854688 0.776367 0.855078 0.775879 0.855859 0.775879 0.85625 0.775391 0.856641 0.775391 0.857031 0.774902 0.857812 0.774902 0.858203 0.774414 0.858594 0.774414 0.858984 0.773926 0.859766 0.773926 0.860156 0.773438 0.860938 0.773438 0.861328 0.772949 0.861719 0.772949 0.863672 0.770508 0.864062 0.770508 0.865234 0.769043 0.865234 0.768555 0.865625 0.768066 0.865625 0.767578 0.866016 0.76709 0.866016 0.766113 0.866406 0.765625 0.866406 0.76416 0.866016 0.763672
1 0.568359 0.572754 0.567187 0.571289 0.567187 0.570801 0.564844 0.567871 0.564453 0.567871 0.564063 0.567383 0.563281 0.567383 0.562891 0.566895 0.5625 0.566895 0.562109 0.566406 0.561719 0.566406 0.561328 0.565918 0.556641 0.565918 0.55625 0.566406 0.555469 0.566406 0.555078 0.566895 0.554688 0.566895 0.554297 0.567383 0.553906 0.567383 0.553516 0.567871 0.553125 0.567871 0.552734 0.568359 0.552344 0.568359 0.551172 0.569824 0.550781 0.569824 0.549219 0.571777 0.548828 0.571777 0.546875 0.574219 0.546875 0.574707 0.545312 0.57666 0.545312 0.577148 0.544531 0.578125 0.544531 0.580078 0.544141 0.580566 0.544141 0.583008 0.544531 0.583496 0.544531 0.583984 0.545312 0.584961 0.545703 0.584961 0.546094 0.585449 0.546484 0.585449 0.546875 0.585938 0.547656 0.585938 0.548047 0.586426 0.549609 0.586426 0.55 0.586914 0.552344 0.586914 0.552734 0.587402 0.55625 0.587402 0.556641 0.586914 0.557813 0.586914 0.558203 0.586426 0.558984 0.586426 0.559375 0.585938 0.559766 0.585938 0.560156 0.585449 0.560547 0.585449 0.560937 0.584961 0.561328 0.584961 0.564453 0.581055 0.564844 0.581055 0.565625 0.580078 0.566016 0.580078 0.567578 0.578125 0.567578 0.577637 0.567969 0.577148 0.567969 0.576172 0.568359 0.575684
1 0.524219 0.574707 0.522656 0.57666 0.522656 0.577637 0.522266 0.578125 0.522266 0.588867 0.521875 0.589355 0.521875 0.594238 0.522266 0.594727 0.522266 0.595215 0.522656 0.595703 0.522656 0.596191 0.523828 0.597656 0.524219 0.597656 0.524609 0.598145 0.527344 0.598145 0.527734 0.597656 0.528516 0.597656 0.529297 0.59668 0.529687 0.59668 0.530078 0.596191 0.530078 0.595703 0.530859 0.594727 0.530859 0.594238 0.53125 0.59375 0.53125 0.593262 0.531641 0.592773 0.531641 0.592285 0.532031 0.591797 0.532031 0.59082 0.532422 0.590332 0.532422 0.589844 0.532813 0.589355 0.532813 0.588379 0.533203 0.587891 0.533203 0.584961 0.533594 0.584473 0.533594 0.583984 0.533203 0.583496 0.533203 0.581543 0.532813 0.581055 0.532813 0.580078 0.532422 0.57959 0.532422 0.579102 0.532031 0.578613 0.532031 0.578125 0.53125 0.577148 0.530859 0.577148 0.529687 0.575684 0.528906 0.575684 0.528516 0.575195 0.527734 0.575195 0.527344 0.574707
1 0.504297 0.574219 0.504297 0.57959 0.505078 0.580566 0.505078 0.581055 0.50625 0.58252 0.506641 0.58252 0.508984 0.585449 0.509375 0.585449 0.510547 0.586914 0.510938 0.586914 0.511719 0.587891 0.512109 0.587891 0.5125 0.588379 0.513281 0.588379 0.513672 0.588867 0.514453 0.588867 0.514844 0.589355 0.515625 0.589355 0.516016 0.589844 0.517578 0.589844 0.517969 0.590332 0.519531 0.590332 0.519922 0.59082 0.520312 0.59082 0.520703 0.591309 0.521484 0.591309 0.522266 0.590332 0.522266 0.585449 0.521875 0.584961 0.521875 0.583496 0.521484 0.583008 0.521484 0.58252 0.521094 0.582031 0.521094 0.581543 0.520312 0.580566 0.520312 0.580078 0.519922 0.57959 0.519922 0.579102 0.518359 0.577148 0.517969 0.577148 0.517578 0.57666 0.517188 0.57666 0.514844 0.57373 0.514453 0.57373 0.513672 0.572754 0.512891 0.572754 0.5125 0.572266 0.510547 0.572266 0.510156 0.571777 0.508594 0.571777 0.508203 0.572266 0.50625 0.572266 0.505859 0.572754 0.505469 0.572754
1 0.560547 0.658691 0.557031 0.658691 0.556641 0.65918 0.55625 0.65918 0.554688 0.661133 0.554688 0.661621 0.554297 0.662109 0.554297 0.663574 0.553906 0.664062 0.553906 0.666016 0.553516 0.666504 0.553516 0.66748 0.553906 0.667969 0.553906 0.670898 0.554297 0.671387 0.554297 0.672363 0.553906 0.672852 0.553906 0.678223 0.554297 0.678711 0.554297 0.681152 0.554688 0.681641 0.554688 0.682617 0.55625 0.68457 0.557031 0.68457 0.557422 0.684082 0.557813 0.684082 0.558203 0.683594 0.558594 0.683594 0.558984 0.683105 0.560156 0.683105 0.560547 0.682617 0.561328 0.682617 0.561719 0.682129 0.562109 0.682129 0.564063 0.679688 0.564063 0.679199 0.564453 0.678711 0.564453 0.677734 0.564844 0.677246 0.564844 0.671387 0.564453 0.670898 0.564453 0.668945 0.564063 0.668457 0.564063 0.666504 0.563672 0.666016 0.563672 0.665527 0.563281 0.665039 0.563281 0.664551 0.562891 0.664062 0.562891 0.663574 0.5625 0.663086 0.5625 0.662109 0.562109 0.661621 0.562109 0.661133 0.561719 0.660645 0.561719 0.660156
1 0.551172 0.666504 0.550781 0.666992 0.549219 0.666992 0.548828 0.66748 0.548047 0.66748 0.546094 0.669922 0.546094 0.67041 0.545703 0.670898 0.545703 0.671387 0.545312 0.671875 0.545312 0.672852 0.544922 0.67334 0.544922 0.675293 0.544531 0.675781 0.544531 0.677246 0.544922 0.677734 0.544922 0.680664 0.545312 0.681152 0.545312 0.682129 0.545703 0.682617 0.545703 0.683594 0.546094 0.684082 0.546094 0.68457 0.546484 0.685059 0.546484 0.686035 0.547656 0.6875 0.547656 0.687988 0.548047 0.688477 0.548438 0.688477 0.548828 0.688965 0.549219 0.688965 0.549609 0.689453 0.550781 0.689453 0.551172 0.689941 0.552734 0.689941 0.553125 0.689453 0.553516 0.689453 0.554297 0.688477 0.554297 0.687988 0.554688 0.6875 0.554688 0.687012 0.555078 0.686523 0.555078 0.685059 0.554688 0.68457 0.554688 0.681641 0.554297 0.681152 0.554297 0.677734 0.553906 0.677246 0.553906 0.67334 0.553516 0.672852 0.553516 0.669922 0.553125 0.669434 0.553125 0.667969 0.552734 0.66748 0.552734 0.666992 0.552344 0.666504
1 0.591016 0.675781 0.590625 0.675293 0.590234 0.675293 0.589844 0.674805 0.589453 0.674805 0.589063 0.674316 0.585938 0.674316 0.585547 0.674805 0.583594 0.674805 0.583203 0.675293 0.581641 0.675293 0.58125 0.675781 0.580859 0.675781 0.580469 0.67627 0.580078 0.67627 0.579688 0.676758 0.579297 0.676758 0.578906 0.677246 0.578516 0.677246 0.578125 0.677734 0.577344 0.677734 0.576562 0.678711 0.576172 0.678711 0.575781 0.679199 0.575391 0.679199 0.575 0.679688 0.574609 0.679688 0.574219 0.680176 0.573828 0.680176 0.571875 0.682617 0.571875 0.683105 0.571484 0.683594 0.571484 0.684082 0.571094 0.68457 0.571094 0.687988 0.571484 0.688477 0.571484 0.689453 0.571875 0.689941 0.571875 0.69043 0.572266 0.69043 0.572656 0.690918 0.573828 0.690918 0.574219 0.69043 0.577734 0.69043 0.578125 0.689941 0.579297 0.689941 0.579688 0.689453 0.580469 0.689453 0.580859 0.688965 0.582422 0.688965 0.582812 0.688477 0.583594 0.688477 0.583984 0.687988 0.584375 0.687988 0.587891 0.683594 0.587891 0.683105 0.588672 0.682129 0.588672 0.681152 0.589063 0.680664 0.589063 0.680176 0.589453 0.679688 0.589453 0.679199 0.589844 0.678711 0.589844 0.678223 0.590234 0.677734 0.590625 0.677734 0.591016 0.677246
1 0.58125 0.690918 0.578516 0.690918 0.578125 0.691406 0.576562 0.691406 0.576172 0.691895 0.575 0.691895 0.574609 0.692383 0.573828 0.692383 0.573047 0.693359 0.572656 0.693359 0.571094 0.695312 0.571094 0.695801 0.570312 0.696777 0.570312 0.697266 0.569922 0.697754 0.569922 0.698242 0.569531 0.69873 0.569531 0.702637 0.569922 0.703125 0.569922 0.703613 0.570703 0.70459 0.570703 0.705078 0.571094 0.705078 0.571875 0.706055 0.573438 0.706055 0.573828 0.705566 0.575391 0.705566 0.575781 0.705078 0.576172 0.705078 0.576562 0.70459 0.576953 0.70459 0.577734 0.703613 0.578125 0.703613 0.578906 0.702637 0.579297 0.702637 0.581641 0.699707 0.581641 0.699219 0.583594 0.696777 0.583594 0.694336 0.582812 0.693359 0.582812 0.692871
1 0.584375 0.599121 0.584375 0.599609 0.583984 0.600098 0.583984 0.601074 0.583594 0.601562 0.583594 0.604004 0.583984 0.604492 0.583984 0.60498 0.584375 0.605469 0.584375 0.605957 0.584766 0.606445 0.584766 0.606934 0.585547 0.60791 0.585547 0.608398 0.585938 0.608887 0.585938 0.609375 0.590625 0.615234 0.591016 0.615234 0.591797 0.616211 0.592187 0.616211 0.594922 0.619629 0.600391 0.619629 0.600781 0.619141 0.601172 0.619141 0.601562 0.618652 0.601562 0.618164 0.601953 0.617676 0.601953 0.615234 0.601562 0.614746 0.601562 0.612793 0.601172 0.612305 0.601172 0.611816 0.598828 0.608887 0.598828 0.608398 0.597656 0.606934 0.597656 0.606445 0.596484 0.60498 0.596484 0.604492 0.593359 0.600586 0.592969 0.600586 0.592578 0.600098 0.592187 0.600098 0.591797 0.599609 0.591406 0.599609 0.591016 0.599121 0.590234 0.599121 0.589844 0.598633 0.589063 0.598633 0.588672 0.598145 0.586328 0.598145 0.585938 0.598633 0.584766 0.598633
1 0.607812 0.661133 0.607031 0.660156 0.605859 0.660156 0.605469 0.659668 0.604297 0.659668 0.603906 0.65918 0.600781 0.65918 0.600391 0.658691 0.6 0.658691 0.599609 0.65918 0.598047 0.65918 0.597656 0.659668 0.596875 0.659668 0.596484 0.660156 0.595703 0.660156 0.595313 0.660645 0.594922 0.660645 0.594922 0.661133 0.594141 0.662109 0.594141 0.662598 0.59375 0.663086 0.59375 0.663574 0.591797 0.666016 0.591797 0.666992 0.591406 0.66748 0.591406 0.668945 0.591016 0.669434 0.591016 0.669922 0.590625 0.67041 0.590625 0.672852 0.591406 0.673828 0.593359 0.673828 0.59375 0.674316 0.595313 0.674316 0.595703 0.673828 0.597266 0.673828 0.597656 0.67334 0.598437 0.67334 0.598828 0.672852 0.599219 0.672852 0.599609 0.672363 0.6 0.672363 0.600391 0.671875 0.601172 0.671875 0.601562 0.671387 0.601953 0.671387 0.602344 0.670898 0.603125 0.670898 0.603516 0.67041 0.603906 0.67041 0.604688 0.669434 0.605078 0.669434 0.606641 0.66748 0.607031 0.66748 0.607422 0.666992 0.607422 0.666504 0.607812 0.666016 0.607812 0.663574 0.608203 0.663086 0.608203 0.662109 0.607812 0.661621
1 0.466406 0.695801 0.466016 0.695801 0.465625 0.695312 0.465234 0.695312 0.464844 0.694824 0.463672 0.694824 0.463281 0.694336 0.4625 0.694336 0.462109 0.693848 0.460938 0.693848 0.460547 0.693359 0.458984 0.693359 0.458594 0.692871 0.458203 0.692871 0.457813 0.693359 0.455078 0.693359 0.454688 0.693848 0.454297 0.693848 0.453906 0.694336 0.453516 0.694336 0.453125 0.694824 0.452344 0.694824 0.451953 0.695312 0.451172 0.695312 0.450781 0.695801 0.450391 0.695801 0.45 0.696289 0.449609 0.696289 0.449609 0.698242 0.449219 0.69873 0.449219 0.700684 0.449609 0.701172 0.449609 0.702148 0.45 0.702637 0.45 0.703125 0.450391 0.703613 0.450391 0.704102 0.451172 0.705078 0.451562 0.705078 0.451953 0.705566 0.452734 0.705566 0.453125 0.706055 0.458203 0.706055 0.458594 0.705566 0.459375 0.705566 0.459766 0.705078 0.460547 0.705078 0.460938 0.70459 0.461719 0.70459 0.462109 0.704102 0.462891 0.704102 0.463281 0.703613 0.463672 0.703613 0.465625 0.701172 0.465625 0.700195 0.466016 0.699707 0.466016 0.698242 0.466406 0.697754
1 0.45 0.68457 0.45 0.686035 0.449609 0.686523 0.449609 0.687012 0.45 0.6875 0.45 0.687988 0.451172 0.689453 0.451562 0.689453 0.451953 0.689941 0.453125 0.689941 0.453516 0.69043 0.454688 0.69043 0.455078 0.690918 0.455469 0.690918 0.455859 0.691406 0.45625 0.691406 0.456641 0.691895 0.457031 0.691895 0.457422 0.692383 0.457813 0.692383 0.458203 0.692871 0.458984 0.692871 0.459375 0.693359 0.459766 0.693359 0.460156 0.693848 0.460938 0.693848 0.461328 0.694336 0.461719 0.694336 0.462109 0.694824 0.462891 0.694824 0.463281 0.695312 0.464453 0.695312 0.464844 0.695801 0.465625 0.695801 0.466016 0.696289 0.466406 0.696289 0.466797 0.695801 0.467187 0.695801 0.467969 0.694824 0.467969 0.694336 0.469922 0.691895 0.469922 0.69043 0.466797 0.686523 0.466797 0.686035 0.466016 0.685059 0.466016 0.68457 0.465625 0.684082 0.465625 0.683594 0.464844 0.682617 0.464453 0.682617 0.463672 0.681641 0.463281 0.681641 0.462891 0.681152 0.462109 0.681152 0.461719 0.680664 0.460938 0.680664 0.460547 0.680176 0.459766 0.680176 0.459375 0.679688 0.456641 0.679688 0.45625 0.680176 0.454688 0.680176 0.454297 0.680664 0.453906 0.680664 0.453516 0.681152 0.453125 0.681152 0.452344 0.682129 0.451953 0.682129 0.451562 0.682617 0.451172 0.682617 0.450781 0.683105 0.450781 0.683594
1 0.609766 0.671387 0.609766 0.672363 0.609375 0.672852 0.609375 0.674316 0.608984 0.674805 0.608984 0.676758 0.609766 0.677734 0.610156 0.677734 0.611328 0.679199 0.611328 0.679688 0.611719 0.680176 0.611719 0.680664 0.612109 0.681152 0.612109 0.682129 0.6125 0.682617 0.6125 0.683594 0.612891 0.684082 0.612891 0.68457 0.613281 0.685059 0.613281 0.685547 0.613672 0.686035 0.614062 0.686035 0.614453 0.686523 0.615234 0.686523 0.615625 0.687012 0.617578 0.687012 0.617969 0.6875 0.621094 0.6875 0.621484 0.687988 0.626953 0.687988 0.627344 0.6875 0.627734 0.6875 0.628516 0.686523 0.628516 0.683594 0.628125 0.683105 0.628125 0.681641 0.627734 0.681152 0.627734 0.680664 0.625781 0.678223 0.625391 0.678223 0.623828 0.67627 0.623437 0.67627 0.619141 0.670898 0.61875 0.670898 0.618359 0.67041 0.617969 0.67041 0.617578 0.669922 0.617188 0.669922 0.616797 0.669434 0.616406 0.669434 0.616016 0.668945 0.613281 0.668945 0.612891 0.669434 0.611719 0.669434 0.611328 0.669922 0.610938 0.669922
1 0.445703 0.96582 0.444922 0.964844 0.444531 0.964844 0.444141 0.964355 0.441797 0.964355 0.441406 0.964844 0.439844 0.964844 0.439453 0.965332 0.439063 0.965332 0.438281 0.966309 0.437891 0.966309 0.4375 0.966797 0.437109 0.966797 0.436719 0.967285 0.436328 0.967285 0.435937 0.967773 0.435156 0.967773 0.434766 0.968262 0.434375 0.968262 0.433984 0.96875 0.433594 0.96875 0.432812 0.969727 0.432422 0.969727 0.431641 0.970703 0.43125 0.970703 0.430859 0.971191 0.430469 0.971191 0.430078 0.97168 0.429688 0.97168 0.428906 0.972656 0.428516 0.972656 0.427734 0.973633 0.427734 0.974121 0.426953 0.975098 0.426953 0.975586 0.426172 0.976562 0.426172 0.977051 0.425391 0.978027 0.425391 0.979004 0.425 0.979492 0.425 0.97998 0.425391 0.980469 0.425391 0.981445 0.425781 0.981934 0.425781 0.982422 0.426172 0.98291 0.426563 0.98291 0.426953 0.983398 0.427734 0.983398 0.428125 0.983887 0.435547 0.983887 0.435937 0.983398 0.436719 0.983398 0.437109 0.98291 0.437891 0.98291 0.438281 0.982422 0.438672 0.982422 0.439844 0.980957 0.440234 0.980957 0.440625 0.980469 0.440625 0.97998 0.442578 0.977539 0.442969 0.977539 0.443359 0.977051 0.44375 0.977051 0.444531 0.976074 0.444922 0.976074 0.445703 0.975098 0.445703 0.974609 0.446094 0.974121 0.446094 0.97168 0.446484 0.971191 0.446484 0.96875 0.446094 0.968262 0.446094 0.966797 0.445703 0.966309
1 0.466406 0.978516 0.465625 0.979492 0.465234 0.979492 0.464062 0.980957 0.464062 0.981445 0.463672 0.981934 0.463672 0.982422 0.463281 0.98291 0.463281 0.983398 0.462891 0.983887 0.462891 0.986328 0.4625 0.986816 0.4625 0.98877 0.462109 0.989258 0.462109 0.993164 0.461719 0.993652 0.461719 0.996582 0.461328 0.99707 0.461328 0.999023 0.461719 0.999512 0.461719 1 0.471875 1 0.473047 0.998535 0.473047 0.997559 0.472656 0.99707 0.472656 0.995605 0.472266 0.995117 0.472266 0.990234 0.471875 0.989746 0.471875 0.987305 0.471484 0.986816 0.471484 0.984863 0.471094 0.984375 0.471094 0.981934 0.470703 0.981445 0.470703 0.97998 0.470313 0.979492 0.470313 0.979004 0.469141 0.979004 0.46875 0.978516
1 0.519141 0.14502 0.519141 0.146484 0.51875 0.146973 0.51875 0.149414 0.519141 0.149902 0.519141 0.150391 0.521875 0.153809 0.522266 0.153809 0.523047 0.154785 0.523438 0.154785 0.525 0.156738 0.525391 0.156738 0.526172 0.157715 0.526563 0.157715 0.526953 0.158203 0.527734 0.158203 0.528125 0.158691 0.529297 0.158691 0.529687 0.15918 0.535156 0.15918 0.535547 0.158691 0.537109 0.158691 0.5375 0.158203 0.537891 0.158203 0.539062 0.156738 0.539062 0.15625 0.539453 0.155762 0.539453 0.155273 0.539844 0.154785 0.539844 0.150391 0.540234 0.149902 0.540234 0.149414 0.539844 0.148926 0.539844 0.147461 0.539062 0.146484 0.539062 0.145996 0.5375 0.144043 0.537109 0.144043 0.536719 0.143555 0.535937 0.143555 0.535547 0.143066 0.534766 0.143066 0.534375 0.142578 0.533203 0.142578 0.532813 0.14209 0.530469 0.14209 0.530078 0.141602 0.523828 0.141602 0.523438 0.14209 0.521484 0.14209 0.521094 0.142578 0.520703 0.142578 0.519531 0.144043 0.519531 0.144531
1 0.516797 0.123535 0.516406 0.123047 0.516406 0.122559 0.516016 0.12207 0.515625 0.12207 0.515234 0.121582 0.514844 0.121582 0.514453 0.121094 0.513281 0.121094 0.512891 0.120605 0.508594 0.120605 0.508203 0.121094 0.50625 0.121094 0.505859 0.121582 0.505078 0.121582 0.504687 0.12207 0.504297 0.12207 0.503906 0.122559 0.503516 0.122559 0.502734 0.123535 0.502344 0.123535 0.501953 0.124023 0.501953 0.124512 0.501172 0.125488 0.501172 0.125977 0.500781 0.126465 0.500781 0.126953 0.500391 0.127441 0.500391 0.128418 0.5 0.128906 0.5 0.129883 0.500391 0.130371 0.500391 0.130859 0.500781 0.131348 0.500781 0.131836 0.501172 0.131836 0.501563 0.132324 0.501953 0.132324 0.502344 0.132812 0.503516 0.132812 0.503906 0.133301 0.5125 0.133301 0.512891 0.132812 0.514453 0.132812 0.514844 0.132324 0.515234 0.132324 0.515625 0.131836 0.516016 0.131836 0.516016 0.131348 0.516406 0.130859 0.516406 0.130371 0.516797 0.129883
1 0.519531 0.144043 0.519531 0.144531 0.519141 0.14502 0.519141 0.146484 0.51875 0.146973 0.51875 0.149414 0.519141 0.149902 0.519141 0.150391 0.521094 0.152832 0.521484 0.152832 0.522656 0.154297 0.523047 0.154297 0.525391 0.157227 0.525781 0.157227 0.526172 0.157715 0.526563 0.157715 0.526953 0.158203 0.527344 0.158203 0.527734 0.158691 0.529297 0.158691 0.529687 0.15918 0.531641 0.15918 0.532031 0.159668 0.533984 0.159668 0.534375 0.15918 0.536328 0.15918 0.536719 0.158691 0.537891 0.158691 0.539062 0.157227 0.539062 0.15625 0.539453 0.155762 0.539453 0.154297 0.539844 0.153809 0.539844 0.147949 0.539453 0.147461 0.539453 0.146973 0.538672 0.145996 0.538672 0.145508 0.5375 0.144043 0.537109 0.144043 0.536719 0.143555 0.536328 0.143555 0.535937 0.143066 0.535156 0.143066 0.534766 0.142578 0.533594 0.142578 0.533203 0.14209 0.53125 0.14209 0.530859 0.141602 0.523828 0.141602 0.523438 0.14209 0.521484 0.14209 0.521094 0.142578 0.520703 0.142578
1 0.842187 0.394043 0.842187 0.399414 0.842578 0.399902 0.842578 0.401367 0.842969 0.401855 0.842969 0.404297 0.843359 0.404785 0.843359 0.407227 0.84375 0.407715 0.84375 0.409668 0.844141 0.410156 0.844141 0.411621 0.844531 0.412109 0.844531 0.412598 0.846484 0.415039 0.846875 0.415039 0.848047 0.416504 0.848437 0.416504 0.849219 0.41748 0.85 0.41748 0.850391 0.417969 0.850781 0.417969 0.851172 0.418457 0.851953 0.418457 0.852344 0.418945 0.855078 0.418945 0.855469 0.418457 0.85625 0.418457 0.857422 0.416992 0.857422 0.416504 0.857812 0.416016 0.857812 0.415039 0.858203 0.414551 0.858203 0.411621 0.857812 0.411133 0.857812 0.410645 0.857422 0.410156 0.857422 0.409668 0.857031 0.40918 0.857031 0.408691 0.856641 0.408203 0.856641 0.407715 0.85625 0.407227 0.85625 0.406738 0.855469 0.405762 0.855469 0.405273 0.854297 0.403809 0.854297 0.40332 0.848828 0.396484 0.848437 0.396484 0.848047 0.395996 0.847656 0.395996 0.847266 0.395508 0.846875 0.395508 0.846484 0.39502 0.844141 0.39502 0.84375 0.394531 0.842969 0.394531 0.842578 0.394043
1 0.846484 0.78125 0.845313 0.78125 0.844922 0.781738 0.844531 0.781738 0.84375 0.782715 0.84375 0.783203 0.843359 0.783691 0.843359 0.78418 0.842969 0.784668 0.842969 0.785156 0.842187 0.786133 0.842187 0.786621 0.841797 0.787109 0.841797 0.788574 0.841406 0.789062 0.841406 0.809082 0.842187 0.810059 0.844141 0.810059 0.844531 0.810547 0.845313 0.810547 0.845703 0.810059 0.846484 0.810059 0.851562 0.803711 0.851562 0.803223 0.851953 0.802734 0.851953 0.795898 0.851562 0.79541 0.851562 0.79248 0.851172 0.791992 0.851172 0.789062 0.850781 0.788574 0.850781 0.787598 0.850391 0.787109 0.850391 0.786621 0.849609 0.785645 0.849609 0.785156 0.849219 0.784668 0.849219 0.78418 0.847266 0.781738 0.846875 0.781738
1 0.858203 0.75 0.857812 0.749512 0.857422 0.749512 0.857031 0.749023 0.853906 0.749023 0.853516 0.749512 0.851953 0.749512 0.851562 0.75 0.850781 0.75 0.850391 0.750488 0.849609 0.750488 0.849219 0.750977 0.848437 0.750977 0.848047 0.751465 0.847656 0.751465 0.847266 0.751953 0.846875 0.751953 0.846484 0.752441 0.846094 0.752441 0.845703 0.75293 0.845313 0.75293 0.844531 0.753906 0.844141 0.753906 0.843359 0.754883 0.842969 0.754883 0.841406 0.756836 0.841406 0.757324 0.841016 0.757812 0.841016 0.758301 0.840625 0.758789 0.840625 0.759277 0.840234 0.759766 0.840234 0.760254 0.839453 0.76123 0.839453 0.761719 0.837891 0.763672 0.837891 0.765137 0.838672 0.766113 0.839453 0.766113 0.839844 0.766602 0.840625 0.766602 0.841016 0.76709 0.842187 0.76709 0.842578 0.766602 0.843359 0.766602 0.84375 0.766113 0.844141 0.766113 0.845703 0.76416 0.846094 0.76416 0.846484 0.763672 0.847266 0.763672 0.847656 0.763184 0.848828 0.763184 0.849219 0.762695 0.850391 0.762695 0.850781 0.762207 0.851562 0.762207 0.851953 0.761719 0.852344 0.761719 0.852734 0.76123 0.853516 0.76123 0.853906 0.760742 0.854297 0.760742 0.855078 0.759766 0.855469 0.759766 0.856641 0.758301 0.857031 0.758301 0.858984 0.755859 0.858984 0.752441 0.858594 0.751953 0.858594 0.750977 0.858203 0.750488
1 0.467969 0.620117 0.467187 0.621094 0.467187 0.621582 0.466797 0.62207 0.466797 0.622559 0.466016 0.623535 0.466016 0.624023 0.465625 0.624512 0.465625 0.625 0.465234 0.625488 0.465234 0.628418 0.466406 0.629883 0.466797 0.629883 0.46875 0.632324 0.46875 0.632812 0.470313 0.634766 0.470703 0.634766 0.472656 0.637207 0.473047 0.637207 0.473828 0.638184 0.474219 0.638184 0.474609 0.638672 0.476172 0.638672 0.476562 0.638184 0.478125 0.638184 0.478516 0.637695 0.478906 0.637695 0.479297 0.637207 0.479687 0.637207 0.479687 0.636719 0.480469 0.635742 0.480469 0.635254 0.480859 0.634766 0.480859 0.634277 0.48125 0.633789 0.48125 0.631348 0.480859 0.630859 0.480859 0.630371 0.480469 0.629883 0.480469 0.629395 0.480078 0.628906 0.480078 0.628418 0.475391 0.622559 0.475391 0.62207 0.474609 0.621094 0.474219 0.621094 0.473828 0.620605 0.473438 0.620605 0.473047 0.620117 0.471875 0.620117 0.471484 0.619629 0.469141 0.619629 0.46875 0.620117
1 0.470313 0.603516 0.466406 0.603516 0.465625 0.604492 0.465234 0.604492 0.464062 0.605957 0.463672 0.605957 0.4625 0.607422 0.462109 0.607422 0.461328 0.608398 0.460938 0.608398 0.459766 0.609863 0.459375 0.609863 0.457813 0.611816 0.457813 0.612305 0.457031 0.613281 0.457031 0.61377 0.45625 0.614746 0.45625 0.615234 0.455859 0.615723 0.455859 0.616211 0.455469 0.616699 0.455469 0.617676 0.455078 0.618164 0.455078 0.618652 0.455469 0.619141 0.455469 0.619629 0.455859 0.620117 0.455859 0.620605 0.45625 0.621094 0.45625 0.621582 0.456641 0.62207 0.456641 0.622559 0.457813 0.624023 0.458594 0.624023 0.458984 0.624512 0.459766 0.624512 0.460156 0.624023 0.461328 0.624023 0.461719 0.623535 0.462109 0.623535 0.4625 0.623047 0.462891 0.623047 0.463672 0.62207 0.464062 0.62207 0.465234 0.620605 0.465625 0.620605 0.466406 0.619629 0.466797 0.619629 0.468359 0.617676 0.468359 0.617188 0.469141 0.616211 0.469141 0.615723 0.469531 0.615234 0.469531 0.614746 0.469922 0.614258 0.469922 0.612793 0.470313 0.612305 0.470313 0.611328 0.470703 0.61084 0.470703 0.609375 0.471094 0.608887 0.471094 0.605957 0.470703 0.605469 0.470703 0.604004
2 0.571875 0.583496 0.56875 0.57959 0.568359 0.57959 0.567969 0.579102 0.566797 0.579102 0.566406 0.57959 0.564453 0.57959 0.562109 0.58252 0.562109 0.583008 0.559766 0.585938 0.559375 0.585938 0.557422 0.588379 0.557422 0.588867 0.557031 0.589355 0.556641 0.589355 0.555078 0.591309 0.555078 0.591797 0.554688 0.592285 0.554688 0.59375 0.554297 0.594238 0.554297 0.596191 0.553906 0.59668 0.553906 0.598633 0.554297 0.599121 0.554297 0.599609 0.554688 0.600098 0.555078 0.600098 0.555859 0.601074 0.559375 0.601074 0.559766 0.601562 0.560156 0.601562 0.560547 0.601074 0.561719 0.601074 0.562109 0.600586 0.5625 0.600586 0.562891 0.600098 0.563281 0.600098 0.563672 0.599609 0.564453 0.599609 0.565625 0.598145 0.566016 0.598145 0.568359 0.595215 0.56875 0.595215 0.569531 0.594238 0.569531 0.59375 0.571094 0.591797 0.571094 0.591309 0.572266 0.589844 0.572266 0.588867 0.572656 0.588379 0.572656 0.587402 0.572266 0.586914 0.572266 0.584961 0.571875 0.584473
2 0.5375 0.899902 0.537109 0.900391 0.536719 0.900391 0.536328 0.900879 0.536328 0.901367 0.535937 0.901855 0.535937 0.902344 0.535547 0.902832 0.535547 0.90332 0.535156 0.903809 0.535156 0.904785 0.534766 0.905273 0.534766 0.90625 0.534375 0.906738 0.534375 0.913086 0.533984 0.913574 0.533984 0.916504 0.534375 0.916992 0.534375 0.92041 0.534766 0.920898 0.534766 0.921875 0.535156 0.922363 0.535156 0.922852 0.535937 0.923828 0.536328 0.923828 0.536719 0.924316 0.538672 0.924316 0.539062 0.924805 0.541797 0.924805 0.542188 0.924316 0.542578 0.924316 0.542969 0.923828 0.543359 0.923828 0.546094 0.92041 0.546094 0.919434 0.546484 0.918945 0.546484 0.913086 0.546094 0.912598 0.546094 0.910645 0.545703 0.910156 0.545703 0.908691 0.545312 0.908203 0.545312 0.90625 0.544922 0.905762 0.544922 0.905273 0.544531 0.904785 0.544531 0.904297 0.543359 0.902832 0.543359 0.902344 0.541406 0.899902
2 0.528906 0.910645 0.524609 0.910645 0.524219 0.911133 0.523438 0.911133 0.521875 0.913086 0.521875 0.915039 0.521484 0.915527 0.521484 0.918457 0.521094 0.918945 0.521094 0.922363 0.520703 0.922852 0.520703 0.927734 0.521094 0.928223 0.521094 0.930176 0.521484 0.930664 0.521484 0.931152 0.521875 0.931641 0.522266 0.931641 0.522656 0.932129 0.523438 0.932129 0.523828 0.932617 0.526172 0.932617 0.526953 0.931641 0.527344 0.931641 0.530078 0.928223 0.530078 0.927734 0.530859 0.926758 0.530859 0.92627 0.53125 0.925781 0.53125 0.915527 0.530859 0.915039 0.530859 0.914062 0.530469 0.913574 0.530469 0.912598 0.530078 0.912109 0.530078 0.911621 0.529687 0.911133 0.529297 0.911133
2 0.472266 0.827148 0.470703 0.825195 0.470313 0.825195 0.469922 0.824707 0.469141 0.824707 0.46875 0.824219 0.468359 0.824219 0.467969 0.82373 0.467578 0.82373 0.467187 0.823242 0.466016 0.823242 0.465625 0.82373 0.464453 0.82373 0.464062 0.824219 0.4625 0.824219 0.462109 0.824707 0.459375 0.824707 0.458203 0.826172 0.458203 0.82666 0.457813 0.827148 0.457813 0.827637 0.457422 0.828125 0.457422 0.828613 0.45625 0.830078 0.45625 0.830566 0.455078 0.832031 0.455078 0.83252 0.454688 0.833008 0.454688 0.833984 0.454297 0.834473 0.454297 0.835449 0.453906 0.835938 0.453906 0.837891 0.454297 0.838379 0.454297 0.838867 0.455859 0.84082 0.45625 0.84082 0.456641 0.841309 0.457422 0.841309 0.457813 0.841797 0.460547 0.841797 0.460938 0.841309 0.461719 0.841309 0.462109 0.84082 0.4625 0.84082 0.463281 0.839844 0.463672 0.839844 0.464453 0.838867 0.464844 0.838867 0.466016 0.837402 0.466406 0.837402 0.466797 0.836914 0.467187 0.836914 0.467578 0.836426 0.467969 0.836426 0.468359 0.835938 0.46875 0.835938 0.469141 0.835449 0.469531 0.835449 0.469922 0.834961 0.470313 0.834961 0.470703 0.834473 0.471094 0.834473 0.471875 0.833496 0.471875 0.833008 0.472266 0.83252 0.472266 0.830078 0.472656 0.82959 0.472656 0.828125 0.472266 0.827637
2 0.583203 0.724121 0.582812 0.724609 0.582031 0.724609 0.581641 0.725098 0.58125 0.725098 0.580859 0.725586 0.580469 0.725586 0.580078 0.726074 0.579688 0.726074 0.579297 0.726562 0.579297 0.727051 0.578906 0.727539 0.578906 0.728516 0.578516 0.729004 0.578516 0.731445 0.578906 0.731934 0.578906 0.73291 0.579297 0.733398 0.579297 0.734375 0.579688 0.734863 0.579688 0.73877 0.579297 0.739258 0.579297 0.743164 0.578906 0.743652 0.578906 0.744629 0.579297 0.745117 0.579297 0.746094 0.580078 0.74707 0.580078 0.747559 0.580469 0.748047 0.580859 0.748047 0.58125 0.748535 0.582031 0.748535 0.582422 0.749023 0.584766 0.749023 0.585156 0.748535 0.585547 0.748535 0.585938 0.748047 0.586328 0.748047 0.587109 0.74707 0.587109 0.746582 0.5875 0.746094 0.5875 0.745605 0.587891 0.745117 0.587891 0.742676 0.588281 0.742188 0.588281 0.730957 0.587891 0.730469 0.587891 0.729004 0.5875 0.728516 0.5875 0.728027 0.587109 0.727539 0.587109 0.727051 0.584766 0.724121
2 0.447656 0.974609 0.447266 0.975098 0.447266 0.976562 0.446875 0.977051 0.446875 0.979492 0.447266 0.97998 0.447266 0.981445 0.447656 0.981934 0.447656 0.984375 0.448047 0.984863 0.448047 0.986816 0.448437 0.987305 0.448437 0.98877 0.448828 0.989258 0.448828 0.989746 0.449219 0.990234 0.449219 0.990723 0.449609 0.991211 0.449609 0.992188 0.45 0.992676 0.45 0.993164 0.450391 0.993652 0.450391 0.994629 0.450781 0.995117 0.450781 0.995605 0.451172 0.996094 0.451172 0.996582 0.453906 1 0.460156 1 0.460156 0.999512 0.460547 0.999023 0.460547 0.988281 0.460156 0.987793 0.460156 0.987305 0.458203 0.984863 0.458203 0.984375 0.457813 0.983887 0.457813 0.98291 0.457422 0.982422 0.457422 0.981445 0.457031 0.980957 0.457031 0.97998 0.456641 0.979492 0.456641 0.979004 0.455859 0.978027 0.455859 0.977539 0.454688 0.976074 0.454297 0.976074 0.453906 0.975586 0.453125 0.975586 0.452734 0.975098 0.451172 0.975098 0.450781 0.974609
2 0.446875 0.974609 0.444141 0.974609 0.44375 0.975098 0.442969 0.975098 0.438281 0.980957 0.437891 0.980957 0.4375 0.981445 0.437109 0.981445 0.436328 0.982422 0.435937 0.982422 0.435547 0.98291 0.434766 0.98291 0.434375 0.983398 0.432422 0.983398 0.432031 0.983887 0.43125 0.983887 0.430469 0.984863 0.430469 0.985352 0.430078 0.98584 0.430078 0.994629 0.430469 0.995117 0.430469 0.995605 0.43125 0.996582 0.432031 0.996582 0.432422 0.99707 0.436719 0.99707 0.437109 0.996582 0.437891 0.996582 0.438281 0.996094 0.438672 0.996094 0.439063 0.995605 0.439844 0.995605 0.440234 0.995117 0.440625 0.995117 0.441406 0.994141 0.441797 0.994141 0.442578 0.993164 0.442969 0.993164 0.446484 0.98877 0.446484 0.987793 0.446875 0.987305 0.446875 0.986816 0.447266 0.986328 0.447266 0.985352 0.447656 0.984863 0.447656 0.98291 0.447266 0.982422 0.447266 0.980957 0.446875 0.980469
2 0.846875 0.900391 0.846875 0.902832 0.847266 0.90332 0.847266 0.903809 0.847656 0.904297 0.847656 0.904785 0.848047 0.905273 0.848047 0.905762 0.848437 0.905762 0.849219 0.906738 0.849609 0.906738 0.85 0.907227 0.850391 0.907227 0.850781 0.907715 0.851172 0.907715 0.851562 0.908203 0.851953 0.908203 0.852344 0.908691 0.852734 0.908691 0.853125 0.90918 0.853906 0.90918 0.854297 0.909668 0.855469 0.909668 0.855859 0.910156 0.860938 0.910156 0.861328 0.909668 0.862109 0.909668 0.8625 0.90918 0.863672 0.90918 0.864062 0.908691 0.865234 0.908691 0.865625 0.908203 0.866016 0.908203 0.866406 0.907715 0.866797 0.907715 0.867578 0.906738 0.867578 0.90625 0.867969 0.905762 0.867969 0.904297 0.867578 0.903809 0.867578 0.902344 0.867188 0.901855 0.867188 0.901367 0.866016 0.899902 0.865234 0.899902 0.864844 0.899414 0.863672 0.899414 0.863281 0.898926 0.862109 0.898926 0.861719 0.898438 0.860547 0.898438 0.860156 0.897949 0.859375 0.897949 0.858984 0.897461 0.858594 0.897461 0.858203 0.896973 0.857812 0.896973 0.857422 0.896484 0.851953 0.896484 0.851562 0.896973 0.850781 0.896973 0.850391 0.897461 0.849609 0.897461 0.849219 0.897949 0.848828 0.897949
2 0.596094 0.618164 0.596094 0.62207 0.596484 0.622559 0.596484 0.623047 0.597266 0.624023 0.597266 0.624512 0.598828 0.626465 0.598828 0.626953 0.599609 0.62793 0.599609 0.628418 0.600781 0.629883 0.600781 0.630371 0.601953 0.631836 0.602344 0.631836 0.603906 0.633789 0.604297 0.633789 0.606641 0.636719 0.607031 0.636719 0.607812 0.637695 0.608203 0.637695 0.608594 0.638184 0.608984 0.638184 0.609375 0.638672 0.609766 0.638672 0.610156 0.63916 0.612891 0.63916 0.613281 0.638672 0.614453 0.638672 0.614844 0.638184 0.615234 0.638184 0.615625 0.637695 0.615625 0.634766 0.615234 0.634277 0.615234 0.632812 0.614844 0.632324 0.614844 0.631836 0.614062 0.630859 0.614062 0.630371 0.613281 0.629395 0.613281 0.628906 0.612891 0.628418 0.612891 0.62793 0.612109 0.626953 0.612109 0.626465 0.608984 0.622559 0.608594 0.622559 0.607812 0.621582 0.607031 0.621582 0.606641 0.621094 0.60625 0.621094 0.605469 0.620117 0.605078 0.620117 0.604297 0.619141 0.603906 0.619141 0.603516 0.618652 0.602344 0.618652 0.601953 0.618164
2 0.844141 0.366699 0.84375 0.367188 0.842969 0.367188 0.842578 0.367676 0.842187 0.367676 0.841406 0.368652 0.841406 0.369141 0.841016 0.369629 0.841016 0.370605 0.840625 0.371094 0.840625 0.372559 0.840234 0.373047 0.840234 0.376465 0.839844 0.376953 0.839844 0.378906 0.840234 0.379395 0.840234 0.382324 0.840625 0.382812 0.840625 0.384766 0.841016 0.385254 0.841016 0.38623 0.841406 0.386719 0.841406 0.387207 0.841797 0.387695 0.841797 0.388672 0.842187 0.38916 0.842187 0.390137 0.842969 0.391113 0.842969 0.391602 0.844531 0.393555 0.844922 0.393555 0.845313 0.394043 0.846484 0.394043 0.846875 0.393555 0.847266 0.393555 0.848047 0.392578 0.848437 0.392578 0.848828 0.39209 0.849219 0.39209 0.850391 0.390625 0.850391 0.390137 0.851172 0.38916 0.851172 0.388184 0.851562 0.387695 0.851562 0.386719 0.851953 0.38623 0.851953 0.384766 0.852344 0.384277 0.852344 0.378418 0.851953 0.37793 0.851953 0.377441 0.851562 0.376953 0.851562 0.375977 0.851172 0.375488 0.851172 0.375 0.850781 0.374512 0.850781 0.373535 0.850391 0.373047 0.850391 0.372559 0.849219 0.371094 0.849219 0.370605 0.848437 0.369629 0.848437 0.369141 0.847656 0.368164 0.847656 0.367676 0.847266 0.367676 0.846484 0.366699
1 0.449219 0.821777 0.448828 0.822266 0.447266 0.822266 0.445312 0.824707 0.444531 0.824707 0.44375 0.825684 0.443359 0.825684 0.442969 0.826172 0.441406 0.826172 0.440234 0.827637 0.439453 0.827637 0.439063 0.828125 0.438281 0.828125 0.437891 0.828613 0.437109 0.828613 0.436328 0.82959 0.435937 0.82959 0.434375 0.831543 0.434375 0.832031 0.432812 0.833984 0.432812 0.835938 0.433984 0.837402 0.439063 0.837402 0.439844 0.836426 0.442969 0.836426 0.443359 0.835938 0.444531 0.835938 0.445312 0.834961 0.446484 0.834961 0.446875 0.834473 0.448828 0.834473 0.449609 0.833496 0.451172 0.833496 0.452344 0.832031 0.452344 0.831543 0.453125 0.830566 0.453125 0.830078 0.453516 0.82959 0.453516 0.825195 0.453125 0.824707 0.453125 0.823242 0.451953 0.821777
1 0.606641 0.546875 0.605469 0.54834 0.605469 0.548828 0.605078 0.549316 0.605078 0.549805 0.604688 0.550293 0.604688 0.559082 0.604297 0.55957 0.604297 0.561035 0.603516 0.562012 0.603516 0.569336 0.604688 0.570801 0.608594 0.570801 0.608984 0.570312 0.609375 0.570312 0.611328 0.567871 0.611328 0.567383 0.613672 0.564453 0.613672 0.563477 0.614453 0.5625 0.614453 0.561035 0.615234 0.560059 0.615234 0.553711 0.615625 0.553223 0.615625 0.550781 0.614844 0.549805 0.614844 0.548828 0.613672 0.547363 0.612891 0.547363 0.6125 0.546875
1 0.412109 0.806152 0.411328 0.807129 0.410547 0.807129 0.409375 0.808594 0.409375 0.810547 0.410547 0.812012 0.411328 0.812012 0.411719 0.8125 0.4125 0.8125 0.413281 0.813477 0.413281 0.814941 0.413672 0.81543 0.413672 0.815918 0.416406 0.819336 0.417187 0.819336 0.417969 0.820312 0.41875 0.820312 0.419141 0.820801 0.422266 0.820801 0.422656 0.820312 0.425391 0.820312 0.427344 0.817871 0.427344 0.812988 0.425781 0.811035 0.425781 0.810547 0.424609 0.809082 0.424219 0.809082 0.422656 0.807129 0.420703 0.807129 0.420312 0.806641 0.416406 0.806641 0.416016 0.806152
1 0.442578 0.683594 0.438672 0.688477 0.438672 0.688965 0.438281 0.689453 0.438281 0.69043 0.437891 0.690918 0.437891 0.696777 0.439063 0.698242 0.439453 0.698242 0.439844 0.69873 0.441016 0.69873 0.441406 0.699219 0.442969 0.699219 0.444922 0.696777 0.444922 0.696289 0.445312 0.695801 0.445312 0.693359 0.445703 0.692871 0.445703 0.687988 0.445312 0.6875 0.445703 0.687012 0.445703 0.685059 0.444531 0.683594
1 0.531641 0.794922 0.53125 0.79541 0.530078 0.79541 0.529297 0.796387 0.528125 0.796387 0.527734 0.796875 0.527344 0.796875 0.526953 0.797363 0.526563 0.797363 0.525391 0.798828 0.525 0.798828 0.524219 0.799805 0.522656 0.799805 0.522266 0.800293 0.521484 0.800293 0.521094 0.800781 0.520703 0.800781 0.520312 0.80127 0.519922 0.80127 0.519531 0.801758 0.51875 0.801758 0.516797 0.804199 0.516797 0.804688 0.516016 0.805664 0.516016 0.807617 0.51875 0.811035 0.523438 0.811035 0.523828 0.810547 0.526172 0.810547 0.526563 0.810059 0.527344 0.810059 0.527734 0.80957 0.529687 0.80957 0.530078 0.809082 0.530859 0.809082 0.53125 0.808594 0.531641 0.808594 0.532031 0.808105 0.532422 0.808105 0.532813 0.807617 0.533203 0.807617 0.534766 0.805664 0.534766 0.805176 0.535156 0.804688 0.535156 0.797852 0.534766 0.797363 0.534766 0.796875 0.533203 0.794922
