1 0.184004 0.0690332 0.182816 0.0669482 0.181305 0.0638721 0.180672 0.060498 0.180512 0.0553369 0.181148 0.0515674 0.18234 0.0521631 0.183527 0.0543457 0.185992 0.0570264 0.188215 0.0596045 0.190437 0.0622852 0.192262 0.0649658 0.194008 0.0678418 0.19623 0.0707227 0.197504 0.0728027 0.198773 0.0751855 0.199566 0.0772705 0.200121 0.0807422 0.199805 0.08521 0.198375 0.0880859 0.197105 0.0897754 0.195121 0.0923535 0.19393 0.0932471 0.19266 0.0920557 0.190832 0.0896777 0.189086 0.0871973 0.187418 0.0838184 0.186863 0.0813379 0.186309 0.0791553 0.185516 0.076875 0.18448 0.0729053
1 0.0875977 0.19791 0.0857852 0.200176 0.0839766 0.203506 0.0833086 0.206841 0.0832148 0.212441 0.0834063 0.217202 0.0837852 0.220298 0.0836914 0.224707 0.0835 0.230303 0.0843594 0.233398 0.086168 0.233638 0.0891211 0.233281 0.0920742 0.230063 0.0946484 0.226494 0.0957891 0.223516 0.0973164 0.220298 0.0982695 0.217202 0.0979805 0.213154 0.0975039 0.210298 0.095125 0.20708 0.0929336 0.204937 0.0909336 0.203149 0.0895977 0.201484 0.0886445 0.199458
1 0.113379 0.346699 0.11073 0.346948 0.108879 0.347446 0.106828 0.347446 0.104313 0.345459 0.10266 0.343311 0.101535 0.341987 0.101797 0.340913 0.102797 0.339961 0.103379 0.338647 0.104863 0.335957 0.106973 0.33376 0.109355 0.331807 0.110723 0.330928 0.117016 0.33063 0.120527 0.33063 0.123262 0.331519 0.124352 0.33312 0.125801 0.335659 0.126352 0.338008 0.125922 0.341035 0.12541 0.343525 0.123891 0.345288 0.121621 0.346553 0.119316 0.347041 0.116156 0.34748 0.114434 0.34689
1 0.226969 0.331357 0.222125 0.331309 0.218609 0.33126 0.213961 0.331211 0.210328 0.331064 0.207281 0.330576 0.203922 0.330088 0.201734 0.327842 0.200953 0.32667 0.202945 0.323643 0.205133 0.320957 0.206539 0.319053 0.208102 0.316855 0.209742 0.314902 0.212281 0.314658 0.215836 0.314707 0.219234 0.315146 0.226422 0.315195 0.231207 0.315171 0.232184 0.314683 0.235191 0.314487 0.236363 0.315415 0.237457 0.316001 0.237652 0.317124 0.236793 0.317661 0.234996 0.319419 0.233824 0.320444 0.232574 0.322397 0.230934 0.325425 0.229957 0.326646 0.229605 0.328843 0.228277 0.330454
1 0.313402 0.330884 0.31293 0.328354 0.312391 0.326836 0.312051 0.323457 0.312523 0.321265 0.313535 0.318564 0.314145 0.31561 0.31448 0.313501 0.315629 0.311479 0.316305 0.310127 0.316887 0.308481 0.317039 0.307017 0.317234 0.305557 0.31748 0.303853 0.317926 0.303359 0.318547 0.303081 0.319391 0.304351 0.32018 0.305259 0.321129 0.306592 0.322203 0.307646 0.322426 0.308989 0.322988 0.310742 0.323387 0.311943 0.323102 0.314609 0.322816 0.316084 0.321973 0.318193 0.321023 0.320234 0.320793 0.321646 0.320738 0.324175 0.320684 0.326353 0.319895 0.328252 0.319559 0.329165 0.319336 0.331416 0.319441 0.332959 0.320285 0.33479 0.321078 0.335703 0.321867 0.336831 0.321867 0.338799 0.321527 0.341118 0.318996 0.343862 0.31652 0.344917 0.315172 0.344917 0.314887 0.343584 0.314211 0.341396 0.314043 0.335703 0.313484 0.333882
1 0.264672 0.405605 0.264016 0.404023 0.263359 0.402852 0.262516 0.402031 0.262375 0.400801 0.262891 0.399453 0.264016 0.397578 0.26425 0.395527 0.264484 0.393184 0.264484 0.391191 0.264016 0.389961 0.263781 0.38791 0.263781 0.386094 0.264531 0.385273 0.266078 0.383164 0.26725 0.38123 0.268047 0.379414 0.268652 0.377915 0.268844 0.376011 0.269707 0.374497 0.270762 0.373281 0.271383 0.372988 0.272285 0.374014 0.273492 0.374307 0.274234 0.375669 0.274703 0.376255 0.275801 0.376597 0.276656 0.376157 0.277711 0.375669 0.278297 0.376357 0.278297 0.37894 0.278379 0.384268 0.277898 0.388813 0.27743 0.389644 0.277352 0.391743 0.277352 0.393701 0.277781 0.395459 0.278016 0.396777 0.278133 0.399214 0.278039 0.401182 0.277453 0.402007 0.277258 0.403574 0.277062 0.40543 0.276398 0.408262 0.275031 0.410117 0.273039 0.411924 0.271086 0.412754 0.268508 0.412993 0.266594 0.4129 0.265617 0.411777 0.265539 0.409238 0.265148 0.407383
1 0.290871 0.466328 0.289191 0.464863 0.287863 0.464131 0.286535 0.462471 0.285676 0.461055 0.284504 0.460566 0.283254 0.459639 0.283918 0.457783 0.284973 0.456611 0.286848 0.455 0.288918 0.453242 0.291535 0.45168 0.29341 0.451191 0.294113 0.450313 0.29759 0.449971 0.298488 0.449336 0.301535 0.449238 0.303918 0.449043 0.306691 0.448604 0.308176 0.447627 0.310012 0.447041 0.312629 0.447041 0.314582 0.447041 0.314699 0.448604 0.313879 0.450605 0.312746 0.453145 0.311301 0.455146 0.309113 0.457588 0.308371 0.45876 0.308176 0.460322 0.307082 0.46208 0.305207 0.463643 0.303879 0.464473 0.302316 0.464961 0.301223 0.465742 0.300754 0.466475 0.29923 0.466621 0.298215 0.467598 0.293527 0.467402 0.292512 0.466914
1 0.315473 0.438501 0.312621 0.435083 0.312504 0.433472 0.31223 0.431812 0.311449 0.430054 0.310551 0.428882 0.310199 0.428003 0.311137 0.426538 0.311762 0.426147 0.313324 0.427466 0.315707 0.427466 0.316254 0.42644 0.316801 0.425415 0.317582 0.42522 0.318793 0.425415 0.319965 0.426392 0.32266 0.426538 0.324262 0.425952 0.331449 0.425806 0.332699 0.425806 0.333598 0.426245 0.334652 0.42644 0.336605 0.426685 0.337934 0.427026 0.338168 0.428003 0.338285 0.428882 0.339184 0.429907 0.340316 0.431177 0.341254 0.4323 0.340941 0.433521 0.33973 0.435083 0.337738 0.435767 0.335785 0.437964 0.333832 0.440308 0.33184 0.442651 0.329574 0.44353 0.326996 0.445044 0.324879 0.445981 0.323707 0.445933 0.322652 0.445103 0.321715 0.444224 0.320699 0.443052 0.319215 0.441343 0.317809 0.440024 0.316988 0.439292
1 0.348879 0.4073 0.347859 0.406226 0.346492 0.404272 0.345125 0.404175 0.344344 0.403442 0.343332 0.403052 0.341379 0.401343 0.335945 0.400464 0.334504 0.400464 0.330012 0.401685 0.32923 0.402759 0.328957 0.403784 0.329465 0.4052 0.330086 0.405933 0.331301 0.406812 0.332473 0.407349 0.333211 0.407935 0.334578 0.408521 0.33575 0.409644 0.33884 0.413501 0.340168 0.414966 0.34177 0.416187 0.34341 0.416626 0.344699 0.418579 0.346746 0.42063 0.348191 0.422583 0.349832 0.424536 0.351707 0.426489 0.353895 0.42854 0.355848 0.429077 0.356668 0.429224 0.357098 0.428247 0.357957 0.427563 0.359559 0.427124 0.359793 0.42478 0.358348 0.42312 0.357645 0.42063 0.356395 0.418188 0.35366 0.415161 0.351004 0.41145 0.350613 0.409399
1 0.135117 0.407163 0.132266 0.409976 0.131422 0.411382 0.131422 0.41314 0.132492 0.414253 0.133906 0.415132 0.143414 0.415073 0.144781 0.415542 0.147773 0.415952 0.148477 0.416421 0.150313 0.417007 0.152461 0.416948 0.15575 0.415952 0.158047 0.415835 0.162117 0.413667 0.163109 0.411909 0.164656 0.41144 0.165125 0.412202 0.165406 0.413081 0.16775 0.412788 0.168922 0.411968 0.169391 0.410269 0.170609 0.410562 0.171539 0.410796 0.172805 0.410269 0.173414 0.409214 0.173508 0.404819 0.173133 0.403765 0.171914 0.402183 0.170367 0.400776 0.169523 0.400249 0.168117 0.399429 0.166344 0.39814 0.164602 0.397085 0.160945 0.397026 0.159914 0.397319 0.15743 0.397905 0.153688 0.399312 0.151344 0.399722 0.149141 0.400776 0.147352 0.401597 0.145758 0.402769 0.143789 0.402769 0.142109 0.404058 0.140516 0.405112 0.139102 0.405874
1 0.145984 0.526353 0.145086 0.524526 0.145086 0.52291 0.147391 0.521011 0.150035 0.520024 0.152961 0.519746 0.15566 0.520449 0.159203 0.523262 0.161734 0.526426 0.163875 0.528604 0.164437 0.531558 0.164156 0.536196 0.162691 0.540767 0.1605 0.544565 0.156953 0.548149 0.154594 0.549204 0.153242 0.550752 0.151836 0.551455 0.149531 0.552017 0.147109 0.551597 0.143906 0.5504 0.142836 0.54998 0.144242 0.54752 0.14593 0.544707 0.146211 0.543018 0.14666 0.540908 0.146492 0.537393 0.146719 0.534087 0.14666 0.531699 0.146492 0.528535
1 0.159203 0.554902 0.15791 0.553145 0.156391 0.550684 0.157066 0.549204 0.158641 0.547729 0.160723 0.545688 0.162805 0.542314 0.163648 0.539009 0.164719 0.535635 0.164941 0.533032 0.164719 0.530996 0.16466 0.529165 0.166742 0.529658 0.169441 0.530503 0.172254 0.531416 0.174672 0.533174 0.177035 0.534512 0.177766 0.536128 0.177316 0.536973 0.175797 0.537954 0.174953 0.538447 0.174617 0.540137 0.174504 0.541821 0.174844 0.542666 0.175797 0.544282 0.176867 0.544917 0.177937 0.544707 0.178723 0.544282 0.179398 0.544355 0.180188 0.545127 0.180188 0.546323 0.179117 0.54752 0.177484 0.548784 0.177316 0.550894 0.177035 0.553145 0.175406 0.555112 0.173266 0.556938 0.171691 0.557783 0.170063 0.559121 0.168148 0.559473 0.166066 0.559189 0.163648 0.557783 0.162187 0.556938
1 0.184426 0.623394 0.183191 0.623179 0.18302 0.621846 0.183641 0.621001 0.184707 0.619946 0.185723 0.619243 0.18752 0.619385 0.189266 0.620439 0.191234 0.622827 0.19309 0.625923 0.193934 0.628315 0.194328 0.633447 0.194328 0.637876 0.193652 0.639634 0.192863 0.641812 0.192473 0.644976 0.192582 0.647085 0.190914 0.64877 0.190211 0.650967 0.190051 0.65375 0.189078 0.654922 0.187477 0.654287 0.186148 0.653062 0.185637 0.650474 0.184934 0.647549 0.18427 0.644961 0.184145 0.640229 0.184145 0.636426 0.184305 0.631885 0.184383 0.628716 0.184652 0.626318
1 0.396355 0.629995 0.395848 0.627393 0.395734 0.62458 0.396074 0.620996 0.397535 0.6179 0.398941 0.615581 0.40091 0.612979 0.402035 0.610659 0.402543 0.60876 0.403105 0.606367 0.405074 0.604473 0.40648 0.603555 0.409348 0.604189 0.412328 0.604189 0.413906 0.603838 0.415141 0.603838 0.416379 0.604121 0.418797 0.605596 0.419473 0.607144 0.418855 0.608477 0.418066 0.610166 0.417953 0.613398 0.417504 0.616211 0.416605 0.618672 0.415422 0.620503 0.413453 0.622471 0.411262 0.624648 0.409012 0.62627 0.40766 0.627886 0.406762 0.629785 0.406141 0.63126 0.404734 0.632666 0.403219 0.633018 0.400348 0.633301 0.398156 0.633086 0.396578 0.631401
1 0.436887 0.666577 0.435199 0.664219 0.434793 0.662358 0.434188 0.66 0.432703 0.657383 0.430203 0.654429 0.43007 0.653247 0.430676 0.651729 0.432363 0.650718 0.433781 0.650293 0.435469 0.650039 0.436617 0.649619 0.438305 0.649365 0.43952 0.649453 0.440801 0.65063 0.44134 0.652319 0.441543 0.654092 0.442625 0.654937 0.44323 0.656538 0.44357 0.658228 0.444582 0.660337 0.446742 0.66354 0.44809 0.66624 0.449375 0.669277 0.450453 0.671641 0.450992 0.674175 0.450992 0.676284 0.451602 0.67856 0.452141 0.678896 0.453289 0.680078 0.454301 0.681934 0.455086 0.683511 0.45559 0.684736 0.455281 0.685615 0.453715 0.687622 0.451609 0.689429 0.450125 0.689766 0.448598 0.68894 0.447309 0.68894 0.445906 0.687622 0.445082 0.686489 0.443793 0.685176 0.442582 0.683564 0.441141 0.681709 0.43977 0.679902 0.438992 0.67771 0.437664 0.675508 0.43748 0.667876
1 0.20241 0.924199 0.199172 0.920859 0.197145 0.917822 0.194879 0.914985 0.191961 0.912456 0.190098 0.911343 0.189938 0.909214 0.190664 0.907393 0.192449 0.906377 0.194957 0.907998 0.198359 0.910532 0.201359 0.912959 0.203625 0.914478 0.206703 0.917114 0.210266 0.920352 0.213426 0.923896 0.215777 0.927236 0.217152 0.932095 0.217477 0.938174 0.216992 0.941919 0.216586 0.944248 0.214398 0.945464 0.213508 0.943945 0.212375 0.941309 0.211727 0.938071 0.210914 0.935537 0.209375 0.933516 0.207918 0.930679 0.20573 0.928247
1 0.310688 0.86269 0.310484 0.857544 0.310484 0.852476 0.310758 0.847168 0.311027 0.844375 0.312781 0.841685 0.317777 0.84125 0.321152 0.841514 0.323512 0.844043 0.324527 0.84606 0.32527 0.851807 0.325336 0.856025 0.325672 0.859233 0.326688 0.860835 0.326617 0.862607 0.325539 0.863525 0.324121 0.867583 0.322906 0.870708 0.320949 0.87231 0.318922 0.873232 0.318113 0.876108 0.317508 0.878975 0.315887 0.879819 0.312781 0.878721 0.310824 0.876699 0.310758 0.872227 0.310484 0.869019 0.311094 0.868008 0.311973 0.865562 0.310758 0.864463
1 0.328949 0.0434277 0.32773 0.0419092 0.325574 0.0395459 0.324223 0.0376904 0.321996 0.0351562 0.320172 0.0334717 0.319836 0.0316162 0.320848 0.0295068 0.322469 0.0279004 0.323344 0.0273096 0.324156 0.0253711 0.325031 0.0241064 0.326586 0.0245264 0.328543 0.0254541 0.330027 0.0260449 0.331039 0.0271436 0.331781 0.0282422 0.333066 0.028999 0.334684 0.0292529 0.335629 0.0299268 0.337113 0.0303516 0.338801 0.0328809 0.340828 0.0354102 0.342516 0.0381104 0.343797 0.0406445 0.344406 0.0417383 0.346496 0.0418262 0.346766 0.0430908 0.347441 0.0444385 0.347309 0.0452002 0.348117 0.0464648 0.34859 0.0472266 0.348523 0.0488281 0.34859 0.0513574 0.349129 0.052876 0.350008 0.0547314 0.35102 0.056084 0.351629 0.0572656 0.351695 0.0592041 0.350344 0.0604688 0.349199 0.0611475 0.347309 0.0611475 0.345957 0.0603857 0.344945 0.0602197 0.343594 0.0600488 0.34157 0.059375 0.339883 0.0582764 0.338328 0.0576855 0.33698 0.0564209 0.335699 0.0549854 0.334012 0.0534668 0.333469 0.0515283 0.332996 0.0494189 0.332051 0.0475635
1 0.395539 0.0925049 0.393965 0.0942627 0.392164 0.0958789 0.390531 0.0970752 0.387328 0.0972852 0.3835 0.0974268 0.379453 0.0977783 0.376246 0.098623 0.373547 0.101084 0.369437 0.107271 0.369891 0.109448 0.370844 0.110786 0.372871 0.111982 0.374277 0.112051 0.376414 0.112192 0.377766 0.113247 0.379902 0.11395 0.382266 0.113105 0.38609 0.111909 0.388844 0.111206 0.391094 0.110503 0.393852 0.109941 0.39509 0.108394 0.396777 0.108184 0.398406 0.107061 0.400602 0.106074 0.401391 0.105654 0.400039 0.10502 0.398406 0.103755 0.397844 0.102559 0.398184 0.100098 0.398297 0.0981299 0.397902 0.0957373 0.396777 0.0936279
1 0.44448 0.137187 0.438191 0.13665 0.437059 0.135967 0.436395 0.134307 0.437762 0.132598 0.439793 0.130352 0.442449 0.127373 0.44327 0.126396 0.443582 0.124688 0.444363 0.123418 0.445613 0.123027 0.446512 0.122832 0.447332 0.122002 0.449051 0.119512 0.449949 0.118584 0.451395 0.119023 0.453777 0.119072 0.455965 0.11917 0.457098 0.119805 0.458895 0.120146 0.461004 0.120146 0.461473 0.121563 0.461043 0.12293 0.461043 0.124248 0.461238 0.12542 0.462332 0.126641 0.463191 0.127959 0.463387 0.12957 0.46323 0.132207 0.462449 0.13377 0.461277 0.13543 0.459285 0.135771 0.457645 0.137627 0.45573 0.139873 0.454715 0.140898 0.453074 0.141143 0.451082 0.140605 0.449441 0.140068 0.447293 0.138945 0.446043 0.138848
1 0.32391 0.239624 0.322828 0.23874 0.321797 0.237627 0.321328 0.237158 0.320344 0.236865 0.319172 0.236279 0.317906 0.234873 0.316828 0.233643 0.315609 0.232529 0.314484 0.230771 0.314297 0.229072 0.314625 0.227549 0.314391 0.22667 0.313969 0.225615 0.313828 0.224678 0.314391 0.224268 0.315328 0.224326 0.316266 0.22415 0.316547 0.223447 0.316406 0.22251 0.316406 0.221807 0.316031 0.221631 0.316031 0.221045 0.317016 0.21999 0.317766 0.219697 0.319172 0.21876 0.319828 0.217998 0.321094 0.217822 0.322219 0.217881 0.322875 0.218525 0.323531 0.21876 0.324141 0.218525 0.326156 0.218525 0.327609 0.218408 0.3285 0.217588 0.329203 0.216709 0.329859 0.216768 0.330328 0.217354 0.330797 0.218115 0.331969 0.218408 0.332766 0.218994 0.334172 0.220752 0.335531 0.222275 0.337359 0.224443 0.338906 0.226611 0.340406 0.228486 0.342187 0.230771 0.343922 0.232822 0.345234 0.234053 0.345656 0.235283 0.344766 0.23751 0.343734 0.238799 0.340969 0.239092 0.340687 0.240205 0.338813 0.241025 0.336 0.24085 0.334875 0.241729 0.334078 0.2429 0.332719 0.24249 0.331359 0.241963 0.330234 0.241436 0.328359 0.241143 0.327328 0.240264 0.326391 0.240791 0.325313 0.241084 0.324562 0.240674
1 0.176492 0.23793 0.173566 0.235684 0.170754 0.233081 0.170305 0.230059 0.172496 0.228437 0.174691 0.228301 0.175477 0.22647 0.17559 0.22436 0.176996 0.223164 0.179695 0.223589 0.182059 0.224219 0.183914 0.224219 0.184758 0.223657 0.187461 0.223589 0.189934 0.223379 0.191789 0.223306 0.193758 0.223516 0.194883 0.225415 0.195504 0.227524 0.19618 0.229141 0.19691 0.231816 0.197977 0.236665 0.198598 0.242012 0.198879 0.247144 0.19916 0.251362 0.200117 0.254878 0.199102 0.257832 0.196965 0.258672 0.194152 0.255723 0.19168 0.254243 0.190496 0.25354 0.188414 0.253613 0.185152 0.252134 0.182227 0.250376 0.17918 0.246924 0.177344 0.243066
1 0.251523 0.286963 0.250543 0.285449 0.249043 0.28334 0.248105 0.280996 0.247496 0.277656 0.247262 0.275137 0.248715 0.272383 0.250309 0.270449 0.25209 0.270039 0.255512 0.269746 0.257715 0.269277 0.258699 0.26916 0.259637 0.269746 0.261559 0.271152 0.26273 0.272793 0.263012 0.275254 0.264043 0.277773 0.265918 0.280176 0.267465 0.281758 0.268402 0.28293 0.26873 0.284805 0.269199 0.286152 0.270465 0.288672 0.27084 0.290137 0.270934 0.292246 0.270652 0.294473 0.269949 0.296523 0.269246 0.298047 0.267465 0.29834 0.26559 0.298691 0.263434 0.298574 0.262449 0.29875 0.261605 0.299043 0.25973 0.299043 0.25809 0.29834 0.25659 0.297227 0.255699 0.295645 0.254715 0.292539 0.254059 0.291602 0.252652 0.289316
1 0.278996 0.320068 0.278762 0.317432 0.278293 0.316084 0.278199 0.31333 0.278668 0.311748 0.279418 0.309932 0.279746 0.308232 0.279746 0.306826 0.279652 0.303955 0.278574 0.302314 0.277496 0.301143 0.277121 0.300381 0.277074 0.298857 0.277871 0.296865 0.278996 0.295928 0.280871 0.295576 0.283027 0.295752 0.285371 0.296279 0.287246 0.296807 0.289309 0.298213 0.290621 0.299854 0.292496 0.303369 0.293199 0.306006 0.293996 0.310049 0.294465 0.314678 0.293574 0.31667 0.29273 0.318252 0.292355 0.321357 0.292168 0.324932 0.291047 0.326479 0.290813 0.32897 0.290773 0.333267 0.2905 0.336636 0.289445 0.335801 0.28843 0.335947 0.287687 0.336636 0.286594 0.336489 0.284992 0.336196 0.283938 0.334189 0.283273 0.333364 0.281906 0.332241 0.280109 0.330381 0.279289 0.328726 0.279562 0.322031
1 0.36116 0.435225 0.360215 0.433618 0.360012 0.431343 0.359809 0.42957 0.35893 0.428726 0.358797 0.424336 0.35927 0.421807 0.360145 0.420796 0.360348 0.418687 0.360012 0.417422 0.36082 0.416152 0.362172 0.41624 0.364332 0.416914 0.366625 0.415815 0.366559 0.414468 0.364668 0.413369 0.363387 0.412695 0.364535 0.41168 0.36575 0.41126 0.368043 0.411006 0.369664 0.41126 0.371352 0.412021 0.373512 0.413203 0.37466 0.414634 0.375805 0.41666 0.377359 0.418433 0.37918 0.420962 0.38141 0.423662 0.382555 0.424927 0.382758 0.426196 0.38384 0.42687 0.384176 0.427969 0.384445 0.430161 0.384242 0.431934 0.382895 0.431846 0.37952 0.435981 0.377695 0.438174 0.37648 0.439692 0.37648 0.441128 0.375535 0.442646 0.373375 0.442393 0.370137 0.441636 0.368312 0.440791 0.367773 0.439102 0.365074 0.439443 0.362574 0.437163
1 0.384176 0.421978 0.380664 0.419868 0.378504 0.418262 0.375469 0.415562 0.372902 0.412441 0.371082 0.410249 0.370406 0.405439 0.37034 0.401475 0.370742 0.399702 0.369797 0.39835 0.369867 0.396665 0.371418 0.393794 0.373375 0.39084 0.374188 0.390249 0.376074 0.392446 0.379922 0.396748 0.383637 0.400967 0.386336 0.401387 0.388902 0.402485 0.389914 0.404004 0.390789 0.406787 0.39302 0.409233 0.396461 0.413115 0.399227 0.416577 0.399902 0.41936 0.400242 0.421216 0.399363 0.421978 0.398891 0.423662 0.399566 0.426362 0.399363 0.427798 0.398754 0.428896 0.396191 0.429316 0.393086 0.428726 0.390789 0.427378 0.387281 0.42459
1 0.392508 0.248613 0.390875 0.250439 0.38975 0.251914 0.387781 0.252549 0.387051 0.254375 0.388121 0.256133 0.389977 0.257119 0.39127 0.258384 0.393406 0.260703 0.394871 0.263447 0.39577 0.265625 0.397062 0.267598 0.399313 0.269282 0.40134 0.270337 0.404488 0.271392 0.406625 0.272095 0.408312 0.272168 0.410508 0.272095 0.413375 0.27083 0.415344 0.269634 0.416695 0.267949 0.417707 0.265557 0.418496 0.264219 0.419395 0.263447 0.419113 0.262393 0.418551 0.258594 0.417988 0.25543 0.417031 0.252969 0.415684 0.250508 0.413715 0.247627 0.411184 0.244814 0.409102 0.242563 0.406121 0.240103 0.402914 0.238418 0.400437 0.237852 0.397684 0.237642 0.395094 0.238066 0.392508 0.239541 0.390539 0.240596 0.390539 0.241582 0.391383 0.24207 0.39234 0.242354 0.393801 0.244321 0.394309 0.245728 0.394309 0.246289 0.393746 0.247627
1 0.498191 0.0555371 0.495895 0.0530859 0.494207 0.0508936 0.493398 0.0476025 0.492453 0.0452393 0.491172 0.0433008 0.490699 0.0414453 0.491102 0.0400098 0.492859 0.0386621 0.494613 0.0373926 0.496773 0.0370557 0.498461 0.0379004 0.500484 0.0395898 0.501496 0.0411914 0.50359 0.0441455 0.506762 0.049458 0.509059 0.0519092 0.512094 0.0553662 0.513512 0.0581494 0.513984 0.0632129 0.513852 0.0676025 0.513176 0.0690332 0.512703 0.0718213 0.512297 0.0747705 0.511422 0.076377 0.511148 0.0778955 0.510676 0.0788232 0.508652 0.0766309 0.508113 0.0762061 0.507773 0.0680225 0.506695 0.06625 0.505414 0.062876 0.503051 0.0597559 0.501633 0.0590771 0.500484 0.0578125
1 0.539953 0.196035 0.539211 0.196543 0.539008 0.200254 0.539816 0.201016 0.540156 0.201943 0.541301 0.203545 0.54191 0.205063 0.542316 0.207764 0.543191 0.209453 0.543934 0.210298 0.544879 0.210718 0.546094 0.210718 0.546637 0.209199 0.547781 0.208271 0.549402 0.20667 0.551023 0.203379 0.551766 0.201016 0.552441 0.198315 0.553184 0.196543 0.553992 0.194517 0.553992 0.192153 0.553656 0.185234 0.552102 0.182622 0.551629 0.180005 0.550348 0.177139 0.549605 0.174858 0.548996 0.171987 0.547648 0.171147 0.545352 0.170811 0.54434 0.168701 0.543395 0.169375 0.542855 0.171567 0.542719 0.174014 0.542043 0.175532 0.541168 0.177813 0.540492 0.179585 0.540289 0.190972 0.539887 0.194014
1 0.574637 0.177148 0.573543 0.175244 0.57198 0.173291 0.571082 0.172217 0.56991 0.17168 0.568504 0.17124 0.567098 0.169971 0.565926 0.168018 0.565379 0.166162 0.565652 0.164355 0.567488 0.161914 0.569129 0.159619 0.570145 0.158545 0.571199 0.15835 0.572605 0.159082 0.576277 0.161816 0.578543 0.164014 0.580809 0.165332 0.583191 0.167578 0.58452 0.169238 0.585379 0.171777 0.585965 0.174268 0.585977 0.179512 0.585898 0.192676 0.586141 0.193687 0.586547 0.195205 0.586789 0.198042 0.586707 0.201177 0.58598 0.20209 0.584684 0.201079 0.583691 0.199678 0.582715 0.195674 0.581426 0.193721 0.57873 0.190303 0.576895 0.189082 0.575723 0.185908 0.57502 0.180488
1 0.641914 0.164648 0.64082 0.167627 0.63957 0.168408 0.638711 0.166943 0.6375 0.16499 0.637539 0.160742 0.638281 0.159326 0.638984 0.15752 0.639062 0.154834 0.638125 0.153418 0.637617 0.152197 0.637344 0.144385 0.636172 0.142676 0.635977 0.141357 0.635938 0.134619 0.63582 0.132422 0.635156 0.131592 0.635156 0.130518 0.635156 0.129053 0.635977 0.128174 0.637109 0.12749 0.637734 0.12749 0.638945 0.12793 0.64043 0.129199 0.641563 0.131738 0.643047 0.133984 0.644609 0.136865 0.646758 0.140674 0.648086 0.144482 0.649687 0.147705 0.650664 0.150049 0.65082 0.153613 0.648984 0.155859 0.6475 0.157324 0.645664 0.158887 0.643398 0.1625 0.642461 0.16377
1 0.669668 0.0880615 0.668992 0.0846045 0.66852 0.0808887 0.667168 0.0776855 0.666695 0.0752344 0.66548 0.0734668 0.664605 0.0722852 0.665414 0.0715234 0.665617 0.0700879 0.666766 0.0686572 0.668723 0.0675586 0.669668 0.0684033 0.671219 0.069668 0.673445 0.0700879 0.675605 0.0705957 0.676148 0.0726221 0.676418 0.0747314 0.677496 0.0758252 0.678105 0.0798779 0.679117 0.0816504 0.679996 0.0844336 0.681008 0.0867969 0.681277 0.0926172 0.681344 0.100635 0.680668 0.101479 0.680535 0.104429 0.679926 0.107383 0.677293 0.108984 0.675742 0.109072 0.675066 0.108901 0.674797 0.106626 0.673582 0.104683 0.672367 0.101392 0.671422 0.0988623 0.670207 0.0972607 0.669668 0.0937988 0.670141 0.0905908
1 0.720391 0.111577 0.717617 0.112603 0.715117 0.11231 0.711797 0.111479 0.708711 0.110845 0.707422 0.110112 0.70625 0.110649 0.705 0.110259 0.703594 0.108257 0.703008 0.106597 0.704531 0.103813 0.707109 0.101812 0.709961 0.100347 0.713906 0.0979053 0.720625 0.0969775 0.721953 0.0957568 0.730078 0.0955615 0.731094 0.0964404 0.73457 0.0962939 0.735547 0.0955127 0.735859 0.0951221 0.736797 0.095708 0.737969 0.0966846 0.738477 0.09771 0.738281 0.0992236 0.736953 0.101616 0.734609 0.103374 0.732422 0.104546 0.729727 0.104497 0.727734 0.105962 0.725664 0.108257 0.721797 0.110454
1 0.701691 0.121846 0.700512 0.12501 0.698543 0.129019 0.697527 0.131406 0.696574 0.134009 0.694266 0.137383 0.690891 0.14125 0.690328 0.144766 0.69016 0.149761 0.690777 0.155312 0.691645 0.157734 0.693191 0.162007 0.693984 0.164062 0.694176 0.165645 0.69516 0.16646 0.696937 0.166812 0.699098 0.166108 0.701016 0.163823 0.701438 0.160073 0.702562 0.156968 0.702984 0.151987 0.702895 0.143784 0.704453 0.139214 0.704492 0.129053 0.704098 0.125293 0.703316 0.122803 0.702457 0.121626
1 0.677879 0.152646 0.677176 0.15376 0.675348 0.153994 0.673895 0.15499 0.67352 0.157744 0.673895 0.159502 0.674879 0.160498 0.675816 0.162432 0.676332 0.163955 0.677504 0.166064 0.678863 0.168584 0.679801 0.170459 0.681863 0.173389 0.684066 0.176553 0.687348 0.179424 0.689785 0.180947 0.69241 0.181943 0.697191 0.182061 0.698973 0.180713 0.699629 0.180303 0.69916 0.178604 0.698832 0.17708 0.697285 0.174854 0.694566 0.171396 0.692691 0.16876 0.690348 0.165947 0.68852 0.164482 0.685098 0.160498 0.683504 0.158623 0.681488 0.155459 0.68041 0.154287
1 0.504902 0.244448 0.502559 0.245474 0.500449 0.246499 0.498262 0.248501 0.496699 0.250649 0.496309 0.252993 0.49752 0.254604 0.500098 0.255288 0.502949 0.25519 0.504551 0.254946 0.506699 0.25436 0.507793 0.253872 0.509395 0.253726 0.511738 0.253823 0.513105 0.253872 0.513574 0.254556 0.515527 0.254702 0.517637 0.254849 0.519238 0.2548 0.520488 0.25436 0.521348 0.253091 0.522363 0.251382 0.522832 0.24938 0.523418 0.248501 0.524199 0.248013 0.524316 0.24728 0.524199 0.246401 0.523027 0.245327 0.521543 0.244253 0.519355 0.242983 0.507012 0.243228 0.506465 0.243716
1 0.517723 0.274619 0.516504 0.274912 0.515473 0.276143 0.514348 0.276963 0.512941 0.275615 0.510598 0.272686 0.510363 0.269873 0.510551 0.265947 0.510879 0.26167 0.51177 0.260088 0.513645 0.259912 0.516504 0.259619 0.517863 0.258271 0.519785 0.257393 0.522832 0.255576 0.525223 0.253818 0.527285 0.252178 0.529207 0.250068 0.530988 0.248369 0.533379 0.247021 0.534691 0.246553 0.537785 0.246846 0.538301 0.247783 0.53877 0.25001 0.539426 0.251006 0.540129 0.252178 0.540082 0.252998 0.538957 0.254463 0.536328 0.258008 0.535664 0.260596 0.535207 0.265537 0.534223 0.268291 0.532676 0.269287 0.530613 0.270342 0.52766 0.270518 0.526488 0.271807 0.524895 0.273389 0.522785 0.27415 0.519363 0.274268
1 0.555324 0.25293 0.553488 0.25498 0.551418 0.255811 0.547707 0.255469 0.546145 0.253418 0.544855 0.252686 0.545012 0.250098 0.546574 0.247021 0.547902 0.243945 0.548293 0.243018 0.548488 0.240234 0.549387 0.238623 0.54966 0.236865 0.55048 0.235791 0.55427 0.235303 0.556379 0.23457 0.563762 0.234424 0.56548 0.233691 0.569191 0.233643 0.570207 0.234326 0.571535 0.235791 0.57302 0.236084 0.574699 0.236182 0.576652 0.23833 0.578488 0.240918 0.579582 0.241016 0.580207 0.241504 0.579465 0.242139 0.57884 0.243262 0.578293 0.243848 0.57509 0.244092 0.573098 0.244922 0.569309 0.24585 0.565715 0.246338 0.561652 0.249463 0.559816 0.250049 0.556887 0.251563
1 0.535594 0.54064 0.534266 0.542349 0.532391 0.544546 0.530945 0.546401 0.529383 0.548403 0.528289 0.550063 0.528211 0.551333 0.528289 0.55231 0.529031 0.553042 0.530438 0.553481 0.531219 0.554019 0.532703 0.555239 0.535906 0.555581 0.537937 0.556021 0.540164 0.556753 0.543602 0.557192 0.545594 0.557876 0.547742 0.558267 0.550125 0.558413 0.552117 0.557778 0.553289 0.55729 0.554969 0.556899 0.555633 0.555435 0.556219 0.553237 0.558914 0.549868 0.561219 0.549429 0.562586 0.548843 0.563719 0.54772 0.563953 0.545962 0.564813 0.545425 0.564734 0.544253 0.564109 0.543228 0.562859 0.541812 0.561023 0.541567 0.558758 0.541177 0.55575 0.540786 0.55325 0.54064 0.551336 0.539565 0.548562 0.538687 0.545672 0.537661 0.543914 0.537124 0.541883 0.53688 0.540195 0.537354 0.538406 0.538394
1 0.672203 0.461416 0.672398 0.46249 0.672984 0.463662 0.673922 0.464883 0.675328 0.466787 0.676187 0.468154 0.676656 0.469229 0.678336 0.47167 0.679312 0.473623 0.681148 0.475723 0.683414 0.476211 0.685953 0.476357 0.687477 0.475186 0.69025 0.474502 0.693844 0.474258 0.697281 0.473623 0.701773 0.473477 0.703453 0.472646 0.706031 0.472305 0.707828 0.470791 0.709078 0.468057 0.709352 0.463857 0.709469 0.463271 0.710094 0.464102 0.710953 0.464102 0.71232 0.461514 0.712281 0.460977 0.711734 0.460488 0.71107 0.459463 0.710133 0.458242 0.709117 0.457656 0.708102 0.457852 0.707555 0.458486 0.70607 0.458975 0.704977 0.459365 0.702555 0.459756 0.696812 0.459756 0.692945 0.459609 0.691539 0.459121 0.689742 0.458633 0.687437 0.45834 0.685445 0.457168 0.683492 0.456143 0.682359 0.455654 0.68068 0.456143 0.67943 0.45668 0.678414 0.457412 0.677242 0.458486 0.675797 0.459072 0.67357 0.459463 0.672828 0.459805
1 0.787125 0.216777 0.781305 0.216924 0.776617 0.217607 0.773883 0.21917 0.77193 0.222002 0.771891 0.224541 0.772516 0.225713 0.773297 0.226738 0.773062 0.227861 0.773141 0.228887 0.773492 0.229473 0.778297 0.229668 0.784547 0.230352 0.789273 0.230205 0.792164 0.228643 0.795289 0.226494 0.797555 0.223076 0.798414 0.221025 0.798609 0.219463 0.79982 0.217852 0.800758 0.216533 0.802437 0.215703 0.802945 0.214775 0.803492 0.214531 0.803727 0.212969 0.802828 0.212139 0.800758 0.211992 0.799625 0.212773 0.797945 0.213213 0.795523 0.214336 0.792945 0.215801
1 0.862238 0.187637 0.857457 0.187461 0.854316 0.188281 0.852441 0.189453 0.848035 0.18998 0.84616 0.18834 0.845504 0.183594 0.845457 0.179785 0.845691 0.17832 0.848176 0.176094 0.852066 0.173926 0.856754 0.171934 0.859473 0.171875 0.86327 0.172109 0.866691 0.173574 0.870488 0.175332 0.873348 0.178262 0.874566 0.180723 0.875879 0.183125 0.877988 0.185059 0.879395 0.186055 0.879582 0.188574 0.878645 0.191797 0.877004 0.193906 0.874801 0.193086 0.870957 0.191797 0.867301 0.189863 0.865285 0.18834
1 0.874328 0.131318 0.871187 0.1329 0.869406 0.133604 0.866406 0.134365 0.863969 0.134834 0.8605 0.135479 0.855484 0.136709 0.850375 0.136943 0.849719 0.138057 0.850187 0.139756 0.850328 0.14251 0.850656 0.145205 0.850891 0.145498 0.852203 0.145029 0.854313 0.145205 0.856703 0.145439 0.860266 0.145732 0.8635 0.146904 0.865422 0.147139 0.868938 0.146318 0.872266 0.144912 0.873437 0.144619 0.874797 0.145674 0.876953 0.145439 0.878688 0.144854 0.879953 0.143271 0.881641 0.140635 0.883141 0.138877 0.885578 0.137295 0.887219 0.136826 0.888344 0.134014 0.888297 0.132021 0.887594 0.13126 0.885719 0.129326 0.884125 0.128682 0.878734 0.128916
1 0.879996 0.119473 0.877934 0.121172 0.876293 0.122344 0.874652 0.123281 0.874277 0.124453 0.871605 0.125742 0.871137 0.126738 0.868887 0.127266 0.866684 0.128555 0.863168 0.129551 0.861012 0.13002 0.858996 0.129609 0.857496 0.128555 0.857168 0.127617 0.858246 0.125508 0.860215 0.122637 0.863168 0.11918 0.865793 0.115312 0.868324 0.111562 0.871324 0.107754 0.873527 0.105352 0.87634 0.103535 0.878168 0.102598 0.880512 0.102305 0.883371 0.102891 0.888527 0.103066 0.88998 0.104824 0.889934 0.106758 0.889887 0.108516 0.890684 0.109336 0.890684 0.110215 0.890355 0.111562 0.887871 0.11373 0.885762 0.115312 0.885059 0.11707 0.882434 0.118418
1 0.83025 0.179912 0.828375 0.183955 0.828 0.187119 0.826922 0.191338 0.825234 0.196025 0.825094 0.201475 0.824988 0.205674 0.824871 0.209722 0.825383 0.211772 0.825652 0.213921 0.826121 0.215679 0.826746 0.218857 0.829285 0.220073 0.830965 0.219341 0.832137 0.217778 0.833 0.214507 0.833117 0.212212 0.83366 0.21168 0.834289 0.208989 0.834363 0.204595 0.834676 0.200547 0.83441 0.191118 0.834293 0.18877 0.833238 0.187061 0.832801 0.181943 0.832758 0.179844 0.831668 0.1796
1 0.504648 0.4271 0.505301 0.428706 0.505852 0.430088 0.50602 0.43188 0.506184 0.433672 0.506516 0.435464 0.506734 0.440767 0.50657 0.441182 0.506461 0.442905 0.506293 0.446489 0.506957 0.448213 0.507617 0.450557 0.508609 0.452002 0.509051 0.453589 0.509988 0.454966 0.511145 0.456274 0.51291 0.457104 0.514289 0.456758 0.516164 0.456484 0.517047 0.455654 0.51732 0.454277 0.517211 0.449868 0.518426 0.448003 0.519141 0.446489 0.519527 0.443594 0.519691 0.43939 0.519637 0.433394 0.519141 0.43188 0.517871 0.429741 0.51666 0.427744 0.514949 0.425054 0.513684 0.42354 0.512359 0.421816 0.511199 0.419888 0.510375 0.419473 0.509602 0.419746 0.508996 0.419956 0.507836 0.420093 0.506734 0.420093 0.506293 0.418921 0.50602 0.418438 0.505469 0.418853 0.504641 0.420508 0.504473 0.422852 0.504473 0.42478
1 0.490395 0.465933 0.490207 0.468862 0.489316 0.470327 0.48791 0.472612 0.486223 0.474722 0.484441 0.474956 0.483176 0.475835 0.480832 0.473198 0.478906 0.471289 0.477148 0.46875 0.476484 0.466602 0.475629 0.464058 0.474414 0.461475 0.473555 0.458447 0.47293 0.453809 0.47293 0.450488 0.473047 0.448096 0.473426 0.4473 0.474082 0.446538 0.47516 0.446538 0.475863 0.446714 0.476848 0.448062 0.478281 0.449756 0.479426 0.451226 0.480879 0.45187 0.48327 0.452046 0.48491 0.452163 0.485332 0.452983 0.487863 0.453276 0.489129 0.453921 0.490957 0.454448 0.49241 0.455854 0.493676 0.457144 0.494238 0.458198 0.494613 0.46019 0.494613 0.464409 0.493957 0.465171 0.493676 0.467397 0.492879 0.467632 0.49241 0.46646 0.492363 0.465522 0.49166 0.464761 0.491238 0.465464
1 0.505039 0.485742 0.504219 0.485205 0.502969 0.484082 0.502305 0.482422 0.501836 0.481543 0.500938 0.480029 0.500664 0.479004 0.499883 0.477979 0.499492 0.477588 0.499141 0.476611 0.499062 0.475684 0.50043 0.473926 0.501875 0.47334 0.502461 0.472363 0.503437 0.471191 0.506914 0.470801 0.509883 0.470508 0.51082 0.469824 0.511758 0.469434 0.513945 0.469531 0.521719 0.469434 0.523945 0.470264 0.525352 0.471289 0.52625 0.472363 0.527773 0.47417 0.529648 0.476611 0.531562 0.477637 0.533086 0.479004 0.534609 0.480811 0.535117 0.481689 0.534531 0.482275 0.534023 0.483594 0.53375 0.485596 0.533125 0.486377 0.532383 0.4875 0.53168 0.488135 0.531484 0.489551 0.531172 0.49126 0.530391 0.492041 0.528398 0.492139 0.526094 0.491406 0.524258 0.490918 0.523281 0.48999 0.519766 0.489795 0.517734 0.490039 0.51293 0.490088 0.511172 0.490088 0.510234 0.488574 0.509023 0.487744 0.506992 0.487109
1 0.59959 0.399829 0.598418 0.398706 0.596543 0.398169 0.594941 0.397778 0.594707 0.395728 0.594437 0.394458 0.59416 0.393286 0.594004 0.39231 0.594551 0.390942 0.595527 0.388647 0.59709 0.387036 0.598262 0.386646 0.599516 0.38689 0.60123 0.387476 0.602836 0.387183 0.603926 0.386206 0.605645 0.384839 0.606895 0.382788 0.608066 0.382056 0.609746 0.381909 0.611738 0.383228 0.612559 0.384302 0.613926 0.385767 0.615531 0.387915 0.616426 0.389722 0.61666 0.393774 0.616621 0.396558 0.615996 0.396948 0.615531 0.399146 0.613691 0.401147 0.611582 0.402759 0.609629 0.403394 0.60416 0.403735 0.602988 0.402905 0.601273 0.401685
1 0.605609 0.42751 0.596703 0.427656 0.595961 0.426631 0.58807 0.42624 0.587055 0.425557 0.586273 0.423994 0.585883 0.423506 0.585883 0.422969 0.586742 0.422871 0.587836 0.421895 0.58893 0.420918 0.590492 0.420039 0.591664 0.418672 0.592406 0.416914 0.593773 0.41418 0.595648 0.411982 0.598031 0.411787 0.599164 0.411006 0.601938 0.409199 0.603891 0.408369 0.605883 0.408564 0.60725 0.408809 0.614867 0.408809 0.616469 0.407588 0.618148 0.407197 0.619984 0.407441 0.622484 0.408857 0.623891 0.410273 0.624398 0.412324 0.624789 0.415791 0.624008 0.418623 0.623617 0.420625 0.621273 0.423311 0.619789 0.424678 0.61932 0.426484 0.617602 0.4279 0.615883 0.429561 0.613617 0.431172 0.612094 0.431367 0.609008 0.429805 0.608148 0.428975
1 0.711562 0.392856 0.711113 0.395811 0.709199 0.398062 0.708187 0.400381 0.707793 0.403335 0.707906 0.410083 0.708918 0.412896 0.710215 0.414795 0.709988 0.418452 0.709707 0.421406 0.708246 0.424429 0.707402 0.42457 0.7065 0.424146 0.706332 0.423584 0.704812 0.422881 0.704137 0.422671 0.703406 0.421758 0.702676 0.421685 0.701496 0.421758 0.700875 0.422529 0.699918 0.422461 0.699074 0.421406 0.69902 0.418594 0.698793 0.412334 0.698121 0.406357 0.697559 0.402349 0.696656 0.398062 0.696152 0.395742 0.69609 0.393525 0.696988 0.39084 0.697805 0.388398 0.700387 0.38459 0.70343 0.382002 0.706598 0.380928 0.707883 0.379883 0.708777 0.378818 0.70952 0.378228 0.710969 0.378569 0.711945 0.379155 0.712766 0.380664 0.712531 0.388237 0.711867 0.391123
1 0.905156 0.556006 0.904492 0.554883 0.903125 0.55459 0.900859 0.552832 0.898633 0.551172 0.895664 0.549463 0.893164 0.547021 0.890859 0.545312 0.887266 0.543652 0.883047 0.543848 0.879258 0.545459 0.876523 0.547705 0.873594 0.549023 0.87125 0.551074 0.867852 0.555518 0.867148 0.558545 0.867344 0.561914 0.868047 0.563428 0.869414 0.566309 0.870781 0.568066 0.873516 0.568555 0.875977 0.568408 0.878086 0.567187 0.880859 0.566357 0.888711 0.566113 0.891445 0.566016 0.894922 0.565283 0.896055 0.563818 0.898242 0.562842 0.899805 0.561182 0.901602 0.560254 0.903086 0.559375 0.904727 0.558008 0.90543 0.557031
1 0.785508 0.537646 0.78848 0.539907 0.789773 0.541455 0.790449 0.543423 0.79118 0.545815 0.793879 0.548345 0.795906 0.549824 0.796523 0.550947 0.797199 0.552563 0.798156 0.552915 0.798941 0.552144 0.800066 0.549683 0.800574 0.548276 0.801137 0.545532 0.800406 0.540962 0.800012 0.535972 0.799844 0.533228 0.798887 0.530698 0.797367 0.528237 0.794555 0.524863 0.793148 0.521558 0.79191 0.518887 0.790504 0.516846 0.790055 0.51333 0.788469 0.510806 0.786824 0.50917 0.784715 0.508818 0.784062 0.510693 0.782746 0.512686 0.781297 0.5152 0.780875 0.516846 0.779563 0.518779 0.77909 0.520244 0.779059 0.526211 0.779648 0.527041 0.780156 0.528999 0.780352 0.531147 0.781512 0.533018 0.782484 0.53458 0.783969 0.535894
1 0.399156 0.502344 0.397789 0.50083 0.39693 0.499463 0.396539 0.498193 0.397125 0.495854 0.398453 0.49458 0.400016 0.495122 0.401305 0.495801 0.403336 0.496436 0.405328 0.496973 0.405875 0.4979 0.407008 0.499028 0.408453 0.500493 0.409547 0.5021 0.410914 0.502539 0.412477 0.50332 0.414313 0.504492 0.416344 0.506201 0.418922 0.50752 0.421305 0.50918 0.42318 0.511235 0.424469 0.512842 0.425836 0.51377 0.42775 0.514551 0.42857 0.515234 0.42943 0.516748 0.429605 0.519312 0.428512 0.519507 0.428004 0.521997 0.427418 0.524146 0.427418 0.526001 0.425973 0.527075 0.423043 0.526245 0.419801 0.525269 0.41648 0.523315 0.413395 0.520532 0.411754 0.519507 0.409879 0.517798 0.408395 0.517212 0.40652 0.515161 0.404801 0.513013 0.403316 0.510815 0.401637 0.50813 0.400582 0.506177 0.400035 0.505444
1 0.450117 0.472856 0.448906 0.470513 0.44832 0.468315 0.447109 0.467534 0.445937 0.466851 0.446016 0.466118 0.446797 0.46519 0.448359 0.4648 0.450664 0.464702 0.453047 0.465093 0.454648 0.467046 0.456211 0.468994 0.457695 0.47168 0.458633 0.473833 0.460664 0.476274 0.461484 0.478862 0.461992 0.480083 0.462539 0.48145 0.463711 0.48228 0.465352 0.482622 0.465938 0.48311 0.465742 0.484478 0.465121 0.485376 0.465395 0.488013 0.465316 0.489526 0.463246 0.490015 0.46141 0.489917 0.458754 0.488647 0.456098 0.485962 0.454145 0.482886 0.452621 0.479956 0.451215 0.475024
1 0.914766 0.18042 0.911328 0.181055 0.908102 0.181328 0.904586 0.182266 0.901773 0.18209 0.900648 0.180391 0.901539 0.178105 0.903086 0.177168 0.904492 0.17623 0.907117 0.173945 0.908805 0.172305 0.909883 0.170547 0.911992 0.169199 0.913867 0.167852 0.915742 0.167207 0.918133 0.167559 0.92118 0.170371 0.922633 0.172773 0.923477 0.175117 0.924648 0.177227 0.925492 0.179043 0.925961 0.180742 0.925914 0.181855 0.925352 0.182559 0.922586 0.181973 0.921227 0.180977 0.920008 0.180215 0.917523 0.179512
1 0.948934 0.374634 0.947668 0.373462 0.946074 0.372349 0.943637 0.372349 0.940402 0.372993 0.935715 0.373462 0.932012 0.373462 0.928637 0.372642 0.925918 0.371528 0.922824 0.371177 0.918652 0.371528 0.916074 0.372642 0.912512 0.374634 0.909512 0.377388 0.90698 0.380024 0.906277 0.38231 0.906512 0.38395 0.907402 0.385474 0.90848 0.386763 0.910402 0.388931 0.911902 0.389517 0.913449 0.389048 0.915418 0.387583 0.91823 0.385884 0.919402 0.385298 0.920996 0.385239 0.922637 0.38606 0.925215 0.386704 0.928637 0.387642 0.933887 0.387817 0.936605 0.387524 0.938855 0.385767 0.940824 0.383481 0.94298 0.380728 0.944434 0.378735 0.94584 0.377329 0.947762 0.376919 0.948934 0.376392 0.949355 0.375513
1 0.909395 0.339287 0.906504 0.33665 0.904082 0.335186 0.901152 0.333623 0.896895 0.331182 0.895566 0.329961 0.894746 0.326543 0.895566 0.322295 0.896152 0.320098 0.898066 0.319561 0.89959 0.319316 0.901816 0.320977 0.905684 0.322539 0.908652 0.323271 0.911582 0.324199 0.914121 0.325127 0.916734 0.326152 0.921074 0.326348 0.922984 0.328057 0.924785 0.330352 0.9265 0.331523 0.927598 0.332402 0.928691 0.332402 0.928926 0.334258 0.928184 0.336211 0.927363 0.337627 0.927168 0.339775 0.925176 0.341191 0.922285 0.342754 0.919746 0.343389 0.916426 0.343389 0.912168 0.340947
1 0.913371 0.293774 0.91191 0.295962 0.910066 0.298394 0.90948 0.299849 0.909383 0.302891 0.909297 0.305684 0.908414 0.306045 0.906855 0.306167 0.903941 0.304346 0.902676 0.303008 0.902785 0.299971 0.902191 0.297783 0.900539 0.295962 0.901219 0.293535 0.902676 0.290859 0.903941 0.287822 0.905109 0.28418 0.906371 0.28041 0.908121 0.275552 0.909094 0.270205 0.910355 0.266558 0.91191 0.263643 0.913469 0.261094 0.916578 0.26 0.919602 0.259756 0.92202 0.260483 0.923383 0.262188 0.923867 0.265225 0.923098 0.267651 0.92202 0.2696 0.92173 0.271665 0.921535 0.275186 0.921641 0.278833 0.920953 0.281748 0.919008 0.284663 0.918727 0.287456 0.91784 0.289644 0.915711 0.292925
1 0.889477 0.0770947 0.887953 0.0779736 0.886352 0.0795361 0.884672 0.0801709 0.883617 0.0793896 0.883109 0.0776807 0.883188 0.0762158 0.883461 0.074165 0.885727 0.0713818 0.888734 0.0690381 0.890883 0.0674756 0.893852 0.0664502 0.89807 0.0659619 0.901625 0.06396 0.90557 0.0617139 0.909488 0.0594531 0.911398 0.0583984 0.914773 0.0579785 0.91652 0.0579785 0.916687 0.0598047 0.915395 0.0631787 0.913199 0.0652881 0.91202 0.0682422 0.9105 0.0709131 0.908137 0.0737988 0.906113 0.0751318 0.902457 0.0761182 0.897563 0.0761182 0.894187 0.0761182 0.892668 0.0768896
1 0.388289 0.336118 0.38659 0.334497 0.38432 0.333081 0.382699 0.332778 0.381324 0.330752 0.380188 0.330552 0.379785 0.33207 0.380434 0.33521 0.381082 0.338652 0.381082 0.341182 0.381242 0.344624 0.381402 0.349687 0.380836 0.352725 0.379785 0.355054 0.379461 0.359507 0.379703 0.365176 0.380918 0.367202 0.382133 0.369429 0.38343 0.371152 0.385293 0.372974 0.386266 0.373481 0.387965 0.372974 0.389992 0.370137 0.391934 0.36771 0.393555 0.365381 0.395176 0.363965 0.396469 0.362139 0.396633 0.360117 0.398777 0.357222 0.399402 0.354727 0.399598 0.350283 0.399984 0.347944 0.399984 0.344038 0.399719 0.340835 0.398641 0.338901 0.398121 0.337437 0.397371 0.336504 0.397371 0.33522 0.397516 0.333286 0.396715 0.332109 0.395773 0.33123 0.395027 0.330347 0.394234 0.330937 0.393199 0.331694 0.392031 0.332988 0.390906 0.333921 0.389918 0.334805 0.389496 0.335562
1 0.477625 0.198179 0.477859 0.192495 0.478469 0.188979 0.4795 0.186753 0.479734 0.184351 0.480906 0.182358 0.482078 0.17978 0.483812 0.176968 0.485453 0.173569 0.487141 0.171401 0.48925 0.168647 0.491219 0.166538 0.492906 0.166714 0.494406 0.167769 0.496422 0.170229 0.496938 0.171812 0.496844 0.173218 0.495484 0.175503 0.494031 0.179487 0.492719 0.182651 0.492812 0.185107 0.492016 0.189331 0.491453 0.192495 0.490609 0.193667 0.490191 0.196279 0.489254 0.199453 0.489059 0.203262 0.488785 0.207466 0.488434 0.211367 0.487496 0.213418 0.486949 0.215815 0.485738 0.217666 0.484758 0.21791 0.483434 0.216987 0.48316 0.215322 0.482766 0.213369 0.481559 0.212593 0.481285 0.210879 0.480504 0.210342 0.478824 0.202285
1 0.588285 0.0709082 0.584727 0.0735937 0.582578 0.0754492 0.580937 0.0762793 0.577422 0.0762354 0.574258 0.0748145 0.569414 0.0730615 0.565043 0.0700781 0.562113 0.066416 0.560625 0.0649512 0.558402 0.0642188 0.556406 0.0628076 0.555352 0.0608545 0.555117 0.0576807 0.555742 0.0561621 0.558555 0.0531396 0.559805 0.0521631 0.565898 0.0520117 0.569102 0.0535742 0.57293 0.05646 0.575469 0.0592432 0.578555 0.0608984 0.58207 0.0626074 0.585586 0.0647607 0.58848 0.0674463 0.589848 0.0691016 0.589652 0.0706201
1 0.873008 0.0227539 0.872109 0.0199707 0.870355 0.0167822 0.868445 0.0143213 0.867656 0.012002 0.867656 0.00918945 0.868332 0.0079248 0.870582 0.00672852 0.871539 0.00574707 0.872551 0.00504395 0.874012 0.00546387 0.875758 0.00687012 0.878738 0.0103174 0.881383 0.013833 0.884645 0.0184033 0.887852 0.0245166 0.888977 0.0309863 0.890324 0.0350635 0.890895 0.0375 0.891687 0.0387305 0.892531 0.0392578 0.893656 0.0410156 0.893566 0.0428906 0.892531 0.0446484 0.890281 0.0451221 0.887984 0.0440039 0.885359 0.0421875 0.882359 0.0384961 0.879645 0.0328711 0.877676 0.0287744 0.874883 0.0241699
1 0.618719 0.314209 0.614422 0.314497 0.613359 0.316113 0.609773 0.316406 0.608203 0.317041 0.607695 0.317969 0.605359 0.318159 0.604227 0.319189 0.602664 0.320112 0.599187 0.320264 0.596023 0.316602 0.593047 0.311182 0.592703 0.306396 0.590164 0.301558 0.590359 0.300391 0.591805 0.298779 0.594031 0.297705 0.595203 0.296582 0.598602 0.296729 0.5995 0.297803 0.61075 0.297803 0.612039 0.296826 0.61657 0.296631 0.617703 0.297803 0.619734 0.300537 0.621883 0.302734 0.623211 0.304199 0.623641 0.30542 0.624109 0.308691 0.624188 0.311279 0.623758 0.312056 0.620906 0.312598
1 0.592504 0.370918 0.591211 0.370781 0.590199 0.370146 0.588961 0.369937 0.586773 0.367554 0.584781 0.364966 0.582789 0.362524 0.58068 0.359741 0.578137 0.35666 0.576187 0.354121 0.575168 0.352886 0.574977 0.350591 0.574117 0.349468 0.573254 0.348638 0.572984 0.346099 0.572695 0.345215 0.572828 0.344048 0.573648 0.343613 0.575207 0.342881 0.57673 0.342881 0.577633 0.34376 0.580246 0.343799 0.581031 0.34459 0.584586 0.344727 0.585289 0.345317 0.586812 0.346733 0.588375 0.348154 0.58982 0.349614 0.591379 0.350933 0.592746 0.352451 0.594078 0.354058 0.596031 0.356499 0.597281 0.358501 0.597832 0.360703 0.59916 0.362461 0.59998 0.363638 0.600684 0.36564 0.601703 0.367002 0.603187 0.36876 0.604043 0.370864 0.603812 0.374912 0.602285 0.375161 0.601426 0.375742 0.598305 0.375791 0.59682 0.375063 0.594828 0.373599
1 0.541176 0.341445 0.539207 0.341514 0.538363 0.340811 0.537578 0.340811 0.536227 0.34292 0.536113 0.349463 0.537352 0.350444 0.537801 0.351357 0.538758 0.351641 0.539488 0.352764 0.540727 0.353818 0.542301 0.355088 0.543988 0.356279 0.546125 0.357827 0.547195 0.35853 0.549219 0.35874 0.550176 0.359375 0.552539 0.360078 0.553609 0.361484 0.554676 0.362539 0.555859 0.363101 0.556813 0.364155 0.557937 0.365068 0.559176 0.366123 0.563957 0.365986 0.564969 0.36521 0.565813 0.364932 0.566488 0.363242 0.566883 0.362539 0.568344 0.362397 0.569187 0.361133 0.569078 0.359585 0.567953 0.357266 0.56632 0.354805 0.563453 0.350586 0.561484 0.347422 0.559625 0.344678 0.558219 0.342432 0.556813 0.340811 0.55552 0.340039 0.553891 0.339053 0.551922 0.338564 0.549219 0.338281 0.545957 0.338701 0.54382 0.339687 0.542133 0.340249
1 0.517734 0.375195 0.517813 0.380469 0.518203 0.384082 0.518789 0.386719 0.519336 0.387256 0.520156 0.38916 0.520586 0.390625 0.521641 0.39209 0.522695 0.393896 0.523828 0.395752 0.524297 0.39707 0.525664 0.397314 0.526758 0.396826 0.527734 0.396094 0.528203 0.395508 0.528945 0.395264 0.530469 0.395947 0.531641 0.39707 0.532461 0.397656 0.533047 0.398291 0.533203 0.399463 0.533008 0.400488 0.533555 0.401318 0.534336 0.400732 0.535117 0.400244 0.535195 0.399219 0.534805 0.398242 0.534727 0.396582 0.534922 0.394482 0.537305 0.39375 0.538516 0.393311 0.539062 0.392139 0.539219 0.388135 0.539023 0.384131 0.538047 0.381543 0.537578 0.378809 0.537266 0.376416 0.536523 0.369873 0.535781 0.368555 0.535039 0.362793 0.533164 0.361035 0.531406 0.359277 0.529258 0.357861 0.527383 0.357275 0.524844 0.357373 0.523008 0.35874 0.520703 0.360059 0.520312 0.36167 0.519531 0.364844 0.518203 0.367285
1 0.545273 0.425342 0.544844 0.422754 0.544531 0.418457 0.545039 0.415234 0.545859 0.413818 0.547227 0.411768 0.548203 0.409668 0.549805 0.407471 0.550508 0.404932 0.55168 0.402441 0.553398 0.400293 0.554805 0.398047 0.555781 0.39668 0.556758 0.396094 0.558086 0.396094 0.558828 0.39668 0.559766 0.39751 0.560742 0.398682 0.561055 0.399463 0.561992 0.399707 0.5625 0.400537 0.562734 0.40249 0.562695 0.404248 0.562148 0.405127 0.561875 0.408691 0.561797 0.41123 0.561172 0.412744 0.560508 0.415039 0.559258 0.418213 0.557734 0.420312 0.555937 0.422607 0.554258 0.424854 0.552617 0.426904 0.551406 0.428271 0.549648 0.43042 0.548398 0.431836 0.547617 0.43335 0.547031 0.433545 0.546445 0.433008 0.54543 0.431445 0.545156 0.42793 0.545352 0.427441
1 0.479883 0.348467 0.478125 0.349346 0.476211 0.351104 0.475117 0.352861 0.474961 0.355352 0.474375 0.357158 0.473984 0.358672 0.473398 0.360137 0.473047 0.361309 0.472461 0.362773 0.471797 0.364141 0.471289 0.366484 0.470898 0.367754 0.470156 0.368389 0.46918 0.369951 0.468359 0.370977 0.468398 0.371953 0.468711 0.372686 0.469688 0.37293 0.47082 0.372686 0.471406 0.372051 0.472656 0.371367 0.474219 0.370635 0.476094 0.369707 0.478164 0.369219 0.480078 0.368975 0.481016 0.367705 0.481875 0.366777 0.48375 0.366094 0.484531 0.365557 0.486641 0.365068 0.488047 0.363115 0.489258 0.361699 0.490586 0.35999 0.491953 0.358135 0.492344 0.355449 0.492148 0.353252 0.491531 0.350117 0.491453 0.339229 0.490855 0.335239 0.490309 0.333823 0.488238 0.331382 0.48777 0.331235 0.48734 0.331577 0.486285 0.33314 0.48441 0.334995 0.482887 0.336948 0.482418 0.342368 0.480699 0.343638
1 0.474688 0.334863 0.472738 0.335493 0.469652 0.335884 0.468637 0.336763 0.462309 0.336909 0.461059 0.336421 0.456605 0.335884 0.450082 0.33564 0.445629 0.335688 0.445121 0.334419 0.444887 0.332563 0.44352 0.331636 0.443129 0.330073 0.443832 0.327485 0.443832 0.324995 0.445512 0.324165 0.446879 0.323091 0.449496 0.3227 0.450902 0.321724 0.453012 0.320747 0.455551 0.320161 0.458285 0.319819 0.459379 0.318306 0.461684 0.317476 0.465355 0.317329 0.467348 0.316987 0.468871 0.317134 0.47227 0.31811 0.47434 0.319282 0.475512 0.320747 0.476176 0.32187 0.47809 0.322114 0.479105 0.323579 0.479687 0.324756 0.47977 0.32856 0.478988 0.329878 0.477855 0.331099
1 0.431855 0.403267 0.428418 0.403413 0.426973 0.404731 0.426113 0.40395 0.425879 0.402339 0.425723 0.400532 0.425098 0.399897 0.424824 0.398433 0.425176 0.395942 0.425879 0.394136 0.427051 0.392476 0.428535 0.39062 0.430957 0.388667 0.433418 0.387544 0.438613 0.38647 0.439277 0.38564 0.450527 0.385347 0.454668 0.385493 0.45623 0.386909 0.458496 0.389839 0.458496 0.392427 0.456738 0.39355 0.455996 0.394673 0.455488 0.395747 0.455449 0.396626 0.457168 0.397114 0.457949 0.397114 0.457793 0.398384 0.456973 0.400776 0.456934 0.401948 0.45541 0.402729 0.453809 0.403804 0.450996 0.40522 0.449004 0.406001 0.446895 0.407075 0.438887 0.407173 0.43709 0.406343 0.434395 0.406099 0.433105 0.40478
1 0.692953 0.304146 0.691469 0.303472 0.689578 0.301528 0.688027 0.298999 0.687352 0.294526 0.686004 0.292417 0.685531 0.290225 0.685531 0.286343 0.68607 0.282544 0.687285 0.281704 0.689445 0.277988 0.691738 0.274785 0.69552 0.270313 0.698086 0.268286 0.700176 0.268203 0.70416 0.269297 0.706254 0.269468 0.708883 0.270732 0.710168 0.271997 0.710234 0.274106 0.708344 0.275039 0.706926 0.27605 0.705238 0.277651 0.703957 0.279678 0.703281 0.281704 0.702809 0.283896 0.702809 0.288032 0.700582 0.289971 0.699703 0.294526 0.698488 0.294951 0.698152 0.298828 0.698152 0.301528 0.697816 0.302373 0.696871 0.302798 0.696734 0.303809 0.694641 0.304653
1 0.374887 0.081958 0.373051 0.0820557 0.370746 0.0821533 0.369457 0.081958 0.368754 0.0787354 0.367426 0.0780518 0.36727 0.0769287 0.367895 0.0756104 0.369457 0.074292 0.371527 0.0729248 0.373324 0.0709717 0.375043 0.0699463 0.377035 0.0690186 0.378559 0.0682861 0.381059 0.0674561 0.383988 0.0672119 0.387152 0.0681396 0.38977 0.068042 0.391254 0.069165 0.392309 0.0706787 0.394844 0.0722656 0.39766 0.0730225 0.398637 0.0731201 0.399457 0.0736084 0.400082 0.0748291 0.399887 0.0764893 0.397465 0.079126 0.395395 0.0806396 0.393949 0.0815674 0.389145 0.0823486 0.378598 0.0822998
1 0.442234 0.0595557 0.439645 0.0608203 0.436496 0.0635645 0.433684 0.0675732 0.431996 0.0718604 0.430703 0.0735498 0.429633 0.0755176 0.42952 0.0795264 0.429578 0.086416 0.429578 0.08979 0.430027 0.092041 0.430984 0.0949219 0.432613 0.0970312 0.434414 0.0970312 0.43582 0.0960498 0.438184 0.0943604 0.439926 0.0934473 0.441109 0.0907031 0.442289 0.0878223 0.442516 0.0840234 0.443133 0.0795264 0.443695 0.0767139 0.444145 0.0738281 0.445496 0.0721436 0.44752 0.0703857 0.448703 0.0675732 0.448984 0.0658838 0.448309 0.0646875 0.446395 0.0626514 0.443641 0.0606104
1 0.467746 0.0587109 0.467074 0.0596973 0.465105 0.0614551 0.463641 0.0635645 0.46291 0.0643359 0.461449 0.0636328 0.459984 0.0625098 0.459535 0.060542 0.45841 0.0582178 0.458918 0.055127 0.459309 0.0532959 0.458918 0.0513281 0.458859 0.0454248 0.459762 0.0432422 0.461953 0.0408545 0.464652 0.0369873 0.466453 0.0341016 0.469324 0.0316406 0.471293 0.0290381 0.474047 0.0263672 0.476637 0.0246826 0.478891 0.0242041 0.482125 0.0239648 0.483953 0.0254883 0.485359 0.0286523 0.485922 0.0310596 0.486152 0.0339258 0.486812 0.0352686 0.486812 0.0392578 0.48625 0.0409033 0.48559 0.0436523 0.484746 0.0450586 0.483297 0.0451221 0.482172 0.047168 0.480387 0.049043 0.478891 0.0509131 0.477391 0.0526172 0.476555 0.0545752 0.475031 0.0547168 0.473121 0.0557959 0.471168 0.0570166 0.469762 0.0578467
1 0.300207 0.170898 0.298586 0.173516 0.297234 0.17647 0.295887 0.179844 0.294805 0.183809 0.294738 0.185918 0.295074 0.188364 0.29602 0.190137 0.296762 0.192246 0.297371 0.1952 0.298113 0.197734 0.298789 0.201274 0.29825 0.20313 0.298723 0.206509 0.298922 0.208872 0.299734 0.210391 0.299734 0.214438 0.300207 0.21731 0.300813 0.218379 0.302223 0.218657 0.303406 0.219502 0.304754 0.220835 0.30543 0.220132 0.306496 0.218799 0.308238 0.216338 0.308914 0.21395 0.309082 0.212471 0.310324 0.210361 0.311781 0.2079 0.312402 0.206357 0.312855 0.203325 0.312855 0.199814 0.311781 0.19623 0.310715 0.1925 0.30973 0.191558 0.309535 0.189751 0.309258 0.187793 0.308359 0.186182 0.307543 0.18355 0.305977 0.180327 0.304297 0.176665 0.30309 0.174614 0.301645 0.172124
1 0.0866484 0.129521 0.0848203 0.131631 0.0829922 0.134502 0.0826953 0.136182 0.0823047 0.138086 0.0817187 0.140576 0.0806484 0.143643 0.0790547 0.145635 0.0774141 0.147803 0.0756797 0.149561 0.0743203 0.151553 0.0712734 0.153076 0.0686016 0.153369 0.0670547 0.153545 0.0663984 0.152725 0.0671016 0.150146 0.0679453 0.149678 0.0699141 0.148037 0.0710859 0.145752 0.0715547 0.143291 0.0724922 0.141357 0.0729609 0.139893 0.0735234 0.136201 0.0743203 0.13333 0.0757266 0.130049 0.0773203 0.126826 0.0794766 0.124365 0.0822422 0.121377 0.0852891 0.119502 0.0871172 0.119092 0.0890391 0.119268 0.0910078 0.120146 0.0923203 0.121553 0.0926016 0.123369 0.0921328 0.124775 0.0900234 0.127178 0.0883828 0.128174
1 0.25082 0.434814 0.25225 0.435254 0.253656 0.436719 0.254781 0.437891 0.256375 0.439531 0.257641 0.441289 0.258719 0.44334 0.259984 0.445684 0.261578 0.448437 0.263406 0.450723 0.264813 0.451836 0.265844 0.452246 0.266969 0.452539 0.268937 0.452832 0.271 0.452422 0.272688 0.451016 0.274469 0.449785 0.2755 0.448965 0.276766 0.447793 0.278031 0.447266 0.279953 0.447207 0.280609 0.445566 0.281359 0.445156 0.282297 0.44457 0.282859 0.443984 0.282484 0.442461 0.281078 0.441172 0.280094 0.440293 0.277703 0.439297 0.27475 0.438242 0.270766 0.43707 0.269078 0.435723 0.267297 0.435195 0.265984 0.434141 0.264391 0.43291 0.262984 0.43168 0.261297 0.429688 0.259516 0.427871 0.257641 0.426699 0.256422 0.426113 0.254875 0.426348 0.253563 0.427227 0.252156 0.42875 0.251359 0.430801 0.251078 0.431914 0.250797 0.433086 0.250742 0.433887
1 0.360203 0.494268 0.358234 0.492373 0.356434 0.490122 0.355141 0.488081 0.35368 0.485972 0.351879 0.483862 0.350527 0.482529 0.350246 0.481333 0.350023 0.475356 0.349461 0.472471 0.34918 0.470503 0.34991 0.469028 0.350023 0.464106 0.350641 0.461436 0.351711 0.459956 0.354465 0.459604 0.355648 0.458975 0.358066 0.45813 0.361328 0.457495 0.363184 0.457847 0.364871 0.458481 0.365434 0.459326 0.365773 0.461646 0.365996 0.463472 0.366109 0.465303 0.365266 0.467271 0.364816 0.469873 0.364027 0.471841 0.363859 0.474795 0.363859 0.477393 0.364086 0.47915 0.364535 0.480908 0.364816 0.482881 0.364648 0.4852 0.364309 0.487026 0.363746 0.489912 0.362621 0.492231 0.361555 0.493564
1 0.77832 0.490723 0.776117 0.489961 0.773352 0.488672 0.770633 0.487393 0.767867 0.48627 0.766883 0.485625 0.764352 0.485049 0.763461 0.483281 0.763367 0.481172 0.764164 0.478828 0.76468 0.476836 0.764773 0.474434 0.765852 0.473555 0.767211 0.472744 0.76993 0.472383 0.772367 0.471504 0.775086 0.469873 0.778461 0.468936 0.78343 0.468047 0.786477 0.467578 0.788117 0.466826 0.790227 0.466641 0.795992 0.466357 0.799367 0.466885 0.800633 0.467764 0.800961 0.470098 0.800633 0.472383 0.799555 0.473682 0.798055 0.475615 0.795945 0.476484 0.793648 0.479414 0.789383 0.483408 0.786617 0.485342 0.782117 0.488857 0.780148 0.490547
1 0.806188 0.414038 0.806844 0.414858 0.807781 0.416206 0.80825 0.417612 0.809469 0.419077 0.811578 0.420835 0.813547 0.421421 0.816125 0.422593 0.817062 0.422534 0.819078 0.422241 0.823109 0.422065 0.826344 0.421362 0.828688 0.420132 0.830281 0.417554 0.831125 0.414097 0.831219 0.408413 0.831031 0.406421 0.829813 0.404663 0.829813 0.403784 0.830562 0.403491 0.830586 0.402588 0.829813 0.402554 0.827797 0.401265 0.822172 0.401265 0.819781 0.399917 0.819031 0.398804 0.817672 0.399038 0.817016 0.3998 0.81575 0.398452 0.814813 0.397104 0.813547 0.395698 0.812328 0.394644 0.811156 0.392886 0.810359 0.392593 0.80975 0.392886 0.808344 0.393354 0.806891 0.394644 0.805672 0.396226 0.805906 0.397163 0.806469 0.398159 0.807125 0.400386 0.807312 0.405483 0.807125 0.407241 0.80625 0.408984 0.806047 0.409878
1 0.781246 0.252915 0.779277 0.25418 0.777477 0.255937 0.775902 0.258472 0.773766 0.262339 0.77202 0.265571 0.770277 0.26958 0.769715 0.271899 0.769039 0.273799 0.768871 0.276118 0.76932 0.277734 0.770277 0.278511 0.771516 0.280127 0.772078 0.28104 0.772582 0.282026 0.772938 0.283042 0.773957 0.283091 0.774699 0.282314 0.775906 0.282944 0.777512 0.282944 0.779074 0.282607 0.781492 0.280942 0.782273 0.279233 0.783563 0.278994 0.785086 0.27709 0.786375 0.275479 0.786887 0.272104 0.786297 0.268447 0.785828 0.263364 0.78548 0.261465 0.784277 0.258008 0.783691 0.256099 0.784316 0.254639 0.784277 0.253315 0.782715 0.252881
1 0.848262 0.259932 0.84709 0.261152 0.845645 0.262422 0.842832 0.262617 0.840957 0.263643 0.839004 0.265937 0.838223 0.268477 0.83791 0.271113 0.839043 0.271553 0.841191 0.273164 0.843887 0.275313 0.845527 0.277021 0.847832 0.278682 0.850449 0.278926 0.853887 0.277998 0.85627 0.27624 0.858965 0.272285 0.859746 0.267988 0.860098 0.264619 0.859707 0.261299 0.857012 0.258369 0.854902 0.256709 0.852402 0.256074 0.850762 0.256465 0.849629 0.258857
1 0.743031 0.723525 0.740781 0.723452 0.73943 0.723804 0.737742 0.725771 0.736449 0.726616 0.735941 0.725771 0.734648 0.724932 0.733973 0.724014 0.733242 0.722891 0.73268 0.722397 0.7315 0.720498 0.730938 0.719375 0.730824 0.717827 0.731723 0.715859 0.73268 0.714453 0.734535 0.714033 0.73566 0.713608 0.738191 0.710938 0.740219 0.708193 0.743199 0.704678 0.744492 0.70292 0.746012 0.702432 0.747812 0.700952 0.7495 0.699404 0.75175 0.697437 0.753211 0.695679 0.753887 0.693994 0.755125 0.692236 0.756137 0.691602 0.757711 0.691318 0.759117 0.691533 0.759566 0.692588 0.758836 0.694482 0.757598 0.697295 0.757316 0.699546 0.756531 0.70208 0.756023 0.703555 0.755629 0.705171 0.755066 0.707002 0.753941 0.708335 0.75366 0.7096 0.753324 0.711572 0.751637 0.71375 0.750352 0.716162 0.749219 0.717285 0.747699 0.719937 0.744773 0.722471
1 0.781324 0.638882 0.781605 0.641343 0.782336 0.644082 0.783969 0.647671 0.78616 0.651465 0.787961 0.653999 0.789762 0.656108 0.792125 0.658569 0.793586 0.661172 0.794035 0.663418 0.794262 0.665811 0.79516 0.669746 0.796004 0.672842 0.797074 0.674316 0.798762 0.675303 0.79966 0.674741 0.800563 0.672983 0.801574 0.671016 0.802812 0.668623 0.803937 0.666445 0.804105 0.662998 0.80416 0.660117 0.80343 0.657163 0.801406 0.654277 0.799156 0.6521 0.797187 0.650693 0.79443 0.647881 0.793305 0.646543 0.791617 0.644365 0.789875 0.642959 0.788355 0.642397 0.787062 0.64127 0.7865 0.639795 0.785148 0.63832 0.78391 0.637686 0.782898 0.637402
1 0.658164 0.626514 0.656836 0.628027 0.656016 0.62832 0.654961 0.629053 0.653906 0.629346 0.652813 0.629199 0.651719 0.629004 0.65168 0.62627 0.65168 0.62168 0.651641 0.618604 0.650156 0.615918 0.648516 0.613818 0.647695 0.612988 0.646445 0.611768 0.645273 0.610645 0.64418 0.609033 0.64293 0.607617 0.641289 0.605859 0.640586 0.604639 0.64 0.602148 0.639766 0.600635 0.640273 0.599316 0.64168 0.59751 0.6425 0.597021 0.643125 0.5979 0.644102 0.598779 0.645039 0.59917 0.646133 0.599951 0.647539 0.600537 0.64918 0.600928 0.650859 0.601367 0.652539 0.6021 0.654141 0.603125 0.656055 0.604297 0.657891 0.605518 0.659766 0.60752 0.660898 0.608154 0.661289 0.609473 0.661406 0.612207 0.661445 0.616064 0.661133 0.61709 0.660469 0.618994 0.660039 0.621631 0.659766 0.623779 0.658867 0.625098
1 0.149672 0.571289 0.148656 0.570068 0.147758 0.568604 0.146703 0.567529 0.145258 0.566455 0.145141 0.565625 0.146391 0.56377 0.147953 0.562646 0.150141 0.562061 0.152992 0.562695 0.15518 0.563525 0.158227 0.564697 0.161234 0.566309 0.163969 0.569043 0.166859 0.571289 0.169086 0.573633 0.171039 0.576465 0.172289 0.578613 0.173109 0.581201 0.170609 0.585596 0.167289 0.586182 0.162602 0.585156 0.159398 0.582812 0.155727 0.579297 0.153812 0.577197 0.151234 0.573242
1 0.108383 0.574111 0.10468 0.573584 0.101867 0.572354 0.0998047 0.569658 0.0978828 0.566904 0.0951172 0.563799 0.0930078 0.561455 0.0902891 0.557764 0.0883203 0.555889 0.0880859 0.554717 0.0887422 0.552725 0.0901016 0.550908 0.0919766 0.54915 0.0939453 0.547686 0.0954922 0.547275 0.0976016 0.548564 0.101305 0.551611 0.104633 0.554424 0.108102 0.557764 0.11218 0.561631 0.11518 0.564209 0.117242 0.566025 0.119586 0.570654 0.119633 0.572764 0.120852 0.57417 0.121977 0.575986 0.12193 0.57833 0.120898 0.579326 0.118883 0.578564 0.11593 0.577334 0.113586 0.576104 0.111242 0.575869 0.109273 0.575986
1 0.333582 0.921851 0.331754 0.91687 0.330301 0.912944 0.328285 0.909253 0.326223 0.906265 0.325285 0.904565 0.32716 0.902397 0.33077 0.90187 0.333113 0.901108 0.335598 0.901226 0.337426 0.902808 0.340051 0.904917 0.341832 0.906558 0.343285 0.909136 0.344645 0.912358 0.344738 0.915933 0.344832 0.921909 0.345395 0.924546 0.345207 0.928296 0.345152 0.932197 0.34398 0.934717 0.34309 0.937178 0.342434 0.939346 0.341637 0.938525 0.338965 0.933135 0.337324 0.929736 0.335309 0.925518
1 0.423777 0.775947 0.423937 0.778887 0.424746 0.782427 0.425801 0.785264 0.42823 0.788506 0.429688 0.79144 0.431469 0.795693 0.433172 0.800449 0.433254 0.804199 0.433254 0.80936 0.43309 0.811284 0.434305 0.811284 0.434793 0.813413 0.434305 0.816245 0.432117 0.818472 0.429852 0.820498 0.427258 0.822422 0.425801 0.823838 0.423613 0.82293 0.421426 0.81665 0.419887 0.812397 0.417375 0.806626 0.415512 0.799541 0.41527 0.795083 0.414297 0.79043 0.413648 0.786274 0.413082 0.783237 0.412191 0.780405 0.412598 0.778887 0.414297 0.778481 0.415109 0.777163 0.415836 0.775342 0.417539 0.773721 0.41948 0.773418 0.420777 0.77291 0.421992 0.77291 0.423047 0.773926
1 0.452078 0.764043 0.451234 0.764888 0.450391 0.766152 0.449434 0.767773 0.447687 0.769316 0.445832 0.770723 0.443527 0.772061 0.441613 0.773887 0.439309 0.776631 0.438406 0.78127 0.437453 0.785278 0.437563 0.791255 0.438125 0.792871 0.438969 0.796738 0.439703 0.800254 0.440715 0.80293 0.441051 0.80377 0.44375 0.804614 0.445832 0.804614 0.446734 0.804121 0.447184 0.800044 0.44752 0.795332 0.447801 0.788232 0.448645 0.784014 0.449937 0.779863 0.450332 0.776982 0.450953 0.775293 0.451344 0.773398 0.451402 0.771709 0.452301 0.7696 0.452922 0.768262 0.453766 0.766504 0.453594 0.764043
1 0.600359 0.727583 0.599145 0.727329 0.598062 0.728003 0.597254 0.729692 0.597051 0.740576 0.596039 0.742432 0.595902 0.746567 0.596441 0.751289 0.596914 0.758716 0.597727 0.75939 0.598266 0.763188 0.598602 0.768589 0.599277 0.770698 0.601371 0.772383 0.603801 0.774072 0.606566 0.774492 0.609402 0.774746 0.61109 0.773906 0.611902 0.772383 0.612645 0.769771 0.612645 0.768418 0.61325 0.766563 0.614332 0.763442 0.614938 0.760996 0.615004 0.756777 0.614129 0.751797 0.61298 0.749521 0.610754 0.74606 0.608121 0.741924 0.605895 0.739058 0.604477 0.736865 0.603516 0.735938 0.602855 0.732393 0.602316 0.731885 0.601641 0.73062 0.601305 0.729185
1 0.655055 0.655581 0.654 0.654702 0.652984 0.653384 0.652086 0.652163 0.650875 0.650698 0.650172 0.649624 0.650055 0.648354 0.649391 0.647329 0.648531 0.64606 0.648219 0.644839 0.647594 0.643276 0.646813 0.641226 0.646617 0.638638 0.646422 0.638345 0.646188 0.635952 0.646344 0.634829 0.647008 0.633022 0.646773 0.632046 0.647945 0.630337 0.649156 0.6298 0.652633 0.629751 0.653844 0.629849 0.655641 0.630923 0.657867 0.632437 0.659352 0.633462 0.660484 0.634097 0.661109 0.633608 0.661656 0.633853 0.662242 0.634683 0.66275 0.636343 0.665484 0.638833 0.668414 0.641567 0.669781 0.642251 0.671148 0.643911 0.672438 0.645376 0.672594 0.64606 0.672711 0.647427 0.672695 0.649658 0.671914 0.651416 0.670898 0.653662 0.669648 0.655566 0.667031 0.65625 0.663766 0.656606 0.662281 0.656216 0.661305 0.656216 0.660664 0.656738 0.659156 0.656948 0.657359 0.656313
1 0.73998 0.858096 0.739023 0.858164 0.738594 0.860059 0.737449 0.863228 0.737336 0.86625 0.736605 0.867236 0.734691 0.869556 0.73143 0.871245 0.728449 0.873774 0.724512 0.877783 0.723949 0.879893 0.723387 0.88355 0.722938 0.886079 0.721305 0.888682 0.720688 0.889736 0.720688 0.891143 0.722035 0.891987 0.72541 0.892339 0.728281 0.891494 0.733344 0.888398 0.735875 0.886641 0.738742 0.883828 0.740879 0.88186 0.743188 0.878838 0.743973 0.876519 0.744031 0.871597 0.743805 0.867236 0.742793 0.864634 0.741219 0.861118 0.74043 0.859009
1 0.798133 0.856387 0.795555 0.857065 0.794187 0.85814 0.792234 0.860239 0.791492 0.861758 0.791766 0.864487 0.792078 0.868149 0.792039 0.872012 0.791492 0.874795 0.790633 0.877085 0.790438 0.879771 0.790633 0.882021 0.791359 0.884263 0.792375 0.885581 0.793508 0.886606 0.79468 0.888169 0.795813 0.88895 0.797297 0.88895 0.798547 0.888315 0.798977 0.88729 0.799328 0.884849 0.799211 0.883091 0.799055 0.881577 0.799797 0.879966 0.800773 0.878989 0.802141 0.87772 0.803859 0.87645 0.805031 0.875132 0.805969 0.872593 0.805691 0.869937 0.805145 0.867983 0.804129 0.866079 0.802957 0.864126 0.801785 0.862368 0.800418 0.861489 0.800105 0.860317 0.800027 0.858364 0.799832 0.857339 0.799285 0.856802
1 0.801133 0.968125 0.799023 0.967187 0.798133 0.966074 0.796305 0.964844 0.794336 0.963555 0.79293 0.963262 0.790633 0.963496 0.78857 0.964668 0.786695 0.967187 0.785945 0.968828 0.785711 0.972227 0.785898 0.976387 0.787211 0.9775 0.789086 0.97832 0.791383 0.978437 0.793914 0.979023 0.796289 0.979736 0.799453 0.980273 0.803086 0.979834 0.806563 0.978809 0.808828 0.978418 0.811586 0.976973 0.813883 0.975566 0.815477 0.97375 0.816227 0.972344 0.816977 0.971641 0.818477 0.971641 0.820258 0.971348 0.819977 0.970293 0.818758 0.968477 0.816883 0.966602 0.815336 0.965195 0.813789 0.964316 0.812289 0.964258 0.810602 0.964902 0.808727 0.965723 0.807133 0.966191 0.805195 0.967187 0.80357 0.968184
1 0.68325 0.643604 0.683016 0.644951 0.682359 0.646592 0.680953 0.648291 0.679359 0.650166 0.677859 0.650518 0.675609 0.651045 0.672937 0.652568 0.670687 0.654795 0.668438 0.657842 0.667594 0.659893 0.665953 0.661357 0.664125 0.663057 0.662156 0.665283 0.660469 0.666631 0.659578 0.6671 0.658969 0.669443 0.658266 0.668799 0.657469 0.669385 0.657891 0.670615 0.659766 0.672314 0.661734 0.673018 0.662016 0.673896 0.662578 0.674541 0.663656 0.674658 0.668484 0.674834 0.672984 0.674189 0.677484 0.673604 0.681234 0.672021 0.683109 0.670322 0.684422 0.66792 0.685547 0.665869 0.687891 0.661592 0.688688 0.656553 0.6885 0.654502 0.688266 0.651045 0.687797 0.648291 0.686953 0.644775 0.685594 0.643076 0.68407 0.642593
1 0.657836 0.492476 0.654977 0.489897 0.653148 0.488491 0.651508 0.487671 0.649586 0.48603 0.647992 0.484038 0.645648 0.481694 0.643445 0.479995 0.641898 0.478589 0.64068 0.47771 0.640727 0.475894 0.641477 0.474956 0.644383 0.473491 0.64743 0.472144 0.650289 0.471147 0.654367 0.471089 0.65718 0.472144 0.659148 0.473491 0.662242 0.473784 0.664211 0.474487 0.666273 0.476187 0.668289 0.478179 0.670023 0.479995 0.671008 0.481812 0.672133 0.483745 0.673211 0.485327 0.675789 0.487085 0.677477 0.488433 0.678602 0.489429 0.678695 0.492065 0.678602 0.495698 0.67818 0.499272 0.677242 0.501616 0.676352 0.50314 0.674711 0.503374 0.672273 0.502905 0.670164 0.501323 0.668523 0.49939 0.666648 0.499272 0.665055 0.498335 0.662008 0.496343 0.659758 0.494644
1 0.488184 0.533159 0.48627 0.533794 0.484082 0.535015 0.48127 0.535796 0.479551 0.536089 0.477598 0.537896 0.475645 0.538726 0.472207 0.539019 0.467988 0.53897 0.461777 0.538677 0.461426 0.538237 0.461074 0.537065 0.462129 0.534575 0.462832 0.532817 0.464785 0.530132 0.465723 0.529204 0.467715 0.529204 0.471309 0.529399 0.472871 0.528618 0.47541 0.527788 0.477559 0.526079 0.479316 0.524761 0.481348 0.523589 0.484668 0.523345 0.486582 0.522759 0.488301 0.521587 0.490918 0.520708 0.492793 0.519438 0.494746 0.520659 0.495566 0.521929 0.49502 0.523589 0.493184 0.52647 0.492051 0.529155 0.490098 0.531548
1 0.452516 0.480811 0.450797 0.479736 0.448453 0.479004 0.445289 0.477783 0.442672 0.477344 0.441578 0.476709 0.43982 0.475244 0.437281 0.475098 0.433961 0.474951 0.431461 0.476172 0.428609 0.479053 0.42693 0.480127 0.425406 0.483301 0.424977 0.485596 0.424039 0.487891 0.42357 0.491455 0.423609 0.494238 0.424195 0.496191 0.426305 0.498145 0.428883 0.497803 0.431266 0.496143 0.432203 0.494238 0.433023 0.491357 0.433961 0.489502 0.434938 0.48877 0.437672 0.488281 0.439625 0.488037 0.44232 0.487354 0.444898 0.486963 0.446852 0.48501 0.449195 0.484473 0.451383 0.484131 0.452516 0.483691 0.453258 0.483252 0.453492 0.481836
1 0.412891 0.294214 0.413227 0.292695 0.412484 0.291094 0.411406 0.289741 0.409785 0.289658 0.408164 0.289741 0.406613 0.290923 0.404453 0.293369 0.401887 0.297676 0.400066 0.300796 0.398582 0.304004 0.398176 0.306523 0.398379 0.310923 0.399324 0.313623 0.399391 0.316997 0.399523 0.32147 0.400336 0.322559 0.401957 0.324243 0.405602 0.324243 0.406273 0.32728 0.407828 0.328638 0.409719 0.329053 0.411742 0.329736 0.41343 0.330327 0.414512 0.332007 0.416199 0.334717 0.416941 0.336147 0.417211 0.3348 0.416871 0.333198 0.417074 0.332261 0.417953 0.331426 0.418762 0.331001 0.419574 0.330327 0.420113 0.32897 0.419977 0.32728 0.418965 0.325679 0.416398 0.322988 0.414172 0.322144 0.411473 0.321299 0.409516 0.3202 0.409043 0.318682 0.409852 0.316997 0.411676 0.31623 0.412891 0.316143 0.413699 0.315234 0.414289 0.313672 0.415969 0.312017 0.417102 0.310796 0.418074 0.308691 0.419527 0.305225 0.41968 0.302983 0.419559 0.300181 0.419207 0.298862 0.418391 0.297642 0.417297 0.29647 0.416164 0.295684 0.414957 0.294956 0.413195 0.294805
1 0.634961 0.616504 0.634102 0.615576 0.632852 0.613477 0.631895 0.612295 0.63166 0.611123 0.632598 0.610049 0.633457 0.608584 0.634277 0.607656 0.634277 0.603262 0.633848 0.602432 0.632598 0.601846 0.631113 0.602676 0.629082 0.604385 0.628535 0.605215 0.627246 0.606973 0.625996 0.60917 0.624902 0.61083 0.622871 0.613711 0.621699 0.615469 0.621699 0.618398 0.62209 0.621475 0.623066 0.622256 0.624039 0.624126 0.624195 0.625591 0.625094 0.62603 0.626539 0.627495 0.627672 0.62896 0.628336 0.630571 0.628805 0.631499 0.629469 0.633403 0.629859 0.634868 0.630602 0.635649 0.631148 0.635698 0.631406 0.638145 0.632109 0.639219 0.6325 0.640293 0.632773 0.641563 0.632695 0.64332 0.632969 0.644834 0.633945 0.64542 0.634687 0.644443 0.635781 0.642344 0.636289 0.640635 0.637266 0.638828 0.638594 0.637412 0.639961 0.636436 0.640781 0.634775 0.641289 0.634092 0.640664 0.632871 0.639922 0.631113 0.638945 0.628818 0.638398 0.627109 0.637773 0.6254 0.637398 0.623882 0.63732 0.622612 0.636852 0.622075 0.636305 0.621489 0.635953 0.620415 0.635859 0.617334
1 0.618563 0.702456 0.617547 0.703335 0.616648 0.704507 0.614773 0.706606 0.612742 0.70895 0.61157 0.710024 0.608406 0.710903 0.607156 0.711587 0.605594 0.713052 0.60407 0.715249 0.603445 0.716274 0.603953 0.717593 0.604695 0.718325 0.605086 0.719399 0.605742 0.721045 0.607539 0.721582 0.609023 0.721582 0.610078 0.721826 0.610984 0.721987 0.612352 0.722329 0.614102 0.7229 0.617938 0.722622 0.621758 0.721289 0.623398 0.719336 0.624062 0.718604 0.625437 0.716128 0.627391 0.714419 0.630008 0.712856 0.632625 0.712026 0.634891 0.711245 0.636602 0.710352 0.636688 0.708804 0.636727 0.707144 0.637078 0.705874 0.637703 0.70646 0.638359 0.706494 0.639297 0.704883 0.640984 0.702993 0.642352 0.701577 0.642625 0.700649 0.642312 0.699819 0.642234 0.699282 0.64282 0.699136 0.642781 0.698403 0.642352 0.697671 0.642039 0.697378 0.641062 0.697329 0.639305 0.697476 0.637469 0.697817 0.635203 0.697915 0.633406 0.697915 0.630437 0.698062 0.627508 0.69811 0.62493 0.698452 0.622781 0.699575 0.621453 0.700747
1 0.39557 0.47418 0.39682 0.475791 0.398539 0.477891 0.399945 0.478721 0.401469 0.479844 0.40307 0.480381 0.406469 0.480625 0.411 0.480869 0.41475 0.480918 0.417523 0.480332 0.419438 0.479551 0.422523 0.478965 0.424945 0.477988 0.427758 0.476133 0.430023 0.474326 0.433031 0.471592 0.433812 0.469541 0.432562 0.467881 0.431313 0.465244 0.431156 0.462266 0.430531 0.461387 0.428422 0.460898 0.425141 0.46085 0.424516 0.460313 0.422406 0.460313 0.421117 0.461143 0.418305 0.462705 0.415492 0.46417 0.413227 0.465439 0.410844 0.466953 0.409125 0.467881 0.406664 0.468418 0.405492 0.468857 0.402562 0.469541 0.398383 0.469883 0.397016 0.470029 0.39557 0.471738
1 0.393516 0.371592 0.392148 0.371152 0.390313 0.371543 0.389531 0.372617 0.389141 0.374326 0.387617 0.375596 0.386289 0.376279 0.384648 0.377451 0.383867 0.378721 0.383988 0.379746 0.385625 0.382285 0.386836 0.383994 0.388871 0.38585 0.390156 0.386826 0.392109 0.38873 0.392695 0.389951 0.394258 0.390928 0.39543 0.392051 0.396563 0.392881 0.398246 0.39415 0.400004 0.394785 0.401312 0.395454 0.402406 0.396675 0.403969 0.398774 0.405336 0.400679 0.407055 0.402876 0.40807 0.404243 0.408734 0.405464 0.409516 0.406733 0.409945 0.408784 0.410141 0.4102 0.41091 0.411426 0.41227 0.410898 0.413723 0.410137 0.414473 0.409146 0.414707 0.407925 0.415254 0.407241 0.415488 0.406753 0.415645 0.404946 0.415566 0.401919 0.414973 0.395151 0.414035 0.39271 0.411809 0.388999 0.408918 0.385337 0.406926 0.382651 0.404191 0.380015 0.402438 0.378579 0.400172 0.376626 0.398531 0.375747 0.396773 0.374331 0.395211 0.372329
1 0.449648 0.319937 0.448555 0.320425 0.445977 0.319985 0.444414 0.318032 0.443398 0.316616 0.443555 0.313345 0.444648 0.311001 0.446992 0.307192 0.448867 0.304604 0.45043 0.302798 0.452344 0.302065 0.454023 0.301187 0.456289 0.300747 0.4575 0.300649 0.45832 0.299624 0.460195 0.299429 0.462578 0.299526 0.463594 0.300356 0.464766 0.301431 0.466133 0.302798 0.467578 0.302798 0.467891 0.303384 0.467461 0.304165 0.467461 0.305874 0.468594 0.30646 0.46957 0.307534 0.47043 0.309292 0.470547 0.311685 0.470234 0.313198 0.469375 0.315151 0.46875 0.316567 0.46707 0.317251 0.464102 0.31769 0.460625 0.317983 0.458594 0.319302 0.45457 0.319692 0.452266 0.31979 0.450781 0.319644
1 0.509824 0.236113 0.508887 0.237578 0.507129 0.239775 0.506191 0.240947 0.505879 0.241777 0.505332 0.243438 0.504551 0.244609 0.502168 0.245439 0.499668 0.245928 0.497793 0.247295 0.496191 0.247637 0.493887 0.245879 0.49127 0.243193 0.489004 0.241387 0.48752 0.240752 0.485293 0.238994 0.483457 0.236846 0.481465 0.234697 0.480137 0.234307 0.478848 0.234063 0.477988 0.233086 0.477754 0.230986 0.477832 0.228838 0.479121 0.226152 0.480371 0.224443 0.482637 0.223564 0.486152 0.222979 0.487715 0.223076 0.489707 0.223955 0.490684 0.224883 0.49291 0.22708 0.49541 0.227568 0.498574 0.22752 0.500996 0.227715 0.504121 0.227813 0.505293 0.22752 0.505801 0.22708 0.50666 0.22708 0.507441 0.227715 0.507676 0.228594 0.508027 0.22918 0.510098 0.229521 0.510645 0.230254 0.510801 0.231768 0.510762 0.233867 0.510293 0.234453
1 0.503984 0.30083 0.50248 0.300459 0.500723 0.299385 0.499082 0.298066 0.497168 0.296992 0.49541 0.296602 0.493262 0.296602 0.490879 0.297578 0.489355 0.29792 0.488418 0.298945 0.487207 0.300361 0.486074 0.302412 0.484902 0.303535 0.482949 0.305732 0.481426 0.306318 0.480254 0.307783 0.47998 0.309297 0.480566 0.310615 0.482324 0.311738 0.484434 0.313887 0.48623 0.314668 0.487402 0.315742 0.488926 0.317939 0.491113 0.320039 0.49334 0.321406 0.495449 0.32209 0.498145 0.322871 0.500918 0.323408 0.503027 0.323604 0.504863 0.323408 0.505645 0.322822 0.507324 0.32126 0.508574 0.31916 0.508926 0.316963 0.509082 0.315352 0.508965 0.312422 0.508457 0.310957 0.507168 0.310469 0.50584 0.309395 0.504824 0.308564 0.504473 0.305244 0.504473 0.303145 0.504473 0.301826
1 0.529152 0.200698 0.527121 0.201675 0.526613 0.202749 0.526457 0.204214 0.526457 0.205288 0.525441 0.206265 0.525168 0.207485 0.525324 0.208657 0.525754 0.209487 0.526496 0.210317 0.526652 0.211538 0.527395 0.212026 0.527707 0.212075 0.528098 0.213101 0.528215 0.214517 0.528605 0.2152 0.52923 0.216274 0.530441 0.21813 0.531535 0.219741 0.532277 0.220962 0.533137 0.222183 0.533488 0.225112 0.534152 0.22731 0.535129 0.229507 0.535617 0.230405 0.536516 0.231821 0.53718 0.232212 0.538117 0.232212 0.539992 0.231528 0.541047 0.230894 0.542336 0.230601 0.544094 0.230356 0.545852 0.229673 0.546633 0.228452 0.548195 0.226646 0.548391 0.225474 0.547648 0.224204 0.545773 0.221323 0.544719 0.21981 0.544328 0.216831 0.544211 0.215366 0.542969 0.214287 0.541719 0.213213 0.54 0.211162 0.538281 0.209307 0.536484 0.206768 0.535273 0.205156 0.534687 0.204375 0.534102 0.203301 0.533633 0.203057 0.532188 0.20291 0.531094 0.202715 0.530234 0.202129 0.530039 0.201104 0.529883 0.200664
1 0.37052 0.0212061 0.370633 0.0188184 0.370969 0.0148779 0.370574 0.012207 0.368719 0.0102393 0.367594 0.00995605 0.366469 0.00883301 0.364949 0.00833984 0.363602 0.00890137 0.361801 0.0102393 0.359887 0.0114355 0.357918 0.0129102 0.355781 0.0145996 0.354375 0.0170605 0.352293 0.0205762 0.350605 0.0262012 0.348582 0.0303467 0.347625 0.0352002 0.348469 0.0401904 0.35027 0.0439893 0.352293 0.0452539 0.355219 0.044834 0.357695 0.0426514 0.359887 0.0398389 0.361687 0.039209 0.363375 0.0387158 0.364895 0.0366748 0.365852 0.0345654 0.366977 0.0327393 0.368832 0.0320361 0.369957 0.0321045 0.370855 0.0341455 0.371926 0.0345654 0.372824 0.0346387 0.374176 0.0342871 0.37457 0.0328809 0.37423 0.0304199 0.374176 0.0293652 0.374738 0.027959 0.375301 0.025918 0.375469 0.0240918 0.375469 0.022334 0.375133 0.0208545 0.374008 0.0204346 0.372938 0.0205762 0.37232 0.0212061 0.371699 0.022334 0.370801 0.0227539
1 0.216324 0 0.216242 0.00269531 0.215906 0.0089502 0.21523 0.0116211 0.21343 0.0135205 0.211855 0.0145752 0.209828 0.0175293 0.207523 0.0225195 0.206625 0.0260352 0.206062 0.0280762 0.204656 0.0294824 0.202293 0.0296924 0.200828 0.0284277 0.199313 0.0247705 0.198859 0.019707 0.198859 0.0147168 0.199422 0.0100781 0.201953 0.0062793 0.204937 0.00283203 0.206836 0
1 0.496328 0 0.496766 0.00246094 0.498547 0.00428223 0.500328 0.00610352 0.502109 0.00894043 0.503812 0.0124854 0.504945 0.0189648 0.504863 0.0230127 0.505469 0.0240234 0.508832 0.0243311 0.511344 0.024126 0.512074 0.0232178 0.512234 0.0207861 0.512316 0.0161279 0.512316 0.0109668 0.51175 0.00691406 0.510617 0.00276367 0.509512 0
1 0.584867 3.41797e-05 0.583617 0.00228027 0.583422 0.00501465 0.583187 0.00789551 0.582562 0.00970215 0.582602 0.0114111 0.583578 0.0136084 0.584398 0.0152686 0.585258 0.017417 0.585492 0.0197119 0.585883 0.0231299 0.586234 0.0254248 0.587016 0.0262061 0.589984 0.0272803 0.592953 0.0275244 0.593773 0.0281592 0.59475 0.0264502 0.594516 0.0237646 0.594672 0.0201025 0.594555 0.015415 0.595141 0.0139502 0.595648 0.0117529 0.597016 0.00848145 0.597758 0.00472168 0.597484 0.00271973 0.596676 0 0.586027 0
1 0.831613 0 0.830395 0.0012207 0.828637 0.00439453 0.826254 0.00864258 0.825551 0.0131836 0.825824 0.0202148 0.826332 0.0227051 0.827465 0.0237793 0.829848 0.0236816 0.831332 0.0216797 0.832543 0.0189453 0.834223 0.0165527 0.835238 0.0134277 0.837426 0.0106445 0.838559 0.00839844 0.838949 0.00571289 0.839809 0.00356445 0.840785 0.000146484 0.840746 0
1 0.923895 0.168652 0.922273 0.169463 0.920004 0.168042 0.917656 0.166021 0.916605 0.164702 0.916441 0.161968 0.91709 0.158828 0.91782 0.15397 0.91782 0.147998 0.918062 0.144756 0.919438 0.141211 0.920734 0.137671 0.922113 0.135239 0.923246 0.132808 0.92373 0.130581 0.923977 0.126938 0.923977 0.124507 0.924297 0.122886 0.92527 0.121572 0.926566 0.121167 0.927297 0.121167 0.928512 0.122178 0.929809 0.123696 0.930617 0.125518 0.930859 0.127646 0.930859 0.131797 0.931184 0.135034 0.93159 0.137061 0.932156 0.138174 0.932238 0.140908 0.932563 0.14769 0.93248 0.155894 0.931668 0.159639 0.930051 0.163589 0.927699 0.166118 0.925676 0.167739
1 0.959777 0.0779199 0.957023 0.0772119 0.953781 0.0780225 0.951352 0.0804541 0.94868 0.0836914 0.946008 0.0863232 0.944469 0.0868311 0.941227 0.0915918 0.938148 0.0957422 0.936773 0.0989795 0.935477 0.104854 0.93402 0.107383 0.932316 0.110928 0.930699 0.11356 0.930375 0.115688 0.932074 0.115889 0.934262 0.116499 0.9375 0.117104 0.939688 0.117407 0.941793 0.117002 0.944469 0.115889 0.946816 0.115078 0.949488 0.11417 0.951758 0.112651 0.95273 0.109004 0.953457 0.105464 0.954672 0.101919 0.956375 0.0986768 0.958238 0.093208 0.959453 0.0890576 0.959937 0.086123 0.96002 0.0807568
1 0.95543 0.00931641 0.95475 0.0119873 0.954473 0.0169092 0.95441 0.022749 0.95441 0.0254883 0.955824 0.0274561 0.95841 0.0300586 0.959922 0.0320996 0.961668 0.0338574 0.963918 0.0360352 0.966566 0.0367383 0.968254 0.0357568 0.968762 0.0294287 0.967969 0.028374 0.96668 0.0256982 0.965605 0.0233105 0.964031 0.0211279 0.962063 0.0188818 0.96066 0.0162793 0.959535 0.0138184 0.958016 0.0125537 0.957172 0.0118506
1 0.661617 0.710376 0.661562 0.712979 0.661789 0.714805 0.661844 0.716211 0.661844 0.718604 0.662352 0.719658 0.66325 0.721274 0.664656 0.723032 0.6655 0.725703 0.665555 0.727812 0.666063 0.729712 0.66668 0.732031 0.667242 0.734702 0.668258 0.735898 0.668707 0.738291 0.669211 0.740469 0.669664 0.742227 0.670676 0.743633 0.671687 0.745322 0.672645 0.74708 0.673937 0.748135 0.675176 0.749048 0.676414 0.748135 0.677145 0.746797 0.677312 0.743491 0.677312 0.741172 0.676977 0.740117 0.676977 0.738359 0.677145 0.736812 0.677594 0.734141 0.677707 0.73189 0.677367 0.729429 0.676469 0.726689 0.67557 0.723032 0.674555 0.722187 0.673207 0.72043 0.672082 0.717827 0.671461 0.715156 0.67 0.712979 0.668648 0.710728 0.667469 0.708828 0.66657 0.707563 0.665555 0.706787 0.66443 0.706226 0.663758 0.707212 0.663531 0.708193 0.662855 0.70897
1 0.655227 0.77561 0.653781 0.777612 0.652023 0.77981 0.651438 0.78269 0.650461 0.783765 0.649992 0.785322 0.649758 0.788496 0.648742 0.790063 0.648352 0.791724 0.647023 0.793042 0.646008 0.794165 0.6455 0.795576 0.646008 0.796553 0.648313 0.796655 0.649992 0.797095 0.652141 0.797144 0.654211 0.796606 0.655578 0.794751 0.657383 0.793262 0.659609 0.791553 0.660742 0.790234 0.662297 0.788008 0.664836 0.784888 0.664758 0.783228 0.664562 0.781519 0.663938 0.780835 0.663234 0.77561 0.662375 0.774634 0.660695 0.774438 0.660031 0.772729 0.658898 0.772534 0.657023 0.773604
1 0.602668 0.513911 0.601609 0.512837 0.600617 0.511841 0.600285 0.509277 0.599824 0.506797 0.598039 0.504482 0.596316 0.502334 0.594797 0.500596 0.593008 0.498608 0.592148 0.497285 0.59043 0.49522 0.588512 0.492324 0.587187 0.490093 0.58593 0.486289 0.585863 0.484551 0.585137 0.483311 0.584539 0.481738 0.584145 0.478433 0.584473 0.47752 0.58527 0.476196 0.586723 0.474214 0.587582 0.472725 0.588773 0.471401 0.589238 0.470078 0.590164 0.469746 0.590824 0.469829 0.591688 0.471069 0.593074 0.472144 0.594664 0.47355 0.595855 0.475454 0.596516 0.476694 0.596383 0.479756 0.597309 0.480913 0.598301 0.482402 0.598766 0.483726 0.599359 0.485459 0.600285 0.487363 0.601016 0.489844 0.601281 0.493154 0.601941 0.497041 0.602668 0.499932 0.603332 0.503574 0.603926 0.505142 0.605051 0.506963 0.605449 0.508203 0.605156 0.510693 0.604141 0.512988 0.603555 0.513721
1 0.676215 0.425571 0.67477 0.425571 0.674066 0.42606 0.673012 0.426499 0.67059 0.426548 0.668871 0.426841 0.667309 0.428354 0.666254 0.430454 0.665355 0.433921 0.664965 0.436655 0.664926 0.43978 0.665199 0.44144 0.665941 0.442759 0.666332 0.447886 0.666723 0.448325 0.667348 0.447739 0.668441 0.44603 0.669301 0.444614 0.670355 0.443882 0.671918 0.443687 0.673285 0.442515 0.674574 0.440708 0.675668 0.439243 0.676879 0.437876 0.677973 0.437339 0.678207 0.435532 0.678402 0.432993 0.678402 0.430259 0.678793 0.429478 0.678949 0.428989 0.678285 0.427866 0.67684 0.426304
1 0.881563 0.505566 0.880012 0.50646 0.878668 0.507896 0.876102 0.50916 0.873539 0.51144 0.870836 0.513799 0.868406 0.517261 0.866715 0.520127 0.864492 0.524937 0.864082 0.52958 0.864148 0.532534 0.864957 0.533882 0.865969 0.537256 0.86732 0.539702 0.868805 0.541899 0.86975 0.541812 0.870359 0.540972 0.871574 0.537593 0.874137 0.532534 0.876164 0.527974 0.878324 0.524434 0.879605 0.522236 0.881496 0.51937 0.882035 0.517344 0.882645 0.515151 0.883527 0.513887 0.884062 0.512114 0.884734 0.510596 0.885613 0.509243 0.886422 0.507896 0.885113 0.5075 0.884566 0.507397 0.883938 0.506479 0.883 0.505396 0.882379 0.505151
1 0.967281 0.645835 0.964469 0.647031 0.963398 0.647944 0.963961 0.649561 0.964918 0.650405 0.965875 0.65146 0.966551 0.653569 0.967168 0.657017 0.966719 0.661587 0.966324 0.666787 0.966211 0.670303 0.966832 0.674453 0.969023 0.678179 0.970824 0.679375 0.973188 0.679937 0.974594 0.679937 0.976113 0.679023 0.977855 0.677334 0.978699 0.675649 0.97943 0.671782 0.979656 0.666436 0.979488 0.66229 0.979488 0.659756 0.978813 0.657437 0.977461 0.65582 0.976113 0.654131 0.973469 0.651108 0.972109 0.648779 0.970859 0.647656 0.96998 0.647031 0.969305 0.64668
1 0.953453 0.699653 0.94943 0.699702 0.946656 0.700483 0.943922 0.700483 0.941188 0.701216 0.939664 0.701655 0.936461 0.700728 0.934352 0.698823 0.933531 0.698091 0.93275 0.696577 0.933219 0.695112 0.935875 0.69311 0.937672 0.691157 0.939781 0.689644 0.94275 0.687983 0.946891 0.687007 0.949547 0.686812 0.952437 0.68769 0.955953 0.68896 0.958531 0.690474 0.959898 0.692085 0.96107 0.692866 0.962672 0.693208 0.96318 0.693647 0.963063 0.695015 0.962242 0.696382 0.961148 0.697847 0.959547 0.69897 0.95775 0.699507
1 0.923871 0.780513 0.923012 0.779829 0.922113 0.779829 0.920824 0.779536 0.91934 0.778364 0.91809 0.777876 0.917152 0.777144 0.91602 0.776606 0.914887 0.776313 0.913207 0.775581 0.912621 0.774946 0.91227 0.773237 0.912895 0.772456 0.914496 0.771479 0.916137 0.769624 0.918168 0.76811 0.919652 0.766157 0.921918 0.76562 0.924926 0.765913 0.927699 0.76645 0.929262 0.767183 0.931215 0.768013 0.934496 0.769282 0.936723 0.770601 0.938441 0.772505 0.940785 0.774946 0.943598 0.777827 0.945434 0.779048 0.946723 0.780464 0.947582 0.78105 0.947973 0.782173 0.948012 0.783149 0.94684 0.784761 0.946098 0.785444 0.944066 0.785884 0.939809 0.786079 0.937348 0.785933 0.934379 0.785835 0.931371 0.78437 0.928832 0.783198 0.926527 0.781489 0.92559 0.780806
1 0.676637 0.363994 0.676637 0.359707 0.677031 0.35605 0.677988 0.352886 0.680012 0.347964 0.68125 0.345151 0.682824 0.342407 0.683781 0.341074 0.684738 0.338682 0.68575 0.337417 0.686707 0.335869 0.687383 0.334673 0.688113 0.328628 0.689125 0.327222 0.690195 0.326938 0.69098 0.327573 0.691824 0.328838 0.692219 0.33144 0.6925 0.332144 0.692727 0.33397 0.692895 0.337065 0.692613 0.338262 0.692164 0.343184 0.691602 0.345361 0.69098 0.348525 0.690531 0.351196 0.690137 0.353799 0.689855 0.354854 0.68907 0.356118 0.688281 0.358511 0.687594 0.361128 0.68693 0.363276 0.686227 0.366646 0.68498 0.369775 0.683496 0.372461 0.68166 0.374556 0.679664 0.37519 0.67775 0.375435 0.67666 0.375288 0.675176 0.373726 0.674551 0.372461 0.674746 0.371089 0.675918 0.368696 0.676543 0.366011
1 0.849348 0.302754 0.849516 0.304438 0.849629 0.305845 0.849121 0.308799 0.848785 0.310205 0.848391 0.312456 0.847941 0.316323 0.84766 0.319629 0.84693 0.323071 0.846309 0.327222 0.845578 0.329473 0.84468 0.333267 0.844195 0.335566 0.843914 0.338203 0.843535 0.340195 0.843492 0.342305 0.844289 0.343125 0.845785 0.343589 0.846867 0.342358 0.848035 0.340249 0.850004 0.337612 0.851461 0.336733 0.852914 0.335918 0.854555 0.334448 0.85577 0.332051 0.856895 0.328184 0.857133 0.325254 0.857738 0.324551 0.858773 0.324199 0.858961 0.322144 0.858723 0.31957 0.85802 0.317734 0.857828 0.314629 0.857879 0.310234 0.857828 0.305957 0.857547 0.304785 0.856563 0.302969 0.855395 0.301621 0.854504 0.301035 0.854223 0.301035 0.853609 0.301621 0.853328 0.301738 0.852625 0.301563 0.852203 0.300981 0.851738 0.30063 0.850797 0.300859 0.84991 0.301563
1 0.652648 0.519331 0.651516 0.520444 0.650219 0.522065 0.649813 0.5248 0.649977 0.52814 0.649164 0.530366 0.648195 0.532495 0.647383 0.534214 0.647059 0.537251 0.646816 0.54373 0.646816 0.548794 0.647383 0.550415 0.647789 0.553252 0.648031 0.558413 0.64868 0.562061 0.649977 0.567427 0.652242 0.569854 0.654105 0.571475 0.656164 0.571362 0.658117 0.569805 0.660457 0.56707 0.661438 0.565024 0.661438 0.559941 0.661512 0.555063 0.661438 0.549878 0.661438 0.544614 0.661438 0.539512 0.661113 0.536353 0.660176 0.533184 0.658109 0.529019 0.656707 0.526206 0.655758 0.523228 0.654105 0.520557
1 0.612902 0.6504 0.612621 0.649814 0.612387 0.648408 0.61234 0.646182 0.612293 0.644131 0.612387 0.640557 0.611355 0.640439 0.610652 0.63792 0.61009 0.636631 0.609762 0.635459 0.609762 0.632295 0.610324 0.627549 0.612762 0.623623 0.615152 0.620986 0.616512 0.620518 0.618293 0.620986 0.620121 0.622686 0.622184 0.624502 0.623121 0.626436 0.623449 0.629658 0.623824 0.63376 0.623355 0.636514 0.622137 0.638975 0.62148 0.642373 0.61923 0.645186 0.61773 0.647178 0.616652 0.649111 0.61609 0.650107 0.614496 0.6504
1 0.690465 0.18772 0.687707 0.187158 0.685457 0.186738 0.68377 0.186597 0.681746 0.188564 0.681238 0.190532 0.680227 0.193135 0.679215 0.196792 0.678539 0.200728 0.678426 0.203188 0.678988 0.204526 0.680227 0.204243 0.681801 0.204175 0.684391 0.204668 0.686359 0.206001 0.688609 0.206987 0.694176 0.206846 0.695695 0.205371 0.700027 0.20333 0.702391 0.202559 0.704359 0.200449 0.707676 0.19876 0.711051 0.193979 0.712965 0.191377 0.714652 0.187793 0.714652 0.186387 0.713641 0.185049 0.712965 0.184136 0.713246 0.182729 0.713863 0.181392 0.714203 0.178862 0.713246 0.178511 0.710434 0.177949 0.708184 0.177949 0.706215 0.178159 0.703797 0.178369 0.702051 0.179355 0.700195 0.180479 0.698676 0.181816 0.695922 0.183574 0.693727 0.184277 0.692547 0.185332 0.691984 0.186104
1 0.621172 0.271533 0.620141 0.270361 0.618641 0.268662 0.61625 0.266611 0.614047 0.265439 0.6125 0.264033 0.610437 0.263389 0.609406 0.263037 0.607859 0.260986 0.606125 0.258115 0.605516 0.255537 0.604812 0.253604 0.603641 0.251904 0.603313 0.249854 0.603828 0.248389 0.606078 0.246104 0.60875 0.24458 0.612219 0.243643 0.614281 0.242881 0.616391 0.243115 0.617656 0.244697 0.62 0.24751 0.622297 0.250381 0.623891 0.252783 0.626281 0.255127 0.630125 0.256064 0.634578 0.256533 0.637063 0.258115 0.638563 0.259639 0.6395 0.261572 0.6395 0.263916 0.639125 0.267256 0.638234 0.269014 0.636688 0.270479 0.635047 0.270889 0.632703 0.270947 0.629094 0.27165 0.623 0.272119
1 0.499613 0.0864111 0.497789 0.0881689 0.496098 0.0903369 0.493055 0.0915088 0.488223 0.0918604 0.480961 0.0918604 0.475238 0.0914502 0.471723 0.0905127 0.470086 0.0882275 0.468723 0.0861768 0.468348 0.0827783 0.468914 0.0788525 0.46952 0.0767432 0.47177 0.0752783 0.476082 0.0749854 0.481336 0.0745166 0.487242 0.0742236 0.489914 0.0742236 0.492352 0.0768604 0.494273 0.0791455 0.496148 0.0815479 0.497973 0.0827783 0.499473 0.0840674 0.50041 0.0848291 0.500461 0.085415
1 0.0271406 0.341997 0.0224727 0.342363 0.01975 0.340903 0.019168 0.338354 0.019082 0.333848 0.0196445 0.330215 0.0215195 0.327393 0.0242812 0.32499 0.0259258 0.32335 0.0275664 0.321309 0.0296289 0.318901 0.0323008 0.315972 0.0351562 0.313398 0.0389102 0.311055 0.0414375 0.310059 0.0438281 0.310459 0.0457031 0.313096 0.0461719 0.314502 0.0456055 0.31749 0.0437813 0.320835 0.0412539 0.325234 0.0414844 0.329619 0.0414375 0.332959 0.039707 0.335488 0.0362383 0.338174 0.031832 0.341113
1 0.401371 0.604087 0.401406 0.606187 0.400898 0.607407 0.399961 0.608384 0.397891 0.60936 0.395273 0.609751 0.393516 0.610581 0.389766 0.611069 0.385273 0.611069 0.382344 0.611704 0.380473 0.612681 0.378437 0.613169 0.37707 0.614487 0.37559 0.614634 0.375039 0.614243 0.374727 0.611948 0.374453 0.610581 0.373867 0.609458 0.372855 0.607993 0.372074 0.606821 0.371641 0.605942 0.37227 0.603647 0.372969 0.60228 0.373672 0.601304 0.375199 0.599741 0.376484 0.59813 0.378633 0.596177 0.38043 0.5952 0.38168 0.593784 0.382656 0.593003 0.385508 0.592661 0.387656 0.592612 0.390977 0.593833 0.39293 0.594956 0.394883 0.596909 0.396836 0.598716 0.398359 0.600571 0.400547 0.602329
1 0.486082 0.737539 0.48577 0.734756 0.485184 0.732021 0.484559 0.728896 0.484363 0.723623 0.483895 0.722988 0.483348 0.719375 0.483152 0.714443 0.484285 0.711855 0.485496 0.708633 0.487578 0.706826 0.489172 0.706592 0.491516 0.706768 0.492453 0.707705 0.494 0.709756 0.495734 0.711631 0.49625 0.713623 0.496016 0.716494 0.495359 0.718779 0.495641 0.721299 0.496719 0.72417 0.497047 0.727744 0.497938 0.73167 0.498313 0.73501 0.498594 0.737002 0.498398 0.740859 0.497773 0.742227 0.497227 0.74418 0.49625 0.745059 0.495156 0.746279 0.493828 0.746621 0.492305 0.745303 0.49125 0.74335 0.490313 0.741787 0.489141 0.740566 0.488203 0.739639
1 0.540391 0.923091 0.537578 0.922598 0.534145 0.922813 0.53257 0.922461 0.53184 0.921685 0.532684 0.918945 0.534539 0.917114 0.537016 0.91606 0.53977 0.915918 0.542863 0.915781 0.545621 0.916621 0.547363 0.917324 0.549051 0.919155 0.550738 0.920913 0.552707 0.922461 0.555016 0.924849 0.555801 0.926255 0.555465 0.927734 0.553047 0.928086 0.546746 0.92752 0.544551 0.926328 0.543203 0.924849 0.542414 0.923794
1 0.727008 0.941533 0.72532 0.939678 0.724578 0.937061 0.724242 0.935034 0.725187 0.932505 0.725996 0.931152 0.72775 0.930815 0.73025 0.932334 0.733152 0.934443 0.735039 0.936724 0.736797 0.940518 0.738484 0.944146 0.739023 0.947861 0.738887 0.953936 0.738484 0.958154 0.737734 0.9604 0.736758 0.96123 0.734102 0.960791 0.732617 0.959131 0.73025 0.953511 0.729371 0.94938 0.72802 0.944233
1 0.574953 1 0.57473 0.998384 0.574336 0.995708 0.573887 0.994092 0.572199 0.992266 0.57068 0.990928 0.568824 0.98917 0.566066 0.988398 0.56393 0.987061 0.562523 0.984458 0.562973 0.983193 0.564266 0.982422 0.56798 0.982349 0.569949 0.98249 0.570512 0.98397 0.572816 0.984106 0.575855 0.984321 0.577879 0.985513 0.579848 0.987344 0.582266 0.989028 0.585191 0.989873 0.586879 0.992056 0.588172 0.994443 0.590367 0.998872 0.590641 1
1 0.96591 0.828833 0.962426 0.824277 0.960805 0.820327 0.96032 0.81668 0.96032 0.811216 0.961211 0.809897 0.961938 0.808076 0.962426 0.803013 0.963477 0.795117 0.964371 0.792988 0.965262 0.789141 0.965586 0.786812 0.966801 0.786309 0.968094 0.78833 0.968824 0.790967 0.970848 0.793496 0.974414 0.796533 0.976035 0.797749 0.975789 0.799673 0.975711 0.803823 0.975711 0.811113 0.975223 0.814756 0.97409 0.817998 0.973766 0.821543 0.973281 0.825391 0.973199 0.829336 0.971336 0.830654 0.969148 0.830654
1 0.885371 0.591099 0.884559 0.592783 0.884086 0.595737 0.884695 0.600127 0.885234 0.60561 0.886113 0.611177 0.886586 0.615396 0.886516 0.618096 0.886586 0.62375 0.888949 0.627295 0.893336 0.628896 0.896508 0.62645 0.897723 0.62333 0.896508 0.607886 0.895699 0.60333 0.894551 0.600801 0.893266 0.596582 0.892523 0.592192 0.891445 0.590508 0.889488 0.589663 0.887461 0.589409
1 0.945391 0.573325 0.944824 0.575859 0.943125 0.580415 0.941422 0.583555 0.941016 0.586084 0.939316 0.588818 0.938262 0.59145 0.936887 0.592666 0.935266 0.593984 0.934535 0.595503 0.935672 0.596211 0.938102 0.596211 0.940125 0.595703 0.942395 0.59459 0.945066 0.593174 0.94766 0.589932 0.949848 0.587905 0.952844 0.584771 0.954543 0.580923 0.955516 0.577783 0.955516 0.574238 0.95568 0.571406 0.957137 0.56958 0.957703 0.565229 0.956895 0.56229 0.954465 0.55875 0.95252 0.557227 0.949199 0.557026 0.947418 0.558037 0.947012 0.560571 0.946199 0.563608 0.945879 0.567559 0.945879 0.570596
1 0.751289 0.317598 0.753852 0.321475 0.755812 0.323838 0.757836 0.325947 0.761074 0.327974 0.763305 0.329492 0.766137 0.332275 0.768297 0.334556 0.771402 0.337676 0.774102 0.340293 0.776332 0.34291 0.777949 0.34333 0.780516 0.342822 0.781191 0.339785 0.781125 0.334302 0.779707 0.329238 0.778422 0.327637 0.778152 0.324346 0.77741 0.321055 0.774914 0.317935 0.772281 0.315908 0.769242 0.315737 0.767352 0.316245 0.765531 0.3154 0.762563 0.314053 0.759254 0.313462 0.755137 0.314136 0.752707 0.315317 0.75102 0.316162
1 0.966047 0.0717139 0.962645 0.0744482 0.962078 0.0781934 0.963129 0.0832568 0.965641 0.0896338 0.968883 0.0969238 0.972039 0.100269 0.974875 0.102695 0.980141 0.100571 0.980625 0.0991553 0.97941 0.0964209 0.977387 0.0916602 0.975281 0.087002 0.973176 0.0825488 0.971391 0.0798145 0.970016 0.0768799 0.968477 0.0737402 0.967746 0.0717139
1 0.993855 0.0942383 0.992168 0.0930469 0.989859 0.0913574 0.986484 0.0905859 0.984965 0.0884766 0.986711 0.0842578 0.987668 0.0817969 0.992449 0.0811621 0.99707 0.0819336 1 0.0841797 1 0.112046 0.999199 0.111816 0.996836 0.10999 0.99498 0.106543 0.994359 0.101973 0.994023 0.0969824
1 0.906645 0.220703 0.900176 0.220469 0.897082 0.220176 0.894691 0.219707 0.892207 0.219883 0.890379 0.22123 0.886348 0.222402 0.883723 0.223105 0.88002 0.225098 0.878051 0.228555 0.877723 0.230664 0.877863 0.23248 0.879082 0.233594 0.880301 0.234414 0.880301 0.236699 0.880441 0.239219 0.881895 0.240039 0.884848 0.23875 0.886957 0.237051 0.889395 0.236113 0.890848 0.236113 0.89352 0.236699 0.895488 0.237109 0.897598 0.237168 0.899613 0.236172 0.902098 0.233594 0.903598 0.230957 0.904844 0.228955 0.906133 0.227979 0.909648 0.227539 0.912695 0.226904 0.915391 0.226074 0.915625 0.225195 0.915586 0.223926 0.914414 0.222021 0.910273 0.221094
1 0.959996 0.15458 0.959105 0.156631 0.957371 0.159268 0.95484 0.161318 0.952777 0.163076 0.950387 0.16624 0.948324 0.170811 0.948176 0.177656 0.948527 0.184004 0.949543 0.187959 0.951184 0.190889 0.952285 0.193169 0.953656 0.195127 0.955375 0.196885 0.956938 0.195903 0.95807 0.193022 0.959316 0.188535 0.961039 0.181548 0.961977 0.176816 0.962758 0.173389 0.963891 0.170166 0.964559 0.167627 0.964676 0.163525 0.964559 0.159912 0.964324 0.157905 0.963891 0.156294 0.962801 0.155029 0.961781 0.154492
1 0.949023 0.144092 0.947195 0.144741 0.944887 0.145513 0.94275 0.146919 0.94123 0.149312 0.940164 0.151348 0.939039 0.154937 0.938137 0.158452 0.936902 0.162104 0.936621 0.165762 0.93707 0.168081 0.937746 0.17146 0.938027 0.175396 0.938309 0.177856 0.939656 0.179473 0.94157 0.180737 0.942414 0.181724 0.943031 0.18248 0.943973 0.182583 0.944984 0.181064 0.946152 0.178818 0.947836 0.17501 0.948262 0.172915 0.949664 0.16939 0.950973 0.166753 0.952148 0.163589 0.952801 0.162007 0.953742 0.158555 0.954348 0.155918 0.955148 0.153745 0.955199 0.150229 0.95482 0.147593 0.95466 0.14644 0.95473 0.144634 0.955086 0.142876 0.956027 0.141021 0.956336 0.14019 0.956609 0.137554 0.956336 0.13541 0.955125 0.134087 0.9545 0.133354 0.953406 0.133257 0.953523 0.134233 0.953523 0.136387 0.95243 0.140586 0.951375 0.142925 0.950789 0.143608
1 0.827805 0.161602 0.825105 0.163711 0.82234 0.166665 0.819707 0.170293 0.81741 0.174512 0.816062 0.181938 0.815656 0.186323 0.81552 0.189531 0.814711 0.194507 0.813227 0.196279 0.811133 0.197715 0.809785 0.200332 0.809918 0.202861 0.811672 0.204126 0.81316 0.203452 0.814711 0.203623 0.81741 0.202944 0.820312 0.202524 0.822945 0.201177 0.825172 0.19814 0.82632 0.193242 0.82666 0.188179 0.827063 0.181851 0.827199 0.177129 0.827063 0.175103 0.828348 0.170464 0.829562 0.166245 0.829832 0.163628 0.829762 0.162109 0.82909 0.161519
1 0.839102 0.153369 0.838203 0.149609 0.836797 0.147119 0.835977 0.144824 0.836016 0.143506 0.836445 0.142285 0.836641 0.140918 0.836055 0.138721 0.835859 0.136719 0.835586 0.13667 0.834492 0.137354 0.832852 0.138477 0.83 0.140381 0.827891 0.142041 0.826484 0.143506 0.826211 0.147168 0.826055 0.151758 0.826523 0.154736 0.8275 0.155664 0.82925 0.157285 0.831398 0.159971 0.833234 0.162266 0.835148 0.165928 0.836359 0.170762 0.838391 0.174912 0.839641 0.176426 0.840539 0.176426 0.841633 0.173936 0.841828 0.169297 0.841789 0.164756 0.84132 0.158018 0.840082 0.154868
1 0.910355 0.232686 0.908387 0.229453 0.905855 0.225093 0.902648 0.220801 0.900738 0.218271 0.899949 0.217285 0.900961 0.215952 0.903211 0.214824 0.90698 0.212646 0.910523 0.211875 0.915305 0.212295 0.917895 0.214546 0.920762 0.2175 0.922168 0.220171 0.924867 0.222632 0.925992 0.225093 0.92577 0.227554 0.925148 0.231279 0.92318 0.233179 0.922281 0.236343 0.921773 0.239297 0.920145 0.239717 0.917387 0.239082 0.916375 0.238101 0.914574 0.236621 0.911988 0.234937
1 0.910215 0.232056 0.909316 0.230645 0.90718 0.227832 0.90566 0.22502 0.903691 0.223262 0.90116 0.220171 0.899977 0.218481 0.900316 0.216162 0.902508 0.214897 0.905715 0.213418 0.908133 0.212085 0.911398 0.212012 0.915164 0.212646 0.919102 0.214614 0.920621 0.216934 0.922535 0.220098 0.924508 0.22249 0.925684 0.223896 0.926023 0.225864 0.925629 0.229731 0.924164 0.232124 0.922871 0.233247 0.921973 0.234233 0.921523 0.236904 0.921465 0.239155 0.919836 0.239927 0.917867 0.239575 0.91657 0.238311 0.913652 0.237676 0.912914 0.236201 0.911789 0.234302
1 0.605133 0.0685742 0.599301 0.0690918 0.593707 0.0717236 0.590391 0.0750684 0.586902 0.0802295 0.586012 0.0841797 0.584066 0.0878125 0.584398 0.0908496 0.586344 0.0916699 0.591762 0.087417 0.594039 0.0855957 0.597754 0.0843799 0.602293 0.0830664 0.607242 0.0820508 0.609914 0.080625 0.611688 0.0786084 0.611855 0.0781055 0.610391 0.0726563 0.608852 0.0699023
1 0.342984 0.0638232 0.342906 0.0670947 0.342438 0.0687061 0.340133 0.0704639 0.33693 0.0712939 0.333844 0.0715381 0.332359 0.071001 0.328531 0.0702197 0.327555 0.0691943 0.326617 0.0677783 0.327008 0.0663623 0.327789 0.0663135 0.328531 0.0669971 0.329625 0.0671436 0.332555 0.0670459 0.33443 0.0663623 0.336031 0.0656787 0.337047 0.064458 0.338883 0.0642139 0.340289 0.0639697 0.340914 0.0635791 0.341812 0.0628467 0.342477 0.0623584 0.342906 0.0623584
1 0.926469 0.8748 0.924687 0.870747 0.923148 0.870444 0.91918 0.867812 0.918047 0.864268 0.918207 0.861738 0.919422 0.859814 0.923879 0.85374 0.927281 0.851206 0.931574 0.849995 0.936676 0.849487 0.940645 0.853232 0.94348 0.85627 0.944531 0.861333 0.944695 0.867207 0.944129 0.873179 0.942508 0.875811 0.936512 0.876924 0.931977 0.87895 0.927684 0.884014 0.924363 0.888369 0.922258 0.887964 0.921852 0.885835 0.922824 0.881382 0.92493 0.878037
1 0.134508 0.41748 0.13309 0.414272 0.132078 0.413345 0.130727 0.4125 0.129648 0.412163 0.127758 0.412837 0.126406 0.413853 0.12607 0.415454 0.126945 0.418745 0.127688 0.420518 0.128297 0.423218 0.129375 0.426084 0.13032 0.428701 0.132008 0.43123 0.133359 0.432837 0.135453 0.435449 0.13707 0.437305 0.138355 0.438994 0.139773 0.439839 0.141258 0.440684 0.143621 0.440933 0.145645 0.440933 0.146926 0.440342 0.146996 0.439077 0.145645 0.437393 0.144496 0.43604 0.142406 0.433677 0.140785 0.432246 0.138895 0.429712 0.13707 0.427349 0.136328 0.425073 0.135047 0.421357
1 0.119145 0.258228 0.117426 0.257935 0.115707 0.258374 0.113285 0.259546 0.111488 0.260864 0.10766 0.264429 0.107113 0.266235 0.107582 0.269067 0.108363 0.271509 0.109418 0.272632 0.110746 0.273608 0.112191 0.274829 0.113324 0.275806 0.114262 0.275317 0.114613 0.274829 0.115043 0.272827 0.115668 0.270923 0.116566 0.268237 0.116996 0.266626 0.118246 0.264575 0.119301 0.263599 0.121059 0.26189 0.12266 0.26106 0.122699 0.259595 0.12227 0.258667 0.120668 0.258472
1 0.23916 0.0617432 0.239227 0.0591309 0.239633 0.0569336 0.239293 0.0555029 0.237742 0.0542334 0.235176 0.0537305 0.23268 0.0536475 0.23018 0.0541504 0.229168 0.0571045 0.228965 0.0603955 0.228766 0.0646143 0.228629 0.0674805 0.22782 0.0711084 0.22802 0.075752 0.228832 0.0781152 0.230047 0.0806445 0.230652 0.0819971 0.230652 0.0850342 0.230855 0.0867187 0.231531 0.0877344 0.232543 0.0895068 0.233082 0.0916162 0.233895 0.0932178 0.235043 0.0945654 0.236391 0.0949023 0.238281 0.0942285 0.239562 0.0929639 0.24152 0.0911914 0.243141 0.0898438 0.243613 0.0886621 0.243613 0.0852002 0.243277 0.0819971 0.243008 0.0795459 0.242937 0.0776074 0.242535 0.0752441 0.241926 0.0727979 0.241184 0.0693408 0.240441 0.0672314 0.23943 0.065459 0.23916 0.0639404
1 0.487539 0 0.487355 0.00155273 0.48716 0.00311523 0.485129 0.00580078 0.483094 0.00814453 0.48052 0.0100488 0.47782 0.0111719 0.474855 0.0112695 0.472469 0.0104395 0.469617 0.00824219 0.468172 0.00716797 0.46716 0.00545898 0.467746 0.00399414 0.46793 0 0.478031 0
1 0.0563438 0.73126 0.0549375 0.73126 0.0543125 0.731992 0.0532188 0.733408 0.0518516 0.735361 0.0503281 0.73751 0.0493516 0.739219 0.0482969 0.740293 0.0461094 0.740537 0.0437656 0.740439 0.0428281 0.739023 0.0420469 0.736729 0.040875 0.735264 0.0398594 0.734092 0.0384141 0.732187 0.03775 0.73165 0.0375547 0.730479 0.0375547 0.728916 0.0377109 0.7275 0.038375 0.726768 0.0391953 0.726768 0.0407578 0.727061 0.0425937 0.727256 0.044 0.727598 0.0453281 0.728477 0.0461875 0.72916 0.0470859 0.730283 0.0475547 0.729746 0.0481406 0.729014 0.0490391 0.728525 0.0498203 0.728428 0.0502109 0.729209 0.050875 0.729502 0.0522813 0.729209 0.0530625 0.728916 0.0536094 0.728525 0.0543906 0.728428 0.0554844 0.72833 0.0560703 0.728525 0.0563438 0.729209 0.0563828 0.729795 0.0565 0.73043
1 0.314562 0.549487 0.314094 0.548374 0.313156 0.546733 0.312406 0.545269 0.310719 0.542925 0.309406 0.541577 0.307906 0.540405 0.306781 0.539526 0.305703 0.538647 0.304719 0.537534 0.303922 0.53689 0.302422 0.536304 0.300781 0.536245 0.299281 0.536187 0.298156 0.536362 0.298297 0.537651 0.299047 0.53853 0.299844 0.539878 0.300406 0.541753 0.300734 0.543569 0.300969 0.545269 0.301437 0.54644 0.302187 0.547495 0.30275 0.548315 0.302797 0.550601 0.303078 0.552183 0.303594 0.553647 0.304484 0.554175 0.304766 0.555405 0.305703 0.55769 0.306312 0.559507 0.307063 0.561206 0.307578 0.561792 0.308891 0.562144 0.310484 0.562437 0.312453 0.562554 0.314797 0.562378 0.316156 0.562085 0.316719 0.561558 0.317141 0.560796 0.31775 0.56021 0.318828 0.5598 0.319625 0.558511 0.320937 0.558452 0.321828 0.558218 0.321969 0.557397 0.321547 0.556694 0.320891 0.555522 0.319953 0.554351 0.319203 0.553296 0.318125 0.552593 0.31775 0.5523 0.316719 0.552007 0.316156 0.551597 0.315219 0.550542
1 0.989922 0.0347656 0.986914 0.0367188 0.983605 0.0365283 0.980961 0.0362451 0.977812 0.0368799 0.974156 0.0390576 0.972242 0.0400439 0.969262 0.040957 0.965492 0.0426465 0.963469 0.0448242 0.963859 0.0472168 0.966168 0.0503076 0.969375 0.0534717 0.972859 0.0551611 0.976855 0.0543164 0.980344 0.0541748 0.983605 0.0541748 0.986305 0.0539648 0.988105 0.0536133 0.991199 0.0529102 0.993 0.0517139 0.994574 0.0492529 0.99525 0.0477783 0.995664 0.0438965 0.995039 0.0401367 0.991406 0.0359375
1 1 0.0406934 0.998094 0.0404785 0.996883 0.0398926 0.996102 0.0394043 0.994773 0.0381836 0.992977 0.0365234 0.991258 0.0348633 0.990047 0.0333984 0.989656 0.0317871 0.990906 0.028418 0.992742 0.0271484 0.995398 0.0261719 0.997859 0.0260254 1 0.0262012
1 0.905066 0.740996 0.901734 0.740996 0.897922 0.740996 0.894969 0.740757 0.891633 0.740044 0.89068 0.738379 0.891156 0.736831 0.891824 0.7354 0.893637 0.733496 0.895637 0.732422 0.897828 0.732183 0.90059 0.732065 0.902688 0.730991 0.905355 0.729326 0.907258 0.728135 0.908785 0.727656 0.911262 0.728018 0.914594 0.728848 0.917262 0.730039 0.919168 0.732183 0.919738 0.733853 0.920883 0.736948 0.921645 0.738735 0.922121 0.740522 0.922504 0.742427 0.922027 0.74457 0.920789 0.745879 0.918977 0.746475 0.91793 0.746953 0.916785 0.748379 0.915547 0.748857 0.914117 0.748379 0.911832 0.746714 0.910117 0.745762 0.907926 0.743975 0.906973 0.742305
1 0.944297 1 0.946344 0.99645 0.948328 0.991489 0.950047 0.988428 0.952895 0.985366 0.955805 0.983135 0.958187 0.98231 0.960172 0.982886 0.961758 0.983633 0.962754 0.985532 0.962754 0.987354 0.96143 0.990166 0.959773 0.991323 0.958781 0.992646 0.956996 0.996284 0.955473 0.999839 0.955426 1
1 0.906055 1 0.904605 0.995859 0.902234 0.991929 0.898375 0.986416 0.893578 0.98042 0.890102 0.975732 0.888227 0.974492 0.885473 0.974355 0.880508 0.975254 0.877313 0.977114 0.876152 0.979043 0.875879 0.983589 0.878578 0.988276 0.881062 0.991104 0.884367 0.994482 0.887457 0.996963 0.89148 0.999165 0.892574 1
1 0.754988 0.509707 0.753797 0.510703 0.752672 0.511611 0.751348 0.512686 0.74943 0.514009 0.748172 0.516162 0.748109 0.519053 0.747977 0.521123 0.747645 0.523936 0.747777 0.52625 0.748172 0.527075 0.748305 0.529395 0.748437 0.530962 0.748969 0.532451 0.749961 0.534687 0.750687 0.535928 0.751945 0.537085 0.753336 0.537168 0.754328 0.536338 0.755914 0.535845 0.757898 0.534189 0.759223 0.532451 0.760875 0.530137 0.762863 0.527905 0.764582 0.525835 0.765707 0.523604 0.767293 0.520874 0.768617 0.518643 0.769543 0.516821 0.769543 0.514424 0.769609 0.511362 0.769543 0.508301 0.767824 0.506152 0.766039 0.504829 0.765047 0.503921 0.764184 0.503755 0.763059 0.503091 0.761539 0.500776 0.76068 0.499785 0.760016 0.498379 0.759754 0.496973 0.758695 0.496475 0.756641 0.496724 0.755648 0.497964 0.755254 0.499536 0.755055 0.50144 0.755055 0.504414 0.755055 0.507393
1 0.542926 0.265625 0.541832 0.266504 0.540074 0.268018 0.538238 0.269531 0.53609 0.271484 0.534879 0.272363 0.53316 0.274219 0.532457 0.277002 0.532418 0.278467 0.532652 0.27998 0.53359 0.280664 0.534957 0.280908 0.536324 0.280811 0.537652 0.279834 0.539605 0.278809 0.542223 0.2771 0.543316 0.276807 0.54398 0.275586 0.545699 0.274658 0.546832 0.273828 0.548355 0.273193 0.549605 0.272461 0.550582 0.272119 0.552691 0.270801 0.55441 0.269531 0.555387 0.268848 0.556676 0.267871 0.558746 0.266797 0.560465 0.265771 0.561715 0.264404 0.563082 0.262842 0.563785 0.261182 0.564566 0.259326 0.564879 0.258301 0.56484 0.257129 0.56441 0.256592 0.563238 0.256055 0.560348 0.256299 0.556871 0.25752 0.554605 0.258691 0.552926 0.259229 0.550387 0.260547 0.548199 0.261914 0.546285 0.26333 0.544488 0.264453
1 0.17207 0.0339844 0.169957 0.0321143 0.168355 0.0304541 0.166129 0.0278174 0.164527 0.0260107 0.162301 0.023374 0.161988 0.0218115 0.161949 0.019126 0.162184 0.0170752 0.163004 0.0153174 0.164371 0.0135107 0.166051 0.0130713 0.168082 0.0135107 0.169801 0.0147803 0.170777 0.0157568 0.172457 0.0180518 0.173551 0.0197607 0.17527 0.0218115 0.176988 0.0231787 0.17941 0.02479 0.181285 0.0259619 0.182105 0.0277197 0.18191 0.029624 0.180738 0.0324072 0.177965 0.0338232 0.175074 0.0345557
1 0.380809 0.283633 0.379121 0.283296 0.377297 0.282959 0.376422 0.282202 0.375879 0.282114 0.374262 0.283633 0.373047 0.285151 0.371223 0.28667 0.369672 0.288105 0.368859 0.289795 0.367645 0.291816 0.367172 0.294014 0.365754 0.295952 0.365078 0.297134 0.364879 0.298398 0.364609 0.299414 0.36427 0.300762 0.363461 0.302451 0.362176 0.304136 0.361234 0.305151 0.360828 0.307344 0.360422 0.310044 0.360086 0.312827 0.359746 0.314854 0.35968 0.317554 0.359547 0.318901 0.359344 0.320591 0.359141 0.322529 0.35941 0.323291 0.360152 0.323545 0.361703 0.324556 0.363527 0.3254 0.365484 0.325908 0.367172 0.325991 0.36859 0.32498 0.369805 0.323882 0.371223 0.323037 0.372301 0.322026 0.374262 0.320337 0.375543 0.318818 0.376285 0.317383 0.376961 0.316118 0.377434 0.314434 0.378039 0.311309 0.378984 0.308525 0.379457 0.306162 0.379391 0.304136 0.378918 0.302617 0.378039 0.300088 0.378109 0.298232 0.378039 0.296289 0.378715 0.294604 0.379727 0.292661 0.381078 0.290806 0.38209 0.28937 0.38209 0.286758 0.381617 0.283887
1 0.597695 0.866943 0.595867 0.868115 0.594305 0.868213 0.593836 0.869434 0.595359 0.87124 0.596766 0.872949 0.598172 0.874658 0.600125 0.877051 0.601414 0.878613 0.602898 0.880273 0.604734 0.881787 0.606297 0.883203 0.607391 0.883594 0.610008 0.883594 0.612352 0.883936 0.61575 0.884424 0.61868 0.884912 0.621375 0.885107 0.624852 0.885547 0.627039 0.885352 0.62868 0.883936 0.629852 0.882031 0.630125 0.87959 0.630242 0.877002 0.629539 0.874854 0.628445 0.872607 0.627234 0.871289 0.626141 0.869775 0.624266 0.869189 0.622156 0.869092 0.618641 0.86875 0.615164 0.868555 0.611258 0.868555 0.60825 0.868604 0.606414 0.868457 0.604812 0.867236 0.603797 0.866895 0.601063 0.867041 0.5995 0.866895
1 0.952398 0.789971 0.949766 0.792246 0.947875 0.794863 0.94666 0.797646 0.945039 0.802627 0.943891 0.807437 0.942543 0.809458 0.941598 0.81123 0.940246 0.815112 0.940449 0.817983 0.941801 0.819585 0.943016 0.821611 0.943555 0.824141 0.943148 0.826421 0.943285 0.828442 0.944566 0.829795 0.946324 0.83064 0.948348 0.829624 0.949227 0.827095 0.950574 0.823042 0.950914 0.820005 0.951586 0.815532 0.952398 0.810894 0.952801 0.805156 0.953613 0.799673 0.953949 0.795957 0.954152 0.793345 0.954016 0.791318 0.95341 0.79022
1 0.822559 0.692891 0.821699 0.692354 0.820098 0.691621 0.81873 0.691084 0.816777 0.6904 0.81377 0.690107 0.812051 0.689912 0.809355 0.690107 0.807832 0.69084 0.806348 0.690547 0.805371 0.690889 0.804395 0.689863 0.804199 0.688838 0.804434 0.687227 0.804121 0.686494 0.803262 0.685225 0.803652 0.683369 0.80498 0.681904 0.805684 0.681172 0.806465 0.679805 0.807988 0.67834 0.809668 0.677119 0.811543 0.675752 0.812988 0.674971 0.814824 0.674678 0.816191 0.674678 0.81873 0.674727 0.820605 0.674971 0.822754 0.676143 0.823848 0.677021 0.82541 0.678145 0.826934 0.678828 0.828145 0.679219 0.830488 0.679902 0.833105 0.68083 0.836113 0.682295 0.837676 0.683223 0.838848 0.684199 0.840645 0.685566 0.840957 0.687129 0.840527 0.688105 0.839199 0.688887 0.836738 0.689717 0.834551 0.690107 0.832324 0.690645 0.829863 0.691377 0.827832 0.691816 0.825527 0.692354 0.824434 0.692842 0.823438 0.693115
1 0.702887 0.551348 0.702043 0.550703 0.700027 0.550293 0.698199 0.549531 0.696184 0.548418 0.694027 0.546484 0.692434 0.544727 0.691168 0.542852 0.690043 0.541387 0.688637 0.540098 0.687887 0.538691 0.687277 0.537461 0.686574 0.535996 0.685637 0.534473 0.684887 0.532539 0.684887 0.531426 0.685543 0.530254 0.686434 0.529609 0.687652 0.529316 0.689996 0.529375 0.692105 0.529902 0.69384 0.530195 0.695434 0.53084 0.697262 0.53166 0.698902 0.533008 0.700871 0.533945 0.703402 0.53459 0.705652 0.534824 0.707621 0.534824 0.709918 0.534355 0.71259 0.533711 0.715121 0.533477 0.717746 0.533359 0.719152 0.53377 0.720934 0.534766 0.721824 0.535762 0.722668 0.53752 0.722902 0.539219 0.722996 0.541211 0.72309 0.542793 0.722996 0.54373 0.722199 0.545078 0.721215 0.546074 0.719621 0.546777 0.718121 0.547422 0.716527 0.548301 0.714887 0.549297 0.712309 0.549531 0.710809 0.549883 0.709074 0.550703 0.707527 0.550879 0.705793 0.551465 0.70448 0.551523
1 0.894102 0.332866 0.89382 0.330547 0.892582 0.328296 0.890387 0.327524 0.887801 0.326118 0.885551 0.325063 0.883242 0.323867 0.880262 0.322954 0.877449 0.321616 0.875199 0.319858 0.87402 0.318804 0.873176 0.317681 0.871824 0.317329 0.869742 0.317397 0.867945 0.318384 0.866539 0.32 0.866199 0.321616 0.866367 0.32499 0.866762 0.327241 0.867664 0.330054 0.869238 0.332798 0.870867 0.334766 0.872273 0.336382 0.873117 0.337437 0.875539 0.338423 0.877789 0.338984 0.87998 0.339687 0.88257 0.340107 0.883977 0.340952 0.885664 0.342217 0.886617 0.342993 0.888023 0.343271 0.889543 0.34271 0.890895 0.341587 0.891852 0.340107 0.892523 0.339126 0.893367 0.337788 0.89382 0.335962 0.89393 0.334624
1 0.877391 0.416587 0.875516 0.41561 0.873875 0.414634 0.872195 0.414048 0.87032 0.412144 0.868289 0.410532 0.866648 0.40897 0.864617 0.407065 0.864109 0.406138 0.864109 0.40438 0.864812 0.40311 0.865984 0.40145 0.867117 0.401011 0.868406 0.401157 0.870047 0.401157 0.872781 0.401499 0.874969 0.40189 0.875828 0.402329 0.87868 0.402378 0.881375 0.401987 0.882977 0.40145 0.886531 0.401255 0.889656 0.401401 0.89282 0.401255 0.894383 0.400767 0.897586 0.400767 0.89868 0.40145 0.899734 0.402622 0.899969 0.404185 0.900008 0.405356 0.899773 0.406089 0.898445 0.40731 0.897312 0.408286 0.895633 0.410239 0.893953 0.411509 0.89243 0.412192 0.889813 0.413413 0.887664 0.414341 0.885359 0.414634 0.882664 0.415317 0.881453 0.415757 0.880828 0.416489 0.879031 0.416733
1 0.538984 0 0.541316 0.00227539 0.543949 0.00522949 0.547121 0.00869141 0.56366 0.01021 0.567035 0.00852051 0.568652 0.00623535 0.571082 0.00202637 0.571691 0
1 0.73184 0 0.730496 0.00109375 0.727484 0.00449707 0.724859 0.00777832 0.722527 0.0111768 0.721457 0.0128809 0.72175 0.0142188 0.723207 0.0150684 0.727094 0.0149463 0.732441 0.0140967 0.739258 0.0110352 0.742453 0.00947754 0.745371 0.00559082 0.748379 0
1 0.565824 0.874697 0.565582 0.873687 0.564691 0.873179 0.563395 0.873076 0.562422 0.872573 0.560965 0.870952 0.558617 0.868018 0.557402 0.865381 0.55659 0.861738 0.556187 0.859712 0.554973 0.854448 0.554648 0.852627 0.553918 0.850298 0.553352 0.849282 0.553352 0.847056 0.553758 0.846045 0.554648 0.845034 0.555133 0.8423 0.555297 0.840273 0.556754 0.840273 0.557727 0.8423 0.559832 0.844629 0.561531 0.847764 0.563883 0.850903 0.565664 0.85374 0.567121 0.856777 0.568418 0.859409 0.569957 0.861538 0.571172 0.86356 0.572387 0.865078 0.573277 0.865889 0.574328 0.867002 0.574816 0.868423 0.575082 0.870234 0.575555 0.871641 0.577187 0.872397 0.577707 0.873159 0.579629 0.876035 0.580754 0.878618 0.580941 0.881079 0.580195 0.882656 0.579254 0.882715 0.578129 0.881958 0.576211 0.881543 0.574848 0.88125 0.573066 0.880664 0.571332 0.880024 0.569883 0.879023 0.568238 0.877563 0.567301 0.876499
2 0.37966 0.320356 0.378309 0.317822 0.378176 0.316475 0.378648 0.313687 0.379523 0.310566 0.379523 0.30812 0.379797 0.304663 0.379797 0.302212 0.380402 0.299937 0.381887 0.297827 0.383441 0.296138 0.384723 0.295718 0.386746 0.295381 0.389988 0.294956 0.392215 0.295293 0.393902 0.295801 0.396332 0.297402 0.397953 0.298501 0.398426 0.299346 0.39802 0.300947 0.396738 0.302554 0.396062 0.303564 0.395656 0.305 0.395254 0.307109 0.395184 0.310146 0.39559 0.312168 0.396266 0.313521 0.396332 0.315293 0.395387 0.316641 0.394512 0.319087 0.394238 0.321113 0.393227 0.32415 0.392215 0.325249 0.391203 0.328623 0.389648 0.330562 0.388504 0.332251 0.387422 0.333262 0.385937 0.333262 0.384586 0.332422 0.383371 0.329976 0.382563 0.328032 0.381414 0.326514 0.380738 0.323984 0.380066 0.321875
2 0.503402 0.388335 0.504617 0.387324 0.505695 0.385635 0.506707 0.384199 0.507723 0.382681 0.508598 0.381333 0.50934 0.378887 0.509949 0.377114 0.510488 0.374922 0.511703 0.372305 0.513188 0.369941 0.514473 0.367661 0.51582 0.364878 0.517035 0.364287 0.517848 0.363867 0.517848 0.362769 0.518387 0.360913 0.519535 0.358887 0.520207 0.356021 0.519805 0.355093 0.51859 0.354331 0.517777 0.353828 0.517035 0.35374 0.516227 0.354248 0.514875 0.354419 0.513324 0.354331 0.511367 0.354331 0.509004 0.354419 0.506641 0.354756 0.504684 0.355513 0.502523 0.356865 0.500973 0.358213 0.499621 0.360068 0.498879 0.361841 0.497664 0.363442 0.496988 0.364795 0.496652 0.36623 0.495637 0.368594 0.495301 0.370786 0.495301 0.374243 0.495234 0.376353 0.494828 0.378379 0.493949 0.380068 0.49341 0.382598 0.49341 0.384961 0.493547 0.386309 0.494422 0.38707 0.495637 0.38749 0.496988 0.387744 0.498879 0.388755 0.500566 0.389009 0.50232 0.388926
1 0.550117 0.0528809 0.548164 0.0542041 0.54552 0.0571582 0.543664 0.0596875 0.541918 0.0626416 0.540176 0.0659473 0.539613 0.0712207 0.539781 0.0754395 0.540852 0.0781104 0.541582 0.0814844 0.542875 0.0833838 0.544957 0.0853516 0.547262 0.085918 0.548668 0.0854932 0.549906 0.0842969 0.55227 0.0824707 0.552605 0.081416 0.552719 0.0781104 0.552887 0.0742432 0.552887 0.0710791 0.553 0.0673535 0.553 0.0649609 0.553227 0.0615869 0.553281 0.0579297 0.553227 0.0554687 0.552551 0.0540625 0.55148 0.0532227
1 0.953449 0.113076 0.952156 0.11499 0.950211 0.116011 0.94932 0.119453 0.949156 0.125015 0.949402 0.131099 0.949969 0.135854 0.949969 0.139297 0.95248 0.143643 0.954504 0.145464 0.956609 0.145366 0.957906 0.142729 0.958473 0.138691 0.958633 0.134531 0.958633 0.129683 0.958633 0.125933 0.958313 0.121479 0.957742 0.117832 0.956203 0.114897 0.955395 0.113984
1 0.993012 0.132383 0.990996 0.130742 0.988746 0.128926 0.986965 0.127754 0.984152 0.127461 0.981246 0.127402 0.97998 0.127109 0.978199 0.126348 0.976137 0.124824 0.974449 0.122598 0.972434 0.120957 0.971262 0.120195 0.966715 0.122188 0.963293 0.124766 0.962262 0.127109 0.962309 0.131094 0.964043 0.134258 0.967043 0.137773 0.969809 0.140117 0.972434 0.141641 0.975715 0.143223 0.979277 0.144277 0.982512 0.14457 0.98598 0.144687 0.98809 0.144102 0.990059 0.143047 0.991934 0.141758 0.993012 0.140762 0.994043 0.138418 0.993949 0.136484 0.993574 0.134199
1 0.940301 0.290713 0.938883 0.290796 0.936723 0.290547 0.935848 0.289277 0.935645 0.286665 0.935711 0.284639 0.935711 0.279575 0.935578 0.274849 0.935305 0.271475 0.934633 0.269028 0.933551 0.26751 0.932 0.265825 0.931258 0.263374 0.931188 0.260425 0.931258 0.257637 0.931527 0.255527 0.933148 0.253169 0.934227 0.250806 0.935508 0.249961 0.93598 0.249961 0.937738 0.251309 0.939223 0.253252 0.940641 0.257217 0.942055 0.260845 0.943 0.265146 0.943473 0.269199 0.943609 0.274346 0.943609 0.278311 0.942801 0.280337 0.942328 0.281431 0.941652 0.283711 0.941383 0.285229 0.941922 0.286665 0.942055 0.28793 0.942055 0.289448 0.941043 0.289702
1 0.297656 0.606934 0.297266 0.607422 0.296875 0.607422 0.296094 0.608398 0.295703 0.608398 0.295312 0.608887 0.294922 0.608887 0.291016 0.61377 0.291016 0.614258 0.290234 0.615234 0.290234 0.615723 0.289844 0.616211 0.289844 0.616699 0.289062 0.617676 0.289062 0.618164 0.286328 0.621582 0.285938 0.621582 0.285547 0.62207 0.285156 0.62207 0.284766 0.622559 0.284375 0.622559 0.283984 0.623047 0.283594 0.623047 0.283203 0.623535 0.282813 0.623535 0.282031 0.624512 0.281641 0.624512 0.28125 0.625 0.280859 0.625 0.280469 0.625488 0.280078 0.625488 0.279687 0.625977 0.278906 0.625977 0.278516 0.626465 0.278125 0.626465 0.277734 0.626953 0.277344 0.626953 0.276953 0.627441 0.276562 0.627441 0.276172 0.62793 0.275781 0.62793 0.273438 0.630859 0.273438 0.631348 0.273047 0.631836 0.273047 0.632812 0.272656 0.633301 0.272656 0.634766 0.274219 0.636719 0.274609 0.636719 0.275 0.637207 0.275781 0.637207 0.276172 0.637695 0.277344 0.637695 0.277734 0.638184 0.278906 0.638184 0.279297 0.638672 0.280859 0.638672 0.28125 0.63916 0.283594 0.63916 0.283984 0.639648 0.291406 0.639648 0.291797 0.63916 0.292578 0.63916 0.292969 0.638672 0.293359 0.638672 0.29375 0.638184 0.294141 0.638184 0.294531 0.637695 0.294531 0.637207 0.295312 0.63623 0.295312 0.635742 0.295703 0.635254 0.295703 0.634766 0.296094 0.634277 0.296094 0.633789 0.296484 0.633301 0.296484 0.632324 0.296875 0.631836 0.296875 0.631348 0.297266 0.630859 0.297266 0.630371 0.298047 0.629395 0.298047 0.628906 0.298438 0.628418 0.298438 0.62793 0.299219 0.626953 0.299219 0.626465 0.299609 0.625977 0.299609 0.625488 0.3 0.625 0.3 0.624512 0.300391 0.624023 0.300391 0.623535 0.301172 0.622559 0.301172 0.62207 0.301563 0.621582 0.301563 0.621094 0.301953 0.620605 0.301953 0.620117 0.302344 0.619629 0.302344 0.619141 0.302734 0.618652 0.302734 0.617188 0.303125 0.616699 0.303125 0.610352 0.302734 0.609863 0.302734 0.609375 0.302344 0.608887 0.302344 0.608398 0.301953 0.60791 0.301563 0.60791 0.301172 0.607422 0.300391 0.607422 0.3 0.606934
