1 0.554688 0.806152 0.555078 0.812988 0.560547 0.819336 0.575781 0.827637 0.579688 0.825684 0.580078 0.822266 0.576953 0.814941 0.56875 0.806641 0.560937 0.803223 0.55625 0.804199
1 0.635938 0.812988 0.630859 0.815918 0.628125 0.823242 0.628125 0.837402 0.630469 0.842773 0.635938 0.842285 0.639453 0.833984 0.639453 0.817871
1 0.321094 0.722656 0.318359 0.723633 0.317188 0.726562 0.316406 0.740723 0.318359 0.750977 0.322266 0.752441 0.325391 0.748047 0.326562 0.729492 0.324609 0.724609
1 0.308984 0.716309 0.30625 0.715332 0.298438 0.720703 0.295312 0.73291 0.295312 0.736816 0.296875 0.739258 0.301563 0.738281 0.308203 0.72998 0.310156 0.725098 0.310156 0.718262
1 0.291797 0.777344 0.287109 0.778809 0.282813 0.783691 0.276562 0.801758 0.278125 0.806641 0.284766 0.804688 0.291406 0.794434 0.293359 0.788086 0.293359 0.779297
1 0.317188 0.835449 0.314063 0.833984 0.310156 0.835938 0.299609 0.845703 0.294922 0.852539 0.294141 0.859375 0.301563 0.861328 0.310547 0.857422 0.317969 0.842773
1 0.341406 0.810059 0.3375 0.810547 0.330469 0.817383 0.321094 0.82959 0.320703 0.834473 0.326172 0.836426 0.334375 0.831543 0.342578 0.818848 0.342578 0.812012
1 0.326953 0.782227 0.328516 0.788086 0.341016 0.797852 0.35 0.801758 0.353516 0.800293 0.351172 0.791016 0.344141 0.783203 0.333984 0.779297
1 0.507422 0.771973 0.498828 0.773926 0.493359 0.779297 0.489844 0.788574 0.491406 0.794922 0.494531 0.795898 0.498828 0.79248 0.508594 0.776855
1 0.544531 0.718262 0.539453 0.718262 0.532813 0.724121 0.529687 0.733887 0.530078 0.739746 0.533984 0.740234 0.545312 0.724609
1 0.646094 0.8125 0.644141 0.818359 0.645703 0.837402 0.649219 0.84375 0.653906 0.844238 0.655859 0.838867 0.654687 0.821777 0.650781 0.812988
1 0.701953 0.780273 0.696484 0.78418 0.689844 0.805664 0.689844 0.814453 0.693359 0.817871 0.699219 0.816895 0.702344 0.811035 0.704688 0.786621
1 0.759375 0.731934 0.762109 0.737305 0.770312 0.739746 0.779297 0.739746 0.784375 0.736816 0.784375 0.73291 0.780859 0.727539 0.774609 0.725098 0.764062 0.727051
1 0.856641 0.643066 0.853516 0.645996 0.852734 0.662598 0.854297 0.668945 0.858203 0.671875 0.862891 0.666992 0.863672 0.655762 0.861328 0.647461
1 0.764453 0.578613 0.761328 0.576172 0.755078 0.576172 0.747266 0.579102 0.742578 0.583008 0.741797 0.589355 0.74375 0.592285 0.748047 0.592285 0.761719 0.585449 0.764453 0.581543
1 0.744922 0.48877 0.739844 0.494141 0.733594 0.509766 0.733594 0.515137 0.735547 0.518555 0.741016 0.51416 0.746875 0.499023 0.746875 0.490723
1 0.705859 0.421875 0.701562 0.424805 0.698828 0.43457 0.697266 0.456543 0.699609 0.458984 0.703125 0.458008 0.707031 0.453613 0.710547 0.443359 0.710156 0.430664
1 0.665234 0.413574 0.662109 0.416016 0.660937 0.419434 0.661719 0.428223 0.666406 0.436523 0.670703 0.44043 0.675 0.441406 0.677344 0.439453 0.678125 0.435547 0.675391 0.423828 0.670312 0.415527
1 0.654297 0.435059 0.649219 0.437012 0.64375 0.450684 0.643359 0.461914 0.646875 0.467285 0.651563 0.46582 0.655469 0.45752 0.657031 0.440918
1 0.61875 0.404297 0.614453 0.411133 0.616016 0.42334 0.61875 0.431641 0.622266 0.436035 0.626563 0.436523 0.629297 0.431641 0.628906 0.420898 0.624219 0.408203
1 0.603516 0.465332 0.599609 0.465332 0.592578 0.471191 0.589453 0.478516 0.589453 0.483887 0.591016 0.487305 0.595313 0.487305 0.601562 0.474609
1 0.603125 0.549805 0.598047 0.551758 0.595313 0.556641 0.594141 0.562988 0.594922 0.574219 0.598828 0.578613 0.601172 0.576172 0.605859 0.561035 0.605859 0.555176
1 0.589063 0.558594 0.579297 0.562988 0.571484 0.57373 0.569922 0.578613 0.570703 0.585449 0.576953 0.584473 0.585547 0.574219 0.590234 0.564941 0.590234 0.560059
1 0.505078 0.40332 0.502734 0.400879 0.497656 0.400879 0.494141 0.402832 0.4875 0.410645 0.485938 0.414551 0.486719 0.42041 0.491016 0.422363 0.498047 0.418457 0.504297 0.40918
1 0.494688 0.346484 0.486719 0.364258 0.484766 0.371094 0.485547 0.380859 0.486289 0.409717 0.492578 0.380859 0.495312 0.372559 0.494922 0.367188
1 0.335547 0.387695 0.337891 0.391602 0.346875 0.393066 0.357031 0.390625 0.359766 0.388184 0.360156 0.385254 0.355859 0.379883 0.346094 0.378906 0.337891 0.382812
1 0.442969 0.392578 0.440234 0.391113 0.430469 0.391602 0.425 0.396484 0.424219 0.401367 0.428125 0.405762 0.436719 0.405273 0.441406 0.401855 0.443359 0.398438
1 0.374219 0.471191 0.373828 0.475098 0.375391 0.479004 0.379688 0.484375 0.3875 0.486328 0.391016 0.48291 0.390625 0.478027 0.385547 0.470703 0.377734 0.469238
1 0.405859 0.524902 0.405859 0.532715 0.408984 0.536133 0.414453 0.537598 0.428516 0.536621 0.428906 0.533203 0.427734 0.53125 0.418359 0.524902 0.407813 0.521973
1 0.153516 0.663574 0.150781 0.669434 0.151562 0.689941 0.153516 0.697754 0.155469 0.699707 0.158594 0.699707 0.163281 0.69043 0.162891 0.678711 0.158203 0.666016
1 0.0449219 0.73877 0.0453125 0.748047 0.0511719 0.756836 0.0570312 0.76123 0.0613281 0.76123 0.0652344 0.758789 0.0664062 0.751465 0.0601563 0.741699 0.0523438 0.736816 0.0484375 0.736328
1 0.130469 0.637695 0.129688 0.644043 0.133594 0.654297 0.138281 0.659668 0.14375 0.661621 0.145703 0.657227 0.142578 0.646484 0.135547 0.638184
1 0.271484 0.719727 0.267578 0.71875 0.264062 0.72168 0.261328 0.72998 0.2625 0.736816 0.266797 0.736816 0.271094 0.732422 0.272656 0.728027
1 0.268359 0.678711 0.260547 0.683105 0.255078 0.689941 0.253125 0.695801 0.255078 0.701172 0.261328 0.69873 0.264844 0.694336 0.269141 0.683594
1 0.280078 0.653809 0.275781 0.65625 0.273047 0.663086 0.272266 0.675293 0.274219 0.678223 0.276562 0.677734 0.280859 0.669922 0.282031 0.659668
1 0.444531 0.862793 0.440625 0.864258 0.432422 0.876465 0.430469 0.883789 0.431641 0.890625 0.436719 0.89209 0.444141 0.88623 0.446484 0.87793 0.446484 0.868164
1 0.160547 0.481934 0.160156 0.490234 0.165234 0.502441 0.170313 0.509277 0.174609 0.510254 0.178125 0.50293 0.176172 0.494141 0.168359 0.483887 0.163672 0.481445
1 0.169141 0.45752 0.172656 0.468262 0.180859 0.475098 0.185156 0.475098 0.188281 0.47168 0.188672 0.466309 0.184766 0.461914 0.174609 0.456543
1 0.185547 0.367676 0.180859 0.371094 0.179297 0.378418 0.179297 0.394043 0.180469 0.400391 0.182031 0.401367 0.186719 0.395996 0.188281 0.385254 0.188281 0.372559
1 0.163672 0.404785 0.162109 0.40332 0.157031 0.40332 0.15 0.405762 0.142578 0.415039 0.142578 0.422363 0.147266 0.423828 0.154688 0.420898 0.162891 0.411133
1 0.0929688 0.383789 0.0898438 0.380859 0.0796875 0.382812 0.0679687 0.391602 0.0671875 0.396973 0.0753906 0.400879 0.0835937 0.398438 0.0925781 0.389648
1 0.0992187 0.351562 0.100391 0.357422 0.103906 0.362305 0.109766 0.365723 0.114062 0.365234 0.114062 0.36084 0.108203 0.353516 0.104297 0.351074
1 0.152734 0.333984 0.151172 0.331543 0.147266 0.330078 0.139844 0.331055 0.131641 0.336426 0.13125 0.341797 0.137891 0.345215 0.146484 0.34375 0.151953 0.338867
1 0.127734 0.31543 0.128125 0.321289 0.133984 0.328125 0.139453 0.32959 0.145703 0.326172 0.146094 0.321777 0.139844 0.315918 0.133203 0.313965
1 0.217578 0.348633 0.2125 0.348633 0.205469 0.353516 0.198437 0.363281 0.197266 0.370117 0.202344 0.370605 0.2125 0.362305 0.217188 0.355957
1 0.231641 0.380859 0.227344 0.378906 0.219922 0.382324 0.210938 0.391602 0.211328 0.395996 0.217188 0.396973 0.221484 0.394531 0.231641 0.385254
1 0.230078 0.301758 0.230859 0.305664 0.233203 0.308105 0.2375 0.30957 0.241797 0.308105 0.241406 0.303711 0.239063 0.30127 0.232031 0.299805
1 0.345703 0.302246 0.345703 0.311035 0.353125 0.320801 0.360938 0.32666 0.365625 0.327148 0.368359 0.322754 0.367578 0.317871 0.361719 0.307129 0.350391 0.299805
1 0.376953 0.290527 0.375 0.293945 0.375 0.300293 0.377734 0.310059 0.380859 0.314453 0.392578 0.31543 0.393359 0.313965 0.392188 0.312012 0.389453 0.3125 0.388281 0.311035 0.385937 0.300293 0.382031 0.291992
1 0.407813 0.322266 0.403516 0.322754 0.394922 0.331543 0.391797 0.337402 0.392578 0.345703 0.396484 0.345703 0.404297 0.336426 0.408594 0.326172
1 0.454688 0.322266 0.451172 0.322266 0.446484 0.333008 0.444531 0.348633 0.446094 0.351074 0.448047 0.351074 0.453125 0.343262 0.455859 0.330078
1 0.459375 0.344727 0.457031 0.349609 0.458594 0.36084 0.466406 0.367676 0.470703 0.369629 0.474609 0.369141 0.475 0.360352 0.465234 0.346191 0.462891 0.344238
1 0.145703 0.39209 0.145313 0.392578 0.142187 0.392578 0.141797 0.393066 0.140234 0.393066 0.139453 0.394043 0.138281 0.394043 0.137891 0.394531 0.136719 0.394531 0.136328 0.39502 0.134375 0.39502 0.133203 0.396484 0.133203 0.397461 0.132031 0.398926 0.132031 0.400879 0.133984 0.40332 0.134375 0.40332 0.135156 0.404297 0.135937 0.404297 0.136328 0.404785 0.136719 0.404785 0.137109 0.405273 0.141016 0.405273 0.141406 0.404785 0.149609 0.404785 0.15 0.404297 0.152344 0.404297 0.152734 0.403809 0.153125 0.403809 0.153516 0.40332 0.15625 0.40332 0.156641 0.402832 0.157812 0.402832 0.158203 0.402344 0.158984 0.402344 0.160938 0.399902 0.160938 0.395996 0.159766 0.394531 0.158984 0.394531 0.158594 0.394043 0.156641 0.394043 0.15625 0.393555 0.155859 0.393555 0.155469 0.393066 0.154297 0.393066 0.153906 0.392578 0.153516 0.392578 0.153125 0.39209
1 0.148047 0.282715 0.148828 0.287598 0.158594 0.303223 0.165625 0.308105 0.168359 0.307129 0.167578 0.29834 0.162891 0.289551 0.154688 0.282715
1 0.119922 0.18457 0.119922 0.189453 0.125391 0.198242 0.135156 0.203613 0.139844 0.204102 0.142578 0.202148 0.142187 0.197754 0.135156 0.188477 0.123828 0.182129
1 0.146875 0.11084 0.145313 0.113281 0.145313 0.117188 0.15 0.135254 0.153906 0.13623 0.15625 0.127441 0.155078 0.118652 0.151562 0.112793
1 0.167187 0.0854492 0.165625 0.0874023 0.165625 0.0922852 0.174609 0.10498 0.182422 0.110352 0.183594 0.102051 0.180078 0.0913086 0.173437 0.0854492
1 0.117969 0.0678711 0.111328 0.0678711 0.103906 0.0761719 0.0992187 0.0883789 0.1 0.0942383 0.103906 0.0947266 0.107813 0.0927734 0.119922 0.0795898 0.120703 0.0717773
1 0.299609 0.125488 0.295703 0.129395 0.294141 0.135254 0.295703 0.149414 0.298438 0.15332 0.303125 0.147949 0.305469 0.138672 0.304688 0.129883 0.302734 0.126465
1 0.365625 0.234863 0.364063 0.241699 0.366797 0.258301 0.368359 0.261719 0.372656 0.263184 0.375 0.256836 0.373437 0.244629 0.370312 0.237793
1 0.461719 0.17627 0.458203 0.181641 0.458594 0.193848 0.463672 0.204102 0.466797 0.206543 0.470313 0.206543 0.471484 0.205078 0.471484 0.195801 0.467578 0.180664 0.464453 0.176758
1 0.494141 0.177734 0.496484 0.18457 0.501953 0.188477 0.513672 0.189453 0.517969 0.185059 0.517578 0.181152 0.515625 0.178711 0.510156 0.175781 0.5 0.174805
1 0.505078 0.123535 0.497656 0.124512 0.489453 0.133301 0.484766 0.142578 0.483984 0.150879 0.485156 0.15332 0.491016 0.154297 0.499219 0.146973 0.505859 0.131348 0.50625 0.125977
1 0.546875 0.0834961 0.539453 0.0834961 0.528516 0.0957031 0.528125 0.100586 0.530078 0.101074 0.543359 0.0932617 0.546484 0.0883789
1 0.40625 0.0219727 0.405469 0.0258789 0.409375 0.0336914 0.419141 0.0410156 0.425391 0.0415039 0.425 0.0332031 0.419922 0.0253906 0.411719 0.0205078
1 0.459766 0.050293 0.455469 0.0507812 0.447266 0.0581055 0.442578 0.0654297 0.441016 0.0727539 0.444141 0.0742188 0.451172 0.0693359 0.458984 0.0581055 0.460547 0.0537109
1 0.350781 0.0424805 0.349219 0.0458984 0.350391 0.0561523 0.360156 0.0708008 0.366406 0.0717773 0.368359 0.0683594 0.36875 0.0634766 0.365625 0.0541992 0.357422 0.043457 0.353906 0.0415039
1 0.283984 0.0483398 0.284766 0.0585938 0.289844 0.0698242 0.294922 0.0732422 0.298828 0.0727539 0.299609 0.0678711 0.29375 0.0561523 0.287891 0.0483398
1 0.0589844 0.0639648 0.05625 0.0625 0.05 0.0664062 0.0429688 0.0751953 0.0433594 0.0795898 0.0484375 0.0805664 0.053125 0.0771484 0.0582031 0.0698242
1 0.395313 0.213867 0.394141 0.215332 0.394141 0.21582 0.39375 0.216309 0.39375 0.216797 0.390625 0.220703 0.390625 0.221191 0.390234 0.22168 0.390234 0.222168 0.388281 0.224609 0.387891 0.224609 0.3875 0.225098 0.386719 0.225098 0.385156 0.227051 0.383984 0.227051 0.383203 0.228027 0.382812 0.228027 0.382031 0.229004 0.38125 0.229004 0.380469 0.22998 0.379688 0.22998 0.376953 0.233398 0.376953 0.233887 0.376172 0.234863 0.376172 0.237793 0.375391 0.23877 0.375391 0.239746 0.375 0.240234 0.375 0.246582 0.375391 0.24707 0.375391 0.247559 0.375781 0.248047 0.375781 0.248535 0.376172 0.249023 0.376172 0.25 0.376563 0.250488 0.376563 0.254395 0.377734 0.255859 0.380469 0.255859 0.382422 0.253418 0.382422 0.25293 0.382812 0.252441 0.382812 0.251953 0.383594 0.250977 0.383594 0.25 0.383984 0.249512 0.383984 0.249023 0.385156 0.247559 0.385156 0.24707 0.385547 0.246582 0.385547 0.246094 0.386719 0.244629 0.387109 0.244629 0.392969 0.237305 0.392969 0.236816 0.393359 0.236328 0.393359 0.235352 0.394141 0.234375 0.394141 0.233887 0.394531 0.233398 0.394531 0.231934 0.395703 0.230469 0.395703 0.229004 0.396484 0.228027 0.396484 0.227539 0.397266 0.226562 0.397266 0.225586 0.398438 0.224121 0.398438 0.223633 0.399219 0.222656 0.399219 0.217773 0.398438 0.216797 0.398438 0.215332 0.397266 0.213867
1 0.342578 0.0522461 0.341406 0.0537109 0.341406 0.0595703 0.341797 0.0600586 0.341797 0.0615234 0.342187 0.0620117 0.342187 0.0625 0.342969 0.0634766 0.342969 0.0654297 0.344141 0.0668945 0.344141 0.0673828 0.344531 0.0678711 0.344531 0.0683594 0.346484 0.0708008 0.346484 0.0712891 0.348047 0.0732422 0.348047 0.0737305 0.349219 0.0751953 0.349219 0.0756836 0.350391 0.0771484 0.350781 0.0771484 0.351562 0.078125 0.359766 0.078125 0.360938 0.0766602 0.360938 0.0727539 0.360156 0.0717773 0.360156 0.0708008 0.358203 0.0683594 0.357812 0.0683594 0.35625 0.0664062 0.35625 0.065918 0.355469 0.0649414 0.355469 0.0644531 0.354297 0.0629883 0.354297 0.0625 0.351562 0.059082 0.350781 0.059082 0.35 0.0581055 0.349609 0.0581055 0.348828 0.0571289 0.348438 0.0571289 0.347656 0.0561523 0.346875 0.0561523 0.345313 0.0541992 0.345313 0.0537109 0.344141 0.0522461
1 0.646875 0.0722656 0.644531 0.0751953 0.644531 0.0834961 0.649609 0.0991211 0.655078 0.103516 0.658203 0.0966797 0.657031 0.0874023 0.652734 0.0756836 0.650781 0.0732422
1 0.693359 0.0375977 0.689063 0.034668 0.677734 0.0366211 0.670312 0.0410156 0.66875 0.0458984 0.675781 0.0498047 0.685156 0.0488281 0.692578 0.043457
1 0.689063 0.171387 0.683984 0.169922 0.676172 0.17334 0.671875 0.181152 0.671484 0.189453 0.676172 0.189941 0.684766 0.182617 0.689063 0.174805
1 0.717969 0.212402 0.712109 0.211914 0.703516 0.219727 0.698828 0.229004 0.699609 0.237305 0.705859 0.237793 0.716406 0.228516 0.719922 0.217285
1 0.645703 0.290039 0.639844 0.286133 0.625781 0.287598 0.615234 0.295898 0.614453 0.302246 0.615625 0.304199 0.621484 0.306641 0.629297 0.305664 0.644531 0.294434
1 0.608594 0.320312 0.607422 0.318848 0.603125 0.318848 0.592578 0.325684 0.588672 0.331055 0.589063 0.337402 0.591016 0.339355 0.597656 0.339355 0.607031 0.334473 0.609375 0.328125
2 0.346875 0.365723 0.346484 0.366211 0.344141 0.366211 0.34375 0.366699 0.342969 0.366699 0.342578 0.367188 0.340625 0.367188 0.339844 0.368164 0.339453 0.368164 0.339062 0.368652 0.336328 0.368652 0.335938 0.369141 0.335156 0.369141 0.334766 0.369629 0.332813 0.369629 0.332422 0.370117 0.330078 0.370117 0.329688 0.370605 0.327734 0.370605 0.327344 0.371094 0.326953 0.371094 0.326562 0.371582 0.325391 0.371582 0.325 0.37207 0.324609 0.37207 0.324219 0.372559 0.323828 0.372559 0.323437 0.373047 0.322656 0.373047 0.321875 0.374023 0.321484 0.374023 0.320312 0.375488 0.319922 0.375488 0.31875 0.376953 0.31875 0.381836 0.319922 0.383301 0.322266 0.383301 0.322656 0.382812 0.323047 0.382812 0.323437 0.382324 0.323828 0.382324 0.324609 0.381348 0.325 0.381348 0.325781 0.380371 0.326172 0.380859 0.327734 0.380859 0.328125 0.380371 0.329297 0.380371 0.329688 0.379883 0.330469 0.379883 0.330859 0.379395 0.331641 0.379395 0.332031 0.378906 0.332813 0.378906 0.333203 0.378418 0.333594 0.378418 0.333984 0.37793 0.335156 0.37793 0.335547 0.377441 0.3375 0.377441 0.337891 0.376953 0.338281 0.376953 0.338672 0.376465 0.340234 0.376465 0.340625 0.375977 0.343359 0.375977 0.344141 0.375 0.345313 0.375 0.345703 0.374512 0.346484 0.374512 0.346875 0.374023 0.347656 0.374023 0.348828 0.372559 0.349609 0.372559 0.351172 0.370605 0.351172 0.367188 0.35 0.365723
2 0.308984 0.367188 0.307812 0.368652 0.307812 0.371582 0.308203 0.37207 0.308203 0.373047 0.308594 0.373535 0.308594 0.374023 0.308203 0.374512 0.308203 0.378906 0.308594 0.379395 0.308594 0.379883 0.309766 0.381348 0.309766 0.382812 0.310156 0.383301 0.310156 0.383789 0.311719 0.385742 0.311719 0.38623 0.312109 0.386719 0.312109 0.388184 0.3125 0.388672 0.3125 0.389648 0.312891 0.390137 0.312891 0.390625 0.313281 0.391113 0.313281 0.39209 0.314063 0.393066 0.314063 0.394043 0.314453 0.394531 0.314453 0.395996 0.316797 0.398926 0.31875 0.398926 0.319922 0.397461 0.319922 0.395508 0.320703 0.394531 0.320703 0.388184 0.320312 0.387695 0.320312 0.386719 0.319922 0.38623 0.319922 0.385742 0.319531 0.385254 0.319531 0.383789 0.319141 0.383301 0.319141 0.382812 0.317969 0.381348 0.317969 0.380371 0.317188 0.379395 0.317188 0.378906 0.316406 0.37793 0.316406 0.376953 0.314844 0.375 0.314844 0.374512 0.314453 0.374023 0.314453 0.373535 0.311719 0.370117 0.311719 0.368652 0.310547 0.367188
2 0.334375 0.318359 0.333203 0.319824 0.333203 0.320312 0.332813 0.320801 0.332031 0.320801 0.331641 0.321289 0.33125 0.321289 0.330469 0.322266 0.327734 0.322266 0.327344 0.322754 0.326172 0.322754 0.325781 0.323242 0.323047 0.323242 0.322656 0.32373 0.322266 0.32373 0.321875 0.324219 0.315234 0.324219 0.314844 0.324707 0.312891 0.324707 0.3125 0.325195 0.311328 0.325195 0.310156 0.32666 0.310156 0.32959 0.311328 0.331055 0.3125 0.331055 0.312891 0.331543 0.31875 0.331543 0.319141 0.331055 0.321484 0.331055 0.322266 0.330078 0.323047 0.330078 0.323437 0.32959 0.324219 0.32959 0.324609 0.329102 0.325781 0.329102 0.326562 0.328125 0.329297 0.328125 0.329688 0.327637 0.330859 0.327637 0.33125 0.327148 0.332422 0.327148 0.333203 0.326172 0.333594 0.326172 0.333984 0.325684 0.334375 0.325684 0.334766 0.325195 0.335547 0.325195 0.336719 0.32373 0.336719 0.323242 0.337109 0.322754 0.337109 0.319824 0.335938 0.318359
2 0.371875 0.36084 0.370312 0.362793 0.369922 0.362793 0.369531 0.363281 0.369141 0.363281 0.367969 0.364746 0.367969 0.368652 0.36875 0.369629 0.36875 0.370117 0.369922 0.371582 0.369922 0.372559 0.374219 0.37793 0.375 0.37793 0.376563 0.379883 0.376953 0.379883 0.377344 0.380371 0.378516 0.380371 0.379297 0.381348 0.379688 0.381348 0.38125 0.383301 0.381641 0.383301 0.382031 0.383789 0.382812 0.383789 0.384375 0.385742 0.384766 0.385742 0.385547 0.386719 0.386328 0.386719 0.386719 0.387207 0.387109 0.387207 0.387891 0.388184 0.388281 0.388184 0.388672 0.388672 0.389062 0.388672 0.389453 0.38916 0.394141 0.38916 0.394531 0.388672 0.398047 0.388672 0.399219 0.387207 0.399219 0.384766 0.397656 0.382812 0.397656 0.381348 0.395313 0.378418 0.394922 0.378418 0.394141 0.377441 0.39375 0.377441 0.392969 0.376465 0.392578 0.376465 0.391797 0.375488 0.390234 0.375488 0.3875 0.37207 0.387109 0.37207 0.386328 0.371094 0.385937 0.371094 0.385156 0.370117 0.384766 0.370117 0.384375 0.369629 0.383984 0.369629 0.382031 0.367188 0.38125 0.367188 0.380469 0.366211 0.380078 0.366211 0.378906 0.364746 0.378516 0.364746 0.378125 0.364258 0.377734 0.364258 0.376563 0.362793 0.376172 0.362793 0.375781 0.362305 0.375391 0.362305 0.375 0.361816 0.374609 0.361816 0.374219 0.361328 0.373828 0.361328 0.373437 0.36084
2 0.438672 0.371094 0.4375 0.372559 0.437109 0.372559 0.436719 0.373047 0.436328 0.373047 0.435937 0.373535 0.435156 0.373535 0.434766 0.374023 0.433984 0.374023 0.433594 0.374512 0.433203 0.374512 0.432812 0.375 0.432031 0.375 0.431641 0.375488 0.429297 0.375488 0.428906 0.375977 0.426563 0.375977 0.426172 0.376465 0.421875 0.376465 0.421484 0.376953 0.419922 0.376953 0.419531 0.377441 0.41875 0.377441 0.418359 0.37793 0.417969 0.37793 0.415625 0.380859 0.415625 0.381348 0.415234 0.381836 0.415234 0.386719 0.416406 0.388184 0.416797 0.388184 0.417187 0.388672 0.420703 0.388672 0.421094 0.388184 0.421875 0.388184 0.422266 0.387695 0.422656 0.387695 0.423047 0.387207 0.423438 0.387207 0.424219 0.38623 0.424609 0.38623 0.425 0.385742 0.425391 0.385742 0.425781 0.385254 0.426172 0.385254 0.426563 0.384766 0.426953 0.384766 0.427344 0.384277 0.427734 0.384277 0.428125 0.383789 0.428516 0.383789 0.428906 0.383301 0.429297 0.383301 0.429688 0.382812 0.430469 0.382812 0.430859 0.382324 0.432812 0.382324 0.433594 0.381348 0.435547 0.381348 0.436328 0.380371 0.437109 0.380371 0.4375 0.379883 0.437891 0.379883 0.438281 0.379395 0.438672 0.379395 0.439063 0.378906 0.439453 0.378906 0.440234 0.37793 0.441016 0.37793 0.442188 0.376465 0.442188 0.375488 0.442969 0.374512 0.442969 0.372559 0.441797 0.371094
2 0.397266 0.349609 0.396875 0.350098 0.396484 0.350098 0.395313 0.351562 0.39375 0.351562 0.392578 0.353027 0.392578 0.35498 0.39375 0.356445 0.394141 0.356445 0.395313 0.35791 0.396094 0.35791 0.396484 0.358398 0.397656 0.358398 0.398438 0.359375 0.399219 0.359375 0.399609 0.359863 0.4 0.359863 0.400391 0.360352 0.401172 0.360352 0.401562 0.36084 0.402344 0.36084 0.402734 0.361328 0.403125 0.361328 0.403906 0.362305 0.404297 0.362305 0.405078 0.363281 0.40625 0.363281 0.407031 0.364258 0.407422 0.364258 0.407813 0.364746 0.408203 0.364746 0.408594 0.365234 0.409766 0.365234 0.410547 0.366211 0.410938 0.366211 0.411328 0.366699 0.412109 0.366699 0.4125 0.367188 0.414062 0.367188 0.414453 0.367676 0.414844 0.367676 0.415234 0.368164 0.416016 0.368164 0.417578 0.370117 0.41875 0.370117 0.419141 0.370605 0.419922 0.370605 0.420312 0.371094 0.421484 0.371094 0.421875 0.371582 0.422266 0.371582 0.422656 0.37207 0.425 0.37207 0.425391 0.372559 0.428906 0.372559 0.429297 0.37207 0.43125 0.37207 0.432031 0.371094 0.433203 0.371094 0.433594 0.370605 0.433984 0.370605 0.434375 0.370117 0.437109 0.370117 0.4375 0.369629 0.438281 0.369629 0.438672 0.369141 0.439453 0.369141 0.440625 0.367676 0.440625 0.365723 0.439453 0.364258 0.431641 0.364258 0.43125 0.364746 0.428906 0.364746 0.426953 0.362305 0.425391 0.362305 0.425 0.361816 0.423438 0.361816 0.421484 0.359375 0.420703 0.359375 0.419141 0.357422 0.418359 0.357422 0.417969 0.356934 0.417578 0.356934 0.417187 0.356445 0.416797 0.356445 0.416016 0.355469 0.415234 0.355469 0.414844 0.35498 0.414062 0.35498 0.413672 0.354492 0.413281 0.354492 0.4125 0.353516 0.411328 0.353516 0.410547 0.352539 0.409766 0.352539 0.409375 0.352051 0.408594 0.352051 0.408203 0.351562 0.407813 0.351562 0.407422 0.351074 0.407031 0.351074 0.406641 0.350586 0.404687 0.350586 0.404297 0.350098 0.403906 0.350098 0.403516 0.349609
2 0.451172 0.275391 0.45 0.276855 0.45 0.277832 0.449609 0.27832 0.449609 0.280762 0.45 0.28125 0.45 0.282227 0.450391 0.282715 0.450391 0.286133 0.450781 0.286621 0.450781 0.291992 0.45 0.292969 0.45 0.293457 0.449609 0.293945 0.449609 0.29541 0.448047 0.297363 0.448047 0.297852 0.445703 0.300781 0.445703 0.30127 0.444922 0.302246 0.444922 0.303223 0.444141 0.304199 0.444141 0.304688 0.44375 0.305176 0.44375 0.306152 0.442969 0.307129 0.442969 0.310059 0.442188 0.311035 0.442188 0.311523 0.441797 0.312012 0.441797 0.31543 0.442969 0.316895 0.444922 0.316895 0.445312 0.316406 0.445703 0.316406 0.447656 0.313965 0.447656 0.3125 0.448047 0.312012 0.448047 0.311523 0.448437 0.311035 0.448437 0.310547 0.449609 0.309082 0.449609 0.308594 0.452344 0.305176 0.452344 0.304688 0.454297 0.302246 0.454297 0.30127 0.455078 0.300293 0.455078 0.298828 0.455469 0.29834 0.455469 0.297363 0.455859 0.296875 0.455859 0.280273 0.455078 0.279297 0.455078 0.278809 0.454297 0.277832 0.454297 0.276855 0.453125 0.275391
2 0.458984 0.308594 0.457813 0.310059 0.457813 0.3125 0.458203 0.312988 0.458203 0.313477 0.458594 0.313965 0.458594 0.314941 0.458984 0.31543 0.458984 0.316406 0.459766 0.317383 0.459766 0.318359 0.460156 0.318848 0.460156 0.319336 0.460547 0.319824 0.460547 0.320801 0.460938 0.321289 0.460938 0.322754 0.461328 0.323242 0.461328 0.324707 0.462109 0.325684 0.462109 0.32666 0.462891 0.327637 0.462891 0.337402 0.463281 0.337891 0.463281 0.344727 0.463672 0.345215 0.463672 0.346191 0.464844 0.347656 0.464844 0.348633 0.467578 0.352051 0.467969 0.352051 0.469922 0.354492 0.471875 0.354492 0.472266 0.35498 0.473828 0.35498 0.474219 0.355469 0.477344 0.355469 0.478906 0.353516 0.479687 0.353516 0.48125 0.351562 0.48125 0.347656 0.479297 0.345215 0.478125 0.345215 0.477734 0.344727 0.477344 0.344727 0.476953 0.344238 0.475781 0.344238 0.475 0.343262 0.474219 0.343262 0.473438 0.342285 0.473828 0.341797 0.473828 0.335938 0.473047 0.334961 0.473047 0.334473 0.472656 0.333984 0.472656 0.332031 0.472266 0.331543 0.472266 0.331055 0.471875 0.330566 0.471875 0.330078 0.471094 0.329102 0.471094 0.327637 0.470703 0.327148 0.470703 0.32666 0.470313 0.326172 0.470313 0.325684 0.469922 0.325195 0.469922 0.324707 0.469531 0.324219 0.469531 0.32373 0.469141 0.323242 0.469141 0.322266 0.46875 0.321777 0.46875 0.320801 0.467969 0.319824 0.467969 0.318848 0.467578 0.318359 0.467578 0.317383 0.466406 0.315918 0.466406 0.314941 0.466016 0.314453 0.466016 0.312012 0.465625 0.311523 0.465625 0.311035 0.464062 0.309082 0.4625 0.309082 0.461719 0.310059 0.460547 0.308594
2 0.619141 0.205078 0.611719 0.20752 0.602734 0.219238 0.600391 0.226562 0.600391 0.22998 0.602344 0.23291 0.607422 0.231934 0.616016 0.22168 0.619922 0.211426
2 0.584766 0.239746 0.580078 0.239258 0.566797 0.255371 0.565234 0.26123 0.567578 0.26416 0.575391 0.262207 0.581641 0.256836 0.585938 0.249023
2 0.635547 0.135742 0.633203 0.137207 0.621484 0.166016 0.621875 0.173828 0.627734 0.167969 0.635938 0.151855 0.637891 0.138672
2 0.716406 0.141602 0.708984 0.140137 0.707812 0.14209 0.709375 0.158203 0.704688 0.173828 0.704297 0.183105 0.709766 0.180176 0.717187 0.163086 0.717187 0.157715 0.720313 0.151367 0.720313 0.147949
2 0.537109 0.266602 0.533984 0.263184 0.530078 0.262207 0.513672 0.263672 0.509766 0.26709 0.508594 0.272461 0.511719 0.274902 0.530469 0.274414 0.535156 0.271973
2 0.358203 0.195801 0.358984 0.200684 0.364453 0.203613 0.382031 0.204102 0.388672 0.20166 0.387891 0.197266 0.385547 0.194824 0.373047 0.191895 0.360938 0.193359
2 0.558984 0.411133 0.560156 0.414062 0.577734 0.41748 0.588281 0.416992 0.585156 0.410156 0.576953 0.40625 0.563672 0.40625 0.560547 0.407715
2 0.577344 0.437988 0.573828 0.43457 0.5625 0.432129 0.556641 0.43457 0.553906 0.4375 0.545703 0.437012 0.544531 0.44043 0.547656 0.447266 0.552734 0.447754 0.553516 0.446289 0.551172 0.443359 0.553516 0.441406 0.573438 0.441406 0.576953 0.44043
2 0.626563 0.453613 0.626953 0.459961 0.630859 0.467285 0.6375 0.471191 0.642969 0.470703 0.642578 0.467285 0.635156 0.458496 0.627734 0.452637
2 0.521484 0.349609 0.522266 0.357422 0.528906 0.363281 0.541797 0.365723 0.546094 0.361816 0.546094 0.35791 0.541016 0.353027 0.535937 0.352051 0.526563 0.34668 0.524219 0.34668
2 0.582422 0.375977 0.580859 0.374023 0.563672 0.374512 0.555859 0.376465 0.554297 0.380859 0.55625 0.382812 0.573047 0.384766 0.579688 0.381836
2 0.598437 0.294434 0.596094 0.291504 0.580078 0.291016 0.563281 0.294434 0.560156 0.297852 0.560156 0.299805 0.564453 0.303223 0.569922 0.303711 0.581641 0.300293 0.593359 0.299805 0.598047 0.296387
2 0.690625 0.305664 0.692187 0.30957 0.704297 0.323242 0.708203 0.325684 0.713672 0.325195 0.713672 0.320312 0.702344 0.307129 0.694141 0.304199
2 0.817969 0.416016 0.814063 0.412109 0.805859 0.414062 0.794531 0.422852 0.792969 0.427734 0.795312 0.429688 0.802344 0.428711 0.815625 0.42041
2 0.702734 0.402344 0.697656 0.40332 0.687109 0.416992 0.685937 0.42041 0.687109 0.425781 0.690234 0.426758 0.693359 0.424805 0.7 0.416504 0.701953 0.412109
2 0.684766 0.371094 0.684375 0.375977 0.689453 0.387695 0.696484 0.395996 0.701562 0.399902 0.704688 0.400391 0.705859 0.392578 0.704297 0.38916 0.689844 0.371094
2 0.620703 0.388672 0.623047 0.393555 0.631641 0.393555 0.645703 0.385742 0.647656 0.379883 0.642969 0.375977 0.636133 0.377637 0.631953 0.37832 0.624648 0.381592
2 0.629297 0.497559 0.626953 0.495605 0.603906 0.501953 0.598828 0.506348 0.598047 0.512207 0.599609 0.514648 0.607031 0.513672 0.628516 0.50293
2 0.618359 0.473633 0.618359 0.475586 0.627734 0.482422 0.631758 0.486865 0.649219 0.488281 0.654297 0.483398 0.654297 0.481445 0.650781 0.478027 0.645703 0.479004 0.631641 0.473633
2 0.780078 0.473145 0.775781 0.473145 0.768359 0.480469 0.761719 0.489258 0.762109 0.493164 0.766406 0.493652 0.774609 0.486328 0.777734 0.481445
2 0.710547 0.504883 0.711328 0.510742 0.716406 0.515625 0.721094 0.515625 0.728125 0.51123 0.728125 0.508789 0.725781 0.505371 0.720313 0.502441 0.7125 0.501465
2 0.735547 0.521973 0.733984 0.524902 0.733594 0.543457 0.734375 0.556641 0.737109 0.55957 0.740234 0.558594 0.741797 0.555176 0.742188 0.538086 0.740234 0.527832 0.737891 0.522949
2 0.601562 0.444336 0.601172 0.444824 0.598437 0.444824 0.597266 0.446289 0.596484 0.446289 0.596094 0.446777 0.595703 0.446777 0.594531 0.448242 0.592969 0.448242 0.592578 0.44873 0.591797 0.44873 0.590625 0.450195 0.589844 0.450195 0.589063 0.451172 0.588281 0.451172 0.5875 0.452148 0.586328 0.452148 0.585547 0.453125 0.585156 0.453125 0.584766 0.453613 0.584375 0.453613 0.583203 0.455078 0.583203 0.455566 0.582812 0.456055 0.582812 0.460449 0.584766 0.462891 0.585547 0.462891 0.585938 0.463379 0.593359 0.463379 0.59375 0.462891 0.594141 0.462891 0.594531 0.462402 0.594922 0.462402 0.595703 0.461426 0.596094 0.461426 0.596875 0.460449 0.597266 0.460449 0.599219 0.458008 0.599609 0.458008 0.601172 0.456055 0.601562 0.456055 0.602344 0.455078 0.602734 0.455078 0.605469 0.45166 0.605469 0.446777 0.605078 0.446289 0.605078 0.445801 0.603906 0.444336
2 0.571875 0.453125 0.570703 0.45459 0.570703 0.456543 0.572266 0.458496 0.572266 0.458984 0.573047 0.459961 0.573047 0.460449 0.573438 0.460938 0.573438 0.461914 0.573828 0.462402 0.573828 0.463379 0.574219 0.463867 0.574219 0.464355 0.574609 0.464844 0.574609 0.465332 0.575 0.46582 0.575 0.466309 0.575391 0.466797 0.575391 0.467773 0.575781 0.468262 0.575781 0.46875 0.576172 0.469238 0.576172 0.470703 0.576562 0.471191 0.576562 0.47168 0.576953 0.472168 0.576953 0.473633 0.577344 0.474121 0.577344 0.475586 0.577734 0.476074 0.577734 0.476562 0.578125 0.477051 0.578125 0.477539 0.579297 0.479004 0.580859 0.479004 0.58125 0.478516 0.581641 0.478516 0.583203 0.476562 0.583203 0.476074 0.583984 0.475098 0.583984 0.474121 0.584375 0.473633 0.584375 0.466309 0.583594 0.465332 0.583594 0.463379 0.582812 0.462402 0.582812 0.461914 0.581641 0.460449 0.581641 0.459961 0.58125 0.459473 0.58125 0.458984 0.580859 0.458496 0.580859 0.458008 0.579688 0.456543 0.579297 0.456543 0.576953 0.453613 0.574219 0.453613 0.573828 0.453125
2 0.555859 0.466309 0.554688 0.467773 0.554688 0.469727 0.555078 0.470215 0.554688 0.470703 0.554688 0.472656 0.555859 0.474121 0.557031 0.474121 0.559375 0.477051 0.560156 0.477051 0.560937 0.478027 0.561328 0.478027 0.5625 0.479492 0.563281 0.479492 0.563672 0.47998 0.564063 0.47998 0.564844 0.480957 0.565234 0.480957 0.565625 0.481445 0.566016 0.481445 0.566406 0.481934 0.566797 0.481934 0.567187 0.482422 0.567578 0.482422 0.56875 0.483887 0.569141 0.483887 0.570312 0.485352 0.570703 0.485352 0.571094 0.48584 0.573438 0.48584 0.574609 0.484375 0.574609 0.482422 0.573828 0.481445 0.573828 0.480957 0.573047 0.47998 0.573047 0.479492 0.570312 0.476074 0.569922 0.476074 0.569531 0.475586 0.569141 0.475586 0.567187 0.473145 0.566797 0.473145 0.566016 0.472168 0.565625 0.472168 0.564844 0.471191 0.564453 0.471191 0.562891 0.469238 0.5625 0.469238 0.560547 0.466797 0.559766 0.466797 0.559375 0.466309
2 0.505859 0.495117 0.505469 0.495605 0.504297 0.495605 0.503516 0.496582 0.501563 0.496582 0.501172 0.49707 0.500391 0.49707 0.499609 0.498047 0.498828 0.498047 0.498047 0.499023 0.496875 0.499023 0.496484 0.499512 0.494922 0.499512 0.49375 0.500977 0.493359 0.500977 0.492578 0.501953 0.491406 0.501953 0.491016 0.502441 0.490234 0.502441 0.489844 0.50293 0.489453 0.50293 0.488672 0.503906 0.488281 0.503906 0.4875 0.504883 0.487109 0.504883 0.486719 0.505371 0.485938 0.505371 0.485547 0.505859 0.485156 0.505859 0.484766 0.506348 0.483984 0.506348 0.482812 0.507812 0.482812 0.508301 0.482031 0.509277 0.482031 0.516113 0.482812 0.51709 0.482812 0.517578 0.483203 0.518066 0.483203 0.518555 0.484375 0.52002 0.484766 0.52002 0.486719 0.522461 0.490234 0.522461 0.491797 0.520508 0.492578 0.520508 0.494141 0.518555 0.494531 0.518555 0.496875 0.515625 0.497656 0.515625 0.498828 0.51416 0.498828 0.513672 0.499219 0.513184 0.5 0.513184 0.501563 0.51123 0.501563 0.510742 0.501953 0.510254 0.502734 0.510254 0.507422 0.504395 0.507812 0.504395 0.508984 0.50293 0.509375 0.50293 0.510547 0.501465 0.510547 0.499023 0.509375 0.497559 0.509375 0.496582 0.508203 0.495117
2 0.529687 0.461426 0.528516 0.462891 0.528516 0.464844 0.529687 0.466309 0.530078 0.466309 0.530859 0.467285 0.531641 0.467285 0.532031 0.467773 0.532031 0.468262 0.532422 0.46875 0.532422 0.469238 0.535156 0.472656 0.535156 0.473145 0.537891 0.476562 0.538281 0.476562 0.539062 0.477539 0.539062 0.478516 0.540625 0.480469 0.540625 0.480957 0.541797 0.482422 0.541797 0.483398 0.542578 0.484375 0.542578 0.486328 0.542969 0.486816 0.542969 0.487793 0.544141 0.489258 0.545703 0.489258 0.546875 0.487793 0.546875 0.483887 0.546484 0.483398 0.546484 0.481445 0.545703 0.480469 0.545703 0.479004 0.544531 0.477539 0.544531 0.476074 0.542969 0.474121 0.542969 0.473145 0.539844 0.469238 0.538672 0.469238 0.538281 0.46875 0.538281 0.468262 0.536719 0.466309 0.536328 0.466309 0.535547 0.465332 0.535547 0.464844 0.534375 0.463379 0.533984 0.463379 0.533594 0.462891 0.533203 0.462891 0.532031 0.461426
2 0.596094 0.343262 0.594922 0.344727 0.594922 0.346191 0.594531 0.34668 0.594531 0.347168 0.594141 0.347656 0.594141 0.348633 0.59375 0.349121 0.59375 0.350098 0.592969 0.351074 0.592969 0.352051 0.592578 0.352539 0.592578 0.353027 0.592187 0.353516 0.592187 0.355469 0.591797 0.355957 0.591797 0.35791 0.591406 0.358398 0.591406 0.359863 0.591016 0.360352 0.591016 0.377441 0.591406 0.37793 0.591406 0.378906 0.591797 0.379395 0.591797 0.380371 0.592187 0.380859 0.592187 0.381348 0.592969 0.382324 0.592969 0.384277 0.594922 0.386719 0.594922 0.387207 0.596875 0.389648 0.596875 0.390137 0.597266 0.390625 0.597266 0.391113 0.597656 0.391602 0.597656 0.39209 0.598047 0.392578 0.598047 0.393066 0.599219 0.394531 0.599609 0.394531 0.6 0.39502 0.600391 0.39502 0.601172 0.395996 0.603125 0.395996 0.603906 0.39502 0.604297 0.39502 0.605469 0.393555 0.605469 0.388184 0.603906 0.38623 0.603906 0.385742 0.603516 0.385254 0.603516 0.384766 0.603125 0.384277 0.603125 0.383789 0.602734 0.383301 0.602734 0.381836 0.601953 0.380859 0.601953 0.380371 0.601562 0.379883 0.601562 0.379395 0.601172 0.378906 0.601172 0.375488 0.600781 0.375 0.600781 0.368652 0.600391 0.368164 0.600391 0.366211 0.6 0.365723 0.6 0.362793 0.598828 0.361328 0.598828 0.36084 0.598047 0.359863 0.598047 0.352539 0.597656 0.352051 0.597656 0.351074 0.598047 0.350586 0.598047 0.350098 0.598437 0.349609 0.598437 0.349121 0.598828 0.348633 0.598828 0.348145 0.599219 0.347656 0.599219 0.344727 0.598047 0.343262
2 0.780078 0.361816 0.778906 0.363281 0.778906 0.365234 0.778125 0.366211 0.778125 0.368164 0.779297 0.369629 0.779687 0.369629 0.78125 0.371582 0.781641 0.371582 0.782031 0.37207 0.782422 0.37207 0.783203 0.373047 0.783203 0.373535 0.784375 0.375 0.784766 0.375 0.785937 0.376465 0.785937 0.376953 0.787109 0.378418 0.787891 0.378418 0.788672 0.379395 0.789453 0.379395 0.791016 0.381348 0.791406 0.381348 0.792188 0.382324 0.795703 0.382324 0.796094 0.381836 0.796484 0.381836 0.796875 0.382324 0.802734 0.382324 0.803906 0.380859 0.803906 0.376953 0.802344 0.375 0.801562 0.375 0.801172 0.374512 0.801172 0.374023 0.8 0.372559 0.798828 0.372559 0.798438 0.37207 0.798047 0.37207 0.797266 0.371094 0.796875 0.371094 0.794531 0.368164 0.792188 0.368164 0.790234 0.365723 0.789062 0.365723 0.788672 0.365234 0.788281 0.365234 0.787891 0.364746 0.7875 0.364746 0.787109 0.364258 0.786328 0.364258 0.785937 0.36377 0.784375 0.36377 0.783594 0.362793 0.782813 0.362793 0.782422 0.362305 0.782031 0.362305 0.781641 0.361816
2 0.797266 0.339844 0.795703 0.341797 0.794922 0.341797 0.794141 0.342773 0.793359 0.342773 0.787891 0.349609 0.786719 0.349609 0.785547 0.351074 0.783984 0.351074 0.783203 0.352051 0.780859 0.352051 0.780469 0.352539 0.780078 0.352539 0.779687 0.353027 0.777344 0.353027 0.775 0.355957 0.775 0.35791 0.776172 0.359375 0.779687 0.359375 0.780859 0.35791 0.781641 0.35791 0.782422 0.356934 0.784375 0.356934 0.784766 0.356445 0.785156 0.356445 0.785547 0.355957 0.787891 0.355957 0.788281 0.355469 0.790625 0.355469 0.791406 0.354492 0.792578 0.354492 0.792969 0.354004 0.793359 0.354004 0.79375 0.353516 0.794531 0.353516 0.796484 0.351074 0.796484 0.350586 0.798828 0.347656 0.798828 0.347168 0.799219 0.34668 0.799219 0.346191 0.8 0.345215 0.8 0.344727 0.800391 0.344238 0.800391 0.342285 0.8 0.341797 0.8 0.341309 0.798828 0.339844
2 0.740234 0.352539 0.739062 0.354004 0.739062 0.356445 0.740234 0.35791 0.741016 0.35791 0.742578 0.359863 0.74375 0.359863 0.744141 0.360352 0.745703 0.360352 0.746875 0.361816 0.749219 0.361816 0.749609 0.362305 0.750781 0.362305 0.751172 0.362793 0.75625 0.362793 0.756641 0.362305 0.757031 0.362793 0.766016 0.362793 0.766406 0.362305 0.767188 0.362305 0.767578 0.361816 0.76875 0.361816 0.769922 0.360352 0.771484 0.360352 0.771875 0.359863 0.772266 0.359863 0.773438 0.358398 0.773438 0.356445 0.772266 0.35498 0.762109 0.35498 0.761719 0.354492 0.755859 0.354492 0.755469 0.354004 0.754297 0.354004 0.753516 0.353027 0.750781 0.353027 0.750391 0.352539
2 0.689063 0.348633 0.688672 0.349121 0.687891 0.349121 0.685547 0.352051 0.679688 0.352051 0.678906 0.353027 0.676953 0.353027 0.675391 0.35498 0.674219 0.35498 0.673828 0.355469 0.673438 0.355469 0.672266 0.356934 0.671484 0.356934 0.669922 0.358887 0.669141 0.358887 0.667578 0.36084 0.667188 0.36084 0.666016 0.362305 0.666016 0.364746 0.667188 0.366211 0.670312 0.366211 0.670703 0.365723 0.671094 0.365723 0.671484 0.365234 0.675 0.365234 0.675781 0.364258 0.676172 0.364258 0.676562 0.36377 0.680469 0.36377 0.680859 0.363281 0.682422 0.363281 0.682813 0.362793 0.685156 0.362793 0.685937 0.361816 0.686328 0.361816 0.687109 0.36084 0.687891 0.36084 0.689063 0.359375 0.691016 0.359375 0.691406 0.358887 0.692187 0.358887 0.693359 0.357422 0.69375 0.357422 0.694141 0.356934 0.694531 0.356934 0.694922 0.356445 0.695312 0.356445 0.696484 0.35498 0.696484 0.352539 0.694922 0.350586 0.694922 0.350098 0.69375 0.348633
2 0.580859 0.337891 0.578516 0.34082 0.578516 0.341797 0.576562 0.344238 0.576562 0.345215 0.575781 0.346191 0.575781 0.349609 0.574609 0.351074 0.574609 0.353027 0.574219 0.353516 0.574219 0.354004 0.573828 0.354492 0.573828 0.365234 0.575391 0.367188 0.578516 0.367188 0.578906 0.366699 0.579297 0.366699 0.580078 0.365723 0.580469 0.365723 0.581641 0.364258 0.581641 0.363281 0.582422 0.362305 0.582422 0.36084 0.582812 0.360352 0.582812 0.359375 0.583203 0.358887 0.583203 0.356934 0.584375 0.355469 0.584375 0.354492 0.584766 0.354004 0.584766 0.352539 0.585156 0.352051 0.585156 0.351562 0.585938 0.350586 0.585938 0.349121 0.587109 0.347656 0.587109 0.341309 0.585938 0.339844 0.585547 0.339844 0.584375 0.338379 0.583594 0.338379 0.583203 0.337891
2 0.530078 0.553711 0.528516 0.555664 0.528125 0.555664 0.526953 0.557129 0.526953 0.557617 0.524609 0.560547 0.524609 0.561035 0.524219 0.561523 0.524219 0.562012 0.523828 0.5625 0.523828 0.564453 0.523438 0.564941 0.523438 0.568848 0.525 0.570801 0.527344 0.570801 0.527734 0.570312 0.528125 0.570801 0.530078 0.570801 0.53125 0.569336 0.53125 0.568848 0.531641 0.568359 0.531641 0.567871 0.534375 0.564453 0.535547 0.564453 0.535937 0.563965 0.539844 0.563965 0.541016 0.56543 0.541406 0.56543 0.542578 0.566895 0.542578 0.567383 0.542969 0.567871 0.542969 0.568359 0.543359 0.568848 0.543359 0.569336 0.54375 0.569824 0.54375 0.570312 0.544531 0.571289 0.544531 0.571777 0.544922 0.572266 0.544922 0.572754 0.546094 0.574219 0.546094 0.575195 0.547266 0.57666 0.547266 0.577148 0.55 0.580566 0.551172 0.580566 0.551562 0.581055 0.557813 0.581055 0.558984 0.57959 0.558984 0.577148 0.559375 0.57666 0.559375 0.570312 0.558984 0.569824 0.558984 0.568359 0.557422 0.566406 0.557422 0.565918 0.555469 0.563477 0.555078 0.563477 0.553906 0.562012 0.553516 0.562012 0.552734 0.561035 0.551953 0.561035 0.550391 0.559082 0.549219 0.559082 0.548828 0.558594 0.548438 0.558594 0.548047 0.558105 0.547656 0.558105 0.547266 0.557617 0.546875 0.557617 0.546094 0.556641 0.545703 0.556641 0.544922 0.555664 0.544141 0.555664 0.543359 0.554688 0.542578 0.554688 0.542188 0.554199 0.541797 0.554199 0.541406 0.553711
2 0.617969 0.586914 0.615625 0.589844 0.615625 0.590332 0.613281 0.593262 0.613281 0.59375 0.611719 0.595703 0.611719 0.596191 0.611328 0.59668 0.611328 0.597168 0.609375 0.599609 0.608984 0.599609 0.607031 0.602051 0.607031 0.602539 0.604297 0.605957 0.604297 0.606934 0.603906 0.607422 0.603906 0.60791 0.603516 0.608398 0.603516 0.610352 0.604688 0.611816 0.607031 0.611816 0.607812 0.61084 0.608203 0.61084 0.610156 0.608398 0.610547 0.608398 0.615625 0.602051 0.615625 0.601562 0.617188 0.599609 0.617188 0.599121 0.617969 0.598145 0.617969 0.597656 0.618359 0.597168 0.618359 0.59668 0.61875 0.596191 0.61875 0.595703 0.619531 0.594727 0.619531 0.594238 0.620313 0.593262 0.620313 0.592773 0.621484 0.591309 0.621484 0.589355 0.619531 0.586914
2 0.626563 0.570801 0.625391 0.572266 0.625391 0.576172 0.625781 0.57666 0.625781 0.577148 0.626172 0.577637 0.626172 0.578125 0.626563 0.578613 0.626563 0.579102 0.626953 0.57959 0.626953 0.580566 0.627734 0.581543 0.627734 0.583008 0.628125 0.583496 0.628125 0.583984 0.628516 0.584473 0.628516 0.585938 0.629297 0.586914 0.629297 0.589844 0.629687 0.590332 0.629687 0.59082 0.630078 0.591309 0.630078 0.593262 0.630469 0.59375 0.630469 0.594238 0.630859 0.594727 0.630859 0.598145 0.631641 0.599121 0.631641 0.600098 0.632422 0.601074 0.632422 0.603027 0.632812 0.603516 0.632812 0.604004 0.635547 0.607422 0.6375 0.607422 0.637891 0.60791 0.639844 0.60791 0.641016 0.606445 0.641016 0.604492 0.640234 0.603516 0.640234 0.603027 0.639844 0.602539 0.639844 0.602051 0.639453 0.601562 0.639453 0.600098 0.638672 0.599121 0.638672 0.597168 0.638281 0.59668 0.638281 0.596191 0.637891 0.595703 0.637891 0.594238 0.6375 0.59375 0.6375 0.593262 0.637109 0.592773 0.637109 0.591797 0.636328 0.59082 0.636328 0.588379 0.635938 0.587891 0.635938 0.587402 0.635547 0.586914 0.635547 0.585449 0.635156 0.584961 0.635156 0.584473 0.633984 0.583008 0.633984 0.582031 0.632422 0.580078 0.632422 0.579102 0.631641 0.578125 0.631641 0.577148 0.630469 0.575684 0.630078 0.575684 0.629687 0.575195 0.629687 0.574707 0.629297 0.574219 0.629297 0.572266 0.628125 0.570801
2 0.505078 0.521484 0.504687 0.521973 0.504297 0.521973 0.500391 0.526855 0.5 0.526855 0.499219 0.527832 0.498437 0.527832 0.498047 0.52832 0.497656 0.52832 0.497266 0.528809 0.496484 0.528809 0.496094 0.529297 0.495312 0.529297 0.494531 0.530273 0.494141 0.530273 0.49375 0.530762 0.493359 0.530762 0.492969 0.53125 0.491797 0.53125 0.491406 0.531738 0.491016 0.531738 0.490625 0.532227 0.490234 0.532227 0.489844 0.532715 0.487891 0.532715 0.487109 0.533691 0.486328 0.533691 0.485547 0.534668 0.485156 0.534668 0.484766 0.535156 0.483594 0.535156 0.483203 0.535645 0.482812 0.535645 0.482422 0.536133 0.482031 0.536133 0.481641 0.536621 0.48125 0.536621 0.480078 0.538086 0.479687 0.538086 0.476953 0.541504 0.476953 0.54248 0.476172 0.543457 0.476172 0.54834 0.478125 0.550781 0.480469 0.550781 0.481641 0.549316 0.481641 0.548828 0.483594 0.546387 0.485156 0.546387 0.485547 0.545898 0.486719 0.545898 0.4875 0.544922 0.488281 0.544922 0.489063 0.543945 0.490625 0.543945 0.491406 0.542969 0.491797 0.542969 0.493359 0.541016 0.494922 0.541016 0.495703 0.540039 0.496484 0.540039 0.496875 0.539551 0.498047 0.539551 0.498828 0.538574 0.499219 0.538574 0.500781 0.536621 0.501172 0.536621 0.504687 0.532227 0.504687 0.531738 0.505859 0.530273 0.505859 0.529785 0.50625 0.529297 0.50625 0.528809 0.506641 0.52832 0.506641 0.526855 0.507031 0.526367 0.507422 0.526367 0.508594 0.524902 0.508594 0.522949 0.507422 0.521484
2 0.461328 0.470215 0.460156 0.47168 0.460156 0.473633 0.467578 0.48291 0.467969 0.48291 0.46875 0.483887 0.469141 0.483887 0.469922 0.484863 0.470313 0.484863 0.472656 0.487793 0.473047 0.487793 0.473828 0.48877 0.480469 0.48877 0.480859 0.489258 0.484375 0.489258 0.484766 0.48877 0.485156 0.48877 0.485547 0.489258 0.490625 0.489258 0.491797 0.487793 0.491797 0.485352 0.490625 0.483887 0.490234 0.483887 0.489844 0.483398 0.489453 0.483398 0.488281 0.481934 0.4875 0.481934 0.486719 0.480957 0.485938 0.480957 0.485156 0.47998 0.483984 0.47998 0.483594 0.479492 0.483203 0.479492 0.482812 0.479004 0.482422 0.479004 0.482031 0.478516 0.481641 0.478516 0.48125 0.478027 0.480859 0.478027 0.480469 0.477539 0.479687 0.477539 0.479297 0.477051 0.478516 0.477051 0.477734 0.476074 0.476953 0.476074 0.476562 0.475586 0.476172 0.475586 0.475781 0.475098 0.474609 0.475098 0.474219 0.474609 0.473438 0.474609 0.473047 0.474121 0.471484 0.474121 0.469922 0.472168 0.467578 0.472168 0.466797 0.471191 0.466406 0.471191 0.466016 0.470703 0.464062 0.470703 0.463672 0.470215
2 0.441016 0.528809 0.439453 0.530762 0.439453 0.532715 0.440625 0.53418 0.441406 0.53418 0.443359 0.536621 0.44375 0.536621 0.445312 0.538574 0.445703 0.538574 0.446094 0.539062 0.446484 0.539062 0.446875 0.539551 0.447266 0.539551 0.448437 0.541016 0.448828 0.541016 0.450391 0.542969 0.450781 0.542969 0.455469 0.548828 0.455469 0.550293 0.45625 0.55127 0.45625 0.551758 0.457813 0.553711 0.460547 0.553711 0.461719 0.552246 0.461719 0.551758 0.462109 0.55127 0.462109 0.550781 0.4625 0.550293 0.4625 0.546387 0.460547 0.543945 0.460156 0.543945 0.459375 0.542969 0.458984 0.542969 0.458203 0.541992 0.457813 0.541992 0.455469 0.539062 0.455078 0.539062 0.454297 0.538086 0.454297 0.537598 0.453906 0.537109 0.453906 0.536621 0.451953 0.53418 0.451562 0.53418 0.450391 0.532715 0.45 0.532715 0.449219 0.531738 0.448437 0.531738 0.448047 0.53125 0.447656 0.53125 0.447266 0.530762 0.445703 0.530762 0.445312 0.530273 0.444922 0.530273 0.444531 0.529785 0.443359 0.529785 0.442578 0.528809
2 0.446094 0.466309 0.444922 0.467773 0.444922 0.470215 0.443359 0.472168 0.443359 0.47998 0.44375 0.480469 0.44375 0.481445 0.444141 0.481934 0.444141 0.492676 0.44375 0.493164 0.44375 0.494141 0.443359 0.494629 0.443359 0.495605 0.442578 0.496582 0.442578 0.498047 0.442188 0.498535 0.442188 0.499512 0.441797 0.5 0.441797 0.510254 0.442969 0.511719 0.44375 0.511719 0.444531 0.512695 0.444531 0.513184 0.445703 0.514648 0.447266 0.514648 0.448047 0.513672 0.448437 0.513672 0.449609 0.512207 0.449609 0.51123 0.45 0.510742 0.45 0.48877 0.449609 0.488281 0.449609 0.484375 0.449219 0.483887 0.449219 0.476562 0.448828 0.476074 0.448828 0.467773 0.447656 0.466309
2 0.3125 0.512695 0.313281 0.517578 0.320703 0.524902 0.326172 0.527344 0.33125 0.525879 0.33125 0.520996 0.327344 0.515625 0.317578 0.51123
2 0.346875 0.48291 0.348047 0.489746 0.357422 0.499512 0.3625 0.499023 0.362109 0.493164 0.356641 0.48584 0.350391 0.481934
2 0.373437 0.589844 0.369922 0.59082 0.364844 0.600586 0.363672 0.610352 0.364844 0.616699 0.369141 0.615234 0.373047 0.607422 0.374219 0.601074
2 0.380469 0.38623 0.379688 0.387207 0.378906 0.387207 0.378125 0.388184 0.376172 0.388184 0.375781 0.388672 0.374609 0.388672 0.374219 0.38916 0.373828 0.38916 0.373437 0.389648 0.370312 0.389648 0.369531 0.390625 0.36875 0.390625 0.365625 0.394531 0.365625 0.395508 0.364453 0.396973 0.364453 0.397461 0.363672 0.398438 0.363672 0.399902 0.363281 0.400391 0.363281 0.401855 0.362891 0.402344 0.362891 0.407715 0.364453 0.409668 0.366797 0.409668 0.367578 0.408691 0.367969 0.408691 0.368359 0.408203 0.369141 0.408203 0.370703 0.40625 0.371484 0.40625 0.371875 0.405762 0.373047 0.405762 0.373828 0.404785 0.374219 0.404785 0.374609 0.404297 0.376172 0.404297 0.376563 0.403809 0.378125 0.403809 0.378516 0.40332 0.379297 0.40332 0.379688 0.402832 0.380469 0.402832 0.380859 0.402344 0.383203 0.402344 0.383594 0.401855 0.387109 0.401855 0.388281 0.400391 0.388281 0.399902 0.388672 0.399414 0.388672 0.398926 0.389453 0.397949 0.389453 0.397461 0.389844 0.396973 0.389844 0.395996 0.390234 0.395508 0.390234 0.39502 0.390625 0.394531 0.390625 0.392578 0.389453 0.391113 0.387891 0.391113 0.3875 0.390625 0.386719 0.390625 0.386328 0.390137 0.385156 0.390137 0.384766 0.389648 0.384375 0.389648 0.383203 0.388184 0.383203 0.387695 0.382031 0.38623
2 0.383203 0.441406 0.382812 0.441895 0.380859 0.441895 0.380469 0.442383 0.380078 0.442383 0.379297 0.443359 0.378516 0.443359 0.378125 0.443848 0.377734 0.443848 0.376953 0.444824 0.376563 0.444824 0.376172 0.445312 0.375391 0.445312 0.374609 0.446289 0.374219 0.446289 0.373437 0.447266 0.373047 0.447266 0.372656 0.447754 0.372266 0.447754 0.371094 0.449219 0.371094 0.450195 0.370703 0.450684 0.370703 0.453125 0.371875 0.45459 0.374609 0.45459 0.375391 0.453613 0.375781 0.453613 0.376953 0.452148 0.378516 0.452148 0.378906 0.45166 0.379688 0.45166 0.380078 0.451172 0.380469 0.451172 0.380859 0.450684 0.38125 0.451172 0.383203 0.451172 0.383594 0.450684 0.384375 0.450684 0.384766 0.450195 0.387109 0.450195 0.3875 0.449707 0.388281 0.449707 0.389062 0.44873 0.389453 0.44873 0.389844 0.448242 0.390234 0.448242 0.390625 0.447754 0.391406 0.447754 0.391797 0.447266 0.39375 0.447266 0.394922 0.445801 0.394922 0.443848 0.39375 0.442383 0.390625 0.442383 0.389844 0.441406
2 0.360547 0.425293 0.359375 0.426758 0.359375 0.434082 0.358984 0.43457 0.358984 0.435059 0.358594 0.435547 0.358594 0.436035 0.358203 0.436523 0.358203 0.439453 0.357812 0.439941 0.357812 0.44043 0.357422 0.440918 0.357422 0.442871 0.357031 0.443359 0.357031 0.445801 0.356641 0.446289 0.356641 0.45166 0.35625 0.452148 0.35625 0.468262 0.357422 0.469727 0.359375 0.469727 0.360547 0.468262 0.360547 0.467773 0.360938 0.467285 0.360938 0.466309 0.361328 0.46582 0.361328 0.464844 0.361719 0.464355 0.361719 0.463867 0.362109 0.463379 0.362109 0.460938 0.3625 0.460449 0.3625 0.458008 0.363281 0.457031 0.363281 0.455566 0.364063 0.45459 0.364063 0.453613 0.364453 0.453125 0.364453 0.452148 0.364844 0.45166 0.364844 0.451172 0.365234 0.450684 0.365234 0.450195 0.365625 0.449707 0.365625 0.436523 0.365234 0.436035 0.365234 0.432617 0.364844 0.432129 0.364844 0.431152 0.364453 0.430664 0.364453 0.429199 0.363281 0.427734 0.363281 0.426758 0.362109 0.425293
2 0.476953 0.362793 0.475781 0.364258 0.475781 0.366211 0.475391 0.366699 0.475391 0.381836 0.474609 0.382812 0.474609 0.384277 0.474219 0.384766 0.474219 0.386719 0.473828 0.387207 0.473828 0.387695 0.473438 0.388184 0.473438 0.397461 0.473828 0.397949 0.473828 0.399902 0.474609 0.400879 0.474609 0.402832 0.475 0.40332 0.475 0.403809 0.476562 0.405762 0.478125 0.405762 0.479297 0.404297 0.479297 0.380859 0.479687 0.380371 0.479687 0.364258 0.478516 0.362793
2 0.40625 0.268066 0.405078 0.269531 0.405078 0.271484 0.40625 0.272949 0.409766 0.272949 0.410156 0.273438 0.411328 0.273438 0.411719 0.273926 0.4125 0.273926 0.412891 0.274414 0.413281 0.274414 0.413672 0.274902 0.414844 0.274902 0.415234 0.275391 0.415234 0.275879 0.416406 0.277344 0.420703 0.277344 0.421094 0.276855 0.421875 0.276855 0.422266 0.277344 0.425781 0.277344 0.426172 0.276855 0.43125 0.276855 0.431641 0.276367 0.433203 0.276367 0.433594 0.275879 0.436328 0.275879 0.438281 0.273438 0.438281 0.270508 0.437109 0.269043 0.436719 0.269043 0.436328 0.268555 0.435937 0.268555 0.435547 0.268066 0.413281 0.268066 0.412891 0.268555 0.411328 0.268555 0.410938 0.268066
2 0.401172 0.286621 0.399609 0.288574 0.399609 0.289551 0.398047 0.291504 0.398047 0.29248 0.397266 0.293457 0.397266 0.294434 0.396484 0.29541 0.396484 0.296387 0.396094 0.296875 0.396094 0.300781 0.395703 0.30127 0.395703 0.301758 0.395313 0.302246 0.395313 0.302734 0.394922 0.303223 0.394922 0.304199 0.394531 0.304688 0.394531 0.307617 0.394141 0.308105 0.394141 0.311035 0.39375 0.311523 0.39375 0.314941 0.394922 0.316406 0.396484 0.316406 0.397266 0.31543 0.398828 0.31543 0.4 0.313965 0.4 0.308105 0.400391 0.307617 0.400391 0.306641 0.401172 0.305664 0.401172 0.304688 0.401562 0.304199 0.401562 0.303711 0.402734 0.302246 0.402734 0.301758 0.403516 0.300781 0.403516 0.299805 0.404297 0.298828 0.404297 0.29834 0.405078 0.297363 0.405078 0.296387 0.405859 0.29541 0.405859 0.291504 0.405469 0.291016 0.405469 0.290527 0.405078 0.290039 0.405078 0.288574 0.403516 0.286621
2 0.302344 0.224121 0.301172 0.225586 0.301172 0.228027 0.303125 0.230469 0.303125 0.231934 0.304688 0.233887 0.305859 0.233887 0.30625 0.234375 0.307031 0.234375 0.308203 0.23584 0.308984 0.23584 0.309375 0.236328 0.310156 0.236328 0.310547 0.236816 0.311719 0.236816 0.312109 0.237305 0.3125 0.237305 0.312891 0.237793 0.314063 0.237793 0.314453 0.238281 0.314844 0.238281 0.315234 0.23877 0.317578 0.23877 0.318359 0.239746 0.319141 0.239746 0.319922 0.240723 0.320703 0.240723 0.321484 0.241699 0.322266 0.241699 0.322656 0.242188 0.326562 0.242188 0.328516 0.239746 0.328516 0.235352 0.328125 0.234863 0.328125 0.234375 0.326953 0.23291 0.326562 0.23291 0.325781 0.231934 0.325 0.231934 0.324219 0.230957 0.321875 0.230957 0.321484 0.230469 0.31875 0.230469 0.318359 0.22998 0.316016 0.22998 0.315625 0.229492 0.315234 0.229492 0.314844 0.229004 0.313672 0.229004 0.313281 0.228516 0.312109 0.228516 0.311719 0.228027 0.308594 0.228027 0.307812 0.227051 0.307422 0.227051 0.306641 0.226074 0.305859 0.226074 0.304297 0.224121
2 0.446484 0.229004 0.446094 0.229492 0.445312 0.229492 0.444922 0.22998 0.441406 0.22998 0.441016 0.230469 0.439063 0.230469 0.438672 0.230957 0.426953 0.230957 0.425781 0.232422 0.425781 0.236328 0.426953 0.237793 0.427344 0.237793 0.427734 0.238281 0.428516 0.238281 0.428906 0.23877 0.444531 0.23877 0.444922 0.238281 0.445312 0.238281 0.445703 0.237793 0.448047 0.237793 0.448437 0.237305 0.448828 0.237305 0.449219 0.236816 0.449609 0.236816 0.451172 0.234863 0.451172 0.230469 0.45 0.229004
2 0.364063 0.134277 0.362891 0.135742 0.362891 0.139648 0.3625 0.140137 0.3625 0.141602 0.362109 0.14209 0.362109 0.149414 0.3625 0.149902 0.3625 0.151855 0.362891 0.152344 0.362891 0.152832 0.364063 0.154297 0.364063 0.155273 0.364453 0.155762 0.364453 0.15625 0.365234 0.157227 0.365234 0.157715 0.36875 0.162109 0.36875 0.162598 0.370703 0.165039 0.371094 0.165039 0.371484 0.165527 0.371875 0.165527 0.373047 0.166992 0.373828 0.166992 0.374219 0.16748 0.382422 0.16748 0.384766 0.164551 0.384766 0.162109 0.383594 0.160645 0.38125 0.160645 0.380078 0.15918 0.378906 0.15918 0.377734 0.157715 0.377344 0.157715 0.376953 0.157227 0.376563 0.157227 0.375781 0.15625 0.375 0.15625 0.374219 0.155273 0.373047 0.155273 0.372656 0.154785 0.372656 0.154297 0.371484 0.152832 0.371484 0.152344 0.370703 0.151367 0.370703 0.150879 0.370312 0.150391 0.370312 0.149902 0.369922 0.149414 0.369922 0.148926 0.369141 0.147949 0.369141 0.14502 0.36875 0.144531 0.36875 0.143555 0.367969 0.142578 0.367969 0.140625 0.366797 0.13916 0.366797 0.135742 0.365625 0.134277
2 0.398438 0.0834961 0.397266 0.0849609 0.397266 0.0883789 0.399609 0.0913086 0.399609 0.0917969 0.400781 0.0932617 0.401172 0.0932617 0.402734 0.0952148 0.403125 0.0952148 0.405469 0.0981445 0.40625 0.0981445 0.406641 0.0986328 0.407031 0.0986328 0.409375 0.101562 0.409766 0.101562 0.410547 0.102539 0.410938 0.102539 0.412891 0.10498 0.413281 0.10498 0.413672 0.105469 0.415234 0.105469 0.416406 0.104004 0.416406 0.101562 0.415625 0.100586 0.415625 0.100098 0.410938 0.0942383 0.410547 0.0942383 0.408984 0.0922852 0.408984 0.0917969 0.407813 0.090332 0.407031 0.090332 0.405469 0.0883789 0.403906 0.0883789 0.403516 0.0888672 0.401172 0.0859375 0.401172 0.0849609 0.4 0.0834961
2 0.562109 0.178711 0.561328 0.179688 0.560937 0.179688 0.557422 0.184082 0.557031 0.184082 0.555469 0.186035 0.555078 0.186035 0.554297 0.187012 0.553516 0.187012 0.553125 0.1875 0.552734 0.1875 0.552344 0.187988 0.550391 0.187988 0.549219 0.189453 0.549219 0.189941 0.548828 0.19043 0.548438 0.19043 0.548047 0.190918 0.547266 0.190918 0.546094 0.192383 0.545703 0.192383 0.54375 0.194824 0.543359 0.194824 0.541016 0.197754 0.541016 0.200684 0.542188 0.202148 0.546484 0.202148 0.547266 0.201172 0.548828 0.201172 0.550781 0.19873 0.551953 0.19873 0.553125 0.197266 0.553125 0.196777 0.553906 0.195801 0.554297 0.195801 0.554688 0.195312 0.555469 0.195312 0.55625 0.194336 0.556641 0.194336 0.559766 0.19043 0.560547 0.19043 0.561719 0.188965 0.561719 0.188477 0.562109 0.187988 0.5625 0.187988 0.562891 0.1875 0.564063 0.1875 0.564453 0.187012 0.565234 0.187012 0.566016 0.186035 0.566406 0.186035 0.567578 0.18457 0.567578 0.182617 0.566406 0.181152 0.565625 0.181152 0.565234 0.180664 0.565234 0.180176 0.564063 0.178711
2 0.557422 0.203125 0.55625 0.20459 0.55625 0.206543 0.557422 0.208008 0.558594 0.208008 0.561328 0.211426 0.561719 0.211426 0.563672 0.213867 0.564063 0.213867 0.564844 0.214844 0.564844 0.216309 0.565234 0.216797 0.565234 0.218262 0.566406 0.219727 0.566406 0.220215 0.566797 0.220703 0.566797 0.221191 0.571484 0.227051 0.571875 0.227051 0.572266 0.227539 0.572656 0.227539 0.574219 0.229492 0.574609 0.229492 0.576172 0.231445 0.576953 0.231445 0.577344 0.231934 0.577734 0.231934 0.580078 0.234863 0.582031 0.234863 0.583203 0.233398 0.583203 0.230469 0.582812 0.22998 0.582812 0.229004 0.582031 0.228027 0.582031 0.226562 0.58125 0.225586 0.58125 0.225098 0.576953 0.219727 0.576562 0.219727 0.575781 0.21875 0.575781 0.218262 0.574219 0.216309 0.574219 0.21582 0.573438 0.214844 0.573438 0.214355 0.568359 0.208008 0.567969 0.208008 0.565625 0.205078 0.565234 0.205078 0.564453 0.204102 0.562891 0.204102 0.562109 0.205078 0.561328 0.204102 0.560937 0.204102 0.560156 0.203125
2 0.553125 0.135254 0.551172 0.137695 0.551172 0.138184 0.550781 0.138672 0.550781 0.140137 0.550391 0.140625 0.550391 0.141113 0.549609 0.14209 0.549609 0.158203 0.55 0.158691 0.55 0.160156 0.550391 0.160645 0.550391 0.165527 0.550781 0.166016 0.550781 0.174805 0.551172 0.175293 0.551172 0.175781 0.551953 0.176758 0.551953 0.177246 0.553125 0.178711 0.556641 0.178711 0.558594 0.17627 0.558594 0.175781 0.558984 0.175293 0.558984 0.163574 0.558594 0.163086 0.558594 0.161621 0.558203 0.161133 0.558203 0.15625 0.557813 0.155762 0.557813 0.154785 0.557422 0.154297 0.557422 0.138672 0.557031 0.138184 0.557031 0.137207 0.555859 0.135742 0.555078 0.135742 0.554688 0.135254
2 0.455469 0.146973 0.455078 0.147461 0.454297 0.147461 0.453125 0.148926 0.452734 0.148926 0.452344 0.149414 0.451953 0.149414 0.451562 0.149902 0.451172 0.149902 0.450391 0.150879 0.448047 0.150879 0.447656 0.151367 0.447266 0.151367 0.446875 0.151855 0.446484 0.151855 0.445703 0.152832 0.444922 0.152832 0.444141 0.153809 0.443359 0.153809 0.442578 0.154785 0.442188 0.154785 0.441797 0.155273 0.440234 0.155273 0.4375 0.158691 0.4375 0.15918 0.437109 0.159668 0.437109 0.161621 0.438281 0.163086 0.439844 0.163086 0.441016 0.161621 0.441406 0.161621 0.442578 0.160156 0.44375 0.160156 0.444922 0.158691 0.446094 0.158691 0.446875 0.157715 0.448047 0.157715 0.448828 0.156738 0.450781 0.156738 0.451172 0.15625 0.451562 0.15625 0.451953 0.155762 0.452734 0.155762 0.453906 0.154297 0.454297 0.154297 0.454688 0.153809 0.455469 0.153809 0.45625 0.152832 0.456641 0.152832 0.457031 0.152344 0.457813 0.152344 0.458984 0.150879 0.458984 0.148438 0.457813 0.146973
2 0.519922 0.0805664 0.519531 0.0810547 0.519141 0.0810547 0.517969 0.0825195 0.517969 0.0839844 0.517188 0.0849609 0.517188 0.0874023 0.516797 0.0878906 0.516797 0.0883789 0.516016 0.0893555 0.516016 0.0917969 0.515234 0.0927734 0.515234 0.09375 0.514844 0.0942383 0.514844 0.0976562 0.514453 0.0981445 0.514453 0.0986328 0.513672 0.0996094 0.513672 0.100586 0.513281 0.101074 0.513281 0.103516 0.512891 0.104004 0.512891 0.105469 0.5125 0.105957 0.5125 0.10791 0.512109 0.108398 0.512109 0.108887 0.511719 0.109375 0.511719 0.11084 0.510938 0.111816 0.510938 0.112305 0.510547 0.112793 0.510547 0.116699 0.511719 0.118164 0.515234 0.118164 0.517188 0.115723 0.517188 0.115234 0.518359 0.11377 0.518359 0.113281 0.519141 0.112305 0.519141 0.111328 0.519922 0.110352 0.519922 0.108398 0.520703 0.107422 0.520703 0.0976562 0.521094 0.097168 0.521094 0.0942383 0.521484 0.09375 0.521484 0.0932617 0.521875 0.0927734 0.521875 0.0917969 0.522266 0.0913086 0.522266 0.0908203 0.522656 0.090332 0.522656 0.0820312 0.521484 0.0805664
2 0.702344 0.0244141 0.701172 0.0258789 0.701172 0.027832 0.701953 0.0288086 0.701953 0.0302734 0.702734 0.03125 0.702734 0.0371094 0.703125 0.0375977 0.703125 0.0410156 0.703906 0.0419922 0.703906 0.0610352 0.705078 0.0625 0.708594 0.0625 0.713281 0.0566406 0.713281 0.0556641 0.713672 0.0551758 0.713672 0.0546875 0.714453 0.0537109 0.714453 0.0473633 0.713281 0.0458984 0.713281 0.0410156 0.7125 0.0400391 0.7125 0.0390625 0.711719 0.0380859 0.711719 0.0341797 0.711328 0.0336914 0.711328 0.0307617 0.710547 0.0297852 0.710547 0.0292969 0.709375 0.027832 0.709375 0.0273438 0.708203 0.0258789 0.705078 0.0258789 0.703906 0.0244141
2 0.764844 0.0722656 0.762891 0.074707 0.7625 0.074707 0.761328 0.0761719 0.761328 0.0776367 0.760938 0.078125 0.760938 0.0786133 0.758203 0.0820312 0.758203 0.0830078 0.757031 0.0844727 0.757031 0.0854492 0.75625 0.0864258 0.75625 0.0869141 0.755469 0.0878906 0.755469 0.0898438 0.754297 0.0913086 0.754297 0.09375 0.753516 0.0947266 0.753516 0.0952148 0.752734 0.0961914 0.752734 0.101562 0.751563 0.103027 0.751563 0.109863 0.752734 0.111328 0.75625 0.111328 0.759375 0.107422 0.759375 0.106445 0.760156 0.105469 0.760156 0.10498 0.760938 0.104004 0.760938 0.100098 0.761328 0.0996094 0.761328 0.0957031 0.762109 0.0947266 0.762109 0.0917969 0.762891 0.0908203 0.762891 0.090332 0.763281 0.0898438 0.763281 0.0893555 0.764062 0.0883789 0.764062 0.0874023 0.764844 0.0864258 0.764844 0.0830078 0.765234 0.0825195 0.765234 0.081543 0.766016 0.0805664 0.766016 0.0776367 0.766406 0.0771484 0.767578 0.0771484 0.76875 0.0756836 0.76875 0.0737305 0.767578 0.0722656
2 0.80625 0.00878906 0.804297 0.0112305 0.801562 0.0112305 0.800781 0.012207 0.800391 0.012207 0.8 0.0126953 0.797266 0.0126953 0.795703 0.0146484 0.79375 0.0146484 0.793359 0.0151367 0.792969 0.0151367 0.792188 0.0161133 0.789844 0.0161133 0.788281 0.0180664 0.787109 0.0180664 0.786719 0.0185547 0.786328 0.0185547 0.785156 0.0200195 0.785156 0.0205078 0.784766 0.0209961 0.784766 0.0229492 0.785937 0.0244141 0.789453 0.0244141 0.790234 0.0234375 0.790625 0.0234375 0.791016 0.0229492 0.792188 0.0229492 0.792969 0.0219727 0.794531 0.0219727 0.795312 0.0209961 0.796484 0.0209961 0.797656 0.0195312 0.799219 0.0195312 0.800781 0.0175781 0.801953 0.0175781 0.802344 0.0170898 0.803125 0.0170898 0.803906 0.0161133 0.805859 0.0161133 0.807031 0.0146484 0.807813 0.0146484 0.809766 0.012207 0.809766 0.0102539 0.808594 0.00878906
2 0.855859 0.0244141 0.854688 0.0258789 0.854688 0.0288086 0.855859 0.0302734 0.85625 0.0302734 0.856641 0.0307617 0.856641 0.0322266 0.857422 0.0332031 0.857422 0.0336914 0.858594 0.0351562 0.858594 0.0361328 0.859766 0.0375977 0.860156 0.0375977 0.861328 0.0390625 0.861328 0.0400391 0.863281 0.0424805 0.863672 0.0424805 0.864062 0.0429688 0.864062 0.043457 0.866016 0.0458984 0.866406 0.0458984 0.868359 0.0483398 0.869141 0.0483398 0.870313 0.0498047 0.871094 0.0498047 0.871875 0.0507812 0.872266 0.0507812 0.873047 0.0517578 0.873437 0.0517578 0.874609 0.0532227 0.875 0.0532227 0.875781 0.0541992 0.876953 0.0541992 0.877734 0.0551758 0.878125 0.0551758 0.878516 0.0556641 0.879687 0.0556641 0.88125 0.0576172 0.883203 0.0576172 0.883594 0.0581055 0.884766 0.0581055 0.885547 0.059082 0.89375 0.059082 0.895703 0.0566406 0.895703 0.0522461 0.894531 0.0507812 0.887109 0.0507812 0.885938 0.0493164 0.885547 0.0493164 0.883984 0.0473633 0.882031 0.0473633 0.880859 0.0458984 0.879297 0.0458984 0.878125 0.0444336 0.875781 0.0444336 0.874609 0.0429688 0.874219 0.0429688 0.872656 0.0410156 0.872266 0.0410156 0.871484 0.0400391 0.871094 0.0400391 0.870703 0.0395508 0.869531 0.0395508 0.867969 0.0375977 0.866797 0.0375977 0.866016 0.0366211 0.865625 0.0366211 0.864844 0.0356445 0.864453 0.0356445 0.8625 0.0332031 0.8625 0.0327148 0.861328 0.03125 0.860938 0.03125 0.860547 0.0307617 0.860547 0.0302734 0.860156 0.0297852 0.860156 0.0283203 0.858594 0.0263672 0.858594 0.0258789 0.857422 0.0244141
2 0.961719 0.0229492 0.960547 0.0244141 0.960547 0.0253906 0.959375 0.0268555 0.959375 0.03125 0.957812 0.0332031 0.957812 0.0371094 0.957422 0.0375977 0.957422 0.0390625 0.956641 0.0400391 0.956641 0.0429688 0.955859 0.0439453 0.955859 0.0454102 0.955469 0.0458984 0.955469 0.0488281 0.953906 0.0507812 0.953906 0.0625 0.954688 0.0634766 0.954688 0.0644531 0.955859 0.065918 0.958594 0.065918 0.959766 0.0644531 0.959766 0.0625 0.960547 0.0615234 0.960547 0.0585938 0.961328 0.0576172 0.961328 0.0546875 0.961719 0.0541992 0.961719 0.0493164 0.9625 0.0483398 0.9625 0.046875 0.963281 0.0458984 0.963281 0.0454102 0.964063 0.0444336 0.964063 0.0424805 0.964453 0.0419922 0.964453 0.0400391 0.964844 0.0395508 0.964844 0.0385742 0.966016 0.0371094 0.966016 0.0268555 0.965234 0.0258789 0.965234 0.0249023 0.964063 0.0234375 0.963672 0.0234375 0.963281 0.0229492
2 0.853125 0.0874023 0.852734 0.0878906 0.851953 0.0878906 0.851172 0.0888672 0.850781 0.0888672 0.848047 0.0922852 0.848047 0.0927734 0.847656 0.0932617 0.846875 0.0932617 0.845703 0.0947266 0.845703 0.0952148 0.844922 0.0961914 0.844531 0.0961914 0.843359 0.0976562 0.843359 0.0981445 0.842969 0.0986328 0.842969 0.100098 0.841406 0.102051 0.841406 0.103027 0.841016 0.103516 0.841016 0.104492 0.840234 0.105469 0.840234 0.105957 0.839453 0.106934 0.839453 0.10791 0.839063 0.108398 0.839063 0.11084 0.838281 0.111816 0.838281 0.112793 0.836328 0.115234 0.835547 0.115234 0.832812 0.118652 0.832422 0.118652 0.832031 0.119141 0.831641 0.119141 0.830859 0.120117 0.830469 0.120117 0.829688 0.121094 0.829688 0.121582 0.828906 0.122559 0.828906 0.125488 0.830859 0.12793 0.833594 0.12793 0.834375 0.126953 0.835156 0.126953 0.835938 0.125977 0.836328 0.125977 0.836719 0.125488 0.8375 0.125488 0.839844 0.122559 0.840234 0.122559 0.840625 0.12207 0.841016 0.12207 0.842578 0.120117 0.842969 0.120117 0.844141 0.118652 0.844141 0.118164 0.844922 0.117188 0.844922 0.116699 0.845313 0.116211 0.845313 0.115723 0.846875 0.11377 0.846875 0.112793 0.848047 0.111328 0.848437 0.111328 0.849609 0.109863 0.849609 0.10791 0.85 0.107422 0.85 0.106445 0.850781 0.105469 0.850781 0.103516 0.851953 0.102051 0.851953 0.101074 0.853516 0.0991211 0.853516 0.0986328 0.854688 0.097168 0.854688 0.0966797 0.855469 0.0957031 0.855469 0.0947266 0.855859 0.0942383 0.855859 0.0927734 0.857422 0.0908203 0.857422 0.0888672 0.85625 0.0874023
2 0.799219 0.178223 0.798047 0.179688 0.798047 0.180176 0.796484 0.182129 0.796484 0.182617 0.796094 0.183105 0.794922 0.183105 0.79375 0.18457 0.79375 0.185059 0.792188 0.187012 0.791797 0.187012 0.791016 0.187988 0.790625 0.187988 0.789844 0.188965 0.789844 0.189941 0.789453 0.19043 0.788672 0.19043 0.785156 0.194824 0.784766 0.194824 0.783984 0.195801 0.783984 0.196289 0.782031 0.19873 0.782031 0.206543 0.782813 0.20752 0.782813 0.208008 0.783203 0.208496 0.783203 0.210449 0.785156 0.212891 0.7875 0.212891 0.788672 0.211426 0.788672 0.210449 0.789062 0.209961 0.789062 0.206543 0.789844 0.205566 0.789844 0.205078 0.791406 0.203125 0.791406 0.201172 0.792578 0.199707 0.792578 0.198242 0.793359 0.197266 0.793359 0.196289 0.795703 0.193359 0.795703 0.192383 0.796484 0.191406 0.796484 0.190918 0.797266 0.189941 0.797266 0.189453 0.797656 0.188965 0.797656 0.188477 0.801953 0.183105 0.801953 0.179688 0.800781 0.178223
2 0.433984 0.721191 0.432812 0.722656 0.429297 0.722656 0.428125 0.724121 0.426172 0.724121 0.425 0.725586 0.425 0.727051 0.422656 0.72998 0.421484 0.72998 0.419141 0.73291 0.41875 0.73291 0.417969 0.733887 0.415625 0.733887 0.414453 0.735352 0.414453 0.737305 0.415625 0.73877 0.417578 0.73877 0.41875 0.740234 0.419141 0.740234 0.420312 0.741699 0.427734 0.741699 0.428125 0.741211 0.428516 0.741699 0.430078 0.741699 0.430469 0.741211 0.43125 0.741211 0.431641 0.741699 0.434375 0.741699 0.434766 0.741211 0.435156 0.741699 0.440234 0.741699 0.441406 0.740234 0.442578 0.740234 0.444141 0.738281 0.444531 0.73877 0.446094 0.73877 0.447266 0.737305 0.447266 0.736816 0.447656 0.736328 0.448047 0.736328 0.449219 0.734863 0.449219 0.73291 0.45 0.731934 0.450391 0.731934 0.451562 0.730469 0.451562 0.724121 0.450391 0.722656 0.448047 0.722656 0.446875 0.721191
2 0.596484 0.688477 0.595313 0.689941 0.595313 0.691895 0.596484 0.693359 0.596484 0.695312 0.596875 0.695801 0.596875 0.696777 0.597266 0.697266 0.597266 0.698242 0.597656 0.69873 0.597656 0.699219 0.598047 0.699707 0.598047 0.700684 0.598437 0.701172 0.598437 0.702148 0.598828 0.702637 0.598828 0.703125 0.599609 0.704102 0.599609 0.70752 0.600781 0.708984 0.600781 0.710449 0.601953 0.711914 0.602344 0.711914 0.603125 0.712891 0.603125 0.713379 0.606641 0.717773 0.607031 0.717773 0.608984 0.720215 0.612891 0.720215 0.614062 0.71875 0.614062 0.717773 0.615234 0.716309 0.615234 0.712891 0.614062 0.711426 0.614062 0.709961 0.612891 0.708496 0.612891 0.707031 0.609375 0.702637 0.609375 0.701172 0.605859 0.696777 0.605859 0.695312 0.604688 0.693848 0.604297 0.693848 0.603516 0.692871 0.603125 0.692871 0.602734 0.692383 0.602734 0.691406 0.601562 0.689941 0.599219 0.689941 0.598047 0.688477
2 0.259375 0.623535 0.258594 0.624512 0.25625 0.624512 0.255078 0.625977 0.255078 0.62793 0.25625 0.629395 0.257031 0.629395 0.258203 0.630859 0.258594 0.630859 0.259375 0.631836 0.259766 0.631836 0.260156 0.632324 0.261719 0.632324 0.262891 0.633789 0.262891 0.634277 0.269531 0.642578 0.269922 0.642578 0.270703 0.643555 0.271875 0.643555 0.272266 0.644043 0.273828 0.644043 0.274609 0.64502 0.278125 0.64502 0.279297 0.643555 0.279297 0.638184 0.278906 0.637695 0.278906 0.637207 0.277734 0.635742 0.277344 0.635742 0.276953 0.635254 0.276562 0.635254 0.275781 0.634277 0.275 0.634277 0.273828 0.632812 0.272656 0.632812 0.271484 0.631348 0.271484 0.630859 0.270313 0.629395 0.269141 0.629395 0.267188 0.626953 0.266406 0.626953 0.265625 0.625977 0.264453 0.625977 0.263672 0.625 0.262891 0.625 0.2625 0.624512 0.261719 0.624512 0.260937 0.623535
2 0.314453 0.54834 0.313281 0.549805 0.311719 0.549805 0.311328 0.550293 0.310937 0.550293 0.310547 0.549805 0.307031 0.549805 0.305469 0.551758 0.305078 0.551758 0.303906 0.553223 0.303125 0.553223 0.300391 0.556641 0.3 0.556641 0.298828 0.558105 0.298438 0.558105 0.297266 0.55957 0.297266 0.560059 0.296875 0.560547 0.296875 0.5625 0.298047 0.563965 0.299609 0.563965 0.300391 0.562988 0.301563 0.562988 0.302734 0.561523 0.303906 0.562988 0.30625 0.562988 0.307422 0.561523 0.307422 0.560547 0.309375 0.558105 0.310156 0.558105 0.312109 0.555664 0.3125 0.555664 0.313281 0.554688 0.314063 0.554688 0.314453 0.554199 0.315234 0.554199 0.316016 0.553223 0.316797 0.553223 0.317969 0.551758 0.317969 0.549805 0.316797 0.54834
2 0.3125 0.655762 0.311719 0.656738 0.310937 0.656738 0.310547 0.657227 0.309766 0.657227 0.307422 0.660156 0.307031 0.660156 0.306641 0.660645 0.305859 0.660645 0.303906 0.663086 0.303906 0.663574 0.303516 0.664062 0.303516 0.666016 0.305078 0.667969 0.306641 0.667969 0.307422 0.666992 0.307812 0.66748 0.309766 0.66748 0.310937 0.668945 0.314453 0.668945 0.315234 0.669922 0.316016 0.669922 0.316406 0.67041 0.321484 0.67041 0.322266 0.671387 0.323437 0.671387 0.324219 0.672363 0.325781 0.672363 0.326953 0.673828 0.332031 0.673828 0.333203 0.672363 0.333203 0.668945 0.33125 0.666504 0.330859 0.666504 0.330078 0.665527 0.328906 0.665527 0.327734 0.664062 0.326953 0.664062 0.325781 0.662598 0.325391 0.662598 0.324609 0.661621 0.323437 0.661621 0.322656 0.660645 0.322266 0.660645 0.321875 0.660156 0.321484 0.660156 0.319141 0.657227 0.317969 0.657227 0.317578 0.656738 0.316797 0.656738 0.316016 0.655762
2 0.387109 0.667969 0.385937 0.669434 0.385937 0.671387 0.387891 0.673828 0.388281 0.673828 0.392578 0.679199 0.392578 0.679688 0.396094 0.684082 0.396094 0.685059 0.397266 0.686523 0.397266 0.6875 0.399609 0.69043 0.400391 0.69043 0.401562 0.691895 0.401562 0.692383 0.402344 0.693359 0.402344 0.693848 0.403125 0.694824 0.403516 0.694824 0.403906 0.695312 0.403906 0.695801 0.404687 0.696777 0.404687 0.697266 0.405078 0.697754 0.405078 0.69873 0.407813 0.702148 0.407813 0.703125 0.409766 0.705566 0.411328 0.705566 0.4125 0.704102 0.4125 0.700195 0.411719 0.699219 0.411719 0.69873 0.410938 0.697754 0.410938 0.696777 0.410547 0.696289 0.410547 0.693848 0.408594 0.691406 0.408594 0.69043 0.407813 0.689453 0.407813 0.688477 0.405859 0.686035 0.405859 0.685547 0.405078 0.68457 0.405078 0.683594 0.398828 0.675781 0.398438 0.675781 0.396875 0.673828 0.396484 0.673828 0.395313 0.672363 0.394531 0.672363 0.393359 0.670898 0.393359 0.67041 0.392188 0.668945 0.389453 0.668945 0.388672 0.667969
2 0.442188 0.617676 0.441016 0.619141 0.441016 0.621094 0.442188 0.622559 0.442188 0.623047 0.442969 0.624023 0.442969 0.624512 0.44375 0.625488 0.44375 0.625977 0.444141 0.626465 0.444141 0.626953 0.44375 0.627441 0.44375 0.630859 0.444141 0.631348 0.444141 0.631836 0.445703 0.633789 0.445703 0.634277 0.446094 0.634766 0.446094 0.63623 0.447656 0.638184 0.447656 0.63916 0.448047 0.639648 0.448047 0.640137 0.448828 0.641113 0.448828 0.64209 0.449609 0.643066 0.449609 0.643555 0.450781 0.64502 0.450781 0.645996 0.451562 0.646973 0.451562 0.647461 0.452734 0.648926 0.452734 0.649414 0.453906 0.650879 0.454297 0.650879 0.454688 0.651367 0.457031 0.651367 0.458203 0.649902 0.458203 0.647949 0.456641 0.645996 0.456641 0.644043 0.45625 0.643555 0.45625 0.643066 0.455469 0.64209 0.455469 0.640625 0.454688 0.639648 0.454688 0.63916 0.454297 0.638672 0.454297 0.635742 0.453516 0.634766 0.453516 0.634277 0.451562 0.631836 0.451562 0.630859 0.450781 0.629883 0.450781 0.628906 0.448828 0.626465 0.448828 0.625977 0.447656 0.624512 0.447656 0.624023 0.446875 0.623047 0.446875 0.622559 0.446094 0.621582 0.446094 0.621094 0.445312 0.620117 0.445312 0.619141 0.444141 0.617676
2 0.110156 0.685547 0.108984 0.687012 0.108984 0.689453 0.109375 0.689941 0.109375 0.69043 0.109766 0.690918 0.109766 0.691406 0.110547 0.692383 0.110547 0.693848 0.111328 0.694824 0.111328 0.695312 0.112891 0.697266 0.112891 0.697754 0.113281 0.698242 0.113281 0.69873 0.114062 0.699707 0.114062 0.700684 0.115234 0.702148 0.115234 0.703125 0.116016 0.704102 0.116016 0.70459 0.116797 0.705566 0.116797 0.706543 0.117969 0.708008 0.120703 0.708008 0.121875 0.706543 0.121875 0.705078 0.122266 0.70459 0.122266 0.696289 0.121875 0.695801 0.121875 0.695312 0.121094 0.694336 0.121094 0.693848 0.114844 0.686035 0.114453 0.686035 0.114062 0.685547 0.1125 0.685547 0.112109 0.686035 0.111719 0.685547
2 0.580859 0.175293 0.579688 0.176758 0.579688 0.183105 0.580469 0.184082 0.580469 0.185547 0.580859 0.186035 0.580859 0.19043 0.582031 0.191895 0.582422 0.191895 0.583594 0.193359 0.583594 0.194336 0.583984 0.194824 0.583984 0.195312 0.584766 0.196289 0.584766 0.196777 0.588672 0.20166 0.589844 0.20166 0.590625 0.202637 0.591016 0.202637 0.591406 0.203125 0.592578 0.203125 0.594141 0.205078 0.594531 0.205078 0.595313 0.206055 0.596484 0.206055 0.596875 0.206543 0.597266 0.206543 0.598047 0.20752 0.600391 0.20752 0.601562 0.206055 0.601562 0.199707 0.600391 0.198242 0.6 0.198242 0.599609 0.197754 0.599609 0.196777 0.597656 0.194336 0.597656 0.193359 0.591797 0.186035 0.591406 0.186035 0.590234 0.18457 0.589844 0.18457 0.586328 0.180176 0.586328 0.179199 0.584375 0.176758 0.583594 0.176758 0.582422 0.175293
2 0.664062 0.150391 0.662891 0.151855 0.662891 0.166992 0.6625 0.16748 0.6625 0.169922 0.661719 0.170898 0.661719 0.176758 0.660937 0.177734 0.660937 0.179688 0.660547 0.180176 0.660547 0.182617 0.659766 0.183594 0.659766 0.184082 0.658984 0.185059 0.658984 0.189453 0.658594 0.189941 0.658594 0.192871 0.658203 0.193359 0.658203 0.193848 0.657813 0.194336 0.657813 0.194824 0.657031 0.195801 0.657031 0.197754 0.656641 0.198242 0.656641 0.201172 0.655078 0.203125 0.655078 0.207031 0.65625 0.208496 0.658594 0.208496 0.659766 0.207031 0.659766 0.20459 0.660547 0.203613 0.660547 0.200684 0.660937 0.200195 0.660937 0.199707 0.661719 0.19873 0.661719 0.195801 0.662109 0.195312 0.662109 0.194824 0.662891 0.193848 0.662891 0.19043 0.665625 0.187012 0.665625 0.186035 0.666797 0.18457 0.666797 0.184082 0.667578 0.183105 0.667578 0.181152 0.668359 0.180176 0.668359 0.178711 0.669531 0.177246 0.669531 0.174805 0.670312 0.173828 0.670312 0.163574 0.669531 0.162598 0.669531 0.158691 0.669141 0.158203 0.669141 0.153809 0.667969 0.152344 0.667188 0.152344 0.665625 0.150391
2 0.629687 0.168457 0.628516 0.169922 0.628516 0.171875 0.629687 0.17334 0.631641 0.17334 0.633203 0.175293 0.633594 0.175293 0.634375 0.17627 0.634766 0.17627 0.635156 0.176758 0.635156 0.177246 0.635938 0.178223 0.635938 0.178711 0.636719 0.179688 0.636719 0.180176 0.637109 0.180664 0.637109 0.182129 0.637891 0.183105 0.637891 0.183594 0.638672 0.18457 0.638672 0.185547 0.639062 0.186035 0.639062 0.189453 0.639844 0.19043 0.639844 0.190918 0.640625 0.191895 0.640625 0.195312 0.641797 0.196777 0.641797 0.200195 0.642578 0.201172 0.642578 0.210938 0.644531 0.213379 0.648047 0.213379 0.649219 0.211914 0.649219 0.211426 0.649609 0.210938 0.649609 0.197266 0.649219 0.196777 0.649219 0.194824 0.648438 0.193848 0.648438 0.191895 0.647266 0.19043 0.647266 0.1875 0.645703 0.185547 0.645703 0.184082 0.64375 0.181641 0.64375 0.180176 0.642578 0.178711 0.642578 0.178223 0.641797 0.177246 0.641797 0.176758 0.640625 0.175293 0.640625 0.174316 0.6375 0.17041 0.635547 0.17041 0.633984 0.168457
2 0.76875 0.115723 0.767969 0.116699 0.763672 0.116699 0.762891 0.117676 0.762891 0.119629 0.762109 0.120605 0.762109 0.121094 0.761719 0.121582 0.761719 0.124023 0.762891 0.125488 0.763281 0.125488 0.764844 0.127441 0.774219 0.127441 0.774609 0.12793 0.775781 0.12793 0.776563 0.128906 0.788672 0.128906 0.789453 0.12793 0.790234 0.12793 0.790625 0.127441 0.792188 0.127441 0.793359 0.125977 0.793359 0.125 0.794141 0.124023 0.794141 0.12207 0.792969 0.120605 0.792188 0.120605 0.791016 0.119141 0.790234 0.119141 0.788672 0.117188 0.787109 0.117188 0.786719 0.116699 0.786328 0.116699 0.785937 0.116211 0.785156 0.116211 0.784766 0.115723
2 0.753516 0.155273 0.751953 0.157227 0.751172 0.157227 0.750781 0.157715 0.748828 0.157715 0.748437 0.158203 0.747656 0.158203 0.747266 0.158691 0.746484 0.158691 0.746094 0.15918 0.744922 0.15918 0.744531 0.159668 0.742578 0.159668 0.742188 0.160156 0.741016 0.160156 0.740625 0.160645 0.740234 0.160645 0.739844 0.161133 0.739844 0.161621 0.739453 0.162109 0.737109 0.162109 0.736328 0.163086 0.735547 0.163086 0.735156 0.163574 0.734375 0.163574 0.732812 0.165527 0.732422 0.165527 0.732031 0.166016 0.731641 0.166016 0.729688 0.168457 0.728906 0.168457 0.727734 0.169922 0.727734 0.171387 0.727344 0.171875 0.727344 0.173828 0.728516 0.175293 0.730469 0.175293 0.732031 0.17334 0.733203 0.17334 0.733594 0.172852 0.733984 0.172852 0.734766 0.171875 0.735938 0.171875 0.736719 0.170898 0.738672 0.170898 0.739062 0.17041 0.741797 0.17041 0.742578 0.169434 0.74375 0.169434 0.744531 0.168457 0.745313 0.168457 0.745703 0.167969 0.746484 0.167969 0.747266 0.166992 0.749219 0.166992 0.75 0.166016 0.750391 0.166016 0.751563 0.164551 0.751953 0.164551 0.752734 0.163574 0.753125 0.163574 0.754297 0.162109 0.755859 0.162109 0.757031 0.160645 0.757031 0.160156 0.757422 0.159668 0.757422 0.157715 0.757031 0.157227 0.757031 0.156738 0.755859 0.155273
2 0.724609 0.176758 0.723047 0.178711 0.721094 0.178711 0.719922 0.180176 0.719922 0.182129 0.721094 0.183594 0.726953 0.183594 0.727734 0.18457 0.728516 0.18457 0.728906 0.185059 0.730859 0.185059 0.732422 0.187012 0.734375 0.187012 0.735547 0.188477 0.735938 0.188477 0.737109 0.189941 0.738281 0.189941 0.741016 0.193359 0.741016 0.193848 0.742188 0.195312 0.742578 0.195312 0.74375 0.196777 0.744141 0.196777 0.746094 0.199219 0.746875 0.199219 0.747656 0.200195 0.749219 0.200195 0.750391 0.19873 0.750391 0.192383 0.749219 0.190918 0.748828 0.190918 0.748437 0.19043 0.748437 0.189941 0.746484 0.1875 0.746094 0.1875 0.745703 0.187012 0.745313 0.187012 0.74375 0.185059 0.742969 0.185059 0.741797 0.183594 0.741406 0.183594 0.740625 0.182617 0.740234 0.182617 0.739844 0.182129 0.738672 0.182129 0.737109 0.180176 0.736328 0.180176 0.735938 0.179688 0.735547 0.179688 0.734766 0.178711 0.732812 0.178711 0.732422 0.178223 0.73125 0.178223 0.730859 0.177734 0.730078 0.177734 0.729688 0.177246 0.728906 0.177246 0.728516 0.176758
2 0.808984 0.0771484 0.807422 0.0791016 0.807422 0.0825195 0.806641 0.0834961 0.806641 0.0844727 0.80625 0.0849609 0.80625 0.0859375 0.805859 0.0864258 0.805859 0.0869141 0.805469 0.0874023 0.805469 0.0883789 0.804688 0.0893555 0.804688 0.0913086 0.803906 0.0922852 0.803906 0.0932617 0.803125 0.0942383 0.803125 0.0961914 0.802734 0.0966797 0.802734 0.0981445 0.801953 0.0991211 0.801953 0.102051 0.800781 0.103516 0.800781 0.105469 0.799219 0.107422 0.799219 0.108398 0.798828 0.108887 0.798828 0.111328 0.798047 0.112305 0.798047 0.116699 0.799219 0.118164 0.801562 0.118164 0.802734 0.116699 0.802734 0.116211 0.803125 0.115723 0.803125 0.115234 0.804688 0.113281 0.804688 0.111328 0.805859 0.109863 0.805859 0.109375 0.806641 0.108398 0.806641 0.10791 0.807031 0.107422 0.807031 0.106934 0.807813 0.105957 0.807813 0.105469 0.808594 0.104492 0.808594 0.103516 0.809375 0.102539 0.809375 0.101562 0.809766 0.101074 0.809766 0.100098 0.810547 0.0991211 0.810547 0.0986328 0.811328 0.0976562 0.811328 0.0942383 0.811719 0.09375 0.811719 0.0927734 0.8125 0.0917969 0.8125 0.0913086 0.813281 0.090332 0.813281 0.0898438 0.813672 0.0893555 0.813672 0.0786133 0.8125 0.0771484
2 0.735938 0.0429688 0.735547 0.043457 0.733984 0.043457 0.732812 0.0449219 0.732812 0.0473633 0.733984 0.0488281 0.734375 0.0488281 0.736719 0.0517578 0.736719 0.0522461 0.739062 0.0551758 0.739062 0.0561523 0.740234 0.0576172 0.740234 0.0581055 0.741016 0.059082 0.741016 0.0600586 0.74375 0.0634766 0.74375 0.0639648 0.746094 0.0668945 0.746094 0.0673828 0.746875 0.0683594 0.746875 0.0688477 0.747266 0.0693359 0.747266 0.0698242 0.748047 0.0708008 0.748047 0.0712891 0.749219 0.0727539 0.751172 0.0727539 0.752344 0.0712891 0.752344 0.0688477 0.752734 0.0683594 0.752734 0.0581055 0.751953 0.0571289 0.751953 0.0541992 0.750781 0.0527344 0.750391 0.0527344 0.75 0.0522461 0.749609 0.0522461 0.748828 0.0512695 0.748437 0.0512695 0.747266 0.0498047 0.746875 0.0498047 0.745313 0.0478516 0.744922 0.0478516 0.744141 0.046875 0.74375 0.046875 0.742969 0.0458984 0.742578 0.0458984 0.741016 0.0439453 0.739844 0.0439453 0.739453 0.043457 0.739062 0.043457 0.738672 0.0429688
2 0.835156 0.0234375 0.834766 0.0239258 0.833984 0.0239258 0.833203 0.0249023 0.832812 0.0249023 0.832031 0.0258789 0.83125 0.0258789 0.830859 0.0263672 0.830469 0.0263672 0.829688 0.0273438 0.828906 0.0273438 0.827734 0.0288086 0.825781 0.0288086 0.825391 0.0292969 0.825 0.0292969 0.824609 0.0297852 0.823438 0.0297852 0.823047 0.0302734 0.822656 0.0302734 0.822266 0.0307617 0.821875 0.0307617 0.821484 0.03125 0.819531 0.03125 0.819141 0.0317383 0.817578 0.0317383 0.817187 0.0322266 0.816797 0.0322266 0.816406 0.0327148 0.814453 0.0327148 0.814063 0.0332031 0.813672 0.0332031 0.813281 0.0336914 0.8125 0.0336914 0.811719 0.034668 0.811328 0.034668 0.810547 0.0356445 0.810156 0.0356445 0.809766 0.0361328 0.809375 0.0361328 0.808594 0.0371094 0.808203 0.0371094 0.806641 0.0390625 0.806641 0.0419922 0.808203 0.0439453 0.809766 0.0439453 0.810156 0.0444336 0.816016 0.0444336 0.816406 0.0439453 0.816797 0.0439453 0.817578 0.0429688 0.817969 0.0429688 0.81875 0.0419922 0.819141 0.0419922 0.819531 0.0415039 0.820312 0.0415039 0.821094 0.0405273 0.821484 0.0405273 0.823047 0.0385742 0.823438 0.0385742 0.823828 0.0380859 0.824219 0.0380859 0.824609 0.0375977 0.825 0.0375977 0.825781 0.0366211 0.826562 0.0366211 0.826953 0.0361328 0.827344 0.0361328 0.827734 0.0356445 0.828125 0.0356445 0.828906 0.034668 0.830469 0.034668 0.83125 0.0336914 0.831641 0.0336914 0.832031 0.0332031 0.832422 0.0332031 0.833594 0.0317383 0.834375 0.0317383 0.835156 0.0307617 0.835547 0.0307617 0.836719 0.0292969 0.836719 0.0288086 0.837109 0.0283203 0.8375 0.0283203 0.838672 0.0268555 0.838672 0.0249023 0.8375 0.0234375
2 0.754687 0.308105 0.753516 0.30957 0.753516 0.310059 0.753125 0.310547 0.753125 0.311035 0.752734 0.311523 0.752734 0.314941 0.752344 0.31543 0.752344 0.317871 0.751953 0.318359 0.751953 0.327637 0.752344 0.328125 0.752344 0.328613 0.752734 0.329102 0.752734 0.32959 0.753125 0.330078 0.753125 0.331055 0.753516 0.331543 0.753516 0.33252 0.753906 0.333008 0.753906 0.333984 0.754297 0.334473 0.754297 0.336914 0.754687 0.337402 0.754687 0.337891 0.75625 0.339844 0.75625 0.340332 0.756641 0.34082 0.756641 0.341309 0.757812 0.342773 0.764062 0.342773 0.765234 0.341309 0.765234 0.339844 0.765625 0.339355 0.765625 0.334961 0.764062 0.333008 0.763281 0.333008 0.761719 0.331055 0.760938 0.331055 0.760156 0.330078 0.760156 0.328613 0.759766 0.328125 0.759766 0.327148 0.758984 0.326172 0.758984 0.325684 0.758594 0.325195 0.758594 0.323242 0.758203 0.322754 0.758203 0.320801 0.757812 0.320312 0.757812 0.319336 0.757422 0.318848 0.757422 0.30957 0.75625 0.308105
1 0.523438 0.453125 0.519531 0.45166 0.514453 0.454102 0.511719 0.458496 0.512109 0.460938 0.515625 0.463379 0.522266 0.461914 0.523828 0.458984
2 0.275391 0.290039 0.274219 0.291504 0.274219 0.306641 0.275781 0.308594 0.275781 0.310547 0.276562 0.311523 0.276562 0.3125 0.277734 0.313965 0.277734 0.314941 0.279297 0.316895 0.279297 0.317383 0.28125 0.319824 0.28125 0.320312 0.283203 0.322754 0.283203 0.323242 0.284375 0.324707 0.284766 0.324707 0.285156 0.325195 0.2875 0.325195 0.287891 0.325684 0.289062 0.325684 0.289453 0.326172 0.293359 0.326172 0.295312 0.32373 0.295312 0.319336 0.294922 0.318848 0.294922 0.317383 0.29375 0.315918 0.29375 0.314941 0.293359 0.314453 0.293359 0.313965 0.290234 0.310059 0.290234 0.309082 0.289844 0.308594 0.289844 0.308105 0.288281 0.306152 0.288281 0.304688 0.286719 0.302734 0.286719 0.302246 0.286328 0.301758 0.286328 0.30127 0.284766 0.299316 0.284766 0.29834 0.282813 0.295898 0.282422 0.295898 0.282031 0.29541 0.281641 0.29541 0.280859 0.294434 0.280469 0.294434 0.280078 0.293945 0.280078 0.293457 0.278906 0.291992 0.278516 0.291992 0.276953 0.290039
2 0.226172 0.310547 0.225 0.312012 0.225 0.323242 0.225391 0.32373 0.225391 0.324219 0.225781 0.324707 0.225781 0.327637 0.226562 0.328613 0.226562 0.330078 0.226953 0.330566 0.226953 0.33252 0.227344 0.333008 0.227344 0.333496 0.227734 0.333984 0.227734 0.336914 0.228125 0.337402 0.228125 0.337891 0.228516 0.338379 0.228516 0.339844 0.228906 0.340332 0.228906 0.341797 0.230078 0.343262 0.230469 0.343262 0.230859 0.34375 0.232422 0.34375 0.233594 0.342285 0.233594 0.341309 0.234375 0.340332 0.234375 0.338379 0.234766 0.337891 0.234766 0.329102 0.234375 0.328613 0.234375 0.322266 0.233984 0.321777 0.233984 0.321289 0.233594 0.320801 0.233594 0.319824 0.233203 0.319336 0.233203 0.318848 0.232813 0.318359 0.232813 0.316895 0.232422 0.316406 0.232422 0.315918 0.230859 0.313965 0.230859 0.312988 0.229687 0.311523 0.228516 0.311523 0.227734 0.310547
2 0.280078 0.365723 0.279687 0.366211 0.276172 0.366211 0.275781 0.366699 0.275391 0.366699 0.275 0.367188 0.273828 0.367188 0.273438 0.367676 0.272656 0.367676 0.272266 0.368164 0.263281 0.368164 0.2625 0.367188 0.261328 0.367188 0.260937 0.366699 0.253516 0.366699 0.253125 0.367188 0.246484 0.367188 0.245703 0.368164 0.244922 0.368164 0.244531 0.368652 0.244141 0.368652 0.243359 0.369629 0.242188 0.369629 0.239844 0.372559 0.239844 0.374512 0.241016 0.375977 0.242969 0.375977 0.243359 0.376465 0.244141 0.376465 0.244531 0.376953 0.248828 0.376953 0.249219 0.377441 0.255469 0.377441 0.255859 0.376953 0.25625 0.377441 0.270703 0.377441 0.271094 0.376953 0.271875 0.376953 0.272266 0.376465 0.273047 0.376465 0.273438 0.375977 0.274219 0.375977 0.274609 0.375488 0.276953 0.375488 0.277344 0.375 0.277734 0.375 0.278125 0.374512 0.278516 0.374512 0.280078 0.372559 0.280469 0.372559 0.281641 0.371094 0.282031 0.371094 0.283203 0.369629 0.283203 0.367188 0.282031 0.365723
2 0.563672 0.625977 0.563281 0.626465 0.559766 0.626465 0.558984 0.627441 0.558203 0.627441 0.557422 0.628418 0.555469 0.628418 0.555078 0.628906 0.554688 0.628906 0.554297 0.628418 0.552734 0.628418 0.551172 0.630371 0.550781 0.630371 0.550391 0.630859 0.55 0.630859 0.549609 0.631348 0.549219 0.631348 0.548047 0.632812 0.548047 0.635254 0.546875 0.636719 0.546875 0.637695 0.545703 0.63916 0.545703 0.639648 0.544922 0.640625 0.544922 0.641113 0.542969 0.643555 0.542969 0.644043 0.542578 0.644531 0.542188 0.644531 0.538281 0.649414 0.538281 0.649902 0.537891 0.650391 0.537891 0.650879 0.5375 0.651367 0.5375 0.652344 0.537109 0.652832 0.537109 0.658203 0.5375 0.658691 0.5375 0.65918 0.539453 0.661621 0.540234 0.661621 0.540625 0.662109 0.542969 0.662109 0.544531 0.660156 0.544531 0.65918 0.545312 0.658203 0.545312 0.657227 0.546094 0.65625 0.546094 0.655762 0.546875 0.654785 0.546875 0.652832 0.547266 0.652344 0.547266 0.651855 0.548438 0.650391 0.548438 0.649902 0.548828 0.649414 0.548828 0.648926 0.549609 0.647949 0.549609 0.647461 0.550391 0.646484 0.550781 0.646484 0.551953 0.64502 0.551953 0.644531 0.553125 0.643066 0.553516 0.643066 0.553906 0.642578 0.554297 0.642578 0.555469 0.641113 0.555859 0.641113 0.55625 0.640625 0.556641 0.640625 0.557813 0.63916 0.558594 0.63916 0.558984 0.638672 0.559766 0.638672 0.560547 0.637695 0.561328 0.637695 0.561719 0.637207 0.5625 0.637207 0.563281 0.63623 0.564063 0.63623 0.564453 0.635742 0.564844 0.635742 0.565234 0.635254 0.565625 0.635254 0.566797 0.633789 0.567578 0.633789 0.567969 0.633301 0.569141 0.633301 0.571094 0.630859 0.571094 0.62793 0.569922 0.626465 0.56875 0.626465 0.568359 0.625977
2 0.602344 0.618164 0.601953 0.618652 0.601562 0.618652 0.599609 0.621094 0.599609 0.621582 0.597266 0.624512 0.596484 0.624512 0.596094 0.625 0.595703 0.625 0.594922 0.625977 0.594531 0.625977 0.593359 0.627441 0.592969 0.627441 0.592187 0.628418 0.591016 0.628418 0.590625 0.628906 0.590234 0.628906 0.589844 0.629395 0.589063 0.629395 0.588672 0.629883 0.585938 0.629883 0.585547 0.630371 0.582031 0.630371 0.581641 0.630859 0.578906 0.630859 0.578516 0.631348 0.577734 0.631348 0.577344 0.631836 0.576953 0.631836 0.576172 0.632812 0.574219 0.632812 0.573828 0.633301 0.573047 0.633301 0.572656 0.633789 0.572266 0.633789 0.570703 0.635742 0.570703 0.638672 0.571875 0.640137 0.573438 0.640137 0.574609 0.638672 0.575391 0.639648 0.580469 0.639648 0.580859 0.63916 0.58125 0.63916 0.581641 0.638672 0.582422 0.638672 0.582812 0.638184 0.585547 0.638184 0.585938 0.637695 0.587109 0.637695 0.5875 0.637207 0.589063 0.637207 0.590234 0.635742 0.592578 0.635742 0.593359 0.634766 0.594141 0.634766 0.594531 0.634277 0.594922 0.634277 0.595313 0.633789 0.595703 0.633789 0.596875 0.632324 0.597656 0.632324 0.598047 0.631836 0.598828 0.631836 0.599219 0.631348 0.6 0.631348 0.600781 0.630371 0.601172 0.630371 0.602344 0.628906 0.603125 0.628906 0.604297 0.627441 0.604297 0.626953 0.604688 0.626465 0.604688 0.625977 0.605469 0.625 0.605469 0.624512 0.605859 0.624023 0.605859 0.619629 0.604688 0.618164
2 0.739844 0.21582 0.738672 0.217285 0.738672 0.220703 0.738281 0.221191 0.738281 0.240234 0.738672 0.240723 0.738672 0.242188 0.739453 0.243164 0.739453 0.245605 0.742188 0.249023 0.742969 0.249023 0.74375 0.25 0.745313 0.25 0.746484 0.251465 0.746875 0.251465 0.747656 0.252441 0.750391 0.252441 0.751563 0.250977 0.751563 0.245605 0.750391 0.244141 0.750391 0.243652 0.75 0.243164 0.75 0.242188 0.748437 0.240234 0.748437 0.239746 0.747266 0.238281 0.746875 0.238281 0.746484 0.237793 0.746484 0.237305 0.744531 0.234863 0.744531 0.233887 0.743359 0.232422 0.743359 0.231445 0.742578 0.230469 0.742578 0.22998 0.742188 0.229492 0.742188 0.222168 0.742578 0.22168 0.742578 0.217285 0.741406 0.21582
2 0.861719 0.294434 0.859375 0.297363 0.858984 0.297363 0.858594 0.297852 0.858594 0.29834 0.857812 0.299316 0.857812 0.299805 0.857422 0.300293 0.857422 0.300781 0.856641 0.301758 0.856641 0.302246 0.85625 0.302734 0.85625 0.303223 0.855859 0.303711 0.855859 0.304199 0.855078 0.305176 0.855078 0.306641 0.854688 0.307129 0.854688 0.310059 0.853906 0.311035 0.853906 0.312988 0.853516 0.313477 0.853516 0.317383 0.853125 0.317871 0.853125 0.319336 0.852344 0.320312 0.852344 0.327148 0.853516 0.328613 0.85625 0.328613 0.857422 0.327148 0.857422 0.32666 0.857812 0.326172 0.857812 0.323242 0.858594 0.322266 0.858594 0.320312 0.858984 0.319824 0.858984 0.317383 0.860156 0.315918 0.860156 0.313477 0.861328 0.312012 0.861328 0.310059 0.8625 0.308594 0.8625 0.307617 0.862891 0.307129 0.862891 0.306641 0.863281 0.306152 0.863281 0.305664 0.864453 0.304199 0.864453 0.301758 0.865234 0.300781 0.865234 0.295898 0.864062 0.294434
2 0.846875 0.599121 0.846094 0.600098 0.845313 0.600098 0.844531 0.601074 0.84375 0.601074 0.842578 0.602539 0.842578 0.603027 0.840234 0.605957 0.840234 0.606934 0.839453 0.60791 0.839063 0.60791 0.837891 0.609375 0.837891 0.610352 0.836328 0.612305 0.836328 0.613281 0.835938 0.61377 0.835938 0.614258 0.835156 0.615234 0.835156 0.616211 0.834766 0.616699 0.834766 0.617188 0.833594 0.618652 0.833594 0.624023 0.834766 0.625488 0.840625 0.625488 0.841797 0.624023 0.841797 0.623047 0.842578 0.62207 0.842578 0.621582 0.84375 0.620117 0.844141 0.620117 0.845313 0.618652 0.845313 0.617676 0.846484 0.616211 0.846484 0.615723 0.847656 0.614258 0.847656 0.613281 0.848047 0.612793 0.848047 0.611816 0.849219 0.610352 0.849219 0.609863 0.851172 0.607422 0.851172 0.606934 0.851953 0.605957 0.851953 0.605469 0.853125 0.604004 0.853125 0.600586 0.851953 0.599121
2 0.877734 0.569336 0.876563 0.570801 0.876563 0.571777 0.873828 0.575195 0.873047 0.575195 0.872656 0.575684 0.872266 0.575684 0.870703 0.577637 0.869922 0.577637 0.86875 0.579102 0.86875 0.580078 0.868359 0.580566 0.867969 0.580566 0.867578 0.581055 0.867188 0.581055 0.866016 0.58252 0.866016 0.583008 0.864453 0.584961 0.864453 0.585449 0.863281 0.586914 0.863281 0.589355 0.862891 0.589844 0.862891 0.590332 0.8625 0.59082 0.8625 0.593262 0.861719 0.594238 0.861719 0.598633 0.862891 0.600098 0.866016 0.600098 0.866797 0.599121 0.867969 0.599121 0.869531 0.597168 0.869531 0.59668 0.871875 0.59375 0.871875 0.593262 0.873828 0.59082 0.873828 0.590332 0.874609 0.589355 0.874609 0.587891 0.875 0.587402 0.875 0.586914 0.876172 0.585449 0.876172 0.584961 0.877344 0.583496 0.877344 0.582031 0.878516 0.580566 0.878516 0.579102 0.878906 0.578613 0.878906 0.578125 0.879297 0.577637 0.879297 0.57666 0.880469 0.575195 0.880469 0.570801 0.879297 0.569336
2 0.839063 0.473633 0.837891 0.475098 0.837891 0.482422 0.8375 0.48291 0.8375 0.483887 0.837109 0.484375 0.837109 0.48584 0.836328 0.486816 0.836328 0.487305 0.835938 0.487793 0.835938 0.489258 0.835156 0.490234 0.835156 0.491211 0.834766 0.491699 0.834766 0.494629 0.833594 0.496094 0.833594 0.498047 0.832422 0.499512 0.832422 0.500488 0.83125 0.501953 0.83125 0.503906 0.830469 0.504883 0.830469 0.505371 0.829688 0.506348 0.829688 0.509766 0.830859 0.51123 0.83125 0.51123 0.831641 0.511719 0.833203 0.511719 0.833594 0.512207 0.8375 0.512207 0.839063 0.510254 0.839063 0.509277 0.841016 0.506836 0.841016 0.505371 0.841406 0.504883 0.841406 0.503906 0.841797 0.503418 0.841797 0.50293 0.842969 0.501465 0.842969 0.5 0.845313 0.49707 0.845313 0.484863 0.844141 0.483398 0.844141 0.481445 0.843359 0.480469 0.843359 0.47998 0.842969 0.479492 0.842969 0.477051 0.842578 0.476562 0.842578 0.476074 0.840625 0.473633
1 0.155078 0.826172 0.153906 0.827637 0.153906 0.830566 0.154297 0.831055 0.153906 0.831543 0.153906 0.836914 0.154297 0.837402 0.154297 0.837891 0.153906 0.838379 0.153906 0.844238 0.155859 0.84668 0.15625 0.84668 0.157812 0.848633 0.158984 0.848633 0.159375 0.849121 0.159375 0.850098 0.159766 0.850586 0.159766 0.851074 0.161719 0.853516 0.1625 0.853516 0.162891 0.854004 0.164844 0.854004 0.165625 0.85498 0.167969 0.85498 0.169141 0.853516 0.169141 0.843262 0.165625 0.838867 0.165625 0.835938 0.165234 0.835449 0.165234 0.834961 0.164453 0.833984 0.164453 0.83252 0.163281 0.831055 0.163281 0.830078 0.162109 0.828613 0.159375 0.828613 0.158203 0.827148 0.157422 0.827148 0.156641 0.826172
1 0.170313 0.881348 0.16875 0.883301 0.165234 0.883301 0.164062 0.884766 0.1625 0.884766 0.160938 0.886719 0.159766 0.886719 0.159375 0.887207 0.158984 0.887207 0.158203 0.888184 0.157812 0.888184 0.156641 0.889648 0.155859 0.889648 0.153906 0.89209 0.153906 0.892578 0.153125 0.893555 0.153125 0.894043 0.152734 0.894531 0.152734 0.897461 0.153125 0.897949 0.153125 0.898438 0.154297 0.899902 0.155469 0.899902 0.156641 0.901367 0.158203 0.901367 0.158984 0.902344 0.160156 0.902344 0.160547 0.902832 0.166016 0.902832 0.168359 0.899902 0.169141 0.899902 0.170703 0.897949 0.171094 0.897949 0.172266 0.896484 0.173828 0.896484 0.175391 0.894531 0.175781 0.894531 0.176172 0.894043 0.176563 0.894043 0.178516 0.891602 0.178516 0.890625 0.179688 0.88916 0.179688 0.887695 0.180469 0.886719 0.180469 0.882812 0.179297 0.881348
1 0.471484 0.922852 0.469922 0.924805 0.46875 0.924805 0.468359 0.925293 0.467969 0.925293 0.467187 0.92627 0.464062 0.92627 0.462891 0.927734 0.462109 0.927734 0.460547 0.929688 0.460156 0.929688 0.459766 0.930176 0.458203 0.930176 0.45625 0.932617 0.455469 0.932617 0.453906 0.93457 0.453516 0.93457 0.450781 0.937988 0.45 0.937988 0.448828 0.939453 0.448828 0.946777 0.45 0.948242 0.450781 0.948242 0.451562 0.949219 0.455078 0.949219 0.462109 0.94043 0.4625 0.94043 0.463281 0.939453 0.463672 0.939453 0.464844 0.937988 0.464844 0.9375 0.466016 0.936035 0.467578 0.936035 0.46875 0.93457 0.46875 0.934082 0.469531 0.933105 0.469531 0.932617 0.469922 0.932129 0.470313 0.932129 0.472266 0.929688 0.472266 0.929199 0.472656 0.928711 0.473047 0.928711 0.474219 0.927246 0.474219 0.924316 0.473047 0.922852
1 0.401953 0.889648 0.401172 0.890625 0.4 0.890625 0.398828 0.89209 0.398828 0.89502 0.4 0.896484 0.4 0.898926 0.403125 0.902832 0.403516 0.902832 0.405078 0.904785 0.405469 0.904785 0.406641 0.90625 0.406641 0.908203 0.408984 0.911133 0.410156 0.911133 0.411719 0.913086 0.412109 0.913086 0.4125 0.913574 0.4125 0.914062 0.413281 0.915039 0.413281 0.915527 0.416406 0.919434 0.416406 0.919922 0.417187 0.920898 0.417187 0.921387 0.418359 0.922852 0.41875 0.922852 0.419141 0.92334 0.419141 0.923828 0.420312 0.925293 0.422656 0.925293 0.423828 0.923828 0.423828 0.916992 0.423047 0.916016 0.423047 0.915039 0.422656 0.914551 0.422656 0.913574 0.420703 0.911133 0.420312 0.911133 0.419922 0.910645 0.419922 0.910156 0.418359 0.908203 0.418359 0.907715 0.416016 0.904785 0.416016 0.903809 0.413281 0.900391 0.413281 0.899414 0.412109 0.897949 0.411719 0.897949 0.411328 0.897461 0.410938 0.897461 0.410156 0.896484 0.409766 0.896484 0.408594 0.89502 0.408203 0.89502 0.405469 0.891602 0.405469 0.891113 0.404297 0.889648
1 0.353516 0.949219 0.352344 0.950684 0.352344 0.952148 0.351953 0.952637 0.351953 0.953125 0.351172 0.954102 0.351172 0.95459 0.349609 0.956543 0.349609 0.95752 0.348438 0.958984 0.348438 0.959961 0.347656 0.960938 0.347656 0.961914 0.347266 0.962402 0.346875 0.962402 0.345703 0.963867 0.345703 0.965332 0.345313 0.96582 0.345313 0.966309 0.344531 0.967285 0.344531 0.968262 0.34375 0.969238 0.34375 0.969727 0.342969 0.970703 0.342969 0.97168 0.342578 0.972168 0.342578 0.976074 0.344922 0.979004 0.348438 0.979004 0.349219 0.978027 0.35 0.978027 0.350391 0.977539 0.351172 0.977539 0.352344 0.976074 0.352344 0.975586 0.352734 0.975098 0.353125 0.975098 0.353906 0.974121 0.354687 0.974121 0.355859 0.972656 0.355859 0.972168 0.35625 0.97168 0.35625 0.971191 0.357812 0.969238 0.357812 0.96582 0.358984 0.964355 0.358984 0.961914 0.359766 0.960938 0.359766 0.958008 0.360156 0.95752 0.360156 0.957031 0.360938 0.956055 0.360938 0.952637 0.358984 0.950195 0.357422 0.950195 0.356641 0.949219
1 0.591406 0.940918 0.5875 0.937012 0.573828 0.937012 0.567187 0.938965 0.565234 0.944336 0.566797 0.948242 0.570312 0.950684 0.581641 0.95166 0.589063 0.948242 0.591406 0.944336
1 0.549609 0.885742 0.544922 0.888672 0.542578 0.895508 0.542188 0.905762 0.544922 0.914062 0.549219 0.912598 0.551172 0.904785 0.551562 0.890625
1 0.565234 0.869141 0.562891 0.869629 0.559766 0.873535 0.556641 0.880859 0.55625 0.887695 0.559375 0.89502 0.561719 0.894043 0.566406 0.880859 0.566797 0.872559
1 0.736328 0.955566 0.728125 0.958008 0.71875 0.97168 0.717187 0.977051 0.717969 0.980469 0.723828 0.97998 0.732422 0.97168 0.736719 0.963379 0.7375 0.958496
2 0.628516 0.775879 0.627344 0.777344 0.626953 0.777344 0.626563 0.777832 0.626172 0.777832 0.625781 0.77832 0.625 0.77832 0.624219 0.779297 0.624219 0.779785 0.620703 0.78418 0.620703 0.787109 0.620313 0.787598 0.620313 0.788086 0.618359 0.790527 0.618359 0.792969 0.616797 0.794922 0.616797 0.797363 0.616016 0.79834 0.616016 0.799316 0.615625 0.799805 0.615234 0.799805 0.613672 0.801758 0.613281 0.801758 0.611719 0.803711 0.611719 0.807617 0.612891 0.809082 0.616016 0.809082 0.616797 0.810059 0.61875 0.810059 0.620313 0.808105 0.621094 0.808105 0.621875 0.807129 0.622266 0.807129 0.622656 0.806641 0.623437 0.806641 0.627344 0.801758 0.627344 0.800293 0.628125 0.799316 0.628125 0.798828 0.629297 0.797363 0.629297 0.795898 0.630078 0.794922 0.630078 0.794434 0.632031 0.791992 0.632031 0.791016 0.632812 0.790039 0.632812 0.783203 0.633203 0.782715 0.633203 0.78125 0.633984 0.780273 0.633984 0.77832 0.632812 0.776855 0.630859 0.776855 0.630078 0.775879
2 0.589063 0.730469 0.588281 0.731445 0.5875 0.731445 0.585547 0.733887 0.584766 0.733887 0.582812 0.736328 0.582422 0.736328 0.58125 0.737793 0.580859 0.737793 0.580078 0.73877 0.578516 0.73877 0.577344 0.740234 0.577344 0.740723 0.576172 0.742188 0.575781 0.742188 0.574609 0.743652 0.574609 0.746094 0.573828 0.74707 0.573828 0.747559 0.573047 0.748535 0.573047 0.758789 0.574219 0.760254 0.578516 0.760254 0.579688 0.758789 0.579688 0.758301 0.580078 0.757812 0.58125 0.757812 0.582422 0.756348 0.582422 0.755859 0.582812 0.755371 0.583203 0.755371 0.584766 0.753418 0.585156 0.753418 0.585547 0.75293 0.585938 0.75293 0.587109 0.751465 0.587109 0.750977 0.5875 0.750488 0.587891 0.750488 0.589063 0.749023 0.589063 0.748535 0.590234 0.74707 0.590234 0.746582 0.591797 0.744629 0.591797 0.742676 0.592969 0.741211 0.592969 0.740234 0.593359 0.739746 0.59375 0.739746 0.595703 0.737305 0.595703 0.734375 0.594531 0.73291 0.59375 0.73291 0.591797 0.730469
2 0.714063 0.790039 0.712891 0.791504 0.712891 0.793457 0.713281 0.793945 0.713281 0.796875 0.714063 0.797852 0.714063 0.79834 0.714844 0.799316 0.714844 0.805176 0.716016 0.806641 0.716016 0.809082 0.717578 0.811035 0.717578 0.811523 0.717969 0.812012 0.717969 0.8125 0.723828 0.819824 0.724609 0.819824 0.725781 0.821289 0.726562 0.821289 0.727344 0.822266 0.727734 0.822266 0.728516 0.823242 0.730078 0.823242 0.730469 0.82373 0.730859 0.82373 0.731641 0.824707 0.733203 0.824707 0.733984 0.825684 0.736719 0.825684 0.738672 0.823242 0.738672 0.816406 0.734766 0.811523 0.732422 0.811523 0.732031 0.811035 0.732031 0.80957 0.73125 0.808594 0.73125 0.808105 0.730469 0.807129 0.730469 0.806641 0.730078 0.806152 0.730078 0.805664 0.728516 0.803711 0.728516 0.803223 0.728125 0.802734 0.728125 0.802246 0.726562 0.800293 0.726562 0.799805 0.724219 0.796875 0.723437 0.796875 0.722656 0.795898 0.722266 0.795898 0.71875 0.791504 0.716797 0.791504 0.715625 0.790039
2 0.548438 0.753906 0.547266 0.755371 0.547266 0.756348 0.546875 0.756836 0.546484 0.756836 0.545312 0.758301 0.545312 0.759766 0.544922 0.760254 0.54375 0.760254 0.541406 0.763184 0.541406 0.763672 0.540234 0.765137 0.540234 0.765625 0.539453 0.766602 0.539453 0.768066 0.538672 0.769043 0.538672 0.770508 0.538281 0.770996 0.538281 0.771484 0.5375 0.772461 0.5375 0.773438 0.536328 0.774902 0.536328 0.776367 0.535547 0.777344 0.535547 0.777832 0.533984 0.779785 0.533984 0.78125 0.533594 0.781738 0.533594 0.782227 0.532813 0.783203 0.532813 0.787598 0.533594 0.788574 0.533594 0.789551 0.535156 0.791504 0.538281 0.791504 0.538672 0.791016 0.539062 0.791016 0.540234 0.789551 0.540234 0.789062 0.541406 0.787598 0.541406 0.786133 0.542188 0.785156 0.542188 0.78418 0.542578 0.783691 0.542578 0.783203 0.544141 0.78125 0.544141 0.779297 0.544922 0.77832 0.545312 0.77832 0.546484 0.776855 0.546484 0.776367 0.548047 0.774414 0.548047 0.773926 0.548828 0.772949 0.548828 0.772461 0.549219 0.771973 0.549219 0.771484 0.55 0.770508 0.55 0.769531 0.551953 0.76709 0.551953 0.766113 0.553125 0.764648 0.553125 0.76416 0.554688 0.762207 0.554688 0.756836 0.553906 0.755859 0.553906 0.755371 0.552734 0.753906
2 0.36875 0.820801 0.368359 0.821289 0.366797 0.821289 0.365625 0.822754 0.365625 0.828125 0.366016 0.828613 0.366016 0.831543 0.367188 0.833008 0.368359 0.833008 0.369141 0.833984 0.370312 0.833984 0.370703 0.834473 0.371875 0.834473 0.374609 0.837891 0.376172 0.837891 0.377344 0.839355 0.378125 0.839355 0.379688 0.841309 0.381641 0.841309 0.382422 0.842285 0.382812 0.842285 0.383203 0.842773 0.384766 0.842773 0.385156 0.843262 0.385547 0.843262 0.385937 0.84375 0.386328 0.84375 0.387109 0.844727 0.3875 0.844727 0.387891 0.845215 0.389453 0.845215 0.389844 0.844727 0.390234 0.844727 0.391406 0.843262 0.391406 0.842773 0.391797 0.842285 0.391797 0.839355 0.389453 0.836426 0.389062 0.836426 0.3875 0.834473 0.387109 0.834473 0.385156 0.832031 0.385156 0.831055 0.383984 0.82959 0.383984 0.828613 0.382812 0.827148 0.382422 0.827148 0.382031 0.82666 0.382031 0.826172 0.380859 0.824707 0.380078 0.824707 0.378906 0.823242 0.376953 0.823242 0.375391 0.821289 0.373828 0.821289 0.373437 0.820801
2 0.508984 0.844727 0.508594 0.845215 0.508203 0.845215 0.507422 0.846191 0.507031 0.846191 0.503125 0.851074 0.503125 0.853516 0.502344 0.854492 0.502344 0.85498 0.501563 0.855957 0.501563 0.862305 0.500391 0.86377 0.500391 0.868164 0.499609 0.869141 0.499609 0.875977 0.502344 0.879395 0.503906 0.879395 0.504297 0.879883 0.506641 0.879883 0.508203 0.87793 0.508203 0.863281 0.509766 0.861328 0.509766 0.860352 0.510156 0.859863 0.510156 0.857422 0.510938 0.856445 0.510938 0.855469 0.512109 0.854004 0.512109 0.852539 0.513672 0.850586 0.513672 0.849121 0.514453 0.848145 0.514453 0.846191 0.513281 0.844727
2 0.301172 0.781738 0.3 0.783203 0.3 0.786621 0.300781 0.787598 0.300781 0.790039 0.301172 0.790527 0.301172 0.791992 0.301953 0.792969 0.301953 0.794922 0.302734 0.795898 0.302734 0.797852 0.303125 0.79834 0.303125 0.800781 0.304688 0.802734 0.304688 0.804199 0.305859 0.805664 0.305859 0.808594 0.307031 0.810059 0.307422 0.810059 0.307812 0.810547 0.307812 0.811035 0.308984 0.8125 0.309375 0.8125 0.309766 0.812988 0.309766 0.813965 0.310937 0.81543 0.311328 0.81543 0.312891 0.817383 0.314063 0.817383 0.314453 0.817871 0.316797 0.817871 0.317969 0.816406 0.317969 0.808105 0.317188 0.807129 0.317188 0.806641 0.316406 0.805664 0.316406 0.803711 0.315234 0.802246 0.315234 0.800781 0.313672 0.798828 0.313672 0.79834 0.3125 0.796875 0.3125 0.796387 0.311328 0.794922 0.311328 0.793945 0.309766 0.791992 0.309766 0.791504 0.305469 0.786133 0.305078 0.786133 0.304688 0.785645 0.304688 0.784668 0.303906 0.783691 0.303906 0.783203 0.302734 0.781738
2 0.945703 0.284668 0.942969 0.288086 0.942578 0.288086 0.941406 0.289551 0.941406 0.291016 0.938672 0.294434 0.938281 0.294434 0.9375 0.29541 0.9375 0.295898 0.935937 0.297852 0.935937 0.298828 0.934766 0.300293 0.934766 0.302734 0.934375 0.303223 0.934375 0.303711 0.933984 0.304199 0.933984 0.308105 0.932813 0.30957 0.932813 0.310059 0.932422 0.310547 0.932422 0.311035 0.932031 0.311523 0.932031 0.312012 0.930859 0.313477 0.930859 0.313965 0.930078 0.314941 0.930078 0.32373 0.93125 0.325195 0.936719 0.325195 0.940625 0.320312 0.940625 0.319824 0.941406 0.318848 0.941406 0.316895 0.943359 0.314453 0.943359 0.313477 0.944531 0.312012 0.944531 0.308594 0.946484 0.306152 0.946484 0.304688 0.947266 0.303711 0.947266 0.299316 0.948438 0.297852 0.948438 0.296387 0.949219 0.29541 0.949219 0.291504 0.95 0.290527 0.95 0.288574 0.949219 0.287598 0.949219 0.286133 0.948047 0.284668
2 0.91875 0.179688 0.917578 0.181152 0.917578 0.183105 0.91875 0.18457 0.919531 0.18457 0.920703 0.186035 0.920703 0.187988 0.922266 0.189941 0.922266 0.191895 0.923438 0.193359 0.923828 0.193359 0.924219 0.193848 0.924219 0.195312 0.925391 0.196777 0.925781 0.196777 0.926172 0.197266 0.926172 0.197754 0.927344 0.199219 0.928516 0.199219 0.928906 0.199707 0.928906 0.200195 0.930078 0.20166 0.930078 0.202148 0.93125 0.203613 0.933594 0.203613 0.933984 0.204102 0.933984 0.20459 0.935156 0.206055 0.935937 0.206055 0.937891 0.208496 0.938672 0.208496 0.940625 0.210938 0.941406 0.210938 0.942578 0.212402 0.942969 0.212402 0.944531 0.214355 0.944922 0.214355 0.945312 0.214844 0.945703 0.214844 0.946484 0.21582 0.948438 0.21582 0.950391 0.218262 0.955469 0.218262 0.956641 0.216797 0.956641 0.213379 0.954688 0.210938 0.953906 0.210938 0.951953 0.208496 0.951562 0.208496 0.951172 0.208008 0.951172 0.20752 0.95 0.206055 0.948828 0.206055 0.948047 0.205078 0.947266 0.205078 0.946094 0.203613 0.945703 0.203613 0.945312 0.203125 0.945312 0.202637 0.944141 0.201172 0.94375 0.201172 0.943359 0.200684 0.943359 0.200195 0.942187 0.19873 0.941016 0.19873 0.939453 0.196777 0.938672 0.196777 0.936719 0.194336 0.935937 0.194336 0.934766 0.192871 0.933594 0.192871 0.930859 0.189453 0.930469 0.189453 0.930078 0.188965 0.930078 0.188477 0.928906 0.187012 0.928516 0.187012 0.928125 0.186523 0.928125 0.186035 0.926953 0.18457 0.925781 0.18457 0.925 0.183594 0.924609 0.183594 0.923438 0.182129 0.923047 0.182129 0.922656 0.181641 0.922656 0.181152 0.921484 0.179688
2 0.963672 0.208496 0.962891 0.209473 0.9625 0.209473 0.961328 0.210938 0.961328 0.211426 0.960547 0.212402 0.960547 0.214844 0.958594 0.217285 0.958594 0.223145 0.957812 0.224121 0.957812 0.227539 0.956641 0.229004 0.956641 0.23291 0.955859 0.233887 0.955859 0.237305 0.954688 0.23877 0.954688 0.259766 0.955859 0.26123 0.958594 0.26123 0.959766 0.259766 0.959766 0.257324 0.960156 0.256836 0.960156 0.256348 0.960547 0.255859 0.960547 0.23584 0.961719 0.234375 0.961719 0.23291 0.9625 0.231934 0.9625 0.229004 0.963672 0.227539 0.963672 0.224609 0.964453 0.223633 0.964453 0.221191 0.964844 0.220703 0.965234 0.220703 0.966406 0.219238 0.966406 0.217773 0.967187 0.216797 0.967187 0.21582 0.968359 0.214355 0.968359 0.209961 0.967187 0.208496
