1 0.612164 0.582715 0.608551 0.578198 0.602984 0.571025 0.601492 0.570454 0.6 0.571025 0.599426 0.57188 0.59891 0.573105 0.599141 0.574541 0.600574 0.576694 0.601777 0.580923 0.602867 0.589531 0.604531 0.59562 0.607461 0.602002 0.610441 0.608462 0.613254 0.612837 0.615262 0.615845 0.616754 0.616919 0.618703 0.61707 0.619852 0.615635 0.621574 0.611899 0.621629 0.607388 0.62077 0.600361 0.618188 0.593257 0.615031 0.586587
1 0.639762 0.617563 0.638785 0.615063 0.637809 0.611333 0.637695 0.607744 0.637695 0.603516 0.63718 0.6 0.635402 0.598638 0.633336 0.599355 0.629949 0.602002 0.628 0.604512 0.62691 0.608677 0.626852 0.615635 0.629492 0.625742 0.633793 0.637148 0.636836 0.643604 0.6385 0.646333 0.640852 0.64791 0.642687 0.647686 0.643664 0.645176 0.643719 0.640449 0.642113 0.627324 0.640965 0.621372
1 0.524832 0.670703 0.522824 0.677153 0.521277 0.682607 0.519555 0.688989 0.518695 0.692861 0.519039 0.696162 0.520586 0.698311 0.52334 0.697954 0.525121 0.695801 0.528848 0.688989 0.532809 0.682031 0.537227 0.673496 0.540555 0.665181 0.542102 0.657793 0.545145 0.650547 0.54566 0.646172 0.544973 0.644023 0.544109 0.643018 0.542848 0.643091 0.540383 0.644883 0.53602 0.651265 0.530227 0.659155 0.527129 0.665181
1 0.568375 0.669771 0.563152 0.667832 0.558449 0.667261 0.554262 0.667329 0.550301 0.667974 0.548293 0.669194 0.547434 0.670703 0.54709 0.673354 0.547949 0.675146 0.55082 0.675864 0.55625 0.6771 0.560586 0.678857 0.564648 0.681006 0.569406 0.684326 0.573824 0.688198 0.578301 0.693438 0.58082 0.696143 0.583465 0.697739 0.585531 0.697095 0.585988 0.695303 0.585016 0.691787 0.581859 0.684111 0.57727 0.677515 0.573996 0.673569 0.570898 0.67106
1 0.547836 0.708208 0.544508 0.708569 0.540664 0.709644 0.538023 0.711221 0.5355 0.712085 0.533148 0.712153 0.53177 0.711006 0.530621 0.710288 0.529246 0.710718 0.528441 0.711724 0.528328 0.71373 0.529531 0.715742 0.53177 0.718037 0.535559 0.720332 0.539629 0.722197 0.544457 0.723125 0.549844 0.72356 0.555293 0.72356 0.560285 0.722197 0.567398 0.719541 0.570039 0.715884 0.570152 0.711079 0.568547 0.708926 0.565105 0.708354 0.560398 0.708857 0.553113 0.708208
1 0.609742 0.700322 0.610602 0.692861 0.611234 0.687339 0.611121 0.683394 0.608938 0.681172 0.606586 0.681387 0.603375 0.683179 0.60148 0.684829 0.600848 0.687769 0.60125 0.690352 0.601078 0.693721 0.600219 0.69731 0.598496 0.703477 0.596547 0.709644 0.593504 0.717822 0.589375 0.72356 0.587078 0.726138 0.585988 0.729438 0.586734 0.731733 0.58834 0.73209 0.590004 0.731807 0.594367 0.729365 0.599129 0.72542 0.604578 0.717173 0.607848 0.711079 0.609168 0.705986
1 0.661984 0.694805 0.659832 0.698691 0.656965 0.706045 0.654336 0.713452 0.653473 0.719131 0.652898 0.725347 0.652898 0.727798 0.653473 0.729829 0.654574 0.730249 0.656297 0.729351 0.659117 0.724453 0.66275 0.716504 0.664996 0.712021 0.666336 0.708853 0.667148 0.705684 0.668438 0.700786 0.670641 0.69457 0.672887 0.690205 0.67575 0.6871 0.676914 0.685059 0.676949 0.682554 0.67609 0.679688 0.675031 0.678789 0.673699 0.679326 0.671594 0.68082 0.668008 0.685605 0.664711 0.690146
1 0.655211 0.744155 0.652688 0.753623 0.651656 0.761729 0.65177 0.769399 0.653203 0.772485 0.654637 0.773701 0.656359 0.774062 0.658426 0.773633 0.659113 0.771841 0.659227 0.767896 0.661012 0.76187 0.66382 0.753838 0.667145 0.744727 0.671336 0.736982 0.674324 0.732036 0.675637 0.729165 0.6765 0.72479 0.676039 0.721562 0.674664 0.719985 0.67248 0.719482 0.6695 0.720991 0.665547 0.725723 0.66009 0.73311 0.657449 0.738418
1 0.666574 0.751255 0.666 0.760005 0.665254 0.765098 0.664105 0.769399 0.663125 0.773291 0.664164 0.776143 0.665941 0.777002 0.668523 0.77686 0.67059 0.774351 0.674145 0.766963 0.676727 0.761582 0.678164 0.755703 0.679137 0.748672 0.679941 0.741572 0.680859 0.735405 0.681605 0.730815 0.681488 0.727588 0.680285 0.726367 0.678508 0.726367 0.675926 0.728447 0.672711 0.734614 0.670246 0.738848 0.668121 0.743652 0.66707 0.74751
1 0.63832 0.800049 0.636414 0.796436 0.633301 0.792134 0.63148 0.789771 0.62959 0.789009 0.628105 0.789351 0.62709 0.79019 0.626957 0.793818 0.627437 0.799307 0.628508 0.806138 0.62925 0.815591 0.630668 0.822256 0.632625 0.827993 0.632895 0.832803 0.632566 0.837695 0.631883 0.840903 0.632566 0.842168 0.634383 0.842168 0.636 0.840225 0.63877 0.835586 0.640262 0.831787 0.640727 0.827319 0.641266 0.817612 0.641133 0.810103 0.639805 0.803857
1 0.610488 0.837695 0.608129 0.840986 0.605227 0.843604 0.602258 0.847397 0.600164 0.854316 0.599895 0.858198 0.600707 0.860391 0.601922 0.860645 0.604148 0.859634 0.606242 0.857441 0.611305 0.85356 0.614879 0.851362 0.618594 0.847988 0.622164 0.843516 0.624668 0.840059 0.625816 0.838706 0.627031 0.838706 0.628109 0.840225 0.629797 0.841743 0.631484 0.841914 0.633105 0.841406 0.633781 0.839634 0.633848 0.836177 0.63277 0.832466 0.629797 0.829849 0.626152 0.828159 0.622102 0.827485 0.618594 0.827822 0.616367 0.829429 0.613734 0.832212 0.612383 0.834487
1 0.600309 0.873218 0.600848 0.870171 0.599977 0.867471 0.597547 0.865371 0.595117 0.8652 0.593488 0.867227 0.592344 0.870938 0.591871 0.880557 0.591809 0.885366 0.591734 0.891348 0.59073 0.895576 0.588973 0.900801 0.588301 0.905278 0.588555 0.912598 0.58875 0.916064 0.589219 0.918213 0.59066 0.919453 0.592207 0.919033 0.593227 0.916924 0.595719 0.910586 0.597879 0.903423 0.599688 0.895898 0.600441 0.89043 0.600441 0.885703 0.599766 0.880557 0.599766 0.876846
1 0.624234 0.938184 0.622777 0.932109 0.622289 0.929478 0.619941 0.927046 0.616945 0.926538 0.614516 0.928159 0.613379 0.93292 0.613379 0.939805 0.615082 0.946382 0.617836 0.953979 0.623102 0.965923 0.624801 0.971191 0.625449 0.974937 0.627477 0.977163 0.6295 0.978076 0.63209 0.978076 0.633227 0.975542 0.633469 0.972407 0.632336 0.96562 0.632254 0.95833 0.630633 0.951748 0.628445 0.946079 0.625773 0.941118
1 0.861797 0.346973 0.863359 0.346504 0.865145 0.344717 0.866215 0.342041 0.868711 0.334756 0.871449 0.328809 0.873352 0.323901 0.87466 0.31334 0.874422 0.305757 0.873473 0.302036 0.872637 0.300698 0.870852 0.299956 0.869188 0.301294 0.867879 0.306055 0.866926 0.310068 0.86443 0.315273 0.861215 0.320034 0.859195 0.326577 0.858004 0.335352 0.857887 0.340854 0.858477 0.344434 0.860145 0.346504
1 0.939453 0.369629 0.939063 0.370117 0.938672 0.370117 0.937891 0.371094 0.937891 0.371582 0.936328 0.373535 0.935937 0.373535 0.932422 0.37793 0.932031 0.37793 0.930859 0.379395 0.930469 0.379395 0.930078 0.379883 0.929688 0.379883 0.929297 0.380371 0.928906 0.380371 0.928125 0.381348 0.927344 0.381348 0.926172 0.382812 0.925781 0.382812 0.925391 0.383301 0.925 0.383301 0.923828 0.384766 0.923828 0.385254 0.922656 0.386719 0.922656 0.387207 0.921875 0.388184 0.921875 0.388672 0.920703 0.390137 0.920703 0.390625 0.919922 0.391602 0.919922 0.39209 0.919531 0.392578 0.919531 0.393066 0.917578 0.395508 0.917578 0.396484 0.917188 0.396973 0.917188 0.397949 0.916797 0.398438 0.916797 0.399414 0.916406 0.399902 0.916406 0.400879 0.916016 0.401367 0.916016 0.401855 0.915625 0.402344 0.915625 0.40332 0.914844 0.404297 0.914844 0.404785 0.914062 0.405762 0.914062 0.40625 0.913672 0.406738 0.913672 0.407227 0.913281 0.407715 0.913281 0.408203 0.912891 0.408691 0.912891 0.410645 0.911719 0.412109 0.911719 0.417969 0.9125 0.418945 0.914062 0.418945 0.914453 0.418457 0.914844 0.418457 0.918359 0.414062 0.918359 0.413574 0.919141 0.412598 0.919531 0.412598 0.920312 0.411621 0.920703 0.411621 0.922266 0.409668 0.922656 0.409668 0.925 0.406738 0.925391 0.406738 0.925781 0.40625 0.926172 0.40625 0.926953 0.405273 0.926953 0.404785 0.928516 0.402832 0.928516 0.402344 0.929688 0.400879 0.929688 0.399902 0.930859 0.398438 0.930859 0.397949 0.93125 0.397461 0.93125 0.396973 0.932031 0.395996 0.932031 0.395508 0.932422 0.39502 0.932422 0.394043 0.932813 0.393555 0.932813 0.392578 0.933203 0.39209 0.933203 0.391113 0.933594 0.390625 0.933594 0.390137 0.933984 0.389648 0.933984 0.388672 0.934375 0.388184 0.934375 0.387695 0.935156 0.386719 0.935156 0.385742 0.935547 0.385254 0.935547 0.384766 0.936328 0.383789 0.936328 0.382812 0.939844 0.378418 0.939844 0.37793 0.940234 0.377441 0.940234 0.376953 0.941016 0.375977 0.941016 0.375488 0.941406 0.375 0.941406 0.374512 0.941797 0.374023 0.941797 0.370605 0.941016 0.369629
1 0.877344 0.425781 0.876953 0.42627 0.876563 0.42627 0.875781 0.427246 0.875781 0.429688 0.876172 0.430176 0.876172 0.431641 0.875781 0.432129 0.875781 0.434082 0.875391 0.43457 0.875391 0.454102 0.875781 0.45459 0.875781 0.456055 0.876172 0.456543 0.876172 0.458008 0.876563 0.458496 0.876563 0.460938 0.876953 0.461426 0.876953 0.463379 0.877344 0.463867 0.877344 0.464355 0.877734 0.464844 0.877734 0.467285 0.878516 0.468262 0.878516 0.470703 0.878906 0.471191 0.878906 0.476562 0.879297 0.477051 0.879297 0.478027 0.880469 0.479492 0.882031 0.479492 0.882812 0.478516 0.882812 0.477051 0.883203 0.476562 0.883203 0.474609 0.883594 0.474121 0.883594 0.470703 0.883984 0.470215 0.883984 0.469238 0.884375 0.46875 0.884375 0.467285 0.884766 0.466797 0.884766 0.46582 0.885156 0.465332 0.885156 0.464844 0.885547 0.464355 0.885547 0.463867 0.885938 0.463379 0.885938 0.458984 0.886328 0.458496 0.886328 0.457031 0.886719 0.456543 0.886719 0.455078 0.887109 0.45459 0.887109 0.452637 0.8875 0.452148 0.8875 0.44043 0.887109 0.439941 0.887109 0.437012 0.886719 0.436523 0.886719 0.435059 0.886328 0.43457 0.886328 0.433105 0.885938 0.432617 0.885938 0.430664 0.885547 0.430176 0.885547 0.429688 0.885156 0.429199 0.885156 0.428711 0.882812 0.425781
1 0.832031 0.363281 0.831641 0.36377 0.83125 0.36377 0.830078 0.365234 0.830078 0.370117 0.830469 0.370605 0.830469 0.371094 0.83125 0.37207 0.83125 0.372559 0.832422 0.374023 0.832422 0.380859 0.832812 0.381348 0.832812 0.382324 0.833203 0.382812 0.833203 0.383301 0.833594 0.383789 0.833594 0.390137 0.833984 0.390625 0.833984 0.391602 0.834375 0.39209 0.834375 0.393555 0.834766 0.394043 0.834766 0.39502 0.835156 0.395508 0.835156 0.396973 0.835547 0.397461 0.835547 0.399902 0.835938 0.400391 0.835938 0.400879 0.836328 0.401367 0.836328 0.401855 0.836719 0.402344 0.836719 0.402832 0.837891 0.404297 0.837891 0.404785 0.839063 0.40625 0.839063 0.406738 0.839453 0.407227 0.839453 0.407715 0.840234 0.408691 0.840234 0.40918 0.840625 0.409668 0.840625 0.410156 0.841406 0.411133 0.841797 0.411133 0.844141 0.414062 0.844922 0.414062 0.845703 0.415039 0.846094 0.415039 0.846875 0.416016 0.847266 0.416016 0.847656 0.416504 0.848047 0.416504 0.848437 0.416992 0.851562 0.416992 0.852344 0.416016 0.852344 0.411133 0.851562 0.410156 0.851562 0.40918 0.85 0.407227 0.85 0.406738 0.849609 0.40625 0.849609 0.405762 0.849219 0.405273 0.849219 0.404297 0.848047 0.402832 0.848047 0.401855 0.847656 0.401367 0.847656 0.400879 0.847266 0.400391 0.847266 0.399414 0.846875 0.398926 0.846875 0.398438 0.846484 0.397949 0.846484 0.397461 0.846094 0.396973 0.846094 0.395996 0.845703 0.395508 0.845703 0.39502 0.845313 0.394531 0.845313 0.393555 0.844922 0.393066 0.844922 0.392578 0.844531 0.39209 0.844531 0.391602 0.844141 0.391113 0.844141 0.389648 0.84375 0.38916 0.84375 0.387207 0.843359 0.386719 0.843359 0.385254 0.842969 0.384766 0.842969 0.383301 0.842578 0.382812 0.842578 0.380859 0.842187 0.380371 0.842187 0.378906 0.841406 0.37793 0.841406 0.376953 0.841016 0.376465 0.841016 0.375488 0.840625 0.375 0.840625 0.373535 0.840234 0.373047 0.840234 0.372559 0.839844 0.37207 0.839844 0.371582 0.839453 0.371094 0.839453 0.370117 0.839063 0.369629 0.839063 0.368652 0.838672 0.368164 0.838672 0.367188 0.8375 0.365723 0.8375 0.365234 0.835938 0.363281
1 0.963281 0.524414 0.9625 0.525391 0.9625 0.527832 0.962109 0.52832 0.9625 0.532227 0.966797 0.542969 0.969141 0.547363 0.973047 0.552246 0.973047 0.552734 0.976953 0.557129 0.977734 0.559082 0.978906 0.560547 0.980078 0.561035 0.981641 0.563477 0.982812 0.563477 0.985156 0.55957 0.985547 0.555664 0.984766 0.553223 0.983594 0.543457 0.982422 0.539551 0.98125 0.538086 0.978906 0.533203 0.976953 0.531738 0.973828 0.52832 0.967578 0.524414
1 0.988672 0.543457 0.9875 0.54541 0.9875 0.550293 0.989453 0.556152 0.993359 0.561523 0.996875 0.563477 0.997656 0.564453 1 0.564453 1 0.546875 0.997656 0.546875 0.996094 0.54541 0.995313 0.54541 0.994141 0.544434 0.992969 0.544434 0.990625 0.542969
1 0.956641 0.55957 0.955469 0.557617 0.947266 0.558105 0.945312 0.559082 0.943359 0.559082 0.942969 0.55957 0.939453 0.560059 0.935547 0.5625 0.93125 0.562988 0.928125 0.564453 0.925 0.564941 0.923438 0.565918 0.922266 0.567383 0.921875 0.568359 0.922266 0.571777 0.923828 0.572754 0.926172 0.572754 0.926562 0.573242 0.928906 0.573242 0.929297 0.57373 0.932422 0.57373 0.932813 0.574219 0.937109 0.574219 0.9375 0.57373 0.941016 0.57373 0.941406 0.573242 0.944531 0.572754 0.946484 0.571289 0.951172 0.569336 0.955078 0.564453 0.955859 0.562012 0.956641 0.561035
1 0.967187 0.579102 0.966797 0.578125 0.965234 0.57666 0.959375 0.57666 0.958984 0.577148 0.951562 0.57666 0.951172 0.577148 0.946484 0.577148 0.946094 0.577637 0.944141 0.577637 0.94375 0.578125 0.938672 0.578125 0.935156 0.57959 0.930859 0.57959 0.930469 0.580078 0.928906 0.580078 0.928125 0.580566 0.928125 0.583984 0.929297 0.584961 0.931641 0.585938 0.932813 0.585938 0.936719 0.588379 0.939453 0.588867 0.939844 0.589355 0.949219 0.588867 0.949609 0.588379 0.951172 0.588379 0.955078 0.585449 0.959375 0.583984 0.961328 0.58252 0.966406 0.581055
1 0.894844 0.616797 0.893516 0.614209 0.889336 0.612109 0.885117 0.61167 0.88207 0.611572 0.880273 0.61167 0.877344 0.611816 0.876836 0.612012 0.875781 0.612305 0.873437 0.613281 0.86875 0.616211 0.8625 0.62207 0.859375 0.627441 0.858984 0.631348 0.860156 0.632812 0.862187 0.633105 0.866172 0.632324 0.868828 0.63125 0.871602 0.630371 0.874336 0.630176 0.879922 0.629102 0.882656 0.627588 0.888281 0.624512 0.892422 0.62085 0.894336 0.618799
1 0.951953 0.618164 0.95 0.616211 0.949219 0.616211 0.948047 0.615234 0.946094 0.615234 0.945703 0.614746 0.938281 0.614746 0.937891 0.615234 0.935547 0.615234 0.935156 0.615723 0.932422 0.615723 0.932031 0.616211 0.930469 0.616211 0.928125 0.617188 0.923047 0.617676 0.920312 0.619141 0.919141 0.619141 0.91875 0.619629 0.917578 0.619629 0.915234 0.620605 0.912891 0.622559 0.912891 0.625488 0.913281 0.626465 0.914844 0.627441 0.918359 0.627441 0.91875 0.62793 0.923438 0.62793 0.923828 0.628418 0.93125 0.628418 0.931641 0.62793 0.933984 0.62793 0.934375 0.627441 0.935937 0.627441 0.939844 0.625 0.950781 0.622559 0.951953 0.620605
1 0.830469 0.584473 0.829688 0.583496 0.826562 0.583984 0.823828 0.586426 0.821133 0.588721 0.818477 0.590674 0.813906 0.593213 0.809414 0.596143 0.804141 0.599023 0.800117 0.604834 0.798828 0.606934 0.798828 0.608887 0.801172 0.61084 0.803125 0.61084 0.805078 0.609375 0.810937 0.609375 0.811328 0.608887 0.814063 0.608887 0.814453 0.608398 0.81875 0.60791 0.822656 0.605469 0.825 0.603516 0.827344 0.600586 0.828906 0.597168 0.829844 0.594434 0.830469 0.591797 0.830859 0.589355 0.830859 0.585938
1 0.820141 0.526318 0.81666 0.530977 0.812934 0.537051 0.808559 0.541709 0.804426 0.54606 0.802484 0.550312 0.802484 0.55416 0.80459 0.556289 0.806535 0.557197 0.809855 0.555986 0.814551 0.552744 0.820789 0.548086 0.825648 0.541304 0.827512 0.535024 0.828402 0.527939 0.828645 0.52146 0.827105 0.515381 0.825973 0.512246 0.824191 0.512749 0.823059 0.517813 0.82152 0.523989
1 0.801262 0.492783 0.798102 0.501187 0.795672 0.508682 0.794859 0.51668 0.79243 0.523262 0.791297 0.526904 0.791297 0.529033 0.793242 0.529438 0.794781 0.527817 0.799723 0.521338 0.80377 0.515264 0.80693 0.509185 0.809359 0.50311 0.811789 0.496328 0.814301 0.489849 0.816812 0.485796 0.820051 0.482661 0.820863 0.479824 0.818836 0.4779 0.814949 0.478101 0.810172 0.480938 0.804824 0.486509
1 0.744844 0.489063 0.744883 0.487256 0.744492 0.485742 0.7425 0.484424 0.739766 0.484277 0.737852 0.485059 0.736055 0.487695 0.735234 0.491309 0.735078 0.495654 0.736602 0.500049 0.740586 0.504004 0.745156 0.506738 0.751055 0.510645 0.755312 0.512158 0.758242 0.514502 0.761797 0.516797 0.76332 0.516553 0.764219 0.515039 0.764141 0.511572 0.762969 0.508643 0.757656 0.501807 0.751406 0.495703 0.746133 0.492139 0.744375 0.491162 0.744258 0.490381
1 0.720707 0.527988 0.718074 0.529341 0.714566 0.533135 0.711594 0.53938 0.710648 0.544019 0.710648 0.548911 0.71166 0.551021 0.713621 0.551108 0.716051 0.549502 0.717941 0.546553 0.719355 0.544863 0.721988 0.543516 0.725434 0.543091 0.728402 0.541152 0.731441 0.537778 0.734004 0.533306 0.735559 0.528662 0.736906 0.523687 0.736703 0.51896 0.734273 0.517271 0.732656 0.517358 0.731102 0.520312 0.729887 0.523262 0.727254 0.525879 0.723879 0.527061
1 0.731711 0.546553 0.727187 0.55001 0.723609 0.554653 0.72118 0.557183 0.717871 0.562583 0.715848 0.566211 0.715781 0.57043 0.718141 0.572031 0.720844 0.57085 0.724148 0.568149 0.730156 0.562666 0.735285 0.559209 0.740281 0.556421 0.744129 0.555493 0.74791 0.55541 0.750609 0.556338 0.752094 0.556338 0.753512 0.555156 0.752566 0.552964 0.74791 0.549502 0.741496 0.545874 0.735559 0.545537
1 0.693707 0.541826 0.69391 0.535161 0.695328 0.531025 0.695664 0.526641 0.69357 0.524614 0.692223 0.525034 0.689254 0.528833 0.686551 0.534399 0.683918 0.539971 0.682301 0.546128 0.681758 0.556172 0.681895 0.565283 0.682098 0.574814 0.683852 0.57853 0.686148 0.578784 0.689387 0.57853 0.690668 0.573975 0.691074 0.567393 0.692898 0.561738 0.694383 0.556255 0.694785 0.550518 0.694316 0.544443
1 0.644094 0.584014 0.637547 0.580215 0.629043 0.575322 0.624656 0.574141 0.622563 0.574565 0.62182 0.577686 0.624656 0.582749 0.631945 0.590342 0.636535 0.59625 0.641801 0.60207 0.646996 0.606626 0.650305 0.612446 0.651656 0.615991 0.654355 0.620044 0.656719 0.62021 0.65766 0.617344 0.655973 0.611689 0.653949 0.605444 0.652059 0.595659 0.648348 0.588232
1 0 0.945801 0 0.960938 0.00195312 0.960938 0.0046875 0.963867 0.0113281 0.967285 0.0128906 0.967285 0.0132812 0.967773 0.0199219 0.967773 0.0214844 0.966309 0.0214844 0.964355 0.021875 0.963379 0.0199219 0.959473 0.0125 0.951172 0.00859375 0.949219 0.00664062 0.947266 0.00429688 0.946777 0.00273437 0.945801
1 0.065625 0.826172 0.065625 0.830078 0.06875 0.833984 0.071875 0.835938 0.075 0.836914 0.0761719 0.837891 0.0796875 0.839355 0.0824219 0.839355 0.0828125 0.839844 0.0851563 0.839844 0.0855469 0.840332 0.0929688 0.840332 0.0960938 0.838867 0.100391 0.837891 0.105078 0.834961 0.105078 0.833984 0.102734 0.83252 0.100391 0.829102 0.0914062 0.822266 0.0894531 0.822266 0.0890625 0.821777 0.0871094 0.821777 0.0867187 0.821289 0.0839844 0.821289 0.0835937 0.820801 0.0804688 0.820801 0.0800781 0.820312 0.0734375 0.820312 0.0730469 0.820801 0.0710937 0.820801 0.0683594 0.822266
1 0.142187 0.833984 0.142187 0.838379 0.146094 0.842773 0.146875 0.844238 0.146875 0.845215 0.149609 0.848633 0.153516 0.851074 0.155859 0.852051 0.157031 0.852051 0.157422 0.852539 0.160938 0.853027 0.161328 0.853516 0.169141 0.853516 0.171484 0.852539 0.175 0.849609 0.175391 0.845703 0.174609 0.844727 0.171094 0.843262 0.169922 0.842285 0.166797 0.841797 0.161719 0.839355 0.160547 0.839355 0.158594 0.838379 0.157031 0.838379 0.155469 0.837402 0.153906 0.837402 0.153516 0.836914 0.151562 0.836914 0.151172 0.836426 0.148438 0.835938 0.146875 0.834961 0.145703 0.834961 0.14375 0.833496 0.142578 0.833496
1 0.0691406 0.860352 0.0695313 0.861328 0.071875 0.861816 0.0746094 0.863281 0.0757812 0.863281 0.0792969 0.866211 0.0816406 0.866699 0.084375 0.868164 0.0875 0.868652 0.0878906 0.869141 0.101953 0.869141 0.102344 0.868652 0.105078 0.868164 0.107422 0.866699 0.108594 0.865234 0.108594 0.864258 0.10625 0.86084 0.101953 0.858398 0.1 0.85791 0.0988281 0.856934 0.0964844 0.856445 0.0960938 0.855957 0.0945312 0.855957 0.0941406 0.855469 0.0925781 0.855469 0.0921875 0.85498 0.084375 0.85498 0.0839844 0.855469 0.0804688 0.855469 0.0800781 0.855957 0.0773438 0.855957 0.0769531 0.856445 0.0714844 0.856445 0.0699219 0.85791 0.0699219 0.858887
1 0.0730469 0.898438 0.071875 0.896973 0.0671875 0.896484 0.0667969 0.896973 0.0644531 0.897461 0.0605469 0.899902 0.0585938 0.901855 0.0566406 0.902832 0.053125 0.906738 0.0519531 0.907227 0.0488281 0.910156 0.0429688 0.916992 0.0402344 0.918945 0.0371094 0.92334 0.0371094 0.92627 0.0378906 0.927246 0.0417969 0.927246 0.0421875 0.926758 0.0433594 0.926758 0.0484375 0.923828 0.0503906 0.921875 0.0527344 0.920898 0.0566406 0.917969 0.0582031 0.91748 0.0628906 0.913086 0.06875 0.90918 0.0726563 0.904785 0.0734375 0.902344 0.0734375 0.899414
1 0.0269531 0.907227 0.0253906 0.905273 0.0230469 0.904297 0.021875 0.904297 0.0214844 0.903809 0.01875 0.903809 0.0183594 0.90332 0.00742187 0.903809 0.00703125 0.904297 0.0046875 0.904297 0.00234375 0.905273 0 0.905273 0 0.916504 0.00820313 0.916016 0.00859375 0.915527 0.0105469 0.915527 0.0109375 0.915039 0.0128906 0.915039 0.0132812 0.914551 0.0152344 0.914551 0.015625 0.914062 0.0175781 0.914062 0.0179687 0.913574 0.0207031 0.913086 0.0257812 0.910645 0.0269531 0.90918
1 0.185938 0.92041 0.184766 0.921875 0.184375 0.924805 0.183984 0.925293 0.183984 0.932129 0.184375 0.932617 0.184375 0.934082 0.185156 0.937012 0.187109 0.941406 0.1875 0.944336 0.187891 0.944824 0.188281 0.951172 0.188672 0.95166 0.188672 0.956055 0.189062 0.956543 0.189844 0.962891 0.192969 0.963867 0.194141 0.962402 0.194141 0.960449 0.194531 0.959961 0.194531 0.949219 0.194922 0.94873 0.194922 0.941895 0.195312 0.941406 0.195312 0.937012 0.194922 0.936523 0.194531 0.931641 0.192969 0.926758 0.191797 0.925293 0.191016 0.92334 0.189453 0.921387
1 0.16875 0.899414 0.169141 0.901367 0.171484 0.902832 0.173437 0.904785 0.174219 0.904785 0.185156 0.911621 0.187109 0.913574 0.190625 0.916016 0.194141 0.91748 0.199219 0.91748 0.200781 0.916504 0.200781 0.915039 0.2 0.914062 0.199609 0.912109 0.197266 0.90918 0.197266 0.908691 0.196875 0.908691 0.193359 0.904297 0.191797 0.90332 0.188672 0.902344 0.185547 0.900391 0.183984 0.900391 0.181641 0.899414 0.178125 0.899414 0.177734 0.898926 0.175 0.898926 0.174609 0.898438 0.169922 0.898438
1 0.278516 0.907227 0.276172 0.905273 0.275 0.905273 0.273828 0.90625 0.269922 0.907715 0.267188 0.909668 0.263672 0.914062 0.259766 0.916992 0.254688 0.924805 0.252344 0.927246 0.251172 0.930176 0.25 0.931641 0.249609 0.933105 0.248047 0.935547 0.248047 0.937988 0.248438 0.938477 0.249219 0.937988 0.251953 0.937988 0.253516 0.937012 0.254688 0.937012 0.261719 0.934082 0.262891 0.933105 0.264453 0.932617 0.266016 0.930664 0.270313 0.927246 0.276562 0.918457 0.278906 0.911621 0.278906 0.908691
1 0.291797 0.877441 0.290625 0.876465 0.282031 0.875977 0.281641 0.875488 0.266797 0.875977 0.266406 0.876465 0.264844 0.876465 0.264453 0.876953 0.259375 0.87793 0.254297 0.881348 0.251953 0.884277 0.251953 0.885254 0.252734 0.88623 0.255469 0.887695 0.260156 0.887695 0.260547 0.888184 0.272656 0.888184 0.273047 0.887695 0.278906 0.887207 0.284766 0.884766 0.289062 0.881836 0.290625 0.881348 0.291406 0.880371
1 0.250391 0.848633 0.250391 0.851074 0.250781 0.851562 0.251172 0.854492 0.252734 0.856445 0.25625 0.858887 0.261328 0.859863 0.262891 0.86084 0.265625 0.86084 0.266016 0.861328 0.272656 0.861328 0.273047 0.86084 0.278906 0.859375 0.280469 0.85791 0.281641 0.854492 0.281641 0.852539 0.278516 0.850586 0.276172 0.850586 0.275781 0.850098 0.273828 0.850098 0.271484 0.849121 0.266016 0.848633 0.265625 0.848145 0.261328 0.847656 0.260937 0.847168 0.258594 0.847168 0.25625 0.846191 0.251563 0.846191
1 0.228125 0.824707 0.228125 0.827637 0.228906 0.829102 0.230469 0.830566 0.234766 0.831543 0.2375 0.833008 0.240234 0.833496 0.242969 0.834961 0.245703 0.835449 0.246875 0.836426 0.249219 0.837402 0.250781 0.837402 0.251172 0.837891 0.256641 0.837891 0.258203 0.836914 0.264453 0.835449 0.267969 0.83252 0.272266 0.831055 0.273438 0.82959 0.274219 0.827148 0.273828 0.825195 0.271094 0.82373 0.266797 0.82373 0.264062 0.822266 0.257031 0.821777 0.256641 0.821289 0.25 0.821289 0.249609 0.821777 0.242578 0.822266 0.242188 0.822754 0.238672 0.822754 0.238281 0.822266 0.236328 0.822266 0.233984 0.821289 0.230078 0.821289 0.229297 0.821777
1 0.254297 0.774902 0.254297 0.775879 0.255469 0.776855 0.258594 0.78125 0.263672 0.785156 0.267969 0.790039 0.272266 0.79248 0.273438 0.79248 0.276953 0.793945 0.283203 0.793945 0.283594 0.793457 0.287109 0.793457 0.2875 0.792969 0.29375 0.792969 0.294141 0.793457 0.295312 0.793457 0.296094 0.792969 0.296875 0.791504 0.296484 0.789551 0.294922 0.786621 0.294141 0.786133 0.291406 0.786133 0.289844 0.785156 0.287891 0.782715 0.284375 0.781738 0.282031 0.779785 0.278906 0.77832 0.276172 0.77832 0.275781 0.777832 0.272266 0.777832 0.271875 0.777344 0.266797 0.776855 0.260156 0.773926 0.257422 0.773926 0.257031 0.774414 0.255078 0.774414
2 0.329688 0.807617 0.326172 0.808105 0.322656 0.810547 0.317188 0.815918 0.316016 0.817871 0.313672 0.820312 0.311328 0.824707 0.30625 0.831055 0.305078 0.833984 0.303125 0.836914 0.303125 0.841797 0.304297 0.842773 0.307422 0.842773 0.309766 0.841309 0.311328 0.839844 0.314063 0.835449 0.314453 0.835449 0.325391 0.822266 0.328125 0.817871 0.328125 0.816895 0.330469 0.811523 0.330469 0.809082
2 0.123438 0.762207 0.122656 0.76123 0.121484 0.760742 0.118359 0.760742 0.115625 0.762207 0.113672 0.762207 0.113281 0.762695 0.1 0.762695 0.0996094 0.763184 0.0964844 0.763184 0.0871094 0.76709 0.0859375 0.768555 0.0847656 0.771484 0.0863281 0.772949 0.0875 0.772949 0.0910156 0.774414 0.10625 0.774902 0.106641 0.774414 0.111719 0.773926 0.112109 0.773438 0.113281 0.773438 0.115625 0.772461 0.117188 0.770996 0.121875 0.768066 0.123438 0.765137
2 0.311719 0.66748 0.309766 0.665527 0.308984 0.665527 0.307812 0.664551 0.305859 0.664551 0.305078 0.665527 0.304688 0.67041 0.302734 0.675293 0.296484 0.683105 0.294531 0.68457 0.293359 0.686523 0.291406 0.688477 0.291016 0.689941 0.291797 0.690918 0.294141 0.691895 0.3 0.691406 0.303516 0.689941 0.305469 0.687988 0.309766 0.685059 0.311719 0.682617 0.314063 0.676758 0.314063 0.672363
2 0.398828 0.588379 0.396875 0.588379 0.395703 0.589355 0.394922 0.591797 0.392578 0.595703 0.391797 0.598633 0.391797 0.600098 0.391016 0.602051 0.390625 0.608887 0.390234 0.609375 0.389844 0.625488 0.389453 0.626953 0.390625 0.630859 0.391797 0.632324 0.393359 0.632324 0.395313 0.629395 0.395703 0.626465 0.396875 0.622559 0.397266 0.618164 0.398047 0.615723 0.398047 0.612305 0.398438 0.611816 0.398828 0.607422 0.399609 0.60498 0.4 0.600586 0.401562 0.596191 0.401562 0.592285 0.401172 0.59082 0.4 0.588867
1 0.405859 0.719238 0.404687 0.719727 0.404297 0.721191 0.404297 0.726074 0.403906 0.726562 0.403906 0.732422 0.403125 0.735352 0.403125 0.741211 0.402734 0.741699 0.402734 0.749512 0.402344 0.75 0.402344 0.75293 0.402734 0.753418 0.403125 0.757324 0.404297 0.760742 0.407422 0.765137 0.408984 0.766113 0.410156 0.767578 0.411719 0.768555 0.412891 0.768555 0.414062 0.767578 0.414844 0.764648 0.414844 0.763184 0.414062 0.76123 0.414062 0.753906 0.414453 0.753418 0.414844 0.746094 0.414453 0.745605 0.414453 0.738281 0.414062 0.737793 0.413672 0.731934 0.413281 0.731445 0.413281 0.72998 0.412891 0.729492 0.412891 0.728027 0.412109 0.725098 0.410547 0.721191 0.408984 0.719238
2 0.393359 0.755371 0.391797 0.755371 0.390234 0.757324 0.388281 0.758301 0.386719 0.760742 0.383984 0.763672 0.383203 0.765625 0.382031 0.76709 0.38125 0.769531 0.376953 0.775879 0.376953 0.776855 0.375391 0.780762 0.373047 0.783691 0.371094 0.789062 0.369922 0.791016 0.369922 0.794922 0.369531 0.79541 0.369531 0.798828 0.369922 0.799316 0.371875 0.799316 0.372266 0.799805 0.373828 0.799316 0.376953 0.79541 0.377344 0.79541 0.382422 0.787598 0.383594 0.784668 0.388672 0.777344 0.393359 0.763184 0.393359 0.76123 0.39375 0.760742 0.39375 0.755859
2 0.439063 0.837402 0.435937 0.838379 0.432812 0.847656 0.432812 0.851562 0.432422 0.852051 0.432422 0.855469 0.432812 0.855957 0.432812 0.867676 0.432422 0.868164 0.432422 0.873047 0.43125 0.876953 0.430859 0.883789 0.430469 0.884277 0.430859 0.885254 0.430859 0.888184 0.43125 0.888672 0.430859 0.88916 0.430859 0.894531 0.432031 0.898438 0.432812 0.899902 0.434766 0.901855 0.435547 0.901855 0.437109 0.900391 0.439063 0.895508 0.439844 0.892578 0.439844 0.891113 0.440234 0.890625 0.440234 0.888672 0.440625 0.888184 0.440625 0.88623 0.441406 0.883301 0.441406 0.880371 0.441797 0.879883 0.441797 0.861328 0.441016 0.858887 0.440625 0.852051 0.440234 0.851562 0.439844 0.84668 0.439453 0.846191 0.439453 0.839844 0.439063 0.839355
1 0.428125 0.878418 0.426953 0.878418 0.425391 0.879395 0.423828 0.879395 0.423047 0.879883 0.420703 0.882812 0.419141 0.883789 0.415234 0.888184 0.414453 0.890625 0.412891 0.892578 0.411328 0.896484 0.410938 0.899414 0.410547 0.899902 0.410547 0.901855 0.409766 0.904297 0.410156 0.905762 0.410156 0.90918 0.409375 0.912109 0.407813 0.915039 0.407813 0.91748 0.408203 0.918457 0.408984 0.918457 0.409766 0.91748 0.412109 0.916504 0.414062 0.914062 0.416406 0.912598 0.41875 0.909668 0.419141 0.909668 0.421875 0.905762 0.423438 0.904785 0.424609 0.90332 0.426953 0.896973 0.428125 0.89502 0.428516 0.89209 0.428906 0.891602 0.428906 0.88916 0.429297 0.888672 0.429297 0.882324 0.429688 0.880859
1 0.526563 0.978027 0.525391 0.977051 0.516016 0.977051 0.515625 0.977539 0.509375 0.978027 0.505859 0.979492 0.504687 0.980469 0.501172 0.981934 0.499219 0.984863 0.496094 0.987305 0.491016 0.993652 0.490625 0.993652 0.490625 0.994629 0.492188 0.995605 0.493359 0.995605 0.495312 0.996582 0.497266 0.996582 0.500781 0.998047 0.50625 0.998047 0.506641 0.997559 0.508203 0.997559 0.508594 0.99707 0.510156 0.99707 0.510547 0.996582 0.512109 0.996582 0.5125 0.996094 0.514844 0.995605 0.517188 0.993164 0.520312 0.991211 0.522266 0.989258 0.522266 0.98877 0.524609 0.98584 0.526172 0.981934
1 0.513672 0.908203 0.509766 0.908203 0.508594 0.908691 0.507812 0.909668 0.505469 0.910156 0.502344 0.912109 0.494531 0.92041 0.489063 0.930664 0.487109 0.935547 0.486328 0.938477 0.486328 0.941406 0.487109 0.943359 0.488281 0.943848 0.491406 0.943848 0.492578 0.942871 0.493359 0.942871 0.497656 0.939941 0.502734 0.933594 0.503906 0.930664 0.506641 0.92627 0.507812 0.921387 0.508984 0.918457 0.510156 0.916992 0.510938 0.914551 0.512891 0.912109 0.513672 0.909668
1 0.428125 0.927734 0.427773 0.929932 0.428945 0.931738 0.4325 0.937891 0.434961 0.940625 0.437344 0.943555 0.440234 0.946289 0.443828 0.948047 0.446484 0.949707 0.447656 0.950684 0.451172 0.952148 0.453906 0.952148 0.454297 0.952637 0.459375 0.952148 0.460938 0.950684 0.461328 0.949707 0.461328 0.946777 0.459766 0.943848 0.456641 0.94043 0.453125 0.937988 0.450391 0.93457 0.448047 0.933594 0.444141 0.930664 0.440625 0.929688 0.435937 0.926758 0.429688 0.926758
1 0.427734 0.92627 0.425781 0.92627 0.425391 0.925781 0.422656 0.92627 0.416797 0.931152 0.415625 0.933105 0.414844 0.936523 0.4125 0.941406 0.411328 0.945801 0.411328 0.948242 0.410938 0.94873 0.410938 0.955566 0.411328 0.956055 0.411328 0.958984 0.411719 0.960449 0.4125 0.961426 0.416016 0.958984 0.418359 0.953613 0.421094 0.950684 0.422266 0.947754 0.425 0.943359 0.427734 0.937012 0.427734 0.936035 0.428906 0.933105 0.428906 0.927246
1 0.7125 0.998535 0.7125 1 0.735938 1 0.735938 0.998535 0.734766 0.997559 0.732031 0.99707 0.730078 0.996094 0.728516 0.996094 0.728125 0.995605 0.716406 0.995605 0.714844 0.99707 0.713281 0.997559
1 0.713672 0.950195 0.712109 0.950684 0.711328 0.953125 0.708594 0.956543 0.70625 0.961914 0.705469 0.96582 0.703906 0.969727 0.703906 0.973145 0.704297 0.973633 0.704297 0.984863 0.704688 0.985352 0.704688 0.987305 0.705469 0.990234 0.704297 0.994629 0.704688 0.995605 0.705469 0.996094 0.708984 0.996094 0.709766 0.995117 0.710938 0.990723 0.712109 0.98877 0.712891 0.98584 0.712891 0.984375 0.713672 0.982422 0.713672 0.980957 0.714063 0.980469 0.714063 0.978516 0.714844 0.975586 0.714844 0.973145 0.715234 0.972656 0.715234 0.969727 0.716016 0.966797 0.716016 0.961426 0.715625 0.960938 0.715625 0.958008 0.714453 0.95459 0.714453 0.952637
1 0.730859 0.955078 0.730859 0.959473 0.733984 0.962891 0.736328 0.964355 0.738281 0.964355 0.738672 0.964844 0.740234 0.964844 0.742578 0.96582 0.744531 0.96582 0.744922 0.966309 0.753516 0.966309 0.753906 0.96582 0.755859 0.96582 0.762891 0.962891 0.767188 0.959473 0.767188 0.958496 0.763281 0.954102 0.760938 0.953125 0.759766 0.953125 0.759375 0.952637 0.758203 0.952637 0.757812 0.952148 0.756641 0.952148 0.75625 0.95166 0.753125 0.951172 0.752734 0.950684 0.749219 0.950684 0.748828 0.950195 0.735156 0.95166 0.733203 0.952637
2 0.792969 0.96582 0.791406 0.964844 0.789453 0.965332 0.783594 0.973145 0.780078 0.981445 0.777734 0.985352 0.776563 0.988281 0.776172 0.990723 0.775 0.993164 0.775 0.996582 0.776172 0.999023 0.776172 1 0.781641 1 0.781641 0.998535 0.783984 0.996094 0.788672 0.983887 0.790234 0.980957 0.791016 0.977539 0.792188 0.975098 0.792578 0.972168 0.792969 0.97168 0.792969 0.969727 0.793359 0.969238 0.793359 0.966797
1 0.821875 0.976074 0.821484 0.976074 0.81875 0.979492 0.818359 0.982422 0.816406 0.986816 0.816016 0.989258 0.815234 0.990723 0.814453 0.993652 0.814844 1 0.826562 1 0.826953 0.998535 0.826953 0.992188 0.826172 0.989746 0.826172 0.987305 0.823828 0.981934 0.823047 0.978027
1 0.755078 0.891602 0.753906 0.893555 0.753516 0.895508 0.752344 0.897949 0.751953 0.900879 0.751563 0.901367 0.751563 0.904297 0.750391 0.908691 0.750781 0.919434 0.751172 0.919922 0.751172 0.922363 0.751953 0.924805 0.751953 0.926758 0.755078 0.935547 0.755859 0.938965 0.758984 0.942383 0.758984 0.942871 0.759766 0.942871 0.760547 0.941895 0.760547 0.939941 0.761328 0.937988 0.761328 0.936035 0.762891 0.930176 0.762891 0.919922 0.7625 0.919434 0.7625 0.915039 0.761719 0.913086 0.761328 0.907227 0.760156 0.903809 0.759766 0.898926 0.758594 0.896484 0.757812 0.893555 0.75625 0.891602
1 0.739453 0.877441 0.737891 0.878906 0.736719 0.881836 0.736328 0.884766 0.735938 0.885254 0.735938 0.888184 0.735156 0.891113 0.734766 0.903809 0.735156 0.904297 0.735156 0.906738 0.735547 0.907227 0.735547 0.908691 0.736328 0.910645 0.736328 0.912109 0.7375 0.916504 0.739453 0.921387 0.741016 0.922363 0.743359 0.919434 0.744141 0.916504 0.744141 0.911621 0.744531 0.911133 0.744531 0.907227 0.744922 0.906738 0.744922 0.902832 0.745313 0.902344 0.745313 0.894043 0.745703 0.893555 0.745703 0.89209 0.744922 0.88916 0.744531 0.883789 0.742969 0.879883 0.741016 0.877441
1 0.783203 0.908203 0.783203 0.90918 0.784375 0.912109 0.789453 0.916992 0.796094 0.919434 0.797266 0.92041 0.801172 0.920898 0.801562 0.921387 0.804297 0.921387 0.804688 0.921875 0.807813 0.921875 0.808203 0.922363 0.814453 0.922363 0.816406 0.920898 0.816406 0.917969 0.815625 0.915527 0.811328 0.910156 0.802734 0.90625 0.801562 0.90625 0.798047 0.904785 0.796484 0.904785 0.794531 0.903809 0.789062 0.903809 0.785156 0.905762 0.783984 0.906738
1 0.780859 0.89209 0.780859 0.893066 0.783203 0.897461 0.783984 0.897461 0.786328 0.898926 0.7875 0.900391 0.790234 0.902344 0.792578 0.902832 0.792969 0.90332 0.794531 0.90332 0.797266 0.905273 0.808203 0.90918 0.809375 0.910156 0.812109 0.911133 0.814453 0.913574 0.817969 0.913574 0.819531 0.911133 0.819531 0.909668 0.819922 0.90918 0.819531 0.907227 0.817187 0.903809 0.815625 0.900391 0.814844 0.899902 0.811328 0.895508 0.811328 0.89502 0.808203 0.892578 0.802344 0.890137 0.801172 0.890137 0.799609 0.88916 0.797656 0.88916 0.797266 0.888672 0.790234 0.888672 0.787109 0.890625 0.782422 0.890625
1 0.755078 0.848633 0.755078 0.852051 0.757422 0.858398 0.758594 0.859863 0.758984 0.861328 0.766406 0.871582 0.766797 0.873047 0.771484 0.876953 0.773438 0.87793 0.775781 0.880859 0.776172 0.880859 0.778125 0.883301 0.778516 0.884766 0.779687 0.885742 0.783203 0.885742 0.783594 0.884766 0.783203 0.880859 0.781641 0.87793 0.78125 0.876465 0.78125 0.873535 0.779687 0.868164 0.771875 0.858887 0.770703 0.858398 0.767969 0.855957 0.764453 0.851562 0.757031 0.848145
2 0.748047 0.808105 0.747266 0.808594 0.746875 0.8125 0.746484 0.812988 0.746484 0.819824 0.746875 0.820312 0.746875 0.823242 0.748047 0.826172 0.748047 0.827148 0.750781 0.833496 0.751563 0.837891 0.752344 0.839844 0.753906 0.841797 0.754687 0.844238 0.754687 0.845703 0.755859 0.847656 0.757031 0.848145 0.759375 0.851074 0.763281 0.851562 0.764062 0.850098 0.764453 0.845703 0.7625 0.843262 0.761328 0.840332 0.760938 0.837891 0.757812 0.831543 0.757812 0.830566 0.755859 0.825684 0.755859 0.824707 0.753125 0.818848 0.752734 0.816406 0.751172 0.8125 0.748828 0.808105
1 0.669141 0.791504 0.668359 0.793945 0.668359 0.800781 0.66875 0.80127 0.669141 0.808105 0.669531 0.808594 0.669531 0.810059 0.670312 0.812988 0.672266 0.817383 0.673047 0.821289 0.674219 0.824219 0.678516 0.82959 0.680078 0.830566 0.685156 0.835938 0.685937 0.836426 0.689063 0.836426 0.689844 0.834961 0.689844 0.833984 0.687109 0.82959 0.685156 0.820312 0.679688 0.807129 0.679688 0.806152 0.678125 0.801758 0.674609 0.79541 0.670703 0.791016
2 0.564844 0.785645 0.564063 0.786621 0.564063 0.788086 0.564453 0.788574 0.564844 0.79248 0.565625 0.79541 0.567578 0.79834 0.568359 0.800781 0.569141 0.801758 0.569141 0.802734 0.569922 0.803711 0.571484 0.807617 0.575 0.812988 0.575391 0.814453 0.577344 0.817871 0.578906 0.822754 0.580078 0.824219 0.583594 0.824707 0.584766 0.822754 0.584766 0.816406 0.584375 0.815918 0.584375 0.813965 0.583984 0.813477 0.583984 0.812012 0.583594 0.811523 0.583594 0.810059 0.582812 0.807129 0.580078 0.800293 0.576172 0.792969 0.573047 0.789062 0.571484 0.788086 0.569141 0.785156 0.567187 0.784668
2 0.611328 0.722168 0.610156 0.722168 0.609375 0.723145 0.607812 0.723633 0.602344 0.727539 0.599219 0.73291 0.598047 0.73584 0.597656 0.73877 0.596094 0.743652 0.596094 0.751465 0.596875 0.753906 0.596875 0.755859 0.598047 0.759277 0.598047 0.760742 0.598828 0.762207 0.6 0.767578 0.602344 0.769531 0.604297 0.769531 0.605469 0.767578 0.605469 0.763184 0.605859 0.762695 0.605859 0.751953 0.60625 0.751465 0.605859 0.750488 0.605859 0.748535 0.60625 0.748047 0.606641 0.741699 0.607031 0.741211 0.607031 0.73877 0.607422 0.738281 0.607422 0.73584 0.607812 0.735352 0.608203 0.731934 0.609375 0.729004 0.612109 0.725098 0.612109 0.723633
1 0.860156 0.965332 0.859766 0.96582 0.859766 0.971191 0.860156 0.97168 0.860156 0.984375 0.859766 0.984863 0.859766 0.987305 0.860156 0.987793 0.860156 0.995117 0.860938 0.997559 0.860938 1 0.871484 1 0.871484 0.998047 0.872266 0.996582 0.872266 0.992676 0.871484 0.990723 0.871484 0.988281 0.871094 0.987793 0.870703 0.984375 0.869531 0.981934 0.86875 0.978516 0.866016 0.974121 0.866016 0.973145 0.865234 0.972168 0.864844 0.970703 0.863281 0.969238 0.8625 0.967773 0.8625 0.966797 0.861328 0.965332
1 0.871094 0.975586 0.870703 0.978516 0.871094 0.979492 0.873828 0.982422 0.874219 0.984375 0.875391 0.986816 0.882422 0.991211 0.884766 0.992188 0.886328 0.992188 0.886719 0.992676 0.889453 0.992676 0.891406 0.990723 0.891406 0.989258 0.890234 0.986328 0.887891 0.983398 0.883594 0.980469 0.881641 0.978516 0.880859 0.978516 0.879687 0.977539 0.875781 0.976562 0.873047 0.974121 0.872266 0.974121
1 0.908594 0.964355 0.908203 0.966797 0.908984 0.967285 0.910937 0.970215 0.910937 0.97168 0.912109 0.974609 0.9125 0.979004 0.913672 0.983398 0.914453 0.984863 0.914844 0.986816 0.916406 0.989746 0.921484 0.996582 0.922656 0.997559 0.924023 0.998828 0.925 1 0.93125 1 0.933516 1 0.935977 1 0.934648 0.996045 0.933164 0.992822 0.932266 0.990869 0.930898 0.988232 0.930078 0.986328 0.926172 0.979004 0.919922 0.97168 0.914844 0.968262 0.9125 0.965332
2 0.957422 0.938477 0.957422 0.939941 0.957812 0.94043 0.960156 0.941406 0.966406 0.941406 0.966797 0.940918 0.970703 0.940918 0.971094 0.94043 0.976562 0.94043 0.976953 0.940918 0.979297 0.940918 0.979688 0.941406 0.987109 0.942383 0.989062 0.941406 0.989844 0.939941 0.989453 0.937988 0.986719 0.93457 0.985156 0.934082 0.982422 0.932129 0.980078 0.931152 0.978906 0.931152 0.978516 0.930664 0.969531 0.930664 0.965625 0.932617 0.964453 0.932617 0.962109 0.933594 0.958984 0.935547
1 1 0.912109 0.99375 0.912598 0.984375 0.916504 0.982031 0.919922 0.982422 0.92334 0.983203 0.924316 0.983984 0.924316 0.985156 0.925293 0.9875 0.925781 0.990625 0.927246 0.991797 0.927246 0.992188 0.927734 0.996484 0.928223 0.996875 0.928711 1 0.928711
1 0.939063 0.841309 0.939063 0.843262 0.939844 0.844727 0.940625 0.845215 0.943477 0.844922 0.945352 0.844043 0.947305 0.843408 0.949297 0.844092 0.952227 0.847412 0.953906 0.85 0.957852 0.851904 0.959766 0.852539 0.961719 0.853516 0.96332 0.854004 0.964453 0.854639 0.965625 0.855127 0.967578 0.855908 0.969219 0.856299 0.971094 0.855957 0.971875 0.854492 0.971875 0.853516 0.969141 0.851074 0.966797 0.845215 0.964453 0.842285 0.964453 0.841797 0.959375 0.835449 0.955078 0.83252 0.953906 0.83252 0.952344 0.831543 0.947266 0.832031 0.945703 0.833008 0.943359 0.835938 0.941406 0.836914
1 0.967187 0.682129 0.966016 0.686035 0.965625 0.691406 0.966016 0.691895 0.966016 0.695312 0.966406 0.695801 0.966797 0.699219 0.968359 0.703125 0.969922 0.709473 0.973437 0.715332 0.976953 0.719727 0.977344 0.721191 0.978516 0.722656 0.982031 0.722656 0.982422 0.72168 0.982422 0.719727 0.981641 0.717285 0.982031 0.712891 0.980859 0.708984 0.980469 0.70459 0.978906 0.701172 0.978125 0.697754 0.975781 0.692383 0.975781 0.691406 0.974609 0.688477 0.972656 0.686035 0.971484 0.683105 0.970313 0.681641
1 0.936719 0.720703 0.9375 0.724121 0.939063 0.727539 0.942969 0.731445 0.946875 0.733887 0.948828 0.734375 0.950781 0.73584 0.952734 0.736328 0.955078 0.737793 0.960156 0.738281 0.960547 0.73877 0.966406 0.73877 0.966797 0.738281 0.96875 0.738281 0.969922 0.737305 0.969922 0.73584 0.96875 0.733398 0.96875 0.732422 0.967187 0.730469 0.966406 0.728516 0.961719 0.725586 0.958594 0.722656 0.951562 0.719727 0.945312 0.719238 0.944922 0.71875 0.940625 0.71875 0.940234 0.719238 0.938281 0.719238
1 0.931641 0.668945 0.930859 0.669922 0.930859 0.678223 0.932031 0.682617 0.934375 0.688477 0.934766 0.690918 0.935937 0.692871 0.936719 0.696289 0.938672 0.700684 0.939844 0.70166 0.942969 0.702148 0.944141 0.699219 0.944141 0.686035 0.942969 0.683105 0.942969 0.682129 0.941016 0.679199 0.939453 0.675293 0.935547 0.669434 0.934375 0.668945
1 0.9 0.691406 0.899609 0.692383 0.899609 0.694336 0.900391 0.695801 0.900391 0.696777 0.901953 0.69873 0.903516 0.699707 0.90625 0.703125 0.90625 0.703613 0.908594 0.706055 0.909375 0.706055 0.915625 0.709961 0.919141 0.711426 0.923828 0.711914 0.924219 0.712402 0.926172 0.712402 0.926562 0.712891 0.928516 0.712891 0.929688 0.711914 0.930078 0.710938 0.930078 0.708496 0.928516 0.705078 0.926562 0.702637 0.920312 0.696777 0.908984 0.691406 0.907422 0.691406 0.905078 0.69043 0.901563 0.69043
1 0.891797 0.688477 0.891016 0.689941 0.890625 0.694824 0.889844 0.696777 0.889219 0.69834 0.888711 0.700977 0.888359 0.703027 0.888281 0.705566 0.888281 0.706543 0.888672 0.713867 0.889062 0.714355 0.890234 0.72168 0.891406 0.725586 0.891406 0.728027 0.891797 0.728516 0.891797 0.730469 0.892188 0.730957 0.892969 0.73584 0.894531 0.739258 0.896094 0.741211 0.898047 0.741211 0.9 0.740234 0.901172 0.737305 0.901563 0.732422 0.901953 0.731934 0.901563 0.719727 0.900664 0.71626 0.9 0.712891 0.899336 0.709473 0.898438 0.705078 0.896836 0.700732 0.896094 0.697754 0.894531 0.693359 0.894531 0.69043 0.893359 0.688477
1 0.876953 0.725586 0.875391 0.727051 0.874609 0.729004 0.874219 0.733398 0.873828 0.733887 0.874219 0.747559 0.874609 0.748047 0.874609 0.75 0.875781 0.753906 0.875781 0.755859 0.880469 0.766602 0.881641 0.767578 0.882031 0.76709 0.883594 0.76709 0.884375 0.766602 0.885938 0.762207 0.885938 0.760254 0.886328 0.759766 0.886328 0.748535 0.885938 0.748047 0.885938 0.742676 0.885547 0.742188 0.884766 0.73584 0.883203 0.73291 0.881641 0.728516 0.880469 0.727051
1 0.829688 0.775879 0.827344 0.774902 0.825781 0.774902 0.825391 0.775391 0.822656 0.775879 0.819922 0.777832 0.816406 0.78125 0.814453 0.782227 0.813281 0.783691 0.812109 0.786621 0.810156 0.789551 0.808594 0.794434 0.807813 0.804688 0.807031 0.807129 0.807422 0.810547 0.809375 0.812012 0.810156 0.812012 0.815234 0.805176 0.819141 0.79834 0.821875 0.794922 0.822266 0.794922 0.826562 0.789062 0.828125 0.785645 0.829297 0.78418 0.830859 0.779785 0.830859 0.77832
1 0.855078 0.750977 0.853125 0.748047 0.852344 0.748047 0.851172 0.74707 0.849609 0.74707 0.849219 0.746582 0.845313 0.746094 0.844922 0.746582 0.843359 0.746582 0.841406 0.747559 0.838672 0.747559 0.833984 0.75 0.828906 0.750977 0.826562 0.75293 0.823438 0.754883 0.822656 0.754883 0.819922 0.758301 0.819531 0.759277 0.819531 0.761719 0.820703 0.764648 0.825781 0.767578 0.829688 0.768066 0.830078 0.768555 0.83125 0.768066 0.834375 0.768066 0.836719 0.766602 0.842187 0.765625 0.850391 0.760742 0.854297 0.755371 0.855078 0.75293
1 0.857422 0.730957 0.856641 0.731934 0.855859 0.734863 0.855859 0.741211 0.85625 0.741699 0.856641 0.745605 0.857422 0.748535 0.859375 0.752441 0.860156 0.756348 0.864844 0.763672 0.869141 0.766602 0.871094 0.766113 0.872656 0.763672 0.873437 0.760742 0.873437 0.757324 0.873047 0.756836 0.873047 0.75293 0.871094 0.746582 0.870703 0.743652 0.869141 0.739746 0.866016 0.734863 0.861719 0.731934 0.859766 0.731934
1 0.827344 0.709473 0.827344 0.712891 0.830469 0.717285 0.832422 0.71875 0.833203 0.720215 0.835156 0.72168 0.8375 0.724609 0.839844 0.726074 0.845703 0.731934 0.85 0.734863 0.855859 0.737305 0.858203 0.737305 0.858984 0.736328 0.858594 0.731934 0.857422 0.729492 0.857422 0.728516 0.850391 0.719727 0.846484 0.717773 0.841406 0.712891 0.834375 0.709961 0.833203 0.709961 0.831641 0.708984 0.828125 0.708984
1 0.837891 0.650391 0.837891 0.655273 0.839063 0.657227 0.840234 0.661133 0.844531 0.666504 0.847266 0.668945 0.857422 0.675293 0.862109 0.675781 0.864062 0.676758 0.867578 0.676758 0.86875 0.675781 0.86875 0.67334 0.864844 0.669434 0.860938 0.667969 0.858594 0.666016 0.855078 0.664062 0.848047 0.657715 0.844531 0.655762 0.841797 0.651855 0.841016 0.651855 0.839063 0.650391
1 0.833203 0.665039 0.832812 0.665527 0.832812 0.666992 0.835156 0.670898 0.836328 0.671387 0.839453 0.674316 0.842187 0.675781 0.844922 0.679688 0.845703 0.682129 0.851172 0.69043 0.852344 0.693359 0.852734 0.695801 0.854688 0.697754 0.857422 0.698242 0.858203 0.696777 0.857812 0.685059 0.856641 0.681152 0.852344 0.675293 0.851562 0.67334 0.849609 0.671387 0.841016 0.666016 0.839844 0.666016 0.837891 0.665039 0.835547 0.665039 0.835156 0.664551
1 0.782422 0.660645 0.782031 0.661621 0.782031 0.666992 0.782813 0.669434 0.782813 0.675293 0.783203 0.675781 0.783203 0.677734 0.786328 0.686035 0.786719 0.688477 0.7875 0.69043 0.788672 0.691895 0.790625 0.697754 0.794922 0.703613 0.796484 0.70459 0.798047 0.706543 0.798828 0.707031 0.802344 0.707031 0.803125 0.706055 0.803125 0.700684 0.802734 0.700195 0.802344 0.695312 0.800781 0.689453 0.8 0.687988 0.799609 0.685547 0.797656 0.681641 0.795312 0.675781 0.795312 0.674805 0.794531 0.67334 0.792969 0.672363 0.790625 0.669434 0.790234 0.669434 0.788672 0.66748 0.788281 0.666016 0.787109 0.664551 0.785937 0.664062 0.783594 0.660645
1 0.747266 0.665039 0.747266 0.66748 0.750781 0.671387 0.752344 0.674316 0.755859 0.67627 0.761719 0.682129 0.764062 0.683594 0.764844 0.683594 0.767969 0.686035 0.771484 0.6875 0.773047 0.6875 0.773438 0.687988 0.776172 0.688477 0.778125 0.69043 0.779297 0.69043 0.779687 0.689941 0.779687 0.688477 0.778125 0.686523 0.776953 0.681152 0.770703 0.673828 0.766406 0.671387 0.763672 0.668457 0.759766 0.666016 0.754687 0.665039 0.752734 0.664062 0.749609 0.664062
1 0.773047 0.688477 0.770312 0.688477 0.76875 0.689941 0.767188 0.69043 0.761328 0.696289 0.758594 0.699707 0.757422 0.703125 0.756641 0.704102 0.755078 0.708008 0.753125 0.710938 0.750781 0.716797 0.750781 0.718262 0.749609 0.722656 0.749219 0.727539 0.748828 0.728027 0.749219 0.72998 0.750391 0.731445 0.751172 0.731934 0.752734 0.731934 0.753906 0.730957 0.755469 0.730469 0.761328 0.721191 0.764062 0.717773 0.764453 0.717773 0.765234 0.716309 0.766406 0.711914 0.767188 0.710938 0.769141 0.706055 0.769531 0.703125 0.771484 0.698242 0.771484 0.697266 0.773438 0.693359 0.773438 0.688965
1 0.773047 0.720215 0.773047 0.72168 0.774609 0.723145 0.780078 0.726562 0.783594 0.730957 0.7875 0.73291 0.791797 0.737305 0.794141 0.737793 0.794531 0.738281 0.804297 0.739258 0.809766 0.741699 0.812109 0.741699 0.814063 0.740234 0.814063 0.739258 0.813281 0.738281 0.8125 0.735352 0.808594 0.730957 0.80625 0.729492 0.803906 0.727051 0.801953 0.726074 0.8 0.724121 0.796484 0.722656 0.795312 0.721191 0.791406 0.720703 0.791016 0.720215 0.782813 0.720215 0.782422 0.719727 0.780469 0.719727 0.780078 0.719238 0.774609 0.719238
1 0.789844 0.73584 0.788281 0.733887 0.786719 0.73291 0.783203 0.732422 0.775 0.739258 0.773828 0.741699 0.767969 0.750488 0.766406 0.755371 0.766406 0.757324 0.765625 0.758789 0.765625 0.760742 0.766797 0.762207 0.769141 0.762207 0.772266 0.760742 0.773438 0.759277 0.777734 0.755859 0.782031 0.750488 0.786328 0.747559 0.787891 0.745117 0.789844 0.740723
2 0.569922 0.599609 0.569141 0.598633 0.567187 0.598633 0.564844 0.600098 0.564063 0.600098 0.563281 0.601074 0.560156 0.603027 0.557422 0.604004 0.551172 0.608398 0.548438 0.609375 0.541406 0.614258 0.536719 0.618652 0.535156 0.622559 0.535156 0.626465 0.535937 0.627441 0.537891 0.627441 0.540234 0.625977 0.544531 0.624512 0.553906 0.618164 0.558594 0.614258 0.560547 0.613281 0.563672 0.609863 0.565625 0.608398 0.56875 0.604492
2 0.818359 0.455078 0.817578 0.456055 0.816797 0.458984 0.816797 0.483398 0.817969 0.486816 0.81875 0.493652 0.821094 0.5 0.822656 0.501953 0.825781 0.502441 0.826172 0.497559 0.826953 0.494629 0.826953 0.484375 0.826562 0.483887 0.826562 0.47998 0.826172 0.479492 0.825781 0.472656 0.823828 0.46582 0.823828 0.462891 0.821875 0.456543 0.819922 0.455078
2 0.766406 0.446289 0.764844 0.448242 0.764062 0.450195 0.763281 0.455078 0.762891 0.455566 0.762891 0.458008 0.7625 0.458496 0.7625 0.466797 0.762891 0.467285 0.762891 0.473145 0.763281 0.473633 0.763281 0.477539 0.763672 0.478027 0.763672 0.480957 0.764062 0.481445 0.764453 0.486328 0.765625 0.488281 0.766406 0.48877 0.767969 0.48877 0.769531 0.48584 0.769531 0.483887 0.771094 0.479492 0.771484 0.473633 0.771875 0.473145 0.771875 0.465332 0.771484 0.464844 0.771094 0.45752 0.770703 0.457031 0.770312 0.452637 0.769922 0.452148 0.769922 0.450684 0.769141 0.447754 0.768359 0.446289
2 0.796094 0.378418 0.794141 0.378418 0.791797 0.381348 0.790234 0.384277 0.789844 0.38623 0.788281 0.389648 0.788281 0.390625 0.783984 0.401367 0.783594 0.403809 0.782031 0.408203 0.78125 0.413574 0.780469 0.415039 0.780078 0.41748 0.777734 0.422852 0.777734 0.424316 0.777344 0.424805 0.777344 0.428223 0.778906 0.430664 0.780078 0.430664 0.782813 0.428711 0.784375 0.42627 0.787109 0.420898 0.788672 0.416992 0.790234 0.411133 0.79375 0.402832 0.794531 0.398926 0.795703 0.395996 0.796094 0.391602 0.796875 0.390137 0.798047 0.385742 0.798047 0.380371
1 0.0320312 0.0507812 0.0300781 0.0527344 0.0292969 0.0551758 0.0292969 0.0644531 0.0296875 0.0649414 0.0296875 0.0664062 0.03125 0.0712891 0.03125 0.0727539 0.0324219 0.0771484 0.0351562 0.0820312 0.0394531 0.0869141 0.0414062 0.0883789 0.04375 0.0893555 0.046875 0.0893555 0.0480469 0.0878906 0.0480469 0.0844727 0.0476562 0.0839844 0.0472656 0.0795898 0.046875 0.0791016 0.046875 0.0776367 0.0464844 0.0771484 0.0464844 0.0756836 0.0457031 0.0737305 0.0453125 0.0708008 0.0429688 0.0649414 0.0402344 0.0605469 0.0382813 0.0551758 0.0347656 0.0512695 0.0339844 0.0507812
1 0.0738281 0.141602 0.0722656 0.139648 0.0709766 0.138623 0.0694141 0.138232 0.0682422 0.137891 0.0659375 0.138037 0.06375 0.138721 0.0605859 0.140625 0.0557813 0.144922 0.0499219 0.15293 0.0472656 0.158691 0.0446094 0.164404 0.0432813 0.16665 0.0422656 0.169141 0.0426562 0.171289 0.0450391 0.17168 0.0492969 0.170264 0.0539063 0.16748 0.0601563 0.162842 0.0641016 0.159033 0.0683594 0.155273 0.0714844 0.150879 0.0730469 0.147949 0.0738281 0.14502
1 0.0780859 0.151025 0.0767188 0.149414 0.075 0.150439 0.0726563 0.154443 0.0707031 0.157227 0.0683594 0.161133 0.0660937 0.164404 0.0638281 0.168506 0.0625 0.172754 0.0619922 0.177393 0.0614062 0.181445 0.0611328 0.188184 0.0619531 0.19292 0.0634375 0.194971 0.0655078 0.194727 0.0677344 0.193018 0.0722656 0.185059 0.0738281 0.180664 0.0757812 0.177734 0.0769531 0.17334 0.0780469 0.17041 0.0786719 0.166797 0.0787891 0.162646 0.0787109 0.156104
1 0.129688 0.0791016 0.128516 0.0805664 0.127734 0.0834961 0.127734 0.0854492 0.128125 0.0859375 0.128125 0.100098 0.128516 0.100586 0.128516 0.104492 0.128906 0.10498 0.129297 0.11084 0.129688 0.111328 0.130078 0.114746 0.133203 0.123047 0.135156 0.130859 0.137891 0.134766 0.139063 0.134766 0.140234 0.131348 0.140625 0.121094 0.141016 0.120605 0.141016 0.10791 0.140625 0.107422 0.140625 0.10498 0.140234 0.104492 0.139453 0.0976562 0.139063 0.097168 0.139063 0.0957031 0.138281 0.0927734 0.137109 0.090332 0.136719 0.0874023 0.134375 0.0820312 0.132422 0.0795898 0.131641 0.0791016
1 0.172266 0.0634766 0.169531 0.0634766 0.167578 0.0668945 0.167187 0.0703125 0.166797 0.0708008 0.166797 0.0756836 0.166406 0.0761719 0.166406 0.0786133 0.166016 0.0791016 0.166016 0.0849609 0.165625 0.0854492 0.165625 0.10498 0.166016 0.105469 0.166406 0.11084 0.167578 0.114746 0.167969 0.118652 0.16875 0.121094 0.169922 0.122559 0.172266 0.121582 0.173828 0.119141 0.173828 0.116211 0.174219 0.115723 0.174609 0.110352 0.175391 0.107422 0.175391 0.102051 0.175781 0.101562 0.175781 0.0791016 0.175391 0.0786133 0.175391 0.0712891 0.175 0.0708008 0.175 0.0683594 0.174609 0.0678711 0.174219 0.0649414 0.173437 0.0639648
1 0.277344 0.0488281 0.271875 0.043457 0.264844 0.0405273 0.255078 0.0405273 0.254688 0.0410156 0.251563 0.0410156 0.246875 0.0429688 0.242578 0.0439453 0.241406 0.0449219 0.239063 0.0458984 0.2375 0.0458984 0.233594 0.0478516 0.231641 0.0478516 0.230859 0.0483398 0.230078 0.0498047 0.23125 0.0522461 0.232422 0.0527344 0.235547 0.0556641 0.239844 0.0566406 0.244141 0.059082 0.251953 0.0595703 0.252344 0.0600586 0.25625 0.0600586 0.257812 0.059082 0.258984 0.059082 0.259375 0.0585938 0.260547 0.0585938 0.264062 0.0571289 0.266406 0.0546875 0.271484 0.0517578 0.275781 0.0507812 0.277344 0.0498047
1 0.248438 0.0595703 0.247656 0.0605469 0.247656 0.0654297 0.249219 0.0698242 0.251172 0.0776367 0.258984 0.0893555 0.260937 0.0893555 0.262109 0.0883789 0.2625 0.0874023 0.262891 0.0844727 0.263281 0.0839844 0.263281 0.0805664 0.261719 0.0771484 0.260937 0.0742188 0.260937 0.0722656 0.259375 0.0683594 0.258594 0.0673828 0.257031 0.0625 0.255469 0.0605469 0.253516 0.0595703 0.252344 0.0595703 0.251953 0.059082 0.250781 0.0595703
1 0.197656 0.20459 0.197266 0.204102 0.192188 0.204102 0.191797 0.20459 0.189453 0.20459 0.187109 0.205566 0.181641 0.206055 0.18125 0.206543 0.179688 0.206543 0.177734 0.20752 0.176172 0.20752 0.175781 0.208008 0.174219 0.208008 0.173828 0.208496 0.172266 0.208496 0.171875 0.208984 0.170313 0.208984 0.169922 0.209473 0.168359 0.209473 0.166016 0.210449 0.157031 0.211426 0.155469 0.212891 0.155469 0.213867 0.155859 0.214355 0.155859 0.21582 0.157031 0.217773 0.160156 0.218262 0.160547 0.21875 0.171094 0.21875 0.171484 0.218262 0.178516 0.217773 0.180469 0.216797 0.185547 0.21582 0.192969 0.211426 0.196094 0.208496 0.197656 0.206055
1 0.227734 0.148438 0.226953 0.150391 0.226953 0.153809 0.226562 0.154297 0.226562 0.157715 0.226172 0.158203 0.226172 0.162598 0.225781 0.163086 0.225781 0.167969 0.225391 0.168457 0.225781 0.181152 0.226172 0.181641 0.226562 0.186523 0.228125 0.191406 0.228906 0.192871 0.231641 0.195312 0.233203 0.195312 0.235547 0.193359 0.236328 0.19043 0.235937 0.172852 0.235547 0.172363 0.234766 0.165039 0.234375 0.164551 0.234375 0.163086 0.233984 0.162598 0.233984 0.161133 0.233203 0.158203 0.230859 0.154297 0.229297 0.148926 0.228906 0.148438
1 0.275 0.195312 0.274609 0.197754 0.276562 0.203125 0.276562 0.204102 0.282422 0.217773 0.284766 0.219238 0.286719 0.221191 0.291016 0.223145 0.301563 0.223145 0.302734 0.222656 0.303906 0.221191 0.303516 0.219238 0.300781 0.21582 0.298438 0.214844 0.292187 0.207031 0.287891 0.199707 0.285156 0.196777 0.280078 0.193848 0.276172 0.193848
1 0.313672 0.187988 0.310937 0.190918 0.310547 0.193359 0.309766 0.194824 0.309766 0.196289 0.308984 0.19873 0.308984 0.200684 0.307812 0.205078 0.307812 0.214844 0.308203 0.215332 0.308203 0.218262 0.308984 0.220703 0.309375 0.224609 0.310547 0.227051 0.310937 0.229492 0.314063 0.236816 0.315234 0.236816 0.316406 0.234375 0.317578 0.22998 0.317578 0.228516 0.318359 0.226562 0.318359 0.225098 0.31875 0.224609 0.31875 0.220703 0.319141 0.220215 0.319141 0.205078 0.318359 0.202637 0.317969 0.197266 0.317578 0.196777 0.317578 0.194824 0.317188 0.194336 0.316797 0.190918 0.315234 0.187988
1 0.457422 0.349609 0.455859 0.351562 0.455859 0.35498 0.462891 0.366211 0.465625 0.368164 0.470703 0.374023 0.473047 0.375488 0.476562 0.380371 0.480469 0.382812 0.481641 0.385742 0.481641 0.390137 0.480859 0.391602 0.480859 0.394043 0.482031 0.395508 0.484375 0.395508 0.485938 0.392578 0.486328 0.376953 0.483594 0.368164 0.467187 0.352539 0.461719 0.349609
1 0.339062 0.142578 0.336719 0.142578 0.335547 0.143555 0.334766 0.143555 0.333203 0.14502 0.330469 0.150879 0.330078 0.15332 0.328516 0.157715 0.328125 0.162598 0.327344 0.165527 0.327344 0.168457 0.326953 0.168945 0.326953 0.177734 0.327344 0.178223 0.327344 0.182617 0.328906 0.185547 0.330469 0.185547 0.331641 0.184082 0.333594 0.179199 0.335156 0.172363 0.336719 0.168457 0.337109 0.165527 0.338672 0.161621 0.339844 0.156738 0.341406 0.15332 0.341406 0.151367 0.341797 0.150879 0.341797 0.145996 0.341406 0.14502
1 0.389062 0.192383 0.387891 0.191406 0.384375 0.191406 0.383594 0.191895 0.382031 0.193848 0.376563 0.197754 0.372891 0.201318 0.369922 0.20459 0.368359 0.206543 0.363672 0.218262 0.361719 0.220703 0.360508 0.22373 0.360898 0.226221 0.36293 0.226855 0.365117 0.225781 0.370078 0.221387 0.372266 0.219238 0.377344 0.21582 0.382031 0.209961 0.382812 0.208008 0.385547 0.20459 0.386328 0.202637 0.3875 0.201172 0.388672 0.198242
1 0.388281 0.0546875 0.384766 0.0546875 0.381641 0.0571289 0.377734 0.0620117 0.375 0.0644531 0.374219 0.0664062 0.370312 0.0722656 0.367969 0.078125 0.367578 0.0825195 0.367188 0.0830078 0.367188 0.0849609 0.366406 0.0878906 0.366406 0.0932617 0.367188 0.0942383 0.369141 0.0942383 0.371875 0.0917969 0.380859 0.0795898 0.382031 0.0766602 0.386719 0.0683594 0.389453 0.0610352 0.389453 0.0561523
1 0.392578 0.0380859 0.392188 0.0390625 0.392188 0.0419922 0.39375 0.0449219 0.394922 0.0488281 0.394922 0.0527344 0.394531 0.0532227 0.394531 0.0595703 0.394922 0.0600586 0.394531 0.0605469 0.394531 0.0620117 0.39375 0.0644531 0.39375 0.0664062 0.393359 0.0668945 0.393359 0.0688477 0.392578 0.0712891 0.391797 0.0810547 0.392188 0.081543 0.392188 0.0834961 0.392969 0.0844727 0.394531 0.0844727 0.394922 0.0839844 0.396094 0.0839844 0.397266 0.0830078 0.399492 0.0806641 0.401562 0.0766602 0.404297 0.0708008 0.404687 0.0678711 0.405078 0.0673828 0.405078 0.0551758 0.404687 0.0546875 0.404687 0.0532227 0.403906 0.050293 0.400625 0.0439941 0.397656 0.0410156 0.396094 0.0395508
1 0.540625 0.0458984 0.538281 0.0458984 0.5375 0.0454102 0.534766 0.0473633 0.532422 0.050293 0.53125 0.0532227 0.529297 0.0561523 0.526563 0.0620117 0.525391 0.0634766 0.523828 0.0678711 0.523828 0.0688477 0.520703 0.0756836 0.518359 0.0844727 0.516797 0.0878906 0.517188 0.090332 0.517969 0.0917969 0.519922 0.0917969 0.520312 0.0922852 0.521875 0.0917969 0.529687 0.0820312 0.530859 0.0795898 0.534375 0.0751953 0.535937 0.0712891 0.537109 0.0698242 0.539062 0.0644531 0.539062 0.0629883 0.540234 0.0595703 0.540234 0.0581055 0.541406 0.0537109 0.541406 0.0517578 0.541797 0.0512695 0.541797 0.0478516
1 0.476562 0.0175781 0.476562 0.0185547 0.478516 0.0200195 0.482422 0.0209961 0.485547 0.0229492 0.488672 0.0234375 0.490625 0.0244141 0.492969 0.0244141 0.493359 0.0249023 0.498828 0.0249023 0.499219 0.0244141 0.501953 0.0244141 0.502344 0.0239258 0.506641 0.0234375 0.507031 0.0229492 0.508203 0.0229492 0.508594 0.0224609 0.509766 0.0224609 0.513281 0.0209961 0.515234 0.0180664 0.515234 0.0141602 0.514453 0.0126953 0.512891 0.0117188 0.511719 0.0117188 0.511328 0.0112305 0.510156 0.0112305 0.506641 0.00976562 0.503516 0.00976562 0.503125 0.00927734 0.492969 0.00927734 0.490625 0.0102539 0.486719 0.0107422 0.483594 0.0131836 0.480352 0.0146484 0.477344 0.0166016
1 0.534375 0 0.534766 0.00341797 0.535937 0.00732422 0.540625 0.0146484 0.542188 0.015625 0.544531 0.0185547 0.545703 0.019043 0.548828 0.0229492 0.552734 0.0263672 0.55625 0.0268555 0.556641 0.0273438 0.560156 0.0273438 0.560547 0.0268555 0.560937 0.0249023 0.560156 0.0219727 0.557422 0.015625 0.556641 0.0126953 0.555078 0.0102539 0.553516 0.00585938 0.55 0.00195312 0.549609 0
1 0.613672 0.0488281 0.612109 0.0473633 0.608984 0.0478516 0.604297 0.0498047 0.600781 0.0522461 0.6 0.0522461 0.599219 0.0532227 0.594141 0.0566406 0.59375 0.0576172 0.588281 0.0639648 0.583984 0.0751953 0.583984 0.0786133 0.587891 0.0771484 0.594141 0.0698242 0.597656 0.0678711 0.603125 0.0634766 0.607812 0.0610352 0.610156 0.0585938 0.613281 0.0541992 0.613672 0.0532227
1 0.733203 0.0639648 0.732031 0.0629883 0.727734 0.0634766 0.719922 0.0683594 0.718359 0.0708008 0.716016 0.0717773 0.714453 0.0737305 0.712109 0.0751953 0.711328 0.0771484 0.708203 0.0805664 0.706641 0.0834961 0.70625 0.0854492 0.703906 0.0908203 0.703906 0.0927734 0.704297 0.09375 0.70625 0.09375 0.708594 0.0927734 0.710547 0.0908203 0.713281 0.0893555 0.715625 0.0864258 0.721484 0.0820312 0.724609 0.0786133 0.727344 0.0742188 0.727734 0.0742188 0.732422 0.0688477 0.733203 0.0664062
1 0.766797 0.097168 0.763281 0.097168 0.751953 0.103516 0.748828 0.107422 0.745313 0.109863 0.74375 0.110352 0.739453 0.115723 0.735938 0.118652 0.733594 0.122559 0.733203 0.124512 0.732422 0.125488 0.732031 0.126953 0.732812 0.12793 0.736719 0.128418 0.737109 0.12793 0.738281 0.12793 0.744141 0.125488 0.749219 0.125 0.752734 0.123535 0.75625 0.121094 0.758984 0.118164 0.761719 0.116211 0.765625 0.111328 0.765625 0.110352 0.766406 0.108887 0.766797 0.106445 0.767969 0.103516 0.767969 0.0991211
1 0.928516 0.0209961 0.928516 0.0224609 0.929297 0.0249023 0.9375 0.0361328 0.938281 0.0380859 0.942969 0.0424805 0.944922 0.043457 0.946484 0.0449219 0.950391 0.0458984 0.950781 0.0463867 0.961719 0.046875 0.962109 0.0473633 0.963672 0.046875 0.964063 0.0449219 0.958984 0.0390625 0.957031 0.0356445 0.956641 0.0356445 0.951172 0.0292969 0.946875 0.0263672 0.946094 0.0253906 0.933594 0.0195312 0.930078 0.0195312
1 0.888281 0.155762 0.884766 0.15625 0.882422 0.158203 0.880859 0.161133 0.877344 0.166016 0.876172 0.169434 0.876172 0.170898 0.875391 0.172852 0.875391 0.178711 0.875 0.179199 0.875 0.182617 0.874609 0.183105 0.875 0.200684 0.876172 0.202637 0.877734 0.202637 0.879297 0.200684 0.879687 0.198242 0.88125 0.194336 0.882031 0.193359 0.883984 0.187988 0.885156 0.186523 0.885938 0.184082 0.886719 0.183105 0.889062 0.17627 0.889453 0.170898 0.889844 0.17041 0.889844 0.158691 0.889062 0.15625
1 0.939063 0.195312 0.935547 0.195801 0.934375 0.197266 0.933594 0.199219 0.931641 0.201172 0.930859 0.203125 0.929688 0.20459 0.929297 0.206055 0.924219 0.214355 0.921094 0.222656 0.921094 0.223633 0.918359 0.229004 0.918359 0.233887 0.91875 0.234375 0.91875 0.23584 0.919922 0.23584 0.921875 0.23291 0.924219 0.232422 0.927344 0.230469 0.930859 0.226074 0.932422 0.225098 0.935156 0.22168 0.937891 0.213379 0.937891 0.211914 0.938672 0.210449 0.939844 0.206055 0.939844 0.203613 0.940234 0.203125 0.940234 0.197754 0.939844 0.196289
1 0.938281 0.200195 0.938281 0.202148 0.939063 0.203125 0.942969 0.203613 0.944531 0.205078 0.946875 0.206055 0.948047 0.206055 0.948438 0.206543 0.949609 0.206543 0.955078 0.209473 0.960547 0.210449 0.9625 0.211426 0.964844 0.211426 0.965234 0.211914 0.96875 0.211914 0.969141 0.211426 0.971484 0.211426 0.971875 0.210938 0.974219 0.210449 0.976172 0.208984 0.978125 0.206543 0.980078 0.205566 0.980859 0.204102 0.980859 0.202637 0.98125 0.202148 0.980859 0.200684 0.978906 0.199707 0.975781 0.199219 0.975391 0.19873 0.970703 0.198242 0.967578 0.196289 0.9625 0.195801 0.962109 0.195312 0.957422 0.194824 0.957031 0.194336 0.947656 0.194824 0.947266 0.195312 0.944922 0.195801 0.942578 0.197266 0.940234 0.197754 0.939453 0.198242
1 0.875781 0.255859 0.875 0.256348 0.874219 0.257812 0.873828 0.260254 0.874219 0.260742 0.874219 0.26416 0.875781 0.269531 0.876172 0.273438 0.877344 0.276367 0.877344 0.278809 0.878906 0.282227 0.880078 0.287109 0.882031 0.290527 0.883984 0.296387 0.885938 0.298828 0.888672 0.306641 0.891797 0.30957 0.892578 0.30957 0.89375 0.308447 0.893555 0.302246 0.892578 0.293457 0.892188 0.289062 0.890625 0.283691 0.888867 0.278174 0.884883 0.269775 0.882422 0.264648 0.879063 0.25874 0.876953 0.255859
1 0.455469 0.0717773 0.455078 0.0722656 0.455078 0.074707 0.454688 0.0751953 0.454688 0.0795898 0.455078 0.0800781 0.455469 0.0947266 0.455859 0.0952148 0.45625 0.0991211 0.457031 0.101074 0.457813 0.105957 0.459375 0.109375 0.460938 0.111328 0.462109 0.114258 0.4625 0.118164 0.463281 0.121094 0.466016 0.124512 0.466016 0.125 0.466406 0.125 0.467578 0.123535 0.467578 0.121582 0.467969 0.121094 0.467969 0.0996094 0.467578 0.0991211 0.467578 0.0947266 0.466797 0.0922852 0.466406 0.0874023 0.465234 0.0844727 0.464453 0.081543 0.464453 0.0800781 0.462891 0.0766602 0.459375 0.0722656 0.458594 0.0717773
1 0.498047 0.104004 0.496875 0.103516 0.49375 0.103516 0.493359 0.103027 0.482422 0.103027 0.477734 0.10498 0.473047 0.10791 0.472266 0.108887 0.471094 0.109375 0.469141 0.111816 0.467578 0.115723 0.465234 0.119141 0.464844 0.120605 0.464844 0.123535 0.466016 0.126465 0.467578 0.125977 0.468359 0.124512 0.469531 0.124023 0.475781 0.123535 0.476172 0.123047 0.482031 0.121582 0.492188 0.115723 0.493359 0.114258 0.498047 0.111328 0.498828 0.108887 0.498828 0.105957
1 0.425 0.152832 0.425391 0.157715 0.425781 0.158691 0.427344 0.160156 0.43125 0.160156 0.431836 0.160156 0.432422 0.160156 0.436719 0.160156 0.437109 0.160645 0.439063 0.160645 0.439453 0.161133 0.440625 0.161133 0.441016 0.161621 0.442188 0.161621 0.445703 0.163086 0.448047 0.163086 0.448437 0.163574 0.460938 0.163086 0.461328 0.162598 0.4625 0.162598 0.463672 0.161621 0.462891 0.15918 0.460938 0.157227 0.456641 0.15625 0.451172 0.152832 0.448437 0.152344 0.446484 0.151367 0.444922 0.151367 0.444531 0.150879 0.442578 0.150879 0.442188 0.150391 0.427344 0.150391 0.426953 0.150879 0.425781 0.150879
1 0.429297 0.161133 0.428516 0.162109 0.428516 0.165527 0.429023 0.168164 0.430078 0.170898 0.433594 0.177246 0.438281 0.182861 0.440156 0.184668 0.443281 0.187402 0.449219 0.191406 0.451172 0.193359 0.453789 0.195801 0.455508 0.195166 0.455781 0.193359 0.454766 0.190869 0.453125 0.185547 0.452344 0.183398 0.451562 0.181641 0.449609 0.178223 0.448828 0.175781 0.447266 0.17334 0.445703 0.168945 0.442969 0.165527 0.435937 0.160645 0.431641 0.160156
1 0.474219 0.17627 0.470703 0.17627 0.469922 0.176758 0.469141 0.178711 0.466406 0.182129 0.464844 0.186035 0.462891 0.188477 0.461719 0.190918 0.460938 0.194824 0.460156 0.196289 0.459375 0.201172 0.457813 0.205078 0.457813 0.20752 0.457422 0.208008 0.457422 0.210449 0.457031 0.210938 0.457031 0.213379 0.456641 0.213867 0.45625 0.222168 0.457813 0.224121 0.459766 0.224121 0.462109 0.220703 0.464062 0.219727 0.466797 0.216797 0.469531 0.210938 0.471094 0.208984 0.473047 0.204102 0.473438 0.201172 0.474609 0.197266 0.475 0.192871 0.475391 0.192383 0.475391 0.18457 0.475781 0.184082 0.475781 0.178711
1 0.497656 0.173828 0.494141 0.173828 0.489844 0.176758 0.486719 0.181152 0.485156 0.185059 0.485156 0.186035 0.483984 0.187988 0.483203 0.190918 0.483203 0.192383 0.482812 0.192871 0.482812 0.194336 0.482031 0.196289 0.482031 0.203613 0.483594 0.209473 0.483984 0.213867 0.484766 0.216309 0.485547 0.217285 0.487109 0.217285 0.488281 0.215332 0.488672 0.211914 0.489844 0.209473 0.490625 0.205566 0.492969 0.200684 0.492969 0.199219 0.495312 0.192871 0.496484 0.1875 0.498828 0.183105 0.5 0.178711 0.5 0.177246 0.498828 0.174805
1 0.569141 0.174316 0.567969 0.17334 0.565625 0.172852 0.565234 0.172363 0.558984 0.172363 0.558594 0.172852 0.557031 0.172852 0.555469 0.173828 0.55 0.180176 0.549609 0.180176 0.548438 0.181641 0.546484 0.187012 0.544922 0.188965 0.542578 0.193359 0.542188 0.194824 0.541016 0.196289 0.537891 0.205078 0.5375 0.209961 0.539453 0.211426 0.541406 0.211426 0.54375 0.209961 0.55 0.201172 0.555859 0.19043 0.563672 0.181152 0.564844 0.180176 0.56875 0.178711 0.569531 0.177734
1 0.596484 0.134766 0.594922 0.135254 0.593359 0.136719 0.592578 0.136719 0.587891 0.140625 0.585547 0.143555 0.581641 0.151367 0.580859 0.154297 0.580859 0.155762 0.580469 0.15625 0.580469 0.167969 0.581641 0.172363 0.582422 0.173828 0.583203 0.174316 0.584766 0.174316 0.5875 0.170898 0.588672 0.167969 0.589063 0.165039 0.591016 0.159668 0.591016 0.158691 0.593359 0.15332 0.59375 0.150879 0.596094 0.146484 0.598047 0.141113 0.599609 0.138672 0.599609 0.137207
1 0.581797 0.120264 0.581562 0.121826 0.582422 0.123535 0.584375 0.125488 0.587891 0.12793 0.591406 0.129395 0.593477 0.131299 0.596875 0.133789 0.599766 0.134717 0.603359 0.135596 0.605547 0.135791 0.612891 0.13623 0.614844 0.136035 0.622656 0.13623 0.624219 0.134766 0.624219 0.131348 0.623828 0.130371 0.622266 0.128906 0.619141 0.128906 0.614844 0.126953 0.611328 0.126465 0.609141 0.125098 0.605859 0.123486 0.603516 0.123047 0.601133 0.122559 0.598437 0.12207 0.59707 0.12207 0.593906 0.121924 0.592578 0.121533 0.589063 0.120117 0.585742 0.119336 0.583164 0.119092
1 0.743359 0.224609 0.743359 0.227051 0.742969 0.228027 0.74375 0.229004 0.748828 0.230469 0.752734 0.233398 0.75625 0.236816 0.764062 0.24707 0.765234 0.247559 0.767188 0.249512 0.771484 0.249512 0.772656 0.248047 0.772656 0.243652 0.772266 0.243164 0.771875 0.239258 0.768359 0.231445 0.763672 0.225098 0.756641 0.22168 0.750781 0.22168 0.749219 0.222656 0.744531 0.223633
1 0.651172 0.228027 0.649609 0.226562 0.648047 0.226562 0.647656 0.226074 0.642578 0.226562 0.639062 0.228027 0.636328 0.22998 0.635547 0.22998 0.629687 0.233887 0.626563 0.234863 0.617578 0.244141 0.616016 0.248047 0.616016 0.25 0.616406 0.250977 0.617188 0.251465 0.61875 0.251465 0.625391 0.248535 0.630859 0.247559 0.635156 0.245117 0.635938 0.245117 0.636719 0.244141 0.638672 0.243164 0.646094 0.237305 0.649219 0.233398 0.651172 0.229492
1 0.582812 0.256348 0.582812 0.254883 0.581641 0.251953 0.579297 0.248047 0.576172 0.246094 0.573438 0.246094 0.573047 0.245605 0.571484 0.245605 0.571094 0.246094 0.562109 0.246094 0.561719 0.246582 0.557422 0.24707 0.553125 0.249023 0.545703 0.250977 0.544141 0.251953 0.544141 0.253418 0.545703 0.255371 0.546875 0.255371 0.547266 0.255859 0.554688 0.255859 0.555078 0.255371 0.558203 0.255371 0.558594 0.255859 0.569141 0.255859 0.569531 0.256348 0.573828 0.256836 0.579297 0.259277 0.58125 0.258789
1 0.573789 0.245557 0.575781 0.246387 0.579297 0.248096 0.580859 0.25 0.584375 0.25293 0.587305 0.255615 0.588906 0.257031 0.591328 0.259521 0.592969 0.261719 0.598828 0.271484 0.600195 0.273389 0.602187 0.273633 0.603516 0.271875 0.603516 0.268164 0.603164 0.264502 0.603008 0.262891 0.602617 0.261084 0.602305 0.259375 0.60168 0.257568 0.601172 0.256348 0.599609 0.252441 0.596602 0.247852 0.593555 0.245068 0.590742 0.243359 0.587852 0.242236 0.584336 0.241602 0.579883 0.241455 0.576211 0.241748 0.573359 0.242529 0.572773 0.244141
1 0.656641 0.260742 0.655469 0.262207 0.655469 0.263672 0.653125 0.265625 0.653125 0.268555 0.657422 0.274414 0.661719 0.284668 0.670703 0.298828 0.670703 0.300293 0.667188 0.304199 0.667188 0.306641 0.668359 0.308105 0.670703 0.308105 0.674609 0.303711 0.675781 0.30127 0.675781 0.294434 0.675 0.291016 0.673047 0.288086 0.669531 0.279297 0.665234 0.272949 0.660156 0.262207 0.658984 0.260742
1 0.626563 0.270996 0.624609 0.273926 0.624609 0.276367 0.626563 0.279297 0.63125 0.291016 0.633203 0.293945 0.634766 0.299316 0.6375 0.304688 0.642969 0.310547 0.64375 0.313965 0.644922 0.31543 0.647656 0.31543 0.649219 0.313477 0.649219 0.307129 0.648438 0.304199 0.647266 0.302734 0.646094 0.293945 0.644141 0.288086 0.640625 0.282227 0.632031 0.272461 0.629687 0.270996
1 0.623828 0.28418 0.620313 0.28418 0.61875 0.285156 0.611719 0.293457 0.609375 0.29834 0.607812 0.304688 0.607031 0.314941 0.607812 0.320801 0.608984 0.32373 0.608984 0.327637 0.610547 0.330078 0.613672 0.330566 0.615234 0.328613 0.618359 0.318848 0.619141 0.311035 0.621094 0.303711 0.626563 0.291504 0.626563 0.287109
1 0.591797 0.299805 0.589453 0.299805 0.587891 0.300781 0.579688 0.311035 0.576562 0.319824 0.575391 0.326172 0.575391 0.336426 0.577344 0.344727 0.579688 0.349121 0.581641 0.349121 0.582812 0.347656 0.582422 0.342285 0.585547 0.334473 0.586328 0.32959 0.591016 0.322266 0.592969 0.314941 0.596484 0.309082 0.596094 0.304688 0.59375 0.302734
1 0.569922 0.319336 0.566797 0.322266 0.566797 0.328125 0.569141 0.330566 0.570312 0.335938 0.570703 0.35498 0.573438 0.360352 0.580859 0.371094 0.582031 0.371094 0.578906 0.361328 0.579297 0.355469 0.578906 0.348145 0.578125 0.345215 0.578516 0.34082 0.575781 0.324707 0.574609 0.320801 0.573438 0.319336
1 0.558984 0.325195 0.557813 0.32666 0.557813 0.352539 0.558984 0.356934 0.560547 0.369629 0.562109 0.373047 0.565234 0.376953 0.566797 0.377441 0.568359 0.379395 0.570703 0.379395 0.571875 0.37793 0.571875 0.374023 0.572656 0.372559 0.572656 0.364746 0.571094 0.354492 0.569531 0.348633 0.566016 0.339844 0.562109 0.33252 0.562109 0.32666 0.560937 0.325195
1 0.504687 0.331055 0.503516 0.33252 0.503516 0.335938 0.506641 0.348633 0.507031 0.356934 0.510156 0.364746 0.516797 0.375 0.517578 0.378418 0.519531 0.381348 0.520703 0.385254 0.522656 0.387695 0.524219 0.388672 0.526172 0.388672 0.529297 0.384277 0.529297 0.378418 0.527734 0.375 0.526953 0.370117 0.523047 0.362793 0.522266 0.355957 0.517578 0.348633 0.515625 0.344238 0.508203 0.334961 0.507812 0.33252 0.506641 0.331055
1 0.560937 0.280273 0.559766 0.278809 0.554297 0.277832 0.551172 0.281738 0.548828 0.286133 0.54375 0.29248 0.541016 0.294434 0.53125 0.306641 0.527734 0.3125 0.527344 0.317383 0.528516 0.318848 0.53125 0.318848 0.535937 0.316895 0.542578 0.310059 0.548828 0.305176 0.551172 0.302246 0.553906 0.294922 0.559766 0.286133 0.560937 0.283203
1 0.501563 0.280273 0.500391 0.281738 0.500391 0.293945 0.505078 0.306641 0.511328 0.314941 0.512891 0.315918 0.516797 0.315918 0.51875 0.313477 0.51875 0.307129 0.514844 0.295898 0.504687 0.282715 0.504687 0.281738 0.503516 0.280273
1 0.410547 0.287598 0.410547 0.293945 0.413281 0.297363 0.415234 0.297852 0.41875 0.300293 0.426172 0.302246 0.433203 0.302246 0.441797 0.297363 0.446484 0.291992 0.446484 0.289062 0.444531 0.286133 0.442578 0.286133 0.439844 0.289062 0.433594 0.289062 0.425 0.287109 0.419531 0.284668 0.412891 0.284668
1 0.376953 0.282227 0.375781 0.283691 0.375781 0.288574 0.378125 0.291504 0.378906 0.293945 0.379297 0.302734 0.382422 0.307617 0.384766 0.313965 0.388281 0.319824 0.391016 0.330078 0.392188 0.331543 0.396875 0.331543 0.398438 0.32959 0.398828 0.324219 0.396484 0.317871 0.394922 0.311035 0.394141 0.310059 0.392578 0.301758 0.387109 0.292969 0.380078 0.285645 0.380078 0.283691 0.378906 0.282227
1 0.347656 0.310059 0.347656 0.31543 0.349219 0.317871 0.352344 0.319824 0.353906 0.319824 0.355469 0.321289 0.360938 0.322266 0.366016 0.324707 0.371094 0.325684 0.376953 0.325684 0.379688 0.324219 0.380469 0.325195 0.382422 0.325195 0.383594 0.32373 0.385937 0.32373 0.389062 0.321289 0.389062 0.318848 0.3875 0.316895 0.383594 0.315918 0.377734 0.311523 0.367578 0.308105 0.360938 0.307617 0.358594 0.306641 0.349609 0.306641
1 0.329297 0.306641 0.328125 0.305176 0.325 0.305176 0.322266 0.308105 0.319531 0.30957 0.310156 0.311523 0.307812 0.312988 0.29375 0.317383 0.291016 0.320801 0.291016 0.325684 0.29375 0.329102 0.307422 0.329102 0.315625 0.326172 0.324609 0.316406 0.325781 0.3125 0.329297 0.309082
1 0.314453 0.270996 0.3125 0.268555 0.308984 0.268555 0.302344 0.275879 0.294141 0.280273 0.277734 0.297852 0.273828 0.303223 0.273828 0.306152 0.275 0.307617 0.276953 0.307617 0.283203 0.300293 0.292969 0.299316 0.297656 0.296875 0.304688 0.291016 0.312891 0.279785 0.314453 0.274902
1 0.256641 0.330566 0.257031 0.333984 0.2625 0.343262 0.26875 0.349609 0.272656 0.352051 0.282422 0.352539 0.285938 0.354004 0.294922 0.354004 0.298047 0.351074 0.298047 0.347168 0.296094 0.344727 0.287891 0.343262 0.282422 0.339844 0.275 0.337402 0.272656 0.335938 0.262891 0.334961 0.259766 0.33252 0.258203 0.32959
1 0.340625 0.357422 0.339453 0.355957 0.329297 0.355957 0.321484 0.358398 0.318359 0.36084 0.313672 0.361816 0.308984 0.365723 0.304688 0.367676 0.301563 0.370117 0.297656 0.375977 0.297656 0.378906 0.298828 0.380371 0.301172 0.380371 0.308984 0.375488 0.314844 0.375 0.319141 0.373047 0.323047 0.373047 0.334375 0.364258 0.339453 0.361328 0.340625 0.359863
1 0.395313 0.336914 0.391016 0.336914 0.384766 0.344727 0.380078 0.355957 0.378906 0.360352 0.378906 0.384766 0.380078 0.38623 0.382031 0.38623 0.384375 0.383301 0.385156 0.380859 0.392188 0.373047 0.395703 0.363281 0.396094 0.350098 0.397266 0.344727 0.397266 0.339355
1 0.464062 0.349609 0.4625 0.347656 0.452734 0.347656 0.447266 0.349121 0.430859 0.349121 0.416797 0.348145 0.414062 0.350586 0.414062 0.354492 0.416406 0.356934 0.419141 0.35791 0.446484 0.35791 0.451562 0.355957 0.455469 0.353027 0.462891 0.353516 0.464062 0.352051
1 0.425 0.246094 0.421875 0.243652 0.415625 0.243652 0.412891 0.245117 0.410938 0.247559 0.40625 0.249512 0.403516 0.25293 0.397656 0.257324 0.394141 0.256348 0.385937 0.246094 0.383984 0.246094 0.382812 0.247559 0.382812 0.250488 0.385937 0.254395 0.387891 0.259766 0.396094 0.27002 0.4 0.271484 0.403906 0.271484 0.408594 0.268555 0.413281 0.260742 0.421094 0.252441 0.423828 0.250977 0.425 0.249512
1 0.201953 0.281738 0.2 0.281738 0.198828 0.283203 0.198437 0.288574 0.194531 0.293945 0.192969 0.29834 0.189062 0.302734 0.188281 0.304688 0.188281 0.313965 0.189062 0.320312 0.191797 0.330078 0.196094 0.337402 0.195703 0.341309 0.194531 0.343262 0.194531 0.34668 0.195703 0.348145 0.197656 0.348145 0.198437 0.347168 0.199609 0.348145 0.202344 0.348145 0.203516 0.34668 0.203516 0.322266 0.202344 0.317871 0.198437 0.309082 0.197656 0.302734 0.199609 0.299805 0.200781 0.294434 0.202344 0.291992 0.203125 0.289062 0.203125 0.283203
1 0.169141 0.250977 0.167187 0.250977 0.166016 0.252441 0.165234 0.257324 0.161719 0.260254 0.158203 0.264648 0.157031 0.267578 0.157031 0.27002 0.154297 0.281738 0.154297 0.292969 0.154688 0.294922 0.15625 0.296875 0.159375 0.296387 0.160547 0.294922 0.163281 0.286621 0.167969 0.278809 0.169531 0.269531 0.171094 0.266113 0.171094 0.256836 0.170313 0.252441
1 0.1125 0.294922 0.109375 0.298828 0.108984 0.302734 0.1125 0.308594 0.116406 0.313477 0.118359 0.317871 0.124609 0.324219 0.128125 0.325684 0.132422 0.329102 0.136328 0.333496 0.139453 0.333984 0.141406 0.331543 0.141406 0.328613 0.139844 0.326172 0.137109 0.317871 0.133984 0.312988 0.13125 0.310059 0.128125 0.305176 0.121094 0.299316 0.117969 0.298828 0.114844 0.294922
1 0 0.265137 0 0.283203 0.00664062 0.291016 0.00742187 0.291016 0.0125 0.29541 0.0179687 0.294922 0.0195312 0.292969 0.0195312 0.288574 0.0179687 0.285645 0.0046875 0.269043 0.00351563 0.268555 0.00078125 0.265137
2 0.103516 0.271973 0.101562 0.271973 0.100391 0.273438 0.0976562 0.283203 0.0953125 0.287109 0.0929688 0.293457 0.0890625 0.298828 0.0878906 0.302246 0.0847656 0.306641 0.0804688 0.310059 0.0804688 0.3125 0.0832031 0.314941 0.0851563 0.314941 0.0859375 0.315918 0.0902344 0.315918 0.0933594 0.313477 0.0957031 0.310059 0.0960938 0.308105 0.0996094 0.30127 0.100781 0.293945 0.102344 0.290039 0.103906 0.283203 0.104688 0.273438
2 0.343359 0.147949 0.343359 0.150391 0.358984 0.171387 0.362891 0.180664 0.363672 0.185059 0.366016 0.187988 0.367969 0.187988 0.369141 0.186523 0.369141 0.183105 0.367969 0.180176 0.367188 0.17334 0.363281 0.164062 0.349609 0.145508 0.345703 0.145508
2 0.358203 0.147949 0.358203 0.150391 0.359375 0.151855 0.362109 0.151367 0.364844 0.154297 0.367188 0.155273 0.373437 0.163574 0.381641 0.168457 0.389844 0.176758 0.392578 0.176758 0.394141 0.174805 0.394141 0.171875 0.382812 0.157715 0.378125 0.154297 0.373047 0.148926 0.370703 0.147461 0.364063 0.145996 0.359766 0.145996
2 0.430859 0.0410156 0.429688 0.0424805 0.429688 0.0449219 0.434766 0.0512695 0.436328 0.0571289 0.436328 0.0595703 0.4375 0.0610352 0.439453 0.0610352 0.440625 0.0595703 0.440234 0.050293 0.433594 0.0410156
2 0.785156 0 0.76875 0 0.758594 0.00634766 0.748437 0.00878906 0.746094 0.0112305 0.745313 0.0131836 0.745313 0.0175781 0.747656 0.0209961 0.752734 0.0209961 0.760547 0.0166016 0.764062 0.0161133 0.766406 0.0146484 0.775781 0.0117188 0.781641 0.00732422 0.783594 0.00488281
2 0.68125 0.224121 0.682422 0.225586 0.688672 0.225098 0.691016 0.224121 0.702734 0.224121 0.707031 0.225098 0.717578 0.224609 0.723047 0.22168 0.724609 0.219727 0.724609 0.217285 0.723437 0.21582 0.721484 0.215332 0.695312 0.215332 0.690234 0.216797 0.685937 0.219727 0.682422 0.220215 0.68125 0.22168
2 0.702734 0.163574 0.697656 0.162598 0.695312 0.165527 0.694531 0.168945 0.692578 0.172363 0.691016 0.177246 0.683984 0.188477 0.678516 0.205566 0.678516 0.210449 0.679688 0.211914 0.681641 0.211914 0.682813 0.210449 0.683594 0.207031 0.687109 0.202148 0.687891 0.198242 0.689063 0.195801 0.691406 0.192871 0.694141 0.1875 0.695312 0.183105 0.700391 0.171875 0.703906 0.16748 0.703906 0.165039
2 0.716797 0.144531 0.716016 0.143555 0.708984 0.140137 0.705469 0.139648 0.700781 0.141113 0.691406 0.149902 0.686719 0.155762 0.681641 0.164062 0.681641 0.167969 0.682813 0.169434 0.685937 0.169434 0.689063 0.165527 0.690625 0.161621 0.701953 0.149902 0.708594 0.146484 0.716406 0.147461 0.717187 0.146484
2 0.467578 0.274414 0.465234 0.274414 0.462109 0.27832 0.460547 0.284668 0.45625 0.293945 0.45625 0.297363 0.455469 0.29834 0.454688 0.304688 0.453516 0.307129 0.451562 0.318848 0.449609 0.324219 0.449609 0.32666 0.450781 0.328125 0.453125 0.328125 0.454297 0.32666 0.455078 0.323242 0.45625 0.321777 0.456641 0.318848 0.459766 0.313965 0.461719 0.309082 0.464844 0.297852 0.466016 0.290527 0.468359 0.285645 0.469141 0.276367
2 0.494141 0.313477 0.492969 0.312012 0.491016 0.312012 0.483984 0.314453 0.483203 0.31543 0.473828 0.318359 0.467969 0.321777 0.462109 0.323242 0.455859 0.32373 0.453906 0.325684 0.453906 0.328125 0.455078 0.32959 0.455078 0.333008 0.45625 0.334473 0.460938 0.333984 0.464844 0.33252 0.465625 0.331543 0.469141 0.331055 0.475781 0.328125 0.481641 0.324707 0.486719 0.320312 0.491406 0.317871 0.492969 0.317871 0.494141 0.316406
2 0.537109 0.320801 0.535937 0.319336 0.533594 0.319336 0.531641 0.320312 0.525 0.320801 0.521484 0.321777 0.520703 0.322754 0.516016 0.32373 0.500391 0.32373 0.498047 0.324219 0.496875 0.325684 0.496094 0.325684 0.494922 0.327148 0.494922 0.32959 0.496094 0.331055 0.518359 0.331543 0.519922 0.330566 0.529687 0.328613 0.53125 0.327148 0.533203 0.32666 0.537109 0.323242
2 0.545312 0.307129 0.542578 0.307129 0.541406 0.308594 0.541406 0.314453 0.537891 0.322754 0.535547 0.331055 0.535547 0.342285 0.534375 0.348145 0.533984 0.359863 0.535156 0.361328 0.537109 0.361328 0.538672 0.358887 0.540625 0.347656 0.541016 0.341309 0.547266 0.323242 0.547656 0.313477 0.546484 0.310547 0.546484 0.308594
2 0.367969 0.324707 0.362891 0.32959 0.362891 0.334473 0.363672 0.337402 0.363281 0.347168 0.364844 0.352539 0.364844 0.357422 0.370703 0.374512 0.371094 0.377441 0.376172 0.384766 0.378516 0.384766 0.379688 0.383301 0.379688 0.380371 0.376563 0.375488 0.375 0.369141 0.374219 0.36084 0.372656 0.35791 0.371875 0.353516 0.371484 0.346191 0.370703 0.34375 0.371094 0.326172 0.369922 0.324707
2 0.350391 0.351562 0.348438 0.351562 0.347266 0.353027 0.346875 0.359863 0.340234 0.367676 0.3375 0.373047 0.330078 0.382324 0.326953 0.388672 0.326953 0.393555 0.328516 0.395508 0.332422 0.395508 0.333594 0.394043 0.334375 0.389648 0.336328 0.385742 0.340625 0.381836 0.348438 0.37207 0.35 0.368652 0.35 0.367188 0.351172 0.365723 0.351953 0.362305 0.351562 0.353027
1 0.0308594 0.381348 0.0328125 0.383301 0.0484375 0.388672 0.0601563 0.388672 0.0667969 0.38623 0.0742188 0.380859 0.0777344 0.379395 0.0789062 0.37793 0.0789062 0.374512 0.0777344 0.373047 0.0734375 0.373047 0.0691406 0.375488 0.0613281 0.375488 0.0554687 0.374512 0.0523438 0.372559 0.0339844 0.373047 0.0308594 0.377441
1 0.0449219 0.412598 0.0429688 0.412598 0.0417969 0.414062 0.0414062 0.417969 0.0332031 0.427246 0.0316406 0.434082 0.0277344 0.444336 0.0257812 0.452148 0.0253906 0.465332 0.0265625 0.466797 0.0296875 0.466797 0.0332031 0.462402 0.0347656 0.458984 0.0375 0.455566 0.0386719 0.452148 0.0445313 0.441895 0.0460938 0.433105 0.046875 0.423828 0.046875 0.416504
1 0.0539063 0.414551 0.0539063 0.416992 0.0574219 0.420898 0.0726563 0.430176 0.0761719 0.433594 0.0820312 0.437012 0.0878906 0.441895 0.0917969 0.443848 0.0941406 0.443848 0.0953125 0.442383 0.0949219 0.438965 0.0886719 0.432129 0.0878906 0.429688 0.0832031 0.423828 0.08125 0.422363 0.0789062 0.421875 0.0726563 0.417969 0.0683594 0.416504 0.0636719 0.416016 0.0578125 0.413086 0.0550781 0.413086
1 0.150391 0.467773 0.150391 0.470703 0.151953 0.472656 0.155859 0.475586 0.160938 0.478027 0.164844 0.48291 0.164844 0.484375 0.167187 0.486328 0.170703 0.492676 0.174609 0.495605 0.178516 0.496094 0.181641 0.499023 0.186328 0.505371 0.188281 0.505371 0.189453 0.503906 0.189453 0.500977 0.187109 0.498047 0.185156 0.493164 0.180469 0.486816 0.180469 0.485352 0.175781 0.479492 0.1625 0.470215 0.156641 0.46875 0.153516 0.466309 0.151562 0.466309
1 0.189062 0.465332 0.189062 0.467773 0.194531 0.475586 0.200391 0.481934 0.205469 0.48584 0.216797 0.492188 0.223047 0.492676 0.226172 0.494629 0.228516 0.494629 0.229687 0.493164 0.229687 0.490723 0.228125 0.48877 0.224219 0.487305 0.206641 0.470703 0.199219 0.46875 0.193359 0.463867 0.190234 0.463867
1 0.210156 0.499023 0.207031 0.499023 0.205859 0.500488 0.201563 0.516602 0.2 0.518555 0.197656 0.523926 0.196094 0.536133 0.194922 0.539551 0.192578 0.543457 0.192578 0.547363 0.19375 0.548828 0.196875 0.548828 0.198047 0.547363 0.200781 0.540527 0.203125 0.537109 0.20625 0.530273 0.207422 0.523438 0.211328 0.513184 0.211719 0.500977
1 0.139063 0.505371 0.139063 0.511719 0.141406 0.515625 0.144922 0.519531 0.147266 0.523438 0.149219 0.525391 0.150391 0.525391 0.15625 0.530762 0.167969 0.530762 0.171094 0.532227 0.176172 0.536133 0.178125 0.536133 0.179297 0.534668 0.179297 0.532227 0.178516 0.530273 0.170313 0.52002 0.161328 0.514648 0.155078 0.513184 0.153516 0.511719 0.151562 0.51123 0.14375 0.504395 0.140234 0.503906
1 0.121484 0.556641 0.121484 0.560059 0.123828 0.562988 0.128125 0.566406 0.129297 0.566406 0.132422 0.570312 0.141406 0.577148 0.15 0.579102 0.152344 0.580566 0.160938 0.580566 0.163281 0.578613 0.163281 0.576172 0.162109 0.574707 0.158203 0.574219 0.154688 0.572266 0.143359 0.558594 0.135547 0.555664 0.122656 0.555176
1 0.075 0.583984 0.0738281 0.58252 0.0695313 0.580566 0.0609375 0.580566 0.0574219 0.581543 0.0492187 0.587402 0.0425781 0.590332 0.0332031 0.589355 0.0320312 0.59082 0.0320312 0.59375 0.0332031 0.595215 0.0394531 0.599121 0.0503906 0.599121 0.059375 0.594238 0.0644531 0.592773 0.0679687 0.592773 0.0699219 0.591797 0.0738281 0.591797 0.075 0.590332
1 0.222656 0.592773 0.220703 0.589844 0.217969 0.589844 0.2125 0.593262 0.200781 0.597168 0.197656 0.599121 0.195312 0.602051 0.192969 0.603027 0.191797 0.604492 0.184766 0.604492 0.183594 0.605957 0.183594 0.608398 0.185547 0.610352 0.191797 0.610352 0.194531 0.612305 0.202734 0.612305 0.209766 0.61084 0.216406 0.605957 0.221875 0.598633 0.222656 0.596191
1 0.285156 0.562988 0.283203 0.561035 0.275 0.558105 0.266406 0.558594 0.259766 0.562012 0.248047 0.570312 0.245703 0.573242 0.245703 0.575684 0.246875 0.577148 0.248828 0.577148 0.251563 0.575195 0.264453 0.575684 0.268359 0.574707 0.277734 0.568848 0.278516 0.569824 0.282422 0.569824 0.285156 0.567383
1 0.270313 0.520508 0.270313 0.523438 0.271875 0.525391 0.274609 0.526367 0.278906 0.529785 0.284375 0.536621 0.291797 0.541016 0.296484 0.547363 0.298438 0.54834 0.3 0.550781 0.303516 0.550781 0.305078 0.548828 0.305078 0.54541 0.299219 0.534668 0.292187 0.525879 0.286719 0.520996 0.280859 0.519043 0.271484 0.519043
1 0.330859 0.439941 0.329688 0.438477 0.320703 0.438477 0.317578 0.439941 0.313281 0.444336 0.306641 0.453613 0.305469 0.457031 0.298438 0.467773 0.298438 0.473145 0.300391 0.475098 0.304688 0.475098 0.307031 0.473145 0.310156 0.468262 0.319531 0.459961 0.323437 0.45459 0.326953 0.45166 0.329688 0.444824 0.330859 0.443359
1 0.332422 0.444336 0.33125 0.445801 0.330859 0.453613 0.333203 0.461426 0.335547 0.477051 0.335547 0.482422 0.334375 0.486328 0.332422 0.489746 0.332422 0.494629 0.333984 0.49707 0.335547 0.498047 0.337891 0.498047 0.340625 0.494629 0.342969 0.488281 0.34375 0.47168 0.340625 0.46582 0.340234 0.463867 0.334766 0.455078 0.333984 0.452148 0.333594 0.445801
1 0.375391 0.447754 0.374219 0.449219 0.374219 0.453125 0.375781 0.458984 0.376172 0.46582 0.378125 0.473145 0.380859 0.47998 0.385937 0.488281 0.390625 0.494141 0.396094 0.499512 0.398828 0.5 0.4 0.498535 0.4 0.495117 0.399219 0.492188 0.395313 0.486328 0.394531 0.483398 0.392578 0.480469 0.392188 0.478027 0.386328 0.464844 0.382031 0.450684 0.379297 0.447266
1 0.414844 0.395996 0.410156 0.396973 0.403516 0.405762 0.400391 0.407715 0.398047 0.408203 0.394922 0.410645 0.3875 0.418945 0.385156 0.424805 0.385156 0.428711 0.383594 0.434082 0.383594 0.4375 0.384766 0.438965 0.386719 0.438965 0.387891 0.4375 0.389453 0.432617 0.391797 0.429199 0.394141 0.427246 0.402344 0.42334 0.412109 0.415527 0.419531 0.40625 0.419531 0.402344
1 0.426172 0.412598 0.426172 0.415039 0.427344 0.416504 0.435547 0.416016 0.4375 0.415039 0.442188 0.415527 0.447656 0.41748 0.450391 0.41748 0.458594 0.420898 0.467578 0.420898 0.469922 0.418457 0.469922 0.415039 0.465625 0.410156 0.461328 0.40918 0.457422 0.407227 0.455469 0.407227 0.451562 0.405273 0.439063 0.405273 0.432031 0.408203 0.430078 0.410156 0.427344 0.411133
1 0.411328 0.425293 0.409375 0.425293 0.408203 0.426758 0.408203 0.430664 0.405078 0.436523 0.403125 0.443359 0.402734 0.466309 0.403516 0.46875 0.407031 0.473145 0.408984 0.473145 0.410156 0.47168 0.410156 0.470215 0.4125 0.465332 0.414844 0.456543 0.414844 0.438965 0.413281 0.432617 0.413281 0.429199
1 0.381641 0.435059 0.380469 0.436523 0.380469 0.439453 0.382812 0.444336 0.383984 0.455566 0.387109 0.465332 0.394531 0.481445 0.398047 0.486328 0.405078 0.48584 0.407031 0.481934 0.407031 0.476562 0.402344 0.463867 0.394141 0.449707 0.391797 0.443848 0.383594 0.435059
1 0.544531 0.449219 0.542578 0.445801 0.535547 0.444824 0.528516 0.445312 0.515625 0.452148 0.507422 0.455078 0.504297 0.45752 0.501172 0.461426 0.501172 0.46582 0.503125 0.468262 0.507812 0.468262 0.512891 0.466797 0.515234 0.465332 0.517969 0.465332 0.520312 0.464355 0.523828 0.460938 0.528516 0.458008 0.532422 0.456543 0.535156 0.456543 0.542578 0.45459 0.544531 0.452637
1 0.569531 0.401367 0.565625 0.401367 0.563281 0.40332 0.558203 0.410645 0.555859 0.41748 0.555859 0.432617 0.557031 0.435059 0.557031 0.437988 0.555859 0.44043 0.555859 0.442871 0.557031 0.444336 0.559375 0.444336 0.560547 0.442871 0.562109 0.436035 0.567578 0.428223 0.570703 0.419922 0.571094 0.40332
1 0.601172 0.361328 0.599609 0.363281 0.599609 0.375488 0.600391 0.385742 0.601562 0.388672 0.605859 0.394531 0.607422 0.39502 0.608594 0.396484 0.617969 0.399902 0.622266 0.402832 0.625781 0.402832 0.626953 0.401367 0.626953 0.398926 0.620703 0.391113 0.614844 0.385742 0.614844 0.384766 0.6125 0.381836 0.610156 0.373535 0.605078 0.362793 0.603906 0.361328
1 0.620703 0.38623 0.620703 0.388672 0.621875 0.390137 0.64375 0.390137 0.647266 0.391113 0.653125 0.391113 0.657031 0.392578 0.659766 0.392578 0.662109 0.390137 0.662109 0.386719 0.659766 0.383789 0.651563 0.381348 0.649219 0.379395 0.646094 0.378906 0.64375 0.377441 0.638281 0.377441 0.634375 0.378418 0.630078 0.382324 0.626953 0.383301 0.625 0.384766 0.621875 0.384766
2 0.725 0.326172 0.723828 0.324707 0.721094 0.324707 0.719141 0.325684 0.716797 0.325684 0.7125 0.328125 0.709375 0.331055 0.702734 0.339844 0.701562 0.34375 0.701562 0.348145 0.702734 0.349609 0.704688 0.349609 0.705859 0.348145 0.70625 0.345703 0.710547 0.340332 0.720313 0.33252 0.721484 0.33252 0.723437 0.331055 0.725 0.328613
2 0.594141 0.424805 0.591016 0.425293 0.5875 0.430176 0.586328 0.433594 0.583203 0.437012 0.580859 0.441406 0.577734 0.449219 0.577734 0.450684 0.576172 0.453613 0.573828 0.464355 0.571094 0.472168 0.570703 0.477539 0.571875 0.479004 0.574609 0.479004 0.575781 0.477539 0.579688 0.468262 0.583594 0.456055 0.589844 0.445801 0.591797 0.439941 0.592969 0.431152 0.595313 0.428711 0.595313 0.42627
2 0.408984 0.476562 0.409375 0.480957 0.419141 0.493652 0.425781 0.499023 0.434766 0.503906 0.439844 0.509277 0.441797 0.509277 0.442969 0.507812 0.442969 0.504883 0.433984 0.493652 0.422266 0.484375 0.412891 0.475098 0.410156 0.475098
2 0.339062 0.502441 0.337109 0.504395 0.337109 0.506836 0.338281 0.508301 0.340234 0.513672 0.345313 0.520508 0.345703 0.522949 0.349609 0.53125 0.350391 0.534668 0.353125 0.541016 0.353516 0.543945 0.355469 0.54834 0.356641 0.553711 0.358203 0.556641 0.358984 0.563477 0.360156 0.564941 0.362109 0.564941 0.363281 0.563477 0.3625 0.551758 0.360156 0.541992 0.360156 0.537598 0.356641 0.529297 0.356641 0.527832 0.351953 0.51709 0.346094 0.508301 0.341016 0.502441
2 0.294531 0.524902 0.294531 0.529785 0.296094 0.531738 0.305078 0.534668 0.311328 0.538574 0.319922 0.541016 0.333984 0.541016 0.337891 0.539551 0.339062 0.538086 0.339062 0.53418 0.337891 0.532715 0.335156 0.53125 0.322656 0.530273 0.316797 0.52832 0.311719 0.527832 0.301953 0.523438 0.295703 0.523438
2 0.0917969 0.589355 0.0890625 0.589355 0.0820312 0.592285 0.0777344 0.597168 0.0746094 0.599121 0.0679687 0.605469 0.0597656 0.615723 0.0582031 0.618652 0.0582031 0.621094 0.0566406 0.625977 0.0566406 0.634277 0.0585938 0.638184 0.0605469 0.638184 0.0621094 0.63623 0.0625 0.630859 0.0699219 0.621094 0.071875 0.615234 0.0792969 0.608398 0.0800781 0.608398 0.0902344 0.595215 0.0917969 0.594727 0.0929688 0.593262 0.0929688 0.59082
2 0.0828125 0.624512 0.0832031 0.629883 0.0867187 0.634277 0.0878906 0.637207 0.0898438 0.639648 0.0925781 0.640625 0.106641 0.641113 0.115234 0.638184 0.119141 0.634277 0.119922 0.634277 0.122656 0.629883 0.122656 0.625488 0.121484 0.624023 0.117578 0.624023 0.116016 0.625488 0.114844 0.625488 0.111719 0.627441 0.108984 0.627441 0.107031 0.628906 0.101953 0.630371 0.0933594 0.630859 0.0898438 0.62793 0.0886719 0.62793 0.0859375 0.623047 0.0839844 0.623047
2 0.664844 0.405762 0.663672 0.407227 0.663672 0.443848 0.665625 0.449707 0.666016 0.455078 0.666797 0.457031 0.66875 0.459473 0.670703 0.459473 0.671875 0.458008 0.671875 0.456055 0.673047 0.452637 0.672656 0.42627 0.671484 0.417969 0.669922 0.415039 0.66875 0.407715 0.666797 0.405762
2 0.672266 0.402344 0.670312 0.405762 0.670312 0.418945 0.671484 0.424805 0.676562 0.4375 0.678906 0.448242 0.679297 0.452637 0.682031 0.456055 0.684766 0.456055 0.685937 0.45459 0.685937 0.449707 0.684766 0.447266 0.684766 0.428711 0.679297 0.416504 0.675781 0.404297 0.674219 0.402344
1 0.658984 0.426758 0.657031 0.426758 0.655469 0.428711 0.65 0.438477 0.649219 0.442871 0.64375 0.452148 0.642578 0.458008 0.642578 0.478516 0.64375 0.47998 0.645703 0.47998 0.646875 0.478516 0.647656 0.473145 0.651953 0.466309 0.651953 0.464355 0.654687 0.457031 0.65625 0.450195 0.656641 0.444336 0.657813 0.44043 0.657813 0.436035 0.660156 0.431152 0.660156 0.428223
1 0.687109 0.392578 0.687109 0.395996 0.690234 0.400391 0.696094 0.404785 0.703125 0.407715 0.725391 0.408203 0.727344 0.405762 0.727344 0.401855 0.726172 0.400391 0.722266 0.399414 0.7125 0.399414 0.707812 0.396973 0.705469 0.396973 0.703125 0.395508 0.700391 0.395508 0.697266 0.393555 0.692969 0.392578 0.691016 0.391113 0.688281 0.391113
1 0.729297 0.395508 0.728516 0.387207 0.723437 0.381348 0.720313 0.379395 0.702734 0.379883 0.695703 0.383789 0.692578 0.384277 0.691406 0.385254 0.689063 0.385254 0.686719 0.387695 0.686719 0.390137 0.687891 0.391602 0.711328 0.391602 0.719922 0.393555 0.723437 0.396973 0.728125 0.396973
1 0.783984 0.394531 0.782031 0.391113 0.779297 0.391113 0.777734 0.39209 0.770312 0.39209 0.767969 0.392578 0.767188 0.393555 0.762109 0.394531 0.752734 0.402832 0.750781 0.403809 0.744531 0.404785 0.743359 0.40625 0.743359 0.410645 0.744531 0.412109 0.747266 0.412598 0.7625 0.412109 0.767578 0.40918 0.769531 0.407227 0.770703 0.407227 0.773438 0.404785 0.775391 0.404297 0.782813 0.398926 0.783984 0.397461
1 0.735547 0.435059 0.73125 0.433594 0.726172 0.433594 0.720703 0.436035 0.716016 0.441406 0.714844 0.443848 0.714453 0.447266 0.713672 0.448242 0.712891 0.453613 0.712109 0.455078 0.711328 0.465332 0.7125 0.466797 0.714453 0.466797 0.716406 0.464355 0.717578 0.459473 0.721875 0.453613 0.726562 0.444824 0.729297 0.441406 0.731641 0.439941 0.735547 0.44043 0.736719 0.438965 0.736719 0.436523
1 0.35625 0.503418 0.355078 0.504883 0.355078 0.507812 0.358203 0.521484 0.358594 0.539062 0.366016 0.554199 0.367969 0.55957 0.368359 0.562988 0.369531 0.564453 0.371484 0.564453 0.373047 0.5625 0.372656 0.552734 0.369141 0.539551 0.368359 0.53125 0.365625 0.520996 0.365625 0.519043 0.363281 0.512695 0.362891 0.509277 0.361328 0.505859 0.359766 0.503906
1 0.0207031 0.662109 0.0195312 0.663574 0.0195312 0.666504 0.0226562 0.670898 0.0257812 0.678711 0.0308594 0.6875 0.0386719 0.694824 0.0410156 0.697754 0.0429688 0.702148 0.0464844 0.706543 0.0484375 0.706543 0.0496094 0.705078 0.0496094 0.700684 0.0410156 0.682617 0.0347656 0.674805 0.0289063 0.670898 0.0226562 0.662109
1 0.226953 0.659668 0.225781 0.658203 0.221875 0.657715 0.214453 0.661133 0.209375 0.662109 0.204297 0.665039 0.202344 0.665039 0.192578 0.671875 0.191406 0.671875 0.187891 0.674316 0.184766 0.674805 0.18125 0.678711 0.18125 0.681152 0.182422 0.682617 0.183984 0.683105 0.199219 0.683594 0.201953 0.682617 0.203516 0.681152 0.208203 0.679688 0.213281 0.676758 0.221484 0.669434 0.226953 0.662598
1 0.167578 0.684082 0.167578 0.687988 0.169141 0.69043 0.179688 0.69873 0.184375 0.700684 0.1875 0.703613 0.195312 0.708008 0.207422 0.708008 0.212109 0.708984 0.218359 0.708984 0.219531 0.70752 0.219531 0.705078 0.218359 0.703613 0.215234 0.703125 0.213281 0.70166 0.208984 0.700195 0.205859 0.697266 0.203125 0.695801 0.201563 0.693848 0.194922 0.689941 0.187109 0.687988 0.174609 0.682129 0.169141 0.682129
1 0.240234 0.688965 0.237109 0.685547 0.235156 0.68457 0.200391 0.685059 0.198828 0.686523 0.196875 0.687012 0.195703 0.688477 0.195703 0.691406 0.196875 0.692871 0.203516 0.692383 0.212891 0.697266 0.218359 0.697754 0.228125 0.695801 0.238281 0.695312 0.240234 0.692383
1 0.233594 0.694824 0.230469 0.695312 0.226172 0.700195 0.225 0.700684 0.220703 0.706055 0.219531 0.708984 0.219531 0.710938 0.218359 0.712891 0.216797 0.718262 0.216406 0.735352 0.217578 0.736816 0.219922 0.736816 0.221094 0.735352 0.222266 0.731934 0.225 0.728516 0.228906 0.72168 0.233594 0.711426 0.233984 0.70752 0.234766 0.706055 0.234766 0.703125 0.235547 0.70166 0.235547 0.696777
1 0.253125 0.691895 0.250781 0.694824 0.250781 0.697754 0.250391 0.698242 0.250391 0.699707 0.249609 0.700684 0.249609 0.70166 0.249219 0.702148 0.249219 0.702637 0.248438 0.703613 0.248438 0.704102 0.248047 0.70459 0.248047 0.705078 0.247656 0.705566 0.247656 0.706055 0.246875 0.707031 0.246875 0.708008 0.246484 0.708496 0.246484 0.708984 0.246094 0.709473 0.246094 0.710449 0.245703 0.710938 0.245703 0.711426 0.245312 0.711914 0.245312 0.714844 0.244922 0.715332 0.244922 0.716309 0.244141 0.717285 0.244141 0.717773 0.24375 0.718262 0.24375 0.719238 0.243359 0.719727 0.243359 0.720215 0.242969 0.720703 0.242969 0.731445 0.243359 0.731934 0.243359 0.735352 0.24375 0.73584 0.24375 0.736816 0.244141 0.737305 0.244141 0.739258 0.244922 0.740234 0.244922 0.740723 0.246094 0.742188 0.248047 0.742188 0.249219 0.740723 0.249219 0.739746 0.25 0.73877 0.25 0.737793 0.250391 0.737305 0.250391 0.73584 0.250781 0.735352 0.250781 0.734375 0.251563 0.733398 0.251563 0.73291 0.251953 0.732422 0.251953 0.730469 0.252344 0.72998 0.252344 0.729492 0.252734 0.729004 0.252734 0.728027 0.253125 0.727539 0.253125 0.726562 0.253516 0.726074 0.253516 0.725098 0.253906 0.724609 0.253906 0.724121 0.254297 0.723633 0.254297 0.722168 0.254688 0.72168 0.254688 0.720215 0.255078 0.719727 0.255078 0.71875 0.255469 0.718262 0.255469 0.714844 0.255859 0.714355 0.255859 0.712891 0.25625 0.712402 0.25625 0.709473 0.256641 0.708984 0.256641 0.706055 0.257031 0.705566 0.257031 0.70459 0.257422 0.704102 0.257422 0.699707 0.257812 0.699219 0.257812 0.697754 0.258203 0.697266 0.258203 0.693848 0.256641 0.691895
1 0.261719 0.693848 0.261328 0.694336 0.260156 0.694336 0.258984 0.695801 0.258984 0.699219 0.258594 0.699707 0.258594 0.700684 0.258203 0.701172 0.258203 0.703125 0.257812 0.703613 0.257812 0.704102 0.257422 0.70459 0.257422 0.70752 0.257031 0.708008 0.257031 0.712891 0.256641 0.713379 0.256641 0.714355 0.25625 0.714844 0.25625 0.717285 0.255859 0.717773 0.255859 0.722168 0.255469 0.722656 0.255469 0.724609 0.255078 0.725098 0.255078 0.731445 0.254688 0.731934 0.254688 0.734863 0.254297 0.735352 0.254297 0.743652 0.253906 0.744141 0.253906 0.747559 0.255469 0.749512 0.257422 0.749512 0.258594 0.748047 0.258594 0.746582 0.258984 0.746094 0.258984 0.745605 0.259375 0.745117 0.259375 0.743164 0.259766 0.742676 0.259766 0.741211 0.260156 0.740723 0.260156 0.740234 0.260937 0.739258 0.260937 0.73877 0.261328 0.738281 0.261328 0.737793 0.262109 0.736816 0.262109 0.736328 0.262891 0.735352 0.262891 0.734863 0.263281 0.734375 0.263281 0.733887 0.263672 0.733398 0.263672 0.73291 0.264062 0.732422 0.264062 0.731934 0.265234 0.730469 0.265234 0.72998 0.265625 0.729492 0.265625 0.728516 0.266406 0.727539 0.266406 0.726562 0.266797 0.726074 0.266797 0.710449 0.266406 0.709961 0.266406 0.708984 0.266016 0.708496 0.266016 0.707031 0.265625 0.706543 0.265625 0.696777 0.265234 0.696289 0.265234 0.695312 0.264062 0.693848
1 0.300781 0.711914 0.300391 0.712402 0.3 0.712402 0.298047 0.714844 0.296094 0.714844 0.295703 0.715332 0.295312 0.715332 0.294922 0.71582 0.294531 0.71582 0.294141 0.716309 0.29375 0.716309 0.293359 0.716797 0.292969 0.716797 0.292187 0.717773 0.291406 0.717773 0.291016 0.718262 0.290234 0.718262 0.289453 0.719238 0.289062 0.719238 0.288281 0.720215 0.287891 0.720215 0.286719 0.72168 0.286328 0.72168 0.285547 0.722656 0.285156 0.722656 0.280469 0.728516 0.280078 0.728516 0.279687 0.729004 0.279687 0.729492 0.278125 0.731445 0.278125 0.731934 0.277734 0.732422 0.277734 0.73291 0.276953 0.733887 0.276953 0.734863 0.276562 0.735352 0.276562 0.73584 0.276172 0.736328 0.276172 0.736816 0.275391 0.737793 0.275391 0.738281 0.274219 0.739746 0.273828 0.739746 0.271094 0.743164 0.271094 0.748535 0.272266 0.75 0.276562 0.75 0.277344 0.749023 0.277734 0.749023 0.278906 0.747559 0.279687 0.747559 0.285547 0.740234 0.285938 0.740234 0.287891 0.737793 0.288281 0.737793 0.289844 0.73584 0.290234 0.73584 0.292578 0.73291 0.292578 0.732422 0.292969 0.731934 0.292969 0.731445 0.293359 0.730957 0.293359 0.730469 0.29375 0.72998 0.29375 0.729004 0.294141 0.728516 0.294141 0.728027 0.295312 0.726562 0.295312 0.726074 0.296875 0.724121 0.296875 0.723633 0.297266 0.723145 0.297266 0.722656 0.301953 0.716797 0.302344 0.716797 0.303516 0.715332 0.303516 0.713379 0.302344 0.711914
1 0.305859 0.705078 0.304688 0.706543 0.304688 0.71582 0.305078 0.716309 0.305078 0.719238 0.305469 0.719727 0.305469 0.722168 0.305859 0.722656 0.305859 0.725586 0.306641 0.726562 0.306641 0.729004 0.307031 0.729492 0.307031 0.72998 0.307422 0.730469 0.307422 0.730957 0.307812 0.731445 0.307812 0.731934 0.308984 0.733398 0.308984 0.734375 0.309766 0.735352 0.309766 0.736328 0.310156 0.736816 0.310156 0.737305 0.310547 0.737793 0.310547 0.738281 0.311719 0.739746 0.312109 0.739746 0.313281 0.741211 0.313672 0.741211 0.314453 0.742188 0.315234 0.742188 0.315625 0.742676 0.31875 0.742676 0.319141 0.742188 0.319922 0.742188 0.320312 0.741699 0.320703 0.741699 0.322656 0.739258 0.322656 0.733398 0.321875 0.732422 0.321875 0.731445 0.321484 0.730957 0.321484 0.730469 0.321094 0.72998 0.321094 0.728027 0.320703 0.727539 0.320703 0.726074 0.320312 0.725586 0.320312 0.723633 0.319922 0.723145 0.319922 0.721191 0.319531 0.720703 0.319531 0.720215 0.319141 0.719727 0.319141 0.71875 0.31875 0.718262 0.31875 0.717285 0.318359 0.716797 0.318359 0.716309 0.317578 0.715332 0.317578 0.714844 0.316406 0.713379 0.316406 0.712891 0.314453 0.710449 0.314063 0.710449 0.313281 0.709473 0.312891 0.709473 0.309375 0.705078
1 0.339062 0.609375 0.338672 0.609863 0.337109 0.609863 0.336719 0.610352 0.335547 0.610352 0.335156 0.61084 0.334766 0.61084 0.334375 0.611328 0.333984 0.611328 0.333594 0.611816 0.332422 0.611816 0.331641 0.612793 0.33125 0.612793 0.330469 0.61377 0.330078 0.61377 0.325391 0.619629 0.325391 0.620117 0.323828 0.62207 0.323437 0.62207 0.322266 0.623535 0.322266 0.624023 0.321484 0.625 0.321484 0.625488 0.320703 0.626465 0.320703 0.627441 0.319922 0.628418 0.319922 0.628906 0.318359 0.630859 0.318359 0.631348 0.317969 0.631836 0.317969 0.632812 0.317578 0.633301 0.317578 0.633789 0.317188 0.634277 0.317188 0.63916 0.316797 0.639648 0.316406 0.639648 0.316016 0.640137 0.314453 0.640137 0.313281 0.641602 0.313281 0.643555 0.314844 0.645508 0.315234 0.645508 0.315625 0.645996 0.319531 0.645996 0.319922 0.645508 0.320312 0.645508 0.320703 0.64502 0.321484 0.64502 0.322266 0.644043 0.323047 0.644043 0.325781 0.640625 0.325781 0.640137 0.326562 0.63916 0.326562 0.638184 0.327344 0.637207 0.327344 0.63623 0.327734 0.635742 0.327734 0.634277 0.328125 0.633789 0.328125 0.633301 0.329297 0.631836 0.329297 0.631348 0.330469 0.629883 0.330469 0.629395 0.332422 0.626953 0.332813 0.626953 0.333203 0.626465 0.333594 0.626465 0.334766 0.625 0.334766 0.624512 0.336328 0.622559 0.336328 0.62207 0.338281 0.619629 0.338281 0.619141 0.338672 0.618652 0.339062 0.618652 0.340625 0.616699 0.341016 0.616699 0.342187 0.615234 0.342187 0.614746 0.343359 0.613281 0.343359 0.61084 0.342187 0.609375
1 0.359766 0.637207 0.358594 0.638672 0.358594 0.639648 0.357812 0.640625 0.357812 0.641113 0.353125 0.646973 0.353125 0.647949 0.352734 0.648438 0.352734 0.649414 0.352344 0.649902 0.352344 0.650879 0.351562 0.651855 0.351562 0.652344 0.350391 0.653809 0.350391 0.654297 0.349219 0.655762 0.349219 0.65625 0.347656 0.658203 0.347656 0.658691 0.346875 0.659668 0.346875 0.661133 0.346484 0.661621 0.346484 0.662109 0.345703 0.663086 0.345703 0.663574 0.345313 0.664062 0.345313 0.664551 0.344922 0.665039 0.344922 0.665527 0.343359 0.66748 0.343359 0.667969 0.341406 0.67041 0.341016 0.67041 0.340625 0.670898 0.340234 0.670898 0.339453 0.671875 0.339062 0.671875 0.338281 0.672852 0.3375 0.672852 0.336328 0.674316 0.336328 0.67627 0.3375 0.677734 0.338281 0.677734 0.339453 0.679199 0.340234 0.679199 0.340625 0.679688 0.345313 0.679688 0.345703 0.679199 0.346094 0.679199 0.346875 0.678223 0.347266 0.678223 0.348828 0.67627 0.349609 0.67627 0.352344 0.672852 0.352344 0.672363 0.355859 0.667969 0.355859 0.66748 0.35625 0.666992 0.35625 0.666016 0.356641 0.665527 0.356641 0.664551 0.357812 0.663086 0.357812 0.662109 0.358203 0.661621 0.358203 0.661133 0.358594 0.660645 0.358594 0.659668 0.359375 0.658691 0.359375 0.656738 0.359766 0.65625 0.359766 0.653809 0.360156 0.65332 0.360156 0.652344 0.360547 0.651855 0.360547 0.651367 0.360938 0.650879 0.360938 0.649902 0.361719 0.648926 0.361719 0.647949 0.362109 0.647461 0.362109 0.646484 0.3625 0.645996 0.3625 0.64209 0.362891 0.641602 0.362891 0.638672 0.361719 0.637207
1 0.385156 0.639648 0.384766 0.640137 0.383984 0.640137 0.383594 0.640625 0.383203 0.640625 0.382031 0.64209 0.382031 0.642578 0.377734 0.647949 0.377734 0.648926 0.375391 0.651855 0.375391 0.652344 0.373828 0.654297 0.373828 0.654785 0.372266 0.656738 0.372266 0.657227 0.371484 0.658203 0.371484 0.658691 0.370703 0.659668 0.370703 0.660156 0.369531 0.661621 0.369531 0.662109 0.369141 0.662598 0.369141 0.663086 0.36875 0.663574 0.36875 0.665039 0.368359 0.665527 0.368359 0.667969 0.367969 0.668457 0.367969 0.674805 0.368359 0.675293 0.368359 0.678223 0.36875 0.678711 0.36875 0.679199 0.369141 0.679688 0.369141 0.680176 0.369531 0.680664 0.369531 0.681152 0.370312 0.682129 0.370312 0.683105 0.371484 0.68457 0.371875 0.68457 0.372266 0.685059 0.373828 0.685059 0.373828 0.68457 0.373437 0.684082 0.373437 0.683594 0.372266 0.682129 0.372266 0.681641 0.371875 0.681152 0.371875 0.676758 0.372656 0.675781 0.372656 0.675293 0.373047 0.674805 0.373047 0.674316 0.373828 0.67334 0.373828 0.672852 0.375391 0.670898 0.375781 0.670898 0.383984 0.660645 0.383984 0.660156 0.387109 0.65625 0.387109 0.655762 0.388281 0.654297 0.388281 0.653809 0.388672 0.65332 0.388672 0.652832 0.389062 0.652344 0.389062 0.651855 0.389453 0.651367 0.389453 0.650391 0.389844 0.649902 0.389844 0.64502 0.389453 0.644531 0.389453 0.643555 0.389062 0.643066 0.389062 0.64209 0.387109 0.639648
1 0.391016 0.649902 0.389844 0.651367 0.389844 0.655273 0.390234 0.655762 0.390234 0.656738 0.390625 0.657227 0.390625 0.658203 0.392188 0.660156 0.392188 0.660645 0.394141 0.663086 0.394141 0.663574 0.396094 0.666016 0.396094 0.666504 0.397266 0.667969 0.397266 0.668457 0.398438 0.669922 0.398438 0.67041 0.4 0.672363 0.4 0.672852 0.401562 0.674805 0.401562 0.675293 0.405078 0.679688 0.405078 0.680176 0.407031 0.682617 0.407422 0.682617 0.407813 0.683105 0.408203 0.683105 0.408594 0.683594 0.408984 0.683594 0.409375 0.684082 0.411328 0.684082 0.411719 0.68457 0.412109 0.68457 0.412891 0.685547 0.415234 0.685547 0.417578 0.682617 0.417578 0.678711 0.417187 0.678223 0.417187 0.677734 0.416797 0.677246 0.416797 0.676758 0.416406 0.67627 0.416406 0.675781 0.416016 0.675293 0.416016 0.674805 0.415234 0.673828 0.415234 0.67334 0.410156 0.666992 0.409766 0.666992 0.408203 0.665039 0.407813 0.665039 0.407031 0.664062 0.406641 0.664062 0.399609 0.655273 0.399219 0.655273 0.397656 0.65332 0.397266 0.65332 0.396484 0.652344 0.396094 0.652344 0.394922 0.650879 0.394141 0.650879 0.39375 0.650391 0.392969 0.650391 0.392578 0.649902
1 0.376172 0.577148 0.374609 0.579102 0.374609 0.580566 0.374219 0.581055 0.374219 0.582031 0.373828 0.58252 0.373828 0.583496 0.373437 0.583984 0.373437 0.584473 0.373047 0.584961 0.373047 0.585449 0.372656 0.585938 0.372656 0.586426 0.372266 0.586914 0.372266 0.587402 0.371875 0.587891 0.371875 0.588867 0.371484 0.589355 0.371484 0.589844 0.369922 0.591797 0.369922 0.592285 0.369141 0.593262 0.369141 0.594238 0.36875 0.594727 0.36875 0.595215 0.368359 0.595703 0.368359 0.59668 0.367969 0.597168 0.367969 0.600586 0.367578 0.601074 0.367578 0.614258 0.367188 0.614746 0.367188 0.619629 0.366797 0.620117 0.366797 0.624023 0.367969 0.625488 0.36875 0.625488 0.36875 0.625 0.369531 0.624023 0.369531 0.623535 0.370312 0.622559 0.370312 0.621582 0.371094 0.620605 0.371094 0.620117 0.371875 0.619141 0.371875 0.618164 0.372656 0.617188 0.372656 0.616699 0.373047 0.616211 0.373047 0.614746 0.374609 0.612793 0.374609 0.612305 0.375 0.611816 0.375 0.611328 0.375391 0.61084 0.375391 0.610352 0.376172 0.609375 0.376172 0.608398 0.376563 0.60791 0.376563 0.605957 0.376953 0.605469 0.376953 0.604492 0.377344 0.604004 0.377344 0.602539 0.377734 0.602051 0.377734 0.597656 0.378125 0.597168 0.378125 0.595703 0.378516 0.595215 0.378516 0.592285 0.378906 0.591797 0.378906 0.578613 0.377734 0.577148
1 0.395313 0.580078 0.394141 0.581543 0.394141 0.582031 0.39375 0.58252 0.39375 0.585938 0.395313 0.587891 0.395703 0.587891 0.396094 0.588379 0.397266 0.588379 0.397656 0.588867 0.401172 0.588867 0.402734 0.59082 0.403125 0.59082 0.404297 0.592285 0.404687 0.592285 0.405078 0.592773 0.405469 0.592773 0.407031 0.594727 0.407422 0.594727 0.407813 0.595215 0.408203 0.595215 0.408984 0.596191 0.409375 0.596191 0.409766 0.59668 0.410156 0.59668 0.410547 0.597168 0.410938 0.597168 0.411328 0.597656 0.411719 0.597656 0.412109 0.598145 0.4125 0.598145 0.413281 0.599121 0.413672 0.599121 0.414453 0.600098 0.415234 0.600098 0.415625 0.600586 0.416406 0.600586 0.416797 0.601074 0.419922 0.601074 0.420312 0.601562 0.421484 0.601562 0.421875 0.602051 0.428516 0.602051 0.428906 0.602539 0.429297 0.602539 0.429688 0.603027 0.430469 0.603027 0.43125 0.604004 0.431641 0.604004 0.432031 0.604492 0.432422 0.604492 0.432812 0.60498 0.433203 0.60498 0.434375 0.606445 0.434766 0.606445 0.435156 0.606934 0.4375 0.606934 0.438672 0.605469 0.438672 0.603516 0.4375 0.602051 0.437109 0.602051 0.436719 0.601562 0.435937 0.601562 0.434766 0.600098 0.434375 0.600098 0.433594 0.599121 0.433203 0.599121 0.432812 0.598633 0.432422 0.598633 0.432031 0.598145 0.431641 0.598145 0.43125 0.597656 0.430859 0.597656 0.430469 0.597168 0.430078 0.597168 0.429688 0.59668 0.428906 0.59668 0.428516 0.596191 0.428125 0.596191 0.426953 0.594727 0.426953 0.594238 0.425781 0.592773 0.425391 0.592773 0.425 0.592285 0.424609 0.592285 0.423047 0.590332 0.422656 0.590332 0.420703 0.587891 0.420312 0.587891 0.419531 0.586914 0.419141 0.586914 0.418359 0.585938 0.417578 0.585938 0.416797 0.584961 0.416406 0.584961 0.415625 0.583984 0.414844 0.583984 0.414062 0.583008 0.413281 0.583008 0.412891 0.58252 0.411719 0.58252 0.411328 0.582031 0.410938 0.582031 0.410547 0.581543 0.408984 0.581543 0.408594 0.581055 0.407422 0.581055 0.407031 0.580566 0.40625 0.580566 0.405859 0.580078
1 0.40625 0.619141 0.405469 0.620117 0.405078 0.620117 0.403516 0.62207 0.403516 0.624512 0.404687 0.625977 0.405859 0.625977 0.40625 0.626465 0.407031 0.626465 0.407422 0.626953 0.407813 0.626953 0.408203 0.627441 0.408984 0.627441 0.409766 0.628418 0.410156 0.628418 0.410547 0.628906 0.410938 0.628906 0.411328 0.629395 0.411719 0.629395 0.412109 0.629883 0.4125 0.629883 0.413281 0.630859 0.413672 0.630859 0.414062 0.631348 0.414453 0.631348 0.414844 0.631836 0.415234 0.631836 0.415625 0.632324 0.416016 0.632324 0.416797 0.633301 0.417187 0.633301 0.418359 0.634766 0.41875 0.634766 0.419141 0.635254 0.419531 0.635254 0.419922 0.635742 0.420703 0.635742 0.421094 0.63623 0.421484 0.63623 0.421875 0.636719 0.422266 0.636719 0.422656 0.637207 0.433203 0.637207 0.433594 0.636719 0.435547 0.636719 0.435937 0.63623 0.436719 0.63623 0.437109 0.635742 0.439453 0.635742 0.439844 0.635254 0.442969 0.635254 0.443359 0.634766 0.444141 0.634766 0.445703 0.632812 0.445703 0.630859 0.444141 0.628906 0.439844 0.628906 0.439453 0.628418 0.4375 0.628418 0.437109 0.62793 0.435937 0.62793 0.435547 0.627441 0.434766 0.627441 0.434375 0.626953 0.433203 0.626953 0.432812 0.626465 0.431641 0.626465 0.43125 0.625977 0.430859 0.625977 0.430469 0.625488 0.430078 0.625488 0.429688 0.625 0.429297 0.625 0.428906 0.624512 0.428125 0.624512 0.427734 0.624023 0.426953 0.624023 0.426563 0.623535 0.426172 0.623535 0.425781 0.623047 0.425 0.623047 0.424609 0.622559 0.423828 0.622559 0.423438 0.62207 0.422656 0.62207 0.422266 0.621582 0.419922 0.621582 0.419531 0.621094 0.419141 0.621094 0.41875 0.620605 0.417578 0.620605 0.417187 0.620117 0.416406 0.620117 0.416016 0.619629 0.414062 0.619629 0.413672 0.619141
1 0.500391 0.592285 0.499609 0.593262 0.498828 0.593262 0.497266 0.595215 0.496484 0.595215 0.496094 0.595703 0.495312 0.595703 0.494922 0.596191 0.494531 0.596191 0.494141 0.59668 0.492578 0.59668 0.492188 0.597168 0.491797 0.597168 0.491406 0.597656 0.490625 0.597656 0.489844 0.598633 0.489453 0.598633 0.489063 0.599121 0.488672 0.599121 0.488281 0.599609 0.487891 0.599609 0.4875 0.600098 0.486719 0.600098 0.486328 0.600586 0.485156 0.600586 0.484766 0.601074 0.484375 0.601074 0.483984 0.601562 0.483594 0.601562 0.483203 0.602051 0.482812 0.602051 0.482031 0.603027 0.480859 0.603027 0.480078 0.604004 0.479687 0.604004 0.479297 0.604492 0.478906 0.604492 0.478516 0.60498 0.477734 0.60498 0.477344 0.605469 0.476953 0.605469 0.476562 0.605957 0.476172 0.605957 0.475781 0.606445 0.475 0.606445 0.474219 0.607422 0.473438 0.607422 0.473047 0.60791 0.472266 0.60791 0.471484 0.608887 0.470313 0.608887 0.469922 0.609375 0.46875 0.609375 0.467969 0.610352 0.467578 0.610352 0.466797 0.611328 0.466406 0.611328 0.465234 0.612793 0.465234 0.61377 0.464844 0.614258 0.464844 0.617676 0.465234 0.618164 0.465234 0.618652 0.466797 0.620605 0.467187 0.620605 0.467578 0.621094 0.468359 0.621094 0.46875 0.621582 0.475 0.621582 0.475391 0.621094 0.478125 0.621094 0.478516 0.620605 0.479297 0.620605 0.479687 0.620117 0.48125 0.620117 0.481641 0.619629 0.482031 0.619629 0.482422 0.619141 0.483203 0.619141 0.483594 0.618652 0.483984 0.618652 0.484375 0.618164 0.485156 0.618164 0.485547 0.617676 0.485938 0.617676 0.486328 0.617188 0.487109 0.617188 0.489063 0.614746 0.489453 0.614746 0.490625 0.613281 0.491016 0.613281 0.492969 0.61084 0.492969 0.610352 0.494531 0.608398 0.494531 0.60791 0.494922 0.607422 0.494922 0.606934 0.495312 0.606445 0.495312 0.604492 0.496094 0.603516 0.496094 0.603027 0.496875 0.602051 0.496875 0.601562 0.499609 0.598145 0.500391 0.598145 0.501172 0.597168 0.501563 0.597168 0.501953 0.59668 0.502344 0.59668 0.502734 0.596191 0.503125 0.596191 0.503906 0.595215 0.504297 0.595215 0.504297 0.59375 0.503125 0.592285
1 0.457422 0.511719 0.45625 0.513184 0.45625 0.519043 0.455859 0.519531 0.455859 0.521484 0.45625 0.521973 0.45625 0.522949 0.456641 0.523438 0.456641 0.523926 0.458203 0.525879 0.458203 0.526367 0.459375 0.527832 0.459375 0.52832 0.459766 0.528809 0.459766 0.529785 0.460156 0.530273 0.460156 0.530762 0.460547 0.53125 0.460547 0.531738 0.461328 0.532715 0.461328 0.533691 0.461719 0.53418 0.461719 0.539062 0.462109 0.539551 0.462109 0.544434 0.461719 0.544922 0.461719 0.55957 0.461328 0.560059 0.461328 0.560547 0.458984 0.563477 0.458594 0.563477 0.458203 0.563965 0.457813 0.563965 0.457422 0.564453 0.457422 0.566895 0.459375 0.569336 0.461328 0.569336 0.4625 0.567871 0.462891 0.567871 0.467187 0.5625 0.467187 0.562012 0.468359 0.560547 0.468359 0.55957 0.46875 0.559082 0.46875 0.558594 0.469141 0.558105 0.469141 0.557617 0.469531 0.557129 0.469531 0.556152 0.469922 0.555664 0.469922 0.554688 0.470313 0.554199 0.470313 0.553711 0.470703 0.553223 0.470703 0.552246 0.471094 0.551758 0.471094 0.536133 0.470703 0.535645 0.470703 0.53418 0.470313 0.533691 0.470313 0.533203 0.469922 0.532715 0.469922 0.53125 0.469531 0.530762 0.469531 0.529785 0.468359 0.52832 0.468359 0.527344 0.467969 0.526855 0.467969 0.526367 0.467578 0.525879 0.467578 0.525391 0.467187 0.524902 0.467187 0.524414 0.466797 0.523926 0.466797 0.522949 0.466406 0.522461 0.466406 0.521973 0.464844 0.52002 0.464844 0.519043 0.464062 0.518066 0.464062 0.517578 0.463281 0.516602 0.463281 0.516113 0.4625 0.515137 0.4625 0.514648 0.461328 0.513184 0.460547 0.513184 0.460156 0.512695 0.459766 0.512695 0.458984 0.511719
1 0.463672 0.51709 0.4625 0.518555 0.4625 0.520996 0.462891 0.521484 0.462891 0.521973 0.464062 0.523438 0.464062 0.523926 0.464453 0.524414 0.464453 0.524902 0.465234 0.525879 0.465234 0.526367 0.465625 0.526855 0.465625 0.527832 0.466406 0.528809 0.466406 0.529297 0.467187 0.530273 0.467187 0.53125 0.467578 0.531738 0.467578 0.532227 0.467969 0.532715 0.467969 0.533203 0.468359 0.533691 0.468359 0.535156 0.46875 0.535645 0.46875 0.536133 0.469141 0.536621 0.469141 0.538086 0.469531 0.538574 0.469531 0.540527 0.469922 0.541016 0.469922 0.543945 0.470313 0.544434 0.470313 0.547852 0.470703 0.54834 0.470703 0.549805 0.471094 0.550293 0.471094 0.551758 0.471484 0.552246 0.471484 0.552734 0.471875 0.553223 0.471875 0.554688 0.472266 0.555176 0.472266 0.556152 0.472656 0.556641 0.472656 0.558105 0.473828 0.55957 0.473828 0.560059 0.475 0.561523 0.478906 0.561523 0.480078 0.560059 0.480078 0.553223 0.479687 0.552734 0.479687 0.551758 0.479297 0.55127 0.479297 0.550781 0.478906 0.550293 0.478906 0.549316 0.478516 0.548828 0.478516 0.547852 0.478125 0.547363 0.478125 0.546875 0.477734 0.546387 0.477734 0.538574 0.477344 0.538086 0.477344 0.535645 0.476953 0.535156 0.476953 0.53418 0.476562 0.533691 0.476562 0.532715 0.476172 0.532227 0.476172 0.530762 0.475781 0.530273 0.475781 0.529785 0.475391 0.529297 0.475391 0.528809 0.475 0.52832 0.475 0.527344 0.471094 0.522461 0.471094 0.521973 0.469922 0.520508 0.469531 0.520508 0.46875 0.519531 0.468359 0.519531 0.467187 0.518066 0.466016 0.518066 0.465234 0.51709
1 0.49375 0.523926 0.492578 0.525391 0.492578 0.529297 0.492969 0.529785 0.492969 0.531738 0.493359 0.532227 0.493359 0.53418 0.49375 0.534668 0.49375 0.54834 0.493359 0.548828 0.493359 0.550293 0.492969 0.550781 0.492969 0.55127 0.492578 0.551758 0.492578 0.552734 0.492188 0.553223 0.492188 0.555176 0.491797 0.555664 0.491797 0.558105 0.491406 0.558594 0.491406 0.55957 0.491016 0.560059 0.491016 0.560547 0.490625 0.561035 0.490625 0.561523 0.490234 0.562012 0.490234 0.5625 0.489844 0.562988 0.489844 0.563477 0.489453 0.563965 0.489453 0.564941 0.489063 0.56543 0.489063 0.569336 0.488672 0.569824 0.488672 0.572266 0.488281 0.572754 0.488281 0.581543 0.489453 0.583008 0.491016 0.583008 0.492188 0.581543 0.492188 0.581055 0.492578 0.580566 0.492578 0.580078 0.492969 0.57959 0.492969 0.579102 0.493359 0.578613 0.493359 0.578125 0.49375 0.577637 0.49375 0.576172 0.494141 0.575684 0.494141 0.574707 0.494531 0.574219 0.494531 0.57373 0.494922 0.573242 0.494922 0.572266 0.495312 0.571777 0.495312 0.571289 0.495703 0.570801 0.495703 0.570312 0.496484 0.569336 0.496484 0.568848 0.496875 0.568359 0.496875 0.567871 0.497266 0.567383 0.497266 0.566895 0.498047 0.565918 0.498047 0.564453 0.498437 0.563965 0.498437 0.555664 0.498828 0.555176 0.498828 0.540039 0.498437 0.539551 0.498437 0.526367 0.498047 0.525879 0.498047 0.525391 0.496875 0.523926
1 0.580469 0.485352 0.578906 0.487305 0.578906 0.48877 0.575781 0.492676 0.575781 0.493164 0.575 0.494141 0.575 0.494629 0.574219 0.495605 0.574219 0.496094 0.571875 0.499023 0.571875 0.499512 0.570703 0.500977 0.570703 0.501465 0.569922 0.502441 0.569922 0.50293 0.569141 0.503906 0.569141 0.504395 0.568359 0.505371 0.568359 0.505859 0.567969 0.506348 0.567969 0.506836 0.567187 0.507812 0.567187 0.508301 0.566406 0.509277 0.566406 0.509766 0.566016 0.510254 0.566016 0.510742 0.565234 0.511719 0.565234 0.512207 0.563672 0.51416 0.563672 0.514648 0.563281 0.515137 0.563281 0.515625 0.562109 0.51709 0.562109 0.518066 0.561328 0.519043 0.561328 0.519531 0.560547 0.520508 0.560547 0.521484 0.560156 0.521973 0.560156 0.523438 0.559375 0.524414 0.559375 0.524902 0.558984 0.525391 0.558984 0.525879 0.558594 0.526367 0.558594 0.526855 0.558203 0.527344 0.558203 0.53125 0.559375 0.532715 0.560937 0.532715 0.561328 0.532227 0.562109 0.532227 0.563281 0.530762 0.563672 0.530762 0.564844 0.529297 0.565234 0.529297 0.565625 0.528809 0.566406 0.528809 0.567578 0.527344 0.567969 0.527344 0.568359 0.526855 0.56875 0.526855 0.569141 0.526367 0.569531 0.526367 0.570312 0.525391 0.571094 0.525391 0.573828 0.521973 0.573828 0.521484 0.575 0.52002 0.575 0.519531 0.576172 0.518066 0.576172 0.517578 0.578906 0.51416 0.578906 0.513184 0.579297 0.512695 0.579297 0.511719 0.579688 0.51123 0.579688 0.510742 0.580469 0.509766 0.580469 0.508301 0.580859 0.507812 0.580859 0.506348 0.582031 0.504883 0.582031 0.503906 0.582422 0.503418 0.582422 0.50293 0.582812 0.502441 0.582812 0.497559 0.583203 0.49707 0.583203 0.496094 0.583594 0.495605 0.583594 0.494141 0.583984 0.493652 0.583984 0.488281 0.583203 0.487305 0.583203 0.486816 0.582031 0.485352
1 0.594922 0.487305 0.594531 0.487793 0.594141 0.487793 0.593359 0.48877 0.592969 0.48877 0.590625 0.491699 0.590625 0.49707 0.591406 0.498047 0.591406 0.498535 0.592187 0.499512 0.592187 0.5 0.592969 0.500977 0.592969 0.501465 0.593359 0.501953 0.593359 0.503418 0.59375 0.503906 0.59375 0.504395 0.594141 0.504883 0.594141 0.505859 0.594531 0.506348 0.594531 0.508301 0.594922 0.508789 0.594922 0.509766 0.595313 0.510254 0.595313 0.51123 0.595703 0.511719 0.595703 0.512207 0.596094 0.512695 0.596094 0.513184 0.596484 0.513672 0.596484 0.51416 0.596875 0.514648 0.596875 0.515137 0.597266 0.515625 0.597266 0.516113 0.6 0.519531 0.6 0.52002 0.600391 0.520508 0.600391 0.520996 0.601953 0.522949 0.601953 0.523438 0.602344 0.523926 0.602344 0.524414 0.603516 0.525879 0.603516 0.526367 0.605078 0.52832 0.605078 0.528809 0.605859 0.529785 0.605859 0.530762 0.60625 0.53125 0.60625 0.532227 0.607422 0.533691 0.608984 0.533691 0.610156 0.532227 0.610156 0.524414 0.609766 0.523926 0.609766 0.515137 0.609375 0.514648 0.609375 0.513184 0.608984 0.512695 0.608984 0.510742 0.608594 0.510254 0.608594 0.509277 0.608203 0.508789 0.608203 0.508301 0.607812 0.507812 0.607812 0.507324 0.607422 0.506836 0.607422 0.506348 0.606641 0.505371 0.606641 0.504883 0.60625 0.504395 0.60625 0.503906 0.605859 0.503418 0.605859 0.50293 0.605469 0.502441 0.605469 0.501953 0.605078 0.501465 0.605078 0.500977 0.604297 0.5 0.604297 0.49707 0.603906 0.496582 0.603906 0.493652 0.603125 0.492676 0.603125 0.492188 0.601953 0.490723 0.601953 0.490234 0.600781 0.48877 0.600391 0.48877 0.6 0.488281 0.599609 0.488281 0.599219 0.487793 0.598047 0.487793 0.597656 0.487305
1 0.562109 0.556641 0.561719 0.557129 0.560547 0.557129 0.560156 0.557617 0.559375 0.557617 0.558984 0.558105 0.558594 0.558105 0.558203 0.558594 0.557422 0.558594 0.556641 0.55957 0.55625 0.55957 0.555469 0.560547 0.554688 0.560547 0.553906 0.561523 0.552734 0.561523 0.552344 0.562012 0.551562 0.562012 0.551172 0.5625 0.550781 0.5625 0.550391 0.562988 0.55 0.562988 0.549609 0.563477 0.549219 0.563477 0.548828 0.563965 0.548438 0.563965 0.548047 0.564453 0.547656 0.564453 0.547266 0.564941 0.546875 0.564941 0.546484 0.56543 0.544922 0.56543 0.544141 0.566406 0.542578 0.566406 0.542188 0.566895 0.541406 0.566895 0.541016 0.567383 0.540625 0.567383 0.540234 0.567871 0.539453 0.567871 0.539062 0.568359 0.537109 0.568359 0.536719 0.568848 0.535937 0.568848 0.534375 0.570801 0.534375 0.575684 0.535547 0.577148 0.536328 0.577148 0.536719 0.577637 0.538281 0.577637 0.538672 0.578125 0.539844 0.578125 0.540234 0.578613 0.547656 0.578613 0.548047 0.578125 0.549609 0.578125 0.55 0.577637 0.550781 0.577637 0.551172 0.577148 0.552344 0.577148 0.552734 0.57666 0.553125 0.57666 0.553516 0.576172 0.554297 0.576172 0.554688 0.575684 0.555469 0.575684 0.555859 0.575195 0.55625 0.575195 0.556641 0.574707 0.557031 0.574707 0.557422 0.574219 0.557813 0.574219 0.558984 0.572754 0.559375 0.572754 0.560547 0.571289 0.560937 0.571289 0.561719 0.570312 0.562109 0.570312 0.563281 0.568848 0.563672 0.568848 0.565625 0.566406 0.566016 0.566406 0.567187 0.564941 0.569141 0.564941 0.569531 0.56543 0.569922 0.56543 0.571094 0.566895 0.573438 0.566895 0.574609 0.56543 0.574609 0.563477 0.570703 0.558594 0.570312 0.558594 0.569141 0.557129 0.56875 0.557129 0.568359 0.556641
1 0.523828 0.630859 0.523438 0.631348 0.522656 0.631348 0.521484 0.632812 0.521094 0.632812 0.519531 0.634766 0.519141 0.634766 0.51875 0.635254 0.518359 0.635254 0.517578 0.63623 0.516797 0.63623 0.516406 0.636719 0.516016 0.636719 0.515625 0.637207 0.514844 0.637207 0.514453 0.637695 0.513281 0.637695 0.512891 0.638184 0.512109 0.638184 0.511328 0.63916 0.510156 0.63916 0.509766 0.639648 0.508984 0.639648 0.508594 0.640137 0.507422 0.640137 0.507031 0.640625 0.50625 0.640625 0.505859 0.641113 0.504687 0.641113 0.504297 0.641602 0.502344 0.641602 0.501953 0.64209 0.498047 0.64209 0.497656 0.641602 0.497266 0.641602 0.496875 0.641113 0.495312 0.641113 0.494141 0.642578 0.494141 0.644531 0.496094 0.646973 0.496484 0.646973 0.497266 0.647949 0.497656 0.647949 0.498047 0.648438 0.498437 0.648438 0.499219 0.649414 0.5 0.649414 0.500391 0.649902 0.501172 0.649902 0.501563 0.650391 0.502344 0.650391 0.502734 0.650879 0.503125 0.650879 0.503516 0.651367 0.503906 0.651367 0.504297 0.651855 0.514844 0.651855 0.515234 0.651367 0.517578 0.651367 0.518359 0.650391 0.519141 0.650391 0.519922 0.649414 0.520312 0.649414 0.520703 0.648926 0.521094 0.648926 0.521484 0.648438 0.521875 0.648438 0.522266 0.647949 0.522656 0.647949 0.523047 0.647461 0.523438 0.647461 0.524219 0.646484 0.524609 0.646484 0.526563 0.644043 0.526563 0.643066 0.526953 0.642578 0.526953 0.633301 0.526563 0.632812 0.526563 0.632324 0.525391 0.630859
