1 0.487109 0.443359 0.486328 0.443359 0.485156 0.444824 0.485156 0.445312 0.484375 0.446289 0.484375 0.446777 0.483984 0.447266 0.483984 0.448242 0.483594 0.44873 0.483594 0.449219 0.483203 0.449707 0.483203 0.450195 0.482812 0.450684 0.482812 0.452148 0.482422 0.452637 0.482422 0.454102 0.482031 0.45459 0.482031 0.456055 0.481641 0.456543 0.481641 0.458008 0.48125 0.458496 0.48125 0.459961 0.480859 0.460449 0.480859 0.462402 0.480469 0.462891 0.480469 0.464844 0.480078 0.465332 0.480078 0.467285 0.479687 0.467773 0.479687 0.46875 0.479297 0.469238 0.479297 0.470215 0.478906 0.470703 0.478906 0.475586 0.479297 0.476074 0.479297 0.476562 0.480078 0.477539 0.480078 0.478027 0.480859 0.479004 0.48125 0.479004 0.481641 0.479492 0.483203 0.479492 0.484766 0.477539 0.485156 0.477539 0.4875 0.474609 0.4875 0.474121 0.488281 0.473145 0.488281 0.472656 0.489453 0.471191 0.489453 0.470703 0.489844 0.470215 0.489844 0.469727 0.490234 0.469238 0.490234 0.46875 0.490625 0.468262 0.490625 0.467773 0.491016 0.467285 0.491016 0.466309 0.491406 0.46582 0.491406 0.464355 0.491797 0.463867 0.491797 0.461914 0.492188 0.461426 0.492188 0.456543 0.492578 0.456055 0.492578 0.455566 0.492188 0.455078 0.492188 0.450684 0.491797 0.450195 0.491797 0.449219 0.491406 0.44873 0.491406 0.448242 0.491016 0.447754 0.491016 0.446777 0.490234 0.445801 0.490234 0.445312 0.489844 0.444824 0.489453 0.444824 0.489063 0.444336 0.488672 0.444336 0.488281 0.443848 0.4875 0.443848
1 0.387109 0.415527 0.385156 0.413086 0.384375 0.413086 0.383984 0.412598 0.383203 0.412598 0.382812 0.412109 0.382422 0.412109 0.382031 0.411621 0.378125 0.411621 0.377734 0.412109 0.376953 0.412109 0.376563 0.412598 0.376172 0.412598 0.376172 0.413086 0.373047 0.416992 0.373047 0.41748 0.372266 0.418457 0.371875 0.418457 0.371484 0.418945 0.371094 0.418945 0.370703 0.419434 0.370312 0.419434 0.369922 0.419922 0.369141 0.419922 0.368359 0.420898 0.367969 0.420898 0.366406 0.422852 0.366016 0.422852 0.366016 0.42334 0.363281 0.426758 0.363281 0.427246 0.3625 0.428223 0.3625 0.429199 0.362109 0.429688 0.362109 0.430176 0.361719 0.430664 0.361719 0.432129 0.363281 0.434082 0.363672 0.434082 0.364063 0.43457 0.366797 0.43457 0.367188 0.434082 0.36875 0.434082 0.369141 0.433594 0.369922 0.433594 0.370312 0.433105 0.371094 0.433105 0.371484 0.432617 0.372266 0.432617 0.372656 0.432129 0.373047 0.432129 0.373437 0.431641 0.373828 0.431641 0.375 0.430176 0.375391 0.430176 0.375781 0.429688 0.376172 0.429688 0.376953 0.428711 0.377344 0.428711 0.377734 0.428223 0.378125 0.428223 0.378906 0.427246 0.379297 0.427246 0.380078 0.42627 0.380469 0.42627 0.38125 0.425293 0.381641 0.425293 0.382812 0.423828 0.383203 0.423828 0.384375 0.422363 0.384766 0.422363 0.385547 0.421387 0.385937 0.421387 0.386719 0.42041 0.386719 0.419922 0.387109 0.419434 0.387109 0.41748 0.3875 0.416992 0.3875 0.416504 0.387109 0.416016
1 0.379688 0.404297 0.378906 0.40332 0.378516 0.40332 0.378125 0.402832 0.377344 0.402832 0.376953 0.402344 0.375781 0.402344 0.375391 0.401855 0.373828 0.401855 0.373437 0.401367 0.364844 0.401367 0.364453 0.401855 0.360938 0.401855 0.360547 0.402344 0.359375 0.402344 0.358984 0.402832 0.357422 0.402832 0.357031 0.40332 0.35625 0.40332 0.355859 0.403809 0.355078 0.403809 0.354687 0.404297 0.354297 0.404297 0.353906 0.404785 0.353516 0.404785 0.353125 0.405273 0.352734 0.405273 0.351953 0.40625 0.351562 0.40625 0.350391 0.407715 0.35 0.407715 0.349219 0.408691 0.349219 0.40918 0.348828 0.409668 0.348828 0.410156 0.348438 0.410645 0.348438 0.411133 0.348047 0.411621 0.348047 0.413086 0.348438 0.413574 0.348438 0.414062 0.348828 0.414551 0.348828 0.415039 0.349609 0.416016 0.350781 0.416016 0.351172 0.416504 0.353516 0.416504 0.353906 0.416992 0.35625 0.416992 0.356641 0.41748 0.360547 0.41748 0.360938 0.417969 0.361328 0.417969 0.361719 0.41748 0.365234 0.41748 0.365625 0.416992 0.366406 0.416992 0.366797 0.416504 0.367188 0.416504 0.367578 0.416016 0.368359 0.416016 0.36875 0.415527 0.369141 0.415527 0.369531 0.415039 0.370312 0.415039 0.370703 0.414551 0.371094 0.414551 0.371484 0.414062 0.372266 0.414062 0.372656 0.413574 0.373047 0.413574 0.373437 0.413086 0.373828 0.413086 0.374609 0.412109 0.374609 0.411621 0.379688 0.405273
1 0.466016 0.372559 0.466016 0.375488 0.466406 0.375977 0.466406 0.376953 0.466797 0.377441 0.467187 0.377441 0.467578 0.37793 0.467969 0.37793 0.468359 0.378418 0.469141 0.378418 0.469531 0.378906 0.469922 0.378906 0.470313 0.379395 0.470703 0.379395 0.471094 0.379883 0.471875 0.379883 0.472266 0.380371 0.473438 0.380371 0.473828 0.380859 0.474609 0.380859 0.475 0.381348 0.476172 0.381348 0.476562 0.381836 0.478516 0.381836 0.478906 0.382324 0.480859 0.382324 0.48125 0.382812 0.483203 0.382812 0.483594 0.382324 0.484766 0.382324 0.485156 0.381836 0.485938 0.381836 0.487109 0.380371 0.487109 0.378906 0.4875 0.378418 0.4875 0.376465 0.485938 0.374512 0.485938 0.374023 0.484766 0.372559 0.484375 0.372559 0.483203 0.371094 0.482812 0.371094 0.482422 0.370605 0.482031 0.370605 0.481641 0.370117 0.480859 0.370117 0.480469 0.369629 0.479297 0.369629 0.478906 0.369141 0.475 0.369141 0.474609 0.368652 0.472656 0.368652 0.472266 0.369141 0.469141 0.369141 0.46875 0.369629 0.467969 0.369629 0.466797 0.371094 0.466797 0.371582
1 0.466406 0.352539 0.4625 0.352539 0.462109 0.353027 0.461719 0.353027 0.460156 0.35498 0.459766 0.35498 0.458984 0.355957 0.458594 0.355957 0.45625 0.358887 0.455859 0.358887 0.454297 0.36084 0.454297 0.361328 0.453906 0.361816 0.453906 0.362305 0.453516 0.362793 0.453516 0.36377 0.453125 0.364258 0.453125 0.364746 0.452734 0.365234 0.452734 0.365723 0.452344 0.366211 0.452344 0.366699 0.451953 0.367188 0.451953 0.367676 0.451562 0.368164 0.451562 0.370605 0.451953 0.371094 0.451953 0.37207 0.453516 0.374023 0.454297 0.374023 0.454688 0.374512 0.458984 0.374512 0.459375 0.374023 0.460156 0.374023 0.464844 0.368164 0.465234 0.368164 0.466406 0.366699 0.466406 0.366211 0.466797 0.365723 0.466797 0.364746 0.467187 0.364258 0.467187 0.362793 0.467578 0.362305 0.467578 0.360352 0.467969 0.359863 0.467969 0.355957 0.467578 0.355469 0.467578 0.354492 0.467187 0.354004 0.467187 0.353516
1 0.341797 0.331543 0.339453 0.331543 0.339062 0.332031 0.338281 0.332031 0.337891 0.33252 0.337891 0.333008 0.3375 0.333496 0.3375 0.334961 0.337109 0.335449 0.337109 0.341797 0.3375 0.342285 0.3375 0.348145 0.337891 0.348633 0.337891 0.36084 0.3375 0.361328 0.3375 0.366699 0.337109 0.367188 0.337109 0.372559 0.336719 0.373047 0.336719 0.374512 0.336328 0.375 0.336328 0.375977 0.335938 0.376465 0.335938 0.378418 0.335547 0.378906 0.335547 0.380859 0.335156 0.381348 0.335156 0.381836 0.334766 0.382324 0.334766 0.382812 0.334375 0.383301 0.334375 0.383789 0.333984 0.384277 0.333984 0.385254 0.333594 0.385742 0.333594 0.386719 0.333203 0.387207 0.333203 0.388184 0.332813 0.388672 0.332813 0.38916 0.332422 0.389648 0.332422 0.390137 0.331641 0.391113 0.331641 0.391602 0.330859 0.392578 0.330859 0.396484 0.33125 0.396973 0.331641 0.396973 0.332031 0.397461 0.334375 0.397461 0.335938 0.395508 0.335938 0.39502 0.342187 0.387207 0.342187 0.386719 0.342578 0.38623 0.342578 0.385742 0.342969 0.385254 0.342969 0.384766 0.343359 0.384277 0.343359 0.383789 0.34375 0.383301 0.34375 0.382812 0.344531 0.381836 0.344531 0.381348 0.344922 0.380859 0.344922 0.380371 0.345313 0.379883 0.345313 0.379395 0.345703 0.378906 0.345703 0.378418 0.346094 0.37793 0.346094 0.377441 0.346484 0.376953 0.346484 0.376465 0.346875 0.375977 0.346875 0.375488 0.347266 0.375 0.347266 0.374512 0.347656 0.374023 0.347656 0.373535 0.348047 0.373047 0.348047 0.370605 0.348438 0.370117 0.348438 0.365723 0.348828 0.365234 0.348828 0.359863 0.348438 0.359375 0.348438 0.354004 0.348047 0.353516 0.348047 0.350586 0.347656 0.350098 0.347656 0.34668 0.347266 0.346191 0.347266 0.344727 0.346875 0.344238 0.346875 0.34375 0.346484 0.343262 0.346484 0.342773 0.346094 0.342285 0.346094 0.341309 0.345703 0.34082 0.345703 0.339844 0.345313 0.339355 0.345313 0.338867 0.344922 0.338379 0.344922 0.337402 0.344531 0.336914 0.344531 0.336426 0.344141 0.335938 0.344141 0.335449 0.34375 0.334961 0.34375 0.334473 0.343359 0.333984 0.343359 0.333496 0.342578 0.33252 0.342578 0.332031 0.342187 0.332031
1 0.368359 0.357422 0.368359 0.359375 0.36875 0.359863 0.36875 0.361328 0.369531 0.362305 0.370312 0.362305 0.370703 0.362793 0.371094 0.362793 0.371484 0.363281 0.372266 0.363281 0.372656 0.36377 0.374609 0.36377 0.375 0.364258 0.378906 0.364258 0.379297 0.364746 0.392188 0.364746 0.392578 0.364258 0.39375 0.364258 0.394141 0.36377 0.394531 0.36377 0.396094 0.361816 0.396094 0.36084 0.395703 0.360352 0.395703 0.359375 0.395313 0.358887 0.395313 0.358398 0.394922 0.35791 0.394922 0.357422 0.39375 0.355957 0.393359 0.355957 0.392578 0.35498 0.392188 0.35498 0.391406 0.354004 0.391016 0.354004 0.390234 0.353027 0.389844 0.353027 0.389453 0.352539 0.388672 0.352539 0.388281 0.352051 0.386328 0.352051 0.385937 0.351562 0.38125 0.351562 0.380859 0.352051 0.376953 0.352051 0.376563 0.352539 0.375781 0.352539 0.375391 0.353027 0.374609 0.353027 0.374219 0.353516 0.373437 0.353516 0.373047 0.354004 0.372656 0.354004 0.372266 0.354492 0.371875 0.354492 0.371484 0.35498 0.371094 0.35498 0.370703 0.355469 0.370312 0.355469 0.369922 0.355957 0.369531 0.355957
1 0.333594 0.431152 0.333594 0.432617 0.334375 0.433594 0.334375 0.434082 0.334766 0.43457 0.334766 0.435059 0.335547 0.436035 0.335938 0.436035 0.336719 0.437012 0.337109 0.437012 0.3375 0.4375 0.337891 0.4375 0.338281 0.437988 0.339062 0.437988 0.339844 0.438965 0.340234 0.438965 0.340625 0.439453 0.341016 0.439453 0.341406 0.439941 0.342187 0.439941 0.342578 0.44043 0.34375 0.44043 0.344141 0.440918 0.344531 0.440918 0.344922 0.441406 0.345313 0.441406 0.345703 0.441895 0.346094 0.441895 0.346484 0.442383 0.346875 0.442383 0.347266 0.442871 0.347656 0.442871 0.348047 0.443359 0.348438 0.443359 0.348828 0.443848 0.349219 0.443848 0.349609 0.444336 0.35 0.444336 0.350391 0.444824 0.351172 0.444824 0.351562 0.445312 0.351953 0.445312 0.352344 0.445801 0.352734 0.445801 0.353125 0.446289 0.353906 0.446289 0.354297 0.446777 0.354687 0.446777 0.355078 0.447266 0.355859 0.447266 0.35625 0.447754 0.357031 0.447754 0.357422 0.448242 0.358594 0.448242 0.358984 0.44873 0.359766 0.44873 0.360156 0.449219 0.360938 0.449219 0.361328 0.449707 0.362109 0.449707 0.3625 0.450195 0.363281 0.450195 0.363672 0.450684 0.364063 0.450684 0.364453 0.451172 0.365625 0.451172 0.366016 0.45166 0.367188 0.45166 0.367578 0.452148 0.368359 0.452148 0.36875 0.452637 0.369922 0.452637 0.370312 0.452148 0.370703 0.452148 0.371094 0.45166 0.371094 0.451172 0.371484 0.450684 0.371484 0.449219 0.371094 0.44873 0.371094 0.446777 0.366797 0.441406 0.366406 0.441406 0.365234 0.439941 0.364844 0.439941 0.364063 0.438965 0.363672 0.438965 0.362891 0.437988 0.3625 0.437988 0.362109 0.4375 0.361719 0.4375 0.361328 0.437012 0.360938 0.437012 0.360547 0.436523 0.360156 0.436523 0.358984 0.435059 0.358594 0.435059 0.358203 0.43457 0.357812 0.43457 0.357422 0.434082 0.357031 0.434082 0.356641 0.433594 0.355859 0.433594 0.355469 0.433105 0.354687 0.433105 0.354297 0.432617 0.353125 0.432617 0.352734 0.432129 0.351172 0.432129 0.350781 0.431641 0.349219 0.431641 0.348828 0.431152 0.347656 0.431152 0.347266 0.430664 0.345313 0.430664 0.344922 0.430176 0.342969 0.430176 0.342578 0.429688 0.341016 0.429688 0.340625 0.429199 0.336328 0.429199 0.335938 0.429688 0.334766 0.429688
1 0.225 0.3125 0.225 0.313477 0.224609 0.313965 0.224609 0.314941 0.225 0.31543 0.225 0.317383 0.225391 0.317871 0.225391 0.318848 0.225781 0.319336 0.225781 0.320312 0.226172 0.320801 0.226172 0.321289 0.226562 0.321777 0.226562 0.323242 0.226953 0.32373 0.226953 0.326172 0.227344 0.32666 0.227344 0.328125 0.227734 0.328613 0.227734 0.330078 0.228125 0.330566 0.228125 0.331543 0.228516 0.332031 0.228516 0.333496 0.228906 0.333984 0.228906 0.334473 0.230469 0.336426 0.230469 0.336914 0.230859 0.337402 0.230859 0.337891 0.233594 0.341309 0.233984 0.341309 0.235547 0.343262 0.235937 0.343262 0.236328 0.34375 0.236719 0.34375 0.237109 0.344238 0.2375 0.344238 0.239063 0.346191 0.239453 0.346191 0.239844 0.34668 0.241016 0.34668 0.242188 0.345215 0.242188 0.344238 0.242578 0.34375 0.242578 0.338379 0.242188 0.337891 0.242188 0.335938 0.241797 0.335449 0.241797 0.333984 0.241406 0.333496 0.241406 0.332031 0.241016 0.331543 0.241016 0.330078 0.240625 0.32959 0.240625 0.329102 0.240234 0.328613 0.240234 0.328125 0.239844 0.327637 0.239844 0.327148 0.239453 0.32666 0.239453 0.326172 0.239063 0.325684 0.239063 0.325195 0.238672 0.324707 0.238672 0.324219 0.238281 0.32373 0.238281 0.323242 0.237891 0.322754 0.237891 0.322266 0.236328 0.320312 0.236328 0.319824 0.233203 0.315918 0.233203 0.31543 0.232813 0.314941 0.232422 0.314941 0.231641 0.313965 0.23125 0.313965 0.230859 0.313477 0.230469 0.313477 0.229297 0.312012 0.228906 0.312012 0.228516 0.311523 0.226562 0.311523 0.226172 0.312012 0.225781 0.312012 0.225391 0.3125
1 0.424219 0.289062 0.423047 0.289062 0.422656 0.289551 0.422266 0.289551 0.421875 0.290039 0.421484 0.290039 0.421094 0.290527 0.420703 0.290527 0.419922 0.291504 0.419922 0.291992 0.419141 0.292969 0.419141 0.293457 0.41875 0.293945 0.41875 0.294434 0.418359 0.294922 0.418359 0.29541 0.417969 0.295898 0.417969 0.296875 0.417578 0.297363 0.417578 0.297852 0.417187 0.29834 0.417187 0.298828 0.416797 0.299316 0.416797 0.300293 0.416406 0.300781 0.416406 0.301758 0.416016 0.302246 0.416016 0.304688 0.415625 0.305176 0.415625 0.31543 0.416016 0.315918 0.416016 0.316895 0.416406 0.317383 0.416406 0.317871 0.416797 0.318359 0.416797 0.318848 0.417969 0.320312 0.418359 0.320312 0.419141 0.321289 0.420312 0.321289 0.421875 0.319336 0.421875 0.318848 0.423047 0.317383 0.423047 0.316895 0.423438 0.316406 0.423438 0.315918 0.423828 0.31543 0.423828 0.314941 0.424609 0.313965 0.424609 0.313477 0.425 0.312988 0.425 0.3125 0.425391 0.312012 0.425391 0.311035 0.425781 0.310547 0.425781 0.307129 0.426172 0.306641 0.426172 0.299805 0.426563 0.299316 0.426563 0.294922 0.426172 0.294434 0.426172 0.29248 0.425781 0.291992 0.425781 0.291016
1 0.453516 0.264648 0.453516 0.268066 0.453906 0.268555 0.453906 0.269043 0.455078 0.270508 0.455469 0.270508 0.455859 0.270996 0.45625 0.270996 0.456641 0.271484 0.457031 0.271484 0.457422 0.271973 0.458203 0.271973 0.458594 0.272461 0.466797 0.272461 0.467187 0.271973 0.467969 0.271973 0.46875 0.270996 0.469141 0.270996 0.469922 0.27002 0.470313 0.27002 0.471484 0.268555 0.471484 0.268066 0.471875 0.267578 0.471875 0.262695 0.471484 0.262207 0.471484 0.261719 0.470313 0.260254 0.469922 0.260254 0.469531 0.259766 0.469141 0.259766 0.46875 0.259277 0.468359 0.259277 0.467969 0.258789 0.467187 0.258789 0.466797 0.258301 0.460547 0.258301 0.460156 0.258789 0.458594 0.258789 0.458203 0.259277 0.457422 0.259277 0.457031 0.259766 0.456641 0.259766 0.455859 0.260742 0.455469 0.260742 0.454297 0.262207 0.454297 0.262695 0.453906 0.263184 0.453906 0.26416
1 0.501563 0.240723 0.500781 0.240723 0.500391 0.240234 0.498047 0.240234 0.497656 0.240723 0.496875 0.240723 0.496484 0.241211 0.496094 0.241211 0.495703 0.241699 0.495312 0.241699 0.494922 0.242188 0.494531 0.242188 0.494141 0.242676 0.49375 0.242676 0.491797 0.245117 0.491797 0.245605 0.489453 0.248535 0.489453 0.249023 0.488672 0.25 0.488281 0.25 0.4875 0.250977 0.487109 0.250977 0.486719 0.251465 0.486328 0.251465 0.485156 0.25293 0.485156 0.253906 0.484766 0.254395 0.484766 0.254883 0.484375 0.255371 0.484375 0.255859 0.483594 0.256836 0.483594 0.257324 0.482422 0.258789 0.482422 0.259277 0.482031 0.259766 0.482031 0.260742 0.481641 0.26123 0.481641 0.262207 0.48125 0.262695 0.48125 0.26416 0.480859 0.264648 0.480859 0.269043 0.481641 0.27002 0.481641 0.270508 0.482031 0.270508 0.482422 0.270996 0.483203 0.270996 0.483594 0.270508 0.484375 0.270508 0.484766 0.27002 0.485547 0.27002 0.485938 0.269531 0.486719 0.269531 0.4875 0.268555 0.487891 0.268555 0.488281 0.268066 0.488672 0.268066 0.489063 0.267578 0.489453 0.267578 0.491797 0.264648 0.492188 0.264648 0.492969 0.263672 0.493359 0.263672 0.494141 0.262695 0.494531 0.262695 0.495703 0.26123 0.496094 0.26123 0.496875 0.260254 0.497266 0.260254 0.498437 0.258789 0.498437 0.258301 0.499219 0.257324 0.499219 0.256836 0.499609 0.256348 0.499609 0.255859 0.5 0.255371 0.5 0.254883 0.500391 0.254395 0.500391 0.253906 0.500781 0.253418 0.500781 0.25293 0.501172 0.252441 0.501172 0.251953 0.501563 0.251465 0.501563 0.250488 0.501953 0.25 0.501953 0.249512 0.502344 0.249023 0.502344 0.246582 0.502734 0.246094 0.502734 0.244141 0.502344 0.243652 0.502344 0.242188 0.501953 0.241699 0.501953 0.241211
1 0.570703 0.223633 0.56875 0.221191 0.567969 0.221191 0.567578 0.220703 0.566406 0.220703 0.566016 0.220215 0.564063 0.220215 0.563672 0.219727 0.555469 0.219727 0.555078 0.220215 0.553516 0.220215 0.553125 0.220703 0.551953 0.220703 0.551562 0.221191 0.550781 0.221191 0.550391 0.22168 0.55 0.22168 0.549609 0.222168 0.549219 0.222168 0.547656 0.224121 0.547656 0.224609 0.546875 0.225586 0.546875 0.226074 0.545312 0.228027 0.545312 0.228516 0.544922 0.229004 0.544922 0.229492 0.544141 0.230469 0.544141 0.230957 0.54375 0.231445 0.54375 0.231934 0.543359 0.232422 0.543359 0.23291 0.542578 0.233887 0.542578 0.234375 0.541016 0.236328 0.541016 0.237305 0.540625 0.237793 0.540625 0.238281 0.540234 0.23877 0.540234 0.240234 0.539844 0.240723 0.539844 0.241699 0.539453 0.242188 0.539453 0.243164 0.539062 0.243652 0.539062 0.245117 0.539453 0.245605 0.539453 0.246094 0.539844 0.246582 0.539844 0.24707 0.540625 0.248047 0.542188 0.248047 0.542578 0.247559 0.54375 0.247559 0.544141 0.24707 0.544531 0.24707 0.544922 0.246582 0.545312 0.246582 0.547266 0.244141 0.547266 0.243652 0.548438 0.242188 0.548828 0.242188 0.550391 0.240234 0.550781 0.240234 0.551953 0.23877 0.552344 0.23877 0.553125 0.237793 0.553516 0.237793 0.554297 0.236816 0.554688 0.236816 0.555469 0.23584 0.555859 0.23584 0.55625 0.235352 0.556641 0.235352 0.557031 0.234863 0.557813 0.234863 0.558203 0.234375 0.558984 0.234375 0.559375 0.233887 0.560156 0.233887 0.560547 0.233398 0.560937 0.233398 0.561328 0.23291 0.561719 0.23291 0.5625 0.231934 0.562891 0.231934 0.563672 0.230957 0.564063 0.230957 0.564453 0.230469 0.564844 0.230469 0.565234 0.22998 0.566016 0.22998 0.566406 0.229492 0.566797 0.229492 0.569922 0.225586 0.570312 0.225586 0.570312 0.225098 0.570703 0.224609
1 0.486328 0.0214844 0.485156 0.0229492 0.485156 0.0234375 0.484766 0.0239258 0.484766 0.0263672 0.485156 0.0268555 0.485156 0.027832 0.485547 0.0283203 0.485547 0.0292969 0.487109 0.03125 0.487109 0.0317383 0.487891 0.0327148 0.487891 0.0332031 0.488281 0.0336914 0.488281 0.0361328 0.488672 0.0366211 0.488672 0.0390625 0.489063 0.0395508 0.489063 0.0424805 0.489453 0.0429688 0.489453 0.0473633 0.489844 0.0478516 0.489844 0.0566406 0.490234 0.0571289 0.490234 0.0585938 0.490625 0.059082 0.490625 0.0595703 0.491016 0.0595703 0.491406 0.0600586 0.494141 0.0600586 0.494531 0.0595703 0.494922 0.0595703 0.495312 0.059082 0.495312 0.0585938 0.497266 0.0561523 0.497266 0.0556641 0.498828 0.0537109 0.498828 0.0532227 0.499609 0.0522461 0.499609 0.0512695 0.5 0.0507812 0.5 0.050293 0.500391 0.0498047 0.500391 0.0483398 0.500781 0.0478516 0.500781 0.0454102 0.501172 0.0449219 0.501172 0.0390625 0.500781 0.0385742 0.500781 0.0356445 0.500391 0.0351562 0.500391 0.0336914 0.5 0.0332031 0.5 0.0322266 0.499609 0.0317383 0.499609 0.03125 0.499219 0.0307617 0.499219 0.0297852 0.498828 0.0292969 0.498828 0.0288086 0.498437 0.0283203 0.498437 0.027832 0.496094 0.0249023 0.495703 0.0249023 0.494922 0.0239258 0.494531 0.0239258 0.494141 0.0234375 0.493359 0.0234375 0.492969 0.0229492 0.492578 0.0229492 0.492188 0.0224609 0.491797 0.0224609 0.491406 0.0219727 0.491016 0.0219727 0.490625 0.0214844
1 0.247656 0.0952148 0.246484 0.09375 0.245703 0.09375 0.245312 0.0932617 0.242969 0.0932617 0.242578 0.09375 0.241406 0.09375 0.241016 0.0942383 0.238672 0.0942383 0.238281 0.0947266 0.236328 0.0947266 0.235937 0.0952148 0.234766 0.0952148 0.234375 0.0957031 0.233594 0.0957031 0.233203 0.0961914 0.232422 0.0961914 0.232031 0.0966797 0.230859 0.0966797 0.230469 0.097168 0.229297 0.097168 0.228906 0.0976562 0.224219 0.0976562 0.223828 0.0981445 0.222656 0.0981445 0.222266 0.0986328 0.221094 0.0986328 0.220312 0.0996094 0.220312 0.103027 0.220703 0.103516 0.220703 0.104004 0.222266 0.105957 0.222656 0.105957 0.223828 0.107422 0.224219 0.107422 0.224609 0.10791 0.225391 0.10791 0.225781 0.108398 0.226172 0.108398 0.226562 0.108887 0.227344 0.108887 0.227734 0.109375 0.229297 0.109375 0.229687 0.109863 0.23125 0.109863 0.231641 0.110352 0.234375 0.110352 0.234766 0.109863 0.2375 0.109863 0.237891 0.109375 0.239453 0.109375 0.239844 0.108887 0.240625 0.108887 0.241016 0.108398 0.241406 0.108398 0.241797 0.10791 0.242188 0.10791 0.245703 0.103516 0.245703 0.103027 0.246094 0.102539 0.246094 0.102051 0.246484 0.101562 0.246484 0.101074 0.246875 0.100586 0.246875 0.0996094 0.247266 0.0991211 0.247266 0.0976562 0.247656 0.097168
1 0.222266 0.489258 0.221094 0.487793 0.220703 0.487793 0.220312 0.487305 0.214453 0.487305 0.214062 0.487793 0.212891 0.487793 0.2125 0.488281 0.211719 0.488281 0.211328 0.48877 0.210938 0.48877 0.210547 0.489258 0.210156 0.489258 0.209766 0.489746 0.208984 0.489746 0.208594 0.490234 0.208203 0.490234 0.207422 0.491211 0.207031 0.491211 0.206641 0.491699 0.205859 0.491699 0.205469 0.492188 0.205078 0.492188 0.204687 0.492676 0.204297 0.492676 0.201953 0.495605 0.201563 0.495605 0.200391 0.49707 0.2 0.49707 0.199219 0.498047 0.199219 0.498535 0.198828 0.499023 0.198828 0.5 0.198437 0.500488 0.198437 0.502441 0.198828 0.502441 0.199219 0.50293 0.199609 0.50293 0.2 0.503418 0.200391 0.503418 0.200781 0.503906 0.201563 0.503906 0.201953 0.504395 0.202734 0.504395 0.203125 0.504883 0.204297 0.504883 0.204687 0.505371 0.209766 0.505371 0.210156 0.504883 0.210938 0.504883 0.211328 0.504395 0.212109 0.504395 0.2125 0.503906 0.213281 0.503906 0.213672 0.503418 0.214062 0.503418 0.214453 0.50293 0.214844 0.50293 0.215234 0.502441 0.215625 0.502441 0.216406 0.501465 0.216797 0.501465 0.218359 0.499512 0.21875 0.499512 0.221875 0.495605 0.221875 0.495117 0.222266 0.494629 0.222266 0.493164 0.222656 0.492676 0.222656 0.490723 0.222266 0.490234
1 0.361328 0.516602 0.360938 0.516113 0.360938 0.515625 0.360156 0.514648 0.360156 0.51416 0.359766 0.513672 0.359766 0.513184 0.359375 0.512695 0.359375 0.512207 0.358594 0.51123 0.358594 0.510254 0.357422 0.508789 0.357031 0.508789 0.356641 0.508301 0.355469 0.508301 0.355078 0.507812 0.354297 0.507812 0.353906 0.507324 0.346875 0.507324 0.346484 0.507812 0.344531 0.507812 0.344141 0.508301 0.342969 0.508301 0.342578 0.508789 0.341016 0.508789 0.340625 0.509277 0.339453 0.509277 0.339062 0.509766 0.338281 0.509766 0.337891 0.510254 0.3375 0.510254 0.336719 0.51123 0.336328 0.51123 0.335547 0.512207 0.335156 0.512207 0.334766 0.512695 0.334375 0.512695 0.333594 0.513672 0.333203 0.513672 0.332422 0.514648 0.332031 0.514648 0.33125 0.515625 0.330859 0.515625 0.330078 0.516602 0.329297 0.516602 0.328906 0.51709 0.328125 0.51709 0.327734 0.517578 0.327344 0.517578 0.326953 0.518066 0.326562 0.518066 0.326562 0.519043 0.326172 0.519531 0.326172 0.52002 0.325781 0.520508 0.325781 0.520996 0.325391 0.521484 0.325391 0.522461 0.325 0.522949 0.325 0.525391 0.325781 0.526367 0.326953 0.526367 0.327344 0.525879 0.328125 0.525879 0.328516 0.525391 0.328906 0.525391 0.329297 0.524902 0.330469 0.524902 0.330859 0.525391 0.332031 0.525391 0.332422 0.525879 0.334766 0.525879 0.335156 0.525391 0.335547 0.525391 0.335938 0.524902 0.336328 0.524902 0.336719 0.524414 0.337109 0.524414 0.3375 0.523926 0.338672 0.523926 0.339062 0.523438 0.340625 0.523438 0.341016 0.522949 0.342187 0.522949 0.342578 0.522461 0.342969 0.522461 0.343359 0.521973 0.344141 0.521973 0.344531 0.521484 0.345313 0.521484 0.345703 0.520996 0.346484 0.520996 0.346875 0.520508 0.348047 0.520508 0.348438 0.52002 0.35 0.52002 0.350391 0.519531 0.355469 0.519531 0.355859 0.519043 0.358984 0.519043 0.359375 0.518555 0.360938 0.518555 0.361328 0.518066
1 0.332031 0.519043 0.331641 0.518555 0.329688 0.518555 0.329297 0.519043 0.328906 0.519043 0.326172 0.522461 0.325781 0.522461 0.323047 0.525879 0.322656 0.525879 0.321875 0.526855 0.321484 0.526855 0.319922 0.528809 0.319531 0.528809 0.31875 0.529785 0.318359 0.529785 0.317969 0.530273 0.317578 0.530273 0.317188 0.530762 0.316797 0.530762 0.316406 0.53125 0.315625 0.53125 0.315234 0.531738 0.314453 0.531738 0.314063 0.532227 0.313672 0.532227 0.312891 0.533203 0.3125 0.533203 0.311719 0.53418 0.311328 0.53418 0.310547 0.535156 0.310156 0.535156 0.309766 0.535645 0.309375 0.535645 0.308984 0.536133 0.308594 0.536133 0.308203 0.536621 0.307812 0.536621 0.307422 0.537109 0.307031 0.537109 0.306641 0.537598 0.30625 0.537598 0.305859 0.538086 0.305469 0.538086 0.305078 0.538574 0.304688 0.538574 0.304297 0.539062 0.303906 0.539062 0.303516 0.539551 0.303125 0.539551 0.302734 0.540039 0.301953 0.540039 0.301563 0.540527 0.300781 0.540527 0.300391 0.541016 0.299609 0.541016 0.299219 0.541504 0.298828 0.541504 0.298047 0.54248 0.297656 0.54248 0.296875 0.543457 0.296484 0.543457 0.296094 0.543945 0.295703 0.543945 0.295312 0.544434 0.294922 0.544434 0.294531 0.544922 0.294531 0.546387 0.294141 0.546875 0.294141 0.548828 0.294922 0.549805 0.296094 0.549805 0.296484 0.550293 0.298047 0.550293 0.298438 0.550781 0.304688 0.550781 0.305078 0.550293 0.307812 0.550293 0.308203 0.549805 0.310156 0.549805 0.310547 0.549316 0.311328 0.549316 0.311719 0.548828 0.312109 0.548828 0.312891 0.547852 0.313672 0.547852 0.314063 0.547363 0.314453 0.547363 0.314844 0.546875 0.315625 0.546875 0.316016 0.546387 0.316406 0.546387 0.316797 0.545898 0.317578 0.545898 0.317969 0.54541 0.318359 0.54541 0.31875 0.544922 0.319141 0.544922 0.320312 0.543457 0.320703 0.543457 0.321875 0.541992 0.322266 0.541992 0.324609 0.539062 0.325 0.539062 0.325781 0.538086 0.326172 0.538086 0.326562 0.537598 0.326562 0.537109 0.326953 0.536621 0.326953 0.536133 0.327344 0.535645 0.327344 0.534668 0.328125 0.533691 0.328125 0.533203 0.328516 0.532715 0.328516 0.532227 0.329688 0.530762 0.330078 0.530762 0.33125 0.529297 0.33125 0.528809 0.332031 0.527832 0.332031 0.527344 0.333594 0.525391 0.333594 0.523926 0.333203 0.523438 0.333203 0.522949 0.332813 0.522461 0.332813 0.521973 0.332422 0.521484 0.332422 0.520508 0.332031 0.52002
1 0.323828 0.57666 0.323437 0.576172 0.323437 0.575684 0.323047 0.575684 0.322656 0.575195 0.321484 0.575195 0.321094 0.574707 0.312891 0.574707 0.3125 0.575195 0.310937 0.575195 0.310547 0.575684 0.309375 0.575684 0.308984 0.576172 0.307812 0.576172 0.307422 0.57666 0.306641 0.57666 0.30625 0.577148 0.305469 0.577148 0.305078 0.577637 0.304688 0.577637 0.304297 0.578125 0.303906 0.578125 0.303516 0.578613 0.302734 0.578613 0.302344 0.579102 0.301953 0.579102 0.301563 0.57959 0.301172 0.57959 0.300391 0.580566 0.3 0.580566 0.3 0.581055 0.298828 0.58252 0.298828 0.583008 0.298438 0.583496 0.298438 0.585449 0.298047 0.585938 0.298047 0.587402 0.298438 0.587891 0.298438 0.588379 0.298828 0.588379 0.299219 0.588867 0.299609 0.588867 0.3 0.589355 0.300391 0.589355 0.300781 0.589844 0.301172 0.589844 0.301563 0.590332 0.301953 0.590332 0.302344 0.59082 0.310937 0.59082 0.311719 0.589844 0.312109 0.589844 0.3125 0.589355 0.312891 0.589355 0.313281 0.588867 0.313672 0.588867 0.314063 0.588379 0.314453 0.588379 0.314844 0.587891 0.315234 0.587891 0.315625 0.587402 0.316016 0.587402 0.316797 0.586426 0.317188 0.586426 0.317578 0.585938 0.317969 0.585938 0.31875 0.584961 0.319141 0.584961 0.319531 0.584473 0.319922 0.584473 0.320703 0.583496 0.321094 0.583496 0.321875 0.58252 0.322266 0.58252 0.323437 0.581055 0.323828 0.581055 0.323828 0.580566 0.324219 0.580078 0.324219 0.578125 0.323828 0.577637
1 0.333984 0.598633 0.330078 0.598633 0.329688 0.599121 0.329297 0.599121 0.326953 0.602051 0.326562 0.602051 0.325 0.604004 0.325 0.604492 0.322266 0.60791 0.322266 0.608398 0.321484 0.609375 0.321484 0.609863 0.320703 0.61084 0.320703 0.611328 0.320312 0.611816 0.320312 0.612793 0.319922 0.613281 0.319922 0.614258 0.319531 0.614746 0.319531 0.616211 0.319141 0.616699 0.319141 0.617188 0.31875 0.617676 0.31875 0.618652 0.318359 0.619141 0.318359 0.621094 0.317969 0.621582 0.317969 0.623535 0.317578 0.624023 0.317578 0.625977 0.317188 0.626465 0.317188 0.629395 0.316797 0.629883 0.316797 0.632812 0.316406 0.633301 0.316406 0.643066 0.316797 0.643555 0.316797 0.644043 0.317578 0.64502 0.317578 0.645508 0.317969 0.645508 0.318359 0.645996 0.319141 0.645996 0.319531 0.645508 0.319922 0.645508 0.320703 0.644531 0.321094 0.644531 0.321484 0.644043 0.321875 0.644043 0.322266 0.643555 0.322266 0.643066 0.323047 0.64209 0.323047 0.641602 0.323437 0.641113 0.323437 0.640625 0.324609 0.63916 0.324609 0.638672 0.325781 0.637207 0.325781 0.636719 0.326172 0.63623 0.326172 0.635742 0.326562 0.635254 0.326562 0.634277 0.326953 0.633789 0.326953 0.632812 0.327344 0.632324 0.327344 0.631836 0.327734 0.631348 0.327734 0.630371 0.328125 0.629883 0.328125 0.628906 0.328516 0.628418 0.328516 0.627441 0.328906 0.626953 0.328906 0.625977 0.329297 0.625488 0.329297 0.625 0.329688 0.624512 0.329688 0.624023 0.330078 0.623535 0.330078 0.623047 0.330469 0.622559 0.330469 0.621582 0.330859 0.621094 0.330859 0.619629 0.33125 0.619141 0.33125 0.617188 0.331641 0.616699 0.331641 0.614746 0.332031 0.614258 0.332031 0.611816 0.332422 0.611328 0.332422 0.609863 0.332813 0.609375 0.332813 0.608887 0.333203 0.608398 0.333203 0.607422 0.333594 0.606934 0.333594 0.604492 0.333984 0.604004 0.333984 0.601562 0.334375 0.601074 0.334375 0.599121
1 0.381641 0.689453 0.380859 0.689453 0.380469 0.689941 0.380078 0.689941 0.377344 0.693359 0.377344 0.693848 0.376953 0.694336 0.376953 0.694824 0.376563 0.695312 0.376563 0.695801 0.376172 0.696289 0.376172 0.696777 0.375781 0.697266 0.375781 0.698242 0.375391 0.69873 0.375391 0.699219 0.375 0.699707 0.375 0.700195 0.374609 0.700684 0.374609 0.701172 0.374219 0.70166 0.374219 0.702148 0.373828 0.702637 0.373828 0.703125 0.372656 0.70459 0.372656 0.705078 0.370312 0.708008 0.370312 0.708496 0.368359 0.710938 0.368359 0.711426 0.367578 0.712402 0.367578 0.712891 0.367188 0.713379 0.367188 0.713867 0.366406 0.714844 0.366406 0.715332 0.366016 0.71582 0.366016 0.716309 0.365234 0.717285 0.365234 0.717773 0.364453 0.71875 0.364453 0.719238 0.363281 0.720703 0.363281 0.721191 0.3625 0.722168 0.3625 0.722656 0.362109 0.723145 0.362109 0.723633 0.361719 0.724121 0.361719 0.724609 0.361328 0.725098 0.361328 0.725586 0.360547 0.726562 0.360547 0.727051 0.360156 0.727539 0.360156 0.728027 0.359766 0.728516 0.359766 0.729492 0.359375 0.72998 0.359375 0.730957 0.358984 0.731445 0.358984 0.731934 0.358594 0.732422 0.358594 0.73291 0.358203 0.733398 0.358203 0.733887 0.357812 0.734375 0.357812 0.734863 0.357422 0.735352 0.357422 0.73584 0.357031 0.736328 0.357031 0.736816 0.356641 0.737305 0.356641 0.738281 0.35625 0.73877 0.35625 0.739258 0.355859 0.739746 0.355859 0.740234 0.355469 0.740723 0.355469 0.741211 0.355078 0.741699 0.355078 0.742188 0.354297 0.743164 0.354297 0.743652 0.353906 0.744141 0.353906 0.745117 0.353516 0.745605 0.353516 0.74707 0.353125 0.747559 0.353125 0.748047 0.353516 0.748535 0.353516 0.749512 0.353906 0.75 0.353906 0.750488 0.354687 0.751465 0.355078 0.751465 0.355469 0.751953 0.35625 0.751953 0.356641 0.752441 0.357031 0.752441 0.357422 0.751953 0.358594 0.751953 0.359375 0.750977 0.359766 0.750977 0.360156 0.750488 0.360547 0.750488 0.361719 0.749023 0.362109 0.749023 0.3625 0.748535 0.3625 0.748047 0.363281 0.74707 0.363281 0.746582 0.364063 0.745605 0.364063 0.745117 0.364453 0.744629 0.364453 0.744141 0.364844 0.743652 0.364844 0.743164 0.365625 0.742188 0.365625 0.741699 0.366016 0.741211 0.366016 0.740723 0.366406 0.740234 0.366406 0.739746 0.366797 0.739258 0.366797 0.73877 0.367188 0.738281 0.367188 0.737793 0.367578 0.737305 0.367578 0.736816 0.367969 0.736328 0.367969 0.73584 0.368359 0.735352 0.368359 0.734863 0.36875 0.734375 0.36875 0.733887 0.369922 0.732422 0.369922 0.731934 0.370703 0.730957 0.370703 0.730469 0.371484 0.729492 0.371484 0.729004 0.372266 0.728027 0.372266 0.727539 0.373047 0.726562 0.373047 0.726074 0.373828 0.725098 0.373828 0.724609 0.374219 0.724121 0.374219 0.723145 0.374609 0.722656 0.374609 0.722168 0.375 0.72168 0.375 0.721191 0.375391 0.720703 0.375391 0.720215 0.376953 0.718262 0.376953 0.717773 0.378125 0.716309 0.378125 0.71582 0.378516 0.715332 0.378516 0.714844 0.378906 0.714355 0.378906 0.713867 0.379297 0.713379 0.379297 0.712891 0.379688 0.712402 0.379688 0.711914 0.380078 0.711426 0.380078 0.710938 0.380859 0.709961 0.380859 0.709473 0.38125 0.708984 0.38125 0.708008 0.381641 0.70752 0.381641 0.705566 0.382031 0.705078 0.382031 0.704102 0.382422 0.703613 0.382422 0.702148 0.382812 0.70166 0.382812 0.697266 0.383203 0.696777 0.383203 0.692383 0.382812 0.691895 0.382812 0.691406 0.382422 0.690918 0.382422 0.69043
1 0.497266 0.755859 0.496875 0.755371 0.496875 0.753906 0.496484 0.753418 0.496484 0.75293 0.494922 0.750977 0.492188 0.750977 0.491797 0.751465 0.4875 0.751465 0.487109 0.751953 0.485547 0.751953 0.485156 0.751465 0.478516 0.751465 0.478125 0.751953 0.477344 0.751953 0.476172 0.753418 0.476172 0.753906 0.475391 0.754883 0.475391 0.755859 0.475 0.756348 0.475 0.759277 0.475391 0.759766 0.475391 0.760742 0.476172 0.761719 0.476172 0.762207 0.477344 0.763672 0.477344 0.76416 0.477734 0.76416 0.478125 0.764648 0.478516 0.764648 0.478906 0.765137 0.479297 0.765137 0.479687 0.765625 0.480469 0.765625 0.480859 0.766113 0.48125 0.766113 0.481641 0.766602 0.490625 0.766602 0.491016 0.766113 0.491406 0.766113 0.491797 0.765625 0.492578 0.765625 0.492969 0.765137 0.493359 0.765137 0.49375 0.764648 0.494141 0.764648 0.494531 0.76416 0.494922 0.76416 0.495312 0.763672 0.495312 0.763184 0.496094 0.762207 0.496094 0.761719 0.496484 0.76123 0.496484 0.760742 0.496875 0.760254 0.496875 0.757812 0.497266 0.757324
1 0.492969 0.779785 0.492578 0.780273 0.492578 0.780762 0.492188 0.78125 0.492188 0.781738 0.491797 0.782227 0.491797 0.789551 0.492188 0.790039 0.492188 0.791504 0.492578 0.791992 0.492578 0.792969 0.492969 0.793457 0.492969 0.793945 0.493359 0.794434 0.493359 0.79541 0.494141 0.796387 0.494141 0.796875 0.494922 0.797852 0.494922 0.79834 0.496094 0.799805 0.496094 0.800293 0.498437 0.803223 0.498437 0.803711 0.500391 0.806152 0.500391 0.806641 0.502734 0.80957 0.503125 0.80957 0.504297 0.811035 0.504687 0.811035 0.505078 0.811523 0.505469 0.811523 0.505859 0.812012 0.506641 0.812012 0.507031 0.8125 0.507812 0.8125 0.508203 0.812988 0.508594 0.812988 0.508984 0.813477 0.509766 0.813477 0.510156 0.813965 0.510938 0.813965 0.511328 0.813477 0.513281 0.813477 0.513281 0.810059 0.512891 0.80957 0.512891 0.808594 0.5125 0.808105 0.5125 0.807129 0.512109 0.806641 0.512109 0.806152 0.511328 0.805176 0.511328 0.804688 0.510547 0.803711 0.510547 0.803223 0.509766 0.802246 0.509766 0.801758 0.508984 0.800781 0.508984 0.800293 0.508594 0.799805 0.508594 0.799316 0.507812 0.79834 0.507812 0.797852 0.507031 0.796875 0.507031 0.796387 0.506641 0.795898 0.506641 0.79541 0.505859 0.794434 0.505859 0.793945 0.504687 0.79248 0.504687 0.791992 0.503906 0.791016 0.503906 0.790527 0.501953 0.788086 0.501953 0.787598 0.500781 0.786133 0.500781 0.785645 0.5 0.784668 0.5 0.78418 0.499219 0.783203 0.499219 0.782715 0.497266 0.780273 0.496484 0.780273 0.496094 0.779785 0.495312 0.779785 0.494922 0.779297 0.49375 0.779297 0.493359 0.779785
1 0.560937 0.679688 0.559766 0.681152 0.559766 0.682129 0.559375 0.682617 0.559375 0.683594 0.558984 0.684082 0.558984 0.685547 0.558594 0.686035 0.558594 0.692383 0.558203 0.692871 0.558203 0.694824 0.558594 0.695312 0.558594 0.700195 0.558984 0.700684 0.558984 0.703125 0.559375 0.703613 0.559375 0.705078 0.559766 0.705566 0.559766 0.706543 0.560937 0.708008 0.560937 0.708496 0.561328 0.708496 0.562109 0.709473 0.5625 0.709473 0.562891 0.709961 0.565625 0.709961 0.567187 0.708008 0.567187 0.70752 0.567578 0.707031 0.567578 0.706543 0.567969 0.706055 0.567969 0.702637 0.568359 0.702148 0.568359 0.688477 0.567969 0.687988 0.567969 0.686035 0.567578 0.685547 0.567578 0.68457 0.567187 0.684082 0.567187 0.683594 0.566797 0.683105 0.566797 0.682617 0.566406 0.682129 0.566406 0.681641 0.565625 0.680664 0.565234 0.680664 0.564844 0.680176 0.564453 0.680176 0.564063 0.679688
1 0.5625 0.735352 0.5625 0.736816 0.564453 0.739258 0.564844 0.739258 0.565625 0.740234 0.566016 0.740234 0.566406 0.740723 0.566797 0.740723 0.567187 0.741211 0.567578 0.741211 0.567969 0.741699 0.568359 0.741699 0.56875 0.742188 0.569141 0.742188 0.569531 0.742676 0.570312 0.742676 0.570703 0.743164 0.571094 0.743164 0.571484 0.743652 0.571875 0.743652 0.572266 0.744141 0.572656 0.744141 0.573047 0.744629 0.573828 0.744629 0.574219 0.745117 0.575 0.745117 0.575391 0.745605 0.576172 0.745605 0.576562 0.746094 0.577344 0.746094 0.577734 0.746582 0.578125 0.746582 0.578516 0.74707 0.579297 0.74707 0.579688 0.747559 0.580859 0.747559 0.58125 0.748047 0.582812 0.748047 0.583203 0.748535 0.589844 0.748535 0.590234 0.749023 0.596875 0.749023 0.597266 0.748535 0.601953 0.748535 0.602344 0.748047 0.603906 0.748047 0.604297 0.747559 0.604688 0.747559 0.604688 0.74707 0.605469 0.746094 0.605469 0.745605 0.605859 0.745117 0.605859 0.743164 0.605078 0.742188 0.604688 0.742188 0.603516 0.740723 0.602344 0.740723 0.601953 0.740234 0.600781 0.740234 0.600391 0.739746 0.598828 0.739746 0.598437 0.739258 0.597266 0.739258 0.596875 0.73877 0.595703 0.73877 0.595313 0.738281 0.594141 0.738281 0.59375 0.737793 0.592578 0.737793 0.592187 0.737305 0.591797 0.737305 0.591406 0.736816 0.590625 0.736816 0.590234 0.736328 0.589453 0.736328 0.589063 0.73584 0.5875 0.73584 0.587109 0.735352 0.583984 0.735352 0.583594 0.734863 0.582422 0.734863 0.582031 0.734375 0.580469 0.734375 0.580078 0.733887 0.577734 0.733887 0.577344 0.733398 0.575391 0.733398 0.575 0.73291 0.572656 0.73291 0.572266 0.732422 0.566016 0.732422 0.565625 0.73291 0.564844 0.73291 0.564453 0.733398 0.564063 0.733398
1 0.725391 0.613281 0.723437 0.613281 0.723047 0.61377 0.722656 0.61377 0.722266 0.614258 0.721484 0.614258 0.720703 0.615234 0.720703 0.621094 0.720313 0.621582 0.720313 0.623047 0.719922 0.623535 0.719922 0.624023 0.719531 0.624512 0.719531 0.625488 0.719141 0.625977 0.719141 0.627441 0.71875 0.62793 0.71875 0.629883 0.718359 0.630371 0.718359 0.631836 0.717969 0.632324 0.717969 0.632812 0.717578 0.633301 0.717578 0.634277 0.717187 0.634766 0.717187 0.638184 0.716797 0.638672 0.716797 0.642578 0.717187 0.643066 0.720703 0.643066 0.721094 0.642578 0.721484 0.642578 0.722266 0.641602 0.722656 0.641602 0.723047 0.641113 0.723437 0.641113 0.723828 0.640625 0.724219 0.640625 0.724609 0.640137 0.725 0.640137 0.725391 0.639648 0.725781 0.639648 0.726562 0.638672 0.726953 0.638672 0.729688 0.635254 0.729688 0.634766 0.730469 0.633789 0.730469 0.633301 0.73125 0.632324 0.73125 0.631836 0.732031 0.630859 0.732031 0.629883 0.732422 0.629395 0.732422 0.627441 0.732812 0.626953 0.732812 0.623535 0.732422 0.623047 0.732422 0.621094 0.732031 0.620605 0.732031 0.619629 0.73125 0.618652 0.73125 0.618164 0.728906 0.615234 0.728516 0.615234 0.728125 0.614746 0.727734 0.614746 0.727344 0.614258 0.726562 0.614258 0.726172 0.61377 0.725781 0.61377
1 0.662109 0.623047 0.661719 0.622559 0.661328 0.622559 0.660937 0.62207 0.659375 0.62207 0.658984 0.621582 0.653516 0.621582 0.653125 0.62207 0.651563 0.62207 0.651172 0.622559 0.65 0.622559 0.649609 0.623047 0.649219 0.623047 0.648828 0.623535 0.648438 0.623535 0.647656 0.624512 0.647266 0.624512 0.646875 0.625 0.646094 0.625 0.645703 0.625488 0.645312 0.625488 0.644922 0.625977 0.644531 0.625977 0.644141 0.626465 0.64375 0.626465 0.642578 0.62793 0.642578 0.628418 0.642188 0.628906 0.642188 0.629395 0.641797 0.629883 0.641797 0.630371 0.641406 0.630859 0.641406 0.632324 0.641016 0.632812 0.641016 0.633301 0.640625 0.633789 0.640625 0.635254 0.640234 0.635742 0.640234 0.641602 0.640625 0.64209 0.640625 0.643066 0.641016 0.643555 0.641016 0.644043 0.642188 0.645508 0.646094 0.645508 0.646484 0.64502 0.646875 0.64502 0.647266 0.644531 0.647656 0.644531 0.648438 0.643555 0.648828 0.643555 0.649609 0.642578 0.65 0.642578 0.651563 0.640625 0.651953 0.640625 0.653125 0.63916 0.653516 0.63916 0.655078 0.637207 0.655078 0.636719 0.65625 0.635254 0.65625 0.634766 0.657031 0.633789 0.657031 0.633301 0.661719 0.627441 0.661719 0.626953 0.662109 0.626465
1 0.708203 0.475586 0.706641 0.475586 0.70625 0.475098 0.704688 0.475098 0.704297 0.475586 0.703906 0.475586 0.703516 0.476074 0.703125 0.476074 0.702344 0.477051 0.701953 0.477051 0.701172 0.478027 0.701172 0.478516 0.700781 0.479004 0.700781 0.482422 0.701172 0.48291 0.701172 0.484375 0.701562 0.484863 0.701562 0.486328 0.701953 0.486816 0.701953 0.487305 0.702734 0.488281 0.702734 0.48877 0.703125 0.489258 0.703125 0.490234 0.703516 0.490723 0.703516 0.491211 0.703906 0.491699 0.703906 0.492188 0.704297 0.492676 0.704297 0.493164 0.705078 0.494141 0.705078 0.494629 0.705469 0.495117 0.705469 0.495605 0.705859 0.496094 0.705859 0.49707 0.70625 0.497559 0.70625 0.498535 0.706641 0.499023 0.706641 0.5 0.707031 0.500488 0.707031 0.501465 0.707422 0.501953 0.707422 0.516113 0.707031 0.516602 0.707031 0.519531 0.706641 0.52002 0.706641 0.521484 0.70625 0.521973 0.70625 0.522949 0.704297 0.525391 0.703906 0.525391 0.703125 0.526367 0.702734 0.526367 0.700781 0.528809 0.700391 0.528809 0.7 0.529297 0.698828 0.529297 0.698438 0.529785 0.697656 0.529785 0.697266 0.530273 0.696484 0.530273 0.696094 0.530762 0.695703 0.530762 0.695312 0.53125 0.694141 0.53125 0.69375 0.531738 0.693359 0.531738 0.692969 0.532227 0.692578 0.532227 0.692578 0.532715 0.692187 0.533203 0.692187 0.53418 0.692578 0.534668 0.692578 0.536133 0.692969 0.536621 0.692969 0.537598 0.693359 0.538086 0.693359 0.540527 0.7 0.540527 0.700391 0.540039 0.701562 0.540039 0.701953 0.539551 0.702734 0.539551 0.703125 0.539062 0.704688 0.539062 0.705078 0.538574 0.706641 0.538574 0.707031 0.538086 0.708203 0.538086 0.708594 0.537598 0.708984 0.537598 0.709375 0.537109 0.709766 0.537109 0.710938 0.535645 0.711328 0.535645 0.712109 0.534668 0.7125 0.534668 0.714844 0.531738 0.714844 0.53125 0.716406 0.529297 0.716406 0.528809 0.716797 0.52832 0.716797 0.527832 0.717187 0.527344 0.717187 0.526367 0.717578 0.525879 0.717578 0.524902 0.717969 0.524414 0.717969 0.523438 0.718359 0.522949 0.718359 0.521484 0.71875 0.520996 0.71875 0.519043 0.719141 0.518555 0.719141 0.51709 0.719531 0.516602 0.719531 0.515137 0.719922 0.514648 0.719922 0.51123 0.720313 0.510742 0.720313 0.501465 0.719922 0.500977 0.719922 0.500488 0.719531 0.5 0.719531 0.499512 0.719141 0.499023 0.719141 0.498047 0.71875 0.497559 0.71875 0.496582 0.718359 0.496094 0.718359 0.494629 0.717969 0.494141 0.717969 0.493164 0.717578 0.492676 0.717578 0.491699 0.717187 0.491211 0.717187 0.490723 0.716797 0.490234 0.716797 0.489258 0.716406 0.48877 0.716406 0.488281 0.716016 0.487793 0.716016 0.487305 0.715625 0.486816 0.715625 0.486328 0.714844 0.485352 0.714844 0.484863 0.714453 0.484375 0.714453 0.483887 0.714063 0.483398 0.714063 0.48291 0.713672 0.482422 0.713672 0.481934 0.710938 0.478516 0.710938 0.478027 0.709766 0.476562 0.709375 0.476562 0.708984 0.476074 0.708594 0.476074
1 0.669922 0.445312 0.66875 0.446777 0.66875 0.448242 0.669141 0.44873 0.669141 0.449707 0.669531 0.450195 0.669531 0.450684 0.670703 0.452148 0.671094 0.452148 0.671875 0.453125 0.672266 0.453125 0.672656 0.453613 0.673047 0.453613 0.673438 0.454102 0.673828 0.454102 0.674219 0.45459 0.674609 0.45459 0.675391 0.455566 0.675781 0.455566 0.678906 0.459473 0.678906 0.459961 0.679688 0.460938 0.679688 0.461426 0.680078 0.461914 0.680078 0.462402 0.680469 0.462891 0.680469 0.463867 0.680859 0.464355 0.680859 0.465332 0.68125 0.46582 0.68125 0.466309 0.681641 0.466797 0.681641 0.467773 0.682031 0.468262 0.682031 0.46875 0.682422 0.469238 0.682422 0.469727 0.682813 0.470215 0.682813 0.470703 0.683203 0.471191 0.683203 0.472168 0.683594 0.472656 0.683594 0.473633 0.683984 0.474121 0.683984 0.475586 0.684375 0.476074 0.684375 0.478027 0.684766 0.478516 0.684766 0.479004 0.685156 0.479492 0.685156 0.47998 0.685937 0.480957 0.685937 0.481445 0.686719 0.482422 0.686719 0.483398 0.687109 0.483887 0.687109 0.485352 0.6875 0.48584 0.6875 0.486328 0.687891 0.486816 0.687891 0.487305 0.689844 0.489746 0.690234 0.489746 0.690625 0.490234 0.691016 0.490234 0.691797 0.491211 0.692187 0.491211 0.692969 0.492188 0.693359 0.492188 0.694141 0.493164 0.694531 0.493164 0.695312 0.494141 0.695703 0.494141 0.696484 0.495117 0.696875 0.495117 0.697266 0.495605 0.697656 0.495605 0.698047 0.496094 0.699219 0.496094 0.699609 0.496582 0.701172 0.496582 0.701562 0.49707 0.702344 0.49707 0.702734 0.497559 0.703125 0.497559 0.703906 0.498535 0.704688 0.498535 0.705078 0.499023 0.705859 0.499023 0.706641 0.498047 0.706641 0.496094 0.70625 0.495605 0.70625 0.495117 0.705859 0.495117 0.705469 0.494629 0.705469 0.493652 0.70625 0.492676 0.70625 0.489258 0.705859 0.48877 0.705859 0.488281 0.705469 0.487793 0.705469 0.487305 0.705078 0.486816 0.705078 0.486328 0.704688 0.48584 0.704688 0.483887 0.704297 0.483398 0.704297 0.482422 0.703906 0.481934 0.703516 0.481934 0.702734 0.480957 0.702734 0.480469 0.701953 0.479492 0.701953 0.479004 0.700781 0.477539 0.7 0.477539 0.699609 0.477051 0.699219 0.477051 0.698828 0.476562 0.698438 0.476562 0.697656 0.475586 0.697266 0.475586 0.696875 0.475098 0.696094 0.475098 0.695703 0.474609 0.695312 0.474609 0.694922 0.474121 0.694531 0.474121 0.692969 0.472168 0.692969 0.47168 0.692578 0.471191 0.692578 0.470215 0.692187 0.469727 0.692187 0.469238 0.691797 0.46875 0.691797 0.467773 0.691406 0.467285 0.691406 0.466309 0.691016 0.46582 0.691016 0.464355 0.690625 0.463867 0.690625 0.462891 0.690234 0.462402 0.690234 0.460938 0.689844 0.460449 0.689844 0.458984 0.689453 0.458496 0.689453 0.458008 0.689063 0.45752 0.689063 0.456543 0.688672 0.456055 0.688672 0.455566 0.688281 0.455078 0.688281 0.45459 0.687891 0.454102 0.687891 0.453125 0.6875 0.452637 0.6875 0.452148 0.687109 0.45166 0.687109 0.451172 0.686719 0.450684 0.686719 0.450195 0.685547 0.44873 0.685156 0.44873 0.684766 0.448242 0.684375 0.448242 0.683984 0.447754 0.683594 0.447754 0.683203 0.447266 0.682813 0.447266 0.682422 0.446777 0.682031 0.446777 0.681641 0.446289 0.680859 0.446289 0.680469 0.445801 0.679297 0.445801 0.678906 0.445312 0.677734 0.445312 0.677344 0.444824 0.675781 0.444824 0.675391 0.444336 0.672266 0.444336 0.671875 0.444824 0.671094 0.444824 0.670703 0.445312
1 0.914453 0.213379 0.9125 0.213379 0.910937 0.215332 0.910937 0.21582 0.910547 0.216309 0.910547 0.217285 0.910156 0.217773 0.910156 0.21875 0.909766 0.219238 0.909766 0.220215 0.909375 0.220703 0.909375 0.22168 0.908984 0.222168 0.908984 0.223145 0.908594 0.223633 0.908594 0.224609 0.908203 0.225098 0.908203 0.225586 0.907813 0.226074 0.907813 0.227051 0.907422 0.227539 0.907422 0.229004 0.907031 0.229492 0.907031 0.232422 0.906641 0.23291 0.906641 0.234375 0.90625 0.234863 0.90625 0.245605 0.906641 0.246094 0.906641 0.246582 0.908203 0.248535 0.908594 0.248535 0.908984 0.249023 0.910156 0.249023 0.910547 0.249512 0.9125 0.249512 0.912891 0.249023 0.913281 0.249023 0.914453 0.247559 0.914844 0.247559 0.916406 0.245605 0.916406 0.245117 0.916797 0.244629 0.916797 0.244141 0.917188 0.243652 0.917188 0.242676 0.917578 0.242188 0.917578 0.241699 0.917969 0.241211 0.917969 0.240234 0.918359 0.239746 0.918359 0.23877 0.91875 0.238281 0.91875 0.236816 0.919141 0.236328 0.919141 0.234375 0.919531 0.233887 0.919531 0.223145 0.919141 0.222656 0.919141 0.220703 0.91875 0.220215 0.91875 0.219238 0.918359 0.21875 0.918359 0.218262 0.917969 0.217773 0.917969 0.216797 0.917578 0.216309 0.917578 0.21582 0.916797 0.214844 0.916797 0.214355 0.916406 0.214355 0.916016 0.213867 0.914844 0.213867
1 0.888281 0.217285 0.8875 0.217285 0.887109 0.216797 0.885156 0.216797 0.884766 0.217285 0.884766 0.219727 0.884375 0.220215 0.884375 0.220703 0.883984 0.221191 0.883984 0.22168 0.883594 0.222168 0.883594 0.223145 0.883203 0.223633 0.883203 0.224609 0.882812 0.225098 0.882812 0.227539 0.882422 0.228027 0.882422 0.229004 0.882031 0.229492 0.882031 0.22998 0.88125 0.230957 0.88125 0.231445 0.880859 0.231934 0.880859 0.23291 0.880469 0.233398 0.880469 0.233887 0.880078 0.234375 0.880078 0.234863 0.879687 0.235352 0.879687 0.23584 0.879297 0.236328 0.879297 0.236816 0.878516 0.237793 0.878516 0.238281 0.877344 0.239746 0.877344 0.240234 0.876953 0.240723 0.876953 0.241211 0.876563 0.241699 0.876563 0.242188 0.876172 0.242676 0.876172 0.243164 0.875391 0.244141 0.875391 0.245117 0.874609 0.246094 0.874609 0.246582 0.873828 0.247559 0.873828 0.248047 0.871094 0.251465 0.870703 0.251465 0.869141 0.253418 0.86875 0.253418 0.868359 0.253906 0.868359 0.254395 0.867578 0.255371 0.867578 0.255859 0.867188 0.256348 0.867188 0.257324 0.866406 0.258301 0.866016 0.258301 0.865625 0.258789 0.865234 0.258789 0.864844 0.259277 0.864844 0.260742 0.865234 0.26123 0.866406 0.26123 0.866797 0.260742 0.867578 0.260742 0.867969 0.260254 0.86875 0.260254 0.869141 0.259766 0.870313 0.259766 0.870703 0.259277 0.871875 0.259277 0.872266 0.258789 0.872656 0.258789 0.873047 0.258301 0.873437 0.258301 0.873828 0.257812 0.874219 0.257812 0.874609 0.257324 0.875781 0.257324 0.876172 0.256836 0.877344 0.256836 0.877734 0.256348 0.878125 0.256348 0.878516 0.255859 0.878906 0.255859 0.879297 0.255371 0.879687 0.255371 0.880078 0.254883 0.880469 0.254883 0.880859 0.254395 0.88125 0.254395 0.882031 0.253418 0.882422 0.253418 0.883984 0.251465 0.883984 0.250977 0.884766 0.25 0.885156 0.25 0.886328 0.248535 0.886328 0.248047 0.8875 0.246582 0.8875 0.246094 0.888281 0.245117 0.888281 0.244629 0.888672 0.244141 0.888672 0.243652 0.889062 0.243164 0.889062 0.241699 0.889453 0.241211 0.889453 0.239258 0.889844 0.23877 0.889844 0.23584 0.890234 0.235352 0.890234 0.225586 0.889844 0.225098 0.889844 0.222656 0.889453 0.222168 0.889453 0.220215 0.889062 0.219727 0.889062 0.21875 0.888672 0.218262 0.888672 0.217773
1 0.925 0.354492 0.925 0.357422 0.925391 0.35791 0.925391 0.358398 0.925781 0.358398 0.926562 0.359375 0.926953 0.359375 0.927344 0.359863 0.941797 0.359863 0.942187 0.360352 0.951172 0.360352 0.951562 0.359863 0.951953 0.359863 0.952344 0.359375 0.952734 0.359375 0.953516 0.358398 0.953516 0.35791 0.953906 0.357422 0.953906 0.355957 0.953516 0.355469 0.953516 0.354004 0.953125 0.353516 0.953125 0.353027 0.951953 0.351562 0.951562 0.351562 0.950391 0.350098 0.95 0.350098 0.949609 0.349609 0.949219 0.349609 0.948828 0.349121 0.948438 0.349121 0.948047 0.348633 0.947266 0.348633 0.946875 0.348145 0.946094 0.348145 0.945703 0.347656 0.945312 0.347656 0.944922 0.347168 0.944141 0.347168 0.94375 0.34668 0.942969 0.34668 0.942578 0.346191 0.940625 0.346191 0.940234 0.345703 0.937891 0.345703 0.9375 0.346191 0.935156 0.346191 0.934766 0.34668 0.932813 0.34668 0.932422 0.347168 0.93125 0.347168 0.930859 0.347656 0.930469 0.347656 0.929688 0.348633 0.929297 0.348633 0.927734 0.350586 0.927344 0.350586 0.925391 0.353027 0.925391 0.354004
1 0.948828 0.434082 0.948047 0.435059 0.948047 0.437012 0.948438 0.4375 0.948438 0.438965 0.948828 0.439453 0.948828 0.440918 0.949219 0.441406 0.949219 0.442383 0.949609 0.442871 0.949609 0.443848 0.95 0.444336 0.95 0.445312 0.950391 0.445801 0.950391 0.446289 0.950781 0.446777 0.950781 0.447266 0.952344 0.449219 0.952344 0.449707 0.955469 0.453613 0.955859 0.453613 0.95625 0.454102 0.956641 0.454102 0.957031 0.45459 0.957422 0.45459 0.957812 0.455078 0.960938 0.455078 0.961328 0.45459 0.961719 0.45459 0.962109 0.454102 0.9625 0.454102 0.963281 0.453125 0.963281 0.452637 0.964063 0.45166 0.964063 0.445801 0.963672 0.445312 0.963672 0.444336 0.963281 0.443848 0.963281 0.442871 0.962891 0.442383 0.962891 0.441895 0.962109 0.440918 0.962109 0.44043 0.961719 0.439941 0.961719 0.439453 0.959375 0.436523 0.958984 0.436523 0.958203 0.435547 0.957812 0.435547 0.957422 0.435059 0.957031 0.435059 0.956641 0.43457 0.95625 0.43457 0.955859 0.434082 0.955469 0.434082 0.955078 0.433594 0.953906 0.433594 0.953516 0.433105 0.952734 0.433105 0.952344 0.432617 0.950391 0.432617 0.949219 0.434082
1 0.818359 0.458008 0.815234 0.458008 0.814844 0.458496 0.814063 0.458496 0.812891 0.459961 0.812891 0.460449 0.811719 0.461914 0.811719 0.462402 0.811328 0.462891 0.811328 0.463379 0.810937 0.463867 0.810937 0.464355 0.810547 0.464844 0.810547 0.465332 0.810156 0.46582 0.810156 0.466309 0.809766 0.466797 0.809766 0.467285 0.809375 0.467773 0.809375 0.468262 0.808984 0.46875 0.808984 0.469727 0.808594 0.470215 0.808594 0.476074 0.808984 0.476562 0.808984 0.477539 0.809375 0.478027 0.809375 0.479004 0.810547 0.480469 0.8125 0.480469 0.812891 0.47998 0.814063 0.47998 0.814453 0.479492 0.814844 0.479492 0.814844 0.479004 0.815625 0.478027 0.815625 0.477539 0.816016 0.477051 0.816016 0.476562 0.816797 0.475586 0.816797 0.475098 0.817187 0.474609 0.817187 0.474121 0.817969 0.473145 0.817969 0.472656 0.818359 0.472168 0.818359 0.47168 0.81875 0.471191 0.81875 0.470703 0.819141 0.470215 0.819141 0.469238 0.819531 0.46875 0.819531 0.467773 0.819922 0.467285 0.819922 0.460449 0.819531 0.459961 0.819531 0.458984 0.819141 0.458496 0.81875 0.458496
1 0.897656 0.825684 0.897266 0.825195 0.894531 0.825195 0.894141 0.825684 0.892578 0.825684 0.892188 0.826172 0.891797 0.826172 0.890234 0.828125 0.889844 0.828125 0.889453 0.828613 0.889062 0.828613 0.888672 0.829102 0.888281 0.829102 0.887891 0.82959 0.887109 0.82959 0.886719 0.830078 0.886328 0.830078 0.885938 0.830566 0.885156 0.830566 0.884766 0.831055 0.884375 0.831055 0.882812 0.833008 0.882422 0.833008 0.880469 0.835449 0.880078 0.835449 0.878906 0.836914 0.878516 0.836914 0.876953 0.838867 0.876953 0.839355 0.876563 0.839844 0.876563 0.840332 0.876172 0.84082 0.876172 0.841797 0.875781 0.842285 0.875781 0.842773 0.876172 0.843262 0.876172 0.845703 0.876953 0.84668 0.877734 0.84668 0.878125 0.847168 0.879297 0.847168 0.879687 0.847656 0.881641 0.847656 0.882031 0.847168 0.883203 0.847168 0.883594 0.84668 0.884375 0.84668 0.884766 0.846191 0.885547 0.846191 0.885938 0.845703 0.886328 0.845703 0.886719 0.845215 0.887109 0.845215 0.8875 0.844727 0.887891 0.844727 0.888281 0.844238 0.888672 0.844238 0.889453 0.843262 0.889844 0.843262 0.890625 0.842285 0.890625 0.841797 0.89375 0.837891 0.89375 0.837402 0.894531 0.836426 0.894531 0.835938 0.896094 0.833984 0.896094 0.833496 0.896484 0.833008 0.896484 0.832031 0.896875 0.831543 0.896875 0.831055 0.897266 0.830566 0.897266 0.829102 0.897656 0.828613
1 0.815625 0.730957 0.814063 0.729004 0.813672 0.729004 0.813281 0.728516 0.8125 0.728516 0.812109 0.728027 0.810937 0.728027 0.810547 0.727539 0.806641 0.727539 0.80625 0.728027 0.805469 0.728027 0.805078 0.728516 0.804297 0.728516 0.803906 0.729004 0.803516 0.729004 0.803125 0.729492 0.802734 0.729492 0.802344 0.72998 0.801953 0.72998 0.801562 0.730469 0.801172 0.730469 0.800781 0.730957 0.800391 0.730957 0.8 0.731445 0.799609 0.731445 0.796094 0.73584 0.795703 0.73584 0.795312 0.736328 0.795312 0.736816 0.794531 0.737793 0.794531 0.738281 0.79375 0.739258 0.79375 0.739746 0.793359 0.740234 0.793359 0.741699 0.792969 0.742188 0.792969 0.744629 0.794141 0.746094 0.794531 0.746094 0.794922 0.746582 0.796875 0.746582 0.797266 0.746094 0.8 0.746094 0.800391 0.745605 0.801562 0.745605 0.801953 0.745117 0.803125 0.745117 0.803906 0.744141 0.804297 0.744141 0.805859 0.742188 0.80625 0.742188 0.806641 0.741699 0.807031 0.741699 0.807422 0.741211 0.807813 0.741211 0.808203 0.740723 0.808594 0.740723 0.808984 0.740234 0.809375 0.740234 0.809766 0.739746 0.810156 0.739746 0.810547 0.739258 0.810937 0.739258 0.811328 0.73877 0.812109 0.73877 0.8125 0.738281 0.813281 0.738281 0.813672 0.737793 0.814453 0.737793 0.814844 0.737305 0.815625 0.737305 0.816406 0.736328 0.816406 0.733887 0.816016 0.733398 0.816016 0.731934 0.815625 0.731445
1 0.836719 0.709473 0.835547 0.709473 0.835156 0.708984 0.833594 0.708984 0.833203 0.708496 0.832031 0.708496 0.831641 0.708008 0.830078 0.708008 0.829688 0.708496 0.828906 0.708496 0.828516 0.708984 0.828516 0.709473 0.827734 0.710449 0.827344 0.710449 0.826953 0.710938 0.826562 0.710938 0.826172 0.711426 0.825 0.711426 0.824609 0.711914 0.824609 0.712891 0.823438 0.714355 0.822656 0.714355 0.822266 0.714844 0.821875 0.714844 0.818359 0.719238 0.818359 0.719727 0.817969 0.720215 0.817969 0.721191 0.817578 0.72168 0.817578 0.726562 0.817187 0.727051 0.817187 0.736328 0.818359 0.737793 0.81875 0.737793 0.820703 0.740234 0.821094 0.740234 0.821484 0.740723 0.823828 0.740723 0.824219 0.740234 0.825 0.740234 0.825391 0.739746 0.825781 0.739746 0.826172 0.739258 0.826562 0.739258 0.830859 0.733887 0.830859 0.733398 0.832031 0.731934 0.832031 0.731445 0.832812 0.730469 0.832812 0.72998 0.833594 0.729004 0.833594 0.728516 0.834375 0.727539 0.834375 0.727051 0.835156 0.726074 0.835156 0.725586 0.835547 0.725098 0.835547 0.724609 0.835938 0.724121 0.835938 0.722656 0.836328 0.722168 0.836328 0.721191 0.836719 0.720703 0.836719 0.719238 0.837109 0.71875 0.837109 0.717773 0.8375 0.717285 0.8375 0.710449
1 0.846484 0.675781 0.844922 0.675781 0.842969 0.678223 0.842969 0.678711 0.841406 0.680664 0.841406 0.681152 0.841016 0.681641 0.841016 0.682129 0.840625 0.682617 0.840625 0.683105 0.837109 0.6875 0.836719 0.6875 0.836328 0.687988 0.835938 0.687988 0.835547 0.688477 0.835156 0.688477 0.834766 0.688965 0.833984 0.688965 0.833594 0.689453 0.833203 0.689453 0.832812 0.689941 0.832422 0.689941 0.831641 0.690918 0.83125 0.690918 0.830859 0.691406 0.830469 0.691406 0.829688 0.692383 0.829688 0.692871 0.829297 0.693359 0.829297 0.693848 0.828906 0.694336 0.828906 0.694824 0.827344 0.696777 0.827344 0.697266 0.826953 0.697754 0.826953 0.699707 0.826562 0.700195 0.826562 0.701172 0.823047 0.705566 0.822656 0.705566 0.821094 0.70752 0.821094 0.708008 0.820312 0.708984 0.820312 0.709473 0.819922 0.709961 0.819922 0.710449 0.817969 0.712891 0.817969 0.713867 0.817578 0.714355 0.817578 0.715332 0.817187 0.71582 0.817187 0.71875 0.816797 0.719238 0.816797 0.720703 0.817578 0.72168 0.817969 0.72168 0.818359 0.722168 0.81875 0.722168 0.819141 0.72168 0.819531 0.72168 0.819922 0.721191 0.820312 0.721191 0.822266 0.71875 0.822656 0.71875 0.823828 0.717285 0.824219 0.717285 0.825391 0.71582 0.825781 0.71582 0.826172 0.715332 0.826562 0.715332 0.827734 0.713867 0.828125 0.713867 0.828516 0.713379 0.828516 0.712891 0.829688 0.711426 0.830078 0.711426 0.830859 0.710449 0.83125 0.710449 0.831641 0.709961 0.832031 0.709961 0.833203 0.708496 0.833594 0.708496 0.833984 0.708008 0.834766 0.708008 0.835156 0.70752 0.835547 0.70752 0.835938 0.707031 0.836328 0.707031 0.836719 0.706543 0.837109 0.706543 0.8375 0.706055 0.837891 0.706055 0.839453 0.704102 0.839844 0.704102 0.840625 0.703125 0.841016 0.703125 0.841406 0.702637 0.841797 0.702637 0.842187 0.702148 0.842578 0.702148 0.843359 0.701172 0.84375 0.701172 0.844141 0.700684 0.844531 0.700684 0.845313 0.699707 0.845703 0.699707 0.846875 0.698242 0.847266 0.698242 0.847656 0.697754 0.847656 0.697266 0.848047 0.696777 0.848047 0.693359 0.847656 0.692871 0.847656 0.691406 0.847266 0.690918 0.847266 0.689941 0.846875 0.689453 0.846875 0.685059 0.847266 0.68457 0.847266 0.679199 0.847656 0.678711 0.847656 0.677734 0.847266 0.677246 0.847266 0.676758
1 0.439844 0.899902 0.435937 0.899902 0.435547 0.900391 0.435547 0.900879 0.434766 0.901855 0.434766 0.902832 0.434375 0.90332 0.434375 0.903809 0.433984 0.904297 0.433984 0.90625 0.433594 0.906738 0.433594 0.908203 0.433203 0.908691 0.433203 0.910645 0.432812 0.911133 0.432812 0.913574 0.432422 0.914062 0.432422 0.921875 0.432031 0.922363 0.432031 0.927246 0.432422 0.927734 0.432422 0.931641 0.432812 0.932129 0.432812 0.932617 0.433203 0.933105 0.433203 0.933594 0.434766 0.935547 0.4375 0.935547 0.437891 0.935059 0.439453 0.935059 0.441406 0.932617 0.441406 0.932129 0.441797 0.931641 0.441797 0.930664 0.442188 0.930176 0.442188 0.928711 0.442578 0.928223 0.442578 0.92627 0.442969 0.925781 0.442969 0.914551 0.442578 0.914062 0.442578 0.910156 0.442188 0.909668 0.442188 0.907227 0.441797 0.906738 0.441797 0.904785 0.441406 0.904297 0.441406 0.90332 0.441016 0.902832 0.441016 0.902344 0.440625 0.901855 0.440625 0.901367 0.440234 0.900879 0.440234 0.900391
1 0.637109 0.856934 0.636719 0.856445 0.636719 0.855957 0.636328 0.855469 0.636328 0.85498 0.635156 0.853516 0.633594 0.853516 0.633203 0.853027 0.623047 0.853027 0.622656 0.853516 0.617578 0.853516 0.617188 0.854004 0.615234 0.854004 0.614844 0.854492 0.613281 0.854492 0.612891 0.85498 0.611328 0.85498 0.610938 0.855469 0.610156 0.855469 0.609766 0.855957 0.609375 0.855957 0.608984 0.856445 0.608203 0.856445 0.607422 0.857422 0.607031 0.857422 0.606641 0.85791 0.606641 0.858398 0.60625 0.858887 0.60625 0.859375 0.605859 0.859863 0.605859 0.863281 0.60625 0.86377 0.60625 0.864746 0.607422 0.866211 0.608984 0.866211 0.609375 0.866699 0.611328 0.866699 0.611719 0.867188 0.612891 0.867188 0.613281 0.867676 0.614453 0.867676 0.614844 0.868164 0.616016 0.868164 0.616406 0.868652 0.61875 0.868652 0.619141 0.869141 0.621875 0.869141 0.622266 0.869629 0.623828 0.869629 0.624219 0.869141 0.626953 0.869141 0.627344 0.868652 0.628125 0.868652 0.628516 0.868164 0.628906 0.868164 0.629297 0.867676 0.629687 0.867676 0.630078 0.867188 0.630469 0.867188 0.630859 0.866699 0.63125 0.866699 0.632422 0.865234 0.632812 0.865234 0.635156 0.862305 0.635547 0.862305 0.635547 0.861816 0.636328 0.86084 0.636328 0.859863 0.636719 0.859375 0.636719 0.858887 0.637109 0.858398
1 0.658984 0.738281 0.65625 0.738281 0.655859 0.73877 0.654687 0.73877 0.654297 0.739258 0.653906 0.739258 0.651563 0.742188 0.651172 0.742188 0.649609 0.744141 0.649609 0.744629 0.649219 0.745117 0.649219 0.745605 0.648828 0.746094 0.648828 0.74707 0.648438 0.747559 0.648438 0.748047 0.648047 0.748535 0.648047 0.749512 0.647656 0.75 0.647656 0.750488 0.647266 0.750977 0.647266 0.758301 0.647656 0.758789 0.647656 0.76123 0.648047 0.761719 0.648047 0.762695 0.648438 0.763184 0.648438 0.76416 0.648828 0.764648 0.648828 0.766113 0.649219 0.766602 0.649219 0.767578 0.65 0.768555 0.650391 0.768555 0.650781 0.769043 0.653906 0.769043 0.654297 0.768555 0.655078 0.768555 0.655859 0.767578 0.655859 0.76709 0.657031 0.765625 0.657031 0.765137 0.658594 0.763184 0.658594 0.762207 0.658984 0.761719 0.658984 0.76123 0.659375 0.760742 0.659375 0.755371 0.659766 0.754883 0.659766 0.750488 0.660156 0.75 0.660156 0.747559 0.660547 0.74707 0.660547 0.740723 0.660156 0.740234 0.660156 0.739746
1 0.194141 0.790527 0.194141 0.791992 0.196094 0.794434 0.196875 0.794434 0.197266 0.794922 0.199219 0.794922 0.199609 0.79541 0.205078 0.79541 0.205469 0.795898 0.20625 0.795898 0.206641 0.796387 0.207422 0.796387 0.207813 0.796875 0.208594 0.796875 0.208984 0.797363 0.209375 0.797363 0.209766 0.797852 0.210156 0.797852 0.210547 0.79834 0.210938 0.79834 0.211328 0.798828 0.212109 0.798828 0.2125 0.799316 0.212891 0.799316 0.213281 0.799805 0.213672 0.799805 0.214062 0.800293 0.214453 0.800293 0.214844 0.800781 0.215234 0.800781 0.215625 0.80127 0.216016 0.80127 0.216406 0.801758 0.216797 0.801758 0.219141 0.804688 0.219141 0.805176 0.219922 0.806152 0.219922 0.806641 0.220312 0.807129 0.220703 0.807129 0.221094 0.807617 0.224219 0.807617 0.225 0.806641 0.225 0.797852 0.224609 0.797363 0.224609 0.796387 0.224219 0.795898 0.224219 0.794922 0.223828 0.794434 0.223828 0.793945 0.223047 0.792969 0.223047 0.79248 0.222656 0.791992 0.222656 0.791504 0.220703 0.789062 0.220312 0.789062 0.219531 0.788086 0.219141 0.788086 0.217578 0.786133 0.217188 0.786133 0.216797 0.785645 0.215625 0.785645 0.215234 0.785156 0.213672 0.785156 0.213281 0.784668 0.210547 0.784668 0.210156 0.78418 0.207422 0.78418 0.207031 0.784668 0.204687 0.784668 0.204297 0.785156 0.202734 0.785156 0.202344 0.785645 0.201172 0.785645 0.200781 0.786133 0.200391 0.786133 0.2 0.786621 0.199219 0.786621 0.198828 0.787109 0.198437 0.787109 0.198047 0.787598 0.197656 0.787598 0.197266 0.788086 0.196875 0.788086 0.196094 0.789062 0.195703 0.789062 0.194922 0.790039 0.194531 0.790039
1 0.215625 0.824707 0.214844 0.82373 0.214844 0.823242 0.214062 0.822266 0.213672 0.822266 0.213281 0.821777 0.209766 0.821777 0.209375 0.822266 0.207031 0.822266 0.206641 0.822754 0.205078 0.822754 0.204687 0.823242 0.204297 0.823242 0.203906 0.82373 0.203516 0.82373 0.203125 0.824219 0.202344 0.824219 0.201953 0.824707 0.201563 0.824707 0.2 0.82666 0.2 0.827637 0.199609 0.828125 0.199609 0.828613 0.199219 0.829102 0.199219 0.82959 0.198828 0.830078 0.198828 0.831055 0.199219 0.831543 0.199219 0.83252 0.201172 0.834961 0.201563 0.834961 0.201953 0.835449 0.202734 0.835449 0.203125 0.835938 0.203906 0.835938 0.204297 0.836426 0.208984 0.836426 0.209375 0.835938 0.210156 0.835938 0.210938 0.834961 0.211328 0.834961 0.211719 0.834473 0.212109 0.834473 0.214453 0.831543 0.214453 0.831055 0.214844 0.830566 0.214844 0.830078 0.215234 0.82959 0.215234 0.828613 0.215625 0.828125
1 0.179297 0.836914 0.179297 0.837891 0.179688 0.838379 0.179688 0.838867 0.180078 0.838867 0.180859 0.839844 0.180859 0.840332 0.182031 0.841797 0.182422 0.841797 0.183594 0.843262 0.183984 0.843262 0.184766 0.844238 0.185156 0.844238 0.185938 0.845215 0.186328 0.845215 0.186719 0.845703 0.187109 0.845703 0.1875 0.846191 0.187891 0.846191 0.188281 0.84668 0.188672 0.84668 0.189062 0.847168 0.189844 0.847168 0.190234 0.847656 0.191406 0.847656 0.191797 0.848145 0.192969 0.848145 0.193359 0.848633 0.194531 0.848633 0.194922 0.849121 0.195703 0.849121 0.196094 0.849609 0.196875 0.849609 0.197266 0.850098 0.198828 0.850098 0.199219 0.850586 0.202344 0.850586 0.202734 0.850098 0.203125 0.850098 0.203906 0.849121 0.203906 0.848633 0.204297 0.848145 0.204297 0.844727 0.203516 0.84375 0.203516 0.843262 0.202734 0.842285 0.202734 0.841797 0.201563 0.840332 0.201563 0.839844 0.201172 0.839844 0.199609 0.837891 0.199219 0.837891 0.198828 0.837402 0.198437 0.837402 0.198047 0.836914 0.197656 0.836914 0.197266 0.836426 0.196875 0.836426 0.196484 0.835938 0.195703 0.835938 0.195312 0.835449 0.194922 0.835449 0.194531 0.834961 0.194141 0.834961 0.19375 0.834473 0.193359 0.834473 0.192969 0.833984 0.191016 0.833984 0.190625 0.833496 0.182422 0.833496 0.182031 0.833984 0.180859 0.833984 0.180078 0.834961 0.180078 0.835449 0.179688 0.835938 0.179688 0.836426
1 0.0613281 0.780762 0.0597656 0.780762 0.059375 0.78125 0.0585938 0.78125 0.0582031 0.781738 0.0574219 0.781738 0.0570312 0.782227 0.05625 0.782227 0.0550781 0.783691 0.0546875 0.783691 0.0496094 0.790039 0.0492187 0.790039 0.0484375 0.791016 0.0484375 0.791504 0.0480469 0.791992 0.0480469 0.792969 0.0476562 0.793457 0.0476562 0.793945 0.0472656 0.794434 0.0472656 0.794922 0.046875 0.79541 0.046875 0.795898 0.0460938 0.796875 0.0460938 0.797363 0.0453125 0.79834 0.0453125 0.800781 0.0449219 0.80127 0.0449219 0.805664 0.0445313 0.806152 0.0445313 0.808105 0.0441406 0.808594 0.0441406 0.810059 0.04375 0.810547 0.04375 0.814941 0.0441406 0.81543 0.0441406 0.816406 0.0453125 0.817871 0.0460938 0.817871 0.0464844 0.817383 0.0472656 0.817383 0.0476562 0.816895 0.0488281 0.816895 0.0523438 0.8125 0.0523438 0.812012 0.0535156 0.810547 0.0535156 0.810059 0.0542969 0.809082 0.0542969 0.808594 0.0546875 0.808105 0.0546875 0.807617 0.0554687 0.806641 0.0554687 0.806152 0.0558594 0.805664 0.0558594 0.805176 0.0566406 0.804199 0.0566406 0.803711 0.0570312 0.803223 0.0570312 0.802734 0.0574219 0.802246 0.0574219 0.801758 0.0578125 0.80127 0.0578125 0.800293 0.0582031 0.799805 0.0582031 0.798828 0.0585938 0.79834 0.0585938 0.797363 0.0589844 0.796875 0.0589844 0.796387 0.0597656 0.79541 0.0597656 0.794922 0.0601563 0.794434 0.0601563 0.792969 0.0605469 0.79248 0.0605469 0.791016 0.0609375 0.790527 0.0609375 0.790039 0.0613281 0.789551 0.0613281 0.788574 0.0617188 0.788086 0.0617188 0.786133 0.0621094 0.785645 0.0621094 0.781738
1 0.0207031 0.803711 0.0207031 0.807129 0.0230469 0.810059 0.0234375 0.810059 0.0238281 0.810547 0.0242188 0.810547 0.0246094 0.811035 0.025 0.811035 0.0253906 0.811523 0.0265625 0.811523 0.0269531 0.812012 0.0273438 0.812012 0.0277344 0.8125 0.0285156 0.8125 0.0289063 0.812988 0.0304687 0.812988 0.0308594 0.813477 0.0375 0.813477 0.0378906 0.812988 0.0390625 0.812988 0.0394531 0.8125 0.0398437 0.8125 0.0402344 0.812012 0.0410156 0.812012 0.0414062 0.811523 0.0417969 0.811523 0.0429688 0.810059 0.0429688 0.809082 0.0433594 0.808594 0.0433594 0.803711 0.0429688 0.803223 0.0429688 0.802734 0.0425781 0.802246 0.0425781 0.801758 0.0421875 0.801758 0.0414062 0.800781 0.0410156 0.800781 0.040625 0.800293 0.0402344 0.800293 0.0398437 0.799805 0.0390625 0.799805 0.0386719 0.799316 0.0375 0.799316 0.0371094 0.798828 0.0359375 0.798828 0.0355469 0.79834 0.0339844 0.79834 0.0335937 0.797852 0.0324219 0.797852 0.0320312 0.79834 0.0292969 0.79834 0.0289063 0.798828 0.0257812 0.798828 0.0253906 0.799316 0.0246094 0.799316 0.0242188 0.799805 0.0238281 0.799805 0.0230469 0.800781 0.0226562 0.800781 0.021875 0.801758 0.0214844 0.801758 0.0214844 0.802246 0.0210938 0.802734 0.0210938 0.803223
1 0.31875 0.934082 0.318359 0.933594 0.318359 0.933105 0.317969 0.932617 0.317969 0.932129 0.317578 0.932129 0.317188 0.931641 0.316797 0.931641 0.316406 0.931152 0.316016 0.931152 0.315625 0.930664 0.312891 0.930664 0.3125 0.930176 0.309375 0.930176 0.308984 0.930664 0.30625 0.930664 0.305859 0.931152 0.305469 0.931152 0.305078 0.931641 0.304688 0.931641 0.304297 0.932129 0.303906 0.932129 0.303516 0.932617 0.303125 0.932617 0.302734 0.933105 0.302344 0.933105 0.301563 0.934082 0.301172 0.934082 0.300781 0.93457 0.300391 0.93457 0.299219 0.936035 0.298828 0.936035 0.298047 0.937012 0.297656 0.937012 0.296875 0.937988 0.296484 0.937988 0.295703 0.938965 0.295312 0.938965 0.29375 0.940918 0.29375 0.941406 0.292187 0.943359 0.292187 0.944336 0.291797 0.944824 0.291797 0.948242 0.29375 0.950684 0.294141 0.950684 0.294531 0.951172 0.296875 0.951172 0.297266 0.950684 0.299609 0.950684 0.3 0.950195 0.301953 0.950195 0.302344 0.949707 0.303125 0.949707 0.303516 0.949219 0.303906 0.949219 0.304297 0.94873 0.304688 0.94873 0.305078 0.948242 0.305469 0.948242 0.30625 0.947266 0.306641 0.947266 0.307031 0.946777 0.307422 0.946777 0.307812 0.946289 0.308203 0.946289 0.308594 0.945801 0.308984 0.945801 0.309375 0.945312 0.309766 0.945312 0.310156 0.944824 0.310547 0.944824 0.311328 0.943848 0.311719 0.943848 0.314063 0.940918 0.314453 0.940918 0.314844 0.94043 0.315234 0.94043 0.316016 0.939453 0.316406 0.939453 0.317578 0.937988 0.317578 0.9375 0.31875 0.936035
1 0.303125 0.967285 0.303516 0.967773 0.303906 0.967773 0.304688 0.96875 0.305078 0.96875 0.305469 0.969238 0.305859 0.969238 0.30625 0.969727 0.306641 0.969727 0.307031 0.970215 0.307422 0.970215 0.307812 0.970703 0.308594 0.970703 0.308984 0.971191 0.309766 0.971191 0.310156 0.97168 0.312109 0.97168 0.3125 0.972168 0.314453 0.972168 0.314844 0.972656 0.317188 0.972656 0.317578 0.973145 0.321875 0.973145 0.322266 0.972656 0.325391 0.972656 0.325781 0.972168 0.326953 0.972168 0.327344 0.97168 0.328516 0.97168 0.328906 0.971191 0.329688 0.971191 0.330078 0.970703 0.330859 0.970703 0.33125 0.970215 0.332422 0.970215 0.332813 0.969727 0.333203 0.969727 0.333594 0.969238 0.333984 0.969238 0.334375 0.96875 0.335156 0.96875 0.335547 0.968262 0.335938 0.968262 0.336328 0.967773 0.336719 0.967773 0.337109 0.967285 0.337891 0.967285 0.341016 0.963379 0.341016 0.961914 0.338672 0.958984 0.3375 0.958984 0.337109 0.958496 0.334766 0.958496 0.334375 0.958008 0.332813 0.958008 0.332422 0.95752 0.33125 0.95752 0.330859 0.957031 0.321484 0.957031 0.321094 0.95752 0.319531 0.95752 0.319141 0.958008 0.316797 0.958008 0.316406 0.958496 0.314844 0.958496 0.314453 0.958984 0.313672 0.958984 0.312891 0.959961 0.3125 0.959961 0.312109 0.960449 0.311719 0.960449 0.311328 0.960938 0.310937 0.960938 0.310547 0.961426 0.309766 0.961426 0.309375 0.961914 0.307812 0.961914 0.307422 0.962402 0.306641 0.962402 0.30625 0.962891 0.305469 0.962891 0.303125 0.96582
1 0.478906 0.662109 0.478516 0.662598 0.478516 0.663086 0.478125 0.663574 0.478125 0.664062 0.477734 0.664551 0.477734 0.665527 0.477344 0.666016 0.477344 0.666504 0.476562 0.66748 0.476562 0.667969 0.476172 0.668457 0.476172 0.670898 0.477344 0.672363 0.477734 0.672363 0.478125 0.672852 0.478516 0.672852 0.478906 0.67334 0.479297 0.67334 0.480078 0.674316 0.480078 0.674805 0.480469 0.675293 0.480469 0.675781 0.480859 0.67627 0.480859 0.676758 0.48125 0.676758 0.482031 0.677734 0.482031 0.678223 0.482422 0.678711 0.482422 0.680176 0.482812 0.680664 0.482812 0.681641 0.483203 0.682129 0.483203 0.682617 0.484766 0.68457 0.484766 0.685059 0.486328 0.687012 0.486719 0.687012 0.487891 0.688477 0.488281 0.688477 0.489063 0.689453 0.491797 0.689453 0.492578 0.688477 0.492969 0.688477 0.494141 0.687012 0.494531 0.687012 0.495312 0.686035 0.495312 0.685547 0.495703 0.685059 0.495703 0.684082 0.496094 0.683594 0.496094 0.683105 0.496484 0.682617 0.496484 0.682129 0.496875 0.681641 0.496875 0.677734 0.496484 0.677246 0.496484 0.676758 0.495703 0.675781 0.495312 0.675781 0.493359 0.67334 0.492969 0.67334 0.492578 0.672852 0.492188 0.672852 0.491797 0.672363 0.490625 0.672363 0.490234 0.671875 0.489453 0.671875 0.489063 0.671387 0.488281 0.671387 0.487891 0.670898 0.4875 0.670898 0.487109 0.67041 0.486719 0.67041 0.484766 0.667969 0.484766 0.66748 0.484375 0.666992 0.484375 0.666504 0.483984 0.666016 0.483984 0.665527 0.483594 0.665039 0.483594 0.664551 0.483203 0.664062 0.483203 0.663574 0.482812 0.663086 0.482422 0.663086 0.482031 0.662598 0.480078 0.662598 0.479687 0.662109
1 0.617188 0.552246 0.617188 0.553711 0.617578 0.554199 0.617578 0.555664 0.617969 0.556152 0.617969 0.556641 0.619141 0.558105 0.619531 0.558105 0.620313 0.559082 0.620703 0.559082 0.621094 0.55957 0.621484 0.55957 0.622266 0.560547 0.623047 0.560547 0.623437 0.561035 0.624219 0.561035 0.624609 0.561523 0.625391 0.561523 0.625781 0.562012 0.628516 0.562012 0.628906 0.5625 0.631641 0.5625 0.632031 0.562012 0.633594 0.562012 0.633984 0.561523 0.635156 0.561523 0.635547 0.561035 0.636328 0.561035 0.636719 0.560547 0.637109 0.560547 0.637891 0.55957 0.637891 0.559082 0.638672 0.558105 0.638672 0.557129 0.639062 0.556641 0.639062 0.555664 0.638672 0.555176 0.638672 0.552734 0.6375 0.55127 0.637109 0.55127 0.635938 0.549805 0.635547 0.549805 0.635156 0.549316 0.634766 0.549316 0.634375 0.548828 0.633594 0.548828 0.633203 0.54834 0.632031 0.54834 0.631641 0.547852 0.630078 0.547852 0.629687 0.547363 0.626953 0.547363 0.626563 0.546875 0.623047 0.546875 0.622656 0.547363 0.621484 0.547363 0.621094 0.547852 0.620313 0.547852 0.619922 0.54834 0.619531 0.54834 0.619141 0.548828 0.61875 0.548828 0.618359 0.549316 0.618359 0.549805 0.617969 0.550293 0.617969 0.550781 0.617578 0.55127 0.617578 0.551758
1 0.71875 0.953125 0.718438 0.952393 0.718477 0.950635 0.717539 0.949219 0.716211 0.948242 0.715078 0.9479 0.713398 0.948584 0.711406 0.949805 0.710156 0.950439 0.709531 0.951318 0.709063 0.952051 0.709023 0.952588 0.708984 0.953125 0.708203 0.953125 0.707812 0.953613 0.707422 0.953613 0.707031 0.954102 0.70625 0.954102 0.705859 0.95459 0.705078 0.95459 0.704297 0.955566 0.704297 0.956055 0.703906 0.956543 0.703906 0.957031 0.703125 0.958008 0.703125 0.958496 0.702734 0.958984 0.702734 0.959473 0.701953 0.960449 0.701953 0.960938 0.701172 0.961914 0.701172 0.962402 0.700781 0.962891 0.700781 0.966309 0.701172 0.966797 0.701172 0.967285 0.701953 0.968262 0.702344 0.968262 0.702734 0.96875 0.707031 0.96875 0.707422 0.968262 0.708594 0.968262 0.708984 0.967773 0.709766 0.967773 0.710156 0.967285 0.710547 0.967285 0.710938 0.966797 0.711328 0.966797 0.711719 0.966309 0.712109 0.966309 0.712891 0.965332 0.713281 0.965332 0.714063 0.964355 0.714453 0.964355 0.715234 0.963379 0.715625 0.963379 0.716797 0.961914 0.716797 0.961426 0.717969 0.959961 0.717969 0.958984 0.718359 0.958496 0.718359 0.958008 0.717969 0.95752 0.718555 0.954834 0.718477 0.95376
1 0.716797 0.946289 0.716797 0.947754 0.717187 0.948242 0.717578 0.948242 0.71875 0.949707 0.71875 0.950195 0.719141 0.950684 0.719141 0.952148 0.719531 0.952637 0.719531 0.953125 0.719922 0.953613 0.720742 0.956055 0.721797 0.95708 0.722578 0.957227 0.723242 0.957764 0.723398 0.958398 0.724258 0.958984 0.725313 0.959326 0.725898 0.959424 0.72625 0.959473 0.726875 0.959375 0.727422 0.958936 0.727734 0.958496 0.728516 0.958496 0.728906 0.958008 0.729297 0.958008 0.729688 0.95752 0.730469 0.95752 0.730859 0.957031 0.732031 0.957031 0.733203 0.955566 0.733203 0.953125 0.732812 0.952637 0.732812 0.952148 0.732422 0.95166 0.732422 0.951172 0.732031 0.950684 0.732031 0.950195 0.730859 0.94873 0.730859 0.948242 0.730078 0.947266 0.729688 0.947266 0.729297 0.946777 0.728906 0.946777 0.728516 0.946289 0.728125 0.946289 0.727734 0.945801 0.727344 0.945801 0.726953 0.945312 0.726562 0.945312 0.724609 0.942871 0.723437 0.942871 0.723047 0.942383 0.719922 0.942383 0.719531 0.942871 0.719141 0.942871 0.718359 0.943848 0.718359 0.944336 0.717969 0.944824 0.717969 0.945312 0.717187 0.946289
1 0.776953 0.852539 0.775781 0.854004 0.775781 0.854492 0.775391 0.85498 0.775391 0.855957 0.775 0.856445 0.775 0.85791 0.775391 0.858398 0.775391 0.858887 0.775781 0.859375 0.775781 0.860352 0.776563 0.861328 0.776563 0.861816 0.780078 0.866211 0.780469 0.866211 0.782813 0.869141 0.783203 0.869141 0.783594 0.869629 0.783984 0.869629 0.784375 0.870117 0.784766 0.870117 0.785156 0.870605 0.785547 0.870605 0.785937 0.871094 0.786328 0.871094 0.786719 0.871582 0.788281 0.871582 0.788672 0.871094 0.789062 0.871094 0.789453 0.870605 0.789844 0.870605 0.791016 0.869141 0.791016 0.868652 0.791406 0.868164 0.791406 0.867676 0.791797 0.867188 0.791797 0.861816 0.791406 0.861328 0.791406 0.86084 0.789844 0.858887 0.789844 0.858398 0.788672 0.856934 0.788672 0.856445 0.788281 0.856445 0.787891 0.855957 0.787891 0.855469 0.7875 0.85498 0.787109 0.85498 0.785937 0.853516 0.785547 0.853516 0.785156 0.853027 0.784766 0.853027 0.784375 0.852539 0.783594 0.852539 0.783203 0.852051 0.780859 0.852051 0.780469 0.851562 0.778906 0.851562 0.778516 0.852051 0.777734 0.852051 0.777344 0.852539
2 0.136719 0.775879 0.136719 0.779785 0.1375 0.780762 0.1375 0.78125 0.139453 0.783691 0.139844 0.783691 0.140625 0.784668 0.141016 0.784668 0.142578 0.786621 0.142969 0.786621 0.14375 0.787598 0.144141 0.787598 0.144531 0.788086 0.144922 0.788086 0.145313 0.788574 0.145703 0.788574 0.146094 0.789062 0.146484 0.789062 0.146875 0.789551 0.147266 0.789551 0.147656 0.790039 0.148047 0.790039 0.148828 0.791016 0.149219 0.791016 0.149609 0.791504 0.150391 0.791504 0.150781 0.791992 0.152734 0.791992 0.153125 0.79248 0.157812 0.79248 0.158203 0.791992 0.159766 0.791992 0.160156 0.791504 0.160938 0.791504 0.161328 0.791016 0.162109 0.791016 0.1625 0.790527 0.162891 0.790527 0.163672 0.789551 0.164062 0.789551 0.164453 0.789062 0.164844 0.789062 0.165234 0.788574 0.165625 0.788574 0.166016 0.788086 0.166406 0.788086 0.166797 0.787598 0.167578 0.787598 0.167969 0.787109 0.16875 0.787109 0.169141 0.786621 0.169531 0.786621 0.170313 0.785645 0.170703 0.785645 0.171094 0.785156 0.171484 0.785156 0.171875 0.784668 0.172266 0.784668 0.172656 0.78418 0.173437 0.78418 0.173828 0.783691 0.174609 0.783691 0.175 0.783203 0.175 0.78125 0.174609 0.780762 0.174609 0.780273 0.174219 0.779785 0.169141 0.779785 0.16875 0.780273 0.164844 0.780273 0.164453 0.780762 0.1625 0.780762 0.162109 0.78125 0.15625 0.78125 0.155859 0.780762 0.154688 0.780762 0.154297 0.780273 0.153516 0.780273 0.153125 0.779785 0.152344 0.779785 0.151953 0.779297 0.151172 0.779297 0.150781 0.778809 0.15 0.778809 0.149609 0.77832 0.148828 0.77832 0.148438 0.777832 0.148047 0.777832 0.147656 0.777344 0.147266 0.777344 0.146875 0.776855 0.146484 0.776855 0.146094 0.776367 0.145313 0.776367 0.144922 0.775879 0.144141 0.775879 0.14375 0.775391 0.142969 0.775391 0.142578 0.774902 0.141406 0.774902 0.141016 0.774414 0.137891 0.774414 0.1375 0.774902 0.137109 0.774902 0.137109 0.775391
2 0.135547 0.644043 0.135547 0.646973 0.136328 0.647949 0.136328 0.648438 0.1375 0.649902 0.137891 0.649902 0.138672 0.650879 0.139063 0.650879 0.139453 0.651367 0.139844 0.651367 0.140625 0.652344 0.141016 0.652344 0.141797 0.65332 0.142187 0.65332 0.142578 0.653809 0.142969 0.653809 0.143359 0.654297 0.14375 0.654297 0.144141 0.654785 0.144531 0.654785 0.144922 0.655273 0.145313 0.655273 0.145703 0.655762 0.146094 0.655762 0.146484 0.65625 0.146875 0.65625 0.147266 0.656738 0.147656 0.656738 0.149219 0.658691 0.149609 0.658691 0.150391 0.659668 0.150781 0.659668 0.151172 0.660156 0.151562 0.660156 0.151953 0.660645 0.152344 0.660645 0.153906 0.662598 0.154297 0.662598 0.156641 0.665527 0.156641 0.666016 0.158203 0.667969 0.158594 0.667969 0.158984 0.668457 0.159375 0.668457 0.160547 0.669922 0.160938 0.669922 0.161328 0.67041 0.161719 0.67041 0.1625 0.671387 0.163281 0.671387 0.163672 0.671875 0.164062 0.671875 0.164453 0.672363 0.164844 0.672363 0.165625 0.67334 0.166406 0.67334 0.166797 0.673828 0.168359 0.673828 0.16875 0.674316 0.170703 0.674316 0.171094 0.674805 0.180078 0.674805 0.180469 0.674316 0.183203 0.674316 0.183594 0.673828 0.184766 0.673828 0.185156 0.67334 0.185547 0.67334 0.186328 0.672363 0.186328 0.671875 0.186719 0.671387 0.186719 0.668457 0.186328 0.667969 0.186328 0.66748 0.184766 0.665527 0.184375 0.665527 0.183984 0.665039 0.182812 0.665039 0.182422 0.664551 0.176563 0.664551 0.176172 0.664062 0.175391 0.664062 0.175 0.663574 0.174219 0.663574 0.173828 0.663086 0.172656 0.663086 0.172266 0.662598 0.171484 0.662598 0.171094 0.662109 0.170703 0.662109 0.170313 0.661621 0.169531 0.661621 0.169141 0.661133 0.168359 0.661133 0.167969 0.660645 0.167578 0.660645 0.167187 0.660156 0.166406 0.660156 0.166016 0.659668 0.165625 0.659668 0.164844 0.658691 0.164453 0.658691 0.164062 0.658203 0.163672 0.658203 0.162891 0.657227 0.1625 0.657227 0.162109 0.656738 0.161328 0.656738 0.160547 0.655762 0.160156 0.655762 0.159766 0.655273 0.159375 0.655273 0.158594 0.654297 0.158203 0.654297 0.157422 0.65332 0.157031 0.65332 0.153906 0.649414 0.153516 0.649414 0.152734 0.648438 0.152344 0.648438 0.151172 0.646973 0.150781 0.646973 0.15 0.645996 0.149609 0.645996 0.149219 0.645508 0.148828 0.645508 0.148438 0.64502 0.148047 0.64502 0.147656 0.644531 0.147266 0.644531 0.146875 0.644043 0.146484 0.644043 0.146094 0.643555 0.145313 0.643555 0.144922 0.643066 0.144531 0.643066 0.144141 0.642578 0.142969 0.642578 0.142578 0.64209 0.1375 0.64209 0.137109 0.642578 0.136719 0.642578 0.136328 0.643066 0.135937 0.643066 0.135937 0.643555
2 0.185938 0.662109 0.185938 0.662598 0.185156 0.663574 0.185156 0.664062 0.184766 0.664551 0.184766 0.665527 0.184375 0.666016 0.184375 0.669434 0.184766 0.669922 0.184766 0.67041 0.186719 0.672852 0.187109 0.672852 0.188281 0.674316 0.188672 0.674316 0.189062 0.674805 0.189453 0.674805 0.190234 0.675781 0.190625 0.675781 0.195312 0.681641 0.195312 0.682129 0.196875 0.684082 0.197266 0.684082 0.198437 0.685547 0.198828 0.685547 0.2 0.687012 0.200391 0.687012 0.201953 0.688965 0.202344 0.688965 0.203516 0.69043 0.203906 0.69043 0.204297 0.690918 0.204687 0.690918 0.205078 0.691406 0.205469 0.691406 0.205859 0.691895 0.206641 0.691895 0.207031 0.692383 0.207813 0.692383 0.208203 0.692871 0.208984 0.692871 0.209375 0.693359 0.210938 0.693359 0.211328 0.693848 0.215625 0.693848 0.216016 0.693359 0.217969 0.693359 0.218359 0.693848 0.219531 0.693848 0.219922 0.694336 0.220703 0.694336 0.221094 0.693848 0.221484 0.693848 0.221484 0.690918 0.221094 0.69043 0.221094 0.689453 0.220703 0.688965 0.220312 0.688965 0.219922 0.688477 0.217188 0.688477 0.216797 0.687988 0.216406 0.687988 0.213672 0.68457 0.213281 0.68457 0.2125 0.683594 0.212109 0.683594 0.210547 0.681641 0.210156 0.681641 0.208984 0.680176 0.208594 0.680176 0.204687 0.675293 0.204297 0.675293 0.202344 0.672852 0.202344 0.672363 0.201953 0.672363 0.200391 0.67041 0.2 0.67041 0.198828 0.668945 0.198828 0.668457 0.194922 0.663574 0.194922 0.663086 0.19375 0.661621 0.193359 0.661621 0.192969 0.661133 0.191406 0.661133 0.191016 0.660645 0.188672 0.660645 0.188281 0.661133 0.1875 0.661133 0.187109 0.661621 0.186719 0.661621 0.186328 0.662109
2 0.20625 0.657715 0.205859 0.658203 0.205859 0.65918 0.20625 0.659668 0.20625 0.660156 0.206641 0.660645 0.206641 0.661133 0.207031 0.661621 0.207031 0.662109 0.209766 0.665527 0.209766 0.666016 0.210938 0.66748 0.210938 0.667969 0.211328 0.668457 0.211328 0.668945 0.211719 0.669434 0.211719 0.669922 0.212109 0.67041 0.212109 0.670898 0.212891 0.671875 0.212891 0.672363 0.214453 0.674316 0.214453 0.674805 0.215234 0.675781 0.215234 0.67627 0.216016 0.677246 0.216016 0.677734 0.217188 0.679199 0.217188 0.679688 0.217578 0.680176 0.217578 0.680664 0.217969 0.681152 0.217969 0.681641 0.218359 0.682129 0.218359 0.683105 0.21875 0.683594 0.21875 0.68457 0.219141 0.685059 0.219141 0.686035 0.219531 0.686523 0.219531 0.687012 0.219922 0.6875 0.219922 0.687988 0.221094 0.689453 0.221094 0.689941 0.221484 0.69043 0.221484 0.691895 0.221875 0.692383 0.221875 0.693359 0.222656 0.694336 0.222656 0.694824 0.223047 0.695312 0.223047 0.695801 0.223438 0.696289 0.223438 0.696777 0.223828 0.697266 0.223828 0.698242 0.224219 0.69873 0.224219 0.699707 0.224609 0.700195 0.224609 0.700684 0.225 0.701172 0.225 0.70166 0.225391 0.702148 0.225391 0.702637 0.225781 0.703125 0.225781 0.704102 0.226172 0.70459 0.226172 0.705078 0.226562 0.705566 0.226562 0.706055 0.226953 0.706543 0.226953 0.70752 0.227344 0.708008 0.227344 0.708496 0.227734 0.708984 0.227734 0.709961 0.228125 0.710449 0.228125 0.710938 0.228516 0.711426 0.228516 0.711914 0.230078 0.713867 0.230469 0.713867 0.230859 0.714355 0.23125 0.714355 0.231641 0.714844 0.233203 0.714844 0.233594 0.714355 0.233984 0.714355 0.235547 0.712402 0.235547 0.710449 0.235937 0.709961 0.235937 0.704102 0.235547 0.703613 0.235547 0.70166 0.235156 0.701172 0.235156 0.699707 0.234766 0.699219 0.234766 0.697266 0.234375 0.696777 0.234375 0.695801 0.233984 0.695312 0.233984 0.693848 0.233594 0.693359 0.233594 0.691895 0.233203 0.691406 0.233203 0.689453 0.232813 0.688965 0.232813 0.688477 0.232422 0.687988 0.232422 0.6875 0.232031 0.687012 0.232031 0.686035 0.23125 0.685059 0.23125 0.68457 0.230859 0.684082 0.230859 0.683594 0.230469 0.683105 0.230469 0.682129 0.230078 0.681641 0.230078 0.681152 0.229297 0.680176 0.229297 0.679688 0.227734 0.677734 0.227734 0.677246 0.226953 0.67627 0.226953 0.675781 0.226172 0.674805 0.226172 0.674316 0.225781 0.673828 0.225781 0.67334 0.223438 0.67041 0.223438 0.669922 0.220703 0.666504 0.220312 0.666504 0.219141 0.665039 0.21875 0.665039 0.217969 0.664062 0.217969 0.663574 0.216016 0.661133 0.215625 0.661133 0.215234 0.660645 0.214844 0.660645 0.214453 0.660156 0.214062 0.660156 0.213672 0.659668 0.212891 0.659668 0.2125 0.65918 0.212109 0.65918 0.211328 0.658203 0.210938 0.658203 0.210547 0.657715 0.210156 0.657715 0.209766 0.657227 0.207031 0.657227 0.206641 0.657715
2 0.0621094 0.708496 0.0621094 0.711426 0.0625 0.711914 0.0625 0.712891 0.0636719 0.714355 0.0640625 0.714355 0.0652344 0.71582 0.065625 0.71582 0.0664062 0.716797 0.0667969 0.716797 0.0671875 0.717285 0.0675781 0.717285 0.0679687 0.717773 0.0683594 0.717773 0.06875 0.718262 0.0691406 0.718262 0.0695313 0.71875 0.0703125 0.71875 0.0707031 0.719238 0.0710937 0.719238 0.071875 0.720215 0.0722656 0.720215 0.0738281 0.722168 0.0742188 0.722168 0.0773438 0.726074 0.0773438 0.726562 0.0777344 0.727051 0.0777344 0.727539 0.0785156 0.728516 0.0785156 0.729004 0.0796875 0.730469 0.0800781 0.730469 0.0808594 0.731445 0.08125 0.731445 0.0816406 0.731934 0.0824219 0.731934 0.0828125 0.732422 0.0851563 0.732422 0.0855469 0.731934 0.0863281 0.731934 0.0867187 0.731445 0.0871094 0.731445 0.0875 0.730957 0.0878906 0.730957 0.0890625 0.729492 0.0890625 0.729004 0.0894531 0.728516 0.0894531 0.725586 0.0898438 0.725098 0.0898438 0.723145 0.0894531 0.722656 0.0894531 0.719727 0.0890625 0.719238 0.0890625 0.71875 0.0886719 0.718262 0.0886719 0.717773 0.0882813 0.717285 0.0882813 0.716797 0.0878906 0.716309 0.0878906 0.71582 0.0871094 0.714844 0.0871094 0.714355 0.0867187 0.713867 0.0867187 0.713379 0.0859375 0.712402 0.0859375 0.711914 0.0828125 0.708008 0.0824219 0.708008 0.0816406 0.707031 0.08125 0.707031 0.0808594 0.706543 0.0804688 0.706543 0.0800781 0.706055 0.0796875 0.706055 0.0792969 0.705566 0.078125 0.705566 0.0777344 0.705078 0.0769531 0.705078 0.0765625 0.70459 0.0746094 0.70459 0.0742188 0.704102 0.0707031 0.704102 0.0703125 0.70459 0.06875 0.70459 0.0683594 0.705078 0.0667969 0.705078 0.0664062 0.705566 0.065625 0.705566 0.0652344 0.706055 0.0648438 0.706055 0.0644531 0.706543 0.0640625 0.706543 0.0636719 0.707031 0.0632812 0.707031
2 0.0953125 0.943848 0.0953125 0.945312 0.0949219 0.945801 0.0949219 0.947266 0.0953125 0.947754 0.0953125 0.948242 0.0992187 0.953125 0.0996094 0.953125 0.100781 0.95459 0.101172 0.95459 0.102734 0.956543 0.103125 0.956543 0.105469 0.959473 0.105859 0.959473 0.107031 0.960938 0.107422 0.960938 0.110547 0.964844 0.110937 0.964844 0.112109 0.966309 0.1125 0.966309 0.113281 0.967285 0.113672 0.967285 0.114453 0.968262 0.114844 0.968262 0.115625 0.969238 0.116016 0.969238 0.116406 0.969727 0.116797 0.969727 0.117188 0.970215 0.117578 0.970215 0.118359 0.971191 0.11875 0.971191 0.119531 0.972168 0.119922 0.972168 0.120313 0.972656 0.120703 0.972656 0.121484 0.973633 0.121875 0.973633 0.122266 0.974121 0.122656 0.974121 0.123438 0.975098 0.123828 0.975098 0.124219 0.975586 0.124609 0.975586 0.125 0.976074 0.125781 0.976074 0.126172 0.976562 0.127344 0.976562 0.127734 0.977051 0.129297 0.977051 0.129688 0.977539 0.130859 0.977539 0.13125 0.978027 0.133203 0.978027 0.133594 0.978516 0.137109 0.978516 0.1375 0.979004 0.146484 0.979004 0.146875 0.979492 0.148438 0.979492 0.148828 0.97998 0.155859 0.97998 0.15625 0.979492 0.157031 0.979492 0.157422 0.979004 0.157812 0.979004 0.158203 0.978516 0.158203 0.978027 0.158594 0.977539 0.158594 0.977051 0.158984 0.976562 0.158984 0.972168 0.158594 0.97168 0.158594 0.970703 0.155859 0.967285 0.155469 0.967285 0.154297 0.96582 0.153516 0.96582 0.153125 0.965332 0.152344 0.965332 0.151953 0.964844 0.151172 0.964844 0.150781 0.964355 0.15 0.964355 0.149609 0.963867 0.148438 0.963867 0.148047 0.963379 0.147656 0.963379 0.147266 0.962891 0.146484 0.962891 0.146094 0.962402 0.144922 0.962402 0.144531 0.961914 0.143359 0.961914 0.142969 0.961426 0.141797 0.961426 0.141406 0.960938 0.140234 0.960938 0.139844 0.960449 0.139063 0.960449 0.138672 0.959961 0.1375 0.959961 0.137109 0.959473 0.135937 0.959473 0.135547 0.958984 0.134375 0.958984 0.133984 0.958496 0.132812 0.958496 0.132422 0.958008 0.130859 0.958008 0.130469 0.95752 0.128906 0.95752 0.128516 0.957031 0.127344 0.957031 0.126953 0.956543 0.125781 0.956543 0.125391 0.956055 0.124219 0.956055 0.123828 0.955566 0.122656 0.955566 0.122266 0.955078 0.121875 0.955078 0.121484 0.95459 0.120703 0.95459 0.120313 0.954102 0.119531 0.954102 0.119141 0.953613 0.118359 0.953613 0.117969 0.953125 0.117188 0.953125 0.116797 0.952637 0.116016 0.952637 0.115234 0.95166 0.114844 0.95166 0.114453 0.951172 0.114062 0.951172 0.113672 0.950684 0.113281 0.950684 0.112891 0.950195 0.112109 0.950195 0.111719 0.949707 0.110937 0.949707 0.110547 0.949219 0.110156 0.949219 0.109766 0.94873 0.109375 0.94873 0.108984 0.948242 0.108594 0.948242 0.108203 0.947754 0.107813 0.947754 0.107422 0.947266 0.106641 0.947266 0.10625 0.946777 0.105469 0.946777 0.105078 0.946289 0.104688 0.946289 0.104297 0.945801 0.103516 0.945801 0.103125 0.945312 0.102344 0.945312 0.101953 0.944824 0.101562 0.944824 0.101172 0.944336 0.100781 0.944336 0.100391 0.943848 0.0996094 0.943848 0.0992187 0.943359 0.0957031 0.943359
2 0.475 0.761719 0.473438 0.761719 0.473047 0.762207 0.472266 0.762207 0.471875 0.762695 0.471094 0.762695 0.469922 0.76416 0.469922 0.764648 0.469531 0.765137 0.469531 0.765625 0.46875 0.766602 0.46875 0.76709 0.468359 0.767578 0.468359 0.768066 0.467969 0.768555 0.467969 0.769043 0.467187 0.77002 0.467187 0.770508 0.466406 0.771484 0.466406 0.771973 0.465625 0.772949 0.465625 0.773438 0.464062 0.775391 0.464062 0.775879 0.461719 0.778809 0.461719 0.779297 0.460547 0.780762 0.460547 0.78125 0.457813 0.784668 0.457813 0.785156 0.455469 0.788086 0.455469 0.788574 0.454297 0.790039 0.454297 0.790527 0.453906 0.791016 0.453906 0.791504 0.453516 0.791992 0.453516 0.792969 0.453125 0.793457 0.453125 0.793945 0.452734 0.794434 0.452734 0.794922 0.452344 0.79541 0.452344 0.795898 0.451562 0.796875 0.451562 0.797363 0.451172 0.797852 0.451172 0.798828 0.450781 0.799316 0.450781 0.800781 0.450391 0.80127 0.450391 0.806152 0.45 0.806641 0.45 0.824707 0.450391 0.825195 0.450391 0.828613 0.450781 0.829102 0.450781 0.830566 0.451172 0.831055 0.451172 0.832031 0.451953 0.833008 0.452344 0.833008 0.453125 0.833984 0.453516 0.833984 0.453906 0.834473 0.455078 0.834473 0.455859 0.833496 0.455859 0.832031 0.45625 0.831543 0.45625 0.82959 0.456641 0.829102 0.456641 0.825684 0.457031 0.825195 0.457031 0.822266 0.457422 0.821777 0.457422 0.818359 0.457813 0.817871 0.457813 0.816406 0.458203 0.815918 0.458203 0.813965 0.458594 0.813477 0.458594 0.8125 0.458984 0.812012 0.458984 0.810547 0.459375 0.810059 0.459375 0.80957 0.459766 0.809082 0.459766 0.808105 0.460156 0.807617 0.460156 0.807129 0.460547 0.806641 0.460547 0.805664 0.460938 0.805176 0.460938 0.804688 0.461328 0.804199 0.461328 0.803711 0.461719 0.803223 0.461719 0.802734 0.462109 0.802246 0.462109 0.801758 0.462891 0.800781 0.462891 0.800293 0.463672 0.799316 0.463672 0.798828 0.464062 0.79834 0.464062 0.797852 0.464844 0.796875 0.464844 0.796387 0.465625 0.79541 0.465625 0.794922 0.466406 0.793945 0.466406 0.793457 0.466797 0.792969 0.466797 0.79248 0.467187 0.791992 0.467187 0.791504 0.467578 0.791016 0.467578 0.790527 0.467969 0.790039 0.467969 0.789551 0.46875 0.788574 0.46875 0.788086 0.469531 0.787109 0.469531 0.786621 0.469922 0.786133 0.469922 0.785645 0.470313 0.785156 0.470313 0.784668 0.470703 0.78418 0.470703 0.783691 0.471094 0.783203 0.471094 0.782715 0.471875 0.781738 0.471875 0.78125 0.472266 0.780762 0.472266 0.780273 0.473047 0.779297 0.473047 0.778809 0.473438 0.77832 0.473438 0.777832 0.473828 0.777344 0.473828 0.776367 0.474219 0.775879 0.474219 0.775391 0.474609 0.774902 0.474609 0.774414 0.475391 0.773438 0.475391 0.772949 0.475781 0.772461 0.475781 0.771484 0.476172 0.770996 0.476172 0.76416 0.475781 0.763672 0.475781 0.762695
2 0.250391 0.41748 0.249609 0.418457 0.249219 0.418457 0.248047 0.419922 0.248047 0.420898 0.247656 0.421387 0.247656 0.422852 0.247266 0.42334 0.247266 0.432129 0.247656 0.432617 0.247656 0.433594 0.248047 0.434082 0.248047 0.435059 0.248438 0.435547 0.248438 0.436035 0.248828 0.436523 0.248828 0.437012 0.249219 0.4375 0.249219 0.437988 0.249609 0.438477 0.249609 0.439453 0.250391 0.44043 0.250391 0.440918 0.251172 0.441895 0.251172 0.442383 0.252734 0.444336 0.253125 0.444336 0.253516 0.444824 0.253906 0.444824 0.254688 0.445801 0.255078 0.445801 0.255469 0.446289 0.255859 0.446289 0.25625 0.446777 0.257031 0.446777 0.257422 0.447266 0.258203 0.447266 0.258594 0.447754 0.263672 0.447754 0.264453 0.446777 0.264453 0.446289 0.264844 0.445801 0.264844 0.444336 0.265234 0.443848 0.265234 0.442383 0.264844 0.441895 0.264844 0.438965 0.264453 0.438477 0.264453 0.437988 0.264062 0.4375 0.264062 0.437012 0.263672 0.436523 0.263672 0.436035 0.263281 0.435547 0.263281 0.431152 0.264062 0.430176 0.264062 0.429688 0.264453 0.429199 0.264453 0.428711 0.264844 0.428223 0.264844 0.427246 0.265234 0.426758 0.265234 0.425293 0.265625 0.424805 0.265625 0.424316 0.265234 0.423828 0.265234 0.42334 0.263672 0.421387 0.263281 0.421387 0.2625 0.42041 0.262109 0.42041 0.261719 0.419922 0.261328 0.419922 0.260937 0.419434 0.260547 0.419434 0.260156 0.418945 0.259766 0.418945 0.259375 0.418457 0.258594 0.418457 0.258203 0.417969 0.257422 0.417969 0.257031 0.41748 0.255859 0.41748 0.255469 0.416992 0.253516 0.416992 0.253125 0.416504 0.251953 0.416504 0.251563 0.416992 0.251172 0.416992 0.250781 0.41748
2 0.319141 0.349121 0.317969 0.349121 0.317578 0.349609 0.317578 0.350098 0.317188 0.350586 0.317188 0.351562 0.316797 0.352051 0.316797 0.353516 0.316406 0.354004 0.316406 0.35498 0.316016 0.355469 0.316016 0.355957 0.315625 0.356445 0.315625 0.357422 0.315234 0.35791 0.315234 0.358887 0.315625 0.359375 0.315625 0.36084 0.315234 0.361328 0.315234 0.362305 0.314844 0.362793 0.314844 0.363281 0.314453 0.36377 0.314453 0.364746 0.314063 0.365234 0.314063 0.365723 0.313672 0.366211 0.313672 0.366699 0.313281 0.367188 0.313281 0.367676 0.312891 0.368164 0.312891 0.368652 0.3125 0.369141 0.3125 0.369629 0.312109 0.370117 0.312109 0.370605 0.311719 0.371094 0.311719 0.371582 0.311328 0.37207 0.311328 0.372559 0.310937 0.373047 0.310937 0.373535 0.310547 0.374023 0.310547 0.374512 0.310156 0.375 0.310156 0.375488 0.309766 0.375977 0.309766 0.376465 0.309375 0.376953 0.309375 0.377441 0.308984 0.37793 0.308984 0.378418 0.308594 0.378906 0.308594 0.379395 0.308203 0.379883 0.308203 0.380371 0.307812 0.380859 0.307812 0.381836 0.307422 0.382324 0.307422 0.383301 0.307031 0.383789 0.307031 0.384277 0.306641 0.384766 0.306641 0.385254 0.30625 0.385742 0.30625 0.386719 0.305859 0.387207 0.305859 0.387695 0.305469 0.388184 0.305469 0.38916 0.305078 0.389648 0.305078 0.390137 0.304297 0.391113 0.304297 0.391602 0.303906 0.39209 0.303906 0.392578 0.303516 0.393066 0.303516 0.393555 0.303125 0.394043 0.303125 0.394531 0.302734 0.39502 0.302734 0.395996 0.301953 0.396973 0.301953 0.397461 0.301563 0.397949 0.301563 0.398926 0.301172 0.399414 0.301172 0.401855 0.301563 0.402344 0.301563 0.40332 0.302344 0.404297 0.302734 0.404297 0.303125 0.404785 0.30625 0.404785 0.306641 0.404297 0.307812 0.404297 0.308203 0.403809 0.308594 0.403809 0.308984 0.40332 0.309375 0.40332 0.309766 0.402832 0.310156 0.402832 0.310547 0.402344 0.310937 0.402344 0.311328 0.401855 0.311328 0.401367 0.312109 0.400391 0.312109 0.399414 0.3125 0.398926 0.3125 0.398438 0.312891 0.397949 0.312891 0.397461 0.313281 0.396973 0.313281 0.396484 0.313672 0.395996 0.313672 0.395508 0.314063 0.39502 0.314063 0.394531 0.314453 0.394043 0.314453 0.393555 0.314844 0.393066 0.314844 0.392578 0.315234 0.39209 0.315234 0.391602 0.315625 0.391113 0.315625 0.390625 0.316016 0.390137 0.316016 0.38916 0.316406 0.388672 0.316406 0.388184 0.316797 0.387695 0.316797 0.387207 0.317578 0.38623 0.317578 0.385742 0.317969 0.385254 0.317969 0.384766 0.319141 0.383301 0.319141 0.382812 0.319922 0.381836 0.319922 0.380859 0.320312 0.380371 0.320312 0.379395 0.320703 0.378906 0.320703 0.378418 0.321094 0.37793 0.321094 0.376953 0.321484 0.376465 0.321484 0.375488 0.321875 0.375 0.321875 0.374023 0.322266 0.373535 0.322266 0.371582 0.322656 0.371094 0.322656 0.358398 0.323047 0.35791 0.323047 0.357422 0.322656 0.356934 0.322656 0.354004 0.322266 0.353516 0.322266 0.353027
2 0.059375 0.222168 0.0582031 0.220703 0.0578125 0.220703 0.0574219 0.220215 0.0554687 0.220215 0.0550781 0.220703 0.0542969 0.220703 0.0539063 0.221191 0.053125 0.221191 0.0527344 0.22168 0.0523438 0.22168 0.0519531 0.222168 0.0511719 0.222168 0.0507812 0.222656 0.05 0.222656 0.0496094 0.223145 0.0488281 0.223145 0.0484375 0.223633 0.0480469 0.223633 0.0476562 0.224121 0.0472656 0.224121 0.046875 0.224609 0.0464844 0.224609 0.0460938 0.225098 0.0457031 0.225098 0.0453125 0.225586 0.0449219 0.225586 0.0445313 0.226074 0.0441406 0.226074 0.04375 0.226562 0.0429688 0.226562 0.0425781 0.227051 0.0421875 0.227051 0.0417969 0.227539 0.0410156 0.227539 0.040625 0.228027 0.0402344 0.228027 0.0394531 0.229004 0.0390625 0.229004 0.0386719 0.229492 0.0382813 0.229492 0.0375 0.230469 0.0371094 0.230469 0.0367188 0.230957 0.0359375 0.230957 0.0355469 0.231445 0.0351562 0.231445 0.0347656 0.231934 0.034375 0.231934 0.0339844 0.232422 0.0332031 0.232422 0.0324219 0.233398 0.0320312 0.233398 0.03125 0.234375 0.0308594 0.234375 0.0304687 0.234863 0.0300781 0.234863 0.0296875 0.235352 0.0292969 0.235352 0.0285156 0.236328 0.028125 0.236328 0.0273438 0.237305 0.0269531 0.237305 0.0265625 0.237793 0.0261719 0.237793 0.0253906 0.23877 0.025 0.23877 0.021875 0.242676 0.0214844 0.242676 0.0183594 0.246582 0.0179687 0.246582 0.0164063 0.248535 0.0160156 0.248535 0.0148437 0.25 0.0144531 0.25 0.0136719 0.250977 0.0132812 0.250977 0.0132812 0.251465 0.0125 0.252441 0.0125 0.25293 0.0117188 0.253906 0.0117188 0.254395 0.0105469 0.255859 0.0105469 0.256348 0.0101563 0.256836 0.0101563 0.257324 0.00976562 0.257812 0.00976562 0.258301 0.00898437 0.259277 0.00898437 0.260742 0.00859375 0.26123 0.00859375 0.263184 0.00820313 0.263672 0.00820313 0.266602 0.0078125 0.26709 0.0078125 0.269531 0.00820313 0.27002 0.00820313 0.270508 0.00859375 0.270996 0.00859375 0.271484 0.0105469 0.271484 0.0117188 0.27002 0.0125 0.27002 0.0128906 0.269531 0.0152344 0.269531 0.0164063 0.268066 0.0164063 0.267578 0.0167969 0.26709 0.0167969 0.266602 0.0171875 0.266113 0.0171875 0.265137 0.0175781 0.264648 0.0175781 0.26416 0.0183594 0.263184 0.01875 0.263184 0.0191406 0.262695 0.0195312 0.262695 0.0203125 0.261719 0.0207031 0.261719 0.025 0.256348 0.0253906 0.256348 0.0261719 0.255371 0.0265625 0.255371 0.0273438 0.254395 0.0277344 0.254395 0.028125 0.253906 0.0285156 0.253906 0.0292969 0.25293 0.0296875 0.25293 0.03125 0.250977 0.0316406 0.250977 0.0320312 0.250488 0.0324219 0.250488 0.0328125 0.25 0.0335937 0.25 0.0339844 0.249512 0.034375 0.249512 0.0347656 0.249023 0.0355469 0.249023 0.0359375 0.248535 0.0363281 0.248535 0.0367188 0.248047 0.0371094 0.248047 0.0375 0.247559 0.0378906 0.247559 0.0382813 0.24707 0.0386719 0.24707 0.0390625 0.246582 0.0394531 0.246582 0.0398437 0.246094 0.0402344 0.246094 0.040625 0.245605 0.0410156 0.245605 0.0414062 0.245117 0.0417969 0.245117 0.0421875 0.244629 0.0425781 0.244629 0.04375 0.243164 0.0441406 0.243164 0.0445313 0.242676 0.0449219 0.242676 0.0453125 0.242188 0.0457031 0.242188 0.0464844 0.241211 0.046875 0.241211 0.0472656 0.240723 0.0476562 0.240723 0.0484375 0.239746 0.0488281 0.239746 0.0496094 0.23877 0.05 0.23877 0.0511719 0.237305 0.0515625 0.237305 0.053125 0.235352 0.0535156 0.235352 0.0550781 0.233398 0.0554687 0.233398 0.05625 0.232422 0.0566406 0.232422 0.0578125 0.230957 0.0578125 0.230469 0.0589844 0.229004 0.0589844 0.228027 0.059375 0.227539 0.059375 0.226562 0.0597656 0.226074 0.0597656 0.223145 0.059375 0.222656
2 0.498828 0.112305 0.497656 0.112305 0.497266 0.112793 0.496875 0.112793 0.496484 0.113281 0.496094 0.113281 0.495312 0.114258 0.494922 0.114258 0.492969 0.116699 0.492969 0.117188 0.492188 0.118164 0.492188 0.118652 0.491406 0.119629 0.491406 0.120605 0.490625 0.121582 0.490625 0.12207 0.490234 0.122559 0.490234 0.123047 0.489844 0.123535 0.489844 0.124512 0.489453 0.125 0.489453 0.125977 0.489063 0.126465 0.489063 0.127441 0.488672 0.12793 0.488672 0.128906 0.488281 0.129395 0.488281 0.129883 0.487891 0.130371 0.487891 0.131836 0.4875 0.132324 0.4875 0.132812 0.487109 0.133301 0.487109 0.134277 0.486719 0.134766 0.486719 0.137695 0.486328 0.138184 0.486328 0.139648 0.485938 0.140137 0.485938 0.141602 0.485547 0.14209 0.485547 0.145508 0.485156 0.145996 0.485156 0.146973 0.484766 0.147461 0.484766 0.148438 0.484375 0.148926 0.484375 0.149414 0.483984 0.149902 0.483984 0.150391 0.483594 0.150879 0.483594 0.151855 0.483203 0.152344 0.483203 0.15332 0.482812 0.153809 0.482812 0.154785 0.482422 0.155273 0.482422 0.156738 0.482031 0.157227 0.482031 0.158691 0.482812 0.159668 0.483203 0.159668 0.483594 0.160156 0.487109 0.160156 0.4875 0.159668 0.487891 0.159668 0.488281 0.15918 0.488672 0.15918 0.489453 0.158203 0.489844 0.158203 0.492578 0.154785 0.492578 0.154297 0.493359 0.15332 0.493359 0.152832 0.49375 0.152344 0.49375 0.151855 0.494141 0.151367 0.494141 0.150879 0.494531 0.150391 0.494531 0.149902 0.494922 0.149414 0.494922 0.148926 0.495312 0.148438 0.495312 0.147949 0.495703 0.147461 0.495703 0.146973 0.496094 0.146484 0.496094 0.145508 0.496484 0.14502 0.496484 0.144531 0.496875 0.144043 0.496875 0.143066 0.497266 0.142578 0.497266 0.14209 0.497656 0.141602 0.497656 0.140137 0.498047 0.139648 0.498047 0.138672 0.498437 0.138184 0.498437 0.136719 0.498828 0.13623 0.498828 0.134277 0.499219 0.133789 0.499219 0.132324 0.499609 0.131836 0.499609 0.130371 0.5 0.129883 0.5 0.12793 0.500391 0.127441 0.500391 0.126465 0.501172 0.125488 0.501172 0.125 0.502734 0.123047 0.502734 0.122559 0.503125 0.12207 0.503125 0.121582 0.503516 0.121094 0.503516 0.120117 0.503906 0.119629 0.503906 0.118652 0.503516 0.118164 0.503516 0.117676 0.503125 0.117188 0.503125 0.116699 0.502734 0.116211 0.502734 0.115723 0.501172 0.11377 0.500781 0.11377 0.500391 0.113281 0.5 0.113281 0.499609 0.112793 0.499219 0.112793
2 0.603125 0.201172 0.602734 0.201172 0.602344 0.200684 0.601172 0.200684 0.600781 0.200195 0.599609 0.200195 0.599219 0.200684 0.598828 0.200684 0.598437 0.201172 0.598047 0.201172 0.597266 0.202148 0.596875 0.202148 0.595703 0.203613 0.595313 0.203613 0.594922 0.204102 0.594922 0.20459 0.594141 0.205566 0.594141 0.206055 0.59375 0.206543 0.59375 0.207031 0.593359 0.20752 0.593359 0.208008 0.592969 0.208496 0.592969 0.208984 0.589844 0.212891 0.589844 0.213379 0.585547 0.21875 0.585156 0.21875 0.584766 0.219238 0.584375 0.219238 0.583984 0.219727 0.583594 0.219727 0.582812 0.220703 0.582422 0.220703 0.580859 0.222656 0.580469 0.222656 0.577344 0.226562 0.576953 0.226562 0.576562 0.227051 0.576172 0.227051 0.575781 0.227539 0.575391 0.227539 0.574219 0.229004 0.573828 0.229004 0.573047 0.22998 0.572656 0.22998 0.571875 0.230957 0.571484 0.230957 0.570703 0.231934 0.570703 0.232422 0.569531 0.233887 0.569141 0.233887 0.568359 0.234863 0.567969 0.234863 0.566406 0.236816 0.566406 0.237305 0.566016 0.237793 0.566016 0.238281 0.565625 0.23877 0.565625 0.239258 0.565234 0.239746 0.565234 0.241699 0.565625 0.242188 0.565625 0.243164 0.566016 0.243652 0.566016 0.244141 0.566406 0.244629 0.566797 0.244629 0.567187 0.245117 0.567578 0.245117 0.567969 0.245605 0.569141 0.245605 0.569531 0.245117 0.570312 0.245117 0.570703 0.244629 0.571484 0.244629 0.571875 0.244141 0.572266 0.244141 0.572656 0.243652 0.573047 0.243652 0.573438 0.243164 0.573828 0.243164 0.574219 0.242676 0.575 0.242676 0.575391 0.242188 0.575781 0.242188 0.576172 0.241699 0.576562 0.241699 0.576953 0.241211 0.577344 0.241211 0.578125 0.240234 0.578516 0.240234 0.578906 0.239746 0.579297 0.239746 0.579688 0.239258 0.580078 0.239258 0.580469 0.23877 0.580859 0.23877 0.58125 0.238281 0.581641 0.238281 0.582031 0.237793 0.582422 0.237793 0.582812 0.237305 0.583203 0.237305 0.583594 0.236816 0.583984 0.236816 0.584766 0.23584 0.585156 0.23584 0.585938 0.234863 0.586328 0.234863 0.586719 0.234375 0.587109 0.234375 0.5875 0.233887 0.588281 0.233887 0.588672 0.233398 0.589063 0.233398 0.589453 0.23291 0.590234 0.23291 0.590625 0.232422 0.591016 0.232422 0.591797 0.231445 0.592187 0.231445 0.592969 0.230469 0.592969 0.22998 0.594141 0.228516 0.594141 0.228027 0.594922 0.227051 0.594922 0.226562 0.596484 0.224609 0.596484 0.224121 0.596875 0.223633 0.596875 0.223145 0.597266 0.222656 0.597266 0.222168 0.597656 0.22168 0.597656 0.221191 0.598437 0.220215 0.598437 0.219727 0.599219 0.21875 0.599219 0.218262 0.6 0.217285 0.6 0.216797 0.600391 0.216309 0.600391 0.215332 0.600781 0.214844 0.600781 0.213379 0.601172 0.212891 0.601172 0.212402 0.601562 0.211914 0.601562 0.210938 0.601953 0.210449 0.601953 0.209961 0.602344 0.209473 0.602344 0.208496 0.602734 0.208008 0.602734 0.206543 0.603125 0.206055
2 0.919922 0.263184 0.919531 0.262695 0.914062 0.262695 0.9125 0.263672 0.907422 0.263672 0.905078 0.265625 0.902344 0.266113 0.900781 0.26709 0.895703 0.26709 0.892969 0.265625 0.889453 0.266113 0.889062 0.266602 0.887109 0.266602 0.886719 0.266113 0.877734 0.266602 0.877344 0.266113 0.873828 0.266113 0.873437 0.265625 0.868359 0.265137 0.867969 0.265625 0.865234 0.266113 0.864453 0.26709 0.864453 0.270996 0.865625 0.272461 0.866797 0.272949 0.869531 0.275391 0.875 0.276855 0.875391 0.277344 0.876563 0.277344 0.876953 0.277832 0.879297 0.277832 0.879687 0.27832 0.890625 0.27832 0.891016 0.277832 0.89375 0.277832 0.894141 0.277344 0.896094 0.277344 0.896484 0.276855 0.898438 0.276855 0.898828 0.276367 0.901172 0.276367 0.901563 0.275879 0.903906 0.275391 0.906641 0.273438 0.907813 0.273438 0.908203 0.272949 0.909375 0.272949 0.909766 0.272461 0.910937 0.272461 0.9125 0.271484 0.914844 0.270996 0.917578 0.268066 0.918359 0.268066 0.919531 0.26709
1 0.900391 0.249023 0.896875 0.249023 0.895703 0.249512 0.892969 0.251953 0.892188 0.254883 0.891797 0.263672 0.892188 0.264648 0.895703 0.268555 0.897656 0.268555 0.899609 0.266602 0.903125 0.265137 0.903906 0.26416 0.904297 0.262695 0.904297 0.257812 0.903906 0.257324 0.903906 0.255371 0.903125 0.253906 0.902734 0.251465
2 0.696484 0.79834 0.694922 0.796875 0.692578 0.796875 0.691797 0.797852 0.688672 0.799805 0.686328 0.803223 0.685937 0.804688 0.682031 0.811523 0.678906 0.81543 0.677344 0.816406 0.675391 0.816406 0.675 0.816895 0.669141 0.816895 0.667578 0.817871 0.666406 0.819336 0.666016 0.820801 0.666016 0.822754 0.666797 0.824707 0.66875 0.827148 0.675 0.830566 0.679297 0.831055 0.679688 0.830566 0.682031 0.830078 0.685547 0.82666 0.692578 0.81543 0.694141 0.811035 0.694531 0.808105 0.696484 0.803223
2 0.582812 0.92627 0.582812 0.929199 0.583984 0.932617 0.5875 0.936523 0.589063 0.9375 0.591406 0.94043 0.593359 0.941406 0.594922 0.943359 0.6 0.946289 0.604297 0.946777 0.605469 0.944824 0.605469 0.941895 0.604688 0.938965 0.598437 0.932129 0.594531 0.929688 0.591016 0.92627 0.590234 0.92627 0.589063 0.925293 0.587891 0.925293 0.5875 0.924805 0.584375 0.924805
2 0.19375 0.961914 0.189844 0.961914 0.189062 0.963867 0.189062 0.965332 0.188672 0.96582 0.188672 0.972656 0.188281 0.973145 0.187891 0.980957 0.1875 0.981445 0.1875 0.983398 0.186328 0.987305 0.185938 0.990723 0.184766 0.993164 0.184766 1 0.193359 1 0.193359 0.998047 0.194141 0.996094 0.194531 0.991699 0.194922 0.991211 0.194922 0.987793 0.195312 0.987305 0.195312 0.985352 0.196094 0.98291 0.196094 0.967773 0.196484 0.967285 0.195312 0.963379
1 0.140234 0.981445 0.139453 0.97998 0.137891 0.978516 0.13125 0.978516 0.130859 0.979004 0.126562 0.979004 0.124609 0.97998 0.123047 0.97998 0.121094 0.980957 0.119141 0.980957 0.11875 0.981445 0.117578 0.981445 0.115234 0.982422 0.110937 0.985352 0.108984 0.987793 0.107031 0.989258 0.10625 0.990723 0.103125 0.994141 0.103125 0.995605 0.102344 0.998047 0.102344 1 0.110547 1 0.110547 0.999023 0.111328 0.998047 0.115234 0.99707 0.11875 0.994141 0.125391 0.990234 0.133984 0.986816 0.138672 0.98291 0.139844 0.982422
2 0.19375 0.318359 0.194141 0.321777 0.195312 0.322754 0.198437 0.323242 0.198828 0.32373 0.200781 0.32373 0.205469 0.326172 0.207031 0.326172 0.207422 0.32666 0.208594 0.32666 0.208984 0.327148 0.210156 0.327148 0.2125 0.328125 0.216016 0.331055 0.217969 0.331543 0.220703 0.334473 0.225 0.335938 0.228516 0.338379 0.232031 0.337891 0.232031 0.336914 0.230078 0.334961 0.230078 0.333496 0.228906 0.32959 0.225391 0.325684 0.224609 0.323242 0.222266 0.320801 0.221484 0.318359 0.220703 0.317383 0.219922 0.317383 0.216797 0.31543 0.2125 0.31543 0.212109 0.314941 0.203516 0.314941 0.201172 0.315918 0.197656 0.315918
2 0.226953 0.271484 0.225781 0.270508 0.224609 0.270508 0.224219 0.27002 0.219141 0.269531 0.21875 0.269043 0.216016 0.269043 0.215625 0.269531 0.214062 0.269531 0.211719 0.270508 0.208594 0.273438 0.20625 0.274902 0.204687 0.276855 0.203516 0.279297 0.203516 0.280762 0.202734 0.282227 0.202734 0.283203 0.203906 0.284668 0.205078 0.285156 0.209766 0.284668 0.213281 0.282227 0.216797 0.280762 0.217578 0.279785 0.220703 0.277832 0.221875 0.277832 0.225781 0.275879 0.226953 0.273926
2 0.247656 0.0712891 0.247266 0.0722656 0.247266 0.0776367 0.247656 0.078125 0.248047 0.0825195 0.248438 0.0830078 0.248438 0.090332 0.248828 0.0908203 0.248828 0.0922852 0.249609 0.0942383 0.249609 0.0957031 0.250391 0.0986328 0.251953 0.102051 0.255859 0.106934 0.258984 0.108887 0.260937 0.109375 0.263672 0.111328 0.265234 0.111328 0.265625 0.111816 0.271875 0.111816 0.272656 0.111328 0.275781 0.106934 0.276172 0.101562 0.275391 0.0986328 0.271094 0.0961914 0.265625 0.0957031 0.261719 0.09375 0.258203 0.0898438 0.257031 0.0874023 0.254688 0.0844727 0.253906 0.0810547 0.251563 0.0751953 0.249609 0.0732422 0.248828 0.0712891
1 0.922656 0.418945 0.922656 0.421387 0.923047 0.421875 0.923047 0.42334 0.924219 0.424805 0.927734 0.42627 0.928906 0.42627 0.929297 0.426758 0.939844 0.428711 0.947266 0.433105 0.950781 0.433105 0.951172 0.433594 0.952344 0.433594 0.955078 0.435547 0.958984 0.436523 0.962891 0.440918 0.965234 0.446289 0.965234 0.447754 0.966406 0.449707 0.967187 0.450195 0.970313 0.449707 0.970703 0.448242 0.970313 0.442383 0.969141 0.439453 0.96875 0.435547 0.967187 0.431641 0.963672 0.427734 0.961328 0.42627 0.958984 0.423828 0.952734 0.419922 0.950391 0.418945 0.948047 0.418945 0.947656 0.418457 0.945703 0.418457 0.945312 0.417969 0.941406 0.41748 0.941016 0.416992 0.9375 0.416992 0.937109 0.416504 0.932813 0.416504 0.932422 0.416016 0.930469 0.416016 0.930078 0.416504 0.925 0.416504 0.923828 0.416992
1 0.948828 0.668945 0.949219 0.672852 0.949609 0.673828 0.951172 0.675293 0.955469 0.675781 0.955859 0.675293 0.958984 0.674805 0.962891 0.672363 0.964453 0.672363 0.964844 0.671875 0.971094 0.671875 0.974609 0.67334 0.975781 0.674316 0.976562 0.674316 0.978516 0.675781 0.979297 0.675781 0.989453 0.682617 0.994531 0.682617 0.994922 0.681641 0.993359 0.677734 0.987109 0.669434 0.984766 0.667969 0.982031 0.665039 0.976172 0.661621 0.975391 0.660645 0.973047 0.660156 0.971484 0.65918 0.962109 0.658691 0.961719 0.65918 0.960156 0.65918 0.959766 0.659668 0.955469 0.660645 0.951562 0.663574 0.949609 0.666016
2 0.80625 0.673828 0.805859 0.677734 0.807031 0.680664 0.8125 0.6875 0.813281 0.689453 0.816016 0.691895 0.825391 0.698242 0.829297 0.699219 0.829688 0.699707 0.833984 0.699707 0.837109 0.701172 0.841797 0.70166 0.844922 0.699707 0.849219 0.69873 0.850781 0.697266 0.850391 0.693359 0.849219 0.691895 0.847266 0.690918 0.845703 0.689453 0.843359 0.688477 0.842187 0.688477 0.841797 0.687988 0.837109 0.687988 0.836719 0.688477 0.834766 0.688477 0.834375 0.688965 0.83125 0.688477 0.826172 0.684082 0.824219 0.683105 0.823047 0.681641 0.819531 0.680176 0.816016 0.676758 0.810937 0.672852 0.807422 0.672852
2 0.280078 0.759277 0.280078 0.760254 0.28125 0.763184 0.282422 0.764648 0.285156 0.765625 0.287109 0.767578 0.289062 0.768066 0.291406 0.769531 0.292969 0.769531 0.295312 0.770508 0.298438 0.772461 0.301563 0.772949 0.307031 0.775879 0.315234 0.776855 0.316406 0.775391 0.317188 0.771973 0.318359 0.769531 0.318359 0.768066 0.317969 0.767578 0.314844 0.76709 0.308203 0.763184 0.304688 0.762695 0.299219 0.759766 0.291406 0.758301 0.284375 0.755371 0.282031 0.755859
2 0.230078 0.596191 0.229687 0.600098 0.230859 0.601562 0.231641 0.604004 0.233203 0.605469 0.237891 0.611816 0.241406 0.614258 0.24375 0.617188 0.246484 0.619629 0.250781 0.62207 0.255078 0.625488 0.25625 0.626953 0.260156 0.628906 0.261328 0.628906 0.263281 0.629883 0.266016 0.629883 0.266406 0.630371 0.271484 0.630371 0.272656 0.628418 0.272656 0.625977 0.271094 0.625 0.267969 0.620605 0.265625 0.618652 0.261328 0.616211 0.259766 0.614746 0.254688 0.612793 0.247656 0.608398 0.244922 0.605957 0.242188 0.604492 0.239844 0.602051 0.234766 0.598633 0.233594 0.597168 0.232813 0.595215 0.230859 0.595215
2 0.673047 0.578125 0.671484 0.583984 0.671484 0.592285 0.671875 0.592773 0.672266 0.59668 0.673438 0.600098 0.673828 0.603516 0.675391 0.608398 0.675781 0.612305 0.678125 0.616211 0.681641 0.618164 0.684375 0.617676 0.685156 0.617188 0.686719 0.614746 0.686719 0.61084 0.686328 0.610352 0.686328 0.60791 0.685156 0.603516 0.683594 0.600098 0.683203 0.597168 0.68125 0.591309 0.680859 0.587891 0.680078 0.586426 0.680078 0.585449 0.678906 0.583008 0.678516 0.581055 0.675391 0.578125
2 0.478125 0.474609 0.476562 0.477539 0.476562 0.479004 0.478125 0.481445 0.482031 0.483887 0.482812 0.485352 0.486328 0.489258 0.489453 0.490723 0.492969 0.494141 0.498047 0.497559 0.5 0.501465 0.500781 0.508301 0.501953 0.51123 0.502734 0.512207 0.506641 0.512207 0.507812 0.510742 0.508203 0.509277 0.508203 0.504883 0.507422 0.50293 0.507422 0.501465 0.506641 0.498535 0.505078 0.494629 0.503516 0.492676 0.502734 0.490723 0.5 0.487793 0.499219 0.48584 0.497266 0.483398 0.494531 0.481445 0.492969 0.481445 0.489453 0.479492 0.487109 0.479004 0.483984 0.476562 0.48125 0.476074 0.479297 0.474609
2 0.505078 0.501953 0.503516 0.504395 0.502734 0.504395 0.501563 0.505859 0.501172 0.514648 0.502344 0.517578 0.502734 0.521484 0.503906 0.522949 0.505078 0.526367 0.510156 0.533691 0.510547 0.537109 0.512109 0.540527 0.5125 0.54248 0.513672 0.544434 0.514062 0.548828 0.517578 0.552734 0.522266 0.555664 0.524609 0.553711 0.524609 0.551758 0.523828 0.550293 0.523438 0.54834 0.521094 0.544922 0.519922 0.541504 0.518359 0.539062 0.517969 0.537109 0.515234 0.533203 0.515234 0.530762 0.514844 0.530273 0.514844 0.524902 0.514453 0.524414 0.513672 0.517578 0.513281 0.516602 0.511328 0.514648 0.510156 0.509766 0.508984 0.506836 0.507031 0.504883 0.506641 0.50293 0.505859 0.501953
