1 0.675781 0.374023 0.675391 0.373535 0.675391 0.373047 0.674219 0.371582 0.673828 0.371582 0.673438 0.371094 0.669922 0.371094 0.669531 0.371582 0.66875 0.371582 0.668359 0.37207 0.667578 0.37207 0.667188 0.372559 0.666406 0.372559 0.666016 0.373047 0.664453 0.373047 0.664062 0.373535 0.657813 0.373535 0.657422 0.374023 0.656641 0.374023 0.65625 0.374512 0.655078 0.374512 0.654687 0.375 0.653906 0.375 0.653516 0.375488 0.652734 0.375488 0.652344 0.375977 0.651953 0.375977 0.651563 0.376465 0.650781 0.376465 0.650391 0.376953 0.65 0.376953 0.649609 0.377441 0.649219 0.377441 0.648828 0.37793 0.648438 0.37793 0.648047 0.378418 0.647656 0.378418 0.647266 0.378906 0.646875 0.378906 0.646484 0.379395 0.646094 0.379395 0.645703 0.379883 0.644922 0.379883 0.644531 0.380371 0.64375 0.380371 0.643359 0.380859 0.642578 0.380859 0.642188 0.381348 0.641406 0.381348 0.641016 0.381836 0.640625 0.381836 0.640234 0.382324 0.639453 0.382324 0.639062 0.382812 0.638281 0.382812 0.637891 0.383301 0.6375 0.383301 0.637109 0.383789 0.636719 0.383789 0.636328 0.384277 0.635547 0.384277 0.635156 0.384766 0.634766 0.384766 0.634375 0.385254 0.633984 0.385254 0.632031 0.387695 0.632031 0.389648 0.632422 0.390137 0.632422 0.390625 0.633594 0.39209 0.633984 0.39209 0.634375 0.392578 0.638281 0.392578 0.638672 0.39209 0.640625 0.39209 0.641016 0.391602 0.647266 0.391602 0.647656 0.39209 0.655469 0.39209 0.655859 0.391602 0.658594 0.391602 0.658984 0.391113 0.659766 0.391113 0.660156 0.390625 0.660547 0.390625 0.660937 0.390137 0.661328 0.390137 0.661719 0.389648 0.662109 0.389648 0.6625 0.38916 0.662891 0.38916 0.663672 0.388184 0.664062 0.388184 0.664844 0.387207 0.665234 0.387207 0.665625 0.386719 0.666016 0.386719 0.666406 0.38623 0.667188 0.38623 0.667578 0.385742 0.667969 0.385742 0.668359 0.385254 0.669141 0.385254 0.669531 0.384766 0.669922 0.384766 0.670312 0.384277 0.670703 0.384277 0.671875 0.382812 0.672266 0.382812 0.673047 0.381836 0.673438 0.381836 0.674219 0.380859 0.674609 0.380859 0.675391 0.379883 0.675391 0.379395 0.675781 0.378906
1 0.562109 0.441895 0.5625 0.442383 0.5625 0.442871 0.564453 0.445312 0.564844 0.445312 0.566797 0.447754 0.567187 0.447754 0.568359 0.449219 0.56875 0.449219 0.569141 0.449707 0.569531 0.449707 0.569922 0.450195 0.570312 0.450195 0.571094 0.451172 0.571875 0.451172 0.572266 0.45166 0.573828 0.45166 0.574219 0.452148 0.576953 0.452148 0.577344 0.452637 0.583984 0.452637 0.584375 0.452148 0.585156 0.452148 0.585547 0.45166 0.585938 0.45166 0.587109 0.450195 0.5875 0.450195 0.588672 0.44873 0.589063 0.44873 0.590234 0.447266 0.590625 0.447266 0.591016 0.446777 0.591406 0.446777 0.592578 0.445312 0.592969 0.445312 0.594531 0.443359 0.594922 0.443359 0.596094 0.441895 0.596094 0.44043 0.596484 0.439941 0.596484 0.436035 0.595703 0.435059 0.582812 0.435059 0.582422 0.435547 0.580078 0.435547 0.579688 0.436035 0.575391 0.436035 0.575 0.435547 0.571875 0.435547 0.571484 0.435059 0.569922 0.435059 0.569531 0.43457 0.567578 0.43457 0.567187 0.435059 0.566797 0.435059 0.566406 0.435547 0.566016 0.435547 0.565625 0.436035 0.565234 0.436035 0.564844 0.436523 0.564453 0.436523 0.563281 0.437988 0.563281 0.438477 0.562891 0.438965 0.562891 0.439453 0.5625 0.439941 0.5625 0.44043 0.562109 0.440918
1 0.623047 0.479492 0.623047 0.481934 0.623437 0.482422 0.623437 0.48291 0.623828 0.48291 0.625 0.484375 0.625391 0.484375 0.625781 0.484863 0.626563 0.484863 0.626953 0.485352 0.627734 0.485352 0.628125 0.48584 0.628906 0.48584 0.629297 0.486328 0.630078 0.486328 0.630469 0.486816 0.63125 0.486816 0.631641 0.487305 0.632031 0.487305 0.632422 0.487793 0.632812 0.487793 0.633203 0.488281 0.633594 0.488281 0.635938 0.491211 0.636328 0.491211 0.637109 0.492188 0.6375 0.492188 0.637891 0.492676 0.638281 0.492676 0.638672 0.493164 0.639062 0.493164 0.639453 0.493652 0.640234 0.493652 0.640625 0.494141 0.641406 0.494141 0.641797 0.494629 0.642578 0.494629 0.642969 0.495117 0.648438 0.495117 0.648828 0.494629 0.650391 0.494629 0.650781 0.494141 0.651953 0.494141 0.652344 0.493652 0.652734 0.493652 0.653125 0.493164 0.653906 0.493164 0.654297 0.492676 0.654687 0.492676 0.655078 0.492188 0.655469 0.492188 0.656641 0.490723 0.656641 0.490234 0.658203 0.488281 0.658203 0.487793 0.658984 0.486816 0.658984 0.486328 0.659375 0.48584 0.659375 0.47998 0.658984 0.479492 0.658984 0.479004 0.658594 0.478516 0.658594 0.478027 0.658203 0.477539 0.658203 0.477051 0.657813 0.476562 0.657813 0.476074 0.656641 0.474609 0.65625 0.474609 0.655859 0.474121 0.655469 0.474121 0.655078 0.473633 0.653516 0.473633 0.652734 0.474609 0.652344 0.474609 0.651563 0.475586 0.651172 0.475586 0.651172 0.476074 0.650781 0.476562 0.650391 0.476562 0.649219 0.478027 0.648047 0.478027 0.647656 0.478516 0.645703 0.478516 0.645312 0.478027 0.64375 0.478027 0.643359 0.477539 0.639844 0.477539 0.639453 0.477051 0.638281 0.477051 0.637891 0.476562 0.6375 0.476562 0.637109 0.476074 0.636328 0.476074 0.635938 0.475586 0.635547 0.475586 0.635156 0.475098 0.634375 0.475098 0.633984 0.474609 0.633594 0.474609 0.633203 0.474121 0.632422 0.474121 0.632031 0.473633 0.631641 0.473633 0.63125 0.473145 0.630078 0.473145 0.629687 0.472656 0.628125 0.472656 0.627734 0.472168 0.627344 0.472168 0.626953 0.472656 0.626172 0.472656 0.624219 0.475098 0.624219 0.475586 0.623828 0.476074 0.623828 0.477051 0.623437 0.477539 0.623437 0.479004
1 0.682422 0.46582 0.682031 0.46582 0.681641 0.465332 0.680078 0.465332 0.679688 0.46582 0.678125 0.46582 0.677734 0.466309 0.676953 0.466309 0.676562 0.466797 0.676172 0.466797 0.675 0.468262 0.674609 0.468262 0.674219 0.46875 0.673828 0.46875 0.673438 0.469238 0.673047 0.469238 0.672656 0.469727 0.671484 0.469727 0.671094 0.470215 0.670312 0.470215 0.669922 0.470703 0.669531 0.470703 0.66875 0.47168 0.668359 0.47168 0.667578 0.472656 0.667188 0.472656 0.666797 0.473145 0.666406 0.473145 0.666016 0.473633 0.665625 0.473633 0.664844 0.474609 0.664844 0.475098 0.664453 0.475586 0.664453 0.476074 0.664062 0.476562 0.664062 0.477051 0.663672 0.477539 0.663672 0.478027 0.663281 0.478516 0.663281 0.479004 0.662109 0.480469 0.662109 0.480957 0.661328 0.481934 0.661328 0.482422 0.660937 0.48291 0.660937 0.483398 0.660547 0.483887 0.660547 0.484375 0.660156 0.484863 0.660156 0.485352 0.659766 0.48584 0.659766 0.486816 0.659375 0.487305 0.659375 0.487793 0.658984 0.488281 0.658984 0.489258 0.658594 0.489746 0.658594 0.490723 0.658984 0.491211 0.658984 0.491699 0.660156 0.493164 0.660547 0.493164 0.660937 0.493652 0.664062 0.493652 0.664453 0.493164 0.665625 0.493164 0.666016 0.492676 0.666797 0.492676 0.667188 0.492188 0.667578 0.492188 0.669531 0.489746 0.669922 0.489746 0.670703 0.48877 0.671094 0.48877 0.671484 0.488281 0.671875 0.488281 0.672266 0.487793 0.672656 0.487793 0.673047 0.487305 0.673438 0.487305 0.674219 0.486328 0.674609 0.486328 0.675391 0.485352 0.675391 0.484863 0.678125 0.481445 0.678125 0.480957 0.678906 0.47998 0.678906 0.479492 0.679688 0.478516 0.679688 0.478027 0.680469 0.477051 0.680469 0.476562 0.68125 0.475586 0.68125 0.475098 0.681641 0.474609 0.681641 0.474121 0.682031 0.473633 0.682031 0.473145 0.682422 0.472656 0.682422 0.468262 0.682813 0.467773 0.682813 0.466797 0.682422 0.466309
1 0.1625 0.144043 0.160938 0.144043 0.160547 0.144531 0.160156 0.144531 0.159766 0.14502 0.158594 0.14502 0.158203 0.145508 0.157812 0.145508 0.157031 0.146484 0.156641 0.146484 0.15625 0.146973 0.155859 0.146973 0.155469 0.147461 0.155078 0.147461 0.154688 0.147949 0.154297 0.147949 0.153906 0.148438 0.153516 0.148438 0.15 0.152832 0.15 0.15332 0.149219 0.154297 0.149219 0.154785 0.148828 0.155273 0.148828 0.155762 0.148438 0.15625 0.148438 0.157227 0.148047 0.157715 0.148047 0.158203 0.147266 0.15918 0.147266 0.159668 0.145703 0.161621 0.145703 0.162109 0.145313 0.162598 0.145313 0.163086 0.144922 0.163574 0.144922 0.165039 0.144531 0.165527 0.144531 0.169922 0.144922 0.17041 0.144922 0.170898 0.145313 0.171387 0.145313 0.171875 0.146484 0.17334 0.147656 0.17334 0.148047 0.173828 0.151562 0.173828 0.151953 0.17334 0.152734 0.17334 0.153125 0.172852 0.153906 0.172852 0.154297 0.172363 0.154688 0.172363 0.155078 0.171875 0.155469 0.171875 0.156641 0.17041 0.157031 0.17041 0.158594 0.168457 0.158594 0.167969 0.160547 0.165527 0.160547 0.165039 0.161328 0.164062 0.161328 0.163574 0.161719 0.163086 0.161719 0.162109 0.162109 0.161621 0.162109 0.161133 0.1625 0.160645 0.1625 0.159668 0.162891 0.15918 0.162891 0.15625 0.163281 0.155762 0.163281 0.152832 0.163672 0.152344 0.163672 0.150391 0.164062 0.149902 0.164062 0.148438 0.163672 0.147949 0.163672 0.146484 0.163281 0.145996 0.163281 0.145508 0.162891 0.14502 0.162891 0.144531
1 0.143359 0.129883 0.141797 0.129883 0.141016 0.130859 0.140625 0.130859 0.139063 0.132812 0.139063 0.133301 0.138672 0.133789 0.138672 0.134766 0.138281 0.135254 0.138281 0.135742 0.137891 0.13623 0.137891 0.136719 0.1375 0.137207 0.1375 0.137695 0.136719 0.138672 0.136719 0.13916 0.132812 0.144043 0.132812 0.144531 0.132031 0.145508 0.132031 0.145996 0.130469 0.147949 0.130469 0.150391 0.130859 0.150879 0.130859 0.151367 0.13125 0.151855 0.13125 0.152832 0.131641 0.15332 0.131641 0.154297 0.132031 0.154785 0.132031 0.158691 0.132422 0.15918 0.132422 0.161621 0.132812 0.162109 0.132812 0.164062 0.133203 0.164551 0.133203 0.166016 0.133594 0.166504 0.133594 0.167969 0.133984 0.168457 0.133984 0.168945 0.134375 0.169434 0.134375 0.169922 0.1375 0.173828 0.137891 0.173828 0.138281 0.174316 0.140234 0.174316 0.140625 0.173828 0.141797 0.173828 0.142187 0.17334 0.142969 0.17334 0.143359 0.172852 0.14375 0.172852 0.144922 0.171387 0.144922 0.170898 0.145313 0.17041 0.145313 0.169922 0.145703 0.169434 0.145703 0.162109 0.146094 0.161621 0.146094 0.15918 0.146484 0.158691 0.146484 0.156738 0.146875 0.15625 0.146875 0.153809 0.147266 0.15332 0.147266 0.150879 0.147656 0.150391 0.147656 0.147949 0.148047 0.147461 0.148047 0.146484 0.148438 0.145996 0.148438 0.143555 0.148828 0.143066 0.148828 0.138184 0.148438 0.137695 0.148438 0.136719 0.148047 0.13623 0.148047 0.135742 0.147656 0.135254 0.147656 0.134766 0.147266 0.134277 0.147266 0.133789 0.145703 0.131836 0.145313 0.131836 0.144531 0.130859 0.144141 0.130859
1 0.282813 0.0366211 0.278906 0.0366211 0.278516 0.0371094 0.278125 0.0371094 0.277734 0.0375977 0.277344 0.0375977 0.276953 0.0380859 0.276562 0.0380859 0.276172 0.0385742 0.275781 0.0385742 0.275391 0.0390625 0.274219 0.0390625 0.273828 0.0395508 0.272656 0.0395508 0.272266 0.0400391 0.270703 0.0400391 0.270313 0.0405273 0.268359 0.0405273 0.267969 0.0410156 0.266406 0.0410156 0.266016 0.0415039 0.263672 0.0415039 0.263281 0.0419922 0.2625 0.0419922 0.262109 0.0424805 0.261328 0.0424805 0.260937 0.0429688 0.259766 0.0429688 0.259375 0.043457 0.258594 0.043457 0.258203 0.0439453 0.257812 0.0439453 0.257422 0.0444336 0.257031 0.0444336 0.256641 0.0449219 0.25625 0.0449219 0.255859 0.0454102 0.255469 0.0454102 0.254688 0.0463867 0.254297 0.0463867 0.252344 0.0488281 0.251953 0.0488281 0.250781 0.050293 0.250391 0.050293 0.249219 0.0517578 0.249219 0.0527344 0.248828 0.0532227 0.248828 0.0541992 0.248438 0.0546875 0.248438 0.0576172 0.248828 0.0581055 0.248828 0.0585938 0.249219 0.059082 0.249219 0.0600586 0.250781 0.0620117 0.251172 0.0620117 0.251563 0.0625 0.258594 0.0625 0.258984 0.0620117 0.261328 0.0620117 0.261719 0.0615234 0.262891 0.0615234 0.263281 0.0610352 0.264453 0.0610352 0.264844 0.0605469 0.265625 0.0605469 0.266016 0.0600586 0.266797 0.0600586 0.267188 0.0595703 0.267969 0.0595703 0.268359 0.059082 0.26875 0.059082 0.269141 0.0585938 0.269531 0.0585938 0.269922 0.0581055 0.270313 0.0581055 0.271094 0.0571289 0.271484 0.0571289 0.272656 0.0556641 0.273047 0.0556641 0.273828 0.0546875 0.274219 0.0546875 0.274609 0.0541992 0.275 0.0541992 0.275781 0.0532227 0.276172 0.0532227 0.280469 0.0478516 0.280469 0.0473633 0.28125 0.0463867 0.28125 0.0458984 0.281641 0.0454102 0.281641 0.0449219 0.282031 0.0444336 0.282031 0.0439453 0.282422 0.043457 0.282422 0.0429688 0.282813 0.0424805 0.282813 0.0415039 0.283203 0.0410156 0.283203 0.0400391 0.282813 0.0395508
1 0.372266 0.124023 0.371875 0.124512 0.371484 0.124512 0.370703 0.125488 0.370703 0.125977 0.369922 0.126953 0.369922 0.127441 0.369531 0.12793 0.369531 0.150879 0.369922 0.151367 0.369922 0.153809 0.370312 0.154297 0.370312 0.15625 0.370703 0.156738 0.370703 0.158203 0.371094 0.158691 0.371094 0.159668 0.371484 0.160156 0.371484 0.160645 0.371875 0.161133 0.371875 0.161621 0.373047 0.163086 0.373047 0.163574 0.373437 0.164062 0.373828 0.164062 0.374609 0.165039 0.375 0.165039 0.376563 0.166992 0.376953 0.166992 0.378906 0.169434 0.379297 0.169434 0.380078 0.17041 0.380469 0.17041 0.38125 0.171387 0.381641 0.171387 0.382031 0.171875 0.382422 0.171875 0.383984 0.173828 0.384375 0.173828 0.385156 0.174805 0.385547 0.174805 0.385937 0.175293 0.386328 0.175293 0.386719 0.175781 0.387109 0.175781 0.3875 0.17627 0.387891 0.17627 0.388281 0.176758 0.389844 0.176758 0.390234 0.17627 0.391016 0.17627 0.391406 0.175781 0.392188 0.175781 0.392188 0.175293 0.392578 0.174805 0.392578 0.173828 0.392969 0.17334 0.392969 0.172852 0.392578 0.172363 0.392578 0.171387 0.392188 0.170898 0.392188 0.169922 0.391797 0.169434 0.391797 0.168945 0.388672 0.165039 0.388672 0.164551 0.3875 0.163086 0.3875 0.162598 0.386719 0.161621 0.386719 0.161133 0.385547 0.159668 0.385547 0.15918 0.385156 0.158691 0.385156 0.158203 0.384766 0.157715 0.384766 0.157227 0.384375 0.156738 0.384375 0.15625 0.383984 0.155762 0.383984 0.155273 0.383594 0.154785 0.383594 0.153809 0.383203 0.15332 0.383203 0.152344 0.382812 0.151855 0.382812 0.150391 0.382422 0.149902 0.382422 0.148926 0.382031 0.148438 0.382031 0.147461 0.381641 0.146973 0.381641 0.145996 0.38125 0.145508 0.38125 0.14502 0.380859 0.144531 0.380859 0.144043 0.380469 0.143555 0.380469 0.142578 0.380078 0.14209 0.380078 0.141602 0.379688 0.141113 0.379688 0.140137 0.379297 0.139648 0.379297 0.138672 0.378906 0.138184 0.378906 0.137207 0.378516 0.136719 0.378516 0.135742 0.378125 0.135254 0.378125 0.134766 0.377734 0.134277 0.377734 0.133301 0.377344 0.132812 0.377344 0.132324 0.376953 0.131836 0.376953 0.130859 0.376563 0.130371 0.376563 0.129883 0.376172 0.129395 0.376172 0.128418 0.375781 0.12793 0.375781 0.127441 0.375391 0.126953 0.375391 0.126465 0.374609 0.125488 0.374609 0.125 0.373828 0.124023
1 0.423438 0.102051 0.423047 0.102051 0.421875 0.103516 0.421484 0.103516 0.420703 0.104492 0.420703 0.10498 0.419922 0.105957 0.419922 0.106445 0.419531 0.106934 0.419531 0.107422 0.419141 0.10791 0.419141 0.108398 0.418359 0.109375 0.418359 0.109863 0.417969 0.110352 0.417969 0.11084 0.417578 0.111328 0.417578 0.111816 0.416797 0.112793 0.416797 0.113281 0.416016 0.114258 0.416016 0.114746 0.415625 0.115234 0.415625 0.115723 0.415234 0.116211 0.415234 0.117188 0.414844 0.117676 0.414844 0.118164 0.414062 0.119141 0.414062 0.119629 0.413672 0.120117 0.413672 0.121094 0.413281 0.121582 0.413281 0.12207 0.412891 0.122559 0.412891 0.123047 0.4125 0.123535 0.4125 0.124512 0.412109 0.125 0.412109 0.129395 0.4125 0.129883 0.4125 0.130371 0.412891 0.130859 0.412891 0.131348 0.414062 0.132812 0.414062 0.133301 0.414844 0.134277 0.414844 0.134766 0.415625 0.135742 0.415625 0.13623 0.416016 0.136719 0.416016 0.137207 0.416797 0.138184 0.416797 0.13916 0.417187 0.139648 0.417187 0.141113 0.417578 0.141602 0.417578 0.148926 0.417969 0.149414 0.417969 0.149902 0.41875 0.150879 0.41875 0.151367 0.419141 0.151855 0.419531 0.151855 0.419922 0.152344 0.423828 0.152344 0.424219 0.151855 0.424219 0.151367 0.424609 0.150879 0.424609 0.150391 0.425 0.149902 0.425 0.149414 0.425391 0.148926 0.425391 0.147949 0.425781 0.147461 0.425781 0.145996 0.426172 0.145508 0.426172 0.144531 0.426563 0.144043 0.426563 0.14209 0.426953 0.141602 0.426953 0.139648 0.427344 0.13916 0.427344 0.129883 0.427734 0.129395 0.427734 0.120605 0.428125 0.120117 0.428125 0.113281 0.427734 0.112793 0.427734 0.11084 0.427344 0.110352 0.427344 0.109375 0.426953 0.108887 0.426953 0.108398 0.426172 0.107422 0.426172 0.106934 0.425781 0.106445 0.425781 0.105469 0.425391 0.10498 0.425391 0.104492 0.425 0.104004 0.425 0.103516 0.424219 0.102539 0.423828 0.102539
1 0.635938 0.22168 0.634375 0.219727 0.632031 0.219727 0.631641 0.219238 0.63125 0.219238 0.630859 0.219727 0.629687 0.219727 0.629297 0.220215 0.628906 0.220215 0.628516 0.220703 0.628125 0.220703 0.627734 0.221191 0.626953 0.221191 0.626563 0.22168 0.626172 0.22168 0.625781 0.222168 0.625391 0.222168 0.625 0.222656 0.624219 0.222656 0.623828 0.223145 0.623437 0.223145 0.623047 0.223633 0.622656 0.223633 0.622266 0.224121 0.621875 0.224121 0.621484 0.224609 0.621094 0.224609 0.620703 0.225098 0.620313 0.225098 0.619922 0.225586 0.619531 0.225586 0.619141 0.226074 0.61875 0.226074 0.617969 0.227051 0.617578 0.227051 0.616797 0.228027 0.616406 0.228027 0.616016 0.228516 0.615625 0.228516 0.614844 0.229492 0.614453 0.229492 0.613672 0.230469 0.613281 0.230469 0.6125 0.231445 0.612109 0.231445 0.611328 0.232422 0.610938 0.232422 0.610547 0.23291 0.610156 0.23291 0.609766 0.233398 0.609375 0.233398 0.608984 0.233887 0.608594 0.233887 0.608203 0.234375 0.607812 0.234375 0.607031 0.235352 0.606641 0.235352 0.604297 0.238281 0.603906 0.238281 0.603516 0.23877 0.603125 0.23877 0.602344 0.239746 0.601953 0.239746 0.600781 0.241211 0.600781 0.241699 0.600391 0.242188 0.600391 0.242676 0.600781 0.243164 0.600781 0.244629 0.601172 0.245117 0.601172 0.246094 0.601562 0.246582 0.601953 0.246582 0.602344 0.24707 0.602734 0.24707 0.603125 0.247559 0.609375 0.247559 0.609766 0.24707 0.614062 0.24707 0.614453 0.246582 0.616406 0.246582 0.616797 0.246094 0.618359 0.246094 0.61875 0.245605 0.619531 0.245605 0.619922 0.245117 0.620313 0.245117 0.620703 0.244629 0.621094 0.244629 0.621484 0.244141 0.621875 0.244141 0.622266 0.243652 0.622656 0.243652 0.623047 0.243164 0.623437 0.243164 0.623828 0.242676 0.624219 0.242676 0.625391 0.241211 0.625781 0.241211 0.626563 0.240234 0.626953 0.240234 0.628516 0.238281 0.628906 0.238281 0.629687 0.237305 0.629687 0.236816 0.632422 0.233398 0.632812 0.233398 0.633594 0.232422 0.633984 0.232422 0.634375 0.231934 0.634766 0.231934 0.635938 0.230469 0.635938 0.22998 0.636328 0.229492 0.636328 0.229004 0.636719 0.228516 0.636719 0.225098 0.636328 0.224609 0.636328 0.223145 0.635938 0.222656
1 0.644141 0.343262 0.642578 0.345215 0.642578 0.346191 0.642188 0.34668 0.642188 0.347656 0.641797 0.348145 0.641797 0.353027 0.642188 0.353516 0.642188 0.355469 0.642578 0.355957 0.642578 0.357422 0.642969 0.35791 0.642969 0.358887 0.643359 0.359375 0.643359 0.359863 0.64375 0.360352 0.64375 0.36084 0.644531 0.361816 0.644531 0.362305 0.646875 0.365234 0.647266 0.365234 0.649609 0.368164 0.649609 0.368652 0.65 0.369141 0.65 0.369629 0.650391 0.370117 0.650391 0.371582 0.650781 0.37207 0.650781 0.372559 0.652344 0.374512 0.652734 0.374512 0.653516 0.375488 0.655078 0.375488 0.655859 0.374512 0.65625 0.374512 0.656641 0.374023 0.657031 0.374023 0.657422 0.373535 0.657813 0.373535 0.658984 0.37207 0.658984 0.371582 0.659375 0.371094 0.659375 0.369629 0.659766 0.369141 0.659766 0.368164 0.660156 0.367676 0.660156 0.367188 0.660547 0.366699 0.660547 0.366211 0.660937 0.365723 0.660937 0.365234 0.661328 0.364746 0.661328 0.363281 0.661719 0.362793 0.661719 0.35791 0.661328 0.357422 0.661328 0.356934 0.660156 0.355469 0.660156 0.35498 0.659766 0.35498 0.658594 0.353516 0.658203 0.353516 0.657813 0.353027 0.657422 0.353027 0.65625 0.351562 0.655859 0.351562 0.654297 0.349609 0.653906 0.349609 0.651563 0.34668 0.651563 0.346191 0.65 0.344238 0.649609 0.344238 0.648828 0.343262 0.648047 0.343262 0.647656 0.342773 0.645312 0.342773 0.644922 0.343262
1 0.720313 0.469238 0.719922 0.469238 0.719531 0.469727 0.717187 0.469727 0.716406 0.470703 0.716406 0.471191 0.715625 0.472168 0.715625 0.472656 0.714844 0.473633 0.714453 0.473633 0.713672 0.474609 0.713281 0.474609 0.712891 0.475098 0.7125 0.475098 0.711719 0.476074 0.711328 0.476074 0.709766 0.478027 0.709375 0.478027 0.708594 0.479004 0.708203 0.479004 0.707812 0.479492 0.707422 0.479492 0.706641 0.480469 0.70625 0.480469 0.705859 0.480957 0.705469 0.480957 0.705078 0.481445 0.704688 0.481445 0.704297 0.481934 0.703906 0.481934 0.703516 0.482422 0.703125 0.482422 0.702734 0.48291 0.702344 0.48291 0.701953 0.483398 0.701562 0.483398 0.700391 0.484863 0.700391 0.485352 0.7 0.48584 0.7 0.486328 0.699609 0.486816 0.699609 0.487305 0.699219 0.487793 0.699219 0.488281 0.698828 0.48877 0.698828 0.489258 0.698438 0.489746 0.698438 0.490234 0.698047 0.490723 0.698047 0.491699 0.697656 0.492188 0.697656 0.492676 0.697266 0.493164 0.697266 0.493652 0.696875 0.494141 0.696875 0.495117 0.696484 0.495605 0.696484 0.50293 0.696875 0.503418 0.696875 0.504883 0.697266 0.505371 0.697266 0.505859 0.697656 0.506348 0.697656 0.506836 0.698047 0.507324 0.698047 0.507812 0.698438 0.508301 0.698438 0.508789 0.698828 0.509277 0.698828 0.509766 0.700391 0.511719 0.700781 0.511719 0.701172 0.512207 0.703125 0.512207 0.703516 0.512695 0.705078 0.512695 0.705469 0.512207 0.705859 0.512207 0.70625 0.511719 0.70625 0.51123 0.706641 0.510742 0.706641 0.509766 0.707031 0.509277 0.707031 0.507324 0.707422 0.506836 0.707422 0.505859 0.707812 0.505371 0.707812 0.504883 0.711328 0.500488 0.711328 0.5 0.7125 0.498535 0.7125 0.498047 0.713672 0.496582 0.713672 0.496094 0.714063 0.495605 0.714063 0.495117 0.714453 0.494629 0.714453 0.494141 0.716406 0.491699 0.716406 0.491211 0.717578 0.489746 0.717578 0.489258 0.721094 0.484863 0.721094 0.484375 0.721875 0.483398 0.721875 0.48291 0.722656 0.481934 0.722656 0.481445 0.723047 0.480957 0.723047 0.478516 0.723437 0.478027 0.723437 0.476074 0.723047 0.475586 0.723047 0.475098 0.722656 0.474609 0.722656 0.474121 0.722266 0.473633 0.722266 0.473145 0.721875 0.472656 0.721875 0.472168 0.721484 0.47168 0.721484 0.471191 0.721094 0.470703 0.721094 0.470215
1 0.880078 0.759277 0.878516 0.76123 0.878125 0.76123 0.876563 0.763184 0.876563 0.763672 0.876172 0.76416 0.876172 0.764648 0.875391 0.765625 0.875391 0.766113 0.875 0.766602 0.875 0.76709 0.874609 0.767578 0.874609 0.768066 0.874219 0.768555 0.874219 0.769043 0.873828 0.769531 0.873828 0.770508 0.873437 0.770996 0.873437 0.771484 0.873047 0.771973 0.873047 0.772461 0.872656 0.772949 0.872656 0.773926 0.872266 0.774414 0.872266 0.775391 0.871875 0.775879 0.871875 0.776855 0.871484 0.777344 0.871484 0.77832 0.871094 0.778809 0.871094 0.780273 0.870703 0.780762 0.870703 0.782227 0.870313 0.782715 0.870313 0.78418 0.869922 0.784668 0.869922 0.791992 0.870313 0.79248 0.870313 0.793945 0.870703 0.794434 0.870703 0.794922 0.871094 0.79541 0.871094 0.796387 0.871484 0.796875 0.871484 0.797363 0.871875 0.797852 0.871875 0.798828 0.872266 0.799316 0.872266 0.800293 0.872656 0.800781 0.872656 0.801758 0.873047 0.802246 0.873047 0.802734 0.873437 0.803223 0.873437 0.804199 0.873828 0.804688 0.873828 0.806152 0.874219 0.806641 0.874219 0.808105 0.874609 0.808594 0.874609 0.80957 0.875 0.810059 0.875 0.811035 0.875391 0.811523 0.875391 0.812012 0.875781 0.8125 0.875781 0.812988 0.876172 0.813477 0.876172 0.813965 0.877734 0.815918 0.878125 0.815918 0.879297 0.817383 0.879687 0.817383 0.880078 0.817871 0.880469 0.817871 0.880859 0.818359 0.882812 0.818359 0.883203 0.818848 0.885547 0.818848 0.886328 0.817871 0.886719 0.817871 0.886719 0.8125 0.885938 0.811523 0.885938 0.811035 0.885547 0.810547 0.885547 0.810059 0.884766 0.809082 0.884766 0.808105 0.884375 0.807617 0.884375 0.806152 0.883984 0.805664 0.883984 0.803711 0.883594 0.803223 0.883594 0.801758 0.883203 0.80127 0.883203 0.799316 0.882812 0.798828 0.882812 0.795898 0.883203 0.79541 0.883203 0.785156 0.882812 0.784668 0.882812 0.774902 0.883203 0.774414 0.883203 0.765625 0.882812 0.765137 0.882812 0.763184 0.882422 0.762695 0.882422 0.762207 0.882031 0.761719 0.882031 0.760742 0.881641 0.760254 0.881641 0.759766 0.88125 0.759766 0.880859 0.759277
1 0.922266 0.773926 0.921875 0.774414 0.921094 0.774414 0.920703 0.774902 0.920312 0.774902 0.919922 0.775391 0.919531 0.775391 0.917188 0.77832 0.917188 0.778809 0.916797 0.779297 0.916797 0.784668 0.917188 0.785156 0.917188 0.785645 0.917578 0.786133 0.917578 0.787109 0.917969 0.787598 0.917969 0.788574 0.918359 0.789062 0.918359 0.790039 0.91875 0.790527 0.91875 0.791504 0.919141 0.791992 0.919141 0.793457 0.919531 0.793945 0.919531 0.794434 0.919922 0.794922 0.919922 0.79541 0.920703 0.796387 0.920703 0.796875 0.921094 0.797363 0.921094 0.797852 0.921484 0.79834 0.921484 0.798828 0.921875 0.799316 0.921875 0.799805 0.922656 0.800781 0.922656 0.80127 0.923047 0.801758 0.923047 0.802246 0.924219 0.803711 0.924219 0.804199 0.926562 0.807129 0.926953 0.807129 0.927344 0.807617 0.928516 0.807617 0.930469 0.805176 0.930469 0.804688 0.932422 0.802246 0.932422 0.801758 0.933203 0.800781 0.933203 0.800293 0.933594 0.799805 0.933594 0.798828 0.933984 0.79834 0.933984 0.795898 0.934375 0.79541 0.934375 0.788086 0.933984 0.787598 0.933984 0.786621 0.933594 0.786133 0.933594 0.785156 0.933203 0.784668 0.933203 0.78418 0.932813 0.783691 0.932813 0.783203 0.932031 0.782227 0.932031 0.781738 0.93125 0.780762 0.93125 0.780273 0.930469 0.779297 0.930469 0.778809 0.927344 0.774902 0.926562 0.774902 0.926172 0.774414 0.925391 0.774414 0.925 0.773926
1 0.620703 0.699219 0.620703 0.70166 0.621094 0.702148 0.621094 0.702637 0.622266 0.704102 0.622656 0.704102 0.623047 0.70459 0.624219 0.70459 0.624609 0.705078 0.625781 0.705078 0.626172 0.705566 0.635547 0.705566 0.635938 0.705078 0.639062 0.705078 0.639453 0.70459 0.65 0.70459 0.650391 0.704102 0.653125 0.704102 0.653516 0.703613 0.657422 0.703613 0.657813 0.703125 0.6625 0.703125 0.662891 0.702637 0.664453 0.702637 0.664844 0.702148 0.666016 0.702148 0.666406 0.70166 0.666797 0.70166 0.666797 0.701172 0.667188 0.700684 0.667188 0.699707 0.666797 0.699219 0.666797 0.697754 0.666406 0.697266 0.666406 0.696777 0.665625 0.695801 0.665234 0.695801 0.664844 0.695312 0.664062 0.695312 0.663672 0.694824 0.6625 0.694824 0.662109 0.694336 0.660937 0.694336 0.660547 0.693848 0.659375 0.693848 0.658984 0.693359 0.657422 0.693359 0.657031 0.692871 0.654687 0.692871 0.654297 0.692383 0.652344 0.692383 0.651953 0.691895 0.650391 0.691895 0.65 0.691406 0.648828 0.691406 0.648438 0.690918 0.647266 0.690918 0.646875 0.69043 0.64375 0.69043 0.643359 0.689941 0.641797 0.689941 0.641406 0.69043 0.638672 0.69043 0.638281 0.690918 0.635547 0.690918 0.635156 0.691406 0.63125 0.691406 0.630859 0.691895 0.629687 0.691895 0.629297 0.692383 0.628516 0.692383 0.628125 0.692871 0.627344 0.692871 0.626953 0.693359 0.626563 0.693359 0.626172 0.693848 0.625781 0.693848 0.625391 0.694336 0.625 0.694336 0.624609 0.694824 0.623828 0.694824 0.623437 0.695312 0.623047 0.695312 0.622266 0.696289 0.621875 0.696289 0.621875 0.696777 0.621484 0.697266 0.621484 0.697754 0.621094 0.698242 0.621094 0.69873
1 0.451953 0.298828 0.451172 0.297852 0.449219 0.297852 0.448828 0.297363 0.446094 0.297363 0.445703 0.297852 0.44375 0.297852 0.442969 0.298828 0.442578 0.298828 0.442578 0.299316 0.441797 0.300293 0.441797 0.300781 0.440234 0.302734 0.439844 0.302734 0.439453 0.303223 0.439063 0.303223 0.438672 0.303711 0.438281 0.303711 0.437891 0.304199 0.4375 0.304199 0.433984 0.308594 0.433984 0.309082 0.433594 0.30957 0.433594 0.310059 0.433203 0.310547 0.433203 0.312012 0.432812 0.3125 0.432812 0.313477 0.432031 0.314453 0.432031 0.314941 0.430859 0.316406 0.430859 0.316895 0.430078 0.317871 0.430078 0.318359 0.428125 0.320801 0.427734 0.320801 0.426172 0.322754 0.425781 0.322754 0.423828 0.325195 0.423828 0.327637 0.424219 0.328125 0.424219 0.330078 0.424609 0.330566 0.425391 0.330566 0.425781 0.331055 0.428125 0.331055 0.428516 0.330566 0.428906 0.330566 0.430078 0.329102 0.430078 0.328613 0.43125 0.327148 0.431641 0.327148 0.432031 0.32666 0.434766 0.32666 0.435156 0.326172 0.435937 0.326172 0.436328 0.325684 0.436719 0.325684 0.437109 0.325195 0.4375 0.325195 0.438281 0.324219 0.439063 0.324219 0.439453 0.32373 0.439844 0.32373 0.441016 0.322266 0.441016 0.321777 0.441797 0.320801 0.441797 0.320312 0.442188 0.319824 0.442188 0.319336 0.442969 0.318359 0.443359 0.318359 0.444922 0.316406 0.444922 0.31543 0.445312 0.314941 0.445312 0.313965 0.445703 0.313477 0.445703 0.312988 0.446094 0.3125 0.446094 0.312012 0.446875 0.311035 0.446875 0.310547 0.447266 0.310059 0.447266 0.309082 0.447656 0.308594 0.447656 0.307617 0.448047 0.307129 0.448047 0.306641 0.448437 0.306152 0.448828 0.306152 0.45 0.304688 0.450781 0.304688 0.451172 0.304199 0.451172 0.303711 0.451953 0.302734 0.451953 0.301758 0.452344 0.30127 0.452344 0.299805 0.451953 0.299316
1 0.442578 0.296387 0.442188 0.295898 0.441797 0.295898 0.441016 0.294922 0.440625 0.294922 0.438672 0.29248 0.438281 0.29248 0.437891 0.291992 0.4375 0.291992 0.437109 0.291504 0.434766 0.291504 0.434375 0.291992 0.432812 0.291992 0.432422 0.29248 0.431641 0.29248 0.43125 0.292969 0.430859 0.292969 0.430469 0.293457 0.430078 0.293457 0.429688 0.293945 0.429297 0.293945 0.428906 0.294434 0.428125 0.294434 0.427734 0.294922 0.427344 0.294922 0.426953 0.29541 0.426563 0.29541 0.425391 0.296875 0.425 0.296875 0.424219 0.297852 0.423828 0.297852 0.423047 0.298828 0.422656 0.298828 0.41875 0.303711 0.41875 0.304199 0.418359 0.304688 0.418359 0.305176 0.417969 0.305664 0.417969 0.307617 0.417578 0.308105 0.417578 0.30957 0.417187 0.310059 0.417187 0.310547 0.416797 0.311035 0.416797 0.311523 0.414062 0.314941 0.414062 0.31543 0.413672 0.315918 0.413672 0.317383 0.413281 0.317871 0.413281 0.320312 0.416406 0.324219 0.417187 0.324219 0.417578 0.324707 0.418359 0.324707 0.41875 0.325195 0.419141 0.325195 0.419531 0.325684 0.420703 0.325684 0.421094 0.325195 0.421484 0.325195 0.423438 0.322754 0.424219 0.322754 0.424609 0.322266 0.426563 0.322266 0.426953 0.321777 0.428125 0.321777 0.428516 0.321289 0.428906 0.321289 0.430469 0.319336 0.430469 0.318848 0.430859 0.318359 0.430859 0.317871 0.43125 0.317383 0.43125 0.316895 0.431641 0.316406 0.431641 0.315918 0.432031 0.31543 0.432031 0.314941 0.432422 0.314453 0.432422 0.313477 0.432812 0.312988 0.432812 0.311523 0.433203 0.311035 0.433203 0.310547 0.433594 0.310059 0.433594 0.30957 0.435937 0.306641 0.436719 0.306641 0.437109 0.306152 0.439063 0.306152 0.439453 0.305664 0.439844 0.305664 0.440625 0.304688 0.440625 0.303711 0.441016 0.303223 0.441016 0.302734 0.442969 0.300293 0.442969 0.297852 0.442578 0.297363
1 0.417578 0.290039 0.417187 0.290039 0.416797 0.289551 0.416406 0.289551 0.416016 0.289062 0.412109 0.289062 0.410938 0.290527 0.410938 0.291016 0.410547 0.291504 0.410547 0.29248 0.407813 0.295898 0.407813 0.296387 0.407422 0.296875 0.407422 0.297852 0.407031 0.29834 0.407031 0.298828 0.40625 0.299805 0.40625 0.300293 0.404687 0.302246 0.404297 0.302246 0.401953 0.305176 0.401953 0.305664 0.401172 0.306641 0.401172 0.307129 0.400781 0.307617 0.400781 0.308105 0.4 0.309082 0.4 0.310059 0.399609 0.310547 0.399609 0.322754 0.399219 0.323242 0.399219 0.326172 0.399609 0.32666 0.399609 0.327148 0.400781 0.327148 0.401953 0.325684 0.401953 0.325195 0.402734 0.324219 0.403125 0.324219 0.403516 0.32373 0.403906 0.32373 0.404687 0.322754 0.405078 0.322754 0.40625 0.321289 0.406641 0.321289 0.407422 0.320312 0.407813 0.320312 0.408594 0.319336 0.408984 0.319336 0.410547 0.317383 0.410547 0.316895 0.411328 0.315918 0.411328 0.31543 0.411719 0.314941 0.411719 0.314453 0.412891 0.312988 0.412891 0.3125 0.413672 0.311523 0.413672 0.311035 0.414453 0.310059 0.414453 0.30957 0.414844 0.309082 0.414844 0.308594 0.415625 0.307617 0.415625 0.307129 0.416406 0.306152 0.416406 0.305664 0.416797 0.305176 0.416797 0.304199 0.417187 0.303711 0.417187 0.302734 0.417578 0.302246 0.417578 0.30127 0.417969 0.300781 0.417969 0.291016 0.417578 0.290527
1 0.392188 0.300293 0.391797 0.300781 0.391406 0.300781 0.391016 0.30127 0.390234 0.30127 0.389844 0.301758 0.389453 0.301758 0.389062 0.302246 0.388281 0.302246 0.387891 0.302734 0.3875 0.302734 0.386719 0.303711 0.386719 0.304199 0.386328 0.304688 0.386328 0.308105 0.385937 0.308594 0.385937 0.313965 0.386328 0.314453 0.386328 0.315918 0.387109 0.316895 0.387109 0.317383 0.388281 0.318848 0.388672 0.318848 0.389453 0.319824 0.389453 0.320312 0.391016 0.322266 0.391016 0.322754 0.392578 0.324707 0.392969 0.324707 0.394531 0.32666 0.394531 0.327148 0.395703 0.328613 0.395703 0.329102 0.396875 0.330566 0.397266 0.330566 0.397656 0.330078 0.398047 0.330078 0.399609 0.328125 0.399609 0.327637 0.4 0.327148 0.4 0.32666 0.400391 0.326172 0.400391 0.32373 0.4 0.323242 0.4 0.322754 0.399609 0.322266 0.399609 0.320801 0.399219 0.320312 0.399219 0.317871 0.398828 0.317383 0.398828 0.314941 0.398438 0.314453 0.398438 0.3125 0.398047 0.312012 0.398047 0.309082 0.397656 0.308594 0.397656 0.304688 0.397266 0.304199 0.397266 0.302734 0.396875 0.302246 0.396875 0.301758 0.396094 0.300781 0.395313 0.300781 0.394922 0.300293
1 0.395313 0.333496 0.395313 0.334961 0.394922 0.335449 0.394922 0.337891 0.394531 0.338379 0.394531 0.339355 0.394922 0.339844 0.394922 0.341309 0.395313 0.341797 0.395313 0.343262 0.395703 0.34375 0.395703 0.344727 0.396094 0.345215 0.396094 0.345703 0.396484 0.346191 0.396484 0.34668 0.398047 0.348633 0.398047 0.349121 0.401172 0.353027 0.401562 0.353027 0.402344 0.354004 0.402734 0.354004 0.403125 0.354492 0.403906 0.354492 0.404297 0.35498 0.40625 0.35498 0.406641 0.355469 0.407813 0.355469 0.408203 0.355957 0.408984 0.355957 0.409375 0.356445 0.409766 0.356445 0.410156 0.356934 0.410547 0.356934 0.410938 0.357422 0.411328 0.357422 0.411719 0.35791 0.4125 0.35791 0.412891 0.358398 0.413672 0.358398 0.414062 0.358887 0.414844 0.358887 0.415234 0.359375 0.416016 0.359375 0.416406 0.359863 0.420312 0.359863 0.420703 0.359375 0.421094 0.359375 0.421484 0.358887 0.421484 0.358398 0.421875 0.35791 0.421875 0.356445 0.422266 0.355957 0.422266 0.352051 0.421875 0.351562 0.421875 0.350098 0.421484 0.349609 0.421484 0.349121 0.419531 0.34668 0.419141 0.34668 0.418359 0.345703 0.417969 0.345703 0.416797 0.344238 0.416406 0.344238 0.416016 0.34375 0.415625 0.34375 0.415234 0.343262 0.414844 0.343262 0.414453 0.342773 0.414062 0.342773 0.413672 0.342285 0.413281 0.342285 0.412891 0.341797 0.411719 0.341797 0.411328 0.341309 0.408984 0.341309 0.408594 0.34082 0.407422 0.34082 0.407031 0.340332 0.40625 0.340332 0.405469 0.339355 0.405078 0.339355 0.402344 0.335938 0.401953 0.335938 0.400391 0.333984 0.4 0.333984 0.399609 0.333496 0.399219 0.333496 0.398828 0.333008 0.398438 0.333008 0.398047 0.33252 0.396094 0.33252
1 0.367969 0.312012 0.366797 0.313477 0.366797 0.317871 0.367188 0.318359 0.367188 0.323242 0.367578 0.32373 0.367578 0.32959 0.367969 0.330078 0.367969 0.335938 0.368359 0.336426 0.368359 0.338867 0.36875 0.339355 0.36875 0.34082 0.369141 0.341309 0.369141 0.341797 0.369531 0.342285 0.369531 0.343262 0.369922 0.34375 0.369922 0.344238 0.370312 0.344727 0.370312 0.345215 0.370703 0.345703 0.370703 0.346191 0.371094 0.34668 0.371094 0.347168 0.371484 0.347656 0.371484 0.348145 0.371875 0.348633 0.371875 0.349609 0.372266 0.350098 0.372266 0.350586 0.372656 0.351074 0.372656 0.351562 0.373828 0.353027 0.373828 0.353516 0.375781 0.355957 0.376172 0.355957 0.377734 0.35791 0.378125 0.35791 0.38125 0.361816 0.381641 0.361816 0.383594 0.364258 0.383594 0.364746 0.386328 0.368164 0.386328 0.368652 0.387891 0.370605 0.390234 0.370605 0.390625 0.370117 0.391016 0.370117 0.392188 0.368652 0.392188 0.365723 0.392578 0.365234 0.392578 0.36377 0.392188 0.363281 0.392188 0.361816 0.391797 0.361328 0.391797 0.360352 0.391406 0.359863 0.391406 0.359375 0.391016 0.358887 0.391016 0.358398 0.390234 0.357422 0.390234 0.356934 0.389062 0.355469 0.389062 0.35498 0.388281 0.354004 0.388281 0.353516 0.387891 0.353027 0.387891 0.352051 0.3875 0.351562 0.3875 0.351074 0.387109 0.350586 0.387109 0.349609 0.386719 0.349121 0.386719 0.348633 0.385937 0.347656 0.385937 0.347168 0.385547 0.34668 0.385547 0.346191 0.384766 0.345215 0.384766 0.344727 0.383984 0.34375 0.383984 0.343262 0.382812 0.341797 0.382812 0.341309 0.382031 0.340332 0.382031 0.339844 0.380859 0.338379 0.380859 0.337891 0.378906 0.335449 0.378906 0.334961 0.378516 0.334473 0.378516 0.333984 0.378125 0.333496 0.378125 0.333008 0.377344 0.332031 0.377344 0.331543 0.376953 0.331055 0.376953 0.330566 0.376172 0.32959 0.376172 0.329102 0.375781 0.328613 0.375781 0.328125 0.375391 0.327637 0.375391 0.327148 0.375 0.32666 0.375 0.326172 0.374609 0.325684 0.374609 0.325195 0.374219 0.324707 0.374219 0.324219 0.373437 0.323242 0.373437 0.322754 0.372656 0.321777 0.372656 0.321289 0.371875 0.320312 0.371875 0.319336 0.371484 0.318848 0.371484 0.318359 0.371094 0.317871 0.371094 0.316895 0.370703 0.316406 0.370703 0.31543 0.370312 0.314941 0.370312 0.313965 0.369922 0.313477 0.369922 0.312988 0.369141 0.312012
1 0.369531 0.269043 0.369141 0.269531 0.368359 0.269531 0.367969 0.27002 0.367578 0.27002 0.366016 0.271973 0.366016 0.272461 0.365625 0.272949 0.365625 0.273438 0.364844 0.274414 0.364844 0.274902 0.364453 0.275391 0.364453 0.275879 0.363672 0.276855 0.363672 0.277344 0.362891 0.27832 0.362891 0.278809 0.362109 0.279785 0.362109 0.280273 0.361719 0.280762 0.361719 0.282227 0.361328 0.282715 0.361328 0.28418 0.360938 0.284668 0.360938 0.288574 0.360547 0.289062 0.360547 0.291016 0.360938 0.291504 0.360938 0.292969 0.361328 0.293457 0.361328 0.294434 0.361719 0.294922 0.361719 0.29541 0.362109 0.295898 0.362109 0.296387 0.3625 0.296875 0.3625 0.297363 0.363672 0.298828 0.364063 0.298828 0.364453 0.299316 0.364844 0.299316 0.367578 0.302734 0.367969 0.302734 0.368359 0.303223 0.36875 0.303223 0.369531 0.304199 0.369922 0.304199 0.370312 0.304688 0.370703 0.304688 0.371094 0.305176 0.371484 0.305176 0.371875 0.305664 0.372266 0.305664 0.372656 0.306152 0.373437 0.306152 0.373828 0.306641 0.374609 0.306641 0.375 0.307129 0.375781 0.307129 0.376172 0.307617 0.378516 0.307617 0.378906 0.307129 0.379297 0.307129 0.380078 0.306152 0.380078 0.304688 0.379688 0.304199 0.379688 0.303711 0.379297 0.303223 0.379297 0.302246 0.378906 0.301758 0.378906 0.300781 0.378516 0.300293 0.378516 0.29834 0.378125 0.297852 0.378125 0.295898 0.377734 0.29541 0.377734 0.293945 0.377344 0.293457 0.377344 0.29248 0.376953 0.291992 0.376953 0.291504 0.376563 0.291016 0.376563 0.290527 0.376172 0.290039 0.376172 0.289551 0.375781 0.289062 0.375781 0.288086 0.375391 0.287598 0.375391 0.287109 0.375 0.286621 0.375 0.285645 0.374609 0.285156 0.374609 0.282715 0.374219 0.282227 0.374219 0.279785 0.373828 0.279297 0.373828 0.277832 0.373437 0.277344 0.373437 0.274902 0.373828 0.274414 0.373828 0.272949 0.374219 0.272461 0.374219 0.270996 0.373828 0.270508 0.373828 0.27002 0.373437 0.269531 0.371094 0.269531 0.370703 0.269043
1 0.397266 0.257324 0.395703 0.257324 0.395313 0.257812 0.39375 0.257812 0.393359 0.258301 0.392188 0.258301 0.391797 0.258789 0.391016 0.258789 0.390625 0.259277 0.389844 0.259277 0.389453 0.259766 0.388281 0.259766 0.387891 0.260254 0.385547 0.260254 0.385156 0.260742 0.384375 0.260742 0.383984 0.26123 0.383594 0.26123 0.382812 0.262207 0.382422 0.262207 0.382031 0.262695 0.38125 0.262695 0.380859 0.263184 0.380469 0.263184 0.380078 0.263672 0.379688 0.263672 0.377344 0.266602 0.377344 0.26709 0.376953 0.267578 0.376953 0.268066 0.376172 0.269043 0.376172 0.269531 0.375781 0.27002 0.375781 0.270508 0.375391 0.270996 0.375391 0.273926 0.375781 0.274414 0.375781 0.277832 0.376172 0.27832 0.376172 0.280273 0.376563 0.280762 0.376563 0.281738 0.376953 0.282227 0.376953 0.283203 0.377344 0.283691 0.377344 0.284668 0.377734 0.285156 0.377734 0.286133 0.378125 0.286621 0.378125 0.287109 0.378516 0.287598 0.378516 0.288086 0.38125 0.291504 0.38125 0.291992 0.381641 0.29248 0.381641 0.292969 0.382031 0.293457 0.382031 0.294434 0.382422 0.294922 0.382422 0.295898 0.382812 0.296387 0.382812 0.296875 0.384375 0.298828 0.384766 0.298828 0.385156 0.299316 0.385937 0.299316 0.386328 0.299805 0.386719 0.299805 0.387109 0.300293 0.3875 0.300293 0.388281 0.30127 0.389453 0.30127 0.389844 0.300781 0.390234 0.300781 0.390625 0.300293 0.391016 0.300293 0.391797 0.299316 0.392188 0.299316 0.392578 0.298828 0.393359 0.298828 0.39375 0.29834 0.394141 0.29834 0.394922 0.297363 0.394922 0.296875 0.395313 0.296387 0.395313 0.29541 0.394922 0.294922 0.394922 0.294434 0.394141 0.293457 0.394141 0.292969 0.39375 0.29248 0.39375 0.291992 0.393359 0.291504 0.393359 0.290527 0.392969 0.290039 0.392969 0.288574 0.392578 0.288086 0.392578 0.285645 0.392188 0.285156 0.392188 0.28418 0.391797 0.283691 0.391797 0.283203 0.391406 0.282715 0.391406 0.28125 0.391016 0.280762 0.391016 0.279297 0.390625 0.278809 0.390625 0.277832 0.390234 0.277344 0.390234 0.272461 0.390625 0.271973 0.390625 0.270996 0.392188 0.269043 0.392578 0.269043 0.393359 0.268066 0.39375 0.268066 0.394141 0.267578 0.394531 0.267578 0.395313 0.266602 0.395703 0.266602 0.396094 0.266113 0.396484 0.266113 0.396875 0.265625 0.397266 0.265625 0.398438 0.26416 0.398828 0.26416 0.4 0.262695 0.4 0.261719 0.400391 0.26123 0.400391 0.260254 0.398828 0.258301 0.398438 0.258301 0.398047 0.257812 0.397656 0.257812
1 0.807422 0.0161133 0.807031 0.0161133 0.80625 0.0151367 0.805469 0.0151367 0.805078 0.0146484 0.803906 0.0146484 0.803516 0.0141602 0.802344 0.0141602 0.801953 0.0136719 0.799609 0.0136719 0.799219 0.0131836 0.796484 0.0131836 0.796094 0.0126953 0.793359 0.0126953 0.792969 0.0131836 0.789844 0.0131836 0.789453 0.0126953 0.788672 0.0126953 0.788281 0.012207 0.786719 0.012207 0.786328 0.0126953 0.785937 0.0126953 0.785547 0.0131836 0.784766 0.0131836 0.784375 0.0136719 0.778125 0.0136719 0.777734 0.0141602 0.769922 0.0141602 0.769531 0.0146484 0.764062 0.0146484 0.763672 0.0151367 0.7625 0.0151367 0.762109 0.015625 0.761719 0.015625 0.761328 0.0161133 0.760547 0.0161133 0.759375 0.0175781 0.759375 0.0209961 0.759766 0.0214844 0.759766 0.0219727 0.760156 0.0224609 0.760938 0.0224609 0.761328 0.0229492 0.7625 0.0229492 0.762891 0.0234375 0.764453 0.0234375 0.764844 0.0239258 0.766406 0.0239258 0.766797 0.0244141 0.767969 0.0244141 0.768359 0.0249023 0.76875 0.0249023 0.769141 0.0253906 0.769531 0.0253906 0.769922 0.0258789 0.770312 0.0258789 0.770703 0.0263672 0.771484 0.0263672 0.771875 0.0268555 0.772656 0.0268555 0.773047 0.0273438 0.773438 0.0273438 0.773828 0.027832 0.774609 0.027832 0.775 0.0283203 0.775391 0.0283203 0.776172 0.0292969 0.776563 0.0292969 0.777344 0.0302734 0.777734 0.0302734 0.778516 0.03125 0.779297 0.03125 0.779687 0.0317383 0.783984 0.0317383 0.784375 0.03125 0.785156 0.03125 0.785547 0.0307617 0.786719 0.0307617 0.787109 0.0302734 0.787891 0.0302734 0.788281 0.0297852 0.788672 0.0297852 0.789062 0.0292969 0.789844 0.0292969 0.790234 0.0288086 0.790625 0.0288086 0.791016 0.0283203 0.791797 0.0283203 0.792188 0.027832 0.792969 0.027832 0.793359 0.0273438 0.79375 0.0273438 0.794141 0.0268555 0.794922 0.0268555 0.795312 0.0263672 0.795703 0.0263672 0.796094 0.0258789 0.796875 0.0258789 0.797266 0.0253906 0.798438 0.0253906 0.798828 0.0249023 0.799219 0.0249023 0.799609 0.0244141 0.8 0.0244141 0.800391 0.0239258 0.801172 0.0239258 0.801562 0.0234375 0.802344 0.0234375 0.802734 0.0229492 0.803516 0.0229492 0.803906 0.0224609 0.804297 0.0224609 0.804688 0.0219727 0.805078 0.0219727 0.806641 0.0200195 0.806641 0.0195312 0.807422 0.0185547
1 0.910156 0.0883789 0.910156 0.0908203 0.9125 0.09375 0.912891 0.09375 0.915625 0.097168 0.916016 0.097168 0.917188 0.0986328 0.917578 0.0986328 0.91875 0.100098 0.919141 0.100098 0.919531 0.100586 0.920312 0.100586 0.920703 0.101074 0.921484 0.101074 0.921875 0.101562 0.923047 0.101562 0.923438 0.102051 0.924609 0.102051 0.925 0.102539 0.926953 0.102539 0.927344 0.103027 0.93125 0.103027 0.931641 0.102539 0.932422 0.102539 0.932813 0.102051 0.933594 0.102051 0.933984 0.101562 0.934375 0.101562 0.934766 0.101074 0.935156 0.101074 0.935547 0.100586 0.935937 0.100586 0.936328 0.100098 0.936719 0.100098 0.937109 0.0996094 0.9375 0.0996094 0.938281 0.0986328 0.938672 0.0986328 0.939063 0.0981445 0.939453 0.0981445 0.939844 0.0976562 0.940234 0.0976562 0.941016 0.0966797 0.941406 0.0966797 0.942578 0.0952148 0.942578 0.0947266 0.94375 0.0932617 0.94375 0.0927734 0.944141 0.0922852 0.944141 0.0917969 0.944531 0.0913086 0.944531 0.0883789 0.944141 0.0878906 0.944141 0.0874023 0.94375 0.0869141 0.94375 0.0864258 0.943359 0.0859375 0.942578 0.0859375 0.942187 0.0854492 0.940625 0.0854492 0.940234 0.0849609 0.936328 0.0849609 0.935937 0.0844727 0.927344 0.0844727 0.926953 0.0839844 0.921484 0.0839844 0.921094 0.0834961 0.914062 0.0834961 0.913672 0.0839844 0.912109 0.0839844 0.911719 0.0844727 0.911328 0.0844727 0.910937 0.0849609 0.910937 0.0854492 0.910547 0.0859375 0.910547 0.0878906
2 0.562891 0.853516 0.562891 0.854004 0.5625 0.854492 0.5625 0.855469 0.562109 0.855957 0.562109 0.857422 0.5625 0.85791 0.5625 0.858398 0.562891 0.858887 0.562891 0.859375 0.563672 0.860352 0.563672 0.86084 0.564453 0.861816 0.564453 0.862305 0.566016 0.864258 0.566016 0.864746 0.571875 0.87207 0.572266 0.87207 0.572656 0.872559 0.573047 0.872559 0.573828 0.873535 0.574219 0.873535 0.575 0.874512 0.575391 0.874512 0.576172 0.875488 0.576562 0.875488 0.577344 0.876465 0.577734 0.876465 0.578906 0.87793 0.579297 0.87793 0.580078 0.878906 0.580469 0.878906 0.583203 0.882324 0.583594 0.882324 0.583984 0.882812 0.585938 0.882812 0.586328 0.883301 0.588281 0.883301 0.589063 0.882324 0.589453 0.882324 0.589453 0.87793 0.589063 0.877441 0.589063 0.876465 0.588281 0.875488 0.588281 0.875 0.585547 0.871582 0.585156 0.871582 0.583984 0.870117 0.583594 0.870117 0.582812 0.869141 0.582422 0.869141 0.579688 0.865723 0.579297 0.865723 0.577344 0.863281 0.576953 0.863281 0.575 0.86084 0.574609 0.86084 0.573828 0.859863 0.573438 0.859863 0.572656 0.858887 0.572266 0.858887 0.571484 0.85791 0.571094 0.85791 0.569922 0.856445 0.569531 0.856445 0.568359 0.85498 0.567969 0.85498 0.567578 0.854492 0.567187 0.854492 0.566406 0.853516 0.566016 0.853516 0.565625 0.853027 0.565234 0.853027 0.564844 0.852539 0.564063 0.852539 0.563672 0.853027 0.563281 0.853027
2 0.676953 0.814941 0.675391 0.816895 0.675391 0.819824 0.675781 0.820312 0.675781 0.821777 0.676172 0.822266 0.676172 0.82373 0.676562 0.824219 0.676562 0.825195 0.676953 0.825684 0.676953 0.82666 0.677344 0.827148 0.677344 0.828125 0.677734 0.828613 0.677734 0.82959 0.678125 0.830078 0.678125 0.830566 0.678516 0.831055 0.678516 0.831543 0.678906 0.832031 0.678906 0.83252 0.679297 0.833008 0.679297 0.833496 0.679688 0.833984 0.679688 0.834473 0.680078 0.834961 0.680078 0.835449 0.680469 0.835938 0.680469 0.836426 0.68125 0.837402 0.68125 0.837891 0.681641 0.838379 0.681641 0.838867 0.682422 0.839844 0.682422 0.840332 0.682813 0.84082 0.682813 0.841309 0.683203 0.841797 0.683203 0.842285 0.684766 0.844238 0.685156 0.844238 0.685937 0.845215 0.686328 0.845215 0.688281 0.847656 0.688672 0.847656 0.689063 0.848145 0.692969 0.848145 0.693359 0.847656 0.693359 0.84375 0.692969 0.843262 0.692969 0.841797 0.691797 0.840332 0.691797 0.839844 0.691406 0.839355 0.691406 0.838867 0.690625 0.837891 0.690625 0.837402 0.690234 0.836914 0.690234 0.836426 0.689844 0.835938 0.689844 0.835449 0.689063 0.834473 0.689063 0.833984 0.688672 0.833496 0.688672 0.833008 0.687891 0.832031 0.687891 0.831543 0.6875 0.831055 0.6875 0.830566 0.687109 0.830078 0.687109 0.82959 0.686328 0.828613 0.686328 0.828125 0.685937 0.827637 0.685937 0.827148 0.685547 0.82666 0.685547 0.826172 0.685156 0.825684 0.685156 0.825195 0.684766 0.824707 0.684766 0.824219 0.684375 0.82373 0.684375 0.823242 0.683984 0.822754 0.683984 0.822266 0.683594 0.821777 0.683594 0.820801 0.683203 0.820312 0.683203 0.819824 0.682422 0.818848 0.682422 0.818359 0.682031 0.817871 0.681641 0.817871 0.680859 0.816895 0.680469 0.816895 0.680078 0.816406 0.679688 0.816406 0.678516 0.814941
2 0.442578 0.886719 0.441406 0.888184 0.441016 0.888184 0.439453 0.890137 0.439453 0.890625 0.439063 0.891113 0.439063 0.89209 0.438672 0.892578 0.438672 0.89502 0.438281 0.895508 0.438281 0.90332 0.437891 0.903809 0.437891 0.912598 0.438281 0.913086 0.438281 0.914062 0.438672 0.914551 0.438672 0.915527 0.439063 0.916016 0.439063 0.916504 0.442578 0.920898 0.447266 0.920898 0.447656 0.92041 0.447656 0.919922 0.448047 0.919434 0.448047 0.91748 0.448437 0.916992 0.448437 0.913574 0.448047 0.913086 0.448047 0.910156 0.447656 0.909668 0.447656 0.908691 0.447266 0.908203 0.447266 0.907227 0.446875 0.906738 0.446875 0.905762 0.446484 0.905273 0.446484 0.903809 0.446094 0.90332 0.446094 0.901367 0.445703 0.900879 0.445703 0.898438 0.445312 0.897949 0.445312 0.892578 0.444922 0.89209 0.444922 0.889648 0.444531 0.88916 0.444531 0.888184 0.444141 0.887695 0.444141 0.887207 0.44375 0.887207 0.443359 0.886719
2 0.286328 0.650391 0.286328 0.650879 0.285938 0.651367 0.285938 0.652832 0.285547 0.65332 0.285547 0.654785 0.285156 0.655273 0.285156 0.655762 0.284766 0.65625 0.284766 0.657715 0.285156 0.658203 0.285156 0.658691 0.286719 0.660645 0.287891 0.660645 0.288281 0.660156 0.288672 0.660156 0.289062 0.659668 0.289453 0.659668 0.289844 0.65918 0.290234 0.65918 0.290625 0.658691 0.291406 0.658691 0.291797 0.65918 0.292578 0.65918 0.292969 0.659668 0.294141 0.659668 0.294531 0.660156 0.294922 0.660156 0.295312 0.660645 0.295703 0.660645 0.297266 0.662598 0.297266 0.663086 0.298047 0.664062 0.298047 0.664551 0.298438 0.665039 0.298438 0.665527 0.299219 0.666504 0.299609 0.666504 0.3 0.666992 0.300391 0.666992 0.300781 0.66748 0.301953 0.66748 0.302344 0.667969 0.304297 0.667969 0.304688 0.668457 0.305469 0.668457 0.305859 0.668945 0.306641 0.668945 0.307031 0.668457 0.307031 0.667969 0.307422 0.66748 0.307422 0.666016 0.307031 0.665527 0.307031 0.665039 0.306641 0.664551 0.306641 0.663574 0.30625 0.663086 0.30625 0.662109 0.305859 0.661621 0.305859 0.660645 0.305469 0.660156 0.305469 0.659668 0.305078 0.65918 0.305078 0.658203 0.304688 0.657715 0.304688 0.657227 0.304297 0.656738 0.304297 0.65625 0.303906 0.655762 0.303906 0.655273 0.303125 0.654297 0.303125 0.653809 0.302344 0.652832 0.302344 0.652344 0.301172 0.650879 0.300781 0.650879 0.299609 0.649414 0.298828 0.649414 0.298438 0.648926 0.297656 0.648926 0.297266 0.648438 0.296094 0.648438 0.295703 0.647949 0.289844 0.647949 0.289453 0.648438 0.288281 0.648438 0.287891 0.648926 0.2875 0.648926
2 0.232813 0.772949 0.232031 0.773926 0.232031 0.774414 0.231641 0.774902 0.231641 0.788574 0.232031 0.789062 0.232031 0.793945 0.232422 0.794434 0.232422 0.795898 0.232813 0.796387 0.232813 0.797852 0.233203 0.79834 0.233203 0.799316 0.233594 0.799805 0.233594 0.800293 0.233984 0.800781 0.233984 0.80127 0.234766 0.802246 0.234766 0.802734 0.235937 0.804199 0.237109 0.804199 0.2375 0.803711 0.237891 0.803711 0.238672 0.802734 0.238672 0.800781 0.239063 0.800293 0.239063 0.783203 0.238672 0.782715 0.238672 0.780273 0.238281 0.779785 0.238281 0.777832 0.237891 0.777344 0.237891 0.775879 0.2375 0.775391 0.2375 0.774414 0.237109 0.773926 0.237109 0.773438 0.236719 0.773438 0.236328 0.772949
2 0.185156 0.763184 0.183594 0.765137 0.183594 0.765625 0.182812 0.766602 0.182812 0.767578 0.182422 0.768066 0.182422 0.770508 0.182812 0.770996 0.182812 0.772461 0.183203 0.772949 0.183203 0.774414 0.183594 0.774902 0.183594 0.778809 0.183984 0.779297 0.183984 0.779785 0.183594 0.780273 0.183594 0.787598 0.183203 0.788086 0.183203 0.793945 0.184375 0.79541 0.186719 0.79541 0.187109 0.794922 0.1875 0.794922 0.187891 0.794434 0.188281 0.794434 0.190625 0.791504 0.190625 0.791016 0.191016 0.790527 0.191016 0.790039 0.191406 0.789551 0.191406 0.788086 0.191797 0.787598 0.191797 0.782227 0.191406 0.781738 0.191406 0.778809 0.191016 0.77832 0.191016 0.775391 0.190625 0.774902 0.190625 0.771973 0.190234 0.771484 0.190234 0.769531 0.189844 0.769043 0.189844 0.767578 0.189453 0.76709 0.189453 0.766113 0.189062 0.765625 0.189062 0.765137 0.188672 0.764648 0.188281 0.764648 0.1875 0.763672 0.186719 0.763672 0.186328 0.763184
2 0.473828 0.472168 0.473828 0.472656 0.473438 0.473145 0.473438 0.477051 0.473828 0.477539 0.473828 0.478027 0.475391 0.47998 0.475391 0.480469 0.476172 0.481445 0.476172 0.481934 0.478125 0.484375 0.478516 0.484375 0.479297 0.485352 0.479687 0.485352 0.480078 0.48584 0.480469 0.48584 0.48125 0.486816 0.481641 0.486816 0.482031 0.487305 0.482812 0.487305 0.483203 0.487793 0.483594 0.487793 0.483984 0.488281 0.484766 0.488281 0.485156 0.48877 0.485547 0.48877 0.485938 0.489258 0.486328 0.489258 0.486719 0.489746 0.487109 0.489746 0.4875 0.490234 0.487891 0.490234 0.488281 0.490723 0.488672 0.490723 0.489063 0.491211 0.489844 0.491211 0.490234 0.491699 0.492969 0.491699 0.493359 0.492188 0.49375 0.492188 0.494141 0.491699 0.494922 0.491699 0.495703 0.490723 0.495703 0.489258 0.495312 0.48877 0.495312 0.486328 0.494922 0.48584 0.494922 0.485352 0.494531 0.484863 0.494141 0.484863 0.493359 0.483887 0.492969 0.483887 0.492188 0.48291 0.491797 0.48291 0.491016 0.481934 0.490625 0.481934 0.490234 0.481445 0.489453 0.481445 0.489063 0.480957 0.488281 0.480957 0.487891 0.480469 0.487109 0.480469 0.486719 0.47998 0.485938 0.47998 0.485547 0.479492 0.484766 0.479492 0.484375 0.479004 0.483594 0.479004 0.483203 0.478516 0.482812 0.478516 0.482422 0.478027 0.482031 0.478027 0.479297 0.474609 0.478906 0.474609 0.478516 0.474121 0.477734 0.474121 0.477344 0.473633 0.476562 0.473633 0.475391 0.472168
2 0.915234 0.0981445 0.914844 0.0986328 0.914453 0.0986328 0.914453 0.0991211 0.913281 0.100586 0.913281 0.101074 0.912891 0.101562 0.912891 0.102051 0.9125 0.102539 0.9125 0.122559 0.912891 0.123047 0.912891 0.126953 0.913281 0.127441 0.913281 0.129395 0.913672 0.129883 0.913672 0.130371 0.914062 0.130859 0.914453 0.130859 0.915234 0.131836 0.916797 0.131836 0.917188 0.131348 0.917578 0.131348 0.918359 0.130371 0.91875 0.130371 0.920312 0.128418 0.920312 0.12793 0.920703 0.127441 0.920703 0.126953 0.921094 0.126465 0.921094 0.125977 0.921484 0.125488 0.921484 0.118652 0.921094 0.118164 0.921094 0.116211 0.920703 0.115723 0.920703 0.114258 0.920312 0.11377 0.920312 0.111816 0.919922 0.111328 0.919922 0.108398 0.919531 0.10791 0.919531 0.10498 0.919141 0.104492 0.919141 0.103027 0.91875 0.102539 0.91875 0.102051 0.918359 0.101562 0.918359 0.101074 0.917969 0.100586 0.917969 0.100098 0.916797 0.0986328 0.916797 0.0981445
2 0.93125 0.475098 0.930859 0.474609 0.930859 0.474121 0.930469 0.473633 0.930078 0.473633 0.929688 0.473145 0.929297 0.473145 0.928906 0.472656 0.925781 0.472656 0.925391 0.473145 0.923828 0.473145 0.923438 0.473633 0.920703 0.473633 0.920312 0.474121 0.918359 0.474121 0.917969 0.474609 0.915234 0.474609 0.914844 0.475098 0.912109 0.475098 0.911719 0.475586 0.910937 0.475586 0.910547 0.476074 0.909766 0.476074 0.909375 0.476562 0.908594 0.476562 0.908203 0.477051 0.907813 0.477051 0.907422 0.477539 0.907031 0.477539 0.904687 0.480469 0.904687 0.482422 0.905078 0.48291 0.905078 0.483398 0.905859 0.484375 0.90625 0.484375 0.906641 0.484863 0.907031 0.484863 0.907422 0.485352 0.909375 0.485352 0.909766 0.484863 0.911719 0.484863 0.912109 0.484375 0.913672 0.484375 0.914062 0.483887 0.915625 0.483887 0.916016 0.483398 0.919531 0.483398 0.919922 0.48291 0.921875 0.48291 0.922266 0.482422 0.923438 0.482422 0.923828 0.481934 0.924609 0.481934 0.925 0.481445 0.925391 0.481445 0.925781 0.480957 0.926562 0.480957 0.926953 0.480469 0.927344 0.480469 0.927734 0.47998 0.928125 0.47998 0.928516 0.479492 0.928906 0.479492 0.930078 0.478027 0.930469 0.478027 0.93125 0.477051
1 0.215234 0.694824 0.214844 0.694336 0.214844 0.693848 0.214453 0.693359 0.214453 0.692871 0.214062 0.692383 0.214062 0.691895 0.213672 0.691406 0.213281 0.691406 0.212891 0.690918 0.212109 0.690918 0.211719 0.691406 0.210938 0.691406 0.210547 0.691895 0.209375 0.691895 0.208984 0.692383 0.208594 0.692383 0.208203 0.692871 0.207813 0.692871 0.207422 0.693359 0.207031 0.693359 0.206641 0.693848 0.20625 0.693848 0.205859 0.694336 0.205469 0.694336 0.205078 0.694824 0.204687 0.694824 0.204297 0.695312 0.203906 0.695312 0.203516 0.695801 0.203125 0.695801 0.202734 0.696289 0.202344 0.696289 0.201563 0.697266 0.201172 0.697266 0.200781 0.697754 0.200391 0.697754 0.199609 0.69873 0.199219 0.69873 0.198437 0.699707 0.198047 0.699707 0.197656 0.700195 0.196875 0.700195 0.196484 0.700684 0.195703 0.700684 0.195312 0.701172 0.19375 0.701172 0.193359 0.70166 0.192969 0.70166 0.192578 0.702148 0.192188 0.702148 0.190234 0.70459 0.190234 0.706543 0.191016 0.70752 0.191016 0.708008 0.192188 0.709473 0.192188 0.709961 0.194531 0.712891 0.194922 0.712891 0.195703 0.713867 0.196094 0.713867 0.196484 0.714355 0.196875 0.714355 0.197266 0.714844 0.199609 0.714844 0.2 0.715332 0.201563 0.715332 0.201953 0.714844 0.203125 0.714844 0.203516 0.714355 0.204297 0.714355 0.204687 0.713867 0.205078 0.713867 0.205469 0.713379 0.205859 0.713379 0.20625 0.712891 0.206641 0.712891 0.207422 0.711914 0.207813 0.711914 0.208594 0.710938 0.208984 0.710938 0.210156 0.709473 0.210547 0.709473 0.211719 0.708008 0.212109 0.708008 0.213281 0.706543 0.213281 0.706055 0.213672 0.705566 0.213672 0.70459 0.214062 0.704102 0.214062 0.702637 0.214453 0.702148 0.214453 0.700684 0.214844 0.700195 0.214844 0.698242 0.215234 0.697754
1 0.135937 0.299805 0.135937 0.300781 0.136328 0.30127 0.136328 0.302246 0.136719 0.302734 0.136719 0.303223 0.137109 0.303711 0.137109 0.304199 0.138281 0.305664 0.138672 0.305664 0.139063 0.306152 0.139844 0.306152 0.140234 0.306641 0.141016 0.306641 0.141406 0.307129 0.142187 0.307129 0.142578 0.307617 0.14375 0.307617 0.144141 0.308105 0.144922 0.308105 0.145313 0.308594 0.146094 0.308594 0.146484 0.309082 0.147656 0.309082 0.148047 0.30957 0.148828 0.30957 0.149219 0.310059 0.15 0.310059 0.150391 0.310547 0.151172 0.310547 0.151562 0.311035 0.151953 0.311035 0.152344 0.311523 0.152734 0.311523 0.153125 0.312012 0.153516 0.312012 0.153906 0.3125 0.154688 0.3125 0.155078 0.312988 0.155859 0.312988 0.15625 0.313477 0.156641 0.313477 0.157031 0.313965 0.157812 0.313965 0.158203 0.314453 0.160547 0.314453 0.160938 0.314941 0.163672 0.314941 0.164062 0.314453 0.166406 0.314453 0.166797 0.313965 0.167969 0.313965 0.168359 0.313477 0.175 0.313477 0.175391 0.312988 0.176172 0.312988 0.176563 0.3125 0.177344 0.3125 0.177734 0.312012 0.178125 0.312012 0.178906 0.311035 0.178906 0.307617 0.178516 0.307129 0.178516 0.306641 0.178125 0.306152 0.178125 0.305664 0.177734 0.305664 0.177344 0.305176 0.176563 0.305176 0.176172 0.304688 0.175391 0.304688 0.175 0.304199 0.173047 0.304199 0.172656 0.303711 0.169922 0.303711 0.169531 0.303223 0.16875 0.303223 0.168359 0.302734 0.167578 0.302734 0.167187 0.302246 0.166406 0.302246 0.166016 0.301758 0.165234 0.301758 0.164844 0.30127 0.164453 0.30127 0.164062 0.300781 0.163281 0.300781 0.162891 0.300293 0.162109 0.300293 0.161719 0.299805 0.160547 0.299805 0.160156 0.299316 0.158594 0.299316 0.158203 0.298828 0.15625 0.298828 0.155859 0.29834 0.154297 0.29834 0.153906 0.297852 0.152734 0.297852 0.152344 0.297363 0.150781 0.297363 0.150391 0.296875 0.149219 0.296875 0.148828 0.296387 0.148047 0.296387 0.147656 0.295898 0.146484 0.295898 0.146094 0.29541 0.144531 0.29541 0.144141 0.294922 0.138672 0.294922 0.138281 0.29541 0.137891 0.29541 0.137891 0.295898 0.137109 0.296875 0.137109 0.297363 0.136719 0.297852 0.136719 0.29834 0.136328 0.298828 0.136328 0.299316
1 0.0921875 0.440918 0.0917969 0.441406 0.0917969 0.441895 0.0914062 0.442383 0.0914062 0.442871 0.0921875 0.443848 0.0921875 0.444336 0.0925781 0.444824 0.0925781 0.445312 0.0933594 0.446289 0.0933594 0.446777 0.0945312 0.448242 0.0945312 0.44873 0.0957031 0.450195 0.0957031 0.450684 0.0960938 0.451172 0.0960938 0.45166 0.0964844 0.452148 0.0964844 0.453125 0.096875 0.453613 0.096875 0.454102 0.0972656 0.45459 0.0972656 0.455566 0.0976562 0.456055 0.0976562 0.456543 0.0980469 0.457031 0.0980469 0.458008 0.0988281 0.458984 0.0988281 0.459473 0.0996094 0.460449 0.0996094 0.460938 0.100391 0.461914 0.100391 0.462402 0.100781 0.462891 0.100781 0.463379 0.101172 0.463867 0.101562 0.463867 0.102344 0.464844 0.102734 0.464844 0.103125 0.465332 0.103516 0.465332 0.103906 0.46582 0.104297 0.46582 0.104688 0.466309 0.105078 0.466309 0.10625 0.467773 0.10625 0.468262 0.109375 0.472168 0.109766 0.472168 0.110937 0.473633 0.111328 0.473633 0.112109 0.474609 0.1125 0.474609 0.113672 0.476074 0.114062 0.476074 0.114453 0.476562 0.116016 0.476562 0.117188 0.475098 0.117188 0.474609 0.118359 0.473145 0.118359 0.472656 0.11875 0.472168 0.11875 0.470703 0.118359 0.470215 0.118359 0.469727 0.117969 0.469238 0.117969 0.46875 0.117578 0.468262 0.117578 0.467285 0.117188 0.466797 0.117188 0.466309 0.116797 0.46582 0.116797 0.464844 0.116406 0.464355 0.116406 0.463379 0.116016 0.462891 0.116016 0.461426 0.115625 0.460938 0.115625 0.459473 0.115234 0.458984 0.115234 0.458008 0.114844 0.45752 0.114844 0.456543 0.114453 0.456055 0.114453 0.455566 0.113281 0.454102 0.113281 0.453613 0.110156 0.449707 0.110156 0.449219 0.109766 0.44873 0.109766 0.448242 0.109375 0.447754 0.109375 0.447266 0.108984 0.446777 0.108984 0.446289 0.107031 0.443848 0.106641 0.443848 0.10625 0.443359 0.105859 0.443359 0.105469 0.442871 0.105078 0.442871 0.104297 0.441895 0.103906 0.441895 0.103516 0.441406 0.103125 0.441406 0.102734 0.440918 0.101953 0.440918 0.101562 0.44043 0.100781 0.44043 0.100391 0.439941 0.096875 0.439941 0.0964844 0.439453 0.0960938 0.439453 0.0957031 0.439941 0.0941406 0.439941 0.09375 0.44043 0.0929688 0.44043 0.0925781 0.440918
1 0.025 0.4375 0.0234375 0.435547 0.0230469 0.435547 0.0222656 0.43457 0.0183594 0.43457 0.0179687 0.435059 0.0164063 0.435059 0.0160156 0.435547 0.0152344 0.435547 0.0148437 0.436035 0.0140625 0.436035 0.0136719 0.436523 0.0128906 0.436523 0.0125 0.437012 0.0117188 0.437012 0.0113281 0.4375 0.0101563 0.4375 0.00976562 0.437988 0.009375 0.437988 0.00898437 0.438477 0.00859375 0.438477 0.00820313 0.438965 0.0078125 0.438965 0.00742187 0.439453 0.00664062 0.439453 0.00625 0.439941 0.00546875 0.439941 0.00507813 0.44043 0.0046875 0.44043 0.00429688 0.440918 0.00390625 0.440918 0.00351563 0.441406 0.003125 0.441406 0.00234375 0.442383 0.00195312 0.442383 0.0015625 0.442871 0 0.442871 0 0.460938 0.0015625 0.460938 0.00195312 0.460449 0.00273437 0.460449 0.00351563 0.459473 0.00390625 0.459473 0.00429688 0.458984 0.0046875 0.458984 0.00507813 0.458496 0.00546875 0.458496 0.00585938 0.458008 0.00625 0.458008 0.00664062 0.45752 0.00703125 0.45752 0.00898437 0.455078 0.009375 0.455078 0.00976562 0.45459 0.0101563 0.45459 0.0109375 0.453613 0.0113281 0.453613 0.0121094 0.452637 0.0125 0.452637 0.0144531 0.450195 0.0148437 0.450195 0.015625 0.449219 0.0160156 0.449219 0.0164063 0.44873 0.0167969 0.44873 0.0171875 0.448242 0.0175781 0.448242 0.0179687 0.447754 0.0183594 0.447754 0.01875 0.447266 0.0191406 0.447266 0.0199219 0.446289 0.0203125 0.446289 0.0207031 0.445801 0.0210938 0.445801 0.0214844 0.445312 0.021875 0.445312 0.0226562 0.444336 0.0230469 0.444336 0.0246094 0.442383 0.0246094 0.438477 0.025 0.437988
1 0.0261719 0.59668 0.0246094 0.598633 0.0246094 0.599121 0.0242188 0.599609 0.0242188 0.600586 0.0238281 0.601074 0.0238281 0.602051 0.0234375 0.602539 0.0234375 0.613281 0.0238281 0.61377 0.0238281 0.614746 0.0242188 0.615234 0.0242188 0.616211 0.0246094 0.616699 0.0246094 0.617188 0.025 0.617676 0.025 0.618164 0.0253906 0.618652 0.0253906 0.619141 0.0265625 0.620605 0.0265625 0.621094 0.0273438 0.62207 0.0273438 0.622559 0.0277344 0.623047 0.0277344 0.623535 0.0320312 0.628906 0.0324219 0.628906 0.0332031 0.629883 0.0335937 0.629883 0.0339844 0.630371 0.034375 0.630371 0.0347656 0.630859 0.0351562 0.630859 0.0359375 0.631836 0.0363281 0.631836 0.0367188 0.632324 0.0371094 0.632324 0.0375 0.632812 0.0382813 0.632812 0.0386719 0.633301 0.0390625 0.633301 0.0394531 0.633789 0.0402344 0.633789 0.040625 0.634277 0.0429688 0.634277 0.0433594 0.634766 0.0460938 0.634766 0.0464844 0.635254 0.0488281 0.635254 0.0492187 0.634766 0.0496094 0.634766 0.05 0.634277 0.0503906 0.634277 0.0515625 0.632812 0.0515625 0.630371 0.0511719 0.629883 0.0511719 0.628906 0.0507812 0.628418 0.0507812 0.62793 0.0503906 0.627441 0.0503906 0.626953 0.0492187 0.625488 0.0488281 0.625488 0.046875 0.623047 0.0464844 0.623047 0.0441406 0.620117 0.04375 0.620117 0.0429688 0.619141 0.0429688 0.618652 0.0386719 0.613281 0.0386719 0.612793 0.0363281 0.609863 0.0363281 0.609375 0.0351562 0.60791 0.0351562 0.607422 0.0347656 0.606934 0.0347656 0.606445 0.034375 0.605957 0.034375 0.60498 0.0339844 0.604492 0.0339844 0.602539 0.0335937 0.602051 0.0335937 0.599121 0.0332031 0.598633 0.0332031 0.598145 0.0324219 0.597168 0.0320312 0.597168 0.0316406 0.59668 0.03125 0.59668 0.0308594 0.596191 0.0304687 0.596191 0.0300781 0.595703 0.0285156 0.595703 0.028125 0.596191 0.0273438 0.596191 0.0269531 0.59668
1 0.0964844 0.626953 0.0960938 0.626465 0.0957031 0.626465 0.0953125 0.625977 0.0949219 0.625977 0.0945312 0.626465 0.0933594 0.626465 0.0929688 0.626953 0.0917969 0.626953 0.0914062 0.627441 0.090625 0.627441 0.0902344 0.62793 0.0890625 0.62793 0.0886719 0.628418 0.0875 0.628418 0.0871094 0.628906 0.0851563 0.628906 0.0847656 0.629395 0.0832031 0.629395 0.0828125 0.629883 0.0820312 0.629883 0.0816406 0.630371 0.0804688 0.630371 0.0800781 0.630859 0.0789062 0.630859 0.0785156 0.631348 0.0769531 0.631348 0.0765625 0.631836 0.0757812 0.631836 0.0753906 0.632324 0.0746094 0.632324 0.0742188 0.632812 0.0738281 0.632812 0.0734375 0.633301 0.0730469 0.633301 0.0722656 0.634277 0.071875 0.634277 0.0710937 0.635254 0.0710937 0.635742 0.0703125 0.636719 0.0703125 0.637695 0.0699219 0.638184 0.0699219 0.640625 0.0695313 0.641113 0.0695313 0.643066 0.0699219 0.643555 0.0699219 0.644531 0.0703125 0.64502 0.0703125 0.645508 0.0707031 0.645996 0.0707031 0.646484 0.0714844 0.647461 0.071875 0.647461 0.0722656 0.647949 0.0742188 0.647949 0.0746094 0.648438 0.0792969 0.648438 0.0796875 0.647949 0.0871094 0.647949 0.0875 0.647461 0.0886719 0.647461 0.0890625 0.646973 0.0894531 0.646973 0.0902344 0.645996 0.090625 0.645996 0.0914062 0.64502 0.0917969 0.64502 0.0921875 0.644531 0.0925781 0.644531 0.0941406 0.642578 0.0941406 0.64209 0.0949219 0.641113 0.0949219 0.640625 0.0957031 0.639648 0.0957031 0.63916 0.0960938 0.638672 0.0960938 0.637695 0.0964844 0.637207 0.0964844 0.635254 0.096875 0.634766 0.096875 0.62793 0.0964844 0.627441
1 0.183594 0.686523 0.183203 0.686523 0.182812 0.686035 0.179688 0.686035 0.179297 0.686523 0.177734 0.686523 0.177344 0.687012 0.176953 0.687012 0.176563 0.6875 0.176172 0.6875 0.175781 0.687988 0.175391 0.687988 0.175 0.688477 0.174609 0.688477 0.174219 0.688965 0.173437 0.688965 0.173047 0.689453 0.171875 0.689453 0.171484 0.689941 0.169922 0.689941 0.169531 0.69043 0.167969 0.69043 0.167578 0.690918 0.166016 0.690918 0.165625 0.691406 0.164453 0.691406 0.164062 0.691895 0.163672 0.691895 0.163281 0.692383 0.162109 0.692383 0.161719 0.692871 0.159375 0.692871 0.158984 0.693359 0.157031 0.693359 0.156641 0.693848 0.155469 0.693848 0.155078 0.694336 0.153516 0.694336 0.153125 0.694824 0.151562 0.694824 0.151172 0.695312 0.150391 0.695312 0.15 0.695801 0.149219 0.695801 0.148828 0.696289 0.148047 0.696289 0.147656 0.696777 0.146875 0.696777 0.146484 0.697266 0.145313 0.697266 0.144922 0.697754 0.144531 0.697754 0.143359 0.699219 0.143359 0.700195 0.142969 0.700684 0.142969 0.704102 0.142578 0.70459 0.142578 0.705566 0.142969 0.706055 0.142969 0.706543 0.143359 0.707031 0.143359 0.70752 0.14375 0.708008 0.14375 0.708496 0.144922 0.709961 0.144922 0.710449 0.145703 0.711426 0.146094 0.711426 0.146484 0.711914 0.146875 0.711914 0.147266 0.712402 0.147656 0.712402 0.148047 0.712891 0.148438 0.712891 0.149219 0.713867 0.149609 0.713867 0.150391 0.714844 0.150781 0.714844 0.151172 0.715332 0.151562 0.715332 0.151953 0.71582 0.152344 0.71582 0.153516 0.717285 0.155078 0.717285 0.157031 0.714844 0.157422 0.714844 0.157812 0.714355 0.158203 0.714355 0.158594 0.713867 0.159375 0.713867 0.159766 0.713379 0.161328 0.713379 0.161719 0.712891 0.1625 0.712891 0.162891 0.712402 0.163281 0.712402 0.164062 0.711426 0.164453 0.711426 0.164844 0.710938 0.165234 0.710938 0.166016 0.709961 0.166406 0.709961 0.167187 0.708984 0.167578 0.708984 0.168359 0.708008 0.16875 0.708008 0.169531 0.707031 0.169922 0.707031 0.172656 0.703613 0.173047 0.703613 0.173437 0.703125 0.173828 0.703125 0.174219 0.702637 0.174609 0.702637 0.175781 0.701172 0.176172 0.701172 0.178125 0.69873 0.178516 0.69873 0.180469 0.696289 0.180469 0.695801 0.182812 0.692871 0.182812 0.692383 0.183594 0.691406
1 0.0964844 0.738281 0.0945312 0.738281 0.0941406 0.73877 0.0933594 0.73877 0.0929688 0.739258 0.0925781 0.739258 0.0921875 0.739746 0.0921875 0.740234 0.0917969 0.740723 0.0917969 0.744141 0.0914062 0.744629 0.0914062 0.745605 0.0910156 0.746094 0.0910156 0.74707 0.090625 0.747559 0.090625 0.748535 0.0902344 0.749023 0.0902344 0.750977 0.0898438 0.751465 0.0898438 0.754395 0.0894531 0.754883 0.0894531 0.760254 0.0890625 0.760742 0.0890625 0.763184 0.0886719 0.763672 0.0886719 0.766602 0.0882813 0.76709 0.0882813 0.771484 0.0878906 0.771973 0.0878906 0.776855 0.0882813 0.777344 0.0882813 0.779297 0.0878906 0.779785 0.0878906 0.781738 0.0875 0.782227 0.0875 0.78418 0.0871094 0.784668 0.0871094 0.786621 0.0867187 0.787109 0.0867187 0.790527 0.0871094 0.791016 0.0871094 0.79248 0.0875 0.792969 0.0886719 0.792969 0.0890625 0.79248 0.0894531 0.79248 0.0898438 0.791992 0.0902344 0.791992 0.090625 0.791504 0.0917969 0.791504 0.0921875 0.791016 0.0929688 0.791016 0.09375 0.790039 0.0941406 0.790039 0.0960938 0.787598 0.0960938 0.787109 0.096875 0.786133 0.096875 0.785645 0.0972656 0.785156 0.0972656 0.784668 0.0976562 0.78418 0.0976562 0.783203 0.0980469 0.782715 0.0980469 0.782227 0.0984375 0.781738 0.0984375 0.780762 0.0988281 0.780273 0.0988281 0.779785 0.0992187 0.779297 0.0992187 0.776855 0.0996094 0.776367 0.0996094 0.771484 0.1 0.770996 0.1 0.766113 0.100391 0.765625 0.100391 0.760742 0.100781 0.760254 0.100781 0.758789 0.100391 0.758301 0.100391 0.749023 0.1 0.748535 0.1 0.74707 0.0996094 0.746582 0.0996094 0.745605 0.0992187 0.745117 0.0992187 0.743652 0.0988281 0.743164 0.0988281 0.741699 0.0984375 0.741211 0.0984375 0.740234 0.0972656 0.73877 0.096875 0.73877
1 0.102734 0.743652 0.102734 0.746094 0.106641 0.750977 0.107031 0.750977 0.107813 0.751953 0.108203 0.751953 0.108594 0.752441 0.108984 0.752441 0.109766 0.753418 0.110156 0.753418 0.110547 0.753906 0.110937 0.753906 0.111328 0.754395 0.111719 0.754395 0.112109 0.754883 0.1125 0.754883 0.112891 0.755371 0.113672 0.755371 0.114062 0.755859 0.114844 0.755859 0.115234 0.756348 0.116406 0.756348 0.116797 0.756836 0.11875 0.756836 0.119141 0.757324 0.122266 0.757324 0.122656 0.757812 0.126172 0.757812 0.126562 0.758301 0.127734 0.758301 0.128125 0.758789 0.128906 0.758789 0.129297 0.759277 0.129688 0.759277 0.130078 0.759766 0.130859 0.759766 0.13125 0.760254 0.131641 0.760254 0.132031 0.760742 0.132812 0.760742 0.133203 0.76123 0.133594 0.76123 0.133984 0.761719 0.135547 0.761719 0.135937 0.76123 0.136328 0.76123 0.137109 0.760254 0.137109 0.758301 0.136719 0.757812 0.136719 0.755859 0.136328 0.755371 0.136328 0.754395 0.135547 0.753418 0.135547 0.75293 0.134375 0.751465 0.134375 0.750977 0.133203 0.749512 0.133203 0.749023 0.130469 0.745605 0.130078 0.745605 0.128516 0.743652 0.128125 0.743652 0.126953 0.742188 0.126562 0.742188 0.126172 0.741699 0.125391 0.741699 0.125 0.741211 0.124609 0.741211 0.124219 0.740723 0.123828 0.740723 0.123438 0.740234 0.122266 0.740234 0.121875 0.739746 0.119922 0.739746 0.119531 0.739258 0.116406 0.739258 0.116016 0.73877 0.107813 0.73877 0.107422 0.739258 0.10625 0.739258 0.105859 0.739746 0.105469 0.739746 0.104688 0.740723 0.104297 0.740723 0.104297 0.741211 0.103125 0.742676 0.103125 0.743164
1 0.130078 0.769043 0.129688 0.768555 0.128906 0.768555 0.128516 0.768066 0.126562 0.768066 0.126172 0.767578 0.125 0.767578 0.124609 0.76709 0.122656 0.76709 0.122266 0.767578 0.121875 0.767578 0.121484 0.768066 0.121094 0.768066 0.119922 0.769531 0.119531 0.769531 0.115625 0.774414 0.115234 0.774414 0.114062 0.775879 0.113672 0.775879 0.113281 0.776367 0.112891 0.776367 0.1125 0.776855 0.112109 0.776855 0.111719 0.777344 0.110937 0.777344 0.110547 0.777832 0.108203 0.777832 0.107813 0.77832 0.106641 0.77832 0.10625 0.778809 0.105859 0.778809 0.105469 0.779297 0.105078 0.779297 0.104688 0.779785 0.103906 0.779785 0.103516 0.780273 0.102734 0.780273 0.102344 0.780762 0.101562 0.780762 0.101172 0.78125 0.100391 0.78125 0.1 0.781738 0.0992187 0.781738 0.0980469 0.783203 0.0980469 0.783691 0.0976562 0.78418 0.0976562 0.785156 0.096875 0.786133 0.096875 0.786621 0.0960938 0.787598 0.0960938 0.789551 0.0964844 0.790039 0.096875 0.790039 0.0976562 0.791016 0.0980469 0.791016 0.0984375 0.791504 0.0988281 0.791504 0.0992187 0.791992 0.0996094 0.791992 0.1 0.79248 0.101172 0.79248 0.101562 0.792969 0.102734 0.792969 0.103125 0.793457 0.105078 0.793457 0.105469 0.793945 0.106641 0.793945 0.107031 0.794434 0.111328 0.794434 0.111719 0.793945 0.112891 0.793945 0.113281 0.793457 0.114844 0.793457 0.115234 0.792969 0.116016 0.792969 0.116406 0.79248 0.116797 0.79248 0.117188 0.791992 0.117969 0.791992 0.11875 0.791016 0.119141 0.791016 0.119531 0.790527 0.119922 0.790527 0.120703 0.789551 0.120703 0.789062 0.121484 0.788086 0.121484 0.787598 0.123828 0.784668 0.124219 0.784668 0.124609 0.78418 0.124609 0.783691 0.125391 0.782715 0.125391 0.782227 0.126172 0.78125 0.126172 0.780762 0.126953 0.779785 0.126953 0.779297 0.128125 0.777832 0.128125 0.777344 0.129688 0.775391 0.129688 0.774902 0.130078 0.774414
1 0.126953 0.794922 0.126172 0.793945 0.125391 0.793945 0.125 0.793457 0.124219 0.793457 0.123828 0.792969 0.117188 0.792969 0.116797 0.793457 0.115234 0.793457 0.114844 0.793945 0.113672 0.793945 0.113281 0.794434 0.1125 0.794434 0.111719 0.79541 0.111328 0.79541 0.110937 0.795898 0.110937 0.796387 0.110156 0.797363 0.110156 0.797852 0.108594 0.799805 0.108203 0.799805 0.107813 0.800293 0.107422 0.800293 0.107031 0.800781 0.106641 0.800781 0.105469 0.802246 0.105078 0.802246 0.103906 0.803711 0.103906 0.804199 0.103125 0.805176 0.103125 0.805664 0.102734 0.806152 0.102734 0.806641 0.102344 0.807129 0.102344 0.807617 0.101953 0.808105 0.101953 0.809082 0.101562 0.80957 0.101562 0.810547 0.101172 0.811035 0.101172 0.811523 0.100781 0.812012 0.100781 0.814941 0.101172 0.81543 0.101172 0.815918 0.101562 0.816406 0.101953 0.816406 0.102344 0.816895 0.103906 0.816895 0.104297 0.817383 0.107422 0.817383 0.107813 0.816895 0.108203 0.816895 0.108984 0.815918 0.109375 0.815918 0.109766 0.81543 0.110547 0.81543 0.110937 0.814941 0.111719 0.814941 0.112109 0.814453 0.112891 0.814453 0.113281 0.813965 0.114062 0.813965 0.114453 0.813477 0.114844 0.813477 0.115234 0.812988 0.115625 0.812988 0.122656 0.804199 0.122656 0.803711 0.123438 0.802734 0.123828 0.802734 0.125 0.80127 0.125391 0.80127 0.125781 0.800781 0.126172 0.800781 0.126953 0.799805 0.127344 0.799805 0.127344 0.799316 0.127734 0.798828 0.127734 0.796875 0.127344 0.796387 0.127344 0.795898 0.126953 0.79541
1 0.0980469 0.853027 0.096875 0.851562 0.0910156 0.851562 0.090625 0.852051 0.0875 0.852051 0.0871094 0.852539 0.0847656 0.852539 0.084375 0.853027 0.0835937 0.853027 0.0832031 0.853516 0.0828125 0.853516 0.0824219 0.854004 0.0816406 0.854004 0.08125 0.854492 0.0808594 0.854492 0.0804688 0.85498 0.0800781 0.85498 0.0796875 0.855469 0.0789062 0.855469 0.0785156 0.855957 0.078125 0.855957 0.0777344 0.856445 0.0773438 0.856445 0.0769531 0.856934 0.0765625 0.856934 0.0734375 0.86084 0.0734375 0.861328 0.071875 0.863281 0.0714844 0.863281 0.0703125 0.864746 0.0703125 0.865234 0.0695313 0.866211 0.0695313 0.866699 0.0691406 0.867188 0.0691406 0.868652 0.06875 0.869141 0.06875 0.870605 0.0683594 0.871094 0.0683594 0.873047 0.0679687 0.873535 0.0679687 0.875977 0.0675781 0.876465 0.0675781 0.882324 0.06875 0.883789 0.0691406 0.883789 0.0703125 0.885254 0.0707031 0.885254 0.0714844 0.88623 0.0738281 0.88623 0.0742188 0.885742 0.075 0.885742 0.0753906 0.885254 0.0757812 0.885254 0.0773438 0.883301 0.0773438 0.882812 0.0777344 0.882324 0.0777344 0.881836 0.078125 0.881348 0.078125 0.880371 0.0785156 0.879883 0.0785156 0.879395 0.0792969 0.878418 0.0792969 0.87793 0.0804688 0.876465 0.0804688 0.875977 0.0882813 0.866211 0.0886719 0.866211 0.0898438 0.864746 0.0902344 0.864746 0.0910156 0.86377 0.0914062 0.86377 0.0917969 0.863281 0.0925781 0.863281 0.0929688 0.862793 0.0933594 0.862793 0.09375 0.862305 0.0941406 0.862305 0.0945312 0.861816 0.0949219 0.861816 0.0953125 0.861328 0.0957031 0.861328 0.0964844 0.860352 0.096875 0.860352 0.0984375 0.858398 0.0984375 0.85791 0.0988281 0.857422 0.0988281 0.855469 0.0984375 0.85498 0.0984375 0.854004 0.0980469 0.853516
1 0.040625 0.866699 0.0398437 0.867676 0.0398437 0.868164 0.0394531 0.868652 0.0394531 0.870117 0.0390625 0.870605 0.0390625 0.873047 0.0394531 0.873535 0.0394531 0.875 0.0398437 0.875488 0.0398437 0.876953 0.0402344 0.877441 0.0402344 0.878906 0.040625 0.879395 0.040625 0.879883 0.0410156 0.880371 0.0410156 0.881348 0.0414062 0.881836 0.0414062 0.883789 0.0417969 0.884277 0.0417969 0.888184 0.0421875 0.888672 0.0421875 0.890137 0.0425781 0.890625 0.0425781 0.896484 0.0429688 0.896973 0.0429688 0.905762 0.0433594 0.90625 0.0433594 0.908203 0.04375 0.908691 0.04375 0.910645 0.0441406 0.911133 0.0441406 0.913086 0.0445313 0.913574 0.0445313 0.915527 0.0449219 0.916016 0.0449219 0.921387 0.0453125 0.921875 0.0453125 0.922363 0.0472656 0.924805 0.0476562 0.924805 0.0480469 0.925293 0.0511719 0.925293 0.0515625 0.924805 0.0519531 0.924805 0.0527344 0.923828 0.0527344 0.92334 0.053125 0.922852 0.053125 0.920898 0.0535156 0.92041 0.0535156 0.919922 0.053125 0.919434 0.053125 0.91748 0.0527344 0.916992 0.0527344 0.914551 0.053125 0.914062 0.053125 0.910645 0.0535156 0.910156 0.0535156 0.907227 0.0539063 0.906738 0.0539063 0.898438 0.0535156 0.897949 0.0535156 0.88916 0.053125 0.888672 0.053125 0.887207 0.0527344 0.886719 0.0527344 0.88623 0.0523438 0.885742 0.0523438 0.885254 0.0515625 0.884277 0.0515625 0.883789 0.0511719 0.883301 0.0511719 0.882812 0.0503906 0.881836 0.0503906 0.881348 0.05 0.880859 0.05 0.879883 0.0496094 0.879395 0.0496094 0.878906 0.0492187 0.878418 0.0492187 0.877441 0.0488281 0.876953 0.0488281 0.876465 0.0484375 0.875977 0.0484375 0.875488 0.0472656 0.874023 0.0472656 0.873535 0.0445313 0.870117 0.0445313 0.869629 0.0425781 0.867188 0.0421875 0.867188 0.0417969 0.866699
1 0.153125 0.847656 0.152734 0.847168 0.152734 0.84668 0.151562 0.845215 0.151172 0.845215 0.150781 0.844727 0.15 0.844727 0.149609 0.844238 0.148828 0.844238 0.148438 0.84375 0.147656 0.84375 0.147266 0.843262 0.144531 0.843262 0.144141 0.842773 0.1375 0.842773 0.137109 0.843262 0.132422 0.843262 0.132031 0.84375 0.130469 0.84375 0.130078 0.844238 0.129688 0.844238 0.129297 0.844727 0.128906 0.844727 0.128125 0.845703 0.127734 0.845703 0.127344 0.846191 0.126953 0.846191 0.123438 0.850586 0.123047 0.850586 0.122656 0.851074 0.122656 0.851562 0.122266 0.852051 0.122266 0.852539 0.121875 0.853027 0.121875 0.855469 0.121484 0.855957 0.121484 0.858398 0.121875 0.858887 0.121875 0.859375 0.122266 0.859863 0.122266 0.860352 0.122656 0.86084 0.122656 0.861328 0.123047 0.861328 0.123438 0.861816 0.123828 0.861816 0.124219 0.862305 0.124609 0.862305 0.125 0.862793 0.125781 0.862793 0.126172 0.863281 0.127734 0.863281 0.128125 0.86377 0.131641 0.86377 0.132031 0.863281 0.132812 0.863281 0.133203 0.862793 0.133594 0.862793 0.133984 0.862305 0.134766 0.862305 0.135156 0.861816 0.135937 0.861816 0.136328 0.861328 0.1375 0.861328 0.137891 0.86084 0.139844 0.86084 0.140234 0.860352 0.141797 0.860352 0.142187 0.859863 0.14375 0.859863 0.144141 0.860352 0.148438 0.860352 0.148828 0.859863 0.15 0.859863 0.150391 0.859375 0.150391 0.858887 0.151172 0.85791 0.151172 0.857422 0.152344 0.855957 0.152344 0.855469 0.153125 0.854492 0.153125 0.854004 0.153516 0.853516 0.153516 0.852539 0.153906 0.852051 0.153906 0.851562 0.153516 0.851074 0.153516 0.849121 0.153125 0.848633
1 0.0652344 0.888184 0.0636719 0.888184 0.0617188 0.890625 0.0617188 0.891113 0.0609375 0.89209 0.0609375 0.892578 0.0605469 0.893066 0.0605469 0.894043 0.0601563 0.894531 0.0601563 0.89502 0.0597656 0.895508 0.0597656 0.896484 0.059375 0.896973 0.059375 0.897461 0.0589844 0.897949 0.0589844 0.898438 0.0585938 0.898926 0.0585938 0.899414 0.0578125 0.900391 0.0578125 0.900879 0.0574219 0.901367 0.0574219 0.901855 0.0550781 0.904785 0.0550781 0.905273 0.0546875 0.905762 0.0546875 0.90625 0.0542969 0.906738 0.0542969 0.907715 0.0539063 0.908203 0.0539063 0.908691 0.0535156 0.90918 0.0535156 0.910156 0.053125 0.910645 0.053125 0.911621 0.0527344 0.912109 0.0527344 0.913574 0.0523438 0.914062 0.0523438 0.915527 0.0519531 0.916016 0.0519531 0.918945 0.0515625 0.919434 0.0515625 0.921875 0.0519531 0.922363 0.0519531 0.923828 0.0523438 0.924316 0.0523438 0.924805 0.0527344 0.925293 0.0535156 0.925293 0.0539063 0.924805 0.0539063 0.924316 0.05625 0.921387 0.0566406 0.921387 0.0570312 0.920898 0.0574219 0.920898 0.0578125 0.92041 0.0582031 0.92041 0.0585938 0.919922 0.059375 0.919922 0.0613281 0.91748 0.0613281 0.916992 0.0617188 0.916504 0.0617188 0.916016 0.0621094 0.915527 0.0621094 0.915039 0.0625 0.914551 0.0625 0.914062 0.0628906 0.913574 0.0628906 0.913086 0.0640625 0.911621 0.0640625 0.911133 0.0652344 0.909668 0.0652344 0.90918 0.065625 0.908691 0.065625 0.907715 0.0660156 0.907227 0.0660156 0.905273 0.0664062 0.904785 0.0664062 0.901855 0.0667969 0.901367 0.0667969 0.894531 0.0664062 0.894043 0.0664062 0.891602 0.0660156 0.891113 0.0660156 0.890137 0.065625 0.889648 0.065625 0.88916 0.0652344 0.888672
1 0.0519531 0.972168 0.0515625 0.972656 0.0515625 0.973145 0.0507812 0.974121 0.0507812 0.974609 0.0503906 0.975098 0.0503906 0.976074 0.05 0.976562 0.05 0.97998 0.0503906 0.980469 0.0503906 0.980957 0.0507812 0.981445 0.0507812 0.981934 0.0511719 0.982422 0.0511719 0.983398 0.0515625 0.983887 0.0515625 0.984863 0.0519531 0.985352 0.0519531 0.98584 0.0527344 0.986816 0.0527344 0.987305 0.053125 0.987793 0.053125 0.988281 0.0539063 0.989258 0.0539063 0.989746 0.0542969 0.990234 0.0546875 0.990234 0.0554687 0.991211 0.0558594 0.991211 0.0566406 0.992188 0.0570312 0.992188 0.0589844 0.994629 0.0589844 0.995117 0.0601563 0.996582 0.0605469 0.996582 0.0609375 0.99707 0.0617188 0.99707 0.0621094 0.997559 0.0628906 0.997559 0.0632812 0.998047 0.0640625 0.998047 0.0644531 0.998535 0.06875 0.998535 0.0691406 0.998047 0.0691406 0.993164 0.06875 0.992676 0.06875 0.991211 0.0683594 0.990723 0.0683594 0.989258 0.0660156 0.986328 0.0660156 0.98584 0.0636719 0.98291 0.0632812 0.98291 0.0625 0.981934 0.0621094 0.981934 0.0609375 0.980469 0.0605469 0.980469 0.059375 0.979004 0.059375 0.978516 0.0589844 0.978516 0.0578125 0.977051 0.0574219 0.977051 0.0570312 0.976562 0.0566406 0.976562 0.05625 0.976074 0.0558594 0.976074 0.0554687 0.975586 0.0550781 0.975586 0.0535156 0.973633 0.0535156 0.973145 0.0527344 0.972168
1 0.142969 0.963379 0.141016 0.963379 0.140625 0.963867 0.140234 0.963867 0.139453 0.964844 0.139453 0.966797 0.139063 0.967285 0.139063 0.968262 0.138281 0.969238 0.136719 0.969238 0.136328 0.969727 0.135156 0.969727 0.133203 0.972168 0.132812 0.972168 0.132422 0.972656 0.13125 0.972656 0.130859 0.973145 0.130469 0.973145 0.130078 0.973633 0.130078 0.974609 0.129688 0.975098 0.129688 0.977051 0.129297 0.977539 0.129297 0.978027 0.127734 0.97998 0.127344 0.97998 0.126953 0.980469 0.126562 0.980469 0.124609 0.98291 0.124219 0.98291 0.123438 0.983887 0.123438 0.984375 0.123047 0.984863 0.123047 0.985352 0.122656 0.98584 0.122656 0.986328 0.122266 0.986816 0.122266 0.987305 0.121875 0.987793 0.121875 0.98877 0.121484 0.989258 0.121484 0.995117 0.121875 0.995605 0.121875 0.996094 0.122656 0.99707 0.127734 0.99707 0.128125 0.996582 0.128516 0.996582 0.128906 0.996094 0.129297 0.996094 0.129688 0.995605 0.130078 0.995605 0.130859 0.994629 0.13125 0.994629 0.133984 0.991211 0.134375 0.991211 0.137109 0.987793 0.137109 0.987305 0.138281 0.98584 0.138281 0.985352 0.139063 0.984375 0.139063 0.983887 0.139453 0.983398 0.139453 0.982422 0.139844 0.981934 0.139844 0.981445 0.140234 0.980957 0.140234 0.980469 0.140625 0.97998 0.140625 0.979004 0.141016 0.978516 0.141016 0.977539 0.141406 0.977051 0.141406 0.976562 0.141797 0.976074 0.141797 0.975586 0.142187 0.975098 0.142187 0.972656 0.142578 0.972168 0.142578 0.970703 0.142969 0.970215 0.142969 0.969238 0.143359 0.96875 0.143359 0.967285 0.14375 0.966797 0.14375 0.964355
1 0.1375 0.881348 0.1375 0.882324 0.137109 0.882812 0.137109 0.884277 0.136719 0.884766 0.136719 0.888672 0.137109 0.88916 0.137109 0.889648 0.139063 0.89209 0.139063 0.892578 0.139844 0.893555 0.140625 0.893555 0.141016 0.894043 0.142187 0.894043 0.143359 0.895508 0.143359 0.895996 0.144922 0.897949 0.145313 0.897949 0.146094 0.898926 0.146484 0.898926 0.146875 0.899414 0.147266 0.899414 0.147656 0.899902 0.148047 0.899902 0.148828 0.900879 0.149219 0.900879 0.15 0.901855 0.150391 0.901855 0.150781 0.902344 0.151562 0.902344 0.151953 0.902832 0.152734 0.902832 0.153125 0.90332 0.153906 0.90332 0.154297 0.903809 0.155469 0.903809 0.155859 0.904297 0.15625 0.904297 0.158203 0.906738 0.158594 0.906738 0.158984 0.907227 0.159766 0.907227 0.160156 0.907715 0.160547 0.907715 0.160938 0.908203 0.161719 0.908203 0.162109 0.908691 0.163672 0.908691 0.164062 0.908203 0.165625 0.908203 0.166797 0.906738 0.166797 0.90332 0.166406 0.902832 0.166406 0.901855 0.165234 0.900391 0.164453 0.900391 0.164062 0.899902 0.163672 0.899902 0.162109 0.897949 0.162109 0.897461 0.161719 0.896973 0.161719 0.895996 0.161328 0.895508 0.161328 0.89502 0.160938 0.894531 0.160938 0.894043 0.160547 0.893555 0.160547 0.893066 0.160156 0.892578 0.160156 0.89209 0.159766 0.891602 0.159766 0.891113 0.15625 0.886719 0.15625 0.88623 0.155469 0.885254 0.155078 0.885254 0.154297 0.884277 0.153906 0.884277 0.153516 0.883789 0.152734 0.883789 0.152344 0.883301 0.151953 0.883301 0.151562 0.882812 0.150781 0.882812 0.150391 0.882324 0.149219 0.882324 0.148828 0.881836 0.148047 0.881836 0.147656 0.881348 0.146875 0.881348 0.146484 0.880859 0.14375 0.880859 0.143359 0.880371 0.138281 0.880371
1 0.836719 0.548828 0.835938 0.547852 0.835547 0.547852 0.835156 0.547363 0.832812 0.547363 0.832422 0.547852 0.83125 0.547852 0.830859 0.54834 0.830078 0.54834 0.829688 0.548828 0.829297 0.548828 0.828906 0.549316 0.828516 0.549316 0.827734 0.550293 0.827344 0.550293 0.826953 0.550781 0.826172 0.550781 0.825781 0.55127 0.825391 0.55127 0.824609 0.552246 0.824219 0.552246 0.823828 0.552734 0.823438 0.552734 0.823047 0.553223 0.822656 0.553223 0.822266 0.553711 0.821484 0.553711 0.820703 0.554688 0.820312 0.554688 0.819922 0.555176 0.819531 0.555176 0.819141 0.555664 0.81875 0.555664 0.818359 0.556152 0.817969 0.556152 0.817578 0.556641 0.816797 0.556641 0.816406 0.557129 0.816016 0.557129 0.815625 0.557617 0.814844 0.557617 0.814453 0.558105 0.814063 0.558105 0.813672 0.558594 0.812891 0.558594 0.8125 0.559082 0.812109 0.559082 0.811719 0.55957 0.810937 0.55957 0.810547 0.560059 0.810156 0.560059 0.809375 0.561035 0.808984 0.561035 0.808203 0.562012 0.807813 0.562012 0.807422 0.5625 0.807031 0.5625 0.806641 0.562988 0.80625 0.562988 0.805469 0.563965 0.805469 0.564453 0.802344 0.568359 0.801953 0.568359 0.800391 0.570312 0.8 0.570312 0.799219 0.571289 0.798438 0.571289 0.798047 0.571777 0.797656 0.571777 0.796875 0.572754 0.796484 0.572754 0.795312 0.574219 0.795312 0.574707 0.794922 0.575195 0.794922 0.575684 0.794531 0.576172 0.794531 0.57666 0.794141 0.577148 0.794141 0.580566 0.794531 0.581055 0.794531 0.582031 0.794922 0.58252 0.794922 0.583008 0.795312 0.583496 0.795703 0.583496 0.796094 0.583984 0.796875 0.583984 0.797266 0.584473 0.801953 0.584473 0.802344 0.583984 0.803906 0.583984 0.804297 0.583496 0.80625 0.583496 0.806641 0.583008 0.807813 0.583008 0.808203 0.58252 0.809375 0.58252 0.809766 0.582031 0.810547 0.582031 0.810937 0.581543 0.811328 0.581543 0.811719 0.581055 0.812109 0.581055 0.812891 0.580078 0.813281 0.580078 0.813672 0.57959 0.814063 0.57959 0.814844 0.578613 0.815234 0.578613 0.816016 0.577637 0.816406 0.577637 0.817187 0.57666 0.817578 0.57666 0.818359 0.575684 0.81875 0.575684 0.819531 0.574707 0.819922 0.574707 0.823438 0.570312 0.823828 0.570312 0.824219 0.569824 0.824219 0.569336 0.825391 0.567871 0.825391 0.567383 0.827344 0.564941 0.827344 0.564453 0.828516 0.562988 0.828906 0.562988 0.829297 0.5625 0.829688 0.5625 0.830469 0.561523 0.830859 0.561523 0.832812 0.559082 0.832812 0.558594 0.833984 0.557129 0.833984 0.556641 0.835156 0.555176 0.835156 0.554688 0.835547 0.554199 0.835547 0.553223 0.835938 0.552734 0.835938 0.552246 0.836328 0.551758 0.836328 0.55127 0.837109 0.550293 0.837109 0.549805 0.836719 0.549316
1 0.830859 0.568848 0.827734 0.568848 0.827344 0.569336 0.826562 0.569336 0.825781 0.570312 0.825781 0.570801 0.825 0.571777 0.825 0.572266 0.824609 0.572754 0.824609 0.573242 0.823828 0.574219 0.823828 0.575195 0.823438 0.575684 0.823438 0.57666 0.823047 0.577148 0.823047 0.578125 0.822656 0.578613 0.822656 0.579102 0.820703 0.581543 0.820703 0.582031 0.819531 0.583496 0.819531 0.583984 0.817578 0.586426 0.817578 0.586914 0.816797 0.587891 0.816797 0.588379 0.813281 0.592773 0.813281 0.593262 0.812891 0.59375 0.812891 0.594238 0.8125 0.594727 0.8125 0.595215 0.811719 0.596191 0.811719 0.59668 0.810937 0.597656 0.810937 0.598145 0.810547 0.598633 0.810547 0.599121 0.810156 0.599609 0.810156 0.600586 0.809766 0.601074 0.809766 0.601562 0.809375 0.602051 0.809375 0.603027 0.808984 0.603516 0.808984 0.604004 0.808594 0.604492 0.808594 0.605469 0.808203 0.605957 0.808203 0.606445 0.807813 0.606934 0.807813 0.60791 0.807422 0.608398 0.807422 0.611328 0.807031 0.611816 0.807031 0.614746 0.807422 0.615234 0.807422 0.616699 0.808594 0.618164 0.808984 0.618164 0.809375 0.618652 0.810937 0.618652 0.8125 0.616699 0.8125 0.616211 0.813672 0.614746 0.813672 0.614258 0.815625 0.611816 0.816016 0.611816 0.816797 0.61084 0.817187 0.61084 0.817578 0.610352 0.817969 0.610352 0.818359 0.609863 0.81875 0.609863 0.819141 0.609375 0.819531 0.609375 0.819922 0.608887 0.820312 0.608887 0.820703 0.608398 0.821094 0.608398 0.822266 0.606934 0.822266 0.606445 0.823828 0.604492 0.823828 0.604004 0.826562 0.600586 0.826562 0.600098 0.827734 0.598633 0.827734 0.598145 0.828516 0.597168 0.828516 0.59668 0.829688 0.595215 0.829688 0.594727 0.830469 0.59375 0.830469 0.593262 0.830859 0.592773 0.830859 0.592285 0.83125 0.591797 0.83125 0.59082 0.831641 0.590332 0.831641 0.589844 0.832031 0.589355 0.832031 0.588379 0.832422 0.587891 0.832422 0.586426 0.832812 0.585938 0.832812 0.584473 0.833203 0.583984 0.833203 0.582031 0.833594 0.581543 0.833594 0.579102 0.833984 0.578613 0.833984 0.573242 0.833594 0.572754 0.833594 0.572266
1 0.880859 0.53418 0.880469 0.534668 0.880078 0.534668 0.879687 0.535156 0.879687 0.535645 0.879297 0.536133 0.879297 0.536621 0.878906 0.537109 0.878906 0.537598 0.878125 0.538574 0.878125 0.540039 0.877734 0.540527 0.877734 0.543457 0.877344 0.543945 0.877344 0.546387 0.877734 0.546875 0.877734 0.550781 0.878125 0.55127 0.878125 0.555664 0.878516 0.556152 0.878516 0.55957 0.878906 0.560059 0.878906 0.561035 0.879297 0.561523 0.879297 0.5625 0.879687 0.562988 0.879687 0.563965 0.880078 0.564453 0.880078 0.56543 0.880469 0.565918 0.880469 0.566406 0.880859 0.566895 0.880859 0.567871 0.88125 0.568359 0.88125 0.568848 0.881641 0.569336 0.881641 0.569824 0.882812 0.571289 0.882812 0.571777 0.883984 0.573242 0.883984 0.57373 0.886328 0.57666 0.886328 0.577148 0.888281 0.57959 0.888672 0.57959 0.889453 0.580566 0.889844 0.580566 0.890234 0.581055 0.890625 0.581055 0.891016 0.581543 0.891406 0.581543 0.891797 0.582031 0.892188 0.582031 0.892578 0.58252 0.893359 0.58252 0.89375 0.582031 0.894922 0.582031 0.895312 0.581543 0.896094 0.581543 0.896484 0.581055 0.896875 0.581055 0.897266 0.580566 0.897266 0.580078 0.897656 0.57959 0.897656 0.57373 0.897266 0.573242 0.897266 0.572266 0.896875 0.571777 0.896875 0.570801 0.896484 0.570312 0.896484 0.569824 0.896094 0.569336 0.896094 0.568848 0.895703 0.568359 0.895703 0.567871 0.895312 0.567383 0.895312 0.566895 0.894922 0.566406 0.894922 0.565918 0.894531 0.56543 0.894531 0.563965 0.894141 0.563477 0.894141 0.562012 0.89375 0.561523 0.89375 0.560547 0.893359 0.560059 0.893359 0.558594 0.892969 0.558105 0.892969 0.557617 0.892578 0.557129 0.892578 0.556152 0.892188 0.555664 0.892188 0.555176 0.891797 0.554688 0.891797 0.553711 0.891406 0.553223 0.891406 0.552734 0.891016 0.552246 0.891016 0.55127 0.890234 0.550293 0.890234 0.549805 0.889844 0.549316 0.889844 0.54834 0.889453 0.547852 0.889453 0.546875 0.889062 0.546387 0.889062 0.544922 0.888281 0.543945 0.888281 0.543457 0.887109 0.541992 0.887109 0.541504 0.886719 0.541016 0.886719 0.540039 0.886328 0.539551 0.886328 0.539062 0.885938 0.538574 0.885938 0.538086 0.883984 0.535645 0.883594 0.535645 0.883203 0.535156 0.882812 0.535156 0.882422 0.534668 0.882031 0.534668 0.881641 0.53418
1 0.786328 0.709473 0.784766 0.711426 0.784766 0.711914 0.784375 0.712402 0.784375 0.712891 0.783984 0.713379 0.783984 0.714355 0.783594 0.714844 0.783594 0.715332 0.783984 0.71582 0.783984 0.716797 0.785547 0.71875 0.785547 0.719238 0.786328 0.720215 0.786719 0.720215 0.7875 0.721191 0.787891 0.721191 0.788281 0.72168 0.788672 0.72168 0.789062 0.722168 0.789453 0.722168 0.789844 0.722656 0.790234 0.722656 0.791016 0.723633 0.791406 0.723633 0.792969 0.725586 0.793359 0.725586 0.794141 0.726562 0.794922 0.726562 0.795312 0.727051 0.795703 0.727051 0.796094 0.727539 0.796484 0.727539 0.797266 0.728516 0.797656 0.728516 0.801172 0.73291 0.801562 0.73291 0.803906 0.73584 0.804297 0.73584 0.805469 0.737305 0.805859 0.737305 0.806641 0.738281 0.807031 0.738281 0.808594 0.740234 0.808594 0.740723 0.812109 0.745117 0.8125 0.745117 0.813281 0.746094 0.813672 0.746094 0.817187 0.750488 0.817187 0.750977 0.817578 0.751465 0.817578 0.751953 0.817969 0.752441 0.817969 0.75293 0.818359 0.753418 0.818359 0.753906 0.81875 0.754395 0.81875 0.754883 0.819141 0.755371 0.819141 0.756836 0.819531 0.757324 0.819531 0.758301 0.819922 0.758789 0.819922 0.760254 0.820312 0.760742 0.820312 0.76123 0.820703 0.761719 0.820703 0.762207 0.821094 0.762695 0.821094 0.763184 0.821484 0.763672 0.823047 0.763672 0.823438 0.763184 0.823438 0.762695 0.825 0.760742 0.825 0.760254 0.825391 0.759766 0.825391 0.759277 0.825781 0.758789 0.825781 0.757812 0.826172 0.757324 0.826172 0.755859 0.826562 0.755371 0.826562 0.753906 0.826172 0.753418 0.826172 0.751953 0.825781 0.751465 0.825781 0.750488 0.825391 0.75 0.825391 0.748535 0.825 0.748047 0.825 0.74707 0.824609 0.746582 0.824609 0.746094 0.824219 0.745605 0.824219 0.744629 0.823828 0.744141 0.823828 0.743164 0.823438 0.742676 0.823438 0.742188 0.823047 0.741699 0.823047 0.740723 0.822656 0.740234 0.822656 0.739746 0.822266 0.739258 0.822266 0.73877 0.821875 0.738281 0.821875 0.737793 0.821484 0.737305 0.821484 0.736816 0.821094 0.736328 0.821094 0.73584 0.820703 0.735352 0.820703 0.734863 0.820312 0.734375 0.820312 0.733887 0.819531 0.73291 0.819531 0.732422 0.819141 0.731934 0.819141 0.731445 0.818359 0.730469 0.818359 0.72998 0.816016 0.727051 0.816016 0.726562 0.813672 0.723633 0.813281 0.723633 0.811719 0.72168 0.811328 0.72168 0.810156 0.720215 0.809766 0.720215 0.809375 0.719727 0.808984 0.719727 0.808594 0.719238 0.808203 0.719238 0.807813 0.71875 0.807422 0.71875 0.807031 0.718262 0.806641 0.718262 0.80625 0.717773 0.805859 0.717773 0.805469 0.717285 0.805078 0.717285 0.804297 0.716309 0.803906 0.716309 0.803125 0.715332 0.802734 0.715332 0.802344 0.714844 0.801953 0.714844 0.801562 0.714355 0.801172 0.714355 0.800781 0.713867 0.8 0.713867 0.799609 0.713379 0.799219 0.713379 0.798828 0.712891 0.798047 0.712891 0.797656 0.712402 0.796875 0.712402 0.796484 0.711914 0.796094 0.711914 0.795703 0.711426 0.795312 0.711426 0.794922 0.710938 0.794141 0.710938 0.79375 0.710449 0.793359 0.710449 0.792969 0.709961 0.792188 0.709961 0.791797 0.709473 0.788281 0.709473 0.787891 0.708984 0.7875 0.708984 0.787109 0.709473
1 0.798047 0.733887 0.797656 0.733887 0.797266 0.733398 0.795703 0.733398 0.795312 0.73291 0.792188 0.73291 0.791797 0.733398 0.790234 0.733398 0.789844 0.733887 0.789062 0.733887 0.788672 0.734375 0.788281 0.734375 0.787891 0.734863 0.7875 0.734863 0.787109 0.735352 0.786719 0.735352 0.785937 0.736328 0.785547 0.736328 0.785156 0.736816 0.784375 0.736816 0.783984 0.737305 0.783594 0.737305 0.783203 0.737793 0.782422 0.737793 0.781641 0.73877 0.78125 0.73877 0.774609 0.74707 0.774609 0.747559 0.773828 0.748535 0.773828 0.749023 0.773047 0.75 0.773047 0.750488 0.771094 0.75293 0.770703 0.75293 0.769531 0.754395 0.769531 0.754883 0.76875 0.755859 0.76875 0.756348 0.765234 0.760742 0.764844 0.760742 0.764062 0.761719 0.763672 0.761719 0.762891 0.762695 0.762891 0.763184 0.7625 0.763672 0.7625 0.76709 0.762891 0.767578 0.762891 0.768555 0.763281 0.769043 0.763672 0.769043 0.764062 0.769531 0.76875 0.769531 0.769141 0.769043 0.769922 0.769043 0.770312 0.768555 0.771094 0.768555 0.771484 0.768066 0.771875 0.768066 0.772656 0.76709 0.773047 0.76709 0.773438 0.766602 0.773828 0.766602 0.774219 0.766113 0.774609 0.766113 0.775 0.765625 0.775781 0.765625 0.776172 0.765137 0.776563 0.765137 0.778516 0.762695 0.778906 0.762695 0.779687 0.761719 0.780078 0.761719 0.780469 0.76123 0.780859 0.76123 0.78125 0.760742 0.781641 0.760742 0.782422 0.759766 0.782813 0.759766 0.783594 0.758789 0.783984 0.758789 0.784375 0.758301 0.784766 0.758301 0.785156 0.757812 0.785547 0.757812 0.785937 0.757324 0.786328 0.757324 0.786719 0.756836 0.787109 0.756836 0.789844 0.753418 0.789844 0.75293 0.791797 0.750488 0.791797 0.75 0.792578 0.749023 0.792578 0.748535 0.79375 0.74707 0.79375 0.746582 0.794531 0.745605 0.794531 0.745117 0.795312 0.744141 0.795312 0.743652 0.796484 0.742188 0.796484 0.741699 0.797266 0.740723 0.797266 0.740234 0.797656 0.739746 0.797656 0.73877 0.798047 0.738281 0.798047 0.736816 0.798438 0.736328 0.798438 0.734863 0.798047 0.734375
1 0.952734 0.804688 0.951562 0.803223 0.951172 0.803223 0.950781 0.802734 0.95 0.802734 0.949609 0.802246 0.948828 0.802246 0.948438 0.801758 0.947656 0.801758 0.947266 0.80127 0.946875 0.80127 0.946484 0.800781 0.945703 0.800781 0.945312 0.800293 0.944922 0.800293 0.944531 0.799805 0.944141 0.799805 0.94375 0.799316 0.942969 0.799316 0.942578 0.798828 0.940625 0.798828 0.940234 0.79834 0.938281 0.79834 0.937891 0.798828 0.936719 0.798828 0.936328 0.799316 0.935937 0.799316 0.935547 0.799805 0.935156 0.799805 0.934375 0.800781 0.933984 0.800781 0.933203 0.801758 0.932813 0.801758 0.932422 0.802246 0.932031 0.802246 0.929297 0.805664 0.928906 0.805664 0.928125 0.806641 0.927734 0.806641 0.926953 0.807617 0.926953 0.808105 0.926562 0.808594 0.926562 0.809082 0.925781 0.810059 0.925781 0.810547 0.925 0.811523 0.924609 0.811523 0.923047 0.813477 0.923047 0.813965 0.922266 0.814941 0.922266 0.81543 0.921484 0.816406 0.921484 0.816895 0.920312 0.818359 0.920312 0.819336 0.919922 0.819824 0.919922 0.820312 0.919531 0.820801 0.919531 0.821289 0.919141 0.821777 0.919141 0.823242 0.91875 0.82373 0.91875 0.825684 0.918359 0.826172 0.918359 0.82666 0.917969 0.827148 0.917969 0.827637 0.917188 0.828613 0.917188 0.830078 0.916797 0.830566 0.916797 0.83252 0.917188 0.833008 0.917578 0.833008 0.917969 0.833496 0.918359 0.833496 0.91875 0.833984 0.920312 0.833984 0.920703 0.833496 0.921094 0.833496 0.921875 0.83252 0.921875 0.832031 0.922266 0.831543 0.922266 0.831055 0.925781 0.82666 0.926172 0.82666 0.926562 0.826172 0.926953 0.826172 0.927344 0.825684 0.928125 0.825684 0.928516 0.825195 0.928906 0.825195 0.929297 0.824707 0.929688 0.824707 0.930078 0.824219 0.930859 0.824219 0.93125 0.82373 0.931641 0.82373 0.933203 0.821777 0.933203 0.821289 0.934375 0.819824 0.934766 0.819824 0.935156 0.819336 0.935547 0.819336 0.936328 0.818359 0.936719 0.818359 0.938281 0.816406 0.938672 0.816406 0.939063 0.815918 0.939844 0.815918 0.940625 0.814941 0.941016 0.814941 0.941406 0.814453 0.941797 0.814453 0.942187 0.813965 0.942578 0.813965 0.942969 0.813477 0.943359 0.813477 0.94375 0.812988 0.944922 0.812988 0.945312 0.8125 0.946484 0.8125 0.946875 0.812012 0.949219 0.812012 0.949609 0.811523 0.951172 0.811523 0.951562 0.811035 0.951953 0.811035 0.953516 0.809082 0.953516 0.806641 0.953125 0.806152 0.953125 0.805664 0.952734 0.805176
1 0.869531 0.830566 0.86875 0.831543 0.86875 0.83252 0.868359 0.833008 0.868359 0.837402 0.86875 0.837891 0.86875 0.839355 0.869141 0.839844 0.869141 0.840332 0.869531 0.84082 0.869531 0.841797 0.869922 0.842285 0.869922 0.842773 0.870313 0.843262 0.870313 0.84375 0.870703 0.844238 0.870703 0.844727 0.871094 0.845215 0.871094 0.846191 0.871484 0.84668 0.871484 0.847168 0.871875 0.847656 0.871875 0.848145 0.872266 0.848633 0.872266 0.849121 0.873828 0.851074 0.874219 0.851074 0.876563 0.854004 0.876953 0.854004 0.879687 0.857422 0.879687 0.85791 0.880078 0.85791 0.880859 0.858887 0.88125 0.858887 0.881641 0.859375 0.882031 0.859375 0.882812 0.860352 0.883203 0.860352 0.885156 0.862793 0.885156 0.863281 0.885938 0.864258 0.886328 0.864258 0.886719 0.864746 0.887109 0.864746 0.8875 0.865234 0.887891 0.865234 0.888281 0.865723 0.889062 0.865723 0.890625 0.867676 0.890625 0.868164 0.891016 0.868652 0.891016 0.869629 0.891406 0.870117 0.891406 0.870605 0.892188 0.871582 0.892188 0.87207 0.892969 0.873047 0.892969 0.873535 0.893359 0.873535 0.89375 0.874023 0.894531 0.874023 0.894922 0.874512 0.896484 0.874512 0.897656 0.873047 0.897656 0.872559 0.898047 0.87207 0.898047 0.871094 0.898438 0.870605 0.898438 0.869141 0.898828 0.868652 0.898828 0.866211 0.899219 0.865723 0.899219 0.861816 0.897656 0.859863 0.897266 0.859863 0.896094 0.858398 0.896094 0.85791 0.895703 0.857422 0.895703 0.856445 0.895312 0.855957 0.895312 0.85498 0.894922 0.854492 0.894922 0.853027 0.894531 0.852539 0.894531 0.852051 0.892969 0.850098 0.892578 0.850098 0.892188 0.849609 0.891797 0.849609 0.891406 0.849121 0.891016 0.849121 0.888281 0.845703 0.887891 0.845703 0.8875 0.845215 0.887109 0.845215 0.886328 0.844238 0.885938 0.844238 0.885156 0.843262 0.884766 0.843262 0.884375 0.842773 0.883984 0.842773 0.883594 0.842285 0.883203 0.842285 0.882812 0.841797 0.882422 0.841797 0.882031 0.841309 0.881641 0.841309 0.879687 0.838867 0.879687 0.838379 0.879297 0.837891 0.879297 0.837402 0.873828 0.830566 0.873437 0.830566 0.873047 0.830078 0.871094 0.830078 0.870703 0.830566
1 0.626172 0.966309 0.625 0.967773 0.624609 0.967773 0.624219 0.968262 0.624219 0.969238 0.623828 0.969727 0.623828 0.970215 0.624219 0.970703 0.624219 0.971191 0.624609 0.97168 0.624609 0.972168 0.625 0.972656 0.625 0.973633 0.625391 0.974121 0.625391 0.974609 0.625781 0.975098 0.625781 0.975586 0.626172 0.976074 0.626172 0.976562 0.626953 0.977539 0.626953 0.978027 0.627344 0.978516 0.627344 0.979004 0.627734 0.979492 0.627734 0.97998 0.628125 0.980469 0.628125 0.982422 0.628516 0.98291 0.628516 0.985352 0.628906 0.98584 0.628906 0.988281 0.629297 0.98877 0.629297 0.989746 0.629687 0.990234 0.629687 0.990723 0.630078 0.991211 0.630078 0.991699 0.630469 0.992188 0.630469 0.992676 0.630859 0.993164 0.630859 0.993652 0.63125 0.994141 0.63125 0.994629 0.631641 0.995117 0.631641 0.996094 0.632031 0.996582 0.632031 0.998047 0.632422 0.998535 0.632422 0.999023 0.632812 0.999512 0.632812 1 0.639844 1 0.639844 0.999512 0.640234 0.999023 0.640234 0.998535 0.640625 0.998047 0.640625 0.995605 0.641016 0.995117 0.641016 0.993164 0.641406 0.992676 0.641406 0.991211 0.641797 0.990723 0.641797 0.989746 0.642188 0.989258 0.642188 0.986328 0.642578 0.98584 0.642578 0.983398 0.642188 0.98291 0.642188 0.980957 0.641797 0.980469 0.641797 0.979492 0.641016 0.978516 0.641016 0.978027 0.639844 0.976562 0.639844 0.976074 0.638281 0.974121 0.638281 0.973633 0.637891 0.973633 0.636328 0.97168 0.636328 0.971191 0.635547 0.970215 0.635547 0.969727 0.633984 0.967773 0.633594 0.967773 0.632812 0.966797 0.632422 0.966797 0.631641 0.96582 0.627344 0.96582 0.626953 0.966309
1 0.563672 0.953613 0.563281 0.954102 0.5625 0.954102 0.560937 0.956055 0.560937 0.956543 0.560547 0.957031 0.560547 0.95752 0.560156 0.958008 0.560156 0.959961 0.559766 0.960449 0.559766 0.972656 0.560156 0.973145 0.560156 0.978516 0.560547 0.979004 0.560547 0.980957 0.560937 0.981445 0.560937 0.98291 0.561328 0.983398 0.561328 0.984375 0.561719 0.984863 0.561719 0.98584 0.562109 0.986328 0.562109 0.987305 0.5625 0.987793 0.5625 0.988281 0.562891 0.98877 0.562891 0.989258 0.563672 0.990234 0.563672 0.990723 0.564063 0.991211 0.564453 0.991211 0.565625 0.992676 0.566016 0.992676 0.567187 0.994141 0.567578 0.994141 0.567969 0.994629 0.572656 0.994629 0.573828 0.993164 0.573828 0.992188 0.574219 0.991699 0.574219 0.990234 0.574609 0.989746 0.574609 0.988281 0.574219 0.987793 0.574219 0.985352 0.573828 0.984863 0.573828 0.980957 0.574219 0.980469 0.574219 0.976562 0.574609 0.976074 0.574609 0.96875 0.574219 0.968262 0.574219 0.967285 0.573828 0.966797 0.573828 0.966309 0.573438 0.96582 0.573438 0.965332 0.573047 0.964844 0.573047 0.964355 0.56875 0.958984 0.56875 0.958496 0.568359 0.958008 0.568359 0.95752 0.567969 0.957031 0.567969 0.956543 0.566016 0.954102 0.565234 0.954102 0.564844 0.953613
1 0.573047 0.929199 0.571875 0.927734 0.571094 0.927734 0.570703 0.927246 0.570312 0.927246 0.569922 0.926758 0.56875 0.926758 0.568359 0.92627 0.566406 0.92627 0.566016 0.925781 0.565234 0.925781 0.564844 0.925293 0.562891 0.925293 0.5625 0.925781 0.560937 0.925781 0.560547 0.92627 0.559766 0.92627 0.558984 0.927246 0.558594 0.927246 0.555469 0.931152 0.555078 0.931152 0.554688 0.931641 0.554297 0.931641 0.553906 0.932129 0.553516 0.932129 0.553125 0.932617 0.552734 0.932617 0.550391 0.935547 0.550391 0.936035 0.55 0.936523 0.55 0.937012 0.549219 0.937988 0.549219 0.938477 0.548438 0.939453 0.548438 0.939941 0.546875 0.941895 0.546875 0.942383 0.545703 0.943848 0.545312 0.943848 0.541016 0.949219 0.541016 0.949707 0.540625 0.950195 0.540625 0.95166 0.541016 0.952148 0.541016 0.95459 0.541406 0.955078 0.541406 0.955566 0.541797 0.955566 0.542578 0.956543 0.542969 0.956543 0.543359 0.957031 0.544141 0.957031 0.544531 0.95752 0.545703 0.95752 0.546094 0.957031 0.547656 0.957031 0.548047 0.956543 0.549219 0.956543 0.549609 0.956055 0.55 0.956055 0.550391 0.955566 0.550781 0.955566 0.551172 0.955078 0.551562 0.955078 0.551953 0.95459 0.552344 0.95459 0.553125 0.953613 0.553516 0.953613 0.554297 0.952637 0.554688 0.952637 0.555078 0.952148 0.555469 0.952148 0.55625 0.951172 0.557031 0.951172 0.557422 0.950684 0.557813 0.950684 0.558203 0.950195 0.558594 0.950195 0.558984 0.949707 0.559375 0.949707 0.560156 0.94873 0.560547 0.94873 0.560937 0.948242 0.561328 0.948242 0.562109 0.947266 0.5625 0.947266 0.563281 0.946289 0.563672 0.946289 0.565234 0.944336 0.565234 0.943848 0.565625 0.943359 0.565625 0.942871 0.566016 0.942383 0.566016 0.941895 0.566406 0.941406 0.566406 0.940918 0.566797 0.94043 0.566797 0.939941 0.567187 0.939453 0.567187 0.938965 0.567578 0.938477 0.567578 0.937988 0.571484 0.933105 0.571875 0.933105 0.573047 0.931641
1 0.356641 0.955078 0.356641 0.961914 0.357031 0.962402 0.357031 0.963867 0.357422 0.964355 0.357422 0.965332 0.357812 0.96582 0.357812 0.966309 0.358984 0.967773 0.358984 0.968262 0.360547 0.970215 0.360938 0.970215 0.361719 0.971191 0.362109 0.971191 0.3625 0.97168 0.362891 0.97168 0.363281 0.972168 0.363672 0.972168 0.364063 0.972656 0.364844 0.972656 0.365234 0.973145 0.366797 0.973145 0.367188 0.973633 0.369141 0.973633 0.369531 0.974121 0.377734 0.974121 0.378125 0.973633 0.378516 0.973633 0.378906 0.973145 0.379688 0.973145 0.380078 0.972656 0.380859 0.972656 0.38125 0.972168 0.381641 0.972168 0.382031 0.97168 0.382812 0.97168 0.383203 0.971191 0.383984 0.971191 0.384375 0.970703 0.385156 0.970703 0.385547 0.970215 0.385937 0.970215 0.386328 0.969727 0.386719 0.969727 0.3875 0.96875 0.387891 0.96875 0.388281 0.968262 0.388672 0.968262 0.389844 0.966797 0.390234 0.966797 0.392578 0.963867 0.392578 0.963379 0.393359 0.962402 0.393359 0.961914 0.39375 0.961426 0.39375 0.960938 0.394141 0.960449 0.394141 0.958984 0.393359 0.958008 0.393359 0.95752 0.391016 0.95752 0.390625 0.958008 0.389844 0.958008 0.389453 0.958496 0.388281 0.958496 0.387891 0.958984 0.385156 0.958984 0.384766 0.959473 0.384375 0.959473 0.383984 0.958984 0.380469 0.958984 0.380078 0.958496 0.378516 0.958496 0.378125 0.958008 0.376563 0.958008 0.376172 0.95752 0.375391 0.95752 0.375 0.957031 0.374219 0.957031 0.373828 0.956543 0.373437 0.956543 0.373047 0.956055 0.372266 0.956055 0.371875 0.955566 0.371484 0.955566 0.371094 0.955078 0.370312 0.955078 0.369922 0.95459 0.369141 0.95459 0.36875 0.954102 0.367969 0.954102 0.367578 0.953613 0.366797 0.953613 0.366406 0.953125 0.365625 0.953125 0.365234 0.952637 0.364453 0.952637 0.364063 0.952148 0.362891 0.952148 0.3625 0.95166 0.359766 0.95166 0.359375 0.952148 0.358594 0.952148 0.358203 0.952637 0.357812 0.952637 0.357031 0.953613 0.357031 0.95459
1 0.363672 0.793457 0.3625 0.791992 0.362109 0.791992 0.361719 0.791504 0.360547 0.791504 0.360156 0.791992 0.359375 0.791992 0.358984 0.79248 0.358203 0.79248 0.357812 0.792969 0.357031 0.792969 0.356641 0.793457 0.355859 0.793457 0.355469 0.793945 0.354687 0.793945 0.354297 0.794434 0.353906 0.794434 0.353516 0.794922 0.352734 0.794922 0.352344 0.79541 0.351953 0.79541 0.351562 0.795898 0.351172 0.795898 0.350781 0.796387 0.350391 0.796387 0.35 0.796875 0.349219 0.796875 0.348828 0.797363 0.348047 0.797363 0.347656 0.797852 0.346875 0.797852 0.346484 0.79834 0.345313 0.79834 0.344922 0.798828 0.34375 0.798828 0.343359 0.799316 0.342578 0.799316 0.342187 0.799805 0.341797 0.799805 0.341406 0.800293 0.341016 0.800293 0.340625 0.800781 0.340234 0.800781 0.339844 0.80127 0.339453 0.80127 0.339062 0.801758 0.338672 0.801758 0.338281 0.802246 0.337891 0.802246 0.3375 0.802734 0.336719 0.802734 0.336328 0.803223 0.335938 0.803223 0.335547 0.803711 0.335156 0.803711 0.334766 0.804199 0.334375 0.804199 0.333594 0.805176 0.333203 0.805176 0.332031 0.806641 0.331641 0.806641 0.330469 0.808105 0.330078 0.808105 0.328516 0.810059 0.328516 0.810547 0.327344 0.812012 0.327344 0.814453 0.328125 0.81543 0.328125 0.815918 0.329297 0.817383 0.329688 0.817383 0.330078 0.817871 0.332813 0.817871 0.333203 0.817383 0.334375 0.817383 0.334766 0.816895 0.335156 0.816895 0.335547 0.816406 0.336328 0.816406 0.336719 0.815918 0.337109 0.815918 0.3375 0.81543 0.342969 0.81543 0.343359 0.814941 0.346484 0.814941 0.346875 0.814453 0.348828 0.814453 0.349219 0.813965 0.350391 0.813965 0.350781 0.813477 0.351172 0.813477 0.351562 0.812988 0.351953 0.812988 0.352734 0.812012 0.353125 0.812012 0.353906 0.811035 0.354297 0.811035 0.358203 0.806152 0.358594 0.806152 0.359766 0.804688 0.360156 0.804688 0.362109 0.802246 0.362109 0.801758 0.362891 0.800781 0.362891 0.800293 0.363281 0.799805 0.363281 0.799316 0.363672 0.798828
1 0.6125 0.610352 0.612109 0.610352 0.611719 0.609863 0.610547 0.609863 0.610156 0.609375 0.606641 0.609375 0.605859 0.610352 0.605469 0.610352 0.604297 0.611816 0.604297 0.612305 0.603516 0.613281 0.603516 0.61377 0.602734 0.614746 0.602734 0.615234 0.601953 0.616211 0.601953 0.616699 0.601172 0.617676 0.601172 0.618164 0.600391 0.619141 0.600391 0.619629 0.599219 0.621094 0.599219 0.621582 0.598437 0.622559 0.598437 0.623047 0.597656 0.624023 0.597656 0.624512 0.594922 0.62793 0.594922 0.628418 0.59375 0.629883 0.59375 0.630371 0.592969 0.631348 0.592969 0.631836 0.592578 0.632324 0.592578 0.632812 0.592187 0.633301 0.592187 0.633789 0.591406 0.634766 0.591406 0.635254 0.591016 0.635742 0.591016 0.63623 0.590625 0.636719 0.590625 0.637695 0.590234 0.638184 0.590234 0.638672 0.588672 0.640625 0.588281 0.640625 0.587891 0.641113 0.5875 0.641113 0.587109 0.641602 0.586719 0.641602 0.585547 0.643066 0.585547 0.643555 0.585156 0.644043 0.585156 0.645508 0.584766 0.645996 0.584766 0.646484 0.585156 0.646973 0.585156 0.647949 0.5875 0.650879 0.587891 0.650879 0.588281 0.651367 0.588672 0.651367 0.589063 0.651855 0.590234 0.651855 0.590625 0.652344 0.593359 0.652344 0.59375 0.651855 0.595313 0.651855 0.595703 0.651367 0.596094 0.651367 0.596484 0.650879 0.596875 0.650879 0.597656 0.649902 0.598047 0.649902 0.598437 0.649414 0.598828 0.649414 0.599219 0.648926 0.599609 0.648926 0.6 0.648438 0.600391 0.648438 0.601172 0.647461 0.601562 0.647461 0.602344 0.646484 0.602344 0.645996 0.603906 0.644043 0.604297 0.644043 0.604688 0.643555 0.604688 0.643066 0.608203 0.638672 0.608203 0.638184 0.608594 0.637695 0.608594 0.637207 0.608984 0.636719 0.608984 0.63623 0.609375 0.635742 0.609375 0.635254 0.609766 0.634766 0.609766 0.634277 0.610156 0.633789 0.610156 0.632812 0.610547 0.632324 0.610547 0.628418 0.610938 0.62793 0.610938 0.626953 0.611328 0.626465 0.611328 0.625488 0.611719 0.625 0.611719 0.623535 0.612109 0.623047 0.612109 0.62207 0.6125 0.621582 0.6125 0.621094 0.612891 0.620605 0.612891 0.620117 0.613281 0.619629 0.613281 0.619141 0.613672 0.618652 0.613672 0.618164 0.614062 0.617676 0.614062 0.615723 0.614453 0.615234 0.614453 0.613281 0.614062 0.612793 0.614062 0.612305
1 0.439844 0.640625 0.438281 0.640625 0.437891 0.641113 0.4375 0.641113 0.437109 0.641602 0.436328 0.641602 0.432031 0.646973 0.431641 0.646973 0.430859 0.647949 0.430469 0.647949 0.429688 0.648926 0.429297 0.648926 0.428906 0.649414 0.428125 0.649414 0.427734 0.649902 0.427344 0.649902 0.426953 0.650391 0.426563 0.650391 0.426172 0.650879 0.425781 0.650879 0.425391 0.651367 0.425 0.651367 0.424609 0.651855 0.424219 0.651855 0.423828 0.652344 0.423047 0.652344 0.422656 0.652832 0.422266 0.652832 0.421875 0.65332 0.421484 0.65332 0.421094 0.653809 0.419922 0.653809 0.419531 0.654297 0.419141 0.654297 0.41875 0.654785 0.418359 0.654785 0.417578 0.655762 0.417187 0.655762 0.415234 0.658203 0.415234 0.658691 0.414062 0.660156 0.414062 0.660645 0.413281 0.661621 0.413281 0.662109 0.4125 0.663086 0.4125 0.663574 0.410938 0.665527 0.410938 0.666016 0.410156 0.666992 0.410156 0.66748 0.408984 0.668945 0.408984 0.669434 0.407813 0.670898 0.407813 0.671875 0.407422 0.672363 0.407422 0.67334 0.407031 0.673828 0.407031 0.674805 0.406641 0.675293 0.406641 0.67627 0.40625 0.676758 0.40625 0.682129 0.406641 0.682617 0.406641 0.683105 0.407422 0.684082 0.408984 0.684082 0.415625 0.675781 0.416016 0.675781 0.417187 0.674316 0.417578 0.674316 0.418359 0.67334 0.41875 0.67334 0.419141 0.672852 0.419531 0.672852 0.419922 0.672363 0.420703 0.672363 0.421094 0.671875 0.421484 0.671875 0.421875 0.671387 0.422656 0.671387 0.423047 0.670898 0.423828 0.670898 0.424219 0.67041 0.425 0.67041 0.425391 0.669922 0.426563 0.669922 0.426953 0.669434 0.428125 0.669434 0.428516 0.668945 0.428906 0.668945 0.429297 0.668457 0.430078 0.668457 0.430469 0.667969 0.430859 0.667969 0.43125 0.66748 0.431641 0.66748 0.432812 0.666016 0.432812 0.665527 0.436328 0.661133 0.436328 0.660645 0.438672 0.657715 0.438672 0.657227 0.439063 0.656738 0.439063 0.65625 0.439453 0.655762 0.439453 0.654297 0.439844 0.653809 0.439844 0.652344 0.440234 0.651855 0.440234 0.650879 0.440625 0.650391 0.440625 0.649414 0.441016 0.648926 0.441016 0.647949 0.441406 0.647461 0.441406 0.64502 0.441016 0.644531 0.441016 0.64209
1 0.411719 0.547852 0.411328 0.547852 0.410938 0.54834 0.408594 0.54834 0.407813 0.549316 0.407422 0.549316 0.407422 0.549805 0.405859 0.551758 0.405859 0.552246 0.404687 0.553711 0.404687 0.554199 0.403516 0.555664 0.403516 0.556152 0.401172 0.559082 0.401172 0.55957 0.4 0.561035 0.399609 0.561035 0.397656 0.563477 0.397656 0.563965 0.396484 0.56543 0.396484 0.565918 0.396094 0.566406 0.396094 0.566895 0.395703 0.567383 0.395703 0.567871 0.395313 0.568359 0.395313 0.568848 0.394922 0.569336 0.394922 0.570312 0.394531 0.570801 0.394531 0.572266 0.394141 0.572754 0.394141 0.57373 0.39375 0.574219 0.39375 0.57666 0.393359 0.577148 0.393359 0.581055 0.39375 0.581543 0.39375 0.583496 0.394141 0.583984 0.394141 0.584473 0.394531 0.584961 0.394531 0.585449 0.394922 0.585938 0.394922 0.586426 0.395313 0.586914 0.395313 0.587891 0.395703 0.588379 0.395703 0.588867 0.396094 0.589355 0.396094 0.589844 0.396875 0.59082 0.396875 0.591309 0.397656 0.592285 0.397656 0.592773 0.398438 0.59375 0.398438 0.594238 0.398828 0.594727 0.398828 0.595215 0.399219 0.595703 0.399219 0.596191 0.399609 0.59668 0.399609 0.597168 0.4 0.597656 0.4 0.598145 0.401172 0.599609 0.401562 0.599609 0.402344 0.600586 0.402734 0.600586 0.403516 0.601562 0.403906 0.601562 0.404297 0.602051 0.405078 0.602051 0.405469 0.602539 0.40625 0.602539 0.406641 0.603027 0.407031 0.603027 0.407422 0.603516 0.408984 0.603516 0.409375 0.603027 0.409375 0.602539 0.409766 0.602051 0.409766 0.601074 0.410156 0.600586 0.410156 0.595703 0.409766 0.595215 0.409766 0.592285 0.409375 0.591797 0.409375 0.588379 0.408984 0.587891 0.408984 0.583008 0.409375 0.58252 0.409375 0.580078 0.409766 0.57959 0.409766 0.576172 0.410156 0.575684 0.410156 0.572754 0.410547 0.572266 0.410547 0.569824 0.410938 0.569336 0.410938 0.563477 0.411328 0.562988 0.411328 0.558594 0.411719 0.558105 0.411719 0.555664 0.412109 0.555176 0.412109 0.55127 0.4125 0.550781 0.4125 0.549805 0.412109 0.549316 0.412109 0.54834
1 0.445312 0.391602 0.444531 0.390625 0.444531 0.390137 0.442969 0.388184 0.438281 0.388184 0.437891 0.388672 0.436328 0.388672 0.435937 0.38916 0.431641 0.38916 0.43125 0.388672 0.426953 0.388672 0.426563 0.38916 0.426172 0.38916 0.425781 0.389648 0.425391 0.389648 0.425 0.390137 0.424609 0.390137 0.424219 0.390625 0.423828 0.390625 0.423047 0.391602 0.422656 0.391602 0.418359 0.396973 0.418359 0.397461 0.417578 0.398438 0.417578 0.398926 0.417187 0.399414 0.417187 0.399902 0.416406 0.400879 0.416406 0.401367 0.415234 0.402832 0.415234 0.40332 0.413672 0.405273 0.413672 0.405762 0.4125 0.407227 0.4125 0.407715 0.412109 0.408203 0.412109 0.40918 0.411719 0.409668 0.411719 0.410156 0.411328 0.410645 0.411328 0.413574 0.412109 0.414551 0.417187 0.414551 0.417578 0.414062 0.418359 0.414062 0.41875 0.413574 0.419531 0.413574 0.419922 0.413086 0.420312 0.413086 0.420703 0.412598 0.421875 0.412598 0.422266 0.412109 0.423047 0.412109 0.423438 0.411621 0.424219 0.411621 0.425 0.410645 0.425391 0.410645 0.426172 0.409668 0.426563 0.409668 0.427344 0.408691 0.427734 0.408691 0.428125 0.408203 0.428516 0.408203 0.428906 0.407715 0.429688 0.407715 0.430078 0.407227 0.430859 0.407227 0.43125 0.406738 0.432031 0.406738 0.432422 0.40625 0.432812 0.40625 0.433203 0.405762 0.433984 0.405762 0.434375 0.405273 0.434766 0.405273 0.435156 0.404785 0.435547 0.404785 0.436328 0.403809 0.436719 0.403809 0.437891 0.402344 0.438281 0.402344 0.439063 0.401367 0.439453 0.401367 0.440234 0.400391 0.440625 0.400391 0.441016 0.399902 0.441406 0.399902 0.442188 0.398926 0.442578 0.398926 0.443359 0.397949 0.44375 0.397949 0.444922 0.396484 0.444922 0.395996 0.445312 0.395508 0.445312 0.394531 0.445703 0.394043 0.445703 0.393555 0.445312 0.393066
1 0.319922 0.347656 0.318359 0.345703 0.316016 0.345703 0.315625 0.345215 0.314844 0.345215 0.314453 0.345703 0.313281 0.345703 0.312891 0.346191 0.311719 0.346191 0.311328 0.34668 0.310547 0.34668 0.310156 0.347168 0.309375 0.347168 0.308984 0.347656 0.307812 0.347656 0.307422 0.348145 0.305859 0.348145 0.305469 0.348633 0.304297 0.348633 0.303906 0.349121 0.303125 0.349121 0.302734 0.349609 0.301953 0.349609 0.301563 0.350098 0.301172 0.350098 0.300781 0.350586 0.300391 0.350586 0.3 0.351074 0.299609 0.351074 0.299219 0.351562 0.298828 0.351562 0.298047 0.352539 0.297656 0.352539 0.297266 0.353027 0.296875 0.353027 0.296484 0.353516 0.295703 0.353516 0.295312 0.354004 0.294922 0.354004 0.294531 0.354492 0.29375 0.354492 0.293359 0.35498 0.292187 0.35498 0.291797 0.355469 0.290625 0.355469 0.290234 0.355957 0.289062 0.355957 0.288672 0.356445 0.288281 0.356445 0.287891 0.356934 0.2875 0.356934 0.286719 0.35791 0.286719 0.358398 0.286328 0.358887 0.286328 0.360352 0.285938 0.36084 0.285938 0.365723 0.286328 0.366211 0.286328 0.367188 0.286719 0.367676 0.286719 0.368164 0.2875 0.369141 0.2875 0.369629 0.290625 0.373535 0.291406 0.373535 0.291797 0.374023 0.292969 0.374023 0.293359 0.374512 0.3 0.374512 0.300391 0.374023 0.300781 0.374023 0.301563 0.373047 0.301953 0.373047 0.305859 0.368164 0.30625 0.368164 0.308203 0.365723 0.308594 0.365723 0.314063 0.358887 0.314453 0.358887 0.316797 0.355957 0.317188 0.355957 0.317969 0.35498 0.318359 0.35498 0.319531 0.353516 0.319531 0.352539 0.319922 0.352051 0.319922 0.351562 0.320312 0.351074 0.320312 0.348633 0.319922 0.348145
1 0.458594 0.320312 0.453516 0.320312 0.453125 0.320801 0.451953 0.320801 0.451562 0.321289 0.450781 0.321289 0.450391 0.321777 0.449609 0.321777 0.449219 0.322266 0.448828 0.322266 0.448437 0.322754 0.447656 0.322754 0.447266 0.323242 0.446484 0.323242 0.446094 0.32373 0.44375 0.32373 0.443359 0.324219 0.442188 0.324219 0.441797 0.324707 0.441016 0.324707 0.440625 0.325195 0.439453 0.325195 0.439063 0.325684 0.436719 0.325684 0.436328 0.326172 0.435156 0.326172 0.434766 0.32666 0.432422 0.32666 0.432031 0.327148 0.43125 0.327148 0.430859 0.327637 0.430469 0.327637 0.430078 0.328125 0.429688 0.328125 0.428906 0.329102 0.428516 0.329102 0.427734 0.330078 0.427344 0.330078 0.426953 0.330566 0.426563 0.330566 0.425 0.33252 0.425 0.333008 0.424219 0.333984 0.424219 0.334473 0.422266 0.336914 0.422266 0.337402 0.421875 0.337891 0.421875 0.338379 0.421484 0.338867 0.421484 0.340332 0.421094 0.34082 0.421094 0.345215 0.421875 0.346191 0.422266 0.346191 0.422656 0.34668 0.423828 0.34668 0.424219 0.347168 0.430469 0.347168 0.430859 0.34668 0.435547 0.34668 0.435937 0.346191 0.436328 0.346191 0.436719 0.345703 0.4375 0.345703 0.437891 0.345215 0.438281 0.345215 0.438672 0.344727 0.439063 0.344727 0.439453 0.344238 0.439844 0.344238 0.440234 0.34375 0.440625 0.34375 0.441016 0.343262 0.441406 0.343262 0.441797 0.342773 0.442188 0.342773 0.442578 0.342285 0.443359 0.342285 0.44375 0.341797 0.444531 0.341797 0.444922 0.341309 0.445703 0.341309 0.446094 0.34082 0.446484 0.34082 0.446875 0.340332 0.447656 0.340332 0.448047 0.339844 0.448437 0.339844 0.448828 0.339355 0.449219 0.339355 0.449609 0.338867 0.45 0.338867 0.450391 0.338379 0.450781 0.338379 0.451172 0.337891 0.451562 0.337891 0.451953 0.337402 0.452734 0.337402 0.453125 0.336914 0.453516 0.336914 0.454297 0.335938 0.454688 0.335938 0.455469 0.334961 0.455469 0.334473 0.455859 0.333984 0.455859 0.333496 0.45625 0.333008 0.45625 0.33252 0.456641 0.332031 0.456641 0.331543 0.457031 0.331055 0.457031 0.330078 0.457422 0.32959 0.457422 0.329102 0.457813 0.328613 0.457813 0.327637 0.458203 0.327148 0.458203 0.32666 0.458594 0.326172
1 0.078125 0.79248 0.0777344 0.792969 0.0773438 0.792969 0.0769531 0.793457 0.0765625 0.793457 0.0761719 0.793945 0.0761719 0.794434 0.0753906 0.79541 0.0753906 0.796387 0.075 0.796875 0.075 0.797363 0.0746094 0.797852 0.0746094 0.79834 0.0742188 0.798828 0.0742188 0.799316 0.0734375 0.800293 0.0734375 0.800781 0.0722656 0.802246 0.0722656 0.802734 0.071875 0.803223 0.071875 0.804199 0.0714844 0.804688 0.0714844 0.806641 0.0710937 0.807129 0.0710937 0.808105 0.0714844 0.808594 0.0714844 0.80957 0.071875 0.810059 0.071875 0.810547 0.0738281 0.812988 0.0742188 0.812988 0.0753906 0.814453 0.0757812 0.814453 0.0761719 0.814941 0.0765625 0.814941 0.078125 0.816895 0.078125 0.817383 0.0785156 0.817871 0.0785156 0.818848 0.0789062 0.819336 0.0789062 0.820801 0.0792969 0.821289 0.0792969 0.822754 0.0796875 0.823242 0.0796875 0.82373 0.0804688 0.824707 0.0804688 0.825195 0.08125 0.826172 0.08125 0.82666 0.0820312 0.827637 0.0820312 0.828613 0.0824219 0.829102 0.0824219 0.830078 0.0828125 0.830566 0.0828125 0.831055 0.0832031 0.831543 0.0832031 0.832031 0.0835937 0.83252 0.0835937 0.833008 0.0839844 0.833496 0.0839844 0.833984 0.0847656 0.834961 0.0847656 0.835449 0.0851563 0.835938 0.0851563 0.836426 0.0855469 0.836914 0.0855469 0.837402 0.0859375 0.837891 0.0859375 0.838379 0.0863281 0.838867 0.0863281 0.839355 0.0867187 0.839844 0.0867187 0.840332 0.0871094 0.84082 0.0871094 0.841309 0.0886719 0.843262 0.0890625 0.843262 0.0898438 0.844238 0.090625 0.844238 0.0910156 0.844727 0.0914062 0.844727 0.09375 0.847656 0.09375 0.848145 0.0941406 0.848633 0.0941406 0.849121 0.0949219 0.850098 0.0953125 0.850098 0.0957031 0.850586 0.0964844 0.850586 0.096875 0.850098 0.0972656 0.850098 0.0976562 0.849609 0.0980469 0.849609 0.0984375 0.849121 0.0984375 0.848633 0.0988281 0.848145 0.0988281 0.847656 0.0992187 0.847168 0.0992187 0.845703 0.0996094 0.845215 0.0996094 0.84375 0.1 0.843262 0.1 0.841797 0.0996094 0.841309 0.0996094 0.840332 0.0992187 0.839844 0.0992187 0.839355 0.0988281 0.838867 0.0988281 0.837891 0.0984375 0.837402 0.0984375 0.835449 0.0980469 0.834961 0.0980469 0.833008 0.0976562 0.83252 0.0976562 0.82959 0.0972656 0.829102 0.0972656 0.827148 0.096875 0.82666 0.096875 0.82373 0.0964844 0.823242 0.0964844 0.817871 0.0960938 0.817383 0.0960938 0.815918 0.0957031 0.81543 0.0957031 0.814453 0.0953125 0.813965 0.0953125 0.812988 0.0949219 0.8125 0.0949219 0.812012 0.0941406 0.811035 0.0941406 0.810547 0.09375 0.810059 0.09375 0.80957 0.0921875 0.807617 0.0917969 0.807617 0.0914062 0.807129 0.0910156 0.807129 0.0863281 0.80127 0.0863281 0.800781 0.0855469 0.799805 0.0855469 0.799316 0.0851563 0.798828 0.0851563 0.793945 0.0847656 0.793457 0.0847656 0.792969 0.084375 0.79248 0.0839844 0.79248 0.0835937 0.791992 0.0792969 0.791992 0.0789062 0.79248
1 0.883984 0.404297 0.883203 0.404297 0.882812 0.403809 0.880078 0.403809 0.879687 0.404297 0.879297 0.404297 0.878906 0.404785 0.878516 0.404785 0.878125 0.405273 0.877734 0.405273 0.877344 0.405762 0.876953 0.405762 0.876563 0.40625 0.876172 0.40625 0.875391 0.407227 0.875 0.407227 0.874609 0.407715 0.874609 0.408203 0.873047 0.410156 0.873047 0.410645 0.871875 0.412109 0.871875 0.412598 0.870313 0.414551 0.869922 0.414551 0.869141 0.415527 0.86875 0.415527 0.864844 0.42041 0.864844 0.420898 0.864062 0.421875 0.864062 0.422363 0.863672 0.422852 0.863672 0.42334 0.863281 0.423828 0.863281 0.424316 0.862891 0.424805 0.862891 0.425293 0.8625 0.425781 0.8625 0.42627 0.862109 0.426758 0.862109 0.427246 0.861719 0.427734 0.861719 0.428223 0.861328 0.428711 0.861328 0.429199 0.860938 0.429688 0.860938 0.430664 0.860547 0.431152 0.860547 0.431641 0.860156 0.432129 0.860156 0.432617 0.859766 0.433105 0.859766 0.433594 0.859375 0.434082 0.859375 0.43457 0.858594 0.435547 0.858594 0.436035 0.858203 0.436523 0.858203 0.437012 0.857812 0.4375 0.857812 0.437988 0.856641 0.439453 0.856641 0.439941 0.855859 0.440918 0.855859 0.441406 0.855469 0.441895 0.855469 0.442383 0.855078 0.442871 0.855078 0.443848 0.854688 0.444336 0.854688 0.444824 0.854297 0.445312 0.854297 0.448242 0.855078 0.449219 0.855469 0.449219 0.85625 0.450195 0.858203 0.450195 0.858594 0.449707 0.859375 0.449707 0.859766 0.449219 0.860156 0.449219 0.860547 0.44873 0.861328 0.44873 0.861719 0.448242 0.862109 0.448242 0.8625 0.447754 0.862891 0.447754 0.863281 0.447266 0.863672 0.447266 0.864062 0.446777 0.864453 0.446777 0.864844 0.446289 0.865234 0.446289 0.865625 0.445801 0.866016 0.445801 0.866406 0.445312 0.866797 0.445312 0.867188 0.444824 0.867578 0.444824 0.868359 0.443848 0.86875 0.443848 0.874609 0.436523 0.874609 0.436035 0.877734 0.432129 0.877734 0.431641 0.878516 0.430664 0.878516 0.430176 0.879297 0.429199 0.879297 0.428711 0.880078 0.427734 0.880078 0.427246 0.880469 0.426758 0.880469 0.42627 0.88125 0.425293 0.88125 0.424805 0.881641 0.424316 0.881641 0.423828 0.882031 0.42334 0.882031 0.422852 0.882422 0.422363 0.882422 0.421875 0.882812 0.421387 0.882812 0.42041 0.883203 0.419922 0.883203 0.419434 0.883594 0.418945 0.883594 0.418457 0.883984 0.417969 0.883984 0.416992 0.884375 0.416504 0.884375 0.415039 0.884766 0.414551 0.884766 0.412598 0.885156 0.412109 0.885156 0.406738 0.884766 0.40625 0.884766 0.405273
2 0.133594 0.871094 0.132812 0.87207 0.132422 0.87207 0.132031 0.872559 0.131641 0.872559 0.13125 0.873047 0.130469 0.873047 0.130078 0.873535 0.129688 0.873535 0.129297 0.874023 0.128906 0.874023 0.128516 0.874512 0.125391 0.874512 0.125 0.875 0.123438 0.875 0.123047 0.875488 0.122656 0.875488 0.122266 0.875977 0.121094 0.875977 0.120703 0.876465 0.120313 0.876465 0.119922 0.876953 0.119531 0.876953 0.11875 0.87793 0.118359 0.87793 0.117969 0.878418 0.117578 0.878418 0.117188 0.878906 0.116406 0.878906 0.116016 0.879395 0.115234 0.879395 0.114844 0.879883 0.114062 0.879883 0.113672 0.880371 0.112109 0.880371 0.110937 0.881836 0.110156 0.881836 0.109375 0.882812 0.108984 0.882812 0.108594 0.883301 0.107813 0.883301 0.106641 0.884766 0.10625 0.884766 0.105469 0.885742 0.105078 0.885742 0.103906 0.887207 0.103516 0.887207 0.101172 0.890137 0.101172 0.890625 0.1 0.89209 0.1 0.892578 0.0996094 0.893066 0.0996094 0.894043 0.0992187 0.894531 0.0992187 0.895508 0.0988281 0.895996 0.0988281 0.897949 0.0984375 0.898438 0.0984375 0.899414 0.0980469 0.899902 0.0980469 0.900879 0.0976562 0.901367 0.0976562 0.90332 0.0988281 0.904785 0.100391 0.904785 0.101953 0.902832 0.101953 0.902344 0.103906 0.899902 0.103906 0.899414 0.105078 0.897949 0.105078 0.897461 0.105859 0.896484 0.105859 0.895996 0.107422 0.894043 0.107422 0.893555 0.108594 0.89209 0.108984 0.89209 0.110156 0.890625 0.110547 0.890625 0.110937 0.890137 0.111719 0.890137 0.112109 0.889648 0.1125 0.889648 0.113281 0.888672 0.113672 0.888672 0.114062 0.888184 0.114453 0.888184 0.114844 0.887695 0.115625 0.887695 0.116016 0.887207 0.116797 0.887207 0.117188 0.886719 0.117578 0.886719 0.117969 0.88623 0.118359 0.88623 0.119141 0.885254 0.119922 0.885254 0.120313 0.884766 0.120703 0.884766 0.121094 0.884277 0.121484 0.884277 0.121875 0.883789 0.123438 0.883789 0.123828 0.883301 0.126562 0.883301 0.126953 0.882812 0.128516 0.882812 0.128906 0.882324 0.130859 0.882324 0.13125 0.881836 0.132422 0.881836 0.132812 0.881348 0.133203 0.881348 0.133594 0.880859 0.133984 0.880859 0.135156 0.879395 0.135547 0.879395 0.136719 0.87793 0.136719 0.877441 0.137109 0.876953 0.137109 0.876465 0.1375 0.875977 0.1375 0.873047 0.136328 0.871582 0.135547 0.871582 0.135156 0.871094
2 0.141016 0.713379 0.139063 0.71582 0.139063 0.716309 0.134766 0.72168 0.134766 0.722168 0.134375 0.722656 0.134375 0.723145 0.133594 0.724121 0.133594 0.725098 0.133203 0.725586 0.133203 0.726074 0.132812 0.726562 0.132812 0.733887 0.133594 0.734863 0.133594 0.735352 0.133984 0.73584 0.133984 0.736816 0.134375 0.737305 0.134375 0.737793 0.135156 0.73877 0.135156 0.739258 0.1375 0.742188 0.137891 0.742188 0.138672 0.743164 0.139063 0.743164 0.139844 0.744141 0.140234 0.744141 0.141016 0.745117 0.141406 0.745117 0.141797 0.745605 0.142187 0.745605 0.142578 0.746094 0.14375 0.746094 0.144141 0.746582 0.144922 0.746582 0.145313 0.74707 0.146094 0.74707 0.146875 0.748047 0.147656 0.748047 0.148047 0.748535 0.148438 0.748535 0.148828 0.749023 0.149219 0.749023 0.149609 0.749512 0.151562 0.749512 0.151953 0.75 0.153125 0.75 0.153516 0.750488 0.154297 0.750488 0.154688 0.750977 0.15625 0.750977 0.156641 0.751465 0.158203 0.751465 0.158594 0.751953 0.164844 0.751953 0.166406 0.75 0.166406 0.748047 0.164844 0.746094 0.164062 0.746094 0.163672 0.745605 0.163281 0.745605 0.162891 0.745117 0.1625 0.745117 0.162109 0.744629 0.160938 0.744629 0.160547 0.744141 0.160156 0.744141 0.159766 0.743652 0.158984 0.743652 0.158594 0.743164 0.157422 0.743164 0.157031 0.742676 0.15625 0.742676 0.155859 0.742188 0.154688 0.742188 0.154297 0.741699 0.153125 0.741699 0.152344 0.740723 0.151953 0.740723 0.151562 0.740234 0.151172 0.740234 0.150781 0.739746 0.150391 0.739746 0.149609 0.73877 0.149219 0.73877 0.148438 0.737793 0.147266 0.737793 0.146875 0.737305 0.146484 0.737305 0.146094 0.736816 0.144922 0.736816 0.144531 0.736328 0.144141 0.736328 0.143359 0.735352 0.142969 0.735352 0.141797 0.733887 0.141406 0.733887 0.139844 0.731934 0.139844 0.731445 0.139063 0.730469 0.139063 0.725098 0.139453 0.724609 0.139453 0.724121 0.139844 0.723633 0.139844 0.723145 0.142578 0.719727 0.142969 0.719727 0.144141 0.718262 0.144141 0.717285 0.144531 0.716797 0.144531 0.714844 0.143359 0.713379
2 0.132031 0.758301 0.130469 0.760254 0.130469 0.76123 0.130078 0.761719 0.130078 0.773438 0.129688 0.773926 0.129688 0.774414 0.129297 0.774902 0.129297 0.77832 0.128906 0.778809 0.128906 0.780762 0.128125 0.781738 0.128125 0.784668 0.129688 0.786621 0.132422 0.786621 0.135156 0.783203 0.135156 0.782715 0.135547 0.782227 0.135547 0.781738 0.135937 0.78125 0.135937 0.780762 0.136328 0.780273 0.136328 0.77832 0.136719 0.777832 0.136719 0.775391 0.137109 0.774902 0.137109 0.773438 0.1375 0.772949 0.1375 0.770508 0.137891 0.77002 0.137891 0.76416 0.1375 0.763672 0.1375 0.762207 0.137109 0.761719 0.137109 0.76123 0.136719 0.760742 0.136719 0.760254 0.135156 0.758301
2 0.426563 0.250488 0.425391 0.251953 0.425391 0.252441 0.424219 0.253906 0.424219 0.254395 0.423828 0.254883 0.423828 0.255371 0.423438 0.255859 0.423438 0.256348 0.422266 0.257812 0.422266 0.258789 0.421484 0.259766 0.421484 0.260254 0.420703 0.26123 0.420703 0.261719 0.420312 0.262207 0.420312 0.262695 0.419922 0.263184 0.419922 0.26416 0.418359 0.266113 0.418359 0.266602 0.417969 0.26709 0.417969 0.267578 0.416797 0.269043 0.416406 0.269043 0.416016 0.269531 0.415625 0.269531 0.414453 0.270996 0.414453 0.274414 0.416016 0.276367 0.419531 0.276367 0.420312 0.275391 0.420703 0.275391 0.421484 0.274414 0.421875 0.274414 0.423438 0.272461 0.423438 0.271973 0.425 0.27002 0.425 0.269531 0.425391 0.269043 0.425391 0.268066 0.425781 0.267578 0.425781 0.265625 0.426172 0.265137 0.426172 0.264648 0.426563 0.26416 0.426563 0.263184 0.426953 0.262695 0.426953 0.262207 0.427344 0.261719 0.427344 0.26123 0.427734 0.260742 0.427734 0.259277 0.428125 0.258789 0.428125 0.256836 0.428516 0.256348 0.428516 0.255371 0.428906 0.254883 0.428906 0.254395 0.429297 0.253906 0.429297 0.251953 0.428125 0.250488
2 0.410156 0.270508 0.408594 0.272461 0.408594 0.272949 0.408203 0.273438 0.408203 0.275391 0.411328 0.279297 0.411719 0.279297 0.414453 0.282715 0.414453 0.283691 0.414844 0.28418 0.414844 0.285156 0.415234 0.285645 0.415234 0.287109 0.416016 0.288086 0.416016 0.288574 0.416406 0.289062 0.416406 0.290039 0.416797 0.290527 0.416797 0.291504 0.418359 0.293457 0.419922 0.293457 0.421094 0.291992 0.421094 0.285156 0.420703 0.284668 0.420703 0.282715 0.420312 0.282227 0.420312 0.280762 0.419531 0.279785 0.419531 0.279297 0.419141 0.278809 0.419141 0.27832 0.418359 0.277344 0.418359 0.276855 0.417969 0.276367 0.417969 0.275879 0.416797 0.274414 0.416797 0.273926 0.415234 0.271973 0.414844 0.271973 0.413672 0.270508
2 0.358594 0.291016 0.357422 0.29248 0.357422 0.29541 0.357812 0.295898 0.357812 0.296875 0.358203 0.297363 0.358203 0.297852 0.359375 0.299316 0.359375 0.299805 0.359766 0.300293 0.359766 0.30127 0.360547 0.302246 0.360547 0.302734 0.360938 0.303223 0.360938 0.303711 0.361719 0.304688 0.361719 0.305176 0.362109 0.305664 0.362109 0.306152 0.362891 0.307129 0.362891 0.307617 0.364453 0.30957 0.364453 0.310059 0.366797 0.312988 0.366797 0.313477 0.367188 0.313965 0.367188 0.314453 0.36875 0.316406 0.370312 0.316406 0.371484 0.314941 0.371484 0.3125 0.371094 0.312012 0.371094 0.311523 0.370703 0.311035 0.370703 0.310547 0.369922 0.30957 0.369922 0.309082 0.368359 0.307129 0.368359 0.306641 0.366797 0.304688 0.366797 0.304199 0.366406 0.303711 0.366406 0.303223 0.366016 0.302734 0.366016 0.302246 0.364453 0.300293 0.364453 0.299805 0.364063 0.299316 0.364063 0.298828 0.363281 0.297852 0.363281 0.297363 0.362891 0.296875 0.362891 0.296387 0.361719 0.294922 0.361719 0.293945 0.361328 0.293457 0.361328 0.29248 0.360156 0.291016
2 0.358594 0.297852 0.358203 0.29834 0.357422 0.29834 0.35625 0.299805 0.35625 0.301758 0.357422 0.303223 0.358203 0.303223 0.358594 0.303711 0.358984 0.303711 0.359375 0.304199 0.359766 0.304199 0.360547 0.305176 0.361328 0.305176 0.362109 0.306152 0.3625 0.306152 0.362891 0.306641 0.363281 0.306641 0.363672 0.307129 0.364453 0.307129 0.364844 0.307617 0.365234 0.307617 0.365625 0.308105 0.366797 0.308105 0.367188 0.308594 0.367578 0.308594 0.367969 0.309082 0.370312 0.309082 0.371484 0.307617 0.371484 0.305664 0.36875 0.302246 0.368359 0.302246 0.367188 0.300781 0.366797 0.300781 0.366016 0.299805 0.365625 0.299805 0.364844 0.298828 0.364063 0.298828 0.363672 0.29834 0.361328 0.29834 0.360938 0.297852
1 0.33125 0.214844 0.330469 0.21582 0.329297 0.21582 0.327734 0.217773 0.327734 0.218262 0.327344 0.21875 0.327344 0.221191 0.326953 0.22168 0.326953 0.224121 0.326562 0.224609 0.326562 0.226562 0.326172 0.227051 0.326172 0.228027 0.325781 0.228516 0.325781 0.231934 0.325391 0.232422 0.325391 0.237305 0.325781 0.237793 0.325781 0.23877 0.326172 0.239258 0.326172 0.239746 0.326562 0.240234 0.326562 0.240723 0.326953 0.241211 0.326953 0.243652 0.327344 0.244141 0.327344 0.245117 0.328125 0.246094 0.328125 0.246582 0.330469 0.249512 0.33125 0.249512 0.333203 0.251953 0.333594 0.251953 0.334375 0.25293 0.335156 0.25293 0.336328 0.254395 0.336719 0.254395 0.337891 0.255859 0.338281 0.255859 0.339453 0.257324 0.340234 0.257324 0.340625 0.257812 0.341016 0.257812 0.341797 0.258789 0.342187 0.258789 0.342578 0.259277 0.344922 0.259277 0.346094 0.257812 0.346094 0.249023 0.345703 0.248535 0.345703 0.247559 0.345313 0.24707 0.345313 0.246582 0.344141 0.245117 0.344141 0.244629 0.343359 0.243652 0.343359 0.243164 0.342187 0.241699 0.342187 0.241211 0.341797 0.240723 0.341797 0.240234 0.341406 0.239746 0.341406 0.239258 0.341016 0.23877 0.341016 0.238281 0.340625 0.237793 0.340625 0.237305 0.340234 0.236816 0.340234 0.234863 0.339844 0.234375 0.339844 0.231934 0.339453 0.231445 0.339453 0.223145 0.339062 0.222656 0.339062 0.222168 0.338672 0.22168 0.338672 0.220703 0.338281 0.220215 0.338281 0.219727 0.337891 0.219238 0.337891 0.218262 0.335938 0.21582 0.335156 0.21582 0.334766 0.215332 0.333984 0.215332 0.333594 0.214844
2 0.344141 0.214355 0.342969 0.21582 0.342969 0.217773 0.342578 0.218262 0.342578 0.219238 0.342187 0.219727 0.342187 0.220703 0.341797 0.221191 0.341797 0.22168 0.340234 0.223633 0.340234 0.224121 0.339453 0.225098 0.339453 0.225586 0.338672 0.226562 0.338672 0.227539 0.338281 0.228027 0.338281 0.230469 0.337891 0.230957 0.337891 0.234863 0.338281 0.235352 0.338281 0.23584 0.339844 0.237793 0.341797 0.237793 0.343359 0.23584 0.343359 0.235352 0.344531 0.233887 0.344531 0.233398 0.344922 0.23291 0.344922 0.231934 0.345313 0.231445 0.345313 0.230957 0.345703 0.230469 0.345703 0.228516 0.346094 0.228027 0.346094 0.224609 0.346484 0.224121 0.346484 0.22168 0.346094 0.221191 0.346875 0.220215 0.346875 0.21582 0.345703 0.214355
2 0.507812 0.117676 0.507422 0.118164 0.507031 0.118164 0.506641 0.118652 0.505859 0.118652 0.505469 0.119141 0.505078 0.119141 0.503125 0.121582 0.502734 0.121582 0.501563 0.123047 0.501563 0.123535 0.500781 0.124512 0.500781 0.125 0.5 0.125977 0.5 0.126465 0.499609 0.126953 0.499609 0.127441 0.499219 0.12793 0.499219 0.128418 0.498828 0.128906 0.498828 0.129883 0.498437 0.130371 0.498437 0.130859 0.498047 0.131348 0.498047 0.131836 0.497656 0.132324 0.497656 0.132812 0.497266 0.133301 0.497266 0.133789 0.496484 0.134766 0.496484 0.135254 0.495312 0.136719 0.494922 0.136719 0.49375 0.138184 0.49375 0.140137 0.494531 0.140137 0.494922 0.139648 0.496484 0.139648 0.496875 0.13916 0.497266 0.13916 0.498047 0.138184 0.498437 0.138184 0.502344 0.133301 0.502734 0.133301 0.503125 0.132812 0.503906 0.132812 0.504297 0.132324 0.505469 0.132324 0.505859 0.131836 0.506641 0.131836 0.507031 0.131348 0.508594 0.131348 0.511328 0.12793 0.511328 0.121094 0.510938 0.120605 0.510938 0.119141 0.509766 0.117676
2 0.185547 0.366699 0.184766 0.367676 0.184375 0.367676 0.183203 0.369141 0.183203 0.371582 0.183984 0.372559 0.183984 0.373535 0.184375 0.374023 0.184375 0.375488 0.185938 0.377441 0.185938 0.37793 0.1875 0.379883 0.187891 0.379883 0.188281 0.380371 0.188672 0.380371 0.192578 0.385254 0.192969 0.385254 0.194531 0.387207 0.194922 0.387207 0.195312 0.387695 0.196094 0.387695 0.196484 0.388184 0.196875 0.388184 0.197266 0.388672 0.197656 0.388672 0.198047 0.38916 0.198437 0.38916 0.198828 0.389648 0.199219 0.389648 0.2 0.390625 0.200781 0.390625 0.201563 0.391602 0.201953 0.391602 0.202344 0.39209 0.204297 0.39209 0.205469 0.390625 0.205469 0.387207 0.205078 0.386719 0.205078 0.38623 0.202734 0.383301 0.202734 0.382812 0.201953 0.381836 0.201953 0.380859 0.199219 0.377441 0.198828 0.377441 0.198047 0.376465 0.196875 0.376465 0.196484 0.375977 0.196094 0.375977 0.195312 0.375 0.194922 0.375 0.19375 0.373535 0.193359 0.373535 0.192188 0.37207 0.191797 0.37207 0.187891 0.367188 0.1875 0.367188 0.187109 0.366699
1 0.142578 0.671387 0.141016 0.67334 0.141016 0.673828 0.140625 0.674316 0.140625 0.674805 0.140234 0.675293 0.140234 0.677246 0.139844 0.677734 0.139844 0.678223 0.139453 0.678711 0.139453 0.687012 0.139844 0.6875 0.139844 0.687988 0.140234 0.688477 0.140234 0.693848 0.140625 0.694336 0.140625 0.694824 0.141016 0.695312 0.141016 0.696289 0.141797 0.697266 0.141797 0.697754 0.142187 0.698242 0.142187 0.700195 0.142578 0.700684 0.142578 0.701172 0.142969 0.70166 0.142969 0.702148 0.143359 0.702637 0.143359 0.703125 0.14375 0.703613 0.14375 0.70459 0.144531 0.705566 0.144531 0.706543 0.145703 0.708008 0.145703 0.708496 0.147656 0.710938 0.147656 0.711426 0.148828 0.712891 0.148828 0.713867 0.150781 0.716309 0.151172 0.716309 0.152734 0.718262 0.153125 0.718262 0.155078 0.720703 0.155078 0.721191 0.157031 0.723633 0.157031 0.724121 0.158203 0.725586 0.158203 0.726074 0.158594 0.726074 0.159766 0.727539 0.159766 0.728027 0.162109 0.730957 0.168359 0.730957 0.170313 0.728516 0.170313 0.719727 0.169922 0.719238 0.169922 0.718262 0.169141 0.717285 0.169141 0.715332 0.16875 0.714844 0.16875 0.714355 0.167969 0.713379 0.167969 0.712402 0.167578 0.711914 0.167578 0.710938 0.166797 0.709961 0.166797 0.709473 0.166406 0.708984 0.166406 0.708496 0.166016 0.708008 0.166016 0.707031 0.165234 0.706055 0.165234 0.705078 0.164844 0.70459 0.164844 0.704102 0.164453 0.703613 0.164453 0.702637 0.163281 0.701172 0.163281 0.700195 0.162891 0.699707 0.162891 0.699219 0.1625 0.69873 0.1625 0.698242 0.161328 0.696777 0.161328 0.696289 0.160938 0.695801 0.160938 0.695312 0.159766 0.693848 0.159766 0.693359 0.157812 0.690918 0.157812 0.69043 0.157031 0.689453 0.157031 0.688965 0.152734 0.683594 0.152734 0.683105 0.151172 0.681152 0.151172 0.680664 0.149609 0.678711 0.149609 0.678223 0.15 0.677734 0.15 0.675293 0.149219 0.674316 0.149219 0.673828 0.148047 0.672363 0.147656 0.672363 0.146875 0.671387
1 0.0921875 0.805664 0.090625 0.807617 0.090625 0.808594 0.0898438 0.80957 0.0898438 0.811523 0.0910156 0.812988 0.0910156 0.814453 0.0914062 0.814941 0.0914062 0.815918 0.0917969 0.816406 0.0917969 0.816895 0.0921875 0.817383 0.0921875 0.818359 0.0925781 0.818848 0.0925781 0.819824 0.0933594 0.820801 0.0933594 0.821289 0.09375 0.821777 0.09375 0.822266 0.0964844 0.825684 0.096875 0.825684 0.0972656 0.826172 0.0976562 0.826172 0.0984375 0.827148 0.0988281 0.827148 0.0992187 0.827637 0.0996094 0.827637 0.101172 0.82959 0.101562 0.82959 0.102734 0.831055 0.103125 0.831055 0.103906 0.832031 0.104297 0.832031 0.104688 0.83252 0.104688 0.833008 0.105859 0.834473 0.10625 0.834473 0.106641 0.834961 0.107031 0.834961 0.108594 0.836914 0.108984 0.836914 0.109766 0.837891 0.110156 0.837891 0.110547 0.838379 0.115234 0.838379 0.117188 0.835938 0.117578 0.835938 0.117969 0.835449 0.118359 0.835449 0.11875 0.834961 0.119531 0.834961 0.119922 0.834473 0.120313 0.834473 0.121094 0.833496 0.121484 0.833496 0.122266 0.834473 0.122266 0.837891 0.123828 0.839844 0.125781 0.839844 0.127734 0.837402 0.127734 0.836426 0.128516 0.835449 0.128516 0.833984 0.128906 0.833496 0.128906 0.829102 0.128516 0.828613 0.128516 0.827148 0.128125 0.82666 0.128125 0.826172 0.127734 0.825684 0.127734 0.825195 0.127344 0.824707 0.127344 0.824219 0.126172 0.822754 0.126172 0.822266 0.125391 0.821289 0.125391 0.820801 0.123828 0.818848 0.122266 0.818848 0.121875 0.818359 0.121094 0.818359 0.120703 0.817871 0.115625 0.817871 0.115234 0.817383 0.114844 0.817383 0.114453 0.816895 0.113281 0.816895 0.112891 0.816406 0.111719 0.816406 0.110937 0.81543 0.109766 0.81543 0.108984 0.814453 0.108203 0.814453 0.107813 0.813965 0.107031 0.813965 0.106641 0.813477 0.10625 0.813477 0.105078 0.812012 0.104297 0.812012 0.103516 0.811035 0.102344 0.811035 0.101953 0.810547 0.101562 0.810547 0.101172 0.810059 0.100391 0.810059 0.1 0.80957 0.0988281 0.80957 0.0984375 0.809082 0.0980469 0.809082 0.0976562 0.808594 0.096875 0.808594 0.0960938 0.807617 0.0957031 0.807617 0.0949219 0.806641 0.0945312 0.806641 0.09375 0.805664
1 0.163672 0.84082 0.163281 0.841309 0.162891 0.841309 0.162109 0.842285 0.161328 0.842285 0.160938 0.842773 0.160547 0.842773 0.159375 0.844238 0.159375 0.845215 0.158594 0.846191 0.158594 0.84668 0.158203 0.847168 0.158203 0.847656 0.157812 0.848145 0.157812 0.848633 0.157422 0.849121 0.157422 0.850586 0.157031 0.851074 0.157031 0.857422 0.157422 0.85791 0.157422 0.859375 0.158203 0.860352 0.158203 0.861328 0.158594 0.861816 0.158594 0.862793 0.158984 0.863281 0.158984 0.864258 0.159375 0.864746 0.159375 0.865723 0.159766 0.866211 0.159766 0.867188 0.160156 0.867676 0.160156 0.868652 0.164062 0.873535 0.165234 0.873535 0.165625 0.874023 0.166406 0.874023 0.166797 0.874512 0.167578 0.874512 0.167969 0.875 0.168359 0.875 0.170313 0.877441 0.170703 0.877441 0.171875 0.878906 0.172266 0.878906 0.173437 0.880371 0.174219 0.880371 0.175391 0.881836 0.175781 0.881836 0.176172 0.882324 0.178906 0.882324 0.180078 0.880859 0.180078 0.877441 0.179297 0.876465 0.179297 0.875977 0.176953 0.873047 0.176563 0.873047 0.176172 0.872559 0.176172 0.87207 0.175391 0.871094 0.175391 0.870605 0.174219 0.869141 0.174219 0.868652 0.173437 0.867676 0.173437 0.867188 0.173047 0.866699 0.173047 0.865234 0.172656 0.864746 0.172656 0.861328 0.172266 0.86084 0.172266 0.860352 0.171484 0.859375 0.171484 0.858887 0.171094 0.858398 0.171094 0.856445 0.171484 0.855957 0.171484 0.85498 0.171875 0.854492 0.171875 0.853027 0.172266 0.852539 0.172266 0.843262 0.170703 0.841309 0.170313 0.841309 0.169922 0.84082
1 0.144141 0.859863 0.14375 0.860352 0.135937 0.860352 0.135547 0.86084 0.134375 0.86084 0.133984 0.861328 0.133594 0.861328 0.133203 0.861816 0.132422 0.861816 0.130078 0.864746 0.130078 0.868164 0.131641 0.870117 0.132422 0.870117 0.132812 0.870605 0.133594 0.870605 0.133984 0.871094 0.140234 0.871094 0.140625 0.871582 0.141797 0.871582 0.142187 0.87207 0.14375 0.87207 0.144141 0.872559 0.145313 0.872559 0.145703 0.873047 0.146875 0.873047 0.147266 0.873535 0.149219 0.873535 0.149609 0.874023 0.15 0.874023 0.150391 0.874512 0.151172 0.874512 0.151562 0.875 0.151953 0.875 0.152344 0.875488 0.152344 0.875977 0.152734 0.876465 0.152734 0.876953 0.153125 0.877441 0.153125 0.87793 0.153906 0.878906 0.153906 0.879395 0.154297 0.879883 0.154297 0.880371 0.155078 0.881348 0.155078 0.885254 0.15625 0.886719 0.158203 0.886719 0.161328 0.882812 0.161328 0.882324 0.162109 0.881348 0.162109 0.880859 0.162891 0.879883 0.162891 0.878906 0.163281 0.878418 0.163281 0.877441 0.163672 0.876953 0.163672 0.872559 0.163281 0.87207 0.163281 0.871582 0.162891 0.871094 0.162891 0.870117 0.1625 0.869629 0.1625 0.869141 0.162109 0.868652 0.162109 0.867676 0.160156 0.865234 0.159766 0.865234 0.158984 0.864258 0.158594 0.864258 0.158203 0.86377 0.157812 0.86377 0.157422 0.863281 0.157031 0.863281 0.15625 0.862305 0.155859 0.862305 0.155469 0.861816 0.154688 0.861816 0.154297 0.861328 0.153906 0.861328 0.153516 0.86084 0.152734 0.86084 0.151953 0.859863
1 0.136719 0.876953 0.134766 0.879395 0.134766 0.880371 0.134375 0.880859 0.134375 0.882324 0.133594 0.883301 0.133594 0.884277 0.133203 0.884766 0.133203 0.885254 0.132031 0.886719 0.132031 0.887207 0.130469 0.88916 0.130469 0.889648 0.128906 0.891602 0.128906 0.89209 0.128516 0.892578 0.128516 0.893066 0.127734 0.894043 0.127734 0.894531 0.127344 0.89502 0.127344 0.896484 0.126562 0.897461 0.126562 0.898438 0.126172 0.898926 0.126172 0.899414 0.125781 0.899902 0.125781 0.903809 0.126172 0.904297 0.126172 0.904785 0.126953 0.905762 0.126953 0.90625 0.128125 0.907715 0.128906 0.907715 0.130078 0.90918 0.130469 0.90918 0.130859 0.909668 0.133984 0.909668 0.137109 0.905762 0.137109 0.905273 0.138672 0.90332 0.138672 0.902832 0.139844 0.901367 0.139844 0.900879 0.140234 0.900391 0.140234 0.899902 0.140625 0.899414 0.140625 0.898926 0.141016 0.898438 0.141016 0.897461 0.141406 0.896973 0.141406 0.896484 0.141797 0.895996 0.141797 0.895508 0.142187 0.89502 0.142187 0.894531 0.142578 0.894043 0.142578 0.893555 0.143359 0.892578 0.143359 0.89209 0.144141 0.891113 0.144141 0.890137 0.145313 0.888672 0.145313 0.888184 0.145703 0.887695 0.145703 0.880371 0.14375 0.87793 0.142969 0.87793 0.142578 0.877441 0.142187 0.877441 0.141797 0.876953
1 0.119531 0.90332 0.119141 0.903809 0.117969 0.903809 0.117578 0.904297 0.117188 0.904297 0.116016 0.905762 0.116016 0.906738 0.115625 0.907227 0.115625 0.913574 0.116016 0.914062 0.116016 0.916016 0.116406 0.916504 0.116406 0.916992 0.116797 0.91748 0.116797 0.917969 0.117969 0.919434 0.117969 0.919922 0.118359 0.92041 0.118359 0.920898 0.120313 0.92334 0.120703 0.92334 0.122266 0.925293 0.122656 0.925293 0.123047 0.925781 0.123828 0.925781 0.124219 0.92627 0.125 0.92627 0.125391 0.926758 0.126172 0.926758 0.126562 0.927246 0.140234 0.927246 0.140625 0.926758 0.141406 0.926758 0.141797 0.92627 0.142969 0.92627 0.143359 0.925781 0.144141 0.925781 0.144531 0.925293 0.144922 0.925293 0.145703 0.924316 0.146094 0.924316 0.146875 0.92334 0.147266 0.92334 0.150391 0.919434 0.150391 0.918945 0.150781 0.918457 0.150781 0.913574 0.150391 0.913086 0.150391 0.911621 0.148828 0.909668 0.145313 0.909668 0.144922 0.910156 0.142969 0.910156 0.142578 0.910645 0.140625 0.910645 0.140234 0.911133 0.139063 0.911133 0.138672 0.911621 0.1375 0.911621 0.137109 0.912109 0.130078 0.912109 0.129688 0.911621 0.129297 0.911621 0.128906 0.911133 0.127344 0.911133 0.126953 0.910645 0.126562 0.910645 0.126172 0.910156 0.125781 0.910156 0.123828 0.907715 0.123828 0.907227 0.122656 0.905762 0.122656 0.904785 0.121484 0.90332
1 0.125781 0.925781 0.125 0.926758 0.124609 0.926758 0.123438 0.928223 0.123438 0.930176 0.125 0.932129 0.125 0.932617 0.125391 0.933105 0.125391 0.933594 0.125781 0.934082 0.125781 0.935059 0.126172 0.935547 0.126172 0.936523 0.126562 0.937012 0.126562 0.938477 0.126953 0.938965 0.126953 0.947266 0.126562 0.947754 0.126562 0.949219 0.126172 0.949707 0.126172 0.951172 0.125781 0.95166 0.125781 0.961426 0.126562 0.962402 0.126562 0.962891 0.126953 0.963379 0.126953 0.963867 0.129297 0.966797 0.133594 0.966797 0.133984 0.966309 0.134375 0.966309 0.138281 0.961426 0.138281 0.960938 0.138672 0.960449 0.138672 0.959961 0.139063 0.959473 0.139063 0.958984 0.139453 0.958496 0.139453 0.957031 0.139844 0.956543 0.139844 0.955566 0.140234 0.955078 0.140234 0.953613 0.140625 0.953125 0.140625 0.95166 0.141016 0.951172 0.141016 0.943359 0.140625 0.942871 0.140625 0.940918 0.140234 0.94043 0.140234 0.937988 0.139844 0.9375 0.139844 0.936523 0.139453 0.936035 0.139453 0.935547 0.138672 0.93457 0.138672 0.934082 0.137891 0.933105 0.137891 0.932617 0.137109 0.931641 0.137109 0.931152 0.134375 0.927734 0.133984 0.927734 0.133203 0.926758 0.132422 0.926758 0.132031 0.92627 0.130859 0.92627 0.130469 0.925781
1 0.0417969 0.93457 0.0390625 0.937988 0.0390625 0.94043 0.0398437 0.941406 0.0398437 0.941895 0.0402344 0.942383 0.0402344 0.942871 0.040625 0.943359 0.040625 0.943848 0.0421875 0.945801 0.0421875 0.946289 0.0425781 0.946777 0.0425781 0.947266 0.0441406 0.949219 0.0441406 0.949707 0.0460938 0.952148 0.0460938 0.952637 0.0476562 0.95459 0.0476562 0.955078 0.0492187 0.957031 0.0492187 0.95752 0.0511719 0.959961 0.0511719 0.960449 0.0527344 0.962402 0.0527344 0.962891 0.0546875 0.965332 0.0550781 0.965332 0.0574219 0.968262 0.0578125 0.968262 0.059375 0.970215 0.0628906 0.970215 0.0632812 0.969727 0.0640625 0.969727 0.0660156 0.967285 0.0660156 0.966309 0.0664062 0.96582 0.0664062 0.961914 0.0660156 0.961426 0.0660156 0.960938 0.0652344 0.959961 0.0652344 0.959473 0.0648438 0.958984 0.0648438 0.958496 0.0636719 0.957031 0.0636719 0.956055 0.0625 0.95459 0.0625 0.953613 0.0621094 0.953125 0.0621094 0.952637 0.0617188 0.952148 0.0617188 0.95166 0.0605469 0.950195 0.0601563 0.950195 0.0585938 0.948242 0.0582031 0.948242 0.05625 0.945801 0.0558594 0.945801 0.0535156 0.942871 0.0535156 0.942383 0.0523438 0.940918 0.0519531 0.940918 0.0511719 0.939941 0.0507812 0.939941 0.0496094 0.938477 0.0492187 0.938477 0.0488281 0.937988 0.0484375 0.937988 0.0476562 0.937012 0.0472656 0.937012 0.046875 0.936523 0.0464844 0.936523 0.0457031 0.935547 0.0453125 0.935547 0.0445313 0.93457
1 0.0742188 0.973145 0.0730469 0.974609 0.0730469 0.978027 0.0734375 0.978516 0.0734375 0.979004 0.0738281 0.979492 0.0738281 0.980957 0.0742188 0.981445 0.0742188 0.982422 0.0746094 0.98291 0.0746094 0.983887 0.075 0.984375 0.075 0.985352 0.0753906 0.98584 0.0753906 0.986328 0.078125 0.989746 0.0785156 0.989746 0.0792969 0.990723 0.0796875 0.990723 0.0800781 0.991211 0.0804688 0.991211 0.0808594 0.991699 0.0816406 0.991699 0.0820312 0.992188 0.0824219 0.992188 0.0828125 0.992676 0.0832031 0.992676 0.0835937 0.993164 0.0839844 0.993164 0.0847656 0.994141 0.0851563 0.994141 0.0863281 0.995605 0.0867187 0.995605 0.0871094 0.996094 0.0875 0.996094 0.0890625 0.998047 0.0894531 0.998047 0.0902344 0.999023 0.090625 0.999023 0.0910156 0.999512 0.104297 0.999512 0.104688 0.999023 0.104688 0.993164 0.104297 0.992676 0.104297 0.992188 0.102734 0.990234 0.0996094 0.990234 0.0992187 0.989746 0.0988281 0.989746 0.0980469 0.98877 0.0980469 0.988281 0.0964844 0.986328 0.0960938 0.986328 0.0953125 0.985352 0.0949219 0.985352 0.0945312 0.984863 0.0941406 0.984863 0.0933594 0.983887 0.0921875 0.983887 0.0917969 0.983398 0.0914062 0.983398 0.0910156 0.98291 0.090625 0.98291 0.0894531 0.981445 0.0886719 0.981445 0.0875 0.97998 0.0871094 0.97998 0.0867187 0.979492 0.0863281 0.979492 0.0859375 0.979004 0.0851563 0.979004 0.084375 0.978027 0.0839844 0.978027 0.0835937 0.977539 0.0828125 0.977539 0.0824219 0.977051 0.0820312 0.977051 0.0816406 0.976562 0.08125 0.976562 0.0808594 0.976074 0.0804688 0.976074 0.0800781 0.975586 0.0796875 0.975586 0.0792969 0.975098 0.0789062 0.975098 0.0777344 0.973633 0.0773438 0.973633 0.0769531 0.973145
1 0.0867187 0.875 0.0863281 0.875488 0.0859375 0.875488 0.0855469 0.875977 0.0851563 0.875977 0.0835937 0.87793 0.0835937 0.878418 0.0832031 0.878906 0.0832031 0.879395 0.0828125 0.879883 0.0828125 0.880371 0.0824219 0.880859 0.0824219 0.882324 0.0820312 0.882812 0.0820312 0.885254 0.0816406 0.885742 0.0816406 0.888184 0.08125 0.888672 0.08125 0.88916 0.0808594 0.889648 0.0808594 0.890625 0.0804688 0.891113 0.0804688 0.891602 0.0777344 0.89502 0.0773438 0.89502 0.0757812 0.896973 0.0757812 0.897461 0.0753906 0.897949 0.0753906 0.898926 0.075 0.899414 0.075 0.906738 0.0753906 0.907227 0.0753906 0.907715 0.0773438 0.910156 0.0789062 0.910156 0.0792969 0.910645 0.0820312 0.910645 0.0824219 0.910156 0.0828125 0.910156 0.0839844 0.908691 0.084375 0.908691 0.0851563 0.907715 0.0855469 0.907715 0.0859375 0.907227 0.0863281 0.907227 0.0878906 0.905273 0.0882813 0.905273 0.0914062 0.901367 0.0914062 0.891602 0.0910156 0.891113 0.0910156 0.889648 0.090625 0.88916 0.090625 0.887207 0.0902344 0.886719 0.0902344 0.885254 0.0898438 0.884766 0.0898438 0.878418 0.0894531 0.87793 0.0894531 0.876465 0.0882813 0.875
1 0.09375 0.898438 0.0925781 0.899902 0.0925781 0.900391 0.0921875 0.900879 0.0921875 0.901855 0.0917969 0.902344 0.0917969 0.902832 0.0914062 0.90332 0.0914062 0.904785 0.0910156 0.905273 0.0910156 0.905762 0.0902344 0.906738 0.0902344 0.907227 0.0898438 0.907715 0.0898438 0.908203 0.0890625 0.90918 0.0890625 0.909668 0.0886719 0.910156 0.0886719 0.914551 0.0890625 0.915039 0.0890625 0.915527 0.0921875 0.919434 0.0929688 0.919434 0.0945312 0.921387 0.0949219 0.921387 0.0980469 0.925293 0.0984375 0.925293 0.101172 0.928711 0.101172 0.929199 0.101953 0.930176 0.101953 0.930664 0.102344 0.931152 0.102344 0.931641 0.103125 0.932617 0.103125 0.933594 0.103516 0.934082 0.103516 0.935059 0.103906 0.935547 0.103906 0.936035 0.105078 0.9375 0.107031 0.9375 0.109766 0.934082 0.109766 0.933105 0.111719 0.930664 0.111719 0.930176 0.112109 0.929688 0.112109 0.929199 0.112891 0.928223 0.112891 0.927734 0.113281 0.927246 0.113281 0.926758 0.113672 0.92627 0.113672 0.925781 0.114062 0.925293 0.114062 0.919922 0.112109 0.91748 0.111719 0.91748 0.110547 0.916016 0.110156 0.916016 0.109766 0.915527 0.109375 0.915527 0.108594 0.914551 0.108203 0.914551 0.106641 0.912598 0.10625 0.912598 0.102734 0.908203 0.102734 0.907715 0.101562 0.90625 0.101562 0.905762 0.0996094 0.90332 0.0996094 0.902832 0.0992187 0.902344 0.0992187 0.901855 0.0988281 0.901367 0.0988281 0.900879 0.0972656 0.898926 0.0957031 0.898926 0.0953125 0.898438
1 0.107813 0.895996 0.0976562 0.908691 0.0972656 0.908691 0.0914062 0.916016 0.0914062 0.916504 0.090625 0.91748 0.090625 0.917969 0.0902344 0.918457 0.0902344 0.92041 0.0898438 0.920898 0.0898438 0.92334 0.0894531 0.923828 0.0894531 0.929199 0.0902344 0.930176 0.0902344 0.930664 0.0914062 0.932129 0.0917969 0.932129 0.0921875 0.932617 0.0960938 0.932617 0.0964844 0.932129 0.0972656 0.932129 0.0976562 0.931641 0.0984375 0.931641 0.0988281 0.931152 0.0992187 0.931152 0.1 0.930176 0.100391 0.930176 0.101172 0.929199 0.101562 0.929199 0.102344 0.928223 0.102734 0.928223 0.107813 0.921875 0.107813 0.921387 0.109766 0.918945 0.109766 0.918457 0.110156 0.917969 0.110156 0.916992 0.110547 0.916504 0.110547 0.916016 0.110937 0.915527 0.110937 0.915039 0.111328 0.914551 0.111328 0.914062 0.111719 0.913574 0.111719 0.913086 0.112109 0.912598 0.112109 0.912109 0.1125 0.911621 0.1125 0.911133 0.112891 0.910645 0.112891 0.910156 0.113281 0.909668 0.113281 0.908691 0.113672 0.908203 0.113672 0.907227 0.114062 0.906738 0.114062 0.905762 0.114453 0.905273 0.114453 0.904785 0.114844 0.904297 0.114844 0.903809 0.115234 0.90332 0.115234 0.902832 0.115625 0.902344 0.115625 0.898926 0.114453 0.897461 0.114062 0.897461 0.113672 0.896973 0.110547 0.896973 0.109766 0.895996
1 0.0964844 0.936523 0.0949219 0.938477 0.0949219 0.938965 0.0945312 0.939453 0.0945312 0.944336 0.0949219 0.944824 0.0949219 0.945801 0.0953125 0.946289 0.0953125 0.946777 0.0960938 0.947754 0.0960938 0.948242 0.0964844 0.94873 0.0964844 0.949219 0.096875 0.949707 0.096875 0.950195 0.0976562 0.951172 0.0976562 0.95166 0.0992187 0.953613 0.0996094 0.953613 0.100781 0.955078 0.101172 0.955078 0.102344 0.956543 0.103516 0.956543 0.103906 0.957031 0.104297 0.957031 0.105078 0.958008 0.105469 0.958008 0.105859 0.958496 0.10625 0.958496 0.106641 0.958984 0.107422 0.958984 0.107813 0.959473 0.108594 0.959473 0.108984 0.959961 0.109766 0.959961 0.110156 0.960449 0.110547 0.960449 0.110937 0.960938 0.111719 0.960938 0.112109 0.961426 0.1125 0.961426 0.112891 0.961914 0.119531 0.961914 0.121094 0.959961 0.121094 0.959473 0.121484 0.958984 0.121484 0.956543 0.121094 0.956055 0.121094 0.955566 0.119141 0.953125 0.11875 0.953125 0.116406 0.950195 0.115625 0.950195 0.115234 0.949707 0.114453 0.949707 0.114062 0.949219 0.113672 0.949219 0.113281 0.94873 0.112891 0.94873 0.1125 0.948242 0.112109 0.948242 0.111328 0.947266 0.110937 0.947266 0.109375 0.945312 0.108984 0.945312 0.106641 0.942383 0.10625 0.942383 0.105078 0.940918 0.103906 0.940918 0.101953 0.938477 0.101562 0.938477 0.101172 0.937988 0.100781 0.937988 0.100391 0.9375 0.1 0.9375 0.0996094 0.937012 0.0992187 0.937012 0.0988281 0.936523
1 0.0835937 0.912109 0.0828125 0.913086 0.0820312 0.913086 0.0816406 0.913574 0.08125 0.913574 0.0785156 0.916992 0.0785156 0.91748 0.0777344 0.918457 0.0777344 0.919434 0.0773438 0.919922 0.0773438 0.921875 0.0769531 0.922363 0.0769531 0.924316 0.0765625 0.924805 0.0765625 0.927734 0.0761719 0.928223 0.0761719 0.94043 0.0765625 0.940918 0.0765625 0.941895 0.0769531 0.942383 0.0769531 0.943359 0.0777344 0.944336 0.0777344 0.944824 0.0785156 0.945801 0.0785156 0.946289 0.0816406 0.950195 0.0820312 0.950195 0.0832031 0.95166 0.0835937 0.95166 0.0847656 0.953125 0.0851563 0.953125 0.0859375 0.954102 0.0863281 0.954102 0.0871094 0.955078 0.0875 0.955078 0.0882813 0.956055 0.0890625 0.956055 0.0894531 0.956543 0.0929688 0.956543 0.0941406 0.955078 0.0941406 0.95459 0.0949219 0.953613 0.0949219 0.950684 0.0945312 0.950195 0.0945312 0.949707 0.0929688 0.947754 0.0929688 0.947266 0.0921875 0.946289 0.0921875 0.945801 0.0917969 0.945312 0.0917969 0.944824 0.0910156 0.943848 0.0910156 0.943359 0.090625 0.942871 0.090625 0.941406 0.0902344 0.940918 0.0902344 0.94043 0.0894531 0.939453 0.0894531 0.938477 0.0886719 0.9375 0.0886719 0.937012 0.0882813 0.936523 0.0882813 0.936035 0.0875 0.935059 0.0875 0.93457 0.0871094 0.934082 0.0871094 0.933594 0.0867187 0.933105 0.0867187 0.931641 0.0863281 0.931152 0.0863281 0.927246 0.0867187 0.926758 0.0867187 0.925293 0.0871094 0.924805 0.0871094 0.92334 0.0875 0.922852 0.0875 0.921875 0.0878906 0.921387 0.0878906 0.92041 0.0882813 0.919922 0.0882813 0.913574 0.0871094 0.912109
1 0.116797 0.925293 0.116406 0.925781 0.114062 0.925781 0.113672 0.92627 0.112891 0.92627 0.112109 0.927246 0.111719 0.927246 0.110547 0.928711 0.110547 0.929199 0.109375 0.930664 0.109375 0.931152 0.108984 0.931641 0.108984 0.932129 0.108594 0.932617 0.108594 0.933594 0.108203 0.934082 0.108203 0.93457 0.107813 0.935059 0.107813 0.936035 0.107422 0.936523 0.107422 0.939453 0.107031 0.939941 0.107031 0.953125 0.108203 0.95459 0.110547 0.95459 0.110937 0.954102 0.112109 0.954102 0.114062 0.95166 0.114062 0.950684 0.114453 0.950195 0.114453 0.948242 0.114844 0.947754 0.114844 0.947266 0.115234 0.946777 0.115234 0.946289 0.116406 0.944824 0.116406 0.944336 0.116797 0.943848 0.116797 0.943359 0.119531 0.939941 0.119922 0.939941 0.121094 0.938477 0.121484 0.938477 0.122656 0.937012 0.123047 0.937012 0.123438 0.936523 0.123828 0.936523 0.124609 0.935547 0.125 0.935547 0.125391 0.935059 0.125781 0.935059 0.126562 0.934082 0.126953 0.934082 0.127344 0.933594 0.127734 0.933594 0.128906 0.932129 0.128906 0.931641 0.129297 0.931152 0.129297 0.928711 0.127734 0.926758 0.126562 0.926758 0.126172 0.92627 0.124219 0.92627 0.123438 0.925293
2 0.0730469 0.899414 0.0726563 0.899902 0.071875 0.899902 0.0707031 0.901367 0.0703125 0.901367 0.0695313 0.902344 0.0691406 0.902344 0.0675781 0.904297 0.0671875 0.904297 0.065625 0.90625 0.0652344 0.90625 0.0636719 0.908203 0.0636719 0.908691 0.0628906 0.909668 0.0628906 0.910156 0.0625 0.910645 0.0625 0.911621 0.0621094 0.912109 0.0621094 0.912598 0.0617188 0.913086 0.0617188 0.913574 0.0613281 0.914062 0.0613281 0.916016 0.0609375 0.916504 0.0609375 0.916992 0.0605469 0.91748 0.0605469 0.918457 0.0601563 0.918945 0.0601563 0.92041 0.0597656 0.920898 0.0597656 0.922852 0.059375 0.92334 0.059375 0.931152 0.0609375 0.933105 0.0625 0.933105 0.0632812 0.932129 0.0636719 0.932129 0.065625 0.929688 0.065625 0.929199 0.0664062 0.928223 0.0664062 0.927246 0.0675781 0.925781 0.0675781 0.925293 0.0683594 0.924316 0.0683594 0.923828 0.0707031 0.920898 0.0710937 0.920898 0.0722656 0.919434 0.0722656 0.918945 0.0730469 0.917969 0.0734375 0.917969 0.0746094 0.916504 0.0746094 0.916016 0.0769531 0.913086 0.0769531 0.912598 0.0773438 0.912109 0.0773438 0.911133 0.0777344 0.910645 0.0777344 0.904297 0.0757812 0.901855 0.0757812 0.900879 0.0746094 0.899414
1 0.0699219 0.955078 0.06875 0.956543 0.06875 0.958496 0.071875 0.962402 0.0722656 0.962402 0.0726563 0.962891 0.0730469 0.962891 0.0734375 0.963379 0.0738281 0.963379 0.0742188 0.963867 0.0746094 0.963867 0.0761719 0.96582 0.0761719 0.966309 0.0765625 0.966797 0.0765625 0.967285 0.0792969 0.970703 0.0796875 0.970703 0.0804688 0.97168 0.0816406 0.97168 0.0820312 0.972168 0.0855469 0.972168 0.0859375 0.97168 0.0875 0.97168 0.0878906 0.971191 0.0886719 0.971191 0.0890625 0.970703 0.0894531 0.970703 0.0898438 0.970215 0.090625 0.970215 0.0917969 0.96875 0.0925781 0.96875 0.0929688 0.968262 0.09375 0.968262 0.0941406 0.967773 0.0949219 0.967773 0.0953125 0.968262 0.0988281 0.968262 0.1 0.966797 0.1 0.964844 0.0988281 0.963379 0.0980469 0.963379 0.0976562 0.962891 0.0972656 0.962891 0.0964844 0.961914 0.0960938 0.961914 0.0957031 0.961426 0.0949219 0.961426 0.0945312 0.960938 0.0941406 0.960938 0.09375 0.960449 0.0933594 0.960449 0.0929688 0.959961 0.0925781 0.959961 0.0921875 0.959473 0.0917969 0.959473 0.0914062 0.958984 0.090625 0.958984 0.0902344 0.958496 0.0898438 0.958496 0.0890625 0.95752 0.0882813 0.95752 0.0878906 0.957031 0.0867187 0.957031 0.0863281 0.956543 0.0738281 0.956543 0.0734375 0.956055 0.0726563 0.956055 0.0722656 0.955566 0.071875 0.955566 0.0714844 0.955078
1 0.0960938 0.970215 0.0957031 0.970703 0.0949219 0.970703 0.0945312 0.971191 0.0941406 0.971191 0.0929688 0.972656 0.0925781 0.972656 0.0910156 0.974609 0.090625 0.974609 0.0898438 0.975586 0.0894531 0.975586 0.0882813 0.977051 0.0878906 0.977051 0.0867187 0.978516 0.0867187 0.979492 0.0859375 0.980469 0.0859375 0.981445 0.0855469 0.981934 0.0855469 0.988281 0.0859375 0.98877 0.0859375 0.989258 0.0875 0.991211 0.0886719 0.991211 0.0890625 0.991699 0.0925781 0.991699 0.0929688 0.991211 0.0933594 0.991211 0.09375 0.990723 0.0941406 0.990723 0.0949219 0.989746 0.0953125 0.989746 0.0988281 0.985352 0.0996094 0.985352 0.1 0.984863 0.107422 0.984863 0.107813 0.985352 0.114062 0.985352 0.116797 0.981934 0.116797 0.981445 0.117188 0.980957 0.117188 0.976074 0.116016 0.974609 0.115625 0.974609 0.115234 0.974121 0.114453 0.974121 0.114062 0.973633 0.113672 0.973633 0.113281 0.973145 0.1125 0.973145 0.112109 0.972656 0.111328 0.972656 0.110937 0.972168 0.110547 0.972168 0.109766 0.971191 0.109375 0.971191 0.108984 0.970703 0.108203 0.970703 0.107813 0.970215
1 0.0714844 0.917969 0.0710937 0.918457 0.0707031 0.918457 0.0660156 0.924316 0.0660156 0.924805 0.0625 0.929199 0.0625 0.929688 0.0613281 0.931152 0.0613281 0.931641 0.0609375 0.932129 0.0609375 0.932617 0.0605469 0.933105 0.0605469 0.933594 0.0601563 0.934082 0.0601563 0.939941 0.0605469 0.94043 0.0605469 0.943359 0.0609375 0.943848 0.0609375 0.946289 0.0613281 0.946777 0.0613281 0.948242 0.0617188 0.94873 0.0617188 0.949219 0.0621094 0.949707 0.0621094 0.950195 0.0636719 0.952148 0.0679687 0.952148 0.0683594 0.95166 0.06875 0.95166 0.0695313 0.950684 0.0699219 0.950684 0.0710937 0.949219 0.0710937 0.94873 0.0714844 0.948242 0.0714844 0.947754 0.0722656 0.946777 0.0722656 0.945801 0.0730469 0.944824 0.0730469 0.943848 0.0738281 0.942871 0.0738281 0.942383 0.0742188 0.941895 0.0742188 0.941406 0.0746094 0.940918 0.0746094 0.94043 0.075 0.939941 0.075 0.939453 0.0753906 0.938965 0.0753906 0.9375 0.0761719 0.936523 0.0761719 0.921387 0.0753906 0.92041 0.0753906 0.919922 0.0738281 0.917969
1 0.846875 0.85498 0.845703 0.856445 0.845703 0.856934 0.845313 0.857422 0.845313 0.85791 0.844531 0.858887 0.844531 0.859863 0.843359 0.861328 0.843359 0.86377 0.842969 0.864258 0.842969 0.87207 0.843359 0.872559 0.843359 0.873535 0.844922 0.875488 0.844922 0.875977 0.846484 0.87793 0.846484 0.878418 0.848047 0.880371 0.848437 0.880371 0.85 0.882324 0.85 0.882812 0.850781 0.883789 0.850781 0.885254 0.851172 0.885742 0.851172 0.888672 0.851562 0.88916 0.851562 0.889648 0.853516 0.89209 0.853906 0.89209 0.854297 0.892578 0.855078 0.892578 0.855469 0.893066 0.855859 0.893066 0.85625 0.893555 0.858203 0.893555 0.858594 0.893066 0.860156 0.893066 0.8625 0.890137 0.8625 0.889648 0.862891 0.88916 0.862891 0.888672 0.863281 0.888184 0.863281 0.880371 0.862891 0.879883 0.862891 0.878418 0.8625 0.87793 0.8625 0.877441 0.862109 0.876953 0.862109 0.876465 0.861719 0.875977 0.861719 0.875 0.861328 0.874512 0.861328 0.873535 0.860156 0.87207 0.860156 0.871582 0.858984 0.870117 0.858984 0.869629 0.857812 0.868164 0.857812 0.867676 0.857422 0.867188 0.857422 0.866699 0.85625 0.865234 0.855859 0.865234 0.854297 0.863281 0.853906 0.863281 0.852734 0.861816 0.852344 0.861816 0.851562 0.86084 0.851172 0.86084 0.850391 0.859863 0.850391 0.859375 0.85 0.858887 0.85 0.856934 0.848437 0.85498
1 0.841797 0.84375 0.840625 0.845215 0.840625 0.848145 0.841406 0.849121 0.841406 0.851074 0.841797 0.851562 0.841797 0.853027 0.842578 0.854004 0.842578 0.854492 0.84375 0.855957 0.844531 0.855957 0.845313 0.856934 0.845703 0.856934 0.846094 0.857422 0.846875 0.857422 0.847266 0.85791 0.847656 0.85791 0.848047 0.858398 0.848437 0.858398 0.848828 0.858887 0.849219 0.858887 0.85 0.859863 0.850391 0.859863 0.852734 0.862793 0.852734 0.86377 0.855469 0.867188 0.85625 0.867188 0.857031 0.868164 0.8625 0.868164 0.862891 0.867676 0.863281 0.867676 0.863672 0.867188 0.864844 0.867188 0.865625 0.866211 0.866016 0.866211 0.866406 0.865723 0.866797 0.865723 0.867969 0.864258 0.867969 0.86377 0.868359 0.863281 0.868359 0.861328 0.86875 0.86084 0.86875 0.853516 0.868359 0.853027 0.868359 0.852051 0.866406 0.849609 0.866406 0.849121 0.865234 0.847656 0.864844 0.847656 0.863281 0.845703 0.862891 0.845703 0.8625 0.845215 0.858203 0.845215 0.857812 0.844727 0.850391 0.844727 0.85 0.845215 0.848828 0.845215 0.848437 0.845703 0.846875 0.845703 0.846484 0.846191 0.845313 0.844727 0.844141 0.844727 0.843359 0.84375
1 0.453906 0.375488 0.453906 0.377441 0.454688 0.378418 0.454688 0.378906 0.455078 0.379395 0.455078 0.380371 0.455469 0.380859 0.455469 0.381348 0.456641 0.382812 0.456641 0.383301 0.457031 0.383789 0.457031 0.384277 0.458594 0.38623 0.458594 0.386719 0.459766 0.388184 0.459766 0.388672 0.460547 0.389648 0.460547 0.390137 0.463281 0.393555 0.463672 0.393555 0.464844 0.39502 0.465234 0.39502 0.466016 0.395996 0.466797 0.395996 0.467578 0.396973 0.470313 0.396973 0.470703 0.397461 0.472266 0.397461 0.472656 0.397949 0.479297 0.397949 0.479687 0.397461 0.48125 0.397461 0.481641 0.396973 0.482031 0.396973 0.482422 0.396484 0.482812 0.396484 0.483203 0.395996 0.483594 0.395996 0.484375 0.39502 0.484766 0.39502 0.485156 0.394531 0.485547 0.394531 0.486328 0.393555 0.486719 0.393555 0.4875 0.392578 0.488281 0.392578 0.489453 0.391113 0.489844 0.391113 0.490234 0.390625 0.490625 0.390625 0.491016 0.390137 0.491797 0.390137 0.492578 0.38916 0.493359 0.38916 0.49375 0.388672 0.494141 0.388672 0.494531 0.388184 0.496484 0.388184 0.496875 0.387695 0.497266 0.387695 0.497656 0.387207 0.498437 0.387207 0.498828 0.386719 0.500391 0.386719 0.500781 0.38623 0.501563 0.38623 0.503125 0.384277 0.503125 0.380371 0.502734 0.379883 0.502734 0.379395 0.501563 0.37793 0.501172 0.37793 0.500781 0.377441 0.500391 0.377441 0.5 0.376953 0.499609 0.376953 0.499219 0.376465 0.495703 0.376465 0.494922 0.377441 0.494531 0.377441 0.494141 0.37793 0.49375 0.37793 0.493359 0.378418 0.492969 0.378418 0.492578 0.378906 0.490625 0.378906 0.490234 0.379395 0.48125 0.379395 0.480859 0.379883 0.480469 0.379883 0.480078 0.380371 0.479297 0.380371 0.478906 0.380859 0.477734 0.380859 0.476953 0.381836 0.476172 0.381836 0.475781 0.382324 0.475391 0.382324 0.475 0.382812 0.474609 0.382812 0.474219 0.383301 0.471094 0.383301 0.470703 0.382812 0.467578 0.382812 0.467187 0.382324 0.466406 0.382324 0.465625 0.381348 0.464844 0.381348 0.464453 0.380859 0.461719 0.380859 0.461328 0.380371 0.460547 0.380371 0.460156 0.379883 0.459766 0.379883 0.459375 0.379395 0.458594 0.379395 0.458203 0.378906 0.457813 0.378906 0.455469 0.375977 0.455078 0.375977 0.454688 0.375488
1 0.471875 0.398926 0.471484 0.399414 0.470313 0.399414 0.469922 0.399902 0.469141 0.399902 0.46875 0.400391 0.467578 0.400391 0.467187 0.400879 0.464844 0.400879 0.464453 0.401367 0.448828 0.401367 0.448437 0.400879 0.446484 0.400879 0.444531 0.40332 0.444531 0.405273 0.446484 0.407715 0.446875 0.407715 0.448047 0.40918 0.448437 0.40918 0.450781 0.412109 0.451172 0.412109 0.454297 0.416016 0.454688 0.416016 0.455078 0.416504 0.455469 0.416504 0.456641 0.417969 0.457422 0.417969 0.458203 0.418945 0.458984 0.418945 0.459375 0.419434 0.459766 0.419434 0.460156 0.419922 0.460938 0.419922 0.461328 0.42041 0.461719 0.42041 0.462109 0.420898 0.463281 0.420898 0.463672 0.421387 0.471875 0.421387 0.475 0.41748 0.475 0.416992 0.476562 0.415039 0.476562 0.414551 0.476953 0.414062 0.476953 0.413574 0.477344 0.413086 0.477344 0.412109 0.477734 0.411621 0.477734 0.410645 0.478125 0.410156 0.478125 0.408203 0.478516 0.407715 0.478516 0.401855 0.476562 0.399414 0.476172 0.399414 0.475781 0.398926
2 0.551172 0.916016 0.550781 0.916504 0.549219 0.916504 0.548828 0.916992 0.547656 0.916992 0.547266 0.91748 0.546875 0.91748 0.546484 0.917969 0.546094 0.917969 0.545312 0.918945 0.544531 0.918945 0.544141 0.919434 0.54375 0.919434 0.542969 0.92041 0.542188 0.92041 0.541016 0.921875 0.540625 0.921875 0.539453 0.92334 0.539453 0.923828 0.539062 0.924316 0.539062 0.924805 0.538672 0.925293 0.538672 0.925781 0.538281 0.92627 0.538281 0.928223 0.539453 0.929688 0.541016 0.929688 0.542578 0.927734 0.542578 0.927246 0.542969 0.926758 0.542969 0.92627 0.543359 0.925781 0.54375 0.925781 0.544141 0.925293 0.544531 0.925293 0.545312 0.924316 0.547266 0.924316 0.547656 0.923828 0.548438 0.923828 0.548828 0.92334 0.549219 0.92334 0.549609 0.922852 0.550781 0.922852 0.551172 0.922363 0.555078 0.922363 0.555469 0.922852 0.555859 0.922852 0.556641 0.923828 0.557813 0.923828 0.558984 0.925293 0.559375 0.925293 0.559766 0.925781 0.560156 0.925781 0.560937 0.926758 0.561719 0.926758 0.562109 0.927246 0.564063 0.927246 0.565234 0.925781 0.565234 0.92334 0.5625 0.919922 0.561719 0.919922 0.559766 0.91748 0.559375 0.91748 0.558594 0.916504 0.558203 0.916504 0.557813 0.916016
1 0.858203 0.857422 0.855078 0.861328 0.855078 0.862305 0.854688 0.862793 0.854688 0.871094 0.855469 0.87207 0.855469 0.873535 0.85625 0.874512 0.85625 0.875488 0.857422 0.876953 0.857812 0.876953 0.858203 0.877441 0.858594 0.877441 0.859375 0.878418 0.859766 0.878418 0.860156 0.878906 0.861328 0.878906 0.861719 0.879395 0.864844 0.879395 0.865234 0.878906 0.867969 0.878906 0.86875 0.879883 0.869531 0.879883 0.870703 0.881348 0.871094 0.881348 0.875391 0.886719 0.875781 0.886719 0.876172 0.887207 0.876563 0.887207 0.876953 0.887695 0.877344 0.887695 0.877734 0.888184 0.878125 0.888184 0.878516 0.888672 0.878906 0.888672 0.879297 0.88916 0.879687 0.88916 0.880078 0.889648 0.880859 0.889648 0.88125 0.890137 0.882031 0.890137 0.882422 0.890625 0.884766 0.890625 0.885547 0.889648 0.885938 0.889648 0.886719 0.888672 0.887109 0.888672 0.888281 0.887207 0.888672 0.887207 0.889062 0.886719 0.889453 0.886719 0.890625 0.885254 0.890625 0.884766 0.891016 0.884277 0.891016 0.883789 0.891406 0.883301 0.891406 0.876953 0.891016 0.876465 0.891016 0.875977 0.889453 0.874023 0.889453 0.873535 0.887891 0.871582 0.887109 0.871582 0.886719 0.871094 0.886328 0.871094 0.885547 0.870117 0.885547 0.869629 0.884375 0.868164 0.883984 0.868164 0.882422 0.866211 0.882031 0.866211 0.881641 0.865723 0.88125 0.865723 0.880469 0.864746 0.880078 0.864746 0.878906 0.863281 0.878125 0.863281 0.876563 0.861328 0.875781 0.861328 0.874609 0.859863 0.874219 0.859863 0.873437 0.858887 0.871484 0.858887 0.871094 0.858398 0.870313 0.858398 0.869922 0.85791 0.869141 0.85791 0.86875 0.857422
2 0.627734 0.623047 0.627344 0.623535 0.626172 0.623535 0.625781 0.624023 0.625 0.624023 0.624609 0.624512 0.624219 0.624512 0.621875 0.627441 0.621875 0.62793 0.621484 0.628418 0.621484 0.636719 0.621875 0.637207 0.621875 0.638184 0.622266 0.638672 0.622266 0.639648 0.622656 0.640137 0.622656 0.640625 0.623047 0.641113 0.623047 0.64209 0.623437 0.642578 0.623437 0.643555 0.624219 0.644531 0.624219 0.645508 0.625391 0.646973 0.626953 0.646973 0.628516 0.64502 0.628516 0.641602 0.628906 0.641113 0.628906 0.640625 0.630078 0.63916 0.630078 0.638672 0.630469 0.638184 0.630469 0.637695 0.630859 0.637207 0.630859 0.635742 0.63125 0.635254 0.63125 0.626465 0.630859 0.625977 0.630859 0.624512 0.629687 0.623047
