1 0.262891 0.151514 0.26168 0.153369 0.261797 0.155664 0.263945 0.159619 0.266328 0.162012 0.269687 0.164844 0.274258 0.168018 0.277969 0.171338 0.280625 0.172998 0.283906 0.174365 0.289453 0.175293 0.292422 0.175879 0.293398 0.172119 0.292773 0.170313 0.291016 0.169873 0.289023 0.167529 0.286094 0.163037 0.283242 0.159082 0.279766 0.154346 0.276172 0.152588 0.271094 0.152197 0.267852 0.151416 0.265195 0.151221
1 0.319531 0.177246 0.31875 0.180176 0.31875 0.182617 0.319531 0.185547 0.321484 0.187988 0.322656 0.188477 0.325 0.190918 0.327852 0.191895 0.330117 0.192041 0.331641 0.192871 0.335391 0.192139 0.338281 0.189941 0.338672 0.187305 0.338164 0.18457 0.336914 0.182227 0.333945 0.179199 0.329766 0.177197 0.325742 0.175586 0.322656 0.175293
1 0.393437 0.222803 0.393789 0.221533 0.393711 0.220312 0.393437 0.219092 0.392422 0.218506 0.390625 0.218262 0.390234 0.218262 0.389844 0.217773 0.388633 0.217578 0.387734 0.217578 0.38668 0.217725 0.385195 0.218115 0.384141 0.218359 0.383008 0.218652 0.381992 0.219238 0.381133 0.219775 0.380469 0.220166 0.38 0.220557 0.379453 0.220605 0.37918 0.220947 0.378711 0.22124 0.377969 0.221631 0.377109 0.222363 0.376172 0.223291 0.375 0.225098 0.37418 0.225928 0.373672 0.226514 0.372969 0.227783 0.372852 0.228516 0.372383 0.228955 0.372266 0.229395 0.372148 0.230273 0.371992 0.230908 0.37168 0.231299 0.371758 0.231934 0.371523 0.232617 0.371406 0.233154 0.370859 0.234229 0.370312 0.234863 0.37043 0.236133 0.370547 0.237305 0.370312 0.23877 0.370664 0.2396 0.370781 0.240625 0.370703 0.241211 0.371367 0.241699 0.371602 0.241943 0.371875 0.242188 0.3725 0.243311 0.373047 0.243945 0.374141 0.244678 0.375273 0.246045 0.377031 0.246973 0.377695 0.245557 0.377344 0.244141 0.377734 0.243652 0.377656 0.241943 0.378867 0.24043 0.379688 0.239502 0.380273 0.238428 0.381953 0.236816 0.383437 0.235254 0.384492 0.233887 0.385703 0.23208 0.387461 0.230029 0.389062 0.227686 0.389688 0.226855 0.390625 0.225977 0.391172 0.225488 0.391797 0.224756 0.391914 0.224365 0.392188 0.223633 0.392578 0.223145
1 0.417969 0.172461 0.416641 0.172266 0.414062 0.174707 0.408594 0.174316 0.405469 0.17627 0.404687 0.17627 0.4 0.179199 0.395234 0.18418 0.391641 0.185156 0.390703 0.187695 0.390586 0.191064 0.392969 0.193848 0.395039 0.194727 0.397656 0.194727 0.400898 0.194092 0.403008 0.192676 0.405938 0.191016 0.409375 0.188721 0.413203 0.185742 0.416367 0.181738 0.416875 0.1771 0.418086 0.174951
1 0.404727 0.162988 0.404727 0.158984 0.403398 0.155859 0.400625 0.155762 0.397539 0.15835 0.394531 0.160156 0.391445 0.160938 0.387109 0.165039 0.383594 0.168945 0.382422 0.172852 0.38125 0.174316 0.380703 0.1771 0.38043 0.179541 0.380156 0.182324 0.380234 0.184473 0.380078 0.186035 0.381016 0.189453 0.382188 0.188867 0.38293 0.187744 0.383711 0.186133 0.385156 0.184814 0.388789 0.184521 0.393281 0.18252 0.397695 0.177832 0.400859 0.173584 0.403594 0.166406
1 0.34707 0.118506 0.346836 0.11626 0.345781 0.114648 0.344414 0.116211 0.343164 0.118896 0.340625 0.119873 0.338672 0.120117 0.336094 0.122559 0.333008 0.125146 0.330859 0.126953 0.32875 0.128857 0.327461 0.131494 0.326523 0.135059 0.325781 0.137793 0.325273 0.140576 0.324453 0.143359 0.324219 0.147949 0.325391 0.150879 0.326953 0.150879 0.328516 0.149414 0.330625 0.147168 0.331797 0.144824 0.33457 0.144238 0.337188 0.142773 0.338906 0.141064 0.34125 0.138672 0.343242 0.136133 0.344687 0.13335 0.34582 0.129541 0.346367 0.126074 0.346953 0.121094
1 0.368945 0.105029 0.366602 0.105225 0.363867 0.109717 0.361602 0.111914 0.357227 0.114746 0.354492 0.118994 0.351875 0.123535 0.346992 0.123193 0.346094 0.128906 0.348555 0.129639 0.351289 0.130518 0.354023 0.132471 0.357539 0.133398 0.360664 0.132422 0.363281 0.130127 0.365547 0.126709 0.366719 0.12373 0.368359 0.11499
1 0.370977 0.0887207 0.370117 0.0861816 0.368438 0.0858398 0.366328 0.0863281 0.364453 0.0869141 0.363086 0.0874023 0.360938 0.0878906 0.356953 0.0902344 0.353125 0.0927734 0.351953 0.0942383 0.349219 0.0961914 0.345703 0.100586 0.343359 0.106934 0.343359 0.108398 0.341328 0.111572 0.340938 0.1146 0.342695 0.116699 0.346602 0.112305 0.351797 0.111816 0.356172 0.10874 0.358984 0.105713 0.361836 0.102295 0.364844 0.0990234 0.367852 0.0957031 0.371094 0.092041
1 0.369141 0.0688477 0.368359 0.0698242 0.366797 0.0726074 0.365742 0.0760254 0.366523 0.0779785 0.36875 0.0768066 0.371094 0.0759277 0.372891 0.0775391 0.375703 0.0794922 0.379297 0.0825195 0.382227 0.0855957 0.385937 0.0869141 0.388984 0.0879883 0.391016 0.0878906 0.393437 0.0867676 0.393437 0.0838379 0.390703 0.0799316 0.388945 0.0773926 0.387773 0.0742188 0.386406 0.0700684 0.384961 0.0667969 0.382422 0.0644531 0.379492 0.063623 0.376172 0.0639648 0.373828 0.0649414 0.370312 0.0673828 0.369922 0.0681152
1 0.378125 0.0180664 0.378906 0.0195312 0.379297 0.0214844 0.380078 0.0229492 0.38125 0.0239258 0.382969 0.0260254 0.385039 0.0258301 0.385937 0.0244141 0.386328 0.0194824 0.389375 0.0187988 0.392227 0.0179199 0.394141 0.017627 0.396055 0.0163574 0.397891 0.0149414 0.400234 0.0134766 0.403008 0.0101074 0.405 0.00742187 0.405859 0.00439453 0.405469 0.00390625 0.405469 0 0.386367 0.000195313 0.384141 0.00268555 0.380078 0.00634766 0.378516 0.0102539 0.378516 0.0131836 0.378125 0.0136719
1 0.543711 0.303271 0.542305 0.300146 0.539336 0.300146 0.536836 0.300781 0.533555 0.301563 0.529453 0.302295 0.527852 0.303613 0.525 0.305176 0.52293 0.307422 0.520703 0.309521 0.518047 0.312988 0.516172 0.314648 0.514453 0.314453 0.512891 0.314941 0.511406 0.316357 0.512656 0.318457 0.515313 0.319238 0.517891 0.320605 0.520977 0.320898 0.523203 0.320801 0.526016 0.320215 0.52793 0.319727 0.53 0.318701 0.53207 0.316895 0.533984 0.314453 0.536406 0.312256 0.538008 0.309375 0.539375 0.306348 0.541328 0.304785
1 0.599922 0.318994 0.597617 0.316504 0.593281 0.31543 0.589687 0.31543 0.586484 0.316211 0.582852 0.317627 0.578398 0.320752 0.574648 0.324072 0.572187 0.327637 0.570195 0.328906 0.567617 0.329297 0.566172 0.330078 0.56625 0.333496 0.567344 0.334473 0.569922 0.334912 0.572383 0.335352 0.576211 0.335107 0.578477 0.334668 0.58 0.333887 0.581758 0.332617 0.583867 0.331494 0.586953 0.329932 0.589922 0.327832 0.592578 0.326074 0.595195 0.324268 0.598437 0.324707 0.599609 0.322754
1 0.563945 0.248779 0.561211 0.248438 0.559648 0.249023 0.557813 0.249756 0.555391 0.25 0.552734 0.249512 0.548828 0.250488 0.546094 0.251953 0.542578 0.255371 0.540234 0.258301 0.538672 0.262207 0.538672 0.271973 0.539844 0.274902 0.541406 0.275879 0.544141 0.274805 0.547266 0.271826 0.55 0.267578 0.554883 0.263672 0.558125 0.260645 0.560937 0.258057 0.563281 0.255029 0.564141 0.251953
1 0.6425 0.276709 0.643359 0.280273 0.645781 0.284033 0.649453 0.288916 0.653477 0.294238 0.657344 0.298193 0.663125 0.301416 0.667812 0.304883 0.670703 0.303711 0.672734 0.300391 0.67207 0.297656 0.669297 0.293506 0.667578 0.289697 0.664922 0.284912 0.661445 0.280566 0.656914 0.276855 0.653516 0.275879 0.651055 0.275928 0.646992 0.273682 0.644336 0.272998 0.642031 0.273291
1 0.624805 0.288818 0.625 0.292139 0.627266 0.294824 0.630078 0.296875 0.632227 0.299902 0.634883 0.301758 0.637969 0.304199 0.64168 0.305078 0.644727 0.305566 0.647344 0.305811 0.650195 0.305908 0.652422 0.306543 0.655352 0.307275 0.657617 0.30918 0.659687 0.309912 0.660625 0.307959 0.660234 0.305664 0.658867 0.303223 0.656211 0.301514 0.653906 0.298828 0.650977 0.295264 0.646094 0.29248 0.642188 0.291992 0.639844 0.290039 0.635156 0.290039 0.634766 0.289551 0.63125 0.289062 0.630859 0.288574 0.628242 0.287109 0.626367 0.286768
1 0.646094 0.338037 0.644922 0.336914 0.642656 0.335352 0.639922 0.334375 0.637109 0.335205 0.633008 0.336035 0.629687 0.336914 0.625391 0.343018 0.623047 0.343262 0.619141 0.342285 0.61875 0.343994 0.620703 0.34585 0.623633 0.348145 0.626953 0.351807 0.630469 0.351709 0.635078 0.348877 0.639258 0.344238 0.6425 0.342285 0.645312 0.341309 0.646172 0.340088
1 0.660937 0.345215 0.658594 0.347168 0.658008 0.350391 0.657305 0.354297 0.657148 0.358154 0.656367 0.360498 0.65625 0.367432 0.656367 0.375 0.657734 0.378564 0.659766 0.381836 0.661445 0.382812 0.662695 0.380859 0.664922 0.378906 0.66582 0.376807 0.666602 0.374268 0.667188 0.37168 0.667578 0.367041 0.666602 0.363623 0.66543 0.359229 0.664258 0.356055 0.663672 0.350098 0.663281 0.347656 0.662109 0.345215
1 0.662773 0.326709 0.660742 0.327197 0.660156 0.330811 0.658594 0.33374 0.656133 0.33667 0.653594 0.338428 0.651563 0.343066 0.650469 0.348291 0.649219 0.354004 0.649219 0.356934 0.64918 0.359717 0.648906 0.364355 0.648555 0.367627 0.649219 0.369141 0.649609 0.370117 0.650781 0.371094 0.653438 0.37041 0.654531 0.368066 0.655469 0.365723 0.656641 0.362305 0.65625 0.356934 0.657031 0.354492 0.657031 0.352539 0.658984 0.347656 0.660742 0.341455 0.661719 0.338525 0.663164 0.334131 0.662969 0.329834
1 0.677344 0.315723 0.674805 0.316211 0.672578 0.316992 0.671367 0.319678 0.669219 0.323828 0.667617 0.326514 0.666211 0.330127 0.665469 0.333301 0.664727 0.3375 0.664492 0.341602 0.665469 0.347705 0.666445 0.350098 0.66832 0.355029 0.669297 0.35835 0.671602 0.358203 0.671484 0.354004 0.671602 0.34917 0.673398 0.346191 0.674844 0.343115 0.676055 0.33999 0.676836 0.334668 0.677031 0.330664 0.677656 0.327832 0.678086 0.325146 0.679063 0.322754 0.679922 0.321143 0.680039 0.317725 0.678867 0.315967
1 0.727266 0.312012 0.724727 0.310303 0.719609 0.314795 0.713828 0.319971 0.710273 0.324023 0.707383 0.328564 0.705898 0.333105 0.703437 0.337402 0.701406 0.339258 0.700703 0.342236 0.706484 0.343408 0.709453 0.340674 0.713516 0.337988 0.715977 0.337207 0.719141 0.334961 0.72125 0.33252 0.722617 0.33042 0.723828 0.328613 0.727344 0.32373 0.730352 0.315576
1 0.72707 0.324463 0.724219 0.328125 0.721602 0.332227 0.721172 0.334229 0.720859 0.338428 0.72125 0.343018 0.722773 0.34624 0.724336 0.348633 0.727422 0.350732 0.730859 0.353271 0.734258 0.354102 0.736289 0.347559 0.732227 0.343506 0.7325 0.340723 0.732852 0.33623 0.731992 0.332373 0.730039 0.32832 0.728398 0.326758
1 0.499453 0.0375977 0.495039 0.034668 0.488359 0.034668 0.484063 0.036084 0.479961 0.0404297 0.47707 0.0453125 0.475234 0.0489258 0.473672 0.0518066 0.473281 0.0546387 0.473867 0.0574219 0.475391 0.0581543 0.476797 0.0580566 0.478047 0.0572754 0.47875 0.05625 0.480391 0.055957 0.482148 0.0552246 0.483672 0.0545898 0.485391 0.0529297 0.487812 0.0510254 0.490234 0.0493164 0.493867 0.0487305 0.496914 0.0483398 0.499727 0.0468262 0.502344 0.0449219 0.503398 0.041748
1 0.521641 0.0147461 0.522461 0.0128906 0.521484 0.0109375 0.519648 0.0101074 0.51707 0.0108887 0.514922 0.0112305 0.512227 0.0123535 0.508867 0.0137207 0.506289 0.0157227 0.503984 0.0183594 0.501836 0.0223145 0.498789 0.0255859 0.495937 0.0304199 0.495234 0.0333496 0.496016 0.0352051 0.498281 0.0362305 0.500586 0.0362305 0.503437 0.0354492 0.508203 0.03125 0.510938 0.0288574 0.51293 0.0265625 0.514375 0.0245605 0.515742 0.0226074 0.517617 0.0202148 0.519141 0.0185547
1 0.501211 0.109912 0.500469 0.1125 0.500703 0.116064 0.502227 0.116895 0.50543 0.116992 0.507539 0.118311 0.509648 0.120703 0.51207 0.123047 0.514453 0.124219 0.517227 0.125049 0.52 0.125684 0.523047 0.125977 0.524375 0.125781 0.525391 0.125488 0.527187 0.124512 0.528555 0.123193 0.529727 0.121777 0.53207 0.118994 0.532227 0.116943 0.531289 0.115576 0.528516 0.115625 0.526523 0.115234 0.524727 0.113525 0.522109 0.111523 0.52 0.109863 0.517578 0.109131 0.515977 0.108594 0.514062 0.108887 0.510117 0.108789 0.506836 0.108301 0.503477 0.108545
1 0.564102 0.0465332 0.562812 0.0473633 0.562148 0.051416 0.5625 0.0546875 0.561719 0.0571289 0.561719 0.0615234 0.560937 0.0639648 0.560937 0.0737305 0.561719 0.0756836 0.562695 0.0794922 0.564141 0.082959 0.565391 0.0853516 0.567578 0.0870605 0.570352 0.088916 0.572148 0.0904297 0.574648 0.092627 0.575937 0.0891602 0.574219 0.0869141 0.572539 0.0849609 0.573008 0.0820312 0.573477 0.0793945 0.573633 0.0762207 0.573711 0.0728516 0.573359 0.0699219 0.572578 0.0678711 0.571758 0.0660156 0.570859 0.0629883 0.569648 0.060791 0.568984 0.058252 0.568516 0.0554199 0.568047 0.0521484 0.567383 0.0490234 0.566211 0.0466797
1 0.545664 0.0928223 0.544922 0.0952637 0.544922 0.098291 0.546328 0.0995605 0.550039 0.100293 0.555117 0.102002 0.558477 0.102539 0.561953 0.102783 0.565508 0.102246 0.568164 0.100537 0.572109 0.100098 0.57418 0.0992676 0.573867 0.0975098 0.569805 0.0958984 0.567695 0.0946777 0.566016 0.0922852 0.560937 0.0878906 0.557617 0.0868652 0.554883 0.0868164 0.552344 0.0878906 0.55 0.0888672 0.547656 0.0908203
1 0.582031 0.00913086 0.580586 0.00673828 0.576914 0.00639648 0.573984 0.00795898 0.569063 0.00805664 0.56543 0.009375 0.562461 0.0107422 0.56 0.0128418 0.558203 0.0146484 0.554297 0.0166016 0.551953 0.0170898 0.547031 0.0219727 0.547383 0.0246582 0.548789 0.0271484 0.551641 0.0297363 0.555078 0.0288086 0.558125 0.0276367 0.560859 0.0273438 0.562969 0.0262207 0.564961 0.0251953 0.567852 0.0242676 0.570391 0.023291 0.572461 0.0205078 0.575234 0.0168945 0.577109 0.0144531 0.578242 0.0118164
1 0.569531 0 0.550781 0 0.550781 0.000976562 0.546875 0.00488281 0.546094 0.00732422 0.544141 0.00976562 0.54375 0.0112305 0.541719 0.0134277 0.53832 0.0160156 0.537109 0.0182129 0.539219 0.020752 0.541602 0.0224609 0.544531 0.0212402 0.547578 0.0194336 0.549375 0.0187012 0.551289 0.0174316 0.55293 0.0166992 0.554844 0.0162109 0.556289 0.0154297 0.558281 0.0145996 0.559844 0.0128906 0.562344 0.0106934 0.564531 0.00957031 0.568086 0.00839844 0.572031 0.00712891 0.571992 0.00532227 0.570937 0.00229492
1 0.575781 0.10791 0.573984 0.106396 0.571992 0.106787 0.570547 0.109277 0.57 0.113867 0.568438 0.118311 0.566523 0.122168 0.564922 0.127002 0.563555 0.130273 0.562891 0.134766 0.562891 0.13916 0.562695 0.143164 0.562891 0.145996 0.564063 0.147949 0.56543 0.148486 0.566406 0.147461 0.568828 0.144189 0.571797 0.141357 0.573633 0.138037 0.575742 0.135205 0.5775 0.130811 0.577734 0.127441 0.577734 0.124023 0.578125 0.119922 0.578125 0.115723 0.576953 0.111816 0.576953 0.110352
1 0.556797 0.154346 0.557305 0.158398 0.561445 0.160352 0.563633 0.162549 0.566563 0.164502 0.568477 0.164697 0.572461 0.164697 0.577266 0.1646 0.579727 0.163086 0.582344 0.162109 0.584609 0.162305 0.588359 0.162842 0.590234 0.161133 0.589102 0.159229 0.586094 0.156396 0.583125 0.153516 0.580547 0.151807 0.576758 0.151367 0.571719 0.152344 0.567578 0.152441 0.564531 0.152344 0.560937 0.152539 0.558945 0.153125
1 0.5775 0.134131 0.576719 0.137012 0.577695 0.139014 0.579727 0.140479 0.581836 0.141846 0.584102 0.142285 0.586445 0.142432 0.589141 0.142773 0.591523 0.143164 0.593008 0.143994 0.595117 0.143799 0.597148 0.143994 0.600391 0.143115 0.604336 0.141309 0.608164 0.140283 0.606953 0.136279 0.600781 0.134863 0.598672 0.133691 0.59582 0.131836 0.593594 0.130371 0.591641 0.129736 0.590234 0.129395 0.588906 0.12915 0.587344 0.129248 0.58625 0.129248 0.584141 0.12959 0.582734 0.129834 0.580547 0.130811 0.578437 0.132178
1 0.587539 0.142969 0.585664 0.142969 0.585586 0.145215 0.587148 0.148926 0.588633 0.1521 0.59 0.156787 0.59082 0.160205 0.591953 0.163232 0.592969 0.165039 0.59375 0.16748 0.595078 0.170703 0.596367 0.173779 0.596758 0.177246 0.597266 0.181152 0.598984 0.185791 0.601328 0.188574 0.604961 0.189355 0.60582 0.183936 0.604375 0.182227 0.605195 0.175049 0.605 0.169385 0.604688 0.166406 0.603984 0.161426 0.601562 0.157227 0.599219 0.153516 0.596875 0.150586 0.594492 0.148047 0.592969 0.145996 0.592461 0.144727 0.591914 0.143848 0.589883 0.143359
1 0.626367 0.164404 0.624062 0.163281 0.621953 0.164795 0.617969 0.16499 0.615078 0.165771 0.611836 0.169189 0.609414 0.172949 0.607773 0.177393 0.606953 0.181348 0.605898 0.183789 0.605078 0.1875 0.605234 0.190283 0.608477 0.192139 0.613516 0.187939 0.61707 0.1854 0.619648 0.182178 0.621953 0.178027 0.623633 0.175098 0.624727 0.172705 0.62582 0.16875 0.627227 0.166406
1 0.627188 0.192383 0.624688 0.19165 0.622266 0.192383 0.620664 0.192725 0.61875 0.192871 0.615625 0.194824 0.61082 0.197998 0.608008 0.201563 0.605469 0.205225 0.603906 0.207959 0.602578 0.211035 0.602344 0.214355 0.602734 0.215332 0.604414 0.218359 0.606563 0.217822 0.609766 0.215332 0.613906 0.211328 0.617734 0.208154 0.621641 0.205469 0.62418 0.203613 0.627578 0.200146 0.628594 0.196973
1 0.621641 0.0873047 0.619766 0.0878418 0.618984 0.0903809 0.61957 0.0926758 0.620977 0.095166 0.623203 0.0999023 0.623945 0.10376 0.628125 0.107568 0.631875 0.110156 0.634531 0.113037 0.636094 0.115771 0.638281 0.114746 0.640313 0.114209 0.639219 0.110986 0.63832 0.108252 0.638086 0.103271 0.6375 0.0986328 0.635977 0.0963379 0.634375 0.09375 0.632031 0.0908203 0.628125 0.0883789 0.626563 0.0883789 0.626172 0.0878906 0.623828 0.0875977
1 0.650508 0.138574 0.652734 0.142578 0.654297 0.146484 0.655859 0.148926 0.657578 0.150439 0.65957 0.152979 0.664453 0.156396 0.669414 0.159619 0.673594 0.162842 0.676992 0.164551 0.680078 0.161719 0.678906 0.158203 0.676953 0.154004 0.67457 0.150146 0.671836 0.145703 0.666914 0.141602 0.661914 0.138818 0.656953 0.138965 0.653047 0.135498 0.651016 0.134863
2 0.670078 0.130225 0.668516 0.131982 0.66832 0.134814 0.669258 0.137354 0.671523 0.140771 0.673438 0.146338 0.67625 0.15127 0.678398 0.152441 0.680469 0.151367 0.681094 0.149365 0.681484 0.147168 0.681016 0.143457 0.679922 0.140283 0.678438 0.136963 0.676289 0.133398 0.674609 0.131348 0.672305 0.129541
1 0.687422 0.0205566 0.685469 0.0223633 0.685156 0.0253906 0.685156 0.034668 0.685078 0.0371094 0.685078 0.0395996 0.685898 0.0458008 0.686055 0.0484863 0.687578 0.0506348 0.691133 0.0539063 0.69168 0.0599121 0.694453 0.0583008 0.695547 0.0553223 0.696602 0.0526855 0.697266 0.0505859 0.697422 0.0483398 0.697461 0.0446777 0.69707 0.0405273 0.696641 0.0379883 0.695703 0.0356445 0.694336 0.0330078 0.692891 0.029541 0.691758 0.0264648 0.690586 0.0236816 0.689453 0.0214844
1 0.683633 0.179102 0.685039 0.18252 0.685547 0.185791 0.686406 0.188721 0.687617 0.191113 0.689844 0.192383 0.692969 0.193848 0.694922 0.193848 0.697109 0.193408 0.698945 0.19248 0.701719 0.191797 0.703906 0.190186 0.705078 0.187061 0.703867 0.184814 0.702344 0.182617 0.701172 0.180664 0.7 0.180176 0.697734 0.179248 0.694922 0.178125 0.692305 0.176465 0.689531 0.174854 0.6875 0.17334 0.684453 0.172559 0.682734 0.176807
1 0.681484 0.19043 0.679922 0.190479 0.67875 0.190771 0.678125 0.191943 0.678359 0.193701 0.678828 0.195166 0.678828 0.198535 0.679141 0.203271 0.680078 0.209277 0.682344 0.212549 0.684883 0.215088 0.690625 0.221631 0.694102 0.221533 0.694805 0.218066 0.695195 0.215625 0.694766 0.2125 0.694453 0.209033 0.693711 0.205811 0.691953 0.203027 0.690273 0.199219 0.687852 0.19624 0.68418 0.191699
1 0.842578 0.332715 0.841914 0.344482 0.841445 0.356689 0.842812 0.364209 0.846523 0.372998 0.849102 0.37915 0.853125 0.379932 0.855195 0.376855 0.855039 0.364502 0.854375 0.354883 0.851953 0.347217 0.848711 0.340137 0.845586 0.334424
1 0.695898 0.248584 0.694727 0.251953 0.694531 0.255371 0.695117 0.259131 0.695117 0.26377 0.69582 0.266064 0.696992 0.269141 0.698086 0.271729 0.699805 0.274707 0.703672 0.277734 0.707695 0.279492 0.711016 0.280127 0.714063 0.281006 0.717969 0.282129 0.718828 0.279102 0.718398 0.277002 0.715078 0.273193 0.712148 0.268213 0.707773 0.264014 0.705273 0.261377 0.702578 0.258008 0.699961 0.253662 0.698438 0.248438
1 0.720313 0.225586 0.716406 0.225098 0.712891 0.227051 0.711328 0.229004 0.710547 0.231445 0.707812 0.23584 0.705859 0.240723 0.705469 0.244141 0.705273 0.245801 0.705078 0.247705 0.70543 0.249414 0.70543 0.251709 0.705273 0.255566 0.704297 0.25957 0.705664 0.261914 0.706641 0.261035 0.707617 0.257617 0.708789 0.254834 0.709766 0.252441 0.710938 0.250977 0.712891 0.250488 0.714258 0.2479 0.716602 0.244238 0.717969 0.240723 0.71875 0.23877 0.71875 0.237305 0.719531 0.235352 0.720859 0.233105 0.721484 0.231445 0.722305 0.229883 0.722227 0.227588
1 0.715234 0.252783 0.713594 0.253125 0.712148 0.254639 0.710742 0.255908 0.71 0.257764 0.710703 0.259473 0.711836 0.26123 0.713125 0.264404 0.715 0.269287 0.715156 0.272998 0.718008 0.276318 0.720273 0.275977 0.722461 0.27417 0.723789 0.272021 0.725391 0.269043 0.725 0.263184 0.723008 0.258447 0.720859 0.255811 0.717812 0.253271
1 0.768008 0.367285 0.766133 0.366016 0.763711 0.366455 0.762695 0.367432 0.76293 0.371826 0.7625 0.384424 0.763086 0.392969 0.764609 0.397119 0.765898 0.399658 0.768008 0.402783 0.770469 0.405811 0.772422 0.408496 0.774219 0.410156 0.775312 0.412598 0.778125 0.412744 0.777617 0.409375 0.776289 0.406201 0.776172 0.403271 0.776484 0.398926 0.775391 0.394189 0.774805 0.390234 0.773945 0.386963 0.773281 0.382959 0.771992 0.378955 0.770547 0.374756 0.768867 0.370166
1 0.773906 0.369238 0.771289 0.37085 0.771523 0.375928 0.774219 0.390625 0.776758 0.399365 0.777305 0.408398 0.782813 0.402344 0.783984 0.397949 0.78625 0.388721 0.784375 0.382715 0.779453 0.375781 0.776172 0.371582
1 0.757539 0.354004 0.757031 0.358447 0.763906 0.358984 0.768164 0.360693 0.772695 0.361719 0.776641 0.362109 0.782422 0.36167 0.786523 0.362646 0.78918 0.363281 0.791445 0.361621 0.792578 0.358789 0.79168 0.355371 0.790156 0.354395 0.788008 0.353711 0.786719 0.352539 0.785195 0.35166 0.783867 0.351172 0.781992 0.350146 0.778672 0.349805 0.773516 0.349658 0.769062 0.349805 0.766406 0.350879 0.764687 0.351855 0.761445 0.353906
1 0.754687 0.34082 0.754687 0.342285 0.757344 0.343115 0.759961 0.344336 0.762188 0.345264 0.765078 0.346143 0.767109 0.34751 0.775703 0.347754 0.779844 0.347412 0.783477 0.346777 0.787109 0.34668 0.788672 0.346484 0.790078 0.34502 0.790195 0.342529 0.789258 0.34043 0.787891 0.339355 0.786719 0.337891 0.784531 0.336572 0.781094 0.334424 0.773477 0.333008 0.766797 0.333496 0.763672 0.335449 0.762109 0.335449 0.761719 0.335938 0.758828 0.337598 0.756563 0.33877
1 0.794453 0.294727 0.792031 0.296826 0.792031 0.298926 0.792031 0.302441 0.79375 0.307129 0.794531 0.30957 0.794531 0.313477 0.795664 0.319873 0.796953 0.323145 0.798086 0.327246 0.800469 0.331055 0.802344 0.333545 0.804727 0.336182 0.808164 0.337207 0.810625 0.336084 0.810703 0.333789 0.808789 0.332275 0.807695 0.330615 0.807891 0.326611 0.807969 0.324756 0.808594 0.322266 0.808398 0.320361 0.808203 0.318359 0.808203 0.31543 0.80625 0.310547 0.805469 0.306641 0.803516 0.302734 0.799922 0.297412 0.797187 0.294824
1 0.925742 0.382666 0.925664 0.380859 0.923867 0.380713 0.921562 0.381982 0.919492 0.382373 0.916016 0.382764 0.912891 0.383301 0.910898 0.383936 0.908906 0.384619 0.907031 0.385742 0.905078 0.387744 0.90332 0.390332 0.902422 0.392578 0.901211 0.396387 0.900508 0.399756 0.900156 0.401758 0.899687 0.403711 0.89793 0.40498 0.897109 0.406934 0.897695 0.40918 0.899219 0.410645 0.900781 0.411621 0.901953 0.411133 0.903789 0.410205 0.905078 0.408447 0.907656 0.405176 0.910703 0.402539 0.913633 0.39873 0.919375 0.39165 0.924805 0.383936
1 0.945547 0.387549 0.943516 0.386084 0.941797 0.384375 0.93957 0.386426 0.936953 0.390039 0.935156 0.393555 0.934062 0.396875 0.93207 0.401709 0.931172 0.411572 0.931602 0.414844 0.932266 0.419971 0.930273 0.425537 0.930859 0.428711 0.932422 0.429541 0.933984 0.429004 0.934805 0.426709 0.936875 0.423291 0.939453 0.420459 0.94168 0.417383 0.942695 0.414551 0.943633 0.412109 0.944258 0.409619 0.945312 0.405615 0.945742 0.403174 0.946406 0.39873 0.945703 0.39458 0.946094 0.390137
1 0.992656 0.439258 0.991484 0.436816 0.989844 0.436377 0.98832 0.437109 0.98875 0.439746 0.99125 0.44502 0.991328 0.449512 0.991016 0.453516 0.990742 0.45752 0.990898 0.460889 0.991523 0.464648 0.992773 0.468457 0.99418 0.471582 0.994922 0.475635 0.997266 0.481445 0.998047 0.481934 1 0.481934 0.999883 0.449072 0.998047 0.445312 0.995703 0.441895 0.994141 0.440918
1 0.987617 0.405078 0.985117 0.404053 0.981914 0.405322 0.979766 0.407129 0.978242 0.409668 0.976914 0.411768 0.976523 0.413379 0.976094 0.416211 0.976289 0.419141 0.976133 0.421924 0.976602 0.426758 0.976562 0.432129 0.978125 0.434082 0.980859 0.434082 0.982187 0.431689 0.982852 0.42793 0.984141 0.423584 0.985938 0.418848 0.987813 0.416309 0.988867 0.413184 0.988711 0.408984
1 0.926094 0.331885 0.923828 0.329541 0.92 0.328955 0.915625 0.328711 0.909102 0.329346 0.903867 0.330859 0.900742 0.332764 0.899258 0.335742 0.899844 0.338525 0.903789 0.338916 0.906523 0.341504 0.90918 0.342773 0.911797 0.343018 0.915352 0.343018 0.918359 0.342773 0.922422 0.341162 0.925703 0.33877 0.926406 0.335254
1 0.899219 0.275391 0.897656 0.274414 0.891836 0.275293 0.88207 0.278906 0.873906 0.281152 0.871797 0.282227 0.869414 0.285791 0.866758 0.288477 0.864258 0.289062 0.862852 0.290332 0.863125 0.293018 0.864219 0.293848 0.86625 0.293701 0.868633 0.293359 0.87125 0.293457 0.874648 0.293945 0.878828 0.293848 0.881797 0.293018 0.884922 0.291797 0.888711 0.289893 0.891094 0.288232 0.8925 0.286279 0.894727 0.284033 0.897969 0.281787 0.899609 0.279785 0.899609 0.276855
1 0.945859 0.26665 0.94668 0.268848 0.947539 0.271289 0.945312 0.272461 0.943359 0.273438 0.939531 0.272705 0.935781 0.271191 0.929766 0.272461 0.925859 0.272363 0.922305 0.272705 0.918867 0.272021 0.916172 0.271338 0.913594 0.271387 0.91043 0.270703 0.909531 0.267627 0.911562 0.265479 0.913281 0.263672 0.914844 0.261719 0.917969 0.259277 0.922266 0.257812 0.923438 0.256836 0.928125 0.254883 0.931133 0.25415 0.936211 0.254053 0.940352 0.25498 0.944141 0.25625 0.94707 0.258691 0.947422 0.260693 0.947227 0.262451 0.946602 0.264111
1 0.764883 0.255859 0.763008 0.255566 0.762305 0.257129 0.762539 0.259912 0.764258 0.262109 0.766172 0.266357 0.768125 0.269775 0.771133 0.274365 0.774727 0.278418 0.776016 0.280762 0.776641 0.283887 0.779414 0.285205 0.780977 0.282861 0.784687 0.278125 0.785 0.274023 0.782305 0.269092 0.780078 0.265918 0.777461 0.263281 0.774922 0.260352 0.772383 0.258203 0.768242 0.257129
1 0.813984 0.250586 0.814063 0.247656 0.812734 0.245654 0.809219 0.244531 0.803516 0.244775 0.797266 0.244629 0.795312 0.244629 0.79375 0.245605 0.792188 0.245605 0.789844 0.246582 0.785937 0.25 0.785156 0.25 0.783242 0.252197 0.781133 0.254443 0.779414 0.256396 0.777227 0.25752 0.775703 0.258643 0.775273 0.260352 0.776445 0.261475 0.779102 0.261084 0.783633 0.260596 0.787344 0.260986 0.790078 0.260889 0.791406 0.260596 0.793008 0.260498 0.794844 0.26001 0.797852 0.257764 0.801758 0.254932 0.805547 0.252637 0.809336 0.252051 0.812383 0.25166
1 0.799414 0.197803 0.798203 0.195996 0.796016 0.195801 0.791797 0.198096 0.787461 0.199609 0.785547 0.198633 0.783984 0.197754 0.782422 0.197754 0.780469 0.199219 0.779687 0.199219 0.777734 0.20166 0.776953 0.203613 0.776953 0.206543 0.777891 0.207617 0.778984 0.208838 0.781875 0.209912 0.78457 0.211182 0.787539 0.211475 0.791016 0.211572 0.794961 0.210205 0.797617 0.207422 0.799492 0.204297 0.799844 0.200635
1 0.810156 0.143066 0.808594 0.145996 0.808203 0.148926 0.80957 0.151221 0.809727 0.154297 0.808789 0.157373 0.808359 0.161182 0.808516 0.165967 0.809414 0.171875 0.811562 0.177979 0.812656 0.183105 0.815625 0.187012 0.819141 0.187012 0.820703 0.185547 0.821875 0.182617 0.821406 0.180371 0.822148 0.175342 0.822656 0.172266 0.822266 0.166504 0.82168 0.162891 0.820859 0.160107 0.819883 0.156543 0.819023 0.152832 0.817461 0.148535 0.815742 0.145313 0.814063 0.143066
1 0.903711 0.23335 0.900781 0.231104 0.898047 0.230518 0.893906 0.231055 0.889609 0.233008 0.885938 0.234619 0.883359 0.23667 0.88125 0.238281 0.878125 0.240234 0.876563 0.242676 0.876055 0.246875 0.877969 0.248486 0.88418 0.248438 0.891211 0.246387 0.897227 0.243555 0.901367 0.242236 0.907734 0.239111 0.909805 0.237061
1 0.924219 0.207031 0.925391 0.208984 0.925391 0.213867 0.924219 0.217773 0.922266 0.22168 0.919336 0.229443 0.912891 0.239258 0.910117 0.241699 0.907578 0.244824 0.905781 0.244385 0.904805 0.243652 0.904023 0.241992 0.90543 0.235596 0.906484 0.232764 0.906563 0.227539 0.907891 0.222998 0.911016 0.218457 0.913672 0.214355 0.915586 0.211865 0.918398 0.208984 0.920312 0.207031 0.922344 0.20625
1 0.869141 0.196777 0.869141 0.201172 0.870703 0.20459 0.873555 0.205127 0.876367 0.206982 0.878438 0.207715 0.880117 0.208203 0.881641 0.208301 0.883164 0.208936 0.885156 0.209424 0.887266 0.20957 0.890273 0.208789 0.893086 0.208398 0.896172 0.208789 0.898164 0.211133 0.90125 0.211426 0.902773 0.209668 0.902266 0.207275 0.901055 0.205176 0.899883 0.200684 0.898164 0.197607 0.895781 0.19585 0.892305 0.194775 0.888086 0.19375 0.88457 0.193506 0.87668 0.194043 0.870703 0.194824
1 0.869141 0.15625 0.867578 0.157227 0.866406 0.161084 0.866914 0.164355 0.866836 0.168604 0.866328 0.172119 0.865508 0.174902 0.865039 0.177832 0.865703 0.18042 0.86832 0.18252 0.870898 0.18335 0.874453 0.185303 0.878516 0.185986 0.880391 0.182568 0.879531 0.17915 0.878555 0.177002 0.877578 0.174561 0.878203 0.170947 0.878008 0.16499 0.875703 0.161621 0.873984 0.15957 0.873437 0.156738 0.871133 0.155518
1 0.967578 0.126953 0.966797 0.125977 0.965234 0.125977 0.961602 0.126367 0.957109 0.126221 0.954297 0.125977 0.951484 0.126611 0.948672 0.126953 0.945664 0.128857 0.942852 0.131201 0.939727 0.133789 0.9375 0.136475 0.937109 0.140137 0.938281 0.142578 0.939844 0.143555 0.94375 0.144043 0.947266 0.143896 0.951562 0.144043 0.957031 0.141602 0.959961 0.138721 0.96375 0.13623 0.965781 0.134277 0.96707 0.13125
1 1 0.102051 0.998047 0.102051 0.994141 0.104492 0.992578 0.106445 0.991797 0.108398 0.989844 0.110352 0.986719 0.118164 0.986719 0.119629 0.986328 0.120117 0.986328 0.126465 0.986719 0.126953 0.987109 0.129883 0.988281 0.131836 0.989453 0.135742 0.992578 0.138184 0.994922 0.138184 0.995313 0.136719 0.996094 0.135742 0.996484 0.134277 0.996484 0.132812 0.996094 0.132324 0.996094 0.128418 0.996484 0.12793 0.996484 0.126465 0.997266 0.123535 0.998828 0.121582 1 0.121582
1 0.924297 0.0454102 0.921719 0.0437988 0.918945 0.04375 0.915508 0.0439941 0.91168 0.0445801 0.908281 0.0464355 0.905117 0.0494629 0.901367 0.0543945 0.898789 0.0595703 0.895742 0.0625488 0.894023 0.0656738 0.894023 0.0688477 0.896484 0.069043 0.898828 0.0683594 0.903281 0.0666992 0.908555 0.0662109 0.91625 0.0591309 0.918633 0.0554199 0.921484 0.0520996 0.923438 0.0493164
1 0.842148 0.0178223 0.840586 0.0196289 0.840586 0.0222656 0.841172 0.0246582 0.842773 0.0277832 0.844531 0.0310059 0.84582 0.0357422 0.848047 0.0405273 0.848437 0.0419922 0.852734 0.0473633 0.855859 0.0498047 0.85957 0.0511719 0.863477 0.0496582 0.865781 0.0479492 0.866172 0.045166 0.864336 0.0439453 0.862148 0.0438965 0.861797 0.0408203 0.861094 0.0366211 0.859375 0.0322266 0.857031 0.0273438 0.854297 0.0239258 0.852344 0.0224609 0.849219 0.019043 0.846172 0.0175781 0.84375 0.0175781
1 0.884375 0.0258789 0.883203 0.0273438 0.882812 0.0288086 0.883984 0.0332031 0.883984 0.0361328 0.884375 0.0375977 0.886328 0.0400391 0.887891 0.0444336 0.889453 0.0463867 0.891367 0.0481934 0.893164 0.0505859 0.89457 0.0518555 0.896133 0.0536621 0.897891 0.0558105 0.9 0.056543 0.902305 0.052832 0.901992 0.0497559 0.901172 0.0473633 0.900781 0.0419922 0.897656 0.0322266 0.896094 0.0307617 0.892188 0.0253906 0.891016 0.0249023 0.886719 0.0249023
1 0.907422 0 0.892969 0 0.892969 0.000976562 0.891406 0.00292969 0.889844 0.00390625 0.8875 0.00683594 0.885156 0.00830078 0.883203 0.0107422 0.882031 0.0131836 0.878516 0.0175781 0.877344 0.0209961 0.877344 0.0253906 0.879297 0.0268555 0.882031 0.0268555 0.884766 0.0244141 0.888945 0.0208984 0.892461 0.0207031 0.896094 0.0224609 0.901172 0.0200195 0.902344 0.0185547 0.903906 0.0175781 0.907031 0.00976562 0.907031 0.00878906 0.908203 0.00634766 0.908203 0.00390625 0.907422 0.00195312
1 0.109766 0.270996 0.108203 0.269531 0.0925781 0.268066 0.0878906 0.268555 0.0835937 0.27002 0.0753906 0.275391 0.0724609 0.277197 0.0708984 0.280518 0.0820312 0.283203 0.0910156 0.284668 0.0945312 0.28418 0.107422 0.276367 0.108984 0.274414
0 0.546445 0.785107 0.547266 0.785986 0.547813 0.787158 0.547578 0.788281 0.546914 0.789111 0.545859 0.789648 0.544727 0.789746 0.543555 0.789746 0.542383 0.789893 0.540937 0.789893 0.540273 0.789941 0.539922 0.790039 0.539297 0.789941 0.538906 0.790088 0.538203 0.790137 0.537266 0.790137 0.536328 0.790234 0.534883 0.790381 0.533789 0.790479 0.532539 0.790967 0.531094 0.790967 0.529805 0.79126 0.528516 0.791406 0.527109 0.791455 0.525234 0.79165 0.523711 0.79165 0.521836 0.791943 0.520586 0.791943 0.519414 0.791797 0.517852 0.79209 0.516406 0.79248 0.514883 0.792383 0.513398 0.792432 0.511992 0.792188 0.510508 0.791748 0.510156 0.790283 0.510625 0.788916 0.511641 0.787842 0.513203 0.787744 0.514727 0.787891 0.516016 0.787598 0.51707 0.786865 0.518047 0.785498 0.518867 0.78457 0.519531 0.783203 0.519922 0.783203 0.520703 0.782227 0.521172 0.781592 0.521445 0.781201 0.521523 0.780811 0.521836 0.780322 0.522305 0.780078 0.522422 0.780078 0.52332 0.779541 0.523906 0.778809 0.524805 0.778027 0.52543 0.777393 0.52625 0.777002 0.527187 0.776416 0.528711 0.775342 0.53043 0.775244 0.532461 0.775195 0.534609 0.775684 0.536172 0.776465 0.536328 0.776953 0.537109 0.776709 0.53793 0.777979 0.537891 0.778809 0.538828 0.779199 0.539453 0.780273 0.539844 0.780762 0.540234 0.780762 0.540625 0.78125 0.541016 0.78125 0.541406 0.781738 0.542188 0.781738 0.542578 0.782227 0.542969 0.782227 0.543359 0.782715 0.54375 0.782715 0.544141 0.783203 0.544531 0.783203 0.544531 0.783691 0.545117 0.784033 0.545664 0.784473
1 0.535156 0.791992 0.532813 0.791016 0.529023 0.791797 0.52668 0.793457 0.520937 0.797266 0.517578 0.80376 0.514922 0.80957 0.513359 0.813867 0.512344 0.819238 0.511719 0.823047 0.510039 0.826514 0.510547 0.82959 0.512578 0.831689 0.514766 0.83125 0.516602 0.828711 0.518203 0.825049 0.520273 0.822607 0.522617 0.820215 0.524648 0.817334 0.526719 0.813916 0.528984 0.810937 0.530078 0.806396 0.531641 0.803027 0.53375 0.800732 0.535547 0.798389 0.536719 0.796387 0.536719 0.793945
1 0.573789 0.810107 0.572891 0.811279 0.573047 0.813086 0.574414 0.813867 0.575625 0.813916 0.576484 0.815479 0.576523 0.817383 0.576445 0.81958 0.576641 0.821191 0.577266 0.823193 0.578281 0.824463 0.579063 0.825342 0.579609 0.825977 0.580391 0.826855 0.580977 0.827393 0.581719 0.828174 0.582422 0.828711 0.58293 0.829102 0.583594 0.829346 0.58418 0.829688 0.584961 0.830225 0.585508 0.830762 0.586172 0.830957 0.586719 0.831152 0.587031 0.831543 0.5875 0.831738 0.587812 0.831934 0.588203 0.832373 0.588672 0.832715 0.589531 0.833203 0.590508 0.833301 0.591172 0.833301 0.591836 0.833398 0.592656 0.833447 0.593281 0.833789 0.593945 0.83374 0.594922 0.833789 0.595781 0.834131 0.596875 0.834473 0.598164 0.834863 0.59957 0.835645 0.600781 0.836426 0.601172 0.835938 0.601562 0.835938 0.602344 0.836475 0.602734 0.836182 0.603594 0.835986 0.60418 0.835498 0.604609 0.835254 0.604492 0.834326 0.604141 0.833154 0.603516 0.832129 0.602852 0.831543 0.602383 0.830859 0.601953 0.830566 0.601172 0.82959 0.600547 0.829102 0.599609 0.828467 0.598711 0.827588 0.597656 0.827148 0.596758 0.826172 0.595703 0.824658 0.595039 0.824121 0.594336 0.822998 0.593516 0.82251 0.593008 0.821631 0.592305 0.820898 0.591797 0.820361 0.591055 0.819629 0.590156 0.818604 0.589336 0.817822 0.588711 0.816943 0.587969 0.816211 0.587422 0.815479 0.586797 0.814844 0.585898 0.814014 0.585547 0.813477 0.585156 0.812988 0.584766 0.812988 0.584375 0.8125 0.583203 0.811426 0.582109 0.810937 0.580859 0.810254 0.579336 0.809668 0.577969 0.80957 0.576172 0.809277 0.574766 0.809521
1 0.549219 0.903809 0.551641 0.901758 0.552539 0.898486 0.550703 0.897119 0.548828 0.898486 0.546211 0.898633 0.543242 0.897949 0.539766 0.896582 0.538281 0.89502 0.534375 0.894531 0.533984 0.894043 0.529297 0.894531 0.528906 0.89502 0.526016 0.89585 0.524531 0.897412 0.521719 0.897949 0.519805 0.895996 0.5175 0.895459 0.514883 0.893994 0.512031 0.892969 0.510938 0.896191 0.511289 0.900342 0.513437 0.903613 0.515898 0.905811 0.519766 0.90752 0.52418 0.908838 0.529687 0.909521 0.533867 0.909766 0.536836 0.909814 0.541523 0.908545 0.545703 0.907715 0.548047 0.905762
1 0.730664 0.945654 0.729219 0.945264 0.726992 0.945898 0.721484 0.946289 0.721094 0.946777 0.719531 0.946777 0.719141 0.947266 0.718359 0.947266 0.717969 0.947754 0.717187 0.947754 0.716797 0.948242 0.716406 0.948242 0.716016 0.94873 0.715625 0.94873 0.714844 0.949707 0.714453 0.949707 0.714063 0.950195 0.713672 0.950195 0.713281 0.950684 0.712891 0.950684 0.711719 0.952148 0.711367 0.952637 0.711055 0.953027 0.710313 0.953857 0.709766 0.954883 0.709375 0.955273 0.709023 0.955957 0.708672 0.95708 0.708164 0.958154 0.707812 0.959961 0.707422 0.962207 0.707188 0.964307 0.707266 0.967236 0.707266 0.968701 0.707383 0.970068 0.7075 0.971533 0.707578 0.973047 0.707344 0.975293 0.706914 0.976807 0.706719 0.978613 0.707031 0.979932 0.707617 0.981006 0.708281 0.981885 0.708789 0.982471 0.709531 0.982959 0.710234 0.983301 0.710859 0.983398 0.711562 0.983252 0.712305 0.98291 0.712891 0.982422 0.713477 0.981982 0.713984 0.981494 0.714453 0.980957 0.714453 0.980469 0.714648 0.979883 0.714805 0.979053 0.714922 0.978369 0.715078 0.977881 0.715117 0.97749 0.715156 0.977002 0.715352 0.976318 0.715508 0.975684 0.715742 0.974756 0.715977 0.974268 0.716367 0.973535 0.716484 0.972998 0.716719 0.972363 0.716953 0.971826 0.716992 0.971387 0.717148 0.971143 0.717383 0.970654 0.717969 0.969971 0.718438 0.968945 0.718711 0.968164 0.719102 0.966699 0.719805 0.965381 0.72043 0.963867 0.721094 0.962793 0.721719 0.961963 0.721953 0.961133 0.722539 0.960254 0.722695 0.95957 0.723125 0.958643 0.723477 0.957861 0.72375 0.957031 0.724297 0.956445 0.725078 0.955127 0.725234 0.954443 0.726367 0.953174 0.727578 0.952539 0.729141 0.950928 0.730508 0.950244 0.731641 0.949219 0.731641 0.946875
1 0.735938 0.899365 0.735625 0.901123 0.735938 0.902734 0.736406 0.904541 0.737187 0.906396 0.738164 0.908643 0.739297 0.910352 0.740586 0.911865 0.741914 0.913037 0.743047 0.913623 0.744062 0.914307 0.745352 0.9146 0.746641 0.915283 0.748242 0.915625 0.749609 0.916211 0.750898 0.916504 0.751914 0.916602 0.753359 0.91709 0.754648 0.917285 0.755742 0.917773 0.756367 0.918164 0.756836 0.918506 0.757148 0.918945 0.757344 0.919287 0.757539 0.919434 0.757539 0.919678 0.757695 0.919922 0.757891 0.920166 0.758281 0.920508 0.758789 0.920801 0.759336 0.921191 0.760117 0.921777 0.760859 0.922461 0.761602 0.922852 0.762695 0.9229 0.763437 0.9229 0.763945 0.922412 0.764297 0.921826 0.764609 0.920996 0.765 0.91958 0.765039 0.917773 0.764883 0.915723 0.764453 0.914209 0.764062 0.913086 0.763984 0.9125 0.763672 0.911621 0.763281 0.911133 0.763281 0.910156 0.762891 0.909668 0.762891 0.90918 0.761328 0.907227 0.760938 0.907227 0.760156 0.90625 0.759766 0.90625 0.759375 0.905762 0.758594 0.905762 0.757812 0.904785 0.757422 0.904785 0.756641 0.903809 0.75625 0.903809 0.755859 0.90332 0.755078 0.90332 0.754687 0.902832 0.753516 0.902832 0.753125 0.902344 0.751172 0.902344 0.750781 0.901855 0.749219 0.901855 0.748828 0.901367 0.745742 0.90127 0.743789 0.901367 0.741836 0.90127 0.740234 0.90083 0.739141 0.899707 0.73793 0.898486 0.736797 0.898389
1 0.792891 0.969775 0.791758 0.969482 0.790586 0.96958 0.789883 0.969922 0.788906 0.970508 0.787891 0.971191 0.7875 0.97168 0.787109 0.97168 0.786719 0.972168 0.786328 0.972168 0.785547 0.973145 0.785156 0.973145 0.784375 0.974121 0.783984 0.974121 0.783203 0.975098 0.783203 0.975586 0.782656 0.97627 0.782305 0.977002 0.782031 0.977539 0.781875 0.977734 0.781562 0.978027 0.781211 0.97876 0.780898 0.979297 0.78043 0.979785 0.779883 0.980664 0.77957 0.981982 0.77957 0.983594 0.779531 0.98501 0.779414 0.987451 0.779453 0.989844 0.779492 0.992041 0.779453 0.993457 0.779375 0.994434 0.779336 0.995459 0.779336 0.996289 0.779375 0.99707 0.779453 0.997705 0.779453 0.99834 0.779492 0.999121 0.779531 0.999854 0.786836 0.999902 0.786875 0.998975 0.78707 0.997803 0.787461 0.996777 0.78793 0.995752 0.78832 0.994971 0.788711 0.994141 0.789023 0.993213 0.789336 0.992188 0.789766 0.99165 0.790078 0.991016 0.790547 0.990479 0.790781 0.989844 0.791055 0.989111 0.791211 0.988477 0.791445 0.987793 0.791602 0.987109 0.791914 0.986475 0.792031 0.98584 0.792188 0.985254 0.792266 0.984717 0.792891 0.983447 0.793125 0.982129 0.793516 0.980908 0.793867 0.979834 0.794023 0.978906 0.793945 0.977246 0.793906 0.975391 0.793789 0.974121 0.793906 0.972852 0.793828 0.971533 0.793516 0.970313
1 0.812461 0.955176 0.811797 0.952393 0.810586 0.951025 0.808203 0.95 0.805352 0.94917 0.80207 0.948877 0.799102 0.949463 0.796445 0.950732 0.794375 0.951807 0.792578 0.954102 0.791016 0.95459 0.789062 0.958008 0.787695 0.960107 0.787148 0.962598 0.786992 0.964941 0.787266 0.966943 0.787891 0.96875 0.78918 0.969385 0.792266 0.969971 0.793867 0.969971 0.795469 0.968945 0.797695 0.967871 0.800469 0.966943 0.80293 0.965576 0.804766 0.963721 0.807266 0.961621 0.809062 0.960254 0.810742 0.959375 0.812148 0.957373
1 0.851953 0.942871 0.851562 0.942871 0.850781 0.941895 0.85 0.941895 0.849609 0.941406 0.848437 0.941406 0.848047 0.941895 0.845703 0.941895 0.845313 0.942383 0.844922 0.942383 0.843359 0.944336 0.842969 0.944336 0.841406 0.946289 0.841016 0.946289 0.8375 0.950684 0.8375 0.951172 0.837109 0.95166 0.837109 0.952148 0.836719 0.952637 0.836719 0.953125 0.836328 0.953613 0.835586 0.954492 0.835195 0.955518 0.835039 0.956738 0.835039 0.958154 0.835508 0.959131 0.835977 0.960254 0.836719 0.960938 0.8375 0.961914 0.837891 0.961914 0.838281 0.962402 0.838672 0.962402 0.839063 0.962891 0.839453 0.962891 0.839844 0.963379 0.840625 0.963379 0.841016 0.963867 0.844141 0.963867 0.844531 0.963379 0.845703 0.963379 0.846094 0.962891 0.846484 0.962891 0.846875 0.962402 0.847266 0.962402 0.848047 0.961426 0.848437 0.961426 0.850391 0.958984 0.850391 0.958496 0.850781 0.958008 0.850781 0.95752 0.851172 0.957031 0.851172 0.956543 0.851562 0.956055 0.851562 0.955566 0.851953 0.955078 0.851953 0.954102 0.852344 0.953613 0.852344 0.952637 0.852734 0.952148 0.852734 0.949219 0.853125 0.94873 0.853125 0.946289 0.852734 0.945801 0.852734 0.944824 0.852344 0.944336 0.852344 0.943848 0.851953 0.943359
1 0.779648 0.915186 0.780234 0.916309 0.781016 0.917188 0.781484 0.91792 0.782109 0.918408 0.782539 0.918945 0.783047 0.919434 0.783711 0.920215 0.784258 0.920898 0.784961 0.921582 0.785547 0.922217 0.786445 0.9229 0.78707 0.923389 0.787734 0.923828 0.788242 0.924463 0.788789 0.924658 0.789258 0.925098 0.789844 0.925195 0.79043 0.925635 0.790898 0.925977 0.791406 0.92627 0.791914 0.926611 0.792656 0.926953 0.793633 0.9271 0.794805 0.927246 0.796328 0.927393 0.797617 0.927441 0.79918 0.927393 0.800742 0.927393 0.802422 0.927295 0.804023 0.927344 0.805586 0.927441 0.807266 0.927637 0.808555 0.928125 0.809727 0.928809 0.81082 0.929736 0.812031 0.92959 0.813047 0.928418 0.813906 0.927197 0.814258 0.92583 0.81418 0.924072 0.814063 0.922559 0.813398 0.92124 0.812227 0.920068 0.81125 0.918994 0.810703 0.917822 0.809766 0.916504 0.809375 0.916504 0.808984 0.916016 0.808594 0.916016 0.808203 0.915527 0.807813 0.915527 0.807422 0.915039 0.807031 0.915039 0.806641 0.914551 0.805859 0.914551 0.805469 0.914062 0.804688 0.914062 0.804297 0.913574 0.803516 0.913574 0.803125 0.913086 0.801953 0.913086 0.801562 0.912598 0.800391 0.912598 0.798086 0.912061 0.796094 0.911963 0.79375 0.911865 0.791328 0.912061 0.789687 0.912305 0.787852 0.912695 0.786016 0.912549 0.784414 0.911768 0.783086 0.911328 0.781953 0.910693 0.780898 0.910107 0.779805 0.910107 0.778828 0.910791 0.778516 0.912207 0.778828 0.913574
1 0.714297 0.829053 0.713633 0.828027 0.712969 0.827295 0.712266 0.826855 0.711406 0.826172 0.710234 0.82583 0.709609 0.825342 0.708984 0.825195 0.708242 0.824951 0.707422 0.824707 0.706328 0.824316 0.705078 0.823926 0.703906 0.823682 0.701797 0.823291 0.700977 0.823242 0.699922 0.823145 0.698477 0.823096 0.697305 0.823242 0.69582 0.823633 0.694531 0.823926 0.693516 0.824268 0.692422 0.824561 0.69168 0.824902 0.691055 0.825244 0.690312 0.825391 0.689844 0.825684 0.689336 0.826025 0.688711 0.826318 0.688125 0.826758 0.687617 0.827344 0.687109 0.827979 0.686484 0.828564 0.686055 0.829102 0.685469 0.829541 0.684766 0.830225 0.684258 0.830615 0.683398 0.831787 0.682656 0.832715 0.68207 0.833447 0.68125 0.833984 0.680039 0.834473 0.678594 0.835352 0.677773 0.836768 0.678633 0.838428 0.680312 0.839404 0.681992 0.840381 0.683711 0.841016 0.685586 0.840967 0.688438 0.840869 0.691719 0.840869 0.693477 0.840381 0.694688 0.840186 0.695859 0.840088 0.696953 0.839697 0.697734 0.839307 0.698633 0.838818 0.699609 0.838379 0.70082 0.837793 0.701836 0.837598 0.702617 0.836816 0.703398 0.836523 0.704258 0.836133 0.705117 0.835693 0.705781 0.835742 0.706367 0.835547 0.706914 0.835742 0.707617 0.835742 0.708164 0.835889 0.709023 0.835449 0.709883 0.835254 0.71043 0.834961 0.710586 0.834912 0.710703 0.83501 0.711133 0.834766 0.711758 0.834766 0.7125 0.83457 0.713477 0.834229 0.714531 0.833789 0.714961 0.832812 0.715039 0.831836 0.714961 0.830908 0.714766 0.830078
1 0.590586 0.76499 0.589531 0.766553 0.588711 0.767969 0.587852 0.769238 0.587266 0.77085 0.586797 0.772314 0.586289 0.774756 0.58793 0.775928 0.589297 0.776367 0.59082 0.777344 0.592187 0.778369 0.593555 0.779687 0.594844 0.781006 0.596562 0.782031 0.598008 0.783691 0.598867 0.784521 0.600234 0.785547 0.601133 0.786475 0.602344 0.787695 0.603437 0.788818 0.604609 0.789844 0.605547 0.791211 0.606211 0.792139 0.606914 0.79292 0.607539 0.793457 0.608086 0.794092 0.608555 0.794434 0.608945 0.794971 0.609727 0.795508 0.610234 0.79624 0.61082 0.796631 0.611641 0.797656 0.612266 0.79873 0.612891 0.799414 0.613477 0.800195 0.614062 0.800879 0.615078 0.800977 0.616055 0.800439 0.616641 0.799854 0.616797 0.798828 0.616797 0.792969 0.616406 0.79248 0.616406 0.790039 0.616016 0.789551 0.616016 0.787109 0.615625 0.786621 0.615625 0.785645 0.615234 0.785156 0.615234 0.78418 0.614844 0.783691 0.614844 0.783203 0.614453 0.782715 0.614453 0.781738 0.614062 0.78125 0.614062 0.780762 0.613281 0.779785 0.613281 0.779297 0.612617 0.777979 0.611836 0.77666 0.61082 0.775 0.609883 0.773535 0.608555 0.77168 0.6075 0.770361 0.606875 0.769678 0.606211 0.769336 0.60543 0.76875 0.604883 0.768408 0.604414 0.768066 0.604102 0.767725 0.603633 0.767578 0.603203 0.767236 0.602734 0.766992 0.602344 0.766699 0.601875 0.766455 0.601289 0.76626 0.600625 0.765674 0.599766 0.765381 0.598633 0.765088 0.597695 0.764502 0.595273 0.763916 0.593438 0.763623 0.591484 0.76377
1 0.622695 0.767773 0.621953 0.766992 0.621016 0.76665 0.620039 0.767236 0.619727 0.769141 0.619375 0.771143 0.619141 0.772314 0.618828 0.773535 0.61875 0.775195 0.618437 0.776953 0.618164 0.778613 0.617773 0.780811 0.61793 0.786377 0.617812 0.790771 0.618047 0.794287 0.618359 0.795459 0.618437 0.796973 0.618594 0.797998 0.61875 0.798828 0.618906 0.799658 0.61918 0.800439 0.619219 0.80127 0.619375 0.802148 0.619727 0.802979 0.62 0.803906 0.620586 0.804541 0.621289 0.805225 0.621875 0.805908 0.622812 0.806396 0.623672 0.806445 0.624609 0.806299 0.625664 0.806055 0.626172 0.805273 0.626758 0.804736 0.627031 0.803955 0.627344 0.803223 0.627734 0.803223 0.627734 0.802734 0.628125 0.802246 0.628125 0.80127 0.628164 0.800537 0.62832 0.799365 0.628281 0.798193 0.628516 0.796631 0.62875 0.795166 0.628945 0.793018 0.629414 0.791357 0.629961 0.789062 0.630156 0.787158 0.630078 0.782715 0.629687 0.782227 0.629687 0.781738 0.629297 0.78125 0.629297 0.780273 0.628906 0.779785 0.628906 0.779297 0.628516 0.778809 0.628516 0.777832 0.627734 0.776855 0.627734 0.776367 0.627344 0.775879 0.627344 0.775391 0.625391 0.772949 0.625391 0.772461 0.624609 0.771484 0.624609 0.770996 0.623828 0.77002 0.623516 0.769434 0.623242 0.768701
1 0.680469 0.795312 0.681055 0.794434 0.68082 0.793115 0.680078 0.792285 0.679258 0.79165 0.678281 0.790967 0.677227 0.790723 0.676406 0.790381 0.675703 0.789746 0.675234 0.789502 0.674648 0.788721 0.674063 0.788867 0.673164 0.788379 0.672891 0.788184 0.672656 0.787598 0.671953 0.787012 0.671133 0.786475 0.670078 0.786279 0.668828 0.786133 0.667383 0.786133 0.666406 0.786133 0.666016 0.786621 0.664062 0.786621 0.663672 0.787109 0.662109 0.787109 0.661719 0.787598 0.660937 0.787598 0.660547 0.788086 0.659766 0.788086 0.659375 0.788574 0.658594 0.788574 0.658203 0.789062 0.657813 0.789062 0.657422 0.789551 0.656641 0.789551 0.65625 0.790039 0.655859 0.790039 0.655469 0.790527 0.654687 0.790527 0.654297 0.791016 0.653906 0.791016 0.652617 0.791504 0.65168 0.79248 0.651172 0.793115 0.650781 0.793506 0.65 0.794287 0.649258 0.795459 0.64875 0.796191 0.648164 0.797656 0.647969 0.799658 0.648203 0.801709 0.64875 0.80332 0.649727 0.803906 0.651133 0.804297 0.652031 0.804199 0.653242 0.803516 0.654531 0.80293 0.655938 0.802148 0.657109 0.801611 0.658398 0.801367 0.659727 0.801025 0.661172 0.800977 0.662617 0.800537 0.663672 0.800342 0.664609 0.800049 0.665625 0.799902 0.666836 0.799707 0.667695 0.799365 0.668516 0.799219 0.669492 0.79917 0.670469 0.798926 0.671211 0.798682 0.672109 0.798438 0.673164 0.797852 0.674219 0.797852 0.675156 0.797607 0.676016 0.797461 0.676797 0.797363 0.677695 0.796729 0.67832 0.796387 0.679023 0.796094 0.679688 0.795898
1 0.692539 0.762744 0.691875 0.762793 0.691289 0.762744 0.690547 0.762744 0.689922 0.763037 0.68957 0.763867 0.689141 0.764697 0.688906 0.765674 0.688242 0.766748 0.6875 0.768066 0.687109 0.768555 0.686914 0.769043 0.686719 0.76958 0.686367 0.770166 0.686016 0.770947 0.685977 0.771973 0.685977 0.773047 0.685859 0.77417 0.685703 0.775146 0.685547 0.776367 0.685547 0.783691 0.685937 0.78418 0.685937 0.785156 0.686328 0.785645 0.686328 0.786621 0.686719 0.787109 0.686914 0.787646 0.687188 0.788281 0.687695 0.789502 0.687852 0.790039 0.688164 0.790723 0.688438 0.791602 0.688789 0.792383 0.689063 0.793115 0.689531 0.793896 0.689844 0.794482 0.690195 0.795117 0.690859 0.795898 0.691367 0.796387 0.692031 0.797363 0.692812 0.797949 0.693711 0.798438 0.694883 0.798291 0.695781 0.79834 0.696602 0.798145 0.697422 0.797656 0.698047 0.797314 0.698672 0.796973 0.699336 0.796094 0.699609 0.795117 0.699492 0.793994 0.698945 0.792871 0.698359 0.791992 0.697695 0.790771 0.697266 0.789404 0.697344 0.787988 0.697656 0.786377 0.697813 0.784521 0.697656 0.78291 0.697578 0.780713 0.697266 0.778076 0.697031 0.776611 0.697031 0.775391 0.696875 0.773926 0.696914 0.771924 0.696797 0.770312 0.696602 0.768896 0.696367 0.767773 0.695937 0.766943 0.695586 0.766064 0.695312 0.765625 0.694922 0.765137 0.694531 0.764648 0.69375 0.763574 0.69293 0.762793
1 0.699062 0.7625 0.698945 0.761279 0.69832 0.760742 0.697383 0.760986 0.69668 0.761768 0.696172 0.762891 0.696055 0.764307 0.696211 0.765967 0.696562 0.768066 0.696875 0.769629 0.697227 0.771143 0.697617 0.772754 0.698164 0.775684 0.698555 0.777393 0.698945 0.778906 0.699297 0.78042 0.699648 0.781641 0.70043 0.782813 0.701133 0.784521 0.702109 0.786133 0.703047 0.787549 0.704922 0.789697 0.708125 0.792041 0.709766 0.792969 0.711328 0.794141 0.712734 0.795312 0.713984 0.796191 0.714961 0.796777 0.716562 0.796777 0.71793 0.796582 0.718828 0.795947 0.719414 0.79541 0.719922 0.794678 0.72 0.793848 0.720039 0.79292 0.719727 0.792188 0.719297 0.791504 0.718906 0.79082 0.718555 0.790088 0.717969 0.7896 0.717461 0.789062 0.717109 0.788525 0.716797 0.788086 0.716406 0.787598 0.716055 0.787256 0.715742 0.786768 0.715273 0.786133 0.714727 0.785449 0.714336 0.78457 0.713906 0.783252 0.713477 0.781982 0.71293 0.780713 0.712461 0.779346 0.711797 0.778467 0.711016 0.777148 0.710586 0.776416 0.710156 0.775879 0.709766 0.775391 0.709766 0.774902 0.709375 0.774414 0.709141 0.773877 0.708945 0.773438 0.708437 0.772949 0.708047 0.772461 0.707227 0.771826 0.70625 0.77124 0.705547 0.770312 0.704805 0.769727 0.703945 0.769092 0.702969 0.76792 0.702187 0.766992 0.701953 0.766748 0.701562 0.766113 0.701172 0.765625 0.700234 0.764746 0.699492 0.763721
1 0.795 0.795508 0.794258 0.795654 0.793398 0.795898 0.792695 0.796338 0.791953 0.796582 0.79125 0.796973 0.790703 0.797461 0.790234 0.797852 0.789648 0.798291 0.789062 0.79873 0.788359 0.799854 0.788008 0.800293 0.787734 0.801025 0.787539 0.801953 0.787422 0.80293 0.787188 0.804346 0.78707 0.805518 0.78707 0.806885 0.787109 0.808203 0.787266 0.809766 0.787461 0.811328 0.787344 0.812305 0.786719 0.814258 0.785391 0.815234 0.784805 0.81665 0.784883 0.818018 0.785234 0.81875 0.786211 0.81958 0.787461 0.82041 0.788633 0.821191 0.789883 0.822119 0.791055 0.822607 0.792812 0.823047 0.794531 0.822754 0.794922 0.822266 0.795937 0.821631 0.796875 0.820459 0.798164 0.819189 0.799219 0.817871 0.799219 0.817383 0.799609 0.816895 0.799609 0.816406 0.8 0.815918 0.8 0.81543 0.800391 0.814941 0.800391 0.813477 0.800781 0.812988 0.800781 0.811523 0.801172 0.811035 0.801172 0.808105 0.800898 0.806494 0.800781 0.805176 0.800391 0.804688 0.800391 0.802734 0.8 0.802246 0.8 0.80127 0.799609 0.800781 0.799609 0.800293 0.799297 0.799268 0.799141 0.798486 0.798867 0.797803 0.798203 0.796484 0.797656 0.796045 0.796992 0.795801 0.796367 0.795654 0.795625 0.795557
1 0.880937 0.817822 0.880469 0.818604 0.880117 0.819385 0.879922 0.820361 0.879883 0.821387 0.879844 0.822412 0.879805 0.823633 0.879922 0.824854 0.88 0.826074 0.880078 0.827637 0.880234 0.829053 0.880352 0.830127 0.880625 0.831299 0.880937 0.832178 0.881328 0.833203 0.881641 0.834082 0.882109 0.834717 0.882422 0.835449 0.882617 0.835938 0.882891 0.836426 0.883281 0.837012 0.88375 0.837598 0.884102 0.838281 0.884648 0.83916 0.885 0.839844 0.885352 0.840576 0.886172 0.841748 0.887227 0.843262 0.88832 0.844531 0.889453 0.845703 0.890586 0.846729 0.891484 0.847852 0.8925 0.849121 0.893398 0.850195 0.894258 0.851123 0.895391 0.851025 0.896484 0.850732 0.897109 0.850195 0.897695 0.849365 0.897773 0.848242 0.897695 0.847168 0.897461 0.846191 0.897109 0.845166 0.896875 0.843994 0.89668 0.843018 0.896562 0.841943 0.896602 0.840186 0.896719 0.837988 0.896875 0.836426 0.896484 0.835938 0.896484 0.834473 0.896094 0.833984 0.896094 0.833496 0.895703 0.833008 0.895703 0.83252 0.895312 0.832031 0.895312 0.831055 0.894922 0.830566 0.894922 0.830078 0.893398 0.827832 0.892578 0.826709 0.891953 0.82583 0.891094 0.824902 0.890234 0.823779 0.889531 0.822949 0.888828 0.82207 0.888359 0.820947 0.887813 0.820215 0.887266 0.819531 0.886602 0.81875 0.886094 0.818018 0.885508 0.817187 0.884844 0.816504 0.883984 0.816406 0.883203 0.816455 0.882695 0.816748 0.881992 0.817041 0.881523 0.817285
1 0.81293 0.766846 0.812813 0.767822 0.812461 0.768799 0.812227 0.769727 0.812227 0.770898 0.8125 0.772119 0.813398 0.773242 0.815273 0.774658 0.81582 0.774805 0.816484 0.775049 0.817148 0.775635 0.817773 0.776563 0.818516 0.777539 0.819297 0.778223 0.820234 0.778809 0.821172 0.779639 0.821992 0.780322 0.822969 0.780811 0.824023 0.781152 0.825156 0.781201 0.826406 0.781689 0.82793 0.781934 0.829219 0.781934 0.830898 0.781445 0.832383 0.780713 0.833672 0.780713 0.835273 0.780371 0.83625 0.780273 0.837383 0.780469 0.838672 0.780127 0.839453 0.780078 0.840117 0.78042 0.840625 0.780762 0.841016 0.780762 0.841406 0.780273 0.841992 0.780273 0.842617 0.779785 0.842734 0.778857 0.843125 0.777881 0.843437 0.776855 0.843398 0.775879 0.843008 0.774805 0.842187 0.774414 0.841211 0.773779 0.840078 0.773779 0.839141 0.773389 0.838555 0.773047 0.837773 0.772461 0.837227 0.771533 0.836602 0.770996 0.835938 0.770264 0.835234 0.769775 0.83457 0.768848 0.833906 0.768164 0.833203 0.767773 0.832734 0.76709 0.831992 0.766699 0.831055 0.766553 0.830039 0.76626 0.82918 0.766064 0.828359 0.765869 0.826992 0.765723 0.826211 0.765723 0.825234 0.765576 0.823906 0.765088 0.822227 0.764307 0.820703 0.763672 0.818672 0.763477 0.817031 0.763721 0.815625 0.763965 0.81457 0.764355 0.813672 0.765088 0.813125 0.76582
1 0.881406 0.775977 0.880625 0.776514 0.880078 0.777588 0.879687 0.778467 0.879609 0.779492 0.879609 0.780518 0.879687 0.781641 0.879844 0.782959 0.880117 0.783984 0.880312 0.785303 0.880703 0.786621 0.881172 0.787842 0.88168 0.789014 0.882266 0.790137 0.882695 0.791211 0.883203 0.792334 0.88375 0.793604 0.883984 0.794434 0.884219 0.795264 0.88457 0.796191 0.885 0.797217 0.885156 0.798047 0.885508 0.798633 0.886055 0.799023 0.886445 0.799609 0.886836 0.800488 0.887305 0.800781 0.887734 0.801318 0.888203 0.802051 0.889102 0.802539 0.890039 0.803223 0.890781 0.803662 0.891602 0.804346 0.892227 0.805078 0.892852 0.805859 0.893594 0.806885 0.894336 0.807861 0.894844 0.808887 0.895352 0.809619 0.896133 0.810352 0.897266 0.811035 0.898008 0.81084 0.898398 0.810156 0.898828 0.80957 0.899258 0.808936 0.899609 0.808105 0.900039 0.807275 0.900156 0.806396 0.90043 0.805518 0.900391 0.804688 0.900508 0.803711 0.900313 0.80249 0.900313 0.801172 0.900156 0.799854 0.899961 0.798535 0.899805 0.797314 0.899414 0.796191 0.898984 0.795166 0.898594 0.794336 0.898281 0.793701 0.897969 0.792773 0.897852 0.792188 0.8975 0.791553 0.897305 0.790918 0.896797 0.790479 0.896289 0.789648 0.895859 0.789062 0.895312 0.788086 0.89457 0.786914 0.893867 0.785986 0.892969 0.784375 0.892109 0.783252 0.89125 0.782373 0.890469 0.781348 0.889414 0.780469 0.888437 0.779541 0.887852 0.778564 0.886953 0.777734 0.886133 0.776807 0.885273 0.776367 0.884492 0.776172 0.883828 0.775781 0.883125 0.775586 0.882266 0.775781
1 0.938086 0.765332 0.938555 0.765869 0.938945 0.766357 0.93918 0.766943 0.939297 0.767676 0.939297 0.768408 0.939141 0.769043 0.938789 0.769775 0.938359 0.770166 0.937773 0.770654 0.936484 0.772119 0.935234 0.773535 0.934766 0.774512 0.934336 0.775 0.934141 0.776172 0.933516 0.776953 0.93293 0.77793 0.932539 0.779346 0.931836 0.780713 0.93082 0.782031 0.929805 0.783496 0.928867 0.784814 0.927539 0.786816 0.926562 0.788281 0.925508 0.78877 0.924883 0.789404 0.92418 0.789746 0.923516 0.790234 0.923125 0.790479 0.922266 0.79082 0.921133 0.791016 0.920273 0.79126 0.919297 0.791553 0.918516 0.792188 0.917383 0.792773 0.916641 0.793848 0.916016 0.794678 0.915156 0.79541 0.914258 0.795361 0.913398 0.794824 0.912969 0.79375 0.912813 0.792139 0.913008 0.790234 0.913203 0.78833 0.913516 0.786426 0.913984 0.784668 0.914336 0.782764 0.914844 0.78125 0.914844 0.780762 0.915234 0.780273 0.915234 0.779785 0.915625 0.779297 0.915625 0.778809 0.916406 0.777832 0.916406 0.777344 0.917969 0.775391 0.917969 0.774902 0.918984 0.774365 0.919961 0.773242 0.920703 0.772656 0.921094 0.771973 0.92293 0.769971 0.924141 0.769141 0.925195 0.768652 0.925742 0.768262 0.926406 0.768018 0.92707 0.767822 0.92793 0.767529 0.928633 0.767285 0.92918 0.766797 0.929922 0.766553 0.930664 0.766113 0.931367 0.765869 0.932422 0.765381 0.933594 0.764941 0.934961 0.7646 0.936641 0.764551 0.937344 0.764746
1 0.95332 0.767236 0.953359 0.767725 0.95375 0.768408 0.954297 0.769336 0.954648 0.770508 0.955117 0.771826 0.955781 0.772559 0.956445 0.77334 0.956953 0.773975 0.9575 0.774951 0.958047 0.775586 0.958672 0.776318 0.959219 0.776904 0.959883 0.777344 0.960547 0.777588 0.961172 0.777783 0.962187 0.778369 0.963633 0.778613 0.965156 0.778564 0.966523 0.77876 0.967617 0.778857 0.96918 0.778906 0.970586 0.779004 0.972578 0.778809 0.974062 0.77876 0.974844 0.778516 0.976055 0.778516 0.977148 0.778516 0.977812 0.778223 0.978516 0.777539 0.979063 0.776709 0.979492 0.775684 0.979805 0.774756 0.980078 0.77373 0.979922 0.772852 0.979297 0.771973 0.978906 0.771484 0.978906 0.770996 0.977773 0.77002 0.976836 0.768652 0.975703 0.767529 0.975039 0.766992 0.97457 0.766553 0.973867 0.766504 0.973203 0.766699 0.9725 0.766699 0.97168 0.76665 0.97082 0.766553 0.969805 0.766162 0.96832 0.765723 0.966328 0.765625 0.964766 0.765625 0.963555 0.765625 0.962344 0.765381 0.961367 0.765527 0.960391 0.765088 0.959336 0.764404 0.95875 0.763574 0.958008 0.762891 0.957109 0.762793 0.956172 0.762988 0.95543 0.76333 0.954844 0.763672 0.954258 0.764355 0.953945 0.764697 0.953516 0.765137 0.953281 0.765625 0.953125 0.766602
1 0.944102 0.743701 0.943125 0.743604 0.942422 0.743994 0.941953 0.744678 0.941719 0.746045 0.941484 0.747314 0.941172 0.748437 0.940938 0.749707 0.940625 0.751465 0.940352 0.752051 0.940234 0.75293 0.94 0.75376 0.939844 0.754395 0.939844 0.756348 0.939961 0.758594 0.939922 0.759912 0.939961 0.76167 0.940078 0.763379 0.940352 0.764697 0.940625 0.765869 0.940742 0.767188 0.940898 0.768359 0.941055 0.769678 0.941211 0.770508 0.941406 0.771484 0.94168 0.772168 0.942187 0.772949 0.942187 0.773438 0.942617 0.774072 0.943125 0.774561 0.943594 0.775049 0.944141 0.775879 0.944922 0.776416 0.946172 0.777002 0.947344 0.777637 0.948359 0.778418 0.949336 0.779102 0.950391 0.779736 0.951484 0.779883 0.952344 0.779443 0.952617 0.778809 0.952773 0.778125 0.952656 0.777197 0.952617 0.776221 0.952578 0.775342 0.952344 0.774268 0.952383 0.773193 0.952266 0.77207 0.952422 0.770947 0.952656 0.769873 0.953047 0.768311 0.953125 0.767041 0.953047 0.765967 0.953125 0.764453 0.953164 0.763037 0.953125 0.761523 0.952734 0.760205 0.952461 0.759277 0.952266 0.758301 0.951992 0.75752 0.951758 0.756885 0.951484 0.756348 0.951172 0.755762 0.950859 0.754932 0.95043 0.754395 0.950117 0.753711 0.949766 0.753125 0.949414 0.75249 0.948945 0.751465 0.948125 0.749951 0.947578 0.748975 0.947227 0.748486 0.946797 0.747754 0.946445 0.746875 0.945859 0.746045 0.94543 0.745068 0.944727 0.744092
1 0.944961 0.740088 0.945195 0.741992 0.945625 0.743262 0.946133 0.744287 0.946797 0.745264 0.947266 0.745801 0.947773 0.746875 0.948086 0.747461 0.948672 0.748389 0.949297 0.749072 0.950469 0.749902 0.951289 0.750879 0.951992 0.751514 0.952422 0.752148 0.953203 0.753369 0.953867 0.75415 0.954609 0.754834 0.955234 0.755469 0.955742 0.756055 0.956328 0.756348 0.957227 0.756787 0.957734 0.757275 0.958008 0.757471 0.95832 0.75752 0.958711 0.757568 0.958906 0.75791 0.959219 0.758057 0.959609 0.758301 0.96 0.758545 0.96043 0.758887 0.96082 0.759277 0.961406 0.759521 0.961953 0.759717 0.962539 0.760107 0.96332 0.760352 0.963867 0.760693 0.965 0.761426 0.965977 0.762256 0.967109 0.762598 0.968516 0.762012 0.969258 0.760938 0.969609 0.759814 0.969805 0.758643 0.969805 0.757129 0.969648 0.755713 0.969805 0.754736 0.969609 0.752979 0.969336 0.752393 0.969219 0.751709 0.968945 0.750977 0.968516 0.750195 0.968008 0.749756 0.967578 0.749512 0.966953 0.748779 0.966406 0.7479 0.96582 0.747168 0.965117 0.746533 0.964531 0.746094 0.963828 0.745361 0.963281 0.744775 0.962344 0.744189 0.961367 0.743555 0.960469 0.742725 0.959258 0.741992 0.958203 0.741357 0.957031 0.740576 0.95582 0.73999 0.954609 0.739453 0.953359 0.73833 0.95207 0.737061 0.950977 0.736035 0.949609 0.735107 0.948438 0.734961 0.94707 0.7354 0.945703 0.736816 0.945 0.738184
1 0.727109 0.761865 0.726758 0.763037 0.726836 0.764209 0.727344 0.765186 0.72793 0.766016 0.728437 0.766455 0.729063 0.76709 0.729688 0.767773 0.730273 0.768066 0.730742 0.76792 0.731211 0.767773 0.731523 0.76792 0.731875 0.768066 0.732187 0.768262 0.732656 0.768506 0.733164 0.768799 0.733711 0.769043 0.734219 0.769287 0.734805 0.769531 0.735273 0.769727 0.735781 0.770264 0.736328 0.770508 0.736953 0.770898 0.737617 0.77124 0.738281 0.771484 0.738906 0.771582 0.73957 0.77168 0.740586 0.772314 0.742031 0.772705 0.743945 0.772998 0.745117 0.77334 0.746172 0.773438 0.747695 0.773633 0.749023 0.77334 0.750547 0.773438 0.751563 0.773096 0.752344 0.772803 0.753125 0.772656 0.753789 0.772461 0.75418 0.772314 0.754844 0.772021 0.755312 0.771875 0.75582 0.771533 0.756602 0.771191 0.758125 0.770801 0.758672 0.769678 0.758516 0.768701 0.757891 0.767236 0.757109 0.766309 0.756133 0.765576 0.755078 0.764648 0.754063 0.763379 0.753477 0.762988 0.752734 0.762207 0.752344 0.762207 0.751953 0.761719 0.751563 0.761719 0.750898 0.760938 0.750391 0.760596 0.75 0.760254 0.749492 0.759912 0.748828 0.759277 0.747539 0.758789 0.746133 0.758594 0.744297 0.758398 0.742969 0.758252 0.741289 0.758252 0.739844 0.758105 0.738242 0.758105 0.736797 0.758447 0.735391 0.758643 0.734453 0.758936 0.733594 0.759424 0.732773 0.75957 0.731758 0.759961 0.730586 0.760254 0.72957 0.760254 0.728437 0.760645 0.727773 0.76123
1 0.665664 0.684766 0.664883 0.684766 0.664336 0.685303 0.663789 0.685986 0.663242 0.686377 0.662422 0.686963 0.662461 0.688086 0.6625 0.68916 0.6625 0.690088 0.6625 0.690771 0.662383 0.691406 0.6625 0.691895 0.6625 0.692871 0.662109 0.693359 0.662109 0.698682 0.6625 0.700684 0.6625 0.702637 0.662617 0.703662 0.662891 0.70459 0.663125 0.705371 0.663359 0.706006 0.663672 0.707031 0.663789 0.707617 0.664023 0.708447 0.664219 0.709131 0.664375 0.709082 0.664609 0.709424 0.664883 0.709863 0.665039 0.710498 0.665234 0.711035 0.66543 0.711719 0.665586 0.712207 0.66582 0.712598 0.666133 0.71333 0.666406 0.714063 0.666797 0.714697 0.666953 0.715186 0.667383 0.715674 0.667734 0.716309 0.668047 0.716602 0.668555 0.717285 0.669141 0.718018 0.669414 0.71875 0.669844 0.719434 0.67043 0.720117 0.671367 0.721387 0.672148 0.722412 0.673125 0.723535 0.67418 0.724512 0.675469 0.725928 0.676641 0.727148 0.677813 0.728271 0.678984 0.72876 0.680273 0.728516 0.680469 0.727148 0.679961 0.725098 0.679688 0.723145 0.678906 0.721582 0.678516 0.719873 0.67832 0.718408 0.678125 0.716406 0.67832 0.71377 0.67832 0.712305 0.678281 0.710693 0.67832 0.709521 0.678086 0.708301 0.677461 0.707129 0.676953 0.706006 0.676289 0.705078 0.675703 0.703418 0.675039 0.702393 0.67375 0.700635 0.673125 0.699951 0.672422 0.699023 0.671953 0.698291 0.671367 0.69707 0.671055 0.696143 0.670781 0.695215 0.67043 0.694482 0.669844 0.693799 0.669648 0.69292 0.669258 0.691943 0.668945 0.691064 0.668789 0.690234 0.668594 0.689941 0.668398 0.689209 0.668047 0.688281 0.667578 0.6875 0.667266 0.686768 0.667148 0.68623 0.666914 0.685596 0.666367 0.685449
1 0.665508 0.680176 0.665625 0.681104 0.665547 0.68208 0.665742 0.682666 0.666328 0.683203 0.666641 0.684082 0.66707 0.684863 0.6675 0.685498 0.668047 0.686084 0.668398 0.68667 0.668906 0.687354 0.669375 0.687988 0.669727 0.68877 0.670195 0.689404 0.670352 0.690088 0.670508 0.690771 0.670781 0.691455 0.671289 0.691943 0.67168 0.692529 0.671953 0.693164 0.672266 0.693848 0.672695 0.694678 0.673047 0.695605 0.67332 0.696533 0.673594 0.697168 0.673945 0.697559 0.674219 0.698096 0.674648 0.698633 0.675039 0.699121 0.675469 0.699561 0.675938 0.700244 0.676523 0.700879 0.677031 0.701562 0.677422 0.7021 0.677773 0.702686 0.678164 0.703271 0.678711 0.703906 0.679219 0.704395 0.679453 0.705225 0.68 0.705908 0.680742 0.706201 0.681602 0.706055 0.682617 0.705908 0.683359 0.705859 0.684258 0.705615 0.685039 0.705518 0.685664 0.705615 0.68668 0.70498 0.686992 0.703613 0.687383 0.70249 0.687578 0.701025 0.687422 0.699463 0.687031 0.698389 0.686719 0.697266 0.686289 0.696143 0.685859 0.695117 0.685469 0.693994 0.685156 0.692871 0.68457 0.691943 0.684531 0.690918 0.683984 0.689941 0.683516 0.688818 0.682813 0.687842 0.682266 0.686914 0.681836 0.686133 0.681484 0.685596 0.681094 0.684863 0.68043 0.684033 0.679453 0.683008 0.678516 0.681836 0.677578 0.681152 0.676133 0.680371 0.675352 0.679932 0.674844 0.67959 0.674297 0.67959 0.673789 0.679395 0.673398 0.679395 0.673008 0.679053 0.671875 0.67832 0.670664 0.677539 0.669063 0.676416 0.667188 0.675781 0.666016 0.675342 0.665586 0.675928 0.66543 0.676758 0.665312 0.677588 0.665352 0.678516 0.66543 0.679346
1 0.850039 0.678271 0.849531 0.677148 0.848906 0.676416 0.847891 0.67627 0.847148 0.676074 0.846367 0.676416 0.845703 0.676904 0.845117 0.677441 0.844609 0.67793 0.844219 0.678418 0.843672 0.678906 0.843164 0.679688 0.842344 0.68042 0.841484 0.681152 0.840781 0.68208 0.840039 0.683252 0.839414 0.68457 0.838672 0.685645 0.838242 0.686914 0.837852 0.688086 0.837383 0.688867 0.83707 0.689697 0.836953 0.690381 0.836797 0.690869 0.836641 0.691699 0.836367 0.692236 0.836094 0.692871 0.83582 0.693506 0.835586 0.693994 0.835313 0.694482 0.835117 0.695166 0.834922 0.695752 0.834609 0.696582 0.834531 0.69707 0.834219 0.697461 0.834023 0.6979 0.83375 0.698242 0.833633 0.698779 0.833633 0.699316 0.833516 0.699902 0.833398 0.700439 0.833203 0.701074 0.833047 0.701709 0.832734 0.702686 0.832383 0.703662 0.831914 0.705078 0.831211 0.706738 0.830469 0.708301 0.829844 0.709619 0.829531 0.710889 0.829648 0.712158 0.830234 0.713428 0.830781 0.714648 0.831602 0.714844 0.832305 0.715039 0.832969 0.714453 0.833555 0.713721 0.834023 0.713135 0.834219 0.712891 0.834453 0.712354 0.834766 0.711963 0.835234 0.711182 0.835977 0.710596 0.836758 0.709961 0.837383 0.709326 0.83832 0.708691 0.83918 0.708643 0.839687 0.70835 0.840664 0.707568 0.841172 0.707129 0.841797 0.706641 0.84207 0.706348 0.84293 0.705713 0.843203 0.705273 0.84375 0.704883 0.844336 0.704248 0.844766 0.70376 0.845156 0.70293 0.845469 0.7021 0.84582 0.701416 0.846406 0.700586 0.846797 0.699805 0.847031 0.698926 0.847344 0.697949 0.847773 0.697217 0.847969 0.696436 0.848125 0.695557 0.848437 0.694336 0.848594 0.693408 0.848711 0.691846 0.848867 0.690576 0.849102 0.689551 0.84918 0.688672 0.849336 0.687549 0.849492 0.686377 0.849727 0.685254 0.849844 0.684326 0.850195 0.683496 0.850469 0.682813 0.850664 0.681592 0.850469 0.680518 0.850234 0.679346
1 0.890078 0.673584 0.889844 0.672363 0.889219 0.671631 0.888281 0.671045 0.887305 0.670752 0.886094 0.67085 0.884883 0.671533 0.883945 0.672363 0.88293 0.672949 0.881914 0.673242 0.880859 0.67334 0.879844 0.673535 0.879297 0.673828 0.878906 0.673828 0.878516 0.674316 0.878125 0.674316 0.877734 0.674805 0.877344 0.674805 0.876953 0.675293 0.876563 0.675293 0.873828 0.678711 0.873437 0.678711 0.872656 0.679688 0.872266 0.679688 0.870703 0.681641 0.870703 0.682129 0.869531 0.683594 0.869531 0.684082 0.868359 0.685547 0.868359 0.686035 0.867969 0.686523 0.867969 0.687012 0.867188 0.687988 0.867188 0.688477 0.866797 0.688965 0.866797 0.689941 0.866406 0.69043 0.866406 0.691895 0.866016 0.692383 0.866016 0.693848 0.865625 0.694336 0.865625 0.694824 0.865234 0.695312 0.865234 0.696289 0.864844 0.696777 0.864844 0.697754 0.864453 0.698242 0.864453 0.699707 0.864062 0.700195 0.863789 0.703516 0.863672 0.705469 0.864062 0.707129 0.865156 0.708496 0.866602 0.709326 0.868086 0.709229 0.869453 0.708887 0.87043 0.708105 0.871094 0.706543 0.87168 0.705078 0.872539 0.703516 0.873164 0.702148 0.873945 0.701074 0.874687 0.700195 0.875391 0.699121 0.876484 0.697754 0.877539 0.696436 0.878516 0.694482 0.879883 0.693018 0.880664 0.691895 0.881367 0.69082 0.882031 0.690088 0.882148 0.690186 0.882344 0.689697 0.882422 0.689844 0.882734 0.689209 0.88293 0.688721 0.883516 0.688232 0.883789 0.687891 0.884492 0.687158 0.884961 0.686426 0.885156 0.685547 0.885469 0.68457 0.885938 0.683838 0.886445 0.683008 0.886953 0.682031 0.887305 0.681299 0.887695 0.680566 0.888008 0.679346 0.888477 0.678369 0.888945 0.677246 0.889648 0.675781 0.890039 0.674658
1 0.983828 0.653076 0.982695 0.652832 0.981992 0.65293 0.981445 0.653223 0.980977 0.653857 0.980547 0.654541 0.980273 0.655176 0.980195 0.656006 0.980586 0.656787 0.981445 0.657422 0.982031 0.658154 0.982695 0.659033 0.983359 0.660107 0.98375 0.661084 0.984141 0.662451 0.98457 0.663232 0.985078 0.66416 0.985664 0.665088 0.98625 0.665576 0.986992 0.666602 0.987773 0.667334 0.988711 0.668066 0.989687 0.668848 0.990508 0.669531 0.991094 0.669727 0.991406 0.669824 0.991797 0.669971 0.99207 0.67002 0.992266 0.669971 0.9925 0.670068 0.992812 0.669922 0.993359 0.670117 0.993906 0.670605 0.994453 0.671094 0.995 0.671533 0.995508 0.671875 0.996133 0.672266 0.99668 0.672852 0.997266 0.673389 0.997656 0.673975 0.998437 0.674561 1 0.675439 0.999961 0.66123 0.999297 0.660547 0.998555 0.659766 0.998008 0.658936 0.997344 0.65835 0.996602 0.657666 0.99582 0.657178 0.995195 0.656689 0.994453 0.656152 0.993672 0.655615 0.992656 0.655127 0.99168 0.654883 0.990859 0.654395 0.989609 0.653906 0.988438 0.653711 0.98707 0.653711 0.985898 0.65376 0.984844 0.653564
1 0.949766 0.588086 0.948984 0.587549 0.948281 0.587256 0.947344 0.587402 0.946445 0.587744 0.945977 0.588037 0.94543 0.588525 0.944922 0.589063 0.944414 0.589746 0.944141 0.590332 0.943633 0.590967 0.943437 0.591602 0.943086 0.591992 0.942695 0.592578 0.942344 0.592969 0.94207 0.593408 0.941797 0.593701 0.941484 0.594043 0.941094 0.594385 0.940625 0.594824 0.940117 0.595508 0.939688 0.595801 0.939414 0.596338 0.938906 0.597021 0.938555 0.59751 0.938164 0.598291 0.937656 0.599219 0.937461 0.600391 0.937461 0.601318 0.937187 0.604248 0.936719 0.606592 0.936328 0.608643 0.936094 0.6104 0.936016 0.612695 0.935898 0.614844 0.935742 0.61665 0.935586 0.618457 0.935547 0.620117 0.935508 0.621094 0.935625 0.622217 0.935898 0.622998 0.936367 0.623975 0.936953 0.624512 0.937539 0.624854 0.938281 0.625 0.939063 0.625 0.939609 0.624854 0.940234 0.624512 0.940625 0.624023 0.941211 0.622656 0.941563 0.620898 0.941914 0.618506 0.942617 0.617285 0.943203 0.616455 0.943633 0.615039 0.944141 0.61377 0.944844 0.612451 0.945508 0.611377 0.946211 0.610547 0.947031 0.609961 0.947969 0.609229 0.94875 0.608496 0.949297 0.607666 0.949648 0.606641 0.949844 0.605615 0.950039 0.604688 0.950234 0.603809 0.950273 0.603027 0.950234 0.602197 0.950156 0.601514 0.950234 0.60083 0.950352 0.600098 0.950352 0.599707 0.950313 0.599316 0.950352 0.598779 0.950391 0.598486 0.95043 0.598193 0.950547 0.597852 0.950664 0.597363 0.950703 0.596533 0.950742 0.595996 0.95082 0.595313 0.950703 0.594727 0.950664 0.594141 0.950703 0.593652 0.950703 0.593066 0.950703 0.592334 0.950781 0.591504 0.950781 0.590332 0.950547 0.589697 0.950156 0.588867
1 0.952852 0.599316 0.952109 0.6 0.951367 0.600879 0.95082 0.601758 0.95043 0.602637 0.949961 0.605371 0.949258 0.608203 0.948672 0.609131 0.948203 0.6104 0.948008 0.611719 0.948086 0.612891 0.948125 0.613867 0.948398 0.614551 0.948672 0.615186 0.949102 0.615869 0.949297 0.616504 0.949531 0.61709 0.949883 0.617822 0.950273 0.618457 0.950742 0.619141 0.951289 0.619971 0.95168 0.620654 0.952266 0.621338 0.952773 0.621973 0.953359 0.622852 0.953867 0.623535 0.954414 0.624512 0.954961 0.625049 0.955547 0.626172 0.956289 0.627393 0.957344 0.628613 0.958125 0.629687 0.959023 0.630469 0.959961 0.631396 0.960859 0.632178 0.961602 0.633105 0.962578 0.633789 0.963438 0.634521 0.964063 0.635107 0.964766 0.63623 0.965664 0.637109 0.96668 0.637256 0.967461 0.637305 0.968242 0.636914 0.968867 0.636377 0.969297 0.635596 0.96957 0.634668 0.969453 0.633789 0.969063 0.632715 0.968711 0.631641 0.968359 0.63042 0.967969 0.629297 0.967578 0.627783 0.967422 0.626611 0.967266 0.625342 0.966797 0.624268 0.966328 0.623096 0.966016 0.622314 0.965781 0.621045 0.965625 0.620117 0.965391 0.619336 0.965234 0.618652 0.964883 0.617969 0.964453 0.617188 0.963945 0.616357 0.963672 0.615723 0.963164 0.614502 0.9625 0.61377 0.961992 0.612891 0.961719 0.612305 0.96082 0.610938 0.959766 0.609375 0.959141 0.608691 0.958828 0.608398 0.958594 0.60791 0.957812 0.606934 0.957031 0.606006 0.956406 0.605273 0.956172 0.604541 0.955977 0.603467 0.956094 0.602637 0.955859 0.601611 0.955703 0.600586 0.95543 0.599707 0.954883 0.599365 0.953867 0.598828
1 0.685703 0.62583 0.685039 0.627295 0.684336 0.629053 0.684531 0.63042 0.685156 0.632178 0.685781 0.633496 0.686172 0.634375 0.686719 0.634717 0.687539 0.634912 0.688125 0.635059 0.689688 0.635986 0.690508 0.636621 0.691211 0.637207 0.691953 0.638184 0.692305 0.638672 0.692539 0.639062 0.693008 0.63916 0.693438 0.6396 0.694023 0.640039 0.694766 0.640527 0.695664 0.640869 0.69625 0.641309 0.696992 0.641895 0.698047 0.64209 0.698438 0.642578 0.699219 0.642578 0.699609 0.643066 0.700391 0.643066 0.700781 0.643555 0.701562 0.643555 0.702187 0.643604 0.702891 0.64375 0.703867 0.64375 0.704727 0.643945 0.705664 0.644238 0.70668 0.644531 0.707695 0.644922 0.708672 0.645312 0.709531 0.645752 0.710352 0.646094 0.710977 0.646533 0.711641 0.647314 0.712422 0.647949 0.713555 0.648486 0.714141 0.6479 0.714414 0.64707 0.714414 0.64585 0.714023 0.644873 0.713398 0.643799 0.712695 0.642773 0.711875 0.64165 0.71082 0.640186 0.709922 0.638818 0.709063 0.636719 0.708867 0.63501 0.708398 0.633887 0.707773 0.633545 0.706953 0.63335 0.705586 0.633008 0.70457 0.632373 0.703477 0.631104 0.702383 0.629785 0.701602 0.628613 0.70043 0.627246 0.699219 0.626465 0.698086 0.625781 0.696523 0.624854 0.694375 0.623682 0.691875 0.623682 0.689414 0.62373 0.688164 0.623975 0.686719 0.624609
1 0.704297 0.617676 0.703516 0.618652 0.703516 0.619141 0.703125 0.619629 0.703125 0.620605 0.702734 0.621094 0.702734 0.624512 0.703125 0.625 0.703125 0.625488 0.703516 0.625977 0.703516 0.626465 0.703906 0.626953 0.703906 0.627441 0.704297 0.62793 0.70457 0.628418 0.704688 0.628906 0.704805 0.629346 0.705078 0.629883 0.705313 0.62998 0.705664 0.630713 0.706367 0.631641 0.707148 0.632324 0.708398 0.633301 0.70918 0.634668 0.710078 0.636035 0.710664 0.637061 0.711875 0.637549 0.712891 0.63877 0.713516 0.639502 0.714102 0.64043 0.71418 0.641846 0.71457 0.642725 0.715313 0.64292 0.716133 0.642773 0.71668 0.642334 0.716797 0.641162 0.717187 0.640332 0.717227 0.639209 0.7175 0.638379 0.717969 0.637793 0.718164 0.636719 0.718438 0.635791 0.718789 0.634814 0.719219 0.633936 0.719453 0.633008 0.71957 0.632129 0.719609 0.630615 0.719648 0.629199 0.719219 0.628076 0.718633 0.627246 0.718164 0.626416 0.717578 0.625488 0.717266 0.624463 0.716641 0.623389 0.715781 0.622461 0.714687 0.621094 0.713594 0.620313 0.713008 0.61958 0.712344 0.619336 0.711719 0.618848 0.710781 0.618994 0.710078 0.618799 0.709297 0.618213 0.70875 0.617383 0.708086 0.616846 0.707227 0.616553 0.706211 0.616699 0.705078 0.617188 0.704688 0.617676
1 0.708828 0.601904 0.708047 0.602393 0.707109 0.60293 0.706719 0.604004 0.707031 0.605273 0.707383 0.606104 0.708125 0.606836 0.70875 0.60752 0.709648 0.608008 0.710078 0.608887 0.710547 0.609863 0.710938 0.610352 0.71125 0.610791 0.711719 0.611426 0.71207 0.612061 0.712539 0.613037 0.712969 0.613916 0.713945 0.615137 0.714961 0.616406 0.715781 0.617383 0.717305 0.619385 0.718359 0.620508 0.719609 0.622021 0.720664 0.623096 0.722383 0.624902 0.72375 0.625781 0.725313 0.627295 0.726875 0.628516 0.728242 0.62959 0.729414 0.631006 0.730312 0.632129 0.730742 0.633594 0.731719 0.63501 0.732578 0.636084 0.733359 0.636621 0.733984 0.635938 0.733984 0.635059 0.733672 0.633887 0.733047 0.632861 0.732344 0.631494 0.731758 0.629297 0.731094 0.628027 0.730977 0.62666 0.730625 0.624805 0.730508 0.623047 0.730547 0.621191 0.73 0.619531 0.729688 0.617822 0.72918 0.616455 0.728516 0.615723 0.727812 0.614258 0.727422 0.613135 0.726953 0.612207 0.726406 0.611377 0.726016 0.610645 0.725469 0.609521 0.724336 0.608691 0.723437 0.607715 0.722461 0.607227 0.721562 0.606543 0.72082 0.605811 0.719961 0.605469 0.719805 0.605029 0.719531 0.604785 0.719297 0.604639 0.718984 0.60459 0.718555 0.604395 0.718281 0.604199 0.717695 0.604004 0.717031 0.603564 0.716094 0.60332 0.715117 0.60293 0.713789 0.602148 0.712734 0.601758 0.71168 0.601709 0.710625 0.601904 0.709688 0.601855
1 0.731328 0.588135 0.731289 0.587012 0.731211 0.585986 0.730977 0.585205 0.73 0.58501 0.728555 0.584326 0.725547 0.584375 0.723359 0.58418 0.721172 0.584424 0.720469 0.584961 0.719141 0.584961 0.71875 0.585449 0.717969 0.585449 0.717578 0.585938 0.716641 0.586377 0.715625 0.586426 0.714844 0.586719 0.714063 0.586914 0.713242 0.587256 0.712773 0.587695 0.712227 0.587939 0.711602 0.588184 0.711055 0.588477 0.710547 0.588379 0.710234 0.588721 0.709766 0.588867 0.709375 0.588867 0.708984 0.589355 0.708594 0.589355 0.708203 0.589844 0.707695 0.590039 0.707031 0.590332 0.706289 0.591064 0.70543 0.591797 0.70457 0.592187 0.703672 0.592676 0.702695 0.592627 0.701836 0.592383 0.700898 0.593018 0.700781 0.594287 0.700781 0.595703 0.700898 0.596387 0.700977 0.596875 0.701172 0.597168 0.701289 0.597705 0.701562 0.598145 0.70168 0.598682 0.701875 0.599219 0.702383 0.599414 0.70293 0.599414 0.703633 0.599609 0.704531 0.599902 0.705508 0.600049 0.706445 0.600293 0.707734 0.600488 0.709258 0.600732 0.71125 0.600928 0.712617 0.601367 0.714492 0.601611 0.716797 0.60166 0.718867 0.601367 0.720156 0.600928 0.720977 0.600293 0.722227 0.599414 0.723125 0.598682 0.723828 0.597949 0.724844 0.59668 0.725977 0.595459 0.726758 0.594434 0.727227 0.593213 0.727812 0.592334 0.728594 0.59126 0.729648 0.590381 0.730469 0.589355 0.730859 0.588867
1 0.491016 0.512695 0.488281 0.512695 0.485547 0.51416 0.482812 0.518799 0.477734 0.526855 0.476562 0.529297 0.476172 0.532715 0.476953 0.537842 0.476797 0.541357 0.477031 0.54375 0.477031 0.545117 0.476914 0.547949 0.476562 0.552246 0.476953 0.552734 0.476953 0.554688 0.477734 0.556152 0.479297 0.556152 0.480859 0.552734 0.482812 0.5479 0.485469 0.545361 0.487969 0.540674 0.488594 0.536572 0.489063 0.534277 0.489531 0.532031 0.489922 0.529443 0.490469 0.526953 0.490898 0.524512 0.491016 0.523145 0.491484 0.521582 0.492148 0.519385 0.492539 0.517676 0.492969 0.514648
1 0.769648 0.555762 0.767656 0.559619 0.76918 0.565479 0.769688 0.568066 0.769922 0.571582 0.770625 0.574512 0.771211 0.577344 0.771563 0.580811 0.772461 0.583301 0.77375 0.586279 0.77543 0.588867 0.776523 0.591699 0.777187 0.594727 0.777656 0.597412 0.779258 0.597949 0.780469 0.596094 0.781094 0.594287 0.781523 0.591016 0.782109 0.588672 0.782891 0.5854 0.783281 0.579883 0.783125 0.576123 0.781758 0.571924 0.779258 0.56709 0.776758 0.562842 0.77582 0.560205 0.774805 0.558057 0.773047 0.555957 0.771211 0.555371
1 0.739844 0.530322 0.738477 0.530713 0.737266 0.531396 0.736211 0.531885 0.734492 0.532666 0.73375 0.533496 0.73293 0.534229 0.732227 0.535156 0.731445 0.536133 0.730664 0.537256 0.729883 0.538525 0.729375 0.539209 0.728867 0.539844 0.728398 0.540527 0.728008 0.541162 0.727969 0.541846 0.727734 0.542578 0.727344 0.543262 0.727109 0.543652 0.726602 0.544775 0.726289 0.54668 0.725938 0.547949 0.725664 0.549463 0.72543 0.552148 0.725781 0.554053 0.725977 0.555371 0.726562 0.557129 0.726992 0.55791 0.727422 0.55835 0.727891 0.558838 0.728164 0.559375 0.728555 0.559912 0.728789 0.560547 0.729063 0.560742 0.729258 0.560937 0.729336 0.561035 0.729609 0.561279 0.729766 0.561328 0.730078 0.561475 0.730508 0.561621 0.731016 0.561719 0.731563 0.561816 0.73207 0.561914 0.732891 0.561963 0.733555 0.561963 0.734219 0.562012 0.734883 0.562012 0.735469 0.56123 0.735938 0.560596 0.736406 0.56001 0.736719 0.559229 0.737227 0.558301 0.737578 0.55752 0.737656 0.557031 0.737539 0.556055 0.737422 0.555518 0.737578 0.554688 0.737891 0.553906 0.738281 0.553223 0.738789 0.552588 0.739141 0.551807 0.739609 0.551074 0.74 0.55 0.740547 0.548877 0.741016 0.547363 0.741172 0.546289 0.741406 0.54541 0.741797 0.544922 0.742305 0.543652 0.742539 0.541943 0.74293 0.540674 0.743242 0.539209 0.743594 0.537891 0.743633 0.535889 0.743359 0.533643 0.743047 0.532373 0.742344 0.531396 0.740977 0.530664
1 0.691641 0.530811 0.691484 0.53252 0.691367 0.53418 0.691406 0.535645 0.691211 0.538232 0.691328 0.540527 0.691406 0.542627 0.691602 0.544678 0.69168 0.545996 0.691953 0.547119 0.692148 0.548486 0.692305 0.549951 0.692422 0.550928 0.692539 0.551514 0.692656 0.552246 0.692773 0.553076 0.692969 0.553857 0.693047 0.55459 0.693164 0.555225 0.693438 0.555811 0.693633 0.556494 0.693945 0.557129 0.694219 0.557715 0.694492 0.558252 0.694883 0.55874 0.695352 0.559375 0.695703 0.560059 0.696016 0.560059 0.696328 0.560352 0.696719 0.560742 0.697227 0.560937 0.697773 0.561328 0.698203 0.561572 0.698945 0.561768 0.699688 0.562061 0.700664 0.562646 0.701484 0.562695 0.702344 0.5625 0.702734 0.5625 0.703555 0.561865 0.704141 0.561133 0.704766 0.560791 0.705313 0.560156 0.705703 0.559326 0.706055 0.558545 0.706055 0.557227 0.705391 0.556396 0.704648 0.555713 0.703828 0.555518 0.702852 0.554883 0.7025 0.553809 0.702305 0.552002 0.702266 0.545752 0.702031 0.543799 0.701836 0.542725 0.701406 0.541309 0.701328 0.539941 0.701172 0.539062 0.700703 0.538428 0.700391 0.537939 0.7 0.537158 0.699336 0.536377 0.698789 0.534863 0.698281 0.53418 0.69793 0.533398 0.697187 0.532422 0.696289 0.531445 0.695625 0.530371 0.694766 0.529834 0.69375 0.529639 0.692578 0.529932
1 0.683242 0.539111 0.682227 0.538525 0.681406 0.538379 0.680703 0.538965 0.679688 0.539502 0.679648 0.540527 0.679727 0.542139 0.68 0.543848 0.680547 0.544824 0.681133 0.546143 0.68125 0.548486 0.68125 0.550293 0.681289 0.551953 0.681328 0.554346 0.681602 0.555127 0.681836 0.555859 0.682148 0.556543 0.682539 0.556787 0.682852 0.557227 0.682813 0.558105 0.683281 0.55835 0.683672 0.559033 0.683867 0.559668 0.684219 0.560205 0.684609 0.560742 0.684766 0.561768 0.684766 0.5625 0.685156 0.562988 0.685156 0.563477 0.685586 0.564404 0.685898 0.565332 0.686172 0.566406 0.686758 0.566992 0.687188 0.56748 0.687617 0.568115 0.687891 0.568945 0.688281 0.569336 0.688672 0.569824 0.688945 0.570605 0.689414 0.571436 0.690391 0.571729 0.691445 0.571582 0.692266 0.57124 0.693125 0.570996 0.694141 0.570703 0.694727 0.570215 0.694805 0.569287 0.694883 0.568359 0.694961 0.567236 0.694727 0.565967 0.694688 0.56416 0.694609 0.561914 0.694063 0.561377 0.693867 0.560205 0.693828 0.558887 0.694141 0.557617 0.69375 0.556836 0.693516 0.55625 0.693281 0.555859 0.693047 0.555127 0.692969 0.55415 0.692656 0.55332 0.692617 0.552246 0.692578 0.551758 0.692578 0.55127 0.691875 0.549316 0.691406 0.548486 0.691055 0.547754 0.690781 0.546875 0.690234 0.54585 0.68957 0.544971 0.689023 0.544092 0.688359 0.543262 0.687852 0.542383 0.687109 0.541992 0.686133 0.541357 0.685352 0.540723 0.684375 0.539844
1 0.451172 0.483398 0.446875 0.48291 0.446484 0.483398 0.442969 0.483398 0.441406 0.484375 0.440234 0.484375 0.437891 0.48584 0.435937 0.488281 0.434375 0.491699 0.433594 0.494629 0.433594 0.49707 0.433984 0.497559 0.433984 0.499023 0.434375 0.499512 0.434375 0.500977 0.435937 0.505859 0.438281 0.508789 0.442578 0.512695 0.446094 0.512695 0.447656 0.51123 0.446719 0.503418 0.446523 0.499365 0.446758 0.495215 0.447344 0.491602 0.448555 0.490186 0.450781 0.488281 0.451953 0.487305 0.452344 0.48584 0.451953 0.484375
1 0.48875 0.640137 0.490039 0.643115 0.492969 0.646484 0.494531 0.651367 0.494531 0.653809 0.494453 0.654541 0.494531 0.655664 0.494531 0.657031 0.494141 0.660645 0.494141 0.668945 0.494141 0.672363 0.492578 0.67627 0.491406 0.677246 0.489453 0.677246 0.487891 0.675293 0.486719 0.672363 0.486328 0.669922 0.485547 0.668457 0.485156 0.665527 0.484375 0.663574 0.484375 0.662109 0.483984 0.661621 0.483984 0.656982 0.484766 0.65332 0.485313 0.646826 0.484492 0.640723 0.485352 0.63667 0.487812 0.6375
1 0.564688 0.62915 0.563125 0.630908 0.560937 0.632812 0.557422 0.634277 0.554297 0.63623 0.551172 0.639648 0.549219 0.641113 0.546875 0.644043 0.544531 0.648438 0.543359 0.651367 0.543359 0.652344 0.539844 0.660156 0.53875 0.663477 0.539766 0.665674 0.541406 0.666504 0.543164 0.666699 0.544531 0.666016 0.548828 0.661621 0.55207 0.657666 0.55457 0.655859 0.556953 0.653955 0.561289 0.649023 0.564375 0.644043 0.565625 0.63916 0.566836 0.635156 0.567969 0.631836 0.568789 0.629248 0.56668 0.627148
1 0.531484 0.550146 0.530703 0.550537 0.529961 0.551172 0.529805 0.552881 0.529844 0.554639 0.529648 0.555811 0.529766 0.556934 0.529648 0.558984 0.529648 0.561084 0.52957 0.563965 0.528906 0.566406 0.528906 0.572266 0.528984 0.573535 0.529297 0.574219 0.529492 0.575049 0.529687 0.575684 0.529805 0.576416 0.530078 0.57666 0.530469 0.577148 0.530469 0.578125 0.530859 0.578613 0.530859 0.579102 0.53125 0.57959 0.53125 0.580078 0.531641 0.580566 0.532266 0.58125 0.532773 0.582324 0.533516 0.583643 0.534336 0.584814 0.535469 0.586328 0.536484 0.587646 0.537891 0.588867 0.539141 0.589941 0.54 0.591113 0.540781 0.592285 0.541641 0.593066 0.542266 0.593555 0.542969 0.593799 0.543789 0.59375 0.544414 0.593311 0.544648 0.59209 0.545078 0.591553 0.54543 0.590869 0.545469 0.590039 0.545234 0.58916 0.545078 0.588379 0.544922 0.587793 0.544727 0.586914 0.544414 0.585938 0.544063 0.585107 0.544023 0.584424 0.543984 0.58374 0.543672 0.583154 0.543398 0.582617 0.543125 0.582031 0.542539 0.581592 0.542422 0.580762 0.542422 0.580029 0.542227 0.579199 0.541992 0.578467 0.541602 0.577881 0.541602 0.577295 0.541406 0.57666 0.541406 0.576172 0.541289 0.575391 0.541016 0.574707 0.540625 0.574219 0.540234 0.573584 0.540117 0.572852 0.539961 0.572217 0.539844 0.571289 0.539844 0.570312 0.539727 0.569434 0.539453 0.568848 0.539258 0.568066 0.539062 0.567383 0.538789 0.566797 0.538438 0.566162 0.538281 0.56543 0.53793 0.564258 0.537891 0.563477 0.537656 0.562793 0.537266 0.562061 0.537031 0.561475 0.536641 0.561035 0.536484 0.560547 0.536094 0.560059 0.535859 0.55957 0.535703 0.55918 0.535586 0.558887 0.535195 0.557959 0.534531 0.556836 0.533828 0.555127 0.533242 0.553613 0.53293 0.552441 0.533047 0.551123 0.532539 0.550293
1 0.502734 0.569336 0.502344 0.568848 0.500781 0.568848 0.498828 0.570312 0.498047 0.570312 0.491406 0.576172 0.487891 0.578125 0.487109 0.578125 0.485938 0.579102 0.482031 0.580566 0.475 0.588867 0.472969 0.592773 0.473828 0.594238 0.477422 0.594141 0.481406 0.593994 0.484766 0.59375 0.490078 0.590332 0.494531 0.585596 0.498867 0.580615 0.501641 0.576904 0.502812 0.574219
1 0.564883 0.546094 0.565742 0.546338 0.566055 0.547412 0.566133 0.548828 0.566445 0.550928 0.566211 0.552686 0.565781 0.55376 0.565156 0.55498 0.565039 0.556152 0.564688 0.557178 0.564102 0.557959 0.563516 0.558789 0.563203 0.559619 0.562812 0.560547 0.562109 0.561572 0.561328 0.562598 0.561016 0.562744 0.560703 0.56333 0.56043 0.563965 0.559805 0.564502 0.559453 0.565039 0.558828 0.565723 0.558047 0.566211 0.557148 0.566748 0.556641 0.567383 0.556133 0.567773 0.555625 0.568262 0.555039 0.568701 0.554375 0.569336 0.553594 0.569775 0.552773 0.570752 0.552187 0.571484 0.551797 0.571826 0.551016 0.572559 0.550156 0.573584 0.549531 0.574561 0.549063 0.57583 0.548672 0.576318 0.548359 0.576758 0.54793 0.577588 0.547148 0.578174 0.545703 0.579102 0.544141 0.579102 0.543164 0.578223 0.5425 0.576416 0.541211 0.573535 0.540937 0.57168 0.54082 0.570166 0.541172 0.568945 0.541016 0.567871 0.541367 0.566992 0.541758 0.565918 0.542031 0.564844 0.542188 0.563965 0.542734 0.562891 0.543711 0.561426 0.544766 0.559961 0.545469 0.55874 0.546758 0.558008 0.548047 0.557129 0.548438 0.557129 0.549219 0.556152 0.55 0.556152 0.550391 0.555664 0.550781 0.555664 0.551172 0.555176 0.551562 0.555176 0.551953 0.554688 0.552344 0.554688 0.553125 0.553711 0.553516 0.553711 0.554297 0.552734 0.554688 0.552734 0.555078 0.552246 0.555469 0.552246 0.555859 0.551758 0.556641 0.551758 0.556953 0.551758 0.557695 0.551709 0.558281 0.551709 0.559063 0.551807 0.559766 0.551807 0.560703 0.551709 0.561289 0.551074 0.56207 0.550586 0.56293 0.549805 0.563281 0.549316 0.563477 0.548047 0.563633 0.54707 0.563945 0.546094
1 0.565664 0.47251 0.56457 0.472754 0.563672 0.473584 0.562812 0.474023 0.562539 0.475195 0.562461 0.47666 0.562188 0.477979 0.561719 0.478955 0.561328 0.479687 0.560937 0.480469 0.560547 0.480957 0.560195 0.481104 0.559766 0.481494 0.559297 0.482373 0.559141 0.483203 0.558828 0.484131 0.558164 0.484766 0.557891 0.486279 0.558125 0.487939 0.558359 0.489258 0.558516 0.490918 0.558594 0.492676 0.55875 0.495215 0.558477 0.497021 0.557734 0.497705 0.557109 0.498779 0.556641 0.499658 0.556758 0.50083 0.556953 0.501758 0.557969 0.502344 0.559375 0.50249 0.560312 0.502539 0.561328 0.501953 0.562109 0.500977 0.5625 0.500977 0.562891 0.500488 0.563398 0.5 0.564023 0.499463 0.564609 0.499023 0.565117 0.498633 0.565742 0.49834 0.566406 0.497754 0.566758 0.497266 0.567266 0.49668 0.567656 0.495947 0.568008 0.495215 0.568203 0.494482 0.568438 0.493652 0.568672 0.492822 0.56918 0.491699 0.569375 0.490332 0.569844 0.488916 0.570391 0.486914 0.570703 0.484717 0.571094 0.483154 0.571055 0.481689 0.570664 0.480225 0.570273 0.478564 0.569922 0.47749 0.569336 0.476416 0.569141 0.475244 0.56875 0.473828 0.568477 0.472656 0.567617 0.471973 0.56668 0.471973
1 0.647109 0.473438 0.64707 0.474316 0.647461 0.475342 0.647773 0.476074 0.647734 0.477246 0.648047 0.478369 0.648398 0.479346 0.648867 0.480566 0.649609 0.481445 0.650078 0.482373 0.650469 0.483545 0.650859 0.484717 0.651055 0.485889 0.651328 0.487061 0.651836 0.488184 0.652187 0.489209 0.652852 0.490186 0.653086 0.49082 0.653477 0.491357 0.653711 0.491504 0.654062 0.491992 0.654531 0.49248 0.654922 0.493262 0.655312 0.494141 0.655781 0.495068 0.656367 0.49585 0.656953 0.496826 0.657578 0.497754 0.658477 0.498877 0.659648 0.500684 0.660586 0.501709 0.661523 0.502588 0.662695 0.503809 0.663906 0.505029 0.664961 0.506152 0.665898 0.507129 0.666641 0.507812 0.667578 0.508545 0.668633 0.509912 0.669766 0.510889 0.670781 0.510986 0.671758 0.510889 0.672773 0.510645 0.67375 0.510596 0.674492 0.508398 0.674219 0.507422 0.673633 0.506543 0.673047 0.505713 0.672656 0.504883 0.672266 0.504395 0.671719 0.504102 0.671523 0.503369 0.671055 0.502539 0.670469 0.50166 0.67 0.500684 0.669687 0.499756 0.669453 0.498926 0.669375 0.498145 0.669102 0.497412 0.668906 0.496826 0.668945 0.496436 0.668633 0.495361 0.66832 0.494629 0.668164 0.493799 0.667734 0.493066 0.667266 0.492188 0.666914 0.491357 0.666484 0.490576 0.666055 0.489697 0.665547 0.48877 0.664844 0.487891 0.664375 0.487305 0.664062 0.486816 0.663281 0.485889 0.662344 0.485107 0.661602 0.48457 0.660859 0.483838 0.659961 0.483057 0.659219 0.48252 0.658125 0.481738 0.657148 0.480859 0.65625 0.480225 0.655273 0.479785 0.654141 0.479346 0.653164 0.478613 0.652266 0.477832 0.651367 0.477051 0.65043 0.476416 0.649727 0.475342 0.649102 0.474414 0.648242 0.473389 0.6475 0.472949
1 0.695273 0.485303 0.694414 0.485156 0.692305 0.485352 0.689961 0.485596 0.688672 0.486328 0.688281 0.486328 0.687891 0.486816 0.6875 0.486816 0.686875 0.487207 0.686328 0.487793 0.685781 0.488135 0.685 0.488916 0.684648 0.4896 0.683789 0.490234 0.683203 0.490723 0.682656 0.491309 0.682031 0.491699 0.68168 0.49248 0.681133 0.493262 0.680664 0.493848 0.680195 0.494629 0.679883 0.495312 0.679336 0.496045 0.678945 0.496582 0.678516 0.49707 0.678242 0.497705 0.677734 0.498535 0.677227 0.499756 0.676562 0.500488 0.676289 0.501367 0.675977 0.502197 0.675781 0.50293 0.675547 0.503564 0.675625 0.504395 0.675703 0.505225 0.675469 0.505908 0.675234 0.506592 0.674844 0.507324 0.674766 0.507764 0.674492 0.508252 0.67418 0.509717 0.673711 0.511279 0.673555 0.512549 0.673438 0.515186 0.673164 0.516748 0.673203 0.518994 0.673672 0.52041 0.674336 0.521777 0.675664 0.522266 0.676289 0.52124 0.677031 0.518652 0.678242 0.516309 0.679102 0.515234 0.680039 0.513867 0.680898 0.512891 0.682031 0.512305 0.682969 0.511377 0.684063 0.510107 0.685 0.509082 0.685664 0.508154 0.686094 0.507617 0.686328 0.507178 0.686641 0.506885 0.686953 0.506592 0.687109 0.506348 0.6875 0.505859 0.687695 0.505225 0.688047 0.504639 0.688359 0.50376 0.688906 0.50332 0.689141 0.502588 0.68957 0.501904 0.69 0.500732 0.690625 0.5 0.691016 0.499268 0.691484 0.498437 0.691719 0.497559 0.692187 0.496875 0.692461 0.496143 0.693047 0.49541 0.693398 0.494824 0.69375 0.494141 0.694102 0.493311 0.694492 0.492578 0.694961 0.492139 0.695312 0.491748 0.695781 0.491406 0.696289 0.490967 0.696758 0.490576 0.696953 0.489795 0.696875 0.488916 0.696758 0.488086 0.696719 0.487354 0.696445 0.486377 0.696133 0.4854
1 0.714063 0.50293 0.713984 0.501953 0.714141 0.501123 0.714375 0.500342 0.714922 0.499707 0.715625 0.499072 0.716406 0.498486 0.717344 0.498242 0.717891 0.498682 0.718516 0.499365 0.719336 0.499902 0.720547 0.500537 0.721367 0.50166 0.722813 0.503027 0.724492 0.504541 0.726094 0.506494 0.72793 0.508838 0.729375 0.510938 0.730391 0.512305 0.731289 0.514014 0.731602 0.51499 0.73207 0.515723 0.732109 0.516211 0.732227 0.516357 0.732461 0.516504 0.732656 0.516943 0.732969 0.517383 0.733125 0.517871 0.733437 0.518213 0.733672 0.518408 0.733906 0.519141 0.734219 0.519775 0.734609 0.520557 0.734844 0.521289 0.735273 0.522217 0.735508 0.522705 0.73582 0.523486 0.73625 0.523877 0.73668 0.524219 0.737148 0.524512 0.7375 0.525098 0.738398 0.525537 0.739141 0.526514 0.739414 0.527686 0.738984 0.528857 0.738047 0.529346 0.73707 0.529492 0.735859 0.52959 0.734141 0.529687 0.732695 0.529687 0.73125 0.529492 0.730078 0.529443 0.729336 0.528857 0.728672 0.527979 0.727656 0.527393 0.72668 0.526465 0.725859 0.525879 0.725156 0.525098 0.724375 0.524268 0.723477 0.523438 0.72293 0.522461 0.722266 0.521631 0.721719 0.52085 0.721484 0.520166 0.721211 0.51958 0.72082 0.518701 0.720469 0.518359 0.720078 0.517725 0.719805 0.517383 0.719531 0.51709 0.719141 0.516602 0.719141 0.516113 0.71875 0.515625 0.71875 0.515137 0.718359 0.514648 0.718359 0.513672 0.717969 0.513184 0.717969 0.512695 0.717656 0.511914 0.717187 0.51123 0.71668 0.510303 0.716406 0.509766 0.716172 0.509229 0.716016 0.508789 0.715898 0.508301 0.715625 0.50752 0.715273 0.506689 0.715117 0.506006 0.714805 0.505029 0.714336 0.503955
1 0.729102 0.468555 0.729102 0.467334 0.728906 0.46626 0.728125 0.465576 0.727539 0.465381 0.726758 0.465723 0.725938 0.466406 0.725508 0.467285 0.725117 0.468408 0.72457 0.469385 0.723359 0.470264 0.721719 0.47085 0.720742 0.471436 0.720078 0.472656 0.719492 0.473291 0.718438 0.474609 0.717539 0.475293 0.716797 0.475586 0.716211 0.476807 0.715664 0.477734 0.715117 0.478174 0.714414 0.479297 0.713516 0.480566 0.713086 0.481055 0.712891 0.481445 0.712695 0.481787 0.712344 0.482373 0.712109 0.482764 0.71168 0.483496 0.711172 0.484229 0.710781 0.485498 0.710234 0.486377 0.709961 0.487354 0.709375 0.488574 0.709063 0.489893 0.708945 0.490674 0.708867 0.491699 0.708242 0.492822 0.7075 0.493164 0.706406 0.493896 0.705273 0.494141 0.704922 0.495312 0.704922 0.496289 0.705273 0.497266 0.705625 0.497803 0.705898 0.498486 0.706562 0.499268 0.707227 0.499463 0.708047 0.499902 0.708437 0.499854 0.709023 0.5 0.709883 0.500244 0.710938 0.499805 0.71207 0.499902 0.712891 0.5 0.713281 0.499512 0.714063 0.499512 0.714453 0.499023 0.714844 0.499023 0.715234 0.498535 0.715547 0.497949 0.715898 0.497559 0.716172 0.496777 0.716758 0.496143 0.717266 0.495508 0.717773 0.494824 0.718398 0.494189 0.718906 0.493262 0.719492 0.492578 0.720195 0.492188 0.720547 0.491309 0.721641 0.489844 0.7225 0.488672 0.72332 0.487842 0.723945 0.486719 0.724844 0.485449 0.725547 0.483984 0.726094 0.482666 0.726328 0.481592 0.726719 0.480322 0.727031 0.479346 0.727344 0.477881 0.7275 0.477148 0.727734 0.476416 0.727852 0.475732 0.727969 0.475391 0.728164 0.474805 0.728281 0.474023 0.728711 0.473047 0.729023 0.471973 0.729063 0.469971
1 0.694141 0.450684 0.694141 0.451172 0.69375 0.45166 0.69375 0.452637 0.693906 0.454053 0.694883 0.455078 0.695508 0.455713 0.696289 0.456641 0.696758 0.457715 0.697578 0.458789 0.698281 0.459424 0.698984 0.460254 0.699727 0.461182 0.700937 0.462402 0.701953 0.463623 0.703047 0.464648 0.704336 0.465869 0.705469 0.467334 0.706289 0.467969 0.706992 0.468604 0.707734 0.468896 0.708437 0.468945 0.708984 0.469434 0.709375 0.469824 0.709648 0.470215 0.710313 0.470605 0.711406 0.471094 0.712266 0.471729 0.713438 0.471973 0.714766 0.471875 0.716367 0.471387 0.717617 0.471191 0.718594 0.471094 0.719492 0.471191 0.720273 0.471484 0.721094 0.47124 0.722031 0.470605 0.722539 0.470117 0.722461 0.469287 0.721641 0.468604 0.720977 0.46748 0.72043 0.466748 0.719531 0.466309 0.718867 0.465674 0.718281 0.465283 0.717969 0.464697 0.717227 0.464111 0.716641 0.463477 0.715898 0.462793 0.715352 0.461963 0.714609 0.461475 0.714141 0.46084 0.713438 0.459912 0.712734 0.45918 0.712148 0.458496 0.711562 0.457764 0.710586 0.456738 0.709727 0.455859 0.708984 0.455078 0.708633 0.454834 0.708203 0.45459 0.707812 0.454102 0.707422 0.454102 0.707031 0.453613 0.706602 0.453076 0.706211 0.452686 0.705898 0.452539 0.705469 0.452393 0.704844 0.452246 0.704297 0.452148 0.703867 0.451562 0.703125 0.451172 0.702539 0.450781 0.701953 0.450195 0.701562 0.450195 0.701172 0.449707 0.700391 0.449707 0.7 0.449219 0.698203 0.448926 0.696836 0.448193 0.695625 0.448193 0.694688 0.449268 0.694531 0.450195
1 0.804922 0.451465 0.803984 0.453174 0.802695 0.454785 0.801562 0.456445 0.800898 0.457861 0.8 0.459473 0.8 0.459961 0.799219 0.460938 0.799219 0.461426 0.798828 0.461914 0.798828 0.462402 0.798438 0.462891 0.798438 0.463867 0.798047 0.464355 0.798047 0.478516 0.798438 0.479004 0.798438 0.480957 0.798828 0.481445 0.798828 0.48291 0.799219 0.483398 0.799219 0.483887 0.799609 0.484375 0.799844 0.484473 0.800195 0.484521 0.800664 0.484961 0.801016 0.485498 0.80125 0.485889 0.801523 0.486328 0.802031 0.486621 0.802305 0.487451 0.802773 0.488037 0.803008 0.489111 0.803594 0.490332 0.804063 0.490918 0.804141 0.491699 0.804844 0.492627 0.805078 0.493652 0.805859 0.494629 0.807031 0.494629 0.807422 0.494141 0.807813 0.494141 0.808203 0.493652 0.808594 0.494043 0.808594 0.493262 0.808594 0.492188 0.808984 0.491699 0.808984 0.490723 0.808789 0.489746 0.808633 0.488428 0.808477 0.486426 0.808047 0.484521 0.80832 0.482764 0.808555 0.477881 0.80875 0.474805 0.808789 0.472266 0.80875 0.470654 0.808711 0.468701 0.808594 0.467236 0.808398 0.465723 0.80832 0.464551 0.808086 0.463281 0.808047 0.461719 0.807617 0.460889 0.807227 0.460254 0.80707 0.459277 0.806953 0.45835 0.806797 0.457227 0.806797 0.456055 0.80668 0.452295 0.805781 0.450977
1 0.800508 0.456641 0.802266 0.454785 0.803711 0.452832 0.804375 0.450928 0.804648 0.448975 0.803086 0.447266 0.800742 0.447461 0.797734 0.447754 0.793438 0.445654 0.784258 0.444727 0.778125 0.449219 0.774492 0.452783 0.772344 0.454492 0.770898 0.455713 0.770742 0.45791 0.772578 0.458887 0.775312 0.45874 0.777695 0.458887 0.78082 0.459717 0.785703 0.459717 0.792344 0.459229 0.797383 0.457959
1 0.678438 0.419336 0.676484 0.420312 0.675742 0.42251 0.677305 0.42334 0.680586 0.42373 0.683125 0.422998 0.685117 0.42373 0.687852 0.424463 0.692227 0.424805 0.698945 0.424316 0.704609 0.42373 0.707539 0.422998 0.71082 0.42334 0.712578 0.421143 0.712187 0.417822 0.710508 0.415137 0.705352 0.413916 0.699414 0.411279 0.692773 0.410547 0.688281 0.411523 0.686055 0.413086 0.682031 0.416016 0.679883 0.418213
1 0.692695 0.395605 0.69293 0.394531 0.692344 0.393408 0.691484 0.392432 0.690703 0.39209 0.689492 0.391943 0.68832 0.392139 0.687617 0.392773 0.687031 0.393555 0.685898 0.393848 0.684219 0.394336 0.682422 0.394775 0.680742 0.395752 0.679727 0.396289 0.678164 0.397217 0.677148 0.398486 0.675742 0.399658 0.674844 0.400977 0.674063 0.401953 0.673516 0.403027 0.673047 0.404297 0.672695 0.404834 0.672266 0.405566 0.672148 0.405908 0.671953 0.406201 0.671797 0.406641 0.671641 0.40708 0.67125 0.407617 0.670977 0.408398 0.67082 0.409131 0.670352 0.410156 0.670156 0.411719 0.670312 0.413086 0.670312 0.413574 0.669531 0.414551 0.669531 0.415039 0.669141 0.415527 0.669141 0.416992 0.668477 0.418457 0.667695 0.419922 0.667383 0.420996 0.666797 0.422607 0.666328 0.424316 0.666016 0.426123 0.667305 0.425635 0.668672 0.424072 0.670234 0.422754 0.671484 0.422021 0.672656 0.421143 0.673359 0.421045 0.673984 0.421094 0.674727 0.421045 0.675469 0.42124 0.67582 0.421045 0.676172 0.420898 0.676445 0.420557 0.676875 0.420166 0.677305 0.419775 0.677773 0.419434 0.67832 0.419141 0.678633 0.418896 0.678906 0.418457 0.679766 0.416748 0.680781 0.415674 0.682031 0.414404 0.683437 0.412842 0.684727 0.411377 0.685391 0.410205 0.685859 0.40918 0.686367 0.408643 0.686719 0.408203 0.686875 0.407324 0.687109 0.406738 0.6875 0.40625 0.6875 0.405762 0.687891 0.405273 0.687891 0.404785 0.688047 0.403906 0.688828 0.402539 0.68918 0.401562 0.689648 0.400879 0.690195 0.400293 0.690625 0.399756 0.691016 0.399414 0.691367 0.398926 0.691953 0.39751 0.692344 0.396533
1 0.714258 0.397998 0.712852 0.399316 0.711016 0.400146 0.708945 0.399854 0.707109 0.400879 0.706953 0.403369 0.706992 0.413525 0.708125 0.418604 0.710234 0.424023 0.712383 0.422949 0.713711 0.421973 0.715391 0.421826 0.717344 0.420947 0.719883 0.418408 0.721445 0.415918 0.722383 0.412939 0.72207 0.408936 0.720625 0.406152 0.719141 0.403271 0.71793 0.401025 0.716133 0.398828
1 0.647656 0.386719 0.646953 0.383691 0.646484 0.383057 0.645312 0.383301 0.644531 0.384668 0.643437 0.386816 0.642188 0.388428 0.641719 0.388818 0.641328 0.389258 0.640859 0.389697 0.640625 0.390186 0.640352 0.390625 0.640039 0.39126 0.639453 0.391992 0.638945 0.393359 0.638281 0.394531 0.637305 0.39585 0.636445 0.397461 0.635469 0.398828 0.634414 0.400244 0.63332 0.401562 0.632188 0.402832 0.631289 0.403857 0.630469 0.404785 0.629648 0.405273 0.628828 0.405762 0.628047 0.406152 0.627266 0.406641 0.626406 0.407227 0.62582 0.408008 0.625703 0.409082 0.625938 0.4104 0.626563 0.411426 0.6275 0.4125 0.628711 0.412598 0.63043 0.412402 0.631602 0.412451 0.633164 0.412305 0.634219 0.412256 0.635234 0.412158 0.636562 0.411475 0.637422 0.410938 0.638359 0.410352 0.639414 0.409961 0.640469 0.40918 0.64125 0.408252 0.642188 0.407227 0.642578 0.407227 0.643359 0.40625 0.643437 0.405859 0.643516 0.404932 0.643789 0.404541 0.644141 0.403906 0.644531 0.403516 0.644648 0.403125 0.644961 0.402588 0.645312 0.40166 0.645703 0.400977 0.646133 0.400391 0.646484 0.399707 0.646758 0.399023 0.646953 0.397705 0.647188 0.395654 0.64707 0.39292 0.647461 0.390479
1 0.631641 0.359863 0.630078 0.360352 0.62832 0.360498 0.628086 0.364404 0.628164 0.367285 0.626758 0.369531 0.625391 0.371436 0.624062 0.375244 0.623086 0.379248 0.623203 0.384424 0.623437 0.38623 0.624727 0.389844 0.626172 0.39292 0.628008 0.396631 0.628867 0.399951 0.629687 0.402539 0.631406 0.402002 0.633672 0.39873 0.635156 0.395605 0.635508 0.392529 0.635156 0.390625 0.635078 0.389307 0.635547 0.387695 0.635547 0.385254 0.635781 0.383545 0.635938 0.380859 0.636562 0.377246 0.637148 0.373975 0.637383 0.369531 0.636875 0.365869 0.635469 0.362207 0.633711 0.359912
1 0.573203 0.419482 0.572187 0.417529 0.570898 0.417529 0.570117 0.419482 0.56957 0.420557 0.568828 0.421484 0.568477 0.421875 0.567969 0.422363 0.567578 0.422852 0.567187 0.422852 0.566055 0.4229 0.564883 0.423486 0.564063 0.423828 0.563633 0.424463 0.563203 0.424756 0.562656 0.425195 0.561562 0.425879 0.560156 0.427441 0.559531 0.428467 0.558867 0.429395 0.558555 0.429883 0.558047 0.430273 0.557617 0.430518 0.556992 0.430908 0.556719 0.431348 0.556289 0.431689 0.555859 0.43208 0.555195 0.43252 0.554492 0.433057 0.553633 0.433838 0.553164 0.434375 0.552578 0.435107 0.552187 0.435547 0.55168 0.435937 0.551172 0.436035 0.550234 0.436475 0.549141 0.437256 0.548125 0.437744 0.547187 0.438623 0.546328 0.439551 0.545352 0.44082 0.54543 0.442969 0.545742 0.443701 0.546289 0.444434 0.547031 0.44502 0.54707 0.446289 0.54707 0.447998 0.547227 0.449268 0.548828 0.449414 0.550352 0.448779 0.55207 0.448047 0.554063 0.447412 0.556133 0.447021 0.558125 0.445605 0.558828 0.445068 0.559531 0.444678 0.560039 0.444434 0.560586 0.444238 0.56125 0.443848 0.562031 0.443359 0.562852 0.442969 0.563672 0.442188 0.564453 0.441699 0.565234 0.44082 0.566406 0.439453 0.566836 0.438916 0.567266 0.438623 0.567734 0.438135 0.568359 0.437402 0.568984 0.436572 0.569492 0.435791 0.570039 0.434863 0.570469 0.43418 0.571055 0.433447 0.571523 0.43252 0.571875 0.431787 0.572187 0.431006 0.572813 0.429932 0.57332 0.429004 0.573359 0.427441 0.573438 0.426025 0.573359 0.424658 0.573477 0.423633 0.573477 0.422363 0.573516 0.420947
1 0.575859 0.349121 0.575156 0.350879 0.574727 0.352832 0.57418 0.354297 0.573438 0.355957 0.573125 0.35791 0.572617 0.359717 0.572617 0.363574 0.572656 0.367188 0.572578 0.368506 0.573047 0.370117 0.573438 0.370605 0.573438 0.372559 0.573555 0.373535 0.574102 0.37417 0.574258 0.375244 0.574883 0.376855 0.575625 0.377637 0.576836 0.378809 0.579102 0.380176 0.581211 0.381689 0.583047 0.38291 0.584375 0.384229 0.58543 0.385596 0.586094 0.386865 0.586992 0.387891 0.588203 0.388379 0.588789 0.387207 0.589727 0.385547 0.590195 0.383887 0.590156 0.382373 0.590039 0.381201 0.589883 0.380127 0.589453 0.37959 0.588867 0.379102 0.588359 0.37832 0.588125 0.377539 0.587695 0.376953 0.587344 0.37627 0.586836 0.375635 0.586406 0.374805 0.586094 0.373828 0.585898 0.373096 0.585547 0.372266 0.58543 0.371484 0.585313 0.370654 0.585156 0.369727 0.584766 0.369189 0.584648 0.368555 0.584336 0.368066 0.584141 0.367578 0.583945 0.367188 0.58375 0.366357 0.583672 0.365332 0.583672 0.364258 0.583594 0.363281 0.583594 0.362305 0.583203 0.361816 0.583203 0.361328 0.582812 0.36084 0.582812 0.360352 0.5825 0.359375 0.582344 0.358496 0.581992 0.357715 0.581445 0.357324 0.581055 0.356934 0.580859 0.356445 0.580469 0.355957 0.579961 0.355371 0.579688 0.354492 0.579688 0.354004 0.579297 0.353516 0.578906 0.352344 0.578437 0.351318 0.577695 0.349707 0.576953 0.348877
1 0.438281 0.270508 0.437773 0.268213 0.435039 0.267236 0.433945 0.27085 0.429258 0.270605 0.423047 0.269287 0.41875 0.27002 0.415039 0.272363 0.411719 0.275146 0.40918 0.275977 0.406367 0.275635 0.405 0.277002 0.405859 0.278564 0.409102 0.279785 0.412109 0.281494 0.414648 0.282471 0.417969 0.283691 0.418359 0.28418 0.421484 0.28418 0.423711 0.284424 0.426172 0.283691 0.430195 0.282373 0.432734 0.281006 0.434961 0.279687 0.436914 0.278076 0.438281 0.274951
1 0.574883 0.406836 0.575391 0.405859 0.575156 0.405029 0.574414 0.404541 0.573711 0.40415 0.572891 0.404297 0.572031 0.404687 0.57125 0.405273 0.570352 0.405664 0.569531 0.406201 0.56875 0.406738 0.568359 0.407227 0.567578 0.407227 0.567187 0.407715 0.566875 0.408252 0.566289 0.408594 0.565547 0.408936 0.564844 0.40918 0.56418 0.409863 0.563242 0.410596 0.562109 0.411621 0.561016 0.411865 0.560156 0.412305 0.559727 0.412256 0.558984 0.412842 0.558203 0.413232 0.556992 0.41377 0.556016 0.414844 0.555195 0.416016 0.554336 0.417529 0.553242 0.418701 0.552695 0.42041 0.552109 0.422314 0.551445 0.424023 0.551445 0.425684 0.550508 0.428369 0.54918 0.429883 0.548438 0.431104 0.548516 0.431934 0.548984 0.433203 0.550273 0.433594 0.551406 0.432764 0.552344 0.431445 0.553398 0.430371 0.554375 0.429346 0.555508 0.42876 0.556797 0.427881 0.557617 0.427734 0.558242 0.427588 0.558984 0.427734 0.559766 0.427539 0.560547 0.426758 0.560937 0.426758 0.561719 0.425781 0.562109 0.425781 0.563281 0.424316 0.563672 0.424316 0.566172 0.421289 0.567383 0.420508 0.567969 0.419434 0.568828 0.418164 0.569922 0.41748 0.570352 0.41626 0.570664 0.414941 0.571523 0.413965 0.572187 0.41333 0.572734 0.412256 0.573438 0.411523 0.573828 0.411133 0.573945 0.410742 0.574141 0.410205 0.574102 0.409766 0.574102 0.409082 0.574453 0.408203
1 0.525469 0.399854 0.524648 0.401221 0.523906 0.402344 0.523242 0.403906 0.522891 0.404443 0.522383 0.404639 0.522188 0.405078 0.521875 0.405371 0.521484 0.405664 0.52125 0.40625 0.521094 0.407324 0.520898 0.408789 0.520742 0.409961 0.520703 0.411328 0.520586 0.413086 0.520312 0.415234 0.520117 0.417529 0.519961 0.419531 0.520156 0.42124 0.520234 0.423096 0.520312 0.424951 0.520312 0.42627 0.520352 0.427295 0.520703 0.42832 0.521328 0.42915 0.522148 0.429688 0.522852 0.430566 0.523516 0.430957 0.524453 0.431592 0.525312 0.431934 0.525859 0.432617 0.526523 0.433838 0.527266 0.435254 0.527813 0.436133 0.52875 0.43584 0.52957 0.435449 0.530117 0.434473 0.530078 0.433643 0.530078 0.432617 0.530156 0.431592 0.530039 0.430322 0.530312 0.429053 0.530703 0.427197 0.53125 0.426514 0.53125 0.420996 0.530859 0.417969 0.530508 0.414502 0.530469 0.411621 0.530273 0.40874 0.530508 0.407031 0.530547 0.405225 0.531055 0.402539 0.531172 0.40127 0.531055 0.4 0.530547 0.399316 0.529805 0.398877 0.528203 0.398828 0.527031 0.398926
1 0.0949219 0.15459 0.0937891 0.155957 0.0933984 0.158203 0.0932813 0.158691 0.0932813 0.159424 0.0931641 0.159961 0.093125 0.1604 0.0930469 0.160742 0.0929297 0.161133 0.0926953 0.161719 0.0924219 0.162598 0.0921484 0.163477 0.0917188 0.164062 0.0917188 0.164551 0.0915234 0.165527 0.0913281 0.166602 0.0909375 0.167578 0.0904297 0.169336 0.0901563 0.170996 0.0898438 0.17334 0.0897656 0.175391 0.0910156 0.182617 0.0914062 0.183105 0.0914062 0.183594 0.0917969 0.184082 0.0917969 0.185059 0.0921875 0.185547 0.0926172 0.187109 0.0930078 0.188232 0.0934375 0.189258 0.0933594 0.19043 0.0933594 0.190918 0.0933594 0.19209 0.0932031 0.193359 0.093125 0.194629 0.0933984 0.195459 0.09375 0.196533 0.0942187 0.197217 0.0947656 0.197803 0.0951562 0.197803 0.0957422 0.198145 0.0964062 0.198242 0.0971094 0.198242 0.0979297 0.197998 0.0985156 0.197168 0.0989453 0.196533 0.0992187 0.195312 0.0996094 0.194824 0.0996094 0.194336 0.1 0.193848 0.1 0.193359 0.100391 0.192871 0.100664 0.191895 0.100781 0.190918 0.101172 0.189746 0.101172 0.188477 0.101367 0.187305 0.101562 0.186523 0.101562 0.185059 0.101797 0.180859 0.102344 0.179395 0.102656 0.177148 0.102734 0.175928 0.102734 0.174805 0.102734 0.17334 0.102539 0.172705 0.102344 0.171875 0.102266 0.171289 0.101953 0.17041 0.101719 0.169727 0.101562 0.168945 0.101484 0.167676 0.101172 0.166504 0.101016 0.165479 0.100664 0.164307 0.0999219 0.163672 0.099375 0.163232 0.0988281 0.1625 0.0985938 0.16167 0.0983203 0.160938 0.0980469 0.160059 0.0978906 0.159326 0.0977734 0.158691 0.0976562 0.158203 0.0972656 0.156299 0.0960547 0.15459
1 0.520312 0.399609 0.519648 0.399316 0.519023 0.399365 0.518437 0.400146 0.517969 0.40083 0.516719 0.401074 0.515664 0.401123 0.514453 0.401074 0.513672 0.401855 0.512695 0.402246 0.5125 0.402832 0.512109 0.402832 0.511484 0.403271 0.510938 0.403809 0.510547 0.404297 0.509805 0.405127 0.508984 0.405762 0.508672 0.406104 0.508203 0.406641 0.507656 0.40708 0.507344 0.407666 0.506953 0.408398 0.506484 0.409131 0.506328 0.410205 0.50625 0.411426 0.505977 0.412695 0.505859 0.414111 0.50582 0.415674 0.505977 0.417236 0.506172 0.418994 0.50625 0.420898 0.50625 0.422852 0.506641 0.42334 0.506641 0.424805 0.507031 0.425293 0.507031 0.426758 0.507422 0.427246 0.507422 0.427734 0.507812 0.428223 0.507812 0.428711 0.508594 0.429688 0.508594 0.430176 0.508984 0.430664 0.509375 0.430664 0.509766 0.431152 0.510273 0.431494 0.511328 0.431738 0.513008 0.431152 0.514102 0.429688 0.514492 0.429004 0.514844 0.427734 0.51543 0.426904 0.515664 0.425977 0.515859 0.424512 0.516289 0.423193 0.516602 0.421436 0.516641 0.419824 0.516641 0.418701 0.517031 0.417529 0.517461 0.416455 0.517578 0.415332 0.517656 0.414551 0.518047 0.413818 0.518398 0.413379 0.518789 0.412646 0.519023 0.412402 0.519297 0.412256 0.519531 0.412109 0.519922 0.411621 0.519922 0.411133 0.520312 0.410645 0.520312 0.410156 0.520703 0.409668 0.520703 0.408691 0.521094 0.408203 0.521094 0.407715 0.521484 0.407227 0.521484 0.40625 0.521875 0.405762 0.522031 0.403467 0.521953 0.402344 0.521953 0.401221 0.521523 0.40083 0.520859 0.4
1 0.479727 0.421729 0.477734 0.422852 0.477344 0.42334 0.476953 0.42334 0.476562 0.423828 0.476172 0.423828 0.475156 0.424805 0.474219 0.426074 0.473828 0.427246 0.473828 0.427734 0.473047 0.428711 0.473047 0.429199 0.472344 0.430322 0.471875 0.431592 0.471562 0.433057 0.471172 0.43501 0.471016 0.437012 0.470977 0.440527 0.471133 0.443945 0.471797 0.44585 0.471758 0.447949 0.472109 0.45 0.472383 0.451172 0.473047 0.45166 0.473438 0.452148 0.473984 0.45332 0.474531 0.454297 0.474922 0.455713 0.475234 0.457031 0.475703 0.457715 0.475742 0.458105 0.475781 0.458691 0.476406 0.459326 0.476562 0.460498 0.477148 0.461328 0.477266 0.462402 0.477344 0.463281 0.477891 0.463965 0.478828 0.464307 0.47957 0.463916 0.479922 0.462744 0.479922 0.461377 0.479922 0.458936 0.479805 0.457324 0.479766 0.455225 0.480625 0.454297 0.481328 0.453174 0.481875 0.452197 0.482461 0.450488 0.482969 0.44668 0.482383 0.439648 0.481523 0.435156 0.481484 0.432764 0.481328 0.428809 0.481328 0.427295 0.481328 0.425635 0.481289 0.424414 0.481055 0.422998 0.480508 0.422021
1 0.473711 0.373486 0.473633 0.374512 0.473594 0.375244 0.473438 0.375977 0.473242 0.377441 0.473555 0.378613 0.474023 0.379785 0.474219 0.381641 0.474062 0.383057 0.474414 0.384424 0.474688 0.385742 0.475 0.386768 0.475039 0.387939 0.475391 0.389648 0.475391 0.390137 0.475781 0.390625 0.475781 0.391602 0.476172 0.39209 0.476172 0.393066 0.476562 0.393555 0.476562 0.394531 0.476953 0.39502 0.477227 0.395313 0.477578 0.395654 0.477891 0.395801 0.478203 0.396387 0.478594 0.396875 0.47918 0.398047 0.479531 0.39873 0.479883 0.399756 0.480352 0.400879 0.480938 0.401855 0.481953 0.403418 0.483008 0.404639 0.483516 0.405566 0.484063 0.40625 0.484297 0.407129 0.484375 0.408203 0.484453 0.409082 0.484766 0.409814 0.485352 0.410254 0.485938 0.410693 0.486719 0.410645 0.487578 0.410156 0.487891 0.409082 0.488281 0.408398 0.48832 0.40791 0.488398 0.406982 0.488398 0.405615 0.488672 0.403662 0.489297 0.402637 0.489883 0.401758 0.490078 0.397656 0.490234 0.39502 0.490234 0.393555 0.489844 0.393066 0.489844 0.392578 0.489453 0.39209 0.489453 0.391602 0.488594 0.389551 0.488203 0.388428 0.487852 0.387939 0.487656 0.387402 0.487344 0.386719 0.48707 0.386035 0.486836 0.385107 0.486172 0.384717 0.485781 0.38418 0.485469 0.383691 0.485039 0.383203 0.484766 0.382812 0.483984 0.381836 0.483984 0.381348 0.483594 0.380859 0.48293 0.38042 0.482734 0.380127 0.482344 0.379492 0.481836 0.378906 0.481328 0.378125 0.480742 0.377246 0.480156 0.37627 0.479883 0.375049 0.479727 0.373828 0.479609 0.372754 0.479492 0.371631 0.478711 0.370801 0.477773 0.371191 0.476758 0.371582 0.475547 0.371875 0.474141 0.37207
1 0.096875 0.140625 0.0957031 0.14209 0.0957031 0.144043 0.0960938 0.144531 0.0960938 0.146484 0.0964844 0.146973 0.0964844 0.147461 0.096875 0.147949 0.096875 0.148438 0.0972656 0.148926 0.0972656 0.149414 0.0976562 0.149902 0.0976562 0.150391 0.0980469 0.150879 0.0980469 0.151367 0.0984766 0.152344 0.0992187 0.15332 0.0999219 0.15459 0.100664 0.155371 0.101641 0.15625 0.102148 0.156934 0.102734 0.157324 0.103281 0.157568 0.103906 0.157715 0.104375 0.158398 0.105 0.159229 0.105664 0.15957 0.106211 0.160059 0.107109 0.160498 0.108047 0.160791 0.108789 0.161621 0.10957 0.162842 0.109766 0.163574 0.109883 0.1646 0.110078 0.16582 0.110781 0.166309 0.110977 0.167041 0.111445 0.167822 0.111641 0.169189 0.112109 0.17041 0.112813 0.171436 0.113672 0.171973 0.114531 0.172559 0.115273 0.172363 0.116016 0.171875 0.117578 0.169922 0.117578 0.165039 0.117188 0.164551 0.117188 0.164062 0.116797 0.163574 0.116797 0.162598 0.116016 0.161621 0.116016 0.161133 0.115234 0.160156 0.115234 0.159668 0.113164 0.157617 0.111563 0.156104 0.110273 0.154736 0.109258 0.153174 0.108125 0.15166 0.106992 0.150342 0.106172 0.149121 0.105234 0.147852 0.104062 0.146484 0.102383 0.143701 0.100664 0.141504 0.0996094 0.140137 0.0992187 0.139648 0.0988281 0.139648 0.0984375 0.140137 0.0976562 0.140137 0.0972656 0.140625
1 0.255078 0.31543 0.253125 0.317871 0.253125 0.320801 0.259375 0.334961 0.26707 0.344727 0.271875 0.349609 0.273047 0.347656 0.272031 0.341797 0.272266 0.334961 0.269141 0.326172 0.262891 0.317871
1 0.298438 0.341309 0.297656 0.346191 0.299609 0.354004 0.303906 0.362305 0.315234 0.375488 0.317188 0.376465 0.320312 0.375977 0.321094 0.375 0.321094 0.371582 0.315625 0.35791 0.303516 0.343262
1 0.35 0.361816 0.348438 0.364258 0.348438 0.369629 0.351992 0.369971 0.352344 0.382324 0.353125 0.384277 0.355469 0.387695 0.357031 0.391602 0.357812 0.39209 0.360938 0.39209 0.361719 0.391602 0.362891 0.389648 0.365625 0.382812 0.365625 0.380859 0.366016 0.380371 0.366016 0.374512 0.365625 0.374023 0.365625 0.372559 0.362891 0.365723 0.360547 0.362793 0.357031 0.36084 0.354687 0.36084 0.354297 0.360352
0 0.315195 0.297998 0.313359 0.297998 0.311992 0.298926 0.310937 0.299805 0.310195 0.301074 0.309805 0.301758 0.309336 0.30249 0.309023 0.302783 0.308672 0.302979 0.307969 0.30376 0.307344 0.304199 0.307109 0.304883 0.306523 0.305518 0.30582 0.305908 0.305312 0.306543 0.304922 0.307373 0.304297 0.307617 0.304297 0.308105 0.303906 0.308594 0.303906 0.309082 0.303125 0.310059 0.303125 0.310547 0.302734 0.311035 0.302734 0.311523 0.301953 0.3125 0.301953 0.312988 0.301563 0.313477 0.301563 0.314453 0.301172 0.314941 0.301172 0.317871 0.300781 0.318359 0.300586 0.321143 0.301172 0.323486 0.301484 0.325146 0.301836 0.326953 0.301992 0.328369 0.302813 0.33042 0.303789 0.331396 0.30418 0.331787 0.30457 0.332227 0.304688 0.332959 0.304844 0.333545 0.305078 0.33418 0.30543 0.334668 0.305742 0.335205 0.305977 0.336035 0.306406 0.336572 0.306992 0.337256 0.307695 0.337988 0.30832 0.338721 0.308906 0.33833 0.309258 0.337549 0.308945 0.336279 0.308828 0.335547 0.308789 0.334814 0.308359 0.333984 0.308281 0.332959 0.308359 0.332031 0.308086 0.330859 0.308086 0.329736 0.308359 0.328369 0.30918 0.327051 0.309727 0.326025 0.310312 0.324951 0.311211 0.323828 0.311602 0.3229 0.311914 0.32168 0.312227 0.320752 0.3125 0.319824 0.312891 0.319336 0.312891 0.318359 0.313437 0.317236 0.313711 0.316113 0.313672 0.314941 0.313828 0.314063 0.314297 0.310547 0.314961 0.307666 0.315781 0.30542 0.316914 0.304297 0.317148 0.302344 0.316953 0.300928 0.316875 0.299512 0.316016 0.298584
1 0.337109 0.30957 0.337109 0.312988 0.3375 0.313477 0.3375 0.314453 0.337891 0.314941 0.337891 0.31543 0.338047 0.316992 0.339102 0.31792 0.340547 0.318799 0.341836 0.319238 0.342578 0.319824 0.342969 0.319824 0.343359 0.319775 0.343828 0.319775 0.344297 0.32002 0.344844 0.320117 0.345547 0.320312 0.345859 0.320605 0.346523 0.320703 0.347109 0.320996 0.348008 0.321191 0.348984 0.321191 0.350469 0.321582 0.351875 0.321338 0.355469 0.321826 0.358711 0.32207 0.361875 0.322168 0.363477 0.32168 0.364961 0.321289 0.366016 0.321094 0.36707 0.321191 0.367969 0.321631 0.368359 0.321777 0.369141 0.321777 0.369531 0.321289 0.370312 0.321289 0.370703 0.320801 0.371484 0.320801 0.371875 0.320312 0.37293 0.320312 0.373437 0.318848 0.37418 0.318066 0.374141 0.316846 0.373398 0.315723 0.372656 0.314941 0.371563 0.315137 0.371016 0.315137 0.370312 0.314844 0.36957 0.314795 0.368906 0.314453 0.368164 0.3146 0.3675 0.314307 0.366758 0.313623 0.365781 0.312744 0.365039 0.311963 0.364063 0.311523 0.363672 0.311035 0.362891 0.311035 0.3625 0.310547 0.362109 0.310547 0.361719 0.310059 0.360859 0.309131 0.359648 0.307959 0.359023 0.306787 0.357891 0.305469 0.356328 0.304492 0.355 0.304443 0.354141 0.304346 0.353164 0.30376 0.352695 0.303662 0.351953 0.303418 0.35082 0.302979 0.349609 0.30293 0.348164 0.302686 0.346328 0.302637 0.344922 0.302734 0.344531 0.303223 0.343906 0.302832 0.342734 0.302881 0.342031 0.302979 0.341328 0.302881 0.340117 0.302881 0.339492 0.303516 0.338672 0.304346 0.338281 0.305371 0.337695 0.306201 0.337656 0.306787 0.338281 0.307324 0.337891 0.308105 0.337891 0.308594
1 0.354297 0.278613 0.353008 0.278369 0.351484 0.278564 0.350586 0.279687 0.348828 0.281543 0.348945 0.283496 0.349883 0.284082 0.351094 0.284766 0.352109 0.285889 0.352266 0.287549 0.3525 0.290186 0.352734 0.291748 0.352891 0.293652 0.352969 0.296045 0.353125 0.297656 0.353359 0.298877 0.354023 0.299756 0.354336 0.300586 0.354922 0.301563 0.355547 0.30249 0.355898 0.303516 0.35668 0.304346 0.358984 0.307617 0.359375 0.308105 0.359766 0.308105 0.360156 0.308594 0.360547 0.308594 0.36207 0.310254 0.364453 0.311572 0.365078 0.310645 0.365586 0.309668 0.365586 0.30835 0.365469 0.307715 0.365039 0.306543 0.365313 0.305566 0.364766 0.304102 0.364687 0.302441 0.364687 0.300879 0.364609 0.299072 0.364492 0.297656 0.364492 0.296338 0.364687 0.295264 0.364609 0.293848 0.364297 0.292285 0.364023 0.291162 0.363984 0.290039 0.364063 0.289551 0.363672 0.289062 0.363672 0.288574 0.363281 0.288086 0.363281 0.287598 0.362891 0.287109 0.362891 0.286621 0.3625 0.286133 0.3625 0.285645 0.361719 0.284668 0.361719 0.28418 0.360586 0.283789 0.359609 0.282764 0.35875 0.282031 0.358047 0.281494 0.357383 0.280713 0.356367 0.279834 0.355352 0.279053
1 0.414766 0.288086 0.413672 0.290771 0.413594 0.295264 0.41582 0.295752 0.418281 0.297998 0.421602 0.301514 0.425508 0.301758 0.429297 0.300781 0.429492 0.299561 0.429883 0.296973 0.430078 0.292969 0.428906 0.289941 0.427148 0.287744 0.425586 0.285645 0.42207 0.285889 0.419531 0.286621 0.417187 0.287109
1 0.300469 0.252344 0.297695 0.253125 0.296875 0.255371 0.297656 0.257959 0.297266 0.261963 0.296055 0.268115 0.295078 0.273291 0.295312 0.27832 0.295703 0.278809 0.296055 0.280713 0.297305 0.283643 0.299609 0.285205 0.301797 0.2875 0.303398 0.2896 0.303906 0.291504 0.304688 0.291016 0.306133 0.289893 0.305312 0.287451 0.30457 0.284619 0.304922 0.282129 0.305469 0.278711 0.306289 0.274023 0.307188 0.270166 0.307539 0.265381 0.30625 0.260986 0.304375 0.257471 0.30332 0.254736
1 0.317188 0.228271 0.316406 0.22959 0.31543 0.231445 0.314453 0.232422 0.314063 0.23291 0.314063 0.233398 0.313281 0.234375 0.313281 0.234863 0.312891 0.235303 0.312422 0.23584 0.311836 0.23667 0.311602 0.237207 0.311016 0.237695 0.310469 0.238379 0.309883 0.238867 0.309102 0.239648 0.308555 0.240137 0.308125 0.240723 0.3075 0.241406 0.306914 0.241748 0.306562 0.242139 0.306133 0.242383 0.305547 0.242725 0.304922 0.243262 0.304102 0.243506 0.30293 0.244043 0.301406 0.244287 0.300078 0.244678 0.298672 0.244775 0.297852 0.24541 0.29625 0.245801 0.295039 0.246045 0.293672 0.246045 0.292344 0.246045 0.291328 0.245947 0.290234 0.246094 0.289297 0.24624 0.288047 0.246045 0.287031 0.246094 0.286133 0.245703 0.286094 0.244434 0.286445 0.243359 0.287266 0.242871 0.288047 0.242578 0.288789 0.24209 0.289336 0.241406 0.289766 0.24082 0.29 0.239893 0.290273 0.238965 0.290977 0.23833 0.291602 0.237158 0.292227 0.235547 0.292734 0.23457 0.293359 0.233887 0.29375 0.233887 0.294609 0.233252 0.295664 0.232568 0.296406 0.231738 0.297305 0.230957 0.298359 0.230176 0.299258 0.229297 0.300117 0.228174 0.301172 0.227051 0.301563 0.226562 0.301953 0.226562 0.302344 0.226074 0.303125 0.226074 0.303516 0.225586 0.303906 0.225586 0.304688 0.224609 0.305078 0.224609 0.305469 0.224121 0.305859 0.224121 0.30625 0.223633 0.307461 0.223047 0.308398 0.222559 0.309688 0.221875 0.310781 0.221777 0.311719 0.221875 0.312969 0.22207 0.314141 0.22251 0.315234 0.223877 0.316758 0.226123
1 0.0875 0.144531 0.0867187 0.14502 0.0840234 0.146631 0.0813672 0.147412 0.0792969 0.147949 0.0753125 0.15166 0.0718359 0.157129 0.069375 0.1625 0.0671875 0.168652 0.0677734 0.174316 0.0691406 0.178223 0.0707031 0.179199 0.0730469 0.179199 0.0747656 0.177393 0.0741797 0.173975 0.0762891 0.168799 0.0806641 0.164258 0.0851563 0.157275 0.0873047 0.152637 0.0896094 0.150098 0.0898438 0.145996
1 0.0914062 0.0957031 0.0910156 0.0952148 0.0910156 0.0947266 0.0898438 0.0932617 0.0894531 0.0932617 0.0886719 0.0922852 0.0878906 0.0922852 0.0875 0.0917969 0.0863281 0.0917969 0.0859375 0.0913086 0.084375 0.0913086 0.0839844 0.0908203 0.0800781 0.0908203 0.0796875 0.0913086 0.0777344 0.0913086 0.0773438 0.0917969 0.0757812 0.0917969 0.0753906 0.0922852 0.0734375 0.0922852 0.0730469 0.0927734 0.071875 0.0927734 0.0714844 0.0932617 0.0707031 0.0932617 0.0703125 0.09375 0.0699219 0.09375 0.0695313 0.0942383 0.0691406 0.0948242 0.0684766 0.0951172 0.0680078 0.0954102 0.0677344 0.095752 0.0671094 0.0960449 0.0665625 0.0961914 0.0658594 0.0965332 0.0651562 0.097168 0.0644141 0.0982422 0.0641406 0.0994629 0.0640625 0.101074 0.0640625 0.1021 0.0644531 0.103027 0.0653125 0.103906 0.0658594 0.10459 0.0667578 0.105176 0.0675781 0.105469 0.0682813 0.105469 0.0691016 0.105469 0.0706641 0.106006 0.0723437 0.106152 0.0750781 0.106299 0.0785156 0.107422 0.0789062 0.106934 0.0816406 0.106934 0.0820312 0.106445 0.0835937 0.106445 0.0839844 0.105957 0.0847656 0.105957 0.0855469 0.10498 0.0859375 0.10498 0.0871094 0.103516 0.0875 0.103516 0.0890625 0.101562 0.0894531 0.101562 0.0898438 0.101074 0.0898438 0.100586 0.090625 0.0996094 0.090625 0.0986328 0.0910156 0.0981445 0.0910156 0.097168 0.0914062 0.0966797
1 0.123438 0.0942383 0.123438 0.0957031 0.123828 0.0961914 0.123828 0.0966797 0.124219 0.097168 0.124219 0.0981445 0.124609 0.0986328 0.124609 0.0991211 0.125 0.0996094 0.125 0.100098 0.125391 0.100586 0.126484 0.101514 0.12793 0.102197 0.129062 0.102783 0.129609 0.103174 0.130508 0.103613 0.131133 0.103662 0.132148 0.104102 0.133594 0.104248 0.135352 0.104346 0.136523 0.104248 0.137734 0.104004 0.138672 0.103613 0.139336 0.102881 0.140039 0.102441 0.140977 0.101709 0.142422 0.101367 0.143359 0.100928 0.144141 0.100293 0.145234 0.0994629 0.146445 0.0986328 0.147227 0.0978027 0.148047 0.097168 0.148828 0.0949707 0.148906 0.0932129 0.148047 0.0917969 0.147969 0.0912109 0.147266 0.090332 0.146875 0.090332 0.146484 0.0898438 0.145781 0.0890137 0.144375 0.0886719 0.142109 0.0885254 0.139414 0.0890137 0.13125 0.0888672 0.130859 0.0893555 0.128125 0.0893555 0.127734 0.0898438 0.126172 0.0898438 0.125039 0.089502 0.124023 0.0898438 0.123203 0.0902832 0.12293 0.0913086 0.122891 0.0919434 0.122891 0.092627 0.122891 0.0936035
1 0.0839844 0.0380859 0.0828125 0.0380859 0.0796875 0.0405273 0.0789062 0.043457 0.0789062 0.0449219 0.0769531 0.0493164 0.0765625 0.0522461 0.0761719 0.0527344 0.0761719 0.0561523 0.0757812 0.0566406 0.0757812 0.0712891 0.0761719 0.0717773 0.0761719 0.0742188 0.0769531 0.0766602 0.0796875 0.0786133 0.0820312 0.078125 0.084375 0.0761719 0.0867187 0.0678711 0.0867187 0.0664062 0.0875 0.0634766 0.0882813 0.0625 0.0894531 0.059082 0.0894531 0.0522461 0.0855469 0.0419922 0.0855469 0.0410156
1 0.0960938 0.00927734 0.0921875 0.00927734 0.0914062 0.00976562 0.0882813 0.0136719 0.0863281 0.0205078 0.0859375 0.0288086 0.0855469 0.0292969 0.0869531 0.0377441 0.0883203 0.042041 0.0894141 0.0451172 0.0898438 0.0478516 0.0916797 0.0503418 0.0932813 0.054541 0.0958984 0.0547852 0.0962109 0.0481445 0.096875 0.043457 0.0976562 0.0405273 0.0980469 0.034668 0.0984375 0.0341797 0.0984375 0.03125 0.0988281 0.0307617 0.0988281 0.0209961 0.0984375 0.0205078 0.0984375 0.0166016 0.0980469 0.0161133 0.0976562 0.012207
1 0.155078 0 0.138281 0 0.138281 0.00146484 0.137891 0.00195312 0.137891 0.00244141 0.136719 0.00390625 0.136328 0.00390625 0.135156 0.00537109 0.135156 0.00585938 0.134766 0.00634766 0.134766 0.00683594 0.134375 0.00732422 0.134375 0.00830078 0.133984 0.00878906 0.133984 0.012207 0.133594 0.0126953 0.133594 0.0175781 0.133984 0.0180664 0.133984 0.019043 0.134766 0.0200195 0.134766 0.0205078 0.135156 0.0209961 0.135937 0.0209961 0.136328 0.0214844 0.137109 0.0214844 0.1375 0.0219727 0.139063 0.0219727 0.139453 0.0214844 0.139844 0.0214844 0.140234 0.0209961 0.140625 0.0209961 0.141406 0.0200195 0.141797 0.0200195 0.142187 0.0195312 0.142578 0.0195312 0.143359 0.0185547 0.14375 0.0185547 0.145313 0.0166016 0.145703 0.0166016 0.146484 0.015625 0.146875 0.015625 0.148828 0.0131836 0.148828 0.0126953 0.151562 0.00927734 0.151562 0.00878906 0.153906 0.00585938 0.153906 0.00537109 0.154297 0.00488281 0.154297 0.00390625 0.154688 0.00341797 0.154688 0.00244141 0.155078 0.00195312
1 0.201172 0.0405273 0.196484 0.0405273 0.196094 0.0410156 0.195703 0.0410156 0.194922 0.0419922 0.194531 0.0419922 0.19375 0.0429688 0.193359 0.0429688 0.192188 0.0444336 0.191797 0.0444336 0.189062 0.0478516 0.189062 0.0488281 0.188672 0.0493164 0.188672 0.0541992 0.188281 0.0546875 0.188281 0.0581055 0.188672 0.0585938 0.188789 0.060498 0.189141 0.0620117 0.189609 0.0633301 0.190195 0.0640625 0.190547 0.0651855 0.190898 0.0662598 0.191172 0.0671387 0.191289 0.0680176 0.191406 0.0688477 0.19207 0.0700195 0.192578 0.0714355 0.193477 0.0725586 0.194727 0.0722168 0.196211 0.0719727 0.196719 0.0707031 0.196758 0.0695801 0.196875 0.0688477 0.196875 0.0683594 0.196914 0.0677246 0.19707 0.0672852 0.197109 0.0665527 0.197031 0.0660156 0.197109 0.0652832 0.197305 0.0643555 0.197695 0.063623 0.198555 0.0628906 0.199023 0.0619141 0.199531 0.0607422 0.200234 0.0595703 0.200859 0.0581543 0.201563 0.0571289 0.201953 0.0562012 0.201953 0.0551758 0.202344 0.0546875 0.202344 0.0537109 0.202734 0.0532227 0.202734 0.0498047 0.203125 0.0493164 0.203125 0.0439453 0.202734 0.043457 0.202734 0.0429688 0.202344 0.0424805 0.202344 0.0419922 0.201953 0.0415039 0.201953 0.0410156 0.201563 0.0410156
1 0.215547 0.0196289 0.21457 0.0211426 0.214805 0.0233887 0.214922 0.0251465 0.215391 0.0268555 0.215937 0.0275879 0.216641 0.0284668 0.217188 0.0283203 0.218359 0.0297852 0.218359 0.0302734 0.21875 0.0302734 0.219844 0.0308105 0.220938 0.031543 0.222109 0.0321289 0.223398 0.0324707 0.22457 0.0329102 0.225664 0.0337402 0.226445 0.0342285 0.227383 0.0347168 0.228164 0.0353027 0.229258 0.0358398 0.230508 0.0363281 0.231719 0.0365234 0.23332 0.0368652 0.234258 0.0371582 0.235469 0.0375488 0.236484 0.0381836 0.237695 0.0385254 0.238828 0.0390625 0.240039 0.0395996 0.241055 0.0402832 0.241797 0.0410156 0.242188 0.0415039 0.243398 0.0420898 0.244219 0.042334 0.245117 0.0421387 0.245625 0.0409668 0.244961 0.0390625 0.244141 0.0375977 0.24375 0.0371094 0.24375 0.0361328 0.243359 0.0356445 0.243359 0.0351562 0.242969 0.034668 0.242969 0.0336914 0.242578 0.0332031 0.242578 0.0327148 0.242188 0.0322266 0.242188 0.0317383 0.241797 0.03125 0.241797 0.0307617 0.241016 0.0297852 0.241016 0.0292969 0.240625 0.0288086 0.240625 0.0283203 0.239063 0.0263672 0.239063 0.0258789 0.238672 0.0253906 0.238281 0.0253906 0.237109 0.0239258 0.236719 0.0239258 0.236328 0.0234375 0.235937 0.0234375 0.235156 0.0224609 0.234766 0.0224609 0.233984 0.0214844 0.233594 0.0214844 0.232813 0.0205078 0.232422 0.0205078 0.232031 0.0200195 0.23125 0.0200195 0.230859 0.0195312 0.230078 0.0195312 0.229687 0.019043 0.228516 0.019043 0.228125 0.0185547 0.225781 0.0185547 0.225391 0.0180664 0.223438 0.0180664 0.223047 0.0185547 0.220312 0.0185547 0.219922 0.019043 0.219531 0.019043 0.219297 0.0180664 0.218906 0.0184082 0.218164 0.0185547 0.216836 0.018457
1 0.307109 0.041748 0.305859 0.0441895 0.305859 0.0483398 0.305664 0.0507812 0.305469 0.0538086 0.304688 0.0569824 0.304102 0.0605469 0.303633 0.0652832 0.304102 0.0705566 0.304766 0.0738281 0.305859 0.0766602 0.308086 0.0805664 0.30957 0.0846191 0.310273 0.0872559 0.314922 0.0893555 0.315625 0.0865234 0.315039 0.0833496 0.315234 0.0808105 0.315234 0.0791016 0.315156 0.0772949 0.315156 0.0755859 0.315234 0.0742188 0.315234 0.0731445 0.315234 0.0722656 0.315234 0.0698242 0.314844 0.0693359 0.314844 0.0654297 0.314922 0.0643555 0.314844 0.0634766 0.314922 0.0608398 0.314844 0.0577637 0.314453 0.0553223 0.313477 0.0524902 0.311914 0.0494629 0.310742 0.0456543 0.31043 0.0427246 0.309102 0.0411621
1 0.299336 0.0879883 0.30043 0.0895508 0.302031 0.0911621 0.30332 0.0935059 0.305391 0.0969727 0.3075 0.0994141 0.310781 0.101562 0.313984 0.102734 0.316953 0.103467 0.319688 0.103955 0.320703 0.10498 0.323437 0.106445 0.324375 0.103516 0.3225 0.0992676 0.321367 0.0953613 0.320117 0.0930176 0.3175 0.0912109 0.313945 0.089209 0.307344 0.0856445 0.303828 0.0824707 0.301094 0.0822266 0.299219 0.0851563
1 0.33125 0.0352051 0.329141 0.035791 0.327305 0.0383301 0.325117 0.0412109 0.322148 0.0451172 0.319922 0.0487305 0.317852 0.0529297 0.316797 0.0572754 0.316055 0.0626953 0.315664 0.0659668 0.315508 0.06875 0.31543 0.0719238 0.315664 0.0745605 0.316211 0.0758301 0.317852 0.077002 0.319688 0.0769043 0.319805 0.0736816 0.320898 0.0714844 0.322969 0.0680664 0.32418 0.0655762 0.326094 0.0630859 0.327461 0.0609375 0.329062 0.0588379 0.330273 0.0568359 0.330859 0.0527344 0.331992 0.0492676 0.332539 0.0442871 0.332422 0.0413574 0.332031 0.0385742
1 0.327695 0.065332 0.325391 0.0664062 0.323437 0.0685059 0.321875 0.0712891 0.321094 0.0737305 0.320937 0.0791504 0.323008 0.0828125 0.324805 0.0855957 0.324688 0.089209 0.32582 0.0925293 0.328359 0.0996094 0.328281 0.102148 0.327539 0.105322 0.328281 0.109375 0.330898 0.110205 0.333594 0.108398 0.334375 0.10791 0.336016 0.106592 0.336992 0.104395 0.337461 0.101904 0.337773 0.0983398 0.337891 0.0922852 0.338008 0.0844238 0.336602 0.0772461 0.33582 0.0750977 0.335352 0.0716797 0.333867 0.0687012 0.331836 0.0665039
1 0.29043 0.0975586 0.287422 0.0980957 0.286133 0.100586 0.286484 0.104785 0.287305 0.109473 0.28832 0.1125 0.290664 0.115381 0.292891 0.117285 0.296484 0.120508 0.299219 0.121094 0.3 0.120117 0.298438 0.116455 0.297148 0.114111 0.295664 0.11001 0.294609 0.103369 0.29418 0.100098 0.293438 0.0983887
1 0.193516 0.137939 0.192344 0.137402 0.192422 0.141602 0.192656 0.144287 0.191133 0.146582 0.189961 0.15 0.189258 0.153467 0.188633 0.155713 0.189023 0.158936 0.189766 0.162451 0.190273 0.166309 0.190391 0.170117 0.190625 0.17334 0.191602 0.17627 0.192734 0.179248 0.194023 0.181152 0.194922 0.184082 0.196094 0.185059 0.197266 0.185059 0.198047 0.18457 0.199609 0.182129 0.199687 0.180225 0.19957 0.177441 0.200078 0.173584 0.20082 0.169336 0.201211 0.163477 0.201563 0.158203 0.201172 0.157715 0.200781 0.153809 0.2 0.152344 0.2 0.150879 0.198047 0.147461 0.197266 0.14502 0.194766 0.140723
1 0.250547 0.215967 0.249258 0.217578 0.248438 0.220215 0.248555 0.222949 0.250156 0.225342 0.252891 0.228174 0.25582 0.231348 0.258594 0.235645 0.260508 0.238086 0.263008 0.239307 0.265469 0.241504 0.267305 0.242383 0.269727 0.243652 0.272266 0.243652 0.275508 0.243115 0.275898 0.241211 0.27543 0.238623 0.274023 0.236719 0.272969 0.23418 0.271602 0.231689 0.269258 0.22832 0.266758 0.224951 0.262969 0.222656 0.258594 0.219727 0.255859 0.218262 0.253906 0.218262 0.253047 0.216455 0.25168 0.215234
1 0.303906 0.201465 0.30457 0.199561 0.302617 0.197363 0.299336 0.19541 0.29457 0.195068 0.291484 0.195703 0.289141 0.19707 0.287344 0.198047 0.284766 0.199951 0.282461 0.201563 0.280039 0.202979 0.278125 0.204932 0.2775 0.206592 0.276836 0.208496 0.278867 0.208789 0.280938 0.208984 0.283125 0.209863 0.285547 0.210889 0.289609 0.21123 0.294063 0.210205 0.298398 0.207568 0.300898 0.205811 0.302813 0.204004
1 0.272148 0.180029 0.271953 0.182764 0.273281 0.184521 0.275781 0.186035 0.279062 0.186621 0.2825 0.188281 0.285039 0.189941 0.287812 0.191211 0.292031 0.192822 0.293789 0.193457 0.296289 0.194385 0.297266 0.194824 0.301797 0.195898 0.303906 0.197559 0.306562 0.197656 0.309023 0.196289 0.308398 0.193213 0.30625 0.189941 0.303125 0.186035 0.300234 0.182715 0.296797 0.180029 0.293477 0.178809 0.291641 0.178271 0.28957 0.177246 0.286289 0.176904 0.281602 0.176807 0.276953 0.179199 0.274102 0.178467
1 0.142187 0.910156 0.138672 0.910156 0.137891 0.911133 0.136719 0.914062 0.135156 0.92041 0.134375 0.921875 0.133203 0.92627 0.133203 0.927734 0.132422 0.929688 0.132031 0.93457 0.130859 0.942969 0.130469 0.941895 0.130078 0.942383 0.130078 0.947754 0.13125 0.949707 0.132812 0.948242 0.134375 0.947754 0.135547 0.946777 0.135547 0.946289 0.138281 0.942871 0.140234 0.941895 0.143359 0.937988 0.144141 0.936035 0.144141 0.93457 0.145313 0.930176 0.145313 0.922363 0.144922 0.921875 0.144531 0.915039 0.143359 0.912109 0.143359 0.911133
1 0.0233984 0.984326 0.0202734 0.983154 0.0176563 0.98335 0.0152344 0.98291 0.0136719 0.98291 0.0118359 0.983203 0.0105469 0.983887 0.00703125 0.98584 0.0046875 0.98877 0.00273437 0.993164 0.00273437 1 0.0152344 1 0.0152344 0.998535 0.0169141 0.994775 0.0187109 0.991553 0.0190234 0.98877 0.0204688 0.987305 0.0226562 0.987256
1 0.159766 0.266113 0.159766 0.267578 0.160547 0.269043 0.160547 0.270996 0.162891 0.274902 0.170313 0.283691 0.171094 0.283691 0.173047 0.285156 0.179688 0.287598 0.180859 0.288574 0.187891 0.291504 0.190625 0.291504 0.192578 0.289551 0.193359 0.287598 0.193359 0.284668 0.192188 0.282715 0.189062 0.278809 0.186719 0.276855 0.186328 0.275879 0.185938 0.275879 0.182422 0.271484 0.177734 0.268066 0.175 0.267578 0.174609 0.26709 0.165234 0.266602 0.162891 0.265137 0.161328 0.265137
1 0.235547 0.273438 0.235547 0.276367 0.237109 0.278809 0.244531 0.28418 0.265234 0.283203 0.267969 0.281738 0.267969 0.279297 0.260156 0.270508 0.257031 0.269043 0.239453 0.270508 0.236328 0.271484
1 0.130469 0.240234 0.126953 0.239746 0.119922 0.242188 0.116797 0.246094 0.118359 0.257812 0.122656 0.263184 0.127734 0.262207 0.131641 0.257324 0.132031 0.244629
1 0.0867187 0.231934 0.0890625 0.237793 0.0992187 0.245117 0.116016 0.247559 0.116797 0.246094 0.116797 0.241699 0.114453 0.237305 0.106641 0.230957 0.1 0.229004 0.0917969 0.229004 0.0878906 0.230469
1 0.136719 0.205078 0.136719 0.208496 0.138281 0.210449 0.145703 0.21582 0.161719 0.215332 0.164062 0.211914 0.163281 0.208496 0.155469 0.201172 0.151172 0.199219 0.145703 0.199707 0.139063 0.202637
1 0.142969 0.181152 0.141797 0.180664 0.13125 0.187012 0.122266 0.196289 0.117188 0.206543 0.117578 0.210938 0.11875 0.213379 0.123047 0.212891 0.126562 0.208496 0.131641 0.205078 0.139844 0.194824 0.143359 0.18457
1 0.247266 0.401855 0.245703 0.399902 0.232031 0.401855 0.226172 0.406738 0.223047 0.410645 0.222656 0.413574 0.224219 0.416016 0.227344 0.41748 0.233594 0.41748 0.240234 0.415039 0.244531 0.412109 0.246875 0.407227
1 0.212109 0.402344 0.209375 0.405762 0.211328 0.427246 0.212891 0.432129 0.219922 0.443359 0.222266 0.443359 0.223828 0.441406 0.224219 0.4375 0.222656 0.413574 0.216797 0.405273
1 0.294531 0.380859 0.289844 0.380371 0.285547 0.382812 0.280859 0.387695 0.278516 0.392578 0.277734 0.396973 0.278516 0.407715 0.282813 0.419434 0.284375 0.418945 0.285938 0.415039 0.287109 0.407715 0.289453 0.40332 0.290625 0.394043 0.296094 0.38623 0.296484 0.382812
1 0.264844 0.429688 0.264062 0.431641 0.26875 0.442383 0.271484 0.445801 0.281641 0.447266 0.286719 0.449219 0.289453 0.447754 0.289453 0.445801 0.287109 0.441895 0.275781 0.431152 0.270703 0.428223 0.266797 0.428223
1 0.310937 0.426758 0.312891 0.442383 0.315234 0.449707 0.317578 0.464844 0.319141 0.466309 0.323047 0.463379 0.326172 0.453125 0.326562 0.444824 0.325 0.44043 0.315234 0.42627
1 0.320703 0.42627 0.320703 0.432617 0.327344 0.444824 0.332813 0.448242 0.336328 0.453125 0.341406 0.457031 0.344922 0.455566 0.345313 0.450684 0.341797 0.441406 0.337891 0.43457 0.326562 0.426758 0.323047 0.425293
1 0.321875 0.466797 0.322656 0.469238 0.322656 0.472168 0.323437 0.473633 0.323437 0.475098 0.325391 0.482422 0.326172 0.483887 0.326562 0.48584 0.328125 0.48877 0.328125 0.489746 0.329297 0.492676 0.330859 0.494629 0.333203 0.5 0.334375 0.501465 0.338672 0.501953 0.339844 0.5 0.339844 0.496582 0.340234 0.496094 0.340234 0.48877 0.339453 0.486816 0.339062 0.47998 0.337891 0.476562 0.332813 0.470703 0.328125 0.467773 0.326562 0.466309 0.322656 0.466309
1 0.299609 0.490723 0.294531 0.491699 0.290625 0.496094 0.289062 0.499512 0.289062 0.505371 0.292187 0.509766 0.294141 0.510742 0.3 0.509766 0.305469 0.500977 0.304297 0.494629
1 0.258984 0.515625 0.257812 0.515137 0.255078 0.515137 0.252734 0.51709 0.250391 0.518066 0.249219 0.518066 0.248828 0.518555 0.247656 0.518555 0.247266 0.519043 0.244531 0.519531 0.239453 0.523438 0.235156 0.528809 0.234766 0.528809 0.231641 0.533203 0.23125 0.53418 0.23125 0.539062 0.231641 0.540039 0.232813 0.541016 0.240234 0.541016 0.240625 0.540527 0.242188 0.540527 0.244531 0.539551 0.249219 0.535645 0.253516 0.530273 0.254688 0.525879 0.258594 0.520508 0.258984 0.519531
1 0.194531 0.443848 0.193359 0.443848 0.191797 0.445801 0.187109 0.449219 0.184766 0.452148 0.182422 0.456543 0.18125 0.460938 0.18125 0.476562 0.181641 0.477051 0.181641 0.480469 0.182031 0.480957 0.185547 0.480957 0.187891 0.477539 0.189062 0.474121 0.189844 0.473145 0.191016 0.46875 0.192188 0.466309 0.192188 0.465332 0.194141 0.461426 0.194141 0.459961 0.194922 0.45752 0.194922 0.455566 0.195703 0.453125 0.195703 0.446289
1 0.121875 0.467285 0.122656 0.467773 0.126562 0.467773 0.126953 0.467285 0.129688 0.467285 0.130078 0.466797 0.131641 0.466797 0.132031 0.466309 0.133594 0.466309 0.133984 0.46582 0.135547 0.46582 0.137891 0.464844 0.141016 0.464844 0.141406 0.464355 0.142969 0.464355 0.145313 0.465332 0.151172 0.465332 0.153125 0.463379 0.153516 0.461914 0.151562 0.458984 0.146875 0.457031 0.142969 0.45459 0.142187 0.45459 0.135937 0.450684 0.134766 0.450684 0.134375 0.450195 0.133203 0.450684 0.130078 0.450684 0.125391 0.455566 0.122266 0.461914
1 0.132812 0.479492 0.132422 0.47998 0.132031 0.47998 0.13125 0.480957 0.13125 0.483398 0.131641 0.483887 0.131641 0.487793 0.132031 0.488281 0.132031 0.490234 0.132422 0.490723 0.132422 0.492676 0.132812 0.493164 0.132812 0.495117 0.133203 0.495605 0.133203 0.49707 0.133594 0.497559 0.133594 0.498535 0.133984 0.499023 0.133984 0.500488 0.134375 0.500977 0.134375 0.501465 0.135156 0.502441 0.135156 0.50293 0.135937 0.503906 0.135937 0.504395 0.136328 0.504883 0.136328 0.505859 0.136719 0.506348 0.136719 0.510742 0.137109 0.51123 0.137109 0.512207 0.1375 0.512695 0.1375 0.513184 0.138281 0.51416 0.138672 0.51416 0.139063 0.514648 0.142578 0.514648 0.142969 0.51416 0.143359 0.51416 0.14375 0.513672 0.144141 0.513672 0.145313 0.512207 0.145703 0.512207 0.146875 0.510742 0.146875 0.510254 0.147266 0.509766 0.147266 0.508789 0.147656 0.508301 0.147656 0.506348 0.148047 0.505859 0.148047 0.503418 0.148438 0.50293 0.148438 0.494629 0.148047 0.494141 0.148047 0.493164 0.147656 0.492676 0.147656 0.491699 0.147266 0.491211 0.147266 0.490723 0.146875 0.490234 0.146875 0.489746 0.144922 0.487305 0.144922 0.486816 0.14375 0.485352 0.14375 0.484863 0.143359 0.484863 0.142969 0.484375 0.142578 0.484375 0.142187 0.483887 0.141797 0.483887 0.141406 0.483398 0.141016 0.483398 0.140625 0.48291 0.140234 0.48291 0.139844 0.482422 0.139453 0.482422 0.139063 0.481934 0.138672 0.481934 0.138281 0.481445 0.137891 0.481445 0.1375 0.480957 0.137109 0.480957 0.136719 0.480469 0.136328 0.480469 0.135937 0.47998 0.135547 0.47998 0.135156 0.479492
1 0.111328 0.48877 0.107422 0.489746 0.104688 0.493164 0.103125 0.494141 0.0988281 0.500488 0.0980469 0.50293 0.0964844 0.505371 0.0949219 0.509766 0.0949219 0.51123 0.0941406 0.513672 0.0945312 0.52002 0.0976562 0.524902 0.0992187 0.529785 0.100391 0.529785 0.100781 0.529297 0.100781 0.527344 0.101562 0.524902 0.104297 0.520996 0.107422 0.512207 0.108594 0.506348 0.1125 0.49707 0.1125 0.495605 0.112891 0.495117 0.112891 0.490723 0.1125 0.489746
1 0.347266 0.525391 0.348438 0.526855 0.35 0.527832 0.351953 0.527832 0.358594 0.53125 0.365234 0.532227 0.365625 0.531738 0.367188 0.531738 0.369531 0.530762 0.373437 0.526855 0.376563 0.525391 0.377344 0.523438 0.377734 0.520508 0.376953 0.519531 0.373047 0.519043 0.371094 0.518066 0.358203 0.518066 0.357812 0.518555 0.353516 0.518555 0.353125 0.519043 0.349219 0.519531 0.348047 0.520508 0.347266 0.522949
1 0.334766 0.523926 0.333203 0.522949 0.328906 0.522461 0.328516 0.522949 0.320703 0.523438 0.320312 0.523926 0.317578 0.524414 0.314063 0.527344 0.312891 0.527832 0.309375 0.531738 0.307422 0.533203 0.305859 0.535156 0.305859 0.539062 0.306641 0.540527 0.310937 0.54248 0.315234 0.54248 0.31875 0.541016 0.322656 0.538574 0.323437 0.537598 0.330078 0.533691 0.332422 0.53125 0.333594 0.530762 0.334766 0.52832 0.334766 0.526855 0.335156 0.526367
1 0.205078 0.494141 0.204687 0.493164 0.201953 0.490234 0.197656 0.487793 0.194922 0.487793 0.194531 0.487305 0.189453 0.487793 0.189062 0.488281 0.183594 0.489746 0.178906 0.493652 0.176953 0.494629 0.176172 0.495605 0.175781 0.500488 0.178125 0.502441 0.179297 0.502441 0.182422 0.503906 0.186719 0.503906 0.187109 0.503418 0.189062 0.503418 0.189453 0.50293 0.192188 0.50293 0.192578 0.502441 0.194141 0.502441 0.194531 0.501953 0.197656 0.501465 0.199219 0.500488 0.201953 0.5 0.204297 0.498535 0.205078 0.49707
1 0.110547 0.354492 0.109375 0.35791 0.109375 0.359863 0.110156 0.361816 0.111719 0.36377 0.113281 0.364746 0.114453 0.366211 0.11875 0.368652 0.119531 0.368652 0.120313 0.369629 0.122266 0.370605 0.125781 0.370605 0.126953 0.369629 0.126953 0.366699 0.126562 0.366211 0.126172 0.362793 0.125391 0.361816 0.125391 0.36084 0.123828 0.356934 0.121094 0.353027 0.117969 0.351074 0.114844 0.350586 0.112109 0.352539
1 0.445312 0.417969 0.444922 0.418457 0.444531 0.418457 0.44375 0.419434 0.44375 0.42041 0.443359 0.420898 0.443359 0.425293 0.442969 0.425781 0.442969 0.428711 0.442578 0.429199 0.442578 0.443359 0.442969 0.443848 0.442969 0.447266 0.443359 0.447754 0.443359 0.44873 0.44375 0.449219 0.44375 0.450195 0.444141 0.450684 0.444141 0.45166 0.444922 0.452637 0.444922 0.453125 0.445703 0.454102 0.445703 0.45459 0.446484 0.455566 0.446484 0.456055 0.447656 0.45752 0.448437 0.45752 0.448828 0.458008 0.449609 0.458008 0.45 0.458496 0.451172 0.458496 0.451953 0.45752 0.451953 0.456055 0.452344 0.455566 0.452344 0.45459 0.452734 0.454102 0.452734 0.453125 0.453125 0.452637 0.453125 0.45166 0.453516 0.451172 0.453516 0.450195 0.453906 0.449707 0.453906 0.448242 0.454297 0.447754 0.454297 0.446777 0.454688 0.446289 0.454688 0.442871 0.455078 0.442383 0.455078 0.4375 0.454688 0.437012 0.454688 0.435059 0.454297 0.43457 0.454297 0.433105 0.453906 0.432617 0.453906 0.431641 0.453516 0.431152 0.453516 0.430664 0.453125 0.430176 0.453125 0.429199 0.452734 0.428711 0.452734 0.427734 0.452344 0.427246 0.452344 0.42627 0.451953 0.425781 0.451953 0.424805 0.451562 0.424316 0.451562 0.423828 0.451172 0.42334 0.451172 0.422852 0.450781 0.422363 0.450781 0.421875 0.448047 0.418457 0.447656 0.418457 0.447266 0.417969
1 0.0898438 0.526367 0.0863281 0.526367 0.0855469 0.526855 0.0820312 0.531738 0.0796875 0.533691 0.0765625 0.537598 0.075 0.538574 0.071875 0.543457 0.0699219 0.54834 0.0695313 0.551758 0.0691406 0.552246 0.0691406 0.556152 0.0707031 0.558594 0.0714844 0.559082 0.0769531 0.558594 0.0804688 0.556152 0.0859375 0.549805 0.0867187 0.546875 0.0875 0.545898 0.0875 0.544922 0.0890625 0.541504 0.090625 0.535645 0.090625 0.533691 0.0910156 0.533203 0.0910156 0.527832
1 0.107422 0.838867 0.105859 0.842773 0.105859 0.851562 0.107422 0.860352 0.110547 0.867676 0.114453 0.873047 0.119531 0.875 0.121094 0.873047 0.121484 0.870605 0.11875 0.852539 0.116406 0.84668 0.112109 0.84082
1 0.0730469 0.484863 0.0695313 0.484863 0.0691406 0.485352 0.0679687 0.485352 0.0675781 0.48584 0.0671875 0.48584 0.0664062 0.486816 0.0660156 0.486816 0.0652344 0.487793 0.0648438 0.487793 0.0644531 0.488281 0.0640625 0.488281 0.0636719 0.48877 0.0632812 0.48877 0.0605469 0.492188 0.0605469 0.492676 0.0597656 0.493652 0.0597656 0.494141 0.059375 0.494629 0.059375 0.495605 0.0589844 0.496094 0.0589844 0.49707 0.0585938 0.497559 0.0585938 0.498535 0.0582031 0.499023 0.0582031 0.499512 0.0578125 0.5 0.0578125 0.501953 0.0582031 0.502441 0.0582031 0.50293 0.0585938 0.503418 0.0585938 0.503906 0.0597656 0.505371 0.0617188 0.505371 0.0621094 0.505859 0.0644531 0.505859 0.0648438 0.505371 0.065625 0.505371 0.0664062 0.504395 0.0667969 0.504395 0.0671875 0.503906 0.0675781 0.503906 0.0679687 0.503418 0.0683594 0.503418 0.0703125 0.500977 0.0703125 0.500488 0.0707031 0.5 0.0707031 0.499512 0.0710937 0.499023 0.0710937 0.498535 0.071875 0.497559 0.071875 0.49707 0.0726563 0.496094 0.0726563 0.495605 0.0730469 0.495117 0.0730469 0.494141 0.0734375 0.493652 0.0734375 0.493164 0.0738281 0.492676 0.0738281 0.491699 0.0742188 0.491211 0.0742188 0.48877 0.0738281 0.488281 0.0738281 0.486328 0.0734375 0.48584 0.0734375 0.485352
1 0.04375 0.455566 0.0421875 0.457031 0.040625 0.462402 0.0402344 0.467773 0.040625 0.468262 0.0410156 0.474121 0.0429688 0.47998 0.0445313 0.481934 0.0453125 0.482422 0.0492187 0.48291 0.0511719 0.480469 0.0523438 0.477539 0.053125 0.474609 0.053125 0.473145 0.0535156 0.472656 0.0535156 0.467773 0.053125 0.467285 0.0527344 0.462402 0.0523438 0.460938 0.0492187 0.457031 0.0464844 0.455566
1 0.04375 0.427246 0.0425781 0.425781 0.0410156 0.424805 0.0386719 0.424805 0.0382813 0.424316 0.0320312 0.425293 0.0292969 0.426758 0.0265625 0.431641 0.0265625 0.432617 0.0253906 0.435059 0.0253906 0.436035 0.0234375 0.441406 0.0234375 0.443359 0.0246094 0.447266 0.025 0.447754 0.0289063 0.447266 0.0324219 0.445312 0.0332031 0.445312 0.0351562 0.443848 0.0375 0.440918 0.0390625 0.436523 0.0429688 0.432129 0.04375 0.429199
1 0.0253906 0.479004 0.0242188 0.479004 0.0238281 0.479492 0.0222656 0.479492 0.021875 0.47998 0.0214844 0.47998 0.0207031 0.480957 0.0207031 0.481934 0.0203125 0.482422 0.0203125 0.483398 0.0199219 0.483887 0.0199219 0.484375 0.0195312 0.484863 0.0195312 0.485352 0.0191406 0.48584 0.0191406 0.487305 0.01875 0.487793 0.01875 0.489746 0.0183594 0.490234 0.0183594 0.492676 0.0179687 0.493164 0.0179687 0.496094 0.0175781 0.496582 0.0175781 0.498535 0.0171875 0.499023 0.0171875 0.505859 0.0175781 0.506348 0.0175781 0.508301 0.0179687 0.508789 0.0179687 0.510742 0.0183594 0.51123 0.0183594 0.512695 0.01875 0.513184 0.01875 0.51416 0.0191406 0.514648 0.0191406 0.515137 0.0199219 0.516113 0.0203125 0.516113 0.0207031 0.516602 0.0214844 0.516602 0.021875 0.516113 0.0222656 0.516113 0.0222656 0.515625 0.0226562 0.515137 0.0226562 0.514648 0.0230469 0.51416 0.0230469 0.513672 0.0238281 0.512695 0.0238281 0.512207 0.0246094 0.51123 0.025 0.51123 0.025 0.510742 0.0261719 0.509277 0.0261719 0.508789 0.0265625 0.508301 0.0265625 0.507812 0.0269531 0.507324 0.0269531 0.506836 0.0273438 0.506348 0.0273438 0.505859 0.0277344 0.505371 0.0277344 0.504883 0.028125 0.504395 0.028125 0.503418 0.0285156 0.50293 0.0285156 0.501953 0.0289063 0.501465 0.0289063 0.49707 0.0292969 0.496582 0.0292969 0.495605 0.0289063 0.495117 0.0289063 0.488281 0.0285156 0.487793 0.0285156 0.486328 0.028125 0.48584 0.028125 0.484863 0.0277344 0.484375 0.0277344 0.483887 0.0273438 0.483398 0.0273438 0.482422 0.0269531 0.481934 0.0269531 0.480957 0.0261719 0.47998 0.0261719 0.479492 0.0257812 0.479492
1 0 0.511719 0 0.533691 0.00195312 0.53418 0.00429688 0.537109 0.00625 0.538086 0.009375 0.538574 0.00976562 0.539062 0.0140625 0.539062 0.015625 0.536621 0.015625 0.53418 0.0132812 0.530762 0.0113281 0.526855 0.0109375 0.524902 0.009375 0.521973 0.00820313 0.518555 0.00546875 0.514648 0.00390625 0.513672 0.00273437 0.512207 0.00195312 0.511719
1 0.0144531 0.606934 0.0144531 0.608887 0.0148437 0.608887 0.0152344 0.609375 0.0160156 0.609375 0.0164063 0.609863 0.0171875 0.609863 0.0175781 0.610352 0.0179687 0.610352 0.0183594 0.61084 0.0191406 0.61084 0.0195312 0.611328 0.0199219 0.611328 0.0203125 0.611816 0.0210938 0.611816 0.0214844 0.612305 0.021875 0.612305 0.0222656 0.612793 0.0230469 0.612793 0.0234375 0.613281 0.0238281 0.613281 0.0242188 0.61377 0.025 0.61377 0.0253906 0.614258 0.0261719 0.614258 0.0265625 0.614746 0.0273438 0.614746 0.0277344 0.615234 0.0289063 0.615234 0.0292969 0.615723 0.03125 0.615723 0.0316406 0.616211 0.0414062 0.616211 0.0417969 0.615723 0.0445313 0.615723 0.0449219 0.615234 0.0457031 0.615234 0.0460938 0.614746 0.046875 0.614746 0.0476562 0.61377 0.0480469 0.61377 0.0480469 0.613281 0.0484375 0.612793 0.0484375 0.60791 0.0476562 0.606934 0.0472656 0.606934 0.046875 0.606445 0.0464844 0.606445 0.0460938 0.605957 0.0457031 0.605957 0.0453125 0.605469 0.0449219 0.605469 0.0445313 0.60498 0.04375 0.60498 0.0433594 0.604492 0.0429688 0.604492 0.0425781 0.604004 0.0421875 0.604004 0.0417969 0.603516 0.0410156 0.603516 0.040625 0.603027 0.0398437 0.603027 0.0394531 0.602539 0.0386719 0.602539 0.0382813 0.602051 0.0375 0.602051 0.0371094 0.601562 0.0363281 0.601562 0.0359375 0.601074 0.0351562 0.601074 0.0347656 0.600586 0.0339844 0.600586 0.0335937 0.600098 0.0320312 0.600098 0.0316406 0.599609 0.0253906 0.599609 0.025 0.600098 0.0242188 0.600098 0.0238281 0.600586 0.0230469 0.600586 0.0226562 0.601074 0.021875 0.601074 0.0214844 0.601562 0.0210938 0.601562 0.0207031 0.602051 0.0203125 0.602051 0.0199219 0.602539 0.0191406 0.602539 0.01875 0.603027 0.0183594 0.603027 0.0179687 0.603516 0.0175781 0.603516 0.0171875 0.604004 0.0167969 0.604004
1 0.180859 0.567383 0.176953 0.571777 0.173047 0.579102 0.173047 0.580566 0.172656 0.581055 0.172656 0.588379 0.173047 0.588867 0.173047 0.59082 0.173828 0.59375 0.175 0.596191 0.175391 0.598633 0.176953 0.602539 0.177734 0.603516 0.179688 0.604492 0.182422 0.604492 0.185938 0.600586 0.186719 0.598145 0.186719 0.596191 0.187109 0.595703 0.187109 0.589844 0.1875 0.589355 0.1875 0.582031 0.187109 0.581543 0.187109 0.578613 0.185547 0.574219 0.183594 0.570801 0.182812 0.568359 0.182031 0.567383
1 0.151172 0.595703 0.149609 0.595703 0.144141 0.601562 0.141406 0.603516 0.139453 0.606445 0.137109 0.611816 0.136328 0.615723 0.135547 0.617188 0.135156 0.621094 0.134766 0.621582 0.134766 0.624023 0.133984 0.626465 0.133984 0.627441 0.134766 0.628906 0.137109 0.629883 0.139453 0.629883 0.141016 0.628906 0.148828 0.618652 0.151172 0.611328 0.151562 0.605957 0.151953 0.605469 0.151953 0.603027 0.152344 0.602539 0.152344 0.597168
1 0.0972656 0.625 0.0972656 0.62793 0.0984375 0.629395 0.110937 0.634766 0.119922 0.634277 0.126562 0.631348 0.129297 0.627441 0.126172 0.624023 0.119141 0.621582 0.0988281 0.62207
1 0.114062 0.682129 0.112891 0.684082 0.111719 0.689453 0.110547 0.692383 0.110547 0.693848 0.109766 0.695801 0.109375 0.702148 0.109766 0.702637 0.109766 0.706055 0.110156 0.706543 0.110547 0.709961 0.111719 0.712891 0.112891 0.717285 0.112891 0.71875 0.113281 0.719238 0.113672 0.724609 0.114844 0.726562 0.116797 0.726562 0.119141 0.725098 0.122266 0.715332 0.122656 0.710938 0.123047 0.710449 0.123047 0.708008 0.123438 0.70752 0.123438 0.699707 0.122656 0.696777 0.120703 0.692383 0.120703 0.691406 0.118359 0.686035 0.115625 0.682129
1 0.187891 0.683594 0.187109 0.683105 0.184766 0.683105 0.180078 0.686035 0.175391 0.689941 0.171094 0.694824 0.169922 0.695312 0.16875 0.696777 0.166797 0.70166 0.164844 0.705078 0.164453 0.708008 0.163672 0.709961 0.163672 0.711426 0.165234 0.713867 0.166797 0.713867 0.176953 0.70752 0.179297 0.706543 0.184375 0.700195 0.188281 0.691895 0.189062 0.685547
1 0.0601563 0.6875 0.0597656 0.691406 0.0613281 0.694336 0.06875 0.70166 0.0695313 0.70166 0.0714844 0.703125 0.0738281 0.704102 0.075 0.704102 0.0753906 0.70459 0.0785156 0.70459 0.0789062 0.704102 0.0820312 0.703613 0.0835937 0.702637 0.0875 0.697266 0.0875 0.695312 0.0820312 0.691895 0.0808594 0.69043 0.0796875 0.689941 0.0765625 0.687012 0.0730469 0.685059 0.065625 0.685059 0.0652344 0.685547 0.0625 0.685547 0.0621094 0.686035 0.0609375 0.686035
1 0.0858203 0.704492 0.085 0.702246 0.0823828 0.703613 0.0819531 0.706348 0.08125 0.708887 0.08125 0.709961 0.0808594 0.710449 0.0808594 0.711426 0.0804688 0.711914 0.0804688 0.712402 0.0800781 0.712891 0.0800781 0.713867 0.0796875 0.714355 0.0796875 0.715332 0.0792969 0.71582 0.0792969 0.716309 0.0789062 0.716797 0.0789062 0.717285 0.0789844 0.717773 0.0790234 0.718115 0.0791406 0.718945 0.0791406 0.719531 0.0792188 0.72085 0.0792578 0.722021 0.0792578 0.722656 0.0792578 0.723291 0.0791797 0.72417 0.0792578 0.725098 0.079375 0.726318 0.0797656 0.728369 0.0798438 0.730078 0.0801953 0.731836 0.0799219 0.733301 0.0800391 0.734814 0.0799219 0.736133 0.0802344 0.737646 0.0805469 0.738477 0.0812109 0.73999 0.0828125 0.740234 0.0832031 0.740234 0.0835937 0.739746 0.0839844 0.739746 0.084375 0.739258 0.0847656 0.739258 0.0855469 0.738281 0.0859375 0.738281 0.0867187 0.737305 0.0871094 0.737305 0.0878906 0.736328 0.0882813 0.736328 0.0894531 0.734863 0.0894531 0.734375 0.0898438 0.733887 0.0898438 0.733398 0.090625 0.732422 0.090625 0.731934 0.0910156 0.731445 0.0910156 0.730957 0.0914062 0.730469 0.0914062 0.729492 0.0917969 0.729004 0.0917969 0.728027 0.0921875 0.727539 0.0921875 0.726074 0.0925781 0.725586 0.0925781 0.720703 0.0921875 0.720215 0.0921875 0.719238 0.0917969 0.71875 0.0917969 0.717773 0.0914062 0.717285 0.0914062 0.716797 0.0910156 0.716309 0.0910156 0.71582 0.090625 0.715332 0.090625 0.714844 0.0902344 0.714355 0.0902344 0.713867 0.0894531 0.712891 0.0894531 0.712402 0.0886719 0.711426 0.0886719 0.710938 0.0870313 0.709082 0.0863281 0.706055
1 0.0789062 0.724756 0.07875 0.722412 0.0780469 0.720166 0.0763672 0.719092 0.0741797 0.720752 0.0722266 0.724268 0.0696094 0.728955 0.0667969 0.73667 0.0644531 0.745117 0.0644531 0.746094 0.0632812 0.749023 0.0628906 0.752441 0.0625 0.75293 0.0625 0.757812 0.0628906 0.758301 0.0628906 0.759766 0.0644531 0.761719 0.0667969 0.761719 0.0671875 0.762207 0.06875 0.761719 0.0722656 0.757324 0.0726563 0.757324 0.0761719 0.752441 0.0800781 0.744629 0.0800781 0.743164 0.0808594 0.741211 0.0808594 0.736816 0.0804688 0.736328 0.0804688 0.734375 0.0800781 0.733887 0.0793359 0.728076
1 0.178516 0.836426 0.177344 0.835449 0.174219 0.835449 0.173828 0.835938 0.169922 0.836426 0.160938 0.841797 0.157812 0.844727 0.154297 0.845703 0.153125 0.847168 0.152734 0.848145 0.152734 0.850098 0.152344 0.850586 0.152344 0.853027 0.154297 0.85791 0.157812 0.860352 0.163281 0.86084 0.163672 0.860352 0.166016 0.859863 0.170703 0.856934 0.173437 0.853516 0.174219 0.851562 0.174219 0.850098 0.175391 0.845703 0.178516 0.838867
1 0.0917969 0.847656 0.0910156 0.847168 0.0886719 0.847168 0.0882813 0.84668 0.0804688 0.847168 0.0753906 0.850098 0.0738281 0.851562 0.0710937 0.855469 0.0675781 0.862305 0.0675781 0.86377 0.0667969 0.865723 0.0667969 0.868652 0.0675781 0.870605 0.0691406 0.87207 0.0761719 0.87207 0.0796875 0.870117 0.0804688 0.870117 0.084375 0.867676 0.0886719 0.863281 0.0925781 0.853516 0.0925781 0.850098
1 0.0539063 0.881836 0.053125 0.880859 0.0519531 0.880371 0.0480469 0.880371 0.046875 0.881348 0.0453125 0.881836 0.0429688 0.884277 0.0394531 0.886719 0.0359375 0.891113 0.0324219 0.899902 0.0289063 0.905273 0.0277344 0.90918 0.0277344 0.911621 0.0285156 0.912598 0.0304687 0.913086 0.0308594 0.912598 0.0335937 0.912598 0.0371094 0.911133 0.0441406 0.907227 0.0484375 0.902832 0.0523438 0.896973 0.0546875 0.890625 0.0550781 0.884766
1 0.106641 0.88623 0.104688 0.884277 0.102344 0.884277 0.101172 0.885254 0.0996094 0.885742 0.0929688 0.891602 0.0917969 0.89209 0.0878906 0.895996 0.0824219 0.902832 0.0824219 0.90332 0.0792969 0.906738 0.078125 0.910156 0.0785156 0.912109 0.0796875 0.913086 0.0808594 0.913086 0.08125 0.913574 0.0867187 0.913574 0.0871094 0.913086 0.0890625 0.913086 0.0894531 0.912598 0.0917969 0.912109 0.0945312 0.910156 0.100781 0.902344 0.101562 0.901855 0.104297 0.896973 0.104297 0.895996 0.105469 0.894043 0.106641 0.890625
1 0.184375 0.973633 0.181641 0.972168 0.177734 0.972168 0.177344 0.97168 0.168359 0.97168 0.167969 0.972168 0.165625 0.972168 0.162109 0.973633 0.158203 0.976562 0.154688 0.977539 0.153125 0.978516 0.151953 0.97998 0.15 0.980957 0.147656 0.983398 0.147656 0.985352 0.148438 0.987793 0.15 0.989258 0.152578 0.989746 0.156055 0.989551 0.15918 0.988965 0.161992 0.988135 0.164648 0.987744 0.166797 0.987207 0.168398 0.986768 0.170039 0.986279 0.171836 0.98501 0.174336 0.983643 0.176797 0.982324 0.17875 0.980322 0.180938 0.978662 0.182773 0.977441 0.184375 0.975586
1 0.182266 0.986523 0.183164 0.984717 0.18125 0.984082 0.179102 0.983594 0.176719 0.983496 0.174883 0.98418 0.166133 0.987354 0.159297 0.989648 0.156367 0.99126 0.153945 0.993164 0.152266 0.995166 0.151133 0.99751 0.150391 1 0.173477 0.999902 0.175859 0.996924 0.177852 0.993652 0.179727 0.990918 0.180859 0.988477
1 0.111328 0.935059 0.108203 0.935059 0.107813 0.93457 0.10625 0.93457 0.105859 0.934082 0.104688 0.934082 0.102852 0.932666 0.100781 0.931787 0.0982813 0.932031 0.0945703 0.931787 0.0891797 0.933887 0.0857031 0.935693 0.0816016 0.938477 0.0794531 0.941309 0.0785547 0.945752 0.0778125 0.949512 0.0799609 0.950195 0.0811328 0.949707 0.0841797 0.948926 0.0873437 0.948877 0.0910156 0.948584 0.0941016 0.948975 0.0971484 0.94873 0.101133 0.947852 0.103672 0.945508 0.106328 0.943115 0.109258 0.941113 0.111914 0.940039 0.114336 0.938135 0.113633 0.935889
1 0.0999219 0.948389 0.0976562 0.948975 0.0944141 0.949268 0.0908984 0.948438 0.0875391 0.949121 0.0832813 0.949365 0.0800781 0.950488 0.0785156 0.951172 0.0851563 0.960449 0.0917969 0.964844 0.096875 0.965332 0.101172 0.963867 0.109375 0.958984 0.111719 0.956055 0.113203 0.954102 0.112461 0.951367 0.110664 0.949023 0.107773 0.947607 0.105078 0.947461 0.101602 0.947559
1 0.217578 0.880859 0.217852 0.885205 0.218477 0.889209 0.219141 0.893066 0.219531 0.893555 0.219531 0.899902 0.219922 0.900879 0.219531 0.901367 0.219531 0.907227 0.217578 0.912598 0.213672 0.918457 0.213281 0.919922 0.211328 0.922363 0.208984 0.923828 0.205469 0.923828 0.204297 0.922363 0.204297 0.918945 0.205469 0.914551 0.206641 0.912109 0.207422 0.90918 0.207422 0.907715 0.207813 0.907227 0.208203 0.901855 0.208945 0.897607 0.209102 0.892627 0.211719 0.88833 0.212891 0.884521 0.214141 0.881396 0.21582 0.880127
1 0.237969 0.847266 0.236133 0.846387 0.235234 0.847949 0.233867 0.85127 0.231289 0.854053 0.228672 0.857861 0.225859 0.861377 0.223086 0.86543 0.219844 0.869385 0.216836 0.872803 0.21332 0.873877 0.212109 0.876953 0.212305 0.879639 0.215039 0.880762 0.218555 0.87998 0.220312 0.879883 0.225391 0.878418 0.233594 0.872559 0.235937 0.868164 0.236719 0.864746 0.237656 0.862402 0.238164 0.859814 0.238242 0.857129 0.238477 0.853467 0.238281 0.850049
1 0.260156 0.837891 0.259375 0.836914 0.257031 0.835938 0.250781 0.835938 0.248438 0.836914 0.246094 0.839844 0.243359 0.841797 0.240234 0.846191 0.238672 0.851074 0.238672 0.855957 0.239063 0.856445 0.239063 0.85791 0.238281 0.860352 0.238281 0.862305 0.238672 0.862793 0.242188 0.862793 0.244531 0.861816 0.246094 0.858398 0.248047 0.855957 0.255859 0.849121 0.259375 0.844727 0.260156 0.843262
2 0.215234 0.84668 0.211719 0.845703 0.204297 0.851562 0.201953 0.855957 0.201953 0.858398 0.204687 0.860352 0.208203 0.85791 0.210938 0.854492 0.214062 0.852539 0.215625 0.848145
1 0.386445 0.887451 0.384375 0.888672 0.382422 0.890137 0.379688 0.893066 0.377734 0.896973 0.374219 0.910156 0.374219 0.911621 0.373828 0.912109 0.373828 0.916016 0.373437 0.916504 0.373047 0.921387 0.372656 0.921875 0.372656 0.92627 0.373437 0.928223 0.374609 0.929199 0.376953 0.929688 0.378516 0.928711 0.380469 0.92627 0.38125 0.924316 0.384375 0.92041 0.386719 0.914551 0.3875 0.911621 0.3875 0.910156 0.387891 0.909668 0.387891 0.907227 0.388281 0.906738 0.387578 0.895557 0.388242 0.891748 0.389492 0.888721 0.388281 0.886523
1 0.33418 0.850391 0.329766 0.85 0.328125 0.852539 0.325781 0.855469 0.319922 0.875488 0.319922 0.878418 0.321484 0.880859 0.322266 0.881348 0.326562 0.881348 0.328516 0.879883 0.330078 0.87793 0.333203 0.870605 0.334766 0.868164 0.335156 0.866211 0.337109 0.861816 0.3375 0.85918 0.338164 0.855029 0.33918 0.852295 0.337656 0.850244
0 0.360938 0.777832 0.356641 0.77832 0.35 0.785156 0.344531 0.799316 0.342969 0.811035 0.343359 0.817871 0.345313 0.822754 0.348008 0.827588 0.351562 0.824219 0.353281 0.817041 0.356758 0.807275 0.359727 0.797803 0.361641 0.791602 0.361133 0.783154
1 0.411719 0.802246 0.410547 0.800293 0.408203 0.797852 0.406641 0.797852 0.40625 0.797363 0.398438 0.797363 0.398047 0.797852 0.396484 0.797852 0.395313 0.798828 0.394531 0.798828 0.393359 0.799805 0.391406 0.800293 0.387891 0.802246 0.385547 0.805176 0.382422 0.807129 0.381172 0.809814 0.381094 0.812598 0.382383 0.815186 0.385977 0.814893 0.390547 0.814697 0.393945 0.813965 0.396445 0.812744 0.398867 0.811768 0.401484 0.810059 0.403086 0.808301 0.404727 0.805859 0.406367 0.805029 0.408164 0.804785 0.410039 0.804443 0.411719 0.804199
1 0.307109 0.693896 0.304766 0.693848 0.303867 0.696826 0.303437 0.701074 0.3025 0.706982 0.301953 0.711426 0.301563 0.711914 0.301563 0.714844 0.301172 0.715332 0.301172 0.725098 0.301563 0.725586 0.301953 0.730957 0.303125 0.735352 0.305078 0.737793 0.306133 0.739502 0.307969 0.738965 0.308867 0.734863 0.309414 0.732275 0.311211 0.728711 0.312695 0.725928 0.313125 0.722119 0.313516 0.717383 0.313242 0.714795 0.312969 0.712549 0.312266 0.709229 0.31125 0.704492 0.31082 0.701514 0.310469 0.696777 0.309336 0.694922
1 0.297031 0.661572 0.294492 0.662891 0.292969 0.666016 0.292187 0.667969 0.290625 0.669922 0.288672 0.675781 0.288281 0.679688 0.2875 0.681641 0.287109 0.686035 0.286719 0.686523 0.286719 0.696777 0.286836 0.701123 0.286719 0.706543 0.2875 0.709912 0.290586 0.7104 0.292031 0.707422 0.293359 0.703125 0.296094 0.698242 0.297266 0.695312 0.297266 0.694336 0.298828 0.691406 0.298828 0.69043 0.300391 0.686035 0.30082 0.665869 0.299766 0.662891
1 0.255469 0.665039 0.254297 0.664551 0.251563 0.664551 0.250391 0.666016 0.25 0.66748 0.248438 0.669922 0.246875 0.674316 0.243359 0.680664 0.242578 0.684082 0.240625 0.688965 0.240234 0.692383 0.240117 0.696729 0.239844 0.701172 0.240625 0.70332 0.241758 0.704297 0.243203 0.702197 0.245703 0.699219 0.248867 0.696094 0.251367 0.693164 0.253906 0.688965 0.255 0.686426 0.256289 0.682031 0.256211 0.676758 0.256602 0.673096 0.256641 0.668945 0.256641 0.666992
1 0.4025 0.675977 0.40125 0.676172 0.399609 0.676758 0.389844 0.681152 0.380469 0.692383 0.378516 0.696777 0.375391 0.70166 0.374609 0.70459 0.375 0.707031 0.376172 0.708496 0.378359 0.708984 0.380781 0.706982 0.381953 0.705762 0.38457 0.704199 0.387617 0.702881 0.393984 0.696143 0.398711 0.688916 0.400156 0.684814 0.401406 0.681982 0.402773 0.680762 0.40418 0.67959 0.403945 0.676172
1 0.428203 0.693066 0.428086 0.690137 0.427383 0.687646 0.425391 0.686768 0.424023 0.688379 0.423828 0.693213 0.422305 0.698828 0.421094 0.706934 0.421094 0.713379 0.420703 0.713867 0.420703 0.716309 0.421094 0.716797 0.421484 0.726562 0.421875 0.727051 0.421875 0.72998 0.422734 0.733008 0.425039 0.733984 0.428164 0.732617 0.428906 0.728027 0.429648 0.724609 0.431523 0.719775 0.432109 0.713184 0.432422 0.707031 0.432422 0.704102 0.431641 0.701172 0.430078 0.697754 0.430078 0.696289
1 0.361914 0.620605 0.360547 0.622559 0.357812 0.626465 0.355469 0.631348 0.354687 0.634277 0.354687 0.635742 0.353906 0.637695 0.353516 0.642578 0.353125 0.643066 0.353125 0.644531 0.352344 0.646973 0.352344 0.648926 0.351367 0.652832 0.350898 0.656006 0.350117 0.659668 0.350508 0.662207 0.352422 0.664404 0.35457 0.6625 0.356836 0.658936 0.35832 0.654785 0.359883 0.652832 0.361641 0.650439 0.364102 0.647119 0.366094 0.643018 0.367109 0.638818 0.367852 0.634521 0.367812 0.629102 0.367852 0.625098 0.368516 0.621191 0.368242 0.618066 0.366445 0.616846 0.364648 0.617236 0.363242 0.618799
1 0.265039 0.591162 0.266523 0.591797 0.266836 0.593701 0.265703 0.595703 0.264883 0.5979 0.265625 0.601904 0.265937 0.60835 0.265391 0.614502 0.264727 0.617822 0.263789 0.62124 0.263281 0.623535 0.2625 0.624512 0.260937 0.628906 0.257812 0.632812 0.255469 0.634277 0.251953 0.634766 0.248711 0.632324 0.247578 0.62832 0.250547 0.624707 0.251563 0.621094 0.251953 0.617676 0.252344 0.617188 0.252344 0.615234 0.252734 0.614746 0.252734 0.612305 0.253516 0.61084 0.254297 0.606934 0.256641 0.601562 0.257422 0.598145 0.259766 0.594727 0.262109 0.59375 0.263555 0.592139
1 0.333125 0.586377 0.331055 0.5854 0.328242 0.586572 0.326602 0.588428 0.324844 0.591162 0.323086 0.593604 0.321836 0.597461 0.32125 0.600439 0.320664 0.606152 0.320625 0.60918 0.320664 0.612988 0.322227 0.616504 0.324961 0.621484 0.329688 0.62207 0.330859 0.620605 0.333203 0.611816 0.333203 0.60498 0.333594 0.604492 0.333594 0.600098 0.333984 0.599609 0.333984 0.597168 0.334531 0.595264 0.335117 0.592139 0.33418 0.589307
1 0.31875 0.583008 0.317578 0.583008 0.315625 0.585938 0.313437 0.589209 0.312109 0.592773 0.310547 0.59668 0.310156 0.600586 0.309766 0.601074 0.307969 0.614062 0.307109 0.616895 0.306406 0.619336 0.306797 0.621143 0.308125 0.62168 0.309688 0.622754 0.310898 0.624219 0.312578 0.624316 0.314063 0.62207 0.315156 0.61958 0.316016 0.616699 0.317578 0.613281 0.31875 0.611816 0.319922 0.608398 0.320508 0.60376 0.320703 0.599609 0.320859 0.596484 0.320781 0.591309 0.320312 0.587891 0.319922 0.587402 0.319922 0.585449
1 0.327383 0.547754 0.326016 0.549414 0.324609 0.549951 0.323437 0.550781 0.31875 0.552734 0.317188 0.554688 0.314844 0.55957 0.313789 0.564209 0.313594 0.570264 0.313672 0.574707 0.313906 0.577148 0.315469 0.579248 0.317383 0.582275 0.32082 0.583057 0.321406 0.579785 0.319297 0.57749 0.319766 0.575049 0.321563 0.572412 0.324531 0.568896 0.326211 0.56543 0.327695 0.56123 0.329297 0.558594 0.330078 0.553711 0.33 0.549805 0.329023 0.547998
1 0.28125 0.538818 0.281836 0.541016 0.283477 0.542236 0.285352 0.543555 0.285547 0.545654 0.28582 0.548096 0.286016 0.552344 0.288281 0.560059 0.289844 0.562012 0.293359 0.564941 0.296875 0.566895 0.298438 0.568359 0.301563 0.568359 0.302344 0.567871 0.303516 0.564941 0.303125 0.562012 0.302344 0.560547 0.302344 0.55957 0.300391 0.556152 0.299609 0.552246 0.296094 0.545898 0.29375 0.543457 0.290625 0.539062 0.287891 0.537598 0.284961 0.536865 0.281953 0.537207
1 0.259375 0.542969 0.260547 0.54541 0.261445 0.54751 0.264258 0.548584 0.266602 0.551025 0.269922 0.554346 0.274336 0.558252 0.276562 0.560303 0.280469 0.561523 0.280859 0.562012 0.283984 0.5625 0.286328 0.563477 0.290234 0.565918 0.292187 0.565918 0.29375 0.564941 0.293359 0.563477 0.291406 0.561523 0.288672 0.557617 0.287109 0.554688 0.286328 0.551758 0.285156 0.550293 0.282813 0.548828 0.280977 0.547021 0.278906 0.546387 0.276562 0.543945 0.271875 0.541992 0.269453 0.540674 0.266445 0.540186 0.263281 0.540039 0.260742 0.540918
1 0.191406 0.605713 0.190039 0.608887 0.189453 0.611816 0.190547 0.613379 0.192305 0.611816 0.193672 0.609668 0.195352 0.61001 0.196602 0.612305 0.199258 0.61499 0.203359 0.615723 0.208437 0.61582 0.212031 0.61499 0.21543 0.613379 0.217578 0.612305 0.220703 0.610352 0.221484 0.609375 0.221484 0.606445 0.219531 0.603516 0.217188 0.602539 0.216016 0.602539 0.214453 0.601562 0.211719 0.601074 0.211328 0.600586 0.209375 0.600586 0.208984 0.600098 0.203125 0.600098 0.202734 0.600586 0.200391 0.600586 0.2 0.601074 0.196875 0.601562 0.193477 0.603516
1 0.379336 0.551611 0.376914 0.550342 0.374063 0.548047 0.370039 0.546875 0.366836 0.547656 0.364844 0.549316 0.361719 0.551758 0.360273 0.553467 0.358984 0.555322 0.358203 0.557617 0.357031 0.558105 0.355078 0.560303 0.352109 0.562305 0.351562 0.565332 0.352695 0.567822 0.354297 0.569336 0.357266 0.568896 0.359766 0.568652 0.362695 0.568213 0.365859 0.566113 0.369609 0.563086 0.372891 0.559912 0.374805 0.557373 0.37668 0.55542 0.379102 0.554541 0.381211 0.552393
1 0.394844 0.560107 0.395586 0.562842 0.397617 0.565283 0.398242 0.569189 0.399375 0.572998 0.400391 0.57666 0.400391 0.578125 0.402148 0.58252 0.404453 0.585889 0.407344 0.589355 0.410703 0.593652 0.414023 0.597412 0.417227 0.597852 0.419102 0.596289 0.419141 0.594043 0.418477 0.591211 0.417578 0.587891 0.415625 0.582031 0.414844 0.581055 0.414062 0.578613 0.4125 0.576172 0.411328 0.573242 0.409375 0.570312 0.406133 0.564795 0.40207 0.562451 0.399219 0.560449 0.397539 0.558838 0.395898 0.55874
1 0.391992 0.592529 0.391133 0.594727 0.389453 0.597168 0.388281 0.597656 0.386328 0.600098 0.383984 0.602051 0.382812 0.605469 0.380078 0.608887 0.379102 0.613525 0.379023 0.619629 0.379688 0.624023 0.380078 0.629395 0.38125 0.632324 0.383984 0.635254 0.386328 0.635742 0.387109 0.632812 0.387891 0.629883 0.388672 0.62334 0.391602 0.611865 0.392852 0.606494 0.393164 0.602588 0.393945 0.598047 0.394609 0.594629 0.394414 0.591455 0.392891 0.590967
1 0.401289 0.591846 0.399219 0.593115 0.398398 0.595752 0.399297 0.598828 0.400664 0.603027 0.404883 0.610254 0.4075 0.615137 0.411328 0.619629 0.413555 0.620605 0.416641 0.618018 0.418633 0.614551 0.420312 0.612598 0.421094 0.612207 0.420586 0.6104 0.418906 0.610156 0.4175 0.610303 0.416211 0.606787 0.414805 0.602002 0.411367 0.597803 0.407109 0.594238 0.403672 0.59209
1 0.401484 0.617188 0.39918 0.614404 0.396953 0.611328 0.393398 0.610254 0.391953 0.610303 0.388867 0.62334 0.390937 0.629297 0.391875 0.63335 0.392891 0.638477 0.393437 0.643994 0.395859 0.643799 0.398633 0.643311 0.399961 0.641016 0.400586 0.637988 0.400938 0.634814 0.401328 0.630957 0.4025 0.628125 0.403359 0.624561 0.4025 0.620996
1 0.318516 0.388477 0.319648 0.386133 0.318359 0.384424 0.315742 0.38335 0.312188 0.383301 0.308867 0.382715 0.306289 0.382471 0.302734 0.383789 0.299961 0.385742 0.297422 0.386768 0.295078 0.388867 0.293047 0.390771 0.291758 0.393262 0.290391 0.395605 0.289922 0.399268 0.290625 0.405762 0.295312 0.405762 0.301172 0.399902 0.302344 0.399414 0.305078 0.396973 0.307422 0.395996 0.310937 0.392578 0.313516 0.390137 0.316406 0.38916
1 0.411719 0.446777 0.411328 0.447266 0.411328 0.45166 0.411719 0.452148 0.411719 0.453125 0.412109 0.453613 0.412109 0.454102 0.4125 0.45459 0.4125 0.455078 0.413281 0.456055 0.413281 0.456543 0.413672 0.457031 0.413672 0.45752 0.414062 0.458008 0.414062 0.458496 0.414844 0.459473 0.414844 0.459961 0.415234 0.460449 0.415234 0.460938 0.419922 0.466797 0.419922 0.467285 0.420312 0.467773 0.420703 0.467773 0.423438 0.471191 0.423828 0.471191 0.424219 0.47168 0.424609 0.47168 0.425 0.472168 0.425391 0.472168 0.425781 0.472656 0.426563 0.472656 0.426953 0.473145 0.428906 0.473145 0.429297 0.472656 0.430078 0.472656 0.430469 0.472168 0.430859 0.472168 0.430859 0.47168 0.43125 0.471191 0.43125 0.470215 0.430859 0.469727 0.430859 0.46875 0.430469 0.468262 0.430469 0.466797 0.430078 0.466309 0.430078 0.46582 0.429688 0.465332 0.429688 0.464844 0.429297 0.464355 0.429297 0.463867 0.428906 0.463379 0.428906 0.462402 0.428516 0.461914 0.428516 0.461426 0.428125 0.460938 0.428125 0.460449 0.427734 0.459961 0.427734 0.459473 0.426563 0.458008 0.426563 0.45752 0.425781 0.456543 0.425781 0.456055 0.425 0.455078 0.425 0.45459 0.424531 0.455127 0.424219 0.453125 0.421875 0.450195 0.421484 0.450195 0.420703 0.449219 0.420312 0.449219 0.419922 0.44873 0.419531 0.44873 0.419141 0.448242 0.41875 0.448242 0.418359 0.447754 0.417969 0.447754 0.417578 0.447266 0.416797 0.447266 0.416406 0.446777 0.413281 0.446777 0.412891 0.446289 0.4125 0.446289 0.412109 0.446777
1 0.468906 0.757715 0.465 0.760742 0.462617 0.765332 0.459961 0.771582 0.45918 0.775391 0.460547 0.779541 0.463359 0.781592 0.467578 0.780273 0.471094 0.777832 0.475781 0.771973 0.478516 0.766113 0.478633 0.758301
1 0.498437 0.729492 0.498047 0.730469 0.497266 0.732422 0.497383 0.73501 0.500234 0.735498 0.503633 0.738428 0.506758 0.74292 0.514453 0.748047 0.516016 0.749512 0.517969 0.750488 0.521484 0.750977 0.524609 0.752441 0.526563 0.752441 0.528516 0.753418 0.531836 0.754395 0.533203 0.750732 0.53125 0.749023 0.52957 0.746924 0.52793 0.743018 0.525078 0.738623 0.52168 0.735693 0.515156 0.730859 0.512305 0.729492 0.51043 0.728662 0.508711 0.728418 0.506836 0.727686 0.504102 0.727783 0.502031 0.727539 0.499805 0.728418
1 0.447891 0.632275 0.446992 0.634717 0.448008 0.637207 0.452266 0.637158 0.456914 0.637891 0.460078 0.639453 0.462109 0.641113 0.465625 0.641602 0.46875 0.643066 0.471602 0.643164 0.475195 0.644336 0.477305 0.64541 0.480352 0.646094 0.482539 0.644141 0.482539 0.641162 0.481328 0.638232 0.479297 0.635742 0.475547 0.631494 0.471328 0.62832 0.465156 0.626514 0.460078 0.626416 0.455859 0.628418 0.454688 0.629395 0.453906 0.629395 0.452734 0.630371 0.451562 0.630371 0.450391 0.631348 0.449609 0.631348
1 0.582812 0.650879 0.582422 0.651855 0.581445 0.654346 0.583203 0.657715 0.585938 0.65918 0.589492 0.662549 0.592578 0.664062 0.596992 0.666357 0.600781 0.668457 0.603125 0.669434 0.607891 0.669434 0.610664 0.670605 0.611758 0.672363 0.614062 0.673926 0.614844 0.672363 0.615234 0.671875 0.615234 0.669922 0.614453 0.667969 0.614453 0.666504 0.6125 0.663086 0.612109 0.661621 0.608984 0.657227 0.604297 0.65332 0.601953 0.652344 0.600781 0.652344 0.600391 0.651855 0.595703 0.651367 0.593203 0.650684 0.590977 0.649316 0.587383 0.649512 0.583984 0.649902
1 0.636875 0.636963 0.634336 0.636084 0.632188 0.637451 0.634961 0.642236 0.638828 0.648096 0.643086 0.651074 0.647266 0.652734 0.650547 0.653613 0.655977 0.653613 0.660313 0.65376 0.665195 0.654004 0.667617 0.653467 0.670273 0.651807 0.670156 0.648389 0.668359 0.645996 0.666016 0.643555 0.659766 0.639648 0.657422 0.638672 0.65625 0.638672 0.654687 0.637695 0.652734 0.637695 0.652344 0.637207 0.650391 0.637207 0.65 0.636719 0.645312 0.636719 0.644922 0.637207 0.640039 0.638379
1 0.107813 0.345117 0.107891 0.342139 0.108555 0.338135 0.105508 0.339453 0.103008 0.343066 0.100625 0.346924 0.0976953 0.353223 0.0953906 0.357422 0.0933594 0.363281 0.0929688 0.368164 0.0921875 0.370605 0.0921875 0.375977 0.0929688 0.37793 0.0949219 0.379883 0.096875 0.379395 0.0984375 0.376953 0.102344 0.373047 0.10625 0.364746 0.109375 0.360352 0.109375 0.354492 0.108594 0.352051 0.108438 0.348486
1 0.0913672 0.320898 0.0896484 0.318408 0.0866797 0.318018 0.0846484 0.320166 0.0816016 0.323584 0.0792578 0.32666 0.0764453 0.330469 0.074375 0.335254 0.0736328 0.341211 0.0738281 0.347168 0.0738281 0.351074 0.0743359 0.353369 0.0746094 0.356445 0.075 0.356934 0.075 0.360352 0.0753906 0.361816 0.0761719 0.362793 0.0783203 0.362939 0.0792578 0.357324 0.0814453 0.354541 0.0835937 0.351562 0.0855469 0.347168 0.0882813 0.343262 0.0898438 0.339355 0.0901563 0.337744 0.0909375 0.33584 0.0913672 0.332471 0.0917188 0.329346 0.0921484 0.326172 0.0921094 0.323096
1 0.0685547 0.326123 0.0683203 0.322803 0.0669922 0.320508 0.0642969 0.319434 0.0604688 0.320312 0.0575 0.322754 0.0554297 0.327197 0.0542578 0.331592 0.0532422 0.337305 0.0542969 0.34375 0.0554687 0.348145 0.0570312 0.352051 0.0605469 0.358398 0.0636719 0.362305 0.0648438 0.362305 0.065625 0.36084 0.065625 0.357422 0.0652344 0.356934 0.0652344 0.355469 0.0644531 0.354004 0.0646094 0.350928 0.0648438 0.348145 0.0653516 0.343896 0.0660156 0.340723 0.0666406 0.337695 0.0672266 0.334961 0.0673438 0.332129 0.0675391 0.328613
1 0.0777344 0.512207 0.0761719 0.516113 0.0761719 0.518555 0.0769531 0.520508 0.0792969 0.523926 0.0808594 0.524902 0.0820312 0.524902 0.0839844 0.525879 0.0863281 0.525879 0.0867187 0.526367 0.0917969 0.526367 0.0929688 0.525391 0.0933594 0.524414 0.0933594 0.519043 0.0925781 0.516602 0.0902344 0.513672 0.0847656 0.510254 0.0832031 0.510254 0.0828125 0.509766 0.0800781 0.509766
1 0.478125 0.0791016 0.475391 0.0776367 0.470703 0.0776367 0.466406 0.0800781 0.464062 0.0820312 0.460938 0.0864258 0.458984 0.0922852 0.458984 0.0942383 0.458594 0.0947266 0.458984 0.0966797 0.462109 0.100098 0.463281 0.100586 0.464453 0.100586 0.464844 0.101074 0.469141 0.101074 0.469531 0.100586 0.471094 0.100586 0.475391 0.0961914 0.478906 0.0878906 0.478906 0.0864258 0.479297 0.0859375 0.479297 0.0810547
1 0.329688 0.148438 0.328125 0.149414 0.327344 0.150391 0.326953 0.151855 0.326953 0.155762 0.327734 0.158203 0.327734 0.160645 0.328125 0.161133 0.328516 0.165039 0.329297 0.166992 0.331641 0.168945 0.332813 0.169434 0.335938 0.168945 0.3375 0.167969 0.338672 0.166504 0.339453 0.164062 0.339453 0.161621 0.339844 0.161133 0.339844 0.155762 0.339453 0.155273 0.339453 0.153809 0.338672 0.152344 0.338672 0.151367 0.335938 0.148438 0.334766 0.147949 0.33125 0.147949 0.330859 0.148438
1 0.493359 0.00488281 0.493359 0.00878906 0.494922 0.0136719 0.497266 0.0166016 0.497266 0.0170898 0.498437 0.0180664 0.499609 0.0180664 0.501953 0.0200195 0.502734 0.0200195 0.503516 0.019043 0.506641 0.0175781 0.510156 0.0136719 0.513672 0.0117188 0.515234 0.00976562 0.515234 0.00732422 0.515625 0.00683594 0.514844 0.00292969 0.514062 0.00146484 0.514062 0 0.494531 0 0.494531 0.00146484
2 0.494531 0.740723 0.492969 0.740723 0.490625 0.741699 0.489063 0.743652 0.487891 0.747559 0.485547 0.75 0.483984 0.752441 0.483594 0.757324 0.483203 0.757812 0.483594 0.763672 0.484766 0.766602 0.486719 0.768555 0.490234 0.769043 0.494141 0.766602 0.497656 0.766602 0.498828 0.766113 0.500781 0.76416 0.501953 0.760742 0.501953 0.753906 0.501563 0.753418 0.501563 0.751465 0.5 0.74707 0.5 0.746094 0.498437 0.743164
2 0.647656 0.955566 0.647266 0.957031 0.647266 0.960938 0.648438 0.963867 0.650781 0.966309 0.654297 0.968262 0.655078 0.968262 0.658594 0.970703 0.660937 0.971191 0.661328 0.97168 0.663281 0.97168 0.665234 0.970703 0.666016 0.969727 0.666797 0.967773 0.666797 0.966309 0.665234 0.963379 0.660937 0.958496 0.653906 0.95459 0.649219 0.95459
2 0.242578 0.958496 0.241406 0.957031 0.2375 0.957031 0.237109 0.95752 0.235937 0.95752 0.232031 0.961914 0.232031 0.963867 0.233984 0.964844 0.236719 0.964844 0.237109 0.964355 0.239453 0.963867 0.240625 0.962891 0.241406 0.960938 0.242578 0.959473
2 0.504687 0.275391 0.502344 0.273926 0.498437 0.274902 0.494141 0.278809 0.494141 0.280762 0.494531 0.281738 0.496094 0.283203 0.497266 0.283691 0.498828 0.283203 0.500391 0.281738 0.503906 0.280273 0.505078 0.278809 0.505078 0.276367
2 0.355469 0.252441 0.354297 0.25293 0.353516 0.254395 0.353906 0.260254 0.355078 0.26416 0.357031 0.266602 0.358203 0.266602 0.360938 0.264648 0.361328 0.263672 0.360938 0.258789 0.360156 0.257324 0.359766 0.255371 0.357812 0.252441
2 0.232422 0.291504 0.233203 0.291992 0.239063 0.291992 0.241016 0.291016 0.242188 0.289551 0.244531 0.288086 0.244922 0.286621 0.240625 0.28418 0.236719 0.28418 0.235156 0.285156 0.233594 0.287109 0.233203 0.288574 0.232422 0.289551
2 0.0390625 0.0786133 0.0378906 0.0800781 0.0382813 0.0864258 0.0390625 0.0893555 0.0410156 0.0917969 0.0441406 0.09375 0.0460938 0.09375 0.0476562 0.0922852 0.0476562 0.0878906 0.0457031 0.0820312 0.0445313 0.0800781 0.0417969 0.078125 0.0398437 0.078125
1 0 0.0292969 0.0015625 0.0292969 0.00429688 0.03125 0.00664062 0.0322266 0.00820313 0.0322266 0.00859375 0.0327148 0.0144531 0.0327148 0.015625 0.0317383 0.0199219 0.0302734 0.0214844 0.0292969 0.0265625 0.0224609 0.0289063 0.0180664 0.0296875 0.0151367 0.0296875 0.0126953 0.0289063 0.0112305 0.0265625 0.0102539 0.0222656 0.0102539 0.021875 0.0107422 0.0207031 0.0102539 0.0175781 0.0102539 0.0128906 0.0078125 0.00859375 0.00732422 0.00820313 0.00683594 0.00546875 0.00683594 0.00273437 0.00830078 0 0.00878906
1 0.802734 0 0.802734 0.00195312 0.805859 0.0102539 0.807422 0.0131836 0.809766 0.0161133 0.810547 0.0180664 0.814063 0.0219727 0.815234 0.0219727 0.816406 0.0209961 0.817969 0.0170898 0.817969 0.00537109 0.817187 0.00341797 0.817187 0
