1 0.158594 0.457031 0.158594 0.458496 0.158984 0.458984 0.158984 0.461426 0.159375 0.461914 0.159375 0.462402 0.160156 0.463379 0.160156 0.463867 0.160938 0.464844 0.160938 0.465332 0.161719 0.466309 0.161719 0.466797 0.164453 0.470215 0.164453 0.470703 0.164844 0.471191 0.165234 0.471191 0.166016 0.472168 0.166406 0.472168 0.166797 0.472656 0.167187 0.472656 0.167578 0.473145 0.167969 0.473145 0.168359 0.473633 0.16875 0.473633 0.169141 0.474121 0.169922 0.474121 0.170313 0.474609 0.171484 0.474609 0.171875 0.475098 0.172656 0.475098 0.173047 0.475586 0.174609 0.475586 0.175 0.475098 0.176563 0.475098 0.176953 0.474609 0.178125 0.474609 0.178516 0.474121 0.178906 0.474121 0.179297 0.473633 0.179688 0.473633 0.180078 0.473145 0.180469 0.473145 0.18125 0.472168 0.18125 0.469727 0.180469 0.46875 0.180469 0.468262 0.178906 0.466309 0.178906 0.46582 0.178516 0.465332 0.178125 0.465332 0.176563 0.463379 0.176172 0.463379 0.174609 0.461426 0.174219 0.461426 0.173828 0.460938 0.173437 0.460938 0.173047 0.460449 0.172656 0.460449 0.172266 0.459961 0.171875 0.459961 0.171484 0.459473 0.171094 0.459473 0.170703 0.458984 0.170313 0.458984 0.169922 0.458496 0.169531 0.458496 0.169141 0.458008 0.168359 0.458008 0.167969 0.45752 0.167187 0.45752 0.166797 0.457031 0.164844 0.457031 0.164453 0.456543 0.159375 0.456543 0.158984 0.457031
1 0.350391 0.46582 0.35 0.46582 0.349609 0.465332 0.348438 0.465332 0.348047 0.46582 0.345313 0.46582 0.344922 0.466309 0.344531 0.466309 0.344141 0.466797 0.34375 0.466797 0.342969 0.467773 0.342578 0.467773 0.341016 0.469727 0.341016 0.470215 0.340234 0.471191 0.340234 0.47168 0.3375 0.475098 0.3375 0.475586 0.336719 0.476562 0.336719 0.477051 0.336328 0.477539 0.336328 0.478027 0.335938 0.478516 0.335938 0.479492 0.335547 0.47998 0.335547 0.485352 0.335938 0.48584 0.335938 0.487305 0.336719 0.488281 0.336719 0.48877 0.3375 0.489746 0.339062 0.489746 0.339453 0.489258 0.341016 0.489258 0.341406 0.48877 0.342187 0.48877 0.344531 0.48584 0.344531 0.485352 0.344922 0.484863 0.344922 0.484375 0.345703 0.483398 0.345703 0.48291 0.346094 0.482422 0.346094 0.481934 0.346484 0.481445 0.346484 0.480957 0.347266 0.47998 0.347266 0.479492 0.348047 0.478516 0.348047 0.478027 0.35 0.475586 0.35 0.475098 0.350781 0.474121 0.350781 0.473633 0.351562 0.472656 0.351562 0.468262 0.351172 0.467773 0.351172 0.466797
1 0.409375 0.586914 0.408984 0.586426 0.408984 0.585938 0.408594 0.585449 0.408594 0.584961 0.408203 0.584473 0.407813 0.584473 0.407422 0.583984 0.405859 0.583984 0.405469 0.583496 0.401953 0.583496 0.401562 0.583984 0.398047 0.583984 0.397656 0.584473 0.396094 0.584473 0.395703 0.584961 0.394922 0.584961 0.394531 0.585449 0.39375 0.585449 0.393359 0.585938 0.392969 0.585938 0.392578 0.586426 0.392188 0.586426 0.391797 0.586914 0.391406 0.586914 0.390234 0.588379 0.389844 0.588379 0.388281 0.590332 0.387891 0.590332 0.387891 0.59082 0.386719 0.592285 0.386719 0.592773 0.386328 0.593262 0.386328 0.594238 0.386719 0.594727 0.386719 0.595215 0.387109 0.595703 0.387109 0.596191 0.388281 0.597656 0.392188 0.597656 0.392578 0.598145 0.395313 0.598145 0.395703 0.597656 0.400781 0.597656 0.401172 0.597168 0.401953 0.597168 0.402344 0.59668 0.403125 0.59668 0.403516 0.596191 0.404297 0.596191 0.404687 0.595703 0.405078 0.595703 0.405859 0.594727 0.40625 0.594727 0.407813 0.592773 0.407813 0.592285 0.408984 0.59082 0.408984 0.590332 0.409375 0.589844
0 0.411719 0.47998 0.411328 0.480469 0.411328 0.480957 0.410938 0.481445 0.410938 0.482422 0.410547 0.48291 0.410547 0.487305 0.410938 0.487793 0.410938 0.48877 0.411328 0.489258 0.411328 0.489746 0.411719 0.490234 0.411719 0.490723 0.4125 0.491699 0.4125 0.492188 0.413281 0.493164 0.413281 0.493652 0.414062 0.494629 0.414062 0.495117 0.414844 0.496094 0.414844 0.496582 0.417187 0.499512 0.417578 0.499512 0.41875 0.500977 0.419141 0.500977 0.419531 0.501465 0.420703 0.501465 0.421094 0.501953 0.423828 0.501953 0.424219 0.501465 0.424609 0.501465 0.425 0.500977 0.425 0.500488 0.425391 0.5 0.425391 0.498047 0.425781 0.497559 0.425781 0.495117 0.425391 0.494629 0.425391 0.493652 0.425 0.493164 0.425 0.492676 0.424609 0.492188 0.424609 0.491699 0.424219 0.491211 0.424219 0.490723 0.422656 0.48877 0.422656 0.488281 0.419922 0.484863 0.419531 0.484863 0.41875 0.483887 0.418359 0.483887 0.416797 0.481934 0.416406 0.481934 0.416016 0.481445 0.415625 0.481445 0.415234 0.480957 0.414453 0.480957 0.414062 0.480469 0.413672 0.480469 0.413281 0.47998
0 0.450781 0.480957 0.446875 0.480957 0.446484 0.481445 0.446094 0.481445 0.445703 0.481934 0.445703 0.482422 0.444141 0.484375 0.444141 0.484863 0.44375 0.485352 0.44375 0.48584 0.443359 0.486328 0.443359 0.486816 0.442969 0.487305 0.442969 0.487793 0.442578 0.488281 0.442578 0.48877 0.442188 0.489258 0.442188 0.490234 0.441797 0.490723 0.441797 0.491211 0.441406 0.491699 0.441406 0.492676 0.441016 0.493164 0.441016 0.493652 0.440625 0.494141 0.440625 0.495605 0.440234 0.496094 0.440234 0.501465 0.440625 0.501953 0.440625 0.502441 0.441406 0.503418 0.441797 0.503418 0.442578 0.504395 0.444141 0.504395 0.444531 0.503906 0.445703 0.503906 0.446094 0.503418 0.446484 0.503418 0.446875 0.50293 0.447656 0.50293 0.449609 0.500488 0.449609 0.5 0.45 0.499512 0.45 0.499023 0.450391 0.498535 0.450391 0.497559 0.450781 0.49707 0.450781 0.496094 0.451172 0.495605 0.451172 0.494629 0.451562 0.494141 0.451562 0.493652 0.451953 0.493164 0.451953 0.492188 0.452344 0.491699 0.452344 0.490723 0.452734 0.490234 0.452734 0.489746 0.453125 0.489258 0.453125 0.487793 0.453516 0.487305 0.453516 0.484863 0.453125 0.484375 0.453125 0.483887 0.452734 0.483398 0.452734 0.48291 0.451562 0.481445 0.451172 0.481445
0 0.573828 0.416992 0.573438 0.416504 0.573047 0.416504 0.572656 0.416016 0.566797 0.416016 0.566406 0.416504 0.565234 0.416504 0.564844 0.416992 0.563672 0.416992 0.563281 0.41748 0.5625 0.41748 0.562109 0.417969 0.561328 0.417969 0.560937 0.418457 0.560156 0.418457 0.559766 0.418945 0.559375 0.418945 0.558984 0.419434 0.558594 0.419434 0.558203 0.419922 0.557813 0.419922 0.557422 0.42041 0.557031 0.42041 0.554688 0.42334 0.554688 0.423828 0.554297 0.424316 0.554297 0.424805 0.553516 0.425781 0.553516 0.426758 0.553125 0.427246 0.553125 0.432129 0.553516 0.432129 0.553906 0.432617 0.554297 0.432617 0.554688 0.433105 0.560937 0.433105 0.561328 0.432617 0.5625 0.432617 0.562891 0.432129 0.563672 0.432129 0.564063 0.431641 0.564844 0.431641 0.565625 0.430664 0.566016 0.430664 0.567187 0.429199 0.567578 0.429199 0.573047 0.422363 0.573047 0.421387 0.573438 0.420898 0.573438 0.419922 0.573828 0.419434
0 0.7625 0.618164 0.7625 0.618652 0.762109 0.619141 0.762109 0.619629 0.761719 0.620117 0.761719 0.622559 0.761328 0.623047 0.761328 0.623535 0.761719 0.624023 0.761719 0.626953 0.762109 0.627441 0.762109 0.62793 0.763281 0.629395 0.763672 0.629395 0.764062 0.629883 0.765234 0.629883 0.765625 0.630371 0.770312 0.630371 0.770703 0.629883 0.772656 0.629883 0.773047 0.629395 0.773828 0.629395 0.774219 0.628906 0.775 0.628906 0.775391 0.628418 0.775781 0.628418 0.775781 0.62793 0.776172 0.627441 0.776172 0.624023 0.775781 0.623535 0.775781 0.622559 0.772266 0.618164 0.771875 0.618164 0.771484 0.617676 0.771094 0.617676 0.770703 0.617188 0.769531 0.617188 0.769141 0.616699 0.765234 0.616699 0.764844 0.617188 0.763672 0.617188 0.763281 0.617676 0.762891 0.617676
0 0.655859 0.568848 0.655859 0.57373 0.65625 0.574219 0.65625 0.574707 0.657422 0.576172 0.657813 0.576172 0.658203 0.57666 0.658984 0.57666 0.659375 0.577148 0.660156 0.577148 0.660547 0.577637 0.661719 0.577637 0.662109 0.578125 0.663281 0.578125 0.663672 0.578613 0.664844 0.578613 0.665234 0.579102 0.670703 0.579102 0.671094 0.578613 0.671875 0.578613 0.672266 0.578125 0.673047 0.578125 0.673828 0.577148 0.674219 0.577148 0.674609 0.57666 0.674609 0.576172 0.675 0.575684 0.675 0.575195 0.675391 0.574707 0.675391 0.569824 0.675 0.569336 0.675 0.568848 0.673828 0.567383 0.673438 0.567383 0.673047 0.566895 0.672656 0.566895 0.672266 0.566406 0.671484 0.566406 0.671094 0.565918 0.670312 0.565918 0.669922 0.56543 0.664062 0.56543 0.663672 0.565918 0.661328 0.565918 0.660937 0.566406 0.659766 0.566406 0.659375 0.566895 0.658203 0.566895 0.657813 0.567383 0.657031 0.567383
0 0.809375 0.476074 0.810156 0.477051 0.813281 0.477051 0.813672 0.477539 0.821094 0.477539 0.821484 0.477051 0.825 0.477051 0.825391 0.476562 0.828516 0.476562 0.828906 0.476074 0.83125 0.476074 0.831641 0.475586 0.832812 0.475586 0.833203 0.475098 0.834375 0.475098 0.834766 0.474609 0.835156 0.474609 0.836328 0.473145 0.836328 0.472656 0.836719 0.472168 0.836719 0.470703 0.836328 0.470215 0.836328 0.469727 0.835547 0.46875 0.835547 0.468262 0.833203 0.465332 0.832812 0.465332 0.832422 0.464844 0.832031 0.464844 0.831641 0.464355 0.83125 0.464355 0.830859 0.463867 0.821484 0.463867 0.821094 0.464355 0.81875 0.464355 0.818359 0.464844 0.817578 0.464844 0.817187 0.465332 0.816406 0.465332 0.816016 0.46582 0.815234 0.46582 0.814844 0.466309 0.814453 0.466309 0.814063 0.466797 0.813672 0.466797 0.813281 0.467285 0.812891 0.467285 0.8125 0.467773 0.812109 0.467773 0.811719 0.468262 0.811328 0.468262 0.809375 0.470703
0 0.513672 0.549805 0.513672 0.550781 0.513281 0.55127 0.513281 0.551758 0.512891 0.552246 0.512891 0.555664 0.513281 0.556152 0.513281 0.556641 0.513672 0.557129 0.513672 0.557617 0.516016 0.560547 0.516406 0.560547 0.516797 0.561035 0.517188 0.561035 0.517578 0.561523 0.517969 0.561523 0.518359 0.562012 0.51875 0.562012 0.519141 0.5625 0.519531 0.5625 0.520312 0.563477 0.520703 0.563477 0.521094 0.563965 0.521875 0.563965 0.522266 0.564453 0.523047 0.564453 0.523438 0.564941 0.524609 0.564941 0.525 0.56543 0.526563 0.56543 0.526953 0.565918 0.530859 0.565918 0.53125 0.566406 0.533203 0.566406 0.533594 0.565918 0.533984 0.565918 0.534766 0.564941 0.534766 0.561523 0.534375 0.561035 0.534375 0.55957 0.533984 0.559082 0.533984 0.558594 0.533594 0.558105 0.533594 0.557617 0.528906 0.551758 0.528516 0.551758 0.528125 0.55127 0.527734 0.55127 0.526953 0.550293 0.526563 0.550293 0.526172 0.549805 0.525391 0.549805 0.525 0.549316 0.523828 0.549316 0.523438 0.548828 0.522656 0.548828 0.522266 0.54834 0.516406 0.54834 0.516016 0.548828 0.515234 0.548828 0.514844 0.549316 0.514062 0.549316
0 0.685547 0.841309 0.685156 0.841797 0.685156 0.842285 0.684766 0.842773 0.684766 0.848145 0.685156 0.848633 0.685156 0.849121 0.685937 0.850098 0.685937 0.850586 0.6875 0.852539 0.6875 0.853027 0.689844 0.855957 0.690234 0.855957 0.692578 0.858887 0.692969 0.858887 0.69375 0.859863 0.694141 0.859863 0.694922 0.86084 0.695312 0.86084 0.696094 0.861816 0.696484 0.861816 0.696875 0.862305 0.698828 0.862305 0.699219 0.861816 0.7 0.861816 0.700391 0.861328 0.700781 0.861328 0.701172 0.86084 0.701172 0.860352 0.701562 0.859863 0.701562 0.859375 0.701953 0.858887 0.701953 0.855469 0.701562 0.85498 0.701562 0.854004 0.701172 0.853516 0.701172 0.852539 0.700781 0.852051 0.700781 0.851562 0.700391 0.851074 0.700391 0.850586 0.699219 0.849121 0.699219 0.848633 0.698828 0.848145 0.698828 0.847656 0.698047 0.84668 0.698047 0.846191 0.695703 0.843262 0.695703 0.842773 0.694141 0.84082 0.69375 0.84082 0.693359 0.840332 0.691797 0.840332 0.691406 0.839844 0.688672 0.839844 0.688281 0.840332 0.687109 0.840332 0.686719 0.84082 0.686328 0.84082 0.685937 0.841309
2 0.412891 0.320312 0.412109 0.319336 0.408594 0.319336 0.408203 0.319824 0.407422 0.319824 0.405859 0.321777 0.405469 0.321777 0.404297 0.323242 0.403906 0.323242 0.403125 0.324219 0.402734 0.324219 0.401562 0.325684 0.401172 0.325684 0.400391 0.32666 0.4 0.32666 0.399609 0.327148 0.399219 0.327148 0.397656 0.329102 0.397656 0.32959 0.397266 0.330078 0.397266 0.331055 0.397656 0.331543 0.397656 0.333008 0.398047 0.333496 0.398047 0.333984 0.398438 0.334473 0.398828 0.334473 0.399219 0.334961 0.399609 0.334961 0.4 0.335449 0.401562 0.335449 0.401953 0.335938 0.40625 0.335938 0.406641 0.335449 0.407422 0.335449 0.407813 0.334961 0.408203 0.334961 0.408594 0.334473 0.408594 0.333984 0.409375 0.333008 0.409375 0.33252 0.410156 0.331543 0.410156 0.331055 0.410938 0.330078 0.410938 0.32959 0.4125 0.327637 0.4125 0.327148 0.412891 0.32666 0.412891 0.326172 0.413281 0.325684 0.413281 0.322266 0.412891 0.321777
2 0.638672 0.257324 0.634375 0.257324 0.632812 0.259277 0.632812 0.259766 0.632422 0.260254 0.632422 0.26123 0.632031 0.261719 0.632031 0.264648 0.631641 0.265137 0.631641 0.272949 0.63125 0.273438 0.63125 0.276855 0.631641 0.277344 0.631641 0.280273 0.632031 0.280762 0.632031 0.282227 0.632812 0.283203 0.632812 0.283691 0.633203 0.28418 0.633203 0.284668 0.633984 0.285645 0.635938 0.285645 0.636719 0.284668 0.637109 0.284668 0.6375 0.28418 0.637891 0.28418 0.639453 0.282227 0.639453 0.281738 0.639844 0.28125 0.639844 0.280762 0.640234 0.280273 0.640234 0.279297 0.640625 0.278809 0.640625 0.277832 0.641016 0.277344 0.641016 0.274902 0.641406 0.274414 0.641406 0.268555 0.641797 0.268066 0.641797 0.266113 0.641406 0.265625 0.641406 0.263672 0.641016 0.263184 0.641016 0.261719 0.640625 0.26123 0.640625 0.260254 0.640234 0.259766 0.640234 0.259277
2 0.771875 0.377441 0.771094 0.378418 0.770703 0.378418 0.770312 0.378906 0.770312 0.379395 0.769531 0.380371 0.769531 0.380859 0.769141 0.381348 0.769141 0.381836 0.76875 0.382324 0.76875 0.384766 0.769141 0.385254 0.769141 0.386719 0.769531 0.387207 0.769531 0.388184 0.769922 0.388672 0.769922 0.38916 0.770312 0.389648 0.770312 0.390137 0.771484 0.391602 0.771484 0.39209 0.773047 0.394043 0.773047 0.394531 0.774609 0.396484 0.775 0.396484 0.775781 0.397461 0.776953 0.397461 0.777344 0.397949 0.778125 0.397949 0.778516 0.398438 0.778906 0.398438 0.779297 0.397949 0.780078 0.397949 0.780469 0.397461 0.780469 0.396973 0.781641 0.395508 0.781641 0.39502 0.782031 0.394531 0.782031 0.394043 0.782422 0.393555 0.782422 0.390625 0.782813 0.390137 0.782813 0.387695 0.782422 0.387207 0.782422 0.385742 0.782031 0.385254 0.782031 0.383789 0.781641 0.383301 0.781641 0.382812 0.78125 0.382324 0.78125 0.381836 0.780469 0.380859 0.780469 0.380371 0.780078 0.379883 0.780078 0.379395 0.778516 0.377441 0.777734 0.377441 0.777344 0.376953 0.776563 0.376953 0.776172 0.376465 0.774609 0.376465 0.774219 0.376953 0.773047 0.376953 0.772656 0.377441
2 0.453906 0.604492 0.453516 0.60498 0.452734 0.60498 0.452344 0.605469 0.451953 0.605469 0.451562 0.605957 0.451562 0.606934 0.451172 0.607422 0.451172 0.609375 0.451562 0.609863 0.451562 0.612305 0.451953 0.612793 0.451953 0.616211 0.452344 0.616699 0.452344 0.62793 0.452734 0.628418 0.452734 0.629395 0.453125 0.629883 0.453125 0.630859 0.453516 0.631348 0.453516 0.631836 0.453906 0.632324 0.453906 0.632812 0.454297 0.633301 0.454688 0.633301 0.455078 0.633789 0.457813 0.633789 0.458203 0.633301 0.459375 0.633301 0.460547 0.631836 0.460547 0.631348 0.461328 0.630371 0.461328 0.629883 0.461719 0.629395 0.461719 0.628906 0.462109 0.628418 0.462109 0.617676 0.461719 0.617188 0.461719 0.616211 0.461328 0.615723 0.461328 0.614746 0.460938 0.614258 0.460938 0.612793 0.460547 0.612305 0.460547 0.611816 0.459766 0.61084 0.459766 0.610352 0.458984 0.609375 0.458984 0.608887 0.455859 0.60498 0.455469 0.60498 0.455078 0.604492
2 0.713672 0.808594 0.713281 0.808105 0.7125 0.808105 0.712109 0.807617 0.705469 0.807617 0.705078 0.808105 0.703906 0.808105 0.703516 0.808594 0.702734 0.808594 0.702344 0.809082 0.701562 0.809082 0.701172 0.80957 0.700391 0.80957 0.7 0.810059 0.699609 0.810059 0.698828 0.811035 0.698438 0.811035 0.697656 0.812012 0.697266 0.812012 0.692969 0.817383 0.692969 0.817871 0.692578 0.818359 0.692578 0.819336 0.692187 0.819824 0.692187 0.820801 0.691797 0.821289 0.691797 0.82373 0.692187 0.824219 0.692187 0.824707 0.692578 0.825195 0.692578 0.825684 0.692969 0.826172 0.693359 0.826172 0.69375 0.82666 0.694141 0.82666 0.694531 0.827148 0.695703 0.827148 0.696094 0.827637 0.701562 0.827637 0.701953 0.827148 0.702734 0.827148 0.703125 0.82666 0.703906 0.82666 0.704297 0.826172 0.705078 0.826172 0.705469 0.825684 0.705859 0.825684 0.70625 0.825195 0.706641 0.825195 0.707422 0.824219 0.707812 0.824219 0.708203 0.82373 0.708594 0.82373 0.710156 0.821777 0.710156 0.821289 0.710938 0.820312 0.710938 0.819824 0.713281 0.816895 0.713281 0.816406 0.714063 0.81543 0.714063 0.814941 0.714453 0.814453 0.714453 0.811035 0.714063 0.810547 0.714063 0.80957 0.713672 0.809082
2 0.744922 0.760254 0.744531 0.759766 0.744141 0.759766 0.74375 0.759277 0.742578 0.759277 0.742188 0.758789 0.739453 0.758789 0.739062 0.759277 0.738281 0.759277 0.737891 0.759766 0.737109 0.759766 0.736719 0.760254 0.736328 0.760254 0.735938 0.760742 0.735547 0.760742 0.735156 0.76123 0.734766 0.76123 0.733984 0.762207 0.733594 0.762207 0.727734 0.769531 0.727734 0.771484 0.727344 0.771973 0.727344 0.774902 0.728516 0.776367 0.729297 0.776367 0.729688 0.776855 0.733203 0.776855 0.733594 0.776367 0.733984 0.776367 0.734766 0.775391 0.735156 0.775391 0.735938 0.774414 0.736328 0.774414 0.7375 0.772949 0.737891 0.772949 0.738672 0.771973 0.739062 0.771973 0.739453 0.771484 0.739844 0.771484 0.740625 0.770508 0.741016 0.770508 0.742969 0.768066 0.743359 0.768066 0.744922 0.766113 0.744922 0.765625 0.745313 0.765137 0.745313 0.761719 0.744922 0.76123
2 0.780078 0.703125 0.776953 0.703125 0.776563 0.703613 0.775391 0.703613 0.774609 0.70459 0.774219 0.70459 0.771094 0.708496 0.771094 0.708984 0.770703 0.709473 0.770703 0.709961 0.770312 0.710449 0.770312 0.711914 0.769922 0.712402 0.769922 0.713867 0.769531 0.714355 0.769531 0.720215 0.769922 0.720703 0.769922 0.724609 0.770312 0.725098 0.770312 0.726562 0.770703 0.727051 0.770703 0.727539 0.771094 0.728027 0.771094 0.728516 0.771484 0.729004 0.772266 0.729004 0.772656 0.729492 0.776172 0.729492 0.776563 0.729004 0.777344 0.729004 0.777734 0.728516 0.778125 0.728516 0.778906 0.727539 0.779297 0.727539 0.780859 0.725586 0.780859 0.725098 0.781641 0.724121 0.781641 0.723633 0.782031 0.723145 0.782031 0.722656 0.782422 0.722168 0.782422 0.72168 0.782813 0.721191 0.782813 0.720215 0.783203 0.719727 0.783203 0.714844 0.782813 0.714355 0.782813 0.709961 0.782422 0.709473 0.782422 0.708496 0.782031 0.708008 0.782031 0.707031 0.781641 0.706543 0.781641 0.706055 0.78125 0.705566 0.78125 0.705078 0.780469 0.704102 0.780469 0.703613
2 0.795703 0.704102 0.794922 0.704102 0.794531 0.703613 0.791406 0.703613 0.791016 0.704102 0.790234 0.704102 0.789844 0.70459 0.789453 0.70459 0.788672 0.705566 0.788281 0.705566 0.7875 0.706543 0.7875 0.707031 0.785547 0.709473 0.785547 0.709961 0.784766 0.710938 0.784766 0.711426 0.783984 0.712402 0.783984 0.712891 0.782813 0.714355 0.782813 0.715332 0.782422 0.71582 0.782422 0.717285 0.782813 0.717773 0.782813 0.720703 0.783203 0.721191 0.783203 0.72168 0.783594 0.722168 0.783594 0.723145 0.783984 0.723633 0.783984 0.724609 0.784375 0.725098 0.784375 0.725586 0.785156 0.726562 0.785547 0.726562 0.785937 0.727051 0.786719 0.727051 0.787109 0.727539 0.7875 0.727539 0.787891 0.727051 0.788672 0.727051 0.789062 0.726562 0.789453 0.726562 0.789844 0.726074 0.790234 0.726074 0.791406 0.724609 0.791406 0.724121 0.791797 0.723633 0.791797 0.723145 0.792578 0.722168 0.792578 0.72168 0.79375 0.720215 0.79375 0.719727 0.794531 0.71875 0.794531 0.718262 0.794922 0.717773 0.794922 0.717285 0.795312 0.716797 0.795312 0.716309 0.795703 0.71582 0.795703 0.715332 0.796094 0.714844 0.796094 0.714355 0.796484 0.713867 0.796484 0.712891 0.796875 0.712402 0.796875 0.710938 0.797266 0.710449 0.797266 0.709473 0.796875 0.708984 0.796875 0.706055 0.796484 0.705566 0.796484 0.705078
2 0.851953 0.825684 0.850781 0.827148 0.850781 0.827637 0.850391 0.828125 0.850391 0.833496 0.850781 0.833984 0.850781 0.834473 0.851172 0.834961 0.851172 0.835449 0.852344 0.836914 0.852344 0.837402 0.855859 0.841797 0.855859 0.842285 0.856641 0.843262 0.857031 0.843262 0.857812 0.844238 0.858203 0.844238 0.858984 0.845215 0.859375 0.845215 0.860547 0.84668 0.860938 0.84668 0.861328 0.847168 0.861719 0.847168 0.862109 0.847656 0.863672 0.847656 0.864062 0.848145 0.865625 0.848145 0.866406 0.847168 0.866797 0.847168 0.869922 0.843262 0.869922 0.839355 0.869531 0.838867 0.869531 0.837891 0.869141 0.837402 0.869141 0.836914 0.867969 0.835449 0.867969 0.834961 0.867188 0.833984 0.867188 0.833496 0.866406 0.83252 0.866406 0.832031 0.865234 0.830566 0.864844 0.830566 0.863672 0.829102 0.863281 0.829102 0.861719 0.827148 0.861328 0.827148 0.860547 0.826172 0.860156 0.826172 0.859766 0.825684 0.859375 0.825684 0.858594 0.824707 0.857812 0.824707 0.857422 0.824219 0.855859 0.824219 0.855469 0.824707 0.853516 0.824707 0.853125 0.825195 0.852734 0.825195 0.852344 0.825684
2 0.981641 0.6875 0.98125 0.687988 0.980469 0.687988 0.980078 0.688477 0.979297 0.688477 0.978906 0.688965 0.978516 0.688965 0.976953 0.690918 0.976953 0.691895 0.976562 0.692383 0.976562 0.694336 0.976172 0.694824 0.976172 0.699707 0.976562 0.700195 0.976562 0.707031 0.976953 0.70752 0.976953 0.709473 0.977344 0.709961 0.977344 0.711426 0.977734 0.711914 0.977734 0.712891 0.978125 0.713379 0.978125 0.713867 0.978516 0.714355 0.978516 0.714844 0.980078 0.716797 0.980469 0.716797 0.980859 0.717285 0.98125 0.717285 0.981641 0.717773 0.983594 0.717773 0.983984 0.717285 0.984766 0.717285 0.985156 0.716797 0.985547 0.716797 0.986719 0.715332 0.986719 0.714844 0.987109 0.714355 0.987109 0.712891 0.9875 0.712402 0.9875 0.703613 0.987109 0.703125 0.987109 0.700684 0.986719 0.700195 0.986719 0.695312 0.986328 0.694824 0.986328 0.692871 0.985938 0.692383 0.985938 0.690918 0.985547 0.69043 0.985547 0.689941 0.984375 0.688477 0.983984 0.688477 0.983594 0.687988 0.983203 0.687988 0.982812 0.6875
2 0.693359 0.864258 0.689844 0.864258 0.689453 0.864746 0.689063 0.864746 0.688672 0.865234 0.688281 0.865234 0.6875 0.866211 0.6875 0.866699 0.686328 0.868164 0.686328 0.868652 0.685156 0.870117 0.685156 0.870605 0.684766 0.871094 0.684766 0.871582 0.684375 0.87207 0.684375 0.873535 0.683984 0.874023 0.683984 0.876465 0.683594 0.876953 0.683594 0.883789 0.683984 0.884277 0.683984 0.885742 0.684375 0.88623 0.684375 0.887207 0.685156 0.888184 0.685156 0.888672 0.685547 0.888672 0.685937 0.88916 0.686328 0.88916 0.686719 0.889648 0.687891 0.889648 0.688281 0.890137 0.690234 0.890137 0.690625 0.889648 0.691016 0.889648 0.691406 0.88916 0.692187 0.88916 0.692969 0.888184 0.693359 0.888184 0.69375 0.887695 0.69375 0.887207 0.694531 0.88623 0.694531 0.885254 0.694922 0.884766 0.694922 0.883789 0.695312 0.883301 0.695312 0.881836 0.695703 0.881348 0.695703 0.875 0.696094 0.874512 0.696094 0.870117 0.695703 0.869629 0.695703 0.867188 0.695312 0.866699 0.695312 0.866211 0.694141 0.864746 0.69375 0.864746
2 0.686719 0.936035 0.686328 0.936523 0.685937 0.936523 0.685547 0.937012 0.685547 0.937988 0.685156 0.938477 0.685156 0.947754 0.685547 0.948242 0.685547 0.950195 0.685937 0.950684 0.685937 0.95166 0.686328 0.952148 0.686328 0.953125 0.686719 0.953613 0.686719 0.95459 0.687109 0.955078 0.687109 0.956055 0.6875 0.956543 0.6875 0.95752 0.687891 0.958008 0.687891 0.958984 0.688281 0.959473 0.688281 0.960449 0.688672 0.960938 0.688672 0.961914 0.689063 0.962402 0.689063 0.962891 0.689844 0.963867 0.689844 0.964355 0.690234 0.964355 0.691016 0.965332 0.691406 0.965332 0.691797 0.96582 0.692187 0.96582 0.692578 0.966309 0.69375 0.966309 0.694141 0.96582 0.694531 0.96582 0.694922 0.965332 0.695312 0.965332 0.697266 0.962891 0.697266 0.962402 0.698047 0.961426 0.698047 0.960938 0.698438 0.960449 0.698438 0.958496 0.698828 0.958008 0.698828 0.950684 0.698438 0.950195 0.698438 0.94873 0.698047 0.948242 0.698047 0.947266 0.697656 0.946777 0.697656 0.946289 0.697266 0.945801 0.697266 0.945312 0.696484 0.944336 0.696484 0.943848 0.694922 0.941895 0.694922 0.941406 0.692969 0.938965 0.692578 0.938965 0.691406 0.9375 0.691016 0.9375 0.690234 0.936523 0.689844 0.936523 0.689453 0.936035
2 0.119141 0.527344 0.11875 0.527832 0.118359 0.527832 0.118359 0.52832 0.117578 0.529297 0.117578 0.529785 0.117188 0.530273 0.117188 0.53125 0.116797 0.531738 0.116797 0.533203 0.116406 0.533691 0.116406 0.535645 0.116016 0.536133 0.116016 0.538086 0.115625 0.538574 0.115625 0.541992 0.116016 0.54248 0.116016 0.545898 0.116406 0.546387 0.116406 0.54834 0.116797 0.548828 0.116797 0.549805 0.117188 0.550293 0.117188 0.55127 0.117578 0.551758 0.117578 0.552246 0.118359 0.553223 0.118359 0.553711 0.119531 0.555176 0.119922 0.555176 0.120313 0.555664 0.121094 0.555664 0.121484 0.556152 0.124219 0.556152 0.124609 0.555664 0.125 0.555664 0.126562 0.553711 0.126562 0.553223 0.126953 0.552734 0.126953 0.552246 0.127344 0.551758 0.127344 0.55127 0.127734 0.550781 0.127734 0.548828 0.128125 0.54834 0.128125 0.537598 0.127734 0.537109 0.127734 0.535645 0.127344 0.535156 0.127344 0.53418 0.126953 0.533691 0.126953 0.533203 0.126562 0.532715 0.126562 0.532227 0.126172 0.531738 0.126172 0.53125 0.125391 0.530273 0.125391 0.529785 0.123828 0.527832 0.123438 0.527832 0.123047 0.527344
2 0.126172 0.232422 0.125 0.230957 0.123828 0.230957 0.123438 0.230469 0.119141 0.230469 0.11875 0.230957 0.117188 0.230957 0.116797 0.231445 0.115625 0.231445 0.114844 0.232422 0.114453 0.232422 0.112891 0.234375 0.1125 0.234375 0.111719 0.235352 0.111328 0.235352 0.110156 0.236816 0.109766 0.236816 0.106641 0.240723 0.106641 0.244141 0.107031 0.244629 0.107031 0.245605 0.107422 0.246094 0.107422 0.246582 0.107813 0.24707 0.108203 0.24707 0.108594 0.247559 0.108984 0.247559 0.109375 0.248047 0.110156 0.248047 0.110547 0.248535 0.114062 0.248535 0.114453 0.248047 0.115625 0.248047 0.116406 0.24707 0.116797 0.24707 0.117969 0.245605 0.118359 0.245605 0.119531 0.244141 0.119922 0.244141 0.121875 0.241699 0.122266 0.241699 0.123047 0.240723 0.123438 0.240723 0.124609 0.239258 0.125 0.239258 0.125391 0.23877 0.125391 0.238281 0.126172 0.237305
2 0.0484375 0.213379 0.0484375 0.214355 0.0480469 0.214844 0.0480469 0.218262 0.0484375 0.21875 0.0484375 0.219238 0.0492187 0.220215 0.0492187 0.220703 0.05 0.22168 0.05 0.222168 0.0535156 0.226562 0.0539063 0.226562 0.0550781 0.228027 0.0554687 0.228027 0.0558594 0.228516 0.0566406 0.228516 0.0570312 0.229004 0.0574219 0.229004 0.0578125 0.229492 0.0585938 0.229492 0.0589844 0.22998 0.059375 0.22998 0.0597656 0.230469 0.0605469 0.230469 0.0609375 0.230957 0.0628906 0.230957 0.0632812 0.231445 0.0660156 0.231445 0.0664062 0.230957 0.06875 0.230957 0.0691406 0.230469 0.0699219 0.230469 0.0703125 0.22998 0.0707031 0.22998 0.0710937 0.229492 0.0714844 0.229492 0.0726563 0.228027 0.0726563 0.226074 0.0722656 0.225586 0.0722656 0.225098 0.0714844 0.224121 0.0714844 0.223633 0.0707031 0.222656 0.0707031 0.222168 0.0691406 0.220215 0.06875 0.220215 0.0679687 0.219238 0.0675781 0.219238 0.0671875 0.21875 0.0667969 0.21875 0.0664062 0.218262 0.0660156 0.218262 0.0652344 0.217285 0.0648438 0.217285 0.0644531 0.216797 0.0640625 0.216797 0.0636719 0.216309 0.0632812 0.216309 0.0628906 0.21582 0.0621094 0.21582 0.0617188 0.215332 0.0613281 0.215332 0.0609375 0.214844 0.0605469 0.214844 0.0601563 0.214355 0.059375 0.214355 0.0589844 0.213867 0.0585938 0.213867 0.0582031 0.213379 0.0574219 0.213379 0.0570312 0.212891 0.05625 0.212891 0.0558594 0.212402 0.0554687 0.212402 0.0550781 0.211914 0.0542969 0.211914 0.0539063 0.211426 0.0511719 0.211426 0.0507812 0.211914 0.05 0.211914 0.0496094 0.212402 0.0492187 0.212402
2 0.160547 0.77832 0.160547 0.781738 0.160938 0.782227 0.160938 0.783691 0.1625 0.785645 0.162891 0.785645 0.163672 0.786621 0.164062 0.786621 0.164453 0.787109 0.164844 0.787109 0.165234 0.787598 0.167187 0.787598 0.167578 0.788086 0.171094 0.788086 0.171484 0.787598 0.173047 0.787598 0.173437 0.787109 0.174219 0.787109 0.174609 0.786621 0.175391 0.786621 0.175781 0.786133 0.176563 0.786133 0.176953 0.785645 0.177344 0.785645 0.177734 0.785156 0.178516 0.785156 0.179297 0.78418 0.179688 0.78418 0.179688 0.783691 0.180469 0.782715 0.180469 0.782227 0.180859 0.781738 0.180859 0.780762 0.18125 0.780273 0.18125 0.77832 0.180859 0.777832 0.180859 0.777344 0.180078 0.776367 0.179688 0.776367 0.178906 0.775391 0.178516 0.775391 0.178125 0.774902 0.175391 0.774902 0.175 0.774414 0.167578 0.774414 0.167187 0.774902 0.165234 0.774902 0.164844 0.775391 0.164062 0.775391 0.163672 0.775879 0.162891 0.775879 0.1625 0.776367 0.162109 0.776367
2 0.163281 0.794922 0.162891 0.794434 0.1625 0.794434 0.162109 0.793945 0.155469 0.793945 0.155078 0.794434 0.154297 0.794434 0.153906 0.794922 0.153516 0.794922 0.153125 0.79541 0.152344 0.79541 0.151953 0.795898 0.151562 0.795898 0.151172 0.796387 0.150391 0.796387 0.15 0.796875 0.149609 0.796875 0.149219 0.797363 0.148828 0.797363 0.148047 0.79834 0.147656 0.79834 0.146484 0.799805 0.146094 0.799805 0.145703 0.800293 0.145703 0.800781 0.144922 0.801758 0.144922 0.802246 0.144531 0.802734 0.144531 0.805176 0.144922 0.805664 0.144922 0.806641 0.146484 0.808594 0.146875 0.808594 0.147266 0.809082 0.15 0.809082 0.150391 0.80957 0.155078 0.80957 0.155469 0.809082 0.15625 0.809082 0.156641 0.808594 0.157031 0.808594 0.157422 0.808105 0.157812 0.808105 0.158203 0.807617 0.158984 0.807617 0.159375 0.807129 0.159766 0.807129 0.160156 0.806641 0.160547 0.806641 0.161719 0.805176 0.162109 0.805176 0.1625 0.804688 0.1625 0.804199 0.163281 0.803223 0.163281 0.802246 0.163672 0.801758 0.163672 0.800781 0.164062 0.800293 0.164062 0.796875 0.163672 0.796387 0.163672 0.795898 0.163281 0.79541
2 0.128906 0.87207 0.128516 0.87207 0.128125 0.871582 0.127734 0.871582 0.127344 0.871094 0.126172 0.871094 0.125781 0.870605 0.122266 0.870605 0.121875 0.871094 0.121484 0.871094 0.120703 0.87207 0.120313 0.87207 0.119141 0.873535 0.11875 0.873535 0.118359 0.874023 0.118359 0.874512 0.117969 0.875 0.117969 0.875488 0.117578 0.875977 0.117578 0.876465 0.117188 0.876953 0.117188 0.878418 0.116797 0.878906 0.116797 0.879395 0.116406 0.879883 0.116406 0.880371 0.116016 0.880859 0.116016 0.881348 0.115625 0.881836 0.115625 0.887207 0.116016 0.887695 0.116016 0.88916 0.116406 0.889648 0.116406 0.890137 0.116797 0.890625 0.116797 0.891113 0.117578 0.89209 0.117969 0.89209 0.118359 0.892578 0.123438 0.892578 0.123828 0.89209 0.124219 0.89209 0.125 0.891113 0.125 0.890625 0.127344 0.887695 0.127344 0.887207 0.128125 0.88623 0.128125 0.885742 0.128516 0.885254 0.128516 0.884766 0.128906 0.884277 0.128906 0.883789 0.129297 0.883301 0.129297 0.882324 0.129688 0.881836 0.129688 0.880371 0.130078 0.879883 0.130078 0.878906 0.130469 0.878418 0.130469 0.875 0.130078 0.874512 0.130078 0.874023 0.129688 0.873535 0.129688 0.873047
2 0.178125 0.928711 0.177734 0.928711 0.177344 0.928223 0.173828 0.928223 0.173437 0.928711 0.173047 0.928711 0.172266 0.929688 0.171875 0.929688 0.171484 0.930176 0.171484 0.930664 0.169531 0.933105 0.169531 0.933594 0.16875 0.93457 0.16875 0.935059 0.167969 0.936035 0.167969 0.936523 0.166016 0.938965 0.166016 0.939453 0.163672 0.942383 0.163672 0.942871 0.162891 0.943848 0.162891 0.944336 0.1625 0.944824 0.1625 0.945801 0.162109 0.946289 0.162109 0.947754 0.161719 0.948242 0.161719 0.950684 0.162109 0.951172 0.162109 0.95166 0.162891 0.952637 0.163281 0.952637 0.164062 0.953613 0.164844 0.953613 0.165234 0.954102 0.166797 0.954102 0.167187 0.953613 0.169141 0.953613 0.169531 0.953125 0.170313 0.953125 0.170703 0.952637 0.171094 0.952637 0.171875 0.95166 0.172266 0.95166 0.172656 0.951172 0.173047 0.951172 0.173828 0.950195 0.174219 0.950195 0.175391 0.94873 0.175391 0.948242 0.176953 0.946289 0.176953 0.945801 0.177734 0.944824 0.177734 0.944336 0.178516 0.943359 0.178516 0.942871 0.178906 0.942383 0.178906 0.941895 0.179297 0.941406 0.179297 0.94043 0.179688 0.939941 0.179688 0.932617 0.179297 0.932129 0.179297 0.930176
0 0.400781 0.396484 0.4 0.396484 0.399609 0.395996 0.396484 0.395996 0.396094 0.396484 0.395313 0.396484 0.394922 0.396973 0.394531 0.396973 0.393359 0.398438 0.392969 0.398438 0.387891 0.404785 0.387891 0.405273 0.387109 0.40625 0.387109 0.406738 0.386719 0.407227 0.386719 0.407715 0.385937 0.408691 0.385937 0.40918 0.384766 0.410645 0.384766 0.411133 0.383984 0.412109 0.383984 0.413574 0.383594 0.414062 0.383594 0.417969 0.383984 0.418457 0.383984 0.418945 0.384375 0.418945 0.384766 0.419434 0.385547 0.419434 0.385937 0.419922 0.389453 0.419922 0.389844 0.419434 0.390234 0.419434 0.390625 0.418945 0.391016 0.418945 0.391406 0.418457 0.391797 0.418457 0.392578 0.41748 0.392969 0.41748 0.39375 0.416504 0.394141 0.416504 0.395313 0.415039 0.395703 0.415039 0.396484 0.414062 0.396875 0.414062 0.397656 0.413086 0.397656 0.412598 0.398047 0.412109 0.398047 0.411621 0.398438 0.411133 0.398438 0.410645 0.399219 0.409668 0.399219 0.40918 0.399609 0.408691 0.399609 0.408203 0.4 0.407715 0.4 0.407227 0.400391 0.406738 0.400391 0.40625 0.400781 0.405762 0.400781 0.405273 0.401172 0.404785 0.401172 0.403809 0.401562 0.40332 0.401562 0.397949 0.401172 0.397461 0.401172 0.396973
0 0.675781 0.446289 0.677344 0.444336 0.677734 0.444336 0.678125 0.443848 0.678516 0.443848 0.678906 0.443359 0.680078 0.443359 0.680469 0.442871 0.682031 0.442871 0.682422 0.442383 0.689453 0.442383 0.689844 0.442871 0.690625 0.442871 0.691406 0.443848 0.691797 0.443848 0.692969 0.445312 0.692969 0.445801 0.693359 0.446289 0.693359 0.451172 0.692969 0.45166 0.692969 0.452148 0.691016 0.45459 0.690625 0.45459 0.690234 0.455078 0.689453 0.455078 0.689063 0.455566 0.681641 0.455566 0.68125 0.455078 0.680078 0.455078 0.679688 0.45459 0.678906 0.45459 0.678516 0.454102 0.678125 0.454102 0.677734 0.453613 0.677344 0.453613 0.676172 0.452148 0.676172 0.45166 0.675781 0.451172
0 0.615625 0.943848 0.615234 0.944336 0.614844 0.944336 0.614844 0.944824 0.614453 0.945312 0.614453 0.945801 0.614062 0.946289 0.614062 0.946777 0.613672 0.947266 0.613672 0.948242 0.613281 0.94873 0.613281 0.949707 0.612891 0.950195 0.612891 0.956543 0.613281 0.957031 0.613281 0.960449 0.613672 0.960938 0.613672 0.964355 0.614062 0.964844 0.614062 0.966797 0.614453 0.967285 0.614453 0.96875 0.614844 0.969238 0.614844 0.969727 0.615625 0.970703 0.616016 0.970703 0.616406 0.971191 0.617188 0.971191 0.617578 0.97168 0.620313 0.97168 0.620703 0.971191 0.621094 0.971191 0.621484 0.970703 0.621875 0.970703 0.624219 0.967773 0.624219 0.967285 0.624609 0.966797 0.624609 0.966309 0.625 0.96582 0.625 0.964355 0.625391 0.963867 0.625391 0.961914 0.625781 0.961426 0.625781 0.95752 0.625391 0.957031 0.625391 0.95459 0.625 0.954102 0.625 0.953125 0.624609 0.952637 0.624609 0.95166 0.624219 0.951172 0.624219 0.950684 0.623828 0.950195 0.623828 0.949707 0.619531 0.944336 0.61875 0.944336 0.618359 0.943848
1 0.731641 0.970215 0.73125 0.970703 0.73125 0.971191 0.730469 0.972168 0.730469 0.973145 0.730078 0.973633 0.730078 0.975586 0.730469 0.976074 0.730469 0.978516 0.730859 0.979004 0.730859 0.97998 0.73125 0.980469 0.73125 0.980957 0.732031 0.981934 0.732031 0.982422 0.733203 0.983887 0.733203 0.984375 0.733984 0.985352 0.733984 0.98584 0.734375 0.986328 0.734375 0.986816 0.734766 0.987305 0.734766 0.987793 0.735547 0.98877 0.735547 0.989258 0.737109 0.991211 0.7375 0.991211 0.739453 0.993652 0.739844 0.993652 0.740234 0.994141 0.741016 0.994141 0.741406 0.994629 0.742578 0.994629 0.742969 0.995117 0.745703 0.995117 0.746094 0.994629 0.747656 0.994629 0.748047 0.994141 0.748437 0.994141 0.749219 0.993164 0.749219 0.992676 0.749609 0.992188 0.749609 0.991211 0.75 0.990723 0.75 0.988281 0.749219 0.987305 0.749219 0.986816 0.748437 0.98584 0.748437 0.985352 0.747266 0.983887 0.747266 0.983398 0.746875 0.98291 0.746875 0.982422 0.746094 0.981445 0.746094 0.980957 0.744922 0.979492 0.744922 0.979004 0.744531 0.979004 0.742969 0.977051 0.742578 0.977051 0.739844 0.973633 0.739453 0.973633 0.738281 0.972168 0.737891 0.972168 0.737109 0.971191 0.736719 0.971191 0.736328 0.970703 0.735156 0.970703 0.734766 0.970215 0.733594 0.970215 0.733203 0.969727 0.732812 0.969727 0.732422 0.970215
1 0.845703 0.924316 0.844531 0.925781 0.844531 0.92627 0.844141 0.926758 0.844141 0.927734 0.84375 0.928223 0.84375 0.929199 0.843359 0.929688 0.843359 0.933594 0.84375 0.934082 0.84375 0.935547 0.844141 0.936035 0.844141 0.936523 0.844531 0.937012 0.844531 0.9375 0.844922 0.937988 0.844922 0.938477 0.845313 0.938965 0.845313 0.939453 0.846094 0.94043 0.846094 0.940918 0.846875 0.941895 0.846875 0.942383 0.848047 0.943848 0.848047 0.944336 0.849609 0.946289 0.849609 0.946777 0.851172 0.94873 0.851562 0.94873 0.853125 0.950684 0.854688 0.950684 0.855078 0.951172 0.857031 0.951172 0.857422 0.950684 0.857812 0.950684 0.858594 0.949707 0.858594 0.94873 0.858984 0.948242 0.858984 0.946777 0.859375 0.946289 0.859375 0.943848 0.858984 0.943359 0.858984 0.941895 0.858594 0.941406 0.858594 0.94043 0.858203 0.939941 0.858203 0.938965 0.857812 0.938477 0.857812 0.937012 0.857422 0.936523 0.857422 0.935547 0.857031 0.935059 0.857031 0.93457 0.85625 0.933594 0.85625 0.933105 0.855469 0.932129 0.855469 0.931641 0.855078 0.931152 0.855078 0.930664 0.854688 0.930176 0.854688 0.929688 0.851172 0.925293 0.850781 0.925293 0.85 0.924316
1 0.899219 0.861328 0.898047 0.862793 0.898047 0.863281 0.897656 0.86377 0.897656 0.864258 0.897266 0.864746 0.897266 0.865723 0.896875 0.866211 0.896875 0.868164 0.897266 0.868652 0.897266 0.871094 0.897656 0.871582 0.897656 0.873047 0.898047 0.873535 0.898047 0.875 0.898438 0.875488 0.898438 0.876465 0.898828 0.876953 0.898828 0.878906 0.899219 0.879395 0.899219 0.880859 0.899609 0.881348 0.899609 0.882324 0.9 0.882812 0.9 0.883301 0.901172 0.884766 0.901172 0.885254 0.902734 0.887207 0.903125 0.887207 0.903516 0.887695 0.90625 0.887695 0.906641 0.887207 0.907031 0.887207 0.907422 0.886719 0.907813 0.886719 0.908594 0.885742 0.908594 0.885254 0.908984 0.884766 0.908984 0.883789 0.909375 0.883301 0.909375 0.881836 0.909766 0.881348 0.909766 0.878418 0.909375 0.87793 0.909375 0.873047 0.908984 0.872559 0.908984 0.871094 0.908594 0.870605 0.908594 0.870117 0.908203 0.869629 0.908203 0.869141 0.907813 0.868652 0.907813 0.868164 0.907031 0.867188 0.907031 0.866699 0.90625 0.865723 0.90625 0.865234 0.905469 0.864258 0.905078 0.864258 0.904297 0.863281 0.903906 0.863281 0.903516 0.862793 0.903125 0.862793 0.902734 0.862305 0.902344 0.862305 0.901953 0.861816 0.901563 0.861816 0.901172 0.861328
1 0.940234 0.871094 0.938281 0.871094 0.937891 0.871582 0.9375 0.871582 0.936719 0.872559 0.936328 0.872559 0.936328 0.873047 0.935547 0.874023 0.935547 0.875 0.935156 0.875488 0.935156 0.876953 0.934766 0.877441 0.934766 0.878906 0.934375 0.879395 0.934375 0.880371 0.933984 0.880859 0.933984 0.882324 0.933594 0.882812 0.933594 0.884766 0.933203 0.885254 0.933203 0.892578 0.933594 0.893066 0.933594 0.893555 0.933984 0.894043 0.933984 0.894531 0.934375 0.89502 0.934375 0.895996 0.934766 0.896484 0.934766 0.896973 0.935937 0.898438 0.936719 0.898438 0.937109 0.898926 0.9375 0.898926 0.937891 0.899414 0.938281 0.899414 0.938672 0.899902 0.939063 0.899902 0.939453 0.899414 0.940234 0.899414 0.940234 0.898926 0.941016 0.897949 0.941016 0.897461 0.941406 0.896973 0.941406 0.896484 0.941797 0.895996 0.941797 0.895508 0.942187 0.89502 0.942187 0.894043 0.942578 0.893555 0.942578 0.893066 0.942969 0.892578 0.942969 0.89209 0.943359 0.891602 0.943359 0.890625 0.94375 0.890137 0.94375 0.889648 0.944141 0.88916 0.944141 0.888184 0.944531 0.887695 0.944531 0.886719 0.944922 0.88623 0.944922 0.884766 0.945312 0.884277 0.945312 0.881836 0.945703 0.881348 0.945703 0.880859 0.945312 0.880371 0.945312 0.878906 0.944922 0.878418 0.944922 0.876953 0.944531 0.876465 0.944531 0.875977 0.944141 0.875488 0.944141 0.875 0.942187 0.872559 0.941797 0.872559 0.941016 0.871582 0.940625 0.871582
1 0.980469 0.866211 0.980078 0.866699 0.979297 0.866699 0.978906 0.867188 0.978516 0.867188 0.978516 0.867676 0.978125 0.868164 0.978125 0.868652 0.977734 0.869141 0.977734 0.869629 0.977344 0.870117 0.977344 0.880859 0.977734 0.881348 0.977734 0.883301 0.978125 0.883789 0.978125 0.884766 0.978516 0.885254 0.978516 0.88623 0.978906 0.886719 0.978906 0.887207 0.981641 0.890625 0.984766 0.890625 0.985156 0.890137 0.985938 0.890137 0.986328 0.889648 0.986719 0.889648 0.989062 0.886719 0.989062 0.88623 0.989453 0.885742 0.989453 0.885254 0.989844 0.884766 0.989844 0.884277 0.990234 0.883789 0.990234 0.882812 0.990625 0.882324 0.990625 0.879883 0.990234 0.879395 0.990234 0.876953 0.989844 0.876465 0.989844 0.875488 0.989453 0.875 0.989453 0.874512 0.989062 0.874023 0.989062 0.873535 0.988672 0.873047 0.988672 0.872559 0.988281 0.87207 0.988281 0.871582 0.985547 0.868164 0.985156 0.868164 0.983984 0.866699 0.983594 0.866699 0.983203 0.866211
1 0.936719 0.940918 0.935937 0.940918 0.935547 0.941406 0.934766 0.941406 0.93125 0.945801 0.93125 0.946289 0.930859 0.946777 0.930859 0.947266 0.930469 0.947754 0.930469 0.94873 0.930078 0.949219 0.930078 0.951172 0.929688 0.95166 0.929688 0.959961 0.930078 0.960449 0.930078 0.961426 0.930859 0.962402 0.930859 0.962891 0.93125 0.963379 0.931641 0.963379 0.932031 0.963867 0.933984 0.963867 0.934375 0.964355 0.935156 0.964355 0.935547 0.963867 0.936328 0.963867 0.940234 0.958984 0.940234 0.958008 0.940625 0.95752 0.940625 0.956543 0.941016 0.956055 0.941016 0.95459 0.941406 0.954102 0.941406 0.952148 0.941797 0.95166 0.941797 0.948242 0.941406 0.947754 0.941406 0.945801 0.941016 0.945312 0.941016 0.944336 0.940234 0.943359 0.940234 0.942871 0.939453 0.941895 0.939063 0.941895 0.938672 0.941406 0.937109 0.941406
1 0.919922 0.809082 0.919531 0.808594 0.919531 0.808105 0.918359 0.806641 0.917969 0.806641 0.917578 0.806152 0.917188 0.806152 0.916797 0.805664 0.913672 0.805664 0.913281 0.805176 0.912109 0.805176 0.911719 0.805664 0.908984 0.805664 0.908594 0.806152 0.906641 0.806152 0.90625 0.806641 0.904687 0.806641 0.904297 0.807129 0.903516 0.807129 0.903125 0.807617 0.902734 0.807617 0.902344 0.808105 0.901953 0.808105 0.901563 0.808594 0.901563 0.80957 0.901172 0.810059 0.901172 0.812012 0.900781 0.8125 0.900781 0.812988 0.901172 0.813477 0.901172 0.814453 0.902734 0.816406 0.903125 0.816406 0.903516 0.816895 0.903906 0.816895 0.904297 0.817383 0.905078 0.817383 0.905469 0.817871 0.906641 0.817871 0.907031 0.818359 0.913281 0.818359 0.913672 0.817871 0.915234 0.817871 0.915625 0.817383 0.916406 0.817383 0.916797 0.816895 0.917188 0.816895 0.917578 0.816406 0.917969 0.816406 0.919531 0.814453 0.919531 0.813965 0.919922 0.813477
1 0.883594 0.788086 0.883594 0.788574 0.883203 0.789062 0.883203 0.790039 0.883594 0.790527 0.883594 0.791504 0.883984 0.791992 0.883984 0.79248 0.884766 0.793457 0.884766 0.793945 0.885547 0.794922 0.885547 0.79541 0.888281 0.798828 0.888281 0.799316 0.888672 0.799805 0.888672 0.800293 0.889062 0.800781 0.889062 0.80127 0.889453 0.801758 0.891016 0.801758 0.891406 0.802246 0.892188 0.802246 0.892578 0.801758 0.89375 0.801758 0.894141 0.80127 0.894531 0.80127 0.895312 0.800293 0.895703 0.800293 0.896484 0.799316 0.896484 0.796387 0.896094 0.795898 0.896094 0.794434 0.894141 0.791992 0.89375 0.791992 0.893359 0.791504 0.892969 0.791504 0.892188 0.790527 0.891797 0.790527 0.891406 0.790039 0.891016 0.790039 0.889844 0.788574 0.889453 0.788574 0.889062 0.788086 0.888281 0.788086 0.887891 0.787598 0.884375 0.787598 0.883984 0.788086
1 0.935156 0.794922 0.935937 0.795898 0.936719 0.795898 0.9375 0.794922 0.938281 0.794922 0.938672 0.794434 0.939453 0.794434 0.939844 0.793945 0.94375 0.793945 0.944141 0.793457 0.945703 0.793457 0.946094 0.792969 0.947266 0.792969 0.947656 0.793457 0.948438 0.793457 0.948828 0.793945 0.949219 0.793945 0.949609 0.794434 0.95 0.794434 0.950391 0.794922 0.952344 0.794922 0.952734 0.794434 0.953516 0.794434 0.953906 0.793945 0.954297 0.793945 0.955469 0.79248 0.955469 0.791992 0.955859 0.791504 0.955859 0.790039 0.95625 0.789551 0.95625 0.788574 0.955859 0.788086 0.955859 0.787109 0.954688 0.785645 0.953906 0.785645 0.953516 0.785156 0.952344 0.785156 0.951953 0.784668 0.951172 0.784668 0.950781 0.78418 0.949219 0.78418 0.948828 0.783691 0.94375 0.783691 0.943359 0.78418 0.942187 0.78418 0.941797 0.784668 0.941406 0.784668 0.941016 0.785156 0.940625 0.785156 0.940234 0.785645 0.939844 0.785645 0.939063 0.786621 0.938672 0.786621 0.937891 0.787598 0.9375 0.787598 0.937109 0.788086 0.936719 0.788086 0.935937 0.789062 0.935937 0.789551 0.935547 0.790039 0.935547 0.791504 0.935156 0.791992
1 0.989453 0.645996 0.9875 0.648438 0.9875 0.648926 0.986719 0.649902 0.986719 0.650391 0.986328 0.650879 0.986328 0.651855 0.985938 0.652344 0.985938 0.65332 0.985547 0.653809 0.985547 0.655273 0.985156 0.655762 0.985156 0.658203 0.984766 0.658691 0.984766 0.662598 0.985156 0.663086 0.985156 0.664062 0.985547 0.664551 0.985547 0.665039 0.985938 0.665527 0.985938 0.666016 0.986328 0.666504 0.986328 0.666992 0.9875 0.668457 0.987891 0.668457 0.988281 0.668945 0.988672 0.668945 0.989062 0.669434 0.991797 0.669434 0.992188 0.668945 0.992969 0.668945 0.993359 0.668457 0.99375 0.668457 0.994922 0.666992 0.994922 0.666504 0.995313 0.666016 0.995313 0.664551 0.995703 0.664062 0.995703 0.663086 0.996094 0.662598 0.996094 0.660645 0.996484 0.660156 0.996484 0.653809 0.996094 0.65332 0.996094 0.651367 0.995703 0.650879 0.995703 0.649902 0.995313 0.649414 0.995313 0.648926 0.994141 0.647461 0.99375 0.647461 0.993359 0.646973 0.992969 0.646973 0.992578 0.646484 0.991797 0.646484 0.991406 0.645996
1 0.963672 0.570801 0.958984 0.570801 0.958594 0.571289 0.958203 0.571289 0.95625 0.57373 0.95625 0.574219 0.955859 0.574707 0.955859 0.575195 0.955078 0.576172 0.955078 0.57666 0.954297 0.577637 0.954297 0.578125 0.953906 0.578613 0.953906 0.57959 0.953516 0.580078 0.953516 0.580566 0.953125 0.581055 0.953125 0.582031 0.952734 0.58252 0.952734 0.584961 0.952344 0.585449 0.952344 0.590332 0.952734 0.59082 0.952734 0.593262 0.953125 0.59375 0.953125 0.594238 0.953516 0.594727 0.953516 0.595215 0.954297 0.596191 0.954688 0.596191 0.955078 0.59668 0.955859 0.59668 0.95625 0.597168 0.959766 0.597168 0.960156 0.59668 0.960547 0.59668 0.960938 0.596191 0.961328 0.596191 0.961719 0.595703 0.962109 0.595703 0.962891 0.594727 0.963281 0.594727 0.963672 0.594238 0.963672 0.59375 0.964453 0.592773 0.964453 0.592285 0.964844 0.591797 0.964844 0.591309 0.965234 0.59082 0.965234 0.590332 0.965625 0.589844 0.965625 0.589355 0.966016 0.588867 0.966016 0.587402 0.966406 0.586914 0.966406 0.584473 0.966797 0.583984 0.966797 0.582031 0.966406 0.581543 0.966406 0.577637 0.966016 0.577148 0.966016 0.575684 0.965625 0.575195 0.965625 0.574219 0.965234 0.57373 0.965234 0.572754
1 0.803125 0.563965 0.801562 0.563965 0.801172 0.564453 0.800391 0.564453 0.8 0.564941 0.799609 0.564941 0.798438 0.566406 0.798438 0.566895 0.798047 0.567383 0.798047 0.568359 0.797656 0.568848 0.797656 0.569824 0.797266 0.570312 0.797266 0.571289 0.796875 0.571777 0.796875 0.572266 0.796484 0.572754 0.796484 0.573242 0.796094 0.57373 0.796094 0.574219 0.795703 0.574707 0.795703 0.575195 0.795312 0.575684 0.795312 0.576172 0.794922 0.57666 0.794922 0.577637 0.794531 0.578125 0.794531 0.585938 0.794922 0.586426 0.794922 0.588379 0.795312 0.588867 0.795312 0.589355 0.795703 0.589844 0.796094 0.589844 0.796875 0.59082 0.797266 0.59082 0.797656 0.591309 0.799609 0.591309 0.8 0.59082 0.800391 0.59082 0.800781 0.590332 0.801172 0.590332 0.801953 0.589355 0.802344 0.589355 0.803125 0.588379 0.803125 0.587891 0.803516 0.587402 0.803516 0.586914 0.803906 0.586426 0.803906 0.585938 0.804297 0.585449 0.804297 0.584961 0.804688 0.584473 0.804688 0.583496 0.805078 0.583008 0.805078 0.58252 0.805469 0.582031 0.805469 0.581543 0.805859 0.581055 0.805859 0.580566 0.80625 0.580078 0.80625 0.579102 0.806641 0.578613 0.806641 0.570801 0.80625 0.570312 0.80625 0.568848 0.805859 0.568359 0.805859 0.567871 0.805469 0.567383 0.805469 0.566895 0.803906 0.564941 0.803906 0.564453 0.803516 0.564453
1 0.623828 0.543945 0.623828 0.544434 0.623437 0.544922 0.623437 0.550293 0.624219 0.55127 0.624219 0.551758 0.625 0.552734 0.625 0.553223 0.625781 0.554199 0.625781 0.554688 0.626953 0.556152 0.627344 0.556152 0.627734 0.556641 0.628125 0.556641 0.628516 0.557129 0.628906 0.557129 0.629297 0.557617 0.629687 0.557617 0.630078 0.558105 0.630859 0.558105 0.63125 0.558594 0.632422 0.558594 0.632812 0.559082 0.634766 0.559082 0.635156 0.55957 0.639453 0.55957 0.639844 0.559082 0.640234 0.559082 0.640625 0.558594 0.641016 0.558594 0.642188 0.557129 0.642188 0.556641 0.642578 0.556152 0.642578 0.555664 0.642969 0.555176 0.642969 0.554688 0.642578 0.554199 0.642578 0.553711 0.640625 0.55127 0.640234 0.55127 0.637891 0.54834 0.6375 0.54834 0.636719 0.547363 0.636328 0.547363 0.635547 0.546387 0.635156 0.546387 0.634375 0.54541 0.633984 0.54541 0.633594 0.544922 0.633203 0.544922 0.632812 0.544434 0.632422 0.544434 0.632031 0.543945 0.63125 0.543945 0.630859 0.543457 0.630469 0.543457 0.630078 0.542969 0.629297 0.542969 0.628906 0.54248 0.628125 0.54248 0.627734 0.541992 0.626172 0.541992 0.625781 0.54248 0.625391 0.54248 0.625 0.542969 0.624609 0.542969
1 0.516406 0.391602 0.516406 0.394043 0.518359 0.396484 0.51875 0.396484 0.519141 0.396973 0.519531 0.396973 0.519922 0.397461 0.520312 0.397461 0.520703 0.397949 0.522656 0.397949 0.523047 0.398438 0.526953 0.398438 0.527344 0.398926 0.535937 0.398926 0.536328 0.398438 0.537109 0.398438 0.537891 0.397461 0.537891 0.394531 0.538281 0.394043 0.538281 0.393555 0.537891 0.393066 0.537891 0.392578 0.536328 0.390625 0.535937 0.390625 0.534766 0.38916 0.534375 0.38916 0.533594 0.388184 0.533203 0.388184 0.532813 0.387695 0.532422 0.387695 0.532031 0.387207 0.530859 0.387207 0.530469 0.386719 0.529297 0.386719 0.528906 0.38623 0.521484 0.38623 0.521094 0.386719 0.520312 0.386719 0.519922 0.387207 0.519531 0.387207 0.519141 0.387695 0.51875 0.387695 0.517969 0.388672 0.517578 0.388672 0.517578 0.38916 0.517188 0.389648 0.517188 0.390137 0.516797 0.390625 0.516797 0.391113
1 0.544922 0.321289 0.544531 0.321777 0.544141 0.321777 0.54375 0.322266 0.54375 0.322754 0.543359 0.323242 0.543359 0.324219 0.542969 0.324707 0.542969 0.328125 0.542578 0.328613 0.542578 0.33252 0.542188 0.333008 0.542188 0.339844 0.542578 0.340332 0.542578 0.341309 0.542969 0.341797 0.542969 0.342285 0.543359 0.342773 0.543359 0.343262 0.54375 0.34375 0.54375 0.344238 0.544141 0.344727 0.544141 0.345215 0.548047 0.350098 0.548438 0.350098 0.548828 0.350586 0.549609 0.350586 0.55 0.350098 0.550781 0.350098 0.551172 0.349609 0.551562 0.349609 0.551953 0.349121 0.552344 0.349121 0.553125 0.348145 0.553125 0.347656 0.553906 0.34668 0.553906 0.345703 0.554297 0.345215 0.554297 0.338379 0.553906 0.337891 0.553906 0.336426 0.553516 0.335938 0.553516 0.333984 0.553125 0.333496 0.553125 0.33252 0.552734 0.332031 0.552734 0.331055 0.552344 0.330566 0.552344 0.32959 0.551953 0.329102 0.551953 0.328125 0.551562 0.327637 0.551562 0.327148 0.551172 0.32666 0.551172 0.326172 0.550781 0.325684 0.550781 0.325195 0.55 0.324219 0.55 0.32373 0.549609 0.32373 0.549219 0.323242 0.548828 0.323242 0.548438 0.322754 0.548047 0.322754 0.547656 0.322266 0.546875 0.322266 0.546484 0.321777 0.546094 0.321777 0.545703 0.321289
1 0.434766 0.411133 0.434766 0.415039 0.435156 0.415527 0.435156 0.416016 0.435547 0.416504 0.435547 0.416992 0.435937 0.41748 0.435937 0.417969 0.437891 0.42041 0.438281 0.42041 0.439063 0.421387 0.439844 0.421387 0.440234 0.421875 0.441016 0.421875 0.441406 0.422363 0.446875 0.422363 0.447266 0.421875 0.448047 0.421875 0.448437 0.421387 0.448828 0.421387 0.449219 0.420898 0.449609 0.420898 0.451562 0.418457 0.451562 0.416016 0.450781 0.415039 0.450781 0.414551 0.45 0.413574 0.449609 0.413574 0.449219 0.413086 0.448828 0.413086 0.448437 0.412598 0.448047 0.412598 0.447656 0.412109 0.446484 0.412109 0.446094 0.411621 0.444922 0.411621 0.444531 0.411133 0.442969 0.411133 0.442578 0.410645 0.441406 0.410645 0.441016 0.410156 0.435547 0.410156
1 0.911719 0.189453 0.910547 0.190918 0.910547 0.191406 0.909766 0.192383 0.909766 0.192871 0.909375 0.193359 0.909375 0.193848 0.909766 0.194336 0.909766 0.197754 0.910156 0.198242 0.910156 0.200195 0.910547 0.200684 0.910547 0.202637 0.910937 0.203125 0.910937 0.20752 0.911719 0.208496 0.914453 0.208496 0.914844 0.208008 0.915234 0.208008 0.915625 0.208496 0.916016 0.208496 0.917188 0.209961 0.917578 0.209961 0.917969 0.210449 0.918359 0.210449 0.91875 0.210938 0.919531 0.210938 0.919922 0.211426 0.921094 0.211426 0.921484 0.211914 0.922656 0.211914 0.923047 0.212402 0.923438 0.212402 0.923828 0.211914 0.924219 0.211914 0.924609 0.211426 0.924609 0.210938 0.925 0.210449 0.925 0.209961 0.925391 0.209473 0.925391 0.208496 0.925781 0.208008 0.925781 0.206543 0.925391 0.206055 0.925391 0.204102 0.925 0.203613 0.925 0.20166 0.924609 0.201172 0.924609 0.200195 0.923828 0.199219 0.923828 0.19873 0.921875 0.196289 0.921875 0.195801 0.921484 0.195312 0.921484 0.194824 0.921094 0.194336 0.921094 0.193848 0.919531 0.191895 0.919141 0.191895 0.91875 0.191406 0.918359 0.191406 0.917969 0.190918 0.917578 0.190918 0.917188 0.19043 0.916797 0.19043 0.916406 0.189941 0.916016 0.189941 0.915625 0.189453 0.913672 0.189453 0.913281 0.188965 0.9125 0.188965 0.912109 0.189453
1 0.584766 0.140137 0.583984 0.141113 0.583984 0.14209 0.583594 0.142578 0.583594 0.147461 0.583984 0.147949 0.583984 0.149414 0.584375 0.149902 0.584375 0.150391 0.585156 0.151367 0.585156 0.151855 0.585938 0.152832 0.585938 0.15332 0.587109 0.154785 0.587109 0.155273 0.588281 0.156738 0.588281 0.157227 0.590234 0.159668 0.590625 0.159668 0.591406 0.160645 0.591797 0.160645 0.592187 0.161133 0.592578 0.161133 0.592969 0.161621 0.593359 0.161621 0.59375 0.162109 0.594141 0.162109 0.594922 0.163086 0.597656 0.163086 0.598047 0.162598 0.599219 0.162598 0.6 0.161621 0.6 0.161133 0.600391 0.160645 0.600391 0.160156 0.600781 0.159668 0.600781 0.15918 0.600391 0.158691 0.600391 0.157227 0.6 0.156738 0.6 0.15625 0.598828 0.154785 0.598828 0.154297 0.598437 0.153809 0.598437 0.15332 0.598047 0.152832 0.598047 0.152344 0.597266 0.151367 0.597266 0.150391 0.596875 0.149902 0.596875 0.149414 0.596484 0.148926 0.596484 0.148438 0.595313 0.146973 0.595313 0.146484 0.594141 0.14502 0.594141 0.144531 0.593359 0.143555 0.593359 0.143066 0.591797 0.141113 0.591406 0.141113 0.591016 0.140625 0.590625 0.140625 0.590234 0.140137 0.589844 0.140137 0.589453 0.139648 0.589063 0.139648 0.588672 0.13916 0.586328 0.13916 0.585938 0.139648 0.585547 0.139648 0.585156 0.140137
1 0.530078 0.0546875 0.529687 0.0546875 0.529297 0.0541992 0.528516 0.0541992 0.528125 0.0537109 0.524219 0.0537109 0.523828 0.0541992 0.523438 0.0541992 0.523047 0.0546875 0.522266 0.0546875 0.521484 0.0556641 0.521094 0.0556641 0.520312 0.0566406 0.520312 0.0571289 0.519141 0.0585938 0.519141 0.059082 0.517188 0.0615234 0.517188 0.0620117 0.516406 0.0629883 0.516406 0.0634766 0.516016 0.0639648 0.516016 0.0644531 0.515625 0.0649414 0.515625 0.0654297 0.514844 0.0664062 0.514844 0.0668945 0.514062 0.0678711 0.514062 0.0683594 0.512891 0.0698242 0.512891 0.0708008 0.5125 0.0712891 0.5125 0.0727539 0.512109 0.0732422 0.512109 0.0771484 0.5125 0.0776367 0.5125 0.078125 0.512891 0.0786133 0.513281 0.0786133 0.513672 0.0791016 0.515234 0.0791016 0.515625 0.0786133 0.517578 0.0786133 0.517969 0.078125 0.518359 0.078125 0.51875 0.0776367 0.519141 0.0776367 0.520312 0.0761719 0.520703 0.0761719 0.523438 0.0727539 0.523828 0.0727539 0.526172 0.0698242 0.526172 0.0693359 0.526953 0.0683594 0.526953 0.0678711 0.527734 0.0668945 0.527734 0.0664062 0.528125 0.065918 0.528125 0.0654297 0.528906 0.0644531 0.528906 0.0639648 0.529687 0.0629883 0.529687 0.0625 0.530078 0.0620117 0.530078 0.0615234 0.530469 0.0610352 0.530469 0.0581055 0.530859 0.0576172 0.530859 0.0561523 0.530469 0.0556641 0.530469 0.0551758
1 0.679688 0.24707 0.679688 0.248047 0.679297 0.248535 0.679297 0.249512 0.678906 0.25 0.678906 0.253418 0.679297 0.253906 0.679297 0.254883 0.679688 0.255371 0.679688 0.255859 0.680078 0.256348 0.680078 0.256836 0.680859 0.257812 0.68125 0.257812 0.681641 0.258301 0.682031 0.258301 0.682422 0.258789 0.682813 0.258789 0.683203 0.259277 0.683594 0.259277 0.683984 0.259766 0.684766 0.259766 0.685156 0.260254 0.685937 0.260254 0.686328 0.260742 0.687109 0.260742 0.6875 0.26123 0.688281 0.26123 0.688672 0.261719 0.69375 0.261719 0.694141 0.26123 0.694531 0.26123 0.694922 0.260742 0.695312 0.260742 0.696875 0.258789 0.696875 0.258301 0.697266 0.257812 0.697266 0.255371 0.696484 0.254395 0.696484 0.253906 0.695312 0.252441 0.695312 0.251953 0.694531 0.250977 0.694141 0.250977 0.692969 0.249512 0.692578 0.249512 0.691797 0.248535 0.691406 0.248535 0.690234 0.24707 0.689844 0.24707 0.689453 0.246582 0.689063 0.246582 0.688672 0.246094 0.687891 0.246094 0.6875 0.245605 0.686719 0.245605 0.686328 0.245117 0.68125 0.245117
1 0.305859 0.0512695 0.305859 0.0517578 0.305469 0.0522461 0.305469 0.0527344 0.305078 0.0532227 0.305078 0.0541992 0.304688 0.0546875 0.304688 0.0585938 0.305078 0.059082 0.305078 0.0605469 0.305469 0.0610352 0.305469 0.0620117 0.305859 0.0625 0.305859 0.0629883 0.30625 0.0634766 0.30625 0.0639648 0.306641 0.0644531 0.306641 0.0649414 0.307031 0.0654297 0.307031 0.065918 0.307422 0.0664062 0.307422 0.0668945 0.308203 0.0678711 0.308203 0.0683594 0.308984 0.0693359 0.308984 0.0698242 0.311719 0.0732422 0.312109 0.0732422 0.314063 0.0756836 0.314453 0.0756836 0.314844 0.0761719 0.315625 0.0761719 0.316016 0.0766602 0.316797 0.0766602 0.317188 0.0771484 0.318359 0.0771484 0.31875 0.0766602 0.319141 0.0766602 0.319141 0.0761719 0.319531 0.0756836 0.319531 0.074707 0.319922 0.0742188 0.319922 0.0727539 0.320312 0.0722656 0.320312 0.0654297 0.319922 0.0649414 0.319922 0.0634766 0.319531 0.0629883 0.319531 0.0620117 0.319141 0.0615234 0.319141 0.0605469 0.318359 0.0595703 0.318359 0.059082 0.317188 0.0576172 0.317188 0.0571289 0.315234 0.0546875 0.314844 0.0546875 0.314063 0.0537109 0.313672 0.0537109 0.313281 0.0532227 0.312891 0.0532227 0.3125 0.0527344 0.312109 0.0527344 0.311719 0.0522461 0.311328 0.0522461 0.310937 0.0517578 0.310156 0.0517578 0.309766 0.0512695 0.308203 0.0512695 0.307812 0.0507812 0.306641 0.0507812 0.30625 0.0512695
1 0.009375 0.157715 0.009375 0.160156 0.00976562 0.160645 0.00976562 0.161133 0.0101563 0.161621 0.0101563 0.162109 0.0105469 0.162598 0.0105469 0.163086 0.0125 0.165527 0.0128906 0.165527 0.0132812 0.166016 0.0140625 0.166016 0.0144531 0.166504 0.015625 0.166504 0.0160156 0.166992 0.0214844 0.166992 0.021875 0.166504 0.0230469 0.166504 0.0234375 0.166016 0.0246094 0.166016 0.025 0.165527 0.0257812 0.165527 0.0261719 0.165039 0.0269531 0.165039 0.0273438 0.164551 0.0277344 0.164551 0.028125 0.164062 0.0285156 0.164062 0.0289063 0.163574 0.0292969 0.163574 0.0296875 0.163086 0.0300781 0.163086 0.03125 0.161621 0.0316406 0.161621 0.0332031 0.159668 0.0332031 0.157227 0.0328125 0.156738 0.0328125 0.155762 0.0324219 0.155273 0.0324219 0.154785 0.03125 0.15332 0.0308594 0.15332 0.0304687 0.152832 0.0300781 0.152832 0.0296875 0.152344 0.028125 0.152344 0.0277344 0.151855 0.0207031 0.151855 0.0203125 0.152344 0.0191406 0.152344 0.01875 0.152832 0.0175781 0.152832 0.0171875 0.15332 0.015625 0.15332 0.0152344 0.153809 0.0140625 0.153809 0.0136719 0.154297 0.0128906 0.154297 0.0125 0.154785 0.0121094 0.154785 0.0113281 0.155762 0.0109375 0.155762
1 0.0351562 0.202148 0.0335937 0.200195 0.0332031 0.200195 0.0328125 0.199707 0.0320312 0.199707 0.0316406 0.199219 0.028125 0.199219 0.0277344 0.199707 0.0265625 0.199707 0.0261719 0.200195 0.0253906 0.200195 0.025 0.200684 0.0242188 0.200684 0.0238281 0.201172 0.0234375 0.201172 0.0230469 0.20166 0.0226562 0.20166 0.0210938 0.203613 0.0210938 0.204102 0.0207031 0.20459 0.0207031 0.205078 0.0203125 0.205566 0.0203125 0.206055 0.0199219 0.206543 0.0199219 0.208984 0.0203125 0.209473 0.0203125 0.210938 0.0207031 0.211426 0.0207031 0.212402 0.021875 0.213867 0.0265625 0.213867 0.0269531 0.213379 0.0292969 0.213379 0.0296875 0.212891 0.0308594 0.212891 0.03125 0.212402 0.0320312 0.212402 0.0324219 0.211914 0.0328125 0.211914 0.0332031 0.211426 0.0335937 0.211426 0.0355469 0.208984 0.0355469 0.208496 0.0359375 0.208008 0.0359375 0.205078 0.0355469 0.20459 0.0355469 0.203125 0.0351562 0.202637
1 0.270313 0.216797 0.269531 0.21582 0.269531 0.215332 0.268359 0.213867 0.267969 0.213867 0.267578 0.213379 0.266797 0.213379 0.266406 0.212891 0.264844 0.212891 0.264453 0.212402 0.261328 0.212402 0.260937 0.212891 0.258594 0.212891 0.258203 0.213379 0.257031 0.213379 0.256641 0.213867 0.255859 0.213867 0.255469 0.214355 0.255078 0.214355 0.254688 0.214844 0.254297 0.214844 0.253906 0.215332 0.253516 0.215332 0.253125 0.21582 0.252734 0.21582 0.251953 0.216797 0.251563 0.216797 0.250391 0.218262 0.25 0.218262 0.249219 0.219238 0.248828 0.219238 0.248438 0.219727 0.248047 0.219727 0.247266 0.220703 0.246875 0.220703 0.246484 0.221191 0.246484 0.22168 0.246094 0.222168 0.246094 0.224121 0.246484 0.224609 0.246484 0.225586 0.246875 0.226074 0.246875 0.226562 0.247266 0.227051 0.247656 0.227051 0.248047 0.227539 0.249609 0.227539 0.25 0.228027 0.255859 0.228027 0.25625 0.227539 0.257812 0.227539 0.258203 0.227051 0.259766 0.227051 0.260156 0.226562 0.260937 0.226562 0.261328 0.226074 0.262109 0.226074 0.2625 0.225586 0.263281 0.225586 0.263672 0.225098 0.264062 0.225098 0.264453 0.224609 0.264844 0.224609 0.265234 0.224121 0.265625 0.224121 0.266406 0.223145 0.266797 0.223145 0.267578 0.222168 0.267969 0.222168 0.26875 0.221191 0.26875 0.220703 0.269922 0.219238 0.269922 0.21875 0.270313 0.218262
1 0.138672 0.219238 0.138281 0.219727 0.137891 0.219727 0.136719 0.221191 0.136719 0.22168 0.136328 0.222168 0.136328 0.223633 0.135937 0.224121 0.135937 0.226562 0.135547 0.227051 0.135547 0.238281 0.135937 0.23877 0.135937 0.239258 0.136328 0.239746 0.136328 0.240723 0.136719 0.241211 0.136719 0.241699 0.137109 0.242188 0.137109 0.242676 0.138672 0.244629 0.139063 0.244629 0.139453 0.245117 0.139844 0.245117 0.140625 0.246094 0.141016 0.246094 0.141406 0.246582 0.14375 0.246582 0.144141 0.246094 0.144531 0.246094 0.144922 0.245605 0.145313 0.245605 0.146484 0.244141 0.146484 0.243652 0.146875 0.243164 0.146875 0.242188 0.147266 0.241699 0.147266 0.238281 0.146875 0.237793 0.146875 0.234863 0.146484 0.234375 0.146484 0.232422 0.146094 0.231934 0.146094 0.228027 0.145703 0.227539 0.145703 0.226074 0.145313 0.225586 0.145313 0.224609 0.144922 0.224121 0.144922 0.223633 0.144531 0.223145 0.144531 0.222656 0.144141 0.222168 0.144141 0.22168 0.143359 0.220703 0.142969 0.220703 0.142578 0.220215 0.142187 0.220215 0.141797 0.219727 0.140234 0.219727 0.139844 0.219238
1 0.464062 0.95459 0.464062 0.955078 0.463672 0.955566 0.463672 0.957031 0.463281 0.95752 0.463281 0.960449 0.463672 0.960938 0.463672 0.961426 0.464062 0.961914 0.464062 0.962402 0.464453 0.962891 0.464453 0.963379 0.464844 0.963867 0.464844 0.964355 0.465625 0.965332 0.465625 0.96582 0.466797 0.967285 0.467187 0.967285 0.467578 0.967773 0.467969 0.967773 0.46875 0.96875 0.469141 0.96875 0.469531 0.969238 0.469922 0.969238 0.470313 0.969727 0.470703 0.969727 0.471094 0.970215 0.471875 0.970215 0.472266 0.970703 0.473438 0.970703 0.473828 0.971191 0.474609 0.971191 0.475 0.97168 0.475781 0.97168 0.476172 0.972168 0.477344 0.972168 0.477734 0.972656 0.480469 0.972656 0.480859 0.973145 0.482031 0.973145 0.482422 0.972656 0.482812 0.972656 0.483203 0.972168 0.483203 0.97168 0.483594 0.971191 0.483594 0.968262 0.483203 0.967773 0.483203 0.966797 0.482812 0.966309 0.482812 0.96582 0.482422 0.965332 0.482422 0.964844 0.482031 0.964355 0.482031 0.963379 0.48125 0.962402 0.48125 0.961914 0.478906 0.958984 0.478516 0.958984 0.478125 0.958496 0.477734 0.958496 0.476953 0.95752 0.476562 0.95752 0.476172 0.957031 0.475781 0.957031 0.475 0.956055 0.474609 0.956055 0.473828 0.955078 0.473438 0.955078 0.472656 0.954102 0.472266 0.954102 0.471875 0.953613 0.471484 0.953613 0.471094 0.953125 0.469922 0.953125 0.469531 0.952637 0.466406 0.952637 0.466016 0.953125 0.465625 0.953125 0.465234 0.953613 0.464844 0.953613
1 0.608984 0.748535 0.608984 0.749512 0.608594 0.75 0.608594 0.750488 0.608984 0.750977 0.608984 0.752441 0.609375 0.75293 0.609375 0.753906 0.610938 0.755859 0.611328 0.755859 0.612109 0.756836 0.6125 0.756836 0.613281 0.757812 0.613672 0.757812 0.614844 0.759277 0.615234 0.759277 0.616016 0.760254 0.616406 0.760254 0.616797 0.760742 0.617188 0.760742 0.617969 0.761719 0.618359 0.761719 0.61875 0.762207 0.619141 0.762207 0.619531 0.762695 0.619922 0.762695 0.620313 0.763184 0.620703 0.763184 0.621094 0.763672 0.621484 0.763672 0.621875 0.76416 0.623047 0.76416 0.623437 0.764648 0.625781 0.764648 0.626172 0.765137 0.626563 0.765137 0.626953 0.764648 0.628125 0.764648 0.628516 0.76416 0.628906 0.76416 0.629297 0.763672 0.629297 0.763184 0.629687 0.762695 0.629687 0.76123 0.630078 0.760742 0.630078 0.759766 0.629687 0.759277 0.629687 0.758301 0.628906 0.757324 0.628906 0.756836 0.628125 0.755859 0.628125 0.755371 0.626563 0.753418 0.626172 0.753418 0.625391 0.752441 0.625 0.752441 0.623047 0.75 0.622656 0.75 0.621875 0.749023 0.621484 0.749023 0.621094 0.748535 0.620703 0.748535 0.620313 0.748047 0.619922 0.748047 0.619531 0.747559 0.61875 0.747559 0.618359 0.74707 0.617188 0.74707 0.616797 0.746582 0.615234 0.746582 0.614844 0.746094 0.613281 0.746094 0.612891 0.746582 0.610547 0.746582
1 0.681641 0.708008 0.681641 0.708496 0.680859 0.709473 0.680859 0.716797 0.68125 0.717285 0.68125 0.719238 0.681641 0.719727 0.681641 0.721191 0.682031 0.72168 0.682031 0.722168 0.682813 0.723145 0.682813 0.723633 0.683594 0.724609 0.683594 0.725098 0.685547 0.727539 0.685937 0.727539 0.688672 0.730957 0.689063 0.730957 0.689453 0.731445 0.689844 0.731445 0.690234 0.731934 0.691016 0.731934 0.691406 0.732422 0.691797 0.732422 0.692187 0.73291 0.694141 0.73291 0.694922 0.731934 0.695312 0.731934 0.695703 0.731445 0.695703 0.730957 0.696094 0.730469 0.696094 0.727051 0.695703 0.726562 0.695703 0.724609 0.695312 0.724121 0.695312 0.723145 0.694922 0.722656 0.694922 0.722168 0.694531 0.72168 0.694531 0.720703 0.694141 0.720215 0.694141 0.71875 0.69375 0.718262 0.69375 0.717285 0.693359 0.716797 0.693359 0.715332 0.692969 0.714844 0.692969 0.714355 0.692187 0.713379 0.692187 0.712891 0.691016 0.711426 0.691016 0.710938 0.689453 0.708984 0.689063 0.708984 0.688281 0.708008 0.687891 0.708008 0.6875 0.70752 0.686719 0.70752 0.686328 0.707031 0.683594 0.707031 0.683203 0.70752 0.682422 0.70752 0.682031 0.708008
1 0.678906 0.687988 0.677344 0.687988 0.676562 0.688965 0.676172 0.688965 0.675781 0.689453 0.675781 0.689941 0.674609 0.691406 0.674609 0.691895 0.674219 0.692383 0.674219 0.692871 0.673438 0.693848 0.673438 0.694336 0.673047 0.694824 0.673047 0.695312 0.672656 0.695801 0.672656 0.696289 0.672266 0.696777 0.672266 0.698242 0.671875 0.69873 0.671875 0.699707 0.671484 0.700195 0.671484 0.702637 0.671094 0.703125 0.671094 0.705566 0.670703 0.706055 0.670703 0.712402 0.671094 0.712891 0.671094 0.713867 0.671484 0.714355 0.671484 0.715332 0.672266 0.716309 0.672656 0.716309 0.673047 0.716797 0.675391 0.716797 0.675781 0.716309 0.676172 0.716309 0.678516 0.713379 0.678516 0.712891 0.678906 0.712402 0.678906 0.711426 0.679297 0.710938 0.679297 0.709961 0.679688 0.709473 0.679688 0.708496 0.680078 0.708008 0.680078 0.70752 0.680469 0.707031 0.680469 0.706055 0.680859 0.705566 0.680859 0.701172 0.68125 0.700684 0.68125 0.69873 0.681641 0.698242 0.681641 0.691895 0.68125 0.691406 0.68125 0.69043 0.680078 0.688965 0.679688 0.688965
1 0.550781 0.705078 0.550781 0.710938 0.552344 0.712891 0.552734 0.712891 0.553125 0.713379 0.553906 0.713379 0.554297 0.713867 0.555078 0.713867 0.555469 0.714355 0.55625 0.714355 0.556641 0.714844 0.557422 0.714844 0.557813 0.715332 0.558203 0.715332 0.558594 0.71582 0.558984 0.71582 0.559375 0.716309 0.560156 0.716309 0.560547 0.716797 0.561719 0.716797 0.562109 0.717285 0.566797 0.717285 0.567187 0.716797 0.568359 0.716797 0.56875 0.716309 0.569141 0.716309 0.569922 0.715332 0.569922 0.713379 0.570312 0.712891 0.570312 0.710449 0.569922 0.709961 0.569922 0.709473 0.56875 0.708008 0.56875 0.70752 0.568359 0.707031 0.567969 0.707031 0.564844 0.703125 0.564453 0.703125 0.564063 0.702637 0.563672 0.702637 0.562891 0.70166 0.5625 0.70166 0.562109 0.701172 0.561719 0.701172 0.561328 0.700684 0.558203 0.700684 0.557813 0.701172 0.556641 0.701172 0.55625 0.70166 0.555859 0.70166 0.555469 0.702148 0.554688 0.702148 0.554297 0.702637 0.553906 0.702637 0.553516 0.703125 0.552734 0.703125 0.552344 0.703613 0.551953 0.703613
1 0.907422 0.757812 0.90625 0.759277 0.90625 0.761719 0.906641 0.762207 0.906641 0.76416 0.907031 0.764648 0.907031 0.765137 0.907422 0.765625 0.907422 0.766113 0.907813 0.766602 0.907813 0.76709 0.908203 0.767578 0.908203 0.768066 0.908984 0.769043 0.908984 0.769531 0.909375 0.77002 0.909375 0.770508 0.9125 0.774414 0.912891 0.774414 0.913672 0.775391 0.914062 0.775391 0.914844 0.776367 0.915234 0.776367 0.915625 0.776855 0.916016 0.776855 0.916406 0.777344 0.916797 0.777344 0.917188 0.777832 0.917578 0.777832 0.918359 0.778809 0.91875 0.778809 0.919141 0.779297 0.919922 0.779297 0.920312 0.779785 0.923828 0.779785 0.924219 0.779297 0.924219 0.778809 0.924609 0.77832 0.924609 0.775879 0.925 0.775391 0.925 0.772949 0.924609 0.772461 0.924609 0.769531 0.924219 0.769043 0.924219 0.768066 0.923828 0.767578 0.923828 0.76709 0.923438 0.766602 0.923438 0.766113 0.922656 0.765137 0.922656 0.764648 0.920312 0.761719 0.919922 0.761719 0.919141 0.760742 0.91875 0.760742 0.918359 0.760254 0.917969 0.760254 0.917578 0.759766 0.916797 0.759766 0.916406 0.759277 0.916016 0.759277 0.915625 0.758789 0.914844 0.758789 0.914453 0.758301 0.913672 0.758301 0.913281 0.757812 0.912109 0.757812 0.911719 0.757324 0.911328 0.757324 0.910937 0.757812
1 0.791406 0.637207 0.791406 0.637695 0.791016 0.638184 0.791016 0.640137 0.790625 0.640625 0.790625 0.643066 0.791016 0.643555 0.791016 0.64502 0.791406 0.645508 0.791406 0.646484 0.791797 0.646973 0.791797 0.647949 0.792188 0.648438 0.792188 0.649414 0.792578 0.649902 0.792578 0.650879 0.792969 0.651367 0.792969 0.652344 0.793359 0.652832 0.793359 0.653809 0.79375 0.654297 0.79375 0.654785 0.794141 0.655273 0.794141 0.65625 0.794922 0.657227 0.794922 0.657715 0.797266 0.660645 0.797656 0.660645 0.798047 0.661133 0.798438 0.661133 0.798828 0.661621 0.800391 0.661621 0.800781 0.661133 0.803125 0.661133 0.804688 0.65918 0.804688 0.658691 0.805078 0.658203 0.805078 0.655273 0.804688 0.654785 0.804688 0.65332 0.804297 0.652832 0.804297 0.651367 0.803906 0.650879 0.803906 0.649902 0.803516 0.649414 0.803516 0.648926 0.803125 0.648438 0.803125 0.647461 0.802734 0.646973 0.802734 0.646484 0.801953 0.645508 0.801953 0.64502 0.800781 0.643555 0.800781 0.643066 0.8 0.64209 0.8 0.641602 0.798047 0.63916 0.797656 0.63916 0.796094 0.637207 0.795703 0.637207 0.795312 0.636719 0.792969 0.636719 0.792578 0.637207
1 0.751563 0.304688 0.750391 0.306152 0.750391 0.306641 0.75 0.307129 0.75 0.308105 0.749609 0.308594 0.749609 0.311523 0.75 0.312012 0.75 0.3125 0.750391 0.312988 0.750391 0.313477 0.750781 0.313965 0.750781 0.314453 0.751172 0.314941 0.751172 0.31543 0.751953 0.316406 0.751953 0.316895 0.753125 0.318359 0.753125 0.318848 0.753906 0.319824 0.753906 0.320312 0.75625 0.323242 0.756641 0.323242 0.757031 0.32373 0.757422 0.32373 0.758203 0.324707 0.758594 0.324707 0.758984 0.325195 0.760547 0.325195 0.760938 0.325684 0.764453 0.325684 0.765625 0.324219 0.765625 0.32373 0.766016 0.323242 0.766016 0.321777 0.766406 0.321289 0.766406 0.319336 0.766016 0.318848 0.766016 0.318359 0.765625 0.317871 0.765625 0.317383 0.764844 0.316406 0.764844 0.315918 0.760938 0.311035 0.760938 0.310547 0.759375 0.308594 0.758984 0.308594 0.757031 0.306152 0.757031 0.305664 0.756641 0.305176 0.75625 0.305176 0.755859 0.304688
1 0.825781 0.348633 0.825781 0.351074 0.826172 0.351562 0.826172 0.353516 0.827344 0.35498 0.827734 0.35498 0.828516 0.355957 0.828906 0.355957 0.830078 0.357422 0.830469 0.357422 0.832031 0.359375 0.832422 0.359375 0.833203 0.360352 0.833594 0.360352 0.834375 0.361328 0.834766 0.361328 0.835156 0.361816 0.835547 0.361816 0.835938 0.362305 0.836328 0.362305 0.837109 0.363281 0.837891 0.363281 0.838281 0.36377 0.839453 0.36377 0.839844 0.364258 0.841016 0.364258 0.841406 0.364746 0.842187 0.364746 0.842578 0.364258 0.84375 0.364258 0.844141 0.36377 0.845313 0.36377 0.845703 0.363281 0.846094 0.363281 0.848828 0.359863 0.848828 0.359375 0.849219 0.358887 0.849219 0.357422 0.848828 0.356934 0.848828 0.35498 0.848437 0.354492 0.848437 0.354004 0.847656 0.353027 0.847266 0.353027 0.846484 0.352051 0.846094 0.352051 0.845703 0.351562 0.845313 0.351562 0.844922 0.351074 0.844531 0.351074 0.844141 0.350586 0.84375 0.350586 0.843359 0.350098 0.842969 0.350098 0.842578 0.349609 0.842187 0.349609 0.841797 0.349121 0.841406 0.349121 0.841016 0.348633 0.840625 0.348633 0.840234 0.348145 0.839844 0.348145 0.839453 0.347656 0.838672 0.347656 0.838281 0.347168 0.8375 0.347168 0.837109 0.34668 0.836328 0.34668 0.835938 0.346191 0.835156 0.346191 0.834766 0.345703 0.834375 0.345703 0.833984 0.345215 0.83125 0.345215 0.830859 0.344727 0.829688 0.344727 0.829297 0.345215 0.828516 0.345215 0.828125 0.345703 0.827734 0.345703 0.826953 0.34668 0.826562 0.34668 0.826562 0.347168 0.826172 0.347656 0.826172 0.348145
1 0.851562 0.152832 0.851562 0.155273 0.851953 0.155762 0.851953 0.157227 0.852344 0.157715 0.852344 0.158691 0.852734 0.15918 0.852734 0.159668 0.853125 0.160156 0.853516 0.160156 0.854297 0.161133 0.854688 0.161133 0.855469 0.162109 0.855859 0.162109 0.85625 0.162598 0.856641 0.162598 0.857031 0.163086 0.857812 0.163086 0.858203 0.163574 0.858594 0.163574 0.858984 0.164062 0.859766 0.164062 0.860156 0.164551 0.8625 0.164551 0.862891 0.164062 0.863281 0.164062 0.863672 0.163574 0.864453 0.163574 0.864844 0.163086 0.865234 0.163086 0.866406 0.161621 0.866406 0.161133 0.867188 0.160156 0.867188 0.157227 0.866797 0.156738 0.866797 0.15625 0.866406 0.155762 0.866406 0.155273 0.865625 0.154297 0.865234 0.154297 0.864844 0.153809 0.864453 0.153809 0.864062 0.15332 0.863281 0.15332 0.862891 0.152832 0.861719 0.152832 0.861328 0.152344 0.852344 0.152344 0.851953 0.152832
1 0.83125 0.143066 0.83125 0.145996 0.831641 0.146484 0.831641 0.146973 0.832031 0.147461 0.832031 0.147949 0.833203 0.149414 0.833984 0.149414 0.834375 0.149902 0.835547 0.149902 0.835938 0.150391 0.837109 0.150391 0.8375 0.150879 0.838281 0.150879 0.838672 0.151367 0.839453 0.151367 0.839844 0.151855 0.840625 0.151855 0.841016 0.152344 0.841797 0.152344 0.842187 0.152832 0.84375 0.152832 0.844141 0.15332 0.849219 0.15332 0.850391 0.151855 0.850391 0.150879 0.850781 0.150391 0.850781 0.148926 0.850391 0.148438 0.850391 0.147949 0.85 0.147461 0.849609 0.147461 0.848437 0.145996 0.848437 0.145508 0.847656 0.144531 0.847656 0.144043 0.845703 0.141602 0.845313 0.141602 0.844922 0.141113 0.844141 0.141113 0.84375 0.140625 0.843359 0.140625 0.842578 0.139648 0.841797 0.139648 0.841406 0.13916 0.836719 0.13916 0.836328 0.139648 0.834766 0.139648 0.834375 0.140137 0.833594 0.140137
1 0.765234 0.143555 0.765234 0.144043 0.764844 0.144531 0.764844 0.148926 0.766016 0.150391 0.766406 0.150391 0.766797 0.150879 0.767188 0.150879 0.767578 0.151367 0.767969 0.151367 0.76875 0.152344 0.769141 0.152344 0.769922 0.15332 0.770312 0.15332 0.771484 0.154785 0.771875 0.154785 0.772266 0.155273 0.772656 0.155273 0.773047 0.155762 0.773438 0.155762 0.774219 0.156738 0.774609 0.156738 0.775 0.157227 0.775391 0.157227 0.775781 0.157715 0.780469 0.157715 0.78125 0.156738 0.781641 0.156738 0.782422 0.155762 0.782422 0.155273 0.782813 0.154785 0.782813 0.151855 0.782422 0.151367 0.782422 0.149414 0.781641 0.148438 0.781641 0.147949 0.780859 0.146973 0.780469 0.146973 0.779297 0.145508 0.778906 0.145508 0.778516 0.14502 0.778125 0.14502 0.777344 0.144043 0.776953 0.144043 0.776172 0.143066 0.775391 0.143066 0.775 0.142578 0.774609 0.142578 0.774219 0.14209 0.773438 0.14209 0.773047 0.141602 0.772266 0.141602 0.771875 0.141113 0.767578 0.141113 0.767188 0.141602 0.766797 0.141602
1 0.784375 0.117676 0.783594 0.117676 0.783203 0.117188 0.782813 0.117188 0.782422 0.117676 0.781641 0.117676 0.78125 0.118164 0.780859 0.118164 0.780469 0.118652 0.780078 0.118652 0.779687 0.119141 0.779297 0.119141 0.778125 0.120605 0.777734 0.120605 0.777344 0.121094 0.776953 0.121094 0.776172 0.12207 0.775781 0.12207 0.775391 0.122559 0.775 0.122559 0.772656 0.125488 0.772656 0.125977 0.771875 0.126953 0.771875 0.127441 0.771484 0.12793 0.771484 0.128418 0.771094 0.128906 0.771094 0.129883 0.770703 0.130371 0.770703 0.135742 0.772266 0.137695 0.773047 0.137695 0.773438 0.138184 0.777344 0.138184 0.777734 0.137695 0.779297 0.137695 0.779687 0.137207 0.780078 0.137207 0.780859 0.13623 0.78125 0.13623 0.782031 0.135254 0.782031 0.134766 0.783203 0.133301 0.783203 0.132812 0.783984 0.131836 0.783984 0.131348 0.784766 0.130371 0.784766 0.129883 0.785156 0.129395 0.785156 0.128418 0.785547 0.12793 0.785547 0.126465 0.785937 0.125977 0.785937 0.122559 0.785547 0.12207 0.785547 0.120605 0.785156 0.120117 0.785156 0.119141 0.784375 0.118164
1 0.791406 0.116211 0.790625 0.117188 0.790625 0.117676 0.790234 0.118164 0.790234 0.126465 0.790625 0.126953 0.790625 0.12793 0.791016 0.128418 0.791016 0.129395 0.791406 0.129883 0.791406 0.130371 0.792578 0.131836 0.792578 0.132324 0.793359 0.133301 0.79375 0.133301 0.795312 0.135254 0.795703 0.135254 0.796484 0.13623 0.796875 0.13623 0.797656 0.137207 0.798438 0.137207 0.798828 0.137695 0.800391 0.137695 0.800781 0.138184 0.803125 0.138184 0.803516 0.137695 0.803906 0.137695 0.804297 0.137207 0.804297 0.136719 0.804688 0.13623 0.804688 0.135742 0.805078 0.135254 0.805078 0.132324 0.804688 0.131836 0.804688 0.128906 0.804297 0.128418 0.804297 0.12793 0.803906 0.127441 0.803906 0.126465 0.803125 0.125488 0.803125 0.125 0.802734 0.124512 0.802734 0.124023 0.801953 0.123047 0.801953 0.122559 0.797266 0.116699 0.796875 0.116699 0.796484 0.116211 0.795703 0.116211 0.795312 0.115723 0.793359 0.115723 0.792969 0.116211
1 0.896484 0.107422 0.896094 0.10791 0.895703 0.10791 0.895312 0.108398 0.894922 0.108398 0.894141 0.109375 0.894141 0.110352 0.89375 0.11084 0.89375 0.116211 0.894141 0.116699 0.894141 0.118164 0.894531 0.118652 0.894531 0.119629 0.894922 0.120117 0.894922 0.120605 0.895312 0.121094 0.895312 0.121582 0.895703 0.12207 0.895703 0.122559 0.896484 0.123535 0.896484 0.124023 0.896875 0.124512 0.896875 0.125 0.897656 0.125977 0.897656 0.126465 0.9 0.129395 0.903906 0.129395 0.904297 0.128906 0.904687 0.128906 0.90625 0.126953 0.90625 0.126465 0.906641 0.125977 0.906641 0.125488 0.907031 0.125 0.907031 0.122559 0.907422 0.12207 0.907422 0.119141 0.907031 0.118652 0.907031 0.117676 0.906641 0.117188 0.906641 0.116699 0.90625 0.116211 0.90625 0.115234 0.905859 0.114746 0.905859 0.114258 0.905469 0.11377 0.905469 0.113281 0.905078 0.112793 0.905078 0.112305 0.904297 0.111328 0.903906 0.111328 0.903125 0.110352 0.902734 0.110352 0.902344 0.109863 0.901953 0.109863 0.901563 0.109375 0.900781 0.109375 0.900391 0.108887 0.9 0.108887 0.899609 0.108398 0.898828 0.108398 0.898438 0.10791 0.897656 0.10791 0.897266 0.107422
1 0.955078 0.11377 0.955078 0.114258 0.954688 0.114746 0.954688 0.120605 0.955078 0.121094 0.955078 0.121582 0.955469 0.12207 0.955469 0.122559 0.955859 0.123047 0.955859 0.123535 0.95625 0.124023 0.95625 0.124512 0.956641 0.125 0.956641 0.125488 0.959375 0.128906 0.959766 0.128906 0.960547 0.129883 0.960938 0.129883 0.961328 0.130371 0.961719 0.130371 0.962109 0.130859 0.9625 0.130859 0.962891 0.131348 0.964063 0.131348 0.964453 0.131836 0.965625 0.131836 0.966016 0.132324 0.967578 0.132324 0.967969 0.131836 0.969531 0.131836 0.969922 0.131348 0.970313 0.131348 0.970703 0.130859 0.971094 0.130859 0.971875 0.129883 0.971875 0.129395 0.972266 0.128906 0.972266 0.126465 0.972656 0.125977 0.972656 0.124023 0.972266 0.123535 0.972266 0.122559 0.971875 0.12207 0.971875 0.121094 0.971484 0.120605 0.971484 0.120117 0.971094 0.119629 0.971094 0.119141 0.970703 0.118652 0.970703 0.118164 0.969531 0.116699 0.969531 0.116211 0.968359 0.114746 0.968359 0.114258 0.967969 0.114258 0.967187 0.113281 0.966797 0.113281 0.966406 0.112793 0.966016 0.112793 0.965625 0.112305 0.965234 0.112305 0.964844 0.111816 0.964453 0.111816 0.964063 0.111328 0.963281 0.111328 0.962891 0.11084 0.961328 0.11084 0.960938 0.110352 0.958594 0.110352 0.958203 0.11084 0.957812 0.11084 0.955859 0.113281 0.955469 0.113281
1 0.848437 0.0551758 0.848047 0.0556641 0.847266 0.0556641 0.846875 0.0561523 0.846484 0.0561523 0.845313 0.0576172 0.845313 0.0581055 0.844922 0.0585938 0.844922 0.0595703 0.844531 0.0600586 0.844531 0.0634766 0.844141 0.0639648 0.844141 0.0673828 0.844531 0.0678711 0.844531 0.0703125 0.844922 0.0708008 0.844922 0.0712891 0.846484 0.0732422 0.846875 0.0732422 0.847656 0.0742188 0.848047 0.0742188 0.848437 0.074707 0.851172 0.074707 0.851562 0.0742188 0.852344 0.0742188 0.852734 0.0737305 0.853125 0.0737305 0.854688 0.0717773 0.854688 0.0712891 0.855078 0.0708008 0.855078 0.0683594 0.855469 0.0678711 0.855469 0.0629883 0.855078 0.0625 0.855078 0.0605469 0.854688 0.0600586 0.854688 0.0595703 0.854297 0.059082 0.854297 0.0585938 0.852344 0.0561523 0.851953 0.0561523 0.851562 0.0556641 0.851172 0.0556641 0.850781 0.0551758
1 0.659375 0.0878906 0.657422 0.0878906 0.657031 0.0883789 0.656641 0.0883789 0.65625 0.0888672 0.655859 0.0888672 0.655469 0.0893555 0.655078 0.0893555 0.654297 0.090332 0.653906 0.090332 0.653125 0.0913086 0.653125 0.0917969 0.652734 0.0922852 0.652734 0.0927734 0.652344 0.0932617 0.652344 0.09375 0.651953 0.0942383 0.651953 0.104492 0.652344 0.10498 0.652344 0.106445 0.652734 0.106934 0.652734 0.107422 0.653125 0.10791 0.653125 0.108398 0.653516 0.108887 0.653516 0.109375 0.654297 0.110352 0.655078 0.110352 0.655469 0.11084 0.658594 0.11084 0.660156 0.108887 0.660156 0.108398 0.660937 0.107422 0.660937 0.106934 0.661328 0.106445 0.661328 0.105469 0.661719 0.10498 0.661719 0.103516 0.662109 0.103027 0.662109 0.0942383 0.661719 0.09375 0.661719 0.0913086 0.661328 0.0908203 0.661328 0.090332 0.660937 0.0898438 0.660937 0.0893555 0.660156 0.0883789 0.659766 0.0883789
1 0.423047 0.171387 0.421875 0.172852 0.421875 0.17334 0.421484 0.173828 0.421484 0.177734 0.421094 0.178223 0.421094 0.187988 0.421484 0.188477 0.421484 0.19043 0.421875 0.190918 0.421875 0.192871 0.422266 0.193359 0.422266 0.194336 0.422656 0.194824 0.422656 0.195312 0.423047 0.195801 0.423047 0.196289 0.424609 0.198242 0.425391 0.198242 0.425781 0.19873 0.428906 0.19873 0.429297 0.198242 0.429688 0.198242 0.430469 0.197266 0.430469 0.196289 0.430859 0.195801 0.430859 0.195312 0.43125 0.194824 0.43125 0.193848 0.431641 0.193359 0.431641 0.191895 0.432031 0.191406 0.432031 0.189941 0.432422 0.189453 0.432422 0.185059 0.432031 0.18457 0.432031 0.182617 0.431641 0.182129 0.431641 0.181152 0.43125 0.180664 0.43125 0.179688 0.430859 0.179199 0.430859 0.178711 0.430469 0.178223 0.430469 0.177734 0.429688 0.176758 0.429688 0.17627 0.429297 0.175781 0.429297 0.175293 0.428906 0.174805 0.428906 0.174316 0.428516 0.173828 0.428516 0.17334 0.427344 0.171875 0.426563 0.171875 0.426172 0.171387
1 0.05 0.0493164 0.0488281 0.0507812 0.0488281 0.0556641 0.0492187 0.0561523 0.0492187 0.0571289 0.0511719 0.0595703 0.0511719 0.0600586 0.0527344 0.0620117 0.0527344 0.0625 0.0542969 0.0644531 0.0542969 0.0649414 0.0566406 0.0678711 0.0570312 0.0678711 0.0582031 0.0693359 0.0585938 0.0693359 0.0589844 0.0698242 0.059375 0.0698242 0.0597656 0.0703125 0.0613281 0.0703125 0.0617188 0.0698242 0.0617188 0.0693359 0.0621094 0.0688477 0.0621094 0.0683594 0.0625 0.0678711 0.0625 0.0644531 0.0621094 0.0639648 0.0621094 0.0629883 0.0617188 0.0625 0.0617188 0.0615234 0.0613281 0.0610352 0.0613281 0.0605469 0.0609375 0.0600586 0.0609375 0.0595703 0.0605469 0.059082 0.0605469 0.0585938 0.0601563 0.0581055 0.0601563 0.0571289 0.0597656 0.0566406 0.0597656 0.0561523 0.0585938 0.0546875 0.0585938 0.0541992 0.0578125 0.0532227 0.0578125 0.0527344 0.0574219 0.0522461 0.0574219 0.0517578 0.0554687 0.0493164 0.0550781 0.0493164 0.0546875 0.0488281 0.0542969 0.0488281 0.0539063 0.0483398 0.0515625 0.0483398 0.0511719 0.0488281 0.0507812 0.0488281 0.0503906 0.0493164
1 0.0445313 0.0664062 0.04375 0.0673828 0.04375 0.0678711 0.0433594 0.0683594 0.0433594 0.0688477 0.0429688 0.0693359 0.0429688 0.0742188 0.0433594 0.074707 0.0433594 0.0761719 0.04375 0.0766602 0.04375 0.0776367 0.0441406 0.078125 0.0441406 0.0786133 0.0449219 0.0795898 0.0449219 0.0800781 0.0453125 0.0800781 0.0464844 0.081543 0.046875 0.081543 0.0472656 0.0820312 0.0476562 0.0820312 0.0484375 0.0830078 0.0488281 0.0830078 0.0492187 0.0834961 0.05 0.0834961 0.0503906 0.0839844 0.0511719 0.0839844 0.0515625 0.0844727 0.0527344 0.0844727 0.053125 0.0849609 0.05625 0.0849609 0.0570312 0.0839844 0.0570312 0.0834961 0.0574219 0.0830078 0.0574219 0.0820312 0.0578125 0.081543 0.0578125 0.0800781 0.0574219 0.0795898 0.0574219 0.0791016 0.0554687 0.0766602 0.0550781 0.0766602 0.0546875 0.0761719 0.0546875 0.0756836 0.0539063 0.074707 0.0539063 0.0742188 0.0535156 0.0737305 0.0535156 0.0732422 0.053125 0.0727539 0.0527344 0.0727539 0.0519531 0.0717773 0.0515625 0.0717773 0.0507812 0.0708008 0.0503906 0.0708008 0.0492187 0.0693359 0.0488281 0.0693359 0.046875 0.0668945 0.0464844 0.0668945 0.0460938 0.0664062
1 0.078125 0.552246 0.0753906 0.552246 0.075 0.552734 0.0746094 0.552734 0.0738281 0.553711 0.0734375 0.553711 0.0722656 0.555176 0.071875 0.555176 0.0714844 0.555664 0.0714844 0.556152 0.0703125 0.557617 0.0703125 0.558105 0.0699219 0.558594 0.0699219 0.559082 0.0695313 0.55957 0.0695313 0.562012 0.0691406 0.5625 0.0691406 0.563965 0.06875 0.564453 0.06875 0.566406 0.0683594 0.566895 0.0683594 0.570801 0.06875 0.571289 0.06875 0.572266 0.0691406 0.572754 0.0691406 0.57373 0.0695313 0.574219 0.0695313 0.574707 0.0710937 0.57666 0.0714844 0.57666 0.071875 0.577148 0.0769531 0.577148 0.0773438 0.57666 0.0777344 0.57666 0.0789062 0.575195 0.0789062 0.574707 0.0792969 0.574219 0.0792969 0.57373 0.0796875 0.573242 0.0796875 0.572754 0.0800781 0.572266 0.0800781 0.571777 0.0804688 0.571289 0.0804688 0.570801 0.08125 0.569824 0.08125 0.569336 0.0816406 0.568848 0.0816406 0.567871 0.0820312 0.567383 0.0820312 0.561035 0.0816406 0.560547 0.0816406 0.558594 0.08125 0.558105 0.08125 0.557129 0.0808594 0.556641 0.0808594 0.555664 0.0804688 0.555176 0.0804688 0.554688 0.0800781 0.554199 0.0800781 0.553711 0.0796875 0.553223 0.0792969 0.553223 0.0789062 0.552734 0.0785156 0.552734
1 0.0828125 0.563965 0.0824219 0.564453 0.0824219 0.566895 0.0828125 0.567383 0.0828125 0.570801 0.0832031 0.571289 0.0832031 0.572754 0.0835937 0.573242 0.0835937 0.577148 0.0839844 0.577637 0.0839844 0.57959 0.084375 0.580078 0.084375 0.581543 0.0847656 0.582031 0.0847656 0.583008 0.0855469 0.583984 0.0855469 0.584473 0.0867187 0.585938 0.0867187 0.586426 0.0878906 0.587891 0.0886719 0.587891 0.0898438 0.586426 0.0898438 0.585938 0.0910156 0.584473 0.0910156 0.583496 0.0914062 0.583008 0.0914062 0.578613 0.0910156 0.578125 0.0910156 0.576172 0.090625 0.575684 0.090625 0.57373 0.0902344 0.573242 0.0902344 0.572266 0.0898438 0.571777 0.0898438 0.570801 0.0894531 0.570312 0.0894531 0.569336 0.0890625 0.568848 0.0890625 0.567383 0.0886719 0.566895 0.0886719 0.56543 0.0882813 0.564941 0.0882813 0.564453 0.0878906 0.564453 0.0875 0.563965
1 0.0976562 0.504883 0.0976562 0.506836 0.0980469 0.507324 0.0980469 0.507812 0.0984375 0.508301 0.0984375 0.508789 0.0988281 0.509277 0.0988281 0.509766 0.0992187 0.510254 0.0996094 0.510254 0.1 0.510742 0.100391 0.510742 0.100781 0.51123 0.101562 0.51123 0.101953 0.511719 0.102734 0.511719 0.103125 0.512207 0.103906 0.512207 0.104297 0.512695 0.105078 0.512695 0.105469 0.513184 0.105859 0.513184 0.10625 0.513672 0.107031 0.513672 0.107422 0.51416 0.108203 0.51416 0.108594 0.514648 0.109375 0.514648 0.109766 0.515137 0.114844 0.515137 0.115234 0.514648 0.116406 0.514648 0.116797 0.51416 0.117578 0.51416 0.117969 0.513672 0.118359 0.513672 0.11875 0.513184 0.119141 0.513184 0.120313 0.511719 0.120313 0.51123 0.120703 0.510742 0.120703 0.509277 0.120313 0.508789 0.120313 0.508301 0.119922 0.507812 0.119922 0.507324 0.119531 0.506836 0.119531 0.506348 0.117578 0.503906 0.117188 0.503906 0.115625 0.501953 0.115234 0.501953 0.114453 0.500977 0.114062 0.500977 0.113672 0.500488 0.112891 0.500488 0.1125 0.5 0.112109 0.5 0.111719 0.499512 0.110937 0.499512 0.110547 0.499023 0.109375 0.499023 0.108984 0.498535 0.107813 0.498535 0.107422 0.498047 0.10625 0.498047 0.105859 0.498535 0.103125 0.498535 0.102734 0.499023 0.102344 0.499023 0.101953 0.499512 0.101562 0.499512 0.100781 0.500488 0.100391 0.500488 0.0988281 0.502441 0.0988281 0.50293 0.0980469 0.503906 0.0980469 0.504395
0 0.1375 0.611816 0.1375 0.614258 0.137891 0.614746 0.137891 0.615234 0.139453 0.617188 0.141016 0.617188 0.141406 0.617676 0.146484 0.617676 0.146875 0.617188 0.151562 0.617188 0.151953 0.616699 0.153906 0.616699 0.154297 0.616211 0.155078 0.616211 0.155469 0.615723 0.155859 0.615723 0.157031 0.614258 0.157031 0.611328 0.156641 0.61084 0.156641 0.610352 0.15625 0.609863 0.15625 0.609375 0.155859 0.608887 0.155859 0.608398 0.155078 0.607422 0.154688 0.607422 0.153906 0.606445 0.153516 0.606445 0.152734 0.605469 0.152344 0.605469 0.151953 0.60498 0.151562 0.60498 0.151172 0.604492 0.150391 0.604492 0.15 0.604004 0.148047 0.604004 0.147656 0.603516 0.145703 0.603516 0.145313 0.604004 0.144531 0.604004 0.144141 0.604492 0.143359 0.604492 0.142969 0.60498 0.142578 0.60498 0.142187 0.605469 0.141797 0.605469 0.141406 0.605957 0.141016 0.605957 0.138672 0.608887 0.138672 0.609375 0.138281 0.609863 0.138281 0.610352 0.137891 0.61084 0.137891 0.611328
0 0.204297 0.520996 0.203516 0.52002 0.203516 0.519531 0.203125 0.519531 0.202344 0.518555 0.201563 0.518555 0.201172 0.518066 0.198828 0.518066 0.198437 0.518555 0.196094 0.518555 0.195703 0.519043 0.194531 0.519043 0.194141 0.519531 0.192969 0.519531 0.192578 0.52002 0.192188 0.52002 0.191797 0.520508 0.191016 0.520508 0.190625 0.520996 0.190234 0.520996 0.189844 0.521484 0.189062 0.521484 0.188672 0.521973 0.188281 0.521973 0.187891 0.522461 0.1875 0.522461 0.186328 0.523926 0.185938 0.523926 0.185938 0.524902 0.185547 0.525391 0.185547 0.526855 0.185938 0.527344 0.185938 0.529785 0.186719 0.530762 0.187109 0.530762 0.1875 0.53125 0.187891 0.53125 0.188281 0.531738 0.188672 0.531738 0.189062 0.532227 0.189453 0.532227 0.189844 0.532715 0.191016 0.532715 0.191406 0.533203 0.192188 0.533203 0.192578 0.533691 0.198047 0.533691 0.198437 0.533203 0.198828 0.533203 0.199219 0.532715 0.199609 0.532715 0.2 0.532227 0.200781 0.532227 0.201172 0.531738 0.201563 0.531738 0.201953 0.53125 0.202344 0.53125 0.203906 0.529297 0.203906 0.52832 0.204297 0.527832 0.204297 0.527344 0.204687 0.526855 0.204687 0.522461 0.204297 0.521973
0 0.272266 0.761719 0.270313 0.761719 0.269922 0.762207 0.269531 0.762207 0.269141 0.762695 0.26875 0.762695 0.268359 0.763184 0.267969 0.763184 0.266797 0.764648 0.266797 0.765137 0.266406 0.765625 0.266406 0.766113 0.266016 0.766602 0.266016 0.76709 0.265625 0.767578 0.265625 0.768066 0.265234 0.768555 0.265234 0.769531 0.264844 0.77002 0.264844 0.771973 0.264453 0.772461 0.264453 0.774902 0.264062 0.775391 0.264062 0.783691 0.264453 0.78418 0.264453 0.784668 0.264844 0.785156 0.264844 0.785645 0.266016 0.787109 0.266406 0.787109 0.266797 0.787598 0.271094 0.787598 0.272656 0.785645 0.272656 0.784668 0.273047 0.78418 0.273047 0.783203 0.273438 0.782715 0.273438 0.781738 0.273828 0.78125 0.273828 0.780273 0.274219 0.779785 0.274219 0.777832 0.274609 0.777344 0.274609 0.772461 0.275 0.771973 0.275 0.768066 0.274609 0.767578 0.274609 0.765625 0.274219 0.765137 0.274219 0.76416
1 0.416797 0.395508 0.415234 0.395508 0.414844 0.395996 0.414453 0.395996 0.413672 0.396973 0.413281 0.396973 0.412891 0.397461 0.412891 0.397949 0.412109 0.398926 0.412109 0.399414 0.411719 0.399902 0.411719 0.400391 0.411328 0.400879 0.411328 0.401367 0.410938 0.401855 0.410938 0.402344 0.410547 0.402832 0.410547 0.404297 0.410156 0.404785 0.410156 0.406738 0.409766 0.407227 0.409766 0.411133 0.410156 0.411621 0.410156 0.413574 0.411328 0.415039 0.412109 0.415039 0.4125 0.415527 0.412891 0.415527 0.413281 0.415039 0.415625 0.415039 0.416016 0.414551 0.416406 0.414551 0.416797 0.414062 0.417187 0.414062 0.421094 0.40918 0.421094 0.408691 0.421484 0.408203 0.421484 0.407715 0.421875 0.407227 0.421875 0.406738 0.422266 0.40625 0.422266 0.405273 0.422656 0.404785 0.422656 0.401855 0.422266 0.401367 0.422266 0.400879 0.421875 0.400391 0.421875 0.399902 0.421094 0.398926 0.421094 0.398438 0.420703 0.397949 0.420312 0.397949 0.419531 0.396973 0.419141 0.396973 0.41875 0.396484 0.418359 0.396484 0.417969 0.395996 0.417187 0.395996
2 0.835156 0.200684 0.834766 0.200195 0.834375 0.200195 0.833984 0.199707 0.833594 0.199707 0.833203 0.199219 0.825781 0.199219 0.825391 0.199707 0.825 0.199707 0.824609 0.200195 0.823828 0.200195 0.823438 0.200684 0.823047 0.200684 0.822656 0.201172 0.821875 0.201172 0.821484 0.20166 0.821094 0.20166 0.820703 0.202148 0.820312 0.202148 0.817578 0.205566 0.817578 0.206055 0.817187 0.206543 0.817187 0.209473 0.817578 0.209961 0.817578 0.210938 0.819141 0.212891 0.819922 0.212891 0.820312 0.213379 0.821094 0.213379 0.821484 0.213867 0.823047 0.213867 0.823438 0.214355 0.826562 0.214355 0.826953 0.213867 0.828516 0.213867 0.828906 0.213379 0.829688 0.213379 0.830078 0.212891 0.830469 0.212891 0.832031 0.210938 0.832422 0.210938 0.834766 0.208008 0.834766 0.20752 0.835156 0.207031 0.835156 0.206055 0.835547 0.205566 0.835547 0.204102 0.835938 0.203613 0.835938 0.202637 0.835547 0.202148 0.835547 0.20166 0.835156 0.201172
2 0.816016 0.148438 0.815234 0.147461 0.814844 0.147461 0.814453 0.146973 0.810937 0.146973 0.810547 0.147461 0.808594 0.147461 0.808203 0.147949 0.807031 0.147949 0.806641 0.148438 0.80625 0.148438 0.805859 0.148926 0.805078 0.148926 0.804688 0.149414 0.804297 0.149414 0.803906 0.149902 0.803516 0.149902 0.803125 0.150391 0.802734 0.150391 0.802344 0.150879 0.801953 0.150879 0.800391 0.152832 0.8 0.152832 0.795703 0.158203 0.795703 0.158691 0.795312 0.15918 0.795312 0.159668 0.794922 0.160156 0.794922 0.161133 0.794531 0.161621 0.794531 0.162109 0.794141 0.162598 0.794141 0.164551 0.794531 0.165039 0.794531 0.165527 0.795703 0.166992 0.796094 0.166992 0.796484 0.16748 0.797266 0.16748 0.797656 0.167969 0.800781 0.167969 0.801172 0.16748 0.802734 0.16748 0.803125 0.166992 0.803906 0.166992 0.804297 0.166504 0.804688 0.166504 0.805078 0.166016 0.805469 0.166016 0.805859 0.165527 0.80625 0.165527 0.806641 0.165039 0.807031 0.165039 0.810547 0.160645 0.810937 0.160645 0.815625 0.154785 0.815625 0.153809 0.816016 0.15332 0.816016 0.150391 0.816406 0.149902 0.816406 0.149414 0.816016 0.148926
2 0.838672 0.0297852 0.837891 0.0288086 0.833203 0.0288086 0.832812 0.0292969 0.832031 0.0292969 0.831641 0.0297852 0.83125 0.0297852 0.830859 0.0302734 0.830078 0.0302734 0.829688 0.0307617 0.828906 0.0307617 0.828516 0.03125 0.828125 0.03125 0.827734 0.0317383 0.827344 0.0317383 0.826562 0.0327148 0.826172 0.0327148 0.825781 0.0332031 0.825391 0.0332031 0.825 0.0336914 0.824609 0.0336914 0.823828 0.034668 0.823438 0.034668 0.822266 0.0361328 0.821875 0.0361328 0.821484 0.0366211 0.821484 0.0371094 0.820703 0.0380859 0.820703 0.0390625 0.820312 0.0395508 0.820312 0.0424805 0.821484 0.0439453 0.821875 0.0439453 0.822266 0.0444336 0.823828 0.0444336 0.824219 0.0449219 0.826953 0.0449219 0.827344 0.0444336 0.828125 0.0444336 0.828516 0.0439453 0.829297 0.0439453 0.830078 0.0429688 0.830469 0.0429688 0.830859 0.0424805 0.832812 0.0424805 0.833203 0.0419922 0.833984 0.0419922 0.834375 0.0415039 0.834766 0.0415039 0.835938 0.0400391 0.836328 0.0400391 0.838281 0.0375977 0.838281 0.0371094 0.838672 0.0366211 0.838672 0.0336914 0.839063 0.0332031 0.839063 0.03125 0.838672 0.0307617
2 0.803125 0.0620117 0.802734 0.0625 0.802344 0.0625 0.801172 0.0639648 0.801172 0.0644531 0.800781 0.0649414 0.800781 0.0654297 0.800391 0.065918 0.800391 0.0664062 0.8 0.0668945 0.8 0.0673828 0.799609 0.0678711 0.799609 0.0683594 0.799219 0.0688477 0.799219 0.0693359 0.798438 0.0703125 0.798438 0.0708008 0.798047 0.0712891 0.798047 0.0732422 0.797656 0.0737305 0.797656 0.078125 0.798047 0.0786133 0.798047 0.081543 0.798438 0.0820312 0.798438 0.0830078 0.799219 0.0839844 0.799219 0.0844727 0.799609 0.0849609 0.8 0.0849609 0.800391 0.0854492 0.800781 0.0854492 0.801172 0.0859375 0.802734 0.0859375 0.803125 0.0864258 0.804297 0.0864258 0.804688 0.0859375 0.807422 0.0859375 0.808984 0.0839844 0.808984 0.0834961 0.809375 0.0830078 0.809375 0.0786133 0.808984 0.078125 0.808984 0.0766602 0.808594 0.0761719 0.808594 0.0722656 0.808984 0.0717773 0.808984 0.0708008 0.808594 0.0703125 0.808594 0.0673828 0.808203 0.0668945 0.808203 0.0649414 0.807813 0.0644531 0.807813 0.0639648 0.807422 0.0634766 0.807422 0.0629883 0.806641 0.0620117
2 0.896484 0.0893555 0.895703 0.090332 0.895703 0.0913086 0.895312 0.0917969 0.895312 0.097168 0.895703 0.0976562 0.895703 0.0991211 0.896094 0.0996094 0.896094 0.105469 0.896484 0.105957 0.896484 0.106934 0.897656 0.108398 0.898438 0.108398 0.898828 0.108887 0.9 0.108887 0.900391 0.109375 0.901563 0.109375 0.901953 0.109863 0.903125 0.109863 0.903516 0.110352 0.904687 0.110352 0.905078 0.11084 0.90625 0.11084 0.906641 0.111328 0.911719 0.111328 0.912109 0.11084 0.912891 0.11084 0.914062 0.109375 0.914062 0.108398 0.914453 0.10791 0.914453 0.104492 0.914062 0.104004 0.914062 0.103516 0.9125 0.101562 0.9125 0.101074 0.909766 0.0976562 0.909766 0.097168 0.908984 0.0961914 0.908984 0.0957031 0.907813 0.0942383 0.907422 0.0942383 0.906641 0.0932617 0.90625 0.0932617 0.905469 0.0922852 0.905469 0.0917969 0.904687 0.0908203 0.904687 0.090332 0.904297 0.090332 0.903906 0.0898438 0.903125 0.0898438 0.902734 0.0893555 0.900781 0.0893555 0.900391 0.0888672 0.899219 0.0888672 0.898828 0.0893555
1 0.976953 0.050293 0.976953 0.0527344 0.977344 0.0532227 0.977344 0.0546875 0.977734 0.0551758 0.977734 0.0561523 0.978125 0.0566406 0.978125 0.0571289 0.978906 0.0581055 0.978906 0.0585938 0.980078 0.0600586 0.980078 0.0605469 0.981641 0.0625 0.982031 0.0625 0.982812 0.0634766 0.983203 0.0634766 0.984375 0.0649414 0.984766 0.0649414 0.985156 0.0654297 0.985156 0.065918 0.985938 0.0668945 0.986328 0.0668945 0.986719 0.0673828 0.987109 0.0673828 0.9875 0.0678711 0.987891 0.0678711 0.988281 0.0683594 0.988672 0.0683594 0.989062 0.0688477 0.989453 0.0688477 0.989844 0.0693359 0.990625 0.0693359 0.991016 0.0698242 0.992578 0.0698242 0.992969 0.0703125 0.996094 0.0703125 0.996484 0.0698242 0.997656 0.0698242 0.998047 0.0693359 1 0.0693359 1 0.0581055 0.998828 0.0581055 0.996875 0.0556641 0.996484 0.0556641 0.995703 0.0546875 0.995313 0.0546875 0.994922 0.0541992 0.994141 0.0541992 0.99375 0.0537109 0.993359 0.0537109 0.992969 0.0532227 0.992578 0.0532227 0.992188 0.0527344 0.991797 0.0527344 0.991016 0.0517578 0.990625 0.0517578 0.989844 0.0507812 0.989062 0.0507812 0.988672 0.050293 0.987891 0.050293 0.9875 0.0498047 0.986719 0.0498047 0.986328 0.0493164 0.985156 0.0493164 0.984766 0.0488281 0.983594 0.0488281 0.983203 0.0483398 0.978906 0.0483398 0.978516 0.0488281 0.978125 0.0488281
1 0.912891 0.0649414 0.9125 0.0649414 0.912109 0.0644531 0.909766 0.0644531 0.909375 0.0649414 0.907813 0.0649414 0.907031 0.065918 0.906641 0.065918 0.905078 0.0678711 0.904687 0.0678711 0.904297 0.0683594 0.903906 0.0683594 0.902734 0.0698242 0.902344 0.0698242 0.900781 0.0717773 0.900391 0.0717773 0.898047 0.074707 0.898047 0.0751953 0.897656 0.0756836 0.897656 0.0766602 0.897266 0.0771484 0.897266 0.078125 0.896875 0.0786133 0.896875 0.0820312 0.898828 0.0844727 0.899609 0.0844727 0.9 0.0849609 0.904297 0.0849609 0.904687 0.0844727 0.905078 0.0844727 0.905469 0.0839844 0.905859 0.0839844 0.906641 0.0830078 0.907031 0.0830078 0.907813 0.0820312 0.908203 0.0820312 0.909375 0.0805664 0.909375 0.0800781 0.910156 0.0791016 0.910156 0.0786133 0.910547 0.078125 0.910547 0.0776367 0.911719 0.0761719 0.911719 0.0756836 0.9125 0.074707 0.9125 0.0742188 0.912891 0.0737305 0.912891 0.0732422 0.913281 0.0727539 0.913281 0.0722656 0.913672 0.0717773 0.913672 0.0708008 0.914062 0.0703125 0.914062 0.0698242 0.913672 0.0693359 0.913672 0.065918
1 0.838281 0.0888672 0.8375 0.0878906 0.836328 0.0878906 0.835938 0.0874023 0.835156 0.0874023 0.834766 0.0869141 0.833203 0.0869141 0.832812 0.0874023 0.832031 0.0874023 0.831641 0.0878906 0.83125 0.0878906 0.830859 0.0883789 0.830469 0.0883789 0.828516 0.0908203 0.828125 0.0908203 0.827344 0.0917969 0.826953 0.0917969 0.826562 0.0922852 0.826172 0.0922852 0.825 0.09375 0.825 0.0942383 0.824609 0.0947266 0.824609 0.0961914 0.824219 0.0966797 0.824219 0.101562 0.824609 0.102051 0.824609 0.102539 0.825 0.102539 0.825391 0.103027 0.828125 0.103027 0.828516 0.102539 0.829688 0.102539 0.830078 0.102051 0.83125 0.102051 0.831641 0.101562 0.833203 0.101562 0.833594 0.101074 0.834375 0.101074 0.838281 0.0961914 0.838281 0.0957031 0.838672 0.0952148 0.838672 0.0898438 0.838281 0.0893555
1 0.829297 0.0737305 0.828516 0.0737305 0.828125 0.0732422 0.827734 0.0732422 0.827344 0.0727539 0.822656 0.0727539 0.822266 0.0732422 0.821484 0.0732422 0.821094 0.0737305 0.820703 0.0737305 0.819922 0.074707 0.819922 0.0751953 0.819531 0.0756836 0.819531 0.0766602 0.81875 0.0776367 0.81875 0.078125 0.818359 0.0786133 0.818359 0.0791016 0.817969 0.0795898 0.817969 0.0800781 0.817578 0.0805664 0.817578 0.081543 0.817187 0.0820312 0.817187 0.0825195 0.816797 0.0830078 0.816797 0.0834961 0.816406 0.0839844 0.816406 0.0844727 0.816016 0.0849609 0.816016 0.0869141 0.815625 0.0874023 0.815625 0.0908203 0.817187 0.0927734 0.817578 0.0927734 0.817969 0.0932617 0.819531 0.0932617 0.819922 0.0927734 0.820312 0.0927734 0.821094 0.0917969 0.821484 0.0917969 0.821484 0.0913086 0.821875 0.0908203 0.822266 0.0908203 0.823047 0.0898438 0.823828 0.0898438 0.824219 0.0893555 0.825 0.0893555 0.825391 0.0888672 0.825781 0.0888672 0.826172 0.0883789 0.826562 0.0883789 0.826953 0.0878906 0.827344 0.0878906 0.827734 0.0874023 0.827734 0.0869141 0.828125 0.0864258 0.828125 0.0859375 0.828516 0.0854492 0.828516 0.0844727 0.828906 0.0839844 0.828906 0.0825195 0.829297 0.0820312 0.829297 0.0805664 0.829688 0.0800781 0.829688 0.0795898 0.830078 0.0791016 0.830078 0.078125 0.830469 0.0776367 0.830469 0.0751953
1 0.813281 0.0527344 0.812891 0.0532227 0.8125 0.0532227 0.811719 0.0541992 0.811328 0.0541992 0.811328 0.0546875 0.810937 0.0551758 0.810937 0.0556641 0.810547 0.0561523 0.810547 0.0581055 0.810156 0.0585938 0.810156 0.0600586 0.809766 0.0605469 0.809766 0.0620117 0.810156 0.0625 0.810156 0.0644531 0.810547 0.0649414 0.810547 0.065918 0.810937 0.0664062 0.810937 0.0668945 0.811328 0.0673828 0.811328 0.0678711 0.813672 0.0708008 0.814063 0.0708008 0.814453 0.0712891 0.816016 0.0712891 0.816406 0.0717773 0.819141 0.0717773 0.820312 0.0703125 0.820312 0.0698242 0.821094 0.0688477 0.821094 0.0683594 0.821484 0.0678711 0.821484 0.0668945 0.821875 0.0664062 0.821875 0.0649414 0.821484 0.0644531 0.821484 0.0620117 0.821094 0.0615234 0.821094 0.0605469 0.820703 0.0600586 0.820703 0.0595703 0.820312 0.059082 0.820312 0.0585938 0.819922 0.0581055 0.819922 0.0576172 0.819531 0.0571289 0.819531 0.0566406 0.819141 0.0561523 0.819141 0.0556641 0.817969 0.0541992 0.817578 0.0541992 0.816797 0.0532227 0.816016 0.0532227 0.815625 0.0527344
1 0.685937 0.162598 0.685937 0.163086 0.686328 0.163574 0.686328 0.164551 0.686719 0.165039 0.686719 0.165527 0.689453 0.168945 0.689844 0.168945 0.690234 0.169434 0.690625 0.169434 0.691016 0.169922 0.691406 0.169922 0.692187 0.170898 0.692578 0.170898 0.692969 0.171387 0.694141 0.171387 0.694531 0.171875 0.700391 0.171875 0.700781 0.171387 0.701562 0.171387 0.701953 0.170898 0.702344 0.170898 0.702734 0.17041 0.703125 0.17041 0.703516 0.169922 0.703906 0.169922 0.704297 0.169434 0.704688 0.169434 0.705859 0.167969 0.705859 0.16748 0.70625 0.166992 0.70625 0.166016 0.706641 0.165527 0.706641 0.165039 0.707031 0.164551 0.707031 0.163574 0.706641 0.163086 0.706641 0.162109 0.70625 0.161621 0.70625 0.161133 0.705469 0.160156 0.705078 0.160156 0.704688 0.159668 0.703906 0.159668 0.703516 0.15918 0.702734 0.15918 0.702344 0.158691 0.701172 0.158691 0.700781 0.158203 0.7 0.158203 0.699609 0.157715 0.698047 0.157715 0.697656 0.157227 0.695312 0.157227 0.694922 0.156738 0.692578 0.156738 0.692187 0.157227 0.690625 0.157227 0.690234 0.157715 0.689453 0.157715 0.689063 0.158203 0.688281 0.158203 0.6875 0.15918 0.687109 0.15918 0.687109 0.159668 0.686719 0.160156 0.686719 0.160645 0.686328 0.161133 0.686328 0.162109
1 0.703906 0.121094 0.703125 0.12207 0.702734 0.12207 0.702734 0.122559 0.702344 0.123047 0.702344 0.123535 0.701953 0.124023 0.701953 0.130371 0.702344 0.130859 0.702344 0.131836 0.702734 0.132324 0.702734 0.133301 0.703125 0.133789 0.703125 0.134277 0.703516 0.134766 0.703516 0.135254 0.70625 0.138672 0.70625 0.13916 0.707031 0.140137 0.707031 0.140625 0.708203 0.14209 0.708594 0.14209 0.708984 0.142578 0.710547 0.142578 0.710938 0.143066 0.712891 0.143066 0.713281 0.142578 0.713672 0.142578 0.713672 0.14209 0.714453 0.141113 0.714453 0.140625 0.714844 0.140137 0.714844 0.137695 0.714453 0.137207 0.714453 0.13623 0.714063 0.135742 0.714063 0.134766 0.713672 0.134277 0.713672 0.133789 0.712891 0.132812 0.712891 0.132324 0.7125 0.131836 0.7125 0.131348 0.712109 0.130859 0.712109 0.130371 0.711719 0.129883 0.711719 0.129395 0.711328 0.128906 0.711328 0.128418 0.710938 0.12793 0.710938 0.127441 0.710547 0.126953 0.710547 0.126465 0.710156 0.125977 0.710156 0.125488 0.709766 0.125 0.709766 0.124512 0.708594 0.123047 0.708203 0.123047 0.707812 0.122559 0.707422 0.122559 0.706641 0.121582 0.70625 0.121582 0.705859 0.121094
1 0.678125 0.116211 0.677344 0.117188 0.676953 0.117188 0.676953 0.117676 0.676562 0.118164 0.676562 0.119141 0.676172 0.119629 0.676172 0.121582 0.675781 0.12207 0.675781 0.124023 0.675391 0.124512 0.675391 0.127441 0.675 0.12793 0.675 0.128906 0.675391 0.129395 0.675391 0.129883 0.675781 0.130371 0.676172 0.130371 0.677344 0.131836 0.678125 0.131836 0.678516 0.132324 0.679297 0.132324 0.679688 0.132812 0.680078 0.132812 0.680469 0.133301 0.680469 0.133789 0.680859 0.134277 0.680859 0.134766 0.68125 0.135254 0.681641 0.135254 0.682031 0.135742 0.682813 0.135742 0.683203 0.135254 0.683984 0.135254 0.684375 0.134766 0.685156 0.134766 0.685156 0.134277 0.685547 0.133789 0.685547 0.132812 0.685937 0.132324 0.685937 0.130859 0.686328 0.130371 0.686328 0.126953 0.685937 0.126465 0.685937 0.124512 0.683594 0.121582 0.683594 0.121094 0.683203 0.120605 0.683203 0.120117 0.682813 0.119629 0.682813 0.118652 0.682422 0.118164 0.682422 0.117676 0.68125 0.116211
1 0.692187 0.120117 0.691797 0.120605 0.691016 0.120605 0.690234 0.121582 0.689844 0.121582 0.689453 0.12207 0.689453 0.122559 0.688281 0.124023 0.688281 0.125488 0.687891 0.125977 0.687891 0.129883 0.690234 0.132812 0.690234 0.133301 0.690625 0.133789 0.690625 0.134277 0.691406 0.135254 0.691406 0.135742 0.692578 0.137207 0.694531 0.137207 0.694922 0.136719 0.695312 0.136719 0.695703 0.13623 0.696094 0.13623 0.696484 0.135742 0.696875 0.135742 0.698047 0.134277 0.698047 0.133789 0.698438 0.133301 0.698438 0.132812 0.698828 0.132324 0.698828 0.131348 0.699219 0.130859 0.699219 0.129395 0.699609 0.128906 0.699609 0.128418 0.699219 0.12793 0.699219 0.124023 0.698828 0.123535 0.698828 0.123047 0.697656 0.121582 0.697266 0.121582 0.696875 0.121094 0.696094 0.121094 0.695703 0.120605 0.694922 0.120605 0.694531 0.120117
1 0.623047 0.0908203 0.622656 0.0913086 0.622266 0.0913086 0.621875 0.0917969 0.621875 0.0922852 0.620703 0.09375 0.620703 0.0942383 0.620313 0.0947266 0.620313 0.0952148 0.619922 0.0957031 0.619922 0.0966797 0.619531 0.097168 0.619531 0.103516 0.619922 0.104004 0.619922 0.105957 0.620313 0.106445 0.620313 0.107422 0.620703 0.10791 0.620703 0.108887 0.621094 0.109375 0.621094 0.110352 0.621875 0.111328 0.621875 0.111816 0.622266 0.112305 0.622266 0.112793 0.623047 0.11377 0.623437 0.11377 0.624219 0.114746 0.624609 0.114746 0.625 0.115234 0.625391 0.115234 0.625781 0.115723 0.627734 0.115723 0.628516 0.114746 0.628906 0.114746 0.628906 0.114258 0.630078 0.112793 0.630078 0.112305 0.630469 0.111816 0.630469 0.110352 0.630859 0.109863 0.630859 0.102539 0.630469 0.102051 0.630469 0.0996094 0.630078 0.0991211 0.630078 0.0981445 0.629687 0.0976562 0.629687 0.0961914 0.629297 0.0957031 0.629297 0.0952148 0.628906 0.0947266 0.628906 0.0942383 0.628125 0.0932617 0.628125 0.0927734 0.627734 0.0922852 0.627344 0.0922852 0.626953 0.0917969 0.626563 0.0917969 0.626172 0.0913086 0.624609 0.0913086 0.624219 0.0908203
1 0.630469 0.0522461 0.627344 0.0522461 0.626953 0.0527344 0.626172 0.0527344 0.625781 0.0532227 0.625391 0.0532227 0.624609 0.0541992 0.624219 0.0541992 0.623828 0.0546875 0.623828 0.0551758 0.621484 0.0581055 0.621484 0.0585938 0.620313 0.0600586 0.620313 0.0605469 0.619922 0.0610352 0.619922 0.0615234 0.619141 0.0625 0.619141 0.0629883 0.61875 0.0634766 0.61875 0.0644531 0.618359 0.0649414 0.618359 0.065918 0.617969 0.0664062 0.617969 0.0688477 0.617578 0.0693359 0.617578 0.0708008 0.617969 0.0712891 0.617969 0.0722656 0.619141 0.0737305 0.620313 0.0737305 0.620703 0.0742188 0.623828 0.0742188 0.624609 0.0732422 0.625 0.0732422 0.626953 0.0708008 0.626953 0.0703125 0.627734 0.0693359 0.627734 0.0688477 0.628125 0.0683594 0.628125 0.0678711 0.628906 0.0668945 0.628906 0.0664062 0.629297 0.065918 0.629297 0.0654297 0.630469 0.0639648 0.630469 0.0634766 0.631641 0.0620117 0.631641 0.0610352 0.632031 0.0605469 0.632031 0.0551758 0.631641 0.0546875 0.631641 0.0537109
1 0.632422 0.0297852 0.632031 0.0292969 0.632031 0.0288086 0.631641 0.0283203 0.631641 0.027832 0.63125 0.0273438 0.630859 0.0273438 0.630469 0.0268555 0.629687 0.0268555 0.629297 0.0263672 0.627734 0.0263672 0.627344 0.0258789 0.626563 0.0258789 0.626172 0.0263672 0.624219 0.0263672 0.623828 0.0268555 0.622266 0.0268555 0.621875 0.0273438 0.619922 0.0273438 0.619531 0.027832 0.618359 0.027832 0.617578 0.0288086 0.617188 0.0288086 0.616016 0.0302734 0.616016 0.0332031 0.616406 0.0336914 0.616406 0.0341797 0.616797 0.034668 0.616797 0.0351562 0.617188 0.0356445 0.617188 0.0361328 0.617969 0.0371094 0.617969 0.0375977 0.618359 0.0375977 0.61875 0.0380859 0.619141 0.0380859 0.619531 0.0385742 0.619922 0.0385742 0.620313 0.0390625 0.620703 0.0390625 0.621094 0.0395508 0.621875 0.0395508 0.622266 0.0400391 0.626953 0.0400391 0.627344 0.0395508 0.628125 0.0395508 0.628516 0.0390625 0.628906 0.0390625 0.629297 0.0385742 0.629687 0.0385742 0.631641 0.0361328 0.631641 0.0356445 0.632031 0.0351562 0.632031 0.034668 0.632422 0.0341797 0.632422 0.0332031 0.632812 0.0327148 0.632812 0.03125 0.632422 0.0307617
1 0.675781 0.0327148 0.675781 0.0336914 0.675391 0.0341797 0.675391 0.0375977 0.675781 0.0380859 0.675781 0.0385742 0.676172 0.0390625 0.676562 0.0390625 0.676953 0.0395508 0.677344 0.0395508 0.677734 0.0400391 0.678906 0.0400391 0.679297 0.0405273 0.680078 0.0405273 0.680469 0.0410156 0.68125 0.0410156 0.681641 0.0415039 0.682422 0.0415039 0.682813 0.0419922 0.683594 0.0419922 0.683984 0.0424805 0.685547 0.0424805 0.685937 0.0429688 0.690234 0.0429688 0.690625 0.0424805 0.691016 0.0424805 0.691406 0.0419922 0.691797 0.0419922 0.691797 0.0415039 0.692187 0.0410156 0.692187 0.0356445 0.691406 0.034668 0.691406 0.0341797 0.691016 0.0341797 0.690234 0.0332031 0.689844 0.0332031 0.689453 0.0327148 0.689063 0.0327148 0.687109 0.0302734 0.687109 0.0297852 0.686328 0.0288086 0.685937 0.0288086 0.685547 0.0283203 0.683203 0.0283203 0.682813 0.0288086 0.68125 0.0288086 0.680859 0.0292969 0.680078 0.0292969 0.679688 0.0297852 0.679297 0.0297852 0.678906 0.0302734 0.678125 0.0302734 0.677734 0.0307617 0.677344 0.0307617
1 0.753906 0.0507812 0.753906 0.0527344 0.754297 0.0532227 0.754297 0.0541992 0.754687 0.0546875 0.754687 0.0556641 0.755078 0.0561523 0.755078 0.0566406 0.755469 0.0571289 0.755859 0.0571289 0.756641 0.0581055 0.757031 0.0581055 0.757812 0.059082 0.758203 0.059082 0.758594 0.0595703 0.758984 0.0595703 0.759375 0.0600586 0.759766 0.0600586 0.760156 0.0605469 0.761328 0.0605469 0.761719 0.0610352 0.7625 0.0610352 0.762891 0.0615234 0.766016 0.0615234 0.766406 0.0620117 0.768359 0.0620117 0.76875 0.0615234 0.771094 0.0615234 0.771484 0.0610352 0.771875 0.0610352 0.772266 0.0605469 0.772266 0.0600586 0.772656 0.0595703 0.772656 0.0576172 0.773047 0.0571289 0.773047 0.0566406 0.772656 0.0561523 0.772656 0.0551758 0.772266 0.0546875 0.772266 0.0541992 0.771484 0.0532227 0.771094 0.0532227 0.770703 0.0527344 0.769922 0.0527344 0.769531 0.0522461 0.768359 0.0522461 0.767969 0.0517578 0.767578 0.0517578 0.767188 0.0512695 0.766797 0.0512695 0.766406 0.0507812 0.766016 0.0507812 0.765625 0.050293 0.765234 0.050293 0.764844 0.0498047 0.764062 0.0498047 0.763672 0.0493164 0.762891 0.0493164 0.7625 0.0488281 0.761719 0.0488281 0.761328 0.0483398 0.760156 0.0483398 0.759766 0.0478516 0.758984 0.0478516 0.758594 0.0483398 0.75625 0.0483398 0.755859 0.0488281 0.755469 0.0488281
0 0.672656 0.0556641 0.672266 0.0561523 0.671875 0.0561523 0.671094 0.0571289 0.670703 0.0571289 0.66875 0.0595703 0.66875 0.0600586 0.668359 0.0605469 0.668359 0.0610352 0.667969 0.0615234 0.667969 0.0634766 0.667578 0.0639648 0.667578 0.0688477 0.667969 0.0693359 0.667969 0.0708008 0.668359 0.0712891 0.668359 0.0717773 0.669141 0.0727539 0.669531 0.0727539 0.669922 0.0732422 0.670312 0.0732422 0.670703 0.0737305 0.671875 0.0737305 0.672266 0.0742188 0.673047 0.0742188 0.673438 0.074707 0.678125 0.074707 0.678516 0.0742188 0.678906 0.0742188 0.679688 0.0732422 0.680078 0.0732422 0.680859 0.0722656 0.680859 0.0717773 0.682422 0.0698242 0.682422 0.0693359 0.682813 0.0688477 0.682813 0.0683594 0.683594 0.0673828 0.683594 0.0664062 0.683984 0.065918 0.683984 0.0615234 0.683594 0.0610352 0.683594 0.0605469 0.682422 0.059082 0.682031 0.059082 0.681641 0.0585938 0.68125 0.0585938 0.680859 0.0581055 0.680469 0.0581055 0.680078 0.0576172 0.679688 0.0576172 0.679297 0.0571289 0.678516 0.0571289 0.678125 0.0566406 0.677344 0.0566406 0.676953 0.0561523 0.675781 0.0561523 0.675391 0.0556641
1 0.609766 0.489746 0.608984 0.490723 0.608594 0.490723 0.608594 0.491211 0.608203 0.491699 0.608203 0.492188 0.607812 0.492676 0.607812 0.496582 0.607422 0.49707 0.607422 0.510742 0.607812 0.51123 0.607812 0.512207 0.608203 0.512695 0.608203 0.513672 0.608594 0.51416 0.608594 0.515137 0.608984 0.515625 0.608984 0.516113 0.609375 0.516602 0.609375 0.51709 0.610938 0.519043 0.611328 0.519043 0.611719 0.519531 0.612109 0.519531 0.6125 0.519043 0.615234 0.519043 0.616797 0.51709 0.616797 0.516602 0.617188 0.516113 0.617188 0.515625 0.617578 0.515137 0.617578 0.514648 0.617969 0.51416 0.617969 0.512695 0.618359 0.512207 0.618359 0.506836 0.617969 0.506348 0.617969 0.504395 0.617578 0.503906 0.617578 0.501953 0.617188 0.501465 0.617188 0.5 0.616797 0.499512 0.616797 0.499023 0.616406 0.498535 0.616406 0.497559 0.616016 0.49707 0.616016 0.496582 0.613672 0.493652 0.613672 0.493164 0.6125 0.491699 0.6125 0.491211 0.611328 0.489746
1 0.611719 0.630859 0.608203 0.630859 0.607812 0.631348 0.607031 0.631348 0.606641 0.631836 0.60625 0.631836 0.605859 0.632324 0.605469 0.632324 0.605078 0.632812 0.604688 0.632812 0.603906 0.633789 0.603516 0.633789 0.603125 0.634277 0.602734 0.634277 0.6 0.637695 0.6 0.638184 0.599219 0.63916 0.599219 0.639648 0.598437 0.640625 0.598437 0.641113 0.598047 0.641602 0.598047 0.64209 0.597656 0.642578 0.597656 0.643066 0.597266 0.643555 0.597266 0.644531 0.596875 0.64502 0.596875 0.648438 0.597266 0.648926 0.597266 0.649414 0.598437 0.650879 0.598828 0.650879 0.599219 0.651367 0.600781 0.651367 0.601172 0.650879 0.602734 0.650879 0.603125 0.650391 0.603906 0.650391 0.604297 0.649902 0.604688 0.649902 0.605469 0.648926 0.605859 0.648926 0.60625 0.648438 0.606641 0.648438 0.607031 0.647949 0.607422 0.647949 0.608203 0.646973 0.608594 0.646973 0.610156 0.64502 0.610547 0.64502 0.612109 0.643066 0.612109 0.64209 0.6125 0.641602 0.6125 0.640137 0.612891 0.639648 0.612891 0.637695 0.613281 0.637207 0.613281 0.636719 0.612891 0.63623 0.612891 0.633789 0.6125 0.633301 0.6125 0.632324 0.612109 0.631836 0.612109 0.631348
0 0.864453 0.672852 0.862891 0.674805 0.862891 0.675293 0.8625 0.675781 0.8625 0.67627 0.862109 0.676758 0.862109 0.677734 0.861719 0.678223 0.861719 0.678711 0.861328 0.679199 0.861328 0.679688 0.860938 0.680176 0.860938 0.681152 0.860547 0.681641 0.860547 0.689453 0.860938 0.689941 0.860938 0.691406 0.861328 0.691895 0.861328 0.692383 0.861719 0.692871 0.861719 0.693359 0.8625 0.694336 0.8625 0.694824 0.864062 0.696777 0.864453 0.696777 0.864844 0.697266 0.866406 0.697266 0.866797 0.696777 0.867969 0.696777 0.868359 0.696289 0.869141 0.696289 0.870313 0.694824 0.870313 0.694336 0.870703 0.693848 0.870703 0.693359 0.871094 0.692871 0.871094 0.692383 0.871484 0.691895 0.871484 0.69043 0.871875 0.689941 0.871875 0.6875 0.872266 0.687012 0.872266 0.684082 0.871875 0.683594 0.871875 0.681152 0.871484 0.680664 0.871484 0.679688 0.871094 0.679199 0.871094 0.678711 0.870703 0.678223 0.870703 0.677246 0.870313 0.676758 0.870313 0.675781 0.86875 0.673828 0.868359 0.673828 0.867969 0.67334 0.867188 0.67334 0.866797 0.672852
0 0.866016 0.763672 0.866016 0.76416 0.865625 0.764648 0.865625 0.766113 0.866016 0.766602 0.866016 0.769043 0.866406 0.769531 0.866406 0.77002 0.867969 0.771973 0.868359 0.771973 0.86875 0.772461 0.869141 0.772461 0.869531 0.772949 0.870703 0.772949 0.871094 0.773438 0.871875 0.773438 0.872266 0.773926 0.876953 0.773926 0.877344 0.773438 0.877734 0.773438 0.878516 0.772461 0.878906 0.772461 0.879297 0.771973 0.879687 0.771973 0.880859 0.770508 0.88125 0.770508 0.881641 0.77002 0.881641 0.769531 0.882031 0.769043 0.882031 0.768555 0.882422 0.768066 0.882422 0.76709 0.882812 0.766602 0.882812 0.763184 0.882031 0.762207 0.882031 0.761719 0.880469 0.759766 0.880078 0.759766 0.879687 0.759277 0.879297 0.759277 0.878906 0.758789 0.878125 0.758789 0.877734 0.758301 0.872656 0.758301 0.872266 0.758789 0.871875 0.758789 0.871484 0.759277 0.871094 0.759277 0.870703 0.759766 0.870313 0.759766 0.869922 0.760254 0.869531 0.760254 0.869141 0.760742 0.86875 0.760742 0.867969 0.761719 0.867578 0.761719
0 0.829297 0.784668 0.829297 0.789551 0.829688 0.790039 0.829688 0.790527 0.830078 0.791016 0.830078 0.791504 0.83125 0.792969 0.831641 0.792969 0.832031 0.793457 0.832422 0.793457 0.832812 0.793945 0.833984 0.793945 0.834375 0.794434 0.839063 0.794434 0.839453 0.793945 0.842187 0.793945 0.842578 0.793457 0.84375 0.793457 0.844141 0.792969 0.845313 0.792969 0.845703 0.79248 0.846094 0.79248 0.846484 0.791992 0.846875 0.791992 0.847656 0.791016 0.847656 0.790527 0.848437 0.789551 0.848437 0.787109 0.848047 0.786621 0.848047 0.785156 0.847656 0.784668 0.847656 0.78418 0.847266 0.783691 0.847266 0.783203 0.846484 0.782227 0.846094 0.782227 0.845703 0.781738 0.845313 0.781738 0.844922 0.78125 0.844531 0.78125 0.844141 0.780762 0.843359 0.780762 0.842969 0.780273 0.842187 0.780273 0.841797 0.779785 0.834375 0.779785 0.833984 0.780273 0.833203 0.780273 0.832812 0.780762 0.832422 0.780762 0.832031 0.78125 0.831641 0.78125 0.83125 0.781738 0.830859 0.781738 0.829688 0.783203 0.829688 0.78418
0 0.876563 0.79541 0.875781 0.796387 0.875781 0.796875 0.875391 0.797363 0.875391 0.799805 0.875781 0.800293 0.875781 0.800781 0.876563 0.801758 0.876563 0.802246 0.876953 0.802734 0.876953 0.803223 0.877734 0.804199 0.877734 0.804688 0.879687 0.807129 0.880078 0.807129 0.880859 0.808105 0.88125 0.808105 0.881641 0.808594 0.882031 0.808594 0.882422 0.809082 0.883203 0.809082 0.883594 0.80957 0.885938 0.80957 0.886328 0.809082 0.886719 0.809082 0.8875 0.808105 0.8875 0.807617 0.888281 0.806641 0.888281 0.806152 0.888672 0.805664 0.888672 0.805176 0.889453 0.804199 0.889453 0.802734 0.887891 0.800781 0.8875 0.800781 0.886328 0.799316 0.885938 0.799316 0.885156 0.79834 0.884766 0.79834 0.88125 0.793945 0.879687 0.793945 0.879297 0.794434 0.878516 0.794434 0.878125 0.794922 0.877344 0.794922 0.876953 0.79541
0 0.921484 0.821289 0.921484 0.821777 0.921094 0.822266 0.921094 0.824707 0.921484 0.825195 0.921484 0.82666 0.921875 0.827148 0.921875 0.827637 0.922266 0.828125 0.922266 0.828613 0.923047 0.82959 0.923438 0.82959 0.924219 0.830566 0.924609 0.830566 0.925 0.831055 0.925781 0.831055 0.926172 0.831543 0.926562 0.831543 0.926953 0.832031 0.927344 0.832031 0.927734 0.83252 0.928125 0.83252 0.928516 0.833008 0.929297 0.833008 0.929688 0.833496 0.933203 0.833496 0.933594 0.833008 0.933984 0.833008 0.935156 0.831543 0.935156 0.830566 0.935547 0.830078 0.935547 0.82666 0.935156 0.826172 0.935156 0.825684 0.934375 0.824707 0.934375 0.824219 0.932031 0.821289 0.931641 0.821289 0.930859 0.820312 0.930469 0.820312 0.930078 0.819824 0.929688 0.819824 0.929297 0.819336 0.928516 0.819336 0.928125 0.818848 0.925781 0.818848 0.925391 0.819336 0.923438 0.819336 0.923047 0.819824 0.922656 0.819824
1 0.954688 0.800293 0.954297 0.799805 0.954297 0.79834 0.953906 0.797852 0.953906 0.797363 0.953125 0.796387 0.952734 0.796387 0.952344 0.795898 0.951953 0.795898 0.951562 0.79541 0.950391 0.79541 0.95 0.795898 0.949219 0.795898 0.948828 0.796387 0.948438 0.796387 0.947656 0.797363 0.94375 0.797363 0.943359 0.796875 0.942187 0.796875 0.941797 0.796387 0.941016 0.796387 0.940625 0.795898 0.936719 0.795898 0.936328 0.796387 0.935937 0.796387 0.935937 0.796875 0.935547 0.797363 0.935547 0.79834 0.935156 0.798828 0.935156 0.799805 0.934766 0.800293 0.934766 0.804199 0.935937 0.805664 0.936328 0.805664 0.936719 0.806152 0.9375 0.806152 0.937891 0.806641 0.938281 0.806641 0.938672 0.807129 0.941406 0.807129 0.941797 0.807617 0.943359 0.807617 0.94375 0.807129 0.946094 0.807129 0.946484 0.806641 0.948828 0.806641 0.949219 0.806152 0.951562 0.806152 0.951953 0.805664 0.952344 0.805664 0.952734 0.805176 0.953125 0.805176 0.953516 0.804688 0.953906 0.804688 0.954297 0.804199 0.954297 0.803711 0.954688 0.803223
1 0.814453 0.321289 0.814453 0.324707 0.814844 0.325195 0.814844 0.325684 0.81875 0.330566 0.819141 0.330566 0.819531 0.331055 0.819922 0.331055 0.820312 0.331543 0.820703 0.331543 0.821094 0.332031 0.821484 0.332031 0.821875 0.33252 0.822266 0.33252 0.822656 0.333008 0.823438 0.333008 0.823828 0.333496 0.825 0.333496 0.825391 0.333984 0.827344 0.333984 0.827734 0.333496 0.830078 0.333496 0.830469 0.333008 0.83125 0.333008 0.832031 0.332031 0.832422 0.332031 0.833594 0.330566 0.833594 0.330078 0.833984 0.32959 0.833984 0.327148 0.833594 0.32666 0.833594 0.325195 0.832031 0.323242 0.831641 0.323242 0.83125 0.322754 0.830859 0.322754 0.830469 0.322266 0.830078 0.322266 0.829688 0.321777 0.829297 0.321777 0.828906 0.321289 0.828516 0.321289 0.828125 0.320801 0.827734 0.320801 0.827344 0.320312 0.826953 0.320312 0.826562 0.319824 0.826172 0.319824 0.825781 0.319336 0.825391 0.319336 0.825 0.318848 0.824219 0.318848 0.823828 0.318359 0.822656 0.318359 0.822266 0.317871 0.817969 0.317871 0.817578 0.318359 0.816797 0.318359 0.816406 0.318848 0.816016 0.318848 0.814844 0.320312 0.814844 0.320801
1 0.896484 0.343262 0.896484 0.34375 0.896094 0.344238 0.896094 0.347656 0.896484 0.348145 0.896484 0.350098 0.896875 0.350586 0.896875 0.351074 0.897266 0.351562 0.897266 0.352051 0.897656 0.352539 0.897656 0.353027 0.9 0.355957 0.900391 0.355957 0.900781 0.356445 0.901172 0.356445 0.901953 0.357422 0.902344 0.357422 0.904297 0.359863 0.904687 0.359863 0.905469 0.36084 0.905859 0.36084 0.90625 0.361328 0.906641 0.361328 0.907031 0.361816 0.907422 0.361816 0.907813 0.362305 0.908594 0.362305 0.908984 0.362793 0.910156 0.362793 0.910547 0.363281 0.915625 0.363281 0.916016 0.362793 0.916406 0.362793 0.917578 0.361328 0.917578 0.36084 0.917969 0.360352 0.917969 0.357422 0.917578 0.356934 0.917578 0.355957 0.917188 0.355469 0.917188 0.35498 0.916797 0.354492 0.916797 0.354004 0.916406 0.353516 0.916406 0.353027 0.915234 0.351562 0.915234 0.351074 0.913672 0.349121 0.913672 0.348633 0.911719 0.346191 0.911328 0.346191 0.910547 0.345215 0.910156 0.345215 0.909375 0.344238 0.908984 0.344238 0.908594 0.34375 0.907813 0.34375 0.907422 0.343262 0.906641 0.343262 0.90625 0.342773 0.905469 0.342773 0.905078 0.342285 0.904297 0.342285 0.903906 0.341797 0.902734 0.341797 0.902344 0.341309 0.901172 0.341309 0.900781 0.34082 0.9 0.34082 0.899609 0.341309 0.898828 0.341309 0.898438 0.341797 0.898047 0.341797 0.897656 0.342285 0.897266 0.342285
0 0.214453 0.800781 0.214062 0.800781 0.213672 0.800293 0.208984 0.800293 0.208594 0.800781 0.208203 0.800781 0.206641 0.802734 0.206641 0.803223 0.205078 0.805176 0.204687 0.805176 0.204297 0.805664 0.203516 0.805664 0.203125 0.806152 0.202734 0.806152 0.201953 0.807129 0.201953 0.807617 0.201563 0.808105 0.201563 0.808594 0.201172 0.809082 0.201172 0.80957 0.200781 0.810059 0.200781 0.811035 0.200391 0.811523 0.200391 0.813965 0.200781 0.814453 0.200781 0.81543 0.201172 0.815918 0.201172 0.816406 0.201563 0.816895 0.201563 0.817871 0.202344 0.818848 0.202344 0.819336 0.202734 0.819824 0.203125 0.819824 0.203906 0.820801 0.20625 0.820801 0.206641 0.820312 0.207422 0.820312 0.208203 0.819336 0.208594 0.819336 0.210156 0.817383 0.210547 0.817383 0.214062 0.812988 0.214062 0.8125 0.214844 0.811523 0.214844 0.810547 0.215234 0.810059 0.215234 0.809082 0.215625 0.808594 0.215625 0.802734 0.215234 0.802246 0.215234 0.801758
1 0.139063 0.879395 0.138672 0.879883 0.138281 0.879883 0.137109 0.881348 0.137109 0.881836 0.136719 0.882324 0.136719 0.882812 0.136328 0.883301 0.136328 0.883789 0.135937 0.884277 0.135937 0.884766 0.135547 0.885254 0.135547 0.88916 0.135937 0.889648 0.135937 0.891602 0.136328 0.89209 0.136328 0.893555 0.136719 0.894043 0.136719 0.89502 0.137109 0.895508 0.137109 0.896484 0.1375 0.896973 0.1375 0.897949 0.137891 0.898438 0.137891 0.898926 0.138281 0.899414 0.138281 0.899902 0.138672 0.900391 0.138672 0.900879 0.139453 0.901855 0.139453 0.902344 0.141016 0.904297 0.141406 0.904297 0.141797 0.904785 0.142578 0.904785 0.142969 0.905273 0.143359 0.905273 0.14375 0.904785 0.145703 0.904785 0.146094 0.904297 0.146875 0.904297 0.147656 0.90332 0.147656 0.902832 0.148047 0.902344 0.148047 0.897949 0.147656 0.897461 0.147656 0.894043 0.147266 0.893555 0.147266 0.888672 0.146875 0.888184 0.146875 0.886719 0.146484 0.88623 0.146484 0.885254 0.146094 0.884766 0.146094 0.884277 0.145703 0.883789 0.145703 0.883301 0.145313 0.882812 0.145313 0.882324 0.144922 0.881836 0.144922 0.881348 0.144531 0.880859 0.144531 0.880371 0.14375 0.879395
1 0.147266 0.87207 0.146875 0.872559 0.146875 0.873535 0.146484 0.874023 0.146484 0.880371 0.146875 0.880859 0.146875 0.882324 0.147266 0.882812 0.147266 0.883301 0.147656 0.883789 0.147656 0.884277 0.148438 0.885254 0.148438 0.885742 0.148828 0.88623 0.148828 0.886719 0.149609 0.887695 0.149609 0.888184 0.151562 0.890625 0.151562 0.891113 0.153125 0.893066 0.153906 0.893066 0.154297 0.893555 0.154688 0.893555 0.155078 0.893066 0.155469 0.893066 0.155859 0.892578 0.15625 0.892578 0.156641 0.89209 0.156641 0.891602 0.157422 0.890625 0.157422 0.889648 0.157812 0.88916 0.157812 0.887207 0.158203 0.886719 0.158203 0.884277 0.157812 0.883789 0.157812 0.881348 0.157422 0.880859 0.157422 0.880371 0.156641 0.879395 0.156641 0.878906 0.15625 0.878418 0.15625 0.87793 0.155859 0.877441 0.155859 0.876465 0.155469 0.875977 0.155469 0.875488 0.155078 0.875 0.155078 0.874512 0.154297 0.873535 0.153906 0.873535 0.153516 0.873047 0.153125 0.873047 0.152734 0.872559 0.152344 0.872559 0.151953 0.87207 0.151562 0.87207 0.151172 0.871582 0.148438 0.871582 0.148047 0.87207
1 0.152344 0.829102 0.151953 0.828613 0.151953 0.828125 0.150781 0.82666 0.150391 0.82666 0.15 0.826172 0.149219 0.826172 0.148828 0.825684 0.148438 0.825684 0.148047 0.825195 0.147656 0.825195 0.146875 0.824219 0.145313 0.824219 0.144922 0.824707 0.144141 0.824707 0.14375 0.825195 0.142578 0.825195 0.142187 0.825684 0.141406 0.825684 0.141016 0.826172 0.140625 0.826172 0.139844 0.827148 0.139453 0.827148 0.138281 0.828613 0.137891 0.828613 0.1375 0.829102 0.137109 0.829102 0.135937 0.830566 0.135547 0.830566 0.135156 0.831055 0.135156 0.831543 0.134375 0.83252 0.134375 0.833008 0.133984 0.833496 0.133984 0.834473 0.133594 0.834961 0.133594 0.835938 0.133203 0.836426 0.133203 0.838379 0.133984 0.839355 0.133984 0.839844 0.134375 0.839844 0.135156 0.84082 0.136328 0.84082 0.136719 0.841309 0.142187 0.841309 0.142578 0.84082 0.144141 0.84082 0.144531 0.840332 0.145703 0.840332 0.146094 0.839844 0.146875 0.839844 0.147266 0.839355 0.147656 0.839355 0.148438 0.838379 0.148828 0.838379 0.15 0.836914 0.150391 0.836914 0.150781 0.836426 0.151172 0.836426 0.152734 0.834473 0.152734 0.833984 0.153125 0.833496 0.153125 0.831543 0.152734 0.831055 0.152734 0.830566 0.152344 0.830078
1 0.11875 0.784668 0.118359 0.784668 0.117969 0.785156 0.115625 0.785156 0.115234 0.785645 0.115234 0.786133 0.114844 0.786621 0.114844 0.787598 0.114453 0.788086 0.114453 0.790039 0.114062 0.790527 0.114062 0.791992 0.113672 0.79248 0.113672 0.796875 0.113281 0.797363 0.113281 0.80127 0.112891 0.801758 0.112891 0.804199 0.113281 0.804688 0.113281 0.806152 0.113672 0.806641 0.113672 0.807617 0.114062 0.808105 0.114062 0.808594 0.114453 0.809082 0.114453 0.80957 0.114844 0.810059 0.119531 0.810059 0.121094 0.808105 0.121094 0.807129 0.121484 0.806641 0.121484 0.806152 0.121875 0.805664 0.121875 0.805176 0.122266 0.804688 0.122266 0.804199 0.122656 0.803711 0.122656 0.802734 0.123047 0.802246 0.123047 0.801758 0.123438 0.80127 0.123438 0.800781 0.123828 0.800293 0.123828 0.799805 0.124219 0.799316 0.124219 0.796875 0.123828 0.796387 0.123828 0.79541 0.123438 0.794922 0.123438 0.793457 0.123047 0.792969 0.123047 0.791992 0.122656 0.791504 0.122656 0.791016 0.122266 0.790527 0.122266 0.789062 0.121875 0.788574 0.121875 0.788086 0.121484 0.787598 0.121484 0.787109 0.119922 0.785156 0.119141 0.785156
1 0.141797 0.789551 0.141406 0.789062 0.141406 0.788574 0.139844 0.786621 0.139453 0.786621 0.139063 0.786133 0.138672 0.786133 0.138281 0.785645 0.1375 0.785645 0.137109 0.785156 0.135937 0.785156 0.135547 0.784668 0.133594 0.784668 0.133203 0.785156 0.13125 0.785156 0.130859 0.785645 0.130078 0.785645 0.129297 0.786621 0.128906 0.786621 0.127734 0.788086 0.127344 0.788086 0.125391 0.790527 0.125 0.790527 0.123438 0.79248 0.123438 0.792969 0.123047 0.793457 0.123047 0.796875 0.123438 0.797363 0.123438 0.79834 0.123828 0.79834 0.124219 0.798828 0.125 0.798828 0.125391 0.799316 0.130078 0.799316 0.130469 0.798828 0.133594 0.798828 0.133984 0.79834 0.136719 0.79834 0.137109 0.797852 0.139063 0.797852 0.139453 0.797363 0.139844 0.797363 0.140625 0.796387 0.141016 0.796387 0.141797 0.79541 0.141797 0.794922 0.142187 0.794434 0.142187 0.791504 0.141797 0.791016
1 0.138281 0.808105 0.136719 0.810059 0.136719 0.810547 0.136328 0.811035 0.136328 0.812012 0.135937 0.8125 0.135937 0.815918 0.136328 0.816406 0.136328 0.817871 0.136719 0.818359 0.136719 0.818848 0.137109 0.819336 0.137109 0.819824 0.1375 0.820312 0.1375 0.820801 0.138281 0.821777 0.138281 0.822266 0.141797 0.82666 0.142187 0.82666 0.142578 0.827148 0.143359 0.827148 0.14375 0.82666 0.144141 0.82666 0.144531 0.826172 0.145313 0.826172 0.145703 0.825684 0.146094 0.825684 0.146875 0.824707 0.146875 0.824219 0.147266 0.82373 0.147266 0.816895 0.146875 0.816406 0.146875 0.815918 0.146484 0.81543 0.146484 0.814453 0.146094 0.813965 0.146094 0.812988 0.145703 0.8125 0.145703 0.812012 0.145313 0.811523 0.145313 0.811035 0.142969 0.808105
1 0.178125 0.820801 0.177344 0.820801 0.176953 0.820312 0.176172 0.820312 0.175781 0.819824 0.175 0.819824 0.174609 0.819336 0.173437 0.819336 0.173047 0.819824 0.172266 0.819824 0.171875 0.820312 0.171484 0.820312 0.170703 0.821289 0.170313 0.821289 0.169141 0.822754 0.169141 0.823242 0.166016 0.827148 0.166016 0.827637 0.165625 0.828125 0.165625 0.828613 0.165234 0.829102 0.165234 0.82959 0.164844 0.830078 0.164844 0.830566 0.164453 0.831055 0.164453 0.831543 0.164062 0.832031 0.164062 0.83252 0.163672 0.833008 0.163672 0.833496 0.163281 0.833984 0.163281 0.834961 0.162891 0.835449 0.162891 0.835938 0.1625 0.836426 0.1625 0.836914 0.162109 0.837402 0.162109 0.839355 0.161719 0.839844 0.161719 0.841309 0.161328 0.841797 0.161328 0.842285 0.162109 0.843262 0.166016 0.843262 0.166406 0.842773 0.166797 0.842773 0.167187 0.842285 0.167578 0.842285 0.167969 0.841797 0.168359 0.841797 0.16875 0.841309 0.169141 0.841309 0.169531 0.84082 0.169922 0.84082 0.170313 0.840332 0.170703 0.840332 0.171484 0.839355 0.171875 0.839355 0.179297 0.830078 0.179297 0.82959 0.180078 0.828613 0.180078 0.824219 0.179688 0.82373 0.179688 0.822754
1 0.184375 0.782227 0.184375 0.782715 0.183984 0.783203 0.183984 0.785645 0.184375 0.786133 0.184375 0.788086 0.184766 0.788574 0.184766 0.789551 0.185547 0.790527 0.185547 0.791016 0.187109 0.792969 0.1875 0.792969 0.188281 0.793945 0.188672 0.793945 0.189062 0.794434 0.189453 0.794434 0.190234 0.79541 0.190625 0.79541 0.191797 0.796875 0.192188 0.796875 0.192969 0.797852 0.196875 0.797852 0.197266 0.797363 0.197656 0.797363 0.199219 0.79541 0.199219 0.794922 0.199609 0.794434 0.199609 0.79248 0.199219 0.791992 0.199219 0.791504 0.198828 0.791016 0.198828 0.790527 0.198437 0.790039 0.198437 0.789551 0.198047 0.789062 0.198047 0.788574 0.197656 0.788086 0.197656 0.787598 0.197266 0.787109 0.197266 0.786621 0.196484 0.785645 0.196484 0.785156 0.19375 0.781738 0.193359 0.781738 0.192969 0.78125 0.192578 0.78125 0.192188 0.780762 0.191016 0.780762 0.190625 0.780273 0.1875 0.780273 0.187109 0.780762 0.185938 0.780762 0.185547 0.78125 0.185156 0.78125
1 0.188281 0.773438 0.188281 0.774902 0.188672 0.775391 0.188672 0.775879 0.189062 0.775879 0.189844 0.776855 0.190234 0.776855 0.190625 0.777344 0.191016 0.777344 0.191406 0.777832 0.191797 0.777832 0.192188 0.77832 0.195312 0.77832 0.195703 0.777832 0.196875 0.777832 0.197266 0.777344 0.198437 0.777344 0.198828 0.777832 0.201563 0.777832 0.203125 0.775879 0.203125 0.775391 0.205078 0.772949 0.205469 0.772949 0.20625 0.771973 0.20625 0.771484 0.207031 0.770508 0.207031 0.769043 0.205469 0.76709 0.205078 0.76709 0.204297 0.766113 0.203906 0.766113 0.203516 0.765625 0.203125 0.765625 0.202734 0.765137 0.202344 0.765137 0.201953 0.764648 0.201563 0.764648 0.201172 0.76416 0.2 0.76416 0.199609 0.763672 0.198828 0.763672 0.198437 0.763184 0.196094 0.763184 0.195703 0.763672 0.194141 0.763672 0.19375 0.76416 0.193359 0.76416 0.192188 0.765625 0.192188 0.766113 0.190234 0.768555 0.190234 0.769043 0.189844 0.769531 0.189844 0.77002 0.189453 0.770508 0.189453 0.770996 0.189062 0.771484 0.189062 0.771973 0.188672 0.772461 0.188672 0.772949
1 0.207813 0.77002 0.207422 0.770508 0.207031 0.770508 0.20625 0.771484 0.20625 0.771973 0.205859 0.772461 0.205859 0.772949 0.205469 0.773438 0.205469 0.775391 0.205078 0.775879 0.205078 0.779297 0.204687 0.779785 0.204687 0.789062 0.205078 0.789551 0.205078 0.790527 0.205469 0.791016 0.205469 0.791504 0.205859 0.791992 0.205859 0.792969 0.20625 0.793457 0.206641 0.793457 0.207422 0.794434 0.208594 0.794434 0.208984 0.794922 0.209766 0.794922 0.210156 0.794434 0.211328 0.794434 0.211719 0.793945 0.2125 0.793945 0.213281 0.792969 0.213672 0.792969 0.214062 0.79248 0.214062 0.791992 0.214844 0.791016 0.214844 0.790527 0.215234 0.790039 0.215234 0.77832 0.214844 0.777832 0.214844 0.776855 0.214453 0.776367 0.214453 0.775879 0.214062 0.775391 0.214062 0.774414 0.213281 0.773438 0.213281 0.772949 0.211719 0.770996 0.211328 0.770996 0.210938 0.770508 0.210547 0.770508 0.210156 0.77002
1 0.239453 0.742676 0.238672 0.743652 0.238672 0.744629 0.238281 0.745117 0.238281 0.74707 0.237891 0.747559 0.237891 0.750488 0.238281 0.750977 0.238281 0.752441 0.238672 0.75293 0.238672 0.754395 0.239063 0.754883 0.239063 0.755371 0.239453 0.755859 0.239453 0.756348 0.239844 0.756836 0.239844 0.757324 0.240234 0.757812 0.240234 0.758301 0.241016 0.759277 0.241016 0.759766 0.241797 0.760742 0.241797 0.76123 0.243359 0.763184 0.243359 0.763672 0.24375 0.76416 0.244141 0.76416 0.244531 0.764648 0.244922 0.764648 0.245312 0.765137 0.246484 0.765137 0.246875 0.765625 0.248828 0.765625 0.249219 0.765137 0.249609 0.765137 0.251172 0.763184 0.251172 0.762695 0.251563 0.762207 0.251563 0.761719 0.251953 0.76123 0.251953 0.760742 0.252344 0.760254 0.252344 0.758789 0.251953 0.758301 0.251953 0.757812 0.251563 0.757324 0.251563 0.756836 0.251172 0.756348 0.251172 0.755859 0.250391 0.754883 0.250391 0.754395 0.249219 0.75293 0.248828 0.75293 0.248047 0.751953 0.248047 0.751465 0.247266 0.750488 0.247266 0.75 0.246875 0.749512 0.246875 0.749023 0.246094 0.748047 0.246094 0.747559 0.244531 0.745605 0.244141 0.745605 0.242969 0.744141 0.242578 0.744141 0.241406 0.742676
1 0.224609 0.637695 0.224219 0.638184 0.224219 0.638672 0.223828 0.63916 0.223828 0.640137 0.223438 0.640625 0.223438 0.643555 0.223828 0.644043 0.223828 0.64502 0.224219 0.645508 0.224219 0.646484 0.224609 0.646973 0.224609 0.647461 0.230469 0.654785 0.230859 0.654785 0.232813 0.657227 0.233203 0.657227 0.233984 0.658203 0.234375 0.658203 0.234766 0.658691 0.235156 0.658691 0.235547 0.65918 0.235937 0.65918 0.236328 0.659668 0.238281 0.659668 0.238672 0.65918 0.240234 0.65918 0.241016 0.658203 0.241016 0.652832 0.240625 0.652344 0.240625 0.651367 0.240234 0.650879 0.240234 0.650391 0.239453 0.649414 0.239453 0.648926 0.238281 0.647461 0.238281 0.646973 0.234375 0.64209 0.233984 0.64209 0.233203 0.641113 0.232813 0.641113 0.232422 0.640625 0.232031 0.640625 0.231641 0.640137 0.23125 0.640137 0.230859 0.639648 0.230469 0.639648 0.229687 0.638672 0.228906 0.638672 0.228516 0.638184 0.226953 0.638184 0.226562 0.637695
1 0.26875 0.602051 0.266797 0.602051 0.266016 0.603027 0.265625 0.603027 0.265234 0.603516 0.265234 0.604004 0.263672 0.605957 0.263672 0.606445 0.263281 0.606934 0.263281 0.607422 0.262891 0.60791 0.262891 0.608398 0.2625 0.608887 0.2625 0.609375 0.262109 0.609863 0.262109 0.610352 0.261719 0.61084 0.261719 0.611328 0.261328 0.611816 0.261328 0.612793 0.260937 0.613281 0.260937 0.614746 0.260547 0.615234 0.260547 0.617676 0.260156 0.618164 0.260156 0.619141 0.260547 0.619629 0.260547 0.626953 0.260937 0.627441 0.260937 0.62793 0.261719 0.628906 0.262109 0.628906 0.2625 0.629395 0.264844 0.629395 0.265234 0.628906 0.265625 0.628906 0.266016 0.628418 0.266406 0.628418 0.269141 0.625 0.269141 0.624512 0.270313 0.623047 0.270313 0.622559 0.270703 0.62207 0.270703 0.621582 0.271094 0.621094 0.271094 0.620605 0.271484 0.620117 0.271484 0.619629 0.271875 0.619141 0.271875 0.618652 0.272266 0.618164 0.272266 0.616699 0.272656 0.616211 0.272656 0.615234 0.273047 0.614746 0.273047 0.611816 0.273438 0.611328 0.273438 0.608398 0.273047 0.60791 0.273047 0.606934 0.272656 0.606445 0.272656 0.605957 0.272266 0.605469 0.272266 0.60498 0.271875 0.604492 0.271875 0.604004 0.271484 0.603516 0.271094 0.603516 0.270703 0.603027 0.270313 0.603027 0.269922 0.602539 0.269141 0.602539
1 0.358203 0.951172 0.357422 0.951172 0.357031 0.950684 0.356641 0.950684 0.35625 0.951172 0.354297 0.951172 0.353906 0.95166 0.353125 0.95166 0.352734 0.952148 0.352344 0.952148 0.350781 0.954102 0.350781 0.95459 0.350391 0.955078 0.350391 0.956055 0.35 0.956543 0.35 0.95752 0.349609 0.958008 0.349609 0.958984 0.349219 0.959473 0.349219 0.960449 0.348828 0.960938 0.348828 0.962402 0.348438 0.962891 0.348438 0.964355 0.348047 0.964844 0.348047 0.96582 0.347656 0.966309 0.347656 0.967285 0.347266 0.967773 0.347266 0.97168 0.347656 0.972168 0.347656 0.973145 0.348047 0.973633 0.348047 0.974121 0.349219 0.975586 0.354297 0.975586 0.355078 0.974609 0.355469 0.974609 0.355859 0.974121 0.35625 0.974121 0.356641 0.973633 0.357031 0.973633 0.357422 0.973145 0.357812 0.973145 0.360938 0.969238 0.360938 0.96875 0.361328 0.968262 0.361328 0.967285 0.361719 0.966797 0.361719 0.96582 0.362109 0.965332 0.362109 0.962402 0.361719 0.961914 0.361719 0.958984 0.361328 0.958496 0.361328 0.95752 0.360938 0.957031 0.360938 0.956055 0.360547 0.955566 0.360547 0.955078 0.360156 0.95459 0.360156 0.954102 0.359375 0.953125 0.359375 0.952637
1 0.290234 0.925781 0.290234 0.931152 0.294141 0.936035 0.294531 0.936035 0.295703 0.9375 0.296094 0.9375 0.296875 0.938477 0.297266 0.938477 0.298047 0.939453 0.298438 0.939453 0.298828 0.939941 0.299219 0.939941 0.299609 0.94043 0.300391 0.94043 0.300781 0.940918 0.301172 0.940918 0.301563 0.941406 0.303516 0.941406 0.303906 0.940918 0.304688 0.940918 0.305078 0.94043 0.305859 0.94043 0.30625 0.939941 0.306641 0.939941 0.307812 0.938477 0.307812 0.937988 0.308594 0.937012 0.308594 0.936523 0.308984 0.936035 0.308984 0.93457 0.308594 0.934082 0.308594 0.933594 0.308203 0.933105 0.308203 0.932617 0.307812 0.932129 0.307812 0.931641 0.306641 0.930176 0.30625 0.930176 0.305859 0.929688 0.305469 0.929688 0.305078 0.929199 0.304688 0.929199 0.304297 0.928711 0.303906 0.928711 0.303516 0.928223 0.303125 0.928223 0.302734 0.927734 0.302344 0.927734 0.301953 0.927246 0.301172 0.927246 0.300781 0.926758 0.300391 0.926758 0.3 0.92627 0.298828 0.92627 0.298438 0.925781 0.296875 0.925781 0.296484 0.925293 0.294531 0.925293 0.294141 0.924805 0.291016 0.924805
1 0.261719 0.941406 0.261328 0.941406 0.260937 0.940918 0.258203 0.940918 0.257812 0.941406 0.256641 0.941406 0.25625 0.941895 0.255859 0.941895 0.255469 0.942383 0.255078 0.942383 0.254297 0.943359 0.253906 0.943359 0.253516 0.943848 0.253516 0.944336 0.252734 0.945312 0.252734 0.945801 0.248047 0.95166 0.248047 0.952148 0.247656 0.952637 0.247656 0.953125 0.247266 0.953613 0.247266 0.958008 0.247656 0.958496 0.247656 0.959473 0.248438 0.960449 0.250781 0.960449 0.251172 0.960938 0.251563 0.960938 0.251953 0.960449 0.253516 0.960449 0.253906 0.959961 0.254297 0.959961 0.254688 0.959473 0.255078 0.959473 0.255469 0.958984 0.255859 0.958984 0.256641 0.958008 0.257031 0.958008 0.258203 0.956543 0.258203 0.956055 0.261719 0.95166 0.261719 0.951172 0.2625 0.950195 0.2625 0.949219 0.262891 0.94873 0.262891 0.946289 0.263281 0.945801 0.263281 0.945312 0.262891 0.944824 0.262891 0.943359 0.2625 0.942871 0.2625 0.942383
1 0.214453 0.98291 0.213281 0.981445 0.2125 0.981445 0.212109 0.980957 0.210938 0.980957 0.210547 0.980469 0.208203 0.980469 0.207813 0.980957 0.207422 0.980957 0.207031 0.981445 0.206641 0.981445 0.20625 0.981934 0.205859 0.981934 0.205469 0.982422 0.205078 0.982422 0.204297 0.983398 0.203906 0.983398 0.203125 0.984375 0.202734 0.984375 0.202344 0.984863 0.201953 0.984863 0.201563 0.985352 0.201172 0.985352 0.200781 0.98584 0.200391 0.98584 0.199219 0.987305 0.198828 0.987305 0.198047 0.988281 0.198047 0.98877 0.195703 0.991699 0.195703 0.992188 0.195312 0.992676 0.195312 0.993164 0.194922 0.993652 0.194922 0.995605 0.195312 0.996094 0.195312 0.99707 0.195703 0.997559 0.195703 0.998047 0.196094 0.998535 0.196875 0.998535 0.197266 0.999023 0.198047 0.999023 0.198437 0.998535 0.200781 0.998535 0.201172 0.998047 0.202344 0.998047 0.202734 0.997559 0.203906 0.997559 0.204297 0.99707 0.205078 0.99707 0.205469 0.996582 0.205859 0.996582 0.20625 0.996094 0.206641 0.996094 0.207031 0.995605 0.207422 0.995605 0.209375 0.993164 0.209766 0.993164 0.210938 0.991699 0.211328 0.991699 0.2125 0.990234 0.212891 0.990234 0.213672 0.989258 0.213672 0.98877 0.214062 0.988281 0.214062 0.987305 0.214453 0.986816
1 0.332813 0.0844727 0.332813 0.0878906 0.333984 0.090332 0.335547 0.0922852 0.337109 0.0932617 0.340234 0.09375 0.340625 0.0942383 0.346484 0.0942383 0.346875 0.09375 0.349219 0.09375 0.350391 0.0932617 0.352734 0.0908203 0.353906 0.0878906 0.353906 0.0849609 0.353125 0.0825195 0.351562 0.0805664 0.349219 0.0795898 0.343359 0.0795898 0.342969 0.0800781 0.337109 0.0805664 0.333594 0.0830078
0 0.728125 0.00634766 0.727344 0.00683594 0.725781 0.00927734 0.725781 0.0175781 0.726172 0.0180664 0.726562 0.0229492 0.727734 0.0268555 0.729297 0.0288086 0.731641 0.0302734 0.732812 0.0302734 0.736719 0.0258789 0.737109 0.0244141 0.737109 0.0214844 0.7375 0.0209961 0.7375 0.0170898 0.735938 0.0141602 0.734375 0.00976562 0.732812 0.0078125 0.730859 0.00683594
1 0.541406 0.111816 0.541406 0.116211 0.542188 0.117676 0.542188 0.118652 0.542969 0.120117 0.546484 0.124023 0.553125 0.126953 0.557031 0.126953 0.558984 0.125977 0.560547 0.124512 0.560937 0.123535 0.560937 0.119141 0.560156 0.117188 0.558594 0.115723 0.55625 0.114258 0.554297 0.11377 0.553125 0.112793 0.549609 0.112793 0.548438 0.112305 0.545703 0.109863 0.542578 0.110352
1 0.540234 0.104004 0.540234 0.10791 0.540625 0.108887 0.541797 0.110352 0.543359 0.111328 0.544531 0.111328 0.544922 0.111816 0.551172 0.111816 0.551562 0.112305 0.553516 0.112305 0.556641 0.11377 0.559375 0.113281 0.560547 0.112305 0.560156 0.107422 0.558594 0.103027 0.555859 0.100586 0.552734 0.0986328 0.55 0.0986328 0.548828 0.0981445 0.548438 0.0986328 0.547266 0.0986328 0.544922 0.0996094 0.54375 0.100586 0.542188 0.101074
1 0.637109 0.0366211 0.634766 0.0375977 0.633203 0.0405273 0.632422 0.0488281 0.632812 0.0493164 0.632812 0.0532227 0.634766 0.0605469 0.6375 0.0629883 0.637891 0.0639648 0.639062 0.0639648 0.640625 0.0620117 0.641797 0.0615234 0.643359 0.059082 0.64375 0.0556641 0.644141 0.0551758 0.644531 0.0488281 0.644141 0.0483398 0.644141 0.046875 0.642969 0.0444336 0.642578 0.0419922 0.641016 0.0390625 0.639062 0.0366211
1 0.758984 0.0102539 0.757031 0.0131836 0.757031 0.0141602 0.755859 0.0170898 0.755859 0.0205078 0.755469 0.0219727 0.755859 0.0224609 0.75625 0.0288086 0.758984 0.0336914 0.759766 0.0341797 0.761328 0.0341797 0.761719 0.034668 0.764062 0.034668 0.764844 0.0341797 0.767969 0.0297852 0.767969 0.0239258 0.767578 0.0234375 0.767188 0.0200195 0.765234 0.0146484 0.763281 0.0112305 0.761719 0.0102539
1 0.783203 0.0107422 0.782422 0.0117188 0.782031 0.0131836 0.782031 0.0219727 0.783594 0.0253906 0.786328 0.0288086 0.786328 0.0292969 0.788672 0.0317383 0.794141 0.034668 0.796094 0.0341797 0.797266 0.0317383 0.797656 0.0283203 0.797266 0.027832 0.796875 0.0249023 0.795703 0.0229492 0.794141 0.0180664 0.791797 0.0166016 0.7875 0.0126953 0.785156 0.0112305
1 0.791797 0.0458984 0.791016 0.0454102 0.789453 0.0454102 0.789062 0.0449219 0.786719 0.0449219 0.783203 0.0478516 0.78125 0.0522461 0.780469 0.0551758 0.780469 0.0576172 0.782031 0.0600586 0.782813 0.0605469 0.787109 0.0605469 0.788672 0.0595703 0.791797 0.0561523 0.793359 0.050293 0.793359 0.0483398
1 0.786719 0.0698242 0.785937 0.0712891 0.785937 0.0776367 0.789453 0.0864258 0.790625 0.0878906 0.793359 0.0893555 0.796484 0.0893555 0.798438 0.0883789 0.798828 0.0874023 0.798828 0.0820312 0.798438 0.081543 0.798438 0.0800781 0.796094 0.0742188 0.79375 0.0712891 0.791406 0.0698242 0.789844 0.0698242 0.789453 0.0693359 0.7875 0.0693359
0 0.752734 0.0991211 0.750781 0.0981445 0.749219 0.0981445 0.748828 0.0976562 0.745703 0.0981445 0.745313 0.0986328 0.744141 0.0986328 0.742578 0.100098 0.736719 0.103516 0.734766 0.107422 0.735156 0.111816 0.736719 0.113281 0.740234 0.11377 0.740625 0.114258 0.741797 0.11377 0.745313 0.11377 0.748828 0.112305 0.749219 0.111328 0.751563 0.108398 0.751953 0.108398 0.753516 0.10498 0.753516 0.101562
0 0.727344 0.0576172 0.727344 0.0620117 0.728516 0.0639648 0.73125 0.0654297 0.7375 0.0654297 0.744141 0.0610352 0.744922 0.0595703 0.744922 0.0566406 0.744141 0.0556641 0.741797 0.0541992 0.739062 0.0537109 0.738672 0.0532227 0.734375 0.0532227 0.733984 0.0537109 0.732031 0.0537109 0.728125 0.0556641
1 0.755078 0.0673828 0.753125 0.0649414 0.751563 0.0639648 0.746875 0.0629883 0.746484 0.0634766 0.744141 0.0634766 0.739844 0.0664062 0.738672 0.0683594 0.738672 0.0703125 0.739062 0.0708008 0.739062 0.0722656 0.740625 0.0737305 0.741797 0.0737305 0.74375 0.074707 0.748047 0.0751953 0.753125 0.0727539 0.755078 0.0698242
0 0.822656 0.106445 0.821094 0.106445 0.820703 0.105957 0.817578 0.106445 0.812891 0.111328 0.811719 0.114258 0.811328 0.116699 0.810156 0.119141 0.809375 0.12207 0.809375 0.123535 0.808984 0.124023 0.808984 0.130859 0.809766 0.133789 0.810937 0.135254 0.815234 0.135254 0.818359 0.132324 0.821875 0.125488 0.823047 0.122559 0.823047 0.120605 0.823438 0.120117 0.823438 0.118164 0.824219 0.115234 0.823828 0.108398
0 0.794922 0.0932617 0.79375 0.0942383 0.792578 0.0986328 0.792578 0.100586 0.792969 0.101074 0.792969 0.102539 0.79375 0.105469 0.794531 0.106445 0.796484 0.111816 0.798047 0.114258 0.801953 0.116699 0.803125 0.116699 0.804688 0.115234 0.80625 0.111328 0.805859 0.106445 0.805078 0.104492 0.805078 0.103027 0.802344 0.097168 0.799609 0.0947266
1 0.827734 0.0180664 0.826562 0.0170898 0.825 0.0170898 0.822656 0.0180664 0.820312 0.0200195 0.815625 0.0249023 0.814453 0.0283203 0.814844 0.0302734 0.818359 0.0327148 0.825781 0.0302734 0.827344 0.0283203 0.828516 0.0253906 0.828906 0.0209961
1 0.807031 0.0126953 0.807031 0.0136719 0.808594 0.0166016 0.810156 0.0185547 0.8125 0.0195312 0.816406 0.0195312 0.816797 0.019043 0.822266 0.0180664 0.823828 0.0170898 0.823828 0.0131836 0.821094 0.00976562 0.818359 0.00830078 0.809766 0.00830078 0.807813 0.0102539
1 0.842969 0.0180664 0.842187 0.0205078 0.842187 0.0249023 0.845703 0.0288086 0.849609 0.0307617 0.855078 0.0307617 0.857422 0.0292969 0.857422 0.0249023 0.856641 0.0229492 0.854297 0.0195312 0.851953 0.0175781 0.849219 0.0161133 0.844531 0.0161133
1 1 0.158203 0.993359 0.157715 0.992969 0.158203 0.991406 0.158203 0.991016 0.158691 0.989844 0.158691 0.988672 0.159668 0.986328 0.160156 0.984766 0.162109 0.983203 0.166016 0.983984 0.17041 0.985547 0.174316 0.986328 0.174805 0.990234 0.174316 0.991016 0.173828 0.992188 0.171875 0.99375 0.170898 0.995703 0.17041 0.997656 0.168945 1 0.168945
1 0.99375 0.175781 0.991797 0.177734 0.991016 0.180664 0.991406 0.183105 0.99375 0.186523 0.996484 0.187988 0.998047 0.189453 1 0.189453 1 0.174316 0.998047 0.174316 0.997656 0.174805 0.996094 0.174805
1 0.897266 0.204102 0.897266 0.208008 0.898438 0.211426 0.900781 0.214844 0.902734 0.21582 0.903516 0.216797 0.904297 0.216797 0.906641 0.218262 0.908203 0.218262 0.908594 0.21875 0.912891 0.21875 0.916016 0.216797 0.916016 0.214844 0.915234 0.212402 0.911328 0.207031 0.906641 0.203613 0.905859 0.203613 0.905078 0.202637 0.902344 0.202148 0.901953 0.20166 0.9 0.20166 0.898438 0.202637
1 0.985938 0.415039 0.985547 0.416016 0.985547 0.419922 0.989453 0.425293 0.994141 0.428223 1 0.428711 1 0.413574 0.997656 0.413574 0.995703 0.412598 0.989844 0.412598 0.9875 0.413574
0 0.997266 0.613281 0.996875 0.61377 0.994531 0.614258 0.993359 0.615723 0.992578 0.618652 0.992578 0.624023 0.992969 0.624512 0.993359 0.62793 0.996875 0.634766 0.998047 0.63623 1 0.63623 1 0.613281
2 0.915234 0.857422 0.915234 0.859863 0.916406 0.862793 0.924609 0.868164 0.926953 0.869141 0.928516 0.869141 0.931641 0.866699 0.931641 0.864258 0.930469 0.863281 0.928516 0.860352 0.923828 0.857422 0.920312 0.855957 0.916016 0.856445
2 0.328516 0.802246 0.328516 0.805664 0.329297 0.806641 0.331641 0.807129 0.332031 0.807617 0.336719 0.808105 0.337109 0.808594 0.341016 0.808594 0.341406 0.809082 0.345703 0.809082 0.346875 0.807617 0.346484 0.805664 0.345313 0.805176 0.341406 0.800781 0.339062 0.800781 0.338672 0.800293 0.336328 0.800293 0.335938 0.799805 0.332422 0.799805 0.332031 0.800293 0.330469 0.800293
1 0.33125 0.776367 0.329297 0.776367 0.327734 0.777832 0.326172 0.780273 0.325 0.783203 0.324219 0.791016 0.324609 0.791504 0.324609 0.79541 0.325781 0.799316 0.326953 0.799316 0.328906 0.796875 0.330859 0.79541 0.332813 0.791016 0.333594 0.788086 0.333594 0.786133 0.333984 0.785645 0.333984 0.779785 0.333594 0.77832
2 0.302734 0.766113 0.302344 0.766602 0.302344 0.770996 0.303906 0.775391 0.305469 0.777832 0.305859 0.779297 0.308203 0.78125 0.310547 0.78418 0.312109 0.785156 0.313672 0.787598 0.315234 0.787598 0.316016 0.786621 0.316016 0.784668 0.316406 0.78418 0.316016 0.781738 0.314063 0.775879 0.312109 0.772949 0.311328 0.770996 0.307422 0.766602 0.30625 0.766113
2 0.283594 0.74707 0.283594 0.748535 0.285547 0.75 0.287109 0.751953 0.291016 0.752441 0.291406 0.75293 0.296094 0.75293 0.297656 0.751465 0.297656 0.747559 0.294531 0.744629 0.292578 0.744629 0.292187 0.745117 0.287109 0.744629 0.285547 0.746094
0 0.294141 0.719238 0.292578 0.720703 0.291406 0.724609 0.291406 0.737793 0.292187 0.739258 0.292187 0.740234 0.294141 0.743164 0.295703 0.743652 0.298828 0.741699 0.299609 0.740723 0.300781 0.736328 0.302344 0.73291 0.302344 0.728027 0.299219 0.720215 0.296875 0.719238
0 0.314844 0.73584 0.313672 0.735352 0.313281 0.73584 0.311328 0.73584 0.308984 0.736816 0.30625 0.73877 0.305078 0.740723 0.300781 0.750977 0.301172 0.756348 0.302734 0.759277 0.306641 0.760254 0.309375 0.758789 0.311328 0.756348 0.312891 0.749512 0.314063 0.74707 0.315625 0.741211 0.315625 0.737305
0 0.301563 0.718262 0.301172 0.721191 0.302734 0.725098 0.305469 0.729492 0.307812 0.730957 0.310156 0.731934 0.315625 0.731934 0.316016 0.732422 0.318359 0.732422 0.321875 0.72998 0.322656 0.728516 0.321875 0.724121 0.319531 0.721191 0.317188 0.719727 0.313281 0.71875 0.310156 0.716797 0.308594 0.716797 0.308203 0.716309 0.303125 0.716309 0.302344 0.716797
0 0.289453 0.790527 0.287109 0.788574 0.283984 0.788574 0.283594 0.788086 0.278516 0.788574 0.276953 0.789551 0.275781 0.789551 0.274219 0.790527 0.271875 0.793945 0.271094 0.796875 0.271094 0.799316 0.271875 0.80127 0.274219 0.803223 0.279687 0.803711 0.282031 0.801758 0.282813 0.801758 0.285156 0.800293 0.2875 0.799805 0.288672 0.79834 0.289844 0.79541 0.289844 0.791992
0 0.247656 0.815918 0.244922 0.819336 0.244922 0.823242 0.247266 0.826172 0.247656 0.826172 0.248438 0.827148 0.249219 0.827148 0.249609 0.827637 0.258203 0.827637 0.258594 0.827148 0.258984 0.827148 0.259375 0.82666 0.259766 0.82666 0.260156 0.826172 0.260547 0.826172 0.261328 0.825195 0.263281 0.825195 0.263672 0.824707 0.264062 0.824707 0.265234 0.823242 0.265234 0.820312 0.262891 0.817383 0.262109 0.817383 0.261719 0.816895 0.260547 0.816895 0.260156 0.816406 0.258984 0.816406 0.258594 0.815918
0 0.260156 0.82666 0.259766 0.827148 0.259375 0.827148 0.258203 0.828613 0.258203 0.829102 0.257812 0.82959 0.257812 0.833984 0.258594 0.834961 0.258594 0.835449 0.261328 0.838867 0.261328 0.839355 0.262891 0.841309 0.263281 0.841309 0.264453 0.842773 0.264844 0.842773 0.265234 0.843262 0.265625 0.843262 0.266016 0.84375 0.266406 0.84375 0.266797 0.844238 0.269531 0.844238 0.269922 0.84375 0.270313 0.84375 0.271875 0.841797 0.271875 0.837402 0.271094 0.836426 0.271094 0.835449 0.269531 0.833496 0.269531 0.833008 0.269141 0.83252 0.269141 0.832031 0.267969 0.830566 0.267578 0.830566 0.265234 0.827637 0.264844 0.827637 0.264453 0.827148 0.264062 0.827148 0.263672 0.82666
1 0.237891 0.827637 0.2375 0.828125 0.236719 0.828125 0.235156 0.830078 0.235156 0.833496 0.236719 0.835449 0.2375 0.835449 0.237891 0.835938 0.238281 0.835938 0.241797 0.840332 0.242578 0.840332 0.243359 0.841309 0.244141 0.841309 0.244531 0.841797 0.245312 0.841797 0.245703 0.842285 0.246094 0.842285 0.246484 0.842773 0.246875 0.842773 0.247266 0.843262 0.248047 0.843262 0.248438 0.84375 0.249219 0.84375 0.249609 0.844238 0.251953 0.844238 0.252344 0.844727 0.254688 0.844727 0.255078 0.844238 0.255469 0.844238 0.255859 0.84375 0.25625 0.84375 0.257812 0.841797 0.257812 0.841309 0.258594 0.840332 0.258594 0.836914 0.258203 0.836426 0.258203 0.835938 0.256641 0.833984 0.25625 0.833984 0.255078 0.83252 0.254297 0.83252 0.253125 0.831055 0.252734 0.831055 0.252344 0.830566 0.251563 0.830566 0.251172 0.830078 0.250781 0.830078 0.250391 0.82959 0.249609 0.82959 0.249219 0.829102 0.248828 0.829102 0.248438 0.828613 0.247656 0.828613 0.247266 0.828125 0.245312 0.828125 0.244922 0.827637
1 0.248047 0.796387 0.246875 0.797852 0.246875 0.803711 0.247266 0.804199 0.247266 0.804688 0.248047 0.805664 0.248047 0.806152 0.251172 0.810059 0.251563 0.810059 0.252344 0.811035 0.252734 0.811035 0.253516 0.812012 0.253906 0.812012 0.254297 0.8125 0.254688 0.8125 0.255078 0.812988 0.255859 0.812988 0.25625 0.813477 0.257031 0.813477 0.257422 0.813965 0.261719 0.813965 0.262109 0.813477 0.2625 0.813477 0.263672 0.812012 0.263672 0.811523 0.264062 0.811035 0.264062 0.808105 0.263672 0.807617 0.263672 0.807129 0.260937 0.803711 0.260547 0.803711 0.258984 0.801758 0.258594 0.801758 0.257422 0.800293 0.257031 0.800293 0.255859 0.798828 0.255469 0.798828 0.254688 0.797852 0.254297 0.797852 0.253906 0.797363 0.252734 0.797363 0.252344 0.796875 0.251953 0.796875 0.251563 0.796387
1 0.237109 0.800293 0.236719 0.800781 0.235937 0.800781 0.235156 0.801758 0.234375 0.801758 0.233203 0.803223 0.232813 0.803223 0.23125 0.805176 0.23125 0.80957 0.233203 0.812012 0.233594 0.812012 0.233984 0.8125 0.234375 0.8125 0.234766 0.812988 0.235547 0.812988 0.235937 0.813477 0.2375 0.813477 0.237891 0.813965 0.244141 0.813965 0.244531 0.813477 0.246484 0.813477 0.248438 0.811035 0.248438 0.806152 0.247656 0.805176 0.247656 0.804688 0.246875 0.803711 0.246875 0.803223 0.245703 0.801758 0.245312 0.801758 0.244922 0.80127 0.244531 0.80127 0.244141 0.800781 0.243359 0.800781 0.242969 0.800293
1 0.277344 0.823242 0.276562 0.824219 0.276172 0.824219 0.275781 0.824707 0.275391 0.824707 0.274609 0.825684 0.274219 0.825684 0.273047 0.827148 0.272656 0.827148 0.269531 0.831055 0.269531 0.832031 0.269141 0.83252 0.269141 0.835449 0.270703 0.837402 0.273047 0.837402 0.273438 0.837891 0.283594 0.837891 0.283984 0.837402 0.284375 0.837402 0.285547 0.835938 0.285938 0.835938 0.286328 0.835449 0.287109 0.835449 0.2875 0.834961 0.288281 0.834961 0.289062 0.833984 0.289453 0.833984 0.290625 0.83252 0.290625 0.832031 0.291406 0.831055 0.291406 0.830566 0.291797 0.830078 0.291797 0.82959 0.292187 0.829102 0.292187 0.825684 0.291016 0.824219 0.290625 0.824219 0.290234 0.82373 0.2875 0.82373 0.287109 0.823242
1 0.282422 0.835938 0.282031 0.836426 0.281641 0.836426 0.280469 0.837891 0.279297 0.837891 0.276953 0.84082 0.276953 0.841309 0.276562 0.841797 0.276562 0.842285 0.276172 0.842773 0.276172 0.848633 0.276562 0.849121 0.276562 0.850586 0.277344 0.851562 0.277344 0.852539 0.277734 0.853027 0.277734 0.853516 0.278125 0.854004 0.278125 0.854492 0.278906 0.855469 0.278906 0.855957 0.279297 0.856445 0.279297 0.856934 0.279687 0.857422 0.279687 0.85791 0.280078 0.858398 0.280078 0.859863 0.280469 0.860352 0.280469 0.86084 0.282031 0.862793 0.282422 0.862793 0.282813 0.863281 0.286719 0.863281 0.287109 0.86377 0.292578 0.86377 0.292969 0.863281 0.293359 0.863281 0.295312 0.86084 0.295312 0.85498 0.294922 0.854492 0.294922 0.854004 0.294531 0.853516 0.294531 0.851562 0.29375 0.850586 0.29375 0.848145 0.293359 0.847656 0.293359 0.84668 0.292969 0.846191 0.292969 0.844727 0.292578 0.844238 0.292578 0.84375 0.292187 0.843262 0.292187 0.842773 0.290234 0.840332 0.290234 0.839844 0.287109 0.835938
0 0.253906 0.844238 0.253516 0.844727 0.252344 0.844727 0.251953 0.845215 0.250391 0.845215 0.25 0.845703 0.249609 0.845703 0.249219 0.846191 0.248828 0.846191 0.245312 0.850586 0.245312 0.851074 0.244922 0.851562 0.244922 0.856445 0.246484 0.858398 0.253516 0.858398 0.253906 0.85791 0.256641 0.85791 0.257031 0.857422 0.258203 0.857422 0.258594 0.856934 0.262109 0.856934 0.2625 0.857422 0.265234 0.857422 0.265625 0.85791 0.266797 0.85791 0.267188 0.858398 0.267578 0.858398 0.267969 0.858887 0.270313 0.858887 0.270703 0.858398 0.271094 0.858398 0.272266 0.856934 0.272266 0.853516 0.271875 0.853027 0.271875 0.852539 0.271484 0.852051 0.271484 0.851562 0.271094 0.851074 0.271094 0.850586 0.270313 0.849609 0.270313 0.849121 0.26875 0.847168 0.268359 0.847168 0.267578 0.846191 0.267188 0.846191 0.266797 0.845703 0.266406 0.845703 0.265625 0.844727 0.263672 0.844727 0.263281 0.844238
1 0.232813 0.850098 0.23125 0.852051 0.23125 0.852539 0.230859 0.853027 0.230859 0.855469 0.23125 0.855957 0.23125 0.856445 0.234375 0.860352 0.234766 0.860352 0.235937 0.861816 0.236328 0.861816 0.2375 0.863281 0.237891 0.863281 0.238672 0.864258 0.239453 0.864258 0.240234 0.865234 0.241406 0.865234 0.241797 0.865723 0.243359 0.865723 0.24375 0.866211 0.248438 0.866211 0.250781 0.863281 0.250781 0.856445 0.250391 0.855957 0.250391 0.855469 0.248828 0.853516 0.247656 0.853516 0.247266 0.853027 0.245312 0.853027 0.244922 0.852539 0.244531 0.852539 0.244141 0.852051 0.241016 0.852051 0.240625 0.851562 0.239063 0.851562 0.237891 0.850098
1 0.265234 0.857422 0.264062 0.858887 0.264062 0.861816 0.264453 0.862305 0.264453 0.863281 0.269141 0.869141 0.269141 0.869629 0.269531 0.870117 0.269531 0.870605 0.270313 0.871582 0.270313 0.87207 0.271875 0.874023 0.272266 0.874023 0.273047 0.875 0.273438 0.875 0.273828 0.875488 0.280078 0.875488 0.281641 0.873535 0.281641 0.869141 0.277734 0.864258 0.277344 0.864258 0.275781 0.862305 0.275391 0.862305 0.274219 0.86084 0.273438 0.86084 0.273047 0.860352 0.272656 0.860352 0.272266 0.859863 0.271875 0.859863 0.271094 0.858887 0.270703 0.858887 0.270313 0.858398 0.269531 0.858398 0.269141 0.85791 0.267188 0.85791 0.266797 0.857422
1 0.281641 0.865234 0.28125 0.865723 0.280859 0.865723 0.278516 0.868652 0.278516 0.869629 0.278125 0.870117 0.278125 0.873535 0.278516 0.874023 0.278516 0.875 0.278906 0.875488 0.278906 0.875977 0.28125 0.878906 0.281641 0.878906 0.282813 0.880371 0.283203 0.880371 0.283984 0.881348 0.284375 0.881348 0.285156 0.882324 0.285938 0.882324 0.286328 0.882812 0.292578 0.882812 0.292969 0.882324 0.29375 0.882324 0.294141 0.881836 0.294922 0.881836 0.296094 0.880371 0.296094 0.879883 0.296875 0.878906 0.296875 0.878418 0.297266 0.87793 0.297266 0.874512 0.296875 0.874023 0.296875 0.873047 0.296484 0.872559 0.296484 0.87207 0.292187 0.866699 0.291797 0.866699 0.291016 0.865723 0.290234 0.865723 0.289844 0.865234
1 0.276953 0.876953 0.276562 0.877441 0.276172 0.877441 0.275 0.878906 0.275 0.879395 0.274609 0.879883 0.274609 0.884277 0.275 0.884766 0.275 0.885254 0.275391 0.885742 0.275391 0.88623 0.277734 0.88916 0.277734 0.889648 0.278906 0.891113 0.278906 0.891602 0.279297 0.89209 0.279297 0.892578 0.279687 0.893066 0.279687 0.894043 0.280078 0.894531 0.280078 0.895996 0.280469 0.896484 0.280469 0.898438 0.280859 0.898926 0.280859 0.899902 0.282031 0.901367 0.282422 0.901367 0.282813 0.901855 0.286328 0.901855 0.288281 0.899414 0.288281 0.897949 0.288672 0.897461 0.288672 0.89209 0.288281 0.891602 0.288281 0.890137 0.287891 0.889648 0.287891 0.888184 0.2875 0.887695 0.2875 0.885254 0.287109 0.884766 0.287109 0.883789 0.286719 0.883301 0.286719 0.882812 0.286328 0.882324 0.286328 0.881836 0.283984 0.878906 0.283594 0.878906 0.283203 0.878418 0.282813 0.878418 0.282031 0.877441 0.281641 0.877441 0.28125 0.876953
0 0.25 0.885742 0.248828 0.887207 0.248438 0.887207 0.248047 0.887695 0.247656 0.887695 0.245312 0.890625 0.245312 0.891113 0.244922 0.891602 0.244922 0.898926 0.247266 0.901855 0.248047 0.901855 0.248828 0.902832 0.255078 0.902832 0.258203 0.898926 0.258203 0.898438 0.258984 0.897461 0.258984 0.896973 0.259375 0.896484 0.259375 0.895508 0.259766 0.89502 0.259766 0.890137 0.259375 0.889648 0.259375 0.88916 0.257422 0.886719 0.257031 0.886719 0.256641 0.88623 0.255469 0.88623 0.255078 0.885742
0 0.241406 0.875488 0.240234 0.876953 0.240234 0.882324 0.240625 0.882812 0.240625 0.883301 0.241016 0.883789 0.241016 0.884277 0.241406 0.884766 0.241406 0.885254 0.241797 0.885742 0.241797 0.88916 0.242188 0.889648 0.242188 0.890137 0.242578 0.890625 0.242578 0.891602 0.24375 0.893066 0.244141 0.893066 0.244531 0.893555 0.244922 0.893555 0.245312 0.894043 0.245703 0.894043 0.246094 0.894531 0.248828 0.894531 0.249219 0.894043 0.25 0.894043 0.250391 0.893555 0.250781 0.893555 0.251172 0.893066 0.251563 0.893066 0.252344 0.89209 0.253125 0.89209 0.25625 0.888184 0.25625 0.883789 0.255859 0.883301 0.255859 0.882812 0.255469 0.882324 0.255469 0.881348 0.253906 0.879395 0.253125 0.879395 0.252734 0.878906 0.252344 0.878906 0.251953 0.878418 0.251563 0.878418 0.251172 0.87793 0.250391 0.87793 0.25 0.877441 0.248828 0.877441 0.248438 0.876953 0.248047 0.876953 0.247266 0.875977 0.245703 0.875977 0.245312 0.875488
0 0.251953 0.901855 0.250781 0.90332 0.250781 0.903809 0.25 0.904785 0.25 0.908203 0.250391 0.908691 0.250391 0.910156 0.250781 0.910645 0.250781 0.911133 0.251172 0.911621 0.251172 0.912598 0.254297 0.916504 0.254688 0.916504 0.25625 0.918457 0.256641 0.918457 0.257422 0.919434 0.257812 0.919434 0.258594 0.92041 0.258984 0.92041 0.259375 0.920898 0.259766 0.920898 0.260156 0.921387 0.2625 0.921387 0.263672 0.919922 0.263672 0.915527 0.263281 0.915039 0.263281 0.914062 0.262891 0.913574 0.262891 0.913086 0.2625 0.912598 0.2625 0.912109 0.262109 0.911621 0.262109 0.911133 0.259375 0.907715 0.259375 0.907227 0.258984 0.906738 0.258984 0.90625 0.257812 0.904785 0.257422 0.904785 0.25625 0.90332 0.255859 0.90332 0.255078 0.902344 0.254688 0.902344 0.254297 0.901855
0 0.264844 0.877441 0.264453 0.87793 0.264062 0.87793 0.262891 0.879395 0.262891 0.880371 0.2625 0.880859 0.2625 0.897949 0.262891 0.898438 0.262891 0.898926 0.264844 0.901367 0.269922 0.901367 0.270703 0.900391 0.271094 0.900391 0.271484 0.899902 0.271875 0.899902 0.273828 0.897461 0.273828 0.896973 0.274219 0.896484 0.274219 0.895996 0.274609 0.895508 0.274609 0.890625 0.274219 0.890137 0.274219 0.889648 0.273828 0.88916 0.273828 0.888672 0.273438 0.888184 0.273438 0.886719 0.272656 0.885742 0.272656 0.885254 0.271484 0.883789 0.271484 0.883301 0.271094 0.882812 0.271094 0.882324 0.269922 0.880859 0.269922 0.880371 0.26875 0.878906 0.267578 0.878906 0.266406 0.877441
1 0.267188 0.897949 0.266797 0.898438 0.266406 0.898438 0.266016 0.898926 0.265625 0.898926 0.264844 0.899902 0.264062 0.899902 0.262891 0.901367 0.262891 0.903809 0.263281 0.904297 0.263281 0.904785 0.263672 0.905273 0.263672 0.905762 0.264062 0.90625 0.264062 0.906738 0.267188 0.910645 0.267578 0.910645 0.268359 0.911621 0.269141 0.911621 0.269922 0.912598 0.270313 0.912598 0.271094 0.913574 0.271484 0.913574 0.271875 0.914062 0.272266 0.914062 0.272656 0.914551 0.273438 0.914551 0.273828 0.915039 0.278125 0.915039 0.278516 0.914551 0.279297 0.914551 0.279687 0.914062 0.282031 0.914062 0.282422 0.914551 0.282813 0.914551 0.283594 0.915527 0.283984 0.915527 0.285938 0.917969 0.2875 0.917969 0.288672 0.916504 0.288672 0.913574 0.285156 0.90918 0.284766 0.90918 0.283594 0.907715 0.283203 0.907715 0.282813 0.907227 0.282813 0.906738 0.280859 0.904297 0.280469 0.904297 0.279297 0.902832 0.278906 0.902832 0.278125 0.901855 0.277734 0.901855 0.277344 0.901367 0.276953 0.901367 0.276172 0.900391 0.275781 0.900391 0.275391 0.899902 0.274609 0.899902 0.274219 0.899414 0.273828 0.899414 0.273438 0.898926 0.273047 0.898926 0.272656 0.898438 0.272266 0.898438 0.271875 0.897949
1 0.247656 0.91748 0.244922 0.920898 0.244922 0.921387 0.24375 0.922852 0.24375 0.923828 0.243359 0.924316 0.243359 0.924805 0.242969 0.925293 0.242969 0.92627 0.242578 0.926758 0.242578 0.935547 0.242969 0.936035 0.242969 0.9375 0.24375 0.938477 0.24375 0.938965 0.245703 0.941406 0.248047 0.941406 0.249609 0.939453 0.249609 0.938965 0.250391 0.937988 0.250391 0.937012 0.251172 0.936035 0.251172 0.93457 0.251563 0.934082 0.251563 0.931152 0.251953 0.930664 0.251953 0.928711 0.252344 0.928223 0.252344 0.927246 0.252734 0.926758 0.252734 0.92627 0.253125 0.925781 0.253125 0.924805 0.253906 0.923828 0.253906 0.919434 0.252344 0.91748
1 0.237891 0.890137 0.2375 0.890625 0.237109 0.890625 0.235156 0.893066 0.234766 0.893066 0.233594 0.894531 0.233594 0.89502 0.231641 0.897461 0.231641 0.897949 0.23125 0.898438 0.23125 0.899902 0.230859 0.900391 0.230859 0.901855 0.230469 0.902344 0.230469 0.905273 0.230078 0.905762 0.230078 0.912109 0.230469 0.912598 0.230469 0.913086 0.230859 0.913574 0.230859 0.914062 0.232031 0.915527 0.236328 0.915527 0.237891 0.913574 0.237891 0.913086 0.239063 0.911621 0.239063 0.911133 0.239453 0.910645 0.239453 0.910156 0.239844 0.909668 0.239844 0.90918 0.240234 0.908691 0.240234 0.908203 0.240625 0.907715 0.240625 0.907227 0.241016 0.906738 0.241016 0.905273 0.241406 0.904785 0.241406 0.903809 0.241797 0.90332 0.241797 0.901855 0.242188 0.901367 0.242188 0.900879 0.242578 0.900391 0.242578 0.898926 0.242969 0.898438 0.242969 0.897461 0.243359 0.896973 0.243359 0.895508 0.24375 0.89502 0.24375 0.892578 0.242578 0.891113 0.241797 0.891113 0.241406 0.890625 0.240234 0.890625 0.239844 0.890137
1 0.224219 0.862305 0.223828 0.862793 0.223438 0.862793 0.223047 0.863281 0.222656 0.863281 0.222266 0.86377 0.221875 0.86377 0.219922 0.866211 0.219922 0.866699 0.219531 0.867188 0.219531 0.868164 0.219141 0.868652 0.219141 0.875 0.219531 0.875488 0.219531 0.876465 0.220703 0.87793 0.221094 0.87793 0.221875 0.878906 0.222266 0.878906 0.223047 0.879883 0.223438 0.879883 0.223828 0.880371 0.224219 0.880371 0.226562 0.883301 0.226953 0.883301 0.228125 0.884766 0.228516 0.884766 0.229297 0.885742 0.229687 0.885742 0.230469 0.886719 0.231641 0.886719 0.232031 0.887207 0.232422 0.887207 0.232813 0.887695 0.235937 0.887695 0.237891 0.885254 0.237891 0.884277 0.238281 0.883789 0.238281 0.882812 0.238672 0.882324 0.238672 0.881348 0.239063 0.880859 0.239063 0.880371 0.239453 0.879883 0.239453 0.875 0.239063 0.874512 0.239063 0.873535 0.235547 0.869141 0.235156 0.869141 0.233984 0.867676 0.233594 0.867676 0.232813 0.866699 0.232422 0.866699 0.232031 0.866211 0.231641 0.866211 0.23125 0.865723 0.230859 0.865723 0.230078 0.864746 0.229687 0.864746 0.229297 0.864258 0.228906 0.864258 0.228516 0.86377 0.227734 0.86377 0.227344 0.863281 0.226953 0.863281 0.226172 0.862305
1 0.296484 0.870605 0.294531 0.873047 0.294531 0.873535 0.294141 0.874023 0.294141 0.881836 0.294531 0.882324 0.294531 0.883789 0.294922 0.884277 0.294922 0.884766 0.295312 0.885254 0.295312 0.886719 0.295703 0.887207 0.295703 0.888184 0.296094 0.888672 0.296094 0.889648 0.296484 0.890137 0.296484 0.895996 0.297656 0.897461 0.299219 0.897461 0.300781 0.895508 0.300781 0.89502 0.301172 0.894531 0.301172 0.894043 0.301563 0.893555 0.301563 0.893066 0.301953 0.892578 0.301953 0.89209 0.302734 0.891113 0.302734 0.890625 0.303516 0.889648 0.303516 0.888672 0.303906 0.888184 0.303906 0.875977 0.303516 0.875488 0.303516 0.874512 0.300781 0.871094 0.300391 0.871094 0.3 0.870605
1 0.260937 0.960938 0.260547 0.961426 0.259375 0.961426 0.258984 0.961914 0.258594 0.961914 0.258203 0.962402 0.257422 0.962402 0.257031 0.962891 0.256641 0.962891 0.25625 0.963379 0.255859 0.963379 0.254688 0.964844 0.254297 0.964844 0.253516 0.96582 0.253125 0.96582 0.249609 0.970215 0.249609 0.970703 0.248828 0.97168 0.248828 0.975586 0.25 0.977051 0.251953 0.977051 0.252344 0.976562 0.253125 0.976562 0.253516 0.976074 0.253906 0.976074 0.254297 0.975586 0.25625 0.975586 0.256641 0.975098 0.2625 0.975098 0.262891 0.975586 0.264062 0.975586 0.264453 0.976074 0.265625 0.976074 0.266016 0.976562 0.266406 0.976562 0.267578 0.978027 0.270703 0.978027 0.271094 0.977539 0.271484 0.977539 0.273438 0.975098 0.273438 0.973633 0.273828 0.973145 0.273828 0.969727 0.273438 0.969238 0.273438 0.968262 0.271484 0.96582 0.271484 0.965332 0.270313 0.963867 0.269922 0.963867 0.269531 0.963379 0.269141 0.963379 0.26875 0.962891 0.268359 0.962891 0.267969 0.962402 0.267188 0.962402 0.266797 0.961914 0.266406 0.961914 0.266016 0.961426 0.264844 0.961426 0.264453 0.960938
1 0.269141 0.979492 0.267969 0.980957 0.267969 0.987305 0.26875 0.988281 0.26875 0.98877 0.271484 0.992188 0.271875 0.992188 0.272266 0.992676 0.272656 0.992676 0.273047 0.993164 0.273438 0.993164 0.273828 0.993652 0.277734 0.993652 0.278516 0.992676 0.278906 0.992676 0.281641 0.989258 0.281641 0.984375 0.280078 0.982422 0.279297 0.982422 0.278906 0.981934 0.276562 0.981934 0.276172 0.981445 0.274609 0.981445 0.274219 0.980957 0.273828 0.980957 0.273438 0.980469 0.273047 0.980469 0.272656 0.97998 0.271094 0.97998 0.270703 0.979492
1 0.214062 0.993164 0.211719 0.996094 0.211719 0.996582 0.211328 0.99707 0.211328 0.999512 0.225781 0.999512 0.224219 0.997559 0.223828 0.997559 0.223047 0.996582 0.222656 0.996582 0.221484 0.995117 0.220312 0.995117 0.219531 0.994141 0.21875 0.994141 0.218359 0.993652 0.217969 0.993652 0.217578 0.993164
1 0.1625 0.876465 0.161719 0.877441 0.161328 0.877441 0.160156 0.878906 0.160156 0.879883 0.159766 0.880371 0.159766 0.883789 0.160156 0.884277 0.160156 0.885254 0.160547 0.885742 0.160547 0.88623 0.160938 0.886719 0.160938 0.888184 0.161328 0.888672 0.161328 0.890137 0.161719 0.890625 0.161719 0.89502 0.162109 0.895508 0.162109 0.895996 0.161719 0.896484 0.161719 0.899414 0.162891 0.900879 0.164844 0.900879 0.165234 0.900391 0.165625 0.900391 0.166406 0.899414 0.166797 0.899414 0.169531 0.895996 0.169531 0.895508 0.170313 0.894531 0.170313 0.894043 0.171094 0.893066 0.171094 0.892578 0.171484 0.89209 0.171484 0.891113 0.171875 0.890625 0.171875 0.889648 0.172266 0.88916 0.172266 0.884766 0.171484 0.883789 0.171484 0.883301 0.169141 0.880371 0.16875 0.880371 0.166797 0.87793 0.166016 0.87793 0.165625 0.877441 0.164844 0.877441 0.164062 0.876465
1 0.150391 0.852051 0.149609 0.853027 0.149219 0.853027 0.147266 0.855469 0.147266 0.859375 0.147656 0.859863 0.147656 0.860352 0.148828 0.861816 0.149219 0.861816 0.15 0.862793 0.150391 0.862793 0.154297 0.867676 0.154688 0.867676 0.157031 0.870605 0.157812 0.870605 0.158594 0.871582 0.158984 0.871582 0.159375 0.87207 0.160156 0.87207 0.160547 0.872559 0.160938 0.872559 0.161328 0.873047 0.166016 0.873047 0.167187 0.871582 0.167187 0.871094 0.167578 0.870605 0.167578 0.866699 0.167187 0.866211 0.167187 0.865723 0.166797 0.865234 0.166797 0.864746 0.164062 0.861328 0.163672 0.861328 0.160547 0.857422 0.160156 0.857422 0.157031 0.853516 0.156641 0.853516 0.15625 0.853027 0.155859 0.853027 0.155469 0.852539 0.154688 0.852539 0.154297 0.852051
0 0.163672 0.806152 0.163281 0.806641 0.162891 0.806641 0.1625 0.807129 0.162109 0.807129 0.161719 0.807617 0.160547 0.807617 0.159766 0.808594 0.158984 0.808594 0.158594 0.809082 0.158203 0.809082 0.157812 0.80957 0.156641 0.80957 0.153906 0.812988 0.153906 0.816406 0.154688 0.817383 0.154688 0.817871 0.155859 0.819336 0.15625 0.819336 0.156641 0.819824 0.157031 0.819824 0.157422 0.820312 0.158203 0.820312 0.158594 0.820801 0.159766 0.820801 0.160156 0.821289 0.167969 0.821289 0.168359 0.820801 0.169531 0.820801 0.169922 0.820312 0.170703 0.820312 0.171094 0.819824 0.171484 0.819824 0.171875 0.819336 0.172266 0.819336 0.173828 0.817383 0.173828 0.816895 0.175 0.81543 0.175 0.814941 0.175391 0.814453 0.175391 0.811523 0.172656 0.808105 0.171484 0.808105 0.171094 0.807617 0.170703 0.807617 0.170313 0.807129 0.169531 0.807129 0.169141 0.806641 0.165625 0.806641 0.165234 0.806152
1 0.0136719 0.944824 0.0132812 0.945312 0.0125 0.945312 0.0105469 0.947754 0.0105469 0.954102 0.0109375 0.95459 0.0109375 0.955078 0.0113281 0.955566 0.0113281 0.956055 0.0117188 0.956543 0.0117188 0.957031 0.0132812 0.958984 0.0132812 0.959473 0.01875 0.966309 0.0191406 0.966309 0.0195312 0.966797 0.0199219 0.966797 0.0203125 0.967285 0.0207031 0.967285 0.0210938 0.967773 0.0261719 0.967773 0.0265625 0.967285 0.0269531 0.967285 0.0285156 0.965332 0.0285156 0.964844 0.0289063 0.964355 0.0289063 0.963867 0.0292969 0.963379 0.0292969 0.958984 0.0285156 0.958008 0.0285156 0.95752 0.028125 0.957031 0.028125 0.956543 0.0253906 0.953125 0.0253906 0.952637 0.021875 0.948242 0.0214844 0.948242 0.0207031 0.947266 0.0203125 0.947266 0.0191406 0.945801 0.01875 0.945801 0.0183594 0.945312 0.0175781 0.945312 0.0171875 0.944824
1 0 0.605469 0 0.629883 0.0015625 0.631836 0.00546875 0.631836 0.00664062 0.630371 0.00664062 0.625977 0.00625 0.625488 0.00625 0.625 0.00585938 0.624512 0.00585938 0.624023 0.00546875 0.623535 0.00546875 0.622559 0.00507813 0.62207 0.00507813 0.614258 0.0046875 0.61377 0.0046875 0.612305 0.00429688 0.611816 0.00429688 0.61084 0.00351563 0.609863 0.00351563 0.609375 0.003125 0.608887 0.003125 0.608398 0.00078125 0.605469
2 0.0296875 0.0668945 0.0292969 0.0673828 0.0285156 0.0673828 0.028125 0.0678711 0.0273438 0.0678711 0.0269531 0.0683594 0.0265625 0.0683594 0.0238281 0.0717773 0.0238281 0.0722656 0.0234375 0.0727539 0.0234375 0.0732422 0.0230469 0.0737305 0.0230469 0.0742188 0.0226562 0.074707 0.0226562 0.0800781 0.0230469 0.0805664 0.0230469 0.0810547 0.0242188 0.0825195 0.0246094 0.0825195 0.025 0.0830078 0.0257812 0.0830078 0.0261719 0.0834961 0.0277344 0.0834961 0.028125 0.0839844 0.0320312 0.0839844 0.0328125 0.0830078 0.0332031 0.0830078 0.034375 0.081543 0.034375 0.0810547 0.0351562 0.0800781 0.0351562 0.0795898 0.0355469 0.0791016 0.0355469 0.0786133 0.0359375 0.078125 0.0359375 0.0727539 0.0355469 0.0722656 0.0355469 0.0717773 0.0335937 0.0693359 0.0332031 0.0693359 0.0328125 0.0688477 0.0328125 0.0683594 0.0316406 0.0668945
2 0.232813 0.0644531 0.232422 0.0649414 0.232031 0.0649414 0.231641 0.0654297 0.23125 0.0654297 0.230078 0.0668945 0.230078 0.0673828 0.229687 0.0678711 0.229687 0.0712891 0.233203 0.0756836 0.233594 0.0756836 0.234375 0.0766602 0.234766 0.0766602 0.235547 0.0776367 0.236328 0.0776367 0.236719 0.078125 0.245312 0.078125 0.245703 0.0776367 0.246094 0.0776367 0.246484 0.0771484 0.246875 0.0771484 0.247266 0.0766602 0.247656 0.0766602 0.248047 0.0761719 0.248438 0.0761719 0.251172 0.0727539 0.251172 0.0698242 0.249219 0.0673828 0.247656 0.0673828 0.247266 0.0668945 0.246094 0.0668945 0.245703 0.0664062 0.244141 0.0664062 0.24375 0.065918 0.242188 0.065918 0.241797 0.0654297 0.241406 0.0654297 0.241016 0.0649414 0.236719 0.0649414 0.236328 0.0644531
2 0.577344 0.0419922 0.576953 0.0424805 0.576172 0.0424805 0.573438 0.0458984 0.573438 0.0463867 0.572656 0.0473633 0.572656 0.0478516 0.572266 0.0483398 0.572266 0.0488281 0.571875 0.0493164 0.571875 0.050293 0.570703 0.0517578 0.570703 0.0532227 0.570312 0.0537109 0.570312 0.0605469 0.570703 0.0610352 0.570703 0.0615234 0.571484 0.0625 0.571484 0.0629883 0.573047 0.0649414 0.575 0.0649414 0.576562 0.0629883 0.576562 0.0620117 0.576953 0.0615234 0.576953 0.0605469 0.577344 0.0600586 0.577344 0.059082 0.577734 0.0585938 0.577734 0.0571289 0.578125 0.0566406 0.578125 0.0561523 0.578516 0.0556641 0.578516 0.0551758 0.578906 0.0546875 0.578906 0.0541992 0.579297 0.0537109 0.579297 0.0532227 0.579688 0.0527344 0.579688 0.0522461 0.580078 0.0517578 0.580078 0.0512695 0.580859 0.050293 0.580859 0.0498047 0.581641 0.0488281 0.581641 0.0473633 0.582031 0.046875 0.582031 0.043457 0.580859 0.0419922
2 0.58125 0.0322266 0.579688 0.0341797 0.579688 0.0361328 0.580078 0.0366211 0.580078 0.0371094 0.580859 0.0380859 0.580859 0.0385742 0.58125 0.0390625 0.58125 0.0395508 0.581641 0.0400391 0.581641 0.0405273 0.582031 0.0410156 0.582031 0.0415039 0.582422 0.0419922 0.582422 0.0429688 0.582812 0.043457 0.582812 0.0439453 0.583203 0.0444336 0.583203 0.0473633 0.583594 0.0478516 0.583594 0.0522461 0.583984 0.0527344 0.583984 0.0541992 0.584375 0.0546875 0.584375 0.0551758 0.584766 0.0556641 0.584766 0.0561523 0.585156 0.0566406 0.585156 0.0571289 0.586328 0.0585938 0.586328 0.059082 0.5875 0.0605469 0.587891 0.0605469 0.589063 0.0620117 0.589453 0.0620117 0.589844 0.0625 0.592969 0.0625 0.594141 0.0610352 0.594141 0.059082 0.591797 0.0561523 0.591797 0.0556641 0.591406 0.0551758 0.591406 0.0546875 0.591016 0.0541992 0.591016 0.0532227 0.590625 0.0527344 0.590625 0.0463867 0.590234 0.0458984 0.590234 0.043457 0.589844 0.0429688 0.589844 0.0410156 0.589453 0.0405273 0.589453 0.0400391 0.589063 0.0395508 0.589063 0.0380859 0.588281 0.0371094 0.588281 0.0366211 0.585156 0.0327148 0.584766 0.0327148 0.584375 0.0322266
1 0.642188 0.0771484 0.640625 0.0791016 0.640625 0.0810547 0.640234 0.081543 0.640234 0.0839844 0.639844 0.0844727 0.639844 0.0859375 0.639453 0.0864258 0.639453 0.0883789 0.639062 0.0888672 0.639062 0.0986328 0.639453 0.0991211 0.639453 0.100586 0.639844 0.101074 0.639844 0.101562 0.641406 0.103516 0.641797 0.103516 0.64375 0.105957 0.644141 0.105957 0.644531 0.106445 0.646875 0.106445 0.647266 0.105957 0.647656 0.105957 0.649219 0.104004 0.649219 0.103516 0.65 0.102539 0.65 0.101074 0.650391 0.100586 0.650391 0.0927734 0.65 0.0922852 0.65 0.0913086 0.649609 0.0908203 0.649609 0.090332 0.649219 0.0898438 0.649219 0.0893555 0.648828 0.0888672 0.648828 0.0878906 0.648438 0.0874023 0.648438 0.0869141 0.648047 0.0864258 0.648047 0.0854492 0.647266 0.0844727 0.647266 0.0834961 0.646484 0.0825195 0.646484 0.081543 0.646094 0.0810547 0.646094 0.0791016 0.644531 0.0771484
2 0.632812 0.0766602 0.632422 0.0771484 0.630859 0.0771484 0.630469 0.0776367 0.630078 0.0776367 0.629687 0.078125 0.628906 0.078125 0.628516 0.0786133 0.628125 0.0786133 0.627734 0.0791016 0.626953 0.0791016 0.626563 0.0795898 0.625391 0.0795898 0.625 0.0800781 0.623828 0.0800781 0.623437 0.0805664 0.623047 0.0805664 0.621875 0.0820312 0.621875 0.0839844 0.623047 0.0854492 0.630469 0.0854492 0.630859 0.0849609 0.635156 0.0849609 0.635547 0.0844727 0.637109 0.0844727 0.6375 0.0839844 0.637891 0.0839844 0.639844 0.081543 0.639844 0.078125 0.638672 0.0766602
2 0.632422 0.0639648 0.630078 0.0668945 0.630078 0.0688477 0.630469 0.0693359 0.630469 0.0698242 0.633203 0.0732422 0.633594 0.0732422 0.633984 0.0737305 0.634375 0.0737305 0.634766 0.0742188 0.635156 0.0742188 0.635547 0.074707 0.635938 0.074707 0.636328 0.0751953 0.636719 0.0751953 0.637109 0.0756836 0.637891 0.0756836 0.638281 0.0761719 0.642188 0.0761719 0.64375 0.0742188 0.64375 0.0698242 0.643359 0.0693359 0.643359 0.0688477 0.641797 0.0668945 0.641406 0.0668945 0.641016 0.0664062 0.639844 0.0664062 0.639453 0.065918 0.638672 0.065918 0.638281 0.0654297 0.637109 0.0654297 0.636328 0.0644531 0.635547 0.0644531 0.635156 0.0639648
1 0.612109 0 0.612109 0.00292969 0.6125 0.00341797 0.6125 0.0078125 0.612891 0.00830078 0.612891 0.00927734 0.613281 0.00976562 0.613281 0.0102539 0.614062 0.0112305 0.614062 0.0117188 0.614453 0.012207 0.614453 0.0126953 0.617578 0.0166016 0.617969 0.0166016 0.618359 0.0170898 0.61875 0.0170898 0.619141 0.0175781 0.624609 0.0175781 0.625 0.0170898 0.625391 0.0170898 0.626953 0.0151367 0.626953 0.0146484 0.627344 0.0141602 0.627344 0.00683594 0.626953 0.00634766 0.626953 0.00585938 0.626172 0.00488281 0.626172 0.00439453 0.625391 0.00341797 0.625391 0.00292969 0.624609 0.00195312 0.624609 0.00146484 0.623828 0.000488281 0.623828 0
0 0.695703 0.0126953 0.695312 0.0131836 0.694531 0.0131836 0.694141 0.0136719 0.691406 0.0136719 0.691016 0.0141602 0.690625 0.0141602 0.690234 0.0146484 0.689844 0.0146484 0.689453 0.0151367 0.689063 0.0151367 0.688672 0.015625 0.688281 0.015625 0.686719 0.0175781 0.686328 0.0175781 0.683594 0.0209961 0.683594 0.0214844 0.682813 0.0224609 0.682813 0.0234375 0.682422 0.0239258 0.682422 0.0273438 0.683594 0.0288086 0.683984 0.0288086 0.684375 0.0292969 0.691016 0.0292969 0.692187 0.027832 0.693359 0.027832 0.694922 0.0258789 0.695312 0.0258789 0.7 0.0200195 0.7 0.0141602 0.698828 0.0126953
1 0.708203 0 0.707812 0.000488281 0.707812 0.00146484 0.707422 0.00195312 0.707422 0.00634766 0.707812 0.00683594 0.707812 0.00878906 0.708984 0.0102539 0.709375 0.0102539 0.709766 0.0107422 0.712109 0.0107422 0.7125 0.0102539 0.713672 0.0102539 0.714063 0.00976562 0.714844 0.00976562 0.715234 0.00927734 0.716016 0.00927734 0.716797 0.00830078 0.717187 0.00830078 0.720313 0.00439453 0.720313 0.00390625 0.720703 0.00341797 0.720703 0
2 0.71875 0.00390625 0.716406 0.00683594 0.716406 0.0107422 0.716016 0.0112305 0.716016 0.0219727 0.716406 0.0224609 0.716406 0.0229492 0.716797 0.0234375 0.716797 0.0249023 0.719141 0.027832 0.721875 0.027832 0.723047 0.0263672 0.723437 0.0263672 0.724219 0.0253906 0.724609 0.0253906 0.726172 0.0234375 0.726172 0.0229492 0.726953 0.0219727 0.726953 0.0126953 0.726562 0.012207 0.726562 0.0117188 0.726172 0.0112305 0.726172 0.0107422 0.725781 0.0102539 0.725781 0.00976562 0.724609 0.00830078 0.724609 0.0078125 0.721875 0.00439453 0.721484 0.00439453 0.721094 0.00390625
2 0.746094 0.114258 0.744531 0.116211 0.744531 0.118652 0.744922 0.119141 0.744922 0.119629 0.745313 0.120117 0.745313 0.120605 0.746484 0.12207 0.746875 0.12207 0.747266 0.122559 0.747266 0.123047 0.748047 0.124023 0.748047 0.124512 0.748437 0.125 0.748437 0.125488 0.748828 0.125977 0.748828 0.126465 0.749219 0.126953 0.749219 0.127441 0.752344 0.131348 0.752344 0.131836 0.753516 0.133301 0.753906 0.133301 0.754297 0.133789 0.758594 0.133789 0.759766 0.132324 0.759766 0.131836 0.760547 0.130859 0.760547 0.124512 0.760156 0.124023 0.760156 0.123535 0.759766 0.123047 0.759766 0.122559 0.756641 0.118652 0.75625 0.118652 0.755469 0.117676 0.755078 0.117676 0.754297 0.116699 0.753906 0.116699 0.753516 0.116211 0.753125 0.116211 0.752734 0.115723 0.751563 0.115723 0.751172 0.115234 0.750391 0.115234 0.75 0.114746 0.749609 0.114746 0.749219 0.114258
2 0.741406 0.0332031 0.741016 0.0336914 0.740625 0.0336914 0.740234 0.0341797 0.739844 0.0341797 0.738672 0.0356445 0.737891 0.0356445 0.736328 0.0375977 0.735547 0.0375977 0.733203 0.0405273 0.733203 0.0410156 0.732422 0.0419922 0.732422 0.0424805 0.732031 0.0429688 0.732031 0.0439453 0.731641 0.0444336 0.731641 0.0449219 0.730859 0.0458984 0.730859 0.0473633 0.730469 0.0478516 0.730469 0.0498047 0.730078 0.050293 0.730078 0.0537109 0.73125 0.0551758 0.733594 0.0551758 0.734375 0.0541992 0.735156 0.0541992 0.736328 0.0527344 0.736719 0.0527344 0.737109 0.0522461 0.7375 0.0522461 0.737891 0.0517578 0.738281 0.0517578 0.739062 0.0507812 0.739453 0.0507812 0.739844 0.050293 0.740234 0.050293 0.742188 0.0478516 0.742578 0.0478516 0.742969 0.0473633 0.74375 0.0473633 0.744922 0.0458984 0.744922 0.0454102 0.746484 0.043457 0.746484 0.0429688 0.747266 0.0419922 0.747266 0.0410156 0.747656 0.0405273 0.747656 0.0356445 0.745703 0.0332031
2 0.988672 0.191406 0.986328 0.194336 0.986328 0.199219 0.987109 0.200195 0.987109 0.200684 0.9875 0.201172 0.9875 0.20166 0.990234 0.205078 0.990625 0.205078 0.991016 0.205566 0.991406 0.205566 0.992578 0.207031 0.993359 0.207031 0.994531 0.208496 0.994922 0.208496 0.995313 0.208984 0.995703 0.208984 0.996094 0.209473 0.996484 0.209473 0.996875 0.209961 0.997266 0.209961 0.997656 0.210449 0.999219 0.210449 0.999609 0.210938 0.999609 0.194824 0.998828 0.194824 0.998437 0.194336 0.996875 0.194336 0.996484 0.193848 0.995703 0.193848 0.995313 0.193359 0.994531 0.193359 0.994141 0.192871 0.993359 0.192871 0.992969 0.192383 0.992578 0.192383 0.992188 0.191895 0.991406 0.191895 0.991016 0.191406
2 0.744141 0.078125 0.74375 0.0786133 0.742578 0.0786133 0.742188 0.0791016 0.741406 0.0791016 0.741016 0.0795898 0.740625 0.0795898 0.740234 0.0800781 0.739844 0.0800781 0.739453 0.0805664 0.739062 0.0805664 0.738672 0.0810547 0.738281 0.0810547 0.737891 0.081543 0.7375 0.081543 0.737109 0.0820312 0.736719 0.0820312 0.736328 0.0825195 0.735938 0.0825195 0.733594 0.0854492 0.733594 0.0878906 0.734766 0.0893555 0.735938 0.0893555 0.736328 0.0898438 0.743359 0.0898438 0.74375 0.0893555 0.748437 0.0893555 0.748828 0.0888672 0.750391 0.0888672 0.751172 0.0878906 0.751563 0.0878906 0.752734 0.0864258 0.752734 0.0825195 0.751563 0.0810547 0.750391 0.0810547 0.75 0.0805664 0.75 0.0800781 0.748828 0.0786133 0.747656 0.0786133 0.747266 0.078125
