1 0.663672 0.0805664 0.662891 0.081543 0.662891 0.0869141 0.663281 0.0874023 0.663281 0.0878906 0.663672 0.0883789 0.663672 0.0898438 0.664062 0.090332 0.664062 0.0913086 0.664453 0.0917969 0.664453 0.0922852 0.664844 0.0927734 0.664844 0.0932617 0.665625 0.0942383 0.665625 0.0947266 0.666797 0.0961914 0.667188 0.0961914 0.667969 0.097168 0.667969 0.0976562 0.670312 0.100586 0.670312 0.101074 0.671484 0.102539 0.672266 0.102539 0.673047 0.103516 0.673047 0.104004 0.674219 0.105469 0.675 0.105469 0.675391 0.105957 0.675391 0.106445 0.676562 0.10791 0.677344 0.10791 0.678906 0.109863 0.679688 0.109863 0.680078 0.110352 0.680469 0.110352 0.686328 0.117676 0.686719 0.117676 0.688672 0.120117 0.689063 0.120117 0.689453 0.120605 0.689844 0.120605 0.691016 0.12207 0.691406 0.12207 0.692578 0.123535 0.692578 0.125488 0.69375 0.126953 0.694531 0.126953 0.694922 0.127441 0.694922 0.128418 0.696094 0.129883 0.696484 0.129883 0.697266 0.130859 0.697266 0.131836 0.697656 0.132324 0.697656 0.133301 0.698047 0.133789 0.698047 0.134766 0.698438 0.135254 0.698438 0.13916 0.698828 0.139648 0.698828 0.141602 0.699219 0.14209 0.699219 0.143555 0.7 0.144531 0.7 0.152344 0.700391 0.152832 0.700391 0.154297 0.701172 0.155273 0.701172 0.157715 0.701562 0.158203 0.701562 0.165039 0.702344 0.166016 0.702344 0.16748 0.702734 0.167969 0.702734 0.168945 0.703516 0.169922 0.703516 0.171387 0.704297 0.172363 0.704297 0.173828 0.704688 0.174316 0.704688 0.175781 0.705859 0.177246 0.705859 0.181641 0.70625 0.182129 0.70625 0.183105 0.706641 0.183594 0.706641 0.18457 0.707031 0.185059 0.707031 0.189941 0.707812 0.190918 0.707812 0.191895 0.708984 0.193359 0.708984 0.195801 0.710156 0.197266 0.710156 0.19873 0.710938 0.199707 0.710938 0.201172 0.711328 0.20166 0.711328 0.202148 0.712109 0.203125 0.712109 0.205078 0.7125 0.205566 0.7125 0.208008 0.713281 0.208984 0.713281 0.209961 0.713672 0.210449 0.713672 0.211426 0.714063 0.211914 0.714063 0.212402 0.714453 0.212891 0.714453 0.217285 0.715625 0.21875 0.715625 0.220215 0.716406 0.221191 0.716406 0.223633 0.716797 0.224121 0.716797 0.225586 0.717578 0.226562 0.717578 0.227051 0.717969 0.227539 0.717969 0.228027 0.718359 0.228516 0.718359 0.229004 0.719141 0.22998 0.719141 0.230469 0.719531 0.230957 0.719531 0.231445 0.720313 0.232422 0.720313 0.23291 0.721094 0.233887 0.721094 0.234863 0.721484 0.235352 0.721484 0.23584 0.722266 0.236816 0.722266 0.237305 0.722656 0.237793 0.722656 0.238281 0.723437 0.239258 0.723437 0.239746 0.724219 0.240723 0.724219 0.246582 0.725 0.247559 0.725 0.248047 0.725391 0.248535 0.725391 0.25 0.725 0.250488 0.725 0.250977 0.724609 0.251465 0.724609 0.252441 0.724219 0.25293 0.724219 0.254395 0.723047 0.255859 0.723047 0.256836 0.722656 0.257324 0.722656 0.257812 0.722266 0.258301 0.722266 0.259277 0.721875 0.259766 0.721875 0.276855 0.723047 0.27832 0.723828 0.27832 0.724219 0.278809 0.724219 0.309082 0.724609 0.30957 0.724609 0.310059 0.725 0.310059 0.726172 0.311523 0.728125 0.311523 0.729297 0.310059 0.729297 0.308105 0.728125 0.306641 0.728125 0.304199 0.727734 0.303711 0.728125 0.303223 0.728125 0.30127 0.727734 0.300781 0.727734 0.299805 0.728125 0.299316 0.728125 0.297363 0.727734 0.296875 0.727734 0.296387 0.728125 0.295898 0.728125 0.293945 0.727734 0.293457 0.727734 0.292969 0.728125 0.29248 0.728125 0.281738 0.727734 0.28125 0.728125 0.280762 0.728125 0.278809 0.727734 0.27832 0.727734 0.276855 0.728125 0.276367 0.728125 0.266602 0.727734 0.266113 0.727734 0.264648 0.728125 0.26416 0.728125 0.262695 0.728906 0.261719 0.728906 0.26123 0.729297 0.260742 0.729297 0.258789 0.730078 0.257812 0.730078 0.255859 0.730859 0.254883 0.730859 0.251465 0.73125 0.250977 0.73125 0.250488 0.732031 0.249512 0.732031 0.248535 0.732422 0.248047 0.732422 0.243652 0.733203 0.242676 0.733203 0.224609 0.732422 0.223633 0.732422 0.22168 0.732031 0.221191 0.732031 0.220703 0.731641 0.220215 0.731641 0.219727 0.73125 0.219238 0.73125 0.216797 0.730859 0.216309 0.730859 0.213867 0.730078 0.212891 0.730078 0.211426 0.729297 0.210449 0.729297 0.208984 0.728125 0.20752 0.728125 0.206055 0.726953 0.20459 0.726953 0.203125 0.726562 0.202637 0.726562 0.202148 0.725781 0.201172 0.725781 0.196777 0.724219 0.194824 0.724609 0.194336 0.724609 0.192383 0.725 0.191895 0.725 0.18457 0.724609 0.184082 0.724609 0.180176 0.723828 0.179199 0.723828 0.177734 0.723437 0.177246 0.723437 0.175293 0.723047 0.174805 0.723437 0.174316 0.723437 0.169922 0.720703 0.166504 0.720703 0.164551 0.719531 0.163086 0.719531 0.162598 0.719141 0.162109 0.719141 0.161133 0.71875 0.160645 0.71875 0.159668 0.718359 0.15918 0.718359 0.15625 0.717969 0.155762 0.717969 0.15332 0.717187 0.152344 0.717187 0.151855 0.716406 0.150879 0.716406 0.150391 0.716016 0.149902 0.716016 0.147949 0.714063 0.145508 0.714063 0.14502 0.713672 0.144531 0.713672 0.142578 0.713281 0.14209 0.713281 0.141602 0.712891 0.141113 0.712891 0.140137 0.7125 0.139648 0.7125 0.138672 0.710938 0.136719 0.710938 0.134766 0.709766 0.133301 0.709766 0.132812 0.708594 0.131348 0.708594 0.130859 0.708203 0.130371 0.708203 0.129883 0.707422 0.128906 0.707422 0.128418 0.706641 0.127441 0.706641 0.126953 0.705859 0.125977 0.705859 0.125488 0.705078 0.124512 0.705078 0.124023 0.703906 0.122559 0.703906 0.12207 0.703125 0.121094 0.703125 0.120605 0.702734 0.120117 0.702734 0.119629 0.701953 0.118652 0.701953 0.118164 0.701172 0.117188 0.701172 0.115234 0.700781 0.114746 0.700781 0.114258 0.699609 0.112793 0.699609 0.112305 0.698047 0.110352 0.698047 0.108887 0.696484 0.106934 0.696484 0.105957 0.695312 0.104492 0.694922 0.104492 0.693359 0.102539 0.693359 0.102051 0.692187 0.100586 0.691797 0.100586 0.691406 0.100098 0.690625 0.100098 0.690234 0.0996094 0.689844 0.0996094 0.689453 0.0991211 0.689063 0.0991211 0.687109 0.0966797 0.686719 0.0966797 0.684766 0.0942383 0.684375 0.0942383 0.683203 0.0927734 0.682422 0.0927734 0.682031 0.0922852 0.680859 0.0922852 0.680469 0.0917969 0.679688 0.0917969 0.678125 0.0898438 0.677734 0.0898438 0.676953 0.0888672 0.676562 0.0888672 0.676172 0.0883789 0.675781 0.0883789 0.675391 0.0878906 0.675 0.0878906 0.673828 0.0864258 0.673438 0.0864258 0.672656 0.0854492 0.672266 0.0854492 0.671484 0.0844727 0.671094 0.0844727 0.669922 0.0830078 0.669141 0.0830078 0.668359 0.0820312 0.667969 0.0820312 0.667578 0.081543 0.666406 0.081543 0.665625 0.0805664
2 0.800781 0.429688 0.8 0.430664 0.8 0.433594 0.802734 0.438477 0.805469 0.447754 0.812891 0.461426 0.817969 0.467773 0.819141 0.47168 0.825781 0.48291 0.826172 0.486816 0.828125 0.490723 0.829297 0.495117 0.834375 0.500977 0.841016 0.513672 0.840625 0.517578 0.843359 0.521484 0.84375 0.524902 0.845313 0.528809 0.846094 0.533691 0.848828 0.542969 0.851562 0.546875 0.854297 0.547363 0.85625 0.54248 0.855859 0.533203 0.854688 0.529297 0.853906 0.517578 0.85 0.502441 0.846875 0.497559 0.845313 0.487793 0.842187 0.481934 0.841016 0.477539 0.836328 0.470215 0.832031 0.466797 0.830078 0.463379 0.826953 0.455078 0.822266 0.450195 0.820312 0.449219 0.816797 0.442871 0.814063 0.439941 0.813672 0.435059 0.8125 0.433105 0.8125 0.431152 0.811328 0.428711 0.806641 0.42627 0.803906 0.428711
1 0.292969 0.895996 0.291797 0.897461 0.291016 0.897461 0.290234 0.898438 0.289453 0.898438 0.289062 0.898926 0.289062 0.899414 0.288672 0.899902 0.288672 0.900391 0.286719 0.902832 0.286719 0.914062 0.287891 0.915527 0.288281 0.915527 0.288672 0.916016 0.289062 0.916016 0.289453 0.916504 0.289844 0.916504 0.291016 0.917969 0.291016 0.918457 0.291406 0.918945 0.291406 0.919434 0.291797 0.919922 0.291797 0.92041 0.292969 0.921875 0.294141 0.921875 0.294531 0.922363 0.294922 0.922363 0.295312 0.922852 0.295312 0.92334 0.298438 0.927246 0.298828 0.927246 0.299609 0.928223 0.299609 0.928711 0.3 0.929199 0.3 0.929688 0.301172 0.931152 0.301953 0.931152 0.302344 0.931641 0.302734 0.931641 0.303516 0.932617 0.303906 0.932617 0.304688 0.933594 0.305078 0.933594 0.305859 0.93457 0.305859 0.935059 0.307031 0.936523 0.307422 0.936523 0.307812 0.937012 0.308203 0.937012 0.308984 0.937988 0.308984 0.938477 0.309375 0.938965 0.309375 0.939453 0.309766 0.939941 0.309766 0.94043 0.311328 0.942383 0.311719 0.942383 0.312891 0.943848 0.313281 0.943848 0.314844 0.945801 0.315234 0.945801 0.316406 0.947266 0.316797 0.947266 0.318359 0.949219 0.31875 0.949219 0.319922 0.950684 0.320312 0.950684 0.324609 0.956055 0.324609 0.95752 0.325781 0.958984 0.326172 0.958984 0.326562 0.959473 0.326953 0.959473 0.328125 0.960938 0.328125 0.961426 0.328906 0.962402 0.328906 0.962891 0.330078 0.964355 0.330469 0.964355 0.33125 0.965332 0.331641 0.965332 0.333203 0.967285 0.333203 0.967773 0.333984 0.96875 0.333984 0.969238 0.335547 0.971191 0.335938 0.971191 0.336328 0.97168 0.336328 0.972168 0.338672 0.975098 0.339062 0.975098 0.34375 0.980957 0.34375 0.981445 0.346875 0.985352 0.349219 0.985352 0.352344 0.989258 0.353516 0.989258 0.354297 0.990234 0.354297 0.992188 0.355469 0.993652 0.357031 0.993652 0.357812 0.994629 0.358203 0.994629 0.358594 0.995117 0.358984 0.995117 0.359766 0.996094 0.360156 0.996094 0.360547 0.996582 0.360938 0.996582 0.361328 0.99707 0.361719 0.99707 0.363672 0.999512 0.373437 0.999512 0.373047 0.999023 0.371484 0.999023 0.371094 0.998535 0.371094 0.998047 0.369922 0.996582 0.36875 0.996582 0.368359 0.996094 0.367578 0.996094 0.367188 0.995605 0.366406 0.995605 0.366016 0.995117 0.365625 0.995117 0.363281 0.992188 0.362891 0.992188 0.3625 0.991699 0.362109 0.991699 0.361328 0.990723 0.360938 0.990723 0.359375 0.98877 0.358594 0.98877 0.358203 0.988281 0.358203 0.987305 0.357812 0.986816 0.357812 0.986328 0.357422 0.98584 0.357031 0.98584 0.356641 0.985352 0.355859 0.985352 0.355469 0.984863 0.354687 0.984863 0.354297 0.984375 0.353906 0.984375 0.350781 0.980469 0.348438 0.980469 0.347656 0.979492 0.347656 0.979004 0.341406 0.971191 0.341016 0.971191 0.340234 0.970215 0.340234 0.96875 0.339062 0.967285 0.338672 0.967285 0.338281 0.966797 0.337891 0.966797 0.336719 0.965332 0.336719 0.964844 0.335938 0.963867 0.335938 0.963379 0.334766 0.961914 0.334375 0.961914 0.333594 0.960938 0.333203 0.960938 0.331641 0.958984 0.331641 0.958496 0.330859 0.95752 0.330859 0.957031 0.329297 0.955078 0.328906 0.955078 0.328516 0.95459 0.328516 0.954102 0.322266 0.946289 0.321875 0.946289 0.320703 0.944824 0.320312 0.944824 0.31875 0.942871 0.318359 0.942871 0.317188 0.941406 0.316797 0.941406 0.315234 0.939453 0.314844 0.939453 0.313281 0.9375 0.313281 0.937012 0.312891 0.936523 0.312891 0.936035 0.311328 0.934082 0.311328 0.933594 0.310547 0.932617 0.310156 0.932617 0.309766 0.932129 0.309766 0.931641 0.308594 0.930176 0.308203 0.930176 0.307422 0.929199 0.307031 0.929199 0.306641 0.928711 0.30625 0.928711 0.305859 0.928223 0.305469 0.928223 0.304688 0.927246 0.304297 0.927246 0.303125 0.925781 0.303125 0.925293 0.302734 0.924805 0.302734 0.924316 0.301953 0.92334 0.301563 0.92334 0.301172 0.922852 0.300781 0.922852 0.300391 0.922363 0.3 0.922363 0.299219 0.921387 0.299219 0.919922 0.298047 0.918457 0.297656 0.918457 0.297266 0.917969 0.296484 0.917969 0.296094 0.91748 0.295703 0.91748 0.294922 0.916504 0.294922 0.916016 0.291406 0.911621 0.291016 0.911621 0.290234 0.910645 0.290625 0.910156 0.290625 0.90625 0.291797 0.904785 0.291797 0.90332 0.292578 0.902344 0.29375 0.902344 0.294922 0.900879 0.298828 0.900879 0.299219 0.900391 0.3 0.900391 0.300391 0.900879 0.301953 0.900879 0.302344 0.900391 0.303516 0.900391 0.303906 0.900879 0.304688 0.900879 0.305859 0.902344 0.307031 0.902344 0.307812 0.90332 0.308203 0.90332 0.308594 0.903809 0.308594 0.904297 0.310156 0.90625 0.311328 0.90625 0.312109 0.907227 0.312109 0.907715 0.3125 0.908203 0.3125 0.908691 0.312891 0.90918 0.312891 0.909668 0.313281 0.910156 0.313281 0.911133 0.313672 0.911621 0.313672 0.912109 0.314453 0.913086 0.314453 0.913574 0.315234 0.914551 0.315234 0.915527 0.315625 0.916016 0.315625 0.916504 0.316016 0.916992 0.316016 0.91748 0.316406 0.917969 0.316406 0.918457 0.316797 0.918945 0.316797 0.919434 0.317188 0.919922 0.317188 0.92041 0.318359 0.921875 0.31875 0.921875 0.319141 0.922363 0.319141 0.922852 0.320703 0.924805 0.320703 0.928711 0.321484 0.929688 0.321484 0.931152 0.322656 0.932617 0.323047 0.932617 0.323437 0.933105 0.323828 0.933105 0.324219 0.933594 0.324219 0.934082 0.324609 0.93457 0.324609 0.936523 0.326953 0.939453 0.327344 0.939453 0.328906 0.941406 0.328906 0.941895 0.330078 0.943359 0.330469 0.943359 0.332031 0.945312 0.332031 0.945801 0.333203 0.947266 0.333594 0.947266 0.335547 0.949707 0.3375 0.949707 0.337891 0.950195 0.338672 0.950195 0.339062 0.950684 0.339453 0.950684 0.339844 0.951172 0.340625 0.951172 0.341016 0.95166 0.341797 0.95166 0.342187 0.952148 0.342578 0.952148 0.342969 0.952637 0.34375 0.952637 0.344141 0.953125 0.344531 0.953125 0.344922 0.953613 0.345313 0.953613 0.346094 0.95459 0.346094 0.955078 0.347266 0.956543 0.348828 0.956543 0.349219 0.956055 0.349609 0.956055 0.35 0.956543 0.35 0.95752 0.351172 0.958984 0.354297 0.958984 0.357422 0.962891 0.358594 0.962891 0.359766 0.964355 0.360156 0.964355 0.360547 0.964844 0.360938 0.964844 0.361328 0.965332 0.361719 0.965332 0.362891 0.966797 0.362891 0.968262 0.364063 0.969727 0.364453 0.969727 0.364844 0.970215 0.364844 0.970703 0.367188 0.973633 0.367188 0.975098 0.367578 0.975586 0.367969 0.975586 0.368359 0.976074 0.368359 0.976562 0.36875 0.977051 0.367969 0.978027 0.367969 0.981445 0.369141 0.98291 0.372656 0.98291 0.375781 0.986816 0.377344 0.986816 0.378516 0.985352 0.378516 0.984863 0.378906 0.984375 0.385547 0.984375 0.386328 0.985352 0.389844 0.985352 0.390234 0.984863 0.390625 0.985352 0.392969 0.985352 0.393359 0.984863 0.394141 0.984863 0.394531 0.985352 0.396094 0.985352 0.396484 0.984863 0.396875 0.985352 0.398438 0.985352 0.398828 0.98584 0.399219 0.98584 0.4 0.986816 0.401172 0.986816 0.401562 0.987305 0.402344 0.987305 0.403125 0.988281 0.403516 0.988281 0.404297 0.989258 0.404687 0.989258 0.405078 0.989746 0.405469 0.989746 0.40625 0.990723 0.407422 0.990723 0.408203 0.991699 0.408203 0.99707 0.407813 0.997559 0.407422 0.997559 0.407031 0.998047 0.406641 0.998047 0.406641 0.998535 0.405859 0.999512 0.412109 0.999512 0.412109 0.998047 0.411719 0.997559 0.411719 0.996582 0.412109 0.996094 0.412109 0.994141 0.411719 0.993652 0.412109 0.993164 0.412109 0.990723 0.411719 0.990234 0.411719 0.989258 0.411328 0.98877 0.411328 0.987305 0.410156 0.98584 0.408203 0.98584 0.407813 0.985352 0.407422 0.985352 0.407031 0.984863 0.406641 0.984863 0.40625 0.984375 0.405859 0.984375 0.405078 0.983398 0.404687 0.983398 0.404297 0.98291 0.403516 0.98291 0.403125 0.982422 0.402344 0.982422 0.401562 0.981445 0.401172 0.981445 0.400781 0.980957 0.400391 0.980957 0.4 0.980469 0.3875 0.980469 0.386719 0.979492 0.380469 0.979492 0.379297 0.978027 0.374219 0.978027 0.372266 0.975586 0.372266 0.974609 0.371875 0.974121 0.371875 0.972656 0.371094 0.97168 0.371094 0.970215 0.369922 0.96875 0.369141 0.96875 0.36875 0.968262 0.36875 0.967773 0.367969 0.966797 0.367969 0.966309 0.363281 0.960449 0.362891 0.960449 0.3625 0.959961 0.362109 0.959961 0.361719 0.959473 0.361328 0.959473 0.360156 0.958008 0.358984 0.958008 0.357422 0.956055 0.357422 0.955566 0.35625 0.954102 0.353906 0.954102 0.351953 0.95166 0.35 0.95166 0.348438 0.949707 0.348047 0.949707 0.347656 0.949219 0.347266 0.949219 0.346875 0.94873 0.346094 0.94873 0.345703 0.948242 0.344922 0.948242 0.344531 0.947754 0.344141 0.947754 0.34375 0.947266 0.343359 0.947266 0.342969 0.946777 0.342187 0.946777 0.341797 0.946289 0.341016 0.946289 0.340625 0.945801 0.339844 0.945801 0.339453 0.945312 0.338672 0.945312 0.337109 0.943359 0.335547 0.943359 0.335156 0.942871 0.335156 0.942383 0.333984 0.940918 0.333984 0.939941 0.332813 0.938477 0.332031 0.938477 0.329688 0.935547 0.329297 0.935547 0.328516 0.93457 0.328516 0.933105 0.328125 0.932617 0.328125 0.931641 0.327734 0.931152 0.327734 0.930664 0.326172 0.928711 0.325781 0.928711 0.325391 0.928223 0.325391 0.927734 0.324219 0.92627 0.324609 0.925781 0.324609 0.922363 0.323437 0.920898 0.323047 0.920898 0.322656 0.92041 0.322656 0.919434 0.322266 0.918945 0.322266 0.918457 0.321094 0.916992 0.320703 0.916992 0.320312 0.916504 0.320312 0.916016 0.319531 0.915039 0.319531 0.914062 0.319141 0.913574 0.319141 0.913086 0.31875 0.912598 0.31875 0.912109 0.317969 0.911133 0.317969 0.910645 0.317188 0.909668 0.317188 0.908203 0.316406 0.907227 0.316406 0.90625 0.316016 0.905762 0.316016 0.905273 0.313672 0.902344 0.313281 0.902344 0.311719 0.900391 0.311719 0.899902 0.310547 0.898438 0.309375 0.898438 0.308594 0.897461 0.307422 0.897461 0.30625 0.895996
1 0.0851563 0.333496 0.0839844 0.334961 0.0839844 0.335449 0.0835937 0.335938 0.0835937 0.336426 0.0828125 0.337402 0.0828125 0.337891 0.0824219 0.338379 0.0824219 0.34668 0.0828125 0.347168 0.0828125 0.348633 0.0835937 0.349609 0.0835937 0.350098 0.0859375 0.353027 0.0859375 0.353516 0.0878906 0.355957 0.0878906 0.356445 0.0894531 0.358398 0.0894531 0.358887 0.090625 0.360352 0.0914062 0.360352 0.0917969 0.36084 0.0921875 0.36084 0.09375 0.362793 0.0941406 0.362793 0.0949219 0.36377 0.0953125 0.36377 0.0960938 0.364746 0.0964844 0.364746 0.096875 0.365234 0.0972656 0.365234 0.0980469 0.366211 0.0984375 0.366211 0.0988281 0.366699 0.0992187 0.366699 0.100391 0.368164 0.100781 0.368164 0.101172 0.368652 0.101562 0.368652 0.101953 0.369141 0.102344 0.369141 0.102734 0.369629 0.103516 0.369629 0.103906 0.370117 0.104297 0.370117 0.104688 0.370605 0.105469 0.370605 0.105859 0.371094 0.107422 0.371094 0.107813 0.371582 0.108594 0.371582 0.108984 0.37207 0.110156 0.37207 0.110547 0.372559 0.110937 0.372559 0.111328 0.373047 0.114062 0.373047 0.114844 0.374023 0.115234 0.374023 0.115625 0.374512 0.116406 0.374512 0.116797 0.375 0.117969 0.375 0.118359 0.375488 0.11875 0.375488 0.119141 0.375977 0.119531 0.375977 0.119922 0.376465 0.120313 0.376465 0.120703 0.376953 0.121094 0.376953 0.121484 0.377441 0.122656 0.377441 0.127344 0.383301 0.127734 0.383301 0.128125 0.383789 0.128125 0.384766 0.128516 0.385254 0.128516 0.385742 0.129297 0.386719 0.129297 0.39209 0.132812 0.396484 0.133203 0.396484 0.133594 0.396973 0.133594 0.397461 0.134766 0.398926 0.135156 0.398926 0.137891 0.402344 0.137891 0.40332 0.138281 0.403809 0.138281 0.404785 0.139844 0.406738 0.140234 0.406738 0.141016 0.407715 0.141016 0.408691 0.141797 0.409668 0.141797 0.410156 0.142187 0.410645 0.142187 0.412109 0.143359 0.413574 0.143359 0.414551 0.14375 0.415039 0.14375 0.416016 0.144531 0.416992 0.144531 0.41748 0.144922 0.417969 0.144922 0.418457 0.145313 0.418945 0.145313 0.419434 0.146094 0.42041 0.146094 0.420898 0.146484 0.421387 0.146484 0.421875 0.146875 0.422363 0.146875 0.422852 0.147266 0.42334 0.147266 0.423828 0.147656 0.424316 0.147656 0.424805 0.148047 0.425293 0.148047 0.425781 0.148438 0.42627 0.148438 0.427246 0.149219 0.428223 0.149219 0.428711 0.149609 0.429199 0.149609 0.429688 0.15 0.430176 0.15 0.430664 0.150781 0.431641 0.150781 0.432129 0.151172 0.432617 0.151172 0.433105 0.151562 0.433594 0.151562 0.434082 0.151953 0.43457 0.151953 0.435059 0.152344 0.435547 0.152344 0.436523 0.152734 0.437012 0.152734 0.4375 0.153125 0.437988 0.153125 0.438477 0.153516 0.438965 0.153516 0.439453 0.155469 0.441895 0.155469 0.442871 0.155859 0.443359 0.155859 0.444824 0.156641 0.445801 0.156641 0.446289 0.157031 0.446777 0.157031 0.447266 0.158984 0.449707 0.158984 0.450684 0.1625 0.455078 0.1625 0.455566 0.164062 0.45752 0.164062 0.458008 0.165625 0.459961 0.165625 0.460449 0.166797 0.461914 0.166797 0.462402 0.167187 0.462402 0.168359 0.463867 0.16875 0.463867 0.169922 0.465332 0.170313 0.465332 0.171094 0.466309 0.171484 0.466309 0.171875 0.466797 0.173047 0.466797 0.173437 0.467285 0.178125 0.467285 0.178516 0.466797 0.178906 0.466797 0.180078 0.465332 0.180078 0.463867 0.180469 0.463379 0.180469 0.461426 0.180078 0.460938 0.180078 0.460449 0.180469 0.459961 0.180469 0.458008 0.180078 0.45752 0.180078 0.457031 0.179688 0.456543 0.179688 0.453125 0.179297 0.452637 0.179297 0.452148 0.178516 0.451172 0.178516 0.450684 0.178125 0.450195 0.178125 0.449707 0.177734 0.449219 0.177734 0.44873 0.177344 0.448242 0.177344 0.447754 0.176172 0.446289 0.176172 0.444824 0.174609 0.442871 0.174609 0.441895 0.174219 0.441406 0.174219 0.440918 0.173828 0.44043 0.173828 0.439941 0.173437 0.439453 0.173437 0.438477 0.173047 0.437988 0.173047 0.437012 0.172656 0.436523 0.172656 0.436035 0.172266 0.435547 0.172266 0.434082 0.171094 0.432617 0.171094 0.431641 0.170313 0.430664 0.170313 0.429199 0.169141 0.427734 0.169141 0.427246 0.167578 0.425293 0.167578 0.423828 0.166016 0.421875 0.166016 0.421387 0.165625 0.420898 0.165625 0.42041 0.165234 0.419922 0.165234 0.418945 0.164844 0.418457 0.164844 0.41748 0.164453 0.416992 0.164453 0.416504 0.164062 0.416016 0.164062 0.415039 0.162891 0.413574 0.162891 0.413086 0.1625 0.412598 0.1625 0.412109 0.162109 0.411621 0.162109 0.411133 0.161719 0.410645 0.161719 0.409668 0.160938 0.408691 0.160938 0.408203 0.160156 0.407227 0.160156 0.406738 0.159375 0.405762 0.159375 0.405273 0.158984 0.404785 0.158984 0.404297 0.158594 0.403809 0.158594 0.40332 0.158203 0.402832 0.158203 0.402344 0.157031 0.400879 0.157031 0.400391 0.156641 0.399902 0.156641 0.399414 0.155859 0.398438 0.155859 0.397949 0.155469 0.397461 0.155469 0.396973 0.154688 0.395996 0.154688 0.395508 0.154297 0.39502 0.154297 0.393555 0.151562 0.390137 0.151562 0.389648 0.151172 0.38916 0.151172 0.388672 0.150781 0.388184 0.150781 0.387695 0.150391 0.387207 0.150391 0.386719 0.148828 0.384766 0.148828 0.384277 0.147266 0.382324 0.147266 0.381836 0.14375 0.377441 0.143359 0.377441 0.142578 0.376465 0.142578 0.375977 0.142187 0.375977 0.141406 0.375 0.141016 0.375 0.140625 0.374512 0.140234 0.374512 0.138672 0.372559 0.138281 0.372559 0.1375 0.371582 0.137109 0.371582 0.135937 0.370117 0.135547 0.370117 0.133984 0.368164 0.133594 0.368164 0.132812 0.367188 0.132422 0.367188 0.132031 0.366699 0.132031 0.365723 0.130469 0.36377 0.130469 0.362793 0.128516 0.360352 0.128516 0.359863 0.125391 0.355957 0.125 0.355957 0.124609 0.355469 0.124219 0.355469 0.123047 0.354004 0.122656 0.354004 0.122266 0.353516 0.121875 0.353516 0.121484 0.353027 0.121094 0.353027 0.120313 0.352051 0.119922 0.352051 0.119531 0.351562 0.119141 0.351562 0.117578 0.349609 0.117188 0.349609 0.115234 0.347168 0.114844 0.347168 0.114062 0.346191 0.113672 0.346191 0.112109 0.344238 0.111328 0.344238 0.110547 0.343262 0.109766 0.343262 0.109375 0.342773 0.108984 0.342773 0.108594 0.342285 0.107813 0.342285 0.107422 0.341797 0.107031 0.341797 0.106641 0.341309 0.105859 0.341309 0.105469 0.34082 0.105078 0.34082 0.104688 0.340332 0.103516 0.340332 0.101953 0.338379 0.101562 0.338379 0.101172 0.337891 0.1 0.337891 0.0996094 0.337402 0.0984375 0.337402 0.0980469 0.336914 0.0976562 0.336914 0.0972656 0.336426 0.096875 0.336426 0.0964844 0.335938 0.0949219 0.335938 0.0945312 0.335449 0.0941406 0.335449 0.0933594 0.334473 0.0925781 0.334473 0.0917969 0.333496
1 0.996875 0.101562 0.996484 0.102051 0.996094 0.102051 0.99375 0.10498 0.99375 0.105469 0.992188 0.107422 0.991797 0.107422 0.990625 0.108887 0.990625 0.109863 0.989062 0.111816 0.989062 0.112305 0.988281 0.113281 0.988281 0.114258 0.9875 0.115234 0.9875 0.115723 0.986719 0.116699 0.986328 0.116699 0.985547 0.117676 0.985156 0.117676 0.983984 0.119141 0.983984 0.119629 0.983203 0.120605 0.982812 0.120605 0.980469 0.123535 0.980078 0.123535 0.977734 0.126465 0.977344 0.126465 0.976172 0.12793 0.975781 0.12793 0.975 0.128906 0.974609 0.128906 0.974609 0.129395 0.974219 0.129883 0.974219 0.130859 0.973828 0.131348 0.973047 0.131348 0.971875 0.132812 0.971875 0.133301 0.970703 0.134766 0.970313 0.134766 0.969141 0.13623 0.969141 0.138184 0.96875 0.138672 0.96875 0.140137 0.966797 0.142578 0.966797 0.145996 0.967969 0.147461 0.970703 0.147461 0.971094 0.146973 0.971875 0.146973 0.973437 0.14502 0.974609 0.14502 0.976953 0.14209 0.977344 0.14209 0.977734 0.141602 0.978906 0.141602 0.980859 0.13916 0.98125 0.13916 0.982422 0.137695 0.982422 0.137207 0.982812 0.136719 0.983203 0.136719 0.983594 0.13623 0.984375 0.13623 0.987109 0.132812 0.9875 0.132812 0.988672 0.131348 0.989062 0.131348 0.990234 0.129883 0.991797 0.129883 0.992188 0.129395 0.992969 0.129395 0.994141 0.12793 0.994141 0.127441 0.994531 0.126953 0.995313 0.126953 0.996094 0.125977 0.996484 0.125977 0.997656 0.124512 0.997656 0.124023 0.998828 0.122559 0.998828 0.120117 0.999609 0.119141 0.999609 0.106934 0.999219 0.106445 0.999219 0.105957 0.999609 0.105469 0.999609 0.103027 0.998437 0.101562
1 0.891016 0.223145 0.890625 0.223633 0.888281 0.223633 0.887891 0.224121 0.886719 0.224121 0.886328 0.224609 0.873828 0.224609 0.873437 0.225098 0.868359 0.225098 0.867578 0.226074 0.866406 0.226074 0.865625 0.227051 0.865234 0.227051 0.864844 0.227539 0.862109 0.227539 0.861328 0.228516 0.859766 0.228516 0.859375 0.229004 0.855469 0.229004 0.854297 0.230469 0.853516 0.230469 0.852344 0.231934 0.852344 0.23291 0.851562 0.233887 0.851562 0.234863 0.851172 0.235352 0.851172 0.23877 0.852734 0.240723 0.854297 0.240723 0.855859 0.242676 0.864062 0.242676 0.864844 0.241699 0.867188 0.241699 0.867578 0.241211 0.867969 0.241211 0.868359 0.240723 0.869531 0.240723 0.869922 0.240234 0.873437 0.240234 0.873828 0.239746 0.874219 0.240234 0.877734 0.240234 0.878516 0.239258 0.880859 0.239258 0.88125 0.23877 0.882422 0.23877 0.883203 0.237793 0.883594 0.237793 0.883984 0.237305 0.8875 0.237305 0.888281 0.236328 0.891016 0.236328 0.891797 0.235352 0.89375 0.235352 0.894141 0.234863 0.896875 0.234863 0.897266 0.234375 0.897656 0.234863 0.899219 0.234863 0.899609 0.234375 0.900391 0.234375 0.900781 0.234863 0.902344 0.234863 0.902734 0.234375 0.903125 0.234863 0.904687 0.234863 0.905078 0.234375 0.905469 0.234863 0.909766 0.234863 0.910156 0.235352 0.911719 0.235352 0.912109 0.23584 0.913672 0.23584 0.914062 0.236328 0.918359 0.236328 0.91875 0.236816 0.919922 0.236816 0.920312 0.237305 0.922266 0.237305 0.922656 0.237793 0.927344 0.237793 0.927734 0.238281 0.928516 0.238281 0.928906 0.23877 0.93125 0.23877 0.931641 0.239258 0.933594 0.239258 0.933984 0.239746 0.935937 0.239746 0.936328 0.240234 0.940234 0.240234 0.940625 0.239746 0.941016 0.240234 0.942187 0.240234 0.942578 0.240723 0.943359 0.240723 0.94375 0.241211 0.944531 0.241211 0.944922 0.241699 0.945703 0.241699 0.946484 0.242676 0.947266 0.242676 0.948438 0.244141 0.949609 0.244141 0.950781 0.245605 0.952344 0.245605 0.952734 0.246094 0.953125 0.246094 0.953906 0.24707 0.954297 0.24707 0.955078 0.248047 0.955859 0.248047 0.957031 0.249512 0.957812 0.249512 0.958203 0.25 0.958594 0.25 0.959375 0.250977 0.960156 0.250977 0.960547 0.251465 0.960938 0.251465 0.961719 0.252441 0.962891 0.252441 0.963672 0.253418 0.964063 0.253418 0.964453 0.253906 0.964844 0.253906 0.965234 0.254395 0.965625 0.254395 0.966016 0.254883 0.966406 0.254883 0.966797 0.255371 0.968359 0.255371 0.96875 0.255859 0.969531 0.255859 0.970313 0.256836 0.971484 0.256836 0.972266 0.257812 0.973828 0.257812 0.974219 0.258301 0.976172 0.258301 0.976562 0.257812 0.977344 0.257812 0.977734 0.258301 0.979297 0.258301 0.980078 0.259277 0.980469 0.259277 0.98125 0.260254 0.981641 0.260254 0.982031 0.260742 0.982422 0.260742 0.983203 0.261719 0.983984 0.261719 0.984375 0.262207 0.986328 0.262207 0.9875 0.263672 0.991797 0.263672 0.992578 0.264648 0.994141 0.264648 0.994531 0.26416 0.994922 0.264648 0.999609 0.264648 0.999609 0.256836 0.998437 0.256836 0.997656 0.255859 0.996875 0.255859 0.996484 0.255371 0.995703 0.255371 0.994141 0.253418 0.993359 0.253418 0.992188 0.251953 0.991797 0.251953 0.991016 0.250977 0.990625 0.250977 0.990234 0.250488 0.989453 0.250488 0.988672 0.249512 0.988281 0.249512 0.9875 0.248535 0.987109 0.248535 0.986328 0.247559 0.985938 0.247559 0.984766 0.246094 0.984375 0.246094 0.983594 0.245117 0.982812 0.245117 0.980469 0.242188 0.980078 0.242188 0.979297 0.241211 0.979297 0.240723 0.978125 0.239258 0.976562 0.239258 0.975781 0.238281 0.974219 0.238281 0.973828 0.237793 0.972656 0.237793 0.971875 0.236816 0.970313 0.236816 0.969141 0.238281 0.966016 0.238281 0.965625 0.237793 0.964844 0.237793 0.964453 0.237305 0.964063 0.237305 0.963672 0.236816 0.962891 0.236816 0.962109 0.23584 0.961328 0.23584 0.960938 0.235352 0.958594 0.235352 0.957422 0.233887 0.95625 0.233887 0.955469 0.23291 0.953125 0.23291 0.952344 0.231934 0.950391 0.231934 0.95 0.231445 0.947656 0.231445 0.947266 0.230957 0.946875 0.230957 0.945703 0.229492 0.945312 0.229492 0.944922 0.229004 0.94375 0.229004 0.942578 0.227539 0.941406 0.227539 0.940234 0.226074 0.928125 0.226074 0.927734 0.225586 0.926953 0.225586 0.926562 0.225098 0.925781 0.225098 0.925391 0.224609 0.921875 0.224609 0.921094 0.223633 0.920312 0.223633 0.919922 0.223145
2 0.26875 0.169434 0.267578 0.169434 0.267578 0.170898 0.26875 0.171875 0.26875 0.173828 0.272656 0.177246 0.271875 0.181641 0.273828 0.185059 0.273828 0.189941 0.275 0.19873 0.275 0.211426 0.272656 0.24707 0.269531 0.262207 0.269141 0.26709 0.266797 0.274902 0.266406 0.279785 0.263672 0.290527 0.261328 0.311035 0.260156 0.314453 0.260547 0.321777 0.263281 0.324219 0.267188 0.323242 0.267969 0.321777 0.273438 0.297363 0.275 0.294434 0.277734 0.283691 0.280078 0.27832 0.281641 0.266602 0.282031 0.252441 0.283594 0.23584 0.283594 0.206055 0.280859 0.188477 0.279297 0.182617 0.276953 0.178711 0.275 0.172852 0.272266 0.170898 0.269922 0.170898
2 0.610938 0.746582 0.610938 0.748535 0.613281 0.750977 0.614062 0.755859 0.617578 0.76416 0.621094 0.769043 0.622266 0.771973 0.627344 0.778809 0.6375 0.788086 0.651563 0.797363 0.670703 0.814453 0.680859 0.822754 0.686328 0.825684 0.692187 0.830566 0.698828 0.833496 0.706641 0.838867 0.713672 0.842285 0.716406 0.842773 0.721484 0.846191 0.733203 0.84668 0.733984 0.845703 0.733203 0.837891 0.728906 0.83252 0.726562 0.832031 0.721875 0.829102 0.712891 0.817383 0.709375 0.815918 0.704297 0.812012 0.701562 0.811035 0.698047 0.807617 0.692969 0.804688 0.6875 0.799316 0.682813 0.796387 0.678125 0.79541 0.673047 0.791504 0.669141 0.78418 0.662109 0.782227 0.658203 0.778809 0.653516 0.770996 0.653516 0.769043 0.652344 0.76709 0.651953 0.763672 0.651172 0.762695 0.646875 0.762207 0.640625 0.755371 0.6375 0.753418 0.626953 0.749512 0.622266 0.744141 0.614453 0.742676 0.612891 0.743652
2 0.876563 0.526367 0.875781 0.527832 0.876172 0.536133 0.877734 0.541016 0.878125 0.544922 0.88125 0.552734 0.882812 0.561035 0.883594 0.603516 0.884766 0.616699 0.885156 0.633789 0.886719 0.648926 0.886719 0.666992 0.887891 0.676758 0.887891 0.682129 0.889062 0.685547 0.892578 0.69043 0.892969 0.692383 0.896094 0.691895 0.896875 0.69043 0.896484 0.6875 0.895312 0.686035 0.896484 0.681152 0.895312 0.678223 0.895703 0.672852 0.894922 0.670898 0.894531 0.663086 0.895703 0.633301 0.895703 0.606934 0.894922 0.595215 0.891406 0.571777 0.891016 0.564453 0.889453 0.556641 0.880469 0.53125 0.877344 0.526367
1 0.0792969 0.299805 0.078125 0.30127 0.078125 0.305664 0.0789062 0.306641 0.0789062 0.307129 0.0820312 0.311035 0.0824219 0.311035 0.084375 0.313477 0.084375 0.313965 0.0855469 0.31543 0.0859375 0.31543 0.0871094 0.316895 0.0878906 0.316895 0.0890625 0.318359 0.0890625 0.318848 0.0914062 0.321777 0.0914062 0.322266 0.0917969 0.322266 0.0929688 0.32373 0.0933594 0.32373 0.0941406 0.324707 0.0941406 0.325195 0.0945312 0.325684 0.0945312 0.326172 0.0976562 0.330078 0.0976562 0.331055 0.0988281 0.33252 0.0992187 0.33252 0.1 0.333496 0.100391 0.333496 0.104297 0.338379 0.104297 0.339355 0.106641 0.342285 0.106641 0.343262 0.107422 0.344238 0.107422 0.345703 0.107813 0.346191 0.107813 0.34668 0.108203 0.347168 0.108203 0.348633 0.108984 0.349609 0.108984 0.350586 0.109375 0.351074 0.109375 0.35791 0.108203 0.359375 0.108203 0.360352 0.107813 0.36084 0.107813 0.361328 0.107422 0.361816 0.107422 0.362793 0.107031 0.363281 0.107031 0.364258 0.106641 0.364746 0.106641 0.368652 0.10625 0.369141 0.10625 0.375 0.105469 0.375977 0.105469 0.391113 0.10625 0.39209 0.10625 0.398438 0.106641 0.398926 0.106641 0.399902 0.107031 0.400391 0.107031 0.40332 0.107422 0.403809 0.107422 0.404297 0.107813 0.404785 0.107813 0.407715 0.108203 0.408203 0.108203 0.40918 0.108594 0.409668 0.108594 0.413086 0.108984 0.413574 0.108984 0.414551 0.109375 0.415039 0.109375 0.416504 0.109766 0.416992 0.109766 0.422363 0.110937 0.423828 0.110937 0.424805 0.111328 0.425293 0.111328 0.426758 0.111719 0.427246 0.111719 0.428223 0.112109 0.428711 0.112109 0.429199 0.1125 0.429688 0.1125 0.430176 0.112891 0.430664 0.112891 0.431641 0.113672 0.432617 0.113672 0.433105 0.115234 0.435059 0.120703 0.435059 0.121094 0.43457 0.121484 0.43457 0.122656 0.433105 0.122656 0.431641 0.123047 0.431152 0.123047 0.427246 0.122656 0.426758 0.122656 0.420898 0.121875 0.419922 0.121875 0.418945 0.121484 0.418457 0.121484 0.417969 0.121875 0.41748 0.121875 0.414551 0.121484 0.414062 0.121875 0.413574 0.121875 0.411621 0.121484 0.411133 0.121484 0.410645 0.121875 0.410156 0.121875 0.408203 0.121484 0.407715 0.121484 0.407227 0.121875 0.406738 0.121875 0.402344 0.121484 0.401855 0.121484 0.399902 0.121875 0.399414 0.121875 0.39502 0.121484 0.394531 0.121484 0.392578 0.121875 0.39209 0.121875 0.390137 0.121484 0.389648 0.121484 0.38916 0.121875 0.388672 0.121875 0.384277 0.121484 0.383789 0.121484 0.382324 0.121875 0.381836 0.121875 0.374023 0.121484 0.373535 0.121484 0.373047 0.121875 0.372559 0.121875 0.370605 0.121484 0.370117 0.121484 0.369141 0.121875 0.368652 0.121875 0.364746 0.122266 0.364258 0.122266 0.361328 0.122656 0.36084 0.122656 0.351562 0.122266 0.351074 0.122656 0.350586 0.122656 0.348633 0.122266 0.348145 0.122266 0.345215 0.121875 0.344727 0.121875 0.342285 0.121484 0.341797 0.121484 0.341309 0.121875 0.34082 0.121875 0.338867 0.121484 0.338379 0.121484 0.337891 0.119922 0.335938 0.119922 0.335449 0.118359 0.333496 0.118359 0.333008 0.114062 0.327637 0.113281 0.327637 0.112109 0.326172 0.111328 0.326172 0.110937 0.325684 0.110547 0.325684 0.109766 0.324707 0.109375 0.324707 0.108984 0.324219 0.108594 0.324219 0.106641 0.321777 0.106641 0.320801 0.105469 0.319336 0.104688 0.319336 0.103516 0.317871 0.103516 0.317383 0.103125 0.316895 0.103125 0.31543 0.101953 0.313965 0.101953 0.313477 0.100781 0.312012 0.100781 0.311523 0.0953125 0.304688 0.0949219 0.304688 0.0945312 0.304199 0.09375 0.304199 0.0921875 0.302246 0.090625 0.302246 0.0898438 0.30127 0.0890625 0.30127 0.0886719 0.300781 0.0875 0.300781 0.0871094 0.300293 0.0855469 0.300293 0.0851563 0.299805
1 0.824609 0.490234 0.824219 0.490723 0.823438 0.490723 0.823047 0.491211 0.822656 0.491211 0.822266 0.491699 0.821875 0.491699 0.821484 0.492188 0.821094 0.492188 0.820312 0.493164 0.820312 0.493652 0.819531 0.494629 0.819141 0.494629 0.818359 0.495605 0.817969 0.495605 0.817187 0.496582 0.816797 0.496582 0.816016 0.497559 0.815625 0.497559 0.815234 0.498047 0.814844 0.498047 0.814453 0.498535 0.814063 0.498535 0.811719 0.501465 0.811719 0.504395 0.811328 0.504883 0.811328 0.505859 0.810547 0.506836 0.810547 0.507324 0.810156 0.507812 0.810156 0.508301 0.809375 0.509277 0.809375 0.510254 0.808984 0.510742 0.808984 0.512695 0.806641 0.515625 0.802734 0.515625 0.802344 0.516113 0.8 0.516113 0.799219 0.51709 0.798828 0.51709 0.798047 0.518066 0.797266 0.518066 0.796875 0.518555 0.796484 0.518555 0.796094 0.519043 0.795312 0.519043 0.794531 0.52002 0.794141 0.52002 0.793359 0.520996 0.792969 0.520996 0.792578 0.521484 0.792188 0.521484 0.791016 0.522949 0.791016 0.523438 0.790625 0.523926 0.789844 0.523926 0.789453 0.524414 0.789062 0.524414 0.788281 0.525391 0.787891 0.525391 0.787109 0.526367 0.785937 0.526367 0.784766 0.527832 0.783203 0.527832 0.782031 0.529297 0.781641 0.529297 0.779687 0.531738 0.779297 0.531738 0.776563 0.535156 0.775391 0.535156 0.775 0.535645 0.774609 0.535645 0.774219 0.536133 0.773828 0.536133 0.773438 0.536621 0.773047 0.536621 0.772266 0.537598 0.772266 0.538574 0.771875 0.539062 0.771094 0.539062 0.770703 0.539551 0.770312 0.539551 0.769922 0.540039 0.769531 0.540039 0.769141 0.540527 0.76875 0.540527 0.765625 0.544434 0.765234 0.544434 0.762891 0.547363 0.762891 0.547852 0.762109 0.548828 0.760938 0.548828 0.760547 0.549316 0.760156 0.549316 0.759766 0.549805 0.758984 0.549805 0.758203 0.550781 0.757422 0.550781 0.755859 0.552734 0.755078 0.552734 0.754297 0.553711 0.753516 0.553711 0.752344 0.555176 0.751563 0.555176 0.751172 0.555664 0.75 0.555664 0.749609 0.556152 0.749219 0.556152 0.748828 0.556641 0.748828 0.557129 0.748047 0.558105 0.742188 0.558105 0.741016 0.55957 0.741016 0.560059 0.739844 0.561523 0.739453 0.561523 0.738281 0.562988 0.738281 0.563965 0.737891 0.564453 0.737891 0.566406 0.737109 0.567383 0.737109 0.574707 0.737891 0.575684 0.737891 0.576172 0.739062 0.577637 0.739453 0.577637 0.740234 0.578613 0.740625 0.578613 0.741406 0.57959 0.741797 0.57959 0.742188 0.580078 0.744141 0.580078 0.744531 0.580566 0.745703 0.580566 0.746484 0.581543 0.748047 0.581543 0.748828 0.58252 0.754687 0.58252 0.755469 0.581543 0.756641 0.581543 0.757422 0.580566 0.758984 0.580566 0.759766 0.57959 0.760156 0.57959 0.760938 0.578613 0.762109 0.578613 0.762891 0.577637 0.763281 0.577637 0.764844 0.575684 0.766797 0.575684 0.767969 0.574219 0.767969 0.57373 0.768359 0.573242 0.76875 0.573242 0.769531 0.572266 0.769922 0.572266 0.770703 0.571289 0.771094 0.571289 0.771484 0.570801 0.772266 0.570801 0.772656 0.570312 0.773438 0.570312 0.774219 0.569336 0.775 0.569336 0.778125 0.56543 0.778516 0.56543 0.778906 0.564941 0.779687 0.564941 0.78125 0.562988 0.781641 0.562988 0.783984 0.560059 0.784766 0.560059 0.785156 0.55957 0.785937 0.55957 0.787891 0.557129 0.789062 0.557129 0.789844 0.556152 0.790234 0.556152 0.790625 0.555664 0.791406 0.555664 0.792578 0.554199 0.793359 0.554199 0.794922 0.552246 0.795703 0.552246 0.796094 0.551758 0.796484 0.551758 0.797266 0.550781 0.797656 0.550781 0.798047 0.550293 0.798828 0.550293 0.801172 0.547363 0.801172 0.546875 0.801562 0.546387 0.801953 0.546387 0.802734 0.54541 0.803125 0.54541 0.803516 0.544922 0.804297 0.544922 0.80625 0.54248 0.806641 0.54248 0.807422 0.541504 0.807813 0.541504 0.808203 0.541016 0.808594 0.541016 0.809766 0.539551 0.809766 0.539062 0.810547 0.538086 0.810937 0.538086 0.814063 0.53418 0.814453 0.53418 0.815625 0.532715 0.816406 0.532715 0.817578 0.53125 0.817578 0.530762 0.818359 0.529785 0.818359 0.529297 0.819922 0.527344 0.819922 0.526367 0.820312 0.525879 0.820312 0.525391 0.821875 0.523438 0.823047 0.523438 0.824219 0.521973 0.824219 0.52002 0.825 0.519043 0.825 0.517578 0.825391 0.51709 0.825391 0.516602 0.825781 0.516113 0.825781 0.515137 0.826953 0.513672 0.826953 0.510742 0.827344 0.510254 0.827344 0.508301 0.828125 0.507324 0.828125 0.503906 0.828516 0.503418 0.828516 0.50293 0.829297 0.501953 0.829297 0.493164 0.827344 0.490723 0.826562 0.490723 0.826172 0.490234
1 0.628516 0.109863 0.626172 0.112793 0.626172 0.114746 0.625781 0.115234 0.625781 0.122559 0.626953 0.124023 0.626953 0.124512 0.628125 0.125977 0.628516 0.125977 0.628906 0.126465 0.628906 0.126953 0.629297 0.127441 0.629297 0.12793 0.630469 0.129395 0.630859 0.129395 0.63125 0.129883 0.63125 0.130859 0.633203 0.133301 0.633203 0.133789 0.633594 0.134277 0.633594 0.134766 0.634766 0.13623 0.634766 0.136719 0.635938 0.138184 0.636719 0.138184 0.637891 0.139648 0.637891 0.140137 0.638672 0.141113 0.638672 0.141602 0.639062 0.14209 0.639062 0.142578 0.640625 0.144531 0.640625 0.14502 0.641406 0.145996 0.641406 0.146484 0.642188 0.147461 0.642188 0.147949 0.642969 0.148926 0.642969 0.149414 0.64375 0.150391 0.64375 0.150879 0.644141 0.151367 0.644141 0.151855 0.644531 0.152344 0.644922 0.152344 0.646484 0.154297 0.646484 0.154785 0.648438 0.157227 0.648438 0.157715 0.651563 0.161621 0.651563 0.162109 0.653125 0.164062 0.653125 0.164551 0.654297 0.166016 0.654687 0.166016 0.655078 0.166504 0.65625 0.166504 0.657031 0.16748 0.657031 0.168457 0.658203 0.169922 0.658984 0.169922 0.659375 0.17041 0.659766 0.17041 0.661719 0.172852 0.662109 0.172852 0.662891 0.173828 0.662891 0.174316 0.664062 0.175781 0.664844 0.175781 0.665625 0.176758 0.665625 0.178223 0.667969 0.181152 0.667969 0.182617 0.669922 0.185059 0.669922 0.186523 0.671094 0.187988 0.671094 0.189941 0.672266 0.191406 0.672656 0.191406 0.673047 0.191895 0.673047 0.192871 0.674219 0.194336 0.674219 0.195312 0.676562 0.198242 0.676562 0.19873 0.677344 0.199707 0.677344 0.200195 0.677734 0.200684 0.677734 0.202148 0.680859 0.206055 0.680859 0.20752 0.682031 0.208984 0.683594 0.208984 0.685156 0.210938 0.685547 0.210938 0.686719 0.212402 0.687109 0.212402 0.6875 0.212891 0.6875 0.213379 0.691016 0.217773 0.691797 0.217773 0.692578 0.21875 0.692969 0.21875 0.694922 0.221191 0.695703 0.221191 0.696094 0.22168 0.696094 0.222168 0.696875 0.223145 0.696875 0.223633 0.698047 0.225098 0.698828 0.225098 0.699219 0.225586 0.699219 0.226562 0.700391 0.228027 0.701172 0.228027 0.701562 0.228516 0.701953 0.228516 0.702344 0.229004 0.702734 0.229004 0.703125 0.229492 0.703516 0.229492 0.703906 0.22998 0.704297 0.22998 0.704688 0.230469 0.705078 0.230469 0.705469 0.230957 0.705859 0.230957 0.707031 0.232422 0.707422 0.232422 0.708203 0.233398 0.709766 0.233398 0.710156 0.233887 0.711328 0.233887 0.712109 0.234863 0.713281 0.234863 0.714453 0.236328 0.719141 0.236328 0.720313 0.234863 0.720313 0.226074 0.718359 0.223633 0.718359 0.223145 0.716797 0.221191 0.716797 0.220703 0.716016 0.219727 0.716016 0.218262 0.714844 0.216797 0.714844 0.216309 0.713672 0.214844 0.713281 0.214844 0.7125 0.213867 0.712109 0.213867 0.710547 0.211914 0.710547 0.211426 0.709375 0.209961 0.708984 0.209961 0.708594 0.209473 0.708594 0.208984 0.70625 0.206055 0.70625 0.205566 0.705859 0.205078 0.705859 0.20459 0.705078 0.203613 0.705078 0.203125 0.703906 0.20166 0.703906 0.200684 0.702734 0.199219 0.701953 0.199219 0.698828 0.195312 0.698828 0.194824 0.696875 0.192383 0.696875 0.191895 0.696094 0.190918 0.696094 0.19043 0.694922 0.188965 0.694922 0.188477 0.69375 0.187012 0.69375 0.186523 0.691797 0.184082 0.691797 0.183594 0.690625 0.182129 0.690625 0.181641 0.689844 0.180664 0.689453 0.180664 0.688281 0.179199 0.6875 0.179199 0.685547 0.176758 0.685156 0.176758 0.682813 0.173828 0.682422 0.173828 0.681641 0.172852 0.681641 0.172363 0.680469 0.170898 0.679688 0.170898 0.678516 0.169434 0.678516 0.168945 0.677734 0.167969 0.677344 0.167969 0.676172 0.166504 0.675 0.166504 0.673438 0.164551 0.673047 0.164551 0.670703 0.161621 0.66875 0.161621 0.667969 0.160645 0.667578 0.160645 0.666406 0.15918 0.666016 0.15918 0.664453 0.157227 0.664062 0.157227 0.660937 0.15332 0.660547 0.15332 0.659766 0.152344 0.659375 0.152344 0.658984 0.151855 0.658984 0.150879 0.654687 0.145508 0.654687 0.14502 0.654297 0.144531 0.654297 0.144043 0.653125 0.142578 0.652734 0.142578 0.652344 0.14209 0.652344 0.141602 0.651172 0.140137 0.650781 0.140137 0.65 0.13916 0.65 0.138184 0.649219 0.137207 0.649219 0.136719 0.648438 0.135742 0.648438 0.135254 0.648047 0.134766 0.648047 0.134277 0.647266 0.133301 0.647266 0.131348 0.646875 0.130859 0.646875 0.130371 0.646094 0.129395 0.646094 0.128906 0.645703 0.128418 0.645703 0.12793 0.644922 0.126953 0.644922 0.126465 0.644141 0.125488 0.644141 0.123535 0.642969 0.12207 0.642969 0.121094 0.641406 0.119141 0.641406 0.118652 0.639062 0.115723 0.639062 0.115234 0.637109 0.112793 0.637109 0.111816 0.635938 0.110352 0.635547 0.110352 0.635156 0.109863
1 0.689844 0.143555 0.688672 0.14502 0.688672 0.155273 0.690625 0.157715 0.690625 0.158203 0.691797 0.159668 0.692187 0.159668 0.692578 0.160156 0.692578 0.160645 0.69375 0.162109 0.694141 0.162109 0.694922 0.163086 0.694922 0.163574 0.696094 0.165039 0.697266 0.165039 0.701172 0.169922 0.701953 0.169922 0.703516 0.171875 0.703906 0.171875 0.706641 0.175293 0.707812 0.175293 0.708203 0.175781 0.708594 0.175781 0.709375 0.176758 0.709766 0.176758 0.710547 0.177734 0.710938 0.177734 0.7125 0.179688 0.712891 0.179688 0.713672 0.180664 0.714063 0.180664 0.714844 0.181641 0.715234 0.181641 0.715625 0.182129 0.717187 0.182129 0.717578 0.182617 0.719141 0.182617 0.719922 0.183594 0.720313 0.183594 0.720703 0.184082 0.722266 0.184082 0.723047 0.185059 0.724219 0.185059 0.725 0.186035 0.725391 0.186035 0.726562 0.1875 0.728125 0.1875 0.728516 0.187988 0.730859 0.187988 0.732812 0.19043 0.734375 0.19043 0.735156 0.191406 0.737109 0.191406 0.738281 0.192871 0.738672 0.192871 0.739062 0.193359 0.739453 0.193359 0.740234 0.194336 0.741016 0.194336 0.741406 0.194824 0.741797 0.194824 0.743359 0.196777 0.744141 0.196777 0.744531 0.197266 0.744922 0.197266 0.745703 0.198242 0.746484 0.198242 0.748047 0.200195 0.748437 0.200195 0.748828 0.200684 0.749219 0.200684 0.75 0.20166 0.750391 0.20166 0.751172 0.202637 0.751563 0.202637 0.752344 0.203613 0.752734 0.203613 0.753125 0.204102 0.753516 0.204102 0.754297 0.205078 0.754687 0.205078 0.755078 0.205566 0.756641 0.205566 0.757422 0.206543 0.758594 0.206543 0.758984 0.207031 0.759766 0.207031 0.760547 0.208008 0.760938 0.208008 0.762109 0.209473 0.764453 0.209473 0.765234 0.210449 0.766016 0.210449 0.767578 0.212402 0.771094 0.212402 0.772656 0.214355 0.774219 0.214355 0.774609 0.214844 0.783984 0.214844 0.784375 0.214355 0.786328 0.214355 0.7875 0.212891 0.7875 0.210938 0.787109 0.210449 0.787109 0.208984 0.785937 0.20752 0.783203 0.20752 0.782813 0.207031 0.782031 0.207031 0.780859 0.205566 0.779297 0.205566 0.778516 0.20459 0.777344 0.20459 0.776172 0.203125 0.775 0.203125 0.774219 0.202148 0.773828 0.202148 0.773438 0.20166 0.771875 0.20166 0.771094 0.200684 0.770703 0.200684 0.770312 0.200195 0.769922 0.200195 0.76875 0.19873 0.768359 0.19873 0.767969 0.198242 0.767578 0.198242 0.767188 0.197754 0.766406 0.197754 0.766016 0.197266 0.765234 0.197266 0.764844 0.196777 0.764453 0.196777 0.764062 0.196289 0.763281 0.196289 0.7625 0.195312 0.761719 0.195312 0.760156 0.193359 0.758984 0.193359 0.757422 0.191406 0.757031 0.191406 0.75625 0.19043 0.755859 0.19043 0.754687 0.188965 0.754297 0.188965 0.753125 0.1875 0.752734 0.1875 0.752344 0.187012 0.751172 0.187012 0.749609 0.185059 0.749609 0.18457 0.748437 0.183105 0.747656 0.183105 0.746484 0.181641 0.746094 0.181641 0.744141 0.179199 0.743359 0.179199 0.740625 0.175781 0.740625 0.175293 0.739453 0.173828 0.738281 0.173828 0.7375 0.172852 0.7375 0.172363 0.736328 0.170898 0.735547 0.170898 0.735156 0.17041 0.735156 0.169434 0.733203 0.166992 0.733203 0.166504 0.732031 0.165039 0.73125 0.165039 0.729688 0.163086 0.728516 0.163086 0.728125 0.162598 0.727734 0.162598 0.726953 0.161621 0.726562 0.161621 0.725781 0.160645 0.725391 0.160645 0.725 0.160156 0.724609 0.160156 0.723828 0.15918 0.723437 0.15918 0.723047 0.158691 0.722656 0.158691 0.722266 0.158203 0.721875 0.158203 0.721094 0.157227 0.720313 0.157227 0.719531 0.15625 0.718359 0.15625 0.717969 0.155762 0.717187 0.155762 0.715234 0.15332 0.714453 0.15332 0.714063 0.152832 0.713281 0.152832 0.7125 0.151855 0.710547 0.151855 0.709766 0.150879 0.708984 0.150879 0.708594 0.150391 0.708203 0.150391 0.707422 0.149414 0.70625 0.149414 0.705078 0.147949 0.704297 0.147949 0.703906 0.147461 0.703516 0.147461 0.702734 0.146484 0.701562 0.146484 0.700781 0.145508 0.700391 0.145508 0.7 0.14502 0.699219 0.14502 0.698438 0.144043 0.698047 0.144043 0.697656 0.143555
1 0.951562 0.275879 0.950391 0.277344 0.950391 0.277832 0.949609 0.278809 0.949609 0.282227 0.949219 0.282715 0.949219 0.283203 0.948438 0.28418 0.948438 0.284668 0.947656 0.285645 0.947656 0.290039 0.946094 0.291992 0.946094 0.29248 0.945312 0.293457 0.945312 0.293945 0.944531 0.294922 0.944531 0.29541 0.94375 0.296387 0.943359 0.296387 0.942187 0.297852 0.942187 0.300781 0.941797 0.30127 0.941797 0.301758 0.940625 0.303223 0.940625 0.303711 0.939844 0.304688 0.939844 0.307617 0.939453 0.308105 0.939453 0.308594 0.938672 0.30957 0.938672 0.310059 0.938281 0.310547 0.938281 0.311035 0.937891 0.311523 0.937891 0.312012 0.9375 0.3125 0.9375 0.316895 0.937109 0.317383 0.937109 0.318848 0.936719 0.319336 0.936719 0.320801 0.936328 0.321289 0.936328 0.322754 0.935937 0.323242 0.936328 0.32373 0.936328 0.324219 0.935937 0.324707 0.935937 0.325195 0.935547 0.325684 0.935547 0.328125 0.935156 0.328613 0.935156 0.334961 0.934375 0.335938 0.934375 0.336426 0.933984 0.336914 0.933984 0.338379 0.933594 0.338867 0.933594 0.340332 0.933203 0.34082 0.933203 0.342773 0.932422 0.34375 0.932422 0.34668 0.930859 0.348633 0.930859 0.349121 0.930078 0.350098 0.930078 0.352051 0.928125 0.354492 0.928125 0.355469 0.927734 0.355957 0.927734 0.357422 0.925781 0.359863 0.925781 0.361328 0.925 0.362305 0.925 0.366211 0.924609 0.366699 0.924609 0.369629 0.923828 0.370605 0.923828 0.371094 0.923438 0.371582 0.923438 0.372559 0.922656 0.373535 0.922656 0.375977 0.921875 0.376953 0.921875 0.377441 0.921484 0.37793 0.921484 0.378418 0.921094 0.378906 0.921094 0.379395 0.920703 0.379883 0.920703 0.380859 0.920312 0.381348 0.920312 0.381836 0.919922 0.382324 0.919922 0.382812 0.919141 0.383789 0.919141 0.385254 0.917969 0.386719 0.917969 0.389648 0.915234 0.393066 0.915234 0.395996 0.914453 0.396973 0.914453 0.397461 0.913672 0.398438 0.913672 0.400391 0.9125 0.401855 0.9125 0.402832 0.911719 0.403809 0.911719 0.404785 0.911328 0.405273 0.911328 0.40625 0.910937 0.406738 0.910937 0.422363 0.911719 0.42334 0.911719 0.424805 0.9125 0.425781 0.9125 0.42627 0.912891 0.426758 0.912891 0.429199 0.914062 0.430664 0.914062 0.431641 0.914844 0.432617 0.914844 0.433105 0.915234 0.433594 0.915234 0.4375 0.916797 0.439453 0.916797 0.440918 0.917969 0.442383 0.91875 0.442383 0.919141 0.442871 0.920703 0.442871 0.923438 0.439453 0.923438 0.438477 0.924609 0.437012 0.924609 0.436035 0.926172 0.434082 0.926172 0.431152 0.926562 0.430664 0.926562 0.426758 0.926172 0.42627 0.926172 0.425781 0.926562 0.425293 0.926562 0.422852 0.927344 0.421875 0.927344 0.414551 0.926953 0.414062 0.926953 0.413574 0.927344 0.413086 0.927344 0.408203 0.926953 0.407715 0.927344 0.407227 0.927344 0.401367 0.927734 0.400879 0.927734 0.398926 0.928516 0.397949 0.928516 0.395996 0.928906 0.395508 0.928906 0.393555 0.928516 0.393066 0.928516 0.39209 0.928906 0.391602 0.928906 0.38916 0.929297 0.388672 0.929297 0.388184 0.930859 0.38623 0.930859 0.384277 0.931641 0.383301 0.931641 0.380859 0.932031 0.380371 0.932031 0.378906 0.933984 0.376465 0.933984 0.374512 0.934766 0.373535 0.934766 0.372559 0.935937 0.371094 0.935937 0.370117 0.936328 0.369629 0.936328 0.368652 0.936719 0.368164 0.936719 0.367676 0.9375 0.366699 0.9375 0.366211 0.939063 0.364258 0.939063 0.361816 0.939453 0.361328 0.939453 0.36084 0.939844 0.360352 0.940234 0.360352 0.941406 0.358887 0.941406 0.358398 0.941797 0.35791 0.941797 0.356934 0.942578 0.355957 0.942578 0.35498 0.944922 0.352051 0.944922 0.351074 0.946094 0.349609 0.946094 0.347656 0.947656 0.345703 0.947656 0.344238 0.948047 0.34375 0.948047 0.342285 0.948828 0.341309 0.948828 0.340332 0.949219 0.339844 0.949219 0.338379 0.950391 0.336914 0.950391 0.335449 0.951172 0.334473 0.951172 0.333496 0.952344 0.332031 0.952344 0.329102 0.953125 0.328125 0.953125 0.32666 0.953516 0.326172 0.953516 0.32373 0.954297 0.322754 0.954297 0.319336 0.954688 0.318848 0.954688 0.316895 0.955469 0.315918 0.955469 0.311523 0.955859 0.311035 0.955859 0.308594 0.955469 0.308105 0.955859 0.307617 0.955859 0.306152 0.956641 0.305176 0.956641 0.300781 0.957422 0.299805 0.957422 0.291992 0.957031 0.291504 0.957031 0.291016 0.957422 0.290527 0.957422 0.287109 0.957031 0.286621 0.957031 0.285645 0.957422 0.285156 0.957422 0.279785 0.955859 0.277832 0.955859 0.277344 0.954688 0.275879
1 0.75 0.408203 0.747656 0.411133 0.747656 0.411621 0.746875 0.412598 0.746875 0.414062 0.746484 0.414551 0.746484 0.418457 0.746875 0.418945 0.746875 0.419434 0.748047 0.420898 0.748437 0.420898 0.748828 0.421387 0.749219 0.421387 0.752344 0.425293 0.753125 0.425293 0.754297 0.426758 0.754297 0.427246 0.755078 0.428223 0.755078 0.428711 0.757422 0.431641 0.757422 0.432129 0.758594 0.433594 0.758984 0.433594 0.759766 0.43457 0.759766 0.435547 0.760156 0.436035 0.760156 0.436523 0.760938 0.4375 0.760938 0.437988 0.763672 0.441406 0.764062 0.441406 0.765234 0.442871 0.765625 0.442871 0.766406 0.443848 0.766797 0.443848 0.767188 0.444336 0.767188 0.445312 0.768359 0.446777 0.769141 0.446777 0.770312 0.448242 0.770312 0.44873 0.770703 0.449219 0.771094 0.449219 0.771484 0.449707 0.771875 0.449707 0.772266 0.450195 0.772266 0.45166 0.773438 0.453125 0.774219 0.453125 0.774609 0.453613 0.775 0.453613 0.775781 0.45459 0.776172 0.45459 0.776953 0.455566 0.777344 0.455566 0.778125 0.456543 0.778125 0.457031 0.779297 0.458496 0.780859 0.458496 0.783203 0.461426 0.783594 0.461426 0.785937 0.464355 0.786719 0.464355 0.7875 0.465332 0.787891 0.465332 0.790234 0.468262 0.790625 0.468262 0.791406 0.469238 0.791797 0.469238 0.792188 0.469727 0.792578 0.469727 0.792969 0.470215 0.793359 0.470215 0.79375 0.470703 0.794141 0.470703 0.794531 0.471191 0.794922 0.471191 0.795312 0.47168 0.795703 0.47168 0.796094 0.472168 0.797266 0.472168 0.798828 0.474121 0.798828 0.474609 0.799219 0.474609 0.800391 0.476074 0.800781 0.476074 0.801953 0.477539 0.802344 0.477539 0.804297 0.47998 0.804688 0.47998 0.805078 0.480469 0.805859 0.480469 0.80625 0.480957 0.806641 0.480957 0.807422 0.481934 0.807422 0.482422 0.807813 0.482422 0.808984 0.483887 0.809375 0.483887 0.810547 0.485352 0.810937 0.485352 0.811328 0.48584 0.812109 0.48584 0.8125 0.486328 0.812891 0.486328 0.815234 0.489258 0.815234 0.489746 0.816016 0.490723 0.816016 0.491211 0.817187 0.492676 0.817969 0.492676 0.818359 0.493164 0.81875 0.493164 0.819922 0.494629 0.819922 0.495117 0.823438 0.499512 0.823438 0.500488 0.827344 0.505371 0.827344 0.505859 0.827734 0.506348 0.827734 0.506836 0.828516 0.507812 0.828516 0.508789 0.828906 0.509277 0.828906 0.509766 0.829688 0.510742 0.829688 0.51123 0.830078 0.511719 0.830078 0.512695 0.830859 0.513672 0.830859 0.51416 0.832031 0.515625 0.833594 0.515625 0.833984 0.515137 0.834766 0.515137 0.836719 0.512695 0.836719 0.511719 0.837109 0.51123 0.837109 0.509277 0.837891 0.508301 0.837891 0.507324 0.839063 0.505859 0.839063 0.497559 0.838281 0.496582 0.838281 0.496094 0.837109 0.494629 0.837109 0.492188 0.836719 0.491699 0.836719 0.490723 0.833984 0.487305 0.833984 0.486816 0.833594 0.486328 0.833594 0.48584 0.832422 0.484375 0.832422 0.483887 0.83125 0.482422 0.830469 0.482422 0.829297 0.480957 0.829297 0.479492 0.826953 0.476562 0.826953 0.476074 0.825781 0.474609 0.825781 0.474121 0.823828 0.47168 0.823828 0.470703 0.822656 0.469238 0.822266 0.469238 0.821484 0.468262 0.821094 0.468262 0.820703 0.467773 0.819922 0.467773 0.81875 0.466309 0.817578 0.466309 0.816797 0.465332 0.816797 0.464844 0.815234 0.462891 0.814844 0.462891 0.813672 0.461426 0.813281 0.461426 0.812891 0.460938 0.8125 0.460938 0.812109 0.460449 0.810937 0.460449 0.810547 0.459961 0.810547 0.459473 0.809766 0.458496 0.809375 0.458496 0.808984 0.458008 0.808203 0.458008 0.807813 0.45752 0.807422 0.45752 0.807031 0.457031 0.805859 0.457031 0.805078 0.456055 0.805078 0.455566 0.804688 0.455078 0.804297 0.455078 0.803906 0.45459 0.803516 0.45459 0.803125 0.454102 0.803125 0.452637 0.801953 0.451172 0.801562 0.451172 0.800391 0.449707 0.8 0.449707 0.799219 0.44873 0.798828 0.44873 0.798047 0.447754 0.797656 0.447754 0.797266 0.447266 0.796875 0.447266 0.796484 0.446777 0.796094 0.446777 0.795312 0.445801 0.794922 0.445801 0.794531 0.445312 0.794141 0.445312 0.79375 0.444824 0.792969 0.444824 0.791797 0.443359 0.791406 0.443359 0.790234 0.441895 0.789453 0.441895 0.789062 0.441406 0.788672 0.441406 0.787109 0.439453 0.786328 0.439453 0.785937 0.438965 0.785547 0.438965 0.785156 0.438477 0.785156 0.437988 0.778516 0.429688 0.778516 0.428223 0.767969 0.415039 0.766797 0.415039 0.766406 0.414551 0.765625 0.414551 0.764844 0.413574 0.763672 0.413574 0.763281 0.413086 0.761719 0.413086 0.760938 0.412109 0.760547 0.412109 0.760156 0.411621 0.759375 0.411621 0.758984 0.411133 0.755469 0.411133 0.755078 0.410645 0.754297 0.410645 0.752344 0.408203
1 0.805859 0.759766 0.805469 0.760254 0.804297 0.760254 0.803906 0.760742 0.803516 0.760742 0.803125 0.76123 0.802344 0.76123 0.801953 0.761719 0.801562 0.761719 0.801172 0.762207 0.800781 0.762207 0.800391 0.762695 0.799609 0.762695 0.798828 0.763672 0.798438 0.763672 0.798047 0.76416 0.797656 0.76416 0.797266 0.764648 0.796875 0.764648 0.796484 0.765137 0.796094 0.765137 0.795703 0.765625 0.795312 0.765625 0.794922 0.766113 0.794531 0.766113 0.794141 0.766602 0.79375 0.766602 0.793359 0.76709 0.792188 0.76709 0.791406 0.768066 0.790234 0.768066 0.789453 0.769043 0.789062 0.769043 0.788672 0.769531 0.788281 0.769531 0.787891 0.77002 0.786719 0.77002 0.786328 0.770508 0.785156 0.770508 0.784766 0.770996 0.784375 0.770996 0.783984 0.771484 0.783594 0.771484 0.783203 0.771973 0.782813 0.771973 0.782422 0.772461 0.781641 0.772461 0.780859 0.773438 0.780469 0.773438 0.779687 0.774414 0.779297 0.774414 0.778906 0.774902 0.778516 0.774902 0.776563 0.777344 0.776172 0.777344 0.775781 0.777832 0.775 0.777832 0.773828 0.779297 0.773828 0.779785 0.773438 0.780273 0.772266 0.780273 0.771484 0.78125 0.771094 0.78125 0.769922 0.782715 0.768359 0.782715 0.767969 0.783203 0.767188 0.783203 0.766797 0.783691 0.766406 0.783691 0.766016 0.78418 0.765625 0.78418 0.765234 0.784668 0.764844 0.784668 0.764062 0.785645 0.760156 0.785645 0.759766 0.786133 0.758594 0.786133 0.758203 0.786621 0.757812 0.786621 0.757031 0.787598 0.756641 0.787598 0.75625 0.788086 0.755859 0.788086 0.755469 0.788574 0.753125 0.788574 0.752344 0.789551 0.751953 0.789551 0.751563 0.790039 0.750781 0.790039 0.75 0.791016 0.748047 0.791016 0.747656 0.791504 0.746484 0.791504 0.746094 0.791992 0.74375 0.791992 0.743359 0.79248 0.735938 0.79248 0.735156 0.793457 0.733594 0.793457 0.732422 0.794922 0.728906 0.794922 0.728516 0.79541 0.727344 0.79541 0.726562 0.796387 0.725391 0.796387 0.724609 0.797363 0.724219 0.797363 0.723828 0.797852 0.723437 0.797852 0.723047 0.79834 0.721875 0.79834 0.721484 0.798828 0.719141 0.798828 0.718359 0.799805 0.717969 0.799805 0.717187 0.800781 0.716406 0.800781 0.715625 0.801758 0.715234 0.801758 0.714453 0.802734 0.713672 0.802734 0.7125 0.804199 0.711328 0.804199 0.709766 0.806152 0.708984 0.806152 0.707812 0.807617 0.707812 0.808594 0.707031 0.80957 0.707031 0.815918 0.708203 0.817383 0.710547 0.817383 0.710938 0.817871 0.7125 0.817871 0.712891 0.817383 0.713281 0.817871 0.714844 0.817871 0.715234 0.817383 0.716016 0.817383 0.716406 0.817871 0.717969 0.817871 0.718359 0.817383 0.71875 0.817871 0.720313 0.817871 0.720703 0.817383 0.721094 0.817871 0.722656 0.817871 0.723047 0.817383 0.725781 0.817383 0.726172 0.817871 0.730469 0.817871 0.730859 0.817383 0.735156 0.817383 0.736328 0.815918 0.736719 0.815918 0.7375 0.814941 0.738672 0.814941 0.739453 0.813965 0.739844 0.813965 0.740625 0.812988 0.741016 0.812988 0.741797 0.812012 0.742969 0.812012 0.74375 0.811035 0.744922 0.811035 0.745313 0.810547 0.745703 0.810547 0.746094 0.810059 0.746875 0.810059 0.747266 0.80957 0.747656 0.80957 0.748047 0.809082 0.749219 0.809082 0.75 0.808105 0.752344 0.808105 0.753516 0.806641 0.753906 0.806641 0.755078 0.805176 0.755469 0.805176 0.756641 0.803711 0.757031 0.803711 0.757812 0.802734 0.759375 0.802734 0.759766 0.802246 0.761328 0.802246 0.762891 0.800293 0.763281 0.800293 0.763672 0.799805 0.764453 0.799805 0.765625 0.79834 0.766406 0.79834 0.767578 0.796875 0.767578 0.796387 0.769922 0.793457 0.771875 0.793457 0.772266 0.792969 0.773047 0.792969 0.774609 0.791016 0.775 0.791016 0.775391 0.790527 0.776172 0.790527 0.778125 0.788086 0.779297 0.788086 0.780469 0.786621 0.780859 0.786621 0.782422 0.784668 0.787109 0.784668 0.788672 0.782715 0.789062 0.782715 0.789453 0.782227 0.792578 0.782227 0.793359 0.78125 0.798047 0.78125 0.798438 0.780762 0.8 0.780762 0.800781 0.779785 0.801172 0.779785 0.801562 0.779297 0.803125 0.779297 0.803906 0.77832 0.804688 0.77832 0.807031 0.775391 0.807422 0.775391 0.808203 0.774414 0.808594 0.774414 0.809766 0.772949 0.809766 0.771484 0.810937 0.77002 0.810937 0.769043 0.812109 0.767578 0.812109 0.76123 0.810937 0.759766
1 0.989453 0.373047 0.988672 0.374023 0.9875 0.374023 0.985938 0.375977 0.985156 0.375977 0.983594 0.37793 0.983203 0.37793 0.982812 0.378418 0.982422 0.378418 0.982031 0.378906 0.981641 0.378906 0.98125 0.379395 0.980469 0.379395 0.980078 0.379883 0.978516 0.379883 0.978125 0.380371 0.976562 0.380371 0.976172 0.380859 0.975 0.380859 0.974609 0.381348 0.973437 0.381348 0.973047 0.381836 0.971875 0.381836 0.971484 0.382324 0.967578 0.382324 0.967187 0.382812 0.964844 0.382812 0.964453 0.383301 0.963672 0.383301 0.963281 0.383789 0.962891 0.383789 0.9625 0.384277 0.962109 0.384277 0.961328 0.385254 0.960156 0.385254 0.959766 0.385742 0.959375 0.385742 0.958984 0.38623 0.958594 0.38623 0.958203 0.386719 0.957812 0.386719 0.957422 0.387207 0.957031 0.387207 0.956641 0.387695 0.95625 0.387695 0.955859 0.388184 0.953906 0.388184 0.953125 0.38916 0.950781 0.38916 0.949609 0.390625 0.948828 0.390625 0.948047 0.391602 0.946875 0.391602 0.946484 0.39209 0.946094 0.39209 0.945703 0.392578 0.945312 0.392578 0.944922 0.393066 0.944141 0.393066 0.94375 0.393555 0.943359 0.393555 0.942969 0.394043 0.942578 0.394043 0.941406 0.395508 0.940234 0.395508 0.939453 0.396484 0.939063 0.396484 0.938281 0.397461 0.937891 0.397461 0.9375 0.397949 0.936328 0.397949 0.935937 0.398438 0.934375 0.398438 0.933984 0.398926 0.932422 0.398926 0.931641 0.399902 0.93125 0.399902 0.930859 0.400391 0.930469 0.400391 0.929688 0.401367 0.929297 0.401367 0.928125 0.402832 0.928125 0.40332 0.927344 0.404297 0.926562 0.404297 0.925781 0.405273 0.925391 0.405273 0.924219 0.406738 0.923828 0.406738 0.923438 0.407227 0.923438 0.407715 0.923047 0.408203 0.923047 0.408691 0.922266 0.409668 0.921484 0.409668 0.920703 0.410645 0.920312 0.410645 0.917969 0.413574 0.917969 0.414062 0.917188 0.415039 0.917188 0.415527 0.916797 0.416016 0.916406 0.416016 0.912891 0.42041 0.912891 0.425293 0.914062 0.426758 0.914062 0.427246 0.915234 0.428711 0.919531 0.428711 0.919922 0.428223 0.920312 0.428711 0.923047 0.428711 0.923828 0.427734 0.925391 0.427734 0.926172 0.426758 0.927734 0.426758 0.928125 0.42627 0.929688 0.42627 0.930469 0.425293 0.932031 0.425293 0.933203 0.423828 0.933984 0.423828 0.936328 0.420898 0.936328 0.42041 0.936719 0.419922 0.937891 0.419922 0.939063 0.418457 0.940234 0.418457 0.940625 0.417969 0.941406 0.417969 0.942578 0.416504 0.942969 0.416504 0.943359 0.416016 0.944531 0.416016 0.945312 0.415039 0.945703 0.415039 0.946094 0.414551 0.947266 0.414551 0.947656 0.414062 0.95 0.414062 0.951172 0.412598 0.951953 0.412598 0.953516 0.410645 0.954688 0.410645 0.95625 0.408691 0.957422 0.408691 0.957812 0.408203 0.958203 0.408691 0.959766 0.408691 0.960547 0.407715 0.962109 0.407715 0.9625 0.407227 0.962891 0.407227 0.963672 0.40625 0.964844 0.40625 0.965625 0.405273 0.967187 0.405273 0.967578 0.404785 0.967969 0.405273 0.969531 0.405273 0.969922 0.404785 0.971484 0.404785 0.972266 0.403809 0.974609 0.403809 0.975 0.40332 0.976953 0.40332 0.977734 0.402344 0.9875 0.402344 0.987891 0.401855 0.991016 0.401855 0.991797 0.400879 0.993359 0.400879 0.99375 0.400391 0.994531 0.400391 0.995313 0.399414 0.995703 0.399414 0.996875 0.397949 0.997266 0.397949 0.999609 0.39502 0.999609 0.37793 0.998828 0.376953 0.998437 0.376953 0.995313 0.373047
1 0.460156 0.708496 0.459766 0.708984 0.459375 0.708984 0.458203 0.710449 0.458203 0.711426 0.457031 0.712891 0.457031 0.724121 0.457813 0.725098 0.457813 0.749512 0.458203 0.75 0.458203 0.760254 0.458594 0.760742 0.458594 0.762695 0.458984 0.763184 0.458984 0.775879 0.459375 0.776367 0.459375 0.783203 0.460156 0.78418 0.460156 0.788086 0.460547 0.788574 0.460547 0.79834 0.460938 0.798828 0.460938 0.799805 0.461328 0.800293 0.461328 0.804199 0.462109 0.805176 0.462109 0.806641 0.4625 0.807129 0.4625 0.807617 0.463281 0.808594 0.463281 0.810547 0.463672 0.811035 0.463672 0.818848 0.464453 0.819824 0.464453 0.822754 0.464844 0.823242 0.464844 0.824219 0.465625 0.825195 0.465625 0.82666 0.466406 0.827637 0.466406 0.837402 0.466797 0.837891 0.466797 0.840332 0.467969 0.841797 0.467969 0.842773 0.46875 0.84375 0.46875 0.844238 0.469922 0.845703 0.471484 0.845703 0.472656 0.844238 0.472656 0.839355 0.473828 0.837891 0.473828 0.835449 0.473438 0.834961 0.473438 0.834473 0.473828 0.833984 0.473828 0.833496 0.475 0.832031 0.475 0.830078 0.474609 0.82959 0.474609 0.812988 0.473828 0.812012 0.473828 0.807617 0.473047 0.806641 0.473047 0.805176 0.472656 0.804688 0.472656 0.801758 0.472266 0.80127 0.472266 0.800293 0.471875 0.799805 0.471875 0.797363 0.471484 0.796875 0.471484 0.794922 0.471094 0.794434 0.471094 0.791992 0.470703 0.791504 0.470703 0.786133 0.470313 0.785645 0.470313 0.783203 0.469531 0.782227 0.469531 0.780273 0.46875 0.779297 0.46875 0.777344 0.468359 0.776855 0.468359 0.774902 0.467578 0.773926 0.467578 0.771484 0.46875 0.77002 0.46875 0.765137 0.468359 0.764648 0.468359 0.761719 0.467969 0.76123 0.468359 0.760742 0.468359 0.758789 0.467578 0.757812 0.467578 0.749023 0.467187 0.748535 0.467187 0.746582 0.467578 0.746094 0.467578 0.712891 0.467187 0.712402 0.467187 0.711426 0.465234 0.708984 0.464453 0.708984 0.464062 0.708496
1 0.867578 0.380859 0.866406 0.382324 0.866406 0.38623 0.865234 0.387695 0.865234 0.388184 0.863672 0.390137 0.863672 0.390625 0.863281 0.391113 0.863281 0.391602 0.862891 0.39209 0.862891 0.392578 0.8625 0.393066 0.862109 0.393066 0.859766 0.395996 0.859766 0.396484 0.858984 0.397461 0.858984 0.397949 0.858594 0.398438 0.858594 0.398926 0.857812 0.399902 0.857812 0.400391 0.856641 0.401855 0.856641 0.402344 0.855469 0.403809 0.855078 0.403809 0.853516 0.405762 0.853125 0.405762 0.851562 0.407715 0.851562 0.408691 0.851172 0.40918 0.851172 0.409668 0.850781 0.410156 0.850781 0.410645 0.849219 0.412598 0.849219 0.413086 0.848047 0.414551 0.848047 0.415527 0.847656 0.416016 0.847656 0.416504 0.846875 0.41748 0.846875 0.417969 0.846094 0.418945 0.846094 0.419434 0.845703 0.419922 0.845703 0.421875 0.844922 0.422852 0.844922 0.423828 0.844141 0.424805 0.844141 0.425293 0.84375 0.425781 0.84375 0.426758 0.843359 0.427246 0.843359 0.427734 0.842969 0.428223 0.842969 0.431641 0.842578 0.432129 0.842578 0.435547 0.842187 0.436035 0.842187 0.437012 0.841797 0.4375 0.841797 0.437988 0.841406 0.438477 0.841406 0.439941 0.840625 0.440918 0.840625 0.442871 0.840234 0.443359 0.840234 0.444336 0.839844 0.444824 0.839844 0.445312 0.839453 0.445801 0.839453 0.446289 0.839063 0.446777 0.839063 0.447266 0.838672 0.447754 0.838672 0.448242 0.838281 0.44873 0.838281 0.455566 0.8375 0.456543 0.8375 0.458984 0.837109 0.459473 0.837109 0.460938 0.835938 0.462402 0.835938 0.468262 0.835156 0.469238 0.835156 0.470703 0.834375 0.47168 0.834375 0.478027 0.833984 0.478516 0.833984 0.490723 0.833203 0.491699 0.833203 0.503418 0.834375 0.504883 0.835938 0.504883 0.836328 0.504395 0.836719 0.504395 0.839844 0.500488 0.839844 0.49707 0.840234 0.496582 0.840234 0.495117 0.841406 0.493652 0.841406 0.492188 0.842187 0.491211 0.842187 0.48877 0.842578 0.488281 0.842578 0.487793 0.843359 0.486816 0.843359 0.486328 0.844141 0.485352 0.844141 0.484375 0.844531 0.483887 0.844531 0.481445 0.845313 0.480469 0.845313 0.479492 0.845703 0.479004 0.845703 0.477051 0.846484 0.476074 0.846484 0.473633 0.846875 0.473145 0.846875 0.47168 0.848828 0.469238 0.848828 0.467773 0.849609 0.466797 0.849609 0.464844 0.85 0.464355 0.85 0.463867 0.850781 0.462891 0.850781 0.461426 0.851953 0.459961 0.851953 0.458008 0.852734 0.457031 0.852734 0.456055 0.853125 0.455566 0.853125 0.45459 0.853906 0.453613 0.853906 0.452148 0.854297 0.45166 0.854297 0.449219 0.855078 0.448242 0.855078 0.445801 0.855469 0.445312 0.855469 0.444336 0.855859 0.443848 0.855859 0.443359 0.856641 0.442383 0.856641 0.437012 0.857422 0.436035 0.857422 0.435547 0.859375 0.433105 0.859375 0.431152 0.858984 0.430664 0.858984 0.429688 0.859375 0.429199 0.859375 0.427734 0.859766 0.427246 0.859766 0.426758 0.860156 0.42627 0.860156 0.425293 0.860547 0.424805 0.860547 0.424316 0.860938 0.423828 0.860938 0.422852 0.861719 0.421875 0.861719 0.418945 0.8625 0.417969 0.8625 0.416504 0.862891 0.416016 0.862891 0.415527 0.863281 0.415039 0.863281 0.414551 0.863672 0.414062 0.863672 0.413574 0.864062 0.413086 0.864062 0.412598 0.864844 0.411621 0.864844 0.410156 0.866016 0.408691 0.866016 0.407715 0.866406 0.407227 0.866797 0.407227 0.867969 0.405762 0.867969 0.405273 0.869141 0.403809 0.869141 0.402832 0.869531 0.402344 0.869531 0.401855 0.870313 0.400879 0.870313 0.397949 0.871094 0.396973 0.871094 0.393066 0.871484 0.392578 0.871484 0.38916 0.871094 0.388672 0.871094 0.386719 0.870313 0.385742 0.870313 0.382324 0.869141 0.380859
1 0.466797 0.731934 0.466406 0.737305 0.469531 0.744629 0.471875 0.74707 0.477344 0.749512 0.482031 0.749512 0.485547 0.747559 0.487109 0.745605 0.4875 0.743164 0.486328 0.739746 0.482422 0.735352 0.474609 0.730957 0.471484 0.72998 0.468359 0.730469
1 0.447656 0.895996 0.446484 0.897461 0.446484 0.915039 0.447656 0.916504 0.447656 0.916992 0.448047 0.91748 0.448047 0.917969 0.448437 0.918457 0.448437 0.919434 0.449609 0.920898 0.449609 0.921875 0.450781 0.92334 0.451172 0.92334 0.451562 0.923828 0.451562 0.924316 0.453906 0.927246 0.455078 0.927246 0.455859 0.928223 0.455859 0.928711 0.457031 0.930176 0.457422 0.930176 0.458203 0.931152 0.458984 0.931152 0.461328 0.934082 0.461719 0.934082 0.462109 0.93457 0.462109 0.935059 0.463281 0.936523 0.464062 0.936523 0.464453 0.937012 0.464844 0.937012 0.46875 0.941895 0.469141 0.941895 0.469531 0.942383 0.469922 0.942383 0.470313 0.942871 0.470703 0.942871 0.471094 0.943359 0.471484 0.943359 0.471875 0.943848 0.472266 0.943848 0.472656 0.944336 0.474219 0.944336 0.474609 0.944824 0.475 0.944824 0.476562 0.946777 0.476953 0.946777 0.481641 0.952637 0.482812 0.952637 0.483203 0.953125 0.483984 0.953125 0.484375 0.953613 0.485938 0.953613 0.486328 0.954102 0.487109 0.954102 0.488281 0.955566 0.488672 0.955566 0.490234 0.95752 0.490625 0.95752 0.491406 0.958496 0.491797 0.958496 0.492188 0.958984 0.494141 0.958984 0.495312 0.960449 0.496484 0.960449 0.496875 0.960938 0.497656 0.960938 0.498437 0.961914 0.498828 0.961914 0.499609 0.962891 0.5 0.962891 0.500781 0.963867 0.501172 0.963867 0.502734 0.96582 0.504297 0.96582 0.504687 0.965332 0.507422 0.965332 0.507812 0.96582 0.510156 0.96582 0.510938 0.966797 0.511328 0.966797 0.511719 0.967285 0.512109 0.967285 0.5125 0.967773 0.512891 0.967773 0.514453 0.969727 0.515234 0.969727 0.520703 0.976562 0.520703 0.977051 0.521484 0.978027 0.521484 0.979004 0.521875 0.979492 0.521875 0.97998 0.522266 0.980469 0.522266 0.980957 0.527344 0.987305 0.527344 0.987793 0.529297 0.990234 0.529297 0.990723 0.53125 0.993164 0.53125 0.993652 0.532031 0.994629 0.532031 0.996094 0.534766 0.999512 0.540234 0.999512 0.540234 0.998047 0.539062 0.996582 0.537891 0.996582 0.535937 0.994141 0.535937 0.992676 0.535547 0.992188 0.535547 0.991699 0.533984 0.989746 0.533984 0.989258 0.532031 0.986816 0.532031 0.986328 0.525781 0.978516 0.525781 0.977539 0.525391 0.977051 0.525391 0.976562 0.525 0.976074 0.525 0.975586 0.524219 0.974609 0.524219 0.974121 0.523438 0.973145 0.523438 0.972656 0.522266 0.971191 0.521875 0.971191 0.519141 0.967773 0.519141 0.966309 0.519531 0.96582 0.519922 0.96582 0.521875 0.968262 0.522266 0.968262 0.522656 0.96875 0.523047 0.96875 0.523828 0.969727 0.523828 0.970703 0.525 0.972168 0.525391 0.972168 0.526172 0.973145 0.526563 0.973145 0.528125 0.975098 0.530469 0.975098 0.530859 0.975586 0.53125 0.975586 0.531641 0.976074 0.533203 0.976074 0.533594 0.976562 0.533984 0.976562 0.534375 0.977051 0.534766 0.977051 0.536328 0.979004 0.536719 0.979004 0.5375 0.97998 0.538672 0.97998 0.539844 0.981445 0.540234 0.981445 0.540625 0.981934 0.540625 0.983887 0.541797 0.985352 0.54375 0.985352 0.544922 0.986816 0.545312 0.986816 0.545703 0.987305 0.546094 0.987305 0.546484 0.987793 0.546875 0.987793 0.549219 0.990723 0.550781 0.990723 0.551562 0.991699 0.551953 0.991699 0.553516 0.993652 0.554688 0.993652 0.556641 0.996094 0.557422 0.996094 0.560156 0.999512 0.564844 0.999512 0.564063 0.998535 0.564063 0.997559 0.563672 0.99707 0.563672 0.996582 0.5625 0.995117 0.562109 0.995117 0.561328 0.994141 0.561328 0.992676 0.560937 0.992188 0.560937 0.991699 0.560547 0.991211 0.558203 0.991211 0.55625 0.98877 0.555469 0.98877 0.555078 0.988281 0.554688 0.988281 0.553906 0.987305 0.553516 0.987305 0.552734 0.986328 0.552344 0.986328 0.551953 0.98584 0.550781 0.98584 0.548828 0.983398 0.548828 0.981934 0.547656 0.980469 0.546094 0.980469 0.545703 0.97998 0.545703 0.979492 0.544141 0.977539 0.54375 0.977539 0.543359 0.977051 0.542969 0.977051 0.541406 0.975098 0.541016 0.975098 0.540234 0.974121 0.538281 0.974121 0.537891 0.973633 0.5375 0.973633 0.537109 0.973145 0.536719 0.973145 0.536328 0.972656 0.535937 0.972656 0.535547 0.972168 0.535156 0.972168 0.534766 0.97168 0.534375 0.97168 0.533984 0.971191 0.533203 0.971191 0.532813 0.970703 0.532422 0.970703 0.532031 0.970215 0.530078 0.970215 0.529687 0.969727 0.529297 0.969727 0.528516 0.96875 0.528125 0.96875 0.527734 0.968262 0.527734 0.967773 0.526172 0.96582 0.526172 0.965332 0.525391 0.964355 0.525 0.964355 0.524609 0.963867 0.524219 0.963867 0.523828 0.963379 0.523438 0.963379 0.521094 0.960449 0.520703 0.960449 0.520312 0.959961 0.519922 0.959961 0.519531 0.959473 0.517969 0.959473 0.511328 0.951172 0.510938 0.951172 0.510547 0.950684 0.510547 0.950195 0.509375 0.94873 0.508984 0.94873 0.508203 0.947754 0.507812 0.947754 0.50625 0.945801 0.505859 0.945801 0.505078 0.944824 0.504687 0.944824 0.503906 0.943848 0.503516 0.943848 0.503125 0.943359 0.502734 0.943359 0.501953 0.942383 0.501563 0.942383 0.500781 0.941406 0.500391 0.941406 0.5 0.940918 0.499219 0.940918 0.498047 0.939453 0.497656 0.939453 0.496875 0.938477 0.494922 0.938477 0.494531 0.937988 0.494141 0.937988 0.49375 0.9375 0.493359 0.9375 0.492578 0.936523 0.492578 0.936035 0.491797 0.935059 0.491797 0.93457 0.490625 0.933105 0.488281 0.933105 0.4875 0.932129 0.4875 0.931641 0.486328 0.930176 0.485547 0.930176 0.485156 0.929688 0.484766 0.929688 0.484375 0.929199 0.483984 0.929199 0.483594 0.928711 0.483203 0.928711 0.482812 0.928223 0.482422 0.928223 0.482031 0.927734 0.480859 0.927734 0.479687 0.92627 0.478906 0.92627 0.477734 0.924805 0.477344 0.924805 0.476953 0.924316 0.476562 0.924316 0.476172 0.923828 0.475781 0.923828 0.475391 0.92334 0.475 0.92334 0.474609 0.922852 0.474219 0.922852 0.473828 0.922363 0.472656 0.922363 0.471484 0.920898 0.471094 0.920898 0.469922 0.919434 0.469922 0.918945 0.469141 0.917969 0.46875 0.917969 0.468359 0.91748 0.467969 0.91748 0.467578 0.916992 0.466406 0.916992 0.466016 0.916504 0.465625 0.916504 0.465234 0.916016 0.464844 0.916016 0.464062 0.915039 0.464062 0.914551 0.4625 0.912598 0.4625 0.912109 0.462109 0.911621 0.460156 0.911621 0.459766 0.911133 0.459766 0.910645 0.459375 0.910156 0.459375 0.909668 0.458594 0.908691 0.458203 0.908691 0.457813 0.908203 0.457422 0.908203 0.457031 0.907715 0.45625 0.907715 0.454688 0.905762 0.454688 0.903809 0.453516 0.902344 0.453125 0.902344 0.451562 0.900391 0.451562 0.897461 0.450391 0.895996
1 0.639453 0.693848 0.639062 0.694336 0.637109 0.694336 0.636328 0.695312 0.635938 0.695312 0.634766 0.696777 0.633594 0.696777 0.632422 0.698242 0.632422 0.69873 0.632031 0.699219 0.631641 0.699219 0.630469 0.700684 0.630469 0.70166 0.630078 0.702148 0.630078 0.703613 0.629297 0.70459 0.629297 0.713379 0.630078 0.714355 0.630078 0.714844 0.630469 0.715332 0.630469 0.71582 0.631641 0.717285 0.632031 0.717285 0.632422 0.717773 0.632812 0.717773 0.633203 0.718262 0.633203 0.71875 0.634375 0.720215 0.639062 0.720215 0.640234 0.72168 0.641016 0.72168 0.641406 0.722168 0.641797 0.722168 0.642188 0.722656 0.642578 0.722656 0.642969 0.723145 0.646484 0.723145 0.646875 0.723633 0.647656 0.723633 0.648047 0.724121 0.648438 0.724121 0.648828 0.724609 0.649219 0.724609 0.65 0.725586 0.650391 0.725586 0.650781 0.726074 0.652344 0.726074 0.653516 0.727539 0.653906 0.727539 0.655078 0.729004 0.655469 0.729004 0.655859 0.729492 0.65625 0.729492 0.656641 0.72998 0.657031 0.72998 0.657422 0.730469 0.657813 0.730469 0.658203 0.730957 0.658594 0.730957 0.658984 0.731445 0.659375 0.731445 0.660547 0.73291 0.660937 0.73291 0.661719 0.733887 0.662109 0.733887 0.662891 0.734863 0.663281 0.734863 0.664062 0.73584 0.664453 0.73584 0.665234 0.736816 0.665625 0.736816 0.666797 0.738281 0.667969 0.738281 0.668359 0.73877 0.66875 0.73877 0.670312 0.740723 0.670703 0.740723 0.671484 0.741699 0.671875 0.741699 0.672266 0.742188 0.672656 0.742188 0.673438 0.743164 0.673828 0.743164 0.674219 0.743652 0.675 0.743652 0.676953 0.746094 0.678125 0.746094 0.678906 0.74707 0.680078 0.74707 0.68125 0.748535 0.682813 0.748535 0.683203 0.749023 0.683203 0.749512 0.684375 0.750977 0.686328 0.750977 0.686719 0.751465 0.6875 0.751465 0.688281 0.752441 0.689453 0.752441 0.690625 0.753906 0.693359 0.753906 0.69375 0.754395 0.694531 0.754395 0.695312 0.755371 0.698438 0.755371 0.699219 0.754395 0.700781 0.754395 0.701172 0.753906 0.703125 0.753906 0.704297 0.752441 0.705469 0.752441 0.706641 0.750977 0.707422 0.750977 0.708594 0.749512 0.708594 0.744141 0.708203 0.743652 0.708203 0.742676 0.707422 0.741699 0.707422 0.741211 0.706641 0.740234 0.706641 0.738281 0.705469 0.736816 0.705078 0.736816 0.703906 0.735352 0.703906 0.734863 0.703516 0.734375 0.703125 0.734375 0.702734 0.733887 0.701953 0.733887 0.701562 0.733398 0.700391 0.733398 0.7 0.73291 0.698828 0.73291 0.698438 0.732422 0.697266 0.732422 0.696875 0.731934 0.69375 0.731934 0.692969 0.730957 0.692578 0.730957 0.692187 0.730469 0.684766 0.730469 0.684375 0.72998 0.682422 0.72998 0.681641 0.729004 0.68125 0.729004 0.680469 0.728027 0.678906 0.728027 0.678516 0.727539 0.678516 0.726562 0.677344 0.725098 0.676562 0.725098 0.676172 0.724609 0.676172 0.724121 0.672656 0.719727 0.672266 0.719727 0.671875 0.719238 0.671484 0.719238 0.670703 0.718262 0.670312 0.718262 0.669531 0.717285 0.669141 0.717285 0.667969 0.71582 0.666797 0.71582 0.666406 0.715332 0.665234 0.715332 0.663672 0.713379 0.663672 0.712891 0.662891 0.711914 0.662891 0.711426 0.661719 0.709961 0.661328 0.709961 0.659766 0.708008 0.659766 0.70752 0.658594 0.706055 0.657422 0.706055 0.657031 0.705566 0.657031 0.705078 0.655859 0.703613 0.655078 0.703613 0.654687 0.703125 0.654687 0.702637 0.654297 0.702148 0.654297 0.701172 0.652344 0.69873 0.652344 0.698242 0.651172 0.696777 0.650391 0.696777 0.649219 0.695312 0.648828 0.695312 0.648047 0.694336 0.647266 0.694336 0.646875 0.693848
1 0.989453 0.304199 0.988281 0.305664 0.988281 0.306641 0.987109 0.308105 0.986719 0.308105 0.986328 0.308594 0.984375 0.308594 0.983594 0.30957 0.983203 0.30957 0.982812 0.310059 0.982422 0.310059 0.982031 0.310547 0.98125 0.310547 0.980859 0.311035 0.980469 0.311035 0.980078 0.311523 0.979688 0.311523 0.978906 0.3125 0.977734 0.3125 0.976562 0.313965 0.975781 0.313965 0.975391 0.314453 0.974219 0.314453 0.973828 0.314941 0.972656 0.314941 0.972266 0.31543 0.971094 0.31543 0.970703 0.315918 0.970313 0.315918 0.969922 0.316406 0.969922 0.316895 0.969531 0.317383 0.966797 0.317383 0.966406 0.317871 0.965625 0.317871 0.964844 0.318848 0.963672 0.318848 0.963281 0.319336 0.961719 0.319336 0.960938 0.320312 0.960156 0.320312 0.959766 0.320801 0.957422 0.320801 0.957031 0.321289 0.955859 0.321289 0.955469 0.321777 0.953906 0.321777 0.952734 0.323242 0.950781 0.323242 0.95 0.324219 0.947656 0.324219 0.947266 0.324707 0.946094 0.324707 0.945703 0.325195 0.945312 0.325195 0.94375 0.327148 0.941016 0.327148 0.940234 0.328125 0.939844 0.328125 0.939453 0.328613 0.938672 0.328613 0.9375 0.330078 0.935547 0.330078 0.934766 0.331055 0.934375 0.331055 0.933203 0.33252 0.933203 0.333008 0.932813 0.333496 0.932031 0.333496 0.931641 0.333984 0.93125 0.333984 0.930078 0.335449 0.930078 0.342285 0.93125 0.34375 0.935937 0.34375 0.936328 0.343262 0.938281 0.343262 0.938672 0.34375 0.940234 0.34375 0.941406 0.342285 0.941797 0.342285 0.942187 0.341797 0.943359 0.341797 0.94375 0.341309 0.946875 0.341309 0.947656 0.340332 0.949219 0.340332 0.949609 0.339844 0.951172 0.339844 0.951953 0.338867 0.954688 0.338867 0.955078 0.338379 0.959766 0.338379 0.960547 0.337402 0.961719 0.337402 0.9625 0.336426 0.966406 0.336426 0.966797 0.335938 0.967578 0.335938 0.967969 0.336426 0.969531 0.336426 0.969922 0.335938 0.972656 0.335938 0.973047 0.336426 0.976953 0.336426 0.977344 0.335938 0.979297 0.335938 0.980078 0.334961 0.980859 0.334961 0.98125 0.334473 0.983594 0.334473 0.983984 0.333984 0.984375 0.333984 0.984766 0.333496 0.985547 0.333496 0.985938 0.333008 0.9875 0.333008 0.988281 0.332031 0.992188 0.332031 0.993359 0.330566 0.995703 0.330566 0.996875 0.329102 0.997656 0.329102 0.998828 0.327637 0.999609 0.327637 0.999609 0.318359 0.999219 0.318848 0.999219 0.320312 0.998828 0.320801 0.998437 0.320801 0.997266 0.322266 0.997266 0.322754 0.996094 0.324219 0.995703 0.324219 0.995313 0.324707 0.994922 0.324707 0.994141 0.325684 0.992969 0.325684 0.992578 0.326172 0.991406 0.326172 0.990625 0.327148 0.987109 0.327148 0.986328 0.328125 0.984766 0.328125 0.984375 0.328613 0.983594 0.328613 0.983203 0.329102 0.982812 0.329102 0.982422 0.32959 0.980469 0.32959 0.980078 0.330078 0.978516 0.330078 0.977734 0.331055 0.977344 0.331055 0.976953 0.331543 0.961719 0.331543 0.961328 0.332031 0.960156 0.332031 0.959766 0.33252 0.959375 0.33252 0.958594 0.333496 0.954688 0.333496 0.954297 0.333984 0.950781 0.333984 0.95 0.334961 0.949609 0.334961 0.949219 0.335449 0.946094 0.335449 0.945312 0.336426 0.943359 0.336426 0.942969 0.336914 0.941016 0.336914 0.940625 0.337402 0.939844 0.337402 0.939453 0.337891 0.939063 0.337891 0.938672 0.338379 0.938281 0.338379 0.937891 0.338867 0.934375 0.338867 0.933984 0.338379 0.934766 0.337402 0.935156 0.337402 0.937109 0.334961 0.937891 0.334961 0.938281 0.334473 0.939453 0.334473 0.940625 0.333008 0.941406 0.333008 0.942187 0.332031 0.944922 0.332031 0.946094 0.330566 0.946484 0.330566 0.947266 0.32959 0.947656 0.32959 0.948047 0.329102 0.951953 0.329102 0.952734 0.328125 0.953516 0.328125 0.953906 0.327637 0.954688 0.327637 0.955469 0.32666 0.957422 0.32666 0.958203 0.325684 0.959766 0.325684 0.960156 0.325195 0.961719 0.325195 0.9625 0.324219 0.963281 0.324219 0.963672 0.32373 0.965234 0.32373 0.966016 0.322754 0.967578 0.322754 0.967969 0.322266 0.971484 0.322266 0.973437 0.319824 0.975781 0.319824 0.976562 0.318848 0.978125 0.318848 0.978516 0.318359 0.978906 0.318359 0.979688 0.317383 0.980469 0.317383 0.980859 0.316895 0.981641 0.316895 0.982812 0.31543 0.983203 0.31543 0.983594 0.314941 0.984766 0.314941 0.985938 0.313477 0.986719 0.313477 0.987109 0.312988 0.989062 0.312988 0.991016 0.310547 0.993359 0.310547 0.99375 0.311035 0.99375 0.311523 0.994922 0.312988 0.999609 0.312988 0.999609 0.308105 0.997266 0.308105 0.996484 0.307129 0.996094 0.307129 0.995703 0.306641 0.995313 0.306641 0.994531 0.305664 0.993359 0.305664 0.992188 0.304199
1 0.299219 0.54541 0.298828 0.545898 0.296094 0.545898 0.294141 0.54834 0.294141 0.553223 0.294531 0.553711 0.294531 0.554199 0.294922 0.554688 0.294922 0.555176 0.295703 0.556152 0.295703 0.556641 0.297266 0.558594 0.297266 0.559082 0.297656 0.55957 0.298047 0.55957 0.301563 0.563965 0.302734 0.563965 0.303125 0.564453 0.303906 0.564453 0.304297 0.564941 0.305078 0.564941 0.30625 0.566406 0.310937 0.566406 0.311328 0.566895 0.313672 0.566895 0.314063 0.567383 0.315625 0.567383 0.316016 0.567871 0.325781 0.567871 0.326172 0.567383 0.326562 0.567871 0.330469 0.567871 0.330859 0.567383 0.332813 0.567383 0.333203 0.567871 0.335156 0.567871 0.335547 0.568359 0.337891 0.568359 0.338281 0.567871 0.338672 0.568359 0.339844 0.568359 0.340625 0.569336 0.342187 0.569336 0.342578 0.568848 0.34375 0.568848 0.344141 0.569336 0.345703 0.569336 0.346094 0.569824 0.346484 0.569824 0.347266 0.570801 0.348047 0.570801 0.348438 0.571289 0.349219 0.571289 0.349609 0.571777 0.35 0.571777 0.350391 0.572266 0.352734 0.572266 0.353125 0.571777 0.353516 0.572266 0.354297 0.572266 0.354687 0.572754 0.355078 0.572754 0.355859 0.57373 0.357812 0.57373 0.358203 0.574219 0.358594 0.574219 0.358984 0.574707 0.359375 0.574707 0.359766 0.575195 0.361328 0.575195 0.362109 0.576172 0.3625 0.576172 0.363281 0.577148 0.363672 0.577148 0.364063 0.577637 0.364453 0.577637 0.365234 0.578613 0.366406 0.578613 0.366797 0.579102 0.367188 0.579102 0.367578 0.57959 0.367969 0.57959 0.36875 0.580566 0.369141 0.580566 0.369922 0.581543 0.371094 0.581543 0.372266 0.583008 0.372656 0.583008 0.373828 0.584473 0.375 0.584473 0.375391 0.584961 0.375391 0.585449 0.376172 0.586426 0.376563 0.586426 0.376953 0.586914 0.377344 0.586914 0.378125 0.587891 0.378516 0.587891 0.379297 0.588867 0.379297 0.589844 0.379688 0.590332 0.379688 0.59082 0.380078 0.591309 0.380078 0.591797 0.380469 0.592285 0.380469 0.592773 0.380859 0.593262 0.380859 0.59375 0.38125 0.594238 0.38125 0.594727 0.381641 0.595215 0.381641 0.595703 0.382031 0.596191 0.382031 0.59668 0.382422 0.597168 0.382422 0.597656 0.382812 0.598145 0.382812 0.605469 0.383203 0.605957 0.383203 0.607422 0.383594 0.60791 0.383594 0.608398 0.383984 0.608887 0.383984 0.609863 0.384375 0.610352 0.384375 0.614746 0.384766 0.615234 0.384766 0.619141 0.385156 0.619629 0.385156 0.620605 0.385547 0.621094 0.385547 0.635254 0.385937 0.635742 0.385937 0.63916 0.386328 0.639648 0.386328 0.640625 0.386719 0.641113 0.386719 0.648438 0.387109 0.648926 0.387109 0.661621 0.3875 0.662109 0.3875 0.664062 0.387891 0.664551 0.387891 0.687988 0.388281 0.688477 0.388281 0.691895 0.388672 0.692383 0.388672 0.693848 0.389062 0.694336 0.389062 0.702637 0.389453 0.703125 0.389453 0.705078 0.389844 0.705566 0.389844 0.70752 0.390234 0.708008 0.390234 0.709473 0.390625 0.709961 0.390625 0.710938 0.391016 0.711426 0.391016 0.71875 0.391406 0.719238 0.391406 0.720703 0.392188 0.72168 0.392188 0.725586 0.393359 0.727051 0.394922 0.727051 0.396094 0.725586 0.396094 0.721191 0.395313 0.720215 0.395313 0.71875 0.396484 0.717285 0.396484 0.714844 0.397266 0.713867 0.397266 0.710449 0.398047 0.709473 0.398047 0.705566 0.398438 0.705078 0.398438 0.703613 0.399219 0.702637 0.399219 0.693359 0.400391 0.691895 0.400391 0.689941 0.400781 0.689453 0.400781 0.687012 0.400391 0.686523 0.400391 0.686035 0.400781 0.685547 0.400781 0.683594 0.401562 0.682617 0.401562 0.679199 0.402344 0.678223 0.402344 0.677246 0.402734 0.676758 0.402734 0.675781 0.403516 0.674805 0.403516 0.668945 0.403906 0.668457 0.403906 0.630371 0.403516 0.629883 0.403516 0.628906 0.403906 0.628418 0.403906 0.626465 0.403516 0.625977 0.403516 0.625 0.403906 0.624512 0.403906 0.614258 0.403516 0.61377 0.403516 0.611816 0.402734 0.61084 0.402734 0.610352 0.402344 0.609863 0.402344 0.608887 0.400781 0.606934 0.400781 0.604492 0.400391 0.604004 0.400391 0.603516 0.399609 0.602539 0.399609 0.602051 0.399219 0.601562 0.399219 0.601074 0.398047 0.599609 0.397656 0.599609 0.394922 0.596191 0.394922 0.594727 0.394141 0.59375 0.394141 0.593262 0.392969 0.591797 0.392578 0.591797 0.392188 0.591309 0.392188 0.59082 0.391797 0.590332 0.391797 0.589844 0.391016 0.588867 0.391016 0.588379 0.390625 0.587891 0.390625 0.587402 0.389453 0.585938 0.389453 0.584961 0.386719 0.581543 0.386719 0.581055 0.385547 0.57959 0.385547 0.579102 0.385156 0.578613 0.385156 0.578125 0.384375 0.577148 0.384375 0.57666 0.383984 0.576172 0.383984 0.575684 0.382812 0.574219 0.382422 0.574219 0.382031 0.57373 0.380469 0.57373 0.379688 0.572754 0.379297 0.572754 0.378125 0.571289 0.377344 0.571289 0.376563 0.570312 0.373828 0.570312 0.372656 0.568848 0.371484 0.568848 0.371094 0.568359 0.370703 0.568359 0.369922 0.567383 0.367969 0.567383 0.367188 0.566406 0.366797 0.566406 0.366016 0.56543 0.365625 0.56543 0.364844 0.564453 0.364063 0.564453 0.363672 0.563965 0.363281 0.563965 0.362891 0.563477 0.3625 0.563477 0.361719 0.5625 0.361328 0.5625 0.360938 0.562012 0.360547 0.562012 0.358203 0.559082 0.35625 0.559082 0.355469 0.558105 0.355078 0.558105 0.354687 0.557617 0.354297 0.557617 0.353906 0.557129 0.353516 0.557129 0.353125 0.556641 0.352734 0.556641 0.352344 0.556152 0.351953 0.556152 0.351562 0.555664 0.351172 0.555664 0.350781 0.555176 0.350391 0.555176 0.348438 0.552734 0.346875 0.552734 0.346484 0.552246 0.344922 0.552246 0.344141 0.55127 0.342578 0.55127 0.341016 0.549316 0.336719 0.549316 0.336328 0.548828 0.334766 0.548828 0.334375 0.54834 0.331641 0.54834 0.33125 0.547852 0.330078 0.547852 0.329688 0.547363 0.328516 0.547363 0.328125 0.546875 0.327344 0.546875 0.326953 0.546387 0.325391 0.546387 0.325 0.545898 0.315234 0.545898 0.314844 0.54541
1 0.726953 0.429688 0.725 0.430176 0.723437 0.431641 0.723437 0.435547 0.724219 0.436523 0.731641 0.437988 0.735156 0.439941 0.740234 0.440918 0.744531 0.443848 0.75 0.445312 0.755469 0.44873 0.762891 0.456543 0.772656 0.470703 0.775391 0.479492 0.778125 0.494141 0.778906 0.507324 0.777344 0.513184 0.774609 0.51709 0.773047 0.522461 0.767969 0.530273 0.766016 0.531738 0.760938 0.538574 0.758984 0.539551 0.755469 0.544434 0.750781 0.548828 0.748047 0.554199 0.74375 0.557129 0.742969 0.560547 0.744922 0.561035 0.753906 0.556641 0.760156 0.552246 0.767578 0.544922 0.769922 0.543457 0.775781 0.537109 0.781641 0.529297 0.787109 0.51709 0.789062 0.507812 0.789453 0.484863 0.788281 0.473633 0.785547 0.462891 0.783984 0.460449 0.780469 0.450195 0.771875 0.440918 0.767188 0.438965 0.759766 0.437988 0.751172 0.434082 0.746875 0.430664 0.741797 0.429688
1 0.102344 0.397461 0.101953 0.397949 0.101562 0.397949 0.100391 0.399414 0.100391 0.412109 0.101562 0.413574 0.101562 0.415039 0.102734 0.416504 0.102734 0.416992 0.103516 0.417969 0.103516 0.418457 0.104297 0.419434 0.104297 0.419922 0.105078 0.420898 0.105078 0.421387 0.105469 0.421875 0.105469 0.422363 0.10625 0.42334 0.10625 0.423828 0.108203 0.42627 0.109375 0.42627 0.110156 0.427246 0.110937 0.427246 0.113281 0.430176 0.114062 0.430176 0.119531 0.437012 0.119531 0.4375 0.120703 0.438965 0.120703 0.439453 0.121484 0.44043 0.121484 0.441895 0.122656 0.443359 0.122656 0.443848 0.123047 0.444336 0.123047 0.446289 0.124219 0.447754 0.124219 0.448242 0.124609 0.44873 0.124609 0.450684 0.125781 0.452148 0.126172 0.452148 0.126562 0.452637 0.126562 0.45459 0.127344 0.455566 0.127344 0.456543 0.128125 0.45752 0.128125 0.458496 0.131641 0.462891 0.131641 0.463867 0.135156 0.468262 0.135547 0.468262 0.136328 0.469238 0.136719 0.469238 0.137891 0.470703 0.138281 0.470703 0.139063 0.47168 0.139453 0.47168 0.139844 0.472168 0.140234 0.472168 0.140625 0.472656 0.141016 0.472656 0.141406 0.473145 0.141797 0.473145 0.142187 0.473633 0.142578 0.473633 0.142969 0.474121 0.143359 0.474121 0.144141 0.475098 0.144922 0.475098 0.145313 0.475586 0.145703 0.475586 0.146484 0.476562 0.147266 0.476562 0.148438 0.478027 0.148828 0.478027 0.149609 0.479004 0.150391 0.479004 0.150781 0.479492 0.151562 0.479492 0.151953 0.47998 0.152734 0.47998 0.153125 0.480469 0.153906 0.480469 0.154297 0.480957 0.154688 0.480957 0.155469 0.481934 0.155859 0.481934 0.15625 0.482422 0.156641 0.482422 0.157031 0.48291 0.157422 0.48291 0.157812 0.483398 0.158203 0.483398 0.158594 0.483887 0.158984 0.483887 0.159375 0.484375 0.159766 0.484375 0.160156 0.484863 0.160547 0.484863 0.161328 0.48584 0.162109 0.48584 0.1625 0.486328 0.162891 0.486328 0.163281 0.486816 0.163672 0.486816 0.164844 0.488281 0.166016 0.488281 0.167578 0.490234 0.169141 0.490234 0.169531 0.490723 0.170313 0.490723 0.171875 0.492676 0.172656 0.492676 0.174219 0.494629 0.175 0.494629 0.175781 0.495605 0.176172 0.495605 0.176953 0.496582 0.177344 0.496582 0.177734 0.49707 0.178516 0.49707 0.179297 0.498047 0.180078 0.498047 0.180469 0.498535 0.180859 0.498535 0.18125 0.499023 0.181641 0.499023 0.182031 0.499512 0.182422 0.499512 0.182812 0.5 0.183203 0.5 0.184375 0.501465 0.185938 0.501465 0.186328 0.501953 0.187109 0.501953 0.187891 0.50293 0.190625 0.50293 0.191016 0.503418 0.191797 0.503418 0.192188 0.503906 0.19375 0.503906 0.194141 0.504395 0.198828 0.504395 0.199219 0.503906 0.200391 0.503906 0.201953 0.501953 0.201953 0.499023 0.2 0.496582 0.199609 0.496582 0.198437 0.495117 0.198047 0.495117 0.196484 0.493164 0.196094 0.493164 0.195703 0.492676 0.194922 0.492676 0.194141 0.491699 0.192969 0.491699 0.192578 0.491211 0.191797 0.491211 0.191406 0.490723 0.186328 0.490723 0.185938 0.490234 0.185156 0.490234 0.184766 0.489746 0.183594 0.489746 0.182031 0.487793 0.181641 0.487793 0.18125 0.487305 0.178906 0.487305 0.178516 0.486816 0.178125 0.486816 0.177734 0.486328 0.176172 0.486328 0.175781 0.48584 0.174609 0.48584 0.174219 0.485352 0.173828 0.485352 0.173047 0.484375 0.172656 0.484375 0.171875 0.483398 0.170703 0.483398 0.169141 0.481445 0.16875 0.481445 0.167578 0.47998 0.166797 0.47998 0.166406 0.479492 0.166016 0.479492 0.165625 0.479004 0.165234 0.479004 0.164844 0.478516 0.164062 0.478516 0.162891 0.477051 0.161719 0.477051 0.160156 0.475098 0.159766 0.475098 0.158594 0.473633 0.158203 0.473633 0.157812 0.473145 0.157422 0.473145 0.157031 0.472656 0.156641 0.472656 0.154688 0.470215 0.153516 0.470215 0.152734 0.469238 0.152344 0.469238 0.151953 0.46875 0.151562 0.46875 0.150391 0.467285 0.15 0.467285 0.149219 0.466309 0.149219 0.46582 0.146484 0.462402 0.146484 0.461426 0.145703 0.460449 0.145703 0.459961 0.144141 0.458008 0.144141 0.457031 0.142578 0.455078 0.142187 0.455078 0.141406 0.454102 0.141406 0.452637 0.139063 0.449707 0.139063 0.449219 0.138672 0.44873 0.138672 0.447754 0.1375 0.446289 0.137109 0.446289 0.134766 0.443359 0.134766 0.442871 0.134375 0.442383 0.134375 0.44043 0.133984 0.439941 0.133984 0.438965 0.133203 0.437988 0.133203 0.437012 0.132812 0.436523 0.132812 0.43457 0.132031 0.433594 0.132031 0.432129 0.13125 0.431152 0.13125 0.430664 0.130469 0.429688 0.130469 0.427734 0.127734 0.424316 0.127734 0.42334 0.126953 0.422363 0.126953 0.421875 0.125391 0.419922 0.125 0.419922 0.124609 0.419434 0.124609 0.418945 0.124219 0.418457 0.124219 0.417969 0.123047 0.416504 0.122656 0.416504 0.121484 0.415039 0.121094 0.415039 0.119141 0.412598 0.11875 0.412598 0.115625 0.408691 0.115234 0.408691 0.114844 0.408203 0.114453 0.408203 0.114062 0.407715 0.113281 0.407715 0.112109 0.40625 0.112109 0.405762 0.110156 0.40332 0.109766 0.40332 0.108984 0.402344 0.108594 0.402344 0.107031 0.400391 0.107031 0.399902 0.105469 0.397949 0.104688 0.397949 0.104297 0.397461
1 0.817969 0.602051 0.816797 0.603516 0.816797 0.61377 0.817969 0.615234 0.817969 0.616699 0.819141 0.618164 0.819141 0.619141 0.819922 0.620117 0.819922 0.620605 0.821484 0.622559 0.821484 0.623047 0.822266 0.624023 0.822656 0.624023 0.823047 0.624512 0.823828 0.624512 0.824219 0.625 0.824219 0.625488 0.825781 0.627441 0.826172 0.627441 0.827344 0.628906 0.827734 0.628906 0.828906 0.630371 0.829297 0.630371 0.832031 0.633789 0.832422 0.633789 0.833203 0.634766 0.833594 0.634766 0.833984 0.635254 0.834766 0.635254 0.835156 0.635742 0.835156 0.63623 0.8375 0.63916 0.837891 0.63916 0.838281 0.639648 0.838672 0.639648 0.839453 0.640625 0.839844 0.640625 0.841406 0.642578 0.841797 0.642578 0.842578 0.643555 0.842969 0.643555 0.84375 0.644531 0.844531 0.644531 0.846484 0.646973 0.846875 0.646973 0.848437 0.648926 0.849219 0.648926 0.851172 0.651367 0.851562 0.651367 0.852734 0.652832 0.853516 0.652832 0.855859 0.655762 0.857031 0.655762 0.858984 0.658203 0.859766 0.658203 0.860156 0.658691 0.860156 0.65918 0.861328 0.660645 0.862109 0.660645 0.863281 0.662109 0.863281 0.662598 0.864453 0.664062 0.864453 0.664551 0.866797 0.66748 0.867578 0.66748 0.869531 0.669922 0.869531 0.67041 0.871875 0.67334 0.872266 0.67334 0.873047 0.674316 0.873437 0.674316 0.873828 0.674805 0.874219 0.674805 0.875781 0.676758 0.876172 0.676758 0.876953 0.677734 0.877344 0.677734 0.878906 0.679688 0.879297 0.679688 0.880469 0.681152 0.880859 0.681152 0.882812 0.683594 0.883594 0.683594 0.883984 0.684082 0.883984 0.68457 0.884766 0.685547 0.886328 0.685547 0.887109 0.686523 0.8875 0.686523 0.887891 0.687012 0.888281 0.687012 0.889062 0.687988 0.889844 0.687988 0.890234 0.688477 0.890625 0.688477 0.891406 0.689453 0.891797 0.689453 0.892578 0.69043 0.892969 0.69043 0.89375 0.691406 0.894141 0.691406 0.894531 0.691895 0.894922 0.691895 0.895312 0.692383 0.900391 0.692383 0.901563 0.690918 0.901563 0.6875 0.900781 0.686523 0.900781 0.686035 0.899219 0.684082 0.899219 0.683594 0.898047 0.682129 0.898047 0.680176 0.896094 0.677734 0.896094 0.676758 0.894922 0.675293 0.894531 0.675293 0.893359 0.673828 0.893359 0.67334 0.892188 0.671875 0.892188 0.671387 0.890625 0.669434 0.890625 0.668457 0.886328 0.663086 0.885547 0.663086 0.885156 0.662598 0.884766 0.662598 0.884375 0.662109 0.883984 0.662109 0.883594 0.661621 0.883203 0.661621 0.882422 0.660645 0.882031 0.660645 0.88125 0.659668 0.880859 0.659668 0.880469 0.65918 0.880078 0.65918 0.879687 0.658691 0.879297 0.658691 0.878125 0.657227 0.876172 0.657227 0.874219 0.654785 0.873047 0.654785 0.872266 0.653809 0.871875 0.653809 0.871094 0.652832 0.871094 0.652344 0.869922 0.650879 0.868359 0.650879 0.867969 0.650391 0.867578 0.650391 0.867188 0.649902 0.866797 0.649902 0.866016 0.648926 0.865625 0.648926 0.865234 0.648438 0.864844 0.648438 0.864062 0.647461 0.863672 0.647461 0.862891 0.646484 0.8625 0.646484 0.862109 0.645996 0.862109 0.645508 0.8625 0.64502 0.8625 0.643066 0.861328 0.641602 0.860547 0.641602 0.859375 0.640137 0.858984 0.640137 0.857031 0.637695 0.856641 0.637695 0.849609 0.628906 0.848828 0.628906 0.848437 0.628418 0.848437 0.62793 0.847656 0.626953 0.847266 0.626953 0.846094 0.625488 0.845703 0.625488 0.842187 0.621094 0.841797 0.621094 0.841016 0.620117 0.840234 0.620117 0.837891 0.617188 0.8375 0.617188 0.836719 0.616211 0.836328 0.616211 0.835938 0.615723 0.835156 0.615723 0.834766 0.615234 0.834375 0.615234 0.833203 0.61377 0.832812 0.61377 0.832422 0.613281 0.831641 0.613281 0.830469 0.611816 0.830078 0.611816 0.829297 0.61084 0.828906 0.61084 0.826953 0.608398 0.826562 0.608398 0.825 0.606445 0.824219 0.606445 0.823828 0.605957 0.823828 0.605469 0.822656 0.604004 0.822266 0.604004 0.820703 0.602051
1 0.904297 0.243164 0.903125 0.244629 0.903125 0.250977 0.904297 0.252441 0.905078 0.252441 0.905469 0.25293 0.905469 0.253418 0.906641 0.254883 0.907031 0.254883 0.907422 0.255371 0.908984 0.255371 0.909766 0.256348 0.910547 0.256348 0.912109 0.258301 0.914062 0.258301 0.914453 0.258789 0.914844 0.258789 0.915234 0.259277 0.916016 0.259277 0.916406 0.259766 0.917188 0.259766 0.917578 0.260254 0.917969 0.260254 0.918359 0.260742 0.920312 0.260742 0.920703 0.26123 0.921094 0.26123 0.921484 0.261719 0.922266 0.261719 0.922656 0.262207 0.923047 0.262207 0.923828 0.263184 0.925391 0.263184 0.925781 0.263672 0.932422 0.263672 0.932813 0.26416 0.934375 0.26416 0.934766 0.264648 0.935937 0.264648 0.936719 0.265625 0.941016 0.265625 0.942187 0.26709 0.944922 0.26709 0.945312 0.266602 0.946094 0.266602 0.946484 0.26709 0.947266 0.26709 0.947656 0.267578 0.949219 0.267578 0.949609 0.26709 0.95 0.26709 0.950391 0.267578 0.953906 0.267578 0.954297 0.268066 0.954688 0.268066 0.955078 0.268555 0.956641 0.268555 0.957031 0.269043 0.957422 0.269043 0.958203 0.27002 0.958594 0.27002 0.959375 0.270996 0.964063 0.270996 0.964453 0.271484 0.965234 0.271484 0.966016 0.272461 0.96875 0.272461 0.969141 0.272949 0.969531 0.272949 0.970313 0.273926 0.971484 0.273926 0.972266 0.274902 0.972656 0.274902 0.973047 0.275391 0.974609 0.275391 0.975 0.274902 0.975391 0.275391 0.975781 0.275391 0.976562 0.276367 0.976953 0.276367 0.977344 0.276855 0.980078 0.276855 0.980859 0.277832 0.982031 0.277832 0.983203 0.279297 0.985938 0.279297 0.986328 0.279785 0.989062 0.279785 0.990625 0.281738 0.992188 0.281738 0.992578 0.282227 0.994141 0.282227 0.994922 0.283203 0.996484 0.283203 0.996875 0.283691 0.999219 0.283691 0.999609 0.28418 0.999609 0.270996 0.997266 0.268066 0.995703 0.268066 0.994141 0.266113 0.992578 0.266113 0.991797 0.265137 0.990625 0.265137 0.989453 0.263672 0.989062 0.263672 0.988672 0.263184 0.987891 0.263184 0.9875 0.262695 0.985547 0.262695 0.985156 0.262207 0.983984 0.262207 0.982812 0.260742 0.982422 0.260742 0.981641 0.259766 0.976953 0.259766 0.976172 0.258789 0.974219 0.258789 0.973828 0.258301 0.971875 0.258301 0.971484 0.257812 0.970703 0.257812 0.970313 0.257324 0.967578 0.257324 0.967187 0.256836 0.964453 0.256836 0.964063 0.256348 0.963281 0.256348 0.962891 0.255859 0.958984 0.255859 0.958594 0.255371 0.958594 0.254883 0.957422 0.253418 0.956641 0.253418 0.95625 0.25293 0.954688 0.25293 0.954297 0.252441 0.952734 0.252441 0.952344 0.251953 0.948047 0.251953 0.947656 0.251465 0.944531 0.251465 0.94375 0.250488 0.940625 0.250488 0.940234 0.25 0.932422 0.25 0.931641 0.249023 0.928906 0.249023 0.928516 0.248535 0.928516 0.248047 0.928125 0.247559 0.927734 0.247559 0.927344 0.24707 0.925781 0.24707 0.925391 0.246582 0.922266 0.246582 0.921875 0.246094 0.921484 0.246094 0.920703 0.245117 0.917188 0.245117 0.916797 0.244629 0.915234 0.244629 0.914453 0.243652 0.911328 0.243652 0.910937 0.243164
1 0.825391 0.515625 0.824219 0.51709 0.824219 0.519043 0.824609 0.519531 0.824609 0.521973 0.825391 0.522949 0.825391 0.524414 0.826172 0.525391 0.826172 0.599121 0.825391 0.600098 0.825391 0.600586 0.825 0.601074 0.825 0.602539 0.824609 0.603027 0.824609 0.605957 0.824219 0.606445 0.824219 0.612793 0.823828 0.613281 0.823828 0.614258 0.823438 0.614746 0.823438 0.623535 0.823047 0.624023 0.823047 0.625488 0.819141 0.630371 0.819141 0.632812 0.818359 0.633789 0.817969 0.633789 0.817969 0.634277 0.816797 0.635742 0.816797 0.63623 0.816016 0.637207 0.816016 0.637695 0.815625 0.638184 0.815625 0.63916 0.815234 0.639648 0.815234 0.640137 0.814844 0.640625 0.814844 0.641602 0.814063 0.642578 0.814063 0.643066 0.813281 0.644043 0.813281 0.644531 0.8125 0.645508 0.8125 0.646484 0.811328 0.647949 0.811328 0.651367 0.810937 0.651855 0.810937 0.652344 0.810156 0.65332 0.810156 0.654297 0.809375 0.655273 0.809375 0.657715 0.808984 0.658203 0.808984 0.65918 0.808594 0.659668 0.808594 0.660645 0.808203 0.661133 0.808203 0.663574 0.807422 0.664551 0.807422 0.666504 0.807031 0.666992 0.807031 0.673828 0.80625 0.674805 0.80625 0.681641 0.805859 0.682129 0.805859 0.683594 0.805078 0.68457 0.805078 0.696289 0.804688 0.696777 0.804688 0.697266 0.804297 0.697754 0.804297 0.69873 0.803906 0.699219 0.803906 0.705566 0.803125 0.706543 0.803125 0.711914 0.802734 0.712402 0.802734 0.712891 0.802344 0.713379 0.802344 0.713867 0.801953 0.714355 0.801953 0.714844 0.801562 0.715332 0.801562 0.722656 0.800391 0.724121 0.800391 0.728027 0.801562 0.729492 0.803516 0.729492 0.804297 0.728516 0.806641 0.728516 0.807813 0.727051 0.808594 0.727051 0.809375 0.726074 0.809766 0.726074 0.810156 0.725586 0.810937 0.725586 0.812109 0.724121 0.812109 0.723633 0.813672 0.72168 0.814063 0.72168 0.815234 0.720215 0.815234 0.718262 0.815625 0.717773 0.815625 0.71582 0.816016 0.715332 0.816406 0.715332 0.817578 0.713867 0.817578 0.711914 0.817187 0.711426 0.817578 0.710938 0.817578 0.70459 0.817187 0.704102 0.817187 0.703613 0.817578 0.703125 0.817578 0.701172 0.817187 0.700684 0.817578 0.700195 0.817578 0.695801 0.818359 0.694824 0.818359 0.691406 0.81875 0.690918 0.81875 0.689941 0.819531 0.688965 0.819531 0.687988 0.819922 0.6875 0.819922 0.684082 0.821484 0.682129 0.821484 0.680664 0.821875 0.680176 0.821875 0.679199 0.822656 0.678223 0.822656 0.677246 0.823047 0.676758 0.823047 0.67627 0.824219 0.674805 0.824219 0.674316 0.825 0.67334 0.825 0.669922 0.825781 0.668945 0.825781 0.668457 0.826172 0.667969 0.826172 0.66748 0.827344 0.666016 0.827344 0.663574 0.826953 0.663086 0.827344 0.662598 0.827344 0.661621 0.827734 0.661133 0.827734 0.660645 0.828125 0.660156 0.828125 0.659668 0.829297 0.658203 0.829297 0.65625 0.830078 0.655273 0.830078 0.65332 0.830469 0.652832 0.830469 0.649902 0.83125 0.648926 0.83125 0.646973 0.831641 0.646484 0.831641 0.645508 0.832422 0.644531 0.832422 0.639648 0.832812 0.63916 0.832812 0.637207 0.833203 0.636719 0.833203 0.635742 0.833594 0.635254 0.833594 0.634766 0.833984 0.634277 0.833984 0.633789 0.834766 0.632812 0.834766 0.628418 0.835156 0.62793 0.835156 0.626953 0.835938 0.625977 0.835938 0.623047 0.836719 0.62207 0.836719 0.617676 0.837109 0.617188 0.837109 0.614746 0.836719 0.614258 0.837109 0.61377 0.837109 0.611816 0.836719 0.611328 0.836719 0.610352 0.837109 0.609863 0.837109 0.60791 0.836719 0.607422 0.836719 0.604492 0.837109 0.604004 0.837109 0.602051 0.836719 0.601562 0.836719 0.601074 0.837109 0.600586 0.837109 0.598633 0.836719 0.598145 0.836719 0.597656 0.837109 0.597168 0.837109 0.595215 0.836719 0.594727 0.836719 0.591309 0.837109 0.59082 0.837109 0.588867 0.836719 0.588379 0.836719 0.577637 0.837109 0.577148 0.837109 0.575195 0.836719 0.574707 0.836719 0.572754 0.837109 0.572266 0.837109 0.570312 0.836719 0.569824 0.836719 0.566895 0.837109 0.566406 0.837109 0.564453 0.836719 0.563965 0.836719 0.563477 0.836328 0.562988 0.836328 0.562012 0.835938 0.561523 0.835938 0.560059 0.835547 0.55957 0.835547 0.558594 0.835156 0.558105 0.835156 0.556641 0.834766 0.556152 0.834766 0.554688 0.834375 0.554199 0.834375 0.553223 0.833984 0.552734 0.833984 0.550781 0.833594 0.550293 0.833594 0.549805 0.833984 0.549316 0.833984 0.54541 0.833594 0.544922 0.833594 0.541504 0.832422 0.540039 0.832422 0.538574 0.832031 0.538086 0.832031 0.537598 0.832422 0.537109 0.832422 0.533691 0.831641 0.532715 0.831641 0.532227 0.83125 0.531738 0.83125 0.53125 0.830469 0.530273 0.830469 0.529785 0.830078 0.529297 0.830078 0.522461 0.829688 0.521973 0.829688 0.521484 0.829297 0.520996 0.829297 0.519043 0.828516 0.518066 0.828516 0.51709 0.827344 0.515625
1 0.655859 0.165527 0.655469 0.166016 0.653125 0.166016 0.652734 0.166504 0.651563 0.166504 0.650781 0.16748 0.649609 0.16748 0.649219 0.167969 0.647266 0.167969 0.646875 0.168457 0.645703 0.168457 0.644922 0.169434 0.644531 0.169434 0.644141 0.169922 0.643359 0.169922 0.641797 0.171875 0.641797 0.172363 0.640625 0.173828 0.640625 0.174316 0.640234 0.174805 0.640234 0.175781 0.639844 0.17627 0.639453 0.17627 0.639062 0.175781 0.634766 0.175781 0.633594 0.177246 0.633594 0.179199 0.634766 0.180664 0.638672 0.180664 0.639062 0.181152 0.640625 0.181152 0.641016 0.181641 0.644922 0.181641 0.645703 0.182617 0.647266 0.182617 0.647656 0.182129 0.648047 0.182617 0.649219 0.182617 0.649609 0.183105 0.656641 0.183105 0.657031 0.183594 0.658594 0.183594 0.659375 0.18457 0.662891 0.18457 0.663281 0.185059 0.664844 0.185059 0.665234 0.18457 0.665625 0.185059 0.667188 0.185059 0.667578 0.185547 0.672266 0.185547 0.673047 0.186523 0.673828 0.186523 0.674219 0.187012 0.676172 0.187012 0.676562 0.1875 0.678906 0.1875 0.679297 0.187988 0.682813 0.187988 0.683203 0.1875 0.683594 0.1875 0.683984 0.187988 0.686328 0.187988 0.686719 0.1875 0.6875 0.1875 0.687891 0.187988 0.689453 0.187988 0.689844 0.1875 0.691016 0.1875 0.691406 0.187988 0.692187 0.187988 0.692969 0.188965 0.695312 0.188965 0.695703 0.189453 0.697656 0.189453 0.698047 0.189941 0.700391 0.189941 0.701172 0.190918 0.702344 0.190918 0.702734 0.191406 0.703906 0.191406 0.704297 0.191895 0.705078 0.191895 0.705859 0.192871 0.707031 0.192871 0.707422 0.193359 0.709375 0.193359 0.709766 0.193848 0.711328 0.193848 0.711719 0.194336 0.713281 0.194336 0.713672 0.194824 0.714063 0.194824 0.714453 0.195312 0.717969 0.195312 0.718359 0.194824 0.71875 0.194824 0.719141 0.195312 0.720313 0.195312 0.720703 0.195801 0.726172 0.195801 0.726562 0.196289 0.727734 0.196289 0.728125 0.196777 0.728516 0.196777 0.728906 0.197266 0.732422 0.197266 0.732812 0.197754 0.733984 0.197754 0.734375 0.198242 0.737891 0.198242 0.739453 0.200195 0.740234 0.200195 0.741016 0.201172 0.742969 0.201172 0.743359 0.20166 0.744141 0.20166 0.744531 0.202148 0.745313 0.202148 0.745703 0.202637 0.747266 0.202637 0.748437 0.204102 0.748828 0.204102 0.749609 0.205078 0.75 0.205078 0.750391 0.205566 0.750781 0.205566 0.751172 0.206055 0.751953 0.206055 0.752734 0.207031 0.752734 0.208008 0.753516 0.208984 0.753516 0.209473 0.753906 0.209961 0.753906 0.210938 0.755469 0.212891 0.755859 0.212891 0.757031 0.214355 0.757031 0.214844 0.758203 0.216309 0.758203 0.216797 0.759375 0.218262 0.759766 0.218262 0.760156 0.21875 0.760156 0.219238 0.760938 0.220215 0.760938 0.221191 0.761328 0.22168 0.761328 0.222168 0.761719 0.222656 0.761719 0.223145 0.762109 0.223633 0.762109 0.224121 0.7625 0.224609 0.7625 0.225098 0.762891 0.225586 0.762891 0.226562 0.764453 0.228516 0.764453 0.230957 0.764844 0.231445 0.764844 0.23291 0.765234 0.233398 0.765234 0.234375 0.766016 0.235352 0.766016 0.237793 0.766406 0.238281 0.766406 0.241211 0.766797 0.241699 0.766797 0.242676 0.767188 0.243164 0.767188 0.244141 0.767969 0.245117 0.767969 0.24707 0.768359 0.247559 0.768359 0.248535 0.769141 0.249512 0.769141 0.25 0.770312 0.251465 0.770312 0.251953 0.773828 0.256348 0.777344 0.256348 0.778516 0.254883 0.778516 0.250488 0.777734 0.249512 0.777734 0.249023 0.777344 0.248535 0.777344 0.247559 0.776953 0.24707 0.776953 0.246582 0.776563 0.246094 0.776563 0.245605 0.775781 0.244629 0.775781 0.243652 0.775391 0.243164 0.775391 0.242676 0.774609 0.241699 0.774609 0.241211 0.774219 0.240723 0.774219 0.238281 0.773047 0.236816 0.772656 0.236816 0.772266 0.236328 0.772266 0.23584 0.771094 0.234375 0.771094 0.233887 0.770312 0.23291 0.770312 0.232422 0.769922 0.231934 0.769922 0.230957 0.768359 0.229004 0.768359 0.221191 0.767188 0.219727 0.767188 0.219238 0.766797 0.21875 0.766797 0.217773 0.765625 0.216309 0.765625 0.215332 0.764062 0.213379 0.764062 0.210938 0.763281 0.209961 0.763281 0.208984 0.760938 0.206055 0.760547 0.206055 0.759375 0.20459 0.758984 0.20459 0.758203 0.203613 0.757031 0.203613 0.755469 0.20166 0.754297 0.20166 0.753906 0.201172 0.752734 0.201172 0.751563 0.199707 0.751172 0.199707 0.748828 0.196777 0.747656 0.196777 0.747266 0.196289 0.745703 0.196289 0.744922 0.195312 0.74375 0.195312 0.743359 0.194824 0.742188 0.194824 0.741797 0.194336 0.741406 0.194336 0.741016 0.193848 0.739844 0.193848 0.739453 0.193359 0.737109 0.193359 0.736328 0.192383 0.735547 0.192383 0.734375 0.190918 0.732812 0.190918 0.732422 0.19043 0.731641 0.19043 0.730469 0.188965 0.730078 0.188965 0.729688 0.188477 0.728906 0.188477 0.727344 0.186523 0.726953 0.186523 0.725 0.184082 0.724609 0.184082 0.723828 0.183105 0.722656 0.183105 0.722266 0.182617 0.721484 0.182617 0.720703 0.181641 0.720313 0.181641 0.719531 0.180664 0.719141 0.180664 0.718359 0.179688 0.717969 0.179688 0.717578 0.179199 0.717187 0.179199 0.716406 0.178223 0.715234 0.178223 0.714063 0.176758 0.713672 0.176758 0.713281 0.17627 0.712891 0.17627 0.7125 0.175781 0.711719 0.175781 0.710547 0.174316 0.709375 0.174316 0.708984 0.173828 0.708594 0.173828 0.708203 0.17334 0.707812 0.17334 0.707422 0.172852 0.706641 0.172852 0.70625 0.172363 0.705859 0.172363 0.705469 0.171875 0.705078 0.171875 0.704297 0.170898 0.703516 0.170898 0.703125 0.17041 0.7 0.17041 0.699609 0.169922 0.699219 0.169922 0.698828 0.169434 0.694922 0.169434 0.694141 0.168457 0.691797 0.168457 0.691406 0.167969 0.688281 0.167969 0.687891 0.16748 0.686328 0.16748 0.685547 0.166504 0.684766 0.166504 0.684375 0.166016 0.681641 0.166016 0.68125 0.165527
1 0.724219 0.745117 0.723437 0.746094 0.722266 0.746094 0.720703 0.748047 0.719922 0.748047 0.716797 0.751953 0.692578 0.751953 0.692187 0.752441 0.691016 0.752441 0.690625 0.75293 0.690234 0.75293 0.689844 0.753418 0.688281 0.753418 0.6875 0.754395 0.672266 0.754395 0.671875 0.754883 0.642969 0.754883 0.642578 0.754395 0.642188 0.754395 0.641797 0.753906 0.641406 0.753906 0.640625 0.75293 0.640234 0.75293 0.639844 0.752441 0.639453 0.752441 0.639062 0.751953 0.636719 0.751953 0.635938 0.75293 0.635547 0.75293 0.634375 0.754395 0.634375 0.766113 0.634766 0.766602 0.634766 0.767578 0.635547 0.768555 0.635547 0.769043 0.637891 0.771973 0.638281 0.771973 0.639062 0.772949 0.639062 0.773926 0.640234 0.775391 0.640625 0.775391 0.641016 0.775879 0.641406 0.775879 0.641797 0.776367 0.642188 0.776367 0.642578 0.776855 0.642969 0.776855 0.643359 0.777344 0.646484 0.777344 0.646875 0.777832 0.647266 0.777832 0.647656 0.77832 0.648438 0.77832 0.648828 0.778809 0.649219 0.778809 0.649609 0.779297 0.650391 0.779297 0.650781 0.779785 0.651172 0.779785 0.651563 0.780273 0.651953 0.780273 0.652344 0.780762 0.652734 0.780762 0.653125 0.78125 0.658594 0.78125 0.659375 0.782227 0.665625 0.782227 0.666016 0.781738 0.666406 0.781738 0.666797 0.782227 0.671484 0.782227 0.671875 0.781738 0.672266 0.782227 0.673828 0.782227 0.674219 0.781738 0.674609 0.782227 0.676172 0.782227 0.676562 0.781738 0.679297 0.781738 0.679688 0.782227 0.684375 0.782227 0.684766 0.781738 0.685156 0.782227 0.686719 0.782227 0.687109 0.781738 0.687891 0.781738 0.688281 0.782227 0.693359 0.782227 0.69375 0.781738 0.694141 0.782227 0.695703 0.782227 0.696484 0.78125 0.699219 0.78125 0.699609 0.780762 0.705469 0.780762 0.705859 0.780273 0.70625 0.780273 0.706641 0.780762 0.708203 0.780762 0.708984 0.779785 0.709766 0.779785 0.710156 0.779297 0.711328 0.779297 0.712109 0.77832 0.714063 0.77832 0.714844 0.777344 0.716797 0.777344 0.717187 0.776855 0.717578 0.776855 0.717969 0.776367 0.71875 0.776367 0.719141 0.775879 0.720313 0.775879 0.721094 0.774902 0.721484 0.774902 0.721875 0.774414 0.722656 0.774414 0.723828 0.772949 0.723828 0.771973 0.724609 0.770996 0.725 0.770996 0.725781 0.77002 0.726562 0.77002 0.727344 0.769043 0.727734 0.769043 0.728906 0.767578 0.728906 0.766602 0.729297 0.766113 0.730078 0.766113 0.73125 0.764648 0.73125 0.76416 0.733203 0.761719 0.733203 0.76123 0.733594 0.760742 0.733594 0.760254 0.733984 0.759766 0.734375 0.759766 0.735547 0.758301 0.735547 0.757812 0.736328 0.756836 0.736328 0.754395 0.736719 0.753906 0.736719 0.753418 0.7375 0.752441 0.7375 0.750488 0.737891 0.75 0.737891 0.747559 0.736719 0.746094 0.732422 0.746094 0.732031 0.745605 0.730469 0.745605 0.730078 0.745117
1 0.805859 0.651855 0.805469 0.652344 0.804688 0.652344 0.804297 0.652832 0.803906 0.652832 0.803516 0.65332 0.801953 0.65332 0.801562 0.653809 0.796094 0.653809 0.795312 0.654785 0.794531 0.654785 0.79375 0.655762 0.793359 0.655762 0.792969 0.65625 0.791797 0.65625 0.790625 0.657715 0.789844 0.657715 0.789062 0.658691 0.788672 0.658691 0.788281 0.65918 0.785547 0.65918 0.784766 0.660156 0.783984 0.660156 0.783594 0.660645 0.782422 0.660645 0.782031 0.661133 0.781641 0.661133 0.780469 0.662598 0.780078 0.662598 0.779687 0.663086 0.777734 0.663086 0.776953 0.664062 0.776172 0.664062 0.775781 0.664551 0.775 0.664551 0.773828 0.666016 0.772656 0.666016 0.772266 0.666504 0.771875 0.666504 0.771484 0.666992 0.770703 0.666992 0.769531 0.668457 0.769141 0.668457 0.768359 0.669434 0.765234 0.669434 0.764844 0.669922 0.764453 0.669922 0.763672 0.670898 0.763281 0.670898 0.7625 0.671875 0.762109 0.671875 0.761719 0.672363 0.761328 0.672363 0.760938 0.672852 0.760547 0.672852 0.759766 0.673828 0.759375 0.673828 0.758984 0.674316 0.758594 0.674316 0.758203 0.674805 0.757812 0.674805 0.757422 0.675293 0.756641 0.675293 0.755859 0.67627 0.755469 0.67627 0.754297 0.677734 0.754297 0.678223 0.753906 0.678711 0.752344 0.678711 0.751563 0.679688 0.751172 0.679688 0.75 0.681152 0.749609 0.681152 0.748437 0.682617 0.748047 0.682617 0.747266 0.683594 0.746875 0.683594 0.746484 0.684082 0.746094 0.684082 0.745703 0.68457 0.745313 0.68457 0.744141 0.686035 0.744141 0.686523 0.741797 0.689453 0.740625 0.689453 0.738281 0.692383 0.737891 0.692383 0.7375 0.692871 0.737109 0.692871 0.736719 0.693359 0.736328 0.693359 0.735938 0.693848 0.735547 0.693848 0.734766 0.694824 0.734766 0.695312 0.732031 0.69873 0.731641 0.69873 0.730469 0.700195 0.730078 0.700195 0.729688 0.700684 0.729688 0.701172 0.728125 0.703125 0.727344 0.703125 0.726172 0.70459 0.726172 0.705078 0.725 0.706543 0.725 0.707031 0.723828 0.708496 0.723828 0.708984 0.722656 0.710449 0.722656 0.710938 0.721875 0.711914 0.721875 0.712402 0.721484 0.712891 0.721094 0.712891 0.717578 0.717285 0.717578 0.71875 0.716797 0.719727 0.716797 0.720215 0.716406 0.720703 0.716406 0.721191 0.715625 0.722168 0.715625 0.723145 0.715234 0.723633 0.715234 0.725098 0.714063 0.726562 0.714063 0.727051 0.713281 0.728027 0.713281 0.729492 0.7125 0.730469 0.712109 0.730469 0.710938 0.731934 0.710938 0.732422 0.708594 0.735352 0.707812 0.735352 0.707422 0.73584 0.707031 0.73584 0.70625 0.736816 0.703906 0.736816 0.702734 0.738281 0.695703 0.738281 0.695312 0.73877 0.69375 0.73877 0.691797 0.741211 0.691797 0.744141 0.692578 0.745117 0.692578 0.745605 0.694922 0.748535 0.695312 0.748535 0.695703 0.749023 0.695703 0.749512 0.696875 0.750977 0.697656 0.750977 0.698047 0.751465 0.70625 0.751465 0.706641 0.750977 0.708203 0.750977 0.708984 0.75 0.710547 0.75 0.711719 0.748535 0.7125 0.748535 0.713281 0.747559 0.713672 0.747559 0.714063 0.74707 0.714844 0.74707 0.716016 0.745605 0.716016 0.745117 0.716406 0.744629 0.717969 0.744629 0.719141 0.743164 0.719141 0.742676 0.719922 0.741699 0.720313 0.741699 0.721484 0.740234 0.722266 0.740234 0.724219 0.737793 0.725391 0.737793 0.726562 0.736328 0.726562 0.73584 0.727344 0.734863 0.728125 0.734863 0.729688 0.73291 0.730078 0.73291 0.730469 0.732422 0.732422 0.732422 0.733594 0.730957 0.733594 0.730469 0.733984 0.72998 0.735156 0.72998 0.735547 0.729492 0.736719 0.729492 0.7375 0.728516 0.737891 0.728516 0.739062 0.727051 0.739844 0.727051 0.741016 0.725586 0.741797 0.725586 0.745313 0.721191 0.745313 0.720703 0.746875 0.71875 0.747266 0.71875 0.749219 0.716309 0.749609 0.716309 0.750391 0.715332 0.750781 0.715332 0.751953 0.713867 0.752344 0.713867 0.756641 0.708496 0.757031 0.708496 0.758203 0.707031 0.758203 0.706543 0.760156 0.704102 0.760156 0.703613 0.760547 0.703125 0.760547 0.702637 0.761719 0.701172 0.762109 0.701172 0.763281 0.699707 0.763281 0.699219 0.763672 0.69873 0.764453 0.69873 0.765234 0.697754 0.765625 0.697754 0.766016 0.697266 0.766797 0.697266 0.767578 0.696289 0.767969 0.696289 0.768359 0.695801 0.769141 0.695801 0.770312 0.694336 0.771094 0.694336 0.771875 0.693359 0.773047 0.693359 0.773828 0.692383 0.774219 0.692383 0.775781 0.69043 0.776172 0.69043 0.776953 0.689453 0.777344 0.689453 0.777734 0.688965 0.779297 0.688965 0.780469 0.6875 0.780469 0.687012 0.780859 0.686523 0.781641 0.686523 0.782422 0.685547 0.783203 0.685547 0.783594 0.685059 0.784766 0.685059 0.785547 0.684082 0.785937 0.684082 0.787109 0.682617 0.7875 0.682617 0.788281 0.681641 0.789062 0.681641 0.789453 0.681152 0.790234 0.681152 0.791016 0.680176 0.791406 0.680176 0.792578 0.678711 0.792578 0.678223 0.793359 0.677246 0.79375 0.677246 0.795703 0.674805 0.796094 0.674805 0.796484 0.674316 0.797656 0.674316 0.798828 0.672852 0.798828 0.671875 0.799609 0.670898 0.8 0.670898 0.802734 0.66748 0.803125 0.66748 0.804297 0.666016 0.804297 0.665039 0.805469 0.663574 0.805469 0.663086 0.805859 0.662598 0.805859 0.662109 0.807031 0.660645 0.807813 0.660645 0.809766 0.658203 0.810156 0.658203 0.812109 0.655762 0.812109 0.65332 0.810937 0.651855
1 0.740234 0.244629 0.739844 0.245117 0.738672 0.245117 0.738281 0.245605 0.737109 0.245605 0.736719 0.246094 0.735938 0.246094 0.735547 0.246582 0.734375 0.246582 0.733984 0.24707 0.732812 0.24707 0.732422 0.247559 0.732031 0.247559 0.731641 0.248047 0.731641 0.248535 0.73125 0.249023 0.730859 0.249023 0.728125 0.252441 0.727734 0.252441 0.727344 0.25293 0.726953 0.25293 0.726562 0.253418 0.725781 0.253418 0.725391 0.253906 0.724609 0.253906 0.724219 0.254395 0.723437 0.254395 0.723047 0.254883 0.722266 0.254883 0.721875 0.255371 0.721094 0.255371 0.720703 0.255859 0.719922 0.255859 0.719531 0.256348 0.718359 0.256348 0.717969 0.256836 0.716406 0.256836 0.716016 0.257324 0.715234 0.257324 0.714844 0.257812 0.714063 0.257812 0.713672 0.258301 0.713281 0.258301 0.712891 0.258789 0.712109 0.258789 0.711719 0.259277 0.710938 0.259277 0.710547 0.259766 0.708984 0.259766 0.708203 0.260742 0.707812 0.260742 0.707422 0.26123 0.705859 0.26123 0.705078 0.262207 0.702734 0.262207 0.702344 0.262695 0.700391 0.262695 0.7 0.263184 0.699219 0.263184 0.698828 0.263672 0.698047 0.263672 0.697656 0.26416 0.696875 0.26416 0.696484 0.264648 0.695703 0.264648 0.695312 0.265137 0.694531 0.265137 0.694141 0.265625 0.693359 0.265625 0.692578 0.266602 0.692187 0.266602 0.691797 0.26709 0.691406 0.26709 0.691016 0.267578 0.689844 0.267578 0.689453 0.268066 0.688672 0.268066 0.688281 0.268555 0.687891 0.268555 0.6875 0.269043 0.687109 0.269043 0.685937 0.270508 0.685156 0.270508 0.684375 0.271484 0.683984 0.271484 0.683594 0.271973 0.680859 0.271973 0.680469 0.272461 0.679688 0.272461 0.679297 0.272949 0.678906 0.272949 0.678516 0.273438 0.678125 0.273438 0.677734 0.273926 0.677344 0.273926 0.676953 0.274414 0.676172 0.274414 0.675781 0.274902 0.675391 0.274902 0.675 0.275391 0.674219 0.275391 0.673828 0.275879 0.673438 0.275879 0.673047 0.276367 0.672266 0.276367 0.671875 0.276855 0.671094 0.276855 0.670703 0.277344 0.669922 0.277344 0.669531 0.277832 0.668359 0.277832 0.667969 0.27832 0.667578 0.27832 0.667188 0.278809 0.664062 0.278809 0.663281 0.279785 0.662891 0.279785 0.662109 0.280762 0.661719 0.280762 0.661328 0.28125 0.660937 0.28125 0.660547 0.281738 0.659766 0.281738 0.659375 0.282227 0.658984 0.282227 0.658594 0.282715 0.658203 0.282715 0.657813 0.283203 0.657422 0.283203 0.657031 0.283691 0.656641 0.283691 0.65625 0.28418 0.655859 0.28418 0.655078 0.285156 0.654297 0.285156 0.653906 0.285645 0.651953 0.285645 0.651563 0.286133 0.651172 0.286133 0.650781 0.286621 0.650391 0.286621 0.65 0.287109 0.649609 0.287109 0.648828 0.288086 0.648438 0.288086 0.647266 0.289551 0.647266 0.290039 0.646875 0.290527 0.646094 0.290527 0.645703 0.291016 0.644531 0.291016 0.644141 0.291504 0.64375 0.291504 0.643359 0.291992 0.642188 0.291992 0.641797 0.29248 0.641016 0.29248 0.640625 0.292969 0.640234 0.292969 0.639844 0.293457 0.639453 0.293457 0.6375 0.295898 0.635938 0.295898 0.635547 0.296387 0.634375 0.296387 0.633203 0.297852 0.632422 0.297852 0.63125 0.299316 0.63125 0.302246 0.632422 0.303711 0.638281 0.303711 0.638672 0.303223 0.639453 0.303223 0.639844 0.303711 0.641406 0.303711 0.642188 0.302734 0.644531 0.302734 0.644922 0.302246 0.646875 0.302246 0.647656 0.30127 0.651172 0.30127 0.651563 0.300781 0.653125 0.300781 0.653906 0.299805 0.654297 0.299805 0.654687 0.299316 0.657813 0.299316 0.658594 0.29834 0.662109 0.29834 0.662891 0.297363 0.664062 0.297363 0.664844 0.296387 0.665625 0.296387 0.666016 0.295898 0.667188 0.295898 0.667578 0.29541 0.668359 0.29541 0.66875 0.294922 0.669141 0.294922 0.669531 0.294434 0.673047 0.294434 0.673438 0.293945 0.673828 0.293945 0.674219 0.293457 0.675 0.293457 0.675391 0.292969 0.676172 0.292969 0.676562 0.29248 0.677344 0.29248 0.677734 0.291992 0.678516 0.291992 0.678906 0.291504 0.680469 0.291504 0.68125 0.290527 0.682813 0.290527 0.683203 0.290039 0.686328 0.290039 0.686719 0.290527 0.688281 0.290527 0.688672 0.290039 0.691406 0.290039 0.692187 0.289062 0.696875 0.289062 0.697266 0.288574 0.701172 0.288574 0.701953 0.287598 0.702734 0.287598 0.703516 0.286621 0.705469 0.286621 0.705859 0.286133 0.709766 0.286133 0.711719 0.283691 0.715234 0.283691 0.715625 0.283203 0.717187 0.283203 0.717969 0.282227 0.718359 0.282227 0.71875 0.281738 0.719531 0.281738 0.721094 0.279785 0.722266 0.279785 0.724219 0.277344 0.724609 0.277344 0.725 0.276855 0.725781 0.276855 0.726953 0.275391 0.726953 0.274902 0.727344 0.274414 0.727734 0.274414 0.728516 0.273438 0.729297 0.273438 0.729688 0.272949 0.730859 0.272949 0.73125 0.272461 0.732031 0.272461 0.733203 0.270996 0.734375 0.270996 0.735938 0.269043 0.736328 0.269043 0.737891 0.26709 0.738672 0.26709 0.739453 0.266113 0.739844 0.266113 0.740234 0.265625 0.741016 0.265625 0.742578 0.263672 0.742969 0.263672 0.743359 0.263184 0.744141 0.263184 0.745313 0.261719 0.746094 0.261719 0.747266 0.260254 0.747266 0.259766 0.747656 0.259277 0.748047 0.259277 0.750391 0.256348 0.750391 0.253906 0.750781 0.253418 0.750781 0.25293 0.751563 0.251953 0.751563 0.249023 0.750781 0.248047 0.750781 0.246582 0.749219 0.244629
1 0.780078 0.540039 0.779687 0.540527 0.779687 0.541016 0.779297 0.541504 0.779297 0.54248 0.778906 0.542969 0.778906 0.544922 0.777734 0.546387 0.777734 0.546875 0.776953 0.547852 0.776953 0.549316 0.776563 0.549805 0.776563 0.554199 0.775781 0.555176 0.775781 0.555664 0.775 0.556641 0.775 0.561523 0.775781 0.5625 0.775781 0.563477 0.776563 0.564453 0.776563 0.569336 0.776953 0.569824 0.776953 0.570801 0.778125 0.572266 0.778125 0.574219 0.778906 0.575195 0.778906 0.577148 0.780078 0.578613 0.780078 0.579102 0.780469 0.57959 0.780469 0.581055 0.78125 0.582031 0.78125 0.58252 0.781641 0.583008 0.781641 0.583496 0.782422 0.584473 0.782422 0.584961 0.783594 0.586426 0.783594 0.586914 0.784766 0.588379 0.784766 0.588867 0.785547 0.589844 0.785547 0.590332 0.786328 0.591309 0.786328 0.592285 0.786719 0.592773 0.786719 0.593262 0.787109 0.59375 0.787109 0.594238 0.787891 0.595215 0.787891 0.596191 0.788281 0.59668 0.788281 0.597656 0.788672 0.598145 0.788672 0.598633 0.789453 0.599609 0.789453 0.600098 0.791016 0.602051 0.791016 0.602539 0.792188 0.604004 0.792188 0.604492 0.792578 0.60498 0.792578 0.605469 0.792969 0.605957 0.792969 0.606445 0.793359 0.606934 0.793359 0.608398 0.79375 0.608887 0.79375 0.609863 0.794141 0.610352 0.794141 0.61084 0.796094 0.613281 0.796094 0.615234 0.796484 0.615723 0.796484 0.616211 0.797266 0.617188 0.797266 0.618164 0.797656 0.618652 0.797656 0.619629 0.798047 0.620117 0.798047 0.621094 0.798438 0.621582 0.798438 0.623535 0.799219 0.624512 0.799219 0.625977 0.799609 0.626465 0.799609 0.626953 0.800391 0.62793 0.800391 0.628418 0.800781 0.628906 0.800781 0.631348 0.801562 0.632324 0.801562 0.633789 0.801953 0.634277 0.801953 0.634766 0.802734 0.635742 0.802734 0.63623 0.803125 0.636719 0.803125 0.637695 0.803906 0.638672 0.803906 0.639648 0.804688 0.640625 0.804688 0.64209 0.805078 0.642578 0.805078 0.643555 0.805859 0.644531 0.805859 0.645996 0.806641 0.646973 0.806641 0.647461 0.807422 0.648438 0.807422 0.649902 0.808203 0.650879 0.808203 0.654297 0.808984 0.655273 0.808984 0.656738 0.810547 0.658691 0.810547 0.661621 0.810937 0.662109 0.810937 0.662598 0.811328 0.663086 0.811328 0.664062 0.811719 0.664551 0.811719 0.665039 0.813672 0.66748 0.813672 0.667969 0.814453 0.668945 0.814453 0.669434 0.814844 0.669922 0.814844 0.67041 0.815234 0.670898 0.815234 0.671387 0.815625 0.671875 0.815625 0.67334 0.816016 0.673828 0.816016 0.674316 0.816406 0.674805 0.816406 0.675293 0.817187 0.67627 0.817187 0.676758 0.817969 0.677734 0.817969 0.678223 0.81875 0.679199 0.81875 0.679688 0.819531 0.680664 0.819531 0.681152 0.819922 0.681641 0.819922 0.682129 0.821875 0.68457 0.821875 0.685059 0.823047 0.686523 0.823438 0.686523 0.823828 0.687012 0.823828 0.6875 0.824609 0.688477 0.824609 0.688965 0.825 0.688965 0.825391 0.689453 0.825391 0.690918 0.826562 0.692383 0.826953 0.692383 0.827734 0.693359 0.827734 0.694336 0.828906 0.695801 0.830078 0.695801 0.83125 0.697266 0.831641 0.697266 0.832812 0.69873 0.833203 0.69873 0.834375 0.700195 0.834766 0.700195 0.835547 0.701172 0.835938 0.701172 0.837109 0.702637 0.8375 0.702637 0.838672 0.704102 0.839063 0.704102 0.841406 0.707031 0.842187 0.707031 0.842578 0.70752 0.842578 0.708008 0.84375 0.709473 0.844531 0.709473 0.844922 0.709961 0.845313 0.709961 0.846094 0.710938 0.846484 0.710938 0.848437 0.713379 0.849609 0.713379 0.85 0.713867 0.850391 0.713867 0.851172 0.714844 0.851562 0.714844 0.852734 0.716309 0.855078 0.716309 0.855859 0.717285 0.8625 0.717285 0.863672 0.71582 0.863672 0.70752 0.8625 0.706055 0.8625 0.705078 0.861719 0.704102 0.861719 0.703613 0.860938 0.702637 0.860938 0.702148 0.859375 0.700195 0.859375 0.699707 0.858594 0.69873 0.858594 0.697754 0.858203 0.697266 0.858203 0.695801 0.85625 0.693359 0.85625 0.692383 0.855469 0.691406 0.855469 0.690918 0.855078 0.69043 0.855078 0.688965 0.854297 0.687988 0.854297 0.687012 0.853906 0.686523 0.853906 0.686035 0.853125 0.685059 0.853125 0.68457 0.852734 0.684082 0.852734 0.682129 0.851953 0.681152 0.851953 0.680664 0.851172 0.679688 0.851172 0.679199 0.850781 0.678711 0.850781 0.677734 0.846875 0.672852 0.846875 0.672363 0.846484 0.671875 0.846484 0.670898 0.846094 0.67041 0.846094 0.669922 0.845703 0.669434 0.845703 0.668945 0.844922 0.667969 0.844922 0.66748 0.844531 0.666992 0.844531 0.666504 0.844141 0.666016 0.844141 0.665527 0.842187 0.663086 0.842187 0.662598 0.838672 0.658203 0.838672 0.657715 0.838281 0.657227 0.838281 0.656738 0.8375 0.655762 0.8375 0.655273 0.836719 0.654297 0.836719 0.653809 0.835547 0.652344 0.835156 0.652344 0.833984 0.650879 0.833203 0.650879 0.832812 0.650391 0.832812 0.649902 0.829297 0.645508 0.828516 0.645508 0.828125 0.64502 0.827734 0.64502 0.824609 0.641113 0.824219 0.641113 0.823047 0.639648 0.823047 0.63916 0.821875 0.637695 0.821875 0.637207 0.821484 0.636719 0.821484 0.63623 0.819531 0.633789 0.819531 0.632324 0.81875 0.631348 0.81875 0.630371 0.817578 0.628906 0.817578 0.627441 0.817187 0.626953 0.817187 0.625 0.815625 0.623047 0.815625 0.622559 0.814453 0.621094 0.814453 0.618164 0.812109 0.615234 0.812109 0.613281 0.810156 0.61084 0.810156 0.610352 0.809766 0.609863 0.809766 0.609375 0.808984 0.608398 0.808984 0.60791 0.808594 0.607422 0.808594 0.606445 0.807031 0.604492 0.807031 0.604004 0.80625 0.603027 0.80625 0.602539 0.805469 0.601562 0.805469 0.601074 0.804688 0.600098 0.804688 0.599609 0.804297 0.599121 0.804297 0.597168 0.802344 0.594727 0.802344 0.591797 0.801172 0.590332 0.801172 0.583496 0.8 0.582031 0.8 0.579102 0.799219 0.578125 0.799219 0.577148 0.798828 0.57666 0.798828 0.575684 0.797266 0.57373 0.797266 0.572266 0.796875 0.571777 0.796875 0.571289 0.796094 0.570312 0.796094 0.569824 0.794922 0.568359 0.794922 0.567383 0.794141 0.566406 0.794141 0.565918 0.793359 0.564941 0.793359 0.564453 0.792578 0.563477 0.792578 0.562988 0.792188 0.5625 0.792188 0.562012 0.791797 0.561523 0.791797 0.560547 0.791406 0.560059 0.791406 0.559082 0.791016 0.558594 0.791016 0.558105 0.790234 0.557129 0.790234 0.556641 0.789453 0.555664 0.789453 0.554199 0.788281 0.552734 0.788281 0.552246 0.787109 0.550781 0.787109 0.548828 0.786328 0.547852 0.786328 0.545898 0.785156 0.544434 0.785156 0.541992 0.783984 0.540527 0.783594 0.540527 0.783203 0.540039
2 0.283984 0.703125 0.282031 0.703125 0.279687 0.704102 0.279297 0.705078 0.279297 0.709961 0.280859 0.713379 0.28125 0.720215 0.280859 0.741699 0.279687 0.749512 0.276953 0.755371 0.273828 0.759277 0.265625 0.780273 0.259375 0.791504 0.254297 0.802734 0.251563 0.806641 0.25 0.812012 0.246094 0.818848 0.243359 0.821289 0.241406 0.825684 0.236719 0.831055 0.235156 0.834473 0.232813 0.837402 0.231641 0.840332 0.232031 0.842773 0.233203 0.842773 0.237891 0.839844 0.246094 0.831055 0.254297 0.824219 0.257812 0.819824 0.264844 0.808594 0.278516 0.782715 0.280859 0.779785 0.285156 0.77002 0.289062 0.756348 0.290625 0.74707 0.291406 0.726074 0.287109 0.708008
2 0.320703 0.149414 0.317578 0.146973 0.312891 0.145996 0.282031 0.145508 0.267969 0.148926 0.252344 0.155273 0.243359 0.162109 0.235547 0.172363 0.231641 0.179199 0.228906 0.182129 0.226562 0.1875 0.219922 0.197266 0.209375 0.21582 0.207422 0.22168 0.208203 0.222656 0.209766 0.222656 0.214062 0.21875 0.217578 0.216797 0.228906 0.202637 0.23125 0.201172 0.24375 0.186523 0.248047 0.183105 0.251953 0.181152 0.254297 0.177734 0.263281 0.170898 0.267969 0.170898 0.275 0.164551 0.279687 0.163086 0.283984 0.160645 0.302344 0.158203 0.307422 0.158203 0.311719 0.156738 0.317969 0.15625 0.321094 0.154297
2 0.383594 0.72168 0.383203 0.725098 0.384766 0.728027 0.385156 0.732422 0.389453 0.736328 0.390234 0.740723 0.392969 0.748535 0.400781 0.758301 0.410938 0.766602 0.428125 0.776855 0.439844 0.781738 0.453516 0.789062 0.457422 0.790039 0.458203 0.791016 0.459766 0.790527 0.460547 0.788086 0.460156 0.78418 0.459375 0.781738 0.457031 0.778809 0.454688 0.777832 0.451953 0.774902 0.445312 0.770508 0.441016 0.768555 0.435547 0.76416 0.428516 0.760742 0.409766 0.749023 0.406641 0.745605 0.403516 0.739746 0.396094 0.733398 0.393359 0.733398 0.391797 0.731934 0.390625 0.729492 0.389844 0.723633 0.388281 0.719727
2 0.406641 0.532715 0.400781 0.529297 0.398047 0.529297 0.376172 0.523438 0.361719 0.521484 0.340234 0.521484 0.335156 0.523438 0.324609 0.523438 0.313672 0.525391 0.297266 0.532227 0.294531 0.534668 0.283203 0.541016 0.278516 0.546387 0.275391 0.54834 0.271875 0.552734 0.267188 0.556152 0.263281 0.561035 0.259375 0.563477 0.25625 0.566895 0.251563 0.570312 0.248047 0.574707 0.243359 0.577637 0.239844 0.58252 0.239453 0.586426 0.240625 0.587891 0.247266 0.586914 0.257422 0.581055 0.272266 0.569336 0.275 0.566406 0.283594 0.55957 0.287891 0.557129 0.289844 0.554688 0.293359 0.552734 0.298438 0.54834 0.303516 0.546875 0.307422 0.544434 0.323047 0.539551 0.328516 0.538574 0.334766 0.535156 0.337891 0.53418 0.351953 0.534668 0.358203 0.533691 0.402734 0.534668 0.40625 0.533691
2 0.748828 0.248047 0.748437 0.255371 0.747266 0.257324 0.746094 0.257812 0.746094 0.260254 0.747656 0.261719 0.749609 0.268555 0.757812 0.279297 0.764453 0.294922 0.766797 0.303223 0.772266 0.330078 0.776172 0.342285 0.777734 0.345703 0.782813 0.351562 0.788281 0.352051 0.792969 0.350586 0.793359 0.349121 0.789453 0.347656 0.786328 0.34375 0.785156 0.34082 0.78125 0.294922 0.779297 0.285156 0.773438 0.270508 0.769922 0.266113 0.769141 0.26416 0.758203 0.253418 0.755078 0.248047
2 0.452344 0.836426 0.45 0.833984 0.441797 0.832031 0.422266 0.832031 0.404687 0.833008 0.390625 0.837891 0.377344 0.847168 0.364844 0.86084 0.358984 0.868652 0.357422 0.87207 0.352734 0.877441 0.350391 0.883789 0.346875 0.888672 0.34375 0.891602 0.342187 0.89502 0.340234 0.897461 0.337109 0.899414 0.333594 0.904297 0.329688 0.90625 0.324609 0.911621 0.319531 0.915527 0.319531 0.918457 0.321875 0.920898 0.326172 0.921387 0.333203 0.916992 0.341016 0.909668 0.347266 0.902832 0.353906 0.894043 0.357812 0.890625 0.36875 0.878418 0.374609 0.875 0.377344 0.87207 0.380078 0.870605 0.390625 0.859863 0.401562 0.851562 0.409375 0.847656 0.419141 0.844727 0.432422 0.842773 0.446875 0.841797 0.451562 0.839355 0.452344 0.838379
2 0.31875 0.460449 0.316406 0.462891 0.314844 0.46582 0.314844 0.468262 0.315625 0.470215 0.315625 0.475098 0.316797 0.478027 0.318359 0.490234 0.319922 0.493652 0.321484 0.503418 0.323828 0.509277 0.324609 0.514648 0.326562 0.520508 0.326562 0.52832 0.328516 0.536621 0.33125 0.540039 0.332422 0.54541 0.334766 0.550293 0.337891 0.56543 0.344531 0.583984 0.349609 0.593262 0.355469 0.598633 0.356641 0.600586 0.357031 0.60498 0.359766 0.612305 0.360156 0.620117 0.366016 0.629395 0.36875 0.640137 0.372656 0.650879 0.373437 0.651855 0.377344 0.651855 0.378906 0.649902 0.380078 0.64209 0.378125 0.638184 0.378125 0.635254 0.376172 0.630859 0.373828 0.617188 0.372266 0.614746 0.371484 0.611328 0.367969 0.605957 0.366016 0.600098 0.366016 0.596191 0.363672 0.591309 0.363281 0.588379 0.360938 0.583008 0.360547 0.57959 0.35625 0.567383 0.355859 0.564453 0.352734 0.559082 0.350781 0.550781 0.348047 0.544434 0.346484 0.536133 0.348828 0.533203 0.348828 0.532227 0.345703 0.529785 0.344141 0.523438 0.339844 0.517578 0.338672 0.510742 0.335547 0.501953 0.334375 0.494629 0.325781 0.466797 0.321875 0.460938
2 0.420312 0.609375 0.419141 0.611328 0.419531 0.615723 0.424609 0.623047 0.430469 0.628418 0.43125 0.630371 0.435547 0.635254 0.437109 0.638184 0.452734 0.657715 0.458203 0.669434 0.464453 0.679199 0.477344 0.704102 0.480469 0.708496 0.485156 0.719727 0.4875 0.722656 0.490234 0.728027 0.492188 0.733887 0.494531 0.737305 0.494531 0.739258 0.496484 0.745117 0.498047 0.74707 0.5 0.748047 0.502344 0.748047 0.504297 0.744141 0.503906 0.740234 0.504687 0.737793 0.504687 0.727539 0.503906 0.725586 0.503125 0.718262 0.498437 0.704102 0.496875 0.70166 0.495312 0.696777 0.493359 0.693848 0.485156 0.672852 0.480859 0.664551 0.475781 0.65625 0.468359 0.647461 0.466016 0.643555 0.463672 0.642578 0.458984 0.637695 0.455859 0.635742 0.451172 0.629395 0.439453 0.621094 0.435937 0.616211 0.430859 0.613281 0.428516 0.61084 0.424609 0.608887
2 0.485938 0.880859 0.487109 0.885254 0.490625 0.889648 0.500781 0.900391 0.505859 0.904297 0.526172 0.914551 0.532422 0.918457 0.54375 0.921875 0.557813 0.922363 0.564844 0.920898 0.572266 0.917969 0.578906 0.913574 0.587891 0.905273 0.591406 0.901367 0.594141 0.896484 0.594141 0.895508 0.592969 0.89502 0.589063 0.895508 0.584766 0.898438 0.567969 0.904297 0.564453 0.904297 0.562109 0.905273 0.553906 0.904785 0.531641 0.898926 0.5125 0.891602 0.500781 0.88623 0.498828 0.884277 0.491016 0.879395 0.4875 0.879395
2 0.782813 0.416016 0.783594 0.42334 0.787109 0.427246 0.797656 0.432617 0.803125 0.433105 0.806641 0.435059 0.810547 0.435059 0.814844 0.440918 0.819141 0.442871 0.823438 0.447754 0.826953 0.449707 0.828906 0.452637 0.833203 0.456543 0.838672 0.458496 0.841016 0.460938 0.841797 0.462891 0.847656 0.464844 0.85 0.464844 0.851953 0.463867 0.852344 0.462402 0.850391 0.45752 0.841016 0.447266 0.837891 0.445312 0.833594 0.44043 0.829297 0.4375 0.825391 0.432617 0.821094 0.430176 0.819141 0.427734 0.814453 0.424805 0.808984 0.419434 0.799219 0.415039 0.79375 0.413574 0.786328 0.413574
2 0.747266 0.641602 0.743359 0.645508 0.742188 0.648926 0.735547 0.661621 0.732031 0.672852 0.728906 0.689941 0.729297 0.713379 0.728516 0.727539 0.728906 0.73291 0.729688 0.735352 0.729688 0.740723 0.730469 0.743652 0.730469 0.749023 0.735938 0.770996 0.737891 0.774902 0.739062 0.779785 0.741016 0.782715 0.746875 0.796387 0.749609 0.799805 0.751172 0.803711 0.75625 0.810059 0.762109 0.819336 0.766016 0.828125 0.773438 0.84082 0.774609 0.844238 0.778906 0.84668 0.779297 0.845215 0.778125 0.843262 0.777734 0.838379 0.774219 0.830566 0.773828 0.827148 0.771875 0.821289 0.769922 0.818848 0.768359 0.813965 0.766016 0.810547 0.765234 0.806641 0.7625 0.801758 0.757812 0.790039 0.755078 0.786621 0.753906 0.782715 0.751563 0.778809 0.749609 0.769043 0.747266 0.761719 0.745703 0.750488 0.743359 0.741699 0.742578 0.731934 0.741797 0.729004 0.741797 0.723633 0.741016 0.720703 0.741797 0.714844 0.740234 0.706055 0.740234 0.700195 0.739062 0.697266 0.739844 0.683594 0.74375 0.666016 0.746094 0.661133 0.75 0.646973 0.749219 0.64209
2 0.153906 0.369141 0.152734 0.373047 0.154297 0.375 0.156641 0.375488 0.158203 0.376953 0.157422 0.381348 0.158984 0.383789 0.159766 0.387695 0.165625 0.400391 0.169141 0.410645 0.173047 0.416504 0.175781 0.42334 0.176172 0.426758 0.178906 0.435059 0.178516 0.439453 0.18125 0.449219 0.18125 0.457031 0.182422 0.461426 0.182812 0.467285 0.184375 0.472168 0.184766 0.481445 0.186719 0.489258 0.186328 0.50293 0.187109 0.505859 0.187109 0.515137 0.186328 0.517578 0.185938 0.529297 0.184766 0.532715 0.184766 0.534668 0.185938 0.540039 0.189062 0.540527 0.191016 0.538574 0.19375 0.533691 0.194141 0.530273 0.196875 0.522461 0.198047 0.514648 0.201172 0.503906 0.201172 0.499512 0.199609 0.489746 0.198047 0.460938 0.193359 0.431641 0.189453 0.416992 0.183984 0.40332 0.183203 0.399902 0.177734 0.38916 0.170703 0.379883 0.166406 0.376953 0.162891 0.372559 0.158203 0.371582
2 0.301953 0.563477 0.301953 0.56543 0.304688 0.574707 0.305469 0.580566 0.305469 0.59668 0.304688 0.602051 0.304297 0.617188 0.305859 0.633301 0.305859 0.647949 0.307031 0.650391 0.309375 0.662598 0.312109 0.67041 0.313672 0.678223 0.315625 0.681641 0.321484 0.697266 0.324609 0.703613 0.337109 0.724609 0.344531 0.733887 0.347656 0.736328 0.353125 0.745117 0.355859 0.746582 0.357812 0.749023 0.360156 0.750488 0.363281 0.750488 0.365234 0.748535 0.364844 0.744629 0.35625 0.732422 0.354687 0.728516 0.352344 0.725098 0.350781 0.720215 0.346875 0.71582 0.342578 0.702637 0.336719 0.691406 0.334766 0.683594 0.332422 0.678223 0.331641 0.67334 0.329297 0.668457 0.326953 0.657227 0.325 0.65332 0.323047 0.645996 0.321094 0.643066 0.319922 0.639648 0.31875 0.632324 0.31875 0.626465 0.316797 0.622559 0.316016 0.618164 0.316016 0.610352 0.314844 0.603027 0.315234 0.600098 0.312891 0.591309 0.311328 0.575195 0.310547 0.572754 0.307031 0.567871 0.305078 0.567383 0.303906 0.565918 0.303516 0.563477
1 0.842187 0.458984 0.841406 0.459961 0.841406 0.47998 0.841797 0.480469 0.841797 0.481934 0.842578 0.48291 0.842578 0.483887 0.842969 0.484375 0.842969 0.485352 0.84375 0.486328 0.84375 0.487305 0.844922 0.48877 0.844922 0.491699 0.845313 0.492188 0.845313 0.493164 0.845703 0.493652 0.845703 0.494629 0.846094 0.495117 0.846094 0.495605 0.846484 0.496094 0.846484 0.496582 0.847266 0.497559 0.847266 0.498047 0.847656 0.498535 0.847656 0.499023 0.848047 0.499512 0.848047 0.5 0.848437 0.500488 0.848437 0.500977 0.848828 0.501465 0.848828 0.501953 0.849219 0.502441 0.849219 0.50293 0.849609 0.503418 0.849609 0.504395 0.85 0.504883 0.85 0.506348 0.850391 0.506836 0.850391 0.507324 0.850781 0.507812 0.850781 0.508301 0.851562 0.509277 0.851562 0.509766 0.851953 0.510254 0.851953 0.510742 0.852344 0.51123 0.852344 0.511719 0.853125 0.512695 0.853125 0.513672 0.853516 0.51416 0.853516 0.514648 0.853906 0.515137 0.853906 0.515625 0.854297 0.515625 0.854688 0.516113 0.854688 0.516602 0.855078 0.51709 0.855078 0.518555 0.855469 0.519043 0.855469 0.519531 0.855859 0.52002 0.855859 0.520508 0.85625 0.520996 0.85625 0.521484 0.856641 0.521973 0.856641 0.522461 0.857031 0.522949 0.857031 0.523926 0.857422 0.524414 0.857422 0.525879 0.857812 0.526367 0.857812 0.529785 0.858203 0.530273 0.858203 0.570801 0.857812 0.571289 0.857812 0.57373 0.857422 0.574219 0.857422 0.574707 0.857031 0.575195 0.857031 0.575684 0.856641 0.576172 0.856641 0.580566 0.85625 0.581055 0.85625 0.582031 0.855859 0.58252 0.855859 0.583984 0.855469 0.584473 0.855469 0.585938 0.855078 0.586426 0.855078 0.587402 0.854688 0.587891 0.854688 0.588379 0.854297 0.588867 0.854297 0.59082 0.854688 0.591309 0.854688 0.591797 0.855078 0.592285 0.855078 0.592773 0.855469 0.593262 0.855469 0.605957 0.855859 0.606445 0.855859 0.606934 0.85625 0.607422 0.85625 0.608398 0.856641 0.608887 0.856641 0.609375 0.857812 0.61084 0.857812 0.612305 0.858594 0.613281 0.858594 0.61377 0.860156 0.615723 0.860156 0.616699 0.860547 0.617188 0.860547 0.617676 0.861328 0.618652 0.861328 0.619629 0.861719 0.620117 0.861719 0.620605 0.862109 0.621094 0.862109 0.621582 0.862891 0.622559 0.862891 0.623047 0.863281 0.623047 0.863672 0.623535 0.864062 0.623535 0.864453 0.624023 0.864453 0.624512 0.865625 0.625977 0.866016 0.625977 0.866797 0.626953 0.869141 0.626953 0.870313 0.625488 0.870313 0.624512 0.871094 0.623535 0.871094 0.619629 0.871484 0.619141 0.871875 0.619629 0.873437 0.619629 0.874609 0.618164 0.874609 0.61084 0.873828 0.609863 0.873828 0.608887 0.873437 0.608398 0.873437 0.607422 0.873828 0.606934 0.873828 0.60498 0.873437 0.604492 0.873437 0.604004 0.872656 0.603027 0.872656 0.602539 0.872266 0.602051 0.872266 0.601562 0.871875 0.601074 0.871875 0.600098 0.871484 0.599609 0.871484 0.591309 0.871094 0.59082 0.871094 0.587402 0.870313 0.586426 0.870313 0.585938 0.869922 0.585449 0.869922 0.583496 0.870313 0.583008 0.870313 0.581055 0.869531 0.580078 0.869531 0.575195 0.869141 0.574707 0.869141 0.57373 0.86875 0.573242 0.86875 0.569824 0.869141 0.569336 0.869141 0.564453 0.86875 0.563965 0.869141 0.563477 0.869141 0.55957 0.86875 0.559082 0.869141 0.558594 0.869141 0.547363 0.86875 0.546875 0.869141 0.546387 0.869141 0.542969 0.86875 0.54248 0.86875 0.541016 0.869141 0.540527 0.869141 0.537109 0.869531 0.536621 0.869531 0.52832 0.869141 0.527832 0.869531 0.527344 0.869531 0.522949 0.869141 0.522461 0.869531 0.521973 0.869531 0.518555 0.870313 0.517578 0.870313 0.514648 0.871094 0.513672 0.871094 0.510254 0.871484 0.509766 0.871484 0.506836 0.872266 0.505859 0.872266 0.495605 0.871484 0.494629 0.871484 0.492188 0.871094 0.491699 0.871094 0.490234 0.869922 0.48877 0.869531 0.48877 0.869141 0.488281 0.869141 0.487305 0.867969 0.48584 0.867969 0.483887 0.866016 0.481445 0.866016 0.480957 0.864844 0.479492 0.864453 0.479492 0.862891 0.477539 0.8625 0.477539 0.861328 0.476074 0.860938 0.476074 0.860547 0.475586 0.860156 0.475586 0.858984 0.474121 0.858594 0.474121 0.857422 0.472656 0.856641 0.472656 0.852734 0.467773 0.851953 0.467773 0.850781 0.466309 0.850391 0.466309 0.849609 0.465332 0.849609 0.464844 0.847266 0.461914 0.846875 0.461914 0.846484 0.461426 0.846484 0.460938 0.845313 0.459473 0.844922 0.459473 0.844531 0.458984
1 0.378516 0.927734 0.378516 0.929199 0.379297 0.931641 0.381641 0.933105 0.383203 0.933105 0.383594 0.933594 0.385156 0.933594 0.3875 0.93457 0.392578 0.93457 0.392969 0.935059 0.394922 0.935059 0.395313 0.935547 0.401172 0.937012 0.404687 0.938965 0.407422 0.938965 0.407813 0.939453 0.412891 0.94043 0.415625 0.941895 0.418359 0.942383 0.422266 0.944336 0.429688 0.946289 0.43125 0.947266 0.432812 0.947266 0.435156 0.948242 0.437109 0.948242 0.439063 0.949219 0.442578 0.949219 0.447266 0.951172 0.449609 0.951172 0.45 0.95166 0.451172 0.95166 0.452344 0.952637 0.455859 0.953125 0.458203 0.955566 0.462891 0.955566 0.464453 0.956543 0.466016 0.956543 0.46875 0.958008 0.470703 0.959961 0.475 0.960449 0.475391 0.960938 0.480469 0.961914 0.480859 0.962402 0.485156 0.962402 0.485547 0.961914 0.486719 0.961914 0.488281 0.960449 0.488281 0.958984 0.484766 0.955078 0.480469 0.952637 0.478125 0.950684 0.475781 0.950684 0.473438 0.949219 0.471094 0.94873 0.469531 0.946289 0.465625 0.941895 0.463281 0.940918 0.462109 0.940918 0.459375 0.939453 0.455859 0.938965 0.453516 0.937988 0.450391 0.935547 0.446484 0.93457 0.442969 0.932617 0.441797 0.932617 0.441406 0.932129 0.440234 0.932129 0.436719 0.930664 0.435156 0.930664 0.432812 0.929688 0.430859 0.929688 0.430469 0.929199 0.428516 0.929199 0.428125 0.928711 0.426563 0.928711 0.424609 0.927734 0.41875 0.927246 0.418359 0.926758 0.414453 0.926758 0.414062 0.92627 0.410938 0.92627 0.410547 0.925781 0.400781 0.925781 0.400391 0.925293 0.394922 0.925293 0.394531 0.924805 0.387891 0.924805 0.3875 0.924316 0.385156 0.924316 0.384766 0.924805 0.380859 0.925293 0.378906 0.926758
2 0.380469 0.874023 0.378906 0.874023 0.378516 0.873535 0.375781 0.874023 0.373047 0.875977 0.371094 0.878418 0.369531 0.879395 0.368359 0.880859 0.366406 0.888184 0.366406 0.890137 0.365625 0.893066 0.365625 0.895508 0.365234 0.895996 0.364844 0.899902 0.364453 0.900391 0.364453 0.904785 0.363672 0.907715 0.363672 0.912598 0.362891 0.915527 0.3625 0.928223 0.362109 0.928711 0.362109 0.936035 0.360938 0.938965 0.360938 0.944824 0.360156 0.947266 0.360547 0.94873 0.360547 0.95166 0.359375 0.95459 0.359766 0.959473 0.360156 0.959961 0.360156 0.962891 0.360938 0.964355 0.363672 0.966309 0.365625 0.966309 0.367188 0.963867 0.367578 0.960449 0.370703 0.94873 0.370703 0.946777 0.371484 0.944336 0.372266 0.9375 0.373437 0.934082 0.373828 0.930664 0.375 0.926758 0.375391 0.92041 0.375781 0.919922 0.376172 0.916016 0.376563 0.915527 0.376953 0.907715 0.377734 0.905273 0.378125 0.899902 0.378906 0.896973 0.378906 0.893066 0.379297 0.892578 0.379297 0.890625 0.380078 0.888184 0.380469 0.883789 0.38125 0.881348 0.38125 0.875977
1 1 0.00488281 0.997656 0.00488281 0.997266 0.00439453 0.991016 0.00488281 0.982422 0.0102539 0.980078 0.0112305 0.978516 0.0112305 0.977344 0.012207 0.974219 0.0131836 0.965625 0.0180664 0.963281 0.0180664 0.962891 0.0185547 0.958984 0.019043 0.956641 0.0200195 0.954297 0.0200195 0.953906 0.0205078 0.950781 0.0205078 0.950391 0.0209961 0.948438 0.0209961 0.946094 0.0219727 0.944141 0.0219727 0.94375 0.0224609 0.941797 0.0224609 0.941406 0.0229492 0.939063 0.0229492 0.938672 0.0234375 0.937109 0.0234375 0.934766 0.0244141 0.932031 0.0244141 0.931641 0.0249023 0.929688 0.0249023 0.929297 0.0253906 0.924219 0.0253906 0.923828 0.0258789 0.910156 0.0263672 0.909766 0.0258789 0.904297 0.0258789 0.901563 0.0244141 0.898828 0.0239258 0.896875 0.0224609 0.894531 0.0214844 0.891016 0.0209961 0.890625 0.0205078 0.8875 0.0205078 0.885938 0.0219727 0.885938 0.0253906 0.887891 0.027832 0.891797 0.0302734 0.89375 0.0307617 0.898047 0.0336914 0.903125 0.0356445 0.905469 0.0371094 0.906641 0.0371094 0.908594 0.0380859 0.910156 0.0380859 0.910547 0.0385742 0.9125 0.0385742 0.912891 0.0390625 0.914844 0.0390625 0.915234 0.0395508 0.918359 0.0395508 0.91875 0.0400391 0.922656 0.0400391 0.923047 0.0405273 0.934375 0.0405273 0.934766 0.0400391 0.940625 0.0400391 0.941016 0.0395508 0.943359 0.0395508 0.94375 0.0390625 0.948828 0.0380859 0.951172 0.0371094 0.953125 0.0356445 0.960156 0.0332031 0.962891 0.03125 0.966797 0.0302734 0.969922 0.0288086 0.974609 0.0283203 0.975 0.027832 0.979297 0.027832 0.979688 0.0273438 0.982031 0.0273438 0.982422 0.0268555 1 0.0258789
2 0.435156 0.95459 0.435156 0.955566 0.435937 0.957031 0.437109 0.958008 0.4375 0.959473 0.441016 0.963379 0.448828 0.967773 0.451953 0.97168 0.453516 0.972656 0.458594 0.978027 0.463672 0.982422 0.466406 0.98584 0.466406 0.986328 0.469141 0.989258 0.470703 0.994141 0.472266 0.996582 0.473828 0.997559 0.475625 0.999512 0.476914 1 0.477734 1 0.494414 1 0.490078 0.994629 0.486211 0.987793 0.482422 0.98291 0.473438 0.971191 0.471094 0.969238 0.466797 0.963379 0.464844 0.961914 0.462891 0.959473 0.458594 0.956543 0.455469 0.956055 0.452344 0.952637 0.45 0.95166 0.448828 0.95166 0.448437 0.951172 0.441406 0.95166 0.438281 0.953125 0.436719 0.953125
1 0.433594 0.600586 0.433203 0.599609 0.428125 0.597168 0.426953 0.597168 0.426563 0.59668 0.425 0.59668 0.424609 0.596191 0.42293 0.595752 0.420508 0.595703 0.418711 0.595703 0.41625 0.595752 0.414062 0.595703 0.412539 0.595361 0.410547 0.595215 0.408828 0.594482 0.40707 0.594141 0.404453 0.593408 0.401172 0.593262 0.398828 0.593262 0.396875 0.594238 0.390625 0.594238 0.388672 0.595215 0.387188 0.594531 0.385273 0.59375 0.38125 0.59375 0.377344 0.59375 0.373437 0.595703 0.371094 0.595703 0.368867 0.596143 0.365625 0.596191 0.361289 0.597119 0.357383 0.59707 0.353516 0.59668 0.350547 0.597119 0.348438 0.597168 0.344922 0.597656 0.341367 0.598877 0.3375 0.600586 0.334375 0.602539 0.33168 0.604395 0.329531 0.606592 0.325781 0.610645 0.323867 0.612158 0.322227 0.614014 0.319375 0.616602 0.3175 0.618408 0.315312 0.620898 0.311641 0.623291 0.307461 0.627539 0.306797 0.629883 0.306367 0.631006 0.306172 0.631689 0.30582 0.632861 0.30543 0.633643 0.304688 0.634766 0.303906 0.637695 0.303125 0.63916 0.299219 0.643555 0.296875 0.648926 0.296094 0.649414 0.292969 0.653809 0.291406 0.654297 0.288281 0.656738 0.283203 0.658203 0.278906 0.661621 0.275 0.662109 0.271484 0.663574 0.267578 0.664062 0.267188 0.664551 0.261328 0.666016 0.259766 0.666992 0.258203 0.669434 0.258984 0.67041 0.261328 0.671387 0.265234 0.671875 0.265625 0.672363 0.269141 0.672363 0.269531 0.672852 0.273828 0.672852 0.274219 0.672363 0.278906 0.672363 0.279297 0.671875 0.280469 0.671875 0.283203 0.669922 0.286328 0.669434 0.288672 0.667969 0.291797 0.666992 0.29375 0.665527 0.294531 0.665527 0.299219 0.660156 0.302734 0.658691 0.303906 0.657715 0.304688 0.655762 0.306641 0.65332 0.309375 0.651367 0.310547 0.649902 0.311328 0.647949 0.315625 0.643555 0.31875 0.642578 0.322656 0.638184 0.327344 0.635254 0.329688 0.632812 0.334375 0.631348 0.336328 0.629883 0.339844 0.628418 0.342187 0.62793 0.346094 0.625488 0.353516 0.624023 0.353906 0.623535 0.357031 0.623047 0.357422 0.622559 0.360977 0.620801 0.371875 0.619141 0.377109 0.617529 0.38125 0.617676 0.382422 0.617676 0.382812 0.617188 0.383984 0.617188 0.384375 0.616699 0.385898 0.615771 0.388008 0.615283 0.390664 0.61377 0.394141 0.612793 0.396484 0.611816 0.405078 0.611328 0.40625 0.610352 0.407422 0.610352 0.407813 0.609863 0.411289 0.609375 0.416797 0.608252 0.420703 0.606934 0.428125 0.606934 0.429297 0.605957 0.432031 0.60498 0.433594 0.603516
2 0.379297 0.472168 0.378906 0.472656 0.378516 0.472656 0.378125 0.473145 0.377734 0.473145 0.377734 0.473633 0.377344 0.474121 0.377344 0.474609 0.376953 0.475098 0.376953 0.480957 0.376563 0.481445 0.376563 0.48291 0.376172 0.483398 0.376172 0.496094 0.376563 0.496582 0.376563 0.49707 0.376953 0.497559 0.376953 0.499023 0.377344 0.499512 0.377344 0.5 0.377734 0.500488 0.377734 0.500977 0.378125 0.500977 0.378906 0.501953 0.378906 0.502441 0.379297 0.50293 0.379297 0.503418 0.379688 0.503906 0.379688 0.504395 0.380078 0.504883 0.380078 0.505371 0.380469 0.505859 0.380469 0.506348 0.38125 0.507324 0.38125 0.508301 0.381641 0.508789 0.381641 0.509277 0.382031 0.509766 0.382031 0.510254 0.383203 0.511719 0.383203 0.512207 0.383594 0.512695 0.383594 0.513184 0.383984 0.513672 0.383984 0.51416 0.384375 0.514648 0.384375 0.516602 0.384766 0.51709 0.384766 0.517578 0.385156 0.518066 0.385156 0.518555 0.385547 0.519043 0.385547 0.520508 0.385937 0.520996 0.385937 0.522949 0.386328 0.523438 0.386328 0.523926 0.386719 0.524414 0.386719 0.527344 0.387109 0.527832 0.387109 0.539062 0.3875 0.539551 0.387109 0.540039 0.387109 0.569336 0.386719 0.569824 0.386719 0.570312 0.386328 0.570801 0.386328 0.571289 0.385937 0.571777 0.385937 0.572266 0.385156 0.573242 0.385156 0.57373 0.384766 0.574219 0.384766 0.574707 0.383984 0.575684 0.383984 0.576172 0.383203 0.577148 0.382812 0.577148 0.382812 0.577637 0.382422 0.578125 0.382422 0.578613 0.382031 0.579102 0.382031 0.581055 0.381641 0.581543 0.381641 0.582031 0.380859 0.583008 0.380859 0.583496 0.380469 0.583984 0.380469 0.584473 0.380078 0.584961 0.380078 0.585449 0.379688 0.585938 0.379688 0.588379 0.380078 0.588867 0.380078 0.589355 0.380469 0.589844 0.380469 0.590332 0.380859 0.590332 0.38125 0.59082 0.381641 0.59082 0.382031 0.591309 0.383594 0.591309 0.383984 0.59082 0.384375 0.59082 0.384766 0.590332 0.385156 0.590332 0.385156 0.589844 0.385547 0.589355 0.385547 0.588867 0.385937 0.588379 0.386328 0.588379 0.386328 0.587891 0.386719 0.587402 0.386719 0.586914 0.387109 0.586426 0.387109 0.585449 0.387891 0.584473 0.387891 0.583984 0.388281 0.583496 0.388281 0.583008 0.388672 0.58252 0.388672 0.582031 0.389453 0.581055 0.389844 0.581055 0.389844 0.580566 0.390625 0.57959 0.391016 0.57959 0.391016 0.579102 0.391797 0.578125 0.392188 0.578125 0.392969 0.577148 0.392969 0.57666 0.393359 0.576172 0.39375 0.576172 0.39375 0.575684 0.394141 0.575195 0.394531 0.575195 0.394531 0.574707 0.394922 0.574219 0.394922 0.57373 0.395313 0.573242 0.395313 0.571289 0.395703 0.570801 0.395703 0.570312 0.396094 0.569824 0.396094 0.557617 0.395703 0.557129 0.395703 0.532227 0.395313 0.531738 0.395313 0.528809 0.394922 0.52832 0.394922 0.526855 0.394531 0.526367 0.394531 0.523438 0.394141 0.522949 0.394141 0.522461 0.39375 0.521973 0.39375 0.514648 0.393359 0.51416 0.393359 0.51123 0.392969 0.510742 0.392969 0.508301 0.392578 0.507812 0.392578 0.507324 0.392188 0.506836 0.392188 0.506348 0.391797 0.505859 0.391797 0.505371 0.391406 0.504883 0.391406 0.504395 0.391016 0.503906 0.391016 0.503418 0.390625 0.50293 0.390625 0.502441 0.390234 0.502441 0.389844 0.501953 0.389844 0.501465 0.389453 0.500977 0.389453 0.500488 0.388672 0.499512 0.388672 0.499023 0.388281 0.499023 0.387891 0.498535 0.387891 0.497559 0.3875 0.49707 0.3875 0.496582 0.387109 0.496094 0.387109 0.495605 0.386719 0.495117 0.386719 0.494629 0.386328 0.494141 0.386328 0.493652 0.385937 0.493652 0.385547 0.493164 0.385547 0.492676 0.384766 0.491699 0.384766 0.491211 0.384375 0.491211 0.383594 0.490234 0.383594 0.489746 0.383203 0.489746 0.382812 0.489258 0.382812 0.48877 0.382422 0.488281 0.382422 0.485352 0.382812 0.484863 0.382812 0.483398 0.383203 0.48291 0.383203 0.475098 0.382812 0.474609 0.382812 0.474121 0.382422 0.473633 0.382422 0.473145 0.382031 0.473145 0.381641 0.472656 0.38125 0.472656 0.380859 0.472168
2 0.458984 0.583496 0.458594 0.583984 0.458203 0.583984 0.457813 0.584473 0.457422 0.584473 0.457422 0.584961 0.457031 0.585449 0.457031 0.585938 0.456641 0.586426 0.456641 0.588867 0.457031 0.589355 0.457031 0.594727 0.457422 0.595215 0.457422 0.597656 0.457813 0.598145 0.457813 0.634277 0.458203 0.634766 0.458203 0.635742 0.458594 0.63623 0.458594 0.641602 0.458984 0.64209 0.458984 0.646973 0.459375 0.647461 0.459375 0.647949 0.459766 0.648438 0.459766 0.648926 0.460156 0.649414 0.460156 0.650879 0.460547 0.651367 0.460547 0.651855 0.460938 0.652344 0.460938 0.652832 0.461328 0.65332 0.461328 0.654785 0.461719 0.655273 0.461719 0.65625 0.462109 0.656738 0.462109 0.657227 0.4625 0.657715 0.4625 0.658203 0.462891 0.658691 0.462891 0.65918 0.463672 0.660156 0.463672 0.660645 0.464453 0.661621 0.464453 0.662109 0.465234 0.663086 0.465234 0.663574 0.465625 0.664062 0.466016 0.664062 0.466797 0.665039 0.467187 0.665039 0.467578 0.665527 0.467969 0.665527 0.468359 0.666016 0.469141 0.666016 0.469531 0.666504 0.469922 0.666504 0.470313 0.666992 0.471875 0.666992 0.472266 0.666504 0.472656 0.666504 0.473047 0.666016 0.473438 0.666016 0.473438 0.665527 0.473828 0.665039 0.473828 0.664551 0.474219 0.664062 0.474219 0.662109 0.473828 0.661621 0.473828 0.661133 0.473438 0.660645 0.473438 0.660156 0.473047 0.659668 0.472656 0.659668 0.472266 0.65918 0.471875 0.65918 0.471484 0.658691 0.471484 0.658203 0.471094 0.657715 0.471094 0.656738 0.470703 0.65625 0.470703 0.655273 0.470313 0.654785 0.470313 0.654297 0.469922 0.653809 0.469922 0.65332 0.469531 0.652832 0.469531 0.652344 0.469141 0.651855 0.469141 0.651367 0.46875 0.650879 0.46875 0.650391 0.468359 0.649902 0.468359 0.649414 0.467969 0.649414 0.467187 0.648438 0.467187 0.647949 0.466797 0.647461 0.466797 0.646973 0.466406 0.646484 0.466406 0.616699 0.466016 0.616211 0.466016 0.61377 0.465625 0.613281 0.465625 0.612793 0.465234 0.612305 0.465234 0.609375 0.464844 0.608887 0.464844 0.60498 0.464453 0.604492 0.464453 0.589355 0.464062 0.588867 0.464062 0.588379 0.463672 0.587891 0.463672 0.587402 0.463281 0.587402 0.462891 0.586914 0.462891 0.586426 0.4625 0.585938 0.4625 0.585449 0.462109 0.584961 0.462109 0.584473 0.461719 0.584473 0.461328 0.583984 0.460938 0.583984 0.460547 0.583496
