1 0.459766 0.313477 0.457813 0.3125 0.455469 0.309082 0.450781 0.305664 0.446484 0.304688 0.441406 0.305664 0.435547 0.30957 0.430859 0.310547 0.428125 0.3125 0.426953 0.314941 0.427734 0.315918 0.430859 0.316895 0.435547 0.316895 0.446484 0.312988 0.458203 0.31543 0.459766 0.314941
1 0.335156 0.0883789 0.336719 0.0913086 0.3375 0.0952148 0.342578 0.0961914 0.34375 0.0952148 0.343359 0.0927734 0.345313 0.0908203 0.350391 0.0908203 0.355859 0.0888672 0.365234 0.0888672 0.367969 0.0874023 0.369922 0.0849609 0.369922 0.0834961 0.366016 0.0795898 0.361328 0.0771484 0.353516 0.0771484 0.345703 0.0751953 0.34375 0.0766602 0.343359 0.0791016 0.341406 0.081543 0.3375 0.0834961
1 0.391406 0.322754 0.391797 0.32666 0.39375 0.328125 0.396094 0.331543 0.401953 0.335938 0.403516 0.338379 0.407813 0.338867 0.408594 0.337891 0.405469 0.330566 0.403125 0.328613 0.401172 0.325684 0.398828 0.324707 0.396875 0.322266 0.392578 0.321777
1 0.442969 0.209473 0.441016 0.212891 0.440625 0.21582 0.441016 0.228027 0.442578 0.23584 0.444531 0.240234 0.444531 0.243652 0.445703 0.249023 0.446484 0.250488 0.448047 0.250488 0.449219 0.248047 0.45 0.242188 0.449609 0.22998 0.448437 0.224609 0.448437 0.221191 0.446094 0.212402 0.444141 0.209473
1 0.362109 0.267578 0.364063 0.269531 0.366797 0.27002 0.39375 0.268066 0.395703 0.266602 0.396094 0.263672 0.39375 0.261719 0.385937 0.259277 0.376953 0.259277 0.364844 0.26416 0.362891 0.265625
1 0.938281 0 0.937891 0.000488281 0.937891 0.00390625 0.939453 0.00585938 0.940625 0.00585938 0.941406 0.00683594 0.941406 0.00732422 0.944141 0.0107422 0.944531 0.0107422 0.945312 0.0117188 0.945312 0.012207 0.946094 0.0131836 0.946094 0.0136719 0.947266 0.0151367 0.947266 0.015625 0.949219 0.0180664 0.949609 0.0180664 0.951172 0.0200195 0.951562 0.0200195 0.952734 0.0214844 0.953125 0.0214844 0.954297 0.0229492 0.955078 0.0229492 0.955469 0.0234375 0.955859 0.0234375 0.95625 0.0239258 0.956641 0.0239258 0.957812 0.0253906 0.958984 0.0253906 0.960156 0.0268555 0.960547 0.0268555 0.961328 0.027832 0.964063 0.027832 0.965234 0.0263672 0.965234 0.0224609 0.964063 0.0209961 0.964063 0.0180664 0.962891 0.0166016 0.961719 0.0166016 0.959766 0.0141602 0.959766 0.0136719 0.958594 0.012207 0.957812 0.012207 0.957031 0.0112305 0.956641 0.0112305 0.954688 0.00878906 0.954297 0.00878906 0.953906 0.00830078 0.953906 0.0078125 0.952344 0.00585938 0.951953 0.00585938 0.951562 0.00537109 0.950391 0.00537109 0.949219 0.00390625 0.948828 0.00390625 0.946875 0.00146484 0.946094 0.00146484 0.945703 0.000976562 0.945312 0.000976562 0.944531 0
1 0.942969 0.00390625 0.941406 0.00585938 0.941406 0.00634766 0.940625 0.00732422 0.940625 0.0180664 0.941406 0.019043 0.941406 0.0239258 0.941797 0.0244141 0.941797 0.0258789 0.942187 0.0263672 0.942187 0.027832 0.942969 0.0288086 0.942969 0.0307617 0.943359 0.03125 0.943359 0.0327148 0.944531 0.0341797 0.944922 0.0341797 0.946484 0.0361328 0.949609 0.0361328 0.950781 0.034668 0.950781 0.0341797 0.951953 0.0327148 0.951953 0.0224609 0.951172 0.0214844 0.951172 0.0185547 0.950391 0.0175781 0.950391 0.0161133 0.95 0.015625 0.95 0.0146484 0.949609 0.0141602 0.949609 0.0131836 0.948828 0.012207 0.948828 0.0102539 0.948438 0.00976562 0.948438 0.00927734 0.946484 0.00683594 0.946484 0.00634766 0.946094 0.00585938 0.946094 0.00537109 0.944922 0.00390625
1 0.383984 0.977539 0.382422 0.979492 0.380859 0.979492 0.380469 0.97998 0.380078 0.97998 0.379688 0.980469 0.378906 0.980469 0.378516 0.980957 0.376953 0.980957 0.376563 0.981445 0.374219 0.981445 0.373828 0.981934 0.371875 0.981934 0.371484 0.982422 0.370312 0.982422 0.369922 0.98291 0.366797 0.98291 0.366406 0.983398 0.358984 0.983398 0.357812 0.984863 0.357812 0.985352 0.357422 0.98584 0.357422 0.986328 0.357031 0.986816 0.357031 0.990723 0.357422 0.991211 0.357422 0.991699 0.358594 0.993164 0.3625 0.993164 0.362891 0.993652 0.366016 0.993652 0.366406 0.993164 0.368359 0.993164 0.36875 0.992676 0.369531 0.992676 0.369922 0.992188 0.371875 0.992188 0.372656 0.991211 0.381641 0.991211 0.382812 0.989746 0.383203 0.989746 0.384375 0.988281 0.384375 0.987793 0.385547 0.986328 0.385547 0.98584 0.386719 0.984375 0.386719 0.983887 0.3875 0.98291 0.3875 0.982422 0.388281 0.981445 0.388281 0.979492 0.387109 0.978027 0.385937 0.978027 0.385547 0.977539
1 0.369922 0.0888672 0.369531 0.0893555 0.36875 0.0893555 0.368359 0.0898438 0.367969 0.0898438 0.367578 0.090332 0.365234 0.090332 0.364844 0.0908203 0.361328 0.0908203 0.360938 0.0913086 0.357031 0.0913086 0.356641 0.0917969 0.354297 0.0917969 0.353125 0.0932617 0.352734 0.0932617 0.352344 0.09375 0.350781 0.09375 0.350391 0.0942383 0.35 0.0942383 0.349609 0.0947266 0.349219 0.0947266 0.348438 0.0957031 0.347266 0.0957031 0.346875 0.0961914 0.346484 0.0961914 0.344922 0.0981445 0.344922 0.104004 0.346094 0.105469 0.349219 0.105469 0.349609 0.10498 0.35 0.105469 0.351562 0.105469 0.351953 0.10498 0.352344 0.105469 0.359766 0.105469 0.360156 0.10498 0.3625 0.10498 0.363281 0.104004 0.365625 0.104004 0.366016 0.103516 0.369141 0.103516 0.369922 0.102539 0.371484 0.102539 0.371875 0.102051 0.372266 0.102051 0.372656 0.101562 0.373047 0.101562 0.373437 0.101074 0.374219 0.101074 0.374609 0.100586 0.377344 0.100586 0.379297 0.0981445 0.379688 0.0981445 0.38125 0.0961914 0.38125 0.0952148 0.381641 0.0947266 0.381641 0.0917969 0.38125 0.0913086 0.38125 0.0908203 0.379688 0.0888672
1 0.360156 0.105469 0.359766 0.105957 0.359375 0.105957 0.358594 0.106934 0.357812 0.106934 0.357031 0.10791 0.35625 0.10791 0.355859 0.108398 0.354297 0.108398 0.353906 0.108887 0.353125 0.108887 0.352344 0.109863 0.351953 0.109863 0.350781 0.111328 0.349609 0.111328 0.348828 0.112305 0.348047 0.112305 0.347266 0.113281 0.346094 0.113281 0.345703 0.11377 0.345313 0.11377 0.344922 0.114258 0.344531 0.114258 0.344141 0.114746 0.342578 0.114746 0.342187 0.115234 0.341406 0.115234 0.341016 0.115723 0.340234 0.115723 0.339062 0.117188 0.338672 0.117188 0.338281 0.117676 0.3375 0.117676 0.336328 0.119141 0.335547 0.119141 0.334375 0.120605 0.334375 0.127441 0.335547 0.128906 0.335938 0.128906 0.336719 0.129883 0.342578 0.129883 0.342969 0.129395 0.344141 0.129395 0.344922 0.128418 0.346094 0.128418 0.346484 0.12793 0.346875 0.12793 0.347266 0.127441 0.347656 0.127441 0.348438 0.126465 0.348828 0.126465 0.349609 0.125488 0.351562 0.125488 0.351953 0.125 0.352734 0.125 0.353125 0.124512 0.353516 0.124512 0.353906 0.124023 0.354687 0.124023 0.355078 0.123535 0.355859 0.123535 0.356641 0.122559 0.357812 0.122559 0.358203 0.12207 0.359375 0.12207 0.361328 0.119629 0.362109 0.119629 0.3625 0.119141 0.362891 0.119141 0.365625 0.115723 0.365625 0.109375 0.364453 0.10791 0.364063 0.10791 0.363672 0.107422 0.363672 0.106934 0.3625 0.105469
1 0.158594 0.0878906 0.157812 0.0893555 0.155469 0.101562 0.148438 0.121582 0.148438 0.124023 0.153125 0.12793 0.155078 0.12793 0.15625 0.125488 0.157812 0.118164 0.159375 0.114258 0.161719 0.100098 0.162109 0.0908203 0.161719 0.0893555
1 0.408594 0.346191 0.399609 0.346191 0.390625 0.348633 0.383984 0.351562 0.377344 0.356445 0.375781 0.359375 0.373437 0.361328 0.373437 0.362305 0.376172 0.364746 0.378516 0.364746 0.385547 0.362305 0.389844 0.362305 0.396094 0.36084 0.4 0.357422 0.404297 0.355469 0.40625 0.353027
1 0.216016 0.211426 0.215625 0.213867 0.217578 0.217285 0.220703 0.21875 0.223047 0.22168 0.225 0.222656 0.227734 0.225586 0.23125 0.227051 0.240625 0.233398 0.244922 0.233887 0.246094 0.232422 0.245703 0.228516 0.237109 0.221191 0.228516 0.216309 0.223828 0.212402 0.218359 0.210938
1 0.121484 0.271484 0.120313 0.270508 0.118359 0.270508 0.107813 0.274902 0.101562 0.278809 0.0972656 0.283203 0.0964844 0.286621 0.0972656 0.290039 0.0996094 0.291016 0.103906 0.286621 0.116797 0.28125 0.120703 0.276855 0.121484 0.274902
1 0.405078 0.166504 0.403906 0.166504 0.399609 0.169434 0.391797 0.178711 0.388672 0.184082 0.383594 0.189453 0.382031 0.193848 0.380078 0.196289 0.380078 0.20166 0.381641 0.20166 0.386719 0.196289 0.389062 0.194824 0.404687 0.175293 0.406641 0.170898 0.406641 0.168945
1 0.295703 0.873047 0.29375 0.873047 0.292969 0.874023 0.291016 0.874512 0.288281 0.877441 0.28125 0.887695 0.280859 0.88916 0.277734 0.892578 0.278906 0.895508 0.282813 0.895996 0.286328 0.89502 0.288281 0.893066 0.289062 0.890137 0.291797 0.88623 0.294531 0.880371 0.295703 0.876465
1 0.163672 0.23291 0.163672 0.236816 0.166406 0.240234 0.172266 0.245117 0.179297 0.249512 0.189453 0.25293 0.192969 0.25293 0.194922 0.251465 0.194922 0.247559 0.19375 0.245605 0.185156 0.23584 0.171875 0.230957 0.165234 0.231445
1 0.595313 0.621094 0.590625 0.624023 0.586328 0.631348 0.583594 0.638672 0.580469 0.643555 0.578516 0.649902 0.579297 0.653809 0.580469 0.655273 0.583984 0.65332 0.5875 0.652832 0.588672 0.651367 0.594141 0.630371 0.594141 0.627441 0.596094 0.623047
1 0.108203 0.191895 0.103906 0.192383 0.0957031 0.203613 0.0933594 0.210449 0.0890625 0.216797 0.0898438 0.223145 0.090625 0.224121 0.0917969 0.224121 0.0945312 0.220703 0.0964844 0.219727 0.1 0.214844 0.103125 0.212402 0.104688 0.208008 0.105859 0.201172 0.108984 0.193359
1 0.0730469 0.338867 0.0714844 0.340332 0.0660156 0.353516 0.0632812 0.374023 0.0632812 0.379395 0.0640625 0.381348 0.0652344 0.381348 0.0691406 0.37793 0.0710937 0.372559 0.0710937 0.365723 0.0746094 0.345215 0.0746094 0.341309
1 0.645312 0.240234 0.641797 0.240234 0.634375 0.246582 0.629687 0.251953 0.624219 0.259766 0.620313 0.267578 0.619141 0.272461 0.623828 0.272949 0.626953 0.269531 0.630469 0.26709 0.632031 0.263672 0.638672 0.254883 0.640625 0.25 0.643359 0.246582
1 0.208203 0.595215 0.207422 0.596191 0.208203 0.600098 0.210547 0.602051 0.215234 0.608398 0.217969 0.61377 0.219922 0.619629 0.221094 0.621094 0.224219 0.620117 0.225391 0.614258 0.225391 0.608398 0.224219 0.603516 0.219531 0.59668 0.217188 0.595215
1 0.289453 0.211914 0.287891 0.210938 0.282813 0.211914 0.278906 0.216797 0.278516 0.221191 0.28125 0.225586 0.284375 0.226074 0.287891 0.223145 0.291406 0.216797 0.291016 0.214355
1 0.126562 0.0727539 0.122656 0.0805664 0.121094 0.0878906 0.120703 0.0961914 0.121875 0.103027 0.123047 0.106934 0.127344 0.112305 0.133203 0.114258 0.136328 0.114258 0.138281 0.112305 0.138281 0.110352 0.131641 0.0991211 0.129297 0.0927734 0.129297 0.0751953 0.127734 0.0727539
1 0.116016 0.231445 0.113672 0.231445 0.110937 0.23291 0.104297 0.242188 0.101172 0.244141 0.100781 0.248047 0.103125 0.252441 0.108203 0.25293 0.112109 0.248535 0.116016 0.23877 0.116797 0.232422
1 0.342187 0.336914 0.341406 0.335938 0.337109 0.336426 0.335156 0.338379 0.335547 0.342773 0.333984 0.345703 0.328516 0.348145 0.326172 0.350586 0.322656 0.351562 0.320312 0.35498 0.315234 0.359375 0.313281 0.361816 0.312109 0.369141 0.314063 0.370605 0.317578 0.369629 0.328516 0.360352 0.333594 0.357422 0.341406 0.347656 0.342578 0.341309
1 0.660156 0.744629 0.657813 0.743652 0.654687 0.746094 0.652344 0.749023 0.649609 0.750488 0.639844 0.758789 0.637891 0.76123 0.637109 0.76416 0.638281 0.765625 0.642969 0.765625 0.647656 0.76416 0.653125 0.760254 0.65625 0.756348 0.660547 0.748535 0.660937 0.74707
1 0.415625 0.690918 0.4125 0.693848 0.410156 0.699707 0.399609 0.712891 0.398047 0.71582 0.396094 0.717285 0.396875 0.719238 0.401562 0.71875 0.403906 0.715332 0.413281 0.706055 0.414453 0.700684 0.416016 0.697266
1 0.00546875 0.303711 0.0046875 0.305176 0.0046875 0.309082 0.0078125 0.315918 0.009375 0.321777 0.0128906 0.326172 0.0164063 0.328125 0.0183594 0.328125 0.0195312 0.325684 0.0195312 0.321777 0.0164063 0.318848 0.0144531 0.314453 0.0136719 0.310059 0.0105469 0.305664
1 0.989453 0.335449 0.987891 0.339355 0.988281 0.349609 0.991016 0.356445 0.991797 0.361816 0.993359 0.364746 0.996094 0.367676 0.997266 0.370605 0.998437 0.371582 1 0.371582 1 0.356445 0.998828 0.356445 0.997656 0.35498 0.995703 0.348633 0.992578 0.343262 0.991016 0.335938
1 0.817187 0.893066 0.817969 0.897461 0.821094 0.901855 0.827734 0.905273 0.833203 0.90625 0.8375 0.904785 0.841406 0.905273 0.844141 0.903809 0.846484 0.900879 0.845703 0.898438 0.842969 0.895508 0.837891 0.894043 0.833594 0.891602 0.828516 0.890625 0.826562 0.88916 0.822266 0.88916
1 0.515234 0.857422 0.515625 0.86084 0.523438 0.867188 0.529687 0.874023 0.533984 0.876953 0.537891 0.876953 0.5375 0.873535 0.535547 0.868652 0.529687 0.86084 0.521875 0.855957 0.516797 0.855957
1 0.457813 0.194824 0.457031 0.196777 0.457813 0.199707 0.469922 0.214355 0.473047 0.21582 0.475 0.21582 0.476562 0.214355 0.476562 0.209473 0.475391 0.206543 0.473438 0.204102 0.469922 0.201172 0.466406 0.196777 0.460938 0.195312 0.459766 0.194336
1 0.656641 0.732422 0.657813 0.73584 0.665234 0.745117 0.66875 0.746094 0.678516 0.746582 0.686328 0.742676 0.689063 0.739746 0.689453 0.73584 0.686719 0.734863 0.679297 0.736328 0.669531 0.73584 0.664844 0.734863 0.658984 0.731934
1 0.360547 0.782715 0.361719 0.786621 0.365234 0.791016 0.367969 0.792969 0.378906 0.794922 0.384375 0.794434 0.385156 0.792969 0.385156 0.790527 0.384375 0.789551 0.369141 0.78418 0.365625 0.78125 0.361719 0.780762
1 0.0128906 0.347168 0.00976562 0.348633 0.00703125 0.352051 0.0046875 0.353516 0.00273437 0.356934 0.00273437 0.358398 0.00351563 0.359863 0.00429688 0.365723 0.00820313 0.373047 0.0128906 0.377441 0.0144531 0.377441 0.0167969 0.374023 0.0171875 0.37207 0.0167969 0.368164 0.0144531 0.360352 0.0152344 0.349121 0.0144531 0.347656
1 0.321875 0.189941 0.320312 0.191406 0.317578 0.191895 0.3125 0.197754 0.310937 0.201172 0.311328 0.208496 0.308594 0.214355 0.306641 0.216797 0.306641 0.220703 0.310937 0.221191 0.312891 0.219238 0.316016 0.217773 0.317578 0.214355 0.31875 0.213379 0.317969 0.209473 0.319531 0.206055 0.319531 0.202148 0.321875 0.193359
1 0.624609 0.318359 0.624609 0.322266 0.626953 0.32373 0.634375 0.331055 0.6375 0.335449 0.638281 0.338379 0.641406 0.342285 0.643359 0.342285 0.644531 0.338867 0.643359 0.331055 0.639062 0.32373 0.637109 0.321289 0.63125 0.317383
1 1 0.0786133 0.998437 0.0786133 0.997656 0.0795898 0.996484 0.0830078 0.992969 0.0883789 0.990625 0.0947266 0.986328 0.102539 0.985547 0.106934 0.985547 0.112305 0.986719 0.11377 0.991016 0.113281 0.998828 0.103027 1 0.103027
1 0.617578 0.317871 0.617578 0.325684 0.621484 0.33252 0.624609 0.342285 0.626172 0.350098 0.627734 0.352539 0.630859 0.353516 0.632031 0.350098 0.632031 0.34375 0.628516 0.327148 0.624609 0.321289 0.622266 0.320312 0.619922 0.317871
1 0.813672 0.867676 0.812891 0.869629 0.812891 0.88623 0.814844 0.893555 0.81875 0.898926 0.822656 0.899902 0.825391 0.901855 0.828125 0.901367 0.828125 0.899414 0.824609 0.898926 0.823828 0.897949 0.823438 0.89502 0.821875 0.893066 0.820312 0.887695 0.820312 0.884277 0.818359 0.874023 0.816016 0.869141 0.814844 0.867676
1 0.553906 0.415527 0.552734 0.414062 0.547656 0.414062 0.526172 0.422852 0.517969 0.431641 0.517578 0.435547 0.521094 0.436035 0.523828 0.434082 0.533203 0.430176 0.5375 0.429199 0.543359 0.42627 0.552344 0.419922 0.553516 0.417969
1 0.588281 0.655762 0.587109 0.655762 0.582812 0.661621 0.578125 0.67041 0.56875 0.680176 0.568359 0.682129 0.569141 0.683105 0.571484 0.684082 0.577344 0.683105 0.580078 0.681152 0.583984 0.676758 0.5875 0.667969 0.588672 0.662109
1 0.953516 0.938965 0.954297 0.943848 0.957031 0.947754 0.974219 0.953613 0.982812 0.953613 0.990234 0.949707 0.991797 0.947266 0.991797 0.945312 0.990625 0.942871 0.982422 0.944336 0.973828 0.943848 0.968359 0.942871 0.955859 0.9375
1 0.713281 0.549316 0.711719 0.549316 0.708203 0.553223 0.704297 0.561523 0.702734 0.572754 0.702344 0.583984 0.701562 0.586426 0.701562 0.589355 0.702734 0.590332 0.705469 0.590332 0.710156 0.583496 0.711328 0.57666 0.711719 0.567383 0.714453 0.555176 0.714453 0.551758
1 0.622656 0.223145 0.621094 0.224609 0.620703 0.237305 0.619531 0.239258 0.617578 0.246094 0.614453 0.251465 0.614453 0.25293 0.615625 0.254883 0.619922 0.254395 0.621484 0.253418 0.623437 0.250977 0.625391 0.244629 0.627344 0.240723 0.626953 0.232422 0.623437 0.223633
1 0.443359 0.926758 0.440625 0.924316 0.438672 0.924316 0.436328 0.92627 0.430469 0.928711 0.427734 0.930664 0.417578 0.93457 0.408594 0.936523 0.407422 0.937988 0.407422 0.94043 0.409766 0.942871 0.4125 0.944336 0.417969 0.944336 0.426563 0.941406 0.434375 0.936523 0.441016 0.931152 0.443359 0.928223
1 0.717187 0.880859 0.716406 0.879883 0.7125 0.878906 0.705078 0.879395 0.701562 0.881348 0.691406 0.880859 0.689844 0.881348 0.688281 0.883301 0.687891 0.885742 0.689453 0.888184 0.69375 0.890137 0.70625 0.890137 0.715625 0.885254 0.717187 0.882324
1 0.606641 0.577637 0.605859 0.580566 0.607031 0.583496 0.611719 0.588379 0.615625 0.596191 0.617578 0.608398 0.617969 0.616699 0.61875 0.619629 0.619922 0.620117 0.623047 0.617676 0.624609 0.611816 0.625 0.602051 0.623828 0.592773 0.621484 0.587402 0.615625 0.580566 0.608984 0.577637
1 0.817969 0.906738 0.817187 0.909668 0.817187 0.913086 0.821094 0.923828 0.829297 0.934082 0.83125 0.934082 0.832812 0.932617 0.832812 0.930664 0.830859 0.92627 0.825 0.916504 0.820703 0.912109 0.819141 0.907227
1 0.51875 0.929688 0.518359 0.931641 0.519922 0.935059 0.525 0.939941 0.536328 0.947754 0.539453 0.94873 0.541797 0.948242 0.541797 0.945801 0.540625 0.942871 0.537891 0.938965 0.532031 0.936035 0.527344 0.931152 0.522266 0.928223 0.520312 0.928223
1 0.221094 0.942871 0.219141 0.941895 0.216406 0.941895 0.204297 0.944824 0.194922 0.947754 0.192969 0.949219 0.189844 0.949219 0.187891 0.95166 0.1875 0.955566 0.190234 0.95752 0.197656 0.95752 0.209375 0.953125 0.217578 0.94873 0.220703 0.944824
1 0.983594 0.688477 0.979297 0.686523 0.974219 0.686523 0.96875 0.688965 0.962109 0.693359 0.948828 0.697754 0.947266 0.700684 0.951172 0.703125 0.958203 0.704102 0.966797 0.702148 0.980078 0.694824 0.983203 0.691406
1 0.415625 0.321289 0.415625 0.323242 0.417969 0.328125 0.428125 0.342285 0.430859 0.34375 0.435547 0.342773 0.435937 0.34082 0.434766 0.337891 0.430469 0.333008 0.428125 0.329102 0.426172 0.328125 0.420703 0.321289
1 0.704688 0.196289 0.701562 0.197266 0.700391 0.202637 0.695703 0.213379 0.691406 0.219238 0.688672 0.22168 0.687891 0.224609 0.685547 0.227539 0.685156 0.229492 0.685937 0.231445 0.688281 0.232422 0.695312 0.231934 0.696484 0.230957 0.696484 0.229004 0.701953 0.217285 0.703516 0.208984 0.703516 0.205566 0.704688 0.202148
1 0.0953125 0.928711 0.0917969 0.930176 0.0871094 0.930664 0.0828125 0.936035 0.0765625 0.939941 0.0726563 0.944824 0.0675781 0.962402 0.0660156 0.972168 0.0660156 0.978027 0.0667969 0.979004 0.0691406 0.979004 0.0730469 0.974121 0.075 0.969727 0.0777344 0.966309 0.0867187 0.947266 0.0886719 0.944336 0.090625 0.936035 0.0929688 0.933594 0.0953125 0.933105 0.0960938 0.932129 0.0960938 0.930176
1 0.858203 0.890137 0.856641 0.890137 0.853906 0.893555 0.852344 0.897949 0.851172 0.931641 0.852734 0.933105 0.854297 0.931641 0.857031 0.923828 0.858203 0.917969 0.859766 0.898926 0.859766 0.894531
1 0.764062 0.856934 0.759375 0.856445 0.757422 0.85791 0.755859 0.865723 0.749609 0.87793 0.745313 0.884277 0.745703 0.885742 0.748047 0.88623 0.754297 0.882324 0.758984 0.87793 0.763281 0.872559 0.765234 0.86377 0.765234 0.859375
1 0.386719 0.0786133 0.385937 0.0795898 0.384766 0.0795898 0.384375 0.0800781 0.383984 0.0800781 0.383594 0.0805664 0.381641 0.0805664 0.38125 0.0810547 0.378906 0.0810547 0.378516 0.081543 0.374609 0.081543 0.374219 0.0820312 0.362109 0.0820312 0.361719 0.0825195 0.361328 0.0825195 0.360938 0.0830078 0.358984 0.0830078 0.358594 0.0834961 0.357812 0.0834961 0.357422 0.0839844 0.357031 0.0839844 0.356641 0.0844727 0.353906 0.0844727 0.353516 0.0849609 0.352344 0.0849609 0.351953 0.0854492 0.349609 0.0854492 0.348828 0.0864258 0.348438 0.0864258 0.348047 0.0869141 0.347656 0.0869141 0.347266 0.0874023 0.346484 0.0874023 0.345313 0.0888672 0.345313 0.0922852 0.346484 0.09375 0.349219 0.09375 0.349609 0.0932617 0.350391 0.0932617 0.350781 0.09375 0.352344 0.09375 0.352734 0.0932617 0.353906 0.0932617 0.354297 0.09375 0.355859 0.09375 0.35625 0.0932617 0.357422 0.0932617 0.357812 0.09375 0.362891 0.09375 0.363672 0.0927734 0.364453 0.0927734 0.364844 0.0922852 0.368359 0.0922852 0.36875 0.0917969 0.369531 0.0917969 0.369922 0.0922852 0.376953 0.0922852 0.377344 0.0917969 0.384766 0.0917969 0.385156 0.0913086 0.386719 0.0913086 0.387891 0.0898438 0.388281 0.0898438 0.388672 0.0893555 0.389062 0.0893555 0.390234 0.0878906 0.390625 0.0878906 0.391797 0.0864258 0.391797 0.0859375 0.392188 0.0854492 0.392188 0.0849609 0.392578 0.0844727 0.392578 0.0800781 0.391406 0.0786133
1 0.396094 0.577637 0.392578 0.577637 0.391406 0.57959 0.390234 0.591797 0.388281 0.595703 0.387891 0.599609 0.386328 0.604004 0.386328 0.611816 0.384766 0.614746 0.383594 0.619141 0.386328 0.619141 0.388281 0.618164 0.390625 0.611328 0.393359 0.606445 0.394922 0.597168 0.396875 0.591309 0.397266 0.579102
1 0.165234 0.113281 0.163281 0.114258 0.161719 0.116211 0.158594 0.128418 0.158594 0.13916 0.159766 0.141602 0.160156 0.146484 0.163281 0.157227 0.165625 0.159668 0.165625 0.161621 0.167969 0.165527 0.170313 0.166016 0.171094 0.162109 0.169531 0.158691 0.169531 0.15332 0.167187 0.140137 0.167578 0.115723 0.166797 0.11377
1 0.114844 0.194824 0.113281 0.199707 0.113281 0.20459 0.112109 0.212891 0.115234 0.220703 0.117188 0.228516 0.11875 0.22998 0.119922 0.22998 0.122266 0.227539 0.122656 0.220215 0.121094 0.21582 0.121094 0.212402 0.119922 0.208984 0.119922 0.20459 0.118359 0.197754 0.116797 0.195312
1 0.360547 0.00390625 0.360547 0.00585938 0.363281 0.00976562 0.380859 0.0292969 0.387891 0.0332031 0.391016 0.0332031 0.388281 0.0253906 0.380859 0.0175781 0.376563 0.0151367 0.371875 0.00976562 0.367578 0.00683594 0.366016 0.00439453 0.362891 0.00341797
1 0.815625 0.930664 0.8125 0.930664 0.80625 0.935059 0.803906 0.940918 0.803125 0.94873 0.805469 0.958984 0.803516 0.962891 0.803125 0.966309 0.80625 0.970215 0.808594 0.971191 0.811328 0.971191 0.812109 0.970215 0.8125 0.966309 0.810937 0.95459 0.812109 0.944336 0.816016 0.933594
1 0.982031 0.645508 0.98125 0.645996 0.980469 0.648926 0.980078 0.657227 0.977734 0.666992 0.976562 0.678223 0.975781 0.680664 0.976172 0.683105 0.977344 0.684082 0.978906 0.684082 0.980469 0.682129 0.983203 0.675293 0.984375 0.668945 0.985156 0.658203 0.983203 0.647949
1 0.478125 0.644043 0.475 0.64502 0.470313 0.650879 0.465234 0.661621 0.4625 0.665039 0.461328 0.665527 0.462109 0.674805 0.467578 0.674805 0.469141 0.670898 0.474609 0.666016 0.475781 0.658691 0.478906 0.650879 0.479297 0.646484
1 0.0441406 0.641602 0.0445313 0.64502 0.0457031 0.646973 0.0511719 0.649414 0.0578125 0.650879 0.0636719 0.65332 0.0683594 0.652832 0.0699219 0.650879 0.0691406 0.646484 0.0652344 0.641602 0.0605469 0.637695 0.0476562 0.638672 0.0453125 0.639648
1 0.327344 0.46582 0.325781 0.466309 0.325781 0.468262 0.326953 0.470703 0.327734 0.475098 0.323828 0.484863 0.323828 0.48877 0.325391 0.491699 0.326562 0.491699 0.333984 0.480469 0.335547 0.475586 0.335156 0.470703 0.333984 0.46875 0.330859 0.466797
1 0.0261719 0.148438 0.0246094 0.148926 0.0222656 0.154785 0.0136719 0.165527 0.0140625 0.167969 0.015625 0.168945 0.0203125 0.168945 0.0226562 0.166992 0.0238281 0.163574 0.0269531 0.158691 0.0277344 0.155762 0.0273438 0.150391
1 0.204687 0.346191 0.203906 0.347168 0.201563 0.347168 0.200391 0.348145 0.196094 0.356934 0.194922 0.362305 0.193359 0.365723 0.192188 0.37207 0.189844 0.373535 0.189844 0.375977 0.188672 0.378418 0.188281 0.381348 0.189844 0.386719 0.192188 0.389648 0.198437 0.388672 0.201563 0.385742 0.201172 0.380859 0.198437 0.376953 0.200781 0.369629 0.201953 0.36084 0.204687 0.349609
1 0.504297 0.440918 0.503125 0.442383 0.503125 0.443848 0.505078 0.448242 0.507812 0.452148 0.520312 0.465332 0.521875 0.46582 0.523047 0.464355 0.523438 0.462402 0.521094 0.455566 0.513281 0.445801 0.506641 0.440918
1 0.559766 0.430664 0.555859 0.430176 0.549219 0.433594 0.546484 0.438477 0.546094 0.446777 0.546875 0.456055 0.548047 0.462891 0.549219 0.463867 0.550391 0.463379 0.551172 0.461426 0.551172 0.451172 0.551953 0.446777 0.555078 0.439453 0.560156 0.434082 0.560547 0.431641
1 0.3375 0.950684 0.332422 0.950195 0.325391 0.953613 0.322266 0.954102 0.315234 0.960938 0.311719 0.966797 0.311328 0.975098 0.3125 0.978027 0.314063 0.979492 0.316406 0.972168 0.31875 0.969238 0.325391 0.965332 0.328516 0.961914 0.334375 0.95752 0.336328 0.955078
1 0.301953 0.0654297 0.301172 0.0693359 0.306641 0.0810547 0.313672 0.0922852 0.31875 0.0942383 0.322656 0.09375 0.324219 0.0927734 0.324609 0.0908203 0.323828 0.0883789 0.318359 0.0834961 0.3125 0.0761719 0.310156 0.0712891 0.303516 0.0654297
1 0.341406 0.165527 0.337109 0.163574 0.33125 0.163574 0.325781 0.166016 0.316406 0.17334 0.310547 0.180664 0.309375 0.183594 0.309375 0.186523 0.310156 0.1875 0.314063 0.187012 0.323437 0.180664 0.326953 0.179199 0.329688 0.175781 0.332422 0.173828 0.340234 0.17041 0.341797 0.166992
1 0.116016 0.00341797 0.114844 0.00439453 0.114453 0.00585938 0.116797 0.012207 0.116797 0.0185547 0.117578 0.0209961 0.117969 0.0268555 0.119531 0.0292969 0.121875 0.0307617 0.123828 0.0307617 0.126172 0.0258789 0.126172 0.0214844 0.126953 0.0185547 0.126172 0.0126953 0.126953 0.0102539 0.126953 0.00585938 0.125391 0.00341797 0.123438 0.00244141
1 0.689063 0.548828 0.687891 0.552246 0.688672 0.556641 0.688672 0.566895 0.692578 0.591797 0.694141 0.59375 0.695703 0.59082 0.696094 0.588379 0.696094 0.570312 0.694922 0.5625 0.692187 0.551758 0.690234 0.548828
1 0.3125 0.203125 0.311328 0.201172 0.306641 0.201172 0.303125 0.203125 0.297266 0.20459 0.296484 0.205566 0.296094 0.208984 0.296484 0.210449 0.298438 0.211914 0.303125 0.211426 0.307422 0.209473 0.311328 0.209473 0.3125 0.206543
1 0.0984375 0.247559 0.096875 0.246582 0.0957031 0.246582 0.0949219 0.247559 0.0945312 0.250488 0.0917969 0.257324 0.084375 0.267578 0.0847656 0.269531 0.0859375 0.270996 0.0886719 0.271484 0.0917969 0.27002 0.0929688 0.268066 0.0933594 0.265137 0.0957031 0.263184 0.100391 0.256836 0.100781 0.250488
1 0.311328 0.873047 0.310156 0.873535 0.304297 0.880859 0.299609 0.888184 0.298047 0.892578 0.297656 0.896973 0.296094 0.900391 0.296484 0.904785 0.297656 0.906738 0.299219 0.90625 0.303516 0.900391 0.306641 0.892578 0.310156 0.887695 0.3125 0.881836 0.3125 0.876953
1 0.0378906 0.924316 0.0363281 0.924316 0.0332031 0.928711 0.0316406 0.932617 0.025 0.94043 0.0234375 0.944824 0.0207031 0.947754 0.0199219 0.949707 0.0199219 0.953125 0.0207031 0.955566 0.0226562 0.955566 0.0289063 0.952148 0.0300781 0.950684 0.0304687 0.947754 0.0332031 0.940918 0.0378906 0.932617 0.0386719 0.928223
1 0.376563 0.162598 0.373437 0.163574 0.368359 0.171387 0.366016 0.178711 0.360547 0.189941 0.357422 0.203125 0.357812 0.206543 0.360938 0.205078 0.365625 0.197266 0.36875 0.188477 0.373047 0.180664 0.375 0.17334 0.377734 0.166504 0.377344 0.163574
1 0.00976562 0.824219 0.00859375 0.826172 0.00820313 0.834473 0.009375 0.842773 0.0136719 0.859375 0.0171875 0.859375 0.01875 0.855469 0.0191406 0.845215 0.015625 0.836426 0.0128906 0.826172 0.0117188 0.824707
1 0.451953 0.500977 0.447656 0.494141 0.442188 0.491699 0.439844 0.489746 0.431641 0.490234 0.429688 0.494141 0.429297 0.498535 0.427344 0.501953 0.426953 0.509277 0.427344 0.510254 0.428516 0.510254 0.430078 0.507812 0.43125 0.507324 0.432812 0.503418 0.435937 0.499512 0.441797 0.500488 0.446875 0.502441 0.451562 0.502441
1 0.0539063 0.60791 0.0519531 0.606934 0.0496094 0.608398 0.0472656 0.611328 0.046875 0.612793 0.0351562 0.626465 0.0355469 0.628906 0.0367188 0.629883 0.0421875 0.629395 0.053125 0.623535 0.0546875 0.621094 0.0554687 0.618164 0.0554687 0.611328
1 0.273828 0.160156 0.273047 0.161133 0.273047 0.162598 0.276172 0.17041 0.280469 0.178223 0.282813 0.185059 0.286719 0.19043 0.287891 0.190918 0.290625 0.194336 0.29375 0.195801 0.295703 0.195801 0.296875 0.193848 0.296094 0.189941 0.291016 0.182617 0.2875 0.174316 0.275781 0.159668
1 0.942578 0.200684 0.942578 0.205566 0.946094 0.212402 0.955078 0.236816 0.958203 0.241699 0.959766 0.241699 0.960938 0.239746 0.961328 0.232422 0.958984 0.219238 0.955469 0.208008 0.951953 0.203125 0.948828 0.201172 0.944531 0.200195
1 0.669922 0.799316 0.666797 0.79834 0.664453 0.798828 0.658203 0.802246 0.654687 0.805664 0.648828 0.816406 0.648047 0.822754 0.649219 0.82373 0.651563 0.823242 0.655078 0.820312 0.660156 0.813965 0.668359 0.807617 0.670312 0.805176 0.671094 0.802734
1 0.392578 0.015625 0.391797 0.0166016 0.391016 0.0209961 0.391016 0.0297852 0.391797 0.0327148 0.395703 0.0366211 0.402734 0.0385742 0.408203 0.0375977 0.410156 0.0327148 0.410156 0.027832 0.408984 0.0263672 0.407422 0.0263672 0.404687 0.0288086 0.403125 0.027832 0.398438 0.0229492 0.396094 0.0175781 0.39375 0.015625
1 0.626953 0.375488 0.625781 0.378906 0.625781 0.389648 0.627344 0.395996 0.630078 0.401855 0.635938 0.409668 0.637891 0.411133 0.642188 0.410645 0.642969 0.409668 0.642969 0.407227 0.640234 0.40332 0.637109 0.396973 0.63125 0.379395 0.628906 0.375977
1 0.353516 0.131836 0.349219 0.132812 0.347266 0.135742 0.344531 0.142578 0.343359 0.158691 0.34375 0.166504 0.344922 0.168457 0.346484 0.168457 0.348438 0.165039 0.354297 0.143066 0.354687 0.134277
1 0.0601563 0.333984 0.0570312 0.334961 0.0558594 0.336426 0.0539063 0.344727 0.0515625 0.351074 0.0515625 0.357422 0.0546875 0.365234 0.0554687 0.369141 0.0570312 0.37207 0.059375 0.371582 0.0601563 0.370605 0.0589844 0.358398 0.0589844 0.350098 0.0605469 0.339844
1 0.351172 0.0708008 0.349219 0.0688477 0.345703 0.0693359 0.333203 0.0771484 0.322656 0.0883789 0.320703 0.0893555 0.319922 0.090332 0.319922 0.0917969 0.321094 0.0927734 0.326562 0.0932617 0.329688 0.0913086 0.334375 0.090332 0.3375 0.0859375 0.345703 0.0805664 0.351172 0.0732422
1 0.641406 0.498047 0.639453 0.496582 0.633594 0.496094 0.625391 0.499512 0.622266 0.501953 0.616406 0.508789 0.613672 0.513672 0.612891 0.516602 0.613281 0.519043 0.614844 0.520508 0.61875 0.52002 0.620313 0.519043 0.629687 0.508789 0.641016 0.502441
1 0.891016 0.187012 0.891016 0.189941 0.891797 0.190918 0.89375 0.191406 0.915234 0.19043 0.917188 0.191406 0.921094 0.191406 0.923438 0.189453 0.923828 0.185547 0.920703 0.180664 0.916016 0.177734 0.906641 0.17627 0.9 0.177734 0.894531 0.181152
1 0.659375 0.887207 0.657422 0.887207 0.654687 0.89209 0.653906 0.896484 0.653516 0.920898 0.654687 0.92334 0.662109 0.914551 0.663281 0.912109 0.664062 0.907227 0.665625 0.904785 0.665625 0.90332 0.6625 0.902344 0.660937 0.899414 0.660937 0.896973 0.659766 0.892578 0.660547 0.888672
1 0.342578 0.921875 0.337891 0.920898 0.329688 0.924805 0.322266 0.929688 0.31875 0.935547 0.314844 0.938477 0.314844 0.940918 0.317188 0.942871 0.319141 0.942383 0.323047 0.937988 0.326562 0.937012 0.328906 0.93457 0.339844 0.927734 0.342578 0.925293
1 0.503906 0.915527 0.501563 0.913574 0.496875 0.913574 0.492969 0.915527 0.485547 0.92334 0.484375 0.929199 0.484375 0.935059 0.485156 0.937012 0.487109 0.9375 0.494141 0.927734 0.503906 0.91748
1 0.530859 0.779297 0.531641 0.783691 0.533203 0.786621 0.535937 0.789551 0.541016 0.791992 0.551562 0.790039 0.557422 0.787598 0.561719 0.783691 0.561328 0.782715 0.558203 0.78125 0.541016 0.782227 0.536719 0.780762 0.533984 0.77832 0.531641 0.77832
1 0.427344 0.483398 0.423438 0.486328 0.422266 0.491699 0.419141 0.499023 0.413281 0.505859 0.4125 0.507812 0.412891 0.510254 0.416016 0.511719 0.420703 0.510254 0.423828 0.502441 0.427734 0.496582 0.428516 0.48877 0.428125 0.484863
1 0.149609 0.193359 0.148828 0.196289 0.149219 0.201172 0.152734 0.206543 0.156641 0.210938 0.161719 0.213379 0.166016 0.213379 0.16875 0.212402 0.170703 0.210449 0.170703 0.208984 0.169922 0.208008 0.165625 0.206543 0.159766 0.203125 0.156641 0.200195 0.151172 0.192871
1 0.110937 0.213379 0.110937 0.211914 0.109375 0.208984 0.105469 0.20459 0.104297 0.20166 0.102344 0.199707 0.0996094 0.199219 0.0960938 0.200684 0.0933594 0.199707 0.0835937 0.199707 0.0828125 0.200684 0.0828125 0.205078 0.0839844 0.207031 0.090625 0.208984 0.0964844 0.213867 0.108984 0.214355
1 0.384766 0.145508 0.385937 0.153809 0.389453 0.15625 0.392969 0.161133 0.396484 0.162598 0.402344 0.163574 0.40625 0.163574 0.408594 0.162109 0.408594 0.158691 0.407422 0.157227 0.403516 0.154785 0.398828 0.153809 0.392578 0.150879 0.388281 0.144043
1 0.646094 0.171387 0.642969 0.173828 0.638672 0.185059 0.637109 0.193359 0.637109 0.202148 0.637891 0.203613 0.639062 0.203613 0.640625 0.20166 0.640234 0.196777 0.641406 0.193848 0.641016 0.189941 0.646094 0.186035 0.647266 0.182617 0.647266 0.17334
1 0.021875 0.796387 0.0210938 0.799316 0.0226562 0.802734 0.025 0.804688 0.0324219 0.814453 0.0367188 0.816895 0.040625 0.820801 0.0429688 0.820801 0.0445313 0.819824 0.0445313 0.813477 0.0429688 0.810059 0.0382813 0.803711 0.028125 0.794434 0.0253906 0.793945 0.0230469 0.794922
1 0.148438 0.981934 0.148438 0.987793 0.149609 0.990723 0.153516 0.996582 0.158594 0.998047 0.159766 0.999023 0.159766 1 0.164453 1 0.166797 0.995117 0.165625 0.993164 0.161719 0.989258 0.155859 0.985352 0.152344 0.981445 0.15 0.980469
1 0.164453 0.362793 0.163672 0.365723 0.166016 0.373047 0.169922 0.378906 0.172656 0.380371 0.175391 0.380371 0.178516 0.378906 0.179688 0.377441 0.179688 0.375488 0.175781 0.371582 0.172266 0.369629 0.168359 0.36377 0.166797 0.362305
1 0.144141 0.369141 0.142969 0.370117 0.142578 0.379395 0.14375 0.384766 0.146484 0.38916 0.153906 0.408203 0.157422 0.411133 0.158984 0.411133 0.159766 0.407227 0.155859 0.39209 0.152734 0.384277 0.150391 0.380859 0.147266 0.370605 0.146094 0.368652
1 0.20625 0.211914 0.204687 0.209961 0.201172 0.208984 0.192969 0.213867 0.187109 0.216309 0.183984 0.220703 0.185938 0.222168 0.192969 0.222168 0.197266 0.221191 0.201953 0.218262 0.203516 0.215332 0.20625 0.213379
1 0.991797 0.364258 0.990234 0.362305 0.984375 0.362793 0.978906 0.364258 0.96875 0.36377 0.966016 0.364746 0.954688 0.365723 0.953125 0.368652 0.954297 0.369629 0.968359 0.372559 0.982422 0.373047 0.989453 0.370117 0.991016 0.368164
1 0.976953 0.806641 0.977344 0.811035 0.981641 0.814453 0.983984 0.817383 0.991016 0.833984 0.991797 0.838379 0.992578 0.839844 0.994922 0.84082 0.996875 0.837891 0.996484 0.829102 0.995313 0.821777 0.992578 0.814941 0.988672 0.80957 0.985156 0.807129 0.982422 0.806152
1 0.571484 0.955078 0.570312 0.953125 0.567578 0.95166 0.562109 0.95166 0.546094 0.954102 0.541406 0.957031 0.538281 0.961914 0.538281 0.963867 0.540234 0.96582 0.544531 0.96582 0.563672 0.962402 0.570703 0.959473
1 0.307812 0.15332 0.308594 0.155273 0.310547 0.15625 0.313672 0.160156 0.321875 0.165527 0.325781 0.166504 0.332422 0.164062 0.333203 0.163086 0.333203 0.161621 0.33125 0.158691 0.325781 0.155273 0.321875 0.154785 0.317578 0.152344 0.313281 0.151855 0.311328 0.150879 0.309375 0.151367
1 0.0167969 0.495605 0.0164063 0.500488 0.0171875 0.502441 0.0253906 0.512695 0.0273438 0.513184 0.0308594 0.515625 0.0359375 0.51709 0.0414062 0.516602 0.0460938 0.51416 0.0464844 0.513184 0.0464844 0.509277 0.0453125 0.507812 0.0414062 0.504883 0.0351562 0.501953 0.0339844 0.500488 0.0339844 0.498535 0.0332031 0.497559 0.0226562 0.493164 0.0195312 0.493164
1 0.5375 0.724609 0.539453 0.729004 0.543359 0.733398 0.546094 0.735352 0.556641 0.749023 0.560156 0.750977 0.566797 0.75293 0.569531 0.752441 0.569531 0.751465 0.565625 0.746582 0.564063 0.745605 0.55625 0.735352 0.549219 0.728516 0.542188 0.723633 0.538672 0.723633
1 0.286328 0.234863 0.284766 0.23291 0.279297 0.23291 0.275391 0.234863 0.267578 0.242188 0.264453 0.243652 0.262891 0.246094 0.2625 0.248047 0.263281 0.249023 0.271484 0.250488 0.277734 0.245605 0.285938 0.237305
1 0.867188 0.344727 0.867578 0.349121 0.869141 0.353516 0.873047 0.359375 0.879687 0.372559 0.883984 0.37793 0.887891 0.378418 0.899609 0.387695 0.904687 0.38916 0.907813 0.388672 0.907813 0.387207 0.90625 0.384277 0.903125 0.381836 0.888281 0.36377 0.875781 0.352051 0.871875 0.345703 0.869531 0.34375 0.867969 0.34375
1 0.337891 0.210938 0.337109 0.209473 0.317188 0.210449 0.3125 0.213379 0.310937 0.215332 0.309375 0.220215 0.311328 0.220703 0.313672 0.219238 0.325781 0.219238 0.332031 0.217773 0.336719 0.214844 0.337891 0.213379
1 0.971094 0.87207 0.970313 0.873535 0.970703 0.882812 0.971875 0.887695 0.977344 0.900879 0.981641 0.904785 0.986719 0.904785 0.985938 0.900391 0.983594 0.896973 0.982422 0.89209 0.980469 0.88916 0.978906 0.884277 0.974609 0.875 0.973047 0.873047
1 0.778125 0.179688 0.776563 0.181641 0.775781 0.184082 0.775781 0.188965 0.776563 0.193359 0.778516 0.197754 0.782031 0.202637 0.787109 0.207031 0.790234 0.210938 0.79375 0.212891 0.795312 0.212891 0.795312 0.206055 0.7875 0.19043 0.783984 0.186035 0.782031 0.181641 0.779687 0.179199
1 0.0753906 0.18457 0.0722656 0.192871 0.0722656 0.20752 0.0746094 0.216309 0.0792969 0.221191 0.0804688 0.224609 0.0839844 0.225098 0.0847656 0.224609 0.0851563 0.220215 0.0820312 0.209473 0.08125 0.20459 0.0796875 0.20166 0.0792969 0.192871 0.078125 0.189941 0.0777344 0.186035 0.0769531 0.18457
1 0.399609 0.369141 0.401953 0.370605 0.413281 0.369629 0.422656 0.367188 0.432422 0.367676 0.433594 0.367188 0.434766 0.364746 0.432031 0.361328 0.427344 0.358887 0.416406 0.35791 0.407031 0.36084 0.400781 0.366699
1 0.426953 0.868164 0.424609 0.866699 0.423047 0.867188 0.419531 0.871094 0.413281 0.875488 0.408594 0.879883 0.402734 0.887695 0.397266 0.893066 0.398828 0.894043 0.403906 0.894043 0.407813 0.891113 0.409766 0.890625 0.416016 0.882812 0.420703 0.879395 0.421875 0.876465 0.426563 0.870117
1 0.924219 0.932129 0.923047 0.933594 0.923047 0.934082 0.922656 0.93457 0.922656 0.935059 0.922266 0.935547 0.922266 0.937012 0.921875 0.9375 0.921875 0.938965 0.921094 0.939941 0.921094 0.94043 0.920703 0.940918 0.920312 0.940918 0.917578 0.944336 0.917188 0.944336 0.916016 0.945801 0.916016 0.946289 0.914453 0.948242 0.914453 0.94873 0.913672 0.949707 0.913672 0.952148 0.913281 0.952637 0.913281 0.953613 0.912891 0.954102 0.912891 0.955566 0.9125 0.956055 0.9125 0.957031 0.912109 0.95752 0.912109 0.961914 0.911719 0.962402 0.911719 0.965332 0.911328 0.96582 0.911328 0.966309 0.910547 0.967285 0.910547 0.980469 0.910937 0.980957 0.910937 0.981445 0.9125 0.983398 0.914453 0.983398 0.916016 0.981445 0.916016 0.980469 0.916797 0.979492 0.916797 0.973145 0.917188 0.972656 0.917188 0.964355 0.917578 0.963867 0.917578 0.962891 0.917969 0.962402 0.917969 0.958496 0.919531 0.956543 0.919531 0.955078 0.920312 0.954102 0.920312 0.952637 0.921094 0.95166 0.921094 0.949707 0.922656 0.947754 0.922656 0.945801 0.924609 0.943359 0.924609 0.942871 0.925781 0.941406 0.925781 0.939941 0.926953 0.938477 0.926953 0.936035 0.927344 0.935547 0.927344 0.933594 0.926172 0.932129
1 0.0511719 0.00537109 0.0496094 0.00390625 0.04375 0.00390625 0.0375 0.00585938 0.0335937 0.00585938 0.0324219 0.00878906 0.0328125 0.0161133 0.0339844 0.0180664 0.0359375 0.019043 0.0382813 0.019043 0.0421875 0.0175781 0.0484375 0.0131836 0.0511719 0.0102539
1 0.232031 0.162598 0.228516 0.162598 0.225 0.166016 0.221094 0.168457 0.215625 0.174805 0.213281 0.179199 0.211719 0.184082 0.211328 0.194824 0.212109 0.196289 0.213672 0.194824 0.214453 0.191895 0.217969 0.185547 0.232031 0.168457
1 0.24375 0.973145 0.242969 0.975098 0.24375 0.97998 0.248828 0.983398 0.251172 0.986328 0.254297 0.991699 0.255469 0.995605 0.258203 0.998535 0.258203 1 0.261328 1 0.261328 0.999023 0.265625 0.994629 0.265625 0.993164 0.263281 0.990723 0.260547 0.98291 0.256641 0.978516 0.254297 0.977051 0.251172 0.973633 0.248828 0.972656
1 0.6375 0.311523 0.6375 0.314453 0.638672 0.315918 0.646094 0.319336 0.651172 0.320312 0.662891 0.319824 0.666406 0.321777 0.669141 0.324707 0.670703 0.324707 0.671094 0.32373 0.671094 0.319824 0.669922 0.314453 0.666016 0.311523 0.657813 0.310059 0.638281 0.310547
1 0.905078 0.944336 0.903516 0.946289 0.903516 0.949707 0.905078 0.95166 0.905469 0.95166 0.905859 0.952148 0.90625 0.952148 0.907031 0.953125 0.907422 0.953125 0.908984 0.955078 0.909375 0.955078 0.909766 0.955566 0.9125 0.955566 0.913281 0.956543 0.914453 0.956543 0.915234 0.95752 0.916797 0.95752 0.917578 0.958496 0.917969 0.958496 0.91875 0.959473 0.920312 0.959473 0.921875 0.961426 0.923047 0.961426 0.923438 0.961914 0.924219 0.961914 0.925 0.962891 0.926172 0.962891 0.926562 0.963379 0.927344 0.963379 0.927734 0.963867 0.928125 0.963867 0.928516 0.964355 0.929688 0.964355 0.930078 0.964844 0.93125 0.964844 0.931641 0.965332 0.933203 0.965332 0.934375 0.963867 0.934375 0.961914 0.932813 0.959961 0.932813 0.958984 0.931641 0.95752 0.930859 0.95752 0.928516 0.95459 0.927344 0.95459 0.926562 0.953613 0.926172 0.953613 0.925391 0.952637 0.923828 0.952637 0.923047 0.95166 0.921875 0.95166 0.921484 0.951172 0.921094 0.951172 0.920312 0.950195 0.919922 0.950195 0.918359 0.948242 0.916797 0.948242 0.915625 0.946777 0.915234 0.946777 0.914844 0.946289 0.912891 0.946289 0.912109 0.945312 0.911328 0.945312 0.910937 0.944824 0.909375 0.944824 0.908984 0.944336
1 0.392969 0.043457 0.391797 0.0454102 0.392188 0.0498047 0.395703 0.059082 0.4 0.065918 0.404687 0.0668945 0.405859 0.0644531 0.405469 0.0595703 0.401172 0.0473633 0.396094 0.0424805
1 0.596875 0.090332 0.595703 0.090332 0.594922 0.0913086 0.592969 0.105957 0.591016 0.110352 0.589453 0.116699 0.588281 0.118652 0.5875 0.123535 0.5875 0.126953 0.588281 0.12793 0.591797 0.127441 0.594141 0.123047 0.594922 0.119629 0.598828 0.110352 0.599609 0.105469 0.599609 0.0966797 0.598828 0.0922852
1 0.646484 0.172363 0.645312 0.172363 0.642188 0.176758 0.642188 0.180664 0.640234 0.187988 0.639062 0.189453 0.639062 0.193848 0.638281 0.196289 0.639062 0.201172 0.6375 0.203125 0.635156 0.208984 0.633594 0.21582 0.634375 0.217773 0.635938 0.217773 0.639453 0.214844 0.641016 0.210449 0.646875 0.20166 0.649219 0.194336 0.657422 0.181641 0.65625 0.178711 0.653906 0.178223 0.651172 0.181152 0.647656 0.182617 0.646484 0.185547 0.645312 0.181641 0.647266 0.179199 0.647656 0.174316
1 0.0292969 0.748535 0.0253906 0.749023 0.0214844 0.754395 0.0203125 0.758301 0.0203125 0.763672 0.0226562 0.768066 0.0230469 0.775879 0.0246094 0.77832 0.0261719 0.77832 0.0285156 0.776367 0.0300781 0.771484 0.03125 0.754883
1 0.920703 0.193359 0.915234 0.192871 0.912891 0.194824 0.907813 0.197266 0.903906 0.202148 0.899609 0.204102 0.894141 0.211914 0.894531 0.215332 0.895703 0.216309 0.897266 0.21582 0.898047 0.214355 0.904687 0.209473 0.907031 0.206543 0.921094 0.198242 0.921484 0.195312
1 0.373047 0.364746 0.371094 0.362793 0.36875 0.362305 0.359375 0.367676 0.354297 0.373535 0.353125 0.376465 0.353516 0.378418 0.356641 0.381348 0.358203 0.381348 0.3625 0.376953 0.365625 0.375 0.372266 0.367188
1 0.0839844 0.458008 0.0816406 0.460449 0.0808594 0.462891 0.0828125 0.479492 0.0835937 0.481445 0.0835937 0.487793 0.0855469 0.493164 0.0871094 0.495117 0.0886719 0.495117 0.090625 0.492676 0.0914062 0.490234 0.0910156 0.478027 0.0878906 0.462402 0.0859375 0.458984
1 0.369531 0.42334 0.36875 0.422363 0.364453 0.422852 0.356641 0.429199 0.353125 0.431152 0.340234 0.444336 0.3375 0.445801 0.336328 0.447266 0.335156 0.45166 0.336328 0.452637 0.338672 0.452637 0.342578 0.449707 0.347266 0.448242 0.355469 0.442383 0.365625 0.432617 0.367969 0.428711
1 0.0910156 0.00488281 0.0890625 0.00683594 0.0882813 0.0102539 0.0882813 0.0146484 0.0898438 0.0180664 0.090625 0.0263672 0.0921875 0.0292969 0.0925781 0.0327148 0.0957031 0.0361328 0.0996094 0.0356445 0.101172 0.0341797 0.101562 0.0327148 0.0976562 0.0239258 0.0953125 0.0117188 0.0925781 0.00585938
1 0.365234 0.150391 0.365234 0.152832 0.366016 0.154785 0.371875 0.15625 0.377344 0.163086 0.380859 0.164062 0.383594 0.166016 0.388672 0.166016 0.392188 0.162109 0.389844 0.157715 0.380469 0.151367 0.377734 0.150879 0.375391 0.149414 0.369922 0.148926
1 0.639062 0.62207 0.639062 0.623535 0.641016 0.626465 0.642188 0.632324 0.644141 0.63623 0.646875 0.639648 0.651172 0.643555 0.654687 0.645508 0.657031 0.64502 0.657813 0.644043 0.657813 0.641602 0.649609 0.630859 0.646875 0.625977 0.642969 0.621582
1 0.260156 0.966309 0.258594 0.969727 0.259375 0.974609 0.262109 0.981934 0.266797 0.986816 0.267188 0.990723 0.269922 0.996582 0.272266 0.998535 0.272656 1 0.279687 1 0.280078 0.993164 0.271484 0.973145 0.267969 0.96875 0.264453 0.96582
1 0.142969 0.770508 0.139063 0.76709 0.134766 0.766113 0.107813 0.77832 0.101562 0.779297 0.101172 0.782715 0.103906 0.784668 0.110937 0.786621 0.116016 0.786133 0.125 0.781738 0.130859 0.779785 0.134766 0.776855 0.140234 0.774414 0.142969 0.772461
1 0.205469 0.876953 0.205859 0.880371 0.208203 0.884766 0.212109 0.890137 0.216406 0.893555 0.219141 0.896973 0.220703 0.900391 0.228125 0.90918 0.232031 0.909668 0.233203 0.908691 0.232813 0.903809 0.231641 0.900391 0.228516 0.897461 0.225781 0.893066 0.216406 0.881348 0.212891 0.878906 0.209375 0.875 0.207813 0.875
1 0.438672 0.642578 0.439453 0.647461 0.454297 0.666992 0.459375 0.67041 0.462891 0.669922 0.462109 0.665527 0.453516 0.655273 0.451172 0.649414 0.446484 0.643066 0.442969 0.641113 0.439453 0.641602
1 0.180469 0.369141 0.180078 0.374023 0.18125 0.37793 0.187109 0.383301 0.189844 0.38916 0.192578 0.390625 0.194141 0.390625 0.196094 0.389648 0.200391 0.38916 0.202344 0.387207 0.203125 0.384277 0.201953 0.380859 0.200391 0.378906 0.196094 0.375977 0.192969 0.375 0.184375 0.369141
1 0.584766 0.790527 0.583594 0.787598 0.58125 0.786621 0.575781 0.786621 0.571875 0.787598 0.565234 0.791504 0.560937 0.79834 0.560937 0.799805 0.564063 0.802246 0.566797 0.801758 0.572266 0.79834 0.575781 0.797852 0.582031 0.794922 0.584375 0.792969
1 0.379297 0.830078 0.380078 0.833496 0.382812 0.836914 0.384375 0.841797 0.392188 0.850098 0.400391 0.854004 0.402344 0.853516 0.403906 0.852051 0.403906 0.848633 0.402734 0.845703 0.395313 0.838379 0.392578 0.836914 0.388672 0.833008 0.383594 0.831543 0.381641 0.82959
1 0.2 0.989258 0.198047 0.986328 0.190625 0.986328 0.180859 0.988281 0.175391 0.991211 0.172266 0.994141 0.173047 1 0.18125 1 0.181641 0.998535 0.182422 0.998535 0.182812 1 0.186328 1 0.186328 0.999023 0.187891 0.997559 0.194141 0.99707 0.198047 0.994629 0.2 0.990723
1 0.404687 0.864258 0.403906 0.861816 0.401172 0.859375 0.394141 0.85791 0.385156 0.85791 0.375391 0.859863 0.369922 0.862793 0.366406 0.865723 0.366016 0.869141 0.368359 0.871094 0.380859 0.870605 0.401562 0.867188 0.403906 0.866211
1 0.672656 0.907227 0.669531 0.909668 0.66875 0.911621 0.669141 0.916016 0.671094 0.919434 0.673438 0.928223 0.676953 0.93457 0.678906 0.935059 0.680469 0.932617 0.678125 0.914062 0.676562 0.909668 0.675 0.907715
1 0.400781 0.767578 0.399219 0.76709 0.389453 0.769531 0.383594 0.77002 0.379688 0.771484 0.376953 0.771484 0.374609 0.772949 0.368359 0.774902 0.367578 0.776367 0.369141 0.779297 0.372266 0.780273 0.379297 0.78125 0.388672 0.78125 0.390625 0.778809 0.397266 0.775879 0.400391 0.771484
1 0.151172 0.755859 0.151172 0.763672 0.152734 0.77002 0.155859 0.774902 0.162109 0.77832 0.167187 0.77832 0.171484 0.776367 0.174609 0.773926 0.175781 0.771973 0.174609 0.767578 0.165625 0.76709 0.162891 0.765625 0.160156 0.762207 0.157422 0.755859 0.155078 0.752441 0.153125 0.752441
1 0.450781 0.161133 0.448828 0.160156 0.443359 0.160156 0.429297 0.165039 0.426172 0.167969 0.423047 0.172363 0.421094 0.177734 0.420312 0.182129 0.423828 0.181152 0.428125 0.175781 0.432031 0.172852 0.45 0.166016 0.450781 0.164551
1 0.0113281 0.115723 0.0109375 0.118652 0.0128906 0.122559 0.0207031 0.132812 0.0242188 0.139648 0.0257812 0.141602 0.0292969 0.143066 0.0300781 0.141602 0.0296875 0.135254 0.0226562 0.122559 0.01875 0.118164 0.0140625 0.115234
1 0.0652344 0.175781 0.0636719 0.177246 0.0625 0.185059 0.0605469 0.189453 0.0597656 0.198242 0.0589844 0.200195 0.0589844 0.20166 0.0605469 0.205078 0.0601563 0.212402 0.0609375 0.214355 0.0617188 0.214355 0.0632812 0.212402 0.0628906 0.208496 0.0644531 0.206055 0.0644531 0.200684 0.065625 0.197266 0.0664062 0.188477 0.0675781 0.185547 0.0675781 0.178223
1 0.0492187 0.291504 0.0476562 0.291504 0.0453125 0.292969 0.0445313 0.294922 0.0441406 0.300293 0.0433594 0.302734 0.0429688 0.311523 0.0410156 0.314453 0.0398437 0.318359 0.040625 0.321289 0.0449219 0.321289 0.0511719 0.312988 0.0519531 0.311035 0.0515625 0.298828 0.0503906 0.293457
1 0.240625 0.378418 0.240625 0.381348 0.255469 0.39209 0.258594 0.393555 0.260547 0.395508 0.264453 0.397949 0.267969 0.398926 0.271484 0.401367 0.275 0.400879 0.274219 0.395996 0.272266 0.39209 0.263281 0.383789 0.25625 0.379395 0.248828 0.376465 0.24375 0.376465
1 0.529297 0.612793 0.528906 0.615234 0.533984 0.622559 0.539062 0.626465 0.544922 0.632324 0.548438 0.634277 0.552734 0.634766 0.553125 0.630371 0.551172 0.626953 0.547266 0.624512 0.542969 0.618652 0.536719 0.614258 0.53125 0.613281 0.530078 0.612305
1 0.519922 0.918945 0.518359 0.91748 0.517188 0.91748 0.510547 0.922363 0.503906 0.931152 0.500781 0.9375 0.497656 0.939941 0.496484 0.941895 0.494141 0.942871 0.494141 0.945312 0.496484 0.947754 0.498828 0.947754 0.504687 0.943848 0.507031 0.940918 0.508203 0.937988 0.516406 0.927734 0.519922 0.920898
1 0.142969 0.200195 0.141406 0.205566 0.140234 0.212891 0.140625 0.219238 0.141797 0.22168 0.145313 0.224121 0.151562 0.223633 0.153125 0.222168 0.153125 0.219727 0.148828 0.214355 0.148047 0.212402 0.146094 0.199219
1 0.889062 0.188477 0.884375 0.188477 0.88125 0.189453 0.876563 0.193848 0.870703 0.209961 0.862109 0.223145 0.860547 0.227539 0.861328 0.230469 0.864844 0.231445 0.873437 0.225586 0.876953 0.221191 0.880469 0.218262 0.883203 0.213867 0.890234 0.206055 0.889453 0.199707 0.890234 0.191895
1 0.0242188 0.335938 0.021875 0.337402 0.0203125 0.342773 0.0179687 0.346191 0.0175781 0.354492 0.0191406 0.358398 0.0191406 0.36084 0.0214844 0.370605 0.0242188 0.373535 0.0257812 0.373535 0.0261719 0.367188 0.0253906 0.364258 0.0253906 0.36084 0.0242188 0.35791 0.0242188 0.350586 0.0234375 0.346191 0.028125 0.341797 0.028125 0.339844 0.0261719 0.336426
1 0.307422 0.125977 0.305859 0.125977 0.302734 0.128418 0.298047 0.134277 0.297656 0.138184 0.295703 0.143555 0.295703 0.150879 0.296875 0.153809 0.298828 0.155762 0.302344 0.155273 0.303516 0.153809 0.305859 0.145996 0.308594 0.142578 0.311719 0.136719 0.311328 0.131836
1 0.244141 0.192383 0.243359 0.191406 0.240234 0.190918 0.228906 0.195801 0.225 0.19873 0.221484 0.200195 0.220312 0.20166 0.219922 0.206055 0.225391 0.206055 0.227734 0.20459 0.231641 0.203613 0.239844 0.198242 0.244141 0.193359
1 0.173047 0.266113 0.171484 0.270508 0.171094 0.278809 0.169141 0.290039 0.169531 0.294922 0.171875 0.299316 0.173437 0.300781 0.178125 0.302246 0.180469 0.30127 0.181641 0.299805 0.181641 0.297852 0.179297 0.291504 0.179297 0.275879 0.177734 0.269043 0.175781 0.266602
1 0.0222656 0.758789 0.0210938 0.758789 0.0175781 0.76416 0.0167969 0.781738 0.0179687 0.78418 0.0210938 0.784668 0.0222656 0.783691 0.025 0.771973 0.0238281 0.769043 0.0238281 0.766602 0.0253906 0.763184
1 0.157422 0.508301 0.15625 0.512695 0.156641 0.521973 0.157812 0.530273 0.159375 0.53418 0.167187 0.544434 0.172656 0.547852 0.178125 0.549316 0.178516 0.544922 0.166406 0.529297 0.162109 0.51709 0.160547 0.510254 0.159375 0.508301
1 0.548047 0.753418 0.547266 0.754883 0.547656 0.757324 0.555859 0.771973 0.563281 0.782227 0.564844 0.782227 0.566016 0.779785 0.565625 0.775391 0.562891 0.769531 0.561328 0.76416 0.558984 0.759766 0.552734 0.753418
1 0.482812 0.806641 0.481641 0.806152 0.477734 0.807129 0.474219 0.810547 0.469922 0.812988 0.455078 0.82959 0.455469 0.833496 0.457031 0.834473 0.459375 0.834473 0.474219 0.82373 0.480469 0.81543 0.482812 0.810547
1 0.153906 0.879883 0.151172 0.87793 0.141016 0.87793 0.133984 0.880371 0.127344 0.884277 0.126562 0.888184 0.127344 0.889648 0.129688 0.890625 0.139453 0.890137 0.147266 0.887207 0.151953 0.884277 0.153906 0.881836
1 0.294531 0.834961 0.29375 0.836914 0.294141 0.841309 0.298438 0.849121 0.301953 0.854004 0.310156 0.85791 0.314063 0.861328 0.31875 0.86084 0.319141 0.856445 0.315234 0.848633 0.3125 0.845703 0.310937 0.837891 0.306641 0.837891 0.305859 0.836914 0.305469 0.834473 0.299609 0.832031 0.297266 0.83252
1 0.337891 0.00488281 0.337109 0.00537109 0.336719 0.00732422 0.337109 0.0410156 0.338281 0.0444336 0.341406 0.0444336 0.34375 0.0288086 0.34375 0.0131836 0.343359 0.00976562 0.341797 0.00585938
1 0.714453 0.533203 0.713281 0.531738 0.709766 0.530273 0.704688 0.530273 0.696484 0.532227 0.687109 0.536133 0.686328 0.537109 0.686328 0.540527 0.689063 0.541992 0.699219 0.541016 0.704688 0.538086 0.712891 0.536621 0.714063 0.535156
1 0.95 0.713867 0.949219 0.717285 0.951562 0.720703 0.967578 0.730469 0.971875 0.734375 0.974219 0.737793 0.978516 0.738281 0.979297 0.737305 0.979297 0.732422 0.972656 0.724121 0.969531 0.722168 0.966797 0.719238 0.962891 0.716797 0.954688 0.713379
1 0.139063 0.216797 0.137891 0.216797 0.135156 0.21875 0.133984 0.221191 0.133984 0.239746 0.133203 0.244141 0.135156 0.248047 0.139063 0.245117 0.139453 0.23877 0.142187 0.22998 0.142187 0.223633
1 0.908594 0.33252 0.908594 0.334961 0.911328 0.342285 0.917188 0.350098 0.924219 0.356445 0.934375 0.361328 0.936328 0.36084 0.936719 0.357422 0.935937 0.355469 0.933594 0.352539 0.929297 0.350098 0.925781 0.346191 0.921875 0.34375 0.919531 0.34082 0.918359 0.337891 0.916016 0.335938 0.912109 0.330566 0.909766 0.331055
1 0.89375 0.883789 0.891016 0.883789 0.885547 0.886719 0.876953 0.894043 0.871484 0.905762 0.870313 0.911621 0.86875 0.915039 0.868359 0.919434 0.869531 0.921875 0.873437 0.922363 0.875 0.920898 0.878516 0.915039 0.879687 0.911133 0.882031 0.908203 0.884375 0.902344 0.889062 0.896484 0.891406 0.891113 0.89375 0.888184
1 0.603906 0.776855 0.603906 0.780273 0.605859 0.785156 0.610547 0.79248 0.619531 0.803711 0.623828 0.804688 0.624609 0.802734 0.624219 0.797852 0.621875 0.793945 0.621094 0.791016 0.615625 0.78418 0.611328 0.78125 0.607812 0.776855
1 0.131641 0.831543 0.130078 0.83252 0.128906 0.836426 0.125 0.857422 0.122266 0.861816 0.121875 0.865234 0.123047 0.866211 0.126953 0.865723 0.130859 0.862793 0.134375 0.855469 0.133984 0.846191 0.132812 0.841797 0.132812 0.835449
1 0.529687 0.189453 0.528906 0.189453 0.526953 0.192383 0.525781 0.192871 0.525 0.195801 0.522266 0.199219 0.517188 0.204102 0.514062 0.205566 0.510156 0.210449 0.508984 0.216797 0.513281 0.216309 0.517188 0.211914 0.521484 0.209961 0.526172 0.205566 0.530078 0.198242 0.530469 0.192383
1 0.682813 0.568848 0.680859 0.569336 0.676953 0.576172 0.674219 0.583496 0.673438 0.588867 0.673438 0.59668 0.674609 0.604004 0.676172 0.608887 0.678125 0.611328 0.680078 0.609375 0.68125 0.60498 0.681641 0.591797 0.683984 0.579102 0.683984 0.570801
1 0.0808594 0.677734 0.0785156 0.677734 0.0765625 0.679199 0.071875 0.685547 0.0683594 0.6875 0.0667969 0.69043 0.0660156 0.708008 0.0671875 0.713867 0.0683594 0.714844 0.0699219 0.714355 0.0730469 0.709961 0.0746094 0.700195 0.0796875 0.689941 0.0828125 0.685547 0.0832031 0.680664
1 0.488281 0.669922 0.480859 0.66748 0.470313 0.667969 0.467578 0.671387 0.463672 0.67334 0.462109 0.675293 0.456641 0.689453 0.456641 0.693848 0.459766 0.694336 0.471484 0.680664 0.479297 0.676758 0.4875 0.674316 0.488281 0.67334
1 0.645703 0.602539 0.644141 0.606445 0.644922 0.615234 0.648438 0.624512 0.653125 0.630371 0.657422 0.633301 0.663672 0.634766 0.667188 0.634277 0.667969 0.631836 0.667578 0.629883 0.663672 0.626465 0.657813 0.623535 0.651563 0.609863 0.649219 0.606934 0.646875 0.602539
1 0.471484 0.21875 0.469922 0.21875 0.464844 0.232422 0.4625 0.235352 0.460547 0.240723 0.454688 0.250977 0.454688 0.253418 0.455859 0.255371 0.459375 0.255371 0.467187 0.246582 0.469922 0.239258 0.472656 0.225586 0.472656 0.220703
1 0.528125 0.750977 0.525391 0.749512 0.516797 0.75293 0.509766 0.758301 0.504687 0.765137 0.503906 0.76709 0.503906 0.771973 0.505078 0.773438 0.507031 0.773438 0.514453 0.768066 0.521094 0.762207 0.528125 0.75293
1 0.0765625 0.668457 0.0765625 0.670898 0.0808594 0.677246 0.0828125 0.678223 0.084375 0.680176 0.0867187 0.685059 0.0882813 0.687012 0.0910156 0.688477 0.0921875 0.687988 0.0929688 0.682617 0.0914062 0.675781 0.0878906 0.669922 0.0839844 0.66748 0.078125 0.66748
1 0.015625 0.282227 0.0152344 0.283691 0.0160156 0.285645 0.0210938 0.291016 0.0257812 0.29248 0.0296875 0.291992 0.0300781 0.290527 0.0292969 0.288086 0.0246094 0.282227 0.021875 0.280762 0.0171875 0.280762
1 0.957812 0.320801 0.957031 0.322266 0.957812 0.32666 0.960547 0.32959 0.962109 0.333496 0.964063 0.335938 0.966016 0.341309 0.969531 0.347168 0.971094 0.352051 0.975 0.356934 0.977734 0.355957 0.978516 0.353027 0.973828 0.338379 0.970703 0.331543 0.966016 0.324707 0.960938 0.321289
1 0.494141 0.229492 0.494531 0.230469 0.498437 0.230469 0.501172 0.229004 0.505859 0.228027 0.528125 0.226562 0.530078 0.225586 0.530078 0.223633 0.525 0.220703 0.514844 0.217773 0.5125 0.215332 0.510156 0.214844 0.504687 0.21875 0.501172 0.220215 0.497266 0.223633 0.494531 0.227539
1 0.494141 0.729004 0.492969 0.731445 0.493359 0.745605 0.495312 0.75293 0.496484 0.764648 0.497656 0.76709 0.498828 0.76709 0.500391 0.761719 0.500781 0.750488 0.497656 0.733398 0.494922 0.729004
1 0.319141 0.901367 0.321484 0.905273 0.325391 0.907715 0.326562 0.907715 0.329297 0.905762 0.338672 0.905762 0.345703 0.904785 0.347266 0.902832 0.351953 0.900879 0.353125 0.899414 0.353906 0.896484 0.352344 0.89502 0.348828 0.893555 0.333984 0.893555 0.327734 0.89502 0.325 0.896484 0.322266 0.896484 0.319141 0.899902
1 0.286328 0.0507812 0.284766 0.0532227 0.284766 0.0600586 0.291797 0.0761719 0.291406 0.0844727 0.292969 0.0864258 0.294922 0.0869141 0.297266 0.0844727 0.299609 0.0795898 0.299609 0.0727539 0.297266 0.0678711 0.296094 0.0634766 0.289844 0.0561523 0.287891 0.0517578
1 0.442578 0.523926 0.440625 0.521973 0.437891 0.521973 0.430469 0.524414 0.426563 0.526855 0.423828 0.527344 0.419922 0.530762 0.415234 0.531738 0.4125 0.534668 0.411719 0.536621 0.412109 0.539551 0.412891 0.541016 0.416797 0.54248 0.420703 0.541504 0.423438 0.539551 0.428516 0.539062 0.430859 0.537109 0.435547 0.535156 0.441406 0.530273 0.442578 0.527832
1 0.614453 0.519531 0.6125 0.51709 0.610547 0.51709 0.607031 0.520996 0.603125 0.522949 0.591406 0.537109 0.590625 0.541504 0.592578 0.541992 0.594922 0.540039 0.6 0.537598 0.601953 0.534668 0.608203 0.529785 0.610156 0.526855 0.611328 0.526367 0.614453 0.522461
1 0.941797 0.305176 0.940234 0.308105 0.940625 0.325684 0.942969 0.331055 0.946484 0.334961 0.948828 0.334961 0.95 0.333496 0.950391 0.329102 0.949609 0.327148 0.948438 0.314453 0.944141 0.305664
1 0.789453 0.908203 0.789062 0.912109 0.790234 0.915039 0.801953 0.932129 0.805078 0.933594 0.807813 0.933594 0.810156 0.932129 0.808203 0.927246 0.803125 0.92041 0.796094 0.913086 0.79375 0.908691 0.791797 0.907227 0.790234 0.907227
1 0.731641 0.884766 0.730469 0.883789 0.727734 0.883789 0.722266 0.888672 0.717969 0.89502 0.712109 0.901367 0.710156 0.904785 0.706641 0.907227 0.704688 0.909668 0.703906 0.912109 0.701172 0.916016 0.701562 0.919434 0.705859 0.919434 0.714453 0.911133 0.719141 0.904785 0.721094 0.903809 0.725391 0.898438 0.73125 0.88916
1 0.656641 0.486328 0.658203 0.48877 0.661328 0.490723 0.671875 0.493164 0.680469 0.496582 0.685547 0.496582 0.686328 0.495605 0.685937 0.493164 0.682031 0.489746 0.676953 0.486816 0.665234 0.484375 0.658203 0.484375
1 0.250781 0.811523 0.25 0.814941 0.252344 0.819824 0.256641 0.822754 0.259375 0.825684 0.265625 0.829102 0.267969 0.831543 0.271484 0.833008 0.276953 0.837402 0.278906 0.839844 0.280469 0.839844 0.281641 0.838867 0.281641 0.837402 0.278906 0.830078 0.272266 0.822754 0.263672 0.816406 0.255469 0.811523 0.251563 0.810547
1 0.689063 0.273438 0.685937 0.272949 0.684766 0.274902 0.684766 0.287598 0.682813 0.294922 0.680078 0.29834 0.680469 0.299805 0.682422 0.300293 0.685937 0.299316 0.689063 0.29541 0.691016 0.291016 0.691797 0.286621 0.691797 0.278809 0.690625 0.275391
1 0.816016 0.11084 0.816016 0.112793 0.81875 0.116211 0.821484 0.122559 0.826562 0.12793 0.850391 0.126465 0.855078 0.124023 0.855078 0.120605 0.853125 0.118164 0.84375 0.116699 0.828125 0.117188 0.825391 0.115723 0.823828 0.11377 0.821484 0.112793 0.819141 0.110352
1 0.36875 0.894043 0.367188 0.896973 0.366406 0.901855 0.367188 0.916016 0.369531 0.928223 0.372656 0.928223 0.373437 0.927734 0.374609 0.923828 0.374219 0.914551 0.371875 0.899902 0.369922 0.894531
1 0.248438 0.338867 0.247656 0.338379 0.246094 0.339844 0.243359 0.340332 0.239453 0.343262 0.233984 0.345703 0.219141 0.355957 0.213281 0.35791 0.211719 0.360352 0.212109 0.362305 0.216797 0.364746 0.221484 0.364258 0.224219 0.363281 0.232813 0.35791 0.245703 0.34375 0.248438 0.341309
1 0.419531 0.470215 0.416016 0.470703 0.409766 0.479492 0.400781 0.498535 0.4 0.501465 0.400781 0.503418 0.403906 0.50293 0.405078 0.501953 0.412891 0.491211 0.415625 0.484375 0.420312 0.475586 0.420312 0.471191
1 0.26875 0.219238 0.266797 0.219727 0.262891 0.225586 0.253516 0.236328 0.247266 0.248047 0.246484 0.250977 0.246484 0.25293 0.247266 0.253906 0.248828 0.253906 0.252344 0.251465 0.257031 0.24707 0.263672 0.23877 0.265625 0.233887 0.267969 0.230469 0.269922 0.225098 0.269922 0.220703
1 0.448437 0.282227 0.442969 0.283203 0.426563 0.293945 0.423438 0.297363 0.419922 0.299805 0.417969 0.302246 0.417969 0.304688 0.419141 0.306152 0.420703 0.306152 0.426953 0.304199 0.430859 0.30127 0.436328 0.298828 0.439844 0.29541 0.443359 0.293945 0.448047 0.287598 0.448828 0.284668
1 0.216797 0.219727 0.214453 0.216797 0.2125 0.21582 0.208203 0.216309 0.19375 0.225586 0.191797 0.229004 0.192188 0.232422 0.194922 0.23584 0.200391 0.237305 0.201953 0.236816 0.204297 0.233398 0.208594 0.230469 0.213281 0.224609 0.216797 0.221191
1 0.521875 0.573242 0.521094 0.573242 0.519531 0.575684 0.516797 0.588379 0.516016 0.606445 0.516797 0.612305 0.517969 0.615234 0.521094 0.614746 0.521875 0.612793 0.524219 0.595215 0.524609 0.579102 0.523828 0.575684
1 0.348828 0.600098 0.348828 0.605469 0.350391 0.608398 0.364844 0.615234 0.372266 0.617188 0.376172 0.620117 0.380469 0.620117 0.38125 0.619141 0.380469 0.614258 0.376563 0.61084 0.373437 0.609863 0.36875 0.606934 0.361719 0.60498 0.358203 0.602539 0.353125 0.601562 0.350391 0.598633
1 0.479297 0.154785 0.477734 0.154785 0.474219 0.157715 0.473438 0.161621 0.475 0.178223 0.476562 0.179199 0.478906 0.179199 0.482422 0.173828 0.482812 0.171387 0.482812 0.163574 0.482031 0.158691
1 0.341406 0.337891 0.338672 0.336426 0.334375 0.337402 0.322266 0.34375 0.320703 0.345215 0.321094 0.349609 0.321875 0.351074 0.323047 0.351562 0.330078 0.349609 0.332422 0.347656 0.335547 0.34668 0.340625 0.342773 0.341406 0.34082
1 0.303516 0.360352 0.302344 0.358887 0.297266 0.358887 0.295312 0.359863 0.281641 0.361816 0.276953 0.365234 0.276562 0.369141 0.279297 0.371094 0.294141 0.371094 0.299219 0.370117 0.302734 0.364746
1 0.189844 0.864258 0.181641 0.865234 0.180078 0.868652 0.175781 0.872559 0.172656 0.879883 0.170703 0.887695 0.165234 0.893066 0.164453 0.89502 0.164844 0.896973 0.167187 0.896973 0.173437 0.894531 0.176953 0.89209 0.176953 0.888672 0.178516 0.885742 0.178906 0.881348 0.183203 0.874023 0.184766 0.867188 0.185938 0.866699 0.188281 0.869141 0.189453 0.869141 0.190234 0.867188
1 0.678906 0.885254 0.674219 0.885742 0.670703 0.888184 0.662891 0.900391 0.660937 0.901855 0.657422 0.907227 0.655078 0.908691 0.655859 0.911621 0.653906 0.915527 0.653906 0.92041 0.654687 0.922852 0.657031 0.92041 0.657813 0.92041 0.670703 0.902832 0.671875 0.899414 0.679688 0.88916 0.680078 0.887695
1 0.0652344 0.321289 0.0640625 0.319336 0.0613281 0.318359 0.0558594 0.319824 0.046875 0.324707 0.0441406 0.327637 0.0398437 0.329102 0.0398437 0.333496 0.0410156 0.334473 0.0449219 0.334961 0.05625 0.329102 0.059375 0.328613 0.0652344 0.322754
1 0.1375 0.89209 0.136719 0.894531 0.136719 0.897461 0.138281 0.901367 0.143359 0.904785 0.151172 0.905273 0.154297 0.907227 0.155859 0.906738 0.156641 0.905273 0.156641 0.90332 0.155078 0.899902 0.145313 0.894043 0.142969 0.891113 0.138672 0.891113
1 0.688672 0.484863 0.688281 0.492188 0.690234 0.499023 0.694922 0.505859 0.696484 0.510254 0.699609 0.515625 0.700391 0.518555 0.701172 0.519531 0.704688 0.518555 0.704688 0.512695 0.702344 0.507812 0.701172 0.50293 0.696875 0.49707 0.693359 0.487793 0.690234 0.484863
1 0.0285156 0.172363 0.0246094 0.177246 0.0230469 0.180664 0.0222656 0.18457 0.0222656 0.192871 0.0234375 0.199707 0.0289063 0.203125 0.0304687 0.19873 0.0308594 0.181641 0.0300781 0.175293 0.0292969 0.172852
1 0.310547 0.942383 0.307812 0.939453 0.3 0.939941 0.293359 0.942383 0.290234 0.944824 0.285156 0.950684 0.284375 0.955566 0.285547 0.957031 0.287891 0.957031 0.290234 0.95459 0.294922 0.952637 0.298438 0.949219 0.302734 0.948242 0.306641 0.945312 0.309766 0.944336
1 0.438672 0.778809 0.437891 0.781738 0.437891 0.789551 0.439063 0.79541 0.447266 0.808105 0.450391 0.80957 0.452344 0.809082 0.453516 0.807617 0.453906 0.805664 0.451953 0.79834 0.448437 0.793945 0.442969 0.782227 0.440234 0.778809
1 0.658594 0.562988 0.657031 0.562988 0.655078 0.564941 0.652344 0.580078 0.651953 0.592773 0.653125 0.598145 0.653125 0.604492 0.654297 0.608398 0.657813 0.607422 0.658594 0.603027 0.658984 0.583984 0.659766 0.578613 0.659766 0.566895 0.659375 0.563965
1 0.794141 0.942871 0.792969 0.946777 0.793359 0.953125 0.794531 0.958008 0.798047 0.966309 0.802734 0.970703 0.805859 0.97168 0.810937 0.971191 0.811719 0.970215 0.811719 0.965332 0.810156 0.960449 0.804297 0.953613 0.803906 0.95166 0.801953 0.949219 0.799219 0.947754 0.795703 0.942871
1 0.817578 0.395508 0.817969 0.401367 0.821094 0.407715 0.826953 0.412109 0.830078 0.413086 0.835156 0.413086 0.841406 0.411133 0.846094 0.407715 0.846094 0.403809 0.845313 0.40332 0.833594 0.40332 0.830078 0.401855 0.825 0.398438 0.823047 0.395996 0.819531 0.394043 0.818359 0.394043
1 0.0898438 0.710938 0.0890625 0.709961 0.0867187 0.709961 0.08125 0.712402 0.075 0.717285 0.071875 0.718262 0.0613281 0.728516 0.0582031 0.732422 0.0570312 0.73584 0.0589844 0.737305 0.0621094 0.737305 0.0746094 0.730957 0.0894531 0.716797 0.0902344 0.714355
1 0.259375 0.669922 0.255859 0.669922 0.252734 0.671875 0.251172 0.673828 0.249219 0.681152 0.248438 0.6875 0.248828 0.692383 0.251172 0.701172 0.254688 0.705078 0.255859 0.70459 0.255469 0.6875 0.257031 0.682129 0.260937 0.673828
1 0.112109 0.652344 0.112109 0.655762 0.114062 0.659668 0.11875 0.664551 0.126172 0.668457 0.134766 0.668945 0.142187 0.666504 0.14375 0.665527 0.145313 0.663086 0.145313 0.661133 0.14375 0.65918 0.134375 0.658691 0.126562 0.656738 0.120703 0.652344 0.116016 0.649902 0.114453 0.649902
1 0.461719 0.353027 0.462109 0.357422 0.462891 0.359375 0.465625 0.362793 0.46875 0.365234 0.477734 0.368652 0.482031 0.371094 0.485938 0.370117 0.485938 0.368164 0.48125 0.360352 0.469922 0.355469 0.464453 0.352051 0.4625 0.352051
1 0.00351563 0.291504 0.00351563 0.294434 0.00507813 0.296875 0.0128906 0.300293 0.0230469 0.30127 0.0261719 0.302734 0.0292969 0.302734 0.0304687 0.300293 0.0300781 0.297363 0.0277344 0.295898 0.0148437 0.291016 0.0105469 0.290039 0.0046875 0.290039
1 0.520703 0.799316 0.519531 0.801758 0.519531 0.803711 0.523047 0.8125 0.523047 0.822266 0.524219 0.824707 0.526172 0.825195 0.528125 0.823242 0.529687 0.818848 0.530469 0.813965 0.530469 0.805664 0.529297 0.802246 0.527734 0.800781 0.524219 0.799316
1 0.132422 0.128418 0.131641 0.131348 0.133984 0.140137 0.1375 0.148926 0.137891 0.151855 0.139844 0.154785 0.139844 0.158203 0.141406 0.160645 0.143359 0.160645 0.144531 0.15918 0.144922 0.157227 0.142578 0.14502 0.135937 0.129395 0.134375 0.12793
1 0.26875 0.903809 0.267188 0.901855 0.2625 0.900391 0.254688 0.900391 0.250781 0.901367 0.246094 0.904785 0.242578 0.90625 0.233203 0.916016 0.232813 0.92041 0.234766 0.921387 0.239844 0.92041 0.242578 0.917969 0.252734 0.911621 0.264453 0.908203 0.267969 0.905762
1 0.388281 0.142578 0.381641 0.13916 0.371484 0.139648 0.369531 0.140625 0.365625 0.140137 0.364063 0.141602 0.364063 0.144043 0.365625 0.146484 0.366797 0.146973 0.370703 0.146973 0.373047 0.145996 0.375391 0.147461 0.380859 0.147461 0.3875 0.145996
1 0.282031 0.785156 0.28125 0.786621 0.28125 0.796387 0.282031 0.799805 0.282422 0.81543 0.286328 0.830566 0.287891 0.831543 0.289453 0.830078 0.289453 0.820801 0.288281 0.803711 0.283984 0.786133 0.283203 0.785156
1 0.900781 0.427246 0.900391 0.429199 0.903516 0.437012 0.903906 0.452148 0.904687 0.454102 0.906641 0.454102 0.908594 0.453125 0.910547 0.447754 0.910156 0.436035 0.908203 0.430664
1 0.510547 0.836426 0.508984 0.836914 0.506641 0.84375 0.502734 0.850098 0.5 0.85791 0.497656 0.861328 0.49375 0.869629 0.492578 0.875 0.492578 0.878418 0.493359 0.879883 0.494922 0.879395 0.499219 0.875 0.501172 0.870605 0.50625 0.863281 0.508984 0.857422 0.511719 0.84668 0.511719 0.839355
1 0.967187 0.833496 0.968359 0.837891 0.969922 0.840332 0.971875 0.841797 0.978125 0.84375 0.982422 0.846191 0.987109 0.845703 0.986328 0.842285 0.982422 0.837891 0.975 0.833008 0.970313 0.832031
1 0.866016 0.419434 0.864062 0.419434 0.860156 0.422852 0.856641 0.431641 0.855859 0.436523 0.853516 0.440918 0.852344 0.446289 0.852344 0.45166 0.853906 0.453613 0.855078 0.453125 0.857031 0.450195 0.860547 0.438965 0.863672 0.434082 0.866016 0.424805
1 0.0953125 0.963379 0.0949219 0.966309 0.0960938 0.967773 0.103906 0.969727 0.114844 0.974121 0.124219 0.984863 0.127734 0.990723 0.133203 0.996582 0.138672 0.99707 0.140625 0.998047 0.141406 1 0.148047 1 0.148828 0.99707 0.148438 0.990234 0.144922 0.981445 0.138281 0.973145 0.133984 0.973145 0.131641 0.976562 0.130859 0.976562 0.122656 0.96582 0.117969 0.962402 0.110937 0.961426 0.100781 0.961426 0.0960938 0.962402
1 0.946875 0.884277 0.946484 0.889648 0.947266 0.890625 0.955469 0.890625 0.960156 0.89209 0.964453 0.89502 0.969922 0.901367 0.971484 0.901367 0.973437 0.898438 0.973828 0.89502 0.973047 0.890625 0.970703 0.888184 0.969531 0.885254 0.959766 0.878906 0.954297 0.87793
1 0.654687 0.935059 0.654687 0.948242 0.657422 0.959961 0.667578 0.97998 0.669141 0.981934 0.670703 0.981934 0.672266 0.979492 0.670703 0.97168 0.66875 0.968262 0.667188 0.962402 0.664453 0.957031 0.662891 0.950195 0.660156 0.943848 0.658594 0.937988
1 0.296484 0.407715 0.294531 0.40625 0.288672 0.40625 0.285547 0.407227 0.282813 0.40918 0.275391 0.42041 0.274609 0.422852 0.275 0.428711 0.276562 0.429199 0.278906 0.428223 0.280859 0.424316 0.284375 0.419922 0.289062 0.416016 0.294922 0.413086 0.296484 0.410645
1 0.439063 0.0175781 0.4375 0.0161133 0.434375 0.015625 0.422266 0.0200195 0.404687 0.0244141 0.404297 0.0263672 0.407813 0.0292969 0.411719 0.0307617 0.419922 0.0297852 0.437891 0.0214844
1 0.953906 0.0336914 0.953516 0.0341797 0.952734 0.0341797 0.951562 0.0356445 0.951562 0.0361328 0.950391 0.0375977 0.950391 0.0395508 0.95 0.0400391 0.95 0.0424805 0.949219 0.043457 0.949219 0.0444336 0.948047 0.0458984 0.948047 0.0478516 0.947656 0.0483398 0.947656 0.0488281 0.946484 0.050293 0.946484 0.0541992 0.946094 0.0546875 0.946094 0.0551758 0.945703 0.0556641 0.945703 0.059082 0.945312 0.0595703 0.945312 0.0620117 0.944922 0.0625 0.944922 0.0737305 0.945312 0.0742188 0.945312 0.0751953 0.946094 0.0761719 0.946094 0.0766602 0.946484 0.0771484 0.946484 0.078125 0.948047 0.0800781 0.95 0.0800781 0.951172 0.0786133 0.951172 0.0771484 0.951562 0.0766602 0.951562 0.0629883 0.951953 0.0625 0.951953 0.0571289 0.952734 0.0561523 0.952734 0.0532227 0.953125 0.0527344 0.953125 0.050293 0.953516 0.0498047 0.953516 0.0454102 0.953906 0.0449219 0.953906 0.0429688 0.954297 0.0424805 0.954297 0.0415039 0.955469 0.0400391 0.955469 0.0395508 0.95625 0.0385742 0.956641 0.0385742 0.957812 0.0371094 0.957812 0.0351562 0.956641 0.0336914
1 0.319141 0.480957 0.316797 0.481445 0.313672 0.48584 0.3125 0.490234 0.310156 0.494141 0.309375 0.497559 0.309375 0.503906 0.310156 0.505859 0.311328 0.505371 0.3125 0.502441 0.316016 0.498047 0.319531 0.490234 0.320312 0.48291
1 0.317969 0.821289 0.317578 0.823242 0.319922 0.828125 0.324219 0.845215 0.324219 0.85791 0.325781 0.86084 0.329688 0.861816 0.331641 0.857422 0.332422 0.848633 0.332422 0.838379 0.330859 0.830078 0.325781 0.822754 0.322656 0.821289
1 0.572656 0.547852 0.573438 0.552734 0.575781 0.554688 0.580859 0.553223 0.592969 0.553223 0.594922 0.552246 0.594922 0.548828 0.5875 0.543457 0.583594 0.541992 0.576172 0.54248 0.573438 0.54541
1 0.260937 0.401367 0.260156 0.404297 0.261328 0.407227 0.262891 0.416016 0.265625 0.422852 0.267578 0.43457 0.269141 0.437012 0.271094 0.438477 0.272266 0.438477 0.274219 0.436523 0.274219 0.434082 0.271484 0.42627 0.270703 0.419434 0.267969 0.408691 0.264453 0.401367
1 0.768359 0.115234 0.766797 0.115234 0.763672 0.118164 0.758984 0.125 0.750781 0.134277 0.75 0.136719 0.746484 0.141602 0.744922 0.145508 0.744922 0.147461 0.746875 0.150879 0.749219 0.150879 0.751563 0.148926 0.754687 0.144531 0.757812 0.14209 0.760938 0.136719 0.764453 0.133301 0.766016 0.128906 0.769531 0.123535 0.769922 0.118164
1 0.364063 0.810059 0.364063 0.811523 0.364844 0.8125 0.369922 0.811523 0.372266 0.810059 0.376563 0.811035 0.384766 0.815918 0.388672 0.821777 0.391797 0.821777 0.392969 0.818848 0.392578 0.813477 0.389062 0.806641 0.380859 0.800781 0.373047 0.80127 0.367188 0.805176
1 0.282422 0.25293 0.279687 0.254883 0.277344 0.259766 0.276953 0.267578 0.277734 0.270508 0.282422 0.279785 0.288281 0.28418 0.290625 0.287109 0.295703 0.289551 0.296875 0.288086 0.296094 0.283691 0.292969 0.279785 0.285547 0.266113 0.284375 0.261719 0.283984 0.254883
1 0.3 0.133301 0.299609 0.135742 0.300781 0.137207 0.305078 0.13916 0.30625 0.140137 0.314453 0.144531 0.318359 0.148438 0.322266 0.149902 0.322266 0.145508 0.319531 0.13916 0.310156 0.128906 0.308594 0.128418 0.307422 0.126953 0.305859 0.126953 0.301563 0.130859
1 0.0523438 0.531738 0.0511719 0.535645 0.0511719 0.541016 0.05625 0.552734 0.0632812 0.561523 0.0683594 0.564941 0.071875 0.56543 0.0722656 0.563477 0.0710937 0.562012 0.0691406 0.556152 0.0621094 0.546875 0.059375 0.541016 0.0566406 0.537598 0.0550781 0.533203 0.0539063 0.531738
1 0.258984 0.290527 0.257812 0.291504 0.25625 0.296875 0.25625 0.306641 0.257422 0.322754 0.258984 0.32959 0.261328 0.333008 0.262891 0.337402 0.264453 0.338379 0.265625 0.335449 0.264453 0.311035 0.262109 0.294922 0.260937 0.291504 0.260156 0.290527
1 0.589063 0.00683594 0.586719 0.00683594 0.584766 0.0126953 0.583203 0.0146484 0.573828 0.0209961 0.566016 0.0249023 0.565234 0.0268555 0.565234 0.0292969 0.566797 0.0302734 0.576562 0.0302734 0.581641 0.0288086 0.584766 0.0268555 0.588672 0.0214844 0.590234 0.0170898 0.590625 0.0131836
1 0.320703 0.0283203 0.319531 0.0297852 0.319141 0.0371094 0.321484 0.0541992 0.321484 0.0581055 0.322656 0.0615234 0.325781 0.0615234 0.326172 0.0332031 0.325391 0.0307617 0.323437 0.0283203
1 0.886328 0.91748 0.884766 0.916504 0.881641 0.919434 0.879297 0.92334 0.876172 0.92627 0.873828 0.930664 0.864453 0.938965 0.864453 0.941895 0.865234 0.942871 0.871484 0.941895 0.88125 0.936035 0.883594 0.929199 0.885938 0.924805 0.887109 0.919922
1 0.344531 0.307129 0.344531 0.311523 0.345703 0.316895 0.352734 0.327637 0.356641 0.329102 0.361719 0.32959 0.365234 0.328613 0.368359 0.325684 0.369141 0.32373 0.36875 0.320801 0.362109 0.321289 0.359375 0.320312 0.353125 0.31543 0.345703 0.306641
1 0.351172 0.821289 0.351172 0.822754 0.353125 0.82373 0.359375 0.823242 0.364453 0.824707 0.373047 0.82959 0.376563 0.83252 0.381641 0.83252 0.382812 0.831543 0.382812 0.828613 0.381641 0.825684 0.365625 0.813477 0.361328 0.812988 0.357031 0.814453 0.353516 0.816895
1 0.799219 0.101074 0.798438 0.104492 0.799609 0.106445 0.806641 0.107422 0.810547 0.108887 0.814453 0.113281 0.817187 0.114746 0.81875 0.117676 0.822656 0.121582 0.825781 0.121094 0.826172 0.119141 0.824609 0.117676 0.823047 0.112793 0.817578 0.103516 0.810937 0.0991211 0.808594 0.0986328 0.803125 0.0991211
1 0.353125 0.113281 0.351953 0.114746 0.351953 0.115234 0.351562 0.115723 0.351172 0.115723 0.350781 0.115234 0.349219 0.115234 0.348047 0.116699 0.348047 0.119629 0.347266 0.120605 0.346484 0.120605 0.346094 0.121094 0.344141 0.121094 0.34375 0.121582 0.342187 0.121582 0.341406 0.122559 0.341016 0.122559 0.340625 0.123047 0.337891 0.123047 0.3375 0.123535 0.337109 0.123535 0.336719 0.124023 0.335547 0.124023 0.335156 0.124512 0.334766 0.124512 0.333203 0.126465 0.332813 0.126465 0.332031 0.127441 0.331641 0.127441 0.330469 0.128906 0.330469 0.132812 0.33125 0.133789 0.33125 0.134277 0.332813 0.13623 0.333594 0.13623 0.333984 0.136719 0.335547 0.136719 0.335938 0.13623 0.336328 0.136719 0.342969 0.136719 0.34375 0.135742 0.344922 0.135742 0.345313 0.135254 0.345703 0.135254 0.346094 0.134766 0.347656 0.134766 0.348438 0.133789 0.348828 0.133789 0.350391 0.131836 0.350781 0.131836 0.351953 0.130371 0.352734 0.130371 0.353906 0.128906 0.353906 0.128418 0.355469 0.126465 0.355469 0.124512 0.35625 0.123535 0.35625 0.118164 0.356641 0.117676 0.356641 0.114746 0.355469 0.113281
1 0.123828 0.513672 0.122266 0.51416 0.119531 0.518555 0.116016 0.528809 0.111328 0.536621 0.108984 0.544922 0.106641 0.549316 0.104688 0.556152 0.105078 0.558105 0.106641 0.55957 0.108203 0.559082 0.115625 0.549805 0.122266 0.535645 0.122656 0.533203 0.124609 0.529297 0.126172 0.521484 0.125781 0.51709
1 0.569141 0.391602 0.569141 0.393555 0.572656 0.395508 0.587109 0.398438 0.594922 0.401855 0.599609 0.401367 0.600391 0.399902 0.600391 0.396484 0.598047 0.393066 0.592969 0.390137 0.5875 0.388184 0.575781 0.387695 0.571875 0.388672
1 0.639062 0.638184 0.635156 0.637695 0.631641 0.643066 0.626563 0.648438 0.622266 0.654297 0.618359 0.656738 0.614062 0.663086 0.613281 0.666992 0.614453 0.668457 0.616016 0.668457 0.623828 0.663086 0.627344 0.658691 0.631641 0.655273 0.637109 0.646973
1 0.515234 0.567383 0.514453 0.564453 0.512109 0.5625 0.502344 0.562012 0.491016 0.564453 0.488672 0.565918 0.4875 0.567383 0.4875 0.568848 0.489453 0.571289 0.492578 0.572266 0.503125 0.572266 0.5125 0.571289 0.514844 0.569824
1 0.316016 0.947266 0.315234 0.946289 0.313672 0.946289 0.310937 0.949707 0.294141 0.959473 0.290234 0.964355 0.289453 0.966309 0.289453 0.971191 0.290234 0.972168 0.291797 0.972168 0.294531 0.970703 0.296875 0.968262 0.301563 0.966797 0.307031 0.961426 0.310937 0.960449 0.315625 0.953613
1 0.478125 0.230469 0.475 0.231445 0.473828 0.233398 0.471094 0.243164 0.471094 0.246582 0.469922 0.250488 0.469922 0.270508 0.471094 0.274902 0.474219 0.272949 0.476953 0.260254 0.478125 0.240723 0.478906 0.237305
1 0.0820312 0.00390625 0.0800781 0.00439453 0.0789062 0.00634766 0.0773438 0.0166016 0.0773438 0.0268555 0.0804688 0.0410156 0.084375 0.0419922 0.0855469 0.0380859 0.0855469 0.0244141 0.0867187 0.0214844 0.0859375 0.0175781 0.0878906 0.0136719 0.0863281 0.00976562 0.0875 0.0078125 0.0890625 0.00683594 0.0890625 0.00585938 0.0863281 0.00439453
1 0.270313 0.873047 0.269922 0.87793 0.270703 0.881348 0.273438 0.887207 0.274609 0.893066 0.276953 0.896973 0.278125 0.901367 0.283594 0.907715 0.285938 0.90918 0.287891 0.90918 0.288281 0.907227 0.287109 0.904297 0.285156 0.901855 0.278906 0.890137 0.276562 0.883301 0.273438 0.879395 0.271484 0.873535
1 0.38125 0.333496 0.38125 0.334473 0.384766 0.338379 0.392188 0.341797 0.395703 0.342773 0.405469 0.342773 0.40625 0.341797 0.40625 0.339355 0.405078 0.337402 0.4 0.337891 0.398047 0.336426 0.388281 0.334473 0.386328 0.333008
1 0.207031 0.869629 0.202734 0.869141 0.199609 0.871094 0.196875 0.871582 0.19375 0.875 0.189062 0.876465 0.183984 0.883301 0.182031 0.884766 0.180469 0.887695 0.180469 0.88916 0.183203 0.889648 0.19375 0.884766 0.201563 0.87793 0.203516 0.875 0.20625 0.873535
1 0.677344 0.268066 0.673438 0.270996 0.672656 0.273438 0.669141 0.278809 0.667969 0.282715 0.666797 0.29248 0.667578 0.299805 0.669141 0.302246 0.670312 0.302246 0.671484 0.300293 0.672656 0.287598 0.675781 0.276367 0.678516 0.271484 0.678125 0.269043
1 0.193359 0.83252 0.192188 0.83252 0.189844 0.834473 0.188672 0.838867 0.187891 0.869141 0.188672 0.870117 0.190234 0.870117 0.192969 0.867188 0.195312 0.862305 0.195312 0.843262 0.194141 0.833496
1 0.04375 0.26709 0.0425781 0.269043 0.0421875 0.271484 0.0441406 0.273926 0.0460938 0.274902 0.0488281 0.279785 0.053125 0.28418 0.0566406 0.292969 0.0605469 0.299805 0.0632812 0.299316 0.0636719 0.297852 0.0628906 0.29541 0.0628906 0.291016 0.0613281 0.283203 0.0597656 0.279785 0.0539063 0.273438 0.0488281 0.270508 0.0457031 0.26709
1 0.153906 0.821289 0.153125 0.821777 0.15 0.832031 0.149219 0.836914 0.149219 0.842773 0.15 0.847168 0.153125 0.852051 0.154688 0.853027 0.157422 0.849609 0.157812 0.848145 0.158203 0.835449 0.155859 0.823242 0.155078 0.821777
1 0.369141 0.96875 0.36875 0.969238 0.368359 0.969238 0.367188 0.970703 0.366797 0.970703 0.365625 0.972168 0.364063 0.972168 0.362109 0.974609 0.362109 0.975098 0.361719 0.975586 0.360156 0.975586 0.358203 0.978027 0.357422 0.978027 0.356641 0.979004 0.355859 0.979004 0.355469 0.979492 0.355078 0.979492 0.353906 0.980957 0.352734 0.980957 0.352344 0.981445 0.35 0.981445 0.349609 0.981934 0.348828 0.981934 0.348438 0.982422 0.347656 0.982422 0.347266 0.98291 0.346875 0.98291 0.346484 0.983398 0.345313 0.983398 0.344922 0.983887 0.344141 0.983887 0.342969 0.985352 0.342578 0.985352 0.342187 0.98584 0.341797 0.98584 0.341406 0.986328 0.341016 0.986328 0.339453 0.988281 0.339062 0.988281 0.337891 0.989746 0.337891 0.990723 0.337109 0.991699 0.337109 0.992676 0.336328 0.993652 0.336328 0.998047 0.3375 0.999512 0.343359 0.999512 0.34375 0.999023 0.344922 0.999023 0.346094 0.997559 0.346875 0.997559 0.347266 0.99707 0.347656 0.99707 0.348047 0.996582 0.348438 0.996582 0.349219 0.995605 0.349609 0.995605 0.350391 0.994629 0.353906 0.994629 0.354687 0.993652 0.35625 0.993652 0.356641 0.993164 0.357422 0.993164 0.357812 0.992676 0.358984 0.992676 0.359766 0.991699 0.360156 0.991699 0.360938 0.990723 0.361719 0.990723 0.3625 0.989746 0.363281 0.989746 0.363672 0.989258 0.364063 0.989258 0.365234 0.987793 0.366016 0.987793 0.36875 0.984375 0.36875 0.983887 0.369141 0.983398 0.370312 0.983398 0.371484 0.981934 0.371484 0.980469 0.372656 0.979004 0.372656 0.977539 0.373047 0.977051 0.373047 0.976562 0.373828 0.975586 0.373828 0.970215 0.372656 0.96875
1 0.916797 0.935547 0.915625 0.937012 0.915625 0.937988 0.915234 0.938477 0.915234 0.938965 0.914062 0.94043 0.914062 0.940918 0.911328 0.944336 0.910937 0.944336 0.908594 0.947266 0.908594 0.947754 0.907031 0.949707 0.907031 0.951172 0.90625 0.952148 0.90625 0.953125 0.905859 0.953613 0.905859 0.95459 0.905078 0.955566 0.905078 0.962891 0.904687 0.963379 0.904687 0.967285 0.904297 0.967773 0.904297 0.972168 0.903906 0.972656 0.903906 0.979492 0.905078 0.980957 0.906641 0.980957 0.907813 0.979492 0.907813 0.979004 0.908984 0.977539 0.908984 0.977051 0.910937 0.974609 0.910937 0.974121 0.911328 0.973633 0.911328 0.972656 0.911719 0.972168 0.911719 0.97168 0.912109 0.971191 0.912109 0.966309 0.9125 0.96582 0.9125 0.960938 0.912891 0.960449 0.912891 0.958496 0.913281 0.958008 0.913281 0.957031 0.913672 0.956543 0.913672 0.955566 0.914453 0.95459 0.914453 0.952637 0.915234 0.95166 0.915234 0.950195 0.916016 0.949219 0.916016 0.947266 0.916797 0.946289 0.916797 0.945312 0.917578 0.944336 0.917969 0.944336 0.920312 0.941406 0.920312 0.940918 0.921484 0.939453 0.921484 0.9375 0.920312 0.936035 0.91875 0.936035 0.918359 0.935547
1 0.713281 0.230957 0.713281 0.233398 0.716406 0.236816 0.723437 0.239746 0.731641 0.239258 0.734375 0.236328 0.733984 0.233398 0.732812 0.231934 0.724219 0.229004 0.716797 0.228027 0.715234 0.228516
1 0.848437 0.400879 0.848828 0.402344 0.851562 0.405273 0.857812 0.405762 0.873437 0.409668 0.880469 0.414062 0.882031 0.414062 0.883594 0.412598 0.882031 0.406738 0.880078 0.404297 0.872656 0.399414 0.859375 0.398438 0.85 0.399902
1 0.945703 0.0195312 0.944531 0.0209961 0.944141 0.0209961 0.942969 0.0224609 0.942969 0.0258789 0.944531 0.027832 0.946094 0.027832 0.946484 0.0283203 0.946875 0.0283203 0.947266 0.0288086 0.947656 0.0288086 0.948438 0.0297852 0.95 0.0297852 0.951562 0.0317383 0.952344 0.0317383 0.952734 0.0322266 0.953516 0.0322266 0.953906 0.0327148 0.954297 0.0327148 0.955469 0.0341797 0.95625 0.0341797 0.957812 0.0361328 0.958203 0.0361328 0.958594 0.0366211 0.958984 0.0366211 0.960547 0.0385742 0.960938 0.0385742 0.961328 0.0390625 0.961719 0.0390625 0.964063 0.0419922 0.964063 0.0424805 0.964453 0.0429688 0.964453 0.0488281 0.964844 0.0493164 0.964844 0.0498047 0.965234 0.050293 0.965234 0.0517578 0.966406 0.0532227 0.966797 0.0532227 0.967187 0.0537109 0.96875 0.0537109 0.969922 0.0522461 0.969922 0.0512695 0.970703 0.050293 0.970703 0.0458984 0.969922 0.0449219 0.969922 0.043457 0.969141 0.0424805 0.969141 0.0419922 0.968359 0.0410156 0.968359 0.0400391 0.967578 0.0390625 0.967578 0.0375977 0.966406 0.0361328 0.966406 0.0356445 0.966016 0.0351562 0.966016 0.0341797 0.965625 0.0336914 0.965625 0.0327148 0.962109 0.0283203 0.961719 0.0283203 0.961328 0.027832 0.960156 0.027832 0.959375 0.0268555 0.959375 0.0263672 0.958203 0.0249023 0.957812 0.0249023 0.957031 0.0239258 0.95625 0.0239258 0.955859 0.0234375 0.955469 0.0234375 0.955078 0.0229492 0.954688 0.0229492 0.954297 0.0224609 0.953906 0.0224609 0.952734 0.0209961 0.951172 0.0209961 0.950781 0.0205078 0.95 0.0205078 0.949219 0.0195312
1 0.0847656 0.32959 0.0835937 0.32959 0.0820312 0.333008 0.0800781 0.342285 0.0785156 0.345703 0.0773438 0.358398 0.0765625 0.360352 0.0761719 0.365234 0.0746094 0.369629 0.0746094 0.373535 0.0769531 0.374023 0.0808594 0.371094 0.0859375 0.35791 0.0859375 0.331543
1 0.879687 0.975098 0.878516 0.974121 0.876953 0.974121 0.870703 0.980469 0.860938 0.986816 0.855078 0.994141 0.85625 1 0.861719 1 0.862109 0.998535 0.866406 0.996582 0.869531 0.992676 0.873828 0.989258 0.879297 0.982422 0.880078 0.978516
1 0.388281 0.782227 0.388281 0.783691 0.391797 0.788574 0.394922 0.790039 0.398438 0.792969 0.403906 0.794922 0.416406 0.794922 0.417969 0.796387 0.41875 0.800293 0.422266 0.802734 0.427734 0.802246 0.429297 0.799805 0.428516 0.797852 0.426563 0.796875 0.420312 0.789551 0.407031 0.785645 0.392578 0.779785 0.390625 0.780273
1 0.631641 0.418945 0.632422 0.42041 0.646484 0.428223 0.654297 0.430176 0.658594 0.432617 0.661328 0.431641 0.659766 0.427734 0.655078 0.421875 0.651563 0.419434 0.642969 0.416504 0.637109 0.416016 0.633203 0.416504
1 0.519141 0.153809 0.519531 0.158203 0.521484 0.159668 0.530469 0.159668 0.535547 0.158691 0.545312 0.15918 0.546875 0.157715 0.547656 0.155273 0.547266 0.15332 0.544922 0.150879 0.539062 0.148926 0.531641 0.148926 0.525391 0.149902 0.521094 0.151367
1 0.923828 0.744141 0.923438 0.748535 0.925 0.753418 0.928906 0.759766 0.930859 0.764648 0.937891 0.771973 0.944141 0.776367 0.948047 0.777344 0.948828 0.776367 0.948828 0.774414 0.945312 0.769043 0.944531 0.766602 0.937109 0.758301 0.935937 0.755371 0.927734 0.746094
1 0.483594 0.135254 0.484375 0.138184 0.485547 0.139648 0.490234 0.143066 0.496484 0.145508 0.500781 0.146484 0.50625 0.146484 0.510547 0.14502 0.512891 0.142578 0.5125 0.139648 0.510938 0.138184 0.485547 0.133789
1 0.567969 0.495117 0.567578 0.498535 0.570312 0.503418 0.571484 0.508789 0.572656 0.529297 0.574219 0.532715 0.576172 0.533203 0.576953 0.53125 0.579297 0.514648 0.579297 0.509277 0.578125 0.501465 0.575781 0.497559 0.572266 0.495605
1 0.214453 0.711914 0.213672 0.708984 0.209766 0.706055 0.196484 0.706543 0.192578 0.708496 0.189453 0.712402 0.18875 0.715771 0.191719 0.717969 0.195039 0.71748 0.199727 0.71416 0.203164 0.712695 0.207539 0.712598 0.211016 0.713086 0.213281 0.71333
1 0.145313 0.124512 0.142578 0.126953 0.142969 0.132324 0.145234 0.136279 0.149531 0.143408 0.153281 0.151465 0.153516 0.158252 0.152461 0.163721 0.15207 0.169043 0.153516 0.171387 0.155469 0.169629 0.156719 0.165918 0.15793 0.163281 0.159375 0.159082 0.160078 0.155371 0.160078 0.149756 0.158594 0.144531 0.155859 0.13916 0.153555 0.132861 0.147266 0.124512
1 0.199609 0.638184 0.194531 0.635742 0.1875 0.633594 0.184961 0.635156 0.184062 0.638037 0.187188 0.640283 0.190273 0.642627 0.192734 0.649268 0.192227 0.655518 0.186328 0.65957 0.184531 0.66377 0.1875 0.66499 0.196406 0.662451 0.200039 0.656543 0.200664 0.649365 0.200469 0.643262
1 0.0441797 0.386475 0.0409766 0.388037 0.0392188 0.391113 0.0417187 0.398877 0.0384766 0.404443 0.0355469 0.412109 0.0352344 0.414893 0.0347656 0.420898 0.0363281 0.424316 0.0375 0.423828 0.0392969 0.418701 0.0422656 0.413037 0.0460938 0.407227 0.0484375 0.403809 0.0494531 0.397754 0.0474219 0.392285
1 0.665234 0.123535 0.667188 0.123535 0.670312 0.125 0.674219 0.12793 0.685156 0.133789 0.689063 0.13916 0.689844 0.143066 0.688672 0.144531 0.684766 0.144531 0.682031 0.142578 0.673438 0.139648 0.666016 0.130371 0.665234 0.12793
1 0.450742 0.280713 0.450742 0.284766 0.453398 0.287793 0.458477 0.294873 0.464062 0.297412 0.472383 0.308203 0.476172 0.308594 0.476562 0.305664 0.475 0.30127 0.467578 0.290039 0.459375 0.28418 0.454453 0.280518 0.452109 0.27959
1 0.0554687 0.568359 0.0542969 0.570801 0.0539063 0.580078 0.0558594 0.588867 0.059375 0.592773 0.0613281 0.593262 0.0648438 0.595703 0.0714844 0.597656 0.0738281 0.597168 0.075 0.594727 0.0730469 0.588379 0.0680078 0.585352 0.0612109 0.580078 0.0583594 0.57373 0.0566406 0.568359
1 0.14375 0.598633 0.142187 0.59668 0.140156 0.598389 0.138398 0.600781 0.136523 0.603174 0.131445 0.607959 0.128672 0.610986 0.125625 0.614111 0.122422 0.617139 0.117422 0.620996 0.113281 0.625 0.113281 0.628418 0.114453 0.629883 0.120313 0.628906 0.124453 0.625732 0.132109 0.619678 0.137539 0.613623 0.142578 0.60791 0.14375 0.604492
1 0.914336 0.92207 0.908711 0.921484 0.904687 0.921875 0.896875 0.92334 0.890625 0.926758 0.889062 0.928711 0.886328 0.930176 0.883594 0.933105 0.883203 0.936035 0.890234 0.936523 0.892969 0.935059 0.896602 0.933008 0.9 0.931641 0.904844 0.929736 0.909023 0.928125 0.913281 0.927246 0.920234 0.92876 0.920195 0.925488
1 0.155859 0.584814 0.15168 0.584277 0.144844 0.584229 0.138672 0.586426 0.134023 0.589404 0.126406 0.595117 0.119531 0.598633 0.117969 0.600586 0.117188 0.604492 0.119141 0.607422 0.122266 0.60791 0.131953 0.602051 0.136094 0.598682 0.139219 0.59624 0.143047 0.593018 0.148516 0.590576 0.156172 0.588672
1 0.617773 0.72041 0.615 0.72002 0.610938 0.722656 0.607422 0.724609 0.603984 0.725928 0.601562 0.727051 0.597109 0.729053 0.590742 0.73042 0.587109 0.731934 0.580391 0.734766 0.577617 0.736865 0.578984 0.739062 0.585781 0.739209 0.593359 0.737793 0.59832 0.736719 0.605938 0.73374 0.614414 0.729297 0.618555 0.726025 0.61918 0.723437
1 0.969531 0.575391 0.966953 0.576514 0.959375 0.581055 0.954766 0.585107 0.953125 0.585938 0.947266 0.589355 0.942969 0.594727 0.942969 0.598633 0.948047 0.598633 0.959375 0.593262 0.9625 0.589355 0.966406 0.585059 0.970508 0.57915
1 0.182031 0.850098 0.180859 0.849121 0.17625 0.853955 0.172344 0.861328 0.165977 0.866309 0.160859 0.866992 0.157422 0.868164 0.157812 0.874512 0.160703 0.875537 0.167266 0.874707 0.1775 0.868896 0.180625 0.861768
1 0.228984 0.0375 0.228789 0.0308105 0.229297 0.0249023 0.227734 0.0214844 0.225391 0.0185547 0.223438 0.0209961 0.221484 0.0302734 0.221094 0.0371094 0.216406 0.059082 0.216406 0.0664062 0.217188 0.0688477 0.218359 0.0698242 0.220312 0.0703125 0.221875 0.0693359 0.223203 0.0612793 0.226992 0.05
1 0.0863281 0.450684 0.0835937 0.449707 0.0714844 0.456055 0.065625 0.460449 0.0605469 0.462402 0.0558594 0.466309 0.0558594 0.469727 0.0585938 0.470215 0.0679297 0.46709 0.0780859 0.462402 0.08125 0.460449 0.0855469 0.456055 0.0863281 0.453613
1 0.624688 0.722998 0.62293 0.721484 0.620234 0.723437 0.6175 0.72627 0.614844 0.72998 0.612461 0.732227 0.608828 0.734473 0.603398 0.737012 0.59918 0.738232 0.596094 0.73877 0.596094 0.744629 0.599609 0.746582 0.606641 0.745605 0.614844 0.740723 0.618359 0.736816 0.621641 0.731982 0.624297 0.727783
1 0.211953 0.717725 0.209531 0.71543 0.204336 0.715039 0.196484 0.717773 0.19375 0.719238 0.189531 0.72207 0.185938 0.722656 0.182031 0.724609 0.181641 0.728516 0.184766 0.72998 0.193359 0.729492 0.200391 0.726074 0.205859 0.722168 0.209766 0.721191
1 0.132969 0.582324 0.129258 0.582227 0.124687 0.582764 0.12 0.584521 0.116523 0.587891 0.114102 0.590771 0.11207 0.595557 0.111328 0.604004 0.11207 0.607275 0.113281 0.611328 0.114062 0.612305 0.116406 0.612793 0.119141 0.611328 0.118359 0.60791 0.11957 0.599707 0.122266 0.59668 0.124687 0.593066 0.129258 0.58916 0.132812 0.588379 0.136367 0.587256 0.13832 0.583936 0.137305 0.582715
1 0.0601563 0.956201 0.0557031 0.953369 0.0488281 0.951172 0.0453125 0.952148 0.0402344 0.95166 0.0335937 0.953613 0.0265625 0.958984 0.0253906 0.962402 0.0253906 0.966797 0.0292969 0.967773 0.0335937 0.964355 0.0397656 0.961035 0.0447266 0.959814 0.0471094 0.95957 0.0502344 0.959033 0.0519922 0.959277 0.0599609 0.95874
1 0.0179687 0.200293 0.0148437 0.206543 0.0128906 0.209473 0.0117188 0.212891 0.0109375 0.223145 0.0140625 0.246582 0.0167969 0.25 0.0194922 0.248682 0.0185156 0.239258 0.0173047 0.223047 0.0179297 0.213623 0.0202734 0.204395 0.0200781 0.200537
1 0.908594 0.817871 0.908594 0.823242 0.909766 0.82666 0.912187 0.832959 0.914414 0.836328 0.91707 0.839844 0.920273 0.843848 0.923203 0.850098 0.925547 0.854492 0.926523 0.85791 0.928711 0.862012 0.929688 0.86377 0.930859 0.865723 0.932422 0.865723 0.933594 0.862305 0.932813 0.853516 0.926328 0.838818 0.923555 0.834277 0.917969 0.82666 0.912109 0.817383
1 0.13293 0.578027 0.130547 0.575879 0.12793 0.575098 0.124414 0.575049 0.116016 0.576172 0.103516 0.58252 0.101328 0.584668 0.100391 0.588379 0.102227 0.589893 0.106484 0.589355 0.112578 0.586475 0.117695 0.584033 0.124609 0.58252 0.132266 0.582861 0.134688 0.581982
1 0.978516 0.566895 0.975 0.568848 0.973437 0.570801 0.971094 0.576172 0.969531 0.582471 0.968164 0.586377 0.966797 0.591309 0.966016 0.596191 0.966016 0.600586 0.966797 0.602051 0.967969 0.602051 0.970313 0.599609 0.973047 0.591309 0.975391 0.587402 0.977344 0.578613 0.979688 0.571777 0.979688 0.567871
1 0.020625 0.456543 0.0178516 0.459521 0.01875 0.461377 0.0224609 0.461133 0.0284375 0.460645 0.0327734 0.461768 0.0366797 0.463135 0.0401953 0.465576 0.0460938 0.47168 0.0511719 0.474121 0.0535156 0.474121 0.0570312 0.472656 0.059375 0.470703 0.059375 0.46875 0.0572656 0.466992 0.0526172 0.467139 0.0477734 0.462598 0.0403516 0.454541 0.0330078 0.451611 0.0259766 0.451807
1 0.0566406 0.251465 0.0570312 0.255859 0.0597656 0.26123 0.0621094 0.26416 0.0653516 0.269043 0.0701953 0.275098 0.0733203 0.277734 0.0758203 0.275244 0.0757422 0.271924 0.0755859 0.26582 0.073125 0.262305 0.0674609 0.257178 0.0628906 0.253418 0.0601563 0.250977
1 0.538672 0.09375 0.535937 0.0942383 0.53125 0.0991211 0.530078 0.102051 0.528516 0.103516 0.528125 0.105957 0.526172 0.108398 0.526172 0.109863 0.525 0.111816 0.52332 0.113525 0.521367 0.117383 0.519844 0.118945 0.519141 0.121582 0.520703 0.125 0.521484 0.126465 0.52375 0.125732 0.525 0.123047 0.526172 0.120117 0.528906 0.116699 0.530469 0.113281 0.533984 0.108398 0.534766 0.105957 0.536719 0.103516 0.539453 0.0961914 0.539453 0.0947266
1 0.785937 0.872803 0.785859 0.876221 0.791719 0.882617 0.79457 0.88667 0.796328 0.889307 0.79832 0.892383 0.799922 0.894531 0.801992 0.896387 0.804297 0.897949 0.810156 0.897461 0.810547 0.895996 0.808594 0.89209 0.800039 0.881104 0.797266 0.878906 0.792266 0.872559 0.788984 0.871338
1 0.387344 0.715918 0.387578 0.718701 0.3925 0.722998 0.396094 0.725586 0.404297 0.729492 0.419531 0.72998 0.423047 0.728027 0.422656 0.724609 0.421484 0.723633 0.408984 0.720703 0.405469 0.720703 0.402734 0.719727 0.396719 0.717725 0.390742 0.715674
1 0.967578 0.527832 0.964453 0.52832 0.962891 0.53125 0.965547 0.544189 0.961719 0.560937 0.959766 0.571777 0.961328 0.573242 0.964453 0.572754 0.968359 0.567871 0.972656 0.557129 0.973437 0.547363 0.973047 0.539062 0.971094 0.532715 0.969531 0.529785
1 0.099375 0.58584 0.0949219 0.595215 0.0929688 0.605469 0.0923828 0.613916 0.0949219 0.624023 0.0972656 0.627441 0.102344 0.632324 0.103906 0.632812 0.104688 0.631836 0.104297 0.627441 0.101953 0.623535 0.100781 0.612305 0.10043 0.593115 0.102305 0.587646
1 0.0609375 0.486328 0.059375 0.488281 0.059375 0.491211 0.0589844 0.491699 0.0589844 0.493652 0.0585938 0.494141 0.0585938 0.498047 0.0582031 0.498535 0.0582031 0.501465 0.0578125 0.501953 0.0578125 0.502441 0.0574219 0.50293 0.0574219 0.503418 0.0570312 0.503906 0.0570312 0.505859 0.0566406 0.506348 0.0566406 0.508301 0.05625 0.508789 0.05625 0.509766 0.0558594 0.510254 0.0558594 0.51123 0.0554687 0.511719 0.0554687 0.512207 0.0550781 0.512695 0.0550781 0.513184 0.0539063 0.514648 0.0539063 0.515137 0.05 0.52002 0.0496094 0.52002 0.0484375 0.521484 0.0484375 0.523926 0.0496094 0.525391 0.0519531 0.525391 0.053125 0.523926 0.0535156 0.523926 0.0546875 0.522461 0.0550781 0.522461 0.0578125 0.519043 0.0582031 0.519043 0.0589844 0.518066 0.059375 0.518066 0.0605469 0.516602 0.0609375 0.516602 0.0640625 0.512695 0.0640625 0.512207 0.0652344 0.510742 0.0652344 0.505371 0.0648438 0.504883 0.0648438 0.501465 0.0644531 0.500977 0.0644531 0.490234 0.0636719 0.489258 0.0636719 0.487793 0.0625 0.486328
1 0.0398437 0.20459 0.0394531 0.205078 0.0390625 0.205078 0.0382813 0.206055 0.0378906 0.206055 0.0375 0.206543 0.0371094 0.206543 0.0367188 0.207031 0.0363281 0.207031 0.0335937 0.210449 0.0335937 0.210938 0.0308594 0.214355 0.0308594 0.214844 0.0300781 0.21582 0.0300781 0.216309 0.028125 0.21875 0.028125 0.219238 0.0269531 0.220703 0.0269531 0.22168 0.0265625 0.222168 0.0265625 0.222656 0.0261719 0.223145 0.0261719 0.223633 0.0253906 0.224609 0.0253906 0.225098 0.025 0.225586 0.025 0.227051 0.0246094 0.227539 0.0246094 0.243652 0.0257812 0.245117 0.0277344 0.245117 0.0289063 0.243652 0.0289063 0.239746 0.0292969 0.239258 0.0292969 0.238281 0.0296875 0.237793 0.0296875 0.236816 0.0300781 0.236328 0.0300781 0.23584 0.0304687 0.235352 0.0304687 0.233398 0.0308594 0.23291 0.0308594 0.231934 0.03125 0.231445 0.03125 0.230957 0.0316406 0.230469 0.0316406 0.229492 0.0320312 0.229004 0.0320312 0.228516 0.0324219 0.228027 0.0324219 0.227539 0.0332031 0.226562 0.0332031 0.226074 0.0347656 0.224121 0.0347656 0.223145 0.0363281 0.221191 0.0363281 0.220215 0.0371094 0.219238 0.0371094 0.21875 0.0375 0.218262 0.0375 0.217773 0.0378906 0.217285 0.0378906 0.214844 0.0382813 0.214355 0.0382813 0.213867 0.0394531 0.212402 0.0398437 0.212402 0.0402344 0.211914 0.040625 0.211914 0.0417969 0.210449 0.0417969 0.209473 0.0429688 0.208008 0.0429688 0.206055 0.0417969 0.20459
1 0.0296875 0.242188 0.0285156 0.243652 0.0285156 0.246582 0.028125 0.24707 0.028125 0.251465 0.0285156 0.251953 0.0285156 0.25293 0.0300781 0.254883 0.0300781 0.255371 0.03125 0.256836 0.03125 0.257324 0.0316406 0.257812 0.0316406 0.258301 0.0320312 0.258789 0.0320312 0.259277 0.0324219 0.259766 0.0324219 0.26123 0.0328125 0.261719 0.0328125 0.262695 0.0332031 0.263184 0.0332031 0.26416 0.0339844 0.265137 0.0339844 0.266113 0.0347656 0.26709 0.0347656 0.267578 0.0382813 0.271973 0.0390625 0.271973 0.0394531 0.272461 0.0417969 0.272461 0.0429688 0.270996 0.0429688 0.270508 0.0433594 0.27002 0.0433594 0.269531 0.04375 0.269043 0.04375 0.265625 0.0417969 0.263184 0.0417969 0.258789 0.0421875 0.258301 0.0421875 0.252441 0.0417969 0.251953 0.0417969 0.251465 0.0414062 0.250977 0.0414062 0.250488 0.0386719 0.24707 0.0382813 0.24707 0.0378906 0.246582 0.0367188 0.246582 0.0351562 0.244629 0.0347656 0.244629 0.034375 0.244141 0.0339844 0.244141 0.0335937 0.243652 0.0332031 0.243652 0.0328125 0.243164 0.0320312 0.243164 0.03125 0.242188
1 0.0335937 0.332031 0.0324219 0.333496 0.0324219 0.335449 0.0328125 0.335938 0.0328125 0.339844 0.0320312 0.34082 0.0320312 0.345703 0.0316406 0.346191 0.0316406 0.347656 0.03125 0.348145 0.03125 0.349121 0.0308594 0.349609 0.0308594 0.359375 0.03125 0.359863 0.03125 0.36084 0.0359375 0.366699 0.0363281 0.366699 0.0367188 0.367188 0.0371094 0.367188 0.0375 0.367676 0.0394531 0.367676 0.040625 0.366211 0.040625 0.36377 0.0394531 0.362305 0.0394531 0.361816 0.0386719 0.36084 0.0386719 0.359375 0.0382813 0.358887 0.0382813 0.357422 0.0375 0.356445 0.0375 0.353027 0.0371094 0.352539 0.0371094 0.338379 0.0367188 0.337891 0.0367188 0.333984 0.0351562 0.332031
1 0.0617188 0.478027 0.0613281 0.478516 0.0601563 0.478516 0.059375 0.479492 0.0585938 0.479492 0.0578125 0.480469 0.0566406 0.480469 0.05625 0.480957 0.0558594 0.480957 0.0554687 0.481445 0.0550781 0.481445 0.0546875 0.481934 0.0539063 0.481934 0.053125 0.48291 0.0527344 0.48291 0.0507812 0.485352 0.0503906 0.485352 0.0492187 0.486816 0.0492187 0.487305 0.0484375 0.488281 0.0484375 0.490234 0.0496094 0.491699 0.0523438 0.491699 0.053125 0.490723 0.0539063 0.490723 0.0542969 0.490234 0.0546875 0.490234 0.0550781 0.489746 0.0554687 0.489746 0.0558594 0.489258 0.0566406 0.489258 0.0570312 0.48877 0.0582031 0.48877 0.0585938 0.488281 0.0589844 0.488281 0.059375 0.487793 0.0601563 0.487793 0.0605469 0.487305 0.0617188 0.487305 0.0621094 0.486816 0.0644531 0.486816 0.0648438 0.486328 0.0753906 0.486328 0.0757812 0.48584 0.0761719 0.48584 0.0765625 0.485352 0.0785156 0.485352 0.0789062 0.484863 0.0800781 0.484863 0.0804688 0.484375 0.0824219 0.484375 0.0835937 0.48291 0.0835937 0.480957 0.0824219 0.479492 0.0789062 0.479492 0.0785156 0.47998 0.0769531 0.47998 0.0765625 0.480469 0.0757812 0.480469 0.0753906 0.47998 0.0746094 0.47998 0.0742188 0.479492 0.0738281 0.479492 0.0734375 0.479004 0.0730469 0.479004 0.0726563 0.478516 0.0707031 0.478516 0.0703125 0.478027
1 0.0652344 0.464844 0.0640625 0.466309 0.0640625 0.468262 0.0644531 0.46875 0.0644531 0.469727 0.0648438 0.470215 0.0648438 0.471191 0.0652344 0.47168 0.0652344 0.472168 0.065625 0.472656 0.065625 0.474121 0.0664062 0.475098 0.0664062 0.476074 0.0667969 0.476562 0.0667969 0.479004 0.0671875 0.479492 0.0671875 0.47998 0.0675781 0.480469 0.0675781 0.482422 0.0679687 0.48291 0.0679687 0.483887 0.0683594 0.484375 0.0683594 0.484863 0.06875 0.485352 0.06875 0.48584 0.0691406 0.486328 0.0691406 0.486816 0.0699219 0.487793 0.0699219 0.488281 0.0703125 0.48877 0.0703125 0.489746 0.0707031 0.490234 0.0707031 0.490723 0.0710937 0.491211 0.0710937 0.491699 0.071875 0.492676 0.071875 0.493164 0.0738281 0.495605 0.0742188 0.495605 0.075 0.496582 0.0753906 0.496582 0.0757812 0.49707 0.0761719 0.49707 0.0773438 0.498535 0.0777344 0.498535 0.078125 0.499023 0.0785156 0.499023 0.0789062 0.499512 0.0792969 0.499512 0.0800781 0.500488 0.0808594 0.500488 0.0816406 0.501465 0.0820312 0.501465 0.0824219 0.501953 0.0828125 0.501953 0.0835937 0.50293 0.0839844 0.50293 0.0878906 0.507812 0.0894531 0.507812 0.090625 0.506348 0.090625 0.50293 0.0902344 0.502441 0.0902344 0.501953 0.0898438 0.501465 0.0898438 0.500977 0.0894531 0.500488 0.0894531 0.5 0.0890625 0.499512 0.0890625 0.499023 0.0855469 0.494629 0.0851563 0.494629 0.084375 0.493652 0.0835937 0.493652 0.0824219 0.492188 0.0820312 0.492188 0.08125 0.491211 0.0808594 0.491211 0.0804688 0.490723 0.0800781 0.490723 0.0757812 0.485352 0.0757812 0.484863 0.075 0.483887 0.075 0.483398 0.0742188 0.482422 0.0742188 0.481934 0.0734375 0.480957 0.0734375 0.480469 0.0730469 0.47998 0.0730469 0.479004 0.0722656 0.478027 0.0722656 0.477539 0.071875 0.477051 0.071875 0.476074 0.0714844 0.475586 0.0714844 0.475098 0.0710937 0.474609 0.0710937 0.474121 0.0707031 0.473633 0.0707031 0.473145 0.0703125 0.472656 0.0703125 0.47168 0.0695313 0.470703 0.0695313 0.469727 0.06875 0.46875 0.06875 0.467773 0.0679687 0.466797 0.0679687 0.466309 0.0667969 0.464844
1 0.0304687 0.473633 0.0292969 0.475098 0.0292969 0.477539 0.0300781 0.478516 0.0300781 0.479004 0.0304687 0.479492 0.0308594 0.479492 0.0320312 0.480957 0.0320312 0.481445 0.0324219 0.481934 0.0324219 0.482422 0.0339844 0.484375 0.034375 0.484375 0.0351562 0.485352 0.0355469 0.485352 0.0359375 0.48584 0.0363281 0.48584 0.0371094 0.486816 0.0375 0.486816 0.0386719 0.488281 0.0390625 0.488281 0.0394531 0.48877 0.0402344 0.48877 0.0414062 0.490234 0.0421875 0.490234 0.0445313 0.493164 0.0449219 0.493164 0.0460938 0.494629 0.046875 0.494629 0.0480469 0.496094 0.05 0.496094 0.0507812 0.495117 0.0503906 0.494629 0.0503906 0.494141 0.0488281 0.492188 0.0488281 0.491699 0.0484375 0.491699 0.0445313 0.486816 0.0445313 0.486328 0.04375 0.485352 0.0433594 0.485352 0.0417969 0.483398 0.0417969 0.48291 0.0414062 0.48291 0.0394531 0.480469 0.0394531 0.47998 0.0390625 0.479492 0.0386719 0.479492 0.0382813 0.479004 0.0378906 0.479004 0.0375 0.478516 0.0371094 0.478516 0.0363281 0.477539 0.0359375 0.477539 0.034375 0.475586 0.0339844 0.475586 0.0335937 0.475098 0.0332031 0.475098 0.0320312 0.473633
1 0.0671875 0.499023 0.0660156 0.500488 0.0660156 0.503418 0.065625 0.503906 0.065625 0.508789 0.0675781 0.51123 0.0679687 0.51123 0.0683594 0.511719 0.06875 0.511719 0.0691406 0.512207 0.0695313 0.512207 0.0710937 0.51416 0.0710937 0.514648 0.071875 0.515625 0.071875 0.516113 0.0726563 0.51709 0.0726563 0.517578 0.0730469 0.518066 0.0730469 0.519043 0.0738281 0.52002 0.0738281 0.520996 0.0746094 0.521973 0.0746094 0.522461 0.0753906 0.523438 0.0753906 0.523926 0.0765625 0.525391 0.0800781 0.525391 0.0820312 0.522949 0.0820312 0.518066 0.0808594 0.516602 0.0804688 0.516602 0.0800781 0.516113 0.0796875 0.516113 0.0789062 0.515137 0.0789062 0.514648 0.0765625 0.511719 0.0765625 0.51123 0.0753906 0.509766 0.0753906 0.509277 0.0742188 0.507812 0.0742188 0.507324 0.0734375 0.506348 0.0734375 0.505859 0.0730469 0.505371 0.0730469 0.504395 0.06875 0.499023
1 0.0566406 0.49707 0.0554687 0.498535 0.0554687 0.500488 0.0558594 0.500977 0.0558594 0.505859 0.0566406 0.506836 0.0566406 0.507324 0.0570312 0.507812 0.0570312 0.508301 0.0574219 0.508789 0.0574219 0.509277 0.0582031 0.510254 0.0582031 0.51123 0.059375 0.512695 0.059375 0.513184 0.0601563 0.51416 0.0601563 0.515625 0.0609375 0.516602 0.0609375 0.51709 0.0625 0.519043 0.0625 0.519531 0.0644531 0.521973 0.0648438 0.521973 0.0675781 0.525391 0.0679687 0.525391 0.0695313 0.527344 0.0695313 0.527832 0.0707031 0.529297 0.0710937 0.529297 0.0714844 0.529785 0.071875 0.529785 0.0726563 0.530762 0.0730469 0.530762 0.0742188 0.532227 0.0746094 0.532227 0.075 0.532715 0.0761719 0.532715 0.0765625 0.533203 0.0769531 0.533203 0.0773438 0.533691 0.078125 0.533691 0.0785156 0.53418 0.0792969 0.53418 0.0796875 0.534668 0.0800781 0.534668 0.0804688 0.535156 0.0847656 0.535156 0.0859375 0.533691 0.0859375 0.53125 0.0847656 0.529785 0.084375 0.529785 0.0835937 0.528809 0.0832031 0.528809 0.0824219 0.527832 0.0820312 0.527832 0.0808594 0.526367 0.0804688 0.526367 0.078125 0.523438 0.0777344 0.523438 0.0773438 0.522949 0.0769531 0.522949 0.0753906 0.520996 0.075 0.520996 0.0738281 0.519531 0.0734375 0.519531 0.071875 0.517578 0.0714844 0.517578 0.0703125 0.516113 0.0699219 0.516113 0.0660156 0.51123 0.0660156 0.510742 0.0652344 0.509766 0.0652344 0.509277 0.0640625 0.507812 0.0640625 0.507324 0.0632812 0.506348 0.0632812 0.505859 0.0617188 0.503906 0.0617188 0.503418 0.0609375 0.502441 0.0609375 0.501465 0.0605469 0.500977 0.0605469 0.500488 0.0601563 0.5 0.0601563 0.499512 0.0597656 0.499023 0.0597656 0.498535 0.0585938 0.49707
2 0.0304687 0.493164 0.0296875 0.494141 0.0296875 0.496094 0.03125 0.498047 0.0316406 0.498047 0.0320312 0.498535 0.0324219 0.498535 0.0328125 0.499023 0.0332031 0.499023 0.0339844 0.5 0.0347656 0.5 0.0359375 0.501465 0.0363281 0.501465 0.0390625 0.504883 0.0394531 0.504883 0.0417969 0.507812 0.0421875 0.507812 0.0429688 0.508789 0.0429688 0.509277 0.0449219 0.511719 0.0453125 0.511719 0.0480469 0.515137 0.0484375 0.515137 0.0488281 0.515625 0.0503906 0.515625 0.0515625 0.51416 0.0515625 0.512207 0.05 0.510254 0.05 0.509766 0.0492187 0.508789 0.0492187 0.508301 0.0484375 0.507324 0.0484375 0.506836 0.0464844 0.504395 0.0464844 0.503906 0.0425781 0.499023 0.0421875 0.499023 0.0410156 0.497559 0.040625 0.497559 0.0402344 0.49707 0.0398437 0.49707 0.0394531 0.496582 0.0390625 0.496582 0.0382813 0.495605 0.0375 0.495605 0.0371094 0.495117 0.0363281 0.495117 0.0359375 0.494629 0.0335937 0.494629 0.0332031 0.494141 0.0328125 0.494141 0.0320312 0.493164
2 0.0425781 0.526367 0.0421875 0.526855 0.0417969 0.526855 0.0414062 0.527344 0.0410156 0.527344 0.0394531 0.529297 0.0394531 0.529785 0.0371094 0.532715 0.0367188 0.532715 0.0316406 0.539062 0.0316406 0.539551 0.0289063 0.542969 0.0289063 0.543457 0.0285156 0.543945 0.0285156 0.551758 0.028125 0.552246 0.028125 0.553223 0.0273438 0.554199 0.0273438 0.555176 0.0265625 0.556152 0.0265625 0.556641 0.0261719 0.557129 0.0257812 0.557129 0.0246094 0.558594 0.0246094 0.563477 0.0257812 0.564941 0.0292969 0.564941 0.0304687 0.563477 0.0304687 0.562988 0.0308594 0.5625 0.0308594 0.560059 0.03125 0.55957 0.03125 0.558594 0.0316406 0.558105 0.0316406 0.555176 0.0320312 0.554688 0.0320312 0.553711 0.0324219 0.553223 0.0324219 0.551758 0.0328125 0.55127 0.0328125 0.550293 0.0332031 0.549805 0.0332031 0.549316 0.0335937 0.548828 0.0335937 0.547852 0.034375 0.546875 0.034375 0.546387 0.0351562 0.54541 0.0351562 0.544922 0.0359375 0.543945 0.0359375 0.543457 0.0367188 0.54248 0.0367188 0.541992 0.0371094 0.541504 0.0371094 0.541016 0.0378906 0.540039 0.0378906 0.539551 0.0382813 0.539062 0.0382813 0.538574 0.0390625 0.537598 0.0390625 0.537109 0.0414062 0.53418 0.0414062 0.533691 0.0421875 0.532715 0.0421875 0.532227 0.0429688 0.53125 0.0433594 0.53125 0.04375 0.530762 0.0441406 0.530762 0.0445313 0.530273 0.0449219 0.530273 0.0457031 0.529297 0.0457031 0.527344 0.0449219 0.526367
1 0.0128906 0.518066 0.0121094 0.519043 0.0121094 0.521973 0.0125 0.522461 0.0125 0.523438 0.0132812 0.524414 0.0132812 0.524902 0.0136719 0.525391 0.0136719 0.525879 0.0144531 0.526855 0.0144531 0.527832 0.0148437 0.52832 0.0148437 0.528809 0.0152344 0.529297 0.0152344 0.529785 0.0160156 0.530762 0.0160156 0.53125 0.0164063 0.531738 0.0164063 0.532715 0.0167969 0.533203 0.0167969 0.533691 0.0171875 0.53418 0.0171875 0.536621 0.0175781 0.537109 0.0175781 0.538574 0.0179687 0.539062 0.0179687 0.540527 0.0183594 0.541016 0.0183594 0.543457 0.01875 0.543945 0.01875 0.555664 0.0191406 0.556152 0.0191406 0.55957 0.0195312 0.560059 0.0195312 0.563965 0.0203125 0.564941 0.021875 0.564941 0.0226562 0.563965 0.0226562 0.562988 0.0230469 0.5625 0.0230469 0.549316 0.0226562 0.548828 0.0226562 0.538574 0.0222656 0.538086 0.0222656 0.536621 0.021875 0.536133 0.021875 0.535156 0.0214844 0.534668 0.0214844 0.532227 0.0210938 0.531738 0.0210938 0.53125 0.0207031 0.530762 0.0207031 0.530273 0.0203125 0.529785 0.0203125 0.528809 0.0199219 0.52832 0.0199219 0.527832 0.01875 0.526367 0.01875 0.525391 0.0171875 0.523438 0.0171875 0.522949 0.0160156 0.521484 0.0160156 0.520508 0.015625 0.52002 0.015625 0.519531 0.0144531 0.518066
2 0.015625 0.498535 0.0148437 0.499512 0.0148437 0.5 0.0144531 0.500488 0.0144531 0.501953 0.0140625 0.502441 0.0140625 0.507324 0.0144531 0.507812 0.0144531 0.508301 0.0148437 0.508789 0.0148437 0.509766 0.0152344 0.510254 0.0152344 0.510742 0.015625 0.51123 0.015625 0.511719 0.0160156 0.512207 0.0160156 0.512695 0.0164063 0.513184 0.0164063 0.513672 0.0167969 0.51416 0.0167969 0.514648 0.0175781 0.515625 0.0175781 0.516602 0.0179687 0.51709 0.0179687 0.517578 0.0183594 0.518066 0.0183594 0.518555 0.01875 0.519043 0.01875 0.52002 0.0191406 0.520508 0.0191406 0.521484 0.0195312 0.521973 0.0195312 0.523438 0.0199219 0.523926 0.0199219 0.525391 0.0203125 0.525879 0.0203125 0.529297 0.0207031 0.529785 0.0207031 0.530762 0.0214844 0.531738 0.0238281 0.531738 0.0246094 0.530762 0.0246094 0.521484 0.0242188 0.520996 0.0242188 0.52002 0.0238281 0.519531 0.0238281 0.519043 0.0234375 0.518555 0.0234375 0.518066 0.0230469 0.517578 0.0230469 0.51709 0.0222656 0.516113 0.0222656 0.515137 0.021875 0.514648 0.021875 0.51416 0.0214844 0.513672 0.0214844 0.513184 0.0210938 0.512695 0.0210938 0.512207 0.0207031 0.511719 0.0207031 0.51123 0.0203125 0.510742 0.0203125 0.510254 0.0199219 0.509766 0.0199219 0.509277 0.0191406 0.508301 0.0191406 0.507812 0.01875 0.507324 0.01875 0.506836 0.0183594 0.506348 0.0183594 0.505371 0.0171875 0.503906 0.0175781 0.503418 0.0175781 0.502441 0.0179687 0.501953 0.0179687 0.499512 0.0171875 0.498535
2 0.0175781 0.480469 0.0167969 0.481445 0.0167969 0.48584 0.0171875 0.486328 0.0171875 0.487305 0.0179687 0.488281 0.0183594 0.488281 0.01875 0.48877 0.0191406 0.48877 0.0195312 0.489258 0.0199219 0.489258 0.021875 0.491699 0.0222656 0.491699 0.0226562 0.492188 0.0226562 0.492676 0.0246094 0.495117 0.0265625 0.495117 0.0273438 0.494141 0.0273438 0.492188 0.0257812 0.490234 0.0257812 0.489746 0.0246094 0.488281 0.0246094 0.487793 0.0234375 0.486328 0.0234375 0.48584 0.0207031 0.482422 0.0203125 0.482422 0.0199219 0.481934 0.0199219 0.481445 0.0191406 0.480469
2 0.021875 0.461914 0.0214844 0.462402 0.0207031 0.462402 0.0195312 0.463867 0.0195312 0.464844 0.0191406 0.465332 0.0191406 0.467285 0.0199219 0.468262 0.0207031 0.468262 0.0210938 0.46875 0.0210938 0.469238 0.0214844 0.469727 0.0214844 0.470215 0.021875 0.470703 0.021875 0.471191 0.0234375 0.473145 0.0234375 0.474121 0.025 0.476074 0.0265625 0.476074 0.0273438 0.475098 0.0273438 0.472656 0.0265625 0.47168 0.0265625 0.471191 0.0257812 0.470215 0.0257812 0.469727 0.025 0.46875 0.025 0.468262 0.0246094 0.467773 0.0246094 0.466797 0.0242188 0.466309 0.0242188 0.462891 0.0234375 0.461914
1 0.0179687 0.376465 0.0175781 0.376953 0.0171875 0.376953 0.0160156 0.378418 0.0152344 0.378418 0.0144531 0.379395 0.0144531 0.379883 0.0132812 0.381348 0.0132812 0.383301 0.0140625 0.384277 0.0191406 0.384277 0.0195312 0.383789 0.0203125 0.383789 0.0207031 0.383301 0.0226562 0.383301 0.0234375 0.382324 0.0242188 0.382324 0.025 0.381348 0.0253906 0.381348 0.0261719 0.380371 0.0261719 0.378418 0.0257812 0.37793 0.0257812 0.377441 0.0253906 0.377441 0.025 0.376953 0.0222656 0.376953 0.021875 0.376465
1 0 0.229004 0 0.240234 0.00351563 0.244629 0.00390625 0.244629 0.00429688 0.245117 0.00664062 0.245117 0.00742187 0.246094 0.00820313 0.246094 0.00898437 0.24707 0.00976562 0.24707 0.0101563 0.247559 0.0121094 0.247559 0.0128906 0.246582 0.0128906 0.244629 0.0125 0.244141 0.0125 0.243164 0.0117188 0.242188 0.0117188 0.241699 0.0105469 0.240234 0.00976562 0.240234 0.009375 0.239746 0.00898437 0.239746 0.00859375 0.239258 0.00820313 0.239258 0.0078125 0.23877 0.00703125 0.23877 0.00664062 0.238281 0.00664062 0.237793 0.00507813 0.23584 0.00507813 0.235352 0.0046875 0.234863 0.0046875 0.234375 0.00390625 0.233398 0.00390625 0.23291 0.00273437 0.231445 0.00273437 0.230957 0.00117187 0.229004
1 0.0527344 0.193359 0.0519531 0.194336 0.0519531 0.199707 0.0523438 0.200195 0.0523438 0.201172 0.0535156 0.202637 0.0539063 0.202637 0.0550781 0.204102 0.0554687 0.204102 0.0558594 0.20459 0.05625 0.20459 0.0566406 0.205078 0.0574219 0.205078 0.0578125 0.205566 0.0582031 0.205566 0.0585938 0.206055 0.0589844 0.206055 0.0605469 0.208008 0.0609375 0.208008 0.0625 0.209961 0.0628906 0.209961 0.0632812 0.210449 0.0636719 0.210449 0.0644531 0.211426 0.0648438 0.211426 0.065625 0.212402 0.0660156 0.212402 0.0671875 0.213867 0.0675781 0.213867 0.0679687 0.214355 0.06875 0.214355 0.0699219 0.21582 0.0703125 0.21582 0.0707031 0.216309 0.0710937 0.216309 0.071875 0.217285 0.0722656 0.217285 0.0726563 0.217773 0.0730469 0.217773 0.0746094 0.219727 0.075 0.219727 0.0769531 0.222168 0.0769531 0.222656 0.0808594 0.227539 0.08125 0.227539 0.0816406 0.228027 0.0839844 0.228027 0.0847656 0.227051 0.0847656 0.224609 0.084375 0.224121 0.084375 0.223145 0.0835937 0.222168 0.0835937 0.22168 0.0828125 0.220703 0.0828125 0.220215 0.0808594 0.217773 0.0804688 0.217773 0.0777344 0.214355 0.0773438 0.214355 0.0761719 0.212891 0.0757812 0.212891 0.0746094 0.211426 0.0742188 0.211426 0.0738281 0.210938 0.0734375 0.210938 0.0726563 0.209961 0.071875 0.209961 0.0714844 0.209473 0.0710937 0.209473 0.0707031 0.208984 0.0703125 0.208984 0.0699219 0.208496 0.0695313 0.208496 0.0691406 0.208008 0.06875 0.208008 0.0679687 0.207031 0.0671875 0.207031 0.0664062 0.206055 0.065625 0.206055 0.0648438 0.205078 0.0644531 0.205078 0.0636719 0.204102 0.0632812 0.204102 0.0628906 0.203613 0.0625 0.203613 0.0617188 0.202637 0.0609375 0.202637 0.0605469 0.202148 0.0601563 0.202148 0.0597656 0.20166 0.059375 0.20166 0.0585938 0.200684 0.0578125 0.200684 0.0570312 0.199707 0.0566406 0.199707 0.0554687 0.198242 0.0554687 0.197754 0.0550781 0.197266 0.0550781 0.194336 0.0542969 0.193359
1 0.337109 0.0791016 0.335156 0.081543 0.335156 0.0820312 0.334766 0.0825195 0.334766 0.090332 0.335156 0.0908203 0.335156 0.125488 0.335938 0.126465 0.3375 0.126465 0.338281 0.125488 0.338281 0.125 0.338672 0.124512 0.338672 0.123047 0.339062 0.122559 0.339062 0.121582 0.339453 0.121094 0.339453 0.112305 0.339844 0.111816 0.339844 0.108887 0.340234 0.108398 0.340234 0.10791 0.340625 0.107422 0.340625 0.106445 0.341016 0.105957 0.341016 0.0859375 0.340625 0.0854492 0.340625 0.0839844 0.340234 0.0834961 0.340234 0.0825195 0.339844 0.0820312 0.339844 0.0800781 0.339062 0.0791016
1 0.0214844 0.579102 0.0207031 0.580078 0.0207031 0.580566 0.0203125 0.581055 0.0203125 0.581543 0.0191406 0.583008 0.0191406 0.584961 0.0183594 0.585938 0.0183594 0.586914 0.0179687 0.587402 0.0179687 0.588867 0.0175781 0.589355 0.0175781 0.592285 0.0171875 0.592773 0.0171875 0.606445 0.0175781 0.606934 0.0175781 0.60791 0.0179687 0.608398 0.0179687 0.609375 0.0183594 0.609863 0.0183594 0.610352 0.01875 0.61084 0.01875 0.611328 0.0191406 0.611816 0.0191406 0.612793 0.0195312 0.613281 0.0195312 0.61377 0.0199219 0.614258 0.0199219 0.614746 0.0207031 0.615723 0.0207031 0.616211 0.021875 0.617676 0.0222656 0.617676 0.0230469 0.618652 0.0234375 0.618652 0.0242188 0.619629 0.0246094 0.619629 0.025 0.620117 0.0257812 0.620117 0.0261719 0.620605 0.0328125 0.620605 0.0335937 0.619629 0.0335937 0.617676 0.0324219 0.616211 0.0320312 0.616211 0.0308594 0.614746 0.0304687 0.614746 0.0253906 0.608398 0.0253906 0.60791 0.0246094 0.606934 0.0246094 0.606445 0.0242188 0.605957 0.0242188 0.604492 0.0238281 0.604004 0.0238281 0.602539 0.0234375 0.602051 0.0234375 0.600098 0.0230469 0.599609 0.0230469 0.597656 0.0226562 0.597168 0.0226562 0.594238 0.0222656 0.59375 0.0222656 0.584961 0.0238281 0.583008 0.0238281 0.58252 0.0242188 0.582031 0.0242188 0.580078 0.0234375 0.579102
1 0.0191406 0.6875 0.01875 0.687988 0.0164063 0.687988 0.015625 0.688965 0.015625 0.689453 0.0152344 0.689941 0.0152344 0.690918 0.0148437 0.691406 0.0148437 0.692871 0.0144531 0.693359 0.0144531 0.706055 0.0148437 0.706543 0.0148437 0.709473 0.0152344 0.709961 0.0152344 0.711914 0.015625 0.712402 0.015625 0.713379 0.0160156 0.713867 0.0160156 0.714844 0.0164063 0.715332 0.0164063 0.719238 0.0167969 0.719727 0.0167969 0.720215 0.0171875 0.720703 0.0171875 0.72168 0.0175781 0.722168 0.0175781 0.722656 0.0179687 0.723145 0.0179687 0.725586 0.0183594 0.726074 0.0183594 0.726562 0.0195312 0.728027 0.0214844 0.728027 0.0222656 0.727051 0.0222656 0.723633 0.021875 0.723145 0.021875 0.72168 0.0214844 0.721191 0.0214844 0.710449 0.0210938 0.709961 0.0210938 0.708496 0.0207031 0.708008 0.0207031 0.706543 0.0203125 0.706055 0.0203125 0.692383 0.0207031 0.691895 0.0207031 0.691406 0.0214844 0.69043 0.0214844 0.688477 0.0207031 0.6875
1 0.0101563 0.672363 0.00976562 0.672852 0.00820313 0.672852 0.0078125 0.67334 0.00625 0.67334 0.00585938 0.673828 0.00507813 0.673828 0.0046875 0.674316 0.00429688 0.674316 0.00390625 0.674805 0.00351563 0.674805 0.00273437 0.675781 0.00273437 0.677734 0.00351563 0.678711 0.00585938 0.678711 0.00625 0.678223 0.0105469 0.678223 0.0109375 0.678711 0.0140625 0.678711 0.0144531 0.679199 0.0148437 0.679199 0.0152344 0.679688 0.015625 0.679688 0.0164063 0.680664 0.0167969 0.680664 0.0175781 0.681641 0.0179687 0.681641 0.01875 0.682617 0.0191406 0.682617 0.0199219 0.683594 0.0203125 0.683594 0.0210938 0.68457 0.0214844 0.68457 0.0242188 0.687988 0.0257812 0.687988 0.0265625 0.687012 0.0265625 0.68457 0.0257812 0.683594 0.0257812 0.683105 0.0253906 0.682617 0.0253906 0.681641 0.025 0.681152 0.025 0.680664 0.0246094 0.680176 0.0246094 0.679688 0.0242188 0.679199 0.0242188 0.678711 0.0238281 0.678223 0.0238281 0.677734 0.0230469 0.676758 0.0230469 0.67627 0.0222656 0.675293 0.021875 0.675293 0.0210938 0.674316 0.0207031 0.674316 0.0203125 0.673828 0.0199219 0.673828 0.0195312 0.67334 0.0191406 0.67334 0.01875 0.672852 0.0183594 0.672852 0.0179687 0.672363
1 0.0375 0.671387 0.0367188 0.672363 0.0367188 0.674316 0.0371094 0.674805 0.0371094 0.675293 0.0394531 0.678223 0.0394531 0.678711 0.0390625 0.679199 0.0390625 0.679688 0.0382813 0.680664 0.0382813 0.681152 0.0367188 0.683105 0.0367188 0.683594 0.0351562 0.685547 0.0351562 0.686523 0.034375 0.6875 0.034375 0.687988 0.0335937 0.688965 0.0335937 0.689453 0.0332031 0.689941 0.0332031 0.69043 0.0328125 0.690918 0.0328125 0.691406 0.0316406 0.692871 0.0316406 0.693359 0.03125 0.693848 0.03125 0.694336 0.0300781 0.695801 0.0300781 0.696289 0.0296875 0.696777 0.0296875 0.697754 0.0285156 0.699219 0.0285156 0.699707 0.0269531 0.70166 0.0269531 0.703613 0.0277344 0.70459 0.0296875 0.70459 0.0300781 0.704102 0.0300781 0.703613 0.0304687 0.703125 0.0304687 0.702637 0.0316406 0.701172 0.0316406 0.700684 0.0324219 0.699707 0.0328125 0.699707 0.0339844 0.698242 0.0339844 0.697754 0.0363281 0.694824 0.0363281 0.694336 0.0367188 0.693848 0.0371094 0.693848 0.0371094 0.693359 0.0378906 0.692383 0.0382813 0.692383 0.0390625 0.691406 0.0390625 0.690918 0.0394531 0.69043 0.0394531 0.689941 0.0414062 0.6875 0.0417969 0.6875 0.0425781 0.686523 0.0429688 0.686523 0.0441406 0.685059 0.0441406 0.68457 0.0445313 0.684082 0.0445313 0.683594 0.0449219 0.683105 0.0449219 0.682617 0.0453125 0.682129 0.0453125 0.675781 0.0445313 0.674805 0.0445313 0.674316 0.04375 0.67334 0.0433594 0.67334 0.0425781 0.672363 0.0421875 0.672363 0.0417969 0.671875 0.0402344 0.671875 0.0398437 0.671387
1 0.0265625 0.678711 0.0257812 0.679688 0.0257812 0.686035 0.0265625 0.687012 0.0277344 0.687012 0.0292969 0.688965 0.0292969 0.689453 0.0296875 0.689941 0.0296875 0.69043 0.0300781 0.690918 0.0300781 0.692871 0.0304687 0.693359 0.0304687 0.693848 0.03125 0.694824 0.0332031 0.694824 0.034375 0.693359 0.034375 0.687012 0.0335937 0.686035 0.0335937 0.685547 0.0328125 0.68457 0.0324219 0.68457 0.0320312 0.684082 0.0316406 0.684082 0.0296875 0.681641 0.0296875 0.681152 0.0292969 0.680664 0.0292969 0.680176 0.028125 0.678711
1 0.0414062 0.652832 0.040625 0.653809 0.040625 0.661621 0.0421875 0.663574 0.0421875 0.664062 0.04375 0.666016 0.04375 0.666504 0.0441406 0.666992 0.0441406 0.66748 0.0445313 0.667969 0.0445313 0.668457 0.0449219 0.668945 0.0449219 0.669434 0.0453125 0.669922 0.0453125 0.670898 0.0457031 0.671387 0.0457031 0.671875 0.0460938 0.672363 0.0460938 0.673828 0.0464844 0.674316 0.0464844 0.692383 0.046875 0.692871 0.046875 0.693359 0.0476562 0.694336 0.0492187 0.694336 0.05 0.693359 0.05 0.692871 0.0515625 0.690918 0.0515625 0.687988 0.0519531 0.6875 0.0519531 0.685547 0.0523438 0.685059 0.0523438 0.677734 0.0519531 0.677246 0.0519531 0.675781 0.0515625 0.675293 0.0515625 0.673828 0.0511719 0.67334 0.0511719 0.672852 0.0507812 0.672363 0.0507812 0.671387 0.0503906 0.670898 0.0503906 0.669922 0.05 0.669434 0.05 0.668945 0.0496094 0.668457 0.0496094 0.66748 0.0492187 0.666992 0.0492187 0.666504 0.0488281 0.666016 0.0488281 0.665527 0.0476562 0.664062 0.0476562 0.663574 0.0453125 0.660645 0.0449219 0.660645 0.0445313 0.660156 0.0445313 0.659668 0.0441406 0.65918 0.0441406 0.658691 0.04375 0.658203 0.04375 0.653809 0.0429688 0.652832
1 0.0570312 0.666016 0.0550781 0.668457 0.0550781 0.668945 0.0515625 0.67334 0.0515625 0.673828 0.0507812 0.674805 0.0507812 0.677246 0.0503906 0.677734 0.0503906 0.681641 0.0507812 0.682129 0.0507812 0.683594 0.0511719 0.684082 0.0511719 0.68457 0.0515625 0.685059 0.0515625 0.685547 0.0519531 0.686035 0.0519531 0.686523 0.0523438 0.687012 0.0523438 0.6875 0.0527344 0.687988 0.0527344 0.688477 0.0539063 0.689941 0.0539063 0.69043 0.0554687 0.692383 0.0558594 0.692383 0.0570312 0.693848 0.0574219 0.693848 0.0578125 0.694336 0.0578125 0.695312 0.0582031 0.695801 0.0582031 0.696777 0.0578125 0.697266 0.0578125 0.698242 0.05625 0.700195 0.05625 0.700684 0.0558594 0.701172 0.0558594 0.703613 0.0566406 0.70459 0.0585938 0.70459 0.0589844 0.704102 0.059375 0.704102 0.0597656 0.703613 0.0601563 0.703613 0.0609375 0.702637 0.0613281 0.702637 0.0625 0.701172 0.0625 0.700684 0.0628906 0.700195 0.0628906 0.699707 0.0632812 0.699219 0.0632812 0.697266 0.0636719 0.696777 0.0636719 0.692871 0.0632812 0.692383 0.0632812 0.691406 0.0628906 0.690918 0.0628906 0.69043 0.059375 0.686035 0.059375 0.685547 0.0582031 0.684082 0.0582031 0.683105 0.0574219 0.682129 0.0574219 0.681641 0.0570312 0.681152 0.0570312 0.679688 0.0566406 0.679199 0.0566406 0.677734 0.0570312 0.677246 0.0570312 0.67627 0.0574219 0.675781 0.0574219 0.674805 0.0578125 0.674316 0.0578125 0.67334 0.0582031 0.672852 0.0582031 0.671875 0.0589844 0.670898 0.0589844 0.67041 0.0601563 0.668945 0.0601563 0.666992 0.059375 0.666016
1 0.0625 0.661133 0.0605469 0.663574 0.0605469 0.665039 0.0601563 0.665527 0.0601563 0.670898 0.0605469 0.671387 0.0605469 0.672852 0.0609375 0.67334 0.0609375 0.674805 0.0613281 0.675293 0.0613281 0.675781 0.0617188 0.67627 0.0617188 0.677246 0.0621094 0.677734 0.0621094 0.678711 0.0625 0.679199 0.0625 0.680664 0.0628906 0.681152 0.0628906 0.681641 0.0632812 0.682129 0.0632812 0.684082 0.0636719 0.68457 0.0636719 0.686035 0.0640625 0.686523 0.0640625 0.687012 0.0644531 0.6875 0.0644531 0.687988 0.0652344 0.688965 0.0652344 0.689453 0.065625 0.689941 0.065625 0.69043 0.0667969 0.691895 0.06875 0.691895 0.0695313 0.690918 0.0695313 0.684082 0.0691406 0.683594 0.0691406 0.682617 0.06875 0.682129 0.06875 0.681641 0.0683594 0.681152 0.0683594 0.680664 0.0679687 0.680176 0.0679687 0.679688 0.0675781 0.679199 0.0675781 0.678711 0.0671875 0.678223 0.0671875 0.677246 0.0667969 0.676758 0.0667969 0.675781 0.0664062 0.675293 0.0664062 0.674316 0.0660156 0.673828 0.0660156 0.67334 0.065625 0.672852 0.065625 0.671387 0.0652344 0.670898 0.0652344 0.669922 0.0648438 0.669434 0.0648438 0.66748 0.0644531 0.666992 0.0644531 0.665039 0.0652344 0.664062 0.0652344 0.662109 0.0644531 0.661133
1 0.015625 0.92041 0.0132812 0.92334 0.0128906 0.92334 0.0121094 0.924316 0.0117188 0.924316 0.00976562 0.926758 0.00976562 0.927246 0.009375 0.927734 0.009375 0.928223 0.00859375 0.929199 0.00859375 0.930176 0.00820313 0.930664 0.00820313 0.931641 0.0078125 0.932129 0.0078125 0.933105 0.00742187 0.933594 0.00742187 0.942871 0.0078125 0.943359 0.0078125 0.944336 0.00820313 0.944824 0.00820313 0.945312 0.00859375 0.945801 0.00859375 0.946289 0.009375 0.947266 0.009375 0.948242 0.0101563 0.949219 0.0101563 0.949707 0.0109375 0.950684 0.0109375 0.951172 0.0117188 0.952148 0.0117188 0.952637 0.0128906 0.954102 0.0128906 0.95459 0.0144531 0.956543 0.0144531 0.957031 0.0183594 0.961914 0.0207031 0.961914 0.0214844 0.960938 0.0214844 0.957031 0.0207031 0.956055 0.0207031 0.955566 0.0195312 0.954102 0.0191406 0.954102 0.01875 0.953613 0.01875 0.953125 0.0171875 0.951172 0.0171875 0.950684 0.0164063 0.949707 0.0164063 0.949219 0.015625 0.948242 0.015625 0.947754 0.0152344 0.947266 0.0152344 0.946289 0.0148437 0.945801 0.0148437 0.945312 0.0144531 0.944824 0.0144531 0.943848 0.0140625 0.943359 0.0140625 0.941895 0.0136719 0.941406 0.0136719 0.931152 0.0140625 0.930664 0.0140625 0.929688 0.0144531 0.929199 0.0144531 0.928223 0.0148437 0.927734 0.0148437 0.927246 0.0152344 0.926758 0.015625 0.926758 0.0183594 0.92334 0.0183594 0.921387 0.0175781 0.92041
1 0.0519531 0.956543 0.0515625 0.957031 0.0503906 0.957031 0.05 0.95752 0.0492187 0.95752 0.0484375 0.958496 0.0480469 0.958496 0.046875 0.959961 0.0464844 0.959961 0.0457031 0.960938 0.0453125 0.960938 0.0441406 0.962402 0.0433594 0.962402 0.0425781 0.963379 0.0417969 0.963379 0.0414062 0.963867 0.040625 0.963867 0.0398437 0.964844 0.0390625 0.964844 0.0386719 0.965332 0.0375 0.965332 0.0371094 0.96582 0.0242188 0.96582 0.0234375 0.966797 0.0234375 0.967285 0.0230469 0.967773 0.0230469 0.971191 0.0242188 0.972656 0.0246094 0.972656 0.025 0.973145 0.0257812 0.973145 0.0261719 0.973633 0.0371094 0.973633 0.0375 0.973145 0.0402344 0.973145 0.040625 0.972656 0.0417969 0.972656 0.0421875 0.972168 0.0425781 0.972168 0.0429688 0.97168 0.0433594 0.97168 0.04375 0.971191 0.0441406 0.971191 0.0453125 0.969727 0.0457031 0.969727 0.0460938 0.969238 0.0464844 0.969238 0.0472656 0.968262 0.0476562 0.968262 0.0488281 0.966797 0.0496094 0.966797 0.05 0.966309 0.0503906 0.966309 0.0515625 0.964844 0.0519531 0.964844 0.0527344 0.963867 0.053125 0.963867 0.0539063 0.962891 0.0542969 0.962891 0.0558594 0.960938 0.0558594 0.958008 0.0550781 0.957031 0.0546875 0.957031 0.0542969 0.956543
1 0.0574219 0.958984 0.0554687 0.961426 0.0554687 0.961914 0.0542969 0.963379 0.0535156 0.963379 0.0503906 0.967285 0.0503906 0.967773 0.0480469 0.970703 0.0480469 0.971191 0.0472656 0.972168 0.0472656 0.972656 0.0464844 0.973633 0.0464844 0.974121 0.0460938 0.974609 0.0460938 0.975098 0.0457031 0.975586 0.0457031 0.976074 0.0449219 0.977051 0.0449219 0.978027 0.0441406 0.979004 0.0441406 0.979492 0.0433594 0.980469 0.0433594 0.980957 0.0417969 0.98291 0.0417969 0.983398 0.0410156 0.984375 0.0410156 0.985352 0.0402344 0.986328 0.0402344 0.986816 0.0394531 0.987793 0.0394531 0.988281 0.0382813 0.989746 0.0382813 0.990234 0.0378906 0.990723 0.0378906 0.991211 0.0371094 0.992188 0.0371094 0.992676 0.0355469 0.994629 0.0355469 0.995117 0.0351562 0.995605 0.0351562 0.996094 0.0347656 0.996582 0.0347656 0.999023 0.0351562 0.999512 0.0378906 0.999512 0.0429688 0.993164 0.0429688 0.992676 0.04375 0.991699 0.04375 0.990723 0.0445313 0.989746 0.0445313 0.989258 0.0453125 0.988281 0.0453125 0.987793 0.0460938 0.986816 0.0460938 0.986328 0.0464844 0.98584 0.0464844 0.985352 0.0511719 0.979492 0.0515625 0.979492 0.0523438 0.978516 0.0523438 0.978027 0.0535156 0.976562 0.0539063 0.976562 0.0589844 0.970215 0.0589844 0.969727 0.059375 0.969238 0.059375 0.967773 0.0597656 0.967285 0.0597656 0.966309 0.0601563 0.96582 0.0601563 0.959961 0.059375 0.958984
1 0.0726563 0.92041 0.0722656 0.920898 0.071875 0.920898 0.0714844 0.921387 0.0710937 0.921387 0.0703125 0.922363 0.0699219 0.922363 0.0679687 0.924805 0.0679687 0.925293 0.0667969 0.926758 0.0667969 0.927246 0.0660156 0.928223 0.0660156 0.928711 0.065625 0.929199 0.065625 0.929688 0.0652344 0.930176 0.0652344 0.930664 0.0648438 0.931152 0.0648438 0.931641 0.0644531 0.932129 0.0644531 0.933105 0.0640625 0.933594 0.0640625 0.934082 0.0636719 0.93457 0.0636719 0.935547 0.0632812 0.936035 0.0632812 0.936523 0.0628906 0.937012 0.0628906 0.9375 0.0625 0.937988 0.0625 0.938477 0.0621094 0.938965 0.0621094 0.94043 0.0613281 0.941406 0.0613281 0.942383 0.0609375 0.942871 0.0609375 0.943848 0.0605469 0.944336 0.0605469 0.945312 0.0601563 0.945801 0.0601563 0.946289 0.0597656 0.946777 0.0597656 0.947754 0.059375 0.948242 0.059375 0.94873 0.0589844 0.949219 0.0589844 0.951172 0.0585938 0.95166 0.0585938 0.955078 0.059375 0.956055 0.0609375 0.956055 0.0621094 0.95459 0.0621094 0.953613 0.0628906 0.952637 0.0628906 0.95166 0.0632812 0.951172 0.0632812 0.950684 0.0636719 0.950195 0.0636719 0.949707 0.0652344 0.947754 0.0652344 0.947266 0.065625 0.946777 0.065625 0.946289 0.0664062 0.945312 0.0664062 0.944824 0.0667969 0.944336 0.0667969 0.943848 0.0679687 0.942383 0.0679687 0.941895 0.0691406 0.94043 0.0691406 0.939941 0.0703125 0.938477 0.0703125 0.9375 0.0714844 0.936035 0.0714844 0.935547 0.0722656 0.93457 0.0722656 0.934082 0.0730469 0.933105 0.0730469 0.932617 0.0734375 0.932129 0.0734375 0.931641 0.0757812 0.928711 0.0761719 0.928711 0.0765625 0.928223 0.0773438 0.928223 0.078125 0.927246 0.0785156 0.927246 0.0789062 0.926758 0.08125 0.926758 0.0816406 0.92627 0.0828125 0.92627 0.0832031 0.925781 0.0839844 0.925781 0.0847656 0.924805 0.0847656 0.922852 0.0839844 0.921875 0.0820312 0.921875 0.0816406 0.921387 0.0796875 0.921387 0.0792969 0.920898 0.0785156 0.920898 0.078125 0.92041
1 0.0734375 0.914062 0.0730469 0.914551 0.0726563 0.914551 0.0722656 0.915039 0.071875 0.915039 0.0710937 0.916016 0.0707031 0.916016 0.0691406 0.917969 0.0675781 0.917969 0.0667969 0.918945 0.0667969 0.920898 0.0675781 0.921875 0.0710937 0.921875 0.0714844 0.922363 0.0722656 0.922363 0.0726563 0.922852 0.0742188 0.922852 0.0746094 0.92334 0.0757812 0.92334 0.0761719 0.923828 0.0933594 0.923828 0.09375 0.924316 0.0957031 0.924316 0.0960938 0.924805 0.0996094 0.924805 0.1 0.924316 0.101562 0.924316 0.101953 0.923828 0.102344 0.923828 0.103516 0.922363 0.103516 0.919434 0.102734 0.918457 0.101953 0.918457 0.101562 0.917969 0.101172 0.917969 0.100781 0.91748 0.0992187 0.91748 0.0988281 0.916992 0.0933594 0.916992 0.0929688 0.916504 0.0914062 0.916504 0.0910156 0.916016 0.090625 0.916016 0.0902344 0.915527 0.0875 0.915527 0.0871094 0.915039 0.0859375 0.915039 0.0855469 0.914551 0.0839844 0.914551 0.0835937 0.914062
1 0.160938 0.842773 0.160547 0.843262 0.159766 0.843262 0.159375 0.84375 0.158203 0.84375 0.157812 0.844238 0.156641 0.844238 0.15625 0.844727 0.155078 0.844727 0.154688 0.845215 0.154297 0.845215 0.153516 0.846191 0.153125 0.846191 0.152344 0.847168 0.152344 0.847656 0.151953 0.848145 0.151953 0.848633 0.151562 0.849121 0.151562 0.849609 0.151172 0.850098 0.151172 0.853516 0.151953 0.854492 0.154297 0.854492 0.155078 0.853516 0.155469 0.853516 0.155859 0.853027 0.15625 0.853027 0.157422 0.851562 0.157812 0.851562 0.158203 0.851074 0.158594 0.851074 0.158984 0.850586 0.159375 0.850586 0.159766 0.850098 0.160156 0.850098 0.160547 0.849609 0.161719 0.849609 0.162109 0.849121 0.1625 0.849121 0.162891 0.848633 0.166797 0.848633 0.167187 0.849121 0.167969 0.849121 0.168359 0.849609 0.16875 0.849609 0.169141 0.850098 0.169531 0.850098 0.170313 0.851074 0.171094 0.851074 0.171484 0.851562 0.171875 0.851562 0.172656 0.852539 0.173047 0.852539 0.173437 0.853027 0.175 0.853027 0.175781 0.852051 0.175781 0.850098 0.174609 0.848633 0.174219 0.848633 0.173437 0.847656 0.173437 0.847168 0.171484 0.844727 0.171094 0.844727 0.169922 0.843262 0.169531 0.843262 0.169141 0.842773
1 0.191797 0.828613 0.191016 0.82959 0.190625 0.82959 0.190234 0.830078 0.189844 0.830078 0.189453 0.830566 0.189062 0.830566 0.188281 0.831543 0.187891 0.831543 0.1875 0.832031 0.187109 0.832031 0.185938 0.833496 0.185547 0.833496 0.184375 0.834961 0.183984 0.834961 0.183203 0.835938 0.182812 0.835938 0.181641 0.837402 0.18125 0.837402 0.180859 0.837891 0.180469 0.837891 0.179688 0.838867 0.179688 0.839355 0.179297 0.839844 0.178906 0.839844 0.177734 0.841309 0.177344 0.841309 0.176953 0.841797 0.176563 0.841797 0.175391 0.843262 0.175 0.843262 0.174609 0.84375 0.174219 0.84375 0.173828 0.844238 0.173437 0.844238 0.169531 0.849121 0.169531 0.849609 0.168359 0.851074 0.168359 0.851562 0.167969 0.852051 0.167969 0.852539 0.167578 0.853027 0.167578 0.853516 0.167187 0.854004 0.167187 0.854492 0.166797 0.85498 0.166797 0.857422 0.167578 0.858398 0.169141 0.858398 0.170313 0.856934 0.170703 0.856934 0.171875 0.855469 0.171875 0.85498 0.175781 0.850098 0.176172 0.850098 0.177344 0.848633 0.177734 0.848633 0.178906 0.847168 0.179297 0.847168 0.180469 0.845703 0.180859 0.845703 0.182422 0.84375 0.182812 0.84375 0.184766 0.841309 0.185156 0.841309 0.186328 0.839844 0.186719 0.839844 0.1875 0.838867 0.187891 0.838867 0.188672 0.837891 0.189062 0.837891 0.189844 0.836914 0.190234 0.836914 0.191016 0.835938 0.191016 0.834473 0.191406 0.833984 0.191797 0.833984 0.192188 0.833496 0.192578 0.833496 0.193359 0.83252 0.19375 0.83252 0.194531 0.831543 0.194531 0.82959 0.19375 0.828613
1 0.167578 0.906738 0.166797 0.907715 0.166797 0.910156 0.167187 0.910645 0.167187 0.911133 0.169531 0.914062 0.169531 0.914551 0.173828 0.919922 0.174219 0.919922 0.179297 0.92627 0.179297 0.926758 0.180859 0.928711 0.180859 0.929199 0.181641 0.930176 0.181641 0.930664 0.182422 0.931641 0.182422 0.932129 0.183203 0.933105 0.183203 0.933594 0.183984 0.93457 0.183984 0.935059 0.184375 0.935547 0.184375 0.936035 0.184766 0.936523 0.184766 0.937012 0.185156 0.9375 0.185156 0.938477 0.185547 0.938965 0.185547 0.939941 0.185938 0.94043 0.185938 0.941406 0.186328 0.941895 0.186328 0.943848 0.186719 0.944336 0.186719 0.945312 0.187109 0.945801 0.187109 0.946777 0.187891 0.947754 0.189453 0.947754 0.190234 0.946777 0.190234 0.941895 0.190625 0.941406 0.190625 0.934082 0.190234 0.933594 0.190234 0.932617 0.189844 0.932129 0.189844 0.931641 0.189453 0.931152 0.189453 0.930176 0.189062 0.929688 0.189062 0.929199 0.188672 0.928711 0.188672 0.928223 0.188281 0.927734 0.188281 0.927246 0.187891 0.926758 0.187891 0.92627 0.1875 0.925781 0.1875 0.925293 0.186719 0.924316 0.186719 0.923828 0.183984 0.92041 0.183984 0.919922 0.183203 0.918945 0.182812 0.918945 0.182031 0.917969 0.181641 0.917969 0.180859 0.916992 0.180469 0.916992 0.179688 0.916016 0.179297 0.916016 0.178906 0.915527 0.178516 0.915527 0.177734 0.914551 0.177344 0.914551 0.176172 0.913086 0.175781 0.913086 0.174219 0.911133 0.173828 0.911133 0.172656 0.909668 0.172266 0.909668 0.171875 0.90918 0.171484 0.90918 0.171094 0.908691 0.170703 0.908691 0.169141 0.906738
1 0.199609 0.913086 0.198828 0.914062 0.198437 0.914062 0.197656 0.915039 0.197656 0.916992 0.198047 0.91748 0.198047 0.917969 0.197266 0.918945 0.197266 0.919434 0.196875 0.919922 0.196484 0.919922 0.196094 0.92041 0.195703 0.92041 0.194922 0.921387 0.194531 0.921387 0.19375 0.922363 0.193359 0.922363 0.192188 0.923828 0.191797 0.923828 0.191406 0.924316 0.190625 0.924316 0.190234 0.924805 0.189844 0.924805 0.189453 0.925293 0.178906 0.925293 0.178516 0.925781 0.176563 0.925781 0.176172 0.925293 0.175781 0.925293 0.175391 0.924805 0.174609 0.924805 0.174219 0.924316 0.173828 0.924316 0.172656 0.922852 0.172266 0.922852 0.171875 0.922363 0.169141 0.922363 0.168359 0.92334 0.168359 0.92627 0.170313 0.928711 0.170703 0.928711 0.171094 0.929199 0.172266 0.929199 0.172656 0.929688 0.173437 0.929688 0.173828 0.930176 0.174219 0.930176 0.174609 0.930664 0.175 0.930664 0.176563 0.932617 0.176953 0.932617 0.177734 0.933594 0.178516 0.933594 0.178906 0.934082 0.179688 0.934082 0.180078 0.93457 0.183594 0.93457 0.183984 0.934082 0.185156 0.934082 0.185547 0.933594 0.187109 0.933594 0.1875 0.933105 0.188281 0.933105 0.188672 0.932617 0.189844 0.932617 0.190625 0.931641 0.191406 0.931641 0.192188 0.930664 0.192578 0.930664 0.193359 0.929688 0.19375 0.929688 0.194531 0.928711 0.194922 0.928711 0.195312 0.928223 0.195703 0.928223 0.196094 0.927734 0.196875 0.927734 0.197266 0.927246 0.197656 0.927246 0.198047 0.926758 0.198437 0.926758 0.199219 0.925781 0.199219 0.925293 0.199609 0.924805 0.199609 0.924316 0.200781 0.922852 0.200781 0.922363 0.201172 0.921875 0.201172 0.918945 0.201563 0.918457 0.201563 0.91748 0.201953 0.916992 0.201953 0.916504 0.202344 0.916016 0.202344 0.914062 0.201563 0.913086
1 0.344141 0.874023 0.34375 0.874512 0.342969 0.874512 0.342187 0.875488 0.341406 0.875488 0.341016 0.875977 0.340625 0.875977 0.339844 0.876953 0.339453 0.876953 0.337891 0.878906 0.3375 0.878906 0.337109 0.879395 0.336719 0.879395 0.336328 0.879883 0.335938 0.879883 0.335547 0.880371 0.335156 0.880371 0.333984 0.881836 0.333203 0.881836 0.332813 0.882324 0.332422 0.882324 0.332031 0.882812 0.33125 0.882812 0.330859 0.883301 0.330469 0.883301 0.330078 0.883789 0.329688 0.883789 0.329297 0.884277 0.328516 0.884277 0.327734 0.885254 0.326953 0.885254 0.326562 0.885742 0.326172 0.885742 0.325391 0.886719 0.324609 0.886719 0.324219 0.887207 0.323828 0.887207 0.323047 0.888184 0.322656 0.888184 0.322266 0.888672 0.321875 0.888672 0.320312 0.890625 0.319922 0.890625 0.318359 0.892578 0.317969 0.892578 0.316797 0.894043 0.316406 0.894043 0.314453 0.896484 0.314063 0.896484 0.313281 0.897461 0.3125 0.897461 0.311328 0.898926 0.310937 0.898926 0.310156 0.899902 0.309766 0.899902 0.309375 0.900391 0.308984 0.900391 0.308203 0.901367 0.307422 0.901367 0.306641 0.902344 0.306641 0.904785 0.307812 0.90625 0.310156 0.90625 0.310547 0.905762 0.311719 0.905762 0.312109 0.905273 0.312891 0.905273 0.313281 0.904785 0.314063 0.904785 0.314453 0.904297 0.315625 0.904297 0.316016 0.903809 0.316406 0.903809 0.317188 0.902832 0.317969 0.902832 0.318359 0.902344 0.31875 0.902344 0.320312 0.900391 0.320703 0.900391 0.321484 0.899414 0.321875 0.899414 0.322266 0.898926 0.322656 0.898926 0.323437 0.897949 0.323828 0.897949 0.324609 0.896973 0.325 0.896973 0.325391 0.896484 0.325781 0.896484 0.326562 0.895508 0.326953 0.895508 0.328125 0.894043 0.328516 0.894043 0.329688 0.892578 0.330078 0.892578 0.330859 0.891602 0.33125 0.891602 0.332031 0.890625 0.332422 0.890625 0.333203 0.889648 0.333594 0.889648 0.333984 0.88916 0.334375 0.88916 0.334766 0.888672 0.335156 0.888672 0.335938 0.887695 0.336328 0.887695 0.337109 0.886719 0.3375 0.886719 0.337891 0.88623 0.338281 0.88623 0.339062 0.885254 0.339453 0.885254 0.339844 0.884766 0.340234 0.884766 0.345313 0.878418 0.345703 0.878418 0.346094 0.87793 0.346484 0.87793 0.347266 0.876953 0.347266 0.875 0.346484 0.874023
1 0.355078 0.895996 0.353516 0.897949 0.353516 0.904297 0.353906 0.904785 0.353906 0.906738 0.354297 0.907227 0.354297 0.908203 0.354687 0.908691 0.354687 0.910645 0.355078 0.911133 0.355078 0.912109 0.355469 0.912598 0.355469 0.914062 0.355859 0.914551 0.355859 0.916016 0.35625 0.916504 0.35625 0.916992 0.356641 0.91748 0.356641 0.917969 0.357031 0.918457 0.357031 0.92041 0.357422 0.920898 0.357422 0.921387 0.357812 0.921875 0.357812 0.922363 0.358203 0.922852 0.358203 0.924316 0.358594 0.924805 0.358594 0.925293 0.358984 0.925781 0.358984 0.926758 0.359375 0.927246 0.359375 0.928223 0.359766 0.928711 0.359766 0.929688 0.360156 0.930176 0.360156 0.931641 0.359375 0.932617 0.359375 0.934082 0.35625 0.937988 0.35625 0.938477 0.355859 0.938965 0.355859 0.941406 0.356641 0.942383 0.358203 0.942383 0.358984 0.941406 0.358984 0.940918 0.3625 0.936523 0.3625 0.936035 0.362891 0.935547 0.362891 0.935059 0.364453 0.933105 0.364844 0.933105 0.365625 0.932129 0.365625 0.931641 0.366016 0.931152 0.366016 0.924805 0.365625 0.924316 0.365625 0.922852 0.365234 0.922363 0.365234 0.921875 0.364844 0.921387 0.364844 0.92041 0.364453 0.919922 0.364453 0.918945 0.364063 0.918457 0.364063 0.917969 0.363672 0.91748 0.363672 0.916016 0.363281 0.915527 0.363281 0.914551 0.362891 0.914062 0.362891 0.913574 0.3625 0.913086 0.3625 0.912598 0.362109 0.912109 0.362109 0.911621 0.361719 0.911133 0.361719 0.909668 0.361328 0.90918 0.361328 0.908691 0.360547 0.907715 0.360547 0.906738 0.360156 0.90625 0.360156 0.905762 0.359766 0.905273 0.359766 0.904297 0.358984 0.90332 0.358984 0.902344 0.358594 0.901855 0.358594 0.900879 0.358203 0.900391 0.358203 0.897461 0.357422 0.896484 0.357031 0.896484 0.356641 0.895996
1 0.333984 0.891602 0.333203 0.892578 0.333203 0.894531 0.333594 0.89502 0.333594 0.895508 0.333984 0.895996 0.333984 0.896484 0.334766 0.897461 0.334766 0.897949 0.335938 0.899414 0.335938 0.899902 0.337891 0.902344 0.337891 0.902832 0.338672 0.903809 0.339062 0.903809 0.341797 0.907227 0.342187 0.907227 0.342578 0.907715 0.342969 0.907715 0.34375 0.908691 0.344141 0.908691 0.344922 0.909668 0.345313 0.909668 0.345703 0.910156 0.346484 0.910156 0.347266 0.911133 0.348828 0.911133 0.349219 0.911621 0.35 0.911621 0.350781 0.912598 0.351953 0.912598 0.352344 0.913086 0.353516 0.913086 0.353906 0.913574 0.354297 0.913574 0.354687 0.914062 0.355859 0.914062 0.35625 0.914551 0.358203 0.914551 0.358984 0.913574 0.358984 0.908691 0.358594 0.908203 0.358594 0.907715 0.357031 0.905762 0.356641 0.905762 0.355859 0.904785 0.355469 0.904785 0.355078 0.904297 0.354687 0.904297 0.354297 0.903809 0.353516 0.903809 0.353125 0.90332 0.352344 0.90332 0.351953 0.902832 0.351562 0.902832 0.351172 0.902344 0.350391 0.902344 0.35 0.901855 0.349609 0.901855 0.348438 0.900391 0.347656 0.900391 0.346484 0.898926 0.345703 0.898926 0.344922 0.897949 0.344531 0.897949 0.34375 0.896973 0.342578 0.896973 0.342187 0.896484 0.341797 0.896484 0.341016 0.895508 0.340234 0.895508 0.339844 0.89502 0.339453 0.89502 0.339062 0.894531 0.338281 0.894531 0.337891 0.894043 0.3375 0.894043 0.335547 0.891602
1 0.358203 0.910645 0.357422 0.911621 0.35625 0.911621 0.355859 0.912109 0.355469 0.912109 0.355078 0.912598 0.354687 0.912598 0.351172 0.916992 0.351172 0.91748 0.35 0.918945 0.35 0.919434 0.348828 0.920898 0.348828 0.921387 0.347656 0.922852 0.347656 0.92334 0.346875 0.924316 0.346875 0.924805 0.346094 0.925781 0.346094 0.92627 0.344531 0.928223 0.344531 0.929199 0.343359 0.930664 0.343359 0.931152 0.341016 0.934082 0.341016 0.93457 0.339453 0.936523 0.339453 0.937012 0.339062 0.9375 0.338672 0.9375 0.337891 0.938477 0.337891 0.938965 0.336328 0.940918 0.336328 0.941406 0.334766 0.943359 0.334766 0.943848 0.334375 0.944336 0.334375 0.944824 0.333594 0.945801 0.333594 0.946289 0.333203 0.946777 0.333203 0.947266 0.332813 0.947754 0.332813 0.94873 0.332422 0.949219 0.332422 0.954102 0.333203 0.955078 0.335156 0.955078 0.335547 0.95459 0.335938 0.95459 0.337109 0.953125 0.3375 0.953125 0.338281 0.952148 0.338281 0.95166 0.340234 0.949219 0.340234 0.94873 0.341406 0.947266 0.341406 0.946777 0.346484 0.94043 0.346484 0.939941 0.347656 0.938477 0.347656 0.937988 0.349609 0.935547 0.349609 0.935059 0.35 0.93457 0.35 0.934082 0.351172 0.932617 0.351172 0.932129 0.357031 0.924805 0.357031 0.923828 0.357812 0.922852 0.357812 0.922363 0.358594 0.921387 0.358594 0.920898 0.359375 0.919922 0.359375 0.918945 0.360156 0.917969 0.360156 0.916992 0.360547 0.916504 0.360547 0.915527 0.360938 0.915039 0.360938 0.911621 0.360156 0.910645
1 0.325 0.90332 0.324219 0.904297 0.324219 0.907227 0.323828 0.907715 0.323828 0.908203 0.323437 0.908691 0.323437 0.90918 0.323047 0.909668 0.323047 0.910156 0.322656 0.910645 0.322656 0.911133 0.322266 0.911621 0.322266 0.912109 0.321875 0.912598 0.321875 0.913086 0.321484 0.913574 0.321484 0.914062 0.321094 0.914551 0.321094 0.915039 0.320703 0.915527 0.320703 0.916504 0.320312 0.916992 0.320312 0.91748 0.319922 0.917969 0.319922 0.918457 0.319141 0.919434 0.319141 0.920898 0.31875 0.921387 0.31875 0.921875 0.318359 0.922363 0.318359 0.92334 0.317969 0.923828 0.317969 0.924805 0.317578 0.925293 0.317578 0.925781 0.316797 0.926758 0.316797 0.927246 0.316406 0.927734 0.316406 0.928223 0.315625 0.929199 0.315625 0.929688 0.315234 0.930176 0.315234 0.930664 0.314453 0.931641 0.314453 0.932129 0.313281 0.933594 0.313281 0.934082 0.312891 0.93457 0.312891 0.935059 0.311719 0.936523 0.311719 0.9375 0.310937 0.938477 0.310937 0.939453 0.310547 0.939941 0.310547 0.943848 0.311719 0.945312 0.311719 0.945801 0.313281 0.947754 0.313672 0.947754 0.314063 0.948242 0.316797 0.948242 0.317578 0.947266 0.317578 0.945801 0.318359 0.944824 0.318359 0.943359 0.319531 0.941895 0.319531 0.940918 0.320312 0.939941 0.320312 0.939453 0.320703 0.938965 0.320703 0.938477 0.321094 0.937988 0.321094 0.937012 0.321484 0.936523 0.321484 0.936035 0.322266 0.935059 0.322266 0.933594 0.323047 0.932617 0.323047 0.931641 0.323437 0.931152 0.323437 0.929199 0.324219 0.928223 0.324219 0.927246 0.324609 0.926758 0.324609 0.92627 0.325 0.925781 0.325 0.924316 0.325391 0.923828 0.325391 0.92334 0.325781 0.922852 0.325781 0.921387 0.326172 0.920898 0.326172 0.919434 0.326562 0.918945 0.326562 0.915527 0.327344 0.914551 0.327344 0.904297 0.326562 0.90332
1 0.41875 0.881348 0.418359 0.881836 0.417969 0.881836 0.417187 0.882812 0.415234 0.882812 0.414453 0.883789 0.414453 0.884766 0.414062 0.885254 0.414062 0.885742 0.409375 0.891602 0.409375 0.89209 0.406641 0.895508 0.40625 0.895508 0.404687 0.897461 0.404297 0.897461 0.402734 0.899414 0.402344 0.899414 0.401172 0.900879 0.400781 0.900879 0.398438 0.903809 0.398047 0.903809 0.396094 0.90625 0.395703 0.90625 0.394922 0.907227 0.394922 0.907715 0.393359 0.909668 0.393359 0.910156 0.391797 0.912109 0.391797 0.914551 0.392578 0.915527 0.393359 0.915527 0.39375 0.916016 0.395703 0.916016 0.396875 0.914551 0.396875 0.914062 0.400781 0.90918 0.401172 0.90918 0.401953 0.908203 0.402344 0.908203 0.402734 0.907715 0.403906 0.907715 0.404687 0.906738 0.405078 0.906738 0.40625 0.905273 0.406641 0.905273 0.407031 0.904785 0.407422 0.904785 0.408203 0.903809 0.408203 0.90332 0.408594 0.902832 0.409375 0.902832 0.411719 0.899902 0.412109 0.899902 0.412891 0.898926 0.412891 0.898438 0.415234 0.895508 0.415234 0.89502 0.416016 0.894043 0.416016 0.893555 0.417187 0.89209 0.417187 0.891113 0.419141 0.888672 0.419531 0.888672 0.419922 0.888184 0.420312 0.888184 0.421094 0.887207 0.421875 0.887207 0.422266 0.886719 0.422656 0.886719 0.423047 0.88623 0.423828 0.88623 0.424219 0.885742 0.425781 0.885742 0.426563 0.884766 0.426563 0.882812 0.425781 0.881836 0.421875 0.881836 0.421484 0.881348
1 0.446094 0.927246 0.445703 0.927734 0.444531 0.927734 0.444141 0.928223 0.44375 0.928223 0.442969 0.929199 0.442578 0.929199 0.441016 0.931152 0.441016 0.931641 0.440625 0.932129 0.440625 0.932617 0.440234 0.933105 0.440234 0.933594 0.439844 0.934082 0.439844 0.93457 0.439453 0.935059 0.439453 0.935547 0.439063 0.936035 0.439063 0.937012 0.438672 0.9375 0.438672 0.937988 0.438281 0.938477 0.438281 0.939453 0.437891 0.939941 0.437891 0.949707 0.438281 0.950195 0.438281 0.951172 0.439063 0.952148 0.439063 0.952637 0.439453 0.953125 0.439453 0.953613 0.439844 0.954102 0.439844 0.95459 0.440234 0.955078 0.440234 0.955566 0.441406 0.957031 0.441406 0.95752 0.442969 0.959473 0.442969 0.959961 0.44375 0.960938 0.444141 0.960938 0.447656 0.965332 0.452734 0.965332 0.454297 0.963379 0.454297 0.960938 0.453906 0.960449 0.453906 0.959473 0.45 0.95459 0.449609 0.95459 0.449219 0.954102 0.448828 0.954102 0.448437 0.953613 0.448047 0.953613 0.447656 0.953125 0.447266 0.953125 0.446094 0.95166 0.446094 0.951172 0.445703 0.950684 0.445703 0.950195 0.445312 0.949707 0.445312 0.949219 0.444922 0.94873 0.444922 0.948242 0.444531 0.947754 0.444531 0.947266 0.444141 0.946777 0.444141 0.946289 0.44375 0.945801 0.44375 0.944336 0.443359 0.943848 0.443359 0.940918 0.44375 0.94043 0.44375 0.939941 0.444141 0.939453 0.444141 0.938965 0.444531 0.938477 0.444531 0.937988 0.445703 0.936523 0.445703 0.936035 0.446094 0.935547 0.446094 0.935059 0.446875 0.934082 0.446875 0.933594 0.447266 0.933105 0.447266 0.932617 0.448047 0.931641 0.448047 0.931152 0.448828 0.930176 0.448828 0.928223 0.448047 0.927246
1 0.459375 0.944336 0.458594 0.945312 0.458594 0.947754 0.458984 0.948242 0.458984 0.952637 0.458594 0.953125 0.458594 0.955078 0.458203 0.955566 0.458203 0.956055 0.457813 0.956543 0.457813 0.957031 0.457422 0.95752 0.457422 0.958008 0.455469 0.960449 0.455078 0.960449 0.454297 0.961426 0.453906 0.961426 0.453125 0.962402 0.452734 0.962402 0.452344 0.962891 0.451953 0.962891 0.450391 0.964844 0.449609 0.964844 0.448828 0.96582 0.448437 0.96582 0.448047 0.966309 0.447656 0.966309 0.446875 0.967285 0.446484 0.967285 0.446094 0.967773 0.445703 0.967773 0.444922 0.96875 0.444531 0.96875 0.44375 0.969727 0.443359 0.969727 0.442969 0.970215 0.442578 0.970215 0.442188 0.970703 0.441797 0.970703 0.441016 0.97168 0.440234 0.97168 0.439844 0.972168 0.439063 0.972168 0.4375 0.974121 0.4375 0.976074 0.438281 0.977051 0.440234 0.977051 0.441016 0.976074 0.44375 0.976074 0.444141 0.975586 0.444531 0.975586 0.444922 0.975098 0.445703 0.975098 0.446094 0.974609 0.446484 0.974609 0.447266 0.973633 0.447656 0.973633 0.448047 0.973145 0.448828 0.973145 0.449219 0.972656 0.449609 0.972656 0.45 0.972168 0.451172 0.972168 0.451953 0.971191 0.454297 0.971191 0.454688 0.970703 0.455078 0.970703 0.455469 0.970215 0.456641 0.970215 0.457422 0.969238 0.457813 0.969238 0.458203 0.96875 0.458594 0.96875 0.458984 0.968262 0.459375 0.968262 0.461719 0.965332 0.462109 0.965332 0.462891 0.964355 0.462891 0.963867 0.464844 0.961426 0.464844 0.960938 0.465234 0.960449 0.465234 0.952148 0.464453 0.951172 0.464453 0.949707 0.463672 0.94873 0.463672 0.947754 0.462891 0.946777 0.462891 0.945801 0.462109 0.944824 0.461328 0.944824 0.460938 0.944336
1 0.430469 0.979492 0.429688 0.980469 0.429688 0.982422 0.430469 0.983398 0.430859 0.983398 0.43125 0.983887 0.431641 0.983887 0.432031 0.984375 0.432422 0.984375 0.432812 0.984863 0.433203 0.984863 0.433594 0.985352 0.434766 0.985352 0.435156 0.98584 0.436328 0.98584 0.436719 0.986328 0.437891 0.986328 0.438281 0.986816 0.439453 0.986816 0.439844 0.987305 0.441016 0.987305 0.441406 0.987793 0.44375 0.987793 0.444141 0.988281 0.444922 0.988281 0.445312 0.98877 0.446484 0.98877 0.446875 0.989258 0.447656 0.989258 0.448437 0.990234 0.449219 0.990234 0.449609 0.990723 0.450781 0.990723 0.451172 0.991211 0.452344 0.991211 0.452734 0.991699 0.453125 0.991699 0.453516 0.992188 0.454688 0.992188 0.455078 0.992676 0.455859 0.992676 0.45625 0.993164 0.456641 0.993164 0.457031 0.993652 0.458203 0.993652 0.458984 0.994629 0.459375 0.994629 0.459766 0.995117 0.460156 0.995117 0.460547 0.995605 0.461328 0.995605 0.4625 0.99707 0.462891 0.99707 0.463672 0.998047 0.464062 0.998047 0.464453 0.998535 0.464844 0.998535 0.465625 0.999512 0.467969 0.999512 0.46875 0.998535 0.46875 0.996582 0.468359 0.996094 0.468359 0.994629 0.465625 0.991211 0.465625 0.990723 0.463281 0.987793 0.462891 0.987793 0.461328 0.98584 0.460938 0.98584 0.459375 0.983887 0.458984 0.983887 0.458203 0.98291 0.457813 0.98291 0.456641 0.981445 0.45625 0.981445 0.455859 0.980957 0.455469 0.980957 0.455078 0.980469 0.454297 0.980469 0.453906 0.97998 0.452344 0.97998 0.451953 0.979492 0.439844 0.979492 0.439453 0.97998 0.436719 0.97998 0.436328 0.979492
1 0.463672 0.963379 0.463281 0.963867 0.4625 0.963867 0.461328 0.965332 0.461328 0.967285 0.460938 0.967773 0.460938 0.970215 0.464453 0.974609 0.464453 0.975098 0.464844 0.975586 0.464844 0.976074 0.465234 0.976562 0.465234 0.977051 0.465625 0.977539 0.465625 0.978516 0.466406 0.979492 0.466406 0.97998 0.466797 0.980469 0.466797 0.981445 0.467187 0.981934 0.467187 0.982422 0.467578 0.98291 0.467578 0.983887 0.467969 0.984375 0.467969 0.985352 0.46875 0.986328 0.46875 0.987305 0.469141 0.987793 0.469141 0.989258 0.469531 0.989746 0.469531 0.990234 0.469922 0.990723 0.469922 0.993652 0.470313 0.994141 0.470313 0.99707 0.469922 0.997559 0.469922 0.999023 0.469531 0.999512 0.475391 0.999512 0.475391 0.993164 0.475 0.992676 0.475 0.989258 0.474609 0.98877 0.474609 0.985352 0.474219 0.984863 0.474219 0.983398 0.473828 0.98291 0.473828 0.981934 0.473438 0.981445 0.473438 0.979492 0.472656 0.978516 0.472656 0.978027 0.472266 0.977539 0.472266 0.977051 0.471875 0.976562 0.471875 0.976074 0.471484 0.975586 0.471484 0.974121 0.470703 0.973145 0.470703 0.972168 0.470313 0.97168 0.470313 0.970703 0.469922 0.970215 0.469922 0.969727 0.469141 0.96875 0.469141 0.968262 0.46875 0.967773 0.46875 0.967285 0.468359 0.966797 0.468359 0.966309 0.467969 0.96582 0.467969 0.965332 0.466406 0.963379
1 0.393359 0.978516 0.391797 0.980469 0.391797 0.982422 0.392188 0.98291 0.392188 0.983398 0.392969 0.984375 0.392969 0.985352 0.394141 0.986816 0.394141 0.987305 0.394531 0.987793 0.394531 0.98877 0.394922 0.989258 0.394922 0.993164 0.394141 0.994141 0.394141 0.994629 0.391016 0.998535 0.391016 0.999023 0.390625 0.999512 0.398438 0.999512 0.399609 0.998047 0.399609 0.997559 0.4 0.99707 0.4 0.996094 0.400391 0.995605 0.400391 0.98877 0.4 0.988281 0.4 0.986816 0.399609 0.986328 0.399609 0.98584 0.399219 0.985352 0.399219 0.984863 0.398047 0.983398 0.398047 0.98291 0.397656 0.982422 0.397656 0.981934 0.397266 0.981445 0.397266 0.980957 0.395313 0.978516
1 0.361719 0.978027 0.360938 0.979004 0.360938 0.979492 0.360547 0.97998 0.360547 0.981934 0.360156 0.982422 0.360156 0.992188 0.360547 0.992676 0.360547 0.995605 0.360938 0.996094 0.360938 0.99707 0.361328 0.997559 0.361328 0.998535 0.361719 0.999023 0.361719 0.999512 0.369922 0.999512 0.369531 0.999023 0.369531 0.998535 0.368359 0.99707 0.368359 0.996582 0.367969 0.996094 0.367969 0.995605 0.367188 0.994629 0.367188 0.994141 0.366797 0.993652 0.366797 0.992188 0.366406 0.991699 0.366406 0.991211 0.366016 0.990723 0.366016 0.990234 0.365625 0.989746 0.365625 0.98877 0.365234 0.988281 0.365234 0.986328 0.364844 0.98584 0.364844 0.980469 0.364453 0.97998 0.364453 0.979492 0.363281 0.978027
1 0.548828 0.908203 0.548438 0.908691 0.547656 0.908691 0.547266 0.90918 0.546484 0.90918 0.545312 0.910645 0.545312 0.911133 0.544531 0.912109 0.544531 0.928711 0.545312 0.929688 0.546875 0.929688 0.547266 0.929199 0.548047 0.929199 0.549219 0.927734 0.549219 0.927246 0.55 0.92627 0.55 0.925781 0.550391 0.925293 0.550391 0.924805 0.550781 0.924316 0.550781 0.916992 0.551562 0.916016 0.555078 0.916016 0.555469 0.916504 0.564063 0.916504 0.564453 0.916016 0.566406 0.916016 0.566797 0.915527 0.567187 0.915527 0.567578 0.915039 0.567969 0.915039 0.568359 0.914551 0.56875 0.914551 0.569141 0.914062 0.569531 0.914062 0.570703 0.912598 0.570703 0.910645 0.569922 0.909668 0.569141 0.909668 0.56875 0.90918 0.567578 0.90918 0.567187 0.908691 0.564453 0.908691 0.564063 0.908203 0.553906 0.908203 0.553516 0.908691 0.553125 0.908691 0.552734 0.908203
1 0.509375 0.873535 0.508984 0.874023 0.508594 0.874023 0.508203 0.874512 0.507422 0.874512 0.507031 0.875 0.506641 0.875 0.50625 0.875488 0.50625 0.87793 0.507422 0.879395 0.507812 0.879395 0.508203 0.879883 0.508594 0.879883 0.510156 0.881836 0.510938 0.881836 0.511328 0.882324 0.512109 0.882324 0.5125 0.882812 0.513281 0.882812 0.513672 0.883301 0.514062 0.883301 0.514453 0.883789 0.514844 0.883789 0.515625 0.884766 0.516016 0.884766 0.516797 0.885742 0.517188 0.885742 0.518359 0.887207 0.51875 0.887207 0.519531 0.888184 0.519922 0.888184 0.520703 0.88916 0.521094 0.88916 0.521484 0.889648 0.522266 0.889648 0.522656 0.890137 0.523047 0.890137 0.523438 0.890625 0.524609 0.890625 0.525 0.891113 0.525781 0.891113 0.526172 0.891602 0.528516 0.891602 0.528906 0.89209 0.529687 0.89209 0.530078 0.892578 0.53125 0.892578 0.531641 0.893066 0.532422 0.893066 0.532813 0.893555 0.533594 0.893555 0.534375 0.894531 0.534766 0.894531 0.535156 0.89502 0.536328 0.89502 0.536719 0.895508 0.5375 0.895508 0.538281 0.896484 0.539062 0.896484 0.539844 0.897461 0.543359 0.897461 0.544141 0.896484 0.544141 0.894531 0.542188 0.89209 0.541797 0.89209 0.541406 0.891602 0.541016 0.891602 0.539062 0.88916 0.538672 0.88916 0.537891 0.888184 0.537109 0.888184 0.536719 0.887695 0.536328 0.887695 0.535937 0.887207 0.535547 0.887207 0.535156 0.886719 0.533984 0.886719 0.533594 0.88623 0.533203 0.88623 0.532813 0.885742 0.532422 0.885742 0.530859 0.883789 0.530469 0.883789 0.530078 0.883301 0.529687 0.883301 0.529297 0.882812 0.527734 0.882812 0.527344 0.882324 0.525391 0.882324 0.525 0.881836 0.524219 0.881836 0.523438 0.880859 0.523047 0.880859 0.522656 0.880371 0.522266 0.880371 0.521875 0.879883 0.521094 0.879883 0.520703 0.879395 0.520312 0.879395 0.519531 0.878418 0.519141 0.878418 0.51875 0.87793 0.518359 0.87793 0.517969 0.877441 0.517188 0.877441 0.516406 0.876465 0.516016 0.876465 0.515234 0.875488 0.514453 0.875488 0.514062 0.875 0.512891 0.875 0.5125 0.874512 0.512109 0.874512 0.511328 0.873535
1 0.508984 0.884766 0.508594 0.885254 0.507812 0.885254 0.507422 0.885742 0.503516 0.885742 0.503125 0.88623 0.501953 0.88623 0.501172 0.887207 0.501172 0.88916 0.501953 0.890137 0.506641 0.890137 0.507031 0.890625 0.509375 0.890625 0.509766 0.891113 0.510547 0.891113 0.510938 0.891602 0.511719 0.891602 0.512109 0.89209 0.512891 0.89209 0.513281 0.892578 0.513672 0.892578 0.515234 0.894531 0.515625 0.894531 0.516406 0.895508 0.517188 0.895508 0.517969 0.896484 0.518359 0.896484 0.51875 0.896973 0.519141 0.896973 0.519922 0.897949 0.520703 0.897949 0.521484 0.898926 0.521875 0.898926 0.522266 0.899414 0.523047 0.899414 0.523438 0.899902 0.523828 0.899902 0.524219 0.900391 0.524609 0.900391 0.525781 0.901855 0.526563 0.901855 0.527344 0.902832 0.527734 0.902832 0.528906 0.904297 0.529297 0.904297 0.530469 0.905762 0.532031 0.905762 0.532813 0.904785 0.532813 0.900879 0.531641 0.899414 0.53125 0.899414 0.530859 0.898926 0.530469 0.898926 0.530078 0.898438 0.529687 0.898438 0.528516 0.896973 0.528125 0.896973 0.526953 0.895508 0.526563 0.895508 0.526172 0.89502 0.525781 0.89502 0.524609 0.893555 0.524219 0.893555 0.523438 0.892578 0.523047 0.892578 0.521875 0.891113 0.521484 0.891113 0.521094 0.890625 0.520703 0.890625 0.519531 0.88916 0.51875 0.88916 0.517969 0.888184 0.517188 0.888184 0.516016 0.886719 0.515625 0.886719 0.514844 0.885742 0.514062 0.885742 0.513672 0.885254 0.512891 0.885254 0.5125 0.884766
1 0.541406 0.883301 0.540625 0.884277 0.540625 0.888184 0.544531 0.893066 0.544531 0.893555 0.545703 0.89502 0.546094 0.89502 0.547656 0.896973 0.547656 0.897461 0.548828 0.898926 0.548828 0.899902 0.550391 0.901855 0.550391 0.902344 0.550781 0.902832 0.550781 0.90332 0.551953 0.904785 0.551953 0.90625 0.552344 0.906738 0.552344 0.907227 0.552734 0.907715 0.552734 0.908691 0.553516 0.909668 0.553516 0.910156 0.553906 0.910645 0.553906 0.911133 0.554297 0.911621 0.554297 0.912109 0.554688 0.912598 0.554688 0.913574 0.555078 0.914062 0.555078 0.914551 0.555469 0.915039 0.555469 0.915527 0.555859 0.916016 0.555859 0.916992 0.55625 0.91748 0.55625 0.918457 0.556641 0.918945 0.556641 0.919922 0.557031 0.92041 0.557031 0.920898 0.557422 0.921387 0.557422 0.922363 0.557813 0.922852 0.557813 0.923828 0.558203 0.924316 0.558203 0.92627 0.558594 0.926758 0.558594 0.932129 0.558984 0.932617 0.558984 0.933105 0.559766 0.934082 0.561328 0.934082 0.562109 0.933105 0.562109 0.930664 0.5625 0.930176 0.5625 0.928711 0.562891 0.928223 0.562891 0.920898 0.5625 0.92041 0.5625 0.916992 0.562109 0.916504 0.562109 0.914062 0.561719 0.913574 0.561719 0.90918 0.561328 0.908691 0.561328 0.90625 0.560937 0.905762 0.560937 0.90332 0.560547 0.902832 0.560547 0.901855 0.559766 0.900879 0.559766 0.900391 0.559375 0.899902 0.559375 0.899414 0.558594 0.898438 0.558594 0.897949 0.556641 0.895508 0.555859 0.895508 0.555078 0.894531 0.554688 0.894531 0.553125 0.892578 0.552734 0.892578 0.552344 0.89209 0.551953 0.89209 0.551172 0.891113 0.550781 0.891113 0.55 0.890137 0.549219 0.890137 0.547656 0.888184 0.547266 0.888184 0.544141 0.884277 0.54375 0.884277 0.542969 0.883301
1 0.575781 0.847656 0.575391 0.848145 0.573828 0.848145 0.573438 0.848633 0.572656 0.848633 0.572266 0.849121 0.571484 0.849121 0.571094 0.849609 0.570703 0.849609 0.569531 0.851074 0.56875 0.851074 0.568359 0.851562 0.567969 0.851562 0.565625 0.854492 0.565234 0.854492 0.563281 0.856934 0.562891 0.856934 0.560937 0.859375 0.560547 0.859375 0.559375 0.86084 0.558984 0.86084 0.55625 0.864258 0.55625 0.865234 0.555469 0.866211 0.555469 0.866699 0.555078 0.867188 0.555078 0.867676 0.554297 0.868652 0.554297 0.869141 0.553906 0.869629 0.553906 0.870605 0.552734 0.87207 0.552734 0.874512 0.553516 0.875488 0.555078 0.875488 0.555859 0.874512 0.555859 0.874023 0.558203 0.871094 0.558594 0.871094 0.560156 0.869141 0.560547 0.869141 0.561328 0.868164 0.561719 0.868164 0.563281 0.866211 0.563672 0.866211 0.564844 0.864746 0.565234 0.864746 0.566797 0.862793 0.567187 0.862793 0.567969 0.861816 0.56875 0.861816 0.571094 0.858887 0.571484 0.858887 0.572656 0.857422 0.573047 0.857422 0.574609 0.855469 0.575 0.855469 0.575781 0.854492 0.576953 0.854492 0.577344 0.85498 0.577734 0.85498 0.578125 0.855469 0.580859 0.855469 0.581641 0.854492 0.581641 0.850098 0.580469 0.848633 0.579688 0.848633 0.579297 0.848145 0.578516 0.848145 0.578125 0.847656
1 0.557422 0.842285 0.556641 0.843262 0.556641 0.845703 0.557031 0.846191 0.557031 0.84668 0.557422 0.847168 0.557422 0.849121 0.557813 0.849609 0.557813 0.851074 0.558203 0.851562 0.558203 0.852051 0.558594 0.852539 0.558594 0.853027 0.558984 0.853516 0.558984 0.854492 0.559375 0.85498 0.559375 0.855469 0.559766 0.855957 0.559766 0.856934 0.560156 0.857422 0.560156 0.85791 0.560547 0.858398 0.560547 0.859863 0.560937 0.860352 0.560937 0.862305 0.561328 0.862793 0.561328 0.863281 0.5625 0.864746 0.5625 0.865723 0.564063 0.867676 0.564063 0.868164 0.564844 0.869141 0.565234 0.869141 0.565625 0.869629 0.565625 0.870117 0.567578 0.872559 0.566797 0.873535 0.566797 0.87793 0.567969 0.879395 0.568359 0.879395 0.56875 0.879883 0.571094 0.879883 0.571875 0.878906 0.572266 0.878906 0.573828 0.876953 0.573828 0.876465 0.574609 0.875488 0.574609 0.869141 0.571875 0.865723 0.571484 0.865723 0.571094 0.865234 0.571094 0.864746 0.570312 0.86377 0.570312 0.863281 0.569922 0.862793 0.569922 0.861816 0.569531 0.861328 0.569531 0.86084 0.567187 0.85791 0.567187 0.857422 0.566016 0.855957 0.566016 0.855469 0.563672 0.852539 0.563672 0.852051 0.561328 0.849121 0.561328 0.848633 0.560937 0.848145 0.560937 0.847656 0.560547 0.847168 0.560547 0.845215 0.560156 0.844727 0.560156 0.844238 0.559766 0.84375 0.559766 0.843262 0.558984 0.842285
1 0.531641 0.850586 0.53125 0.851074 0.530078 0.851074 0.529297 0.852051 0.527344 0.852051 0.526563 0.853027 0.526563 0.85498 0.527344 0.855957 0.53125 0.855957 0.531641 0.855469 0.532031 0.855957 0.534766 0.855957 0.535156 0.856445 0.535547 0.856445 0.535937 0.856934 0.536328 0.856934 0.536719 0.857422 0.537109 0.857422 0.5375 0.85791 0.538281 0.85791 0.541016 0.861328 0.541406 0.861328 0.541797 0.861816 0.542578 0.861816 0.542969 0.862305 0.544141 0.862305 0.544922 0.863281 0.545703 0.863281 0.546094 0.86377 0.546875 0.86377 0.547266 0.864258 0.547656 0.864258 0.548047 0.864746 0.549609 0.864746 0.55 0.865234 0.552734 0.865234 0.553125 0.865723 0.557813 0.865723 0.558984 0.864258 0.558984 0.862305 0.558203 0.861328 0.555859 0.861328 0.555469 0.86084 0.554688 0.86084 0.554297 0.860352 0.553516 0.860352 0.553125 0.859863 0.552734 0.859863 0.552344 0.859375 0.551953 0.859375 0.551562 0.858887 0.551172 0.858887 0.550781 0.858398 0.55 0.858398 0.549609 0.85791 0.548828 0.85791 0.547656 0.856445 0.547266 0.856445 0.546875 0.855957 0.546484 0.855957 0.546094 0.855469 0.545703 0.855469 0.544531 0.854004 0.544141 0.854004 0.542969 0.852539 0.542578 0.852539 0.542188 0.852051 0.541406 0.852051 0.541016 0.851562 0.540625 0.851562 0.540234 0.851074 0.539062 0.851074 0.538672 0.850586
1 0.563672 0.811035 0.561719 0.813477 0.561719 0.813965 0.561328 0.814453 0.561328 0.814941 0.560937 0.81543 0.560937 0.816406 0.560547 0.816895 0.560547 0.817383 0.560156 0.817871 0.560156 0.818359 0.559766 0.818848 0.559766 0.820801 0.559375 0.821289 0.559375 0.822754 0.558984 0.823242 0.558984 0.841309 0.559375 0.841797 0.559375 0.842285 0.559766 0.842773 0.559766 0.844238 0.560547 0.845215 0.560547 0.845703 0.562109 0.847656 0.562109 0.848145 0.563281 0.849609 0.563672 0.849609 0.564063 0.850098 0.566016 0.850098 0.567187 0.848633 0.567187 0.842773 0.566797 0.842285 0.566797 0.840332 0.566406 0.839844 0.566406 0.838867 0.566016 0.838379 0.566016 0.837891 0.565625 0.837402 0.565625 0.835449 0.565234 0.834961 0.565234 0.819824 0.565625 0.819336 0.565625 0.818359 0.566016 0.817871 0.566016 0.817383 0.566406 0.816895 0.566406 0.815918 0.566797 0.81543 0.566797 0.812012 0.566016 0.811035
1 0.5375 0.815918 0.537109 0.816406 0.536719 0.816406 0.536328 0.816895 0.535937 0.816895 0.534375 0.818848 0.533984 0.818848 0.532813 0.820312 0.532422 0.820312 0.531641 0.821289 0.531641 0.823242 0.532422 0.824219 0.535937 0.824219 0.536328 0.824707 0.537109 0.824707 0.538281 0.826172 0.538281 0.82666 0.538672 0.827148 0.538672 0.827637 0.539062 0.828125 0.539062 0.834473 0.539453 0.834961 0.539453 0.836426 0.539844 0.836914 0.539844 0.839355 0.540234 0.839844 0.540234 0.841309 0.541406 0.842773 0.541406 0.843262 0.541797 0.84375 0.541797 0.844238 0.544141 0.847168 0.544922 0.847168 0.545312 0.847656 0.545703 0.847656 0.546094 0.848145 0.546484 0.848145 0.546875 0.848633 0.547266 0.848633 0.547656 0.849121 0.55 0.849121 0.550781 0.848145 0.550781 0.84375 0.550391 0.843262 0.550391 0.842773 0.55 0.842285 0.55 0.841797 0.549219 0.84082 0.549219 0.840332 0.548828 0.839844 0.548828 0.839355 0.548438 0.838867 0.548438 0.837402 0.548047 0.836914 0.548047 0.836426 0.547656 0.835938 0.547656 0.834473 0.547266 0.833984 0.547266 0.833008 0.546875 0.83252 0.546875 0.831055 0.546484 0.830566 0.546484 0.824219 0.546094 0.82373 0.546094 0.822754 0.545312 0.821777 0.545312 0.821289 0.544922 0.820801 0.544922 0.819824 0.542188 0.816406 0.541797 0.816406 0.541406 0.815918
1 0.549609 0.822754 0.548828 0.82373 0.548828 0.824219 0.548438 0.824707 0.548438 0.826172 0.548047 0.82666 0.548047 0.827148 0.547656 0.827637 0.547656 0.828613 0.547266 0.829102 0.547266 0.839355 0.547656 0.839844 0.547656 0.841797 0.548047 0.842285 0.548047 0.843262 0.548438 0.84375 0.548438 0.844238 0.548828 0.844727 0.548828 0.845215 0.549219 0.845703 0.549219 0.846191 0.549609 0.84668 0.549609 0.847656 0.55 0.848145 0.55 0.849121 0.550391 0.849609 0.550391 0.850586 0.550781 0.851074 0.550781 0.851562 0.551172 0.852051 0.551172 0.85498 0.551562 0.855469 0.551562 0.856445 0.551953 0.856934 0.551953 0.858398 0.552344 0.858887 0.552344 0.859375 0.552734 0.859863 0.552734 0.860352 0.553906 0.861816 0.555859 0.861816 0.556641 0.86084 0.556641 0.858887 0.55625 0.858398 0.55625 0.856934 0.555859 0.856445 0.555859 0.855469 0.55625 0.85498 0.55625 0.854004 0.556641 0.853516 0.556641 0.850586 0.55625 0.850098 0.55625 0.849609 0.555859 0.849121 0.555859 0.844727 0.555469 0.844238 0.555469 0.84082 0.555078 0.840332 0.555078 0.838867 0.554297 0.837891 0.554297 0.834473 0.553906 0.833984 0.553906 0.833496 0.553516 0.833008 0.553516 0.83252 0.553125 0.832031 0.553125 0.830566 0.552734 0.830078 0.552734 0.828125 0.552344 0.827637 0.552344 0.825684 0.551953 0.825195 0.551953 0.82373 0.551172 0.822754
2 0.569922 0.807617 0.569141 0.808594 0.569141 0.810547 0.569531 0.811035 0.569531 0.812012 0.569922 0.8125 0.569922 0.812988 0.570703 0.813965 0.570703 0.814453 0.571094 0.814941 0.571094 0.81543 0.572656 0.817383 0.572656 0.817871 0.575391 0.821289 0.575391 0.821777 0.576953 0.82373 0.576953 0.824219 0.578125 0.825684 0.578125 0.826172 0.578906 0.827148 0.578906 0.827637 0.579297 0.828125 0.579297 0.828613 0.580078 0.82959 0.580078 0.830078 0.580469 0.830566 0.580469 0.831055 0.580859 0.831543 0.580859 0.832031 0.58125 0.83252 0.58125 0.833008 0.581641 0.833496 0.581641 0.833984 0.582031 0.834473 0.582031 0.834961 0.582422 0.835449 0.582422 0.836426 0.582812 0.836914 0.582812 0.846191 0.583594 0.847168 0.585156 0.847168 0.587109 0.844727 0.587109 0.844238 0.587891 0.843262 0.587891 0.842773 0.588281 0.842285 0.588281 0.841797 0.588672 0.841309 0.588672 0.84082 0.589063 0.840332 0.589063 0.839355 0.589453 0.838867 0.589453 0.830566 0.589063 0.830078 0.589063 0.828613 0.588672 0.828125 0.588672 0.827637 0.588281 0.827148 0.588281 0.826172 0.587891 0.825684 0.587891 0.825195 0.586719 0.82373 0.586719 0.823242 0.581641 0.816895 0.581641 0.816406 0.579297 0.813477 0.578906 0.813477 0.578125 0.8125 0.577734 0.8125 0.576953 0.811523 0.576172 0.811523 0.574609 0.80957 0.574219 0.80957 0.573047 0.808105 0.571875 0.808105 0.571484 0.807617
1 0.594531 0.793945 0.594141 0.794434 0.59375 0.794434 0.593359 0.794922 0.592969 0.794922 0.591797 0.796387 0.591406 0.796387 0.589844 0.79834 0.589453 0.79834 0.588672 0.799316 0.588281 0.799316 0.587109 0.800781 0.586328 0.800781 0.585938 0.80127 0.585547 0.80127 0.585156 0.801758 0.584766 0.801758 0.584375 0.802246 0.583594 0.802246 0.583203 0.802734 0.574609 0.802734 0.574219 0.803223 0.573438 0.803223 0.573047 0.803711 0.571875 0.803711 0.571094 0.804688 0.569922 0.804688 0.569531 0.805176 0.56875 0.805176 0.567969 0.806152 0.567578 0.806152 0.566406 0.807617 0.566406 0.80957 0.567187 0.810547 0.56875 0.810547 0.569141 0.810059 0.569922 0.810059 0.570312 0.80957 0.573828 0.80957 0.574219 0.810059 0.586719 0.810059 0.5875 0.809082 0.588281 0.809082 0.588672 0.808594 0.589063 0.808594 0.589844 0.807617 0.591016 0.807617 0.591406 0.807129 0.591797 0.807129 0.592187 0.806641 0.592969 0.806641 0.59375 0.805664 0.594141 0.805664 0.594531 0.805176 0.594922 0.805176 0.595703 0.804199 0.595703 0.803711 0.596094 0.803223 0.596094 0.802734 0.596484 0.802246 0.596484 0.80127 0.596875 0.800781 0.596875 0.794922 0.596094 0.793945
1 0.608203 0.79248 0.607031 0.793945 0.60625 0.793945 0.605859 0.794434 0.605078 0.794434 0.604297 0.79541 0.597656 0.79541 0.597266 0.794922 0.596484 0.794922 0.596094 0.794434 0.591797 0.794434 0.591406 0.793945 0.582812 0.793945 0.582422 0.794434 0.579688 0.794434 0.579297 0.794922 0.578516 0.794922 0.578125 0.79541 0.576562 0.79541 0.576172 0.795898 0.575781 0.795898 0.575391 0.796387 0.573438 0.796387 0.573047 0.796875 0.571484 0.796875 0.571094 0.797363 0.569531 0.797363 0.569141 0.797852 0.56875 0.797852 0.568359 0.79834 0.567578 0.79834 0.566406 0.799805 0.566406 0.802246 0.567578 0.803711 0.569922 0.803711 0.570312 0.803223 0.570703 0.803223 0.571094 0.802734 0.571484 0.802734 0.571875 0.802246 0.572656 0.802246 0.573047 0.801758 0.573828 0.801758 0.574219 0.80127 0.575 0.80127 0.575391 0.800781 0.576562 0.800781 0.576953 0.800293 0.578125 0.800293 0.578516 0.799805 0.588672 0.799805 0.589063 0.800293 0.591016 0.800293 0.591406 0.800781 0.592578 0.800781 0.592969 0.80127 0.603906 0.80127 0.604297 0.800781 0.60625 0.800781 0.606641 0.800293 0.607422 0.800293 0.608203 0.799316 0.608594 0.799316 0.611328 0.795898 0.611328 0.793945 0.610547 0.792969 0.610156 0.792969 0.609766 0.79248
1 0.717969 0.945801 0.717187 0.946777 0.716016 0.946777 0.715625 0.947266 0.715234 0.947266 0.714844 0.947754 0.714453 0.947754 0.713672 0.94873 0.713672 0.950684 0.714453 0.95166 0.714844 0.95166 0.716016 0.953125 0.716016 0.953613 0.717187 0.955078 0.717187 0.955566 0.719531 0.958496 0.719531 0.958984 0.721484 0.961426 0.721484 0.962402 0.722656 0.963867 0.722656 0.964355 0.723828 0.96582 0.723828 0.966309 0.725391 0.968262 0.725391 0.96875 0.726953 0.970703 0.726953 0.971191 0.728125 0.972656 0.728125 0.973145 0.728516 0.973633 0.728516 0.974121 0.73125 0.977539 0.73125 0.978027 0.732422 0.979492 0.732812 0.979492 0.734375 0.981445 0.734375 0.981934 0.735156 0.98291 0.735547 0.98291 0.737109 0.984863 0.739062 0.984863 0.739844 0.983887 0.739844 0.981934 0.738281 0.97998 0.738281 0.979004 0.7375 0.978027 0.7375 0.977051 0.737109 0.976562 0.737109 0.976074 0.736719 0.975586 0.736719 0.975098 0.736328 0.974609 0.736328 0.974121 0.733594 0.970703 0.733594 0.970215 0.732031 0.968262 0.732031 0.967773 0.730859 0.966309 0.730859 0.96582 0.729688 0.964355 0.729688 0.963867 0.728906 0.962891 0.728906 0.962402 0.726172 0.958984 0.726172 0.958496 0.725391 0.95752 0.725391 0.957031 0.725 0.956543 0.725 0.956055 0.723828 0.95459 0.723828 0.953613 0.722656 0.952148 0.722656 0.95166 0.722266 0.951172 0.722266 0.950684 0.721875 0.950195 0.721875 0.949707 0.721484 0.949219 0.721484 0.94873 0.720703 0.947754 0.720703 0.947266 0.719531 0.945801
1 0.819922 0.878906 0.819141 0.879883 0.819141 0.882324 0.821875 0.885742 0.821875 0.88623 0.823047 0.887695 0.823047 0.888672 0.823828 0.889648 0.823828 0.890137 0.824219 0.890625 0.824219 0.891113 0.824609 0.891602 0.824609 0.89209 0.825391 0.893066 0.825391 0.893555 0.826562 0.89502 0.826562 0.895996 0.826953 0.896484 0.826953 0.896973 0.827344 0.897461 0.827344 0.897949 0.827734 0.898438 0.827734 0.899414 0.828516 0.900391 0.828516 0.901367 0.828906 0.901855 0.828906 0.902344 0.829297 0.902832 0.829297 0.90332 0.829688 0.903809 0.829688 0.905762 0.830078 0.90625 0.830078 0.906738 0.830469 0.907227 0.830469 0.908691 0.830859 0.90918 0.830859 0.909668 0.83125 0.910156 0.83125 0.910645 0.831641 0.911133 0.831641 0.912598 0.832031 0.913086 0.832031 0.915527 0.832422 0.916016 0.832422 0.916504 0.832812 0.916992 0.832812 0.917969 0.833203 0.918457 0.833203 0.919434 0.833594 0.919922 0.833594 0.921875 0.833984 0.922363 0.833984 0.92334 0.834375 0.923828 0.834375 0.92627 0.834766 0.926758 0.834766 0.929199 0.835156 0.929688 0.835156 0.931641 0.835938 0.932617 0.8375 0.932617 0.838281 0.931641 0.838281 0.928711 0.837891 0.928223 0.837891 0.925781 0.8375 0.925293 0.8375 0.924805 0.837891 0.924316 0.837891 0.911133 0.8375 0.910645 0.8375 0.908691 0.837109 0.908203 0.837109 0.90625 0.836719 0.905762 0.836719 0.904785 0.836328 0.904297 0.836328 0.901855 0.835938 0.901367 0.835938 0.900391 0.835547 0.899902 0.835547 0.899414 0.835156 0.898926 0.835156 0.898438 0.834766 0.897949 0.834766 0.897461 0.833984 0.896484 0.833984 0.895508 0.833203 0.894531 0.833203 0.893066 0.832031 0.891602 0.832031 0.891113 0.830859 0.889648 0.830859 0.888672 0.828125 0.885254 0.827734 0.885254 0.826562 0.883789 0.826172 0.883789 0.823047 0.879883 0.822656 0.879883 0.822266 0.879395 0.821875 0.879395 0.821484 0.878906
1 0.830078 0.853516 0.828906 0.85498 0.828906 0.856934 0.830859 0.859375 0.830859 0.859863 0.83125 0.860352 0.83125 0.861816 0.832031 0.862793 0.832031 0.863281 0.832422 0.86377 0.832422 0.864258 0.832812 0.864746 0.832812 0.865723 0.833203 0.866211 0.833203 0.867188 0.833594 0.867676 0.833594 0.868652 0.833984 0.869141 0.833984 0.870605 0.834375 0.871094 0.834375 0.87207 0.834766 0.872559 0.834766 0.873535 0.835156 0.874023 0.835156 0.874512 0.836328 0.875977 0.836328 0.876465 0.836719 0.876953 0.836719 0.87793 0.839063 0.880859 0.840234 0.880859 0.840625 0.881348 0.84375 0.881348 0.844141 0.880859 0.845313 0.880859 0.845703 0.880371 0.846094 0.880371 0.846875 0.879395 0.847656 0.879395 0.848047 0.878906 0.848437 0.878906 0.848828 0.878418 0.849219 0.878418 0.850391 0.876953 0.851172 0.876953 0.852734 0.875 0.853125 0.875 0.85625 0.871094 0.85625 0.870605 0.856641 0.870117 0.856641 0.869629 0.857422 0.868652 0.857422 0.864746 0.856641 0.86377 0.855078 0.86377 0.854688 0.864258 0.854297 0.864258 0.851562 0.867676 0.851172 0.867676 0.850391 0.868652 0.85 0.868652 0.849609 0.869141 0.849219 0.869141 0.848828 0.869629 0.848437 0.869629 0.848047 0.870117 0.847656 0.870117 0.847266 0.870605 0.846484 0.870605 0.845703 0.871582 0.844141 0.871582 0.84375 0.87207 0.842578 0.87207 0.840625 0.869629 0.840625 0.869141 0.839844 0.868164 0.839844 0.867676 0.839453 0.867188 0.839453 0.866699 0.839063 0.866211 0.839063 0.865234 0.838672 0.864746 0.838672 0.86377 0.837891 0.862793 0.837891 0.862305 0.8375 0.861816 0.8375 0.861328 0.837109 0.86084 0.837109 0.860352 0.835156 0.85791 0.835156 0.857422 0.834375 0.856445 0.834375 0.855957 0.832812 0.854004 0.832422 0.854004 0.832031 0.853516
1 0.831641 0.843262 0.830859 0.844238 0.830859 0.847168 0.83125 0.847656 0.83125 0.850098 0.831641 0.850586 0.831641 0.851562 0.832031 0.852051 0.832031 0.854004 0.832422 0.854492 0.832422 0.85498 0.832812 0.855469 0.832812 0.85791 0.833203 0.858398 0.833203 0.858887 0.833594 0.859375 0.833594 0.86084 0.833984 0.861328 0.833984 0.861816 0.834375 0.862305 0.834375 0.863281 0.834766 0.86377 0.834766 0.864746 0.835156 0.865234 0.835156 0.865723 0.835938 0.866699 0.835938 0.868164 0.836328 0.868652 0.836328 0.869141 0.836719 0.869629 0.836719 0.870117 0.837109 0.870605 0.837109 0.871094 0.8375 0.871582 0.8375 0.87207 0.837891 0.872559 0.837891 0.874023 0.838281 0.874512 0.838281 0.875488 0.839063 0.876465 0.839063 0.877441 0.839844 0.878418 0.839844 0.879395 0.840234 0.879883 0.840234 0.880371 0.840625 0.880859 0.840625 0.881348 0.841016 0.881836 0.841016 0.882324 0.841406 0.882812 0.841406 0.883789 0.841797 0.884277 0.841797 0.884766 0.842187 0.885254 0.842187 0.88623 0.842969 0.887207 0.842969 0.887695 0.843359 0.888184 0.843359 0.888672 0.844922 0.890625 0.844922 0.891113 0.85 0.897461 0.851562 0.897461 0.852344 0.896484 0.852344 0.894043 0.850391 0.891602 0.850391 0.891113 0.85 0.890625 0.85 0.890137 0.849609 0.889648 0.849609 0.88916 0.849219 0.888672 0.849219 0.888184 0.848828 0.887695 0.848828 0.887207 0.848437 0.886719 0.848437 0.88623 0.848047 0.885742 0.848047 0.885254 0.847656 0.884766 0.847656 0.883789 0.846875 0.882812 0.846875 0.881836 0.846484 0.881348 0.846484 0.880859 0.846094 0.880371 0.846094 0.879883 0.845313 0.878906 0.845313 0.87793 0.844531 0.876953 0.844531 0.875977 0.844141 0.875488 0.844141 0.875 0.843359 0.874023 0.843359 0.873047 0.842969 0.872559 0.842969 0.871582 0.842578 0.871094 0.842578 0.870117 0.842187 0.869629 0.842187 0.868652 0.841797 0.868164 0.841797 0.867188 0.841406 0.866699 0.841406 0.865723 0.841016 0.865234 0.841016 0.864746 0.840625 0.864258 0.840625 0.86377 0.840234 0.863281 0.840234 0.862793 0.839844 0.862305 0.839844 0.861816 0.839453 0.861328 0.839453 0.86084 0.839063 0.860352 0.839063 0.859863 0.838672 0.859375 0.838672 0.858398 0.837891 0.857422 0.837891 0.856445 0.8375 0.855957 0.8375 0.855469 0.837109 0.85498 0.837109 0.854492 0.836719 0.854004 0.836719 0.853516 0.835938 0.852539 0.835938 0.852051 0.835547 0.851562 0.835547 0.851074 0.835156 0.850586 0.835156 0.849121 0.834766 0.848633 0.834766 0.847168 0.833984 0.846191 0.833984 0.844238 0.833203 0.843262
1 0.917188 0.927246 0.916797 0.927734 0.915625 0.927734 0.915234 0.928223 0.914062 0.928223 0.913672 0.928711 0.912109 0.928711 0.911719 0.929199 0.910156 0.929199 0.909766 0.929688 0.907422 0.929688 0.907031 0.930176 0.905859 0.930176 0.905469 0.930664 0.904297 0.930664 0.903906 0.931152 0.902344 0.931152 0.901953 0.931641 0.901563 0.931641 0.901172 0.932129 0.900391 0.932129 0.9 0.932617 0.899219 0.932617 0.898828 0.933105 0.898438 0.933105 0.898047 0.933594 0.896875 0.933594 0.896484 0.934082 0.895312 0.934082 0.894922 0.93457 0.892578 0.93457 0.892188 0.934082 0.890625 0.934082 0.889844 0.935059 0.889844 0.9375 0.891406 0.939453 0.891797 0.939453 0.892969 0.940918 0.893359 0.940918 0.89375 0.941406 0.901563 0.941406 0.901953 0.940918 0.902734 0.940918 0.903516 0.939941 0.904297 0.939941 0.905469 0.938477 0.905859 0.938477 0.90625 0.937988 0.907031 0.937988 0.907422 0.9375 0.909375 0.9375 0.909766 0.937012 0.910937 0.937012 0.911328 0.936523 0.923828 0.936523 0.924219 0.937012 0.925391 0.937012 0.925781 0.9375 0.930078 0.9375 0.930859 0.936523 0.930859 0.933105 0.930469 0.932617 0.930469 0.932129 0.929688 0.931152 0.929297 0.931152 0.928906 0.930664 0.927734 0.930664 0.926953 0.929688 0.926562 0.929688 0.926172 0.929199 0.925 0.929199 0.924609 0.928711 0.923047 0.928711 0.922656 0.928223 0.921484 0.928223 0.921094 0.927734 0.919531 0.927734 0.919141 0.927246
1 0.937109 0.913574 0.936328 0.914551 0.936328 0.916504 0.937109 0.91748 0.9375 0.91748 0.941406 0.922363 0.941797 0.922363 0.94375 0.924805 0.944141 0.924805 0.944531 0.925293 0.944531 0.925781 0.946094 0.927734 0.946094 0.928711 0.946875 0.929688 0.946875 0.930176 0.947266 0.930664 0.947266 0.931152 0.948047 0.932129 0.948047 0.932617 0.948438 0.933105 0.948438 0.933594 0.948828 0.934082 0.948828 0.93457 0.949609 0.935547 0.949609 0.936035 0.95 0.936523 0.95 0.9375 0.950391 0.937988 0.950391 0.938965 0.951172 0.939941 0.951172 0.94043 0.951562 0.940918 0.951562 0.941895 0.951953 0.942383 0.951953 0.944336 0.952344 0.944824 0.952344 0.946777 0.952734 0.947266 0.952734 0.949707 0.953125 0.950195 0.953125 0.950684 0.953906 0.95166 0.958203 0.95166 0.959375 0.950195 0.959375 0.949707 0.959766 0.949219 0.959766 0.945801 0.959375 0.945312 0.959375 0.944336 0.958984 0.943848 0.958984 0.943359 0.958594 0.942871 0.958594 0.938477 0.958203 0.937988 0.958203 0.936523 0.957812 0.936035 0.957812 0.935059 0.957422 0.93457 0.957422 0.934082 0.956641 0.933105 0.956641 0.932617 0.95625 0.932129 0.95625 0.931641 0.955859 0.931152 0.955859 0.930664 0.955078 0.929688 0.955078 0.929199 0.954297 0.928223 0.954297 0.927734 0.953125 0.92627 0.953125 0.925781 0.950781 0.922852 0.950781 0.922363 0.949219 0.92041 0.948828 0.92041 0.948047 0.919434 0.947266 0.919434 0.946875 0.918945 0.945703 0.918945 0.945312 0.918457 0.944531 0.918457 0.944141 0.917969 0.94375 0.917969 0.943359 0.91748 0.942969 0.91748 0.942578 0.916992 0.942187 0.916992 0.941797 0.916504 0.941406 0.916504 0.939453 0.914062 0.939063 0.914062 0.938672 0.913574
1 0.946094 0.871582 0.945703 0.87207 0.945312 0.87207 0.944922 0.872559 0.944141 0.872559 0.943359 0.873535 0.942187 0.873535 0.941406 0.874512 0.941016 0.874512 0.940625 0.875 0.940234 0.875 0.939844 0.875488 0.939453 0.875488 0.939063 0.875977 0.938672 0.875977 0.938281 0.876465 0.937891 0.876465 0.937109 0.877441 0.936719 0.877441 0.935937 0.878418 0.935547 0.878418 0.933984 0.880371 0.933594 0.880371 0.932031 0.882324 0.931641 0.882324 0.929688 0.884766 0.929688 0.885254 0.927734 0.887695 0.927734 0.888184 0.925781 0.890625 0.925 0.890625 0.923828 0.89209 0.923438 0.89209 0.922656 0.893066 0.922266 0.893066 0.921875 0.893555 0.921484 0.893555 0.920312 0.89502 0.919922 0.89502 0.91875 0.896484 0.917969 0.896484 0.917188 0.897461 0.916797 0.897461 0.915625 0.898926 0.914844 0.898926 0.913672 0.900391 0.913281 0.900391 0.912891 0.900879 0.9125 0.900879 0.911719 0.901855 0.911719 0.902344 0.911328 0.902832 0.911328 0.90625 0.9125 0.907715 0.914453 0.907715 0.914844 0.907227 0.915234 0.907227 0.915625 0.906738 0.916016 0.906738 0.916406 0.90625 0.917188 0.90625 0.917578 0.905762 0.918359 0.905762 0.919141 0.904785 0.919531 0.904785 0.919922 0.904297 0.921484 0.904297 0.921875 0.903809 0.922656 0.903809 0.923047 0.90332 0.923828 0.90332 0.924219 0.902832 0.924609 0.902832 0.927344 0.899414 0.927734 0.899414 0.928516 0.898438 0.928516 0.897949 0.928906 0.897461 0.929297 0.897461 0.932031 0.894043 0.932422 0.894043 0.933203 0.893066 0.933203 0.892578 0.933594 0.89209 0.933984 0.89209 0.935547 0.890137 0.935547 0.889648 0.938281 0.88623 0.938281 0.885742 0.941016 0.882324 0.941016 0.881836 0.941797 0.880859 0.941797 0.880371 0.944141 0.877441 0.944531 0.877441 0.945312 0.876465 0.945703 0.876465 0.946094 0.875977 0.947266 0.875977 0.948438 0.874512 0.948438 0.872559 0.947656 0.871582
1 0.912891 0.857422 0.9125 0.85791 0.909766 0.85791 0.909375 0.858398 0.907813 0.858398 0.907422 0.858887 0.905859 0.858887 0.905469 0.859375 0.903516 0.859375 0.903125 0.859863 0.902344 0.859863 0.901953 0.860352 0.901563 0.860352 0.901172 0.86084 0.900781 0.86084 0.899609 0.862305 0.899219 0.862305 0.898438 0.863281 0.898438 0.865234 0.899219 0.866211 0.899219 0.866699 0.9 0.867676 0.902734 0.867676 0.903125 0.867188 0.903906 0.867188 0.904297 0.866699 0.905078 0.866699 0.905469 0.866211 0.907422 0.866211 0.908203 0.865234 0.908594 0.865234 0.908984 0.864746 0.909375 0.864746 0.909766 0.864258 0.910547 0.865234 0.910937 0.865234 0.911719 0.866211 0.915625 0.866211 0.916016 0.865723 0.916797 0.865723 0.917188 0.865234 0.917578 0.865723 0.91875 0.865723 0.919141 0.866211 0.919531 0.866211 0.919922 0.866699 0.920312 0.866699 0.921094 0.867676 0.921484 0.867676 0.921875 0.868164 0.922266 0.868164 0.922656 0.868652 0.923047 0.868652 0.923438 0.869141 0.924219 0.869141 0.924609 0.869629 0.925 0.869629 0.925391 0.870117 0.928125 0.870117 0.928906 0.869141 0.928906 0.865723 0.927734 0.864258 0.927734 0.863281 0.925781 0.86084 0.925391 0.86084 0.924219 0.859375 0.923828 0.859375 0.923047 0.858398 0.922656 0.858398 0.922266 0.85791 0.920703 0.85791 0.920312 0.857422
1 0.930469 0.860352 0.930078 0.86084 0.929297 0.86084 0.928516 0.861816 0.928125 0.861816 0.927734 0.862305 0.927344 0.862305 0.926953 0.862793 0.926562 0.862793 0.926172 0.863281 0.925781 0.863281 0.924609 0.864746 0.923828 0.864746 0.923438 0.865234 0.922656 0.865234 0.922266 0.865723 0.920312 0.865723 0.919922 0.866211 0.918359 0.866211 0.917969 0.866699 0.908594 0.866699 0.908203 0.867188 0.90625 0.867188 0.905859 0.867676 0.904297 0.867676 0.903906 0.868164 0.903125 0.868164 0.902344 0.869141 0.901172 0.869141 0.900781 0.869629 0.900391 0.869629 0.898438 0.87207 0.898438 0.872559 0.898047 0.873047 0.898047 0.874023 0.897656 0.874512 0.897656 0.877441 0.898438 0.878418 0.9 0.878418 0.900781 0.877441 0.901172 0.877441 0.901953 0.876465 0.902344 0.876465 0.903125 0.875488 0.903516 0.875488 0.903906 0.875 0.914453 0.875 0.914844 0.874512 0.916016 0.874512 0.916406 0.874023 0.916797 0.874512 0.921484 0.874512 0.921875 0.874023 0.923828 0.874023 0.924219 0.873535 0.924609 0.873535 0.925 0.873047 0.925781 0.873047 0.926562 0.87207 0.927344 0.87207 0.927734 0.871582 0.928125 0.871582 0.928516 0.871094 0.928906 0.871094 0.930078 0.869629 0.930469 0.869629 0.93125 0.868652 0.931641 0.868652 0.933594 0.866211 0.933594 0.863281 0.932813 0.862305 0.932813 0.861328 0.932031 0.860352
1 0.905859 0.835449 0.903125 0.838867 0.903125 0.839844 0.902344 0.84082 0.902344 0.842285 0.901953 0.842773 0.901953 0.844238 0.901563 0.844727 0.901563 0.845215 0.901172 0.845703 0.901172 0.846191 0.9 0.847656 0.896094 0.847656 0.895312 0.848633 0.895312 0.851074 0.895703 0.851562 0.895703 0.852051 0.896875 0.853516 0.897266 0.853516 0.897656 0.854004 0.898047 0.854004 0.898438 0.854492 0.898828 0.854492 0.899609 0.855469 0.900391 0.855469 0.900781 0.855957 0.901563 0.855957 0.901953 0.856445 0.904297 0.856445 0.905078 0.855469 0.905469 0.855469 0.905859 0.85498 0.90625 0.85498 0.907813 0.853027 0.907813 0.852539 0.908203 0.852051 0.908203 0.851562 0.908594 0.851074 0.908594 0.848145 0.908984 0.847656 0.908984 0.847168 0.909375 0.84668 0.909375 0.845703 0.909766 0.845215 0.909766 0.844727 0.910547 0.84375 0.910937 0.84375 0.911328 0.844238 0.911328 0.844727 0.912109 0.845703 0.912109 0.84668 0.9125 0.847168 0.9125 0.847656 0.912891 0.848145 0.912891 0.848633 0.914844 0.851074 0.916797 0.851074 0.917578 0.850098 0.917969 0.850098 0.919141 0.848633 0.919141 0.845215 0.918359 0.844238 0.918359 0.84375 0.916406 0.841309 0.916406 0.84082 0.913281 0.836914 0.912891 0.836914 0.9125 0.836426 0.912109 0.836426 0.911719 0.835938 0.911328 0.835938 0.910937 0.835449
2 0.89375 0.899414 0.892969 0.900391 0.892969 0.902832 0.89375 0.903809 0.89375 0.904297 0.894141 0.904785 0.894141 0.905273 0.895312 0.906738 0.895312 0.907227 0.896875 0.90918 0.896875 0.909668 0.899219 0.912598 0.899609 0.912598 0.900391 0.913574 0.900781 0.913574 0.901563 0.914551 0.903906 0.914551 0.904297 0.915039 0.905078 0.915039 0.905469 0.915527 0.905859 0.915527 0.90625 0.916016 0.907031 0.916016 0.907422 0.916504 0.909375 0.916504 0.909766 0.916016 0.910937 0.916016 0.911719 0.915039 0.912109 0.915039 0.9125 0.914551 0.912891 0.914551 0.914062 0.913086 0.914453 0.913086 0.915234 0.912109 0.915234 0.911621 0.916016 0.910645 0.916016 0.90625 0.915234 0.905273 0.914453 0.905273 0.914062 0.904785 0.911719 0.904785 0.911328 0.905273 0.910937 0.905273 0.910547 0.905762 0.909766 0.905762 0.909375 0.90625 0.906641 0.90625 0.90625 0.905762 0.905078 0.905762 0.904687 0.905273 0.903906 0.905273 0.903516 0.904785 0.903125 0.904785 0.902734 0.904297 0.902344 0.904297 0.901563 0.90332 0.901172 0.90332 0.900781 0.902832 0.900391 0.902832 0.9 0.902344 0.899609 0.902344 0.899219 0.901855 0.898828 0.901855 0.898438 0.901367 0.898047 0.901367 0.897656 0.900879 0.896875 0.900879 0.896484 0.900391 0.896094 0.900391 0.895312 0.899414
1 0.989844 0.726562 0.989453 0.727051 0.989062 0.727051 0.988672 0.727539 0.987109 0.727539 0.986719 0.728027 0.986328 0.728027 0.985156 0.729492 0.985156 0.72998 0.984375 0.730957 0.984375 0.731445 0.983594 0.732422 0.983594 0.73291 0.983203 0.733398 0.983203 0.733887 0.982422 0.734863 0.982422 0.735352 0.982031 0.73584 0.982031 0.736816 0.981641 0.737305 0.981641 0.737793 0.98125 0.738281 0.98125 0.73877 0.980859 0.739258 0.980859 0.740234 0.980078 0.741211 0.980078 0.742676 0.979688 0.743164 0.979688 0.744141 0.979297 0.744629 0.979297 0.745605 0.978906 0.746094 0.978906 0.74707 0.978125 0.748047 0.978125 0.749023 0.977734 0.749512 0.977734 0.75 0.976953 0.750977 0.976953 0.751465 0.975391 0.753418 0.975391 0.753906 0.971094 0.759277 0.971094 0.761719 0.971875 0.762695 0.973437 0.762695 0.974609 0.76123 0.975 0.76123 0.975391 0.760742 0.975781 0.760742 0.976562 0.759766 0.976953 0.759766 0.977344 0.759277 0.977734 0.759277 0.978516 0.758301 0.978906 0.758301 0.979297 0.757812 0.979688 0.757812 0.980859 0.756348 0.980859 0.755859 0.982422 0.753906 0.982422 0.753418 0.983203 0.752441 0.983203 0.751953 0.983594 0.751465 0.983594 0.750977 0.984375 0.75 0.984375 0.749512 0.985156 0.748535 0.985156 0.748047 0.985547 0.747559 0.985547 0.74707 0.986328 0.746094 0.986328 0.745605 0.9875 0.744141 0.9875 0.743652 0.988281 0.742676 0.988281 0.742188 0.989062 0.741211 0.989062 0.740723 0.989844 0.739746 0.989844 0.739258 0.990234 0.73877 0.990234 0.738281 0.991016 0.737305 0.991016 0.736816 0.991406 0.736328 0.991406 0.73584 0.991797 0.735352 0.991797 0.734375 0.992578 0.733398 0.992578 0.73291 0.992969 0.732422 0.992969 0.730957 0.993359 0.730469 0.993359 0.728027 0.992188 0.726562
1 0.995703 0.723145 0.995313 0.723633 0.991797 0.723633 0.991406 0.724121 0.988672 0.724121 0.988281 0.724609 0.985156 0.724609 0.984375 0.725586 0.984375 0.727539 0.985156 0.728516 0.987891 0.728516 0.988281 0.729004 0.989844 0.729004 0.990234 0.729492 0.997656 0.729492 0.998047 0.729004 0.999609 0.729004 0.999609 0.723145
1 0.973047 0.696777 0.972266 0.697754 0.972266 0.699707 0.977344 0.706055 0.977734 0.706055 0.979297 0.708008 0.979688 0.708008 0.980469 0.708984 0.980469 0.709473 0.98125 0.710449 0.98125 0.710938 0.982812 0.712891 0.982812 0.713379 0.986328 0.717773 0.986328 0.718262 0.987109 0.719238 0.9875 0.719238 0.987891 0.719727 0.987891 0.720215 0.988672 0.721191 0.988672 0.72168 0.990625 0.724121 0.991016 0.724121 0.992188 0.725586 0.992188 0.726074 0.992969 0.727051 0.994922 0.727051 0.995703 0.726074 0.995703 0.724121 0.994531 0.722656 0.994531 0.722168 0.994141 0.72168 0.994141 0.721191 0.99375 0.720703 0.99375 0.720215 0.992969 0.719238 0.992969 0.71875 0.992578 0.718262 0.992578 0.717285 0.992188 0.716797 0.992188 0.716309 0.991797 0.71582 0.991797 0.715332 0.991016 0.714355 0.991016 0.713867 0.990625 0.713379 0.990625 0.712891 0.987109 0.708496 0.986328 0.708496 0.985547 0.70752 0.985156 0.70752 0.983984 0.706055 0.983594 0.706055 0.980859 0.702637 0.980469 0.702637 0.978516 0.700195 0.978125 0.700195 0.977734 0.699707 0.977344 0.699707 0.976172 0.698242 0.975781 0.698242 0.974609 0.696777
1 0.894922 0.730469 0.894531 0.730957 0.889453 0.730957 0.889062 0.731445 0.888672 0.731445 0.887891 0.732422 0.8875 0.732422 0.886328 0.733887 0.885938 0.733887 0.885156 0.734863 0.885156 0.735352 0.884375 0.736328 0.884375 0.737305 0.882812 0.739258 0.882812 0.739746 0.882031 0.740723 0.882031 0.741211 0.880859 0.742676 0.880859 0.743164 0.878516 0.746094 0.878516 0.746582 0.878125 0.74707 0.878125 0.747559 0.877734 0.748047 0.877734 0.748535 0.876953 0.749512 0.876953 0.75 0.876563 0.750488 0.876563 0.752441 0.876172 0.75293 0.876172 0.753906 0.875781 0.754395 0.875781 0.755371 0.875391 0.755859 0.875391 0.756348 0.875 0.756836 0.875 0.768066 0.875781 0.769043 0.877344 0.769043 0.878125 0.768066 0.878125 0.763184 0.878516 0.762695 0.878516 0.761719 0.878906 0.76123 0.878906 0.760254 0.880859 0.757812 0.880859 0.757324 0.881641 0.756348 0.882031 0.756348 0.884375 0.753418 0.884766 0.753418 0.886328 0.751465 0.886328 0.750977 0.887109 0.75 0.887109 0.749512 0.8875 0.749023 0.8875 0.748535 0.888281 0.747559 0.888281 0.746582 0.889062 0.745605 0.889062 0.744629 0.890234 0.743164 0.890234 0.742676 0.892969 0.739258 0.89375 0.739258 0.894141 0.73877 0.894922 0.73877 0.895703 0.737793 0.896875 0.737793 0.897266 0.737305 0.897656 0.737305 0.898047 0.736816 0.900391 0.736816 0.901172 0.73584 0.901172 0.733398 0.899219 0.730957 0.898828 0.730957 0.898438 0.730469
1 0.816016 0.771484 0.815234 0.772461 0.814453 0.772461 0.812891 0.774414 0.8125 0.774414 0.812109 0.774902 0.811719 0.774902 0.810937 0.775879 0.810547 0.775879 0.809766 0.776855 0.809375 0.776855 0.808203 0.77832 0.807813 0.77832 0.807422 0.778809 0.806641 0.778809 0.805469 0.780273 0.805078 0.780273 0.804297 0.78125 0.803906 0.78125 0.800781 0.785156 0.800781 0.785645 0.800391 0.786133 0.8 0.786133 0.799219 0.787109 0.799219 0.787598 0.797266 0.790039 0.797266 0.790527 0.795703 0.79248 0.795703 0.793457 0.794922 0.794434 0.794922 0.796387 0.794531 0.796875 0.794531 0.805664 0.795312 0.806641 0.796875 0.806641 0.797656 0.805664 0.797656 0.803223 0.798047 0.802734 0.798047 0.80127 0.798438 0.800781 0.798438 0.799805 0.798828 0.799316 0.798828 0.798828 0.8 0.797363 0.8 0.796387 0.800391 0.795898 0.800781 0.795898 0.802734 0.793457 0.803125 0.793457 0.805078 0.791016 0.805859 0.791016 0.810937 0.784668 0.811328 0.784668 0.812891 0.782715 0.813281 0.782715 0.814063 0.781738 0.814453 0.781738 0.814844 0.78125 0.815625 0.78125 0.816016 0.780762 0.816797 0.780762 0.818359 0.778809 0.81875 0.778809 0.819141 0.77832 0.819531 0.77832 0.819922 0.777832 0.820312 0.777832 0.820703 0.777344 0.822656 0.777344 0.823047 0.776855 0.823828 0.776855 0.824219 0.776367 0.824609 0.776367 0.825 0.775879 0.825391 0.775879 0.825781 0.775391 0.826562 0.775391 0.827344 0.774414 0.827344 0.772461 0.826562 0.771484
1 0.836328 0.728516 0.835547 0.729492 0.834375 0.729492 0.832422 0.731934 0.832422 0.736816 0.832031 0.737305 0.832031 0.737793 0.831641 0.738281 0.831641 0.739258 0.83125 0.739746 0.83125 0.740234 0.830078 0.741699 0.830078 0.742188 0.828516 0.744141 0.828516 0.745605 0.828125 0.746094 0.828125 0.746582 0.827344 0.747559 0.827344 0.748047 0.826953 0.748535 0.826953 0.749023 0.826172 0.75 0.826172 0.750488 0.825781 0.750977 0.825781 0.751465 0.824219 0.753418 0.824219 0.753906 0.822266 0.756348 0.822266 0.756836 0.821484 0.757812 0.821484 0.758301 0.820312 0.759766 0.820312 0.760254 0.819922 0.760742 0.819922 0.76123 0.819141 0.762207 0.819141 0.765625 0.819531 0.766113 0.819531 0.766602 0.820312 0.767578 0.822266 0.767578 0.825 0.76416 0.825391 0.76416 0.827734 0.76123 0.828125 0.76123 0.828906 0.760254 0.829297 0.760254 0.830078 0.759277 0.830078 0.758789 0.830469 0.758301 0.830859 0.758301 0.831641 0.757324 0.831641 0.755859 0.832422 0.754883 0.832422 0.754395 0.832812 0.753906 0.832812 0.753418 0.833203 0.75293 0.833203 0.751953 0.833594 0.751465 0.833594 0.75 0.833984 0.749512 0.833984 0.748047 0.834375 0.747559 0.834766 0.747559 0.836719 0.745117 0.836719 0.743652 0.837109 0.743164 0.837109 0.733887 0.838281 0.732422 0.838281 0.731934 0.838672 0.731445 0.838672 0.729492 0.837891 0.728516
1 0.809375 0.711914 0.808594 0.712891 0.808594 0.716309 0.807813 0.717285 0.807813 0.719727 0.807422 0.720215 0.807422 0.723633 0.807031 0.724121 0.807031 0.725586 0.806641 0.726074 0.806641 0.727051 0.80625 0.727539 0.80625 0.730957 0.805859 0.731445 0.805859 0.733398 0.805469 0.733887 0.805469 0.734375 0.805078 0.734863 0.805078 0.737305 0.804688 0.737793 0.804688 0.745117 0.805078 0.745605 0.805078 0.747559 0.807422 0.750488 0.807422 0.750977 0.808203 0.751953 0.808203 0.75293 0.808594 0.753418 0.808594 0.753906 0.808984 0.754395 0.808984 0.754883 0.809375 0.755371 0.809375 0.756836 0.810547 0.758301 0.810547 0.759277 0.811328 0.760254 0.811328 0.760742 0.812109 0.761719 0.812109 0.762695 0.8125 0.763184 0.8125 0.763672 0.812891 0.76416 0.812891 0.764648 0.813672 0.765625 0.813672 0.766113 0.815625 0.768555 0.817578 0.768555 0.818359 0.767578 0.818359 0.765625 0.817969 0.765137 0.817969 0.76416 0.817187 0.763184 0.817187 0.762695 0.816797 0.762207 0.816797 0.76123 0.816406 0.760742 0.816406 0.758301 0.816016 0.757812 0.816016 0.756348 0.815625 0.755859 0.815625 0.755371 0.815234 0.754883 0.815234 0.75293 0.814453 0.751953 0.814453 0.750977 0.8125 0.748535 0.8125 0.748047 0.812109 0.747559 0.812109 0.74707 0.811328 0.746094 0.811328 0.725098 0.811719 0.724609 0.811719 0.712891 0.810937 0.711914
1 0.760938 0.76709 0.760547 0.767578 0.760547 0.77002 0.761328 0.770996 0.762891 0.770996 0.763281 0.770508 0.764062 0.770508 0.764453 0.770996 0.766797 0.770996 0.767969 0.772461 0.76875 0.772461 0.769141 0.772949 0.769922 0.772949 0.770312 0.773438 0.770703 0.773438 0.771094 0.773926 0.772656 0.773926 0.773047 0.774414 0.773828 0.774414 0.774219 0.774902 0.774609 0.774902 0.775 0.775391 0.775391 0.775391 0.775781 0.775879 0.776172 0.775879 0.776563 0.776367 0.778125 0.776367 0.778516 0.776855 0.778906 0.776855 0.779297 0.777344 0.780469 0.777344 0.780859 0.777832 0.781641 0.777832 0.782031 0.77832 0.782422 0.77832 0.782813 0.778809 0.783203 0.778809 0.783984 0.779785 0.784375 0.779785 0.784766 0.780273 0.785156 0.780273 0.785937 0.78125 0.786719 0.78125 0.787109 0.781738 0.7875 0.781738 0.787891 0.782227 0.788672 0.782227 0.789062 0.782715 0.789453 0.782715 0.790234 0.783691 0.790625 0.783691 0.791016 0.78418 0.792188 0.78418 0.792969 0.785156 0.79375 0.785156 0.794141 0.785645 0.797266 0.785645 0.797656 0.786133 0.8 0.786133 0.800781 0.785156 0.800781 0.782715 0.8 0.781738 0.798828 0.781738 0.798438 0.78125 0.798047 0.78125 0.797266 0.780273 0.796875 0.780273 0.796484 0.779785 0.796094 0.779785 0.795703 0.779297 0.795312 0.779297 0.794922 0.778809 0.794531 0.778809 0.793359 0.777344 0.792578 0.777344 0.791797 0.776367 0.791406 0.776367 0.790625 0.775391 0.790234 0.775391 0.789844 0.774902 0.789453 0.774902 0.789062 0.774414 0.788672 0.774414 0.788281 0.773926 0.787891 0.773926 0.7875 0.773438 0.787109 0.773438 0.786719 0.772949 0.785547 0.772949 0.785156 0.772461 0.784375 0.772461 0.783984 0.771973 0.783203 0.771973 0.782813 0.771484 0.782422 0.771484 0.782031 0.770996 0.781641 0.770996 0.780469 0.769531 0.780078 0.769531 0.779687 0.769043 0.778516 0.769043 0.778125 0.768555 0.777344 0.768555 0.776953 0.768066 0.775391 0.768066 0.775 0.767578 0.773438 0.767578 0.773047 0.76709
1 0.746875 0.773926 0.746094 0.774902 0.746094 0.777344 0.746484 0.777832 0.746094 0.77832 0.746094 0.780273 0.746875 0.78125 0.746875 0.782715 0.747656 0.783691 0.747656 0.784668 0.748047 0.785156 0.748047 0.786133 0.748437 0.786621 0.748437 0.787109 0.748828 0.787598 0.748828 0.788574 0.749609 0.789551 0.749609 0.790039 0.75 0.790527 0.75 0.791016 0.750391 0.791504 0.750391 0.791992 0.752344 0.794434 0.752734 0.794434 0.754687 0.796875 0.755078 0.796875 0.75625 0.79834 0.756641 0.79834 0.757031 0.798828 0.757422 0.798828 0.758594 0.800293 0.758984 0.800293 0.759375 0.800781 0.759766 0.800781 0.760156 0.80127 0.760547 0.80127 0.760938 0.801758 0.761719 0.801758 0.762109 0.802246 0.763281 0.802246 0.763672 0.802734 0.765234 0.802734 0.765625 0.803223 0.773047 0.803223 0.773828 0.802246 0.773828 0.800293 0.773047 0.799316 0.771484 0.799316 0.770703 0.79834 0.769922 0.79834 0.769141 0.797363 0.767578 0.797363 0.767188 0.796875 0.766406 0.796875 0.766016 0.796387 0.765625 0.796387 0.765234 0.795898 0.764453 0.795898 0.763672 0.794922 0.763281 0.794922 0.761719 0.792969 0.761328 0.792969 0.758594 0.789551 0.758203 0.789551 0.756641 0.787598 0.75625 0.787598 0.753125 0.783691 0.753125 0.783203 0.751953 0.781738 0.751563 0.781738 0.751172 0.78125 0.751172 0.780762 0.750391 0.779785 0.750391 0.779297 0.749609 0.77832 0.749609 0.775879 0.749219 0.775391 0.749219 0.774902 0.748437 0.773926
1 0.750781 0.774414 0.75 0.775391 0.75 0.779785 0.750391 0.780273 0.750391 0.780762 0.751563 0.782227 0.751563 0.782715 0.753906 0.785645 0.754297 0.785645 0.755859 0.787598 0.75625 0.787598 0.756641 0.788086 0.757031 0.788086 0.757812 0.789062 0.758203 0.789062 0.758594 0.789551 0.758984 0.789551 0.759766 0.790527 0.760156 0.790527 0.760938 0.791504 0.762109 0.791504 0.7625 0.791992 0.763281 0.791992 0.764062 0.792969 0.764844 0.792969 0.765234 0.793457 0.765625 0.793457 0.766406 0.794434 0.767969 0.794434 0.768359 0.794922 0.769531 0.794922 0.769922 0.79541 0.771484 0.79541 0.771875 0.795898 0.773047 0.795898 0.773438 0.796387 0.774219 0.796387 0.774609 0.796875 0.775781 0.796875 0.776172 0.797363 0.776953 0.797363 0.777344 0.797852 0.778125 0.797852 0.778516 0.79834 0.779297 0.79834 0.779687 0.798828 0.780078 0.798828 0.780469 0.799316 0.781641 0.799316 0.782031 0.799805 0.782813 0.799805 0.783203 0.800293 0.784766 0.800293 0.785547 0.799316 0.785547 0.796875 0.785156 0.796387 0.785156 0.79541 0.784766 0.794922 0.784766 0.794434 0.784375 0.793945 0.784375 0.793457 0.782422 0.791016 0.781641 0.791016 0.78125 0.790527 0.775781 0.790527 0.775391 0.790039 0.775 0.790039 0.774609 0.789551 0.773828 0.789551 0.773438 0.789062 0.773047 0.789062 0.772266 0.788086 0.771875 0.788086 0.770312 0.786133 0.769922 0.786133 0.769531 0.785645 0.769141 0.785645 0.76875 0.785156 0.768359 0.785156 0.767578 0.78418 0.766797 0.78418 0.766406 0.783691 0.766016 0.783691 0.765625 0.783203 0.764453 0.783203 0.764062 0.782715 0.763281 0.782715 0.762891 0.782227 0.7625 0.782227 0.761328 0.780762 0.760938 0.780762 0.760547 0.780273 0.760156 0.780273 0.758594 0.77832 0.758203 0.77832 0.757422 0.777344 0.757031 0.777344 0.756641 0.776855 0.75625 0.776855 0.755859 0.776367 0.755469 0.776367 0.755078 0.775879 0.754687 0.775879 0.753906 0.774902 0.753125 0.774902 0.752734 0.774414
1 0.740625 0.766602 0.739844 0.767578 0.739844 0.768066 0.739453 0.768555 0.739453 0.770508 0.740234 0.771484 0.741016 0.771484 0.741406 0.771973 0.742188 0.771973 0.742578 0.772461 0.742969 0.772461 0.743359 0.772949 0.744141 0.772949 0.744531 0.773438 0.744922 0.773438 0.745313 0.773926 0.746484 0.773926 0.746875 0.774414 0.747656 0.774414 0.748047 0.774902 0.748437 0.774902 0.748828 0.775391 0.749609 0.775391 0.75 0.775879 0.750781 0.775879 0.751172 0.776367 0.752344 0.776367 0.752734 0.776855 0.753906 0.776855 0.754297 0.777344 0.755078 0.777344 0.755469 0.777832 0.758203 0.777832 0.758594 0.77832 0.765234 0.77832 0.765625 0.777832 0.766406 0.777832 0.767578 0.776367 0.767578 0.771973 0.767188 0.771484 0.767188 0.770996 0.766406 0.77002 0.762109 0.77002 0.761719 0.769531 0.75625 0.769531 0.755859 0.769043 0.752344 0.769043 0.751953 0.768555 0.750781 0.768555 0.750391 0.768066 0.749609 0.768066 0.749219 0.767578 0.748828 0.767578 0.748437 0.76709 0.742969 0.76709 0.742578 0.766602
1 0.713281 0.725586 0.712109 0.727051 0.711719 0.727051 0.710547 0.728516 0.710156 0.728516 0.708203 0.730957 0.707812 0.730957 0.705078 0.734375 0.704688 0.734375 0.704297 0.734863 0.703906 0.734863 0.702344 0.736816 0.701953 0.736816 0.700391 0.73877 0.7 0.73877 0.699219 0.739746 0.698828 0.739746 0.698047 0.740723 0.697656 0.740723 0.696875 0.741699 0.696484 0.741699 0.696094 0.742188 0.695312 0.742188 0.693359 0.744629 0.692969 0.744629 0.691406 0.746582 0.691016 0.746582 0.688281 0.75 0.688281 0.750488 0.687891 0.750977 0.687891 0.75293 0.688672 0.753906 0.691016 0.753906 0.691406 0.753418 0.691797 0.753418 0.692187 0.75293 0.693359 0.75293 0.69375 0.752441 0.694141 0.752441 0.694531 0.751953 0.695312 0.751953 0.695703 0.751465 0.696094 0.751465 0.696484 0.750977 0.697266 0.750977 0.697656 0.750488 0.698047 0.750488 0.698438 0.75 0.698828 0.75 0.699219 0.749512 0.699609 0.749512 0.7 0.749023 0.700391 0.749023 0.700781 0.748535 0.701172 0.748535 0.703125 0.746094 0.703516 0.746094 0.705078 0.744141 0.705469 0.744141 0.706641 0.742676 0.707031 0.742676 0.7125 0.73584 0.712891 0.73584 0.713672 0.734863 0.714063 0.734863 0.714844 0.733887 0.715234 0.733887 0.716406 0.732422 0.716797 0.732422 0.717187 0.731934 0.717578 0.731934 0.718359 0.730957 0.718359 0.730469 0.719531 0.729004 0.719531 0.726562 0.71875 0.725586
2 0.696094 0.701172 0.695312 0.702148 0.695312 0.709961 0.694922 0.710449 0.694922 0.716309 0.695312 0.716797 0.695312 0.717773 0.695703 0.718262 0.695703 0.722656 0.696094 0.723145 0.696094 0.724121 0.696484 0.724609 0.696484 0.725098 0.696875 0.725586 0.696875 0.726562 0.697656 0.727539 0.697656 0.728027 0.699219 0.72998 0.699219 0.730469 0.7 0.731445 0.700391 0.731445 0.700781 0.731934 0.701172 0.731934 0.701953 0.73291 0.702344 0.73291 0.702734 0.733398 0.703125 0.733398 0.703906 0.734375 0.704688 0.734375 0.705469 0.735352 0.705859 0.735352 0.706641 0.736328 0.706641 0.736816 0.708984 0.739746 0.712109 0.739746 0.713672 0.737793 0.713672 0.733398 0.713281 0.73291 0.713281 0.731445 0.711328 0.729004 0.710938 0.729004 0.709766 0.727539 0.709375 0.727539 0.707031 0.724609 0.706641 0.724609 0.70625 0.724121 0.70625 0.723633 0.705859 0.723145 0.705859 0.722656 0.705078 0.72168 0.704688 0.72168 0.702734 0.719238 0.701953 0.719238 0.701562 0.71875 0.701562 0.718262 0.701172 0.717773 0.701172 0.716797 0.700781 0.716309 0.700781 0.714355 0.700391 0.713867 0.700391 0.711914 0.7 0.711426 0.7 0.708984 0.699609 0.708496 0.699609 0.708008 0.699219 0.70752 0.699219 0.706055 0.698828 0.705566 0.698828 0.703613 0.698438 0.703125 0.698438 0.702148 0.697656 0.701172
1 0.682031 0.688477 0.680859 0.689941 0.680078 0.689941 0.679297 0.690918 0.679297 0.692871 0.679688 0.693359 0.679688 0.693848 0.680078 0.694336 0.680078 0.695312 0.682031 0.697754 0.682031 0.698242 0.682422 0.69873 0.682422 0.699219 0.683203 0.700195 0.683203 0.700684 0.683594 0.701172 0.683594 0.70166 0.686719 0.705566 0.6875 0.705566 0.688281 0.706543 0.690234 0.706543 0.690625 0.707031 0.691406 0.707031 0.691797 0.70752 0.692187 0.70752 0.692578 0.708008 0.692969 0.708008 0.69375 0.708984 0.694141 0.708984 0.694922 0.709961 0.695703 0.709961 0.696094 0.710449 0.698438 0.710449 0.699609 0.708984 0.699609 0.708496 0.7 0.708008 0.7 0.705078 0.699219 0.704102 0.698828 0.704102 0.698438 0.703613 0.698047 0.703613 0.697266 0.702637 0.696484 0.702637 0.695312 0.701172 0.694922 0.701172 0.69375 0.699707 0.693359 0.699707 0.692187 0.698242 0.692187 0.697754 0.691406 0.696777 0.691406 0.696289 0.689844 0.694336 0.689844 0.693848 0.688672 0.692383 0.688672 0.691895 0.688281 0.691406 0.688281 0.690918 0.686328 0.688477
1 0.487109 0.941895 0.486719 0.942383 0.485156 0.942383 0.484766 0.942871 0.483984 0.942871 0.483594 0.943359 0.483203 0.943359 0.482812 0.943848 0.482031 0.943848 0.481641 0.944336 0.480859 0.944336 0.480469 0.944824 0.472656 0.944824 0.472266 0.945312 0.471875 0.945312 0.471094 0.946289 0.470703 0.946289 0.470313 0.946777 0.469922 0.946777 0.469531 0.947266 0.469141 0.947266 0.468359 0.948242 0.468359 0.950684 0.469141 0.95166 0.470703 0.95166 0.471484 0.950684 0.472266 0.950684 0.472656 0.950195 0.473047 0.950195 0.473438 0.949707 0.479297 0.949707 0.479687 0.949219 0.4875 0.949219 0.487891 0.94873 0.495703 0.94873 0.496094 0.948242 0.496484 0.948242 0.497266 0.947266 0.497266 0.944824 0.496094 0.943359 0.495703 0.943359 0.494922 0.942383 0.494531 0.942383 0.494141 0.941895
1 0.695312 0.690918 0.694922 0.691406 0.694922 0.691895 0.694531 0.692383 0.694531 0.693359 0.696094 0.695312 0.696875 0.695312 0.698047 0.696777 0.698438 0.696777 0.699219 0.697754 0.699609 0.697754 0.700391 0.69873 0.701172 0.69873 0.701562 0.699219 0.701953 0.699219 0.702344 0.699707 0.702734 0.699707 0.703906 0.701172 0.704688 0.701172 0.705078 0.70166 0.705469 0.70166 0.705859 0.702148 0.70625 0.702148 0.707031 0.703125 0.707812 0.703125 0.708203 0.703613 0.708594 0.703613 0.709375 0.70459 0.709766 0.70459 0.710938 0.706055 0.711328 0.706055 0.711719 0.706543 0.7125 0.706543 0.712891 0.707031 0.713281 0.707031 0.714063 0.708008 0.714844 0.708008 0.715234 0.708496 0.715625 0.708496 0.716406 0.709473 0.716797 0.709473 0.717187 0.709961 0.717578 0.709961 0.718359 0.710938 0.71875 0.710938 0.719922 0.712402 0.720313 0.712402 0.721875 0.714355 0.722266 0.714355 0.722656 0.714844 0.723047 0.714844 0.725 0.717285 0.725 0.717773 0.726562 0.719727 0.726562 0.720215 0.727344 0.721191 0.727344 0.72168 0.728125 0.722656 0.728125 0.723145 0.728516 0.723633 0.728516 0.724121 0.729297 0.725098 0.729297 0.726074 0.729688 0.726562 0.729688 0.727051 0.730078 0.727539 0.730078 0.728516 0.730469 0.729004 0.730469 0.72998 0.730859 0.730469 0.730859 0.730957 0.731641 0.731934 0.731641 0.73291 0.733594 0.735352 0.735938 0.735352 0.736328 0.734863 0.736719 0.734863 0.737891 0.733398 0.737891 0.729004 0.7375 0.728516 0.7375 0.727539 0.737109 0.727051 0.737109 0.726074 0.736719 0.725586 0.736719 0.724121 0.735938 0.723145 0.735938 0.722168 0.735547 0.72168 0.735547 0.721191 0.733984 0.719238 0.733984 0.718262 0.733203 0.717285 0.733203 0.716797 0.732422 0.71582 0.732422 0.715332 0.730078 0.712402 0.729688 0.712402 0.728516 0.710938 0.728516 0.710449 0.727344 0.708984 0.726953 0.708984 0.725 0.706543 0.724219 0.706543 0.723437 0.705566 0.723047 0.705566 0.722656 0.705078 0.722266 0.705078 0.721875 0.70459 0.721484 0.70459 0.721094 0.704102 0.720703 0.704102 0.720313 0.703613 0.719531 0.703613 0.718359 0.702148 0.717969 0.702148 0.717578 0.70166 0.717187 0.70166 0.716797 0.701172 0.716016 0.701172 0.715234 0.700195 0.714844 0.700195 0.714453 0.699707 0.714063 0.699707 0.713672 0.699219 0.7125 0.699219 0.712109 0.69873 0.711719 0.69873 0.711328 0.698242 0.710938 0.698242 0.710547 0.697754 0.709766 0.697754 0.709375 0.697266 0.708594 0.697266 0.708203 0.696777 0.707031 0.696777 0.706641 0.696289 0.70625 0.696289 0.705469 0.695312 0.705078 0.695312 0.704688 0.694824 0.703516 0.694824 0.703125 0.694336 0.702734 0.694336 0.702344 0.693848 0.701953 0.693848 0.701562 0.693359 0.701172 0.693359 0.700781 0.692871 0.700391 0.692871 0.7 0.692383 0.699609 0.692383 0.699219 0.691895 0.698828 0.691895 0.698438 0.691406 0.698047 0.691406 0.697656 0.690918
1 0.700781 0.695312 0.7 0.696289 0.7 0.705566 0.700391 0.706055 0.700391 0.707031 0.700781 0.70752 0.700781 0.708008 0.702734 0.710449 0.702734 0.710938 0.706641 0.71582 0.707031 0.71582 0.709375 0.71875 0.709766 0.71875 0.710156 0.719238 0.710547 0.719238 0.710938 0.719727 0.711328 0.719727 0.711719 0.720215 0.712109 0.720215 0.712891 0.721191 0.713281 0.721191 0.714063 0.722168 0.714453 0.722168 0.715625 0.723633 0.716016 0.723633 0.719141 0.727539 0.719531 0.727539 0.720313 0.728516 0.720703 0.728516 0.721094 0.729004 0.721484 0.729004 0.721875 0.729492 0.724219 0.729492 0.725391 0.728027 0.725391 0.725098 0.719141 0.717285 0.71875 0.717285 0.717187 0.715332 0.716797 0.715332 0.714063 0.711914 0.713672 0.711914 0.712891 0.710938 0.7125 0.710938 0.712109 0.710449 0.711719 0.710449 0.710938 0.709473 0.710547 0.709473 0.709766 0.708496 0.709375 0.708496 0.708984 0.708008 0.708594 0.708008 0.707812 0.707031 0.707422 0.707031 0.705078 0.704102 0.705078 0.703613 0.704688 0.703125 0.704688 0.702148 0.704297 0.70166 0.704297 0.701172 0.703906 0.700684 0.703906 0.699707 0.703516 0.699219 0.703516 0.69873 0.703125 0.698242 0.703125 0.696289 0.702344 0.695312
1 0.726562 0.681152 0.725781 0.682129 0.725781 0.683594 0.725391 0.684082 0.725391 0.69043 0.725 0.690918 0.725 0.693359 0.724609 0.693848 0.724609 0.695801 0.724219 0.696289 0.724219 0.697754 0.723828 0.698242 0.723828 0.69873 0.723437 0.699219 0.723437 0.703125 0.723047 0.703613 0.723047 0.706543 0.722656 0.707031 0.722656 0.70752 0.722266 0.708008 0.722266 0.709473 0.721875 0.709961 0.721875 0.710938 0.721484 0.711426 0.721484 0.713867 0.721094 0.714355 0.721094 0.718262 0.720703 0.71875 0.720703 0.719238 0.720313 0.719727 0.720313 0.720703 0.719922 0.721191 0.719922 0.722656 0.719531 0.723145 0.719531 0.723633 0.719141 0.724121 0.719141 0.725098 0.71875 0.725586 0.71875 0.728516 0.719922 0.72998 0.721484 0.72998 0.724219 0.726562 0.724609 0.726562 0.726562 0.724121 0.726562 0.723633 0.727344 0.722656 0.727344 0.722168 0.728516 0.720703 0.728516 0.720215 0.728906 0.719727 0.728906 0.719238 0.729297 0.71875 0.729297 0.718262 0.729688 0.717773 0.729688 0.716797 0.730078 0.716309 0.730078 0.71582 0.730469 0.715332 0.730469 0.714355 0.730859 0.713867 0.730859 0.712891 0.73125 0.712402 0.73125 0.702637 0.730859 0.702148 0.730859 0.700195 0.730078 0.699219 0.730078 0.697266 0.729688 0.696777 0.729688 0.695312 0.729297 0.694824 0.729297 0.693359 0.728906 0.692871 0.728906 0.685059 0.728516 0.68457 0.728906 0.684082 0.728906 0.682129 0.728125 0.681152
1 0.731641 0.692383 0.73125 0.692871 0.730859 0.692871 0.730078 0.693848 0.730078 0.696777 0.730469 0.697266 0.730469 0.698242 0.730859 0.69873 0.730859 0.699707 0.73125 0.700195 0.73125 0.700684 0.731641 0.701172 0.731641 0.70166 0.732031 0.702148 0.732031 0.703613 0.732422 0.704102 0.732422 0.705566 0.732812 0.706055 0.732812 0.721191 0.732422 0.72168 0.732422 0.723145 0.732031 0.723633 0.732031 0.725098 0.731641 0.725586 0.731641 0.726074 0.73125 0.726562 0.73125 0.727539 0.730859 0.728027 0.730859 0.728516 0.730469 0.729004 0.730469 0.729492 0.730078 0.72998 0.730078 0.730469 0.728516 0.732422 0.728516 0.73291 0.727734 0.733887 0.727734 0.734375 0.727344 0.734863 0.727344 0.73877 0.728516 0.740234 0.728516 0.740723 0.728906 0.741211 0.728906 0.741699 0.729688 0.742676 0.731641 0.742676 0.732422 0.741699 0.732422 0.740723 0.732812 0.740234 0.732812 0.739746 0.733594 0.73877 0.733594 0.738281 0.734375 0.737305 0.734375 0.736328 0.735547 0.734863 0.735547 0.734375 0.737891 0.731445 0.737891 0.730469 0.738281 0.72998 0.738281 0.729492 0.738672 0.729004 0.738672 0.728516 0.739062 0.728027 0.739062 0.727539 0.739453 0.727051 0.739453 0.725586 0.739844 0.725098 0.739844 0.704102 0.739453 0.703613 0.739453 0.701172 0.739062 0.700684 0.739062 0.699219 0.738672 0.69873 0.738672 0.697754 0.738281 0.697266 0.738281 0.696289 0.737891 0.695801 0.737891 0.695312 0.7375 0.694824 0.7375 0.694336 0.737109 0.693848 0.737109 0.693359 0.736328 0.692383
2 0.745313 0.729492 0.744922 0.72998 0.744531 0.72998 0.74375 0.730957 0.74375 0.73291 0.744531 0.733887 0.745313 0.733887 0.745703 0.734375 0.747656 0.734375 0.748047 0.734863 0.749609 0.734863 0.75 0.735352 0.750781 0.735352 0.751172 0.73584 0.751563 0.73584 0.753125 0.737793 0.753125 0.738281 0.754297 0.739746 0.754297 0.740234 0.754687 0.740723 0.754687 0.741211 0.755859 0.742676 0.75625 0.742676 0.758203 0.745117 0.758594 0.745117 0.759375 0.746094 0.759766 0.746094 0.760156 0.746582 0.761328 0.746582 0.761719 0.74707 0.764062 0.74707 0.764453 0.747559 0.766406 0.747559 0.766797 0.748047 0.769922 0.748047 0.770312 0.748535 0.774609 0.748535 0.776172 0.746582 0.776172 0.744629 0.775391 0.743652 0.775391 0.743164 0.775 0.742676 0.775 0.742188 0.774219 0.741211 0.769922 0.741211 0.769531 0.740723 0.768359 0.740723 0.767969 0.740234 0.767578 0.740234 0.767188 0.739746 0.766406 0.739746 0.766016 0.739258 0.764844 0.739258 0.764062 0.738281 0.763672 0.738281 0.763281 0.737793 0.762891 0.737793 0.762109 0.736816 0.761719 0.736816 0.760156 0.734863 0.759766 0.734863 0.758984 0.733887 0.758594 0.733887 0.757031 0.731934 0.756641 0.731934 0.75625 0.731445 0.755859 0.731445 0.755469 0.730957 0.755078 0.730957 0.754687 0.730469 0.754297 0.730469 0.753906 0.72998 0.753125 0.72998 0.752734 0.729492
1 0.767969 0.68457 0.767578 0.685059 0.767188 0.685059 0.766406 0.686035 0.766016 0.686035 0.764844 0.6875 0.764453 0.6875 0.763281 0.688965 0.762891 0.688965 0.760156 0.692383 0.760156 0.692871 0.759375 0.693848 0.759375 0.694336 0.758984 0.694824 0.758984 0.695312 0.758203 0.696289 0.758203 0.697266 0.757812 0.697754 0.757812 0.699707 0.757422 0.700195 0.757422 0.700684 0.757031 0.701172 0.757031 0.702637 0.756641 0.703125 0.756641 0.704102 0.75625 0.70459 0.75625 0.712891 0.756641 0.713379 0.756641 0.713867 0.757031 0.714355 0.757031 0.716309 0.757422 0.716797 0.757422 0.717773 0.757812 0.718262 0.757812 0.719238 0.758203 0.719727 0.758203 0.721191 0.758594 0.72168 0.758594 0.722656 0.758984 0.723145 0.758984 0.723633 0.759375 0.724121 0.759375 0.724609 0.759766 0.725098 0.759766 0.725586 0.760156 0.726074 0.760156 0.726562 0.760938 0.727539 0.760938 0.728027 0.761328 0.728516 0.761328 0.729004 0.761719 0.729492 0.761719 0.72998 0.764453 0.733398 0.764844 0.733398 0.765234 0.733887 0.766016 0.733887 0.766406 0.734375 0.767969 0.734375 0.76875 0.733398 0.76875 0.727539 0.768359 0.727051 0.768359 0.726074 0.767969 0.725586 0.767969 0.725098 0.767188 0.724121 0.767188 0.723145 0.766797 0.722656 0.766797 0.722168 0.766406 0.72168 0.766406 0.720703 0.766016 0.720215 0.766016 0.719727 0.765625 0.719238 0.765625 0.71875 0.765234 0.718262 0.765234 0.716797 0.764844 0.716309 0.764844 0.71582 0.764453 0.715332 0.764453 0.710449 0.764062 0.709961 0.764062 0.699707 0.764453 0.699219 0.764453 0.697754 0.764844 0.697266 0.764844 0.696777 0.765625 0.695801 0.765625 0.695312 0.766406 0.694336 0.766406 0.693848 0.767188 0.692871 0.767188 0.692383 0.767969 0.691406 0.767969 0.690918 0.76875 0.689941 0.76875 0.689453 0.770312 0.6875 0.770312 0.685547 0.769531 0.68457
1 0.771875 0.69873 0.771094 0.699707 0.770703 0.699707 0.769922 0.700684 0.769922 0.701172 0.769531 0.70166 0.769531 0.702148 0.769141 0.702637 0.769141 0.703125 0.768359 0.704102 0.768359 0.70459 0.767969 0.705078 0.767969 0.724121 0.767578 0.724609 0.767578 0.725098 0.767188 0.725586 0.767188 0.726562 0.766797 0.727051 0.766797 0.727539 0.766016 0.728516 0.766016 0.729004 0.765625 0.729492 0.765625 0.72998 0.764844 0.730957 0.764844 0.731934 0.764062 0.73291 0.764062 0.733398 0.763672 0.733887 0.763672 0.734375 0.763281 0.734863 0.763281 0.736328 0.762891 0.736816 0.762891 0.737305 0.7625 0.737793 0.7625 0.740723 0.763281 0.741699 0.764844 0.741699 0.765625 0.740723 0.765625 0.740234 0.766016 0.739746 0.766406 0.739746 0.767188 0.73877 0.767578 0.73877 0.771094 0.734375 0.771094 0.733887 0.772266 0.732422 0.772266 0.730957 0.773047 0.72998 0.773047 0.727539 0.773438 0.727051 0.773438 0.724121 0.773828 0.723633 0.773828 0.716309 0.774219 0.71582 0.774219 0.702148 0.774609 0.70166 0.774609 0.699707 0.773828 0.69873
1 0.794141 0.679688 0.793359 0.680664 0.793359 0.681152 0.792578 0.682129 0.792578 0.682617 0.792188 0.683105 0.792188 0.684082 0.791797 0.68457 0.791797 0.685547 0.791406 0.686035 0.791406 0.687988 0.791016 0.688477 0.791016 0.688965 0.790625 0.689453 0.790625 0.69043 0.790234 0.690918 0.790234 0.691406 0.789844 0.691895 0.789844 0.692383 0.789453 0.692871 0.789453 0.693359 0.783984 0.700195 0.783594 0.700195 0.782031 0.702148 0.78125 0.702148 0.780469 0.703125 0.780078 0.703125 0.779297 0.704102 0.778906 0.704102 0.778516 0.70459 0.778125 0.70459 0.777734 0.705078 0.776953 0.705078 0.776172 0.706055 0.775391 0.706055 0.775 0.706543 0.773047 0.706543 0.772656 0.707031 0.771094 0.707031 0.770312 0.708008 0.770312 0.708496 0.769922 0.708984 0.769922 0.711426 0.771094 0.712891 0.771875 0.712891 0.772266 0.713379 0.773438 0.713379 0.773828 0.713867 0.777344 0.713867 0.777734 0.713379 0.778516 0.713379 0.778906 0.712891 0.779297 0.712891 0.779687 0.712402 0.780078 0.712402 0.780469 0.711914 0.78125 0.711914 0.782031 0.710938 0.782422 0.710938 0.782813 0.710449 0.783203 0.710449 0.784375 0.708984 0.784766 0.708984 0.79375 0.697754 0.794141 0.697754 0.794922 0.696777 0.794922 0.696289 0.796875 0.693848 0.796875 0.693359 0.797266 0.692871 0.797266 0.692383 0.797656 0.691895 0.797656 0.691406 0.798438 0.69043 0.798438 0.689453 0.798828 0.688965 0.798828 0.682617 0.798047 0.681641 0.796875 0.681641 0.796484 0.681152 0.796484 0.680664 0.795703 0.679688
1 0.759375 0.6875 0.757422 0.689941 0.757422 0.692383 0.757812 0.692871 0.757812 0.693848 0.758203 0.694336 0.758203 0.694824 0.758594 0.695312 0.758594 0.695801 0.759375 0.696777 0.759375 0.697754 0.760156 0.69873 0.760156 0.699707 0.760547 0.700195 0.760547 0.700684 0.760938 0.701172 0.760938 0.70166 0.761328 0.702148 0.761328 0.702637 0.761719 0.703125 0.761719 0.704102 0.762109 0.70459 0.762109 0.705078 0.7625 0.705566 0.7625 0.706543 0.762891 0.707031 0.762891 0.70752 0.763281 0.708008 0.763281 0.708496 0.763672 0.708984 0.763672 0.709961 0.764453 0.710938 0.764453 0.711426 0.765234 0.712402 0.765234 0.712891 0.766016 0.713867 0.766016 0.714844 0.766406 0.715332 0.766406 0.71582 0.766797 0.716309 0.766797 0.716797 0.767188 0.717285 0.767188 0.717773 0.767578 0.718262 0.767578 0.71875 0.767969 0.719238 0.767969 0.720215 0.768359 0.720703 0.768359 0.721191 0.76875 0.72168 0.76875 0.722168 0.769141 0.722656 0.769141 0.723145 0.769531 0.723633 0.769531 0.724609 0.769922 0.725098 0.769922 0.726074 0.770312 0.726562 0.770312 0.727051 0.771875 0.729004 0.772656 0.729004 0.773047 0.729492 0.775 0.729492 0.775781 0.728516 0.775781 0.727539 0.776172 0.727051 0.776172 0.723145 0.775781 0.722656 0.775781 0.722168 0.775 0.721191 0.775 0.720215 0.774609 0.719727 0.774609 0.718262 0.774219 0.717773 0.774219 0.714355 0.773828 0.713867 0.773828 0.711914 0.773438 0.711426 0.773438 0.709961 0.773047 0.709473 0.773047 0.708984 0.772656 0.708496 0.772656 0.708008 0.771875 0.707031 0.771875 0.706055 0.771484 0.705566 0.771484 0.705078 0.771094 0.70459 0.771094 0.703613 0.770703 0.703125 0.770703 0.702148 0.769922 0.701172 0.769922 0.700684 0.769531 0.700195 0.769531 0.699707 0.76875 0.69873 0.76875 0.698242 0.768359 0.697754 0.768359 0.697266 0.767578 0.696289 0.767578 0.695801 0.766016 0.693848 0.766016 0.693359 0.764453 0.691406 0.764453 0.690918 0.7625 0.688477 0.762109 0.688477 0.761328 0.6875
1 0.782031 0.640137 0.78125 0.641113 0.78125 0.641602 0.780469 0.642578 0.780469 0.643555 0.780078 0.644043 0.780078 0.644531 0.779687 0.64502 0.779687 0.645996 0.779297 0.646484 0.779297 0.647461 0.778906 0.647949 0.778906 0.648926 0.778516 0.649414 0.778516 0.650391 0.778125 0.650879 0.778125 0.652344 0.777734 0.652832 0.777734 0.663574 0.778125 0.664062 0.778125 0.665527 0.778516 0.666016 0.778516 0.666992 0.778906 0.66748 0.778906 0.667969 0.779297 0.668457 0.779297 0.671387 0.779687 0.671875 0.779687 0.67334 0.780078 0.673828 0.780078 0.675781 0.780469 0.67627 0.780469 0.677734 0.780859 0.678223 0.780859 0.678711 0.78125 0.679199 0.78125 0.680664 0.781641 0.681152 0.781641 0.683594 0.782031 0.684082 0.782031 0.685547 0.782422 0.686035 0.782422 0.687012 0.782813 0.6875 0.782813 0.687988 0.783203 0.688477 0.783203 0.688965 0.783594 0.689453 0.783594 0.689941 0.785156 0.691895 0.787891 0.691895 0.789844 0.689453 0.789844 0.685547 0.789062 0.68457 0.789062 0.680664 0.788672 0.680176 0.788672 0.67627 0.788281 0.675781 0.788281 0.67334 0.7875 0.672363 0.7875 0.671875 0.787109 0.671387 0.787109 0.67041 0.786719 0.669922 0.786719 0.668945 0.786328 0.668457 0.786328 0.666992 0.785937 0.666504 0.785937 0.665527 0.785547 0.665039 0.785547 0.663574 0.785156 0.663086 0.785156 0.661621 0.784766 0.661133 0.784766 0.659668 0.784375 0.65918 0.784375 0.657715 0.784766 0.657227 0.784766 0.653809 0.785156 0.65332 0.785156 0.645996 0.785547 0.645508 0.785547 0.641602 0.784766 0.640625 0.784375 0.640625 0.783984 0.640137
1 0.750391 0.649414 0.748437 0.651855 0.748437 0.652344 0.748047 0.652832 0.748047 0.65332 0.747656 0.653809 0.747656 0.654785 0.747266 0.655273 0.747266 0.666992 0.747656 0.66748 0.747656 0.669434 0.748047 0.669922 0.748047 0.67041 0.748437 0.670898 0.748437 0.671387 0.750391 0.673828 0.750781 0.673828 0.751953 0.675293 0.752344 0.675293 0.752734 0.675781 0.754297 0.675781 0.754687 0.67627 0.757812 0.67627 0.758984 0.674805 0.759766 0.674805 0.760547 0.673828 0.7625 0.673828 0.762891 0.674316 0.763281 0.674316 0.763672 0.674805 0.766406 0.674805 0.767188 0.673828 0.767188 0.671387 0.766016 0.669922 0.765234 0.669922 0.764844 0.669434 0.758594 0.669434 0.758203 0.668945 0.75625 0.668945 0.754687 0.666992 0.754687 0.666504 0.754297 0.666016 0.754297 0.665527 0.753906 0.665039 0.753906 0.664551 0.753516 0.664062 0.753516 0.663574 0.753125 0.663086 0.753125 0.662109 0.752734 0.661621 0.752734 0.661133 0.752344 0.660645 0.752344 0.659668 0.751953 0.65918 0.751953 0.657715 0.751563 0.657227 0.751563 0.654297 0.752344 0.65332 0.752344 0.652832 0.752734 0.652344 0.752734 0.650391 0.751953 0.649414
1 0.753125 0.655273 0.752734 0.655762 0.750781 0.655762 0.750391 0.65625 0.75 0.65625 0.749609 0.656738 0.749219 0.656738 0.748828 0.657227 0.748437 0.657227 0.748047 0.657715 0.747656 0.657715 0.747266 0.658203 0.746875 0.658203 0.745313 0.660156 0.744922 0.660156 0.74375 0.661621 0.743359 0.661621 0.742578 0.662598 0.742188 0.662598 0.741406 0.663574 0.741406 0.665527 0.742188 0.666504 0.744531 0.666504 0.744922 0.666016 0.746094 0.666016 0.746484 0.665527 0.748047 0.665527 0.748437 0.665039 0.749609 0.665039 0.75 0.664551 0.751563 0.664551 0.751953 0.664062 0.753906 0.664062 0.754297 0.663574 0.757031 0.663574 0.757422 0.664062 0.757812 0.664062 0.758203 0.664551 0.767188 0.664551 0.767578 0.665039 0.76875 0.665039 0.769141 0.665527 0.770703 0.665527 0.771094 0.666016 0.772266 0.666016 0.773047 0.666992 0.773438 0.666992 0.773828 0.66748 0.774609 0.66748 0.776172 0.669434 0.777734 0.669434 0.778516 0.668457 0.778516 0.666016 0.777734 0.665039 0.777344 0.665039 0.776953 0.664551 0.776953 0.664062 0.774219 0.660645 0.773828 0.660645 0.773438 0.660156 0.773047 0.660156 0.772656 0.659668 0.772266 0.659668 0.770703 0.657715 0.767969 0.657715 0.767578 0.657227 0.764453 0.657227 0.764062 0.656738 0.762109 0.656738 0.761719 0.65625 0.761328 0.65625 0.760938 0.655762 0.760547 0.655762 0.760156 0.655273
1 0.745313 0.648926 0.742969 0.651855 0.742188 0.651855 0.741406 0.652832 0.741016 0.652832 0.740625 0.65332 0.739844 0.65332 0.739062 0.654297 0.738672 0.654297 0.738281 0.654785 0.7375 0.654785 0.737109 0.655273 0.736719 0.655273 0.736328 0.655762 0.735547 0.655762 0.735156 0.65625 0.734375 0.65625 0.733984 0.656738 0.733203 0.656738 0.732812 0.657227 0.732031 0.657227 0.731641 0.657715 0.730859 0.657715 0.730469 0.658203 0.729688 0.658203 0.728516 0.659668 0.727734 0.659668 0.727344 0.660156 0.726953 0.660156 0.726562 0.660645 0.726172 0.660645 0.725 0.662109 0.724609 0.662109 0.723828 0.663086 0.723828 0.663574 0.719922 0.668457 0.719531 0.668457 0.71875 0.669434 0.718359 0.669434 0.717578 0.67041 0.717578 0.671387 0.717187 0.671875 0.717187 0.672363 0.715625 0.674316 0.715625 0.676758 0.716406 0.677734 0.717969 0.677734 0.720313 0.674805 0.720703 0.674805 0.722656 0.672363 0.723047 0.672363 0.724219 0.670898 0.724609 0.670898 0.725781 0.669434 0.726172 0.669434 0.727344 0.667969 0.727734 0.667969 0.728516 0.666992 0.728906 0.666992 0.729688 0.666016 0.730469 0.666016 0.73125 0.665039 0.731641 0.665039 0.732031 0.664551 0.732422 0.664551 0.733203 0.663574 0.733984 0.663574 0.734766 0.662598 0.735547 0.662598 0.735938 0.662109 0.736328 0.662109 0.736719 0.661621 0.7375 0.661621 0.737891 0.661133 0.738672 0.661133 0.739062 0.660645 0.741016 0.660645 0.741406 0.660156 0.741797 0.660156 0.742188 0.659668 0.743359 0.659668 0.74375 0.65918 0.744531 0.65918 0.744922 0.658691 0.745703 0.658691 0.746094 0.658203 0.746484 0.658203 0.747266 0.657227 0.747656 0.657227 0.748828 0.655762 0.748828 0.655273 0.749219 0.654785 0.749219 0.654297 0.749609 0.653809 0.749609 0.650879 0.748828 0.649902 0.748437 0.649902 0.747656 0.648926
1 0.751953 0.636719 0.751172 0.637695 0.751172 0.638672 0.750781 0.63916 0.750781 0.639648 0.749609 0.641113 0.748828 0.641113 0.748437 0.641602 0.748047 0.641602 0.747656 0.64209 0.746875 0.64209 0.746484 0.642578 0.746094 0.642578 0.745703 0.643066 0.745313 0.643066 0.744922 0.643555 0.73125 0.643555 0.730859 0.644043 0.729297 0.644043 0.728516 0.64502 0.728125 0.64502 0.727734 0.645508 0.727344 0.645508 0.723828 0.649902 0.723828 0.650391 0.722266 0.652344 0.722266 0.654297 0.723047 0.655273 0.726562 0.655273 0.726953 0.654785 0.727344 0.654785 0.727734 0.654297 0.728516 0.654297 0.728906 0.653809 0.729688 0.653809 0.730078 0.65332 0.730469 0.65332 0.730859 0.652832 0.731641 0.652832 0.732031 0.652344 0.733203 0.652344 0.733594 0.651855 0.744922 0.651855 0.745313 0.651367 0.746484 0.651367 0.747266 0.650391 0.747656 0.650391 0.748047 0.649902 0.748437 0.649902 0.748828 0.649414 0.749219 0.649414 0.75 0.648438 0.750391 0.648438 0.753906 0.644043 0.753906 0.641602 0.754297 0.641113 0.754297 0.637695 0.753516 0.636719
1 0.789844 0.638672 0.789453 0.63916 0.776953 0.63916 0.776563 0.639648 0.775781 0.639648 0.775391 0.640137 0.775 0.640137 0.774609 0.640625 0.774219 0.640625 0.773828 0.641113 0.773047 0.641113 0.772656 0.641602 0.772266 0.641602 0.771484 0.642578 0.771094 0.642578 0.770703 0.643066 0.770312 0.643066 0.769922 0.643555 0.769141 0.643555 0.767578 0.645508 0.767188 0.645508 0.765234 0.647949 0.764844 0.647949 0.762109 0.651367 0.762109 0.651855 0.761719 0.652344 0.761719 0.655273 0.7625 0.65625 0.764453 0.65625 0.765234 0.655273 0.765625 0.655273 0.766406 0.654297 0.766797 0.654297 0.768359 0.652344 0.76875 0.652344 0.769531 0.651367 0.769922 0.651367 0.770703 0.650391 0.771094 0.650391 0.771484 0.649902 0.771875 0.649902 0.772266 0.649414 0.772656 0.649414 0.773438 0.648438 0.773828 0.648438 0.774609 0.647461 0.775391 0.647461 0.775781 0.646973 0.776172 0.646973 0.776563 0.646484 0.777344 0.646484 0.777734 0.645996 0.778906 0.645996 0.779297 0.645508 0.78125 0.645508 0.781641 0.64502 0.785937 0.64502 0.786328 0.644531 0.7875 0.644531 0.787891 0.644043 0.788672 0.644043 0.789453 0.643066 0.791406 0.643066 0.791797 0.642578 0.792578 0.642578 0.793359 0.641602 0.793359 0.639648 0.792578 0.638672
1 0.876172 0.688477 0.873828 0.691406 0.873437 0.691406 0.873047 0.691895 0.872656 0.691895 0.872266 0.692383 0.871875 0.692383 0.870703 0.693848 0.870313 0.693848 0.869922 0.694336 0.869141 0.694336 0.86875 0.694824 0.868359 0.694824 0.867969 0.695312 0.867188 0.695312 0.866797 0.695801 0.866016 0.695801 0.865625 0.696289 0.863672 0.696289 0.863281 0.696777 0.85625 0.696777 0.855859 0.696289 0.854297 0.696289 0.852734 0.694336 0.85 0.694336 0.849609 0.694824 0.849219 0.694824 0.848437 0.695801 0.848437 0.69873 0.849219 0.699707 0.849609 0.699707 0.85 0.700195 0.853125 0.700195 0.853516 0.700684 0.853906 0.700684 0.854688 0.70166 0.855469 0.70166 0.855859 0.702148 0.857422 0.702148 0.857812 0.702637 0.867969 0.702637 0.868359 0.702148 0.869531 0.702148 0.869922 0.70166 0.871484 0.70166 0.871875 0.701172 0.872266 0.701172 0.872656 0.700684 0.873047 0.700684 0.873437 0.700195 0.873828 0.700195 0.874219 0.699707 0.874609 0.699707 0.875391 0.69873 0.875781 0.69873 0.876563 0.697754 0.876953 0.697754 0.877344 0.697266 0.877734 0.697266 0.878516 0.696289 0.878906 0.696289 0.879297 0.695801 0.879687 0.695801 0.881641 0.693359 0.881641 0.69043 0.880469 0.688965 0.878906 0.688965 0.878516 0.688477
1 0.835156 0.696777 0.834766 0.697266 0.832812 0.697266 0.832422 0.697754 0.831641 0.697754 0.83125 0.698242 0.830469 0.698242 0.829688 0.699219 0.828906 0.699219 0.828516 0.699707 0.828125 0.699707 0.827734 0.700195 0.827344 0.700195 0.826953 0.700684 0.826562 0.700684 0.825391 0.702148 0.825391 0.704102 0.826172 0.705078 0.832031 0.705078 0.832422 0.70459 0.835156 0.70459 0.835547 0.704102 0.839844 0.704102 0.840234 0.70459 0.841406 0.70459 0.841797 0.705078 0.842969 0.705078 0.843359 0.705566 0.84375 0.705566 0.844922 0.707031 0.845313 0.707031 0.846484 0.708496 0.846875 0.708496 0.847656 0.709473 0.857031 0.709473 0.857422 0.708984 0.863281 0.708984 0.864062 0.708008 0.864062 0.706055 0.862109 0.703613 0.861328 0.703613 0.860938 0.703125 0.854297 0.703125 0.853906 0.702637 0.853125 0.702637 0.852734 0.702148 0.851172 0.702148 0.850781 0.70166 0.850391 0.70166 0.85 0.701172 0.849609 0.701172 0.849219 0.700684 0.848828 0.700684 0.848437 0.700195 0.848047 0.700195 0.847656 0.699707 0.846875 0.699707 0.846484 0.699219 0.845703 0.699219 0.845313 0.69873 0.844922 0.69873 0.844531 0.698242 0.84375 0.698242 0.843359 0.697754 0.842969 0.697754 0.842578 0.697266 0.841016 0.697266 0.840625 0.696777
1 0.841016 0.680664 0.840625 0.681152 0.840234 0.681152 0.839453 0.682129 0.839063 0.682129 0.838672 0.682617 0.838281 0.682617 0.837891 0.683105 0.8375 0.683105 0.837109 0.683594 0.836719 0.683594 0.836328 0.684082 0.835938 0.684082 0.835547 0.68457 0.835156 0.68457 0.834375 0.685547 0.833984 0.685547 0.833203 0.686523 0.833203 0.688477 0.833594 0.688965 0.833594 0.689453 0.834375 0.69043 0.834766 0.69043 0.835156 0.690918 0.835547 0.690918 0.835938 0.691406 0.838281 0.691406 0.838672 0.690918 0.839844 0.690918 0.840234 0.69043 0.840625 0.69043 0.841016 0.689941 0.841797 0.689941 0.842187 0.69043 0.842187 0.692383 0.842578 0.692871 0.842578 0.693848 0.842969 0.694336 0.842969 0.694824 0.843359 0.695312 0.843359 0.696289 0.84375 0.696777 0.84375 0.697266 0.844141 0.697754 0.844141 0.69873 0.844922 0.699707 0.844922 0.700684 0.845313 0.701172 0.845313 0.70166 0.845703 0.702148 0.845703 0.702637 0.846094 0.703125 0.846094 0.705566 0.846484 0.706055 0.846484 0.714355 0.847266 0.715332 0.848828 0.715332 0.85 0.713867 0.85 0.713379 0.850391 0.712891 0.850391 0.710938 0.850781 0.710449 0.850781 0.694824 0.850391 0.694336 0.850391 0.690918 0.85 0.69043 0.85 0.689453 0.849609 0.688965 0.849609 0.688477 0.848437 0.687012 0.848437 0.686523 0.848047 0.686035 0.848047 0.685547 0.847266 0.68457 0.847266 0.684082 0.844531 0.680664
1 0.792188 0.649902 0.791797 0.650391 0.789062 0.650391 0.788281 0.651367 0.7875 0.651367 0.787109 0.651855 0.786719 0.651855 0.785937 0.652832 0.785937 0.654785 0.786719 0.655762 0.789062 0.655762 0.789453 0.655273 0.790234 0.655273 0.790625 0.654785 0.791406 0.654785 0.791797 0.654297 0.792188 0.654297 0.792578 0.654785 0.793359 0.654785 0.79375 0.655273 0.794531 0.655273 0.794922 0.655762 0.795703 0.655762 0.796094 0.65625 0.796484 0.65625 0.796875 0.656738 0.797266 0.656738 0.797656 0.657227 0.798438 0.657227 0.798828 0.657715 0.799219 0.657715 0.799609 0.658203 0.800391 0.658203 0.800781 0.658691 0.801953 0.658691 0.802344 0.65918 0.803906 0.65918 0.804297 0.659668 0.805469 0.659668 0.805859 0.660156 0.807813 0.660156 0.808203 0.660645 0.810547 0.660645 0.810937 0.661133 0.812891 0.661133 0.813281 0.661621 0.814063 0.661621 0.814453 0.662109 0.815234 0.662109 0.815625 0.662598 0.816016 0.662598 0.816406 0.663086 0.816797 0.663086 0.817187 0.663574 0.817969 0.663574 0.818359 0.664062 0.824609 0.664062 0.825391 0.663086 0.825391 0.661133 0.824609 0.660156 0.823047 0.660156 0.822656 0.659668 0.822266 0.659668 0.821875 0.65918 0.821484 0.65918 0.821094 0.658691 0.820312 0.658691 0.819922 0.658203 0.819141 0.658203 0.81875 0.657715 0.818359 0.657715 0.817969 0.657227 0.817578 0.657227 0.817187 0.656738 0.816797 0.656738 0.816406 0.65625 0.816016 0.65625 0.815234 0.655273 0.812891 0.655273 0.8125 0.654785 0.811719 0.654785 0.811328 0.654297 0.810937 0.654297 0.809766 0.652832 0.807813 0.652832 0.807422 0.652344 0.80625 0.652344 0.805859 0.651855 0.805078 0.651855 0.804688 0.651367 0.803516 0.651367 0.803125 0.650879 0.802344 0.650879 0.801953 0.650391 0.801562 0.650391 0.801172 0.649902
1 0.692578 0.606445 0.691797 0.607422 0.691797 0.621582 0.692187 0.62207 0.692187 0.623047 0.692578 0.623535 0.692578 0.624512 0.692969 0.625 0.692969 0.625977 0.69375 0.626953 0.69375 0.627441 0.694141 0.62793 0.694141 0.628418 0.694531 0.628906 0.694531 0.629395 0.694922 0.629883 0.694922 0.630371 0.695312 0.630859 0.695312 0.631348 0.695703 0.631836 0.695703 0.632324 0.696094 0.632812 0.696094 0.634766 0.696484 0.635254 0.696484 0.642578 0.696094 0.643066 0.696094 0.645508 0.695703 0.645996 0.695703 0.649414 0.696094 0.649902 0.696094 0.650879 0.696875 0.651855 0.696875 0.652832 0.698047 0.654297 0.698047 0.655273 0.698828 0.65625 0.698828 0.657227 0.699609 0.658203 0.699609 0.659668 0.7 0.660156 0.7 0.662109 0.700781 0.663086 0.702344 0.663086 0.703125 0.662109 0.703125 0.657715 0.702734 0.657227 0.702734 0.65625 0.702344 0.655762 0.702344 0.655273 0.701953 0.654785 0.701953 0.654297 0.701562 0.653809 0.701562 0.652832 0.701172 0.652344 0.701172 0.648438 0.701562 0.647949 0.701562 0.646973 0.701953 0.646484 0.701953 0.644043 0.702344 0.643555 0.702344 0.635742 0.701953 0.635254 0.701953 0.634766 0.701562 0.634277 0.701562 0.633789 0.701172 0.633301 0.701172 0.632812 0.700781 0.632324 0.700781 0.631836 0.700391 0.631348 0.700391 0.630859 0.699609 0.629883 0.699609 0.628906 0.698828 0.62793 0.698828 0.627441 0.698438 0.626953 0.698438 0.625977 0.698047 0.625488 0.698047 0.624512 0.697656 0.624023 0.697656 0.623047 0.697266 0.622559 0.697266 0.621094 0.696875 0.620605 0.696875 0.620117 0.696484 0.619629 0.696484 0.619141 0.696094 0.618652 0.696094 0.618164 0.695703 0.617676 0.695703 0.617188 0.695312 0.616699 0.695312 0.615723 0.694922 0.615234 0.694922 0.607422 0.694141 0.606445
2 0.71875 0.598145 0.717578 0.599609 0.717578 0.617676 0.717969 0.618164 0.717969 0.620117 0.718359 0.620605 0.718359 0.623047 0.71875 0.623535 0.71875 0.624512 0.719141 0.625 0.719141 0.625977 0.719531 0.626465 0.719531 0.627441 0.719922 0.62793 0.719922 0.628906 0.721094 0.630371 0.721094 0.630859 0.721875 0.631836 0.723437 0.631836 0.724219 0.630859 0.724219 0.630371 0.725 0.629395 0.725 0.623535 0.724609 0.623047 0.724609 0.620605 0.724219 0.620117 0.724219 0.619141 0.723828 0.618652 0.723828 0.617676 0.723437 0.617188 0.723437 0.616699 0.723047 0.616211 0.723047 0.614258 0.722656 0.61377 0.722656 0.612793 0.722266 0.612305 0.722266 0.611816 0.721875 0.611328 0.721875 0.610352 0.721484 0.609863 0.721484 0.608398 0.721094 0.60791 0.721094 0.606934 0.720703 0.606445 0.720703 0.601562 0.721094 0.601074 0.721094 0.599121 0.720313 0.598145
1 0.757422 0.615723 0.757031 0.616211 0.75625 0.616211 0.754687 0.618164 0.754297 0.618164 0.752734 0.620117 0.752734 0.620605 0.751953 0.621582 0.751563 0.621582 0.750781 0.622559 0.75 0.622559 0.749609 0.623047 0.748828 0.623047 0.748047 0.624023 0.747656 0.624023 0.746875 0.625 0.746094 0.625 0.745703 0.625488 0.744922 0.625488 0.744141 0.626465 0.743359 0.626465 0.742969 0.626953 0.742578 0.626953 0.742188 0.627441 0.741797 0.627441 0.740625 0.628906 0.740625 0.630859 0.741406 0.631836 0.743359 0.631836 0.74375 0.631348 0.749609 0.631348 0.75 0.630859 0.750781 0.630859 0.751172 0.630371 0.753906 0.630371 0.754687 0.629395 0.755469 0.629395 0.755859 0.628906 0.75625 0.628906 0.757812 0.626953 0.758203 0.626953 0.759375 0.625488 0.759766 0.625488 0.760547 0.624512 0.761328 0.624512 0.761719 0.624023 0.766797 0.624023 0.767578 0.623047 0.767578 0.619141 0.766797 0.618164 0.766406 0.618164 0.766016 0.617676 0.765625 0.617676 0.764844 0.616699 0.764062 0.616699 0.763672 0.616211 0.763281 0.616211 0.762891 0.615723
1 0.725781 0.605957 0.725 0.606934 0.725 0.613281 0.726562 0.615234 0.726953 0.615234 0.727734 0.616211 0.728125 0.616211 0.728516 0.616699 0.728906 0.616699 0.729688 0.617676 0.730078 0.617676 0.730469 0.618164 0.73125 0.618164 0.731641 0.618652 0.732031 0.618652 0.732422 0.619141 0.732812 0.619141 0.733203 0.619629 0.733594 0.619629 0.733984 0.620117 0.734766 0.620117 0.735156 0.620605 0.739453 0.620605 0.739844 0.621094 0.741406 0.621094 0.741797 0.621582 0.742578 0.621582 0.742969 0.62207 0.749609 0.62207 0.75 0.621582 0.750781 0.621582 0.751172 0.621094 0.751953 0.621094 0.752344 0.620605 0.753125 0.620605 0.753906 0.619629 0.755078 0.619629 0.755469 0.619141 0.755859 0.619141 0.75625 0.618652 0.756641 0.618652 0.757031 0.618164 0.758203 0.618164 0.758984 0.617188 0.759375 0.617188 0.759766 0.616699 0.760156 0.616699 0.760547 0.616211 0.760938 0.616211 0.761719 0.615234 0.762109 0.615234 0.7625 0.614746 0.763281 0.614746 0.765234 0.612305 0.765234 0.610352 0.764453 0.609375 0.7625 0.609375 0.762109 0.609863 0.758203 0.609863 0.757812 0.610352 0.757422 0.610352 0.757031 0.61084 0.756641 0.61084 0.75625 0.611328 0.755469 0.611328 0.755078 0.611816 0.754687 0.611816 0.754297 0.612305 0.753516 0.612305 0.753125 0.612793 0.75 0.612793 0.749609 0.613281 0.747656 0.613281 0.747266 0.61377 0.742188 0.61377 0.741797 0.614258 0.741406 0.614258 0.741016 0.61377 0.740234 0.61377 0.739844 0.613281 0.739062 0.613281 0.738672 0.612793 0.738281 0.612793 0.737891 0.612305 0.736719 0.612305 0.736328 0.611816 0.735938 0.611816 0.735547 0.611328 0.734766 0.611328 0.734375 0.61084 0.733594 0.61084 0.733203 0.610352 0.732812 0.610352 0.732422 0.609863 0.732031 0.609863 0.731641 0.609375 0.73125 0.609375 0.730469 0.608398 0.730078 0.608398 0.728906 0.606934 0.728125 0.606934 0.727344 0.605957
1 0.740625 0.549316 0.739844 0.550293 0.739844 0.550781 0.739453 0.55127 0.739453 0.552734 0.739062 0.553223 0.739062 0.554199 0.738672 0.554688 0.738672 0.556641 0.738281 0.557129 0.738281 0.559082 0.737891 0.55957 0.737891 0.561523 0.7375 0.562012 0.7375 0.569824 0.737891 0.570312 0.737891 0.571289 0.738281 0.571777 0.738281 0.572266 0.738672 0.572754 0.738672 0.57373 0.739062 0.574219 0.739062 0.575195 0.739453 0.575684 0.739453 0.57666 0.739844 0.577148 0.739844 0.583008 0.739453 0.583496 0.739453 0.584961 0.739062 0.585449 0.739062 0.585938 0.738672 0.586426 0.738672 0.587402 0.738281 0.587891 0.738281 0.588379 0.737891 0.588867 0.737891 0.591309 0.738672 0.592285 0.739062 0.592285 0.739453 0.592773 0.742188 0.592773 0.742578 0.592285 0.742969 0.592285 0.744141 0.59082 0.744141 0.590332 0.744531 0.589844 0.744531 0.588867 0.744922 0.588379 0.744922 0.587891 0.745313 0.587402 0.745313 0.583496 0.744922 0.583008 0.744922 0.581543 0.744531 0.581055 0.744531 0.57959 0.744141 0.579102 0.744141 0.578125 0.74375 0.577637 0.74375 0.576172 0.743359 0.575684 0.743359 0.572754 0.742969 0.572266 0.742969 0.570312 0.742578 0.569824 0.742578 0.559082 0.742188 0.558594 0.742188 0.554199 0.742578 0.553711 0.742578 0.553223 0.742969 0.552734 0.742969 0.550293 0.742188 0.549316
1 0.748828 0.558105 0.746484 0.561035 0.746484 0.561523 0.746094 0.562012 0.746094 0.5625 0.745703 0.562988 0.745703 0.575684 0.746094 0.576172 0.746094 0.584961 0.745703 0.585449 0.745703 0.587402 0.745313 0.587891 0.745313 0.598633 0.744922 0.599121 0.744922 0.601074 0.744531 0.601562 0.744531 0.602051 0.744141 0.602539 0.744141 0.603516 0.74375 0.604004 0.74375 0.607422 0.744531 0.608398 0.746094 0.608398 0.747656 0.606445 0.747656 0.605957 0.748437 0.60498 0.748437 0.604492 0.748828 0.604004 0.748828 0.603516 0.749219 0.603027 0.749219 0.600586 0.749609 0.600098 0.749609 0.599609 0.75 0.599121 0.75 0.598633 0.750391 0.598145 0.750391 0.597656 0.750781 0.597168 0.750781 0.596191 0.751172 0.595703 0.751172 0.589844 0.751563 0.589355 0.751563 0.587402 0.751953 0.586914 0.751953 0.585938 0.752344 0.585449 0.752344 0.579102 0.752734 0.578613 0.752734 0.571289 0.752344 0.570801 0.752344 0.569824 0.751953 0.569336 0.751953 0.568848 0.751563 0.568359 0.751563 0.559082 0.750781 0.558105
1 0.757031 0.558105 0.755469 0.560059 0.755469 0.562012 0.756641 0.563477 0.757031 0.563477 0.761328 0.568848 0.761328 0.569336 0.763281 0.571777 0.763281 0.572266 0.764062 0.573242 0.764453 0.573242 0.765234 0.574219 0.765234 0.574707 0.766797 0.57666 0.766797 0.577637 0.767578 0.578613 0.767578 0.579102 0.767969 0.57959 0.767969 0.580078 0.769141 0.581543 0.769141 0.582031 0.769922 0.583008 0.769922 0.583496 0.771094 0.584961 0.771094 0.585449 0.771484 0.585938 0.771484 0.586426 0.772266 0.587402 0.772266 0.587891 0.773047 0.588867 0.775 0.588867 0.775781 0.587891 0.775781 0.585449 0.775391 0.584961 0.775391 0.583984 0.775 0.583496 0.775 0.581055 0.774609 0.580566 0.774609 0.576172 0.774219 0.575684 0.774219 0.575195 0.773438 0.574219 0.773438 0.573242 0.772656 0.572266 0.772656 0.571777 0.771875 0.570801 0.771875 0.570312 0.766406 0.563477 0.766016 0.563477 0.764844 0.562012 0.764453 0.562012 0.763281 0.560547 0.7625 0.560547 0.762109 0.560059 0.761719 0.560059 0.761328 0.55957 0.760938 0.55957 0.760547 0.559082 0.759766 0.559082 0.758984 0.558105
1 0.768359 0.531738 0.767188 0.533203 0.767188 0.53418 0.765234 0.536621 0.765234 0.537598 0.764844 0.538086 0.764844 0.539062 0.764453 0.539551 0.764453 0.540039 0.764062 0.540527 0.764062 0.542969 0.763672 0.543457 0.763672 0.544434 0.763281 0.544922 0.763281 0.54541 0.762891 0.545898 0.762891 0.547852 0.7625 0.54834 0.7625 0.549805 0.762109 0.550293 0.762109 0.550781 0.761719 0.55127 0.761719 0.552246 0.761328 0.552734 0.761328 0.553711 0.758203 0.557617 0.757812 0.557617 0.757422 0.558105 0.757031 0.558105 0.756641 0.558594 0.75625 0.558594 0.755078 0.560059 0.754687 0.560059 0.753906 0.561035 0.753516 0.561035 0.753125 0.561523 0.752734 0.561523 0.751953 0.5625 0.751563 0.5625 0.749609 0.564941 0.749609 0.568359 0.75 0.568359 0.750781 0.569336 0.751563 0.569336 0.751953 0.568848 0.753125 0.568848 0.753516 0.568359 0.754297 0.568359 0.754687 0.567871 0.75625 0.567871 0.756641 0.567383 0.758203 0.567383 0.758594 0.566895 0.759766 0.566895 0.760156 0.566406 0.760547 0.566406 0.760938 0.565918 0.761719 0.565918 0.762109 0.56543 0.7625 0.56543 0.762891 0.564941 0.763281 0.564941 0.763672 0.564453 0.764062 0.564453 0.765625 0.5625 0.766016 0.5625 0.767969 0.560059 0.767969 0.55957 0.768359 0.559082 0.768359 0.547363 0.76875 0.546875 0.76875 0.545898 0.768359 0.54541 0.768359 0.544922 0.76875 0.544434 0.76875 0.539551 0.769141 0.539062 0.769141 0.538574 0.769531 0.538086 0.769531 0.537598 0.771484 0.535156 0.771484 0.533203 0.770703 0.532227 0.769531 0.532227 0.769141 0.531738
1 0.981641 0.617188 0.980859 0.618164 0.980859 0.620117 0.982422 0.62207 0.982812 0.62207 0.983984 0.623535 0.984766 0.623535 0.985156 0.624023 0.985938 0.624023 0.986328 0.624512 0.986719 0.624512 0.987109 0.625 0.9875 0.625 0.988281 0.625977 0.989062 0.625977 0.989453 0.626465 0.989844 0.626465 0.990234 0.626953 0.990625 0.626953 0.991016 0.627441 0.991406 0.627441 0.991797 0.62793 0.992578 0.62793 0.992969 0.628418 0.994531 0.628418 0.994922 0.628906 0.995703 0.628906 0.996094 0.629395 0.996094 0.629883 0.996484 0.630371 0.996484 0.63623 0.996875 0.636719 0.996875 0.638672 0.997266 0.63916 0.997266 0.64209 0.997656 0.642578 0.997656 0.643555 0.998047 0.644043 0.998047 0.645508 0.998437 0.645996 0.998437 0.646484 0.998828 0.646973 0.998828 0.647949 0.999219 0.648438 0.999219 0.649414 0.999609 0.649902 0.999609 0.650879 0.999609 0.623047 0.998437 0.623047 0.998047 0.622559 0.996875 0.622559 0.996484 0.62207 0.995313 0.62207 0.994922 0.621582 0.994141 0.621582 0.99375 0.621094 0.992969 0.621094 0.992578 0.620605 0.991797 0.620605 0.991406 0.620117 0.990625 0.620117 0.990234 0.619629 0.989453 0.619629 0.989062 0.619141 0.988672 0.619141 0.988281 0.618652 0.9875 0.618652 0.987109 0.618164 0.986328 0.618164 0.985938 0.617676 0.984375 0.617676 0.983984 0.617188
1 0.957812 0.544434 0.957422 0.544922 0.957031 0.544922 0.956641 0.54541 0.955859 0.54541 0.955078 0.546387 0.954297 0.546387 0.953906 0.546875 0.953516 0.546875 0.953125 0.547363 0.952344 0.547363 0.951172 0.548828 0.950391 0.548828 0.949609 0.549805 0.949219 0.549805 0.948438 0.550781 0.948047 0.550781 0.946484 0.552734 0.946484 0.553223 0.946094 0.553711 0.946094 0.554199 0.945703 0.554688 0.945703 0.555664 0.945312 0.556152 0.945312 0.558105 0.944922 0.558594 0.944922 0.55957 0.944531 0.560059 0.944531 0.560547 0.94375 0.561523 0.94375 0.562012 0.943359 0.5625 0.943359 0.562988 0.942969 0.563477 0.942969 0.563965 0.942578 0.564453 0.942578 0.566406 0.943359 0.567383 0.945312 0.567383 0.946094 0.566406 0.946094 0.565918 0.952344 0.558105 0.952734 0.558105 0.953906 0.556641 0.954688 0.556641 0.955078 0.556152 0.955469 0.556152 0.955859 0.555664 0.95625 0.555664 0.956641 0.555176 0.957422 0.555176 0.957812 0.554688 0.958594 0.554688 0.958984 0.554199 0.959766 0.554199 0.960156 0.553711 0.960547 0.553711 0.960938 0.553223 0.961719 0.553223 0.9625 0.552246 0.9625 0.551758 0.962891 0.55127 0.962891 0.547363 0.962109 0.546387 0.962109 0.545898 0.961328 0.544922 0.960547 0.544922 0.960156 0.544434
1 0.926172 0.578125 0.924609 0.580078 0.924609 0.580566 0.922656 0.583008 0.922656 0.583496 0.922266 0.583984 0.921875 0.583984 0.920312 0.585938 0.919922 0.585938 0.917969 0.588379 0.917578 0.588379 0.914453 0.592285 0.914062 0.592285 0.905859 0.602539 0.905859 0.603027 0.904687 0.604492 0.904687 0.60498 0.903906 0.605957 0.903906 0.606445 0.903516 0.606934 0.903516 0.607422 0.902734 0.608398 0.902734 0.608887 0.902344 0.609375 0.902344 0.610352 0.901953 0.61084 0.901953 0.612793 0.902734 0.61377 0.904687 0.61377 0.907422 0.610352 0.907813 0.610352 0.909375 0.608398 0.909766 0.608398 0.910547 0.607422 0.910937 0.607422 0.912109 0.605957 0.9125 0.605957 0.915234 0.602539 0.915625 0.602539 0.916406 0.601562 0.916406 0.601074 0.916797 0.600586 0.917188 0.600586 0.917969 0.599609 0.917969 0.599121 0.925391 0.589844 0.925391 0.589355 0.926562 0.587891 0.926562 0.587402 0.927344 0.586426 0.927344 0.585449 0.928125 0.584473 0.928125 0.583984 0.928516 0.583496 0.928516 0.583008 0.928906 0.58252 0.928906 0.57959 0.927734 0.578125
1 0.910156 0.5625 0.908984 0.563965 0.908984 0.564453 0.90625 0.567871 0.905859 0.567871 0.905078 0.568848 0.905078 0.569336 0.903906 0.570801 0.903906 0.571289 0.903516 0.571777 0.903516 0.572266 0.903125 0.572754 0.903125 0.573242 0.902344 0.574219 0.902344 0.575195 0.901953 0.575684 0.901953 0.57666 0.901563 0.577148 0.901563 0.577637 0.901172 0.578125 0.901172 0.578613 0.900781 0.579102 0.900781 0.580078 0.900391 0.580566 0.900391 0.581543 0.9 0.582031 0.9 0.583984 0.899609 0.584473 0.899609 0.584961 0.899219 0.585449 0.899219 0.586426 0.898828 0.586914 0.898828 0.588379 0.898438 0.588867 0.898438 0.59082 0.897656 0.591797 0.897656 0.592773 0.897266 0.593262 0.897266 0.594238 0.896875 0.594727 0.896875 0.595215 0.896484 0.595703 0.896484 0.597168 0.896094 0.597656 0.896094 0.598633 0.895703 0.599121 0.895703 0.600098 0.895312 0.600586 0.895312 0.601074 0.894922 0.601562 0.894922 0.603516 0.894531 0.604004 0.894531 0.608398 0.895312 0.609375 0.896875 0.609375 0.897656 0.608398 0.897656 0.60791 0.899219 0.605957 0.899219 0.605469 0.899609 0.60498 0.899609 0.604004 0.901172 0.602051 0.901172 0.601562 0.901563 0.601074 0.901563 0.600098 0.901953 0.599609 0.901953 0.599121 0.902344 0.598633 0.902344 0.597656 0.903125 0.59668 0.903125 0.596191 0.903516 0.595703 0.903516 0.594727 0.904297 0.59375 0.904297 0.593262 0.904687 0.592773 0.904687 0.591797 0.905078 0.591309 0.905078 0.59082 0.905469 0.590332 0.905469 0.589355 0.905859 0.588867 0.905859 0.587891 0.90625 0.587402 0.90625 0.586426 0.906641 0.585938 0.906641 0.584961 0.907031 0.584473 0.907031 0.583496 0.907813 0.58252 0.907813 0.581543 0.908203 0.581055 0.908203 0.580566 0.908594 0.580078 0.908594 0.579102 0.908984 0.578613 0.908984 0.577637 0.909375 0.577148 0.909375 0.57666 0.909766 0.576172 0.909766 0.575684 0.910156 0.575195 0.910156 0.574219 0.910547 0.57373 0.910547 0.572754 0.910937 0.572266 0.910937 0.571289 0.911328 0.570801 0.911328 0.567383 0.9125 0.565918 0.9125 0.563477 0.911719 0.5625
1 0.913672 0.57373 0.912891 0.574707 0.912891 0.576172 0.9125 0.57666 0.9125 0.577148 0.912109 0.577637 0.912109 0.578125 0.911719 0.578613 0.911719 0.579102 0.911328 0.57959 0.911328 0.580078 0.910937 0.580566 0.910937 0.581055 0.910156 0.582031 0.910156 0.58252 0.909766 0.583008 0.909766 0.583496 0.909375 0.583984 0.909375 0.584473 0.908984 0.584961 0.908984 0.585449 0.908594 0.585938 0.908594 0.586426 0.907422 0.587891 0.907422 0.588379 0.907031 0.588867 0.907031 0.589355 0.906641 0.589844 0.906641 0.590332 0.905469 0.591797 0.905469 0.592285 0.903906 0.594238 0.903906 0.594727 0.903125 0.595703 0.903125 0.596191 0.901953 0.597656 0.901953 0.598145 0.900781 0.599609 0.900781 0.600098 0.900391 0.600586 0.900391 0.601074 0.899609 0.602051 0.899609 0.602539 0.898828 0.603516 0.898828 0.604004 0.898438 0.604492 0.898438 0.60498 0.898047 0.605469 0.898047 0.605957 0.896875 0.607422 0.896875 0.60791 0.896484 0.608398 0.896484 0.609375 0.896094 0.609863 0.896094 0.610352 0.895703 0.61084 0.895703 0.611328 0.895312 0.611816 0.895312 0.614746 0.896094 0.615723 0.897656 0.615723 0.898047 0.615234 0.898438 0.615234 0.899219 0.614258 0.899219 0.61377 0.901563 0.61084 0.901563 0.610352 0.901953 0.609863 0.901953 0.609375 0.903125 0.60791 0.903125 0.607422 0.903516 0.606934 0.903516 0.606445 0.904687 0.60498 0.904687 0.604492 0.905859 0.603027 0.905859 0.602539 0.90625 0.602051 0.90625 0.601562 0.907031 0.600586 0.907031 0.600098 0.907813 0.599121 0.907813 0.598633 0.908594 0.597656 0.908594 0.597168 0.909375 0.596191 0.909375 0.595703 0.909766 0.595215 0.909766 0.594727 0.910547 0.59375 0.910547 0.593262 0.910937 0.592773 0.910937 0.592285 0.911328 0.591797 0.911328 0.591309 0.912109 0.590332 0.912109 0.589355 0.9125 0.588867 0.9125 0.587891 0.912891 0.587402 0.912891 0.586914 0.913281 0.586426 0.913281 0.585449 0.914062 0.584473 0.914062 0.583984 0.914453 0.583496 0.914453 0.581055 0.914844 0.580566 0.914844 0.580078 0.916016 0.578613 0.916016 0.574707 0.915234 0.57373
1 0.942187 0.449219 0.941406 0.450195 0.941406 0.465332 0.941797 0.46582 0.941797 0.469727 0.942187 0.470215 0.942187 0.470703 0.942578 0.471191 0.942578 0.472168 0.942969 0.472656 0.942969 0.473145 0.943359 0.473633 0.943359 0.474121 0.946094 0.477539 0.946484 0.477539 0.946875 0.478027 0.948438 0.478027 0.949219 0.479004 0.95 0.479004 0.950391 0.479492 0.950781 0.479492 0.951172 0.47998 0.953906 0.47998 0.957031 0.476074 0.957031 0.475098 0.957422 0.474609 0.957422 0.474121 0.957812 0.473633 0.957812 0.472168 0.958203 0.47168 0.958203 0.466797 0.957422 0.46582 0.957031 0.46582 0.956641 0.465332 0.954688 0.465332 0.953906 0.466309 0.953906 0.469727 0.951953 0.472168 0.951562 0.472168 0.951172 0.47168 0.951172 0.471191 0.950781 0.470703 0.950781 0.470215 0.950391 0.469727 0.950391 0.469238 0.95 0.46875 0.95 0.468262 0.949219 0.467285 0.949219 0.466797 0.948438 0.46582 0.948438 0.465332 0.947656 0.464355 0.947656 0.463867 0.947266 0.463379 0.947266 0.462891 0.946875 0.462402 0.946875 0.461914 0.946484 0.461426 0.946484 0.460938 0.946094 0.460449 0.946094 0.459961 0.945703 0.459473 0.945703 0.458984 0.945312 0.458496 0.945312 0.45752 0.944922 0.457031 0.944922 0.453613 0.944531 0.453125 0.944531 0.450195 0.94375 0.449219
1 0.960156 0.428223 0.959766 0.428711 0.959375 0.428711 0.958594 0.429688 0.958594 0.432129 0.958984 0.432617 0.958984 0.433105 0.959375 0.433594 0.959375 0.439453 0.958984 0.439941 0.958984 0.441406 0.958594 0.441895 0.958594 0.442871 0.958203 0.443359 0.958203 0.444336 0.957812 0.444824 0.957812 0.456543 0.957422 0.457031 0.957422 0.466309 0.958203 0.467285 0.959766 0.467285 0.960547 0.466309 0.960547 0.464355 0.960938 0.463867 0.960938 0.461914 0.961328 0.461426 0.961328 0.460938 0.961719 0.460449 0.961719 0.459473 0.962109 0.458984 0.962109 0.458496 0.9625 0.458008 0.9625 0.456055 0.962891 0.455566 0.962891 0.454102 0.963281 0.453613 0.963281 0.451172 0.963672 0.450684 0.963672 0.447754 0.964063 0.447266 0.964063 0.446289 0.964453 0.445801 0.964453 0.443848 0.964844 0.443359 0.964844 0.431641 0.964453 0.431152 0.964453 0.430664 0.962891 0.428711 0.9625 0.428711 0.962109 0.428223
1 0.966797 0.447266 0.966016 0.448242 0.965625 0.448242 0.964453 0.449707 0.964453 0.450195 0.963672 0.451172 0.963672 0.45166 0.963281 0.452148 0.963281 0.452637 0.962891 0.453125 0.962891 0.454102 0.9625 0.45459 0.9625 0.455566 0.962109 0.456055 0.962109 0.458496 0.961719 0.458984 0.961719 0.469238 0.962109 0.469727 0.962109 0.472656 0.9625 0.473145 0.9625 0.474609 0.962891 0.475098 0.962891 0.476562 0.963281 0.477051 0.963281 0.478516 0.962891 0.479004 0.962891 0.47998 0.962109 0.480957 0.962109 0.481445 0.960156 0.483887 0.960156 0.48584 0.961328 0.487305 0.962891 0.487305 0.963281 0.486816 0.964063 0.486816 0.964453 0.486328 0.964844 0.486328 0.965625 0.485352 0.966406 0.485352 0.966797 0.484863 0.967187 0.484863 0.968359 0.483398 0.96875 0.483398 0.969531 0.482422 0.969531 0.481934 0.970313 0.480957 0.970313 0.47168 0.969922 0.471191 0.969922 0.469238 0.969531 0.46875 0.969531 0.468262 0.969141 0.467773 0.969141 0.467285 0.96875 0.466797 0.96875 0.466309 0.968359 0.46582 0.968359 0.464355 0.967969 0.463867 0.967969 0.462891 0.967578 0.462402 0.967578 0.45752 0.967969 0.457031 0.967969 0.456055 0.968359 0.455566 0.968359 0.454102 0.96875 0.453613 0.96875 0.452148 0.969531 0.451172 0.969531 0.450684 0.969922 0.450195 0.969922 0.448242 0.969141 0.447266
1 0.973047 0.446289 0.972656 0.446777 0.971875 0.446777 0.971094 0.447754 0.970313 0.447754 0.969922 0.448242 0.969531 0.448242 0.968359 0.449707 0.968359 0.450195 0.967969 0.450684 0.967969 0.452148 0.967578 0.452637 0.967578 0.456055 0.968359 0.457031 0.968359 0.458496 0.96875 0.458984 0.96875 0.459473 0.968359 0.459961 0.968359 0.461426 0.965625 0.464844 0.965625 0.465332 0.965234 0.46582 0.965234 0.470215 0.966016 0.471191 0.967969 0.471191 0.968359 0.470703 0.969141 0.470703 0.969531 0.470215 0.970313 0.470215 0.970703 0.469727 0.971094 0.469727 0.971484 0.469238 0.971875 0.469238 0.972266 0.46875 0.972656 0.46875 0.974219 0.466797 0.974219 0.466309 0.975 0.465332 0.975 0.45459 0.974609 0.454102 0.975 0.453613 0.975 0.452637 0.975781 0.45166 0.976172 0.45166 0.976953 0.450684 0.976953 0.44873 0.976562 0.448242 0.976562 0.447754 0.975391 0.446289
1 0.997266 0.408691 0.996875 0.40918 0.996484 0.40918 0.989844 0.41748 0.989844 0.417969 0.989062 0.418945 0.989062 0.419434 0.988672 0.419922 0.988672 0.42041 0.987891 0.421387 0.987891 0.421875 0.9875 0.422363 0.9875 0.422852 0.986719 0.423828 0.986719 0.424316 0.985938 0.425293 0.985938 0.42627 0.985547 0.426758 0.985547 0.427246 0.984766 0.428223 0.984766 0.428711 0.983594 0.430176 0.983594 0.430664 0.983203 0.431152 0.983203 0.431641 0.982422 0.432617 0.982422 0.433105 0.981641 0.434082 0.981641 0.43457 0.98125 0.435059 0.98125 0.435547 0.980469 0.436523 0.980469 0.437012 0.980078 0.4375 0.980078 0.437988 0.979688 0.438477 0.979688 0.438965 0.978906 0.439941 0.978906 0.44043 0.978516 0.440918 0.978516 0.441406 0.978125 0.441895 0.978125 0.443848 0.978906 0.444824 0.980469 0.444824 0.982031 0.442871 0.982031 0.442383 0.983594 0.44043 0.983984 0.44043 0.986719 0.437012 0.987109 0.437012 0.988281 0.435547 0.988672 0.435547 0.990625 0.433105 0.991016 0.433105 0.992969 0.430664 0.993359 0.430664 0.998047 0.424805 0.998047 0.424316 0.999219 0.422852 0.999219 0.421875 0.999609 0.421387 0.999609 0.40918 0.999219 0.408691
1 0.977734 0.409668 0.976562 0.411133 0.976562 0.412109 0.976172 0.412598 0.976172 0.414551 0.977734 0.416504 0.977734 0.416992 0.978125 0.41748 0.978125 0.417969 0.979297 0.419434 0.979297 0.419922 0.979688 0.42041 0.979688 0.421387 0.980078 0.421875 0.980078 0.42334 0.980469 0.423828 0.980469 0.425293 0.980859 0.425781 0.980859 0.428711 0.98125 0.429199 0.98125 0.430176 0.982031 0.431152 0.982031 0.431641 0.982422 0.432129 0.982422 0.432617 0.983203 0.433594 0.983203 0.434082 0.983594 0.43457 0.983594 0.435059 0.984766 0.436523 0.985156 0.436523 0.985938 0.4375 0.986328 0.4375 0.987109 0.438477 0.9875 0.438477 0.987891 0.438965 0.988672 0.438965 0.989453 0.439941 0.989844 0.439941 0.990234 0.44043 0.990625 0.44043 0.991016 0.440918 0.992188 0.440918 0.992578 0.441406 0.998828 0.441406 0.999219 0.440918 0.999609 0.440918 0.999609 0.435059 0.999219 0.43457 0.998437 0.43457 0.998047 0.434082 0.997656 0.434082 0.997266 0.433594 0.996484 0.433594 0.996094 0.433105 0.995703 0.433105 0.995313 0.432617 0.994922 0.432617 0.994531 0.432129 0.994141 0.432129 0.99375 0.431641 0.993359 0.431641 0.992969 0.431152 0.992578 0.431152 0.991797 0.430176 0.991406 0.430176 0.989844 0.428223 0.989844 0.427734 0.989453 0.427246 0.989453 0.426758 0.988672 0.425781 0.988672 0.425293 0.988281 0.424805 0.988281 0.422852 0.987891 0.422363 0.987891 0.419434 0.987109 0.418457 0.987109 0.41748 0.986328 0.416504 0.986328 0.416016 0.982812 0.411621 0.982422 0.411621 0.980859 0.409668
1 0.918359 0.456055 0.917188 0.45752 0.917188 0.458984 0.916797 0.459473 0.916797 0.459961 0.916406 0.460449 0.916406 0.460938 0.916016 0.461426 0.916016 0.462402 0.915234 0.463379 0.915234 0.463867 0.914062 0.465332 0.913672 0.465332 0.9125 0.466797 0.912109 0.466797 0.910156 0.469238 0.909766 0.469238 0.908984 0.470215 0.908594 0.470215 0.907422 0.47168 0.907031 0.47168 0.90625 0.472656 0.905859 0.472656 0.904687 0.474121 0.904297 0.474121 0.903516 0.475098 0.903516 0.475586 0.903125 0.476074 0.902734 0.476074 0.901172 0.478027 0.901172 0.478516 0.900391 0.479492 0.900391 0.47998 0.9 0.480469 0.9 0.480957 0.899609 0.481445 0.899609 0.485352 0.900391 0.486328 0.902344 0.486328 0.902734 0.48584 0.903125 0.48584 0.903516 0.485352 0.903906 0.485352 0.904297 0.484863 0.904687 0.484863 0.905469 0.483887 0.905859 0.483887 0.90625 0.483398 0.906641 0.483398 0.907422 0.482422 0.908203 0.482422 0.908594 0.481934 0.908984 0.481934 0.909375 0.481445 0.909766 0.481445 0.910547 0.480469 0.910937 0.480469 0.911719 0.479492 0.9125 0.479492 0.914062 0.477539 0.914453 0.477539 0.916016 0.475586 0.916406 0.475586 0.917188 0.474609 0.917188 0.474121 0.91875 0.472168 0.91875 0.47168 0.920312 0.469727 0.920312 0.469238 0.921094 0.468262 0.921094 0.467773 0.921484 0.467285 0.921484 0.466797 0.921875 0.466309 0.921875 0.46582 0.922266 0.465332 0.922266 0.464355 0.922656 0.463867 0.922656 0.462891 0.923047 0.462402 0.923047 0.45752 0.921875 0.456055
1 0.892969 0.449707 0.892188 0.450684 0.892188 0.45459 0.892969 0.455566 0.892969 0.456543 0.89375 0.45752 0.89375 0.458008 0.894922 0.459473 0.894922 0.459961 0.896484 0.461914 0.896875 0.461914 0.897266 0.462402 0.898047 0.462402 0.898438 0.462891 0.898828 0.462891 0.899609 0.463867 0.9 0.463867 0.900391 0.464355 0.901172 0.464355 0.901563 0.464844 0.903125 0.464844 0.903516 0.465332 0.913672 0.465332 0.914062 0.464844 0.915625 0.464844 0.916016 0.464355 0.917188 0.464355 0.917578 0.463867 0.918359 0.463867 0.91875 0.463379 0.919531 0.463379 0.919922 0.462891 0.920703 0.462891 0.921094 0.462402 0.921875 0.462402 0.922266 0.461914 0.923047 0.461914 0.923438 0.461426 0.923828 0.461426 0.924219 0.460938 0.925391 0.460938 0.926172 0.459961 0.926953 0.459961 0.927344 0.459473 0.928125 0.459473 0.928516 0.458984 0.929297 0.458984 0.929688 0.458496 0.930078 0.458496 0.930469 0.458008 0.930859 0.458008 0.93125 0.45752 0.932031 0.45752 0.932422 0.457031 0.935156 0.457031 0.935937 0.456055 0.935937 0.453613 0.935156 0.452637 0.934766 0.452637 0.934375 0.452148 0.933984 0.452148 0.933594 0.45166 0.933203 0.45166 0.932813 0.451172 0.931641 0.451172 0.93125 0.450684 0.925781 0.450684 0.925391 0.451172 0.924609 0.451172 0.924219 0.45166 0.923828 0.45166 0.923438 0.452148 0.922656 0.452148 0.922266 0.452637 0.921875 0.452637 0.921484 0.453125 0.920703 0.453125 0.920312 0.453613 0.919531 0.453613 0.919141 0.454102 0.917969 0.454102 0.917578 0.45459 0.916016 0.45459 0.915625 0.455078 0.911719 0.455078 0.911328 0.455566 0.902344 0.455566 0.901953 0.455078 0.9 0.455078 0.899609 0.45459 0.898828 0.45459 0.898047 0.453613 0.897656 0.453613 0.896094 0.45166 0.896094 0.451172 0.895312 0.450195 0.894922 0.450195 0.894531 0.449707
1 0.879297 0.455566 0.878906 0.456055 0.878125 0.456055 0.877734 0.456543 0.877344 0.456543 0.876953 0.457031 0.876563 0.457031 0.876172 0.45752 0.875391 0.45752 0.875 0.458008 0.874609 0.458008 0.874219 0.458496 0.873828 0.458496 0.873437 0.458984 0.873047 0.458984 0.872656 0.459473 0.872266 0.459473 0.871875 0.459961 0.871484 0.459961 0.871094 0.460449 0.870703 0.460449 0.869531 0.461914 0.869141 0.461914 0.867578 0.463867 0.867188 0.463867 0.865625 0.46582 0.865625 0.466309 0.864062 0.468262 0.864062 0.470215 0.864844 0.471191 0.867188 0.471191 0.867578 0.470703 0.867969 0.470703 0.869141 0.469238 0.869531 0.469238 0.870703 0.467773 0.871094 0.467773 0.872266 0.466309 0.873047 0.466309 0.874219 0.464844 0.875 0.464844 0.875391 0.464355 0.875781 0.464355 0.876172 0.463867 0.876563 0.463867 0.876953 0.463379 0.877344 0.463379 0.877734 0.462891 0.879297 0.462891 0.879687 0.462402 0.885156 0.462402 0.885547 0.462891 0.887109 0.462891 0.8875 0.463379 0.889453 0.463379 0.889844 0.463867 0.891016 0.463867 0.891406 0.464355 0.893359 0.464355 0.89375 0.464844 0.895312 0.464844 0.895703 0.465332 0.897656 0.465332 0.898047 0.46582 0.900781 0.46582 0.901563 0.464844 0.901563 0.462891 0.900781 0.461914 0.900391 0.461914 0.898047 0.458984 0.897656 0.458984 0.897266 0.458496 0.896875 0.458496 0.896484 0.458008 0.895312 0.458008 0.894922 0.45752 0.89375 0.45752 0.892969 0.456543 0.892188 0.456543 0.891797 0.456055 0.891016 0.456055 0.890625 0.455566
1 0.875781 0.432617 0.875391 0.433105 0.875 0.433105 0.873828 0.43457 0.873437 0.43457 0.871094 0.4375 0.870703 0.4375 0.869531 0.438965 0.869141 0.438965 0.867969 0.44043 0.867578 0.44043 0.866797 0.441406 0.866406 0.441406 0.864844 0.443359 0.864453 0.443359 0.8625 0.445801 0.861719 0.445801 0.860547 0.447266 0.859766 0.447266 0.858984 0.448242 0.858594 0.448242 0.858203 0.44873 0.857422 0.44873 0.857031 0.449219 0.85625 0.449219 0.855859 0.449707 0.855078 0.449707 0.854688 0.450195 0.854297 0.450195 0.853516 0.451172 0.853516 0.453125 0.854297 0.454102 0.863672 0.454102 0.864062 0.453613 0.865625 0.453613 0.866406 0.452637 0.867188 0.452637 0.868359 0.451172 0.869141 0.451172 0.871094 0.44873 0.871484 0.44873 0.872656 0.447266 0.873047 0.447266 0.878906 0.439941 0.879297 0.439941 0.880078 0.438965 0.880078 0.438477 0.880859 0.4375 0.880859 0.435547 0.880078 0.43457 0.878516 0.43457 0.878125 0.434082 0.878125 0.433594 0.877344 0.432617
2 0.872266 0.447754 0.871875 0.448242 0.869531 0.448242 0.869531 0.449707 0.870313 0.450684 0.874609 0.450684 0.875 0.451172 0.876172 0.451172 0.876563 0.450684 0.879687 0.450684 0.880078 0.451172 0.88125 0.451172 0.882812 0.453125 0.883984 0.453125 0.883984 0.450684 0.883203 0.449707 0.882422 0.449707 0.882031 0.449219 0.877344 0.449219 0.876563 0.448242 0.876172 0.448242 0.875781 0.447754
1 0.880859 0.482422 0.880469 0.48291 0.878906 0.48291 0.878516 0.483398 0.878125 0.483398 0.877344 0.484375 0.876953 0.484375 0.875391 0.486328 0.875391 0.490234 0.875781 0.490723 0.875781 0.492188 0.876563 0.493164 0.878125 0.493164 0.878516 0.492676 0.878906 0.492676 0.880078 0.491211 0.880469 0.491211 0.88125 0.490234 0.881641 0.490234 0.882031 0.489746 0.882812 0.489746 0.883203 0.490234 0.883594 0.490234 0.884375 0.491211 0.884766 0.491211 0.885156 0.491699 0.885547 0.491699 0.886328 0.492676 0.886719 0.492676 0.887891 0.494141 0.888281 0.494141 0.889062 0.495117 0.889453 0.495117 0.891016 0.49707 0.891406 0.49707 0.891797 0.497559 0.892188 0.497559 0.892969 0.498535 0.893359 0.498535 0.89375 0.499023 0.894141 0.499023 0.899609 0.505859 0.899609 0.506348 0.9 0.506836 0.9 0.507324 0.900391 0.507812 0.900391 0.508301 0.900781 0.508789 0.900781 0.509766 0.901172 0.510254 0.901172 0.51123 0.901563 0.511719 0.901563 0.512695 0.901953 0.512695 0.902344 0.512207 0.902344 0.510254 0.901953 0.509766 0.901953 0.508789 0.901563 0.508301 0.901563 0.507812 0.901172 0.507324 0.901172 0.50293 0.900781 0.502441 0.900781 0.5 0.899609 0.498535 0.899609 0.498047 0.899219 0.497559 0.899219 0.49707 0.898828 0.496582 0.898828 0.496094 0.898438 0.495605 0.898438 0.495117 0.896484 0.492676 0.896484 0.492188 0.895703 0.491211 0.894922 0.491211 0.894531 0.490723 0.894141 0.490723 0.89375 0.490234 0.893359 0.490234 0.892188 0.48877 0.891797 0.48877 0.891406 0.488281 0.891016 0.488281 0.890234 0.487305 0.889844 0.487305 0.889062 0.486328 0.888672 0.486328 0.886719 0.483887 0.886328 0.483887 0.885156 0.482422
1 0.860156 0.46875 0.859375 0.469727 0.859375 0.470215 0.858984 0.470703 0.858984 0.471191 0.858594 0.47168 0.858203 0.47168 0.857422 0.472656 0.857422 0.474609 0.8625 0.480957 0.862891 0.480957 0.864062 0.482422 0.864844 0.482422 0.865625 0.483398 0.866797 0.483398 0.867188 0.483887 0.867969 0.483887 0.868359 0.484375 0.869531 0.484375 0.869922 0.484863 0.871484 0.484863 0.871875 0.485352 0.889453 0.485352 0.889844 0.484863 0.891016 0.484863 0.891406 0.484375 0.892578 0.484375 0.892969 0.483887 0.893359 0.483887 0.894531 0.482422 0.894531 0.479492 0.89375 0.478516 0.891406 0.478516 0.891016 0.479004 0.890234 0.479004 0.889453 0.478027 0.889062 0.478027 0.888281 0.477051 0.887891 0.477051 0.8875 0.476562 0.874609 0.476562 0.874219 0.476074 0.872656 0.476074 0.872266 0.475586 0.871484 0.475586 0.871094 0.475098 0.870313 0.475098 0.869922 0.474609 0.869531 0.474609 0.869141 0.474121 0.868359 0.474121 0.867969 0.473633 0.867188 0.473633 0.866797 0.473145 0.866406 0.473145 0.866016 0.472656 0.865625 0.472656 0.865234 0.472168 0.864844 0.472168 0.863281 0.470215 0.863281 0.469727 0.8625 0.46875
1 0.849219 0.468262 0.848828 0.46875 0.847266 0.46875 0.846875 0.469238 0.844922 0.469238 0.844531 0.469727 0.839063 0.469727 0.838672 0.470215 0.8375 0.470215 0.837109 0.470703 0.835156 0.470703 0.834766 0.471191 0.832422 0.471191 0.832031 0.47168 0.829688 0.47168 0.829297 0.472168 0.828125 0.472168 0.827734 0.472656 0.826953 0.472656 0.826562 0.473145 0.825781 0.473145 0.825391 0.473633 0.821094 0.473633 0.820703 0.474121 0.819531 0.474121 0.819141 0.474609 0.817969 0.474609 0.817578 0.475098 0.817187 0.475098 0.816016 0.476562 0.816016 0.478516 0.816797 0.479492 0.822266 0.479492 0.822656 0.47998 0.828516 0.47998 0.828906 0.480469 0.837891 0.480469 0.838281 0.47998 0.840234 0.47998 0.840625 0.479492 0.841406 0.479492 0.841797 0.479004 0.842578 0.479004 0.842969 0.478516 0.84375 0.478516 0.844141 0.478027 0.845703 0.478027 0.846094 0.477539 0.848047 0.477539 0.848437 0.477051 0.858203 0.477051 0.858594 0.476562 0.859375 0.476562 0.860938 0.474609 0.860938 0.47168 0.860547 0.471191 0.860547 0.470703 0.858984 0.46875 0.855078 0.46875 0.854688 0.468262
1 0.811719 0.468262 0.810547 0.469727 0.810547 0.470215 0.810156 0.470703 0.810156 0.472168 0.809766 0.472656 0.809766 0.473145 0.808594 0.474609 0.808203 0.474609 0.807031 0.476074 0.806641 0.476074 0.805078 0.478027 0.804297 0.478027 0.803906 0.478516 0.803516 0.478516 0.803125 0.479004 0.802734 0.479004 0.802344 0.479492 0.801172 0.479492 0.800781 0.47998 0.799219 0.47998 0.798828 0.480469 0.798047 0.480469 0.797266 0.481445 0.797266 0.483398 0.797656 0.483887 0.797656 0.484375 0.798438 0.485352 0.798828 0.485352 0.799219 0.48584 0.8 0.48584 0.800391 0.486328 0.802734 0.486328 0.803125 0.486816 0.805078 0.486816 0.805469 0.487305 0.810156 0.487305 0.810547 0.486816 0.811328 0.486816 0.8125 0.485352 0.812891 0.485352 0.813281 0.484863 0.813672 0.484863 0.815234 0.48291 0.815234 0.482422 0.816797 0.480469 0.816797 0.47998 0.817187 0.479492 0.817187 0.479004 0.817578 0.478516 0.817578 0.478027 0.81875 0.476562 0.819141 0.476562 0.819922 0.475586 0.820312 0.475586 0.821094 0.474609 0.821094 0.472168 0.820312 0.471191 0.819922 0.471191 0.819531 0.470703 0.819141 0.470703 0.817969 0.469238 0.817578 0.469238 0.817187 0.46875 0.816406 0.46875 0.816016 0.468262
1 0.798438 0.438477 0.797656 0.439453 0.797656 0.441895 0.798438 0.442871 0.798828 0.442871 0.799219 0.443359 0.799609 0.443359 0.8 0.443848 0.8 0.445312 0.801562 0.447266 0.801562 0.447754 0.801953 0.448242 0.801953 0.44873 0.802344 0.449219 0.802344 0.449707 0.803125 0.450684 0.803125 0.451172 0.803516 0.45166 0.803516 0.452148 0.803906 0.452637 0.803906 0.453125 0.804297 0.453613 0.804297 0.45459 0.804688 0.455078 0.804688 0.456055 0.805078 0.456543 0.805078 0.457031 0.805859 0.458008 0.805859 0.458496 0.80625 0.458984 0.80625 0.459473 0.806641 0.459961 0.806641 0.460449 0.807031 0.460938 0.807031 0.461426 0.807813 0.462402 0.807813 0.462891 0.808203 0.463379 0.808203 0.464355 0.808984 0.465332 0.808984 0.46582 0.809766 0.466797 0.809766 0.467285 0.8125 0.470703 0.814844 0.470703 0.816016 0.469238 0.816016 0.46582 0.814844 0.464355 0.814844 0.463867 0.814063 0.462891 0.814063 0.462402 0.813672 0.461914 0.813672 0.461426 0.813281 0.460938 0.813281 0.460449 0.812891 0.459961 0.812891 0.459473 0.812109 0.458496 0.812109 0.45752 0.811328 0.456543 0.811328 0.456055 0.810937 0.455566 0.810937 0.455078 0.810156 0.454102 0.810156 0.453613 0.808984 0.452148 0.808984 0.450684 0.808594 0.450195 0.808594 0.449219 0.808203 0.44873 0.808203 0.448242 0.807813 0.447754 0.807813 0.447266 0.807422 0.446777 0.807422 0.446289 0.802734 0.44043 0.802344 0.44043 0.801562 0.439453 0.801172 0.439453 0.800781 0.438965 0.800391 0.438965 0.8 0.438477
2 0.816016 0.451172 0.814844 0.452637 0.814844 0.456055 0.816016 0.45752 0.816406 0.45752 0.816797 0.458008 0.817187 0.458008 0.817578 0.458496 0.818359 0.458496 0.820312 0.460938 0.820703 0.460938 0.821094 0.461426 0.821484 0.461426 0.822266 0.462402 0.822656 0.462402 0.824609 0.464844 0.825 0.464844 0.826172 0.466309 0.826562 0.466309 0.828125 0.468262 0.828516 0.468262 0.828906 0.46875 0.829297 0.46875 0.829688 0.469238 0.830078 0.469238 0.830469 0.469727 0.83125 0.469727 0.832812 0.47168 0.833203 0.47168 0.833594 0.472168 0.833984 0.472168 0.834766 0.473145 0.835156 0.473145 0.835938 0.474121 0.836719 0.474121 0.837109 0.474609 0.8375 0.474609 0.838281 0.475586 0.839063 0.475586 0.839453 0.476074 0.839844 0.476074 0.840234 0.476562 0.840625 0.476562 0.841016 0.477051 0.841797 0.477051 0.842578 0.478027 0.844922 0.478027 0.845703 0.477051 0.845703 0.473633 0.842969 0.470215 0.842578 0.470215 0.838281 0.464844 0.838281 0.464355 0.837109 0.462891 0.836719 0.462891 0.835547 0.461426 0.835156 0.461426 0.834375 0.460449 0.833984 0.460449 0.833594 0.459961 0.833203 0.459961 0.832812 0.459473 0.832031 0.459473 0.831641 0.458984 0.830859 0.458984 0.830078 0.458008 0.829688 0.458008 0.829297 0.45752 0.828906 0.45752 0.827734 0.456055 0.827344 0.456055 0.826953 0.455566 0.826562 0.455566 0.825781 0.45459 0.825391 0.45459 0.824609 0.453613 0.824219 0.453613 0.823438 0.452637 0.823047 0.452637 0.822656 0.452148 0.822266 0.452148 0.821875 0.45166 0.821094 0.45166 0.820703 0.451172
1 0.789062 0.427734 0.7875 0.429688 0.7875 0.432617 0.787891 0.433105 0.787891 0.433594 0.788672 0.43457 0.789844 0.43457 0.790234 0.435059 0.790625 0.435059 0.791406 0.436035 0.791797 0.436035 0.793359 0.437988 0.794141 0.437988 0.795703 0.439941 0.796484 0.439941 0.796875 0.44043 0.797656 0.44043 0.798828 0.441895 0.799219 0.441895 0.8 0.442871 0.800391 0.442871 0.801562 0.444336 0.801953 0.444336 0.802344 0.444824 0.802734 0.444824 0.803906 0.446289 0.804297 0.446289 0.804688 0.446777 0.805078 0.446777 0.805469 0.447266 0.805859 0.447266 0.80625 0.447754 0.806641 0.447754 0.807031 0.448242 0.807813 0.448242 0.808203 0.44873 0.808594 0.44873 0.808984 0.449219 0.809375 0.449219 0.809766 0.449707 0.810547 0.449707 0.8125 0.452148 0.812891 0.452148 0.814063 0.453613 0.814453 0.453613 0.815234 0.45459 0.815625 0.45459 0.816016 0.455078 0.817969 0.455078 0.81875 0.454102 0.81875 0.451172 0.818359 0.450684 0.818359 0.450195 0.816406 0.447754 0.816406 0.447266 0.815625 0.446289 0.815625 0.445801 0.814844 0.444824 0.814453 0.444824 0.811328 0.440918 0.810937 0.440918 0.810547 0.44043 0.810156 0.44043 0.809766 0.439941 0.809375 0.439941 0.808594 0.438965 0.807813 0.438965 0.807031 0.437988 0.806641 0.437988 0.805859 0.437012 0.805469 0.437012 0.804688 0.436035 0.804297 0.436035 0.803906 0.435547 0.803516 0.435547 0.803125 0.435059 0.802734 0.435059 0.802344 0.43457 0.801953 0.43457 0.801562 0.434082 0.801172 0.434082 0.800781 0.433594 0.800391 0.433594 0.8 0.433105 0.799219 0.433105 0.798828 0.432617 0.798047 0.432617 0.797656 0.432129 0.797266 0.432129 0.796484 0.431152 0.796094 0.431152 0.794922 0.429688 0.794531 0.429688 0.794141 0.429199 0.79375 0.429199 0.793359 0.428711 0.792188 0.428711 0.791797 0.428223 0.791406 0.428223 0.791016 0.427734
1 0.792578 0.424805 0.791797 0.425781 0.791797 0.427734 0.793359 0.429688 0.79375 0.429688 0.794141 0.430176 0.794531 0.430176 0.795312 0.431152 0.796484 0.431152 0.797266 0.432129 0.797656 0.432129 0.798047 0.432617 0.798438 0.432617 0.798828 0.433105 0.799219 0.433105 0.799609 0.433594 0.800391 0.433594 0.801172 0.43457 0.801562 0.43457 0.801953 0.435059 0.802344 0.435059 0.803125 0.436035 0.803906 0.436035 0.804688 0.437012 0.805469 0.437012 0.80625 0.437988 0.806641 0.437988 0.807031 0.438477 0.807422 0.438477 0.807813 0.438965 0.808594 0.438965 0.809766 0.44043 0.810156 0.44043 0.811719 0.442383 0.812109 0.442383 0.813672 0.444336 0.814063 0.444336 0.815234 0.445801 0.815625 0.445801 0.816797 0.447266 0.817187 0.447266 0.818359 0.44873 0.81875 0.44873 0.819141 0.449219 0.819531 0.449219 0.819922 0.449707 0.822266 0.449707 0.823047 0.44873 0.823047 0.445801 0.822266 0.444824 0.821484 0.444824 0.821094 0.444336 0.821094 0.443848 0.81875 0.440918 0.818359 0.440918 0.816797 0.438965 0.816406 0.438965 0.810156 0.431152 0.809375 0.431152 0.808594 0.430176 0.808203 0.430176 0.807422 0.429199 0.806641 0.429199 0.805469 0.427734 0.805078 0.427734 0.804297 0.426758 0.803906 0.426758 0.803125 0.425781 0.802734 0.425781 0.802344 0.425293 0.801562 0.425293 0.801172 0.424805
1 0.789453 0.416016 0.789062 0.416504 0.788281 0.416504 0.7875 0.41748 0.787109 0.41748 0.785937 0.418945 0.785937 0.419434 0.785547 0.419922 0.785547 0.422852 0.786328 0.423828 0.787891 0.423828 0.788672 0.422852 0.788672 0.422363 0.789062 0.421875 0.791406 0.421875 0.791797 0.422363 0.793359 0.422363 0.79375 0.422852 0.794531 0.422852 0.794922 0.42334 0.796094 0.42334 0.796484 0.423828 0.796875 0.423828 0.797266 0.424316 0.798047 0.424316 0.798438 0.424805 0.799609 0.424805 0.8 0.425293 0.801562 0.425293 0.801953 0.425781 0.803906 0.425781 0.804297 0.42627 0.805469 0.42627 0.805859 0.426758 0.807031 0.426758 0.807422 0.427246 0.808203 0.427246 0.808594 0.427734 0.808984 0.427734 0.812109 0.431641 0.8125 0.431641 0.814063 0.433594 0.814453 0.433594 0.815234 0.43457 0.816797 0.43457 0.817578 0.433594 0.817578 0.431152 0.817187 0.430664 0.817187 0.430176 0.816406 0.429199 0.816406 0.428223 0.817187 0.427246 0.817187 0.424316 0.816016 0.422852 0.816016 0.422363 0.815234 0.421387 0.814844 0.421387 0.813672 0.419922 0.812891 0.419922 0.8125 0.419434 0.811719 0.419434 0.810937 0.418457 0.808203 0.418457 0.807813 0.417969 0.805469 0.417969 0.805078 0.41748 0.803906 0.41748 0.803516 0.416992 0.800391 0.416992 0.8 0.416504 0.795703 0.416504 0.795312 0.416016
1 0.739844 0.452148 0.739062 0.453125 0.739062 0.455078 0.739844 0.456055 0.740234 0.456055 0.740625 0.456543 0.741016 0.456543 0.741406 0.457031 0.741797 0.457031 0.742578 0.458008 0.742578 0.458984 0.744531 0.461426 0.744922 0.461426 0.745313 0.461914 0.745703 0.461914 0.746094 0.462402 0.746484 0.462402 0.747266 0.463379 0.747656 0.463379 0.748437 0.464355 0.748828 0.464355 0.749219 0.464844 0.749609 0.464844 0.75 0.465332 0.751172 0.465332 0.751563 0.46582 0.751953 0.46582 0.752344 0.466309 0.753125 0.466309 0.753516 0.466797 0.754297 0.466797 0.754687 0.467285 0.755078 0.467285 0.755469 0.467773 0.755859 0.467773 0.75625 0.468262 0.757422 0.468262 0.757812 0.46875 0.758203 0.46875 0.758594 0.469238 0.758594 0.470703 0.758984 0.471191 0.758984 0.472656 0.759766 0.473633 0.760156 0.473633 0.760938 0.474609 0.7625 0.474609 0.763281 0.473633 0.763281 0.471191 0.764062 0.470215 0.764062 0.46582 0.763672 0.465332 0.763672 0.464844 0.7625 0.463379 0.762109 0.463379 0.761719 0.462891 0.760938 0.462891 0.760547 0.462402 0.760156 0.462402 0.759766 0.461914 0.758984 0.461914 0.758594 0.461426 0.757422 0.461426 0.757031 0.460938 0.75625 0.460938 0.755859 0.460449 0.753906 0.460449 0.753125 0.459473 0.752344 0.459473 0.751953 0.458984 0.751172 0.458984 0.750781 0.458496 0.750391 0.458496 0.75 0.458008 0.749219 0.458008 0.747656 0.456055 0.747266 0.456055 0.745313 0.453613 0.744531 0.453613 0.744141 0.453125 0.743359 0.453125 0.742969 0.452637 0.742188 0.452637 0.741797 0.452148
1 0.725781 0.458008 0.724609 0.459473 0.724609 0.460449 0.724219 0.460938 0.724219 0.462402 0.723047 0.463867 0.723047 0.464844 0.722656 0.465332 0.722266 0.465332 0.721484 0.466309 0.721484 0.466797 0.721094 0.467285 0.720703 0.467285 0.720313 0.467773 0.715625 0.467773 0.715234 0.468262 0.710547 0.468262 0.710156 0.46875 0.709766 0.46875 0.707422 0.47168 0.707031 0.47168 0.705078 0.474121 0.705078 0.474609 0.703516 0.476562 0.703516 0.479004 0.704297 0.47998 0.705859 0.47998 0.707812 0.477539 0.707812 0.477051 0.708203 0.476562 0.708594 0.476562 0.708984 0.476074 0.710547 0.476074 0.710938 0.475586 0.7125 0.475586 0.712891 0.476074 0.720313 0.476074 0.720703 0.475586 0.721875 0.475586 0.722266 0.475098 0.722656 0.475098 0.723047 0.474609 0.723437 0.474609 0.724609 0.473145 0.725 0.473145 0.725391 0.472656 0.725781 0.472656 0.726953 0.471191 0.726953 0.470703 0.728516 0.46875 0.728516 0.468262 0.728906 0.467773 0.728906 0.461914 0.728516 0.461426 0.728516 0.460449 0.728125 0.459961 0.728125 0.458984 0.727344 0.458008
1 0.736719 0.460938 0.736328 0.461426 0.735938 0.461426 0.735547 0.461914 0.735156 0.461914 0.734766 0.462402 0.733594 0.462402 0.733203 0.462891 0.732031 0.462891 0.731641 0.463379 0.730078 0.463379 0.729297 0.464355 0.729297 0.466309 0.730078 0.467285 0.732422 0.467285 0.732812 0.467773 0.734766 0.467773 0.735156 0.468262 0.737109 0.468262 0.7375 0.46875 0.738281 0.46875 0.738672 0.469238 0.739062 0.469238 0.739453 0.469727 0.739844 0.469727 0.741406 0.47168 0.741797 0.47168 0.742188 0.472168 0.742578 0.472168 0.743359 0.473145 0.74375 0.473145 0.744141 0.473633 0.744531 0.473633 0.745703 0.475098 0.746094 0.475098 0.746484 0.475586 0.746875 0.475586 0.747266 0.476074 0.747656 0.476074 0.748437 0.477051 0.749609 0.477051 0.750391 0.478027 0.750781 0.478027 0.751172 0.478516 0.751563 0.478516 0.752344 0.479492 0.752734 0.479492 0.753125 0.47998 0.753516 0.47998 0.753906 0.480469 0.754687 0.480469 0.755078 0.480957 0.755469 0.480957 0.757422 0.483398 0.757422 0.483887 0.758203 0.484863 0.758594 0.484863 0.758984 0.485352 0.760938 0.485352 0.762109 0.483887 0.762109 0.478516 0.761719 0.478027 0.761719 0.477539 0.760938 0.476562 0.760547 0.476562 0.759375 0.475098 0.758984 0.475098 0.758594 0.474609 0.758203 0.474609 0.757812 0.474121 0.757422 0.474121 0.757031 0.473633 0.75625 0.473633 0.755078 0.472168 0.754687 0.472168 0.753125 0.470215 0.752734 0.470215 0.751563 0.46875 0.751172 0.46875 0.75 0.467285 0.749609 0.467285 0.748828 0.466309 0.748437 0.466309 0.747656 0.465332 0.747266 0.465332 0.746094 0.463867 0.745703 0.463867 0.745313 0.463379 0.744922 0.463379 0.744141 0.462402 0.74375 0.462402 0.742969 0.461426 0.742188 0.461426 0.741797 0.460938
1 0.734375 0.470703 0.733984 0.471191 0.733594 0.471191 0.733203 0.47168 0.732812 0.47168 0.732031 0.472656 0.731641 0.472656 0.730859 0.473633 0.730859 0.475586 0.731641 0.476562 0.732031 0.476562 0.732422 0.477051 0.734375 0.477051 0.734766 0.477539 0.735156 0.477539 0.735938 0.478516 0.736328 0.478516 0.737109 0.479492 0.7375 0.479492 0.737891 0.47998 0.738672 0.47998 0.739062 0.480469 0.739453 0.480469 0.741406 0.48291 0.741797 0.48291 0.742578 0.483887 0.742969 0.483887 0.744531 0.48584 0.744531 0.486328 0.747656 0.490234 0.748047 0.490234 0.75 0.492676 0.752734 0.492676 0.754297 0.490723 0.754297 0.487305 0.753906 0.486816 0.753906 0.486328 0.752734 0.484863 0.752734 0.484375 0.750391 0.481445 0.75 0.481445 0.748047 0.479004 0.747656 0.479004 0.745703 0.476562 0.745313 0.476562 0.742969 0.473633 0.742578 0.473633 0.741406 0.472168 0.740625 0.472168 0.739844 0.471191 0.739453 0.471191 0.739062 0.470703
1 0.76875 0.485352 0.767969 0.486328 0.767969 0.491699 0.76875 0.492676 0.76875 0.493164 0.771094 0.496094 0.771094 0.496582 0.771484 0.49707 0.771484 0.497559 0.772266 0.498535 0.772266 0.5 0.772656 0.500488 0.772656 0.502441 0.773047 0.50293 0.773047 0.505859 0.773438 0.506348 0.773438 0.507324 0.774219 0.508301 0.774219 0.509277 0.775 0.510254 0.775 0.510742 0.775391 0.51123 0.775391 0.511719 0.776172 0.512695 0.776172 0.513184 0.776563 0.513672 0.776563 0.51416 0.776953 0.514648 0.776953 0.515625 0.777344 0.516113 0.777344 0.516602 0.778125 0.517578 0.778125 0.518066 0.779297 0.519531 0.780859 0.519531 0.781641 0.518555 0.781641 0.516113 0.78125 0.515625 0.78125 0.51416 0.780859 0.513672 0.780859 0.51123 0.780469 0.510742 0.780469 0.509766 0.780078 0.509277 0.780078 0.507812 0.779687 0.507324 0.779687 0.506348 0.779297 0.505859 0.779297 0.504883 0.778906 0.504395 0.778906 0.503418 0.778516 0.50293 0.778516 0.502441 0.778125 0.501953 0.778125 0.501465 0.777734 0.500977 0.777734 0.500488 0.777344 0.5 0.777344 0.499512 0.776953 0.499023 0.776953 0.498535 0.776563 0.498047 0.776563 0.49707 0.775391 0.495605 0.775391 0.495117 0.774609 0.494141 0.774609 0.493652 0.773828 0.492676 0.773828 0.492188 0.773438 0.491699 0.773438 0.491211 0.773047 0.490723 0.773047 0.490234 0.771875 0.48877 0.771875 0.488281 0.771484 0.487793 0.771484 0.487305 0.771094 0.486816 0.771094 0.486328 0.770312 0.485352
1 0.763281 0.476074 0.7625 0.477051 0.7625 0.479492 0.762109 0.47998 0.762109 0.480469 0.761719 0.480957 0.761719 0.482422 0.761328 0.48291 0.761328 0.499512 0.761719 0.5 0.761719 0.500488 0.7625 0.501465 0.7625 0.502441 0.762891 0.50293 0.762891 0.503418 0.763281 0.503906 0.763281 0.504883 0.764062 0.505859 0.764062 0.508301 0.764453 0.508789 0.764453 0.510742 0.764844 0.51123 0.764844 0.513672 0.765234 0.51416 0.765234 0.527344 0.766016 0.52832 0.76875 0.52832 0.769531 0.527344 0.769531 0.526367 0.769922 0.525879 0.769922 0.523926 0.770312 0.523438 0.770312 0.503418 0.769922 0.50293 0.769922 0.500977 0.769531 0.500488 0.769531 0.5 0.769141 0.499512 0.769141 0.498535 0.76875 0.498047 0.76875 0.497559 0.768359 0.49707 0.768359 0.496582 0.767969 0.496094 0.767969 0.495605 0.767578 0.495117 0.767578 0.494141 0.767188 0.493652 0.767188 0.492676 0.766797 0.492188 0.766797 0.490723 0.766406 0.490234 0.766406 0.489746 0.766016 0.489258 0.766016 0.488281 0.765625 0.487793 0.765625 0.48584 0.765234 0.485352 0.765234 0.484863 0.764844 0.484375 0.764844 0.483398 0.765234 0.48291 0.765234 0.481934 0.765625 0.481445 0.765625 0.47998 0.766406 0.479004 0.766406 0.477051 0.765625 0.476074
1 0.851562 0.339844 0.851172 0.340332 0.848437 0.340332 0.848047 0.34082 0.847266 0.34082 0.846484 0.341797 0.845703 0.341797 0.845313 0.342285 0.844922 0.342285 0.844531 0.342773 0.844141 0.342773 0.84375 0.343262 0.843359 0.343262 0.842969 0.34375 0.842578 0.34375 0.842187 0.344238 0.83125 0.344238 0.830859 0.344727 0.830469 0.344727 0.830078 0.345215 0.829688 0.345215 0.829297 0.345703 0.828906 0.345703 0.828125 0.34668 0.828125 0.348633 0.828906 0.349609 0.831641 0.349609 0.832031 0.350098 0.836328 0.350098 0.836719 0.350586 0.837891 0.350586 0.838672 0.351562 0.846484 0.351562 0.847266 0.350586 0.848047 0.350586 0.848437 0.350098 0.848828 0.350098 0.849219 0.349609 0.849609 0.349609 0.85 0.349121 0.850391 0.349121 0.850781 0.348633 0.851172 0.348633 0.851562 0.348145 0.852734 0.348145 0.853125 0.347656 0.855859 0.347656 0.85625 0.348145 0.857031 0.348145 0.857422 0.348633 0.860938 0.348633 0.861719 0.347656 0.861719 0.345703 0.862109 0.345215 0.862109 0.343262 0.861328 0.342285 0.860938 0.342285 0.860547 0.341797 0.860156 0.341797 0.859766 0.341309 0.858984 0.341309 0.858594 0.34082 0.857422 0.34082 0.857031 0.340332 0.855469 0.340332 0.855078 0.339844
1 0.8375 0.351074 0.837109 0.351562 0.836328 0.351562 0.835938 0.352051 0.835547 0.352051 0.834766 0.353027 0.833984 0.353027 0.833594 0.353516 0.833203 0.353516 0.832812 0.354004 0.832031 0.354004 0.83125 0.35498 0.830859 0.35498 0.830078 0.355957 0.829688 0.355957 0.827734 0.358398 0.827734 0.358887 0.826953 0.359863 0.826953 0.361816 0.827734 0.362793 0.829688 0.362793 0.830859 0.361328 0.831641 0.361328 0.832031 0.36084 0.832422 0.36084 0.832812 0.360352 0.833203 0.360352 0.833594 0.359863 0.833984 0.359863 0.834375 0.359375 0.835156 0.359375 0.835547 0.358887 0.838281 0.358887 0.838672 0.358398 0.844531 0.358398 0.844922 0.358887 0.846875 0.358887 0.847266 0.359375 0.848047 0.359375 0.848437 0.359863 0.849219 0.359863 0.849609 0.360352 0.850391 0.360352 0.850781 0.36084 0.851172 0.36084 0.851562 0.361328 0.852344 0.361328 0.852734 0.361816 0.853125 0.361816 0.853906 0.362793 0.854297 0.362793 0.854688 0.363281 0.855469 0.363281 0.855859 0.36377 0.85625 0.36377 0.856641 0.364258 0.857031 0.364258 0.857422 0.364746 0.857812 0.364746 0.858203 0.365234 0.858594 0.365234 0.858984 0.365723 0.859375 0.365723 0.860156 0.366699 0.860938 0.366699 0.861719 0.367676 0.8625 0.367676 0.862891 0.368164 0.863672 0.368164 0.864062 0.368652 0.864844 0.368652 0.866016 0.370117 0.868359 0.370117 0.869141 0.369141 0.869141 0.367188 0.868359 0.366211 0.867969 0.366211 0.866016 0.36377 0.865625 0.36377 0.864453 0.362305 0.864062 0.362305 0.862891 0.36084 0.8625 0.36084 0.861328 0.359375 0.860938 0.359375 0.860156 0.358398 0.859766 0.358398 0.858984 0.357422 0.858594 0.357422 0.857812 0.356445 0.857422 0.356445 0.856641 0.355469 0.85625 0.355469 0.855859 0.35498 0.855469 0.35498 0.855078 0.354492 0.854688 0.354492 0.854297 0.354004 0.853906 0.354004 0.853516 0.353516 0.852734 0.353516 0.852344 0.353027 0.851172 0.353027 0.850781 0.352539 0.850391 0.352539 0.85 0.352051 0.849219 0.352051 0.848828 0.351562 0.847656 0.351562 0.847266 0.351074
1 0.873437 0.318359 0.873047 0.318848 0.872656 0.318848 0.872266 0.319336 0.871484 0.319336 0.871094 0.319824 0.870703 0.319824 0.870313 0.320312 0.869141 0.320312 0.86875 0.320801 0.867969 0.320801 0.867578 0.321289 0.866797 0.321289 0.866406 0.321777 0.865234 0.321777 0.864844 0.322266 0.864453 0.322266 0.864062 0.322754 0.863281 0.322754 0.862891 0.323242 0.8625 0.323242 0.862109 0.32373 0.861328 0.32373 0.860547 0.324707 0.860156 0.324707 0.859375 0.325684 0.858984 0.325684 0.858594 0.326172 0.858203 0.326172 0.85625 0.328613 0.855859 0.328613 0.855078 0.32959 0.854688 0.32959 0.852344 0.33252 0.852344 0.333008 0.851562 0.333984 0.851562 0.334473 0.851172 0.334961 0.851172 0.335449 0.850781 0.335938 0.850781 0.336426 0.850391 0.336914 0.850391 0.337402 0.85 0.337891 0.85 0.338379 0.849609 0.338867 0.849609 0.339844 0.849219 0.340332 0.849219 0.34082 0.848828 0.341309 0.848828 0.341797 0.848437 0.342285 0.848437 0.343262 0.848047 0.34375 0.848047 0.350586 0.848828 0.351562 0.851172 0.351562 0.851562 0.351074 0.851953 0.351074 0.852344 0.350586 0.852734 0.350586 0.855078 0.347656 0.855078 0.347168 0.855859 0.346191 0.855859 0.345703 0.85625 0.345215 0.85625 0.344727 0.856641 0.344238 0.856641 0.34375 0.858984 0.34082 0.859375 0.34082 0.863281 0.335938 0.863281 0.335449 0.863672 0.334961 0.864062 0.334961 0.868359 0.32959 0.86875 0.32959 0.869141 0.329102 0.869531 0.329102 0.870313 0.328125 0.870703 0.328125 0.871875 0.32666 0.872266 0.32666 0.873047 0.325684 0.873828 0.325684 0.874219 0.325195 0.874609 0.325195 0.875 0.324707 0.875391 0.324707 0.875781 0.324219 0.876172 0.324219 0.877344 0.322754 0.877344 0.320801 0.876563 0.319824 0.876563 0.319336 0.875781 0.318359
1 0.8625 0.310059 0.861719 0.311035 0.861719 0.311523 0.860547 0.312988 0.860156 0.312988 0.857422 0.316406 0.856641 0.316406 0.855078 0.318359 0.854688 0.318359 0.854297 0.318848 0.853906 0.318848 0.853516 0.319336 0.853125 0.319336 0.852344 0.320312 0.851953 0.320312 0.851172 0.321289 0.850781 0.321289 0.850391 0.321777 0.85 0.321777 0.849219 0.322754 0.848828 0.322754 0.848437 0.323242 0.848047 0.323242 0.847656 0.32373 0.847266 0.32373 0.846875 0.324219 0.846484 0.324219 0.844922 0.326172 0.844531 0.326172 0.839844 0.332031 0.839453 0.332031 0.837891 0.333984 0.8375 0.333984 0.833594 0.338867 0.833594 0.341797 0.834375 0.342773 0.835938 0.342773 0.836328 0.342285 0.836719 0.342285 0.8375 0.341309 0.837891 0.341309 0.839063 0.339844 0.839453 0.339844 0.839844 0.339355 0.840234 0.339355 0.840625 0.338867 0.841406 0.338867 0.841797 0.338379 0.842187 0.338379 0.842578 0.337891 0.842969 0.337891 0.843359 0.337402 0.84375 0.337402 0.844141 0.336914 0.844531 0.336914 0.844922 0.336426 0.845313 0.336426 0.846094 0.335449 0.846484 0.335449 0.848437 0.333008 0.848828 0.333008 0.849609 0.332031 0.85 0.332031 0.850391 0.331543 0.850781 0.331543 0.851172 0.331055 0.851562 0.331055 0.852734 0.32959 0.853125 0.32959 0.853906 0.328613 0.854297 0.328613 0.854688 0.328125 0.855078 0.328125 0.855859 0.327148 0.85625 0.327148 0.856641 0.32666 0.857031 0.32666 0.859375 0.32373 0.859375 0.323242 0.859766 0.322754 0.859766 0.321777 0.860938 0.320312 0.860938 0.319824 0.861719 0.318848 0.861719 0.317871 0.864844 0.313965 0.864844 0.313477 0.865234 0.312988 0.865234 0.311035 0.864453 0.310059
1 0.830859 0.27832 0.829688 0.279785 0.829688 0.29248 0.830078 0.292969 0.830078 0.294434 0.830469 0.294922 0.830469 0.295898 0.830859 0.296387 0.830859 0.297852 0.83125 0.29834 0.83125 0.300781 0.831641 0.30127 0.831641 0.301758 0.832031 0.302246 0.832031 0.303711 0.832422 0.304199 0.832422 0.304688 0.832812 0.305176 0.832812 0.305664 0.833203 0.306152 0.833203 0.307129 0.833984 0.308105 0.833984 0.309082 0.834766 0.310059 0.834766 0.310547 0.835156 0.311035 0.835156 0.311523 0.835938 0.3125 0.835938 0.313477 0.836328 0.313965 0.836328 0.314941 0.836719 0.31543 0.836719 0.315918 0.8375 0.316895 0.8375 0.317871 0.839063 0.319824 0.839063 0.320312 0.841016 0.322754 0.841406 0.322754 0.841797 0.323242 0.842187 0.323242 0.842578 0.32373 0.842578 0.324219 0.844141 0.326172 0.845703 0.326172 0.846484 0.325195 0.846484 0.322266 0.845703 0.321289 0.845313 0.321289 0.844922 0.320801 0.844922 0.320312 0.844141 0.319336 0.843359 0.319336 0.842187 0.317871 0.842187 0.316895 0.841797 0.316406 0.841797 0.31543 0.841406 0.314941 0.841406 0.313477 0.841016 0.312988 0.841016 0.311523 0.840625 0.311035 0.840625 0.310059 0.840234 0.30957 0.840234 0.308594 0.839844 0.308105 0.839844 0.307129 0.839453 0.306641 0.839453 0.303223 0.839063 0.302734 0.839063 0.30127 0.838672 0.300781 0.838672 0.299805 0.838281 0.299316 0.838281 0.29834 0.837891 0.297852 0.837891 0.297363 0.8375 0.296875 0.8375 0.296387 0.837109 0.295898 0.837109 0.29541 0.836719 0.294922 0.836719 0.294434 0.835938 0.293457 0.835938 0.29248 0.835547 0.291992 0.835547 0.291504 0.835156 0.291016 0.835156 0.290039 0.834766 0.289551 0.834766 0.288574 0.834375 0.288086 0.834375 0.286133 0.833984 0.285645 0.833984 0.280273 0.832422 0.27832
2 0.661719 0.101562 0.660937 0.102539 0.660547 0.102539 0.658984 0.104492 0.658984 0.105469 0.658594 0.105957 0.658594 0.106445 0.657813 0.107422 0.657813 0.10791 0.654687 0.111816 0.654687 0.112305 0.654297 0.112793 0.654297 0.115234 0.655469 0.116699 0.658984 0.116699 0.660547 0.114746 0.660547 0.114258 0.661328 0.113281 0.661328 0.112793 0.661719 0.112305 0.661719 0.111816 0.662109 0.111328 0.662109 0.110352 0.664453 0.107422 0.664453 0.106934 0.664844 0.106445 0.664844 0.102539 0.664062 0.101562
1 0.810156 0.296875 0.809766 0.297363 0.808203 0.297363 0.807813 0.297852 0.807422 0.297852 0.807031 0.29834 0.80625 0.29834 0.805859 0.298828 0.805469 0.298828 0.805078 0.299316 0.803906 0.299316 0.803125 0.300293 0.802734 0.300293 0.801562 0.301758 0.801562 0.304688 0.802344 0.305664 0.804688 0.305664 0.805078 0.305176 0.805859 0.305176 0.80625 0.304688 0.810937 0.304688 0.811328 0.305176 0.811719 0.305176 0.812109 0.305664 0.812891 0.305664 0.813281 0.306152 0.813672 0.306152 0.814063 0.306641 0.814453 0.306641 0.814844 0.307129 0.815234 0.307129 0.815625 0.307617 0.816016 0.307617 0.816406 0.308105 0.816797 0.308105 0.817187 0.308594 0.817969 0.308594 0.818359 0.309082 0.81875 0.309082 0.819141 0.30957 0.819922 0.30957 0.820703 0.310547 0.821484 0.310547 0.821875 0.311035 0.822656 0.311035 0.823828 0.3125 0.824219 0.3125 0.824609 0.312988 0.825 0.312988 0.825781 0.313965 0.826172 0.313965 0.828516 0.316895 0.829297 0.316895 0.830078 0.317871 0.830469 0.317871 0.832812 0.320801 0.833203 0.320801 0.834766 0.322754 0.836328 0.322754 0.837109 0.321777 0.837109 0.319336 0.834375 0.315918 0.833984 0.315918 0.825 0.304688 0.824609 0.304688 0.822266 0.301758 0.821875 0.301758 0.821094 0.300781 0.820703 0.300781 0.820312 0.300293 0.819922 0.300293 0.819141 0.299316 0.817969 0.299316 0.817578 0.298828 0.817187 0.298828 0.816797 0.29834 0.816406 0.29834 0.816016 0.297852 0.815625 0.297852 0.815234 0.297363 0.814453 0.297363 0.814063 0.296875
1 0.803906 0.277344 0.803516 0.277832 0.803125 0.277832 0.802344 0.278809 0.802344 0.28125 0.803906 0.283203 0.804297 0.283203 0.804688 0.283691 0.805078 0.283691 0.805859 0.284668 0.80625 0.284668 0.806641 0.285156 0.807031 0.285156 0.807813 0.286133 0.808203 0.286133 0.808984 0.287109 0.809375 0.287109 0.810156 0.288086 0.810547 0.288086 0.811328 0.289062 0.812109 0.289062 0.813672 0.291016 0.814453 0.291016 0.814844 0.291504 0.815234 0.291504 0.815625 0.291992 0.816016 0.291992 0.816406 0.29248 0.817187 0.29248 0.818359 0.293945 0.81875 0.293945 0.819141 0.294434 0.819531 0.294434 0.823438 0.299316 0.823828 0.299316 0.826953 0.303223 0.826953 0.303711 0.828125 0.305176 0.828516 0.305176 0.829688 0.306641 0.829688 0.307129 0.830859 0.308594 0.832422 0.308594 0.833203 0.307617 0.833203 0.305176 0.832812 0.304688 0.832812 0.304199 0.832031 0.303223 0.832031 0.302734 0.831641 0.302246 0.831641 0.30127 0.830859 0.300293 0.830859 0.299805 0.830078 0.298828 0.830078 0.29834 0.828906 0.296875 0.828906 0.296387 0.827344 0.294434 0.826953 0.294434 0.822656 0.289062 0.822266 0.289062 0.821875 0.288574 0.821484 0.288574 0.821094 0.288086 0.820703 0.288086 0.820312 0.287598 0.819922 0.287598 0.819531 0.287109 0.819141 0.287109 0.818359 0.286133 0.817969 0.286133 0.817578 0.285645 0.817187 0.285645 0.816797 0.285156 0.816406 0.285156 0.815625 0.28418 0.815234 0.28418 0.814844 0.283691 0.814453 0.283691 0.813672 0.282715 0.813281 0.282715 0.812109 0.28125 0.811719 0.28125 0.811328 0.280762 0.810937 0.280762 0.810547 0.280273 0.810156 0.280273 0.809766 0.279785 0.809375 0.279785 0.808594 0.278809 0.808203 0.278809 0.807422 0.277832 0.807031 0.277832 0.806641 0.277344
1 0.804688 0.265625 0.803516 0.26709 0.803516 0.267578 0.803125 0.268066 0.803125 0.269043 0.802734 0.269531 0.802734 0.271973 0.803125 0.272461 0.803125 0.272949 0.804688 0.274902 0.805469 0.274902 0.805859 0.275391 0.807422 0.275391 0.808203 0.276367 0.808984 0.276367 0.809375 0.276855 0.810156 0.276855 0.810937 0.277832 0.811328 0.277832 0.812891 0.279785 0.813281 0.279785 0.815234 0.282227 0.815234 0.282715 0.816406 0.28418 0.816406 0.284668 0.816797 0.285156 0.816797 0.285645 0.817187 0.286133 0.817187 0.286621 0.81875 0.288574 0.81875 0.289062 0.823828 0.29541 0.824219 0.29541 0.825781 0.297363 0.826172 0.297363 0.826953 0.29834 0.829688 0.29834 0.830469 0.297363 0.830469 0.294922 0.829688 0.293945 0.829688 0.293457 0.829297 0.292969 0.829297 0.29248 0.828906 0.291992 0.828906 0.291504 0.828516 0.291016 0.828516 0.290527 0.828125 0.290039 0.828125 0.289551 0.827734 0.289062 0.827734 0.288574 0.827344 0.288086 0.827344 0.287598 0.826953 0.287109 0.826953 0.286621 0.825781 0.285156 0.825781 0.284668 0.825391 0.28418 0.825391 0.283691 0.825 0.283203 0.825 0.282715 0.824219 0.281738 0.824219 0.28125 0.822656 0.279297 0.822656 0.278809 0.81875 0.273926 0.818359 0.273926 0.817187 0.272461 0.816797 0.272461 0.816406 0.271973 0.816016 0.271973 0.815625 0.271484 0.815234 0.271484 0.814844 0.270996 0.814063 0.270996 0.813672 0.270508 0.8125 0.270508 0.812109 0.27002 0.809375 0.27002 0.808984 0.269531 0.807422 0.269531 0.807031 0.269043 0.807422 0.268555 0.807422 0.266602 0.806641 0.265625
2 0.802344 0.245605 0.801562 0.246582 0.801562 0.250488 0.801953 0.250977 0.801953 0.251465 0.802344 0.251953 0.802344 0.252441 0.802734 0.25293 0.802734 0.253418 0.803516 0.254395 0.803516 0.254883 0.804688 0.256348 0.804688 0.256836 0.805469 0.257812 0.805469 0.258301 0.80625 0.259277 0.80625 0.259766 0.806641 0.260254 0.806641 0.26123 0.807031 0.261719 0.807031 0.262207 0.807422 0.262695 0.807422 0.263672 0.807813 0.26416 0.807813 0.264648 0.808203 0.265137 0.808203 0.26709 0.808594 0.267578 0.808594 0.269043 0.808203 0.269531 0.808203 0.270508 0.807422 0.271484 0.807422 0.271973 0.80625 0.273438 0.80625 0.274414 0.805859 0.274902 0.805859 0.277344 0.805469 0.277832 0.805469 0.279785 0.805078 0.280273 0.805078 0.288574 0.805859 0.289551 0.807422 0.289551 0.808203 0.288574 0.808203 0.287598 0.808594 0.287109 0.808594 0.286621 0.808984 0.286133 0.808984 0.285645 0.809766 0.284668 0.809766 0.28418 0.813281 0.279785 0.813281 0.279297 0.814063 0.27832 0.814063 0.276367 0.814453 0.275879 0.814453 0.274902 0.814844 0.274414 0.814844 0.26123 0.814453 0.260742 0.814453 0.259766 0.814063 0.259277 0.814063 0.258789 0.813672 0.258301 0.813672 0.257812 0.8125 0.256348 0.8125 0.255859 0.809766 0.252441 0.809375 0.252441 0.808594 0.251465 0.808203 0.251465 0.807422 0.250488 0.807031 0.250488 0.806641 0.25 0.805859 0.25 0.804688 0.248535 0.804688 0.246582 0.803906 0.245605
1 0.627734 0.266602 0.626953 0.267578 0.626953 0.286621 0.627344 0.287109 0.627344 0.289062 0.627734 0.289551 0.627734 0.291992 0.628125 0.29248 0.628125 0.293945 0.628516 0.294434 0.628516 0.297852 0.628906 0.29834 0.628906 0.299316 0.629297 0.299805 0.629297 0.300293 0.629687 0.300781 0.629687 0.30127 0.630078 0.301758 0.630078 0.302246 0.630469 0.302734 0.630469 0.303223 0.630859 0.303711 0.630859 0.304199 0.63125 0.304688 0.63125 0.305176 0.631641 0.305664 0.631641 0.306152 0.632422 0.307129 0.632422 0.307617 0.632812 0.308105 0.632812 0.308594 0.633203 0.309082 0.633203 0.30957 0.633594 0.310059 0.633594 0.310547 0.633984 0.311035 0.633984 0.311523 0.634375 0.312012 0.634375 0.3125 0.635156 0.313477 0.635156 0.313965 0.635938 0.314941 0.637891 0.314941 0.638672 0.313965 0.638672 0.30957 0.638281 0.309082 0.638281 0.308594 0.637891 0.308105 0.637891 0.307617 0.637109 0.306641 0.637109 0.306152 0.636719 0.305664 0.636719 0.305176 0.636328 0.304688 0.636328 0.303711 0.635938 0.303223 0.635938 0.302246 0.635547 0.301758 0.635547 0.300781 0.635156 0.300293 0.635156 0.299805 0.634766 0.299316 0.634766 0.297852 0.634375 0.297363 0.634375 0.296387 0.633984 0.295898 0.633984 0.294434 0.633594 0.293945 0.633594 0.29248 0.633203 0.291992 0.633203 0.290527 0.632812 0.290039 0.632812 0.287598 0.632422 0.287109 0.632422 0.284668 0.632031 0.28418 0.632031 0.282227 0.631641 0.281738 0.631641 0.27832 0.63125 0.277832 0.63125 0.275879 0.630859 0.275391 0.630859 0.272949 0.630469 0.272461 0.630469 0.271484 0.630078 0.270996 0.630078 0.267578 0.629297 0.266602
2 0.655859 0.233398 0.655078 0.234375 0.655078 0.239258 0.655859 0.240234 0.655859 0.242188 0.65625 0.242676 0.65625 0.251953 0.656641 0.252441 0.656641 0.25293 0.657031 0.253418 0.657031 0.253906 0.657422 0.254395 0.657422 0.254883 0.657813 0.255371 0.657813 0.256348 0.658203 0.256836 0.658203 0.257812 0.658984 0.258789 0.658984 0.259766 0.659766 0.260742 0.659766 0.261719 0.660156 0.262207 0.660156 0.263184 0.660547 0.263672 0.660547 0.265625 0.660156 0.266113 0.655078 0.266113 0.654297 0.26709 0.654297 0.270508 0.655469 0.271973 0.65625 0.271973 0.656641 0.272461 0.657031 0.272461 0.657813 0.273438 0.658984 0.273438 0.659375 0.273926 0.660156 0.273926 0.660547 0.274414 0.661328 0.274414 0.661719 0.274902 0.665234 0.274902 0.665625 0.274414 0.666406 0.274414 0.666797 0.273926 0.667578 0.273926 0.667969 0.273438 0.669141 0.273438 0.669922 0.272461 0.670312 0.272461 0.671094 0.271484 0.671094 0.270996 0.671875 0.27002 0.671875 0.268555 0.672266 0.268066 0.672266 0.260742 0.671875 0.260254 0.671875 0.259277 0.671484 0.258789 0.671484 0.257812 0.671094 0.257324 0.671094 0.256836 0.670703 0.256348 0.670703 0.255859 0.670312 0.255371 0.670312 0.254883 0.669922 0.254395 0.669922 0.253906 0.669531 0.253418 0.669531 0.25293 0.66875 0.251953 0.66875 0.251465 0.668359 0.250977 0.668359 0.250488 0.667969 0.25 0.667969 0.249512 0.667188 0.248535 0.667188 0.248047 0.665625 0.246094 0.665625 0.245605 0.664062 0.243652 0.664062 0.243164 0.663281 0.242188 0.663281 0.241699 0.661719 0.239746 0.661719 0.239258 0.660547 0.237793 0.660547 0.237305 0.657422 0.233398
1 0.683594 0.22998 0.682813 0.230957 0.682813 0.23291 0.683594 0.233887 0.684375 0.233887 0.684766 0.234375 0.684766 0.234863 0.685547 0.23584 0.685937 0.23584 0.686719 0.236816 0.686719 0.237305 0.687109 0.237793 0.687109 0.238281 0.687891 0.239258 0.687891 0.241211 0.688281 0.241699 0.688281 0.242676 0.688672 0.243164 0.688672 0.243652 0.689063 0.244141 0.689063 0.245117 0.689453 0.245605 0.689453 0.246094 0.690234 0.24707 0.690234 0.247559 0.690625 0.248047 0.690625 0.249023 0.691406 0.25 0.691406 0.252441 0.691797 0.25293 0.691797 0.253906 0.69375 0.256348 0.69375 0.256836 0.696875 0.260742 0.696875 0.262695 0.697266 0.263184 0.697266 0.265137 0.698438 0.266602 0.7 0.266602 0.700781 0.265625 0.700781 0.257812 0.700391 0.257324 0.700391 0.256836 0.7 0.256348 0.7 0.255371 0.699609 0.254883 0.699609 0.253906 0.699219 0.253418 0.699219 0.251953 0.698828 0.251465 0.698828 0.250488 0.698047 0.249512 0.698047 0.248535 0.697656 0.248047 0.697656 0.246582 0.696875 0.245605 0.696875 0.245117 0.696484 0.244629 0.696484 0.244141 0.695703 0.243164 0.695703 0.242676 0.694922 0.241699 0.694922 0.241211 0.694531 0.240723 0.694531 0.239746 0.69375 0.23877 0.69375 0.238281 0.691016 0.234863 0.691016 0.234375 0.687891 0.230469 0.686719 0.230469 0.686328 0.22998
1 0.694531 0.225098 0.69375 0.226074 0.69375 0.228027 0.692578 0.229492 0.692578 0.231445 0.69375 0.23291 0.694141 0.23291 0.694531 0.233398 0.694922 0.233398 0.695312 0.233887 0.695703 0.233887 0.696094 0.234375 0.696875 0.234375 0.697656 0.235352 0.699219 0.235352 0.699609 0.23584 0.7 0.23584 0.700781 0.236816 0.701172 0.236816 0.701953 0.237793 0.702344 0.237793 0.703516 0.239258 0.703906 0.239258 0.704688 0.240234 0.705078 0.240234 0.705859 0.241211 0.70625 0.241211 0.708203 0.243652 0.708594 0.243652 0.709766 0.245117 0.710156 0.245117 0.7125 0.248047 0.712891 0.248047 0.714063 0.249512 0.714453 0.249512 0.715625 0.250977 0.716016 0.250977 0.717187 0.252441 0.717578 0.252441 0.717969 0.25293 0.720313 0.25293 0.721094 0.251953 0.721094 0.249023 0.720703 0.248535 0.720703 0.248047 0.719922 0.24707 0.719531 0.24707 0.716406 0.243164 0.716016 0.243164 0.710156 0.23584 0.709375 0.23584 0.70625 0.231934 0.705859 0.231934 0.703906 0.229492 0.703516 0.229492 0.703125 0.229004 0.702734 0.229004 0.701562 0.227539 0.700781 0.227539 0.700391 0.227051 0.699219 0.227051 0.698828 0.226562 0.697656 0.226562 0.696484 0.225098
1 0.728906 0.374023 0.728516 0.374512 0.726953 0.374512 0.726562 0.375 0.725781 0.375 0.725391 0.375488 0.725 0.375488 0.724609 0.375977 0.724219 0.375977 0.723828 0.376465 0.723437 0.376465 0.723047 0.376953 0.722656 0.376953 0.722266 0.377441 0.721875 0.377441 0.721484 0.37793 0.721094 0.37793 0.719922 0.379395 0.719141 0.379395 0.71875 0.379883 0.718359 0.379883 0.717969 0.380371 0.717187 0.380371 0.716797 0.380859 0.716406 0.380859 0.716016 0.381348 0.715234 0.381348 0.714844 0.381836 0.714453 0.381836 0.714063 0.382324 0.713672 0.382324 0.713281 0.382812 0.712891 0.382812 0.711719 0.384277 0.711328 0.384277 0.708594 0.387695 0.708594 0.388672 0.708203 0.38916 0.708203 0.392578 0.708984 0.393555 0.710547 0.393555 0.710938 0.393066 0.711719 0.393066 0.715234 0.388672 0.715625 0.388672 0.716016 0.388184 0.716406 0.388184 0.717187 0.387207 0.717969 0.387207 0.718359 0.386719 0.719141 0.386719 0.719531 0.38623 0.719922 0.38623 0.720313 0.385742 0.721094 0.385742 0.721484 0.385254 0.722266 0.385254 0.722656 0.384766 0.723047 0.384766 0.723437 0.384277 0.723828 0.384277 0.724219 0.383789 0.724609 0.383789 0.725 0.383301 0.725391 0.383301 0.725781 0.382812 0.726953 0.382812 0.727734 0.381836 0.728516 0.381836 0.729297 0.380859 0.730078 0.380859 0.730469 0.380371 0.73125 0.380371 0.731641 0.379883 0.732031 0.379883 0.732422 0.379395 0.732812 0.379395 0.733984 0.37793 0.733984 0.375488 0.732812 0.374023
1 0.728516 0.378906 0.727734 0.379883 0.727734 0.383789 0.728906 0.385254 0.728906 0.38623 0.729688 0.387207 0.729688 0.387695 0.730469 0.388672 0.730469 0.389648 0.730859 0.390137 0.730859 0.390625 0.73125 0.391113 0.73125 0.391602 0.732031 0.392578 0.732031 0.393066 0.732812 0.394043 0.732812 0.394531 0.733594 0.395508 0.733594 0.395996 0.734375 0.396973 0.734375 0.397461 0.735156 0.398438 0.735156 0.398926 0.736719 0.400879 0.736719 0.401367 0.738281 0.40332 0.738281 0.403809 0.738672 0.404297 0.738672 0.404785 0.739062 0.405273 0.739062 0.40625 0.738281 0.407227 0.738281 0.408203 0.7375 0.40918 0.7375 0.413574 0.738672 0.415039 0.740625 0.415039 0.741016 0.414551 0.742578 0.414551 0.742969 0.414062 0.743359 0.414062 0.74375 0.413574 0.744141 0.413574 0.745313 0.412109 0.745313 0.411621 0.746484 0.410156 0.746484 0.409668 0.747266 0.408691 0.747266 0.40332 0.746875 0.402832 0.746875 0.402344 0.745313 0.400391 0.745313 0.399902 0.742969 0.396973 0.742969 0.396484 0.740625 0.393555 0.740625 0.392578 0.739844 0.391602 0.739844 0.391113 0.739453 0.390625 0.739453 0.389648 0.739062 0.38916 0.739062 0.388672 0.738672 0.388184 0.738672 0.387695 0.738281 0.387207 0.738281 0.386719 0.7375 0.385742 0.737109 0.385742 0.736328 0.384766 0.735938 0.384766 0.735547 0.384277 0.735156 0.384277 0.733984 0.382812 0.733594 0.382812 0.732812 0.381836 0.732422 0.381836 0.732031 0.381348 0.731641 0.381348 0.730859 0.380371 0.730859 0.379883 0.730078 0.378906
2 0.724219 0.383789 0.723437 0.384766 0.722266 0.384766 0.721875 0.385254 0.721484 0.385254 0.720313 0.386719 0.719531 0.386719 0.719141 0.387207 0.71875 0.387207 0.717969 0.388184 0.717578 0.388184 0.716797 0.38916 0.716406 0.38916 0.715625 0.390137 0.715234 0.390137 0.714453 0.391113 0.714453 0.391602 0.713672 0.392578 0.713672 0.393066 0.713281 0.393555 0.713281 0.397949 0.714844 0.399902 0.719141 0.399902 0.719531 0.399414 0.719922 0.399414 0.720313 0.398926 0.720703 0.398926 0.721094 0.398438 0.721875 0.398438 0.722266 0.397949 0.722656 0.397949 0.723047 0.397461 0.723828 0.397461 0.724219 0.396973 0.724609 0.396973 0.725 0.396484 0.725391 0.396484 0.725781 0.395996 0.726172 0.395996 0.726562 0.395508 0.727344 0.395508 0.727734 0.39502 0.728516 0.39502 0.729297 0.394043 0.729688 0.394043 0.730469 0.393066 0.730859 0.393066 0.73125 0.392578 0.731641 0.392578 0.732422 0.391602 0.732812 0.391602 0.733594 0.390625 0.733984 0.390625 0.735547 0.388672 0.735547 0.385742 0.734766 0.384766 0.726562 0.384766 0.725781 0.383789
1 0.712109 0.395508 0.710547 0.397461 0.710156 0.397461 0.709375 0.398438 0.708984 0.398438 0.708203 0.399414 0.707812 0.399414 0.707422 0.399902 0.707031 0.399902 0.705078 0.402344 0.704688 0.402344 0.703516 0.403809 0.703125 0.403809 0.700391 0.407227 0.7 0.407227 0.698828 0.408691 0.698438 0.408691 0.696094 0.411621 0.695703 0.411621 0.694922 0.412598 0.694922 0.413086 0.692969 0.415527 0.692969 0.416016 0.692187 0.416992 0.692187 0.41748 0.691797 0.417969 0.691797 0.42041 0.692578 0.421387 0.695312 0.421387 0.695703 0.420898 0.696094 0.420898 0.696484 0.42041 0.696875 0.42041 0.697656 0.419434 0.698047 0.419434 0.698828 0.418457 0.699219 0.418457 0.700391 0.416992 0.700781 0.416992 0.702344 0.415039 0.702734 0.415039 0.703516 0.414062 0.704297 0.414062 0.705078 0.413086 0.705469 0.413086 0.707031 0.411133 0.707422 0.411133 0.708594 0.409668 0.708984 0.409668 0.709375 0.40918 0.709766 0.40918 0.710547 0.408203 0.710938 0.408203 0.711328 0.407715 0.711719 0.407715 0.7125 0.406738 0.713281 0.406738 0.714063 0.405762 0.714453 0.405762 0.715234 0.404785 0.715234 0.404297 0.716797 0.402344 0.716797 0.397461 0.715625 0.395996 0.714063 0.395996 0.713672 0.395508
2 0.658203 0.36084 0.657422 0.361816 0.657422 0.36377 0.658594 0.365234 0.658984 0.365234 0.660156 0.366699 0.660547 0.366699 0.663672 0.370605 0.664062 0.370605 0.666797 0.374023 0.667188 0.374023 0.668359 0.375488 0.668359 0.375977 0.672656 0.381348 0.672656 0.381836 0.676953 0.387207 0.677344 0.387207 0.678516 0.388672 0.678906 0.388672 0.680469 0.390625 0.680469 0.391602 0.680859 0.39209 0.680859 0.392578 0.68125 0.393066 0.68125 0.394043 0.681641 0.394531 0.681641 0.39502 0.68125 0.395508 0.68125 0.397949 0.682031 0.398926 0.683594 0.398926 0.684375 0.397949 0.684375 0.397461 0.684766 0.396973 0.684766 0.392578 0.684375 0.39209 0.684375 0.391113 0.683984 0.390625 0.683984 0.390137 0.683594 0.389648 0.683594 0.388672 0.683203 0.388184 0.683203 0.387695 0.681641 0.385742 0.681641 0.385254 0.680078 0.383301 0.680078 0.382812 0.678516 0.380859 0.678516 0.380371 0.677734 0.379395 0.677344 0.379395 0.676172 0.37793 0.676172 0.377441 0.674219 0.375 0.674219 0.374512 0.672266 0.37207 0.672266 0.371582 0.669922 0.368652 0.669922 0.368164 0.66875 0.366699 0.66875 0.366211 0.665234 0.361816 0.663672 0.361816 0.663281 0.361328 0.660547 0.361328 0.660156 0.36084
1 0.734766 0.371582 0.733984 0.372559 0.733203 0.372559 0.732031 0.374023 0.732031 0.375 0.731641 0.375488 0.731641 0.378906 0.733203 0.380859 0.733203 0.381348 0.733984 0.382324 0.734375 0.382324 0.735156 0.383301 0.737891 0.383301 0.739062 0.384766 0.739844 0.384766 0.740234 0.385254 0.741016 0.385254 0.741406 0.385742 0.741797 0.385742 0.742188 0.38623 0.74375 0.38623 0.744141 0.386719 0.744922 0.386719 0.745313 0.387207 0.745703 0.387207 0.746094 0.387695 0.746875 0.387695 0.747656 0.388672 0.748047 0.388672 0.748437 0.38916 0.748828 0.38916 0.749219 0.389648 0.75 0.389648 0.750781 0.390625 0.751172 0.390625 0.751953 0.391602 0.752344 0.391602 0.752734 0.39209 0.753125 0.39209 0.753516 0.392578 0.753906 0.392578 0.754687 0.393555 0.755078 0.393555 0.755469 0.394043 0.755859 0.394043 0.75625 0.394531 0.756641 0.394531 0.757031 0.39502 0.758203 0.39502 0.758594 0.395508 0.759766 0.395508 0.760156 0.395996 0.761328 0.395996 0.761719 0.396484 0.767578 0.396484 0.768359 0.395508 0.768359 0.392578 0.767969 0.39209 0.767969 0.391602 0.766406 0.389648 0.764844 0.389648 0.764453 0.38916 0.763281 0.38916 0.7625 0.388184 0.760938 0.388184 0.760547 0.387695 0.760156 0.387695 0.759766 0.387207 0.757812 0.387207 0.757031 0.38623 0.755859 0.38623 0.755469 0.385742 0.755078 0.385742 0.754687 0.385254 0.753516 0.385254 0.753125 0.384766 0.752734 0.384766 0.752344 0.384277 0.750391 0.384277 0.75 0.383789 0.749609 0.383789 0.749219 0.383301 0.748828 0.383301 0.748437 0.382812 0.747656 0.382812 0.747266 0.382324 0.746484 0.382324 0.746094 0.381836 0.745703 0.381836 0.744922 0.380859 0.744531 0.380859 0.741016 0.376465 0.740625 0.376465 0.740234 0.375977 0.740234 0.375488 0.739453 0.374512 0.739062 0.374512 0.738672 0.374023 0.738672 0.373535 0.737891 0.372559 0.7375 0.372559 0.736719 0.371582
1 0.419922 0.336426 0.419141 0.337402 0.419141 0.337891 0.41875 0.338379 0.41875 0.342285 0.418359 0.342773 0.418359 0.344727 0.417969 0.345215 0.417969 0.345703 0.417578 0.346191 0.417578 0.34668 0.416797 0.347656 0.416797 0.348145 0.415234 0.350098 0.414844 0.350098 0.414453 0.350586 0.414062 0.350586 0.413281 0.351562 0.412891 0.351562 0.412109 0.352539 0.411719 0.352539 0.411328 0.353027 0.410938 0.353027 0.410547 0.353516 0.410156 0.353516 0.408984 0.35498 0.408594 0.35498 0.408203 0.355469 0.407422 0.355469 0.40625 0.356934 0.405859 0.356934 0.405078 0.35791 0.404297 0.35791 0.403125 0.359375 0.402734 0.359375 0.401953 0.360352 0.401562 0.360352 0.400391 0.361816 0.4 0.361816 0.398828 0.363281 0.398438 0.363281 0.397266 0.364746 0.396875 0.364746 0.392578 0.370117 0.392578 0.370605 0.391016 0.372559 0.391016 0.373047 0.390234 0.374023 0.390234 0.374512 0.388672 0.376465 0.388672 0.378418 0.389453 0.379395 0.391016 0.379395 0.39375 0.375977 0.39375 0.375488 0.395313 0.373535 0.395313 0.373047 0.399219 0.368164 0.399609 0.368164 0.400781 0.366699 0.401172 0.366699 0.401562 0.366211 0.402344 0.366211 0.402734 0.365723 0.403125 0.365723 0.403516 0.365234 0.403906 0.365234 0.405469 0.363281 0.405859 0.363281 0.40625 0.362793 0.406641 0.362793 0.407031 0.362305 0.407422 0.362305 0.407813 0.361816 0.408203 0.361816 0.408594 0.361328 0.409766 0.361328 0.410156 0.36084 0.410547 0.36084 0.410938 0.360352 0.411328 0.360352 0.411719 0.359863 0.4125 0.359863 0.412891 0.359375 0.413672 0.359375 0.414062 0.358887 0.414453 0.358887 0.414844 0.358398 0.415625 0.358398 0.416797 0.356934 0.417187 0.356934 0.417578 0.356445 0.417969 0.356445 0.419922 0.354004 0.420312 0.354004 0.421094 0.353027 0.421094 0.352539 0.421484 0.352051 0.421484 0.351562 0.421875 0.351074 0.421875 0.350586 0.422656 0.349609 0.422656 0.348145 0.423047 0.347656 0.423047 0.347168 0.423438 0.34668 0.423438 0.342285 0.423047 0.341797 0.423047 0.338867 0.422656 0.338379 0.422656 0.337402 0.421875 0.336426
1 0.381641 0.367188 0.380859 0.368164 0.380859 0.369629 0.380078 0.370605 0.379297 0.370605 0.378906 0.371094 0.374609 0.371094 0.374219 0.371582 0.373437 0.371582 0.373047 0.37207 0.372266 0.37207 0.371875 0.372559 0.371094 0.372559 0.370703 0.373047 0.369922 0.373047 0.369531 0.373535 0.36875 0.373535 0.368359 0.374023 0.367969 0.374023 0.367578 0.374512 0.366797 0.374512 0.366406 0.375 0.366016 0.375 0.365234 0.375977 0.364844 0.375977 0.364453 0.376465 0.363672 0.376465 0.363281 0.376953 0.362891 0.376953 0.362109 0.37793 0.361719 0.37793 0.361328 0.378418 0.360938 0.378418 0.360156 0.379395 0.359766 0.379395 0.358594 0.380859 0.358594 0.381348 0.358203 0.381836 0.358203 0.382324 0.357812 0.382812 0.357812 0.383789 0.357422 0.384277 0.357422 0.390137 0.358594 0.391602 0.361328 0.391602 0.361719 0.391113 0.362109 0.391113 0.3625 0.390625 0.362891 0.390625 0.363672 0.389648 0.364063 0.389648 0.365234 0.388184 0.365625 0.388184 0.367188 0.38623 0.367578 0.38623 0.36875 0.384766 0.369141 0.384766 0.370312 0.383301 0.370703 0.383301 0.371484 0.382324 0.371875 0.382324 0.373437 0.380371 0.373828 0.380371 0.374609 0.379395 0.375 0.379395 0.375391 0.378906 0.375781 0.378906 0.376172 0.378418 0.376953 0.378418 0.377344 0.37793 0.377734 0.37793 0.378125 0.377441 0.378906 0.377441 0.379297 0.376953 0.380078 0.376953 0.380469 0.376465 0.38125 0.376465 0.381641 0.375977 0.382031 0.375977 0.384375 0.373047 0.384375 0.371094 0.383984 0.370605 0.383984 0.368164 0.383203 0.367188
1 0.394922 0.320312 0.394531 0.320801 0.394141 0.320801 0.39375 0.321289 0.392578 0.321289 0.392188 0.321777 0.391797 0.321777 0.391406 0.322266 0.391016 0.322266 0.390625 0.322754 0.389844 0.322754 0.389453 0.323242 0.388672 0.323242 0.387891 0.324219 0.3875 0.324219 0.387109 0.324707 0.386719 0.324707 0.386328 0.325195 0.385937 0.325195 0.383984 0.327637 0.383594 0.327637 0.382422 0.329102 0.382031 0.328613 0.381641 0.328613 0.38125 0.328125 0.378906 0.328125 0.377344 0.330078 0.377344 0.333496 0.378516 0.334961 0.382422 0.334961 0.383203 0.333984 0.383984 0.333984 0.384375 0.333496 0.385156 0.333496 0.386328 0.332031 0.386719 0.332031 0.3875 0.331055 0.387891 0.331055 0.388281 0.330566 0.388672 0.330566 0.389062 0.330078 0.389844 0.330078 0.390234 0.32959 0.391016 0.32959 0.391406 0.329102 0.392578 0.329102 0.392969 0.328613 0.394531 0.328613 0.394922 0.328125 0.396094 0.328125 0.396484 0.327637 0.397266 0.327637 0.397656 0.327148 0.398047 0.327148 0.398438 0.32666 0.398828 0.32666 0.399609 0.325684 0.399609 0.323242 0.398828 0.322266 0.398828 0.321777 0.397656 0.320312
1 0.451562 0.29248 0.450781 0.293457 0.450781 0.296387 0.453516 0.299805 0.453906 0.299805 0.455469 0.301758 0.455859 0.301758 0.457422 0.303711 0.458203 0.303711 0.458984 0.304688 0.459375 0.304688 0.459766 0.305176 0.460156 0.305176 0.460547 0.305664 0.461328 0.305664 0.461719 0.306152 0.462891 0.306152 0.463281 0.306641 0.463672 0.306641 0.464062 0.307129 0.464453 0.307129 0.464844 0.307617 0.465234 0.307617 0.466016 0.308594 0.466406 0.308594 0.466797 0.309082 0.467187 0.309082 0.467578 0.30957 0.467969 0.30957 0.468359 0.310059 0.46875 0.310059 0.469141 0.310547 0.469531 0.310547 0.469922 0.311035 0.470703 0.311035 0.471094 0.311523 0.477734 0.311523 0.478906 0.310059 0.478906 0.307129 0.478125 0.306152 0.477734 0.306152 0.476953 0.305176 0.476172 0.305176 0.475 0.303711 0.474609 0.303711 0.473828 0.302734 0.473438 0.302734 0.472656 0.301758 0.472266 0.301758 0.471875 0.30127 0.471484 0.30127 0.471094 0.300781 0.470703 0.300781 0.470313 0.300293 0.469531 0.300293 0.469141 0.299805 0.467969 0.299805 0.467578 0.299316 0.466797 0.299316 0.466406 0.298828 0.465234 0.298828 0.464844 0.29834 0.464062 0.29834 0.463672 0.297852 0.462891 0.297852 0.4625 0.297363 0.461719 0.297363 0.461328 0.296875 0.460156 0.296875 0.459766 0.296387 0.458594 0.296387 0.458203 0.295898 0.457422 0.295898 0.457031 0.29541 0.45625 0.29541 0.455859 0.294922 0.455469 0.294922 0.455078 0.294434 0.454297 0.294434 0.453906 0.293945 0.453906 0.293457 0.453125 0.29248
1 0.253516 0.537109 0.251953 0.539062 0.251953 0.543457 0.252344 0.543945 0.252344 0.545898 0.252734 0.546387 0.252734 0.549316 0.252344 0.549805 0.252344 0.550781 0.251953 0.55127 0.251953 0.553223 0.251563 0.553711 0.251563 0.554688 0.251172 0.555176 0.251172 0.555664 0.250781 0.556152 0.250781 0.556641 0.250391 0.557129 0.250391 0.557617 0.25 0.558105 0.25 0.559082 0.248438 0.561035 0.248438 0.562012 0.247656 0.562988 0.247656 0.563477 0.247266 0.563965 0.247266 0.564941 0.246484 0.565918 0.246484 0.566406 0.246094 0.566895 0.246094 0.567383 0.245703 0.567871 0.245703 0.568359 0.244922 0.569336 0.244922 0.569824 0.244531 0.570312 0.244531 0.570801 0.244141 0.571289 0.244141 0.571777 0.243359 0.572754 0.243359 0.573242 0.242969 0.57373 0.242969 0.574219 0.242188 0.575195 0.242188 0.575684 0.241797 0.576172 0.241797 0.57666 0.241406 0.577148 0.241406 0.57959 0.242188 0.580566 0.24375 0.580566 0.246094 0.577637 0.246094 0.577148 0.250391 0.571777 0.250391 0.571289 0.251953 0.569336 0.251953 0.568359 0.252734 0.567383 0.252734 0.566895 0.253125 0.566406 0.253125 0.565918 0.253516 0.56543 0.253516 0.564941 0.253906 0.564453 0.253906 0.563965 0.254297 0.563477 0.254297 0.562988 0.254688 0.5625 0.254688 0.562012 0.255078 0.561523 0.255078 0.560547 0.255469 0.560059 0.255469 0.558594 0.255859 0.558105 0.255859 0.556152 0.25625 0.555664 0.25625 0.554688 0.256641 0.554199 0.256641 0.552246 0.257031 0.551758 0.257031 0.55127 0.257422 0.550781 0.257422 0.54834 0.257812 0.547852 0.257812 0.540039 0.257422 0.539551 0.257422 0.539062 0.255859 0.537109
1 0.305469 0.522949 0.304688 0.523926 0.304688 0.539551 0.305078 0.540039 0.305078 0.541016 0.305469 0.541504 0.305469 0.541992 0.30625 0.542969 0.30625 0.543945 0.307031 0.544922 0.307031 0.54541 0.307812 0.546387 0.307812 0.546875 0.308203 0.547363 0.308203 0.547852 0.308594 0.54834 0.308594 0.548828 0.308984 0.549316 0.308984 0.549805 0.309375 0.550293 0.309375 0.550781 0.311719 0.553711 0.311719 0.554199 0.313672 0.556641 0.314063 0.556641 0.316406 0.55957 0.316406 0.560059 0.317188 0.561035 0.317188 0.561523 0.317578 0.562012 0.317578 0.5625 0.318359 0.563477 0.318359 0.564453 0.31875 0.564941 0.31875 0.56543 0.319531 0.566406 0.319531 0.566895 0.319922 0.567383 0.319922 0.567871 0.320703 0.568848 0.322266 0.568848 0.323047 0.567871 0.323047 0.56543 0.322656 0.564941 0.322656 0.564453 0.322266 0.563965 0.322266 0.563477 0.321875 0.562988 0.321875 0.5625 0.321484 0.562012 0.321484 0.561523 0.320703 0.560547 0.320703 0.55957 0.320312 0.559082 0.320312 0.558594 0.319141 0.557129 0.319141 0.556152 0.31875 0.555664 0.31875 0.555176 0.318359 0.554688 0.318359 0.554199 0.317578 0.553223 0.317578 0.552734 0.316797 0.551758 0.316797 0.55127 0.316016 0.550293 0.316016 0.549316 0.315625 0.548828 0.315625 0.54834 0.314844 0.547363 0.314844 0.546387 0.314453 0.545898 0.314453 0.54541 0.314063 0.544922 0.314063 0.544434 0.313672 0.543945 0.313672 0.543457 0.313281 0.542969 0.313281 0.54248 0.3125 0.541504 0.3125 0.541016 0.312109 0.540527 0.312109 0.540039 0.311719 0.539551 0.311719 0.538574 0.311328 0.538086 0.311328 0.537598 0.310937 0.537109 0.310937 0.535645 0.310547 0.535156 0.310547 0.534668 0.310156 0.53418 0.310156 0.532715 0.309375 0.531738 0.309375 0.528809 0.308984 0.52832 0.308984 0.527832 0.308594 0.527344 0.308594 0.526367 0.308203 0.525879 0.308203 0.524414 0.307031 0.522949
1 0.308984 0.516113 0.307812 0.517578 0.307812 0.524414 0.308594 0.525391 0.308594 0.525879 0.308984 0.526367 0.308984 0.526855 0.309375 0.527344 0.309375 0.527832 0.309766 0.52832 0.309766 0.528809 0.310156 0.529297 0.310156 0.529785 0.310547 0.530273 0.310547 0.530762 0.310937 0.53125 0.310937 0.531738 0.311328 0.532227 0.311328 0.532715 0.311719 0.533203 0.311719 0.53418 0.3125 0.535156 0.3125 0.536133 0.312891 0.536621 0.312891 0.538086 0.313281 0.538574 0.313281 0.540039 0.313672 0.540527 0.313672 0.54248 0.314063 0.542969 0.314063 0.543945 0.314453 0.544434 0.314453 0.546875 0.314844 0.547363 0.314844 0.547852 0.315234 0.54834 0.315234 0.550781 0.315625 0.55127 0.315625 0.551758 0.316016 0.552246 0.316016 0.554199 0.316406 0.554688 0.316406 0.557129 0.316797 0.557617 0.316797 0.558105 0.317578 0.559082 0.319141 0.559082 0.319922 0.558105 0.319922 0.557129 0.320312 0.556641 0.320312 0.556152 0.320703 0.555664 0.320703 0.555176 0.321094 0.554688 0.321094 0.554199 0.321484 0.553711 0.321484 0.551758 0.321875 0.55127 0.321875 0.544434 0.321484 0.543945 0.321484 0.541992 0.321094 0.541504 0.321094 0.540527 0.320703 0.540039 0.320703 0.539062 0.320312 0.538574 0.320312 0.537598 0.319922 0.537109 0.319922 0.535156 0.319531 0.534668 0.319531 0.53418 0.319141 0.533691 0.319141 0.532227 0.31875 0.531738 0.31875 0.530762 0.318359 0.530273 0.318359 0.528809 0.317969 0.52832 0.317969 0.527832 0.317578 0.527344 0.317578 0.526855 0.317188 0.526367 0.317188 0.525879 0.316797 0.525391 0.316797 0.524902 0.316016 0.523926 0.316016 0.523438 0.314844 0.521973 0.314844 0.521484 0.313281 0.519531 0.313281 0.519043 0.311328 0.516602 0.310937 0.516602 0.310547 0.516113
1 0.204687 0.687012 0.204297 0.6875 0.203906 0.6875 0.203516 0.687988 0.201172 0.687988 0.200781 0.688477 0.2 0.688477 0.199219 0.689453 0.199219 0.691406 0.2 0.692383 0.202344 0.692383 0.202734 0.691895 0.204297 0.691895 0.205078 0.692871 0.205859 0.692871 0.206641 0.693848 0.207031 0.693848 0.207422 0.694336 0.207813 0.694336 0.211328 0.69873 0.211328 0.699219 0.212109 0.700195 0.212109 0.700684 0.2125 0.701172 0.2125 0.70166 0.212891 0.702148 0.212891 0.702637 0.213672 0.703613 0.213672 0.70459 0.214453 0.705566 0.214453 0.706055 0.214844 0.706543 0.214844 0.707031 0.215625 0.708008 0.215625 0.708984 0.216016 0.709473 0.216016 0.709961 0.216797 0.710938 0.216797 0.711914 0.217188 0.712402 0.217188 0.712891 0.217578 0.713379 0.217578 0.713867 0.217969 0.714355 0.217969 0.714844 0.219922 0.717285 0.220312 0.717285 0.220703 0.717773 0.221094 0.717773 0.221484 0.718262 0.222656 0.718262 0.223047 0.71875 0.225391 0.71875 0.226172 0.717773 0.226172 0.715332 0.225391 0.714355 0.225 0.714355 0.222656 0.711426 0.222656 0.710938 0.221875 0.709961 0.221875 0.709473 0.221484 0.708984 0.221484 0.708496 0.220703 0.70752 0.220703 0.706543 0.220312 0.706055 0.220312 0.705078 0.219531 0.704102 0.219531 0.703613 0.219141 0.703125 0.219141 0.702637 0.217969 0.701172 0.217969 0.700684 0.217578 0.700195 0.217578 0.699219 0.216797 0.698242 0.216797 0.697266 0.216406 0.696777 0.216406 0.696289 0.216016 0.695801 0.216016 0.695312 0.215234 0.694336 0.215234 0.693848 0.214844 0.693359 0.214844 0.692871 0.211719 0.688965 0.211328 0.688965 0.210547 0.687988 0.209766 0.687988 0.208984 0.687012
2 0.216016 0.672363 0.214844 0.673828 0.214844 0.674805 0.214453 0.675293 0.214453 0.676758 0.214062 0.677246 0.214062 0.678223 0.213672 0.678711 0.213672 0.681152 0.213281 0.681641 0.213281 0.686523 0.212891 0.687012 0.212891 0.70459 0.2125 0.705078 0.2125 0.721191 0.212891 0.72168 0.212891 0.722656 0.213281 0.723145 0.213281 0.723633 0.214062 0.724609 0.215625 0.724609 0.216406 0.723633 0.216406 0.720703 0.216016 0.720215 0.216016 0.711914 0.216406 0.711426 0.216406 0.708008 0.216797 0.70752 0.216797 0.70459 0.217188 0.704102 0.217188 0.699707 0.217578 0.699219 0.217578 0.686035 0.217969 0.685547 0.217969 0.681641 0.218359 0.681152 0.218359 0.67334 0.217578 0.672363
2 0.189062 0.731445 0.188281 0.732422 0.188281 0.734863 0.188672 0.735352 0.188672 0.73584 0.189453 0.736816 0.189453 0.737305 0.191016 0.739258 0.191406 0.739258 0.192188 0.740234 0.192578 0.740234 0.192969 0.740723 0.193359 0.740723 0.19375 0.741211 0.195703 0.741211 0.197266 0.739258 0.197266 0.73584 0.195312 0.733398 0.194922 0.733398 0.194531 0.73291 0.194141 0.73291 0.19375 0.732422 0.192969 0.732422 0.192578 0.731934 0.191016 0.731934 0.190625 0.731445
1 0.185547 0.617676 0.184766 0.618652 0.184766 0.619141 0.184375 0.619629 0.184375 0.620605 0.183594 0.621582 0.183594 0.622559 0.183203 0.623047 0.183203 0.623535 0.182812 0.624023 0.182812 0.624512 0.182422 0.625 0.182422 0.625977 0.182031 0.626465 0.182031 0.627441 0.181641 0.62793 0.181641 0.628906 0.18125 0.629395 0.18125 0.630859 0.180859 0.631348 0.180859 0.632812 0.180469 0.633301 0.180469 0.634277 0.180078 0.634766 0.180078 0.63623 0.179688 0.636719 0.179688 0.63916 0.179297 0.639648 0.179297 0.641602 0.178906 0.64209 0.178906 0.651855 0.179297 0.652344 0.179297 0.65332 0.179688 0.653809 0.179688 0.654785 0.180078 0.655273 0.180078 0.656738 0.180469 0.657227 0.180469 0.657715 0.182031 0.659668 0.182031 0.660156 0.182812 0.661133 0.182812 0.661621 0.183594 0.662598 0.183594 0.663574 0.183984 0.664062 0.183984 0.664551 0.183594 0.665039 0.182812 0.665039 0.181641 0.666504 0.181641 0.668945 0.182422 0.669922 0.184375 0.669922 0.184766 0.669434 0.185156 0.669434 0.185547 0.668945 0.185938 0.668945 0.186328 0.668457 0.187109 0.668457 0.188281 0.666992 0.188281 0.666504 0.188672 0.666016 0.188672 0.665039 0.189062 0.664551 0.189062 0.659668 0.188281 0.658691 0.188281 0.658203 0.187891 0.657715 0.187891 0.657227 0.1875 0.656738 0.1875 0.65625 0.187109 0.655762 0.187109 0.655273 0.186719 0.654785 0.186719 0.654297 0.186328 0.653809 0.186328 0.652832 0.185938 0.652344 0.185938 0.648926 0.185547 0.648438 0.185547 0.645508 0.185156 0.64502 0.185156 0.631348 0.185547 0.630859 0.185547 0.627441 0.185938 0.626953 0.185938 0.626465 0.186328 0.625977 0.186328 0.625488 0.186719 0.625 0.186719 0.624023 0.187109 0.623535 0.187109 0.623047 0.1875 0.622559 0.1875 0.621582 0.188281 0.620605 0.188281 0.618652 0.1875 0.617676
2 0.19375 0.634766 0.193359 0.635254 0.192188 0.635254 0.191797 0.635742 0.191406 0.635742 0.190234 0.637207 0.190234 0.637695 0.189844 0.638184 0.189844 0.640625 0.191016 0.64209 0.192969 0.64209 0.193359 0.642578 0.207422 0.642578 0.207813 0.64209 0.209766 0.64209 0.210156 0.641602 0.210547 0.641602 0.211328 0.640625 0.212109 0.640625 0.212891 0.639648 0.212891 0.637695 0.211719 0.63623 0.205859 0.63623 0.205469 0.635742 0.203125 0.635742 0.202734 0.635254 0.200391 0.635254 0.2 0.634766
1 0.197266 0.647461 0.196875 0.647949 0.196484 0.647949 0.196094 0.648438 0.195703 0.648438 0.194922 0.649414 0.194531 0.649414 0.19375 0.650391 0.19375 0.652832 0.195703 0.655273 0.196875 0.655273 0.197266 0.655762 0.198047 0.655762 0.198437 0.65625 0.2 0.65625 0.200391 0.656738 0.207813 0.656738 0.208203 0.65625 0.208594 0.65625 0.208984 0.655762 0.209375 0.655762 0.210938 0.653809 0.210938 0.651855 0.210547 0.651367 0.210547 0.650879 0.209766 0.649902 0.209375 0.649902 0.208984 0.649414 0.208203 0.649414 0.207813 0.648926 0.206641 0.648926 0.20625 0.648438 0.205078 0.648438 0.204687 0.647949 0.203125 0.647949 0.202734 0.647461
1 0.222656 0.628418 0.221875 0.629395 0.221875 0.630859 0.221484 0.631348 0.221484 0.632812 0.219922 0.634766 0.219531 0.634766 0.217578 0.637207 0.217578 0.637695 0.217188 0.638184 0.217188 0.638672 0.216406 0.639648 0.216406 0.640137 0.216016 0.640625 0.216016 0.641113 0.215625 0.641602 0.215625 0.64209 0.215234 0.642578 0.215234 0.643066 0.214844 0.643555 0.214844 0.646484 0.214453 0.646973 0.214453 0.650391 0.215234 0.651367 0.216797 0.651367 0.218359 0.649414 0.218359 0.648926 0.21875 0.648438 0.21875 0.647949 0.220312 0.645996 0.220312 0.645508 0.221484 0.644043 0.221484 0.643555 0.226562 0.637207 0.226953 0.637207 0.227734 0.63623 0.228125 0.63623 0.230078 0.633789 0.230078 0.629883 0.229297 0.628906 0.228906 0.628906 0.228516 0.628418
1 0.021875 0.201172 0.0210938 0.202148 0.0210938 0.202637 0.0207031 0.203125 0.0207031 0.204102 0.0203125 0.20459 0.0203125 0.205566 0.0199219 0.206055 0.0199219 0.206543 0.0195312 0.207031 0.0195312 0.20752 0.0191406 0.208008 0.0191406 0.209473 0.01875 0.209961 0.01875 0.213379 0.0183594 0.213867 0.0183594 0.21582 0.0179687 0.216309 0.0179687 0.237305 0.01875 0.238281 0.01875 0.239746 0.0191406 0.240234 0.0191406 0.240723 0.0203125 0.242188 0.0203125 0.244141 0.0207031 0.244629 0.0207031 0.246094 0.0210938 0.246582 0.0210938 0.247559 0.0222656 0.249023 0.0246094 0.249023 0.0253906 0.248047 0.0253906 0.243164 0.0246094 0.242188 0.0246094 0.241211 0.0242188 0.240723 0.0242188 0.239258 0.0238281 0.23877 0.0238281 0.236816 0.0234375 0.236328 0.0234375 0.23291 0.0230469 0.232422 0.0230469 0.22998 0.0226562 0.229492 0.0226562 0.21875 0.0230469 0.218262 0.0230469 0.214844 0.0234375 0.214355 0.0234375 0.207031 0.0238281 0.206543 0.0238281 0.20459 0.0242188 0.204102 0.0242188 0.202148 0.0234375 0.201172
1 0.0335937 0.227051 0.0328125 0.228027 0.0328125 0.232422 0.0332031 0.23291 0.0332031 0.234863 0.0335937 0.235352 0.0335937 0.23584 0.0355469 0.238281 0.0359375 0.238281 0.0367188 0.239258 0.0371094 0.239258 0.0386719 0.241211 0.0390625 0.241211 0.0394531 0.241699 0.0402344 0.241699 0.040625 0.242188 0.0429688 0.242188 0.0433594 0.241699 0.04375 0.241699 0.0445313 0.240723 0.0445313 0.238281 0.0398437 0.232422 0.0398437 0.231934 0.0378906 0.229492 0.0375 0.229492 0.0359375 0.227539 0.0355469 0.227539 0.0351562 0.227051
1 0.174609 0.158691 0.173828 0.159668 0.173437 0.159668 0.173047 0.160156 0.171875 0.160156 0.171094 0.161133 0.169531 0.161133 0.169141 0.161621 0.16875 0.161621 0.168359 0.162109 0.167187 0.162109 0.166797 0.162598 0.165234 0.162598 0.164844 0.163086 0.162109 0.163086 0.161719 0.163574 0.151172 0.163574 0.150781 0.163086 0.144531 0.163086 0.144141 0.162598 0.139844 0.162598 0.139453 0.163086 0.138672 0.163086 0.138281 0.163574 0.137109 0.163574 0.136328 0.164551 0.136328 0.166504 0.137109 0.16748 0.137891 0.16748 0.139063 0.168945 0.139453 0.168945 0.139844 0.169434 0.141406 0.169434 0.141797 0.169922 0.142969 0.169922 0.143359 0.17041 0.144531 0.17041 0.144922 0.170898 0.146094 0.170898 0.146484 0.171387 0.15625 0.171387 0.156641 0.170898 0.159766 0.170898 0.160156 0.17041 0.161328 0.17041 0.161719 0.169922 0.165234 0.169922 0.165625 0.169434 0.166016 0.169434 0.166406 0.168945 0.166797 0.168945 0.167187 0.168457 0.167578 0.168457 0.167969 0.167969 0.168359 0.167969 0.16875 0.16748 0.169141 0.16748 0.169531 0.166992 0.170313 0.166992 0.170703 0.166504 0.172266 0.166504 0.172656 0.166016 0.173437 0.166016 0.175391 0.163574 0.175781 0.163574 0.176172 0.163086 0.176563 0.163086 0.177734 0.161621 0.177734 0.159668 0.176953 0.158691
1 0.157031 0.221191 0.15625 0.222168 0.15625 0.224121 0.157031 0.225098 0.158984 0.225098 0.159375 0.225586 0.163281 0.225586 0.163672 0.226074 0.165234 0.226074 0.165625 0.226562 0.167187 0.226562 0.167578 0.227051 0.168359 0.227051 0.16875 0.227539 0.169531 0.227539 0.169922 0.228027 0.170703 0.228027 0.171094 0.228516 0.171875 0.228516 0.172266 0.229004 0.173437 0.229004 0.173828 0.229492 0.175 0.229492 0.175781 0.230469 0.176172 0.230469 0.178516 0.233398 0.178906 0.233398 0.185156 0.241211 0.185156 0.241699 0.185547 0.242188 0.185547 0.242676 0.185938 0.243164 0.185938 0.244629 0.186328 0.245117 0.186328 0.246094 0.186719 0.246582 0.186719 0.248047 0.187891 0.249512 0.189453 0.249512 0.190234 0.248535 0.190234 0.241211 0.189844 0.240723 0.189844 0.239746 0.189062 0.23877 0.189062 0.238281 0.188672 0.237793 0.188672 0.237305 0.188281 0.236816 0.188281 0.236328 0.185938 0.233398 0.185938 0.23291 0.180859 0.226562 0.180469 0.226562 0.179688 0.225586 0.179297 0.225586 0.178906 0.225098 0.178125 0.225098 0.177734 0.224609 0.176953 0.224609 0.176563 0.224121 0.176172 0.224121 0.175781 0.223633 0.175 0.223633 0.174609 0.223145 0.174219 0.223145 0.173828 0.222656 0.173047 0.222656 0.172656 0.222168 0.171484 0.222168 0.171094 0.22168 0.165625 0.22168 0.165234 0.221191
1 0.178125 0.222656 0.177344 0.223633 0.177344 0.226562 0.177734 0.227051 0.177734 0.227539 0.178516 0.228516 0.178516 0.229004 0.180469 0.231445 0.180859 0.231445 0.181641 0.232422 0.182812 0.232422 0.183203 0.23291 0.185156 0.23291 0.185547 0.233398 0.189453 0.233398 0.189844 0.233887 0.191797 0.233887 0.192188 0.234375 0.194531 0.234375 0.194922 0.234863 0.195312 0.234863 0.195703 0.235352 0.196484 0.235352 0.196875 0.23584 0.197656 0.23584 0.198047 0.236328 0.198437 0.236328 0.198828 0.236816 0.200391 0.236816 0.200781 0.237305 0.201563 0.237305 0.201953 0.237793 0.202734 0.237793 0.203125 0.238281 0.203516 0.238281 0.203906 0.23877 0.204297 0.23877 0.204687 0.239258 0.20625 0.239258 0.206641 0.239746 0.207422 0.239746 0.207813 0.240234 0.209766 0.240234 0.210156 0.239746 0.211719 0.239746 0.213672 0.237305 0.213672 0.234863 0.2125 0.233398 0.211719 0.233398 0.210938 0.232422 0.210156 0.232422 0.209766 0.231934 0.208594 0.231934 0.208203 0.231445 0.207422 0.231445 0.207031 0.230957 0.206641 0.230957 0.20625 0.230469 0.205078 0.230469 0.204687 0.22998 0.204297 0.22998 0.203906 0.229492 0.201563 0.229492 0.200781 0.228516 0.198828 0.228516 0.198437 0.228027 0.198047 0.228027 0.197656 0.227539 0.193359 0.227539 0.192969 0.227051 0.190234 0.227051 0.189844 0.226562 0.184375 0.226562 0.183984 0.226074 0.182812 0.226074 0.182422 0.225586 0.182031 0.225586 0.181641 0.225098 0.18125 0.225098 0.180859 0.224609 0.180859 0.224121 0.179688 0.222656
1 0.228742 0.672075 0.228742 0.669639 0.228824 0.665664 0.228922 0.663438 0.227734 0.663574 0.223828 0.661621 0.219922 0.65625 0.21875 0.653809 0.217969 0.646973 0.216797 0.646484 0.216016 0.647461 0.214453 0.65332 0.214844 0.663086 0.216016 0.666992 0.21875 0.670898 0.223438 0.672363
1 0.228742 0.672075 0.228742 0.669639 0.228824 0.665664 0.228922 0.663438 0.232031 0.663086 0.248828 0.651855 0.251953 0.650879 0.255469 0.651367 0.257422 0.653809 0.25625 0.65625 0.250781 0.65918 0.248047 0.662109 0.244141 0.664062 0.240234 0.668457 0.232422 0.671875
1 0.366406 0.574219 0.366016 0.574707 0.363281 0.574707 0.3625 0.575684 0.361719 0.575684 0.360938 0.57666 0.360156 0.57666 0.359766 0.577148 0.359375 0.577148 0.358594 0.578125 0.358203 0.578125 0.357812 0.578613 0.357422 0.578613 0.355469 0.581055 0.355078 0.581055 0.353906 0.58252 0.353906 0.583008 0.353516 0.583496 0.353516 0.583984 0.351953 0.585938 0.351953 0.586426 0.351172 0.587402 0.351172 0.587891 0.350391 0.588867 0.350391 0.589355 0.35 0.589844 0.35 0.590332 0.349219 0.591309 0.349219 0.592285 0.348828 0.592773 0.348828 0.593262 0.348438 0.59375 0.348438 0.594238 0.348047 0.594727 0.348047 0.595215 0.347656 0.595703 0.347656 0.60791 0.349219 0.609863 0.351172 0.609863 0.351953 0.608887 0.351953 0.605469 0.353125 0.604004 0.353125 0.602539 0.353516 0.602051 0.353516 0.600586 0.353906 0.600098 0.353906 0.599609 0.354297 0.599121 0.354297 0.597656 0.354687 0.597168 0.354687 0.596191 0.355078 0.595703 0.355078 0.595215 0.355469 0.594727 0.355469 0.594238 0.355859 0.59375 0.355859 0.591797 0.35625 0.591309 0.35625 0.59082 0.357031 0.589844 0.357031 0.588867 0.357422 0.588379 0.357422 0.587891 0.360156 0.584473 0.360547 0.584473 0.361328 0.583496 0.361719 0.583496 0.3625 0.58252 0.363281 0.58252 0.363672 0.582031 0.364063 0.582031 0.364453 0.581543 0.364844 0.581543 0.365234 0.581055 0.366016 0.581055 0.366406 0.580566 0.366797 0.580566 0.367188 0.580078 0.367578 0.580078 0.368359 0.579102 0.36875 0.579102 0.369141 0.578613 0.369922 0.578613 0.370703 0.577637 0.370703 0.575684 0.369531 0.574219
1 0.374219 0.566895 0.373437 0.567871 0.373437 0.568848 0.373047 0.569336 0.373047 0.569824 0.372266 0.570801 0.372266 0.571289 0.371875 0.571777 0.371875 0.572266 0.369141 0.575684 0.369141 0.576172 0.364453 0.582031 0.364453 0.58252 0.359766 0.588379 0.359766 0.588867 0.359375 0.589355 0.358984 0.589355 0.357812 0.59082 0.357812 0.591309 0.357422 0.591797 0.357031 0.591797 0.355469 0.59375 0.355469 0.594238 0.354297 0.595703 0.354297 0.599121 0.355078 0.600098 0.357031 0.600098 0.357422 0.599609 0.357812 0.599609 0.358203 0.599121 0.358594 0.599121 0.359375 0.598145 0.360156 0.598145 0.360938 0.597168 0.361328 0.597168 0.3625 0.595703 0.362891 0.595703 0.364063 0.594238 0.364453 0.594238 0.369922 0.587402 0.369922 0.586914 0.370703 0.585938 0.370703 0.585449 0.371484 0.584473 0.371484 0.583984 0.372266 0.583008 0.372266 0.58252 0.373437 0.581055 0.373437 0.580078 0.373828 0.57959 0.373828 0.579102 0.374219 0.578613 0.374219 0.577637 0.374609 0.577148 0.374609 0.57666 0.375 0.576172 0.375 0.575195 0.375781 0.574219 0.375781 0.572754 0.376172 0.572266 0.376172 0.571777 0.376563 0.571289 0.376563 0.570312 0.376953 0.569824 0.376953 0.567871 0.376172 0.566895
1 0.398438 0.526855 0.396875 0.528809 0.396875 0.530273 0.396484 0.530762 0.396484 0.540039 0.396875 0.540527 0.396875 0.541992 0.397656 0.542969 0.397656 0.543457 0.398047 0.543945 0.398047 0.544434 0.398438 0.544922 0.398438 0.54541 0.398828 0.545898 0.398828 0.546387 0.399219 0.546875 0.399219 0.547852 0.399609 0.54834 0.399609 0.548828 0.4 0.549316 0.4 0.549805 0.400391 0.550293 0.400391 0.550781 0.400781 0.55127 0.400781 0.551758 0.401172 0.552246 0.401172 0.552734 0.401562 0.553223 0.401562 0.554199 0.401953 0.554688 0.401953 0.561523 0.401562 0.562012 0.401562 0.567383 0.402344 0.568359 0.403906 0.568359 0.404687 0.567383 0.404687 0.564941 0.405078 0.564453 0.405078 0.563477 0.405469 0.562988 0.405469 0.561035 0.405859 0.560547 0.405859 0.558105 0.40625 0.557617 0.40625 0.549316 0.405469 0.54834 0.405469 0.547852 0.404687 0.546875 0.404687 0.545898 0.404297 0.54541 0.404297 0.544922 0.403906 0.544434 0.403906 0.543945 0.403516 0.543457 0.403516 0.542969 0.402734 0.541992 0.402734 0.541016 0.402344 0.540527 0.402344 0.540039 0.401953 0.539551 0.401953 0.539062 0.401562 0.538574 0.401562 0.538086 0.401172 0.537598 0.401172 0.536621 0.400781 0.536133 0.400781 0.535156 0.400391 0.534668 0.400391 0.533691 0.4 0.533203 0.4 0.53125 0.401172 0.529785 0.401172 0.527832 0.400391 0.526855
1 0.426563 0.538086 0.426172 0.538574 0.425 0.538574 0.424609 0.539062 0.423828 0.539062 0.423438 0.539551 0.421875 0.539551 0.421484 0.540039 0.420703 0.540039 0.420312 0.540527 0.419922 0.540527 0.419531 0.541016 0.419141 0.541016 0.41875 0.541504 0.418359 0.541504 0.417187 0.542969 0.417187 0.544922 0.418359 0.546387 0.420703 0.546387 0.421094 0.545898 0.421875 0.545898 0.422266 0.54541 0.423438 0.54541 0.423828 0.544922 0.424219 0.544922 0.424609 0.544434 0.426172 0.544434 0.426563 0.544922 0.428125 0.544922 0.428516 0.54541 0.432422 0.54541 0.432812 0.544922 0.4375 0.544922 0.437891 0.54541 0.448828 0.54541 0.45 0.543945 0.451562 0.543945 0.452344 0.542969 0.452344 0.541016 0.451562 0.540039 0.448437 0.540039 0.448047 0.539551 0.446875 0.539551 0.446484 0.539062 0.445703 0.539062 0.445312 0.538574 0.444141 0.538574 0.44375 0.538086
1 0.420703 0.506836 0.420312 0.507324 0.419922 0.507324 0.419531 0.507812 0.419141 0.507812 0.41875 0.508301 0.418359 0.508301 0.416406 0.510742 0.416406 0.51123 0.416016 0.511719 0.416016 0.513672 0.415625 0.51416 0.415625 0.514648 0.415234 0.515137 0.415234 0.516113 0.414844 0.516602 0.414844 0.51709 0.414062 0.518066 0.414062 0.519043 0.413672 0.519531 0.413672 0.52002 0.413281 0.520508 0.413281 0.521973 0.412891 0.522461 0.412891 0.524414 0.4125 0.524902 0.4125 0.526367 0.412109 0.526855 0.412109 0.533203 0.412891 0.53418 0.412891 0.535645 0.413281 0.536133 0.413281 0.537109 0.413672 0.537598 0.413672 0.538574 0.414062 0.539062 0.414062 0.539551 0.414844 0.540527 0.414844 0.541504 0.415234 0.541992 0.415234 0.54248 0.415625 0.542969 0.415625 0.543457 0.416016 0.543945 0.416016 0.544434 0.416406 0.544922 0.416406 0.546875 0.416797 0.547363 0.416797 0.547852 0.417187 0.54834 0.417187 0.549805 0.417578 0.550293 0.417578 0.55127 0.418359 0.552246 0.419922 0.552246 0.420703 0.55127 0.420703 0.547363 0.420312 0.546875 0.420312 0.539062 0.419922 0.538574 0.419922 0.537598 0.419531 0.537109 0.419531 0.535156 0.419141 0.534668 0.419141 0.533203 0.41875 0.532715 0.41875 0.524414 0.419141 0.523926 0.419141 0.521973 0.419531 0.521484 0.419531 0.52002 0.419922 0.519531 0.419922 0.519043 0.420312 0.518555 0.420312 0.518066 0.420703 0.517578 0.420703 0.51709 0.421484 0.516113 0.421484 0.515625 0.424219 0.512207 0.425 0.512207 0.426172 0.510742 0.426172 0.508301 0.425391 0.507324 0.422656 0.507324 0.422266 0.506836
1 0.369141 0.520508 0.368359 0.521484 0.368359 0.524414 0.369531 0.525879 0.369531 0.526367 0.370703 0.527832 0.370703 0.52832 0.371875 0.529785 0.371875 0.530273 0.373047 0.531738 0.373047 0.532227 0.375391 0.535156 0.375781 0.535156 0.377344 0.537109 0.377734 0.537109 0.378125 0.537598 0.378516 0.537598 0.378906 0.538086 0.379688 0.538086 0.380078 0.538574 0.380469 0.538574 0.38125 0.539551 0.381641 0.539551 0.382031 0.540039 0.382422 0.540039 0.382812 0.540527 0.383203 0.540527 0.383594 0.541016 0.383984 0.541016 0.384375 0.541504 0.384766 0.541504 0.385547 0.54248 0.386328 0.54248 0.387109 0.543457 0.387891 0.543457 0.388281 0.543945 0.388672 0.543945 0.389844 0.54541 0.390234 0.54541 0.391016 0.546387 0.391406 0.546387 0.392188 0.547363 0.392578 0.547363 0.392969 0.547852 0.393359 0.547852 0.394141 0.548828 0.394531 0.548828 0.395313 0.549805 0.396484 0.549805 0.396875 0.550293 0.398828 0.550293 0.399609 0.549316 0.399609 0.547363 0.398828 0.546387 0.398438 0.546387 0.398047 0.545898 0.398047 0.54541 0.396094 0.542969 0.395703 0.542969 0.394141 0.541016 0.39375 0.541016 0.387109 0.532715 0.386719 0.532715 0.385547 0.53125 0.385156 0.53125 0.383984 0.529785 0.383984 0.529297 0.383203 0.52832 0.382812 0.52832 0.382422 0.527832 0.382031 0.527832 0.38125 0.526855 0.380859 0.526855 0.380469 0.526367 0.380078 0.526367 0.379297 0.525391 0.378906 0.525391 0.378125 0.524414 0.377734 0.524414 0.377344 0.523926 0.376953 0.523926 0.376563 0.523438 0.376172 0.523438 0.375391 0.522461 0.375 0.522461 0.374219 0.521484 0.373828 0.521484 0.373437 0.520996 0.372266 0.520996 0.371875 0.520508
1 0.546875 0.598145 0.546094 0.599121 0.546094 0.601074 0.547266 0.602539 0.548047 0.602539 0.548438 0.603027 0.551562 0.603027 0.551953 0.603516 0.553516 0.603516 0.553906 0.604004 0.554688 0.604004 0.555078 0.604492 0.555469 0.604492 0.555859 0.60498 0.55625 0.60498 0.557031 0.605957 0.557422 0.605957 0.557813 0.606445 0.558203 0.606445 0.560547 0.609375 0.560937 0.609375 0.561328 0.609863 0.561328 0.610352 0.562109 0.611328 0.562109 0.611816 0.562891 0.612793 0.562891 0.61377 0.563281 0.614258 0.563281 0.616211 0.562891 0.616699 0.5625 0.616699 0.561719 0.617676 0.561328 0.617676 0.559375 0.620117 0.559375 0.623047 0.560547 0.624512 0.562109 0.624512 0.5625 0.625 0.564453 0.625 0.565234 0.624023 0.565625 0.624023 0.566797 0.622559 0.566797 0.62207 0.56875 0.619629 0.56875 0.619141 0.569141 0.618652 0.569141 0.618164 0.569531 0.617676 0.569531 0.616699 0.569922 0.616211 0.569922 0.611816 0.569531 0.611328 0.569531 0.610352 0.569141 0.609863 0.569141 0.608887 0.56875 0.608398 0.56875 0.60791 0.568359 0.607422 0.568359 0.606934 0.567578 0.605957 0.567578 0.605469 0.566406 0.604004 0.566016 0.604004 0.564453 0.602051 0.564063 0.602051 0.563672 0.601562 0.563281 0.601562 0.562891 0.601074 0.5625 0.601074 0.562109 0.600586 0.561719 0.600586 0.561328 0.600098 0.560937 0.600098 0.560547 0.599609 0.559766 0.599609 0.559375 0.599121 0.558203 0.599121 0.557813 0.598633 0.556641 0.598633 0.55625 0.598145
1 0.578516 0.570312 0.578125 0.570801 0.577734 0.570801 0.577344 0.571289 0.576953 0.571289 0.576172 0.572266 0.575781 0.572266 0.575 0.573242 0.574609 0.573242 0.573828 0.574219 0.573438 0.574219 0.572656 0.575195 0.572266 0.575195 0.571484 0.576172 0.571094 0.576172 0.569922 0.577637 0.569531 0.577637 0.568359 0.579102 0.568359 0.57959 0.566797 0.581543 0.566797 0.582031 0.564063 0.585449 0.564063 0.585938 0.563281 0.586914 0.563281 0.587402 0.562109 0.588867 0.562109 0.589844 0.560547 0.591797 0.560547 0.592285 0.559375 0.59375 0.559375 0.594238 0.558203 0.595703 0.558203 0.596191 0.557813 0.59668 0.557813 0.598633 0.558594 0.599609 0.560156 0.599609 0.560937 0.598633 0.561328 0.598633 0.561719 0.598145 0.562109 0.598145 0.565234 0.594238 0.565625 0.594238 0.571484 0.586914 0.571484 0.586426 0.571875 0.585938 0.571875 0.585449 0.573047 0.583984 0.573047 0.583496 0.575 0.581055 0.575 0.580566 0.576172 0.579102 0.576172 0.578613 0.578906 0.575195 0.579297 0.575195 0.579688 0.574707 0.580078 0.574707 0.580469 0.574219 0.580859 0.574219 0.581641 0.573242 0.581641 0.571289 0.580859 0.570312
1 0.554297 0.602051 0.553906 0.602539 0.553516 0.602539 0.552734 0.603516 0.552734 0.604004 0.552344 0.604492 0.552344 0.605469 0.551953 0.605957 0.551953 0.607422 0.551172 0.608398 0.551172 0.610352 0.550781 0.61084 0.550781 0.620605 0.551172 0.621094 0.551172 0.62207 0.551562 0.622559 0.551562 0.623047 0.552344 0.624023 0.552344 0.624512 0.552734 0.625 0.552734 0.625488 0.553516 0.626465 0.553516 0.626953 0.554297 0.62793 0.554297 0.628418 0.554688 0.628906 0.554688 0.629883 0.555078 0.630371 0.555078 0.630859 0.555859 0.631836 0.555859 0.632812 0.557031 0.634277 0.558594 0.634277 0.559375 0.633301 0.559375 0.630859 0.558984 0.630371 0.558984 0.629395 0.558594 0.628906 0.558594 0.62793 0.558203 0.627441 0.558203 0.625977 0.557813 0.625488 0.557813 0.622559 0.557422 0.62207 0.557422 0.611816 0.557813 0.611328 0.557813 0.610352 0.558203 0.609863 0.558203 0.608398 0.559375 0.606934 0.559375 0.605957 0.559766 0.605469 0.559766 0.603516 0.558984 0.602539 0.556641 0.602539 0.55625 0.602051
2 0.595313 0.486328 0.594922 0.486816 0.592578 0.486816 0.592187 0.487305 0.590625 0.487305 0.590234 0.487793 0.588672 0.487793 0.588281 0.488281 0.587891 0.488281 0.5875 0.48877 0.586719 0.48877 0.585938 0.489746 0.585938 0.491699 0.586719 0.492676 0.587109 0.492676 0.587891 0.493652 0.588672 0.493652 0.589063 0.494141 0.589453 0.494141 0.589844 0.494629 0.590625 0.494629 0.591016 0.495117 0.594141 0.495117 0.594531 0.495605 0.597266 0.495605 0.597656 0.496094 0.598828 0.496094 0.599219 0.496582 0.600391 0.496582 0.600781 0.49707 0.601562 0.49707 0.602344 0.498047 0.603125 0.498047 0.603516 0.498535 0.603906 0.498535 0.604297 0.499023 0.604688 0.499023 0.605078 0.499512 0.605469 0.499512 0.607422 0.501953 0.607812 0.501953 0.608203 0.502441 0.608594 0.502441 0.608984 0.50293 0.609375 0.50293 0.609766 0.503418 0.610156 0.503418 0.610547 0.503906 0.610938 0.503906 0.611328 0.504395 0.613281 0.504395 0.613672 0.503906 0.614453 0.503906 0.615234 0.50293 0.615625 0.50293 0.617188 0.500977 0.617188 0.496582 0.615625 0.494629 0.615625 0.494141 0.612109 0.489746 0.611719 0.489746 0.610938 0.48877 0.610547 0.48877 0.610156 0.488281 0.609766 0.488281 0.609375 0.487793 0.608594 0.487793 0.608203 0.487305 0.607422 0.487305 0.607031 0.486816 0.604688 0.486816 0.604297 0.486328
1 0.630078 0.445312 0.629687 0.445801 0.628906 0.445801 0.628516 0.446289 0.628125 0.446289 0.627344 0.447266 0.626953 0.447266 0.626172 0.448242 0.625781 0.448242 0.625391 0.44873 0.625 0.44873 0.624609 0.449219 0.624219 0.449219 0.623828 0.449707 0.623437 0.449707 0.61875 0.455566 0.61875 0.456055 0.616406 0.458984 0.616406 0.459473 0.614844 0.461426 0.614844 0.461914 0.614453 0.462402 0.614453 0.463379 0.614062 0.463867 0.614062 0.464355 0.613281 0.465332 0.613281 0.46582 0.6125 0.466797 0.6125 0.467773 0.611719 0.46875 0.611719 0.469238 0.611328 0.469727 0.611328 0.470215 0.610938 0.470703 0.610938 0.47168 0.610547 0.472168 0.610547 0.472656 0.609766 0.473633 0.609766 0.474121 0.609375 0.474609 0.609375 0.475586 0.608984 0.476074 0.608984 0.476562 0.608594 0.477051 0.608594 0.477539 0.608203 0.478027 0.608203 0.479004 0.607812 0.479492 0.607812 0.483887 0.608203 0.484375 0.608203 0.484863 0.609375 0.486328 0.609375 0.486816 0.610156 0.487793 0.610156 0.488281 0.6125 0.491211 0.614062 0.491211 0.614844 0.490234 0.614844 0.487793 0.615234 0.487305 0.615234 0.486816 0.615625 0.486328 0.615625 0.485352 0.616797 0.483887 0.616797 0.483398 0.617578 0.482422 0.617578 0.481934 0.617969 0.481445 0.617969 0.480957 0.61875 0.47998 0.61875 0.479492 0.619141 0.479004 0.619141 0.478516 0.619531 0.478027 0.619531 0.477539 0.620313 0.476562 0.620313 0.475586 0.620703 0.475098 0.620703 0.474609 0.621094 0.474121 0.621094 0.473633 0.621875 0.472656 0.621875 0.47168 0.622266 0.471191 0.622266 0.470703 0.622656 0.470215 0.622656 0.469727 0.623047 0.469238 0.623047 0.468262 0.623437 0.467773 0.623437 0.467285 0.623828 0.466797 0.623828 0.466309 0.624219 0.46582 0.624219 0.464844 0.624609 0.464355 0.624609 0.463867 0.625 0.463379 0.625 0.462891 0.625391 0.462402 0.625391 0.461914 0.625781 0.461426 0.625781 0.460938 0.626172 0.460449 0.626172 0.459473 0.626563 0.458984 0.626563 0.458496 0.627344 0.45752 0.627344 0.457031 0.627734 0.456543 0.627734 0.456055 0.628125 0.455566 0.628125 0.455078 0.628906 0.454102 0.628906 0.453613 0.629297 0.453125 0.629297 0.452637 0.63125 0.450195 0.63125 0.449707 0.632422 0.448242 0.632422 0.446289 0.631641 0.445312
1 0.571094 0.451172 0.570312 0.452148 0.570312 0.452637 0.569922 0.453125 0.569922 0.458008 0.570312 0.458496 0.570312 0.459473 0.570703 0.459961 0.570703 0.460938 0.571094 0.461426 0.571094 0.462402 0.571484 0.462891 0.571484 0.463379 0.571875 0.463867 0.571875 0.464355 0.572266 0.464844 0.572266 0.466309 0.573047 0.467285 0.573047 0.46875 0.573438 0.469238 0.573438 0.472168 0.573828 0.472656 0.573828 0.47998 0.574219 0.480469 0.574219 0.480957 0.574609 0.481445 0.574609 0.481934 0.575 0.482422 0.575 0.48291 0.576562 0.484863 0.576562 0.485352 0.580469 0.490234 0.580859 0.490234 0.58125 0.490723 0.582031 0.490723 0.582812 0.491699 0.583594 0.491699 0.583984 0.492188 0.586328 0.492188 0.587109 0.491211 0.587109 0.489258 0.586328 0.488281 0.585938 0.488281 0.584766 0.486816 0.584766 0.486328 0.583984 0.485352 0.583984 0.484863 0.583203 0.483887 0.583203 0.483398 0.582812 0.48291 0.582812 0.482422 0.582422 0.481934 0.582422 0.480957 0.582031 0.480469 0.582031 0.47998 0.581641 0.479492 0.581641 0.478027 0.58125 0.477539 0.58125 0.476074 0.580859 0.475586 0.580859 0.474609 0.580469 0.474121 0.580469 0.472168 0.580078 0.47168 0.580078 0.469238 0.579688 0.46875 0.579688 0.466797 0.579297 0.466309 0.579297 0.464844 0.578906 0.464355 0.578906 0.462891 0.578516 0.462402 0.578516 0.461426 0.578125 0.460938 0.578125 0.460449 0.577734 0.459961 0.577734 0.458496 0.576953 0.45752 0.576953 0.456543 0.576562 0.456055 0.576562 0.455566 0.575781 0.45459 0.575781 0.454102 0.575391 0.453613 0.575391 0.453125 0.573828 0.451172
1 0.677344 0.0727539 0.676953 0.0732422 0.675781 0.0732422 0.675391 0.0737305 0.673047 0.0737305 0.672656 0.0742188 0.671484 0.0742188 0.671094 0.074707 0.667188 0.074707 0.666797 0.0751953 0.665234 0.0751953 0.664844 0.0756836 0.664062 0.0756836 0.663672 0.0761719 0.662891 0.0761719 0.6625 0.0766602 0.660937 0.0766602 0.660547 0.0771484 0.659766 0.0771484 0.659375 0.0776367 0.658594 0.0776367 0.657813 0.0786133 0.657031 0.0786133 0.65625 0.0795898 0.655469 0.0795898 0.655078 0.0800781 0.654687 0.0800781 0.654297 0.0805664 0.653125 0.0805664 0.652734 0.0810547 0.651953 0.0810547 0.651563 0.081543 0.651172 0.081543 0.650391 0.0825195 0.649609 0.0825195 0.649219 0.0830078 0.648828 0.0830078 0.648438 0.0834961 0.647656 0.0834961 0.647266 0.0839844 0.646875 0.0839844 0.646484 0.0844727 0.645703 0.0844727 0.644922 0.0854492 0.644531 0.0854492 0.643359 0.0869141 0.643359 0.0888672 0.644141 0.0898438 0.646094 0.0898438 0.646484 0.0893555 0.646875 0.0893555 0.647266 0.0888672 0.647656 0.0888672 0.648047 0.0883789 0.648438 0.0883789 0.648828 0.0878906 0.649609 0.0878906 0.65 0.0874023 0.651172 0.0874023 0.651563 0.0869141 0.651953 0.0869141 0.652344 0.0864258 0.653125 0.0864258 0.653516 0.0859375 0.653906 0.0859375 0.654297 0.0854492 0.655469 0.0854492 0.655859 0.0849609 0.658203 0.0849609 0.658594 0.0844727 0.665625 0.0844727 0.666016 0.0839844 0.667969 0.0839844 0.668359 0.0834961 0.669531 0.0834961 0.669922 0.0830078 0.670312 0.0830078 0.670703 0.0825195 0.671484 0.0825195 0.672656 0.0810547 0.673438 0.0810547 0.673828 0.0805664 0.674219 0.0805664 0.674609 0.0800781 0.675 0.0800781 0.675391 0.0795898 0.675781 0.0795898 0.676172 0.0791016 0.676562 0.0791016 0.676953 0.0786133 0.677344 0.0786133 0.677734 0.078125 0.678516 0.078125 0.678906 0.0776367 0.679688 0.0776367 0.680859 0.0761719 0.680859 0.0737305 0.680078 0.0727539
1 0.729688 0.855469 0.729297 0.855957 0.728906 0.855957 0.728516 0.856445 0.727734 0.856445 0.727344 0.856934 0.726953 0.856934 0.726562 0.857422 0.726172 0.857422 0.725781 0.85791 0.725 0.85791 0.724609 0.858398 0.724219 0.858398 0.723828 0.858887 0.722656 0.858887 0.722266 0.859375 0.721484 0.859375 0.721094 0.859863 0.719531 0.859863 0.719141 0.860352 0.71875 0.860352 0.717969 0.861328 0.717969 0.863281 0.71875 0.864258 0.720313 0.864258 0.720703 0.864746 0.723828 0.864746 0.724219 0.865234 0.725781 0.865234 0.726172 0.865723 0.729297 0.865723 0.729688 0.866211 0.730469 0.866211 0.730859 0.866699 0.731641 0.866699 0.732031 0.867188 0.733203 0.867188 0.733594 0.867676 0.734375 0.867676 0.734766 0.868164 0.735547 0.868164 0.735938 0.868652 0.737109 0.868652 0.7375 0.869141 0.739062 0.869141 0.739453 0.869629 0.751563 0.869629 0.751953 0.869141 0.752734 0.869141 0.753516 0.868164 0.753906 0.868164 0.754687 0.867188 0.754687 0.866699 0.755469 0.865723 0.755469 0.863281 0.754297 0.861816 0.754297 0.861328 0.753516 0.860352 0.752734 0.860352 0.751953 0.859375 0.75 0.859375 0.749609 0.858887 0.748437 0.858887 0.748047 0.858398 0.747266 0.858398 0.746875 0.85791 0.745703 0.85791 0.745313 0.857422 0.744922 0.857422 0.744141 0.856445 0.742969 0.856445 0.742578 0.855957 0.739062 0.855957 0.738672 0.855469
1 0.606641 0.436035 0.60625 0.436523 0.605859 0.436523 0.605469 0.437012 0.604688 0.437012 0.603906 0.437988 0.603906 0.444336 0.604297 0.444824 0.604297 0.458984 0.603906 0.459473 0.603906 0.462402 0.603516 0.462891 0.603516 0.464355 0.603125 0.464844 0.603125 0.465332 0.602734 0.46582 0.602734 0.466309 0.602344 0.466797 0.602344 0.467773 0.601562 0.46875 0.601562 0.469238 0.600781 0.470215 0.600781 0.470703 0.600391 0.471191 0.600391 0.47168 0.599609 0.472656 0.599609 0.473633 0.599219 0.474121 0.599219 0.475098 0.598828 0.475586 0.598828 0.476562 0.598437 0.477051 0.598437 0.478027 0.598047 0.478516 0.598047 0.479004 0.597266 0.47998 0.597266 0.480957 0.596875 0.481445 0.596875 0.48291 0.596484 0.483398 0.596484 0.484375 0.596094 0.484863 0.596094 0.487793 0.596875 0.48877 0.598828 0.48877 0.599609 0.487793 0.599609 0.487305 0.6 0.486816 0.6 0.486328 0.600391 0.48584 0.600391 0.485352 0.601172 0.484375 0.601172 0.483887 0.602734 0.481934 0.602734 0.481445 0.603906 0.47998 0.603906 0.479492 0.604297 0.479004 0.604297 0.478516 0.604688 0.478027 0.604688 0.477051 0.605469 0.476074 0.605469 0.475098 0.605859 0.474609 0.605859 0.474121 0.60625 0.473633 0.60625 0.473145 0.606641 0.472656 0.606641 0.472168 0.607031 0.47168 0.607031 0.470703 0.607422 0.470215 0.607422 0.469727 0.607812 0.469238 0.607812 0.468262 0.608203 0.467773 0.608203 0.466797 0.608594 0.466309 0.608594 0.464355 0.608984 0.463867 0.608984 0.462891 0.609375 0.462402 0.609375 0.459961 0.609766 0.459473 0.609766 0.458496 0.610156 0.458008 0.610156 0.437988 0.609766 0.4375 0.609766 0.437012 0.608984 0.436035
1 0.601172 0.4375 0.599609 0.439453 0.599609 0.447266 0.6 0.447754 0.6 0.449707 0.600391 0.450195 0.600391 0.452148 0.600781 0.452637 0.600781 0.45459 0.601172 0.455078 0.601172 0.463867 0.601562 0.464355 0.601562 0.46875 0.601953 0.469238 0.601953 0.47168 0.602344 0.472168 0.602344 0.475586 0.602734 0.476074 0.602734 0.478027 0.603125 0.478516 0.603125 0.479492 0.603516 0.47998 0.603516 0.480469 0.603906 0.480957 0.603906 0.482422 0.604297 0.48291 0.604297 0.483398 0.604688 0.483887 0.604688 0.484375 0.605078 0.484863 0.605078 0.48584 0.606641 0.487793 0.608984 0.487793 0.609766 0.486816 0.609766 0.484863 0.609375 0.484375 0.609375 0.483398 0.608984 0.48291 0.608984 0.481445 0.608594 0.480957 0.608594 0.478027 0.608203 0.477539 0.608203 0.475586 0.607812 0.475098 0.607812 0.472656 0.607422 0.472168 0.607422 0.466797 0.607031 0.466309 0.607031 0.456055 0.606641 0.455566 0.606641 0.453613 0.60625 0.453125 0.60625 0.45166 0.605859 0.451172 0.605859 0.44873 0.605469 0.448242 0.605469 0.445801 0.605078 0.445312 0.605078 0.443359 0.604688 0.442871 0.604688 0.44043 0.604297 0.439941 0.604297 0.439453 0.603906 0.438965 0.603906 0.438477 0.603125 0.4375
2 0.602344 0.44043 0.601953 0.440918 0.601562 0.440918 0.600781 0.441895 0.600781 0.442383 0.600391 0.442871 0.600391 0.443359 0.6 0.443848 0.6 0.444336 0.599609 0.444824 0.599609 0.445801 0.599219 0.446289 0.599219 0.446777 0.598437 0.447754 0.598437 0.448242 0.598047 0.44873 0.598047 0.450195 0.596875 0.45166 0.596875 0.452637 0.596484 0.453125 0.596484 0.453613 0.596094 0.454102 0.596094 0.45459 0.595703 0.455078 0.595703 0.455566 0.594922 0.456543 0.594922 0.457031 0.594531 0.45752 0.594531 0.458008 0.594141 0.458496 0.594141 0.458984 0.59375 0.459473 0.59375 0.459961 0.593359 0.460449 0.593359 0.461426 0.592969 0.461914 0.592969 0.462402 0.592578 0.462891 0.592578 0.463867 0.592187 0.464355 0.592187 0.464844 0.591797 0.465332 0.591797 0.466309 0.591406 0.466797 0.591406 0.467773 0.591016 0.468262 0.591016 0.471191 0.590625 0.47168 0.590625 0.473633 0.590234 0.474121 0.590234 0.476074 0.589844 0.476562 0.589844 0.477051 0.590234 0.477539 0.590234 0.478027 0.591016 0.479004 0.592578 0.479004 0.593359 0.478027 0.593359 0.476562 0.59375 0.476074 0.59375 0.475586 0.594531 0.474609 0.594531 0.474121 0.594922 0.473633 0.594922 0.472656 0.595703 0.47168 0.595703 0.470703 0.596484 0.469727 0.596484 0.469238 0.598047 0.467285 0.598047 0.466797 0.599609 0.464844 0.599609 0.464355 0.6 0.463867 0.6 0.463379 0.600391 0.462891 0.600391 0.462402 0.600781 0.461914 0.600781 0.461426 0.601172 0.460938 0.601172 0.460449 0.601562 0.459961 0.601562 0.458984 0.601953 0.458496 0.601953 0.458008 0.602344 0.45752 0.602344 0.457031 0.602734 0.456543 0.602734 0.455566 0.603125 0.455078 0.603125 0.454102 0.603516 0.453613 0.603516 0.452637 0.603906 0.452148 0.603906 0.45166 0.604297 0.451172 0.604297 0.449707 0.604688 0.449219 0.604688 0.446777 0.605078 0.446289 0.605078 0.441406 0.604297 0.44043
1 0.580469 0.431152 0.580078 0.431641 0.579688 0.431641 0.578125 0.433594 0.578125 0.43457 0.577734 0.435059 0.577734 0.437012 0.577344 0.4375 0.577344 0.439453 0.576953 0.439941 0.576953 0.441895 0.576562 0.442383 0.576562 0.444336 0.576172 0.444824 0.576172 0.45166 0.576953 0.452637 0.576953 0.453125 0.577344 0.453613 0.577344 0.454102 0.578906 0.456055 0.578906 0.456543 0.579688 0.45752 0.580078 0.45752 0.582031 0.459961 0.582031 0.460449 0.582812 0.461426 0.582812 0.461914 0.583203 0.462402 0.583203 0.462891 0.583594 0.463379 0.583594 0.463867 0.583984 0.464355 0.583984 0.464844 0.584375 0.465332 0.584375 0.467285 0.584766 0.467773 0.584766 0.470703 0.584375 0.471191 0.584375 0.472168 0.583984 0.472656 0.583984 0.473145 0.583594 0.473633 0.583594 0.474121 0.582812 0.475098 0.582812 0.475586 0.582422 0.476074 0.582422 0.479004 0.583203 0.47998 0.584766 0.47998 0.586328 0.478027 0.586328 0.477539 0.586719 0.477051 0.586719 0.476074 0.587109 0.475586 0.587109 0.475098 0.5875 0.474609 0.5875 0.474121 0.587891 0.473633 0.587891 0.472656 0.588281 0.472168 0.588281 0.47168 0.588672 0.471191 0.588672 0.470215 0.589063 0.469727 0.589063 0.467285 0.589453 0.466797 0.589453 0.45752 0.589063 0.457031 0.589063 0.456055 0.588672 0.455566 0.588672 0.455078 0.588281 0.45459 0.588281 0.454102 0.587891 0.453613 0.587891 0.453125 0.587109 0.452148 0.587109 0.45166 0.585938 0.450195 0.585547 0.450195 0.585156 0.449707 0.584766 0.449707 0.583203 0.447754 0.583203 0.446777 0.582812 0.446289 0.582812 0.445312 0.582422 0.444824 0.582422 0.4375 0.582812 0.437012 0.582812 0.432129 0.582031 0.431152
1 0.596094 0.441895 0.595703 0.442383 0.594531 0.442383 0.593359 0.443848 0.592969 0.443848 0.592578 0.444336 0.592187 0.444336 0.591406 0.445312 0.591016 0.445312 0.589844 0.446777 0.589063 0.446777 0.588281 0.447754 0.5875 0.447754 0.587109 0.448242 0.586719 0.448242 0.586328 0.44873 0.585938 0.44873 0.585156 0.449707 0.584766 0.449707 0.584375 0.450195 0.583984 0.450195 0.583594 0.450684 0.583203 0.450684 0.582031 0.452148 0.581641 0.452148 0.580859 0.453125 0.580859 0.453613 0.579688 0.455078 0.579688 0.455566 0.579297 0.456055 0.579297 0.457031 0.578906 0.45752 0.578906 0.458008 0.578516 0.458496 0.578516 0.461426 0.578125 0.461914 0.578125 0.47168 0.578906 0.472656 0.580859 0.472656 0.581641 0.47168 0.581641 0.466797 0.582031 0.466309 0.582031 0.46582 0.582422 0.465332 0.582422 0.464844 0.583203 0.463867 0.583203 0.463379 0.583594 0.462891 0.583594 0.462402 0.583984 0.461914 0.583984 0.461426 0.585156 0.459961 0.585156 0.459473 0.587109 0.457031 0.587109 0.456543 0.590625 0.452148 0.591016 0.452148 0.592578 0.450195 0.592969 0.450195 0.595313 0.447266 0.595703 0.447266 0.596094 0.446777 0.596484 0.446777 0.596875 0.446289 0.597656 0.446289 0.598828 0.444824 0.598828 0.442871 0.598047 0.441895
1 0.730469 0.0556641 0.729297 0.0571289 0.729297 0.0576172 0.728125 0.059082 0.728125 0.0600586 0.727734 0.0605469 0.727734 0.0610352 0.726953 0.0620117 0.726953 0.0625 0.726172 0.0634766 0.726172 0.0644531 0.725391 0.0654297 0.725391 0.065918 0.725 0.0664062 0.725 0.0668945 0.724609 0.0673828 0.724609 0.0678711 0.724219 0.0683594 0.724219 0.0693359 0.723828 0.0698242 0.723828 0.0703125 0.723437 0.0708008 0.723437 0.0712891 0.723047 0.0717773 0.723047 0.0727539 0.722656 0.0732422 0.722656 0.0742188 0.722266 0.074707 0.722266 0.0761719 0.721875 0.0766602 0.721875 0.0776367 0.721484 0.078125 0.721484 0.0791016 0.721094 0.0795898 0.721094 0.0800781 0.720703 0.0805664 0.720703 0.0825195 0.720313 0.0830078 0.720313 0.0864258 0.719922 0.0869141 0.719922 0.0996094 0.720313 0.100098 0.720313 0.100586 0.721484 0.102051 0.721875 0.102051 0.722266 0.102539 0.724219 0.102539 0.725 0.101562 0.725 0.0986328 0.724609 0.0981445 0.724609 0.0883789 0.725 0.0878906 0.725 0.0859375 0.725391 0.0854492 0.725391 0.0849609 0.725781 0.0844727 0.725781 0.0834961 0.726172 0.0830078 0.726172 0.0820312 0.726562 0.081543 0.726562 0.0800781 0.727344 0.0791016 0.727344 0.078125 0.727734 0.0776367 0.727734 0.0771484 0.728125 0.0766602 0.728125 0.0756836 0.728906 0.074707 0.728906 0.0732422 0.729297 0.0727539 0.729297 0.0712891 0.729688 0.0708008 0.729688 0.0693359 0.730078 0.0688477 0.730078 0.0673828 0.730469 0.0668945 0.730469 0.0654297 0.730859 0.0649414 0.730859 0.0639648 0.73125 0.0634766 0.73125 0.0615234 0.732031 0.0605469 0.732031 0.0600586 0.732422 0.0595703 0.732422 0.059082 0.732812 0.0585938 0.732812 0.0566406 0.732031 0.0556641
1 0.73125 0.0693359 0.730469 0.0703125 0.730469 0.0756836 0.730078 0.0761719 0.730078 0.0786133 0.729688 0.0791016 0.729688 0.0805664 0.729297 0.0810547 0.729297 0.0830078 0.728906 0.0834961 0.728906 0.0844727 0.728125 0.0854492 0.728125 0.0864258 0.727734 0.0869141 0.727734 0.0883789 0.727344 0.0888672 0.727344 0.0893555 0.726562 0.090332 0.726562 0.0908203 0.726172 0.0913086 0.726172 0.0917969 0.725391 0.0927734 0.725391 0.0932617 0.724609 0.0942383 0.724609 0.0957031 0.723828 0.0966797 0.723828 0.097168 0.723047 0.0981445 0.723047 0.0991211 0.722656 0.0996094 0.722656 0.100098 0.722266 0.100586 0.722266 0.101562 0.721875 0.102051 0.721875 0.103027 0.721484 0.103516 0.721484 0.104004 0.721094 0.104492 0.721094 0.11084 0.721484 0.111328 0.721484 0.112305 0.721875 0.112793 0.721875 0.113281 0.722266 0.11377 0.722266 0.114258 0.723047 0.115234 0.723437 0.115234 0.724219 0.116211 0.724609 0.116211 0.725 0.116699 0.728516 0.116699 0.729297 0.115723 0.729297 0.112305 0.727734 0.110352 0.727734 0.109863 0.727344 0.109375 0.727344 0.108887 0.727734 0.108398 0.727734 0.105957 0.728125 0.105469 0.728125 0.104004 0.728516 0.103516 0.728516 0.103027 0.728906 0.102539 0.728906 0.101562 0.729297 0.101074 0.729297 0.100586 0.730078 0.0996094 0.730078 0.0986328 0.730859 0.0976562 0.730859 0.0966797 0.731641 0.0957031 0.731641 0.0952148 0.733203 0.0932617 0.733203 0.0927734 0.734375 0.0913086 0.734375 0.0908203 0.734766 0.090332 0.734766 0.0893555 0.735156 0.0888672 0.735156 0.0834961 0.734766 0.0830078 0.734766 0.0795898 0.734375 0.0791016 0.734375 0.0766602 0.733984 0.0761719 0.733984 0.0717773 0.733594 0.0712891 0.733594 0.0703125 0.732812 0.0693359
2 0.701953 0.101074 0.701562 0.101562 0.696094 0.101562 0.695312 0.102539 0.695312 0.104492 0.696094 0.105469 0.699609 0.105469 0.7 0.105957 0.701562 0.105957 0.701953 0.106445 0.704297 0.106445 0.704688 0.106934 0.707422 0.106934 0.708203 0.105957 0.708203 0.102051 0.707422 0.101074
1 0.734375 0.0429688 0.733594 0.0439453 0.733203 0.0439453 0.73125 0.0463867 0.73125 0.046875 0.730078 0.0483398 0.730078 0.0488281 0.725391 0.0546875 0.725 0.0546875 0.720703 0.0600586 0.720313 0.0600586 0.719531 0.0610352 0.719531 0.0615234 0.719141 0.0620117 0.71875 0.0620117 0.716016 0.0654297 0.716016 0.065918 0.713281 0.0693359 0.713281 0.0698242 0.712109 0.0712891 0.712109 0.0717773 0.711719 0.0722656 0.711719 0.0727539 0.710938 0.0737305 0.710938 0.074707 0.710547 0.0751953 0.710547 0.0761719 0.710156 0.0766602 0.710156 0.0776367 0.709766 0.078125 0.709766 0.0786133 0.709375 0.0791016 0.709375 0.0805664 0.708984 0.0810547 0.708984 0.0859375 0.710547 0.0878906 0.7125 0.0878906 0.713281 0.0869141 0.713281 0.0854492 0.713672 0.0849609 0.713672 0.0839844 0.714063 0.0834961 0.714063 0.0825195 0.714844 0.081543 0.714844 0.0810547 0.715234 0.0805664 0.715234 0.0800781 0.715625 0.0795898 0.715625 0.0791016 0.716016 0.0786133 0.716016 0.078125 0.716406 0.0776367 0.716406 0.0771484 0.716797 0.0766602 0.716797 0.0756836 0.717578 0.074707 0.717578 0.0742188 0.718359 0.0732422 0.718359 0.0727539 0.719922 0.0708008 0.720313 0.0708008 0.721094 0.0698242 0.721484 0.0698242 0.722656 0.0683594 0.723047 0.0683594 0.723437 0.0678711 0.723828 0.0678711 0.724219 0.0673828 0.724609 0.0673828 0.725781 0.065918 0.726172 0.065918 0.728516 0.0629883 0.728516 0.0625 0.729688 0.0610352 0.729688 0.0605469 0.730078 0.0600586 0.730078 0.0595703 0.730859 0.0585938 0.730859 0.0581055 0.73125 0.0576172 0.73125 0.0571289 0.732031 0.0561523 0.732031 0.0556641 0.733203 0.0541992 0.733203 0.0537109 0.734766 0.0517578 0.734766 0.050293 0.735938 0.0488281 0.735938 0.0483398 0.737109 0.046875 0.737109 0.0463867 0.7375 0.0458984 0.7375 0.0439453 0.736719 0.0429688
1 0.709375 0.0688477 0.708984 0.0693359 0.708203 0.0693359 0.707812 0.0698242 0.707422 0.0698242 0.707031 0.0703125 0.706641 0.0703125 0.70625 0.0708008 0.704688 0.0708008 0.701172 0.0751953 0.700781 0.0751953 0.7 0.0761719 0.7 0.0766602 0.699219 0.0776367 0.698828 0.0776367 0.693359 0.0844727 0.693359 0.0849609 0.692969 0.0854492 0.692969 0.0859375 0.692187 0.0869141 0.692187 0.0874023 0.690234 0.0898438 0.690234 0.090332 0.689453 0.0913086 0.689453 0.0922852 0.689063 0.0927734 0.689063 0.0932617 0.688672 0.09375 0.688672 0.0952148 0.688281 0.0957031 0.688281 0.101074 0.688672 0.101562 0.688672 0.102051 0.689063 0.102539 0.689063 0.104004 0.690234 0.105469 0.692187 0.105469 0.693359 0.104004 0.693359 0.103027 0.69375 0.102539 0.69375 0.101074 0.694141 0.100586 0.694141 0.0976562 0.694531 0.097168 0.694531 0.0961914 0.694922 0.0957031 0.694922 0.0952148 0.695703 0.0942383 0.695703 0.09375 0.696875 0.0922852 0.696875 0.0917969 0.698438 0.0898438 0.698438 0.0893555 0.707031 0.0786133 0.707031 0.078125 0.708594 0.0761719 0.708594 0.0756836 0.710938 0.0727539 0.711328 0.0727539 0.712109 0.0717773 0.712109 0.0698242 0.711328 0.0688477
1 0.690234 0.0537109 0.689063 0.0551758 0.689063 0.0556641 0.688672 0.0561523 0.688672 0.0566406 0.688281 0.0571289 0.688281 0.0581055 0.687891 0.0585938 0.687891 0.0595703 0.6875 0.0600586 0.6875 0.0610352 0.687109 0.0615234 0.687109 0.0620117 0.686328 0.0629883 0.686328 0.0644531 0.685937 0.0649414 0.685937 0.0654297 0.685547 0.065918 0.685547 0.0678711 0.685156 0.0683594 0.685156 0.0693359 0.684766 0.0698242 0.684766 0.0708008 0.684375 0.0712891 0.684375 0.0727539 0.683984 0.0732422 0.683984 0.0742188 0.683594 0.074707 0.683594 0.0761719 0.683203 0.0766602 0.683203 0.0839844 0.682813 0.0844727 0.682813 0.0854492 0.682422 0.0859375 0.682422 0.0883789 0.682031 0.0888672 0.682031 0.0917969 0.681641 0.0922852 0.681641 0.0942383 0.680859 0.0952148 0.680859 0.0957031 0.680469 0.0961914 0.680469 0.0966797 0.680078 0.097168 0.680078 0.0976562 0.679297 0.0986328 0.679297 0.0991211 0.678906 0.0996094 0.678906 0.102051 0.679688 0.103027 0.68125 0.103027 0.681641 0.102539 0.682031 0.102539 0.682813 0.101562 0.683203 0.101562 0.686328 0.0976562 0.686328 0.097168 0.687109 0.0961914 0.687109 0.0957031 0.687891 0.0947266 0.687891 0.0942383 0.689063 0.0927734 0.689063 0.0922852 0.689453 0.0917969 0.689453 0.0908203 0.689844 0.090332 0.689844 0.0893555 0.690234 0.0888672 0.690234 0.0751953 0.690625 0.074707 0.690625 0.0722656 0.691016 0.0717773 0.691016 0.0703125 0.691406 0.0698242 0.691406 0.0673828 0.691797 0.0668945 0.691797 0.0649414 0.692187 0.0644531 0.692187 0.0620117 0.692578 0.0615234 0.692578 0.0600586 0.692969 0.0595703 0.692969 0.0551758 0.691797 0.0537109
2 0.678906 0.0771484 0.678516 0.0776367 0.678125 0.0776367 0.677344 0.0786133 0.677344 0.0791016 0.676953 0.0795898 0.676953 0.0805664 0.676172 0.081543 0.676172 0.0820312 0.675781 0.0825195 0.675781 0.0830078 0.675 0.0839844 0.675 0.0849609 0.674219 0.0859375 0.674219 0.0864258 0.673828 0.0869141 0.673828 0.0874023 0.673438 0.0878906 0.673438 0.0883789 0.673047 0.0888672 0.673047 0.0893555 0.672656 0.0898438 0.672656 0.090332 0.671875 0.0913086 0.671875 0.0917969 0.671484 0.0922852 0.671484 0.0927734 0.671094 0.0932617 0.671094 0.0942383 0.670703 0.0947266 0.670703 0.0952148 0.670312 0.0957031 0.670312 0.0966797 0.669922 0.097168 0.669922 0.0981445 0.669531 0.0986328 0.669531 0.100586 0.66875 0.101562 0.66875 0.102539 0.668359 0.103027 0.668359 0.10498 0.667969 0.105469 0.667969 0.106934 0.667578 0.107422 0.667578 0.10791 0.667188 0.108398 0.667188 0.108887 0.666797 0.109375 0.666797 0.109863 0.663281 0.114258 0.663281 0.116699 0.664062 0.117676 0.666406 0.117676 0.666797 0.117188 0.667188 0.117188 0.667578 0.116699 0.667969 0.116699 0.66875 0.115723 0.669531 0.115723 0.671094 0.11377 0.671484 0.11377 0.675781 0.108398 0.675781 0.10791 0.677734 0.105469 0.677734 0.10498 0.678125 0.104492 0.678125 0.104004 0.678906 0.103027 0.678906 0.102051 0.679297 0.101562 0.679297 0.100586 0.679688 0.100098 0.679688 0.0991211 0.680078 0.0986328 0.680078 0.097168 0.680469 0.0966797 0.680469 0.0957031 0.680859 0.0952148 0.680859 0.0932617 0.68125 0.0927734 0.68125 0.0893555 0.681641 0.0888672 0.681641 0.0795898 0.68125 0.0791016 0.68125 0.078125 0.680469 0.0771484
1 0.661719 0.0576172 0.660937 0.0585938 0.660937 0.0610352 0.661719 0.0620117 0.661719 0.0625 0.662109 0.0629883 0.662109 0.0634766 0.662891 0.0644531 0.662891 0.0649414 0.663281 0.0654297 0.663281 0.065918 0.663672 0.0664062 0.663672 0.0678711 0.664062 0.0683594 0.664062 0.0688477 0.664453 0.0693359 0.664453 0.0703125 0.664844 0.0708008 0.664844 0.0717773 0.665234 0.0722656 0.665234 0.0776367 0.664844 0.078125 0.664844 0.0791016 0.664453 0.0795898 0.664453 0.0805664 0.664062 0.0810547 0.664062 0.0820312 0.663672 0.0825195 0.663672 0.0830078 0.663281 0.0834961 0.663281 0.0839844 0.662891 0.0844727 0.662891 0.0849609 0.661328 0.0869141 0.661328 0.0874023 0.660937 0.0878906 0.660937 0.0883789 0.660547 0.0888672 0.660547 0.0893555 0.659766 0.090332 0.659766 0.0908203 0.659375 0.0913086 0.659375 0.0917969 0.658594 0.0927734 0.658594 0.09375 0.658203 0.0942383 0.658203 0.0957031 0.657813 0.0961914 0.657813 0.0966797 0.657422 0.097168 0.657422 0.0976562 0.656641 0.0986328 0.656641 0.103516 0.657422 0.104492 0.659766 0.104492 0.660156 0.104004 0.660547 0.104004 0.660937 0.103516 0.661328 0.103516 0.663672 0.100586 0.663672 0.100098 0.664062 0.0996094 0.664062 0.0991211 0.665234 0.0976562 0.665234 0.097168 0.665625 0.0966797 0.665625 0.0957031 0.666406 0.0947266 0.666406 0.0942383 0.666797 0.09375 0.666797 0.0932617 0.667578 0.0922852 0.667578 0.0913086 0.668359 0.090332 0.668359 0.0898438 0.66875 0.0893555 0.66875 0.0888672 0.669141 0.0883789 0.669141 0.0878906 0.669922 0.0869141 0.669922 0.0864258 0.671094 0.0849609 0.671094 0.0844727 0.671484 0.0839844 0.671484 0.0830078 0.672656 0.081543 0.672656 0.0805664 0.673047 0.0800781 0.673047 0.0786133 0.673438 0.078125 0.673438 0.0708008 0.673047 0.0703125 0.673047 0.0698242 0.671484 0.0678711 0.671484 0.0668945 0.670312 0.0654297 0.670312 0.0649414 0.667969 0.0620117 0.667969 0.0615234 0.667188 0.0605469 0.666797 0.0605469 0.664844 0.0581055 0.663672 0.0581055 0.663281 0.0576172
2 0.660156 0.0449219 0.659766 0.0454102 0.658984 0.0454102 0.657031 0.0478516 0.656641 0.0478516 0.655078 0.0498047 0.654687 0.0498047 0.653516 0.0512695 0.652734 0.0512695 0.651563 0.0527344 0.650781 0.0527344 0.65 0.0537109 0.649219 0.0537109 0.648828 0.0541992 0.646875 0.0541992 0.646484 0.0537109 0.642578 0.0537109 0.640234 0.0507812 0.638672 0.0507812 0.637891 0.0517578 0.637891 0.0537109 0.639844 0.0561523 0.639844 0.0571289 0.640625 0.0581055 0.641406 0.0581055 0.641797 0.0585938 0.643359 0.0585938 0.64375 0.059082 0.644141 0.059082 0.644531 0.0595703 0.645312 0.0595703 0.645703 0.0600586 0.646875 0.0600586 0.647266 0.0605469 0.653125 0.0605469 0.653516 0.0600586 0.654297 0.0600586 0.654687 0.0595703 0.655469 0.0595703 0.655859 0.059082 0.65625 0.059082 0.656641 0.0585938 0.657031 0.0585938 0.657422 0.0581055 0.658203 0.0581055 0.658984 0.0571289 0.659375 0.0571289 0.660156 0.0561523 0.660156 0.0556641 0.660937 0.0546875 0.660937 0.0541992 0.661719 0.0532227 0.661719 0.0522461 0.662109 0.0517578 0.662109 0.0512695 0.6625 0.0507812 0.6625 0.0458984 0.661719 0.0449219
1 0.636719 0.0390625 0.635938 0.0400391 0.635938 0.0419922 0.636719 0.0429688 0.6375 0.0429688 0.637891 0.043457 0.638672 0.043457 0.639062 0.0439453 0.639844 0.0439453 0.640234 0.0444336 0.640625 0.0444336 0.641016 0.0449219 0.641406 0.0449219 0.644141 0.0483398 0.644531 0.0483398 0.646094 0.050293 0.646484 0.050293 0.647266 0.0512695 0.648047 0.0512695 0.648438 0.0517578 0.648828 0.0517578 0.649219 0.0522461 0.65 0.0522461 0.650391 0.0527344 0.651953 0.0527344 0.652344 0.0532227 0.661719 0.0532227 0.662109 0.0527344 0.663281 0.0527344 0.663672 0.0522461 0.664062 0.0522461 0.664453 0.0517578 0.665234 0.0517578 0.666016 0.0507812 0.666406 0.0507812 0.667578 0.0493164 0.667578 0.0488281 0.668359 0.0478516 0.668359 0.0473633 0.66875 0.046875 0.66875 0.0429688 0.667969 0.0419922 0.666016 0.0419922 0.665625 0.0424805 0.665234 0.0424805 0.664844 0.0429688 0.664453 0.0429688 0.663672 0.0439453 0.658203 0.0439453 0.657813 0.0444336 0.651563 0.0444336 0.651172 0.0439453 0.650391 0.0439453 0.649609 0.0429688 0.648438 0.0429688 0.648047 0.0424805 0.647266 0.0424805 0.646875 0.0419922 0.646094 0.0419922 0.645703 0.0415039 0.645312 0.0415039 0.644922 0.0410156 0.644531 0.0410156 0.644141 0.0405273 0.641797 0.0405273 0.641406 0.0400391 0.640625 0.0400391 0.640234 0.0395508 0.639453 0.0395508 0.639062 0.0390625
1 0.633594 0.0249023 0.632812 0.0258789 0.632812 0.027832 0.634375 0.0297852 0.634375 0.0302734 0.635938 0.0322266 0.636328 0.0322266 0.637109 0.0332031 0.6375 0.0332031 0.638281 0.0341797 0.638672 0.0341797 0.639453 0.0351562 0.639844 0.0351562 0.640625 0.0361328 0.641016 0.0361328 0.641406 0.0366211 0.641797 0.0366211 0.642188 0.0371094 0.642969 0.0371094 0.643359 0.0375977 0.64375 0.0375977 0.644922 0.0390625 0.645703 0.0390625 0.646484 0.0400391 0.647266 0.0400391 0.647656 0.0405273 0.648047 0.0405273 0.648438 0.0410156 0.648828 0.0410156 0.649219 0.0415039 0.650391 0.0415039 0.650781 0.0419922 0.652344 0.0419922 0.652734 0.0424805 0.654687 0.0424805 0.655078 0.0429688 0.662109 0.0429688 0.6625 0.0424805 0.662891 0.0424805 0.663672 0.0415039 0.664453 0.0415039 0.665625 0.0400391 0.666016 0.0400391 0.666797 0.0390625 0.667188 0.0390625 0.669531 0.0361328 0.669531 0.0341797 0.66875 0.0332031 0.667188 0.0332031 0.666406 0.0341797 0.666016 0.0341797 0.665234 0.0351562 0.664844 0.0351562 0.664453 0.0356445 0.663672 0.0356445 0.663281 0.0361328 0.658594 0.0361328 0.658203 0.0356445 0.657422 0.0356445 0.657031 0.0351562 0.65625 0.0351562 0.655859 0.034668 0.655078 0.034668 0.654687 0.0341797 0.653516 0.0341797 0.653125 0.0336914 0.651953 0.0336914 0.651563 0.0332031 0.649219 0.0332031 0.648828 0.0327148 0.647266 0.0327148 0.646875 0.0322266 0.645703 0.0322266 0.645312 0.0317383 0.644141 0.0317383 0.64375 0.03125 0.642969 0.03125 0.642578 0.0307617 0.642188 0.0307617 0.641797 0.0302734 0.641016 0.0302734 0.639844 0.0288086 0.639453 0.0288086 0.638672 0.027832 0.638281 0.027832 0.637891 0.0273438 0.6375 0.0273438 0.636328 0.0258789 0.635938 0.0258789 0.635156 0.0249023
1 0.684375 0.0356445 0.683984 0.0361328 0.683594 0.0361328 0.682422 0.0375977 0.682422 0.0380859 0.682031 0.0385742 0.682031 0.0395508 0.680859 0.0410156 0.680859 0.0419922 0.680469 0.0424805 0.680469 0.0429688 0.680078 0.043457 0.680078 0.0439453 0.679688 0.0444336 0.679688 0.0458984 0.679297 0.0463867 0.679297 0.046875 0.678906 0.0473633 0.678906 0.0478516 0.678516 0.0483398 0.678516 0.0488281 0.678125 0.0493164 0.678125 0.0498047 0.677734 0.050293 0.677734 0.0512695 0.676953 0.0522461 0.676953 0.0532227 0.676172 0.0541992 0.676172 0.0546875 0.675391 0.0556641 0.675391 0.0566406 0.675 0.0571289 0.675 0.0576172 0.674219 0.0585938 0.674219 0.059082 0.673828 0.0595703 0.673828 0.0600586 0.673047 0.0610352 0.673047 0.0620117 0.672656 0.0625 0.672656 0.0629883 0.672266 0.0634766 0.672266 0.0639648 0.671484 0.0649414 0.671484 0.0654297 0.671094 0.065918 0.671094 0.0668945 0.670703 0.0673828 0.670703 0.0678711 0.670312 0.0683594 0.670312 0.0688477 0.669922 0.0693359 0.669922 0.0717773 0.670703 0.0727539 0.672266 0.0727539 0.673828 0.0708008 0.674219 0.0708008 0.675 0.0698242 0.675391 0.0698242 0.676172 0.0688477 0.676562 0.0688477 0.678125 0.0668945 0.678516 0.0668945 0.682031 0.0625 0.682031 0.0620117 0.684375 0.059082 0.684375 0.0585938 0.685156 0.0576172 0.685156 0.0571289 0.686328 0.0556641 0.686328 0.0551758 0.687109 0.0541992 0.687109 0.0537109 0.6875 0.0532227 0.6875 0.0527344 0.688281 0.0517578 0.688281 0.0512695 0.689063 0.050293 0.689063 0.0498047 0.689453 0.0493164 0.689453 0.0483398 0.689844 0.0478516 0.689844 0.0463867 0.690625 0.0454102 0.690625 0.0380859 0.689453 0.0366211 0.687109 0.0366211 0.686328 0.0356445
1 0.677344 0.0332031 0.676562 0.0341797 0.676562 0.0361328 0.677344 0.0371094 0.677734 0.0371094 0.678516 0.0380859 0.678906 0.0380859 0.684375 0.0449219 0.684766 0.0449219 0.687109 0.0478516 0.6875 0.0478516 0.689844 0.0507812 0.689844 0.0512695 0.692578 0.0546875 0.692578 0.0551758 0.693359 0.0561523 0.693359 0.0566406 0.694531 0.0581055 0.694531 0.0585938 0.695703 0.0600586 0.695703 0.0605469 0.696484 0.0615234 0.696484 0.0620117 0.697656 0.0634766 0.699219 0.0634766 0.7 0.0625 0.7 0.0556641 0.699609 0.0551758 0.699609 0.0541992 0.698828 0.0532227 0.698828 0.0527344 0.698438 0.0522461 0.698438 0.0517578 0.698047 0.0512695 0.698047 0.0507812 0.697656 0.050293 0.697656 0.0493164 0.697266 0.0488281 0.697266 0.0478516 0.696875 0.0473633 0.696875 0.046875 0.696484 0.0463867 0.696484 0.0458984 0.695703 0.0449219 0.695703 0.0444336 0.69375 0.0419922 0.69375 0.0415039 0.692187 0.0395508 0.692187 0.0390625 0.691406 0.0380859 0.691016 0.0380859 0.689844 0.0366211 0.689453 0.0366211 0.689063 0.0361328 0.688672 0.0361328 0.687891 0.0351562 0.6875 0.0351562 0.687109 0.034668 0.686719 0.034668 0.686328 0.0341797 0.685937 0.0341797 0.685547 0.0336914 0.684375 0.0336914 0.683984 0.0332031
2 0.668359 0.0297852 0.667188 0.03125 0.667188 0.0327148 0.666797 0.0332031 0.666797 0.0366211 0.667188 0.0371094 0.667188 0.0385742 0.667578 0.0390625 0.667578 0.0405273 0.667969 0.0410156 0.667969 0.0415039 0.668359 0.0419922 0.668359 0.0424805 0.66875 0.0429688 0.66875 0.0444336 0.669141 0.0449219 0.669141 0.0463867 0.669531 0.046875 0.669531 0.050293 0.669141 0.0507812 0.669141 0.0541992 0.66875 0.0546875 0.66875 0.0571289 0.668359 0.0576172 0.668359 0.0683594 0.66875 0.0688477 0.66875 0.0698242 0.669141 0.0703125 0.669141 0.0708008 0.669922 0.0717773 0.671484 0.0717773 0.672266 0.0708008 0.672266 0.0688477 0.672656 0.0683594 0.672656 0.0673828 0.673047 0.0668945 0.673047 0.0644531 0.673438 0.0639648 0.673438 0.0629883 0.673828 0.0625 0.673828 0.0615234 0.674219 0.0610352 0.674219 0.0600586 0.674609 0.0595703 0.674609 0.0581055 0.675 0.0576172 0.675 0.0541992 0.675391 0.0537109 0.675391 0.0449219 0.675 0.0444336 0.675 0.0429688 0.674609 0.0424805 0.674609 0.0419922 0.674219 0.0415039 0.674219 0.0405273 0.673047 0.0390625 0.673047 0.0385742 0.671875 0.0371094 0.671875 0.0366211 0.671484 0.0361328 0.671484 0.0356445 0.670312 0.0341797 0.670312 0.0336914 0.670703 0.0332031 0.670703 0.0307617 0.669922 0.0297852
1 0.705078 0.0107422 0.704297 0.0117188 0.703906 0.0117188 0.701953 0.0141602 0.701953 0.015625 0.701562 0.0161133 0.701562 0.0166016 0.701172 0.0170898 0.701172 0.0175781 0.700781 0.0180664 0.700781 0.0185547 0.700391 0.019043 0.700391 0.0195312 0.7 0.0200195 0.7 0.0219727 0.699609 0.0224609 0.699609 0.0400391 0.700781 0.0415039 0.700781 0.0419922 0.701172 0.0424805 0.701172 0.0429688 0.701562 0.043457 0.701562 0.0444336 0.701953 0.0449219 0.701953 0.0454102 0.702344 0.0458984 0.702344 0.046875 0.702734 0.0473633 0.702734 0.0483398 0.703125 0.0488281 0.703125 0.0556641 0.703906 0.0566406 0.705469 0.0566406 0.70625 0.0556641 0.70625 0.0546875 0.706641 0.0541992 0.706641 0.0498047 0.707031 0.0493164 0.707031 0.0439453 0.706641 0.043457 0.706641 0.0415039 0.70625 0.0410156 0.70625 0.0390625 0.705859 0.0385742 0.705859 0.0351562 0.705469 0.034668 0.705469 0.0244141 0.705859 0.0239258 0.705859 0.0161133 0.707812 0.0136719 0.707812 0.0117188 0.707031 0.0107422
1 0.683594 0 0.682422 0.00146484 0.682422 0.00195312 0.681641 0.00292969 0.68125 0.00292969 0.680469 0.00390625 0.680078 0.00390625 0.679297 0.00488281 0.678516 0.00488281 0.677344 0.00634766 0.676562 0.00634766 0.676172 0.00683594 0.675781 0.00683594 0.675 0.0078125 0.674609 0.0078125 0.674219 0.00830078 0.673438 0.00830078 0.672656 0.00927734 0.671094 0.00927734 0.670703 0.00976562 0.670312 0.00976562 0.669922 0.0102539 0.669531 0.0102539 0.66875 0.0112305 0.668359 0.0112305 0.667969 0.0117188 0.667578 0.0117188 0.667188 0.012207 0.666406 0.012207 0.666016 0.0126953 0.665625 0.0126953 0.665234 0.0131836 0.663672 0.0131836 0.663281 0.0136719 0.657422 0.0136719 0.657031 0.0131836 0.653516 0.0131836 0.653125 0.0126953 0.652734 0.0126953 0.652344 0.012207 0.651172 0.012207 0.650781 0.0117188 0.650391 0.0117188 0.65 0.0112305 0.649609 0.0112305 0.648828 0.0102539 0.648438 0.0102539 0.648047 0.00976562 0.647656 0.00976562 0.647266 0.00927734 0.646875 0.00927734 0.646484 0.00878906 0.646094 0.00878906 0.645703 0.00927734 0.645312 0.00927734 0.644922 0.00976562 0.644141 0.00976562 0.643359 0.0107422 0.643359 0.0126953 0.644531 0.0141602 0.644531 0.0146484 0.646094 0.0166016 0.646484 0.0166016 0.647656 0.0180664 0.648047 0.0180664 0.648438 0.0185547 0.648828 0.0185547 0.649219 0.019043 0.649609 0.019043 0.65 0.0195312 0.650391 0.0195312 0.650781 0.0200195 0.651172 0.0200195 0.651563 0.0205078 0.652344 0.0205078 0.652734 0.0209961 0.654687 0.0209961 0.655078 0.0214844 0.656641 0.0214844 0.657031 0.0219727 0.666016 0.0219727 0.666406 0.0214844 0.667188 0.0214844 0.667578 0.0209961 0.667969 0.0209961 0.668359 0.0205078 0.669531 0.0205078 0.669922 0.0200195 0.670312 0.0200195 0.670703 0.0195312 0.671484 0.0195312 0.672266 0.0185547 0.673047 0.0185547 0.673438 0.0180664 0.673828 0.0180664 0.675 0.0166016 0.675391 0.0166016 0.676562 0.0151367 0.676953 0.0151367 0.677344 0.0146484 0.677734 0.0146484 0.678125 0.0141602 0.678516 0.0141602 0.678906 0.0136719 0.679688 0.0136719 0.680078 0.0131836 0.680469 0.0131836 0.680859 0.0126953 0.68125 0.0126953 0.681641 0.012207 0.682031 0.012207 0.682422 0.0117188 0.682813 0.0117188 0.683203 0.0112305 0.683594 0.0112305 0.683984 0.0107422 0.684375 0.0107422 0.684766 0.0102539 0.685156 0.0102539 0.685547 0.00976562 0.686328 0.00976562 0.686719 0.00927734 0.6875 0.00927734 0.687891 0.00878906 0.688281 0.00878906 0.688672 0.00830078 0.689063 0.00830078 0.689844 0.00732422 0.691016 0.00732422 0.691406 0.00683594 0.691797 0.00683594 0.692578 0.00585938 0.693359 0.00585938 0.69375 0.00537109 0.694531 0.00537109 0.695312 0.00439453 0.695703 0.00439453 0.696484 0.00341797 0.697266 0.00341797 0.699609 0.000488281 0.7 0.000488281 0.700391 0
2 0.635547 0 0.635547 0.000976562 0.635156 0.00146484 0.635156 0.00195312 0.634766 0.00244141 0.634766 0.00439453 0.634375 0.00488281 0.634375 0.00976562 0.634766 0.0102539 0.634766 0.0107422 0.635156 0.0112305 0.635156 0.0117188 0.6375 0.0146484 0.637891 0.0146484 0.638672 0.015625 0.639062 0.015625 0.639844 0.0166016 0.640234 0.0166016 0.640625 0.0170898 0.641406 0.0170898 0.641797 0.0175781 0.647656 0.0175781 0.648047 0.0170898 0.648828 0.0170898 0.650391 0.0151367 0.650391 0.0146484 0.650781 0.0141602 0.650781 0.0136719 0.651563 0.0126953 0.651563 0.0117188 0.651953 0.0112305 0.651953 0.0102539 0.652344 0.00976562 0.652344 0.00634766 0.652734 0.00585938 0.652734 0 0.645703 0 0.645703 0.00195312 0.646094 0.00244141 0.646094 0.00341797 0.646484 0.00390625 0.646484 0.00634766 0.646094 0.00683594 0.646094 0.00732422 0.645703 0.0078125 0.644141 0.0078125 0.64375 0.00830078 0.643359 0.00830078 0.642969 0.0078125 0.642969 0.00732422 0.642578 0.00683594 0.642578 0.00390625 0.642969 0.00341797 0.642969 0.00195312 0.643359 0.00146484 0.643359 0.000976562 0.64375 0.000488281 0.64375 0
1 0.662891 0 0.664062 0.00146484 0.664844 0.00146484 0.665234 0.00195312 0.665625 0.00195312 0.666797 0.00341797 0.667969 0.00341797 0.668359 0.00390625 0.670703 0.00390625 0.671094 0.00439453 0.673438 0.00439453 0.673828 0.00488281 0.680469 0.00488281 0.680859 0.00439453 0.683203 0.00439453 0.683594 0.00390625 0.685547 0.00390625 0.685937 0.00341797 0.687891 0.00341797 0.688672 0.00244141 0.689063 0.00244141 0.689453 0.00195312 0.690234 0.00195312 0.691016 0.000976562 0.691406 0.000976562 0.691797 0.000488281 0.692187 0.000488281 0.692578 0
1 0.716016 0 0.715625 0.000488281 0.715625 0.000976562 0.714453 0.00244141 0.714453 0.00292969 0.712891 0.00488281 0.712891 0.00537109 0.712109 0.00634766 0.712109 0.00683594 0.710547 0.00878906 0.710547 0.00927734 0.704688 0.0166016 0.704688 0.0200195 0.705469 0.0209961 0.705859 0.0209961 0.70625 0.0214844 0.708203 0.0214844 0.708594 0.0209961 0.708984 0.0209961 0.710547 0.019043 0.710938 0.019043 0.716406 0.012207 0.716406 0.0117188 0.717187 0.0107422 0.717187 0.0102539 0.717578 0.00976562 0.717578 0.00927734 0.721875 0.00390625 0.722266 0.00390625 0.724219 0.00146484 0.724609 0.00146484 0.725781 0
1 0.728516 0 0.726562 0.00244141 0.726172 0.00244141 0.725 0.00390625 0.724609 0.00390625 0.722656 0.00634766 0.722266 0.00634766 0.721094 0.0078125 0.720703 0.0078125 0.718359 0.0107422 0.718359 0.0112305 0.716406 0.0136719 0.716406 0.0141602 0.716016 0.0146484 0.716016 0.0151367 0.714844 0.0166016 0.714844 0.0170898 0.714063 0.0180664 0.714063 0.0185547 0.713281 0.0195312 0.713281 0.0200195 0.712891 0.0205078 0.712891 0.0209961 0.7125 0.0214844 0.7125 0.0239258 0.713281 0.0249023 0.714844 0.0249023 0.715625 0.0239258 0.716016 0.0239258 0.716797 0.0229492 0.717187 0.0229492 0.717969 0.0219727 0.718359 0.0219727 0.719141 0.0209961 0.719922 0.0209961 0.721094 0.0195312 0.721484 0.0195312 0.723047 0.0175781 0.723437 0.0175781 0.725 0.015625 0.725391 0.015625 0.726172 0.0146484 0.726562 0.0146484 0.727734 0.0131836 0.728125 0.0131836 0.729297 0.0117188 0.729688 0.0117188 0.731641 0.00927734 0.732031 0.00927734 0.733984 0.00683594 0.733984 0.00634766 0.735547 0.00439453 0.735547 0.00292969 0.735938 0.00244141 0.735938 0.00195312 0.736719 0.000976562 0.736719 0.000488281 0.737109 0
1 0.696094 0.0112305 0.694922 0.0126953 0.694141 0.0126953 0.693359 0.0136719 0.692578 0.0136719 0.691797 0.0146484 0.691406 0.0146484 0.690625 0.015625 0.689844 0.015625 0.689063 0.0166016 0.688281 0.0166016 0.687891 0.0170898 0.685156 0.0170898 0.684766 0.0166016 0.683594 0.0166016 0.683203 0.0161133 0.680469 0.0161133 0.679688 0.0151367 0.673438 0.0151367 0.673047 0.015625 0.669922 0.015625 0.669531 0.0161133 0.668359 0.0161133 0.667969 0.0166016 0.667188 0.0166016 0.666797 0.0170898 0.665625 0.0170898 0.664844 0.0180664 0.663672 0.0180664 0.663281 0.0185547 0.662891 0.0185547 0.6625 0.019043 0.662109 0.019043 0.660547 0.0209961 0.660547 0.0229492 0.661328 0.0239258 0.662891 0.0239258 0.663281 0.0234375 0.664062 0.0234375 0.664453 0.0229492 0.665625 0.0229492 0.666016 0.0224609 0.666406 0.0224609 0.666797 0.0219727 0.667578 0.0219727 0.667969 0.0214844 0.670703 0.0214844 0.671875 0.0229492 0.675 0.0229492 0.675391 0.0234375 0.676172 0.0234375 0.676562 0.0239258 0.678516 0.0239258 0.678906 0.0244141 0.680469 0.0244141 0.680859 0.0249023 0.687109 0.0249023 0.6875 0.0244141 0.688281 0.0244141 0.688672 0.0239258 0.689453 0.0239258 0.690234 0.0229492 0.690625 0.0229492 0.691016 0.0224609 0.691797 0.0224609 0.692969 0.0209961 0.69375 0.0209961 0.694141 0.0205078 0.694531 0.0205078 0.695312 0.0195312 0.696094 0.0195312 0.697266 0.0180664 0.697656 0.0180664 0.698828 0.0166016 0.698828 0.0126953 0.697656 0.0112305
1 0.697656 0.0131836 0.696875 0.0141602 0.696484 0.0141602 0.694922 0.0161133 0.694531 0.0161133 0.694141 0.0166016 0.69375 0.0166016 0.692187 0.0185547 0.691406 0.0185547 0.690234 0.0200195 0.689844 0.0200195 0.689453 0.0205078 0.689063 0.0205078 0.688672 0.0209961 0.688281 0.0209961 0.687891 0.0214844 0.687109 0.0214844 0.686719 0.0219727 0.686328 0.0219727 0.685937 0.0224609 0.684766 0.0224609 0.684375 0.0229492 0.683594 0.0229492 0.683203 0.0234375 0.682813 0.0234375 0.682422 0.0239258 0.672656 0.0239258 0.672266 0.0234375 0.670703 0.0234375 0.670312 0.0229492 0.66875 0.0229492 0.668359 0.0224609 0.665234 0.0224609 0.664453 0.0234375 0.664453 0.0253906 0.665625 0.0268555 0.666016 0.0268555 0.667188 0.0283203 0.667969 0.0283203 0.668359 0.0288086 0.66875 0.0288086 0.669141 0.0292969 0.669922 0.0292969 0.670312 0.0297852 0.671484 0.0297852 0.671875 0.0302734 0.673047 0.0302734 0.673438 0.0307617 0.680859 0.0307617 0.68125 0.0302734 0.682813 0.0302734 0.683203 0.0297852 0.685156 0.0297852 0.685547 0.0292969 0.686719 0.0292969 0.687109 0.0288086 0.687891 0.0288086 0.688281 0.0283203 0.688672 0.0283203 0.689063 0.027832 0.689453 0.027832 0.689844 0.0273438 0.690234 0.0273438 0.690625 0.0268555 0.691406 0.0268555 0.692578 0.0253906 0.692969 0.0253906 0.69375 0.0244141 0.694141 0.0244141 0.696484 0.0214844 0.697266 0.0214844 0.699219 0.019043 0.699609 0.019043 0.7 0.0185547 0.700391 0.0185547 0.701172 0.0175781 0.701172 0.0141602 0.700391 0.0131836
1 0.358984 0.712402 0.358203 0.713379 0.358203 0.714355 0.357812 0.714844 0.357812 0.717285 0.358203 0.717773 0.358203 0.718262 0.358594 0.71875 0.358594 0.720215 0.358984 0.720703 0.358984 0.72168 0.359375 0.722168 0.359375 0.723633 0.359766 0.724121 0.359766 0.724609 0.360156 0.725098 0.360156 0.726074 0.360547 0.726562 0.360547 0.72998 0.360938 0.730469 0.360938 0.739258 0.361328 0.739746 0.361328 0.740723 0.361719 0.741211 0.361719 0.743164 0.362109 0.743652 0.362109 0.745117 0.3625 0.745605 0.3625 0.746094 0.362891 0.746582 0.362891 0.747559 0.363281 0.748047 0.363281 0.751465 0.363672 0.751953 0.363672 0.75293 0.364063 0.753418 0.364063 0.754883 0.364453 0.755371 0.364453 0.755859 0.364844 0.756348 0.364844 0.757812 0.365625 0.758789 0.367188 0.758789 0.367969 0.757812 0.367969 0.754395 0.367578 0.753906 0.367578 0.75 0.367969 0.749512 0.367969 0.736328 0.367578 0.73584 0.367578 0.730957 0.367188 0.730469 0.367188 0.728516 0.366797 0.728027 0.366797 0.727539 0.366406 0.727051 0.366406 0.725098 0.366016 0.724609 0.366016 0.723633 0.365625 0.723145 0.365625 0.72168 0.365234 0.721191 0.365234 0.714355 0.364453 0.713379 0.361719 0.713379 0.361328 0.712891 0.360938 0.712891 0.360547 0.712402
1 0.779687 0.871094 0.778906 0.87207 0.778906 0.875488 0.779297 0.875977 0.779297 0.877441 0.779687 0.87793 0.779687 0.878418 0.780078 0.878906 0.780078 0.879883 0.780469 0.880371 0.780469 0.880859 0.780859 0.881348 0.780859 0.881836 0.78125 0.882324 0.78125 0.882812 0.781641 0.883301 0.781641 0.883789 0.782422 0.884766 0.782422 0.885254 0.782813 0.885742 0.782813 0.88623 0.783203 0.886719 0.783203 0.887207 0.783594 0.887695 0.783594 0.888184 0.784375 0.88916 0.784375 0.889648 0.785937 0.891602 0.786328 0.891602 0.788672 0.894531 0.789062 0.894531 0.789453 0.89502 0.789844 0.89502 0.790234 0.895508 0.791797 0.895508 0.792188 0.895996 0.796875 0.895996 0.797266 0.895508 0.797656 0.895508 0.798438 0.894531 0.798438 0.89209 0.797656 0.891113 0.797266 0.891113 0.796484 0.890137 0.794922 0.890137 0.794531 0.889648 0.794141 0.889648 0.79375 0.88916 0.79375 0.888672 0.792969 0.887695 0.792969 0.887207 0.791797 0.885742 0.791797 0.885254 0.789844 0.882812 0.789844 0.882324 0.789062 0.881348 0.788672 0.881348 0.785937 0.87793 0.785937 0.877441 0.783984 0.875 0.783984 0.874512 0.78125 0.871094
1 0.176563 0.844238 0.176172 0.844727 0.175391 0.844727 0.174609 0.845703 0.174219 0.845703 0.173828 0.846191 0.173437 0.846191 0.173047 0.84668 0.172266 0.84668 0.170703 0.848633 0.170313 0.848633 0.164062 0.856445 0.163672 0.856445 0.1625 0.85791 0.162109 0.85791 0.160547 0.859863 0.160156 0.859863 0.158984 0.861328 0.158594 0.861328 0.158203 0.861816 0.157812 0.861816 0.156641 0.863281 0.15625 0.863281 0.155469 0.864258 0.155469 0.866699 0.15625 0.867676 0.158203 0.867676 0.158594 0.867188 0.158984 0.867188 0.159375 0.866699 0.159766 0.866699 0.160156 0.866211 0.161719 0.866211 0.162109 0.865723 0.164062 0.865723 0.164453 0.865234 0.164844 0.865234 0.165234 0.864746 0.165625 0.864746 0.166016 0.864258 0.166406 0.864258 0.167187 0.863281 0.167578 0.863281 0.16875 0.861816 0.169141 0.861816 0.170703 0.859863 0.171094 0.859863 0.176172 0.853516 0.176172 0.853027 0.176953 0.852051 0.176953 0.851562 0.178516 0.849609 0.178516 0.848633 0.178906 0.848145 0.178906 0.845215 0.178125 0.844238
1 0.075 0.237305 0.0742188 0.238281 0.0734375 0.238281 0.0726563 0.239258 0.071875 0.239258 0.0714844 0.239746 0.0710937 0.239746 0.0707031 0.240234 0.0703125 0.240234 0.0699219 0.240723 0.0695313 0.240723 0.0679687 0.242676 0.0679687 0.243164 0.0675781 0.243652 0.0675781 0.244141 0.0671875 0.244629 0.0671875 0.247559 0.0679687 0.248535 0.0695313 0.248535 0.0707031 0.24707 0.0710937 0.24707 0.0714844 0.246582 0.071875 0.246582 0.0726563 0.245605 0.0738281 0.245605 0.0742188 0.245117 0.0773438 0.245117 0.0824219 0.251465 0.0828125 0.251465 0.0832031 0.251953 0.0835937 0.251953 0.0839844 0.252441 0.0847656 0.252441 0.0851563 0.25293 0.0851563 0.253906 0.084375 0.254883 0.084375 0.255371 0.0835937 0.256348 0.0835937 0.256836 0.0832031 0.257324 0.0832031 0.259766 0.0828125 0.260254 0.0828125 0.262695 0.0835937 0.263672 0.0851563 0.263672 0.0855469 0.263184 0.0859375 0.263184 0.0867187 0.262207 0.0871094 0.262207 0.0878906 0.26123 0.0878906 0.260742 0.0894531 0.258789 0.0894531 0.257812 0.0898438 0.257324 0.0898438 0.256348 0.090625 0.255371 0.090625 0.248535 0.0902344 0.248047 0.0902344 0.24707 0.0898438 0.246582 0.0898438 0.246094 0.0871094 0.242676 0.0867187 0.242676 0.0851563 0.240723 0.0847656 0.240723 0.0835937 0.239258 0.0824219 0.239258 0.0820312 0.23877 0.0816406 0.23877 0.08125 0.238281 0.0804688 0.238281 0.0796875 0.237305
1 0.517578 0.0825195 0.516797 0.0834961 0.516797 0.0839844 0.516406 0.0844727 0.516406 0.09375 0.516797 0.0942383 0.516797 0.0952148 0.517188 0.0957031 0.517188 0.0961914 0.517578 0.0966797 0.517578 0.121094 0.517188 0.121582 0.517188 0.126953 0.517969 0.12793 0.519531 0.12793 0.520312 0.126953 0.520312 0.124023 0.520703 0.123535 0.520703 0.120117 0.521094 0.119629 0.521094 0.119141 0.521484 0.118652 0.521484 0.117188 0.521875 0.116699 0.521875 0.114746 0.522266 0.114258 0.522266 0.113281 0.522656 0.112793 0.522656 0.0961914 0.521875 0.0952148 0.521875 0.0942383 0.521484 0.09375 0.521484 0.0932617 0.520703 0.0922852 0.520703 0.0908203 0.520312 0.090332 0.520312 0.0898438 0.519922 0.0893555 0.519922 0.0883789 0.519531 0.0878906 0.519531 0.0859375 0.519922 0.0854492 0.519922 0.0834961 0.519141 0.0825195
1 0.228516 0.169922 0.228125 0.17041 0.228125 0.172852 0.232031 0.177734 0.232031 0.178223 0.239063 0.187012 0.239063 0.1875 0.246484 0.196777 0.246484 0.197266 0.253906 0.206543 0.253906 0.207031 0.260937 0.21582 0.260937 0.216309 0.268359 0.225586 0.268359 0.226074 0.275391 0.234863 0.275391 0.235352 0.282813 0.244629 0.282813 0.245117 0.290234 0.254395 0.290234 0.254883 0.297266 0.263672 0.297266 0.26416 0.304688 0.273438 0.304688 0.273926 0.311719 0.282715 0.311719 0.283203 0.319141 0.29248 0.319141 0.292969 0.326172 0.301758 0.326172 0.302246 0.333594 0.311523 0.333594 0.312012 0.341016 0.321289 0.341016 0.321777 0.348047 0.330566 0.348047 0.331055 0.355469 0.340332 0.355469 0.34082 0.3625 0.349609 0.3625 0.350098 0.369922 0.359375 0.369922 0.359863 0.377344 0.369141 0.377344 0.369629 0.384375 0.378418 0.384375 0.378906 0.391797 0.388184 0.391797 0.388672 0.398828 0.397461 0.398828 0.397949 0.40625 0.407227 0.40625 0.407715 0.413281 0.416504 0.413281 0.416992 0.420703 0.42627 0.420703 0.426758 0.428125 0.436035 0.428125 0.436523 0.435156 0.445312 0.435156 0.445801 0.442578 0.455078 0.442578 0.455566 0.449609 0.464355 0.449609 0.464844 0.457031 0.474121 0.457031 0.474609 0.464453 0.483887 0.464453 0.484375 0.471484 0.493164 0.471484 0.493652 0.478906 0.50293 0.478906 0.503418 0.485938 0.512207 0.485938 0.512695 0.493359 0.521973 0.493359 0.522461 0.500781 0.531738 0.500781 0.532227 0.507812 0.541016 0.507812 0.541504 0.515234 0.550781 0.515234 0.55127 0.522266 0.560059 0.522266 0.560547 0.529687 0.569824 0.529687 0.570312 0.536719 0.579102 0.536719 0.57959 0.544141 0.588867 0.544141 0.589355 0.551562 0.598633 0.551562 0.599121 0.558594 0.60791 0.558594 0.608398 0.564063 0.615234 0.564453 0.615234 0.564844 0.615723 0.565625 0.615723 0.566797 0.614258 0.566797 0.613281 0.566406 0.612793 0.566406 0.612305 0.560937 0.605469 0.560937 0.60498 0.553516 0.595703 0.553516 0.595215 0.546094 0.585938 0.546094 0.585449 0.539062 0.57666 0.539062 0.576172 0.531641 0.566895 0.531641 0.566406 0.524219 0.557129 0.524219 0.556641 0.517188 0.547852 0.517188 0.547363 0.509766 0.538086 0.509766 0.537598 0.502344 0.52832 0.502344 0.527832 0.494922 0.518555 0.494922 0.518066 0.487891 0.509277 0.487891 0.508789 0.480469 0.499512 0.480469 0.499023 0.473047 0.489746 0.473047 0.489258 0.466016 0.480469 0.466016 0.47998 0.458594 0.470703 0.458594 0.470215 0.451172 0.460938 0.451172 0.460449 0.444141 0.45166 0.444141 0.451172 0.436719 0.441895 0.436719 0.441406 0.429297 0.432129 0.429297 0.431641 0.422266 0.422852 0.422266 0.422363 0.414844 0.413086 0.414844 0.412598 0.407422 0.40332 0.407422 0.402832 0.400391 0.394043 0.400391 0.393555 0.392969 0.384277 0.392969 0.383789 0.385547 0.374512 0.385547 0.374023 0.378516 0.365234 0.378516 0.364746 0.371094 0.355469 0.371094 0.35498 0.363672 0.345703 0.363672 0.345215 0.35625 0.335938 0.35625 0.335449 0.349219 0.32666 0.349219 0.326172 0.341797 0.316895 0.341797 0.316406 0.334375 0.307129 0.334375 0.306641 0.327344 0.297852 0.327344 0.297363 0.319922 0.288086 0.319922 0.287598 0.3125 0.27832 0.3125 0.277832 0.305469 0.269043 0.305469 0.268555 0.298047 0.259277 0.298047 0.258789 0.290625 0.249512 0.290625 0.249023 0.283594 0.240234 0.283594 0.239746 0.276172 0.230469 0.276172 0.22998 0.26875 0.220703 0.26875 0.220215 0.261719 0.211426 0.261719 0.210938 0.254297 0.20166 0.254297 0.201172 0.246875 0.191895 0.246875 0.191406 0.239453 0.182129 0.239453 0.181641 0.232422 0.172852 0.232422 0.172363 0.230469 0.169922
