1 0.554688 0.806152 0.555078 0.812988 0.560547 0.819336 0.575781 0.827637 0.579688 0.825684 0.580078 0.822266 0.576953 0.814941 0.56875 0.806641 0.560937 0.803223 0.55625 0.804199
1 0.321094 0.722656 0.318359 0.723633 0.317188 0.726562 0.316406 0.740723 0.318359 0.750977 0.322266 0.752441 0.325391 0.748047 0.326562 0.729492 0.324609 0.724609
1 0.291797 0.777344 0.287109 0.778809 0.282813 0.783691 0.276562 0.801758 0.278125 0.806641 0.284766 0.804688 0.291406 0.794434 0.293359 0.788086 0.293359 0.779297
1 0.317188 0.835449 0.314063 0.833984 0.310156 0.835938 0.299609 0.845703 0.294922 0.852539 0.294141 0.859375 0.301563 0.861328 0.310547 0.857422 0.317969 0.842773
1 0.341406 0.810059 0.3375 0.810547 0.330469 0.817383 0.321094 0.82959 0.320703 0.834473 0.326172 0.836426 0.334375 0.831543 0.342578 0.818848 0.342578 0.812012
1 0.326953 0.782227 0.328516 0.788086 0.341016 0.797852 0.35 0.801758 0.353516 0.800293 0.351172 0.791016 0.344141 0.783203 0.333984 0.779297
1 0.507422 0.771973 0.498828 0.773926 0.493359 0.779297 0.489844 0.788574 0.491406 0.794922 0.494531 0.795898 0.498828 0.79248 0.508594 0.776855
1 0.544531 0.718262 0.539453 0.718262 0.532813 0.724121 0.529687 0.733887 0.530078 0.739746 0.533984 0.740234 0.545312 0.724609
1 0.148047 0.282715 0.148828 0.287598 0.158594 0.303223 0.165625 0.308105 0.168359 0.307129 0.167578 0.29834 0.162891 0.289551 0.154688 0.282715
1 0.119922 0.18457 0.119922 0.189453 0.125391 0.198242 0.135156 0.203613 0.139844 0.204102 0.142578 0.202148 0.142187 0.197754 0.135156 0.188477 0.123828 0.182129
1 0.146875 0.11084 0.145313 0.113281 0.145313 0.117188 0.15 0.135254 0.153906 0.13623 0.15625 0.127441 0.155078 0.118652 0.151562 0.112793
1 0.701953 0.780273 0.696484 0.78418 0.689844 0.805664 0.689844 0.814453 0.693359 0.817871 0.699219 0.816895 0.702344 0.811035 0.704688 0.786621
1 0.759375 0.731934 0.762109 0.737305 0.770312 0.739746 0.779297 0.739746 0.784375 0.736816 0.784375 0.73291 0.780859 0.727539 0.774609 0.725098 0.764062 0.727051
1 0.856641 0.643066 0.853516 0.645996 0.852734 0.662598 0.854297 0.668945 0.858203 0.671875 0.862891 0.666992 0.863672 0.655762 0.861328 0.647461
1 0.764453 0.578613 0.761328 0.576172 0.755078 0.576172 0.747266 0.579102 0.742578 0.583008 0.741797 0.589355 0.74375 0.592285 0.748047 0.592285 0.761719 0.585449 0.764453 0.581543
1 0.744922 0.48877 0.739844 0.494141 0.733594 0.509766 0.733594 0.515137 0.735547 0.518555 0.741016 0.51416 0.746875 0.499023 0.746875 0.490723
1 0.705859 0.421875 0.701562 0.424805 0.698828 0.43457 0.697266 0.456543 0.699609 0.458984 0.703125 0.458008 0.707031 0.453613 0.710547 0.443359 0.710156 0.430664
1 0.665234 0.413574 0.662109 0.416016 0.660937 0.419434 0.661719 0.428223 0.666406 0.436523 0.670703 0.44043 0.675 0.441406 0.677344 0.439453 0.678125 0.435547 0.675391 0.423828 0.670312 0.415527
1 0.654297 0.435059 0.649219 0.437012 0.64375 0.450684 0.643359 0.461914 0.646875 0.467285 0.651563 0.46582 0.655469 0.45752 0.657031 0.440918
1 0.61875 0.404297 0.614453 0.411133 0.616016 0.42334 0.61875 0.431641 0.622266 0.436035 0.626563 0.436523 0.629297 0.431641 0.628906 0.420898 0.624219 0.408203
1 0.603516 0.465332 0.599609 0.465332 0.592578 0.471191 0.589453 0.478516 0.589453 0.483887 0.591016 0.487305 0.595313 0.487305 0.601562 0.474609
1 0.603125 0.549805 0.598047 0.551758 0.595313 0.556641 0.594141 0.562988 0.594922 0.574219 0.598828 0.578613 0.601172 0.576172 0.605859 0.561035 0.605859 0.555176
1 0.505078 0.40332 0.502734 0.400879 0.497656 0.400879 0.494141 0.402832 0.4875 0.410645 0.485938 0.414551 0.486719 0.42041 0.491016 0.422363 0.498047 0.418457 0.504297 0.40918
1 0.335547 0.387695 0.337891 0.391602 0.346875 0.393066 0.357031 0.390625 0.359766 0.388184 0.360156 0.385254 0.355859 0.379883 0.346094 0.378906 0.337891 0.382812
1 0.442969 0.392578 0.440234 0.391113 0.430469 0.391602 0.425 0.396484 0.424219 0.401367 0.428125 0.405762 0.436719 0.405273 0.441406 0.401855 0.443359 0.398438
1 0.374219 0.471191 0.373828 0.475098 0.375391 0.479004 0.379688 0.484375 0.3875 0.486328 0.391016 0.48291 0.390625 0.478027 0.385547 0.470703 0.377734 0.469238
1 0.405859 0.524902 0.405859 0.532715 0.408984 0.536133 0.414453 0.537598 0.428516 0.536621 0.428906 0.533203 0.427734 0.53125 0.418359 0.524902 0.407813 0.521973
1 0.153516 0.663574 0.150781 0.669434 0.151562 0.689941 0.153516 0.697754 0.155469 0.699707 0.158594 0.699707 0.163281 0.69043 0.162891 0.678711 0.158203 0.666016
1 0.0449219 0.73877 0.0453125 0.748047 0.0511719 0.756836 0.0570312 0.76123 0.0613281 0.76123 0.0652344 0.758789 0.0664062 0.751465 0.0601563 0.741699 0.0523438 0.736816 0.0484375 0.736328
1 0.130469 0.637695 0.129688 0.644043 0.133594 0.654297 0.138281 0.659668 0.14375 0.661621 0.145703 0.657227 0.142578 0.646484 0.135547 0.638184
1 0.271484 0.719727 0.267578 0.71875 0.264062 0.72168 0.261328 0.72998 0.2625 0.736816 0.266797 0.736816 0.271094 0.732422 0.272656 0.728027
1 0.268359 0.678711 0.260547 0.683105 0.255078 0.689941 0.253125 0.695801 0.255078 0.701172 0.261328 0.69873 0.264844 0.694336 0.269141 0.683594
1 0.280078 0.653809 0.275781 0.65625 0.273047 0.663086 0.272266 0.675293 0.274219 0.678223 0.276562 0.677734 0.280859 0.669922 0.282031 0.659668
1 0.444531 0.862793 0.440625 0.864258 0.432422 0.876465 0.430469 0.883789 0.431641 0.890625 0.436719 0.89209 0.444141 0.88623 0.446484 0.87793 0.446484 0.868164
1 0.169141 0.45752 0.172656 0.468262 0.180859 0.475098 0.185156 0.475098 0.188281 0.47168 0.188672 0.466309 0.184766 0.461914 0.174609 0.456543
1 0.185547 0.367676 0.180859 0.371094 0.179297 0.378418 0.179297 0.394043 0.180469 0.400391 0.182031 0.401367 0.186719 0.395996 0.188281 0.385254 0.188281 0.372559
1 0.163672 0.404785 0.162109 0.40332 0.157031 0.40332 0.15 0.405762 0.142578 0.415039 0.142578 0.422363 0.147266 0.423828 0.154688 0.420898 0.162891 0.411133
1 0.0929688 0.383789 0.0898438 0.380859 0.0796875 0.382812 0.0679687 0.391602 0.0671875 0.396973 0.0753906 0.400879 0.0835937 0.398438 0.0925781 0.389648
1 0.0992187 0.351562 0.100391 0.357422 0.103906 0.362305 0.109766 0.365723 0.114062 0.365234 0.114062 0.36084 0.108203 0.353516 0.104297 0.351074
1 0.152734 0.333984 0.151172 0.331543 0.147266 0.330078 0.139844 0.331055 0.131641 0.336426 0.13125 0.341797 0.137891 0.345215 0.146484 0.34375 0.151953 0.338867
1 0.127734 0.31543 0.128125 0.321289 0.133984 0.328125 0.139453 0.32959 0.145703 0.326172 0.146094 0.321777 0.139844 0.315918 0.133203 0.313965
1 0.217578 0.348633 0.2125 0.348633 0.205469 0.353516 0.198437 0.363281 0.197266 0.370117 0.202344 0.370605 0.2125 0.362305 0.217188 0.355957
1 0.230078 0.301758 0.230859 0.305664 0.233203 0.308105 0.2375 0.30957 0.241797 0.308105 0.241406 0.303711 0.239063 0.30127 0.232031 0.299805
1 0.345703 0.302246 0.345703 0.311035 0.353125 0.320801 0.360938 0.32666 0.365625 0.327148 0.368359 0.322754 0.367578 0.317871 0.361719 0.307129 0.350391 0.299805
1 0.376953 0.290527 0.375 0.293945 0.375 0.300293 0.377734 0.310059 0.380859 0.314453 0.392578 0.31543 0.393359 0.313965 0.392188 0.312012 0.389453 0.3125 0.388281 0.311035 0.385937 0.300293 0.382031 0.291992
1 0.407813 0.322266 0.403516 0.322754 0.394922 0.331543 0.391797 0.337402 0.392578 0.345703 0.396484 0.345703 0.404297 0.336426 0.408594 0.326172
1 0.454688 0.322266 0.451172 0.322266 0.446484 0.333008 0.444531 0.348633 0.446094 0.351074 0.448047 0.351074 0.453125 0.343262 0.455859 0.330078
1 0.459375 0.344727 0.457031 0.349609 0.458594 0.36084 0.466406 0.367676 0.470703 0.369629 0.474609 0.369141 0.475 0.360352 0.465234 0.346191 0.462891 0.344238
1 0.145703 0.39209 0.145313 0.392578 0.142187 0.392578 0.141797 0.393066 0.140234 0.393066 0.139453 0.394043 0.138281 0.394043 0.137891 0.394531 0.136719 0.394531 0.136328 0.39502 0.134375 0.39502 0.133203 0.396484 0.133203 0.397461 0.132031 0.398926 0.132031 0.400879 0.133984 0.40332 0.134375 0.40332 0.135156 0.404297 0.135937 0.404297 0.136328 0.404785 0.136719 0.404785 0.137109 0.405273 0.141016 0.405273 0.141406 0.404785 0.149609 0.404785 0.15 0.404297 0.152344 0.404297 0.152734 0.403809 0.153125 0.403809 0.153516 0.40332 0.15625 0.40332 0.156641 0.402832 0.157812 0.402832 0.158203 0.402344 0.158984 0.402344 0.160938 0.399902 0.160938 0.395996 0.159766 0.394531 0.158984 0.394531 0.158594 0.394043 0.156641 0.394043 0.15625 0.393555 0.155859 0.393555 0.155469 0.393066 0.154297 0.393066 0.153906 0.392578 0.153516 0.392578 0.153125 0.39209
1 0.167187 0.0854492 0.165625 0.0874023 0.165625 0.0922852 0.174609 0.10498 0.182422 0.110352 0.183594 0.102051 0.180078 0.0913086 0.173437 0.0854492
1 0.117969 0.0678711 0.111328 0.0678711 0.103906 0.0761719 0.0992187 0.0883789 0.1 0.0942383 0.103906 0.0947266 0.107813 0.0927734 0.119922 0.0795898 0.120703 0.0717773
1 0.299609 0.125488 0.295703 0.129395 0.294141 0.135254 0.295703 0.149414 0.298438 0.15332 0.303125 0.147949 0.305469 0.138672 0.304688 0.129883 0.302734 0.126465
1 0.461719 0.17627 0.458203 0.181641 0.458594 0.193848 0.463672 0.204102 0.466797 0.206543 0.470313 0.206543 0.471484 0.205078 0.471484 0.195801 0.467578 0.180664 0.464453 0.176758
1 0.494141 0.177734 0.496484 0.18457 0.501953 0.188477 0.513672 0.189453 0.517969 0.185059 0.517578 0.181152 0.515625 0.178711 0.510156 0.175781 0.5 0.174805
1 0.505078 0.123535 0.497656 0.124512 0.489453 0.133301 0.484766 0.142578 0.483984 0.150879 0.485156 0.15332 0.491016 0.154297 0.499219 0.146973 0.505859 0.131348 0.50625 0.125977
1 0.546875 0.0834961 0.539453 0.0834961 0.528516 0.0957031 0.528125 0.100586 0.530078 0.101074 0.543359 0.0932617 0.546484 0.0883789
1 0.40625 0.0219727 0.405469 0.0258789 0.409375 0.0336914 0.419141 0.0410156 0.425391 0.0415039 0.425 0.0332031 0.419922 0.0253906 0.411719 0.0205078
1 0.459766 0.050293 0.455469 0.0507812 0.447266 0.0581055 0.442578 0.0654297 0.441016 0.0727539 0.444141 0.0742188 0.451172 0.0693359 0.458984 0.0581055 0.460547 0.0537109
1 0.350781 0.0424805 0.349219 0.0458984 0.350391 0.0561523 0.360156 0.0708008 0.366406 0.0717773 0.368359 0.0683594 0.36875 0.0634766 0.365625 0.0541992 0.357422 0.043457 0.353906 0.0415039
1 0.283984 0.0483398 0.284766 0.0585938 0.289844 0.0698242 0.294922 0.0732422 0.298828 0.0727539 0.299609 0.0678711 0.29375 0.0561523 0.287891 0.0483398
1 0.0589844 0.0639648 0.05625 0.0625 0.05 0.0664062 0.0429688 0.0751953 0.0433594 0.0795898 0.0484375 0.0805664 0.053125 0.0771484 0.0582031 0.0698242
1 0.395313 0.213867 0.394141 0.215332 0.394141 0.21582 0.39375 0.216309 0.39375 0.216797 0.390625 0.220703 0.390625 0.221191 0.390234 0.22168 0.390234 0.222168 0.388281 0.224609 0.387891 0.224609 0.3875 0.225098 0.386719 0.225098 0.385156 0.227051 0.383984 0.227051 0.383203 0.228027 0.382812 0.228027 0.382031 0.229004 0.38125 0.229004 0.380469 0.22998 0.379688 0.22998 0.376953 0.233398 0.376953 0.233887 0.376172 0.234863 0.376172 0.237793 0.375391 0.23877 0.375391 0.239746 0.375 0.240234 0.375 0.246582 0.375391 0.24707 0.375391 0.247559 0.375781 0.248047 0.375781 0.248535 0.376172 0.249023 0.376172 0.25 0.376563 0.250488 0.376563 0.254395 0.377734 0.255859 0.380469 0.255859 0.382422 0.253418 0.382422 0.25293 0.382812 0.252441 0.382812 0.251953 0.383594 0.250977 0.383594 0.25 0.383984 0.249512 0.383984 0.249023 0.385156 0.247559 0.385156 0.24707 0.385547 0.246582 0.385547 0.246094 0.386719 0.244629 0.387109 0.244629 0.392969 0.237305 0.392969 0.236816 0.393359 0.236328 0.393359 0.235352 0.394141 0.234375 0.394141 0.233887 0.394531 0.233398 0.394531 0.231934 0.395703 0.230469 0.395703 0.229004 0.396484 0.228027 0.396484 0.227539 0.397266 0.226562 0.397266 0.225586 0.398438 0.224121 0.398438 0.223633 0.399219 0.222656 0.399219 0.217773 0.398438 0.216797 0.398438 0.215332 0.397266 0.213867
1 0.342578 0.0522461 0.341406 0.0537109 0.341406 0.0595703 0.341797 0.0600586 0.341797 0.0615234 0.342187 0.0620117 0.342187 0.0625 0.342969 0.0634766 0.342969 0.0654297 0.344141 0.0668945 0.344141 0.0673828 0.344531 0.0678711 0.344531 0.0683594 0.346484 0.0708008 0.346484 0.0712891 0.348047 0.0732422 0.348047 0.0737305 0.349219 0.0751953 0.349219 0.0756836 0.350391 0.0771484 0.350781 0.0771484 0.351562 0.078125 0.359766 0.078125 0.360938 0.0766602 0.360938 0.0727539 0.360156 0.0717773 0.360156 0.0708008 0.358203 0.0683594 0.357812 0.0683594 0.35625 0.0664062 0.35625 0.065918 0.355469 0.0649414 0.355469 0.0644531 0.354297 0.0629883 0.354297 0.0625 0.351562 0.059082 0.350781 0.059082 0.35 0.0581055 0.349609 0.0581055 0.348828 0.0571289 0.348438 0.0571289 0.347656 0.0561523 0.346875 0.0561523 0.345313 0.0541992 0.345313 0.0537109 0.344141 0.0522461
1 0.646875 0.0722656 0.644531 0.0751953 0.644531 0.0834961 0.649609 0.0991211 0.655078 0.103516 0.658203 0.0966797 0.657031 0.0874023 0.652734 0.0756836 0.650781 0.0732422
1 0.693359 0.0375977 0.689063 0.034668 0.677734 0.0366211 0.670312 0.0410156 0.66875 0.0458984 0.675781 0.0498047 0.685156 0.0488281 0.692578 0.043457
1 0.689063 0.171387 0.683984 0.169922 0.676172 0.17334 0.671875 0.181152 0.671484 0.189453 0.676172 0.189941 0.684766 0.182617 0.689063 0.174805
1 0.717969 0.212402 0.712109 0.211914 0.703516 0.219727 0.698828 0.229004 0.699609 0.237305 0.705859 0.237793 0.716406 0.228516 0.719922 0.217285
1 0.645703 0.290039 0.639844 0.286133 0.625781 0.287598 0.615234 0.295898 0.614453 0.302246 0.615625 0.304199 0.621484 0.306641 0.629297 0.305664 0.644531 0.294434
1 0.608594 0.320312 0.607422 0.318848 0.603125 0.318848 0.592578 0.325684 0.588672 0.331055 0.589063 0.337402 0.591016 0.339355 0.597656 0.339355 0.607031 0.334473 0.609375 0.328125
2 0.346875 0.365723 0.346484 0.366211 0.344141 0.366211 0.34375 0.366699 0.342969 0.366699 0.342578 0.367188 0.340625 0.367188 0.339844 0.368164 0.339453 0.368164 0.339062 0.368652 0.336328 0.368652 0.335938 0.369141 0.335156 0.369141 0.334766 0.369629 0.332813 0.369629 0.332422 0.370117 0.330078 0.370117 0.329688 0.370605 0.327734 0.370605 0.327344 0.371094 0.326953 0.371094 0.326562 0.371582 0.325391 0.371582 0.325 0.37207 0.324609 0.37207 0.324219 0.372559 0.323828 0.372559 0.323437 0.373047 0.322656 0.373047 0.321875 0.374023 0.321484 0.374023 0.320312 0.375488 0.319922 0.375488 0.31875 0.376953 0.31875 0.381836 0.319922 0.383301 0.322266 0.383301 0.322656 0.382812 0.323047 0.382812 0.323437 0.382324 0.323828 0.382324 0.324609 0.381348 0.325 0.381348 0.325781 0.380371 0.326172 0.380859 0.327734 0.380859 0.328125 0.380371 0.329297 0.380371 0.329688 0.379883 0.330469 0.379883 0.330859 0.379395 0.331641 0.379395 0.332031 0.378906 0.332813 0.378906 0.333203 0.378418 0.333594 0.378418 0.333984 0.37793 0.335156 0.37793 0.335547 0.377441 0.3375 0.377441 0.337891 0.376953 0.338281 0.376953 0.338672 0.376465 0.340234 0.376465 0.340625 0.375977 0.343359 0.375977 0.344141 0.375 0.345313 0.375 0.345703 0.374512 0.346484 0.374512 0.346875 0.374023 0.347656 0.374023 0.348828 0.372559 0.349609 0.372559 0.351172 0.370605 0.351172 0.367188 0.35 0.365723
2 0.308984 0.367188 0.307812 0.368652 0.307812 0.371582 0.308203 0.37207 0.308203 0.373047 0.308594 0.373535 0.308594 0.374023 0.308203 0.374512 0.308203 0.378906 0.308594 0.379395 0.308594 0.379883 0.309766 0.381348 0.309766 0.382812 0.310156 0.383301 0.310156 0.383789 0.311719 0.385742 0.311719 0.38623 0.312109 0.386719 0.312109 0.388184 0.3125 0.388672 0.3125 0.389648 0.312891 0.390137 0.312891 0.390625 0.313281 0.391113 0.313281 0.39209 0.314063 0.393066 0.314063 0.394043 0.314453 0.394531 0.314453 0.395996 0.316797 0.398926 0.31875 0.398926 0.319922 0.397461 0.319922 0.395508 0.320703 0.394531 0.320703 0.388184 0.320312 0.387695 0.320312 0.386719 0.319922 0.38623 0.319922 0.385742 0.319531 0.385254 0.319531 0.383789 0.319141 0.383301 0.319141 0.382812 0.317969 0.381348 0.317969 0.380371 0.317188 0.379395 0.317188 0.378906 0.316406 0.37793 0.316406 0.376953 0.314844 0.375 0.314844 0.374512 0.314453 0.374023 0.314453 0.373535 0.311719 0.370117 0.311719 0.368652 0.310547 0.367188
2 0.334375 0.318359 0.333203 0.319824 0.333203 0.320312 0.332813 0.320801 0.332031 0.320801 0.331641 0.321289 0.33125 0.321289 0.330469 0.322266 0.327734 0.322266 0.327344 0.322754 0.326172 0.322754 0.325781 0.323242 0.323047 0.323242 0.322656 0.32373 0.322266 0.32373 0.321875 0.324219 0.315234 0.324219 0.314844 0.324707 0.312891 0.324707 0.3125 0.325195 0.311328 0.325195 0.310156 0.32666 0.310156 0.32959 0.311328 0.331055 0.3125 0.331055 0.312891 0.331543 0.31875 0.331543 0.319141 0.331055 0.321484 0.331055 0.322266 0.330078 0.323047 0.330078 0.323437 0.32959 0.324219 0.32959 0.324609 0.329102 0.325781 0.329102 0.326562 0.328125 0.329297 0.328125 0.329688 0.327637 0.330859 0.327637 0.33125 0.327148 0.332422 0.327148 0.333203 0.326172 0.333594 0.326172 0.333984 0.325684 0.334375 0.325684 0.334766 0.325195 0.335547 0.325195 0.336719 0.32373 0.336719 0.323242 0.337109 0.322754 0.337109 0.319824 0.335938 0.318359
2 0.371875 0.36084 0.370312 0.362793 0.369922 0.362793 0.369531 0.363281 0.369141 0.363281 0.367969 0.364746 0.367969 0.368652 0.36875 0.369629 0.36875 0.370117 0.369922 0.371582 0.369922 0.372559 0.374219 0.37793 0.375 0.37793 0.376563 0.379883 0.376953 0.379883 0.377344 0.380371 0.378516 0.380371 0.379297 0.381348 0.379688 0.381348 0.38125 0.383301 0.381641 0.383301 0.382031 0.383789 0.382812 0.383789 0.384375 0.385742 0.384766 0.385742 0.385547 0.386719 0.386328 0.386719 0.386719 0.387207 0.387109 0.387207 0.387891 0.388184 0.388281 0.388184 0.388672 0.388672 0.389062 0.388672 0.389453 0.38916 0.394141 0.38916 0.394531 0.388672 0.398047 0.388672 0.399219 0.387207 0.399219 0.384766 0.397656 0.382812 0.397656 0.381348 0.395313 0.378418 0.394922 0.378418 0.394141 0.377441 0.39375 0.377441 0.392969 0.376465 0.392578 0.376465 0.391797 0.375488 0.390234 0.375488 0.3875 0.37207 0.387109 0.37207 0.386328 0.371094 0.385937 0.371094 0.385156 0.370117 0.384766 0.370117 0.384375 0.369629 0.383984 0.369629 0.382031 0.367188 0.38125 0.367188 0.380469 0.366211 0.380078 0.366211 0.378906 0.364746 0.378516 0.364746 0.378125 0.364258 0.377734 0.364258 0.376563 0.362793 0.376172 0.362793 0.375781 0.362305 0.375391 0.362305 0.375 0.361816 0.374609 0.361816 0.374219 0.361328 0.373828 0.361328 0.373437 0.36084
2 0.438672 0.371094 0.4375 0.372559 0.437109 0.372559 0.436719 0.373047 0.436328 0.373047 0.435937 0.373535 0.435156 0.373535 0.434766 0.374023 0.433984 0.374023 0.433594 0.374512 0.433203 0.374512 0.432812 0.375 0.432031 0.375 0.431641 0.375488 0.429297 0.375488 0.428906 0.375977 0.426563 0.375977 0.426172 0.376465 0.421875 0.376465 0.421484 0.376953 0.419922 0.376953 0.419531 0.377441 0.41875 0.377441 0.418359 0.37793 0.417969 0.37793 0.415625 0.380859 0.415625 0.381348 0.415234 0.381836 0.415234 0.386719 0.416406 0.388184 0.416797 0.388184 0.417187 0.388672 0.420703 0.388672 0.421094 0.388184 0.421875 0.388184 0.422266 0.387695 0.422656 0.387695 0.423047 0.387207 0.423438 0.387207 0.424219 0.38623 0.424609 0.38623 0.425 0.385742 0.425391 0.385742 0.425781 0.385254 0.426172 0.385254 0.426563 0.384766 0.426953 0.384766 0.427344 0.384277 0.427734 0.384277 0.428125 0.383789 0.428516 0.383789 0.428906 0.383301 0.429297 0.383301 0.429688 0.382812 0.430469 0.382812 0.430859 0.382324 0.432812 0.382324 0.433594 0.381348 0.435547 0.381348 0.436328 0.380371 0.437109 0.380371 0.4375 0.379883 0.437891 0.379883 0.438281 0.379395 0.438672 0.379395 0.439063 0.378906 0.439453 0.378906 0.440234 0.37793 0.441016 0.37793 0.442188 0.376465 0.442188 0.375488 0.442969 0.374512 0.442969 0.372559 0.441797 0.371094
2 0.397266 0.349609 0.396875 0.350098 0.396484 0.350098 0.395313 0.351562 0.39375 0.351562 0.392578 0.353027 0.392578 0.35498 0.39375 0.356445 0.394141 0.356445 0.395313 0.35791 0.396094 0.35791 0.396484 0.358398 0.397656 0.358398 0.398438 0.359375 0.399219 0.359375 0.399609 0.359863 0.4 0.359863 0.400391 0.360352 0.401172 0.360352 0.401562 0.36084 0.402344 0.36084 0.402734 0.361328 0.403125 0.361328 0.403906 0.362305 0.404297 0.362305 0.405078 0.363281 0.40625 0.363281 0.407031 0.364258 0.407422 0.364258 0.407813 0.364746 0.408203 0.364746 0.408594 0.365234 0.409766 0.365234 0.410547 0.366211 0.410938 0.366211 0.411328 0.366699 0.412109 0.366699 0.4125 0.367188 0.414062 0.367188 0.414453 0.367676 0.414844 0.367676 0.415234 0.368164 0.416016 0.368164 0.417578 0.370117 0.41875 0.370117 0.419141 0.370605 0.419922 0.370605 0.420312 0.371094 0.421484 0.371094 0.421875 0.371582 0.422266 0.371582 0.422656 0.37207 0.425 0.37207 0.425391 0.372559 0.428906 0.372559 0.429297 0.37207 0.43125 0.37207 0.432031 0.371094 0.433203 0.371094 0.433594 0.370605 0.433984 0.370605 0.434375 0.370117 0.437109 0.370117 0.4375 0.369629 0.438281 0.369629 0.438672 0.369141 0.439453 0.369141 0.440625 0.367676 0.440625 0.365723 0.439453 0.364258 0.431641 0.364258 0.43125 0.364746 0.428906 0.364746 0.426953 0.362305 0.425391 0.362305 0.425 0.361816 0.423438 0.361816 0.421484 0.359375 0.420703 0.359375 0.419141 0.357422 0.418359 0.357422 0.417969 0.356934 0.417578 0.356934 0.417187 0.356445 0.416797 0.356445 0.416016 0.355469 0.415234 0.355469 0.414844 0.35498 0.414062 0.35498 0.413672 0.354492 0.413281 0.354492 0.4125 0.353516 0.411328 0.353516 0.410547 0.352539 0.409766 0.352539 0.409375 0.352051 0.408594 0.352051 0.408203 0.351562 0.407813 0.351562 0.407422 0.351074 0.407031 0.351074 0.406641 0.350586 0.404687 0.350586 0.404297 0.350098 0.403906 0.350098 0.403516 0.349609
2 0.451172 0.275391 0.45 0.276855 0.45 0.277832 0.449609 0.27832 0.449609 0.280762 0.45 0.28125 0.45 0.282227 0.450391 0.282715 0.450391 0.286133 0.450781 0.286621 0.450781 0.291992 0.45 0.292969 0.45 0.293457 0.449609 0.293945 0.449609 0.29541 0.448047 0.297363 0.448047 0.297852 0.445703 0.300781 0.445703 0.30127 0.444922 0.302246 0.444922 0.303223 0.444141 0.304199 0.444141 0.304688 0.44375 0.305176 0.44375 0.306152 0.442969 0.307129 0.442969 0.310059 0.442188 0.311035 0.442188 0.311523 0.441797 0.312012 0.441797 0.31543 0.442969 0.316895 0.444922 0.316895 0.445312 0.316406 0.445703 0.316406 0.447656 0.313965 0.447656 0.3125 0.448047 0.312012 0.448047 0.311523 0.448437 0.311035 0.448437 0.310547 0.449609 0.309082 0.449609 0.308594 0.452344 0.305176 0.452344 0.304688 0.454297 0.302246 0.454297 0.30127 0.455078 0.300293 0.455078 0.298828 0.455469 0.29834 0.455469 0.297363 0.455859 0.296875 0.455859 0.280273 0.455078 0.279297 0.455078 0.278809 0.454297 0.277832 0.454297 0.276855 0.453125 0.275391
2 0.780078 0.361816 0.778906 0.363281 0.778906 0.365234 0.778125 0.366211 0.778125 0.368164 0.779297 0.369629 0.779687 0.369629 0.78125 0.371582 0.781641 0.371582 0.782031 0.37207 0.782422 0.37207 0.783203 0.373047 0.783203 0.373535 0.784375 0.375 0.784766 0.375 0.785937 0.376465 0.785937 0.376953 0.787109 0.378418 0.787891 0.378418 0.788672 0.379395 0.789453 0.379395 0.791016 0.381348 0.791406 0.381348 0.792188 0.382324 0.795703 0.382324 0.796094 0.381836 0.796484 0.381836 0.796875 0.382324 0.802734 0.382324 0.803906 0.380859 0.803906 0.376953 0.802344 0.375 0.801562 0.375 0.801172 0.374512 0.801172 0.374023 0.8 0.372559 0.798828 0.372559 0.798438 0.37207 0.798047 0.37207 0.797266 0.371094 0.796875 0.371094 0.794531 0.368164 0.792188 0.368164 0.790234 0.365723 0.789062 0.365723 0.788672 0.365234 0.788281 0.365234 0.787891 0.364746 0.7875 0.364746 0.787109 0.364258 0.786328 0.364258 0.785937 0.36377 0.784375 0.36377 0.783594 0.362793 0.782813 0.362793 0.782422 0.362305 0.782031 0.362305 0.781641 0.361816
2 0.458984 0.308594 0.457813 0.310059 0.457813 0.3125 0.458203 0.312988 0.458203 0.313477 0.458594 0.313965 0.458594 0.314941 0.458984 0.31543 0.458984 0.316406 0.459766 0.317383 0.459766 0.318359 0.460156 0.318848 0.460156 0.319336 0.460547 0.319824 0.460547 0.320801 0.460938 0.321289 0.460938 0.322754 0.461328 0.323242 0.461328 0.324707 0.462109 0.325684 0.462109 0.32666 0.462891 0.327637 0.462891 0.337402 0.463281 0.337891 0.463281 0.344727 0.463672 0.345215 0.463672 0.346191 0.464844 0.347656 0.464844 0.348633 0.467578 0.352051 0.467969 0.352051 0.469922 0.354492 0.471875 0.354492 0.472266 0.35498 0.473828 0.35498 0.474219 0.355469 0.477344 0.355469 0.478906 0.353516 0.479687 0.353516 0.48125 0.351562 0.48125 0.347656 0.479297 0.345215 0.478125 0.345215 0.477734 0.344727 0.477344 0.344727 0.476953 0.344238 0.475781 0.344238 0.475 0.343262 0.474219 0.343262 0.473438 0.342285 0.473828 0.341797 0.473828 0.335938 0.473047 0.334961 0.473047 0.334473 0.472656 0.333984 0.472656 0.332031 0.472266 0.331543 0.472266 0.331055 0.471875 0.330566 0.471875 0.330078 0.471094 0.329102 0.471094 0.327637 0.470703 0.327148 0.470703 0.32666 0.470313 0.326172 0.470313 0.325684 0.469922 0.325195 0.469922 0.324707 0.469531 0.324219 0.469531 0.32373 0.469141 0.323242 0.469141 0.322266 0.46875 0.321777 0.46875 0.320801 0.467969 0.319824 0.467969 0.318848 0.467578 0.318359 0.467578 0.317383 0.466406 0.315918 0.466406 0.314941 0.466016 0.314453 0.466016 0.312012 0.465625 0.311523 0.465625 0.311035 0.464062 0.309082 0.4625 0.309082 0.461719 0.310059 0.460547 0.308594
2 0.619141 0.205078 0.611719 0.20752 0.602734 0.219238 0.600391 0.226562 0.600391 0.22998 0.602344 0.23291 0.607422 0.231934 0.616016 0.22168 0.619922 0.211426
2 0.584766 0.239746 0.580078 0.239258 0.566797 0.255371 0.565234 0.26123 0.567578 0.26416 0.575391 0.262207 0.581641 0.256836 0.585938 0.249023
2 0.635547 0.135742 0.633203 0.137207 0.621484 0.166016 0.621875 0.173828 0.627734 0.167969 0.635938 0.151855 0.637891 0.138672
2 0.716406 0.141602 0.708984 0.140137 0.707812 0.14209 0.709375 0.158203 0.704688 0.173828 0.704297 0.183105 0.709766 0.180176 0.717187 0.163086 0.717187 0.157715 0.720313 0.151367 0.720313 0.147949
2 0.537109 0.266602 0.533984 0.263184 0.530078 0.262207 0.513672 0.263672 0.509766 0.26709 0.508594 0.272461 0.511719 0.274902 0.530469 0.274414 0.535156 0.271973
2 0.358203 0.195801 0.358984 0.200684 0.364453 0.203613 0.382031 0.204102 0.388672 0.20166 0.387891 0.197266 0.385547 0.194824 0.373047 0.191895 0.360938 0.193359
2 0.558984 0.411133 0.560156 0.414062 0.577734 0.41748 0.588281 0.416992 0.585156 0.410156 0.576953 0.40625 0.563672 0.40625 0.560547 0.407715
2 0.626563 0.453613 0.626953 0.459961 0.630859 0.467285 0.6375 0.471191 0.642969 0.470703 0.642578 0.467285 0.635156 0.458496 0.627734 0.452637
2 0.521484 0.349609 0.522266 0.357422 0.528906 0.363281 0.541797 0.365723 0.546094 0.361816 0.546094 0.35791 0.541016 0.353027 0.535937 0.352051 0.526563 0.34668 0.524219 0.34668
2 0.582422 0.375977 0.580859 0.374023 0.563672 0.374512 0.555859 0.376465 0.554297 0.380859 0.55625 0.382812 0.573047 0.384766 0.579688 0.381836
2 0.598437 0.294434 0.596094 0.291504 0.580078 0.291016 0.563281 0.294434 0.560156 0.297852 0.560156 0.299805 0.564453 0.303223 0.569922 0.303711 0.581641 0.300293 0.593359 0.299805 0.598047 0.296387
2 0.690625 0.305664 0.692187 0.30957 0.704297 0.323242 0.708203 0.325684 0.713672 0.325195 0.713672 0.320312 0.702344 0.307129 0.694141 0.304199
2 0.817969 0.416016 0.814063 0.412109 0.805859 0.414062 0.794531 0.422852 0.792969 0.427734 0.795312 0.429688 0.802344 0.428711 0.815625 0.42041
2 0.702734 0.402344 0.697656 0.40332 0.687109 0.416992 0.685937 0.42041 0.687109 0.425781 0.690234 0.426758 0.693359 0.424805 0.7 0.416504 0.701953 0.412109
2 0.684766 0.371094 0.684375 0.375977 0.689453 0.387695 0.696484 0.395996 0.701562 0.399902 0.704688 0.400391 0.705859 0.392578 0.704297 0.38916 0.689844 0.371094
2 0.620703 0.388672 0.623047 0.393555 0.631641 0.393555 0.645703 0.385742 0.647656 0.379883 0.642969 0.375977 0.636133 0.377637 0.631953 0.37832 0.624648 0.381592
2 0.629297 0.497559 0.626953 0.495605 0.603906 0.501953 0.598828 0.506348 0.598047 0.512207 0.599609 0.514648 0.607031 0.513672 0.628516 0.50293
2 0.618359 0.473633 0.618359 0.475586 0.627734 0.482422 0.631758 0.486865 0.649219 0.488281 0.654297 0.483398 0.654297 0.481445 0.650781 0.478027 0.645703 0.479004 0.631641 0.473633
2 0.780078 0.473145 0.775781 0.473145 0.768359 0.480469 0.761719 0.489258 0.762109 0.493164 0.766406 0.493652 0.774609 0.486328 0.777734 0.481445
2 0.710547 0.504883 0.711328 0.510742 0.716406 0.515625 0.721094 0.515625 0.728125 0.51123 0.728125 0.508789 0.725781 0.505371 0.720313 0.502441 0.7125 0.501465
2 0.735547 0.521973 0.733984 0.524902 0.733594 0.543457 0.734375 0.556641 0.737109 0.55957 0.740234 0.558594 0.741797 0.555176 0.742188 0.538086 0.740234 0.527832 0.737891 0.522949
2 0.601562 0.444336 0.601172 0.444824 0.598437 0.444824 0.597266 0.446289 0.596484 0.446289 0.596094 0.446777 0.595703 0.446777 0.594531 0.448242 0.592969 0.448242 0.592578 0.44873 0.591797 0.44873 0.590625 0.450195 0.589844 0.450195 0.589063 0.451172 0.588281 0.451172 0.5875 0.452148 0.586328 0.452148 0.585547 0.453125 0.585156 0.453125 0.584766 0.453613 0.584375 0.453613 0.583203 0.455078 0.583203 0.455566 0.582812 0.456055 0.582812 0.460449 0.584766 0.462891 0.585547 0.462891 0.585938 0.463379 0.593359 0.463379 0.59375 0.462891 0.594141 0.462891 0.594531 0.462402 0.594922 0.462402 0.595703 0.461426 0.596094 0.461426 0.596875 0.460449 0.597266 0.460449 0.599219 0.458008 0.599609 0.458008 0.601172 0.456055 0.601562 0.456055 0.602344 0.455078 0.602734 0.455078 0.605469 0.45166 0.605469 0.446777 0.605078 0.446289 0.605078 0.445801 0.603906 0.444336
2 0.571875 0.453125 0.570703 0.45459 0.570703 0.456543 0.572266 0.458496 0.572266 0.458984 0.573047 0.459961 0.573047 0.460449 0.573438 0.460938 0.573438 0.461914 0.573828 0.462402 0.573828 0.463379 0.574219 0.463867 0.574219 0.464355 0.574609 0.464844 0.574609 0.465332 0.575 0.46582 0.575 0.466309 0.575391 0.466797 0.575391 0.467773 0.575781 0.468262 0.575781 0.46875 0.576172 0.469238 0.576172 0.470703 0.576562 0.471191 0.576562 0.47168 0.576953 0.472168 0.576953 0.473633 0.577344 0.474121 0.577344 0.475586 0.577734 0.476074 0.577734 0.476562 0.578125 0.477051 0.578125 0.477539 0.579297 0.479004 0.580859 0.479004 0.58125 0.478516 0.581641 0.478516 0.583203 0.476562 0.583203 0.476074 0.583984 0.475098 0.583984 0.474121 0.584375 0.473633 0.584375 0.466309 0.583594 0.465332 0.583594 0.463379 0.582812 0.462402 0.582812 0.461914 0.581641 0.460449 0.581641 0.459961 0.58125 0.459473 0.58125 0.458984 0.580859 0.458496 0.580859 0.458008 0.579688 0.456543 0.579297 0.456543 0.576953 0.453613 0.574219 0.453613 0.573828 0.453125
2 0.555859 0.466309 0.554688 0.467773 0.554688 0.469727 0.555078 0.470215 0.554688 0.470703 0.554688 0.472656 0.555859 0.474121 0.557031 0.474121 0.559375 0.477051 0.560156 0.477051 0.560937 0.478027 0.561328 0.478027 0.5625 0.479492 0.563281 0.479492 0.563672 0.47998 0.564063 0.47998 0.564844 0.480957 0.565234 0.480957 0.565625 0.481445 0.566016 0.481445 0.566406 0.481934 0.566797 0.481934 0.567187 0.482422 0.567578 0.482422 0.56875 0.483887 0.569141 0.483887 0.570312 0.485352 0.570703 0.485352 0.571094 0.48584 0.573438 0.48584 0.574609 0.484375 0.574609 0.482422 0.573828 0.481445 0.573828 0.480957 0.573047 0.47998 0.573047 0.479492 0.570312 0.476074 0.569922 0.476074 0.569531 0.475586 0.569141 0.475586 0.567187 0.473145 0.566797 0.473145 0.566016 0.472168 0.565625 0.472168 0.564844 0.471191 0.564453 0.471191 0.562891 0.469238 0.5625 0.469238 0.560547 0.466797 0.559766 0.466797 0.559375 0.466309
2 0.505859 0.495117 0.505469 0.495605 0.504297 0.495605 0.503516 0.496582 0.501563 0.496582 0.501172 0.49707 0.500391 0.49707 0.499609 0.498047 0.498828 0.498047 0.498047 0.499023 0.496875 0.499023 0.496484 0.499512 0.494922 0.499512 0.49375 0.500977 0.493359 0.500977 0.492578 0.501953 0.491406 0.501953 0.491016 0.502441 0.490234 0.502441 0.489844 0.50293 0.489453 0.50293 0.488672 0.503906 0.488281 0.503906 0.4875 0.504883 0.487109 0.504883 0.486719 0.505371 0.485938 0.505371 0.485547 0.505859 0.485156 0.505859 0.484766 0.506348 0.483984 0.506348 0.482812 0.507812 0.482812 0.508301 0.482031 0.509277 0.482031 0.516113 0.482812 0.51709 0.482812 0.517578 0.483203 0.518066 0.483203 0.518555 0.484375 0.52002 0.484766 0.52002 0.486719 0.522461 0.490234 0.522461 0.491797 0.520508 0.492578 0.520508 0.494141 0.518555 0.494531 0.518555 0.496875 0.515625 0.497656 0.515625 0.498828 0.51416 0.498828 0.513672 0.499219 0.513184 0.5 0.513184 0.501563 0.51123 0.501563 0.510742 0.501953 0.510254 0.502734 0.510254 0.507422 0.504395 0.507812 0.504395 0.508984 0.50293 0.509375 0.50293 0.510547 0.501465 0.510547 0.499023 0.509375 0.497559 0.509375 0.496582 0.508203 0.495117
2 0.529687 0.461426 0.528516 0.462891 0.528516 0.464844 0.529687 0.466309 0.530078 0.466309 0.530859 0.467285 0.531641 0.467285 0.532031 0.467773 0.532031 0.468262 0.532422 0.46875 0.532422 0.469238 0.535156 0.472656 0.535156 0.473145 0.537891 0.476562 0.538281 0.476562 0.539062 0.477539 0.539062 0.478516 0.540625 0.480469 0.540625 0.480957 0.541797 0.482422 0.541797 0.483398 0.542578 0.484375 0.542578 0.486328 0.542969 0.486816 0.542969 0.487793 0.544141 0.489258 0.545703 0.489258 0.546875 0.487793 0.546875 0.483887 0.546484 0.483398 0.546484 0.481445 0.545703 0.480469 0.545703 0.479004 0.544531 0.477539 0.544531 0.476074 0.542969 0.474121 0.542969 0.473145 0.539844 0.469238 0.538672 0.469238 0.538281 0.46875 0.538281 0.468262 0.536719 0.466309 0.536328 0.466309 0.535547 0.465332 0.535547 0.464844 0.534375 0.463379 0.533984 0.463379 0.533594 0.462891 0.533203 0.462891 0.532031 0.461426
2 0.596094 0.343262 0.594922 0.344727 0.594922 0.346191 0.594531 0.34668 0.594531 0.347168 0.594141 0.347656 0.594141 0.348633 0.59375 0.349121 0.59375 0.350098 0.592969 0.351074 0.592969 0.352051 0.592578 0.352539 0.592578 0.353027 0.592187 0.353516 0.592187 0.355469 0.591797 0.355957 0.591797 0.35791 0.591406 0.358398 0.591406 0.359863 0.591016 0.360352 0.591016 0.377441 0.591406 0.37793 0.591406 0.378906 0.591797 0.379395 0.591797 0.380371 0.592187 0.380859 0.592187 0.381348 0.592969 0.382324 0.592969 0.384277 0.594922 0.386719 0.594922 0.387207 0.596875 0.389648 0.596875 0.390137 0.597266 0.390625 0.597266 0.391113 0.597656 0.391602 0.597656 0.39209 0.598047 0.392578 0.598047 0.393066 0.599219 0.394531 0.599609 0.394531 0.6 0.39502 0.600391 0.39502 0.601172 0.395996 0.603125 0.395996 0.603906 0.39502 0.604297 0.39502 0.605469 0.393555 0.605469 0.388184 0.603906 0.38623 0.603906 0.385742 0.603516 0.385254 0.603516 0.384766 0.603125 0.384277 0.603125 0.383789 0.602734 0.383301 0.602734 0.381836 0.601953 0.380859 0.601953 0.380371 0.601562 0.379883 0.601562 0.379395 0.601172 0.378906 0.601172 0.375488 0.600781 0.375 0.600781 0.368652 0.600391 0.368164 0.600391 0.366211 0.6 0.365723 0.6 0.362793 0.598828 0.361328 0.598828 0.36084 0.598047 0.359863 0.598047 0.352539 0.597656 0.352051 0.597656 0.351074 0.598047 0.350586 0.598047 0.350098 0.598437 0.349609 0.598437 0.349121 0.598828 0.348633 0.598828 0.348145 0.599219 0.347656 0.599219 0.344727 0.598047 0.343262
2 0.797266 0.339844 0.795703 0.341797 0.794922 0.341797 0.794141 0.342773 0.793359 0.342773 0.787891 0.349609 0.786719 0.349609 0.785547 0.351074 0.783984 0.351074 0.783203 0.352051 0.780859 0.352051 0.780469 0.352539 0.780078 0.352539 0.779687 0.353027 0.777344 0.353027 0.775 0.355957 0.775 0.35791 0.776172 0.359375 0.779687 0.359375 0.780859 0.35791 0.781641 0.35791 0.782422 0.356934 0.784375 0.356934 0.784766 0.356445 0.785156 0.356445 0.785547 0.355957 0.787891 0.355957 0.788281 0.355469 0.790625 0.355469 0.791406 0.354492 0.792578 0.354492 0.792969 0.354004 0.793359 0.354004 0.79375 0.353516 0.794531 0.353516 0.796484 0.351074 0.796484 0.350586 0.798828 0.347656 0.798828 0.347168 0.799219 0.34668 0.799219 0.346191 0.8 0.345215 0.8 0.344727 0.800391 0.344238 0.800391 0.342285 0.8 0.341797 0.8 0.341309 0.798828 0.339844
2 0.740234 0.352539 0.739062 0.354004 0.739062 0.356445 0.740234 0.35791 0.741016 0.35791 0.742578 0.359863 0.74375 0.359863 0.744141 0.360352 0.745703 0.360352 0.746875 0.361816 0.749219 0.361816 0.749609 0.362305 0.750781 0.362305 0.751172 0.362793 0.75625 0.362793 0.756641 0.362305 0.757031 0.362793 0.766016 0.362793 0.766406 0.362305 0.767188 0.362305 0.767578 0.361816 0.76875 0.361816 0.769922 0.360352 0.771484 0.360352 0.771875 0.359863 0.772266 0.359863 0.773438 0.358398 0.773438 0.356445 0.772266 0.35498 0.762109 0.35498 0.761719 0.354492 0.755859 0.354492 0.755469 0.354004 0.754297 0.354004 0.753516 0.353027 0.750781 0.353027 0.750391 0.352539
2 0.689063 0.348633 0.688672 0.349121 0.687891 0.349121 0.685547 0.352051 0.679688 0.352051 0.678906 0.353027 0.676953 0.353027 0.675391 0.35498 0.674219 0.35498 0.673828 0.355469 0.673438 0.355469 0.672266 0.356934 0.671484 0.356934 0.669922 0.358887 0.669141 0.358887 0.667578 0.36084 0.667188 0.36084 0.666016 0.362305 0.666016 0.364746 0.667188 0.366211 0.670312 0.366211 0.670703 0.365723 0.671094 0.365723 0.671484 0.365234 0.675 0.365234 0.675781 0.364258 0.676172 0.364258 0.676562 0.36377 0.680469 0.36377 0.680859 0.363281 0.682422 0.363281 0.682813 0.362793 0.685156 0.362793 0.685937 0.361816 0.686328 0.361816 0.687109 0.36084 0.687891 0.36084 0.689063 0.359375 0.691016 0.359375 0.691406 0.358887 0.692187 0.358887 0.693359 0.357422 0.69375 0.357422 0.694141 0.356934 0.694531 0.356934 0.694922 0.356445 0.695312 0.356445 0.696484 0.35498 0.696484 0.352539 0.694922 0.350586 0.694922 0.350098 0.69375 0.348633
2 0.580859 0.337891 0.578516 0.34082 0.578516 0.341797 0.576562 0.344238 0.576562 0.345215 0.575781 0.346191 0.575781 0.349609 0.574609 0.351074 0.574609 0.353027 0.574219 0.353516 0.574219 0.354004 0.573828 0.354492 0.573828 0.365234 0.575391 0.367188 0.578516 0.367188 0.578906 0.366699 0.579297 0.366699 0.580078 0.365723 0.580469 0.365723 0.581641 0.364258 0.581641 0.363281 0.582422 0.362305 0.582422 0.36084 0.582812 0.360352 0.582812 0.359375 0.583203 0.358887 0.583203 0.356934 0.584375 0.355469 0.584375 0.354492 0.584766 0.354004 0.584766 0.352539 0.585156 0.352051 0.585156 0.351562 0.585938 0.350586 0.585938 0.349121 0.587109 0.347656 0.587109 0.341309 0.585938 0.339844 0.585547 0.339844 0.584375 0.338379 0.583594 0.338379 0.583203 0.337891
2 0.530078 0.553711 0.528516 0.555664 0.528125 0.555664 0.526953 0.557129 0.526953 0.557617 0.524609 0.560547 0.524609 0.561035 0.524219 0.561523 0.524219 0.562012 0.523828 0.5625 0.523828 0.564453 0.523438 0.564941 0.523438 0.568848 0.525 0.570801 0.527344 0.570801 0.527734 0.570312 0.528125 0.570801 0.530078 0.570801 0.53125 0.569336 0.53125 0.568848 0.531641 0.568359 0.531641 0.567871 0.534375 0.564453 0.535547 0.564453 0.535937 0.563965 0.539844 0.563965 0.541016 0.56543 0.541406 0.56543 0.542578 0.566895 0.542578 0.567383 0.542969 0.567871 0.542969 0.568359 0.543359 0.568848 0.543359 0.569336 0.54375 0.569824 0.54375 0.570312 0.544531 0.571289 0.544531 0.571777 0.544922 0.572266 0.544922 0.572754 0.546094 0.574219 0.546094 0.575195 0.547266 0.57666 0.547266 0.577148 0.55 0.580566 0.551172 0.580566 0.551562 0.581055 0.557813 0.581055 0.558984 0.57959 0.558984 0.577148 0.559375 0.57666 0.559375 0.570312 0.558984 0.569824 0.558984 0.568359 0.557422 0.566406 0.557422 0.565918 0.555469 0.563477 0.555078 0.563477 0.553906 0.562012 0.553516 0.562012 0.552734 0.561035 0.551953 0.561035 0.550391 0.559082 0.549219 0.559082 0.548828 0.558594 0.548438 0.558594 0.548047 0.558105 0.547656 0.558105 0.547266 0.557617 0.546875 0.557617 0.546094 0.556641 0.545703 0.556641 0.544922 0.555664 0.544141 0.555664 0.543359 0.554688 0.542578 0.554688 0.542188 0.554199 0.541797 0.554199 0.541406 0.553711
2 0.617969 0.586914 0.615625 0.589844 0.615625 0.590332 0.613281 0.593262 0.613281 0.59375 0.611719 0.595703 0.611719 0.596191 0.611328 0.59668 0.611328 0.597168 0.609375 0.599609 0.608984 0.599609 0.607031 0.602051 0.607031 0.602539 0.604297 0.605957 0.604297 0.606934 0.603906 0.607422 0.603906 0.60791 0.603516 0.608398 0.603516 0.610352 0.604688 0.611816 0.607031 0.611816 0.607812 0.61084 0.608203 0.61084 0.610156 0.608398 0.610547 0.608398 0.615625 0.602051 0.615625 0.601562 0.617188 0.599609 0.617188 0.599121 0.617969 0.598145 0.617969 0.597656 0.618359 0.597168 0.618359 0.59668 0.61875 0.596191 0.61875 0.595703 0.619531 0.594727 0.619531 0.594238 0.620313 0.593262 0.620313 0.592773 0.621484 0.591309 0.621484 0.589355 0.619531 0.586914
2 0.626563 0.570801 0.625391 0.572266 0.625391 0.576172 0.625781 0.57666 0.625781 0.577148 0.626172 0.577637 0.626172 0.578125 0.626563 0.578613 0.626563 0.579102 0.626953 0.57959 0.626953 0.580566 0.627734 0.581543 0.627734 0.583008 0.628125 0.583496 0.628125 0.583984 0.628516 0.584473 0.628516 0.585938 0.629297 0.586914 0.629297 0.589844 0.629687 0.590332 0.629687 0.59082 0.630078 0.591309 0.630078 0.593262 0.630469 0.59375 0.630469 0.594238 0.630859 0.594727 0.630859 0.598145 0.631641 0.599121 0.631641 0.600098 0.632422 0.601074 0.632422 0.603027 0.632812 0.603516 0.632812 0.604004 0.635547 0.607422 0.6375 0.607422 0.637891 0.60791 0.639844 0.60791 0.641016 0.606445 0.641016 0.604492 0.640234 0.603516 0.640234 0.603027 0.639844 0.602539 0.639844 0.602051 0.639453 0.601562 0.639453 0.600098 0.638672 0.599121 0.638672 0.597168 0.638281 0.59668 0.638281 0.596191 0.637891 0.595703 0.637891 0.594238 0.6375 0.59375 0.6375 0.593262 0.637109 0.592773 0.637109 0.591797 0.636328 0.59082 0.636328 0.588379 0.635938 0.587891 0.635938 0.587402 0.635547 0.586914 0.635547 0.585449 0.635156 0.584961 0.635156 0.584473 0.633984 0.583008 0.633984 0.582031 0.632422 0.580078 0.632422 0.579102 0.631641 0.578125 0.631641 0.577148 0.630469 0.575684 0.630078 0.575684 0.629687 0.575195 0.629687 0.574707 0.629297 0.574219 0.629297 0.572266 0.628125 0.570801
2 0.505078 0.521484 0.504687 0.521973 0.504297 0.521973 0.500391 0.526855 0.5 0.526855 0.499219 0.527832 0.498437 0.527832 0.498047 0.52832 0.497656 0.52832 0.497266 0.528809 0.496484 0.528809 0.496094 0.529297 0.495312 0.529297 0.494531 0.530273 0.494141 0.530273 0.49375 0.530762 0.493359 0.530762 0.492969 0.53125 0.491797 0.53125 0.491406 0.531738 0.491016 0.531738 0.490625 0.532227 0.490234 0.532227 0.489844 0.532715 0.487891 0.532715 0.487109 0.533691 0.486328 0.533691 0.485547 0.534668 0.485156 0.534668 0.484766 0.535156 0.483594 0.535156 0.483203 0.535645 0.482812 0.535645 0.482422 0.536133 0.482031 0.536133 0.481641 0.536621 0.48125 0.536621 0.480078 0.538086 0.479687 0.538086 0.476953 0.541504 0.476953 0.54248 0.476172 0.543457 0.476172 0.54834 0.478125 0.550781 0.480469 0.550781 0.481641 0.549316 0.481641 0.548828 0.483594 0.546387 0.485156 0.546387 0.485547 0.545898 0.486719 0.545898 0.4875 0.544922 0.488281 0.544922 0.489063 0.543945 0.490625 0.543945 0.491406 0.542969 0.491797 0.542969 0.493359 0.541016 0.494922 0.541016 0.495703 0.540039 0.496484 0.540039 0.496875 0.539551 0.498047 0.539551 0.498828 0.538574 0.499219 0.538574 0.500781 0.536621 0.501172 0.536621 0.504687 0.532227 0.504687 0.531738 0.505859 0.530273 0.505859 0.529785 0.50625 0.529297 0.50625 0.528809 0.506641 0.52832 0.506641 0.526855 0.507031 0.526367 0.507422 0.526367 0.508594 0.524902 0.508594 0.522949 0.507422 0.521484
2 0.461328 0.470215 0.460156 0.47168 0.460156 0.473633 0.467578 0.48291 0.467969 0.48291 0.46875 0.483887 0.469141 0.483887 0.469922 0.484863 0.470313 0.484863 0.472656 0.487793 0.473047 0.487793 0.473828 0.48877 0.480469 0.48877 0.480859 0.489258 0.484375 0.489258 0.484766 0.48877 0.485156 0.48877 0.485547 0.489258 0.490625 0.489258 0.491797 0.487793 0.491797 0.485352 0.490625 0.483887 0.490234 0.483887 0.489844 0.483398 0.489453 0.483398 0.488281 0.481934 0.4875 0.481934 0.486719 0.480957 0.485938 0.480957 0.485156 0.47998 0.483984 0.47998 0.483594 0.479492 0.483203 0.479492 0.482812 0.479004 0.482422 0.479004 0.482031 0.478516 0.481641 0.478516 0.48125 0.478027 0.480859 0.478027 0.480469 0.477539 0.479687 0.477539 0.479297 0.477051 0.478516 0.477051 0.477734 0.476074 0.476953 0.476074 0.476562 0.475586 0.476172 0.475586 0.475781 0.475098 0.474609 0.475098 0.474219 0.474609 0.473438 0.474609 0.473047 0.474121 0.471484 0.474121 0.469922 0.472168 0.467578 0.472168 0.466797 0.471191 0.466406 0.471191 0.466016 0.470703 0.464062 0.470703 0.463672 0.470215
2 0.441016 0.528809 0.439453 0.530762 0.439453 0.532715 0.440625 0.53418 0.441406 0.53418 0.443359 0.536621 0.44375 0.536621 0.445312 0.538574 0.445703 0.538574 0.446094 0.539062 0.446484 0.539062 0.446875 0.539551 0.447266 0.539551 0.448437 0.541016 0.448828 0.541016 0.450391 0.542969 0.450781 0.542969 0.455469 0.548828 0.455469 0.550293 0.45625 0.55127 0.45625 0.551758 0.457813 0.553711 0.460547 0.553711 0.461719 0.552246 0.461719 0.551758 0.462109 0.55127 0.462109 0.550781 0.4625 0.550293 0.4625 0.546387 0.460547 0.543945 0.460156 0.543945 0.459375 0.542969 0.458984 0.542969 0.458203 0.541992 0.457813 0.541992 0.455469 0.539062 0.455078 0.539062 0.454297 0.538086 0.454297 0.537598 0.453906 0.537109 0.453906 0.536621 0.451953 0.53418 0.451562 0.53418 0.450391 0.532715 0.45 0.532715 0.449219 0.531738 0.448437 0.531738 0.448047 0.53125 0.447656 0.53125 0.447266 0.530762 0.445703 0.530762 0.445312 0.530273 0.444922 0.530273 0.444531 0.529785 0.443359 0.529785 0.442578 0.528809
2 0.446094 0.466309 0.444922 0.467773 0.444922 0.470215 0.443359 0.472168 0.443359 0.47998 0.44375 0.480469 0.44375 0.481445 0.444141 0.481934 0.444141 0.492676 0.44375 0.493164 0.44375 0.494141 0.443359 0.494629 0.443359 0.495605 0.442578 0.496582 0.442578 0.498047 0.442188 0.498535 0.442188 0.499512 0.441797 0.5 0.441797 0.510254 0.442969 0.511719 0.44375 0.511719 0.444531 0.512695 0.444531 0.513184 0.445703 0.514648 0.447266 0.514648 0.448047 0.513672 0.448437 0.513672 0.449609 0.512207 0.449609 0.51123 0.45 0.510742 0.45 0.48877 0.449609 0.488281 0.449609 0.484375 0.449219 0.483887 0.449219 0.476562 0.448828 0.476074 0.448828 0.467773 0.447656 0.466309
2 0.3125 0.512695 0.313281 0.517578 0.320703 0.524902 0.326172 0.527344 0.33125 0.525879 0.33125 0.520996 0.327344 0.515625 0.317578 0.51123
2 0.346875 0.48291 0.348047 0.489746 0.357422 0.499512 0.3625 0.499023 0.362109 0.493164 0.356641 0.48584 0.350391 0.481934
2 0.373437 0.589844 0.369922 0.59082 0.364844 0.600586 0.363672 0.610352 0.364844 0.616699 0.369141 0.615234 0.373047 0.607422 0.374219 0.601074
2 0.380469 0.38623 0.379688 0.387207 0.378906 0.387207 0.378125 0.388184 0.376172 0.388184 0.375781 0.388672 0.374609 0.388672 0.374219 0.38916 0.373828 0.38916 0.373437 0.389648 0.370312 0.389648 0.369531 0.390625 0.36875 0.390625 0.365625 0.394531 0.365625 0.395508 0.364453 0.396973 0.364453 0.397461 0.363672 0.398438 0.363672 0.399902 0.363281 0.400391 0.363281 0.401855 0.362891 0.402344 0.362891 0.407715 0.364453 0.409668 0.366797 0.409668 0.367578 0.408691 0.367969 0.408691 0.368359 0.408203 0.369141 0.408203 0.370703 0.40625 0.371484 0.40625 0.371875 0.405762 0.373047 0.405762 0.373828 0.404785 0.374219 0.404785 0.374609 0.404297 0.376172 0.404297 0.376563 0.403809 0.378125 0.403809 0.378516 0.40332 0.379297 0.40332 0.379688 0.402832 0.380469 0.402832 0.380859 0.402344 0.383203 0.402344 0.383594 0.401855 0.387109 0.401855 0.388281 0.400391 0.388281 0.399902 0.388672 0.399414 0.388672 0.398926 0.389453 0.397949 0.389453 0.397461 0.389844 0.396973 0.389844 0.395996 0.390234 0.395508 0.390234 0.39502 0.390625 0.394531 0.390625 0.392578 0.389453 0.391113 0.387891 0.391113 0.3875 0.390625 0.386719 0.390625 0.386328 0.390137 0.385156 0.390137 0.384766 0.389648 0.384375 0.389648 0.383203 0.388184 0.383203 0.387695 0.382031 0.38623
2 0.383203 0.441406 0.382812 0.441895 0.380859 0.441895 0.380469 0.442383 0.380078 0.442383 0.379297 0.443359 0.378516 0.443359 0.378125 0.443848 0.377734 0.443848 0.376953 0.444824 0.376563 0.444824 0.376172 0.445312 0.375391 0.445312 0.374609 0.446289 0.374219 0.446289 0.373437 0.447266 0.373047 0.447266 0.372656 0.447754 0.372266 0.447754 0.371094 0.449219 0.371094 0.450195 0.370703 0.450684 0.370703 0.453125 0.371875 0.45459 0.374609 0.45459 0.375391 0.453613 0.375781 0.453613 0.376953 0.452148 0.378516 0.452148 0.378906 0.45166 0.379688 0.45166 0.380078 0.451172 0.380469 0.451172 0.380859 0.450684 0.38125 0.451172 0.383203 0.451172 0.383594 0.450684 0.384375 0.450684 0.384766 0.450195 0.387109 0.450195 0.3875 0.449707 0.388281 0.449707 0.389062 0.44873 0.389453 0.44873 0.389844 0.448242 0.390234 0.448242 0.390625 0.447754 0.391406 0.447754 0.391797 0.447266 0.39375 0.447266 0.394922 0.445801 0.394922 0.443848 0.39375 0.442383 0.390625 0.442383 0.389844 0.441406
2 0.360547 0.425293 0.359375 0.426758 0.359375 0.434082 0.358984 0.43457 0.358984 0.435059 0.358594 0.435547 0.358594 0.436035 0.358203 0.436523 0.358203 0.439453 0.357812 0.439941 0.357812 0.44043 0.357422 0.440918 0.357422 0.442871 0.357031 0.443359 0.357031 0.445801 0.356641 0.446289 0.356641 0.45166 0.35625 0.452148 0.35625 0.468262 0.357422 0.469727 0.359375 0.469727 0.360547 0.468262 0.360547 0.467773 0.360938 0.467285 0.360938 0.466309 0.361328 0.46582 0.361328 0.464844 0.361719 0.464355 0.361719 0.463867 0.362109 0.463379 0.362109 0.460938 0.3625 0.460449 0.3625 0.458008 0.363281 0.457031 0.363281 0.455566 0.364063 0.45459 0.364063 0.453613 0.364453 0.453125 0.364453 0.452148 0.364844 0.45166 0.364844 0.451172 0.365234 0.450684 0.365234 0.450195 0.365625 0.449707 0.365625 0.436523 0.365234 0.436035 0.365234 0.432617 0.364844 0.432129 0.364844 0.431152 0.364453 0.430664 0.364453 0.429199 0.363281 0.427734 0.363281 0.426758 0.362109 0.425293
2 0.476953 0.362793 0.475781 0.364258 0.475781 0.366211 0.475391 0.366699 0.475391 0.381836 0.474609 0.382812 0.474609 0.384277 0.474219 0.384766 0.474219 0.386719 0.473828 0.387207 0.473828 0.387695 0.473438 0.388184 0.473438 0.397461 0.473828 0.397949 0.473828 0.399902 0.474609 0.400879 0.474609 0.402832 0.475 0.40332 0.475 0.403809 0.476562 0.405762 0.478125 0.405762 0.479297 0.404297 0.479297 0.380859 0.479687 0.380371 0.479687 0.364258 0.478516 0.362793
2 0.40625 0.268066 0.405078 0.269531 0.405078 0.271484 0.40625 0.272949 0.409766 0.272949 0.410156 0.273438 0.411328 0.273438 0.411719 0.273926 0.4125 0.273926 0.412891 0.274414 0.413281 0.274414 0.413672 0.274902 0.414844 0.274902 0.415234 0.275391 0.415234 0.275879 0.416406 0.277344 0.420703 0.277344 0.421094 0.276855 0.421875 0.276855 0.422266 0.277344 0.425781 0.277344 0.426172 0.276855 0.43125 0.276855 0.431641 0.276367 0.433203 0.276367 0.433594 0.275879 0.436328 0.275879 0.438281 0.273438 0.438281 0.270508 0.437109 0.269043 0.436719 0.269043 0.436328 0.268555 0.435937 0.268555 0.435547 0.268066 0.413281 0.268066 0.412891 0.268555 0.411328 0.268555 0.410938 0.268066
2 0.401172 0.286621 0.399609 0.288574 0.399609 0.289551 0.398047 0.291504 0.398047 0.29248 0.397266 0.293457 0.397266 0.294434 0.396484 0.29541 0.396484 0.296387 0.396094 0.296875 0.396094 0.300781 0.395703 0.30127 0.395703 0.301758 0.395313 0.302246 0.395313 0.302734 0.394922 0.303223 0.394922 0.304199 0.394531 0.304688 0.394531 0.307617 0.394141 0.308105 0.394141 0.311035 0.39375 0.311523 0.39375 0.314941 0.394922 0.316406 0.396484 0.316406 0.397266 0.31543 0.398828 0.31543 0.4 0.313965 0.4 0.308105 0.400391 0.307617 0.400391 0.306641 0.401172 0.305664 0.401172 0.304688 0.401562 0.304199 0.401562 0.303711 0.402734 0.302246 0.402734 0.301758 0.403516 0.300781 0.403516 0.299805 0.404297 0.298828 0.404297 0.29834 0.405078 0.297363 0.405078 0.296387 0.405859 0.29541 0.405859 0.291504 0.405469 0.291016 0.405469 0.290527 0.405078 0.290039 0.405078 0.288574 0.403516 0.286621
2 0.302344 0.224121 0.301172 0.225586 0.301172 0.228027 0.303125 0.230469 0.303125 0.231934 0.304688 0.233887 0.305859 0.233887 0.30625 0.234375 0.307031 0.234375 0.308203 0.23584 0.308984 0.23584 0.309375 0.236328 0.310156 0.236328 0.310547 0.236816 0.311719 0.236816 0.312109 0.237305 0.3125 0.237305 0.312891 0.237793 0.314063 0.237793 0.314453 0.238281 0.314844 0.238281 0.315234 0.23877 0.317578 0.23877 0.318359 0.239746 0.319141 0.239746 0.319922 0.240723 0.320703 0.240723 0.321484 0.241699 0.322266 0.241699 0.322656 0.242188 0.326562 0.242188 0.328516 0.239746 0.328516 0.235352 0.328125 0.234863 0.328125 0.234375 0.326953 0.23291 0.326562 0.23291 0.325781 0.231934 0.325 0.231934 0.324219 0.230957 0.321875 0.230957 0.321484 0.230469 0.31875 0.230469 0.318359 0.22998 0.316016 0.22998 0.315625 0.229492 0.315234 0.229492 0.314844 0.229004 0.313672 0.229004 0.313281 0.228516 0.312109 0.228516 0.311719 0.228027 0.308594 0.228027 0.307812 0.227051 0.307422 0.227051 0.306641 0.226074 0.305859 0.226074 0.304297 0.224121
2 0.446484 0.229004 0.446094 0.229492 0.445312 0.229492 0.444922 0.22998 0.441406 0.22998 0.441016 0.230469 0.439063 0.230469 0.438672 0.230957 0.426953 0.230957 0.425781 0.232422 0.425781 0.236328 0.426953 0.237793 0.427344 0.237793 0.427734 0.238281 0.428516 0.238281 0.428906 0.23877 0.444531 0.23877 0.444922 0.238281 0.445312 0.238281 0.445703 0.237793 0.448047 0.237793 0.448437 0.237305 0.448828 0.237305 0.449219 0.236816 0.449609 0.236816 0.451172 0.234863 0.451172 0.230469 0.45 0.229004
2 0.364063 0.134277 0.362891 0.135742 0.362891 0.139648 0.3625 0.140137 0.3625 0.141602 0.362109 0.14209 0.362109 0.149414 0.3625 0.149902 0.3625 0.151855 0.362891 0.152344 0.362891 0.152832 0.364063 0.154297 0.364063 0.155273 0.364453 0.155762 0.364453 0.15625 0.365234 0.157227 0.365234 0.157715 0.36875 0.162109 0.36875 0.162598 0.370703 0.165039 0.371094 0.165039 0.371484 0.165527 0.371875 0.165527 0.373047 0.166992 0.373828 0.166992 0.374219 0.16748 0.382422 0.16748 0.384766 0.164551 0.384766 0.162109 0.383594 0.160645 0.38125 0.160645 0.380078 0.15918 0.378906 0.15918 0.377734 0.157715 0.377344 0.157715 0.376953 0.157227 0.376563 0.157227 0.375781 0.15625 0.375 0.15625 0.374219 0.155273 0.373047 0.155273 0.372656 0.154785 0.372656 0.154297 0.371484 0.152832 0.371484 0.152344 0.370703 0.151367 0.370703 0.150879 0.370312 0.150391 0.370312 0.149902 0.369922 0.149414 0.369922 0.148926 0.369141 0.147949 0.369141 0.14502 0.36875 0.144531 0.36875 0.143555 0.367969 0.142578 0.367969 0.140625 0.366797 0.13916 0.366797 0.135742 0.365625 0.134277
2 0.562109 0.178711 0.561328 0.179688 0.560937 0.179688 0.557422 0.184082 0.557031 0.184082 0.555469 0.186035 0.555078 0.186035 0.554297 0.187012 0.553516 0.187012 0.553125 0.1875 0.552734 0.1875 0.552344 0.187988 0.550391 0.187988 0.549219 0.189453 0.549219 0.189941 0.548828 0.19043 0.548438 0.19043 0.548047 0.190918 0.547266 0.190918 0.546094 0.192383 0.545703 0.192383 0.54375 0.194824 0.543359 0.194824 0.541016 0.197754 0.541016 0.200684 0.542188 0.202148 0.546484 0.202148 0.547266 0.201172 0.548828 0.201172 0.550781 0.19873 0.551953 0.19873 0.553125 0.197266 0.553125 0.196777 0.553906 0.195801 0.554297 0.195801 0.554688 0.195312 0.555469 0.195312 0.55625 0.194336 0.556641 0.194336 0.559766 0.19043 0.560547 0.19043 0.561719 0.188965 0.561719 0.188477 0.562109 0.187988 0.5625 0.187988 0.562891 0.1875 0.564063 0.1875 0.564453 0.187012 0.565234 0.187012 0.566016 0.186035 0.566406 0.186035 0.567578 0.18457 0.567578 0.182617 0.566406 0.181152 0.565625 0.181152 0.565234 0.180664 0.565234 0.180176 0.564063 0.178711
2 0.557422 0.203125 0.55625 0.20459 0.55625 0.206543 0.557422 0.208008 0.558594 0.208008 0.561328 0.211426 0.561719 0.211426 0.563672 0.213867 0.564063 0.213867 0.564844 0.214844 0.564844 0.216309 0.565234 0.216797 0.565234 0.218262 0.566406 0.219727 0.566406 0.220215 0.566797 0.220703 0.566797 0.221191 0.571484 0.227051 0.571875 0.227051 0.572266 0.227539 0.572656 0.227539 0.574219 0.229492 0.574609 0.229492 0.576172 0.231445 0.576953 0.231445 0.577344 0.231934 0.577734 0.231934 0.580078 0.234863 0.582031 0.234863 0.583203 0.233398 0.583203 0.230469 0.582812 0.22998 0.582812 0.229004 0.582031 0.228027 0.582031 0.226562 0.58125 0.225586 0.58125 0.225098 0.576953 0.219727 0.576562 0.219727 0.575781 0.21875 0.575781 0.218262 0.574219 0.216309 0.574219 0.21582 0.573438 0.214844 0.573438 0.214355 0.568359 0.208008 0.567969 0.208008 0.565625 0.205078 0.565234 0.205078 0.564453 0.204102 0.562891 0.204102 0.562109 0.205078 0.561328 0.204102 0.560937 0.204102 0.560156 0.203125
2 0.553125 0.135254 0.551172 0.137695 0.551172 0.138184 0.550781 0.138672 0.550781 0.140137 0.550391 0.140625 0.550391 0.141113 0.549609 0.14209 0.549609 0.158203 0.55 0.158691 0.55 0.160156 0.550391 0.160645 0.550391 0.165527 0.550781 0.166016 0.550781 0.174805 0.551172 0.175293 0.551172 0.175781 0.551953 0.176758 0.551953 0.177246 0.553125 0.178711 0.556641 0.178711 0.558594 0.17627 0.558594 0.175781 0.558984 0.175293 0.558984 0.163574 0.558594 0.163086 0.558594 0.161621 0.558203 0.161133 0.558203 0.15625 0.557813 0.155762 0.557813 0.154785 0.557422 0.154297 0.557422 0.138672 0.557031 0.138184 0.557031 0.137207 0.555859 0.135742 0.555078 0.135742 0.554688 0.135254
2 0.455469 0.146973 0.455078 0.147461 0.454297 0.147461 0.453125 0.148926 0.452734 0.148926 0.452344 0.149414 0.451953 0.149414 0.451562 0.149902 0.451172 0.149902 0.450391 0.150879 0.448047 0.150879 0.447656 0.151367 0.447266 0.151367 0.446875 0.151855 0.446484 0.151855 0.445703 0.152832 0.444922 0.152832 0.444141 0.153809 0.443359 0.153809 0.442578 0.154785 0.442188 0.154785 0.441797 0.155273 0.440234 0.155273 0.4375 0.158691 0.4375 0.15918 0.437109 0.159668 0.437109 0.161621 0.438281 0.163086 0.439844 0.163086 0.441016 0.161621 0.441406 0.161621 0.442578 0.160156 0.44375 0.160156 0.444922 0.158691 0.446094 0.158691 0.446875 0.157715 0.448047 0.157715 0.448828 0.156738 0.450781 0.156738 0.451172 0.15625 0.451562 0.15625 0.451953 0.155762 0.452734 0.155762 0.453906 0.154297 0.454297 0.154297 0.454688 0.153809 0.455469 0.153809 0.45625 0.152832 0.456641 0.152832 0.457031 0.152344 0.457813 0.152344 0.458984 0.150879 0.458984 0.148438 0.457813 0.146973
2 0.519922 0.0805664 0.519531 0.0810547 0.519141 0.0810547 0.517969 0.0825195 0.517969 0.0839844 0.517188 0.0849609 0.517188 0.0874023 0.516797 0.0878906 0.516797 0.0883789 0.516016 0.0893555 0.516016 0.0917969 0.515234 0.0927734 0.515234 0.09375 0.514844 0.0942383 0.514844 0.0976562 0.514453 0.0981445 0.514453 0.0986328 0.513672 0.0996094 0.513672 0.100586 0.513281 0.101074 0.513281 0.103516 0.512891 0.104004 0.512891 0.105469 0.5125 0.105957 0.5125 0.10791 0.512109 0.108398 0.512109 0.108887 0.511719 0.109375 0.511719 0.11084 0.510938 0.111816 0.510938 0.112305 0.510547 0.112793 0.510547 0.116699 0.511719 0.118164 0.515234 0.118164 0.517188 0.115723 0.517188 0.115234 0.518359 0.11377 0.518359 0.113281 0.519141 0.112305 0.519141 0.111328 0.519922 0.110352 0.519922 0.108398 0.520703 0.107422 0.520703 0.0976562 0.521094 0.097168 0.521094 0.0942383 0.521484 0.09375 0.521484 0.0932617 0.521875 0.0927734 0.521875 0.0917969 0.522266 0.0913086 0.522266 0.0908203 0.522656 0.090332 0.522656 0.0820312 0.521484 0.0805664
2 0.702344 0.0244141 0.701172 0.0258789 0.701172 0.027832 0.701953 0.0288086 0.701953 0.0302734 0.702734 0.03125 0.702734 0.0371094 0.703125 0.0375977 0.703125 0.0410156 0.703906 0.0419922 0.703906 0.0610352 0.705078 0.0625 0.708594 0.0625 0.713281 0.0566406 0.713281 0.0556641 0.713672 0.0551758 0.713672 0.0546875 0.714453 0.0537109 0.714453 0.0473633 0.713281 0.0458984 0.713281 0.0410156 0.7125 0.0400391 0.7125 0.0390625 0.711719 0.0380859 0.711719 0.0341797 0.711328 0.0336914 0.711328 0.0307617 0.710547 0.0297852 0.710547 0.0292969 0.709375 0.027832 0.709375 0.0273438 0.708203 0.0258789 0.705078 0.0258789 0.703906 0.0244141
2 0.764844 0.0722656 0.762891 0.074707 0.7625 0.074707 0.761328 0.0761719 0.761328 0.0776367 0.760938 0.078125 0.760938 0.0786133 0.758203 0.0820312 0.758203 0.0830078 0.757031 0.0844727 0.757031 0.0854492 0.75625 0.0864258 0.75625 0.0869141 0.755469 0.0878906 0.755469 0.0898438 0.754297 0.0913086 0.754297 0.09375 0.753516 0.0947266 0.753516 0.0952148 0.752734 0.0961914 0.752734 0.101562 0.751563 0.103027 0.751563 0.109863 0.752734 0.111328 0.75625 0.111328 0.759375 0.107422 0.759375 0.106445 0.760156 0.105469 0.760156 0.10498 0.760938 0.104004 0.760938 0.100098 0.761328 0.0996094 0.761328 0.0957031 0.762109 0.0947266 0.762109 0.0917969 0.762891 0.0908203 0.762891 0.090332 0.763281 0.0898438 0.763281 0.0893555 0.764062 0.0883789 0.764062 0.0874023 0.764844 0.0864258 0.764844 0.0830078 0.765234 0.0825195 0.765234 0.081543 0.766016 0.0805664 0.766016 0.0776367 0.766406 0.0771484 0.767578 0.0771484 0.76875 0.0756836 0.76875 0.0737305 0.767578 0.0722656
2 0.80625 0.00878906 0.804297 0.0112305 0.801562 0.0112305 0.800781 0.012207 0.800391 0.012207 0.8 0.0126953 0.797266 0.0126953 0.795703 0.0146484 0.79375 0.0146484 0.793359 0.0151367 0.792969 0.0151367 0.792188 0.0161133 0.789844 0.0161133 0.788281 0.0180664 0.787109 0.0180664 0.786719 0.0185547 0.786328 0.0185547 0.785156 0.0200195 0.785156 0.0205078 0.784766 0.0209961 0.784766 0.0229492 0.785937 0.0244141 0.789453 0.0244141 0.790234 0.0234375 0.790625 0.0234375 0.791016 0.0229492 0.792188 0.0229492 0.792969 0.0219727 0.794531 0.0219727 0.795312 0.0209961 0.796484 0.0209961 0.797656 0.0195312 0.799219 0.0195312 0.800781 0.0175781 0.801953 0.0175781 0.802344 0.0170898 0.803125 0.0170898 0.803906 0.0161133 0.805859 0.0161133 0.807031 0.0146484 0.807813 0.0146484 0.809766 0.012207 0.809766 0.0102539 0.808594 0.00878906
2 0.855859 0.0244141 0.854688 0.0258789 0.854688 0.0288086 0.855859 0.0302734 0.85625 0.0302734 0.856641 0.0307617 0.856641 0.0322266 0.857422 0.0332031 0.857422 0.0336914 0.858594 0.0351562 0.858594 0.0361328 0.859766 0.0375977 0.860156 0.0375977 0.861328 0.0390625 0.861328 0.0400391 0.863281 0.0424805 0.863672 0.0424805 0.864062 0.0429688 0.864062 0.043457 0.866016 0.0458984 0.866406 0.0458984 0.868359 0.0483398 0.869141 0.0483398 0.870313 0.0498047 0.871094 0.0498047 0.871875 0.0507812 0.872266 0.0507812 0.873047 0.0517578 0.873437 0.0517578 0.874609 0.0532227 0.875 0.0532227 0.875781 0.0541992 0.876953 0.0541992 0.877734 0.0551758 0.878125 0.0551758 0.878516 0.0556641 0.879687 0.0556641 0.88125 0.0576172 0.883203 0.0576172 0.883594 0.0581055 0.884766 0.0581055 0.885547 0.059082 0.89375 0.059082 0.895703 0.0566406 0.895703 0.0522461 0.894531 0.0507812 0.887109 0.0507812 0.885938 0.0493164 0.885547 0.0493164 0.883984 0.0473633 0.882031 0.0473633 0.880859 0.0458984 0.879297 0.0458984 0.878125 0.0444336 0.875781 0.0444336 0.874609 0.0429688 0.874219 0.0429688 0.872656 0.0410156 0.872266 0.0410156 0.871484 0.0400391 0.871094 0.0400391 0.870703 0.0395508 0.869531 0.0395508 0.867969 0.0375977 0.866797 0.0375977 0.866016 0.0366211 0.865625 0.0366211 0.864844 0.0356445 0.864453 0.0356445 0.8625 0.0332031 0.8625 0.0327148 0.861328 0.03125 0.860938 0.03125 0.860547 0.0307617 0.860547 0.0302734 0.860156 0.0297852 0.860156 0.0283203 0.858594 0.0263672 0.858594 0.0258789 0.857422 0.0244141
2 0.961719 0.0229492 0.960547 0.0244141 0.960547 0.0253906 0.959375 0.0268555 0.959375 0.03125 0.957812 0.0332031 0.957812 0.0371094 0.957422 0.0375977 0.957422 0.0390625 0.956641 0.0400391 0.956641 0.0429688 0.955859 0.0439453 0.955859 0.0454102 0.955469 0.0458984 0.955469 0.0488281 0.953906 0.0507812 0.953906 0.0625 0.954688 0.0634766 0.954688 0.0644531 0.955859 0.065918 0.958594 0.065918 0.959766 0.0644531 0.959766 0.0625 0.960547 0.0615234 0.960547 0.0585938 0.961328 0.0576172 0.961328 0.0546875 0.961719 0.0541992 0.961719 0.0493164 0.9625 0.0483398 0.9625 0.046875 0.963281 0.0458984 0.963281 0.0454102 0.964063 0.0444336 0.964063 0.0424805 0.964453 0.0419922 0.964453 0.0400391 0.964844 0.0395508 0.964844 0.0385742 0.966016 0.0371094 0.966016 0.0268555 0.965234 0.0258789 0.965234 0.0249023 0.964063 0.0234375 0.963672 0.0234375 0.963281 0.0229492
2 0.853125 0.0874023 0.852734 0.0878906 0.851953 0.0878906 0.851172 0.0888672 0.850781 0.0888672 0.848047 0.0922852 0.848047 0.0927734 0.847656 0.0932617 0.846875 0.0932617 0.845703 0.0947266 0.845703 0.0952148 0.844922 0.0961914 0.844531 0.0961914 0.843359 0.0976562 0.843359 0.0981445 0.842969 0.0986328 0.842969 0.100098 0.841406 0.102051 0.841406 0.103027 0.841016 0.103516 0.841016 0.104492 0.840234 0.105469 0.840234 0.105957 0.839453 0.106934 0.839453 0.10791 0.839063 0.108398 0.839063 0.11084 0.838281 0.111816 0.838281 0.112793 0.836328 0.115234 0.835547 0.115234 0.832812 0.118652 0.832422 0.118652 0.832031 0.119141 0.831641 0.119141 0.830859 0.120117 0.830469 0.120117 0.829688 0.121094 0.829688 0.121582 0.828906 0.122559 0.828906 0.125488 0.830859 0.12793 0.833594 0.12793 0.834375 0.126953 0.835156 0.126953 0.835938 0.125977 0.836328 0.125977 0.836719 0.125488 0.8375 0.125488 0.839844 0.122559 0.840234 0.122559 0.840625 0.12207 0.841016 0.12207 0.842578 0.120117 0.842969 0.120117 0.844141 0.118652 0.844141 0.118164 0.844922 0.117188 0.844922 0.116699 0.845313 0.116211 0.845313 0.115723 0.846875 0.11377 0.846875 0.112793 0.848047 0.111328 0.848437 0.111328 0.849609 0.109863 0.849609 0.10791 0.85 0.107422 0.85 0.106445 0.850781 0.105469 0.850781 0.103516 0.851953 0.102051 0.851953 0.101074 0.853516 0.0991211 0.853516 0.0986328 0.854688 0.097168 0.854688 0.0966797 0.855469 0.0957031 0.855469 0.0947266 0.855859 0.0942383 0.855859 0.0927734 0.857422 0.0908203 0.857422 0.0888672 0.85625 0.0874023
2 0.799219 0.178223 0.798047 0.179688 0.798047 0.180176 0.796484 0.182129 0.796484 0.182617 0.796094 0.183105 0.794922 0.183105 0.79375 0.18457 0.79375 0.185059 0.792188 0.187012 0.791797 0.187012 0.791016 0.187988 0.790625 0.187988 0.789844 0.188965 0.789844 0.189941 0.789453 0.19043 0.788672 0.19043 0.785156 0.194824 0.784766 0.194824 0.783984 0.195801 0.783984 0.196289 0.782031 0.19873 0.782031 0.206543 0.782813 0.20752 0.782813 0.208008 0.783203 0.208496 0.783203 0.210449 0.785156 0.212891 0.7875 0.212891 0.788672 0.211426 0.788672 0.210449 0.789062 0.209961 0.789062 0.206543 0.789844 0.205566 0.789844 0.205078 0.791406 0.203125 0.791406 0.201172 0.792578 0.199707 0.792578 0.198242 0.793359 0.197266 0.793359 0.196289 0.795703 0.193359 0.795703 0.192383 0.796484 0.191406 0.796484 0.190918 0.797266 0.189941 0.797266 0.189453 0.797656 0.188965 0.797656 0.188477 0.801953 0.183105 0.801953 0.179688 0.800781 0.178223
2 0.433984 0.721191 0.432812 0.722656 0.429297 0.722656 0.428125 0.724121 0.426172 0.724121 0.425 0.725586 0.425 0.727051 0.422656 0.72998 0.421484 0.72998 0.419141 0.73291 0.41875 0.73291 0.417969 0.733887 0.415625 0.733887 0.414453 0.735352 0.414453 0.737305 0.415625 0.73877 0.417578 0.73877 0.41875 0.740234 0.419141 0.740234 0.420312 0.741699 0.427734 0.741699 0.428125 0.741211 0.428516 0.741699 0.430078 0.741699 0.430469 0.741211 0.43125 0.741211 0.431641 0.741699 0.434375 0.741699 0.434766 0.741211 0.435156 0.741699 0.440234 0.741699 0.441406 0.740234 0.442578 0.740234 0.444141 0.738281 0.444531 0.73877 0.446094 0.73877 0.447266 0.737305 0.447266 0.736816 0.447656 0.736328 0.448047 0.736328 0.449219 0.734863 0.449219 0.73291 0.45 0.731934 0.450391 0.731934 0.451562 0.730469 0.451562 0.724121 0.450391 0.722656 0.448047 0.722656 0.446875 0.721191
2 0.596484 0.688477 0.595313 0.689941 0.595313 0.691895 0.596484 0.693359 0.596484 0.695312 0.596875 0.695801 0.596875 0.696777 0.597266 0.697266 0.597266 0.698242 0.597656 0.69873 0.597656 0.699219 0.598047 0.699707 0.598047 0.700684 0.598437 0.701172 0.598437 0.702148 0.598828 0.702637 0.598828 0.703125 0.599609 0.704102 0.599609 0.70752 0.600781 0.708984 0.600781 0.710449 0.601953 0.711914 0.602344 0.711914 0.603125 0.712891 0.603125 0.713379 0.606641 0.717773 0.607031 0.717773 0.608984 0.720215 0.612891 0.720215 0.614062 0.71875 0.614062 0.717773 0.615234 0.716309 0.615234 0.712891 0.614062 0.711426 0.614062 0.709961 0.612891 0.708496 0.612891 0.707031 0.609375 0.702637 0.609375 0.701172 0.605859 0.696777 0.605859 0.695312 0.604688 0.693848 0.604297 0.693848 0.603516 0.692871 0.603125 0.692871 0.602734 0.692383 0.602734 0.691406 0.601562 0.689941 0.599219 0.689941 0.598047 0.688477
2 0.259375 0.623535 0.258594 0.624512 0.25625 0.624512 0.255078 0.625977 0.255078 0.62793 0.25625 0.629395 0.257031 0.629395 0.258203 0.630859 0.258594 0.630859 0.259375 0.631836 0.259766 0.631836 0.260156 0.632324 0.261719 0.632324 0.262891 0.633789 0.262891 0.634277 0.269531 0.642578 0.269922 0.642578 0.270703 0.643555 0.271875 0.643555 0.272266 0.644043 0.273828 0.644043 0.274609 0.64502 0.278125 0.64502 0.279297 0.643555 0.279297 0.638184 0.278906 0.637695 0.278906 0.637207 0.277734 0.635742 0.277344 0.635742 0.276953 0.635254 0.276562 0.635254 0.275781 0.634277 0.275 0.634277 0.273828 0.632812 0.272656 0.632812 0.271484 0.631348 0.271484 0.630859 0.270313 0.629395 0.269141 0.629395 0.267188 0.626953 0.266406 0.626953 0.265625 0.625977 0.264453 0.625977 0.263672 0.625 0.262891 0.625 0.2625 0.624512 0.261719 0.624512 0.260937 0.623535
2 0.314453 0.54834 0.313281 0.549805 0.311719 0.549805 0.311328 0.550293 0.310937 0.550293 0.310547 0.549805 0.307031 0.549805 0.305469 0.551758 0.305078 0.551758 0.303906 0.553223 0.303125 0.553223 0.300391 0.556641 0.3 0.556641 0.298828 0.558105 0.298438 0.558105 0.297266 0.55957 0.297266 0.560059 0.296875 0.560547 0.296875 0.5625 0.298047 0.563965 0.299609 0.563965 0.300391 0.562988 0.301563 0.562988 0.302734 0.561523 0.303906 0.562988 0.30625 0.562988 0.307422 0.561523 0.307422 0.560547 0.309375 0.558105 0.310156 0.558105 0.312109 0.555664 0.3125 0.555664 0.313281 0.554688 0.314063 0.554688 0.314453 0.554199 0.315234 0.554199 0.316016 0.553223 0.316797 0.553223 0.317969 0.551758 0.317969 0.549805 0.316797 0.54834
2 0.3125 0.655762 0.311719 0.656738 0.310937 0.656738 0.310547 0.657227 0.309766 0.657227 0.307422 0.660156 0.307031 0.660156 0.306641 0.660645 0.305859 0.660645 0.303906 0.663086 0.303906 0.663574 0.303516 0.664062 0.303516 0.666016 0.305078 0.667969 0.306641 0.667969 0.307422 0.666992 0.307812 0.66748 0.309766 0.66748 0.310937 0.668945 0.314453 0.668945 0.315234 0.669922 0.316016 0.669922 0.316406 0.67041 0.321484 0.67041 0.322266 0.671387 0.323437 0.671387 0.324219 0.672363 0.325781 0.672363 0.326953 0.673828 0.332031 0.673828 0.333203 0.672363 0.333203 0.668945 0.33125 0.666504 0.330859 0.666504 0.330078 0.665527 0.328906 0.665527 0.327734 0.664062 0.326953 0.664062 0.325781 0.662598 0.325391 0.662598 0.324609 0.661621 0.323437 0.661621 0.322656 0.660645 0.322266 0.660645 0.321875 0.660156 0.321484 0.660156 0.319141 0.657227 0.317969 0.657227 0.317578 0.656738 0.316797 0.656738 0.316016 0.655762
2 0.387109 0.667969 0.385937 0.669434 0.385937 0.671387 0.387891 0.673828 0.388281 0.673828 0.392578 0.679199 0.392578 0.679688 0.396094 0.684082 0.396094 0.685059 0.397266 0.686523 0.397266 0.6875 0.399609 0.69043 0.400391 0.69043 0.401562 0.691895 0.401562 0.692383 0.402344 0.693359 0.402344 0.693848 0.403125 0.694824 0.403516 0.694824 0.403906 0.695312 0.403906 0.695801 0.404687 0.696777 0.404687 0.697266 0.405078 0.697754 0.405078 0.69873 0.407813 0.702148 0.407813 0.703125 0.409766 0.705566 0.411328 0.705566 0.4125 0.704102 0.4125 0.700195 0.411719 0.699219 0.411719 0.69873 0.410938 0.697754 0.410938 0.696777 0.410547 0.696289 0.410547 0.693848 0.408594 0.691406 0.408594 0.69043 0.407813 0.689453 0.407813 0.688477 0.405859 0.686035 0.405859 0.685547 0.405078 0.68457 0.405078 0.683594 0.398828 0.675781 0.398438 0.675781 0.396875 0.673828 0.396484 0.673828 0.395313 0.672363 0.394531 0.672363 0.393359 0.670898 0.393359 0.67041 0.392188 0.668945 0.389453 0.668945 0.388672 0.667969
2 0.442188 0.617676 0.441016 0.619141 0.441016 0.621094 0.442188 0.622559 0.442188 0.623047 0.442969 0.624023 0.442969 0.624512 0.44375 0.625488 0.44375 0.625977 0.444141 0.626465 0.444141 0.626953 0.44375 0.627441 0.44375 0.630859 0.444141 0.631348 0.444141 0.631836 0.445703 0.633789 0.445703 0.634277 0.446094 0.634766 0.446094 0.63623 0.447656 0.638184 0.447656 0.63916 0.448047 0.639648 0.448047 0.640137 0.448828 0.641113 0.448828 0.64209 0.449609 0.643066 0.449609 0.643555 0.450781 0.64502 0.450781 0.645996 0.451562 0.646973 0.451562 0.647461 0.452734 0.648926 0.452734 0.649414 0.453906 0.650879 0.454297 0.650879 0.454688 0.651367 0.457031 0.651367 0.458203 0.649902 0.458203 0.647949 0.456641 0.645996 0.456641 0.644043 0.45625 0.643555 0.45625 0.643066 0.455469 0.64209 0.455469 0.640625 0.454688 0.639648 0.454688 0.63916 0.454297 0.638672 0.454297 0.635742 0.453516 0.634766 0.453516 0.634277 0.451562 0.631836 0.451562 0.630859 0.450781 0.629883 0.450781 0.628906 0.448828 0.626465 0.448828 0.625977 0.447656 0.624512 0.447656 0.624023 0.446875 0.623047 0.446875 0.622559 0.446094 0.621582 0.446094 0.621094 0.445312 0.620117 0.445312 0.619141 0.444141 0.617676
2 0.110156 0.685547 0.108984 0.687012 0.108984 0.689453 0.109375 0.689941 0.109375 0.69043 0.109766 0.690918 0.109766 0.691406 0.110547 0.692383 0.110547 0.693848 0.111328 0.694824 0.111328 0.695312 0.112891 0.697266 0.112891 0.697754 0.113281 0.698242 0.113281 0.69873 0.114062 0.699707 0.114062 0.700684 0.115234 0.702148 0.115234 0.703125 0.116016 0.704102 0.116016 0.70459 0.116797 0.705566 0.116797 0.706543 0.117969 0.708008 0.120703 0.708008 0.121875 0.706543 0.121875 0.705078 0.122266 0.70459 0.122266 0.696289 0.121875 0.695801 0.121875 0.695312 0.121094 0.694336 0.121094 0.693848 0.114844 0.686035 0.114453 0.686035 0.114062 0.685547 0.1125 0.685547 0.112109 0.686035 0.111719 0.685547
2 0.580859 0.175293 0.579688 0.176758 0.579688 0.183105 0.580469 0.184082 0.580469 0.185547 0.580859 0.186035 0.580859 0.19043 0.582031 0.191895 0.582422 0.191895 0.583594 0.193359 0.583594 0.194336 0.583984 0.194824 0.583984 0.195312 0.584766 0.196289 0.584766 0.196777 0.588672 0.20166 0.589844 0.20166 0.590625 0.202637 0.591016 0.202637 0.591406 0.203125 0.592578 0.203125 0.594141 0.205078 0.594531 0.205078 0.595313 0.206055 0.596484 0.206055 0.596875 0.206543 0.597266 0.206543 0.598047 0.20752 0.600391 0.20752 0.601562 0.206055 0.601562 0.199707 0.600391 0.198242 0.6 0.198242 0.599609 0.197754 0.599609 0.196777 0.597656 0.194336 0.597656 0.193359 0.591797 0.186035 0.591406 0.186035 0.590234 0.18457 0.589844 0.18457 0.586328 0.180176 0.586328 0.179199 0.584375 0.176758 0.583594 0.176758 0.582422 0.175293
2 0.664062 0.150391 0.662891 0.151855 0.662891 0.166992 0.6625 0.16748 0.6625 0.169922 0.661719 0.170898 0.661719 0.176758 0.660937 0.177734 0.660937 0.179688 0.660547 0.180176 0.660547 0.182617 0.659766 0.183594 0.659766 0.184082 0.658984 0.185059 0.658984 0.189453 0.658594 0.189941 0.658594 0.192871 0.658203 0.193359 0.658203 0.193848 0.657813 0.194336 0.657813 0.194824 0.657031 0.195801 0.657031 0.197754 0.656641 0.198242 0.656641 0.201172 0.655078 0.203125 0.655078 0.207031 0.65625 0.208496 0.658594 0.208496 0.659766 0.207031 0.659766 0.20459 0.660547 0.203613 0.660547 0.200684 0.660937 0.200195 0.660937 0.199707 0.661719 0.19873 0.661719 0.195801 0.662109 0.195312 0.662109 0.194824 0.662891 0.193848 0.662891 0.19043 0.665625 0.187012 0.665625 0.186035 0.666797 0.18457 0.666797 0.184082 0.667578 0.183105 0.667578 0.181152 0.668359 0.180176 0.668359 0.178711 0.669531 0.177246 0.669531 0.174805 0.670312 0.173828 0.670312 0.163574 0.669531 0.162598 0.669531 0.158691 0.669141 0.158203 0.669141 0.153809 0.667969 0.152344 0.667188 0.152344 0.665625 0.150391
2 0.629687 0.168457 0.628516 0.169922 0.628516 0.171875 0.629687 0.17334 0.631641 0.17334 0.633203 0.175293 0.633594 0.175293 0.634375 0.17627 0.634766 0.17627 0.635156 0.176758 0.635156 0.177246 0.635938 0.178223 0.635938 0.178711 0.636719 0.179688 0.636719 0.180176 0.637109 0.180664 0.637109 0.182129 0.637891 0.183105 0.637891 0.183594 0.638672 0.18457 0.638672 0.185547 0.639062 0.186035 0.639062 0.189453 0.639844 0.19043 0.639844 0.190918 0.640625 0.191895 0.640625 0.195312 0.641797 0.196777 0.641797 0.200195 0.642578 0.201172 0.642578 0.210938 0.644531 0.213379 0.648047 0.213379 0.649219 0.211914 0.649219 0.211426 0.649609 0.210938 0.649609 0.197266 0.649219 0.196777 0.649219 0.194824 0.648438 0.193848 0.648438 0.191895 0.647266 0.19043 0.647266 0.1875 0.645703 0.185547 0.645703 0.184082 0.64375 0.181641 0.64375 0.180176 0.642578 0.178711 0.642578 0.178223 0.641797 0.177246 0.641797 0.176758 0.640625 0.175293 0.640625 0.174316 0.6375 0.17041 0.635547 0.17041 0.633984 0.168457
2 0.76875 0.115723 0.767969 0.116699 0.763672 0.116699 0.762891 0.117676 0.762891 0.119629 0.762109 0.120605 0.762109 0.121094 0.761719 0.121582 0.761719 0.124023 0.762891 0.125488 0.763281 0.125488 0.764844 0.127441 0.774219 0.127441 0.774609 0.12793 0.775781 0.12793 0.776563 0.128906 0.788672 0.128906 0.789453 0.12793 0.790234 0.12793 0.790625 0.127441 0.792188 0.127441 0.793359 0.125977 0.793359 0.125 0.794141 0.124023 0.794141 0.12207 0.792969 0.120605 0.792188 0.120605 0.791016 0.119141 0.790234 0.119141 0.788672 0.117188 0.787109 0.117188 0.786719 0.116699 0.786328 0.116699 0.785937 0.116211 0.785156 0.116211 0.784766 0.115723
2 0.753516 0.155273 0.751953 0.157227 0.751172 0.157227 0.750781 0.157715 0.748828 0.157715 0.748437 0.158203 0.747656 0.158203 0.747266 0.158691 0.746484 0.158691 0.746094 0.15918 0.744922 0.15918 0.744531 0.159668 0.742578 0.159668 0.742188 0.160156 0.741016 0.160156 0.740625 0.160645 0.740234 0.160645 0.739844 0.161133 0.739844 0.161621 0.739453 0.162109 0.737109 0.162109 0.736328 0.163086 0.735547 0.163086 0.735156 0.163574 0.734375 0.163574 0.732812 0.165527 0.732422 0.165527 0.732031 0.166016 0.731641 0.166016 0.729688 0.168457 0.728906 0.168457 0.727734 0.169922 0.727734 0.171387 0.727344 0.171875 0.727344 0.173828 0.728516 0.175293 0.730469 0.175293 0.732031 0.17334 0.733203 0.17334 0.733594 0.172852 0.733984 0.172852 0.734766 0.171875 0.735938 0.171875 0.736719 0.170898 0.738672 0.170898 0.739062 0.17041 0.741797 0.17041 0.742578 0.169434 0.74375 0.169434 0.744531 0.168457 0.745313 0.168457 0.745703 0.167969 0.746484 0.167969 0.747266 0.166992 0.749219 0.166992 0.75 0.166016 0.750391 0.166016 0.751563 0.164551 0.751953 0.164551 0.752734 0.163574 0.753125 0.163574 0.754297 0.162109 0.755859 0.162109 0.757031 0.160645 0.757031 0.160156 0.757422 0.159668 0.757422 0.157715 0.757031 0.157227 0.757031 0.156738 0.755859 0.155273
2 0.724609 0.176758 0.723047 0.178711 0.721094 0.178711 0.719922 0.180176 0.719922 0.182129 0.721094 0.183594 0.726953 0.183594 0.727734 0.18457 0.728516 0.18457 0.728906 0.185059 0.730859 0.185059 0.732422 0.187012 0.734375 0.187012 0.735547 0.188477 0.735938 0.188477 0.737109 0.189941 0.738281 0.189941 0.741016 0.193359 0.741016 0.193848 0.742188 0.195312 0.742578 0.195312 0.74375 0.196777 0.744141 0.196777 0.746094 0.199219 0.746875 0.199219 0.747656 0.200195 0.749219 0.200195 0.750391 0.19873 0.750391 0.192383 0.749219 0.190918 0.748828 0.190918 0.748437 0.19043 0.748437 0.189941 0.746484 0.1875 0.746094 0.1875 0.745703 0.187012 0.745313 0.187012 0.74375 0.185059 0.742969 0.185059 0.741797 0.183594 0.741406 0.183594 0.740625 0.182617 0.740234 0.182617 0.739844 0.182129 0.738672 0.182129 0.737109 0.180176 0.736328 0.180176 0.735938 0.179688 0.735547 0.179688 0.734766 0.178711 0.732812 0.178711 0.732422 0.178223 0.73125 0.178223 0.730859 0.177734 0.730078 0.177734 0.729688 0.177246 0.728906 0.177246 0.728516 0.176758
2 0.808984 0.0771484 0.807422 0.0791016 0.807422 0.0825195 0.806641 0.0834961 0.806641 0.0844727 0.80625 0.0849609 0.80625 0.0859375 0.805859 0.0864258 0.805859 0.0869141 0.805469 0.0874023 0.805469 0.0883789 0.804688 0.0893555 0.804688 0.0913086 0.803906 0.0922852 0.803906 0.0932617 0.803125 0.0942383 0.803125 0.0961914 0.802734 0.0966797 0.802734 0.0981445 0.801953 0.0991211 0.801953 0.102051 0.800781 0.103516 0.800781 0.105469 0.799219 0.107422 0.799219 0.108398 0.798828 0.108887 0.798828 0.111328 0.798047 0.112305 0.798047 0.116699 0.799219 0.118164 0.801562 0.118164 0.802734 0.116699 0.802734 0.116211 0.803125 0.115723 0.803125 0.115234 0.804688 0.113281 0.804688 0.111328 0.805859 0.109863 0.805859 0.109375 0.806641 0.108398 0.806641 0.10791 0.807031 0.107422 0.807031 0.106934 0.807813 0.105957 0.807813 0.105469 0.808594 0.104492 0.808594 0.103516 0.809375 0.102539 0.809375 0.101562 0.809766 0.101074 0.809766 0.100098 0.810547 0.0991211 0.810547 0.0986328 0.811328 0.0976562 0.811328 0.0942383 0.811719 0.09375 0.811719 0.0927734 0.8125 0.0917969 0.8125 0.0913086 0.813281 0.090332 0.813281 0.0898438 0.813672 0.0893555 0.813672 0.0786133 0.8125 0.0771484
2 0.735938 0.0429688 0.735547 0.043457 0.733984 0.043457 0.732812 0.0449219 0.732812 0.0473633 0.733984 0.0488281 0.734375 0.0488281 0.736719 0.0517578 0.736719 0.0522461 0.739062 0.0551758 0.739062 0.0561523 0.740234 0.0576172 0.740234 0.0581055 0.741016 0.059082 0.741016 0.0600586 0.74375 0.0634766 0.74375 0.0639648 0.746094 0.0668945 0.746094 0.0673828 0.746875 0.0683594 0.746875 0.0688477 0.747266 0.0693359 0.747266 0.0698242 0.748047 0.0708008 0.748047 0.0712891 0.749219 0.0727539 0.751172 0.0727539 0.752344 0.0712891 0.752344 0.0688477 0.752734 0.0683594 0.752734 0.0581055 0.751953 0.0571289 0.751953 0.0541992 0.750781 0.0527344 0.750391 0.0527344 0.75 0.0522461 0.749609 0.0522461 0.748828 0.0512695 0.748437 0.0512695 0.747266 0.0498047 0.746875 0.0498047 0.745313 0.0478516 0.744922 0.0478516 0.744141 0.046875 0.74375 0.046875 0.742969 0.0458984 0.742578 0.0458984 0.741016 0.0439453 0.739844 0.0439453 0.739453 0.043457 0.739062 0.043457 0.738672 0.0429688
2 0.835156 0.0234375 0.834766 0.0239258 0.833984 0.0239258 0.833203 0.0249023 0.832812 0.0249023 0.832031 0.0258789 0.83125 0.0258789 0.830859 0.0263672 0.830469 0.0263672 0.829688 0.0273438 0.828906 0.0273438 0.827734 0.0288086 0.825781 0.0288086 0.825391 0.0292969 0.825 0.0292969 0.824609 0.0297852 0.823438 0.0297852 0.823047 0.0302734 0.822656 0.0302734 0.822266 0.0307617 0.821875 0.0307617 0.821484 0.03125 0.819531 0.03125 0.819141 0.0317383 0.817578 0.0317383 0.817187 0.0322266 0.816797 0.0322266 0.816406 0.0327148 0.814453 0.0327148 0.814063 0.0332031 0.813672 0.0332031 0.813281 0.0336914 0.8125 0.0336914 0.811719 0.034668 0.811328 0.034668 0.810547 0.0356445 0.810156 0.0356445 0.809766 0.0361328 0.809375 0.0361328 0.808594 0.0371094 0.808203 0.0371094 0.806641 0.0390625 0.806641 0.0419922 0.808203 0.0439453 0.809766 0.0439453 0.810156 0.0444336 0.816016 0.0444336 0.816406 0.0439453 0.816797 0.0439453 0.817578 0.0429688 0.817969 0.0429688 0.81875 0.0419922 0.819141 0.0419922 0.819531 0.0415039 0.820312 0.0415039 0.821094 0.0405273 0.821484 0.0405273 0.823047 0.0385742 0.823438 0.0385742 0.823828 0.0380859 0.824219 0.0380859 0.824609 0.0375977 0.825 0.0375977 0.825781 0.0366211 0.826562 0.0366211 0.826953 0.0361328 0.827344 0.0361328 0.827734 0.0356445 0.828125 0.0356445 0.828906 0.034668 0.830469 0.034668 0.83125 0.0336914 0.831641 0.0336914 0.832031 0.0332031 0.832422 0.0332031 0.833594 0.0317383 0.834375 0.0317383 0.835156 0.0307617 0.835547 0.0307617 0.836719 0.0292969 0.836719 0.0288086 0.837109 0.0283203 0.8375 0.0283203 0.838672 0.0268555 0.838672 0.0249023 0.8375 0.0234375
2 0.754687 0.308105 0.753516 0.30957 0.753516 0.310059 0.753125 0.310547 0.753125 0.311035 0.752734 0.311523 0.752734 0.314941 0.752344 0.31543 0.752344 0.317871 0.751953 0.318359 0.751953 0.327637 0.752344 0.328125 0.752344 0.328613 0.752734 0.329102 0.752734 0.32959 0.753125 0.330078 0.753125 0.331055 0.753516 0.331543 0.753516 0.33252 0.753906 0.333008 0.753906 0.333984 0.754297 0.334473 0.754297 0.336914 0.754687 0.337402 0.754687 0.337891 0.75625 0.339844 0.75625 0.340332 0.756641 0.34082 0.756641 0.341309 0.757812 0.342773 0.764062 0.342773 0.765234 0.341309 0.765234 0.339844 0.765625 0.339355 0.765625 0.334961 0.764062 0.333008 0.763281 0.333008 0.761719 0.331055 0.760938 0.331055 0.760156 0.330078 0.760156 0.328613 0.759766 0.328125 0.759766 0.327148 0.758984 0.326172 0.758984 0.325684 0.758594 0.325195 0.758594 0.323242 0.758203 0.322754 0.758203 0.320801 0.757812 0.320312 0.757812 0.319336 0.757422 0.318848 0.757422 0.30957 0.75625 0.308105
2 0.275391 0.290039 0.274219 0.291504 0.274219 0.306641 0.275781 0.308594 0.275781 0.310547 0.276562 0.311523 0.276562 0.3125 0.277734 0.313965 0.277734 0.314941 0.279297 0.316895 0.279297 0.317383 0.28125 0.319824 0.28125 0.320312 0.283203 0.322754 0.283203 0.323242 0.284375 0.324707 0.284766 0.324707 0.285156 0.325195 0.2875 0.325195 0.287891 0.325684 0.289062 0.325684 0.289453 0.326172 0.293359 0.326172 0.295312 0.32373 0.295312 0.319336 0.294922 0.318848 0.294922 0.317383 0.29375 0.315918 0.29375 0.314941 0.293359 0.314453 0.293359 0.313965 0.290234 0.310059 0.290234 0.309082 0.289844 0.308594 0.289844 0.308105 0.288281 0.306152 0.288281 0.304688 0.286719 0.302734 0.286719 0.302246 0.286328 0.301758 0.286328 0.30127 0.284766 0.299316 0.284766 0.29834 0.282813 0.295898 0.282422 0.295898 0.282031 0.29541 0.281641 0.29541 0.280859 0.294434 0.280469 0.294434 0.280078 0.293945 0.280078 0.293457 0.278906 0.291992 0.278516 0.291992 0.276953 0.290039
2 0.226172 0.310547 0.225 0.312012 0.225 0.323242 0.225391 0.32373 0.225391 0.324219 0.225781 0.324707 0.225781 0.327637 0.226562 0.328613 0.226562 0.330078 0.226953 0.330566 0.226953 0.33252 0.227344 0.333008 0.227344 0.333496 0.227734 0.333984 0.227734 0.336914 0.228125 0.337402 0.228125 0.337891 0.228516 0.338379 0.228516 0.339844 0.228906 0.340332 0.228906 0.341797 0.230078 0.343262 0.230469 0.343262 0.230859 0.34375 0.232422 0.34375 0.233594 0.342285 0.233594 0.341309 0.234375 0.340332 0.234375 0.338379 0.234766 0.337891 0.234766 0.329102 0.234375 0.328613 0.234375 0.322266 0.233984 0.321777 0.233984 0.321289 0.233594 0.320801 0.233594 0.319824 0.233203 0.319336 0.233203 0.318848 0.232813 0.318359 0.232813 0.316895 0.232422 0.316406 0.232422 0.315918 0.230859 0.313965 0.230859 0.312988 0.229687 0.311523 0.228516 0.311523 0.227734 0.310547
2 0.280078 0.365723 0.279687 0.366211 0.276172 0.366211 0.275781 0.366699 0.275391 0.366699 0.275 0.367188 0.273828 0.367188 0.273438 0.367676 0.272656 0.367676 0.272266 0.368164 0.263281 0.368164 0.2625 0.367188 0.261328 0.367188 0.260937 0.366699 0.253516 0.366699 0.253125 0.367188 0.246484 0.367188 0.245703 0.368164 0.244922 0.368164 0.244531 0.368652 0.244141 0.368652 0.243359 0.369629 0.242188 0.369629 0.239844 0.372559 0.239844 0.374512 0.241016 0.375977 0.242969 0.375977 0.243359 0.376465 0.244141 0.376465 0.244531 0.376953 0.248828 0.376953 0.249219 0.377441 0.255469 0.377441 0.255859 0.376953 0.25625 0.377441 0.270703 0.377441 0.271094 0.376953 0.271875 0.376953 0.272266 0.376465 0.273047 0.376465 0.273438 0.375977 0.274219 0.375977 0.274609 0.375488 0.276953 0.375488 0.277344 0.375 0.277734 0.375 0.278125 0.374512 0.278516 0.374512 0.280078 0.372559 0.280469 0.372559 0.281641 0.371094 0.282031 0.371094 0.283203 0.369629 0.283203 0.367188 0.282031 0.365723
2 0.563672 0.625977 0.563281 0.626465 0.559766 0.626465 0.558984 0.627441 0.558203 0.627441 0.557422 0.628418 0.555469 0.628418 0.555078 0.628906 0.554688 0.628906 0.554297 0.628418 0.552734 0.628418 0.551172 0.630371 0.550781 0.630371 0.550391 0.630859 0.55 0.630859 0.549609 0.631348 0.549219 0.631348 0.548047 0.632812 0.548047 0.635254 0.546875 0.636719 0.546875 0.637695 0.545703 0.63916 0.545703 0.639648 0.544922 0.640625 0.544922 0.641113 0.542969 0.643555 0.542969 0.644043 0.542578 0.644531 0.542188 0.644531 0.538281 0.649414 0.538281 0.649902 0.537891 0.650391 0.537891 0.650879 0.5375 0.651367 0.5375 0.652344 0.537109 0.652832 0.537109 0.658203 0.5375 0.658691 0.5375 0.65918 0.539453 0.661621 0.540234 0.661621 0.540625 0.662109 0.542969 0.662109 0.544531 0.660156 0.544531 0.65918 0.545312 0.658203 0.545312 0.657227 0.546094 0.65625 0.546094 0.655762 0.546875 0.654785 0.546875 0.652832 0.547266 0.652344 0.547266 0.651855 0.548438 0.650391 0.548438 0.649902 0.548828 0.649414 0.548828 0.648926 0.549609 0.647949 0.549609 0.647461 0.550391 0.646484 0.550781 0.646484 0.551953 0.64502 0.551953 0.644531 0.553125 0.643066 0.553516 0.643066 0.553906 0.642578 0.554297 0.642578 0.555469 0.641113 0.555859 0.641113 0.55625 0.640625 0.556641 0.640625 0.557813 0.63916 0.558594 0.63916 0.558984 0.638672 0.559766 0.638672 0.560547 0.637695 0.561328 0.637695 0.561719 0.637207 0.5625 0.637207 0.563281 0.63623 0.564063 0.63623 0.564453 0.635742 0.564844 0.635742 0.565234 0.635254 0.565625 0.635254 0.566797 0.633789 0.567578 0.633789 0.567969 0.633301 0.569141 0.633301 0.571094 0.630859 0.571094 0.62793 0.569922 0.626465 0.56875 0.626465 0.568359 0.625977
2 0.602344 0.618164 0.601953 0.618652 0.601562 0.618652 0.599609 0.621094 0.599609 0.621582 0.597266 0.624512 0.596484 0.624512 0.596094 0.625 0.595703 0.625 0.594922 0.625977 0.594531 0.625977 0.593359 0.627441 0.592969 0.627441 0.592187 0.628418 0.591016 0.628418 0.590625 0.628906 0.590234 0.628906 0.589844 0.629395 0.589063 0.629395 0.588672 0.629883 0.585938 0.629883 0.585547 0.630371 0.582031 0.630371 0.581641 0.630859 0.578906 0.630859 0.578516 0.631348 0.577734 0.631348 0.577344 0.631836 0.576953 0.631836 0.576172 0.632812 0.574219 0.632812 0.573828 0.633301 0.573047 0.633301 0.572656 0.633789 0.572266 0.633789 0.570703 0.635742 0.570703 0.638672 0.571875 0.640137 0.573438 0.640137 0.574609 0.638672 0.575391 0.639648 0.580469 0.639648 0.580859 0.63916 0.58125 0.63916 0.581641 0.638672 0.582422 0.638672 0.582812 0.638184 0.585547 0.638184 0.585938 0.637695 0.587109 0.637695 0.5875 0.637207 0.589063 0.637207 0.590234 0.635742 0.592578 0.635742 0.593359 0.634766 0.594141 0.634766 0.594531 0.634277 0.594922 0.634277 0.595313 0.633789 0.595703 0.633789 0.596875 0.632324 0.597656 0.632324 0.598047 0.631836 0.598828 0.631836 0.599219 0.631348 0.6 0.631348 0.600781 0.630371 0.601172 0.630371 0.602344 0.628906 0.603125 0.628906 0.604297 0.627441 0.604297 0.626953 0.604688 0.626465 0.604688 0.625977 0.605469 0.625 0.605469 0.624512 0.605859 0.624023 0.605859 0.619629 0.604688 0.618164
2 0.739844 0.21582 0.738672 0.217285 0.738672 0.220703 0.738281 0.221191 0.738281 0.240234 0.738672 0.240723 0.738672 0.242188 0.739453 0.243164 0.739453 0.245605 0.742188 0.249023 0.742969 0.249023 0.74375 0.25 0.745313 0.25 0.746484 0.251465 0.746875 0.251465 0.747656 0.252441 0.750391 0.252441 0.751563 0.250977 0.751563 0.245605 0.750391 0.244141 0.750391 0.243652 0.75 0.243164 0.75 0.242188 0.748437 0.240234 0.748437 0.239746 0.747266 0.238281 0.746875 0.238281 0.746484 0.237793 0.746484 0.237305 0.744531 0.234863 0.744531 0.233887 0.743359 0.232422 0.743359 0.231445 0.742578 0.230469 0.742578 0.22998 0.742188 0.229492 0.742188 0.222168 0.742578 0.22168 0.742578 0.217285 0.741406 0.21582
2 0.861719 0.294434 0.859375 0.297363 0.858984 0.297363 0.858594 0.297852 0.858594 0.29834 0.857812 0.299316 0.857812 0.299805 0.857422 0.300293 0.857422 0.300781 0.856641 0.301758 0.856641 0.302246 0.85625 0.302734 0.85625 0.303223 0.855859 0.303711 0.855859 0.304199 0.855078 0.305176 0.855078 0.306641 0.854688 0.307129 0.854688 0.310059 0.853906 0.311035 0.853906 0.312988 0.853516 0.313477 0.853516 0.317383 0.853125 0.317871 0.853125 0.319336 0.852344 0.320312 0.852344 0.327148 0.853516 0.328613 0.85625 0.328613 0.857422 0.327148 0.857422 0.32666 0.857812 0.326172 0.857812 0.323242 0.858594 0.322266 0.858594 0.320312 0.858984 0.319824 0.858984 0.317383 0.860156 0.315918 0.860156 0.313477 0.861328 0.312012 0.861328 0.310059 0.8625 0.308594 0.8625 0.307617 0.862891 0.307129 0.862891 0.306641 0.863281 0.306152 0.863281 0.305664 0.864453 0.304199 0.864453 0.301758 0.865234 0.300781 0.865234 0.295898 0.864062 0.294434
2 0.846875 0.599121 0.846094 0.600098 0.845313 0.600098 0.844531 0.601074 0.84375 0.601074 0.842578 0.602539 0.842578 0.603027 0.840234 0.605957 0.840234 0.606934 0.839453 0.60791 0.839063 0.60791 0.837891 0.609375 0.837891 0.610352 0.836328 0.612305 0.836328 0.613281 0.835938 0.61377 0.835938 0.614258 0.835156 0.615234 0.835156 0.616211 0.834766 0.616699 0.834766 0.617188 0.833594 0.618652 0.833594 0.624023 0.834766 0.625488 0.840625 0.625488 0.841797 0.624023 0.841797 0.623047 0.842578 0.62207 0.842578 0.621582 0.84375 0.620117 0.844141 0.620117 0.845313 0.618652 0.845313 0.617676 0.846484 0.616211 0.846484 0.615723 0.847656 0.614258 0.847656 0.613281 0.848047 0.612793 0.848047 0.611816 0.849219 0.610352 0.849219 0.609863 0.851172 0.607422 0.851172 0.606934 0.851953 0.605957 0.851953 0.605469 0.853125 0.604004 0.853125 0.600586 0.851953 0.599121
2 0.877734 0.569336 0.876563 0.570801 0.876563 0.571777 0.873828 0.575195 0.873047 0.575195 0.872656 0.575684 0.872266 0.575684 0.870703 0.577637 0.869922 0.577637 0.86875 0.579102 0.86875 0.580078 0.868359 0.580566 0.867969 0.580566 0.867578 0.581055 0.867188 0.581055 0.866016 0.58252 0.866016 0.583008 0.864453 0.584961 0.864453 0.585449 0.863281 0.586914 0.863281 0.589355 0.862891 0.589844 0.862891 0.590332 0.8625 0.59082 0.8625 0.593262 0.861719 0.594238 0.861719 0.598633 0.862891 0.600098 0.866016 0.600098 0.866797 0.599121 0.867969 0.599121 0.869531 0.597168 0.869531 0.59668 0.871875 0.59375 0.871875 0.593262 0.873828 0.59082 0.873828 0.590332 0.874609 0.589355 0.874609 0.587891 0.875 0.587402 0.875 0.586914 0.876172 0.585449 0.876172 0.584961 0.877344 0.583496 0.877344 0.582031 0.878516 0.580566 0.878516 0.579102 0.878906 0.578613 0.878906 0.578125 0.879297 0.577637 0.879297 0.57666 0.880469 0.575195 0.880469 0.570801 0.879297 0.569336
2 0.839063 0.473633 0.837891 0.475098 0.837891 0.482422 0.8375 0.48291 0.8375 0.483887 0.837109 0.484375 0.837109 0.48584 0.836328 0.486816 0.836328 0.487305 0.835938 0.487793 0.835938 0.489258 0.835156 0.490234 0.835156 0.491211 0.834766 0.491699 0.834766 0.494629 0.833594 0.496094 0.833594 0.498047 0.832422 0.499512 0.832422 0.500488 0.83125 0.501953 0.83125 0.503906 0.830469 0.504883 0.830469 0.505371 0.829688 0.506348 0.829688 0.509766 0.830859 0.51123 0.83125 0.51123 0.831641 0.511719 0.833203 0.511719 0.833594 0.512207 0.8375 0.512207 0.839063 0.510254 0.839063 0.509277 0.841016 0.506836 0.841016 0.505371 0.841406 0.504883 0.841406 0.503906 0.841797 0.503418 0.841797 0.50293 0.842969 0.501465 0.842969 0.5 0.845313 0.49707 0.845313 0.484863 0.844141 0.483398 0.844141 0.481445 0.843359 0.480469 0.843359 0.47998 0.842969 0.479492 0.842969 0.477051 0.842578 0.476562 0.842578 0.476074 0.840625 0.473633
1 0.155078 0.826172 0.153906 0.827637 0.153906 0.830566 0.154297 0.831055 0.153906 0.831543 0.153906 0.836914 0.154297 0.837402 0.154297 0.837891 0.153906 0.838379 0.153906 0.844238 0.155859 0.84668 0.15625 0.84668 0.157812 0.848633 0.158984 0.848633 0.159375 0.849121 0.159375 0.850098 0.159766 0.850586 0.159766 0.851074 0.161719 0.853516 0.1625 0.853516 0.162891 0.854004 0.164844 0.854004 0.165625 0.85498 0.167969 0.85498 0.169141 0.853516 0.169141 0.843262 0.165625 0.838867 0.165625 0.835938 0.165234 0.835449 0.165234 0.834961 0.164453 0.833984 0.164453 0.83252 0.163281 0.831055 0.163281 0.830078 0.162109 0.828613 0.159375 0.828613 0.158203 0.827148 0.157422 0.827148 0.156641 0.826172
1 0.170313 0.881348 0.16875 0.883301 0.165234 0.883301 0.164062 0.884766 0.1625 0.884766 0.160938 0.886719 0.159766 0.886719 0.159375 0.887207 0.158984 0.887207 0.158203 0.888184 0.157812 0.888184 0.156641 0.889648 0.155859 0.889648 0.153906 0.89209 0.153906 0.892578 0.153125 0.893555 0.153125 0.894043 0.152734 0.894531 0.152734 0.897461 0.153125 0.897949 0.153125 0.898438 0.154297 0.899902 0.155469 0.899902 0.156641 0.901367 0.158203 0.901367 0.158984 0.902344 0.160156 0.902344 0.160547 0.902832 0.166016 0.902832 0.168359 0.899902 0.169141 0.899902 0.170703 0.897949 0.171094 0.897949 0.172266 0.896484 0.173828 0.896484 0.175391 0.894531 0.175781 0.894531 0.176172 0.894043 0.176563 0.894043 0.178516 0.891602 0.178516 0.890625 0.179688 0.88916 0.179688 0.887695 0.180469 0.886719 0.180469 0.882812 0.179297 0.881348
1 0.471484 0.922852 0.469922 0.924805 0.46875 0.924805 0.468359 0.925293 0.467969 0.925293 0.467187 0.92627 0.464062 0.92627 0.462891 0.927734 0.462109 0.927734 0.460547 0.929688 0.460156 0.929688 0.459766 0.930176 0.458203 0.930176 0.45625 0.932617 0.455469 0.932617 0.453906 0.93457 0.453516 0.93457 0.450781 0.937988 0.45 0.937988 0.448828 0.939453 0.448828 0.946777 0.45 0.948242 0.450781 0.948242 0.451562 0.949219 0.455078 0.949219 0.462109 0.94043 0.4625 0.94043 0.463281 0.939453 0.463672 0.939453 0.464844 0.937988 0.464844 0.9375 0.466016 0.936035 0.467578 0.936035 0.46875 0.93457 0.46875 0.934082 0.469531 0.933105 0.469531 0.932617 0.469922 0.932129 0.470313 0.932129 0.472266 0.929688 0.472266 0.929199 0.472656 0.928711 0.473047 0.928711 0.474219 0.927246 0.474219 0.924316 0.473047 0.922852
1 0.401953 0.889648 0.401172 0.890625 0.4 0.890625 0.398828 0.89209 0.398828 0.89502 0.4 0.896484 0.4 0.898926 0.403125 0.902832 0.403516 0.902832 0.405078 0.904785 0.405469 0.904785 0.406641 0.90625 0.406641 0.908203 0.408984 0.911133 0.410156 0.911133 0.411719 0.913086 0.412109 0.913086 0.4125 0.913574 0.4125 0.914062 0.413281 0.915039 0.413281 0.915527 0.416406 0.919434 0.416406 0.919922 0.417187 0.920898 0.417187 0.921387 0.418359 0.922852 0.41875 0.922852 0.419141 0.92334 0.419141 0.923828 0.420312 0.925293 0.422656 0.925293 0.423828 0.923828 0.423828 0.916992 0.423047 0.916016 0.423047 0.915039 0.422656 0.914551 0.422656 0.913574 0.420703 0.911133 0.420312 0.911133 0.419922 0.910645 0.419922 0.910156 0.418359 0.908203 0.418359 0.907715 0.416016 0.904785 0.416016 0.903809 0.413281 0.900391 0.413281 0.899414 0.412109 0.897949 0.411719 0.897949 0.411328 0.897461 0.410938 0.897461 0.410156 0.896484 0.409766 0.896484 0.408594 0.89502 0.408203 0.89502 0.405469 0.891602 0.405469 0.891113 0.404297 0.889648
1 0.353516 0.949219 0.352344 0.950684 0.352344 0.952148 0.351953 0.952637 0.351953 0.953125 0.351172 0.954102 0.351172 0.95459 0.349609 0.956543 0.349609 0.95752 0.348438 0.958984 0.348438 0.959961 0.347656 0.960938 0.347656 0.961914 0.347266 0.962402 0.346875 0.962402 0.345703 0.963867 0.345703 0.965332 0.345313 0.96582 0.345313 0.966309 0.344531 0.967285 0.344531 0.968262 0.34375 0.969238 0.34375 0.969727 0.342969 0.970703 0.342969 0.97168 0.342578 0.972168 0.342578 0.976074 0.344922 0.979004 0.348438 0.979004 0.349219 0.978027 0.35 0.978027 0.350391 0.977539 0.351172 0.977539 0.352344 0.976074 0.352344 0.975586 0.352734 0.975098 0.353125 0.975098 0.353906 0.974121 0.354687 0.974121 0.355859 0.972656 0.355859 0.972168 0.35625 0.97168 0.35625 0.971191 0.357812 0.969238 0.357812 0.96582 0.358984 0.964355 0.358984 0.961914 0.359766 0.960938 0.359766 0.958008 0.360156 0.95752 0.360156 0.957031 0.360938 0.956055 0.360938 0.952637 0.358984 0.950195 0.357422 0.950195 0.356641 0.949219
1 0.591406 0.940918 0.5875 0.937012 0.573828 0.937012 0.567187 0.938965 0.565234 0.944336 0.566797 0.948242 0.570312 0.950684 0.581641 0.95166 0.589063 0.948242 0.591406 0.944336
1 0.549609 0.885742 0.544922 0.888672 0.542578 0.895508 0.542188 0.905762 0.544922 0.914062 0.549219 0.912598 0.551172 0.904785 0.551562 0.890625
1 0.565234 0.869141 0.562891 0.869629 0.559766 0.873535 0.556641 0.880859 0.55625 0.887695 0.559375 0.89502 0.561719 0.894043 0.566406 0.880859 0.566797 0.872559
1 0.736328 0.955566 0.728125 0.958008 0.71875 0.97168 0.717187 0.977051 0.717969 0.980469 0.723828 0.97998 0.732422 0.97168 0.736719 0.963379 0.7375 0.958496
2 0.628516 0.775879 0.627344 0.777344 0.626953 0.777344 0.626563 0.777832 0.626172 0.777832 0.625781 0.77832 0.625 0.77832 0.624219 0.779297 0.624219 0.779785 0.620703 0.78418 0.620703 0.787109 0.620313 0.787598 0.620313 0.788086 0.618359 0.790527 0.618359 0.792969 0.616797 0.794922 0.616797 0.797363 0.616016 0.79834 0.616016 0.799316 0.615625 0.799805 0.615234 0.799805 0.613672 0.801758 0.613281 0.801758 0.611719 0.803711 0.611719 0.807617 0.612891 0.809082 0.616016 0.809082 0.616797 0.810059 0.61875 0.810059 0.620313 0.808105 0.621094 0.808105 0.621875 0.807129 0.622266 0.807129 0.622656 0.806641 0.623437 0.806641 0.627344 0.801758 0.627344 0.800293 0.628125 0.799316 0.628125 0.798828 0.629297 0.797363 0.629297 0.795898 0.630078 0.794922 0.630078 0.794434 0.632031 0.791992 0.632031 0.791016 0.632812 0.790039 0.632812 0.783203 0.633203 0.782715 0.633203 0.78125 0.633984 0.780273 0.633984 0.77832 0.632812 0.776855 0.630859 0.776855 0.630078 0.775879
2 0.589063 0.730469 0.588281 0.731445 0.5875 0.731445 0.585547 0.733887 0.584766 0.733887 0.582812 0.736328 0.582422 0.736328 0.58125 0.737793 0.580859 0.737793 0.580078 0.73877 0.578516 0.73877 0.577344 0.740234 0.577344 0.740723 0.576172 0.742188 0.575781 0.742188 0.574609 0.743652 0.574609 0.746094 0.573828 0.74707 0.573828 0.747559 0.573047 0.748535 0.573047 0.758789 0.574219 0.760254 0.578516 0.760254 0.579688 0.758789 0.579688 0.758301 0.580078 0.757812 0.58125 0.757812 0.582422 0.756348 0.582422 0.755859 0.582812 0.755371 0.583203 0.755371 0.584766 0.753418 0.585156 0.753418 0.585547 0.75293 0.585938 0.75293 0.587109 0.751465 0.587109 0.750977 0.5875 0.750488 0.587891 0.750488 0.589063 0.749023 0.589063 0.748535 0.590234 0.74707 0.590234 0.746582 0.591797 0.744629 0.591797 0.742676 0.592969 0.741211 0.592969 0.740234 0.593359 0.739746 0.59375 0.739746 0.595703 0.737305 0.595703 0.734375 0.594531 0.73291 0.59375 0.73291 0.591797 0.730469
2 0.714063 0.790039 0.712891 0.791504 0.712891 0.793457 0.713281 0.793945 0.713281 0.796875 0.714063 0.797852 0.714063 0.79834 0.714844 0.799316 0.714844 0.805176 0.716016 0.806641 0.716016 0.809082 0.717578 0.811035 0.717578 0.811523 0.717969 0.812012 0.717969 0.8125 0.723828 0.819824 0.724609 0.819824 0.725781 0.821289 0.726562 0.821289 0.727344 0.822266 0.727734 0.822266 0.728516 0.823242 0.730078 0.823242 0.730469 0.82373 0.730859 0.82373 0.731641 0.824707 0.733203 0.824707 0.733984 0.825684 0.736719 0.825684 0.738672 0.823242 0.738672 0.816406 0.734766 0.811523 0.732422 0.811523 0.732031 0.811035 0.732031 0.80957 0.73125 0.808594 0.73125 0.808105 0.730469 0.807129 0.730469 0.806641 0.730078 0.806152 0.730078 0.805664 0.728516 0.803711 0.728516 0.803223 0.728125 0.802734 0.728125 0.802246 0.726562 0.800293 0.726562 0.799805 0.724219 0.796875 0.723437 0.796875 0.722656 0.795898 0.722266 0.795898 0.71875 0.791504 0.716797 0.791504 0.715625 0.790039
2 0.548438 0.753906 0.547266 0.755371 0.547266 0.756348 0.546875 0.756836 0.546484 0.756836 0.545312 0.758301 0.545312 0.759766 0.544922 0.760254 0.54375 0.760254 0.541406 0.763184 0.541406 0.763672 0.540234 0.765137 0.540234 0.765625 0.539453 0.766602 0.539453 0.768066 0.538672 0.769043 0.538672 0.770508 0.538281 0.770996 0.538281 0.771484 0.5375 0.772461 0.5375 0.773438 0.536328 0.774902 0.536328 0.776367 0.535547 0.777344 0.535547 0.777832 0.533984 0.779785 0.533984 0.78125 0.533594 0.781738 0.533594 0.782227 0.532813 0.783203 0.532813 0.787598 0.533594 0.788574 0.533594 0.789551 0.535156 0.791504 0.538281 0.791504 0.538672 0.791016 0.539062 0.791016 0.540234 0.789551 0.540234 0.789062 0.541406 0.787598 0.541406 0.786133 0.542188 0.785156 0.542188 0.78418 0.542578 0.783691 0.542578 0.783203 0.544141 0.78125 0.544141 0.779297 0.544922 0.77832 0.545312 0.77832 0.546484 0.776855 0.546484 0.776367 0.548047 0.774414 0.548047 0.773926 0.548828 0.772949 0.548828 0.772461 0.549219 0.771973 0.549219 0.771484 0.55 0.770508 0.55 0.769531 0.551953 0.76709 0.551953 0.766113 0.553125 0.764648 0.553125 0.76416 0.554688 0.762207 0.554688 0.756836 0.553906 0.755859 0.553906 0.755371 0.552734 0.753906
2 0.36875 0.820801 0.368359 0.821289 0.366797 0.821289 0.365625 0.822754 0.365625 0.828125 0.366016 0.828613 0.366016 0.831543 0.367188 0.833008 0.368359 0.833008 0.369141 0.833984 0.370312 0.833984 0.370703 0.834473 0.371875 0.834473 0.374609 0.837891 0.376172 0.837891 0.377344 0.839355 0.378125 0.839355 0.379688 0.841309 0.381641 0.841309 0.382422 0.842285 0.382812 0.842285 0.383203 0.842773 0.384766 0.842773 0.385156 0.843262 0.385547 0.843262 0.385937 0.84375 0.386328 0.84375 0.387109 0.844727 0.3875 0.844727 0.387891 0.845215 0.389453 0.845215 0.389844 0.844727 0.390234 0.844727 0.391406 0.843262 0.391406 0.842773 0.391797 0.842285 0.391797 0.839355 0.389453 0.836426 0.389062 0.836426 0.3875 0.834473 0.387109 0.834473 0.385156 0.832031 0.385156 0.831055 0.383984 0.82959 0.383984 0.828613 0.382812 0.827148 0.382422 0.827148 0.382031 0.82666 0.382031 0.826172 0.380859 0.824707 0.380078 0.824707 0.378906 0.823242 0.376953 0.823242 0.375391 0.821289 0.373828 0.821289 0.373437 0.820801
2 0.508984 0.844727 0.508594 0.845215 0.508203 0.845215 0.507422 0.846191 0.507031 0.846191 0.503125 0.851074 0.503125 0.853516 0.502344 0.854492 0.502344 0.85498 0.501563 0.855957 0.501563 0.862305 0.500391 0.86377 0.500391 0.868164 0.499609 0.869141 0.499609 0.875977 0.502344 0.879395 0.503906 0.879395 0.504297 0.879883 0.506641 0.879883 0.508203 0.87793 0.508203 0.863281 0.509766 0.861328 0.509766 0.860352 0.510156 0.859863 0.510156 0.857422 0.510938 0.856445 0.510938 0.855469 0.512109 0.854004 0.512109 0.852539 0.513672 0.850586 0.513672 0.849121 0.514453 0.848145 0.514453 0.846191 0.513281 0.844727
2 0.301172 0.781738 0.3 0.783203 0.3 0.786621 0.300781 0.787598 0.300781 0.790039 0.301172 0.790527 0.301172 0.791992 0.301953 0.792969 0.301953 0.794922 0.302734 0.795898 0.302734 0.797852 0.303125 0.79834 0.303125 0.800781 0.304688 0.802734 0.304688 0.804199 0.305859 0.805664 0.305859 0.808594 0.307031 0.810059 0.307422 0.810059 0.307812 0.810547 0.307812 0.811035 0.308984 0.8125 0.309375 0.8125 0.309766 0.812988 0.309766 0.813965 0.310937 0.81543 0.311328 0.81543 0.312891 0.817383 0.314063 0.817383 0.314453 0.817871 0.316797 0.817871 0.317969 0.816406 0.317969 0.808105 0.317188 0.807129 0.317188 0.806641 0.316406 0.805664 0.316406 0.803711 0.315234 0.802246 0.315234 0.800781 0.313672 0.798828 0.313672 0.79834 0.3125 0.796875 0.3125 0.796387 0.311328 0.794922 0.311328 0.793945 0.309766 0.791992 0.309766 0.791504 0.305469 0.786133 0.305078 0.786133 0.304688 0.785645 0.304688 0.784668 0.303906 0.783691 0.303906 0.783203 0.302734 0.781738
2 0.945703 0.284668 0.942969 0.288086 0.942578 0.288086 0.941406 0.289551 0.941406 0.291016 0.938672 0.294434 0.938281 0.294434 0.9375 0.29541 0.9375 0.295898 0.935937 0.297852 0.935937 0.298828 0.934766 0.300293 0.934766 0.302734 0.934375 0.303223 0.934375 0.303711 0.933984 0.304199 0.933984 0.308105 0.932813 0.30957 0.932813 0.310059 0.932422 0.310547 0.932422 0.311035 0.932031 0.311523 0.932031 0.312012 0.930859 0.313477 0.930859 0.313965 0.930078 0.314941 0.930078 0.32373 0.93125 0.325195 0.936719 0.325195 0.940625 0.320312 0.940625 0.319824 0.941406 0.318848 0.941406 0.316895 0.943359 0.314453 0.943359 0.313477 0.944531 0.312012 0.944531 0.308594 0.946484 0.306152 0.946484 0.304688 0.947266 0.303711 0.947266 0.299316 0.948438 0.297852 0.948438 0.296387 0.949219 0.29541 0.949219 0.291504 0.95 0.290527 0.95 0.288574 0.949219 0.287598 0.949219 0.286133 0.948047 0.284668
2 0.91875 0.179688 0.917578 0.181152 0.917578 0.183105 0.91875 0.18457 0.919531 0.18457 0.920703 0.186035 0.920703 0.187988 0.922266 0.189941 0.922266 0.191895 0.923438 0.193359 0.923828 0.193359 0.924219 0.193848 0.924219 0.195312 0.925391 0.196777 0.925781 0.196777 0.926172 0.197266 0.926172 0.197754 0.927344 0.199219 0.928516 0.199219 0.928906 0.199707 0.928906 0.200195 0.930078 0.20166 0.930078 0.202148 0.93125 0.203613 0.933594 0.203613 0.933984 0.204102 0.933984 0.20459 0.935156 0.206055 0.935937 0.206055 0.937891 0.208496 0.938672 0.208496 0.940625 0.210938 0.941406 0.210938 0.942578 0.212402 0.942969 0.212402 0.944531 0.214355 0.944922 0.214355 0.945312 0.214844 0.945703 0.214844 0.946484 0.21582 0.948438 0.21582 0.950391 0.218262 0.955469 0.218262 0.956641 0.216797 0.956641 0.213379 0.954688 0.210938 0.953906 0.210938 0.951953 0.208496 0.951562 0.208496 0.951172 0.208008 0.951172 0.20752 0.95 0.206055 0.948828 0.206055 0.948047 0.205078 0.947266 0.205078 0.946094 0.203613 0.945703 0.203613 0.945312 0.203125 0.945312 0.202637 0.944141 0.201172 0.94375 0.201172 0.943359 0.200684 0.943359 0.200195 0.942187 0.19873 0.941016 0.19873 0.939453 0.196777 0.938672 0.196777 0.936719 0.194336 0.935937 0.194336 0.934766 0.192871 0.933594 0.192871 0.930859 0.189453 0.930469 0.189453 0.930078 0.188965 0.930078 0.188477 0.928906 0.187012 0.928516 0.187012 0.928125 0.186523 0.928125 0.186035 0.926953 0.18457 0.925781 0.18457 0.925 0.183594 0.924609 0.183594 0.923438 0.182129 0.923047 0.182129 0.922656 0.181641 0.922656 0.181152 0.921484 0.179688
2 0.963672 0.208496 0.962891 0.209473 0.9625 0.209473 0.961328 0.210938 0.961328 0.211426 0.960547 0.212402 0.960547 0.214844 0.958594 0.217285 0.958594 0.223145 0.957812 0.224121 0.957812 0.227539 0.956641 0.229004 0.956641 0.23291 0.955859 0.233887 0.955859 0.237305 0.954688 0.23877 0.954688 0.259766 0.955859 0.26123 0.958594 0.26123 0.959766 0.259766 0.959766 0.257324 0.960156 0.256836 0.960156 0.256348 0.960547 0.255859 0.960547 0.23584 0.961719 0.234375 0.961719 0.23291 0.9625 0.231934 0.9625 0.229004 0.963672 0.227539 0.963672 0.224609 0.964453 0.223633 0.964453 0.221191 0.964844 0.220703 0.965234 0.220703 0.966406 0.219238 0.966406 0.217773 0.967187 0.216797 0.967187 0.21582 0.968359 0.214355 0.968359 0.209961 0.967187 0.208496
2 0.541016 0.425293 0.539844 0.426758 0.539844 0.428711 0.541016 0.430176 0.541406 0.430176 0.541797 0.430664 0.542969 0.430664 0.543359 0.431152 0.544531 0.431152 0.544922 0.431641 0.546484 0.431641 0.547266 0.432617 0.547656 0.432617 0.548047 0.433105 0.549609 0.433105 0.550391 0.434082 0.551562 0.434082 0.551953 0.43457 0.552344 0.43457 0.552734 0.435059 0.553125 0.435059 0.553906 0.436035 0.554297 0.436035 0.554688 0.436523 0.555078 0.436523 0.555469 0.437012 0.555859 0.437012 0.55625 0.4375 0.557031 0.4375 0.557813 0.438477 0.558984 0.438477 0.559766 0.439453 0.560156 0.439453 0.560547 0.439941 0.560937 0.439941 0.561328 0.44043 0.562109 0.44043 0.5625 0.440918 0.563281 0.440918 0.563672 0.441406 0.564453 0.441406 0.564844 0.441895 0.565234 0.441895 0.565625 0.442383 0.566797 0.442383 0.567187 0.442871 0.568359 0.442871 0.56875 0.443359 0.574609 0.443359 0.575 0.442871 0.576172 0.442871 0.576562 0.442383 0.576953 0.442383 0.577344 0.441895 0.578125 0.441895 0.578516 0.441406 0.579297 0.441406 0.58125 0.438965 0.58125 0.437012 0.580078 0.435547 0.579688 0.435547 0.579297 0.435059 0.577734 0.435059 0.576562 0.433594 0.575781 0.433594 0.575391 0.433105 0.575 0.433105 0.574609 0.432617 0.574219 0.432617 0.573828 0.432129 0.573438 0.432129 0.573047 0.431641 0.572266 0.431641 0.571875 0.431152 0.563672 0.431152 0.563281 0.430664 0.559375 0.430664 0.558984 0.430176 0.557031 0.430176 0.556641 0.429688 0.555859 0.429688 0.555469 0.429199 0.553516 0.429199 0.553125 0.428711 0.551172 0.428711 0.550781 0.428223 0.550391 0.428223 0.55 0.427734 0.548828 0.427734 0.548438 0.427246 0.547656 0.427246 0.547266 0.426758 0.546484 0.426758 0.546094 0.42627 0.544922 0.42627 0.544531 0.425781 0.54375 0.425781 0.543359 0.425293
2 0.542969 0.433105 0.541016 0.435547 0.541016 0.436035 0.540625 0.436523 0.540625 0.438965 0.542188 0.440918 0.542578 0.440918 0.54375 0.442383 0.546875 0.442383 0.547266 0.442871 0.547656 0.442871 0.548047 0.443359 0.548828 0.443359 0.549219 0.443848 0.549609 0.443848 0.55 0.444336 0.550391 0.444336 0.550781 0.444824 0.551172 0.444824 0.551562 0.445312 0.552344 0.445312 0.552734 0.445801 0.553516 0.445801 0.553906 0.446289 0.554688 0.446289 0.555078 0.446777 0.555469 0.446777 0.555859 0.447266 0.556641 0.447266 0.557031 0.447754 0.557422 0.447754 0.557813 0.448242 0.558203 0.448242 0.558594 0.44873 0.558984 0.44873 0.559766 0.449707 0.560547 0.449707 0.561328 0.450684 0.561719 0.450684 0.562109 0.451172 0.5625 0.451172 0.563281 0.452148 0.566406 0.452148 0.567578 0.450684 0.567578 0.446289 0.567187 0.445801 0.567187 0.445312 0.566016 0.443848 0.565625 0.443848 0.564453 0.442383 0.564063 0.442383 0.563672 0.441895 0.562891 0.441895 0.5625 0.441406 0.562109 0.441406 0.561719 0.440918 0.561328 0.440918 0.560937 0.44043 0.560547 0.44043 0.559766 0.439453 0.559375 0.439453 0.558594 0.438477 0.558203 0.438477 0.557422 0.4375 0.557031 0.4375 0.55625 0.436523 0.555469 0.436523 0.555078 0.436035 0.554688 0.436035 0.554297 0.435547 0.553906 0.435547 0.553125 0.43457 0.552344 0.43457 0.551953 0.434082 0.551172 0.434082 0.550781 0.433594 0.548828 0.433594 0.548438 0.433105
1 0.494531 0.345215 0.492969 0.347168 0.492969 0.347656 0.491016 0.350098 0.491016 0.350586 0.490234 0.351562 0.490234 0.352051 0.488281 0.354492 0.488281 0.35498 0.4875 0.355957 0.4875 0.356445 0.487109 0.356934 0.487109 0.35791 0.485938 0.359375 0.485938 0.359863 0.484766 0.361328 0.484766 0.362305 0.484375 0.362793 0.484375 0.364258 0.483984 0.364746 0.483984 0.365234 0.483594 0.365723 0.483594 0.366699 0.483203 0.367188 0.483203 0.395508 0.483594 0.395996 0.483594 0.403809 0.483203 0.404297 0.483203 0.410156 0.484375 0.411621 0.485938 0.411621 0.487109 0.410156 0.487109 0.408203 0.4875 0.407715 0.4875 0.403809 0.487891 0.40332 0.487891 0.402344 0.488281 0.401855 0.488281 0.399902 0.488672 0.399414 0.488672 0.398438 0.489453 0.397461 0.489453 0.395508 0.490234 0.394531 0.490234 0.393555 0.491016 0.392578 0.491016 0.391602 0.491406 0.391113 0.491406 0.390137 0.492188 0.38916 0.492188 0.388184 0.492578 0.387695 0.492578 0.386719 0.492969 0.38623 0.492969 0.385742 0.493359 0.385254 0.493359 0.384766 0.49375 0.384277 0.49375 0.383301 0.494141 0.382812 0.494141 0.380859 0.494531 0.380371 0.494531 0.378906 0.494922 0.378418 0.494922 0.375977 0.495312 0.375488 0.495312 0.369629 0.494922 0.369141 0.494922 0.365723 0.494531 0.365234 0.494531 0.36377 0.494141 0.363281 0.494141 0.353516 0.495312 0.352051 0.495312 0.351562 0.496875 0.349609 0.496875 0.349121 0.497266 0.348633 0.497266 0.34668 0.496094 0.345215
2 0 0.00146484 0 0.0078125 0.0015625 0.00976562 0.00234375 0.00976562 0.00351563 0.0112305 0.00390625 0.0112305 0.0046875 0.012207 0.00507813 0.012207 0.00585938 0.0131836 0.00625 0.0131836 0.00664062 0.0136719 0.0078125 0.0136719 0.00820313 0.0141602 0.00898437 0.0141602 0.009375 0.0146484 0.0101563 0.0146484 0.0105469 0.0151367 0.0113281 0.0151367 0.0121094 0.0161133 0.0128906 0.0161133 0.0136719 0.0170898 0.0144531 0.0170898 0.0152344 0.0180664 0.015625 0.0180664 0.0160156 0.0185547 0.0164063 0.0185547 0.0167969 0.019043 0.0179687 0.019043 0.01875 0.0200195 0.0191406 0.0200195 0.0195312 0.0205078 0.0203125 0.0205078 0.0210938 0.0214844 0.021875 0.0214844 0.0222656 0.0219727 0.0242188 0.0219727 0.0246094 0.0224609 0.0257812 0.0224609 0.0261719 0.0229492 0.0296875 0.0229492 0.0300781 0.0224609 0.0304687 0.0224609 0.0316406 0.0209961 0.0316406 0.0175781 0.0308594 0.0166016 0.0308594 0.0161133 0.0296875 0.0146484 0.0292969 0.0146484 0.0289063 0.0141602 0.0285156 0.0141602 0.0277344 0.0131836 0.0269531 0.0131836 0.0261719 0.012207 0.0253906 0.012207 0.025 0.0117188 0.0238281 0.0117188 0.0226562 0.0102539 0.021875 0.0102539 0.0210938 0.00927734 0.0203125 0.00927734 0.0195312 0.00830078 0.01875 0.00830078 0.0183594 0.0078125 0.0167969 0.0078125 0.0164063 0.00732422 0.0160156 0.00732422 0.015625 0.00683594 0.0148437 0.00683594 0.0144531 0.00634766 0.0140625 0.00634766 0.0136719 0.00585938 0.0132812 0.00585938 0.0128906 0.00537109 0.0125 0.00537109 0.0121094 0.00488281 0.0117188 0.00488281 0.0113281 0.00439453 0.0109375 0.00439453 0.0105469 0.00390625 0.00976562 0.00390625 0.00859375 0.00244141 0.00625 0.00244141 0.00585938 0.00195312 0.00546875 0.00195312 0.00507813 0.00146484
2 0.00429688 0.0410156 0.003125 0.0424805 0.003125 0.0449219 0.00742187 0.050293 0.0078125 0.050293 0.00820313 0.0507812 0.00859375 0.0507812 0.00976562 0.0522461 0.0101563 0.0522461 0.0105469 0.0527344 0.0109375 0.0527344 0.0125 0.0546875 0.0128906 0.0546875 0.0132812 0.0551758 0.0136719 0.0551758 0.0144531 0.0561523 0.0148437 0.0561523 0.0152344 0.0566406 0.0160156 0.0566406 0.0167969 0.0576172 0.0171875 0.0576172 0.0175781 0.0581055 0.0179687 0.0581055 0.01875 0.059082 0.0191406 0.059082 0.0195312 0.0595703 0.0199219 0.0595703 0.0222656 0.0625 0.0226562 0.0625 0.0234375 0.0634766 0.0238281 0.0634766 0.0242188 0.0639648 0.025 0.0639648 0.0257812 0.0649414 0.0265625 0.0649414 0.0269531 0.0654297 0.0273438 0.0654297 0.0277344 0.065918 0.0308594 0.065918 0.0320312 0.0644531 0.0320312 0.0605469 0.028125 0.0556641 0.0277344 0.0556641 0.0265625 0.0541992 0.0257812 0.0541992 0.0246094 0.0527344 0.0242188 0.0527344 0.0234375 0.0517578 0.0230469 0.0517578 0.0222656 0.0507812 0.021875 0.0507812 0.0214844 0.050293 0.0210938 0.050293 0.0207031 0.0498047 0.0203125 0.0498047 0.0199219 0.0493164 0.0195312 0.0493164 0.0191406 0.0488281 0.01875 0.0488281 0.0179687 0.0478516 0.0171875 0.0478516 0.0160156 0.0463867 0.015625 0.0463867 0.0144531 0.0449219 0.0140625 0.0449219 0.0136719 0.0444336 0.0132812 0.0444336 0.0128906 0.0439453 0.0125 0.0439453 0.0121094 0.043457 0.0117188 0.043457 0.0113281 0.0429688 0.0109375 0.0429688 0.0105469 0.0424805 0.0101563 0.0424805 0.00976562 0.0419922 0.00820313 0.0419922 0.0078125 0.0415039 0.00625 0.0415039 0.00585938 0.0410156
2 0.05625 0.0385742 0.0558594 0.0390625 0.0550781 0.0390625 0.0546875 0.0395508 0.0539063 0.0395508 0.0535156 0.0400391 0.053125 0.0400391 0.0523438 0.0410156 0.0519531 0.0410156 0.0515625 0.0415039 0.0507812 0.0415039 0.0503906 0.0419922 0.05 0.0419922 0.0496094 0.0424805 0.0492187 0.0424805 0.0488281 0.0429688 0.0480469 0.0429688 0.046875 0.0444336 0.046875 0.046875 0.0480469 0.0483398 0.0496094 0.0483398 0.05 0.0478516 0.0503906 0.0478516 0.0507812 0.0473633 0.0515625 0.0473633 0.0519531 0.046875 0.0558594 0.046875 0.05625 0.0473633 0.0570312 0.0473633 0.0574219 0.0478516 0.0585938 0.0478516 0.0589844 0.0483398 0.0609375 0.0483398 0.0613281 0.0488281 0.0617188 0.0488281 0.0640625 0.0517578 0.0640625 0.0522461 0.0644531 0.0527344 0.0644531 0.0532227 0.0652344 0.0541992 0.0652344 0.0546875 0.065625 0.0551758 0.065625 0.0561523 0.0667969 0.0576172 0.0679687 0.0576172 0.0699219 0.0600586 0.071875 0.0600586 0.0730469 0.0585938 0.0730469 0.0551758 0.0726563 0.0546875 0.0726563 0.0537109 0.071875 0.0527344 0.071875 0.0522461 0.0714844 0.0517578 0.0714844 0.0512695 0.0707031 0.050293 0.0707031 0.0498047 0.0703125 0.0493164 0.0703125 0.0488281 0.0695313 0.0478516 0.0695313 0.0473633 0.0691406 0.046875 0.0691406 0.0463867 0.0675781 0.0444336 0.0675781 0.0439453 0.0664062 0.0424805 0.0660156 0.0424805 0.0644531 0.0405273 0.0640625 0.0405273 0.0625 0.0385742
2 0.0269531 0.0761719 0.0257812 0.0776367 0.0257812 0.0805664 0.0261719 0.0810547 0.0261719 0.0830078 0.0269531 0.0839844 0.0269531 0.0849609 0.028125 0.0864258 0.028125 0.0869141 0.0300781 0.0893555 0.0304687 0.0893555 0.0316406 0.0908203 0.0320312 0.0908203 0.0324219 0.0913086 0.0328125 0.0913086 0.0355469 0.0947266 0.0359375 0.0947266 0.0378906 0.097168 0.0382813 0.097168 0.0394531 0.0986328 0.0398437 0.0986328 0.0402344 0.0991211 0.040625 0.0991211 0.0417969 0.100586 0.0421875 0.100586 0.0433594 0.102051 0.04375 0.102051 0.0445313 0.103027 0.0449219 0.103027 0.0460938 0.104492 0.0464844 0.104492 0.0476562 0.105957 0.0480469 0.105957 0.0484375 0.106445 0.0488281 0.106445 0.0496094 0.107422 0.0515625 0.107422 0.0527344 0.105957 0.0527344 0.104004 0.0519531 0.103027 0.0519531 0.102051 0.0507812 0.100586 0.0507812 0.100098 0.0480469 0.0966797 0.0480469 0.0961914 0.0457031 0.0932617 0.0457031 0.0927734 0.0441406 0.0908203 0.04375 0.0908203 0.0417969 0.0883789 0.0414062 0.0883789 0.0402344 0.0869141 0.0398437 0.0869141 0.0375 0.0839844 0.0371094 0.0839844 0.034375 0.0805664 0.0339844 0.0805664 0.0332031 0.0795898 0.0324219 0.0795898 0.0316406 0.0786133 0.03125 0.0786133 0.0292969 0.0761719
2 0.000390625 0.0639648 0 0.0644531 0 0.0703125 0.00195312 0.0727539 0.00234375 0.0727539 0.00273437 0.0732422 0.00351563 0.0732422 0.00429688 0.0742188 0.00507813 0.0742188 0.00546875 0.074707 0.00585938 0.074707 0.00703125 0.0761719 0.00742187 0.0761719 0.0113281 0.0810547 0.0113281 0.081543 0.0128906 0.0834961 0.0128906 0.0844727 0.0132812 0.0849609 0.0132812 0.0854492 0.0140625 0.0864258 0.0140625 0.0874023 0.0144531 0.0878906 0.0144531 0.0917969 0.015625 0.0932617 0.0171875 0.0932617 0.0183594 0.0917969 0.0183594 0.0913086 0.01875 0.0908203 0.01875 0.0791016 0.0183594 0.0786133 0.0183594 0.078125 0.0179687 0.0776367 0.0179687 0.0771484 0.0175781 0.0766602 0.0175781 0.0761719 0.0152344 0.0732422 0.0148437 0.0732422 0.0132812 0.0712891 0.0128906 0.0712891 0.0105469 0.0683594 0.0101563 0.0683594 0.009375 0.0673828 0.00898437 0.0673828 0.00742187 0.0654297 0.00703125 0.0654297 0.00625 0.0644531 0.00546875 0.0644531 0.00507813 0.0639648
2 0.100781 0.0249023 0.0996094 0.0263672 0.0992187 0.0263672 0.0980469 0.027832 0.0980469 0.0288086 0.096875 0.0302734 0.096875 0.0322266 0.0960938 0.0332031 0.0960938 0.0336914 0.0957031 0.0341797 0.0957031 0.0351562 0.0953125 0.0356445 0.0953125 0.0361328 0.0949219 0.0366211 0.0949219 0.0371094 0.0945312 0.0375977 0.0945312 0.0390625 0.0933594 0.0405273 0.0933594 0.0415039 0.0929688 0.0419922 0.0929688 0.0429688 0.0917969 0.0444336 0.0917969 0.0449219 0.0914062 0.0454102 0.0914062 0.0458984 0.0910156 0.0463867 0.0910156 0.0478516 0.0902344 0.0488281 0.0902344 0.0493164 0.0898438 0.0498047 0.0898438 0.050293 0.0890625 0.0512695 0.0890625 0.0517578 0.0882813 0.0527344 0.0882813 0.0556641 0.0894531 0.0571289 0.0917969 0.0571289 0.0925781 0.0561523 0.0929688 0.0561523 0.0941406 0.0546875 0.0941406 0.0541992 0.0945312 0.0537109 0.0949219 0.0537109 0.0960938 0.0522461 0.0960938 0.0517578 0.0972656 0.050293 0.0972656 0.0498047 0.0992187 0.0473633 0.0992187 0.046875 0.100781 0.0449219 0.100781 0.0444336 0.101953 0.0429688 0.101953 0.0419922 0.102344 0.0415039 0.102344 0.0410156 0.103125 0.0400391 0.103125 0.0395508 0.103516 0.0390625 0.103516 0.0385742 0.104297 0.0375977 0.104297 0.0361328 0.104688 0.0356445 0.104688 0.0351562 0.105078 0.034668 0.105078 0.0268555 0.103906 0.0253906 0.102734 0.0253906 0.102344 0.0249023
2 0.0871094 0.097168 0.0867187 0.0976562 0.0863281 0.0976562 0.0832031 0.101562 0.0824219 0.101562 0.0820312 0.102051 0.0816406 0.102051 0.0800781 0.104004 0.0792969 0.104004 0.0785156 0.10498 0.0777344 0.10498 0.0769531 0.105957 0.0765625 0.105957 0.0761719 0.106445 0.0753906 0.106445 0.0742188 0.10791 0.071875 0.10791 0.0714844 0.108398 0.0695313 0.108398 0.0691406 0.108887 0.0679687 0.108887 0.0675781 0.109375 0.0671875 0.109375 0.0660156 0.11084 0.0652344 0.11084 0.0640625 0.112305 0.0640625 0.112793 0.0636719 0.113281 0.0636719 0.116699 0.0648438 0.118164 0.0707031 0.118164 0.0710937 0.117676 0.0730469 0.117676 0.0734375 0.117188 0.0738281 0.117188 0.0742188 0.116699 0.0746094 0.116699 0.0753906 0.115723 0.0765625 0.115723 0.0769531 0.115234 0.0777344 0.115234 0.0785156 0.114258 0.0789062 0.114258 0.0792969 0.11377 0.0796875 0.11377 0.0800781 0.113281 0.0804688 0.113281 0.0828125 0.110352 0.0832031 0.110352 0.0851563 0.10791 0.0855469 0.10791 0.0867187 0.106445 0.0867187 0.105957 0.0898438 0.102051 0.0898438 0.101562 0.0902344 0.101074 0.0902344 0.0986328 0.0890625 0.097168
1 0.0847656 0.114746 0.0828125 0.117188 0.0828125 0.120117 0.0832031 0.120605 0.0832031 0.121094 0.084375 0.122559 0.0855469 0.122559 0.0867187 0.124023 0.0878906 0.124023 0.0882813 0.124512 0.090625 0.124512 0.0910156 0.125 0.0964844 0.125 0.096875 0.125488 0.0992187 0.125488 0.0996094 0.125977 0.103516 0.125977 0.103906 0.126465 0.105469 0.126465 0.105859 0.126953 0.106641 0.126953 0.107031 0.127441 0.107813 0.127441 0.108203 0.12793 0.108984 0.12793 0.109766 0.128906 0.110156 0.128906 0.110547 0.129395 0.110937 0.129395 0.111328 0.129883 0.113281 0.129883 0.114453 0.128418 0.114453 0.125977 0.110937 0.121582 0.110547 0.121582 0.109375 0.120117 0.108594 0.120117 0.107813 0.119141 0.107031 0.119141 0.106641 0.118652 0.10625 0.118652 0.105859 0.118164 0.104688 0.118164 0.104297 0.117676 0.102734 0.117676 0.102344 0.117188 0.101172 0.117188 0.100781 0.116699 0.0996094 0.116699 0.0992187 0.116211 0.0976562 0.116211 0.0972656 0.115723 0.0953125 0.115723 0.0949219 0.115234 0.0921875 0.115234 0.0917969 0.114746
2 0.151953 0.00732422 0.150781 0.00878906 0.150781 0.0117188 0.150391 0.012207 0.150391 0.0136719 0.149609 0.0146484 0.149609 0.015625 0.149219 0.0161133 0.149219 0.0166016 0.148438 0.0175781 0.148438 0.0185547 0.148047 0.019043 0.148047 0.0195312 0.147656 0.0200195 0.147656 0.0205078 0.146875 0.0214844 0.146875 0.0219727 0.146094 0.0229492 0.146094 0.0239258 0.145703 0.0244141 0.145703 0.0253906 0.144922 0.0263672 0.144922 0.0336914 0.146094 0.0351562 0.148047 0.0351562 0.150391 0.0322266 0.150391 0.0317383 0.151172 0.0307617 0.151172 0.0302734 0.152344 0.0288086 0.152344 0.0283203 0.152734 0.027832 0.152734 0.0273438 0.153125 0.0268555 0.153125 0.0258789 0.153516 0.0253906 0.153516 0.0229492 0.153906 0.0224609 0.153906 0.0214844 0.154297 0.0209961 0.154297 0.0200195 0.154688 0.0195312 0.154688 0.0151367 0.155078 0.0146484 0.155078 0.0117188 0.154688 0.0112305 0.154688 0.00878906 0.153516 0.00732422
2 0.144531 0.0410156 0.143359 0.0424805 0.143359 0.0458984 0.144141 0.046875 0.144141 0.0473633 0.144531 0.0478516 0.144531 0.0488281 0.145313 0.0498047 0.145313 0.050293 0.148047 0.0537109 0.148047 0.0541992 0.152734 0.0600586 0.152734 0.0605469 0.154297 0.0625 0.154688 0.0625 0.157812 0.0664062 0.158203 0.0664062 0.160156 0.0688477 0.160547 0.0688477 0.162109 0.0708008 0.1625 0.0708008 0.163672 0.0722656 0.164062 0.0722656 0.164453 0.0727539 0.165234 0.0727539 0.165625 0.0732422 0.168359 0.0732422 0.169531 0.0717773 0.169531 0.0693359 0.168359 0.0678711 0.168359 0.0673828 0.166797 0.0654297 0.166797 0.0649414 0.166406 0.0644531 0.166406 0.0639648 0.164844 0.0620117 0.164844 0.0615234 0.164453 0.0610352 0.164453 0.0605469 0.164062 0.0600586 0.164062 0.0595703 0.162891 0.0581055 0.162891 0.0576172 0.1625 0.0571289 0.1625 0.0566406 0.161328 0.0551758 0.161328 0.0541992 0.159375 0.0517578 0.159375 0.050293 0.158203 0.0488281 0.158203 0.0483398 0.157031 0.046875 0.156641 0.046875 0.154688 0.0444336 0.153906 0.0444336 0.153516 0.0439453 0.153125 0.0439453 0.152344 0.0429688 0.151953 0.0429688 0.151172 0.0419922 0.149219 0.0419922 0.148828 0.0415039 0.148047 0.0415039 0.147656 0.0410156
2 0.167969 0.35791 0.167578 0.358398 0.166016 0.358398 0.165625 0.358887 0.144922 0.358887 0.142969 0.361328 0.142969 0.36377 0.144141 0.365234 0.144531 0.365234 0.144922 0.365723 0.149219 0.365723 0.149609 0.366211 0.164453 0.366211 0.164844 0.366699 0.167578 0.366699 0.167969 0.367188 0.169141 0.367188 0.169531 0.367676 0.175 0.367676 0.176953 0.365234 0.176953 0.360352 0.175 0.35791
2 0.147656 0.0961914 0.146484 0.0976562 0.146484 0.101074 0.146875 0.101562 0.146875 0.102539 0.147656 0.103516 0.147656 0.104004 0.151172 0.108398 0.151562 0.108398 0.152734 0.109863 0.153125 0.109863 0.153516 0.110352 0.153906 0.110352 0.154297 0.11084 0.154688 0.11084 0.155078 0.111328 0.155469 0.111328 0.15625 0.112305 0.156641 0.112305 0.157422 0.113281 0.158203 0.113281 0.158594 0.11377 0.158984 0.11377 0.159375 0.114258 0.161328 0.114258 0.161719 0.114746 0.1625 0.114746 0.162891 0.115234 0.165234 0.115234 0.165625 0.115723 0.169141 0.115723 0.169531 0.116211 0.172656 0.116211 0.173047 0.115723 0.173828 0.115723 0.175391 0.11377 0.175391 0.108887 0.173828 0.106934 0.169922 0.106934 0.169531 0.106445 0.16875 0.106445 0.168359 0.105957 0.167969 0.105957 0.167578 0.105469 0.166797 0.105469 0.166406 0.10498 0.165625 0.10498 0.165234 0.104492 0.164844 0.104492 0.164453 0.104004 0.163281 0.104004 0.162891 0.103516 0.162109 0.103516 0.161719 0.103027 0.161328 0.103027 0.160547 0.102051 0.159766 0.102051 0.159375 0.101562 0.158984 0.101562 0.158203 0.100586 0.157812 0.100586 0.156641 0.0991211 0.155859 0.0991211 0.154688 0.0976562 0.151562 0.0976562 0.151172 0.097168 0.150391 0.097168 0.149609 0.0961914
1 0.161328 0 0.160547 0.000976562 0.160547 0.00488281 0.160938 0.00537109 0.160938 0.00585938 0.161328 0.00634766 0.161328 0.00732422 0.161719 0.0078125 0.161719 0.00878906 0.162109 0.00927734 0.162109 0.0107422 0.1625 0.0112305 0.1625 0.0117188 0.162891 0.012207 0.162891 0.0126953 0.163281 0.0131836 0.163281 0.0141602 0.163672 0.0146484 0.163672 0.0151367 0.164062 0.015625 0.164062 0.0166016 0.164453 0.0170898 0.164453 0.0175781 0.164844 0.0180664 0.164844 0.0195312 0.165234 0.0200195 0.165234 0.0219727 0.165625 0.0224609 0.165625 0.0239258 0.166016 0.0244141 0.166016 0.0263672 0.166406 0.0268555 0.166406 0.0283203 0.166797 0.0288086 0.166797 0.0292969 0.167187 0.0297852 0.167187 0.0307617 0.167578 0.03125 0.167578 0.0322266 0.16875 0.0336914 0.16875 0.0351562 0.169141 0.0356445 0.169141 0.0361328 0.173047 0.0410156 0.175391 0.0410156 0.176563 0.0395508 0.176563 0.0288086 0.176172 0.0283203 0.176172 0.0273438 0.175781 0.0268555 0.175781 0.0258789 0.175391 0.0253906 0.175391 0.0244141 0.174609 0.0234375 0.174609 0.0214844 0.173047 0.0195312 0.173047 0.019043 0.172266 0.0180664 0.172266 0.0175781 0.171484 0.0166016 0.171484 0.0161133 0.171094 0.015625 0.171094 0.0151367 0.169922 0.0136719 0.169922 0.0131836 0.168359 0.0112305 0.168359 0.0107422 0.167187 0.00927734 0.167187 0.00878906 0.166797 0.00830078 0.166797 0.0078125 0.165234 0.00585938 0.165234 0.00537109 0.164844 0.00488281 0.164844 0.00390625 0.164453 0.00341797 0.164453 0.000976562 0.163672 0
2 0.178125 0.0263672 0.176953 0.027832 0.176953 0.0371094 0.177344 0.0375977 0.177344 0.0380859 0.177734 0.0385742 0.177734 0.0395508 0.178516 0.0405273 0.178516 0.0415039 0.179688 0.0429688 0.179688 0.043457 0.180859 0.0449219 0.180859 0.0458984 0.182422 0.0478516 0.182422 0.0483398 0.184375 0.0507812 0.184375 0.0512695 0.185547 0.0527344 0.185547 0.0532227 0.186719 0.0546875 0.187109 0.0546875 0.189062 0.0571289 0.189453 0.0571289 0.190234 0.0581055 0.191016 0.0581055 0.191406 0.0585938 0.191797 0.0585938 0.192188 0.059082 0.192969 0.059082 0.193359 0.0595703 0.19375 0.0595703 0.194531 0.0605469 0.195312 0.0605469 0.195703 0.0610352 0.196094 0.0610352 0.196484 0.0615234 0.197266 0.0615234 0.198047 0.0625 0.199219 0.0625 0.199609 0.0629883 0.202734 0.0629883 0.204297 0.0610352 0.204297 0.0532227 0.203906 0.0527344 0.203906 0.0522461 0.203125 0.0512695 0.203125 0.0507812 0.201953 0.0493164 0.201953 0.0488281 0.199609 0.0458984 0.199219 0.0458984 0.196094 0.0419922 0.195703 0.0419922 0.194531 0.0405273 0.194141 0.0405273 0.191016 0.0366211 0.190234 0.0366211 0.188672 0.034668 0.188281 0.034668 0.187891 0.0341797 0.1875 0.0341797 0.187109 0.0336914 0.186719 0.0336914 0.185547 0.0322266 0.185156 0.0322266 0.184766 0.0317383 0.184375 0.0317383 0.183984 0.03125 0.183594 0.03125 0.182031 0.0292969 0.182031 0.0288086 0.180859 0.0273438 0.180469 0.0273438 0.179688 0.0263672
2 0.204297 0.00292969 0.203906 0.00341797 0.203125 0.00341797 0.202734 0.00390625 0.202344 0.00390625 0.201953 0.00439453 0.201172 0.00439453 0.200781 0.00488281 0.200391 0.00488281 0.199219 0.00634766 0.198437 0.00634766 0.197656 0.00732422 0.197266 0.00732422 0.196484 0.00830078 0.196094 0.00830078 0.191016 0.0146484 0.191016 0.015625 0.189453 0.0175781 0.189453 0.0185547 0.189062 0.019043 0.189062 0.0200195 0.188281 0.0209961 0.188281 0.0224609 0.187891 0.0229492 0.187891 0.0258789 0.189062 0.0273438 0.191406 0.0273438 0.191797 0.0268555 0.192578 0.0268555 0.193359 0.0258789 0.19375 0.0258789 0.194141 0.0253906 0.194922 0.0253906 0.196875 0.0229492 0.197656 0.0229492 0.198047 0.0224609 0.198437 0.0224609 0.199609 0.0209961 0.2 0.0209961 0.201172 0.0195312 0.201563 0.0195312 0.202734 0.0180664 0.203125 0.0180664 0.204687 0.0161133 0.205078 0.0161133 0.207031 0.0136719 0.207031 0.0131836 0.207422 0.0126953 0.207422 0.012207 0.208594 0.0107422 0.208594 0.00976562 0.208984 0.00927734 0.208984 0.0078125 0.209375 0.00732422 0.209375 0.00488281 0.208203 0.00341797 0.20625 0.00341797 0.205859 0.00292969
2 0.203516 0.0317383 0.202344 0.0332031 0.202344 0.0351562 0.207422 0.0415039 0.207422 0.0419922 0.209766 0.0449219 0.209766 0.0454102 0.210547 0.0463867 0.210547 0.046875 0.210938 0.0473633 0.210938 0.0483398 0.211719 0.0493164 0.211719 0.0507812 0.212109 0.0512695 0.212109 0.0522461 0.2125 0.0527344 0.2125 0.0537109 0.212891 0.0541992 0.212891 0.0556641 0.213281 0.0561523 0.213281 0.0576172 0.213672 0.0581055 0.213672 0.0625 0.214062 0.0629883 0.214062 0.0761719 0.215234 0.0776367 0.216797 0.0776367 0.217969 0.0761719 0.217969 0.0756836 0.219531 0.0737305 0.219531 0.0732422 0.219922 0.0727539 0.219922 0.0722656 0.220703 0.0712891 0.220703 0.0708008 0.221094 0.0703125 0.221094 0.0698242 0.221484 0.0693359 0.221484 0.0688477 0.221875 0.0683594 0.221875 0.0668945 0.222266 0.0664062 0.222266 0.0546875 0.221875 0.0541992 0.221875 0.0522461 0.221484 0.0517578 0.221484 0.0512695 0.221094 0.0507812 0.221094 0.0493164 0.220703 0.0488281 0.220703 0.0483398 0.219531 0.046875 0.219531 0.0463867 0.219141 0.0458984 0.219141 0.0454102 0.218359 0.0444336 0.218359 0.0439453 0.217578 0.0429688 0.217578 0.0424805 0.214844 0.0390625 0.214453 0.0390625 0.212891 0.0371094 0.2125 0.0371094 0.211719 0.0361328 0.211328 0.0361328 0.210547 0.0351562 0.210156 0.0351562 0.209766 0.034668 0.209375 0.034668 0.208594 0.0336914 0.208203 0.0336914 0.207422 0.0327148 0.207031 0.0327148 0.206641 0.0322266 0.20625 0.0322266 0.205859 0.0317383
2 0.240234 0.0556641 0.239844 0.0561523 0.239453 0.0561523 0.239063 0.0566406 0.238281 0.0566406 0.237109 0.0581055 0.236719 0.0581055 0.235547 0.0595703 0.234766 0.0595703 0.233594 0.0610352 0.233203 0.0610352 0.232813 0.0615234 0.232031 0.0615234 0.23125 0.0625 0.230859 0.0625 0.225781 0.0688477 0.225781 0.0693359 0.224609 0.0708008 0.224609 0.0717773 0.224219 0.0722656 0.224219 0.0727539 0.223828 0.0732422 0.223828 0.0737305 0.223438 0.0742188 0.223438 0.074707 0.223047 0.0751953 0.223047 0.0791016 0.224219 0.0805664 0.226953 0.0805664 0.227734 0.0795898 0.228516 0.0795898 0.228906 0.0791016 0.230469 0.0791016 0.23125 0.078125 0.232422 0.078125 0.232813 0.0776367 0.233203 0.0776367 0.239844 0.0693359 0.239844 0.0688477 0.241406 0.0668945 0.241406 0.0664062 0.241797 0.065918 0.241797 0.0654297 0.242578 0.0644531 0.242578 0.0629883 0.243359 0.0620117 0.243359 0.0615234 0.24375 0.0610352 0.24375 0.0581055 0.241797 0.0556641
1 0.247266 0.0410156 0.246875 0.0415039 0.246484 0.0415039 0.244531 0.0439453 0.244531 0.0463867 0.246094 0.0483398 0.246484 0.0483398 0.247266 0.0493164 0.249219 0.0493164 0.249609 0.0498047 0.250781 0.0498047 0.251563 0.0507812 0.253516 0.0507812 0.253906 0.0512695 0.255469 0.0512695 0.255859 0.0517578 0.257031 0.0517578 0.257422 0.0522461 0.261719 0.0522461 0.262109 0.0527344 0.264844 0.0527344 0.265234 0.0532227 0.274609 0.0532227 0.275781 0.0517578 0.275781 0.0498047 0.275391 0.0493164 0.275391 0.0488281 0.274219 0.0473633 0.273828 0.0473633 0.273438 0.046875 0.273047 0.046875 0.272266 0.0458984 0.271484 0.0458984 0.271094 0.0454102 0.270703 0.0454102 0.270313 0.0449219 0.269922 0.0449219 0.269141 0.0439453 0.26875 0.0439453 0.268359 0.043457 0.266406 0.043457 0.266016 0.0429688 0.264062 0.0429688 0.263672 0.0424805 0.2625 0.0424805 0.262109 0.0419922 0.258984 0.0419922 0.258203 0.0410156
2 0.252734 0.0595703 0.251172 0.0615234 0.251172 0.0620117 0.250781 0.0625 0.250781 0.0629883 0.250391 0.0634766 0.250391 0.0649414 0.25 0.0654297 0.25 0.0664062 0.249219 0.0673828 0.249219 0.0678711 0.248828 0.0683594 0.248828 0.0703125 0.248438 0.0708008 0.248438 0.0712891 0.248047 0.0717773 0.248047 0.0732422 0.247656 0.0737305 0.247656 0.0742188 0.247266 0.074707 0.247266 0.0766602 0.246875 0.0771484 0.246875 0.078125 0.246484 0.0786133 0.246484 0.0820312 0.246094 0.0825195 0.246094 0.0922852 0.248047 0.0947266 0.248438 0.0947266 0.249219 0.0957031 0.250781 0.0957031 0.252734 0.0932617 0.252734 0.0927734 0.253125 0.0922852 0.253125 0.0913086 0.253516 0.0908203 0.253516 0.0893555 0.253906 0.0888672 0.253906 0.0761719 0.254297 0.0756836 0.254297 0.0742188 0.254688 0.0737305 0.254688 0.0732422 0.255078 0.0727539 0.255078 0.0698242 0.255469 0.0693359 0.255469 0.0668945 0.255859 0.0664062 0.255859 0.065918 0.25625 0.0654297 0.25625 0.0620117 0.254297 0.0595703
2 0.200391 0.112305 0.2 0.112793 0.198828 0.112793 0.197266 0.114746 0.197266 0.117188 0.198828 0.119141 0.2 0.119141 0.200391 0.119629 0.201172 0.119629 0.201953 0.120605 0.203125 0.120605 0.203516 0.121094 0.205469 0.121094 0.205859 0.121582 0.20625 0.121582 0.206641 0.12207 0.208984 0.12207 0.209375 0.122559 0.210938 0.122559 0.211328 0.123047 0.213672 0.123047 0.214062 0.123535 0.221875 0.123535 0.223828 0.121094 0.223828 0.117676 0.222266 0.115723 0.221875 0.115723 0.221094 0.114746 0.219922 0.114746 0.219531 0.114258 0.217578 0.114258 0.217188 0.11377 0.216406 0.11377 0.216016 0.113281 0.212109 0.113281 0.211719 0.112793 0.211328 0.112793 0.210938 0.112305
2 0.213281 0.122559 0.212891 0.123047 0.209766 0.123047 0.209375 0.123535 0.208203 0.123535 0.207422 0.124512 0.207031 0.124512 0.206641 0.125 0.205469 0.125 0.205078 0.125488 0.204687 0.125488 0.204297 0.125977 0.203906 0.125977 0.203125 0.126953 0.202734 0.126953 0.201172 0.128906 0.200781 0.128906 0.199609 0.130371 0.199219 0.130371 0.196875 0.133301 0.196875 0.133789 0.193359 0.138184 0.193359 0.141602 0.194531 0.143066 0.196484 0.143066 0.196875 0.142578 0.199609 0.142578 0.2 0.14209 0.201172 0.14209 0.201563 0.141602 0.202344 0.141602 0.203125 0.140625 0.203516 0.140625 0.204687 0.13916 0.205469 0.13916 0.206641 0.137695 0.207813 0.137695 0.209375 0.135742 0.210156 0.135742 0.212891 0.132324 0.213281 0.132324 0.214453 0.130859 0.214453 0.130371 0.215234 0.129395 0.215625 0.129395 0.216797 0.12793 0.216797 0.124023 0.215625 0.122559
2 0.236719 0.0205078 0.235937 0.0214844 0.235547 0.0214844 0.235156 0.0219727 0.234375 0.0219727 0.233984 0.0224609 0.233594 0.0224609 0.233203 0.0229492 0.232422 0.0229492 0.231641 0.0239258 0.23125 0.0239258 0.230859 0.0244141 0.230078 0.0244141 0.228516 0.0263672 0.228125 0.0263672 0.227734 0.0268555 0.227344 0.0268555 0.226953 0.0273438 0.226562 0.0273438 0.226172 0.027832 0.225781 0.027832 0.224219 0.0297852 0.223828 0.0297852 0.222656 0.03125 0.222656 0.0322266 0.222266 0.0327148 0.222266 0.0332031 0.221484 0.0341797 0.221484 0.0361328 0.221875 0.0366211 0.221875 0.0390625 0.223047 0.0405273 0.225391 0.0405273 0.225781 0.0400391 0.226172 0.0400391 0.226562 0.0395508 0.227344 0.0395508 0.227734 0.0390625 0.228125 0.0390625 0.228516 0.0385742 0.229297 0.0385742 0.229687 0.0380859 0.230078 0.0380859 0.230469 0.0375977 0.230859 0.0375977 0.231641 0.0366211 0.232031 0.0366211 0.232422 0.0361328 0.233203 0.0361328 0.234375 0.034668 0.234766 0.034668 0.235547 0.0336914 0.235937 0.0336914 0.236719 0.0327148 0.237109 0.0327148 0.2375 0.0322266 0.237891 0.0322266 0.240625 0.0288086 0.240625 0.0283203 0.241016 0.027832 0.241016 0.0273438 0.241797 0.0263672 0.241797 0.0234375 0.240625 0.0219727 0.239453 0.0219727 0.238281 0.0205078
2 0.234375 0.0366211 0.232422 0.0390625 0.232422 0.0395508 0.23125 0.0410156 0.23125 0.0415039 0.228906 0.0444336 0.228906 0.0449219 0.228516 0.0454102 0.228516 0.0458984 0.228125 0.0463867 0.228125 0.046875 0.226562 0.0488281 0.226562 0.0507812 0.226172 0.0512695 0.226172 0.0522461 0.225781 0.0527344 0.225781 0.0585938 0.226953 0.0600586 0.229297 0.0600586 0.234375 0.0537109 0.234375 0.0532227 0.234766 0.0527344 0.234766 0.0522461 0.235547 0.0512695 0.235547 0.0507812 0.235937 0.050293 0.235937 0.0498047 0.236328 0.0493164 0.236328 0.0488281 0.236719 0.0483398 0.236719 0.0478516 0.237109 0.0473633 0.237109 0.0463867 0.2375 0.0458984 0.2375 0.0454102 0.237891 0.0449219 0.237891 0.0444336 0.238281 0.0439453 0.238281 0.043457 0.239063 0.0424805 0.239063 0.0395508 0.237891 0.0380859 0.237109 0.0380859 0.235937 0.0366211
2 0.117188 0.00488281 0.115625 0.00683594 0.115625 0.00732422 0.115234 0.0078125 0.115234 0.00830078 0.114844 0.00878906 0.114844 0.0107422 0.114453 0.0112305 0.114453 0.012207 0.114062 0.0126953 0.114062 0.0131836 0.113672 0.0136719 0.113672 0.0141602 0.112891 0.0151367 0.112891 0.015625 0.1125 0.0161133 0.1125 0.0166016 0.112109 0.0170898 0.112109 0.0175781 0.111328 0.0185547 0.111328 0.0195312 0.110547 0.0205078 0.110547 0.0229492 0.110156 0.0234375 0.110156 0.0332031 0.111328 0.034668 0.114062 0.034668 0.114453 0.0341797 0.115625 0.0341797 0.116016 0.0336914 0.116406 0.0336914 0.11875 0.0307617 0.11875 0.0302734 0.119141 0.0297852 0.119141 0.00927734 0.119922 0.00830078 0.119922 0.00634766 0.11875 0.00488281
1 0.321875 0.0253906 0.321484 0.0258789 0.320312 0.0258789 0.31875 0.027832 0.317969 0.027832 0.316016 0.0302734 0.315625 0.0302734 0.312891 0.0336914 0.3125 0.0336914 0.310156 0.0366211 0.309766 0.0366211 0.308984 0.0375977 0.308594 0.0375977 0.307422 0.0390625 0.307031 0.0390625 0.305859 0.0405273 0.305078 0.0405273 0.304297 0.0415039 0.303516 0.0415039 0.303125 0.0419922 0.295703 0.0419922 0.294531 0.043457 0.294531 0.0463867 0.294922 0.046875 0.294922 0.0473633 0.296875 0.0498047 0.297266 0.0498047 0.297656 0.050293 0.298047 0.050293 0.298438 0.0507812 0.298828 0.0507812 0.299219 0.0512695 0.301172 0.0512695 0.301563 0.0517578 0.301953 0.0517578 0.302344 0.0522461 0.303125 0.0522461 0.303516 0.0527344 0.310156 0.0527344 0.310937 0.0517578 0.311328 0.0517578 0.312109 0.0507812 0.3125 0.0507812 0.312891 0.050293 0.313281 0.050293 0.317188 0.0454102 0.317188 0.0449219 0.31875 0.0429688 0.31875 0.0424805 0.319141 0.0419922 0.319141 0.0410156 0.319922 0.0400391 0.319922 0.0390625 0.320312 0.0385742 0.320312 0.0380859 0.320703 0.0375977 0.320703 0.0371094 0.321484 0.0361328 0.321484 0.0356445 0.325391 0.0307617 0.325391 0.0288086 0.324609 0.027832 0.324609 0.0268555 0.323437 0.0253906
1 0.357812 0 0.35625 0.00195312 0.355469 0.00195312 0.354687 0.00292969 0.354297 0.00292969 0.353906 0.00341797 0.353125 0.00341797 0.352734 0.00390625 0.351953 0.00390625 0.351562 0.00439453 0.351172 0.00439453 0.350391 0.00537109 0.349609 0.00537109 0.348828 0.00634766 0.348438 0.00634766 0.347656 0.00732422 0.347266 0.00732422 0.346875 0.0078125 0.346484 0.0078125 0.345313 0.00927734 0.344922 0.00927734 0.340625 0.0146484 0.340625 0.015625 0.339844 0.0166016 0.339844 0.0170898 0.339453 0.0175781 0.339453 0.0200195 0.340625 0.0214844 0.342187 0.0214844 0.344531 0.0185547 0.344922 0.0185547 0.345313 0.0180664 0.346094 0.0180664 0.346484 0.0175781 0.346875 0.0175781 0.347266 0.0170898 0.347656 0.0170898 0.348047 0.0166016 0.349219 0.0166016 0.349609 0.0161133 0.35 0.0161133 0.350391 0.015625 0.351172 0.015625 0.351562 0.0151367 0.352344 0.0151367 0.352734 0.0146484 0.353516 0.0146484 0.353906 0.0141602 0.354297 0.0141602 0.355078 0.0131836 0.355859 0.0131836 0.357031 0.0117188 0.357422 0.0117188 0.360938 0.00732422 0.360938 0.00683594 0.361328 0.00634766 0.361328 0.00585938 0.361719 0.00537109 0.361719 0.00488281 0.362109 0.00439453 0.362109 0.00341797 0.3625 0.00292969 0.3625 0
2 0.301172 0.00292969 0.3 0.00439453 0.3 0.00732422 0.300781 0.00830078 0.300781 0.00878906 0.302344 0.0107422 0.302344 0.0112305 0.303906 0.0131836 0.303906 0.0136719 0.306641 0.0170898 0.307031 0.0170898 0.307422 0.0175781 0.307812 0.0175781 0.308203 0.0180664 0.308594 0.0180664 0.309766 0.0195312 0.310156 0.0195312 0.310547 0.0200195 0.311328 0.0200195 0.311719 0.0205078 0.312891 0.0205078 0.313281 0.0209961 0.320703 0.0209961 0.321094 0.0205078 0.321875 0.0205078 0.322266 0.0200195 0.322656 0.0200195 0.324219 0.0180664 0.324609 0.0180664 0.325391 0.0170898 0.325781 0.0170898 0.330469 0.0112305 0.330469 0.0107422 0.33125 0.00976562 0.33125 0.00927734 0.331641 0.00878906 0.331641 0.00830078 0.332031 0.0078125 0.332031 0.00732422 0.332422 0.00683594 0.332422 0.00439453 0.33125 0.00292969 0.328906 0.00292969 0.328125 0.00390625 0.327344 0.00390625 0.326172 0.00537109 0.325781 0.00537109 0.323828 0.0078125 0.323047 0.0078125 0.322656 0.00830078 0.322266 0.00830078 0.321875 0.00878906 0.321484 0.00878906 0.321094 0.00927734 0.320312 0.00927734 0.319922 0.00976562 0.317188 0.00976562 0.316797 0.0102539 0.314063 0.0102539 0.313672 0.00976562 0.313281 0.00976562 0.312891 0.00927734 0.312109 0.00927734 0.311719 0.00878906 0.310937 0.00878906 0.310547 0.00830078 0.310156 0.00830078 0.309766 0.0078125 0.309375 0.0078125 0.308203 0.00634766 0.307812 0.00634766 0.307031 0.00537109 0.306641 0.00537109 0.305859 0.00439453 0.305469 0.00439453 0.305078 0.00390625 0.304688 0.00390625 0.304297 0.00341797 0.303125 0.00341797 0.302734 0.00292969
2 0.376563 0 0.376563 0.00195312 0.377344 0.00292969 0.377344 0.00341797 0.377734 0.00390625 0.377734 0.00488281 0.378516 0.00585938 0.378516 0.0078125 0.378906 0.00830078 0.378906 0.00927734 0.379297 0.00976562 0.379297 0.0112305 0.379688 0.0117188 0.379688 0.0126953 0.380078 0.0131836 0.380078 0.015625 0.380469 0.0161133 0.380469 0.0166016 0.380859 0.0170898 0.380859 0.0175781 0.38125 0.0180664 0.38125 0.0185547 0.381641 0.019043 0.381641 0.0195312 0.382422 0.0205078 0.382422 0.0219727 0.382812 0.0224609 0.382812 0.0229492 0.383203 0.0234375 0.383203 0.0239258 0.383594 0.0244141 0.383594 0.0253906 0.383984 0.0258789 0.383984 0.0263672 0.384375 0.0268555 0.384375 0.0283203 0.385547 0.0297852 0.3875 0.0297852 0.388672 0.0283203 0.388672 0.0263672 0.388281 0.0258789 0.388281 0.0249023 0.387891 0.0244141 0.387891 0.0219727 0.3875 0.0214844 0.3875 0.0166016 0.387109 0.0161133 0.387109 0.0146484 0.386719 0.0141602 0.386719 0.0131836 0.386328 0.0126953 0.386328 0.00976562 0.385937 0.00927734 0.385937 0
2 0.364063 0.114746 0.363672 0.115234 0.3625 0.115234 0.361719 0.116211 0.361328 0.116211 0.360938 0.116699 0.360156 0.116699 0.359766 0.117188 0.358984 0.117188 0.358594 0.117676 0.35625 0.117676 0.355859 0.118164 0.354297 0.118164 0.353906 0.118652 0.351953 0.118652 0.351172 0.119629 0.350781 0.119629 0.349609 0.121094 0.349609 0.121582 0.348828 0.122559 0.348828 0.124512 0.350391 0.126465 0.351562 0.126465 0.351953 0.126953 0.352734 0.126953 0.353125 0.127441 0.365234 0.127441 0.365625 0.12793 0.367578 0.12793 0.367969 0.128418 0.368359 0.128418 0.369141 0.129395 0.369531 0.129395 0.369922 0.129883 0.370312 0.129883 0.371094 0.130859 0.371484 0.130859 0.372656 0.132324 0.373047 0.132324 0.373437 0.132812 0.373828 0.132812 0.374219 0.133301 0.374609 0.133301 0.375 0.133789 0.375391 0.133789 0.375781 0.134277 0.376563 0.134277 0.377344 0.135254 0.378906 0.135254 0.379297 0.135742 0.380469 0.135742 0.380859 0.13623 0.384375 0.13623 0.385937 0.134277 0.385937 0.131348 0.385547 0.130859 0.385547 0.130371 0.384766 0.129395 0.384766 0.128906 0.378906 0.121582 0.378516 0.121582 0.377344 0.120117 0.376953 0.120117 0.376563 0.119629 0.376172 0.119629 0.375781 0.119141 0.375391 0.119141 0.374609 0.118164 0.374219 0.118164 0.373828 0.117676 0.373047 0.117676 0.372266 0.116699 0.371484 0.116699 0.371094 0.116211 0.370312 0.116211 0.369922 0.115723 0.369531 0.115723 0.369141 0.115234 0.36875 0.115234 0.368359 0.114746
2 0.361328 0.103516 0.360156 0.10498 0.360156 0.106934 0.363281 0.11084 0.363672 0.11084 0.364453 0.111816 0.364844 0.111816 0.365234 0.112305 0.365625 0.112305 0.366406 0.113281 0.367188 0.113281 0.367578 0.11377 0.367969 0.11377 0.36875 0.114746 0.369531 0.114746 0.370312 0.115723 0.370703 0.115723 0.371484 0.116699 0.371875 0.116699 0.372656 0.117676 0.373047 0.117676 0.373437 0.118164 0.374219 0.118164 0.374609 0.118652 0.375 0.118652 0.375391 0.119141 0.376563 0.119141 0.376953 0.119629 0.377344 0.119629 0.377734 0.120117 0.378906 0.120117 0.379297 0.120605 0.379688 0.120605 0.380078 0.121094 0.380469 0.121094 0.38125 0.12207 0.382812 0.12207 0.383594 0.123047 0.384375 0.123047 0.384766 0.123535 0.3875 0.123535 0.387891 0.124023 0.389844 0.124023 0.390625 0.125 0.391797 0.125 0.392578 0.125977 0.394141 0.125977 0.394531 0.126465 0.395313 0.126465 0.395703 0.126953 0.396484 0.126953 0.396875 0.127441 0.399219 0.127441 0.400391 0.125977 0.400391 0.124023 0.396484 0.119141 0.396484 0.118652 0.395313 0.117188 0.394922 0.117188 0.39375 0.115723 0.393359 0.115723 0.392578 0.114746 0.392188 0.114746 0.390234 0.112305 0.389844 0.112305 0.389453 0.111816 0.3875 0.111816 0.387109 0.111328 0.385156 0.111328 0.384766 0.11084 0.383594 0.11084 0.383203 0.110352 0.38125 0.110352 0.380859 0.109863 0.379688 0.109863 0.379297 0.109375 0.378516 0.109375 0.378125 0.108887 0.376953 0.108887 0.376563 0.108398 0.375781 0.108398 0.375391 0.10791 0.371875 0.10791 0.371484 0.107422 0.369922 0.107422 0.369531 0.106934 0.369141 0.106934 0.36875 0.106445 0.367969 0.106445 0.367578 0.105957 0.367188 0.105957 0.366406 0.10498 0.366016 0.10498 0.365625 0.104492 0.364453 0.104492 0.364063 0.104004 0.363672 0.104004 0.363281 0.103516
2 0.311328 0.44043 0.310156 0.441895 0.310156 0.445312 0.311719 0.447266 0.3125 0.447266 0.313281 0.448242 0.313672 0.448242 0.314063 0.44873 0.314844 0.44873 0.315234 0.449219 0.316016 0.449219 0.316797 0.450195 0.317188 0.450195 0.317578 0.450684 0.319141 0.450684 0.319531 0.451172 0.321875 0.451172 0.322266 0.45166 0.340625 0.45166 0.341406 0.450684 0.341797 0.450684 0.34375 0.448242 0.34375 0.446289 0.341797 0.443848 0.341016 0.443848 0.340625 0.443359 0.339844 0.443359 0.339453 0.442871 0.333203 0.442871 0.332813 0.442383 0.321094 0.442383 0.319531 0.44043
2 0.375781 0.145996 0.374609 0.147461 0.374609 0.149414 0.376172 0.151367 0.376172 0.151855 0.377344 0.15332 0.377734 0.15332 0.378906 0.154785 0.379297 0.154785 0.380469 0.15625 0.380859 0.15625 0.38125 0.156738 0.382031 0.156738 0.382422 0.157227 0.382812 0.157227 0.383203 0.157715 0.384766 0.157715 0.385547 0.158691 0.386328 0.158691 0.386719 0.15918 0.387109 0.15918 0.387891 0.160156 0.388281 0.160156 0.395703 0.169434 0.396484 0.169434 0.397266 0.17041 0.397656 0.17041 0.398438 0.171387 0.398828 0.171387 0.399609 0.172363 0.4 0.172363 0.400391 0.172852 0.402344 0.172852 0.403516 0.171387 0.403516 0.16748 0.403125 0.166992 0.403125 0.166504 0.402734 0.166016 0.402734 0.165039 0.402344 0.164551 0.402344 0.164062 0.401562 0.163086 0.401562 0.162109 0.400391 0.160645 0.4 0.160645 0.397656 0.157715 0.397266 0.157715 0.396484 0.156738 0.396094 0.156738 0.395703 0.15625 0.395313 0.15625 0.394531 0.155273 0.39375 0.155273 0.392969 0.154297 0.392578 0.154297 0.391797 0.15332 0.390625 0.15332 0.390234 0.152832 0.389453 0.152832 0.389062 0.152344 0.388281 0.152344 0.387891 0.151855 0.387109 0.151855 0.386719 0.151367 0.386328 0.151367 0.385937 0.150879 0.385547 0.150879 0.385156 0.150391 0.383984 0.150391 0.383594 0.149902 0.383203 0.149902 0.382812 0.149414 0.382422 0.149414 0.382031 0.148926 0.381641 0.148926 0.38125 0.148438 0.380469 0.148438 0.380078 0.147949 0.379688 0.147949 0.378516 0.146484 0.378125 0.146484 0.377734 0.145996
2 0.41875 0.120605 0.418359 0.121094 0.417969 0.121094 0.416797 0.122559 0.416406 0.122559 0.415625 0.123535 0.415234 0.123535 0.414453 0.124512 0.414062 0.124512 0.413672 0.125 0.413281 0.125 0.412891 0.125488 0.4125 0.125488 0.410938 0.127441 0.410547 0.127441 0.410156 0.12793 0.409766 0.12793 0.408203 0.129883 0.407813 0.129883 0.403906 0.134766 0.403906 0.135254 0.402734 0.136719 0.402734 0.137207 0.402344 0.137695 0.402344 0.138184 0.401953 0.138672 0.401953 0.13916 0.401562 0.139648 0.401562 0.140137 0.400781 0.141113 0.400781 0.141602 0.4 0.142578 0.4 0.143066 0.399609 0.143555 0.399609 0.144043 0.398828 0.14502 0.398828 0.145508 0.398438 0.145996 0.398438 0.146484 0.398047 0.146973 0.398047 0.147949 0.397656 0.148438 0.397656 0.152344 0.398828 0.153809 0.401172 0.153809 0.401562 0.15332 0.401953 0.15332 0.402344 0.152832 0.402734 0.152832 0.405859 0.148926 0.405859 0.148438 0.407031 0.146973 0.407031 0.146484 0.407813 0.145508 0.407813 0.14502 0.408984 0.143555 0.408984 0.143066 0.410547 0.141113 0.410938 0.141113 0.4125 0.13916 0.412891 0.13916 0.414453 0.137207 0.414844 0.137207 0.41875 0.132324 0.41875 0.131836 0.419141 0.131348 0.419141 0.130859 0.419922 0.129883 0.419922 0.128906 0.420312 0.128418 0.420312 0.12793 0.421094 0.126953 0.421094 0.126465 0.421484 0.125977 0.421484 0.124512 0.421875 0.124023 0.421875 0.12207 0.420703 0.120605
1 0.473828 0.116699 0.473438 0.117188 0.472266 0.117188 0.471875 0.117676 0.470703 0.117676 0.470313 0.118164 0.469922 0.118164 0.469531 0.118652 0.467578 0.118652 0.467187 0.119141 0.466406 0.119141 0.466016 0.119629 0.462891 0.119629 0.461719 0.121094 0.461719 0.123535 0.462891 0.125 0.463281 0.125 0.464062 0.125977 0.464453 0.125977 0.464844 0.126465 0.466406 0.126465 0.466797 0.126953 0.467578 0.126953 0.467969 0.127441 0.473828 0.127441 0.474219 0.126953 0.475781 0.126953 0.476172 0.126465 0.48125 0.126465 0.482031 0.127441 0.482812 0.127441 0.483203 0.12793 0.485156 0.12793 0.485547 0.128418 0.487109 0.128418 0.4875 0.128906 0.488281 0.128906 0.488672 0.129395 0.491406 0.129395 0.492578 0.12793 0.492578 0.125977 0.489844 0.122559 0.489063 0.122559 0.488672 0.12207 0.488281 0.12207 0.487891 0.121582 0.4875 0.121582 0.486719 0.120605 0.486328 0.120605 0.484766 0.118652 0.483984 0.118652 0.483594 0.118164 0.483203 0.118164 0.482031 0.116699
2 0.456641 0.12207 0.45625 0.122559 0.455469 0.122559 0.455078 0.123047 0.454297 0.123047 0.453906 0.123535 0.452734 0.123535 0.452344 0.124023 0.451562 0.124023 0.451172 0.124512 0.449609 0.124512 0.449219 0.125 0.448047 0.125 0.447656 0.125488 0.446875 0.125488 0.446484 0.125977 0.445703 0.125977 0.444922 0.126953 0.444141 0.126953 0.442969 0.128418 0.442578 0.128418 0.442188 0.128906 0.441797 0.128906 0.441406 0.129395 0.440625 0.129395 0.440234 0.129883 0.439844 0.129883 0.439063 0.130859 0.438672 0.130859 0.438281 0.131348 0.437891 0.131348 0.437109 0.132324 0.436328 0.132324 0.435547 0.133301 0.435156 0.133301 0.432422 0.136719 0.432422 0.137207 0.432031 0.137695 0.432031 0.138184 0.431641 0.138672 0.431641 0.141602 0.432812 0.143066 0.434766 0.143066 0.435547 0.14209 0.437109 0.14209 0.4375 0.141602 0.437891 0.141602 0.438281 0.141113 0.439063 0.141113 0.440625 0.13916 0.441016 0.13916 0.441406 0.138672 0.441797 0.138672 0.442188 0.138184 0.442578 0.138184 0.443359 0.137207 0.44375 0.137207 0.444922 0.135742 0.445703 0.135742 0.446484 0.134766 0.447266 0.134766 0.448047 0.133789 0.448828 0.133789 0.449609 0.132812 0.450391 0.132812 0.451172 0.131836 0.451953 0.131836 0.452344 0.131348 0.452734 0.131348 0.453516 0.130371 0.453906 0.130371 0.454297 0.129883 0.454688 0.129883 0.455078 0.129395 0.455469 0.129395 0.455859 0.128906 0.45625 0.128906 0.456641 0.128418 0.457031 0.128418 0.457813 0.127441 0.458203 0.127441 0.459766 0.125488 0.459766 0.123535 0.458594 0.12207
1 0.466797 0.145508 0.466406 0.145996 0.463672 0.145996 0.463281 0.146484 0.462891 0.146484 0.462109 0.147461 0.461719 0.147461 0.460938 0.148438 0.460156 0.148438 0.458203 0.150879 0.457813 0.150879 0.457422 0.151367 0.457031 0.151367 0.455859 0.152832 0.455469 0.152832 0.453516 0.155273 0.452734 0.155273 0.452344 0.155762 0.451953 0.155762 0.45 0.158203 0.449219 0.158203 0.446094 0.162109 0.446094 0.162598 0.445312 0.163574 0.445312 0.167969 0.446484 0.169434 0.452344 0.169434 0.452734 0.168945 0.453516 0.168945 0.453906 0.168457 0.454297 0.168457 0.454688 0.167969 0.455078 0.167969 0.455469 0.16748 0.455859 0.16748 0.45625 0.166992 0.456641 0.166992 0.457422 0.166016 0.458203 0.166016 0.458984 0.165039 0.459375 0.165039 0.460156 0.164062 0.460547 0.164062 0.461328 0.163086 0.462109 0.163086 0.462891 0.162109 0.463281 0.162109 0.463672 0.161621 0.464453 0.161621 0.465234 0.160645 0.465625 0.160645 0.466016 0.160156 0.466797 0.160156 0.467578 0.15918 0.467969 0.15918 0.46875 0.158203 0.469141 0.158203 0.471875 0.154785 0.471875 0.153809 0.472266 0.15332 0.472266 0.152344 0.472656 0.151855 0.472656 0.147461 0.471484 0.145996 0.471094 0.145996 0.470703 0.145508
2 0.418359 0.13916 0.417969 0.139648 0.416797 0.139648 0.416406 0.140137 0.415625 0.140137 0.415234 0.140625 0.414844 0.140625 0.414453 0.141113 0.413672 0.141113 0.413281 0.141602 0.412109 0.141602 0.411719 0.14209 0.411328 0.14209 0.410547 0.143066 0.409766 0.143066 0.409375 0.143555 0.408984 0.143555 0.408203 0.144531 0.407422 0.144531 0.407031 0.14502 0.406641 0.14502 0.405859 0.145996 0.405469 0.145996 0.404687 0.146973 0.404297 0.146973 0.400781 0.151367 0.400391 0.151367 0.399219 0.152832 0.399219 0.15332 0.398828 0.153809 0.398828 0.154297 0.398438 0.154785 0.398438 0.158691 0.398828 0.15918 0.398828 0.159668 0.4 0.161133 0.402344 0.161133 0.403516 0.159668 0.403906 0.159668 0.404297 0.15918 0.405078 0.15918 0.406641 0.157227 0.407031 0.157227 0.407422 0.156738 0.408203 0.156738 0.408594 0.15625 0.408984 0.15625 0.409375 0.155762 0.410156 0.155762 0.410938 0.154785 0.411328 0.154785 0.411719 0.154297 0.412109 0.154297 0.412891 0.15332 0.414453 0.15332 0.415625 0.151855 0.416016 0.151855 0.416406 0.151367 0.416797 0.151367 0.417187 0.150879 0.417969 0.150879 0.419141 0.149414 0.419531 0.149414 0.419922 0.148926 0.420312 0.148926 0.420703 0.148438 0.421094 0.148438 0.421875 0.147461 0.422656 0.147461 0.425 0.144531 0.425 0.144043 0.425391 0.143555 0.425391 0.141113 0.424219 0.139648 0.421094 0.139648 0.420703 0.13916
2 0.427734 0.164062 0.426953 0.165039 0.426172 0.165039 0.425781 0.165527 0.425391 0.165527 0.425 0.166016 0.424219 0.166016 0.423438 0.166992 0.423047 0.166992 0.421484 0.168945 0.421094 0.168945 0.41875 0.171875 0.418359 0.171875 0.417187 0.17334 0.417187 0.173828 0.415234 0.17627 0.415234 0.176758 0.414453 0.177734 0.414453 0.178223 0.412891 0.180176 0.412891 0.180664 0.412109 0.181641 0.412109 0.182129 0.411719 0.182617 0.411719 0.183105 0.410938 0.184082 0.410938 0.185059 0.410156 0.186035 0.410156 0.1875 0.409766 0.187988 0.409766 0.188477 0.409375 0.188965 0.409375 0.189941 0.408984 0.19043 0.408984 0.192383 0.408594 0.192871 0.408594 0.194336 0.408203 0.194824 0.408203 0.202148 0.409375 0.203613 0.410938 0.203613 0.412109 0.202148 0.412109 0.19873 0.4125 0.198242 0.4125 0.197266 0.413672 0.195801 0.413672 0.195312 0.415234 0.193359 0.415234 0.192871 0.415625 0.192383 0.415625 0.191895 0.417969 0.188965 0.418359 0.188965 0.422266 0.184082 0.422656 0.184082 0.423047 0.183594 0.423438 0.183594 0.425 0.181641 0.425391 0.181641 0.426563 0.180176 0.426953 0.180176 0.427344 0.179688 0.427734 0.179688 0.428516 0.178711 0.428906 0.178711 0.430859 0.17627 0.43125 0.17627 0.433203 0.173828 0.433203 0.17334 0.433594 0.172852 0.433594 0.172363 0.433984 0.171875 0.433984 0.166992 0.432812 0.165527 0.430469 0.165527 0.429297 0.164062
2 0.369141 0.179199 0.36875 0.179688 0.367578 0.179688 0.367188 0.180176 0.365625 0.180176 0.365234 0.180664 0.364063 0.180664 0.363672 0.181152 0.3625 0.181152 0.362109 0.181641 0.360938 0.181641 0.360547 0.182129 0.360156 0.182129 0.359766 0.182617 0.359375 0.182617 0.358984 0.183105 0.357031 0.183105 0.356641 0.183594 0.355078 0.183594 0.354687 0.184082 0.353516 0.184082 0.353125 0.18457 0.351172 0.18457 0.35 0.186035 0.349219 0.186035 0.348047 0.1875 0.348047 0.189453 0.35 0.191895 0.350391 0.191895 0.350781 0.192383 0.353125 0.192383 0.353516 0.192871 0.369922 0.192871 0.370312 0.192383 0.374219 0.192383 0.374609 0.191895 0.377344 0.191895 0.377734 0.191406 0.378516 0.191406 0.378906 0.190918 0.38125 0.190918 0.382031 0.189941 0.382812 0.189941 0.383203 0.189453 0.384375 0.189453 0.384766 0.188965 0.385547 0.188965 0.385937 0.188477 0.386328 0.188477 0.389062 0.185059 0.389062 0.181152 0.387891 0.179688 0.3875 0.179688 0.387109 0.179199 0.380469 0.179199 0.380078 0.179688 0.369531 0.179688
2 0.336719 0.201172 0.336328 0.20166 0.335938 0.20166 0.335547 0.202148 0.334766 0.202148 0.334375 0.202637 0.333984 0.202637 0.333594 0.203125 0.332813 0.203125 0.332422 0.203613 0.332031 0.203613 0.331641 0.204102 0.330078 0.204102 0.329688 0.20459 0.329297 0.20459 0.328906 0.205078 0.328125 0.205078 0.327734 0.205566 0.327344 0.205566 0.326562 0.206543 0.325781 0.206543 0.325 0.20752 0.324609 0.20752 0.323828 0.208496 0.323437 0.208496 0.323047 0.208984 0.321875 0.208984 0.320703 0.210449 0.320312 0.210449 0.319922 0.210938 0.319531 0.210938 0.319141 0.211426 0.31875 0.211426 0.318359 0.211914 0.317969 0.211914 0.317188 0.212891 0.316797 0.212891 0.316406 0.213379 0.315625 0.213379 0.314844 0.214355 0.314453 0.214355 0.314063 0.214844 0.313672 0.214844 0.3125 0.216309 0.312109 0.216309 0.310937 0.217773 0.310547 0.217773 0.309766 0.21875 0.309375 0.21875 0.308203 0.220215 0.307812 0.220215 0.30625 0.222168 0.30625 0.224121 0.307422 0.225586 0.309766 0.225586 0.310547 0.224609 0.310937 0.224609 0.311328 0.224121 0.312891 0.224121 0.313672 0.223145 0.314453 0.223145 0.315234 0.222168 0.316406 0.222168 0.317188 0.221191 0.31875 0.221191 0.319141 0.220703 0.321484 0.220703 0.322266 0.219727 0.322656 0.219727 0.323047 0.219238 0.323437 0.219238 0.323828 0.21875 0.325 0.21875 0.325391 0.218262 0.325781 0.218262 0.326172 0.217773 0.326562 0.217773 0.326953 0.217285 0.327734 0.217285 0.328516 0.216309 0.328906 0.216309 0.329688 0.215332 0.330078 0.215332 0.33125 0.213867 0.332031 0.213867 0.333203 0.212402 0.333984 0.212402 0.334766 0.211426 0.335156 0.211426 0.335547 0.210938 0.335938 0.210938 0.3375 0.208984 0.337891 0.208984 0.338281 0.208496 0.338672 0.208496 0.340234 0.206543 0.340234 0.202637 0.339062 0.201172
2 0.306641 0.166504 0.305078 0.168457 0.305078 0.169434 0.304688 0.169922 0.304688 0.17041 0.304297 0.170898 0.304297 0.171387 0.303906 0.171875 0.303906 0.17334 0.303125 0.174316 0.303125 0.174805 0.302734 0.175293 0.302734 0.17627 0.301953 0.177246 0.301953 0.178223 0.301563 0.178711 0.301563 0.179688 0.301172 0.180176 0.301172 0.180664 0.300391 0.181641 0.300391 0.182617 0.3 0.183105 0.3 0.183594 0.299609 0.184082 0.299609 0.185059 0.299219 0.185547 0.299219 0.186523 0.298828 0.187012 0.298828 0.188965 0.298438 0.189453 0.298438 0.190918 0.298047 0.191406 0.298047 0.197266 0.299219 0.19873 0.300781 0.19873 0.301172 0.198242 0.301563 0.198242 0.302734 0.196777 0.303516 0.196777 0.303906 0.196289 0.304297 0.196289 0.305469 0.194824 0.305469 0.194336 0.307031 0.192383 0.307031 0.191406 0.307812 0.19043 0.307812 0.189453 0.308203 0.188965 0.308203 0.187012 0.308594 0.186523 0.308594 0.185059 0.308984 0.18457 0.308984 0.182129 0.309375 0.181641 0.309375 0.179688 0.309766 0.179199 0.309766 0.177246 0.310156 0.176758 0.310156 0.170898 0.309375 0.169922 0.309375 0.167969 0.308203 0.166504
2 0.271484 0.00439453 0.270313 0.00585938 0.270313 0.00878906 0.270703 0.00927734 0.270703 0.0112305 0.271094 0.0117188 0.270703 0.012207 0.270703 0.0146484 0.271094 0.0151367 0.271094 0.0161133 0.271484 0.0166016 0.271484 0.0170898 0.271875 0.0175781 0.271875 0.0180664 0.272266 0.0185547 0.272266 0.0195312 0.272656 0.0200195 0.272656 0.0214844 0.273047 0.0219727 0.273047 0.0239258 0.273438 0.0244141 0.273438 0.0253906 0.273828 0.0258789 0.273828 0.0297852 0.274219 0.0302734 0.274219 0.0322266 0.274609 0.0327148 0.274609 0.0351562 0.275 0.0356445 0.275 0.0371094 0.275391 0.0375977 0.275391 0.0395508 0.275781 0.0400391 0.275781 0.0405273 0.276172 0.0410156 0.276172 0.0424805 0.276562 0.0429688 0.276562 0.043457 0.276953 0.0439453 0.276953 0.0444336 0.277344 0.0449219 0.277344 0.0458984 0.278125 0.046875 0.278125 0.0473633 0.280078 0.0498047 0.280859 0.0498047 0.281641 0.0507812 0.282031 0.0507812 0.282422 0.0512695 0.285938 0.0512695 0.287109 0.0498047 0.287109 0.046875 0.286719 0.0463867 0.286719 0.0454102 0.285938 0.0444336 0.285938 0.0439453 0.284375 0.0419922 0.284375 0.0415039 0.283984 0.0410156 0.283984 0.0405273 0.283594 0.0400391 0.283594 0.0395508 0.282813 0.0385742 0.282813 0.0380859 0.282422 0.0375977 0.282422 0.0366211 0.282031 0.0361328 0.282031 0.0356445 0.281641 0.0351562 0.281641 0.034668 0.28125 0.0341797 0.28125 0.0336914 0.280859 0.0332031 0.280859 0.0322266 0.280469 0.0317383 0.280469 0.03125 0.280078 0.0307617 0.280078 0.0297852 0.279687 0.0292969 0.279687 0.0288086 0.279297 0.0283203 0.279297 0.0273438 0.278906 0.0268555 0.278906 0.0263672 0.278516 0.0258789 0.278516 0.0229492 0.278125 0.0224609 0.278125 0.0219727 0.277734 0.0214844 0.277734 0.0200195 0.277344 0.0195312 0.277344 0.019043 0.276953 0.0185547 0.276953 0.0180664 0.276172 0.0170898 0.276172 0.0166016 0.275781 0.0161133 0.275781 0.0146484 0.275391 0.0141602 0.275391 0.012207 0.275 0.0117188 0.275 0.00927734 0.274609 0.00878906 0.274609 0.00732422 0.274219 0.00683594 0.274219 0.00585938 0.273047 0.00439453
2 0.127344 0.263672 0.126953 0.26416 0.125781 0.26416 0.125391 0.264648 0.125 0.264648 0.124609 0.265137 0.123828 0.265137 0.123438 0.265625 0.123047 0.265625 0.122656 0.266113 0.122266 0.266113 0.120703 0.268066 0.120703 0.27002 0.121875 0.271484 0.124219 0.271484 0.125 0.270508 0.13125 0.270508 0.131641 0.270996 0.133594 0.270996 0.133984 0.271484 0.135937 0.271484 0.136328 0.271973 0.136719 0.271973 0.1375 0.272949 0.139844 0.272949 0.140625 0.273926 0.141797 0.273926 0.142187 0.274414 0.143359 0.274414 0.144141 0.275391 0.144922 0.275391 0.145313 0.275879 0.146484 0.275879 0.147656 0.277344 0.15 0.277344 0.151172 0.275879 0.151172 0.270996 0.148828 0.268066 0.148438 0.268066 0.147656 0.26709 0.146875 0.26709 0.146484 0.266602 0.144922 0.266602 0.144531 0.266113 0.144141 0.266113 0.14375 0.265625 0.143359 0.265625 0.142969 0.265137 0.142578 0.265137 0.142187 0.264648 0.141016 0.264648 0.140625 0.26416 0.138672 0.26416 0.138281 0.263672
2 0.153125 0.263184 0.152344 0.26416 0.151562 0.26416 0.150391 0.265625 0.15 0.265625 0.148828 0.26709 0.148828 0.267578 0.147656 0.269043 0.147656 0.273926 0.15 0.276855 0.151562 0.276855 0.152344 0.275879 0.152734 0.275879 0.153516 0.274902 0.153906 0.274902 0.155078 0.273438 0.15625 0.273438 0.157031 0.272461 0.157422 0.272461 0.157812 0.272949 0.158594 0.272949 0.158984 0.273438 0.158984 0.274414 0.159375 0.274902 0.159375 0.284668 0.161719 0.287598 0.163281 0.287598 0.163672 0.287109 0.164062 0.287109 0.166016 0.284668 0.166016 0.28418 0.167187 0.282715 0.167187 0.276367 0.166406 0.275391 0.166406 0.273438 0.166016 0.272949 0.166016 0.271484 0.165234 0.270508 0.165234 0.27002 0.164844 0.269531 0.164844 0.269043 0.164453 0.268555 0.164453 0.268066 0.163672 0.26709 0.163672 0.266602 0.162891 0.265625 0.162891 0.265137 0.161719 0.263672 0.161328 0.263672 0.160938 0.263184
1 0.168359 0.277344 0.166797 0.279297 0.166797 0.282715 0.16875 0.285156 0.169141 0.285156 0.169531 0.285645 0.171094 0.285645 0.171484 0.286133 0.172656 0.286133 0.173047 0.286621 0.174609 0.286621 0.175 0.287109 0.175391 0.287109 0.175781 0.287598 0.176172 0.287598 0.176563 0.288086 0.176953 0.288086 0.177344 0.288574 0.178516 0.288574 0.179297 0.289551 0.179688 0.289551 0.180078 0.290039 0.180469 0.290039 0.180859 0.290527 0.18125 0.290527 0.181641 0.291016 0.182031 0.291016 0.183203 0.29248 0.183594 0.29248 0.185547 0.294922 0.185547 0.295898 0.185938 0.296387 0.185938 0.296875 0.186328 0.297363 0.186328 0.297852 0.187109 0.298828 0.187109 0.300293 0.188281 0.301758 0.189844 0.301758 0.191016 0.300293 0.191016 0.296875 0.190625 0.296387 0.190625 0.295898 0.190234 0.29541 0.190234 0.294434 0.189844 0.293945 0.189844 0.292969 0.189453 0.29248 0.189453 0.291992 0.188672 0.291016 0.188672 0.290039 0.187891 0.289062 0.187891 0.288574 0.183984 0.283691 0.183594 0.283691 0.181641 0.28125 0.180859 0.28125 0.179688 0.279785 0.178906 0.279785 0.178516 0.279297 0.178125 0.279297 0.177344 0.27832 0.176172 0.27832 0.175781 0.277832 0.175 0.277832 0.174609 0.277344
2 0.178516 0.299316 0.177344 0.300781 0.177344 0.301758 0.176563 0.302734 0.176563 0.303223 0.175781 0.304199 0.175781 0.306152 0.175391 0.306641 0.175391 0.307617 0.174609 0.308594 0.174609 0.309082 0.174219 0.30957 0.174219 0.310059 0.173828 0.310547 0.173828 0.311035 0.173437 0.311523 0.173437 0.3125 0.173047 0.312988 0.173047 0.313477 0.172266 0.314453 0.172266 0.314941 0.171094 0.316406 0.171094 0.317383 0.170703 0.317871 0.170703 0.318359 0.169922 0.319336 0.169922 0.319824 0.169141 0.320801 0.169141 0.321289 0.16875 0.321777 0.16875 0.322266 0.167969 0.323242 0.167969 0.32373 0.167187 0.324707 0.167187 0.326172 0.166797 0.32666 0.166797 0.327148 0.166406 0.327637 0.166406 0.329102 0.166016 0.32959 0.166016 0.330078 0.165625 0.330566 0.165625 0.333496 0.166797 0.334961 0.16875 0.334961 0.169531 0.333984 0.169922 0.333984 0.170313 0.333496 0.170703 0.333496 0.171484 0.33252 0.171875 0.33252 0.177734 0.325195 0.177734 0.324707 0.178125 0.324219 0.178125 0.322754 0.178906 0.321777 0.178906 0.320801 0.179297 0.320312 0.179297 0.318848 0.179688 0.318359 0.179688 0.309082 0.180469 0.308105 0.180469 0.304199 0.18125 0.303223 0.18125 0.300781 0.180078 0.299316
2 0.20625 0.325684 0.205469 0.32666 0.205078 0.32666 0.204687 0.327148 0.204297 0.327148 0.203906 0.327637 0.203125 0.327637 0.202344 0.328613 0.200781 0.328613 0.200391 0.329102 0.2 0.329102 0.199609 0.32959 0.199219 0.32959 0.198828 0.330078 0.197656 0.330078 0.197266 0.330566 0.195312 0.330566 0.194922 0.331055 0.194141 0.331055 0.19375 0.331543 0.193359 0.331543 0.192969 0.332031 0.192188 0.332031 0.191406 0.333008 0.191016 0.333008 0.190625 0.333496 0.190234 0.333496 0.189453 0.334473 0.188281 0.334473 0.187891 0.334961 0.1875 0.334961 0.187109 0.335449 0.185938 0.335449 0.184766 0.336914 0.184375 0.336914 0.183984 0.337402 0.182422 0.337402 0.181641 0.338379 0.180469 0.338379 0.180078 0.338867 0.179297 0.338867 0.178906 0.339355 0.178516 0.339355 0.176172 0.342285 0.176172 0.344238 0.177344 0.345703 0.183984 0.345703 0.184375 0.345215 0.190234 0.345215 0.190625 0.344727 0.191406 0.344727 0.191797 0.344238 0.193359 0.344238 0.194141 0.343262 0.195703 0.343262 0.196875 0.341797 0.197656 0.341797 0.198047 0.341309 0.198437 0.341309 0.199219 0.340332 0.2 0.340332 0.201172 0.338867 0.201563 0.338867 0.203125 0.336914 0.203516 0.336914 0.204687 0.335449 0.205078 0.335449 0.207031 0.333008 0.207422 0.333008 0.209766 0.330078 0.209766 0.32959 0.210156 0.329102 0.210156 0.327148 0.208984 0.325684
2 0.173437 0.345215 0.173047 0.345703 0.172266 0.345703 0.171875 0.346191 0.171094 0.346191 0.169141 0.348633 0.169141 0.349121 0.168359 0.350098 0.168359 0.352539 0.169531 0.354004 0.170313 0.354004 0.170703 0.354492 0.171875 0.354492 0.172266 0.35498 0.188672 0.35498 0.189062 0.355469 0.192969 0.355469 0.193359 0.355957 0.197656 0.355957 0.198828 0.354492 0.198828 0.352051 0.197266 0.350098 0.196875 0.350098 0.195312 0.348145 0.194531 0.348145 0.194141 0.347656 0.192969 0.347656 0.192578 0.347168 0.191406 0.347168 0.191016 0.34668 0.185938 0.34668 0.185156 0.345703 0.182422 0.345703 0.182031 0.345215
2 0.224219 0.308105 0.223047 0.30957 0.223047 0.310547 0.222656 0.311035 0.222656 0.311523 0.223438 0.3125 0.223438 0.312988 0.223828 0.313477 0.223828 0.313965 0.225 0.31543 0.225 0.315918 0.225391 0.316406 0.225781 0.316406 0.226953 0.317871 0.227344 0.317871 0.228906 0.319824 0.229687 0.319824 0.230078 0.320312 0.230859 0.320312 0.231641 0.321289 0.233984 0.321289 0.234375 0.321777 0.235156 0.321777 0.235547 0.322266 0.235937 0.322266 0.236719 0.323242 0.2375 0.323242 0.238672 0.324707 0.239063 0.324707 0.239844 0.325684 0.240234 0.325684 0.240625 0.326172 0.241016 0.326172 0.241406 0.32666 0.241797 0.32666 0.242188 0.327148 0.242578 0.327148 0.242969 0.327637 0.246484 0.327637 0.247656 0.326172 0.247656 0.322754 0.244141 0.318359 0.244141 0.317871 0.242188 0.31543 0.241406 0.31543 0.241016 0.314941 0.240625 0.314941 0.239453 0.313477 0.239063 0.313477 0.238672 0.312988 0.238281 0.312988 0.237891 0.3125 0.2375 0.3125 0.237109 0.312012 0.236328 0.312012 0.235547 0.311035 0.234766 0.311035 0.234375 0.310547 0.233984 0.310547 0.233594 0.310059 0.233203 0.310059 0.232813 0.30957 0.232031 0.30957 0.23125 0.308594 0.230078 0.308594 0.229687 0.308105
1 0.228125 0.394531 0.227734 0.39502 0.227344 0.39502 0.226953 0.395508 0.226172 0.395508 0.225781 0.395996 0.225391 0.395996 0.225 0.396484 0.224219 0.396484 0.220703 0.400879 0.220703 0.401367 0.219922 0.402344 0.219922 0.402832 0.219141 0.403809 0.219141 0.40625 0.220312 0.407715 0.222266 0.407715 0.225 0.404297 0.225391 0.404297 0.226562 0.402832 0.226953 0.402832 0.227734 0.401855 0.228125 0.402344 0.229297 0.402344 0.229687 0.402832 0.230078 0.402832 0.230469 0.40332 0.23125 0.40332 0.232031 0.404297 0.232813 0.404297 0.234375 0.40625 0.235156 0.40625 0.235547 0.406738 0.235937 0.406738 0.236328 0.407227 0.236719 0.407227 0.2375 0.408203 0.237891 0.408203 0.238281 0.408691 0.239453 0.408691 0.239844 0.40918 0.240234 0.40918 0.240625 0.409668 0.241016 0.409668 0.241797 0.410645 0.242969 0.410645 0.243359 0.411133 0.245703 0.411133 0.247656 0.408691 0.247656 0.403809 0.244922 0.400391 0.244531 0.400391 0.242969 0.398438 0.242578 0.398438 0.241797 0.397461 0.241406 0.397461 0.241016 0.396973 0.239453 0.396973 0.238672 0.395996 0.238281 0.395996 0.237891 0.395508 0.2375 0.395508 0.237109 0.39502 0.233203 0.39502 0.232813 0.394531
2 0.211719 0.424316 0.211328 0.424805 0.210938 0.424805 0.210547 0.425293 0.210156 0.425293 0.208984 0.426758 0.208984 0.429688 0.210156 0.431152 0.210938 0.431152 0.212891 0.433594 0.213281 0.433594 0.213672 0.434082 0.214062 0.434082 0.214453 0.43457 0.215234 0.43457 0.215625 0.435059 0.216797 0.435059 0.217578 0.436035 0.217969 0.436035 0.218359 0.436523 0.219141 0.436523 0.221875 0.439941 0.222266 0.439941 0.223047 0.440918 0.223828 0.440918 0.225 0.442383 0.225781 0.442383 0.226953 0.443848 0.227734 0.443848 0.228906 0.445312 0.234375 0.445312 0.235156 0.444336 0.235547 0.444336 0.237109 0.442383 0.237109 0.439453 0.236719 0.438965 0.236719 0.438477 0.235547 0.437012 0.235156 0.437012 0.234766 0.436523 0.234375 0.436523 0.233594 0.435547 0.230469 0.435547 0.230078 0.435059 0.229297 0.435059 0.228906 0.43457 0.228125 0.43457 0.225391 0.431152 0.225 0.431152 0.223828 0.429688 0.223047 0.429688 0.222266 0.428711 0.221875 0.428711 0.221094 0.427734 0.220312 0.427734 0.219141 0.42627 0.21875 0.42627 0.217969 0.425293 0.216797 0.425293 0.216016 0.424316
2 0.256641 0.441406 0.25625 0.441895 0.255469 0.441895 0.255078 0.442383 0.254688 0.442383 0.254297 0.442871 0.252734 0.442871 0.251953 0.443848 0.251172 0.443848 0.250781 0.444336 0.250391 0.444336 0.25 0.444824 0.249609 0.444824 0.249219 0.445312 0.248828 0.445312 0.248438 0.445801 0.247656 0.445801 0.247266 0.446289 0.246484 0.446289 0.246094 0.446777 0.245312 0.446777 0.244531 0.447754 0.244141 0.447754 0.24375 0.448242 0.242969 0.448242 0.240234 0.45166 0.240234 0.454102 0.241406 0.455566 0.248438 0.455566 0.248828 0.455078 0.249609 0.455078 0.25 0.45459 0.251172 0.45459 0.251563 0.454102 0.251953 0.454102 0.252734 0.453125 0.253906 0.453125 0.255469 0.451172 0.256641 0.451172 0.257812 0.449707 0.258203 0.449707 0.258984 0.44873 0.259375 0.44873 0.261719 0.445801 0.261719 0.445312 0.262109 0.444824 0.262109 0.442871 0.260937 0.441406 0.259375 0.441406 0.258984 0.441895 0.258594 0.441895 0.258203 0.441406
1 0.273438 0.411621 0.271484 0.414062 0.271484 0.414551 0.270703 0.415527 0.270703 0.416504 0.270313 0.416992 0.270313 0.417969 0.269922 0.418457 0.269922 0.418945 0.269141 0.419922 0.269141 0.42041 0.26875 0.420898 0.26875 0.421387 0.268359 0.421875 0.268359 0.422852 0.267578 0.423828 0.267578 0.424316 0.267188 0.424805 0.267188 0.425293 0.266797 0.425781 0.266797 0.427734 0.266016 0.428711 0.266016 0.429688 0.265625 0.430176 0.265625 0.430664 0.265234 0.431152 0.265234 0.431641 0.264844 0.432129 0.264844 0.433105 0.264453 0.433594 0.264453 0.43457 0.264062 0.435059 0.264062 0.438477 0.263672 0.438965 0.263672 0.439453 0.263281 0.439941 0.263281 0.450684 0.264453 0.452148 0.266016 0.452148 0.267188 0.450684 0.267188 0.450195 0.267969 0.449219 0.267969 0.44873 0.269141 0.447266 0.269141 0.446777 0.269531 0.446289 0.269531 0.445801 0.269922 0.445312 0.269922 0.443848 0.270703 0.442871 0.270703 0.442383 0.271094 0.441895 0.271094 0.440918 0.271875 0.439941 0.271875 0.438477 0.272656 0.4375 0.272656 0.436035 0.273438 0.435059 0.273438 0.43457 0.273828 0.434082 0.273828 0.433105 0.274219 0.432617 0.274219 0.431641 0.275 0.430664 0.275 0.430176 0.275391 0.429688 0.275391 0.428223 0.275781 0.427734 0.275781 0.426758 0.276172 0.42627 0.276172 0.425293 0.276562 0.424805 0.276562 0.422363 0.276953 0.421875 0.276953 0.417969 0.277344 0.41748 0.277344 0.414062 0.275391 0.411621
2 0.275 0.437012 0.273828 0.438477 0.273828 0.441895 0.274219 0.442383 0.274219 0.442871 0.274609 0.443359 0.274609 0.444336 0.275 0.444824 0.275 0.445312 0.275781 0.446289 0.275781 0.447266 0.276172 0.447754 0.276172 0.448242 0.276562 0.44873 0.276562 0.449219 0.277344 0.450195 0.277344 0.451172 0.277734 0.45166 0.277734 0.452148 0.278125 0.452637 0.278125 0.455078 0.278516 0.455566 0.278516 0.456055 0.278906 0.456543 0.278906 0.45752 0.279297 0.458008 0.279297 0.458984 0.279687 0.459473 0.279687 0.460449 0.280078 0.460938 0.280078 0.461426 0.280469 0.461914 0.280469 0.473633 0.281641 0.475098 0.281641 0.476562 0.282813 0.478027 0.284375 0.478027 0.285547 0.476562 0.285547 0.476074 0.286328 0.475098 0.286328 0.474121 0.287109 0.473145 0.287109 0.471191 0.2875 0.470703 0.2875 0.46875 0.287891 0.468262 0.287891 0.45752 0.2875 0.457031 0.2875 0.456543 0.287109 0.456055 0.287109 0.45459 0.286328 0.453613 0.286328 0.453125 0.285547 0.452148 0.285547 0.45166 0.285156 0.451172 0.285156 0.450684 0.284766 0.450195 0.284766 0.449707 0.283984 0.44873 0.283984 0.448242 0.282813 0.446777 0.282813 0.445801 0.28125 0.443848 0.28125 0.443359 0.277734 0.438965 0.277734 0.438477 0.276562 0.437012
2 0.276953 0.418945 0.275781 0.42041 0.275781 0.422363 0.276172 0.422852 0.276172 0.42334 0.278516 0.42627 0.278906 0.42627 0.280469 0.428223 0.280469 0.428711 0.280859 0.429199 0.280859 0.429688 0.28125 0.430176 0.28125 0.430664 0.281641 0.431152 0.281641 0.432129 0.282031 0.432617 0.282031 0.43457 0.282422 0.435059 0.282422 0.435547 0.282813 0.436035 0.282813 0.436523 0.283203 0.437012 0.283203 0.4375 0.283594 0.437988 0.283594 0.438477 0.283984 0.438965 0.283984 0.439941 0.284766 0.440918 0.284766 0.442383 0.285547 0.443359 0.285547 0.443848 0.286719 0.445312 0.287109 0.445312 0.287891 0.446289 0.288281 0.446289 0.288672 0.446777 0.289062 0.446777 0.289453 0.447266 0.291406 0.447266 0.291797 0.447754 0.296484 0.447754 0.297656 0.446289 0.297656 0.443359 0.297266 0.442871 0.297266 0.442383 0.296875 0.441895 0.296875 0.440918 0.296484 0.44043 0.296484 0.439941 0.294141 0.437012 0.294141 0.436523 0.292969 0.435059 0.292578 0.435059 0.292187 0.43457 0.291797 0.43457 0.291016 0.433594 0.290625 0.433594 0.287891 0.430176 0.2875 0.430176 0.286719 0.429199 0.286328 0.429199 0.285547 0.428223 0.285547 0.427734 0.285156 0.427246 0.285156 0.426758 0.283203 0.424316 0.282813 0.424316 0.280859 0.421875 0.280469 0.421875 0.279687 0.420898 0.279687 0.42041 0.278516 0.418945
2 0.261328 0.46875 0.260156 0.470215 0.260156 0.472168 0.260547 0.472656 0.260547 0.473145 0.261719 0.474609 0.261719 0.475098 0.262109 0.475586 0.262109 0.476074 0.263281 0.477539 0.263281 0.478027 0.264453 0.479492 0.264844 0.479492 0.26875 0.484375 0.269141 0.484375 0.270703 0.486328 0.271484 0.486328 0.272266 0.487305 0.272656 0.487305 0.273047 0.487793 0.273438 0.487793 0.274219 0.48877 0.274609 0.48877 0.275 0.489258 0.275391 0.489258 0.276172 0.490234 0.278125 0.490234 0.278906 0.491211 0.280859 0.491211 0.28125 0.491699 0.283203 0.491699 0.283594 0.492188 0.286719 0.492188 0.287891 0.490723 0.287891 0.488281 0.286719 0.486816 0.286328 0.486816 0.285156 0.485352 0.285156 0.484863 0.284375 0.483887 0.284375 0.483398 0.28125 0.479492 0.280078 0.479492 0.279297 0.478516 0.278516 0.478516 0.278125 0.478027 0.277734 0.478027 0.277344 0.477539 0.274219 0.477539 0.273828 0.477051 0.273438 0.477051 0.273047 0.476562 0.271484 0.476562 0.271094 0.476074 0.270703 0.476074 0.270313 0.475586 0.269922 0.475586 0.268359 0.473633 0.267969 0.473633 0.266797 0.472168 0.266406 0.472168 0.265234 0.470703 0.264844 0.470703 0.263281 0.46875
2 0.298047 0.480469 0.296484 0.482422 0.296484 0.48291 0.296094 0.483398 0.296094 0.484375 0.295703 0.484863 0.295703 0.487793 0.295312 0.488281 0.295312 0.501465 0.294922 0.501953 0.294922 0.504883 0.294531 0.505371 0.294531 0.506348 0.29375 0.507324 0.29375 0.507812 0.292969 0.508789 0.292578 0.508789 0.291016 0.510742 0.291016 0.51123 0.289844 0.512695 0.289844 0.514648 0.291016 0.516113 0.293359 0.516113 0.29375 0.515625 0.294922 0.515625 0.295312 0.515137 0.299219 0.515137 0.300781 0.513184 0.300781 0.512695 0.301953 0.51123 0.301953 0.510254 0.302344 0.509766 0.302344 0.499023 0.301953 0.498535 0.301953 0.49707 0.301563 0.496582 0.301563 0.493164 0.301953 0.492676 0.301953 0.492188 0.302344 0.491699 0.302344 0.491211 0.302734 0.490723 0.302734 0.489746 0.303125 0.489258 0.303125 0.485352 0.302734 0.484863 0.302734 0.484375 0.302344 0.483887 0.302344 0.483398 0.301172 0.481934 0.300781 0.481934 0.299609 0.480469
2 0.324609 0.477539 0.324219 0.478027 0.323437 0.478027 0.323047 0.478516 0.322266 0.478516 0.320312 0.480957 0.319531 0.480957 0.318359 0.482422 0.317969 0.482422 0.317578 0.48291 0.317188 0.48291 0.316797 0.482422 0.315234 0.482422 0.314844 0.48291 0.312891 0.48291 0.312109 0.483887 0.311328 0.483887 0.310937 0.484375 0.310547 0.484375 0.310156 0.484863 0.309766 0.484863 0.309375 0.485352 0.308594 0.485352 0.307812 0.486328 0.307422 0.486328 0.307031 0.486816 0.306641 0.486816 0.30625 0.487305 0.305859 0.487305 0.304688 0.48877 0.304688 0.489258 0.303906 0.490234 0.303906 0.490723 0.303125 0.491699 0.303125 0.494629 0.304297 0.496094 0.3125 0.496094 0.312891 0.495605 0.313672 0.495605 0.314453 0.494629 0.314844 0.494629 0.316016 0.493164 0.316406 0.493164 0.317188 0.492188 0.317969 0.492188 0.318359 0.491699 0.31875 0.491699 0.319922 0.490234 0.320312 0.490234 0.323437 0.486328 0.323828 0.486328 0.324219 0.48584 0.324609 0.48584 0.325781 0.484375 0.325781 0.483887 0.327344 0.481934 0.327344 0.481445 0.327734 0.480957 0.327734 0.479004 0.326562 0.477539
2 0.302734 0.504395 0.301563 0.505859 0.301172 0.505859 0.3 0.507324 0.3 0.508301 0.299609 0.508789 0.299609 0.509277 0.299219 0.509766 0.299219 0.510254 0.298828 0.510742 0.298828 0.51123 0.298438 0.511719 0.298438 0.512695 0.298047 0.513184 0.298047 0.51416 0.297656 0.514648 0.297656 0.515137 0.297266 0.515625 0.297266 0.51709 0.296875 0.517578 0.296875 0.518555 0.296484 0.519043 0.296484 0.520996 0.296094 0.521484 0.296094 0.521973 0.295703 0.522461 0.295703 0.524902 0.295312 0.525391 0.295312 0.526855 0.294922 0.527344 0.294922 0.528809 0.294141 0.529785 0.294141 0.534668 0.29375 0.535156 0.29375 0.541016 0.294922 0.54248 0.296484 0.54248 0.298047 0.540527 0.298047 0.538574 0.298438 0.538086 0.298438 0.53418 0.298828 0.533691 0.298828 0.533203 0.299219 0.532715 0.299219 0.532227 0.299609 0.531738 0.299609 0.530762 0.300391 0.529785 0.300391 0.527832 0.300781 0.527344 0.300781 0.526855 0.301953 0.525391 0.301953 0.524902 0.302734 0.523926 0.302734 0.522949 0.303906 0.521484 0.303906 0.52002 0.304688 0.519043 0.304688 0.518555 0.305078 0.518066 0.305078 0.516602 0.305469 0.516113 0.305469 0.515137 0.305859 0.514648 0.305859 0.513672 0.30625 0.513184 0.30625 0.511719 0.306641 0.51123 0.306641 0.507812 0.305859 0.506836 0.305859 0.505859 0.304688 0.504395
2 0.255078 0.493164 0.253906 0.494629 0.253906 0.496582 0.255078 0.498047 0.257422 0.498047 0.258203 0.499023 0.258984 0.499023 0.260547 0.500977 0.260937 0.500977 0.262109 0.502441 0.2625 0.502441 0.262891 0.50293 0.263281 0.50293 0.263672 0.503418 0.264062 0.503418 0.264844 0.504395 0.266016 0.504395 0.266406 0.504883 0.267188 0.504883 0.267578 0.505371 0.267969 0.505371 0.26875 0.506348 0.269531 0.506348 0.270313 0.507324 0.270703 0.507324 0.271094 0.507812 0.271484 0.507812 0.271875 0.508301 0.272656 0.508301 0.273047 0.508789 0.274609 0.508789 0.275391 0.509766 0.278516 0.509766 0.278906 0.510254 0.28125 0.510254 0.281641 0.510742 0.286328 0.510742 0.286719 0.510254 0.2875 0.510254 0.287891 0.509766 0.289062 0.509766 0.290234 0.508301 0.290625 0.508301 0.291016 0.507812 0.291406 0.507812 0.292578 0.506348 0.292969 0.506348 0.294922 0.503906 0.294922 0.50293 0.295312 0.502441 0.295312 0.500488 0.294141 0.499023 0.291797 0.499023 0.291406 0.499512 0.290234 0.499512 0.289844 0.5 0.284766 0.5 0.284375 0.499512 0.280469 0.499512 0.280078 0.499023 0.279297 0.499023 0.278906 0.498535 0.278125 0.498535 0.277734 0.498047 0.275781 0.498047 0.275391 0.497559 0.275 0.497559 0.274609 0.49707 0.273828 0.49707 0.273438 0.496582 0.272266 0.496582 0.271875 0.496094 0.266016 0.496094 0.265625 0.495605 0.264453 0.495605 0.264062 0.495117 0.262891 0.495117 0.2625 0.494629 0.262109 0.494629 0.261719 0.494141 0.259766 0.494141 0.258984 0.493164
2 0.254688 0.498535 0.253516 0.5 0.253516 0.503418 0.254297 0.504395 0.254297 0.504883 0.255469 0.506348 0.255859 0.506348 0.257031 0.507812 0.257422 0.507812 0.258203 0.508789 0.258594 0.508789 0.259375 0.509766 0.259766 0.509766 0.260547 0.510742 0.260937 0.510742 0.264453 0.515137 0.264844 0.515137 0.265625 0.516113 0.266016 0.516113 0.266406 0.516602 0.268359 0.516602 0.26875 0.51709 0.274609 0.51709 0.275 0.516602 0.283203 0.516602 0.284375 0.515137 0.284375 0.513184 0.283203 0.511719 0.282031 0.511719 0.281641 0.51123 0.280469 0.51123 0.279687 0.510254 0.278906 0.510254 0.278516 0.509766 0.277734 0.509766 0.277344 0.509277 0.276953 0.509277 0.276562 0.508789 0.276172 0.508789 0.275781 0.508301 0.275 0.508301 0.274609 0.507812 0.273438 0.507812 0.272656 0.506836 0.270703 0.506836 0.269922 0.505859 0.26875 0.505859 0.268359 0.505371 0.267969 0.505371 0.267578 0.504883 0.267188 0.504883 0.266406 0.503906 0.266016 0.503906 0.265234 0.50293 0.264062 0.50293 0.263281 0.501953 0.262891 0.501953 0.2625 0.501465 0.261719 0.501465 0.260937 0.500488 0.260547 0.500488 0.259766 0.499512 0.258594 0.499512 0.258203 0.499023 0.257812 0.499023 0.257422 0.498535
2 0.221875 0.477539 0.221484 0.478027 0.220703 0.478027 0.219531 0.479492 0.219141 0.479492 0.21875 0.47998 0.218359 0.47998 0.215234 0.483887 0.214844 0.483887 0.214453 0.484375 0.214062 0.484375 0.213672 0.484863 0.213281 0.484863 0.212891 0.485352 0.2125 0.485352 0.212109 0.48584 0.211719 0.48584 0.211328 0.486328 0.210938 0.486328 0.210156 0.487305 0.209766 0.487305 0.208594 0.48877 0.208203 0.48877 0.206641 0.490723 0.205859 0.490723 0.205469 0.491211 0.205078 0.491211 0.202344 0.494629 0.201953 0.494629 0.201172 0.495605 0.200781 0.495605 0.2 0.496582 0.198828 0.496582 0.197656 0.498047 0.197656 0.500488 0.198828 0.501953 0.201172 0.501953 0.201953 0.500977 0.203516 0.500977 0.204297 0.5 0.205469 0.5 0.20625 0.499023 0.207031 0.499023 0.207813 0.498047 0.209375 0.498047 0.209766 0.497559 0.210547 0.497559 0.211719 0.496094 0.212109 0.496094 0.2125 0.495605 0.213281 0.495605 0.214453 0.494141 0.214844 0.494141 0.215625 0.493164 0.216406 0.493164 0.216797 0.492676 0.217578 0.492676 0.223047 0.48584 0.223047 0.485352 0.223828 0.484375 0.223828 0.48291 0.225 0.481445 0.225 0.479004 0.223828 0.477539
2 0.18125 0.478027 0.178516 0.481445 0.178516 0.482422 0.178125 0.48291 0.177734 0.48291 0.177344 0.483398 0.177344 0.483887 0.176563 0.484863 0.176563 0.485352 0.175781 0.486328 0.175781 0.487793 0.175391 0.488281 0.175391 0.489258 0.175 0.489746 0.175 0.490234 0.174609 0.490723 0.174609 0.491699 0.174219 0.492188 0.174219 0.494141 0.173828 0.494629 0.173828 0.496094 0.173437 0.496582 0.173437 0.497559 0.173047 0.498047 0.173047 0.5 0.172656 0.500488 0.172656 0.510254 0.173047 0.510742 0.173047 0.512695 0.173437 0.513184 0.173437 0.515625 0.173828 0.516113 0.173828 0.516602 0.174219 0.51709 0.174219 0.518066 0.175391 0.519531 0.18125 0.519531 0.182422 0.518066 0.182422 0.506348 0.182031 0.505859 0.182031 0.504395 0.181641 0.503906 0.181641 0.500488 0.18125 0.5 0.18125 0.488281 0.181641 0.487793 0.181641 0.487305 0.182031 0.486816 0.182031 0.483887 0.183984 0.481445 0.183984 0.479492 0.182812 0.478027
2 0.307422 0.588379 0.307031 0.588867 0.305859 0.588867 0.305078 0.589844 0.304688 0.589844 0.303906 0.59082 0.303516 0.59082 0.302344 0.592285 0.302344 0.592773 0.301953 0.593262 0.301563 0.593262 0.300781 0.594238 0.300391 0.594238 0.3 0.594727 0.299609 0.594727 0.299219 0.595215 0.298828 0.595215 0.298438 0.595703 0.296875 0.595703 0.296484 0.596191 0.295312 0.596191 0.294922 0.59668 0.293359 0.59668 0.292969 0.597168 0.291797 0.597168 0.291406 0.597656 0.291016 0.597656 0.290625 0.598145 0.289453 0.598145 0.286328 0.602051 0.286328 0.603516 0.285547 0.604492 0.285547 0.605469 0.285156 0.605957 0.285156 0.611328 0.286328 0.612793 0.289453 0.612793 0.290234 0.611816 0.292187 0.611816 0.292969 0.61084 0.293359 0.61084 0.294141 0.609863 0.294531 0.609863 0.295312 0.608887 0.296094 0.608887 0.296484 0.608398 0.297266 0.608398 0.297656 0.60791 0.298047 0.60791 0.298438 0.607422 0.299609 0.607422 0.3 0.606934 0.300781 0.606934 0.301172 0.606445 0.301953 0.606445 0.302344 0.605957 0.302734 0.605957 0.303125 0.605469 0.303516 0.605469 0.303906 0.60498 0.304297 0.60498 0.304688 0.604492 0.305078 0.604492 0.305859 0.603516 0.30625 0.603516 0.307031 0.602539 0.307422 0.602539 0.307812 0.602051 0.308203 0.602051 0.310937 0.598633 0.310937 0.598145 0.311719 0.597168 0.311719 0.59668 0.312109 0.596191 0.312109 0.595703 0.312891 0.594727 0.312891 0.589844 0.311719 0.588379
2 0.272266 0.577637 0.270703 0.57959 0.270703 0.583496 0.272656 0.585938 0.274219 0.585938 0.275 0.586914 0.275781 0.586914 0.276562 0.587891 0.276953 0.587891 0.277344 0.588379 0.278125 0.588379 0.278906 0.589355 0.279297 0.589355 0.279687 0.589844 0.280078 0.589844 0.28125 0.591309 0.281641 0.591309 0.283594 0.59375 0.283594 0.594238 0.285547 0.59668 0.285547 0.597168 0.287109 0.599121 0.2875 0.599121 0.288672 0.600586 0.288672 0.601074 0.290234 0.603027 0.291016 0.603027 0.291797 0.604004 0.292187 0.604004 0.292969 0.60498 0.294922 0.60498 0.296094 0.603516 0.296094 0.598145 0.295703 0.597656 0.295703 0.597168 0.295312 0.59668 0.295312 0.595703 0.294922 0.595215 0.294922 0.594727 0.294531 0.594238 0.294531 0.59375 0.29375 0.592773 0.29375 0.592285 0.292578 0.59082 0.292578 0.590332 0.290625 0.587891 0.290234 0.587891 0.288281 0.585449 0.287891 0.585449 0.287109 0.584473 0.286719 0.584473 0.284766 0.582031 0.284375 0.582031 0.283594 0.581055 0.283203 0.581055 0.281641 0.579102 0.280859 0.579102 0.280078 0.578125 0.279297 0.578125 0.278906 0.577637
2 0.228906 0.65918 0.227344 0.661133 0.227344 0.664062 0.228516 0.665527 0.228516 0.666016 0.228906 0.666504 0.228906 0.666992 0.230469 0.668945 0.230469 0.669434 0.232422 0.671875 0.232813 0.671875 0.236328 0.67627 0.236719 0.67627 0.237891 0.677734 0.237891 0.678223 0.239063 0.679688 0.239453 0.679688 0.240234 0.680664 0.240625 0.680664 0.241016 0.681152 0.241406 0.681152 0.241797 0.681641 0.242188 0.681641 0.24375 0.683594 0.244141 0.683594 0.245703 0.685547 0.246484 0.685547 0.247266 0.686523 0.247656 0.686523 0.248438 0.6875 0.249219 0.6875 0.249609 0.687988 0.250391 0.687988 0.250781 0.688477 0.251563 0.688477 0.251953 0.688965 0.254297 0.688965 0.255469 0.6875 0.255469 0.68457 0.255078 0.684082 0.255078 0.683594 0.254688 0.683105 0.254688 0.682617 0.253125 0.680664 0.253125 0.680176 0.243359 0.667969 0.242969 0.667969 0.240625 0.665039 0.240234 0.665039 0.239844 0.664551 0.239063 0.664551 0.238672 0.664062 0.238281 0.664062 0.2375 0.663086 0.2375 0.662598 0.236328 0.661133 0.235937 0.661133 0.234766 0.659668 0.232813 0.659668 0.232422 0.65918
2 0.6 0.95166 0.598828 0.953125 0.598828 0.954102 0.598047 0.955078 0.598047 0.958008 0.600781 0.961426 0.601953 0.961426 0.602344 0.961914 0.602734 0.961914 0.603125 0.962402 0.603516 0.962402 0.603906 0.962891 0.604297 0.962891 0.604688 0.963379 0.605078 0.963379 0.605469 0.963867 0.606641 0.963867 0.607031 0.964355 0.607422 0.964355 0.607812 0.964844 0.608594 0.964844 0.608984 0.965332 0.609375 0.965332 0.609766 0.96582 0.610547 0.96582 0.610938 0.966309 0.6125 0.966309 0.612891 0.966797 0.616016 0.966797 0.618359 0.963867 0.618359 0.963379 0.61875 0.962891 0.61875 0.959473 0.617578 0.958008 0.616797 0.958008 0.616016 0.957031 0.615625 0.957031 0.615234 0.956543 0.614844 0.956543 0.614453 0.956055 0.613672 0.956055 0.613281 0.955566 0.612891 0.955566 0.6125 0.955078 0.611328 0.955078 0.610547 0.954102 0.609375 0.954102 0.608984 0.953613 0.608203 0.953613 0.607812 0.953125 0.607031 0.953125 0.606641 0.952637 0.605859 0.952637 0.605469 0.952148 0.604688 0.952148 0.604297 0.95166
2 0.252344 0.665039 0.250391 0.66748 0.250391 0.667969 0.25 0.668457 0.25 0.668945 0.249609 0.669434 0.249609 0.67041 0.248828 0.671387 0.248828 0.671875 0.248438 0.672363 0.248438 0.672852 0.248047 0.67334 0.248047 0.673828 0.247656 0.674316 0.247656 0.674805 0.247266 0.675293 0.247266 0.675781 0.246484 0.676758 0.246484 0.677246 0.246094 0.677734 0.246094 0.678711 0.245312 0.679688 0.245312 0.680176 0.244922 0.680664 0.244922 0.681152 0.244141 0.682129 0.24375 0.682129 0.241797 0.68457 0.241406 0.68457 0.239844 0.686523 0.239453 0.686523 0.239063 0.687012 0.238672 0.687012 0.238281 0.6875 0.237891 0.6875 0.237109 0.688477 0.236328 0.688477 0.235156 0.689941 0.234766 0.689941 0.233984 0.690918 0.233594 0.690918 0.232422 0.692383 0.232422 0.695312 0.233984 0.697266 0.241016 0.697266 0.241406 0.696777 0.242188 0.696777 0.242578 0.696289 0.243359 0.696289 0.24375 0.695801 0.244531 0.695801 0.244922 0.695312 0.245312 0.695312 0.246484 0.693848 0.246875 0.693848 0.247656 0.692871 0.248047 0.692871 0.249219 0.691406 0.249219 0.690918 0.25 0.689941 0.25 0.689453 0.250781 0.688477 0.250781 0.687012 0.251172 0.686523 0.251172 0.686035 0.251563 0.685547 0.251563 0.684082 0.251953 0.683594 0.251953 0.682129 0.252344 0.681641 0.252344 0.681152 0.252734 0.680664 0.252734 0.679199 0.253125 0.678711 0.253125 0.678223 0.253516 0.677734 0.253516 0.675781 0.253906 0.675293 0.253906 0.673828 0.254297 0.67334 0.254297 0.672363 0.254688 0.671875 0.254688 0.670898 0.255078 0.67041 0.255078 0.668945 0.255469 0.668457 0.255469 0.666504 0.254297 0.665039
2 0.174609 0.659668 0.173437 0.661133 0.173437 0.663086 0.175781 0.666016 0.176172 0.666016 0.177344 0.66748 0.177734 0.66748 0.179688 0.669922 0.180078 0.669922 0.180469 0.67041 0.180859 0.67041 0.182812 0.672852 0.183594 0.672852 0.184375 0.673828 0.184766 0.673828 0.185156 0.674316 0.185547 0.674316 0.185938 0.674805 0.186328 0.674805 0.187109 0.675781 0.1875 0.675781 0.188281 0.676758 0.188672 0.676758 0.189062 0.677246 0.189062 0.679199 0.188672 0.679688 0.185547 0.679688 0.184375 0.681152 0.184375 0.683105 0.185938 0.685059 0.192578 0.685059 0.192969 0.68457 0.193359 0.68457 0.19375 0.684082 0.194922 0.684082 0.196094 0.682617 0.196094 0.682129 0.196484 0.681641 0.196484 0.681152 0.196875 0.680664 0.196875 0.680176 0.197266 0.679688 0.197266 0.670898 0.196094 0.669434 0.196094 0.668945 0.194531 0.666992 0.194141 0.666992 0.191016 0.663086 0.1875 0.663086 0.187109 0.662598 0.186328 0.662598 0.185938 0.662109 0.185156 0.662109 0.184766 0.661621 0.183984 0.661621 0.183594 0.661133 0.183203 0.661133 0.182812 0.660645 0.181641 0.660645 0.18125 0.660156 0.180078 0.660156 0.179688 0.659668
2 0.139453 0.60498 0.138672 0.605957 0.137891 0.605957 0.1375 0.606445 0.136719 0.606445 0.136328 0.606934 0.135937 0.606934 0.135156 0.60791 0.134766 0.60791 0.134375 0.608398 0.133984 0.608398 0.133203 0.609375 0.132812 0.609375 0.131641 0.61084 0.131641 0.611328 0.128516 0.615234 0.128516 0.615723 0.125781 0.619141 0.125781 0.620117 0.124609 0.621582 0.124609 0.62207 0.123828 0.623047 0.123828 0.623535 0.122656 0.625 0.122656 0.625488 0.122266 0.625977 0.122266 0.626465 0.119922 0.629395 0.119922 0.631348 0.121094 0.632812 0.123438 0.632812 0.123828 0.632324 0.124219 0.632324 0.124609 0.631836 0.125 0.631836 0.125391 0.631348 0.125781 0.631348 0.126172 0.630859 0.126562 0.630859 0.126953 0.630371 0.127734 0.630371 0.128516 0.629395 0.129297 0.629395 0.129688 0.628906 0.130469 0.628906 0.131641 0.627441 0.132422 0.627441 0.132812 0.626953 0.133203 0.626953 0.134766 0.625 0.135156 0.625 0.136328 0.623535 0.136328 0.623047 0.140234 0.618164 0.140234 0.617676 0.141406 0.616211 0.141406 0.615723 0.142578 0.614258 0.142578 0.61377 0.14375 0.612305 0.14375 0.611816 0.144531 0.61084 0.144531 0.610352 0.145313 0.609375 0.145313 0.607422 0.144141 0.605957 0.141797 0.605957 0.141016 0.60498
2 0.151562 0.574219 0.150391 0.575684 0.150391 0.576172 0.148438 0.578613 0.148438 0.57959 0.147656 0.580566 0.147656 0.581055 0.147266 0.581543 0.147266 0.58252 0.146875 0.583008 0.146875 0.583496 0.146484 0.583984 0.146484 0.585449 0.145703 0.586426 0.145703 0.588867 0.145313 0.589355 0.145313 0.606934 0.146875 0.608887 0.149609 0.608887 0.151172 0.606934 0.151172 0.606445 0.151953 0.605469 0.151953 0.60498 0.152344 0.604492 0.152344 0.582031 0.152734 0.581543 0.152734 0.580566 0.153516 0.57959 0.153516 0.579102 0.153906 0.578613 0.153906 0.578125 0.154297 0.577637 0.154297 0.575684 0.153125 0.574219
2 0.090625 0.59082 0.0894531 0.592285 0.0894531 0.594238 0.090625 0.595703 0.0914062 0.595703 0.0917969 0.596191 0.0921875 0.596191 0.0960938 0.601074 0.0964844 0.601074 0.0976562 0.602539 0.0980469 0.602539 0.0988281 0.603516 0.0992187 0.603516 0.1 0.604492 0.100391 0.604492 0.101562 0.605957 0.101953 0.605957 0.102344 0.606445 0.102734 0.606445 0.103516 0.607422 0.103906 0.607422 0.104297 0.60791 0.105078 0.60791 0.105469 0.608398 0.105859 0.608398 0.10625 0.608887 0.106641 0.608887 0.107422 0.609863 0.107813 0.609863 0.108594 0.61084 0.109766 0.61084 0.110547 0.611816 0.111719 0.611816 0.112109 0.612305 0.1125 0.612305 0.113672 0.61377 0.114062 0.61377 0.114453 0.614258 0.117188 0.614258 0.118359 0.612793 0.118359 0.608398 0.116406 0.605957 0.116016 0.605957 0.114453 0.604004 0.113672 0.604004 0.113281 0.603516 0.112891 0.603516 0.111719 0.602051 0.110937 0.602051 0.110156 0.601074 0.109766 0.601074 0.108594 0.599609 0.108203 0.599609 0.107422 0.598633 0.107031 0.598633 0.106641 0.598145 0.10625 0.598145 0.105469 0.597168 0.105078 0.597168 0.104297 0.596191 0.103516 0.596191 0.102344 0.594727 0.101953 0.594727 0.101562 0.594238 0.100781 0.594238 0.1 0.593262 0.0992187 0.593262 0.0988281 0.592773 0.0984375 0.592773 0.0980469 0.592285 0.0972656 0.592285 0.0964844 0.591309 0.0949219 0.591309 0.0945312 0.59082
2 0.110156 0.615723 0.109375 0.616699 0.108984 0.616699 0.108594 0.617188 0.107813 0.617188 0.107422 0.617676 0.107031 0.617676 0.10625 0.618652 0.105469 0.618652 0.104688 0.619629 0.104297 0.619629 0.103516 0.620605 0.103125 0.620605 0.101172 0.623047 0.1 0.623047 0.0992187 0.624023 0.0988281 0.624023 0.0984375 0.624512 0.0972656 0.624512 0.096875 0.625 0.0964844 0.625 0.0960938 0.625488 0.0957031 0.625488 0.0941406 0.627441 0.0933594 0.627441 0.0929688 0.62793 0.0925781 0.62793 0.0914062 0.629395 0.0914062 0.629883 0.090625 0.630859 0.090625 0.631348 0.0898438 0.632324 0.0898438 0.633789 0.0894531 0.634277 0.0894531 0.637695 0.090625 0.63916 0.0929688 0.63916 0.0933594 0.638672 0.0941406 0.638672 0.0953125 0.637207 0.0957031 0.637207 0.0960938 0.636719 0.0964844 0.636719 0.096875 0.63623 0.0972656 0.63623 0.0976562 0.635742 0.0980469 0.635742 0.0984375 0.635254 0.0988281 0.635254 0.0992187 0.634766 0.0996094 0.634766 0.1 0.634277 0.100391 0.634277 0.100781 0.633789 0.101562 0.633789 0.101953 0.633301 0.102344 0.633301 0.103906 0.631348 0.104297 0.631348 0.10625 0.628906 0.107031 0.628906 0.109766 0.625488 0.109766 0.625 0.111719 0.622559 0.111719 0.621582 0.113281 0.619629 0.113281 0.617188 0.112109 0.615723
1 0.0796875 0.584473 0.0765625 0.588379 0.0765625 0.588867 0.0761719 0.589355 0.0761719 0.589844 0.0753906 0.59082 0.0753906 0.591309 0.0746094 0.592285 0.0746094 0.593262 0.0738281 0.594238 0.0738281 0.594727 0.0734375 0.595215 0.0734375 0.596191 0.0730469 0.59668 0.0730469 0.598633 0.0726563 0.599121 0.0726563 0.600098 0.0722656 0.600586 0.0722656 0.616211 0.0730469 0.617188 0.0730469 0.618164 0.0742188 0.619629 0.0746094 0.619629 0.075 0.620117 0.0785156 0.620117 0.0796875 0.618652 0.0796875 0.594727 0.0800781 0.594238 0.0800781 0.593262 0.0804688 0.592773 0.0804688 0.59082 0.08125 0.589844 0.08125 0.589355 0.0824219 0.587891 0.0824219 0.585938 0.08125 0.584473
1 0.0578125 0.532715 0.0554687 0.535645 0.0554687 0.536133 0.0546875 0.537109 0.0542969 0.537109 0.0539063 0.537598 0.0535156 0.537598 0.053125 0.538086 0.0515625 0.538086 0.0511719 0.537598 0.05 0.537598 0.0496094 0.537109 0.0484375 0.537109 0.0480469 0.536621 0.046875 0.536621 0.0464844 0.536133 0.0457031 0.536133 0.0453125 0.535645 0.0417969 0.535645 0.0414062 0.536133 0.0410156 0.536133 0.040625 0.536621 0.0402344 0.536621 0.0398437 0.537109 0.0394531 0.537109 0.0390625 0.537598 0.0386719 0.537598 0.0367188 0.540039 0.0363281 0.540039 0.0339844 0.542969 0.0339844 0.544922 0.0351562 0.546387 0.0375 0.546387 0.0378906 0.545898 0.0390625 0.545898 0.0394531 0.54541 0.0433594 0.54541 0.0441406 0.546387 0.0453125 0.546387 0.0460938 0.547363 0.0464844 0.547363 0.046875 0.547852 0.0476562 0.547852 0.0484375 0.548828 0.0488281 0.548828 0.0492187 0.549316 0.0558594 0.549316 0.05625 0.548828 0.0578125 0.548828 0.0582031 0.54834 0.0585938 0.54834 0.059375 0.547363 0.0601563 0.547363 0.0621094 0.544922 0.0621094 0.544434 0.0628906 0.543457 0.0628906 0.535645 0.0617188 0.53418 0.0613281 0.53418 0.0601563 0.532715
2 0.0921875 0.479492 0.0917969 0.47998 0.0910156 0.47998 0.0867187 0.485352 0.0867187 0.486328 0.0851563 0.488281 0.0851563 0.48877 0.084375 0.489746 0.084375 0.490234 0.0839844 0.490723 0.0835937 0.490723 0.0820312 0.492676 0.0820312 0.493164 0.0816406 0.493652 0.08125 0.493652 0.0800781 0.495117 0.0800781 0.495605 0.0792969 0.496582 0.0789062 0.496582 0.078125 0.497559 0.0777344 0.497559 0.0761719 0.499512 0.0757812 0.499512 0.0753906 0.5 0.0730469 0.5 0.071875 0.501465 0.071875 0.503418 0.0730469 0.504883 0.0800781 0.504883 0.0804688 0.504395 0.0808594 0.504395 0.08125 0.503906 0.0816406 0.503906 0.0820312 0.503418 0.0824219 0.503418 0.0828125 0.50293 0.0835937 0.50293 0.0839844 0.502441 0.0851563 0.502441 0.0859375 0.501465 0.0871094 0.501465 0.0878906 0.500488 0.0886719 0.500488 0.090625 0.498047 0.090625 0.497559 0.0914062 0.496582 0.0914062 0.496094 0.0925781 0.494629 0.0925781 0.493164 0.0933594 0.492188 0.0933594 0.490723 0.09375 0.490234 0.09375 0.489258 0.0941406 0.48877 0.0941406 0.483887 0.0949219 0.48291 0.0949219 0.480957 0.09375 0.479492
2 0.0410156 0.500488 0.0382813 0.503906 0.0382813 0.506836 0.0394531 0.508301 0.0398437 0.508301 0.0402344 0.508789 0.0410156 0.508789 0.0414062 0.509277 0.0492187 0.509277 0.0496094 0.509766 0.05 0.509766 0.0503906 0.510254 0.0511719 0.510254 0.0515625 0.510742 0.0523438 0.510742 0.0527344 0.51123 0.053125 0.51123 0.0535156 0.511719 0.0628906 0.511719 0.0632812 0.51123 0.0640625 0.51123 0.0648438 0.510254 0.0652344 0.510254 0.0667969 0.508301 0.0667969 0.505859 0.065625 0.504395 0.0636719 0.504395 0.0632812 0.504883 0.0628906 0.504883 0.0625 0.505371 0.05625 0.505371 0.0558594 0.504883 0.0554687 0.504883 0.0550781 0.504395 0.0546875 0.504395 0.0535156 0.50293 0.0527344 0.50293 0.0519531 0.501953 0.0511719 0.501953 0.0507812 0.501465 0.0496094 0.501465 0.0492187 0.500977 0.0480469 0.500977 0.0476562 0.500488
2 0.0164063 0.429688 0.0152344 0.431152 0.0148437 0.431152 0.0132812 0.433105 0.0132812 0.452148 0.0136719 0.452637 0.0136719 0.453613 0.0140625 0.454102 0.0140625 0.45459 0.0144531 0.455078 0.0144531 0.456055 0.015625 0.45752 0.015625 0.458008 0.0167969 0.459473 0.0171875 0.459473 0.0175781 0.459961 0.0203125 0.459961 0.021875 0.458008 0.021875 0.457031 0.0222656 0.456543 0.0222656 0.445801 0.021875 0.445312 0.021875 0.444336 0.0214844 0.443848 0.0214844 0.442871 0.0210938 0.442383 0.0210938 0.440918 0.0207031 0.44043 0.0207031 0.438965 0.0203125 0.438477 0.0203125 0.4375 0.0199219 0.437012 0.0199219 0.436035 0.0195312 0.435547 0.0195312 0.433105 0.0191406 0.432617 0.0191406 0.431152 0.0179687 0.429688
2 0.00546875 0.361816 0.00429688 0.363281 0.00429688 0.366699 0.0046875 0.367188 0.0046875 0.367676 0.00703125 0.370605 0.00742187 0.370605 0.00820313 0.371582 0.00859375 0.371582 0.00898437 0.37207 0.009375 0.37207 0.0101563 0.373047 0.0117188 0.373047 0.0125 0.374023 0.0140625 0.374023 0.0144531 0.374512 0.0152344 0.374512 0.015625 0.375 0.0191406 0.375 0.0195312 0.375488 0.0207031 0.375488 0.0210938 0.375977 0.0234375 0.375977 0.0238281 0.376465 0.025 0.376465 0.0253906 0.376953 0.028125 0.376953 0.0285156 0.377441 0.0328125 0.377441 0.034375 0.375488 0.034375 0.372559 0.0328125 0.370605 0.0320312 0.370605 0.0316406 0.370117 0.0296875 0.370117 0.0289063 0.369141 0.0277344 0.369141 0.0261719 0.367188 0.025 0.367188 0.0242188 0.366211 0.0238281 0.366211 0.0226562 0.364746 0.021875 0.364746 0.0210938 0.36377 0.0207031 0.36377 0.0203125 0.363281 0.0199219 0.363281 0.0195312 0.362793 0.01875 0.362793 0.0183594 0.362305 0.0175781 0.362305 0.0171875 0.361816
2 0.0390625 0.396484 0.0375 0.398438 0.0375 0.402344 0.0390625 0.404297 0.0398437 0.404297 0.0402344 0.404785 0.040625 0.404785 0.0410156 0.405273 0.0421875 0.405273 0.0425781 0.405762 0.0429688 0.405762 0.0433594 0.40625 0.0445313 0.40625 0.0449219 0.406738 0.0460938 0.406738 0.0464844 0.407227 0.046875 0.407227 0.0472656 0.407715 0.0480469 0.407715 0.0488281 0.408691 0.05 0.408691 0.0503906 0.40918 0.0511719 0.40918 0.0523438 0.410645 0.053125 0.410645 0.0546875 0.412598 0.0554687 0.412598 0.05625 0.413574 0.0566406 0.413574 0.0570312 0.414062 0.0574219 0.414062 0.0578125 0.414551 0.0582031 0.414551 0.0589844 0.415527 0.059375 0.415527 0.0601563 0.416504 0.0609375 0.416504 0.0617188 0.41748 0.0621094 0.41748 0.0625 0.417969 0.0632812 0.417969 0.0636719 0.418457 0.0640625 0.418457 0.0644531 0.418945 0.0664062 0.418945 0.0675781 0.41748 0.0675781 0.415527 0.0671875 0.415039 0.0671875 0.414551 0.0644531 0.411133 0.0644531 0.410645 0.0613281 0.406738 0.0609375 0.406738 0.0589844 0.404297 0.0585938 0.404297 0.0550781 0.399902 0.0546875 0.399902 0.0539063 0.398926 0.0527344 0.398926 0.0523438 0.398438 0.0511719 0.398438 0.0507812 0.397949 0.05 0.397949 0.0492187 0.396973 0.0480469 0.396973 0.0476562 0.396484
2 0.103516 0.396973 0.102344 0.398438 0.102344 0.400391 0.103125 0.401367 0.103125 0.401855 0.103516 0.402344 0.103516 0.402832 0.103906 0.40332 0.103906 0.403809 0.104688 0.404785 0.104688 0.405762 0.105859 0.407227 0.105859 0.407715 0.10625 0.408203 0.10625 0.408691 0.107422 0.410156 0.107422 0.410645 0.109375 0.413086 0.109375 0.413574 0.110547 0.415039 0.110547 0.415527 0.115234 0.421387 0.115625 0.421387 0.116016 0.421875 0.116797 0.421875 0.117578 0.422852 0.117969 0.422852 0.11875 0.423828 0.119141 0.423828 0.120313 0.425293 0.122656 0.425293 0.123828 0.423828 0.123828 0.419434 0.123047 0.418457 0.123047 0.416992 0.121484 0.415039 0.121484 0.414551 0.116016 0.407715 0.115625 0.407715 0.114062 0.405762 0.113672 0.405762 0.110937 0.402344 0.110156 0.402344 0.109766 0.401855 0.109375 0.401855 0.105469 0.396973
2 0.1125 0.361816 0.111328 0.363281 0.111328 0.365723 0.1125 0.367188 0.1125 0.368652 0.112891 0.369141 0.112891 0.369629 0.113281 0.370117 0.113281 0.371582 0.113672 0.37207 0.113672 0.373535 0.114062 0.374023 0.114062 0.39502 0.114453 0.395508 0.114453 0.395996 0.114844 0.396484 0.114844 0.397949 0.115234 0.398438 0.115234 0.398926 0.116016 0.399902 0.116016 0.400391 0.118359 0.40332 0.11875 0.40332 0.119141 0.403809 0.119531 0.403809 0.120313 0.404785 0.123047 0.404785 0.124219 0.40332 0.124219 0.399414 0.123828 0.398926 0.123828 0.398438 0.123438 0.397949 0.123438 0.397461 0.123047 0.396973 0.123047 0.395996 0.122656 0.395508 0.122656 0.39502 0.122266 0.394531 0.122266 0.392578 0.121875 0.39209 0.121875 0.390137 0.121484 0.389648 0.121484 0.379395 0.121094 0.378906 0.121094 0.376953 0.120703 0.376465 0.120703 0.373535 0.120313 0.373047 0.120313 0.37207 0.119922 0.371582 0.119922 0.370605 0.119531 0.370117 0.119531 0.369629 0.119141 0.369141 0.119141 0.368652 0.11875 0.368164 0.11875 0.367188 0.114844 0.362305 0.114453 0.362305 0.114062 0.361816
2 0.0890625 0.319824 0.0875 0.321777 0.0875 0.32373 0.0886719 0.325195 0.0933594 0.325195 0.0941406 0.326172 0.0957031 0.326172 0.0960938 0.32666 0.0964844 0.32666 0.096875 0.327148 0.0976562 0.327148 0.0984375 0.328125 0.0992187 0.328125 0.0996094 0.328613 0.100781 0.328613 0.101562 0.32959 0.101953 0.32959 0.102734 0.330566 0.103125 0.330566 0.103516 0.331055 0.104688 0.331055 0.105078 0.331543 0.109766 0.331543 0.110156 0.331055 0.111719 0.331055 0.112109 0.330566 0.113672 0.330566 0.114453 0.32959 0.114844 0.32959 0.117188 0.32666 0.117188 0.326172 0.117578 0.325684 0.117578 0.322754 0.116406 0.321289 0.110156 0.321289 0.109766 0.321777 0.108203 0.321777 0.107422 0.320801 0.104688 0.320801 0.104297 0.320312 0.0972656 0.320312 0.096875 0.319824
2 0.101562 0.276367 0.101172 0.276855 0.100781 0.276855 0.1 0.277832 0.0992187 0.277832 0.0976562 0.279785 0.0976562 0.283203 0.0988281 0.284668 0.101953 0.284668 0.102344 0.285156 0.111719 0.285156 0.112109 0.284668 0.116797 0.284668 0.117188 0.28418 0.119141 0.28418 0.119531 0.283691 0.120313 0.283691 0.120703 0.283203 0.121875 0.283203 0.123438 0.28125 0.123438 0.27832 0.121875 0.276367 0.117188 0.276367 0.116797 0.276855 0.116016 0.276855 0.115625 0.276367
1 0.110547 0.756348 0.109375 0.757812 0.109375 0.763672 0.110547 0.765137 0.110547 0.765625 0.111719 0.76709 0.112109 0.76709 0.1125 0.767578 0.112891 0.767578 0.116406 0.771973 0.116797 0.771973 0.117188 0.772461 0.117578 0.772461 0.117969 0.772949 0.118359 0.772949 0.119531 0.774414 0.119922 0.774414 0.120313 0.774902 0.121484 0.774902 0.122266 0.775879 0.123828 0.775879 0.124219 0.776367 0.124609 0.776367 0.125 0.776855 0.127344 0.776855 0.128516 0.775391 0.128516 0.774902 0.128906 0.774414 0.128906 0.771973 0.127734 0.770508 0.127734 0.77002 0.126172 0.768066 0.125781 0.768066 0.123828 0.765625 0.123438 0.765625 0.121484 0.763184 0.121094 0.763184 0.11875 0.760254 0.118359 0.760254 0.117578 0.759277 0.117188 0.759277 0.116797 0.758789 0.116406 0.758789 0.115234 0.757324 0.114453 0.757324 0.114062 0.756836 0.112891 0.756836 0.1125 0.756348
2 0.0285156 0.229492 0.0273438 0.230957 0.0273438 0.232422 0.0269531 0.23291 0.0269531 0.233887 0.0265625 0.234375 0.0265625 0.23584 0.0261719 0.236328 0.0261719 0.244629 0.0300781 0.249512 0.0304687 0.249512 0.03125 0.250488 0.0320312 0.250488 0.0328125 0.251465 0.0332031 0.251465 0.0335937 0.251953 0.034375 0.251953 0.0351562 0.25293 0.0355469 0.25293 0.0359375 0.253418 0.0367188 0.253418 0.0375 0.254395 0.0382813 0.254395 0.0386719 0.254883 0.0398437 0.254883 0.0402344 0.255371 0.040625 0.255371 0.0410156 0.255859 0.0414062 0.255859 0.0421875 0.256836 0.0429688 0.256836 0.0433594 0.257324 0.0441406 0.257324 0.0445313 0.257812 0.0453125 0.257812 0.0457031 0.258301 0.0460938 0.258301 0.0464844 0.258789 0.0480469 0.258789 0.0484375 0.259277 0.0546875 0.259277 0.0558594 0.257812 0.0558594 0.254395 0.0542969 0.252441 0.0539063 0.252441 0.053125 0.251465 0.0527344 0.251465 0.0523438 0.250977 0.0507812 0.250977 0.0503906 0.250488 0.0496094 0.250488 0.0492187 0.25 0.0472656 0.25 0.046875 0.249512 0.0457031 0.249512 0.0453125 0.249023 0.0449219 0.249023 0.0445313 0.248535 0.0441406 0.248535 0.04375 0.248047 0.0433594 0.248047 0.0429688 0.247559 0.0421875 0.247559 0.0417969 0.24707 0.0414062 0.24707 0.0410156 0.246582 0.040625 0.246582 0.0402344 0.246094 0.0398437 0.246094 0.0394531 0.245605 0.0386719 0.245605 0.0375 0.244141 0.0371094 0.244141 0.0359375 0.242676 0.0355469 0.242676 0.034375 0.241211 0.0339844 0.241211 0.0328125 0.239746 0.0328125 0.238281 0.0324219 0.237793 0.0324219 0.231934 0.03125 0.230469 0.0308594 0.230469 0.0300781 0.229492
2 0.0277344 0.161621 0.0273438 0.162109 0.0269531 0.162109 0.0253906 0.164062 0.0253906 0.164551 0.0246094 0.165527 0.0246094 0.166016 0.0234375 0.16748 0.0234375 0.167969 0.0226562 0.168945 0.0226562 0.170898 0.0222656 0.171387 0.0222656 0.171875 0.021875 0.172363 0.021875 0.173828 0.0214844 0.174316 0.0214844 0.175293 0.0207031 0.17627 0.0207031 0.177734 0.0199219 0.178711 0.0199219 0.180176 0.0191406 0.181152 0.0191406 0.182617 0.01875 0.183105 0.01875 0.183594 0.0183594 0.184082 0.0183594 0.186035 0.0179687 0.186523 0.0179687 0.187012 0.0175781 0.1875 0.0175781 0.187988 0.0171875 0.188477 0.0171875 0.19043 0.0167969 0.190918 0.0167969 0.192871 0.0164063 0.193359 0.0164063 0.196289 0.0179687 0.198242 0.0214844 0.198242 0.0226562 0.196777 0.0226562 0.195312 0.0238281 0.193848 0.0238281 0.193359 0.0246094 0.192383 0.0246094 0.191895 0.025 0.191406 0.025 0.190918 0.0257812 0.189941 0.0257812 0.189453 0.0265625 0.188477 0.0265625 0.1875 0.0269531 0.187012 0.0269531 0.186523 0.028125 0.185059 0.028125 0.183594 0.0289063 0.182617 0.0289063 0.182129 0.0292969 0.181641 0.0292969 0.181152 0.0296875 0.180664 0.0296875 0.179688 0.0300781 0.179199 0.0300781 0.177734 0.0308594 0.176758 0.0308594 0.175293 0.0316406 0.174316 0.0316406 0.163086 0.0304687 0.161621
2 0.137109 0.302246 0.135156 0.304688 0.135156 0.311035 0.135937 0.312012 0.135937 0.312988 0.137109 0.314453 0.1375 0.314453 0.138672 0.315918 0.139453 0.315918 0.139844 0.316406 0.140234 0.316406 0.141797 0.318359 0.142969 0.318359 0.144141 0.319824 0.144531 0.319824 0.145313 0.320801 0.145703 0.320801 0.146484 0.321777 0.146875 0.321777 0.147656 0.322754 0.148438 0.322754 0.148828 0.323242 0.149219 0.323242 0.149609 0.32373 0.15 0.32373 0.150391 0.324219 0.151953 0.324219 0.152344 0.324707 0.15625 0.324707 0.157422 0.323242 0.157422 0.320801 0.157031 0.320312 0.157031 0.319824 0.15625 0.318848 0.15625 0.318359 0.155078 0.316895 0.154688 0.316895 0.153516 0.31543 0.153125 0.31543 0.150781 0.3125 0.150391 0.3125 0.149609 0.311523 0.149609 0.310059 0.148047 0.308105 0.147656 0.308105 0.146875 0.307129 0.146484 0.307129 0.146094 0.306641 0.145703 0.306641 0.144531 0.305176 0.14375 0.305176 0.142578 0.303711 0.141406 0.303711 0.141016 0.303223 0.140625 0.303223 0.139844 0.302246
1 0.187109 0.42041 0.186719 0.420898 0.185547 0.420898 0.184766 0.421875 0.183594 0.421875 0.183203 0.422363 0.182031 0.422363 0.18125 0.42334 0.180859 0.42334 0.179688 0.424805 0.179297 0.424805 0.178906 0.425293 0.178516 0.425293 0.177734 0.42627 0.177344 0.42627 0.175781 0.428223 0.175391 0.428223 0.169531 0.435547 0.169531 0.436035 0.169141 0.436523 0.169141 0.437012 0.16875 0.4375 0.16875 0.438477 0.167578 0.439941 0.167578 0.440918 0.167187 0.441406 0.167187 0.444824 0.168359 0.446289 0.170703 0.446289 0.171094 0.445801 0.171484 0.445801 0.171875 0.445312 0.173047 0.445312 0.173828 0.444336 0.174219 0.444336 0.175781 0.442383 0.176172 0.442383 0.177344 0.440918 0.178125 0.440918 0.179297 0.439453 0.179297 0.438965 0.181641 0.436035 0.182031 0.436035 0.183594 0.434082 0.183984 0.434082 0.189844 0.426758 0.189844 0.42627 0.190625 0.425293 0.190625 0.421875 0.189453 0.42041
1 0.175781 0.42627 0.174219 0.428223 0.174219 0.432129 0.175 0.433105 0.175 0.433594 0.176172 0.435059 0.176563 0.435059 0.177344 0.436035 0.178125 0.436035 0.178906 0.437012 0.179688 0.437012 0.180469 0.437988 0.180859 0.437988 0.181641 0.438965 0.182031 0.438965 0.184766 0.442383 0.185156 0.442383 0.186719 0.444336 0.187109 0.444336 0.189062 0.446777 0.189453 0.446777 0.190234 0.447754 0.190625 0.447754 0.191406 0.44873 0.191797 0.44873 0.192578 0.449707 0.192969 0.449707 0.193359 0.450195 0.194922 0.450195 0.195312 0.450684 0.196875 0.450684 0.197266 0.451172 0.200781 0.451172 0.201953 0.449707 0.201953 0.447266 0.200781 0.445801 0.200391 0.445801 0.199609 0.444824 0.199609 0.444336 0.196094 0.439941 0.196094 0.439453 0.192188 0.43457 0.191797 0.43457 0.190625 0.433105 0.190234 0.433105 0.189453 0.432129 0.189062 0.432129 0.188281 0.431152 0.1875 0.431152 0.186719 0.430176 0.186328 0.430176 0.185547 0.429199 0.185156 0.429199 0.184766 0.428711 0.184375 0.428711 0.183594 0.427734 0.182812 0.427734 0.182422 0.427246 0.182031 0.427246 0.181641 0.426758 0.180859 0.426758 0.180469 0.42627
2 0.195703 0.433105 0.195312 0.433594 0.194922 0.433594 0.193359 0.435547 0.193359 0.4375 0.194922 0.439453 0.198437 0.439453 0.198828 0.439941 0.199219 0.439941 0.199609 0.44043 0.201172 0.44043 0.201563 0.440918 0.203516 0.440918 0.203906 0.441406 0.204297 0.441406 0.205078 0.442383 0.205469 0.442383 0.207813 0.445312 0.208203 0.445312 0.208984 0.446289 0.209375 0.446289 0.210938 0.448242 0.211328 0.448242 0.211719 0.44873 0.212109 0.44873 0.212891 0.449707 0.213281 0.449707 0.214062 0.450684 0.214453 0.450684 0.215234 0.45166 0.215625 0.45166 0.216016 0.452148 0.216406 0.452148 0.217188 0.453125 0.21875 0.453125 0.219141 0.453613 0.225781 0.453613 0.226953 0.452148 0.226953 0.449707 0.225781 0.448242 0.225 0.448242 0.224219 0.447266 0.223828 0.447266 0.223438 0.446777 0.223047 0.446777 0.222266 0.445801 0.221875 0.445801 0.221094 0.444824 0.220703 0.444824 0.219922 0.443848 0.219531 0.443848 0.21875 0.442871 0.218359 0.442871 0.217578 0.441895 0.217188 0.441895 0.216797 0.441406 0.216406 0.441406 0.216016 0.440918 0.215234 0.440918 0.214844 0.44043 0.214453 0.44043 0.214062 0.439941 0.213672 0.439941 0.212109 0.437988 0.211719 0.437988 0.211328 0.4375 0.210547 0.4375 0.210156 0.437012 0.209766 0.437012 0.208594 0.435547 0.208203 0.435547 0.207422 0.43457 0.205859 0.43457 0.205469 0.434082 0.204687 0.434082 0.203906 0.433105
2 0.230078 0.449707 0.229687 0.450195 0.229297 0.450195 0.228125 0.45166 0.228125 0.462402 0.228516 0.462891 0.228516 0.463867 0.228906 0.464355 0.228906 0.466309 0.229297 0.466797 0.229297 0.467773 0.229687 0.468262 0.229687 0.470703 0.230078 0.471191 0.230078 0.472656 0.230469 0.473145 0.230469 0.475098 0.230859 0.475586 0.230859 0.477051 0.23125 0.477539 0.23125 0.478516 0.233203 0.480957 0.234766 0.480957 0.235937 0.479492 0.235937 0.479004 0.236328 0.478516 0.236328 0.476562 0.236719 0.476074 0.236719 0.466797 0.236328 0.466309 0.236328 0.462891 0.235937 0.462402 0.235937 0.461426 0.235547 0.460938 0.235547 0.459961 0.235156 0.459473 0.235156 0.458008 0.234766 0.45752 0.234766 0.457031 0.233984 0.456055 0.233984 0.45459 0.233594 0.454102 0.233594 0.453125 0.233203 0.452637 0.233203 0.452148 0.232813 0.45166 0.232813 0.451172 0.231641 0.449707
2 0.176172 0.445801 0.175391 0.446777 0.175 0.446777 0.173437 0.44873 0.173437 0.45166 0.175391 0.454102 0.175781 0.454102 0.176172 0.45459 0.176953 0.45459 0.177344 0.455078 0.178906 0.455078 0.179297 0.455566 0.179688 0.455566 0.180078 0.456055 0.180859 0.456055 0.18125 0.456543 0.199219 0.456543 0.200391 0.455078 0.200391 0.45166 0.199219 0.450195 0.198828 0.450195 0.198047 0.449219 0.197266 0.449219 0.195703 0.447266 0.194141 0.447266 0.19375 0.446777 0.188672 0.446777 0.188281 0.446289 0.185938 0.446289 0.185547 0.445801
2 0.100781 0.506836 0.0996094 0.508301 0.0996094 0.512207 0.1 0.512695 0.1 0.51416 0.100391 0.514648 0.100391 0.516602 0.100781 0.51709 0.100781 0.519531 0.101172 0.52002 0.101172 0.520508 0.101562 0.520996 0.101562 0.522461 0.101953 0.522949 0.101953 0.524414 0.102734 0.525391 0.102734 0.525879 0.103125 0.526367 0.103125 0.526855 0.103516 0.527344 0.103516 0.528809 0.103906 0.529297 0.103906 0.530273 0.104688 0.53125 0.104688 0.532227 0.105078 0.532715 0.105078 0.533203 0.107031 0.535645 0.107031 0.536133 0.109766 0.539551 0.110547 0.539551 0.110937 0.540039 0.111328 0.540039 0.1125 0.541504 0.112891 0.541504 0.113281 0.541992 0.114062 0.541992 0.114453 0.54248 0.114844 0.54248 0.115234 0.542969 0.115625 0.542969 0.116016 0.543457 0.116406 0.543457 0.117578 0.544922 0.118359 0.544922 0.119141 0.545898 0.119922 0.545898 0.120313 0.546387 0.122656 0.546387 0.123828 0.544922 0.123828 0.542969 0.120703 0.539062 0.120703 0.538574 0.119141 0.536621 0.119141 0.536133 0.118359 0.535156 0.118359 0.534668 0.117578 0.533691 0.117578 0.532715 0.117188 0.532227 0.117188 0.531738 0.116406 0.530762 0.116406 0.530273 0.116016 0.529785 0.116016 0.528809 0.114844 0.527344 0.114844 0.525879 0.114062 0.524902 0.114062 0.524414 0.113672 0.523926 0.113672 0.522949 0.113281 0.522461 0.113281 0.521484 0.112891 0.520996 0.112891 0.52002 0.112109 0.519043 0.112109 0.518555 0.110937 0.51709 0.110937 0.516602 0.110156 0.515625 0.110156 0.515137 0.108984 0.513672 0.108984 0.513184 0.108594 0.512695 0.108594 0.512207 0.107813 0.51123 0.107813 0.510254 0.107031 0.509277 0.107031 0.508789 0.105859 0.507324 0.105078 0.507324 0.104688 0.506836
2 0.115625 0.509277 0.114062 0.51123 0.114062 0.514648 0.115625 0.516602 0.116406 0.516602 0.116797 0.51709 0.117578 0.51709 0.117969 0.517578 0.118359 0.517578 0.11875 0.518066 0.120703 0.518066 0.121094 0.518555 0.121875 0.518555 0.122266 0.519043 0.123047 0.519043 0.123438 0.519531 0.123828 0.519531 0.124219 0.52002 0.125 0.52002 0.126172 0.521484 0.126562 0.521484 0.127344 0.522461 0.127734 0.522461 0.128125 0.522949 0.128125 0.523438 0.129297 0.524902 0.129688 0.524902 0.13125 0.526855 0.13125 0.527344 0.132812 0.529297 0.133203 0.529297 0.133594 0.529785 0.133594 0.530273 0.134766 0.531738 0.134766 0.532715 0.135937 0.53418 0.135937 0.534668 0.137109 0.536133 0.138672 0.536133 0.139844 0.534668 0.139844 0.532227 0.139453 0.531738 0.139453 0.530762 0.138281 0.529297 0.138281 0.528809 0.1375 0.527832 0.1375 0.527344 0.137109 0.526855 0.137109 0.526367 0.135547 0.524414 0.135547 0.523926 0.133203 0.520996 0.133203 0.520508 0.132812 0.52002 0.132812 0.519531 0.131641 0.518066 0.131641 0.517578 0.130469 0.516113 0.130078 0.516113 0.129297 0.515137 0.128906 0.515137 0.127344 0.513184 0.126953 0.513184 0.126172 0.512207 0.125781 0.512207 0.125391 0.511719 0.125 0.511719 0.124609 0.51123 0.124219 0.51123 0.123828 0.510742 0.123438 0.510742 0.123047 0.510254 0.122266 0.510254 0.121875 0.509766 0.120703 0.509766 0.120313 0.509277
2 0.119141 0.516113 0.117969 0.517578 0.117969 0.520508 0.11875 0.521484 0.11875 0.522461 0.119531 0.523438 0.119531 0.523926 0.119922 0.524414 0.119922 0.524902 0.121094 0.526367 0.121094 0.526855 0.122266 0.52832 0.122266 0.529297 0.124609 0.532227 0.124609 0.532715 0.127344 0.536133 0.127734 0.536133 0.129297 0.538086 0.129688 0.538086 0.130469 0.539062 0.130859 0.539062 0.131641 0.540039 0.132031 0.540039 0.132422 0.540527 0.133203 0.540527 0.133594 0.541016 0.137109 0.541016 0.138672 0.539062 0.138672 0.535645 0.138281 0.535156 0.138281 0.534668 0.135156 0.530762 0.134766 0.530762 0.133984 0.529785 0.133594 0.529785 0.133203 0.529297 0.132812 0.529297 0.132031 0.52832 0.131641 0.52832 0.128516 0.524414 0.128125 0.524414 0.126953 0.522949 0.126562 0.522949 0.121484 0.516602 0.121094 0.516602 0.120703 0.516113
1 0.0230469 0.633789 0.0214844 0.635742 0.0214844 0.63623 0.0207031 0.637207 0.0207031 0.637695 0.0199219 0.638672 0.0199219 0.639648 0.01875 0.641113 0.01875 0.641602 0.0183594 0.64209 0.0183594 0.642578 0.0175781 0.643555 0.0171875 0.643555 0.0160156 0.64502 0.0160156 0.645508 0.0140625 0.647949 0.0140625 0.648438 0.0128906 0.649902 0.0128906 0.650391 0.0117188 0.651855 0.0117188 0.652344 0.0105469 0.653809 0.0105469 0.654785 0.0101563 0.655273 0.0101563 0.655762 0.009375 0.656738 0.009375 0.657715 0.00859375 0.658691 0.00859375 0.65918 0.0078125 0.660156 0.0078125 0.660645 0.00703125 0.661621 0.00703125 0.662598 0.00625 0.663574 0.00625 0.664062 0.00585938 0.664551 0.00585938 0.665527 0.00546875 0.666016 0.00546875 0.666504 0.00507813 0.666992 0.00507813 0.667969 0.00390625 0.669434 0.00390625 0.669922 0.00351563 0.67041 0.00351563 0.671875 0.00273437 0.672852 0.00273437 0.674805 0.00234375 0.675293 0.00234375 0.680176 0.00351563 0.681641 0.00742187 0.681641 0.00820313 0.680664 0.00859375 0.680664 0.0109375 0.677734 0.0113281 0.677734 0.0148437 0.67334 0.0148437 0.672852 0.0160156 0.671387 0.0160156 0.670898 0.0164063 0.67041 0.0164063 0.669434 0.0179687 0.66748 0.0179687 0.666016 0.01875 0.665039 0.01875 0.664551 0.0191406 0.664062 0.0191406 0.661621 0.0195312 0.661133 0.0195312 0.660156 0.0199219 0.659668 0.0199219 0.658203 0.0207031 0.657227 0.0207031 0.656738 0.0210938 0.65625 0.0210938 0.654297 0.0214844 0.653809 0.0214844 0.652832 0.021875 0.652344 0.021875 0.651367 0.0222656 0.650879 0.0222656 0.650391 0.0226562 0.649902 0.0226562 0.649414 0.0234375 0.648438 0.0234375 0.647949 0.0238281 0.647461 0.0238281 0.646973 0.0242188 0.646484 0.0242188 0.645996 0.0246094 0.645508 0.0246094 0.64502 0.025 0.644531 0.025 0.644043 0.0253906 0.643555 0.0253906 0.643066 0.0257812 0.642578 0.0257812 0.640625 0.0261719 0.640137 0.0261719 0.63916 0.0265625 0.638672 0.0265625 0.636719 0.0257812 0.635742 0.0257812 0.635254 0.0246094 0.633789
2 0.0109375 0.66748 0.009375 0.669434 0.009375 0.671387 0.00898437 0.671875 0.00898437 0.677246 0.00859375 0.677734 0.00859375 0.678711 0.00820313 0.679199 0.00820313 0.680664 0.0078125 0.681152 0.0078125 0.683105 0.00742187 0.683594 0.00742187 0.68457 0.00664062 0.685547 0.00664062 0.686523 0.00625 0.687012 0.00625 0.687988 0.00585938 0.688477 0.00585938 0.689453 0.00546875 0.689941 0.00546875 0.690918 0.00507813 0.691406 0.00507813 0.692871 0.0046875 0.693359 0.0046875 0.693848 0.00429688 0.694336 0.00429688 0.694824 0.00390625 0.695312 0.00390625 0.695801 0.00351563 0.696289 0.00351563 0.700195 0.0046875 0.70166 0.00625 0.70166 0.009375 0.697754 0.009375 0.697266 0.00976562 0.696777 0.00976562 0.696289 0.0101563 0.695801 0.0101563 0.695312 0.0105469 0.694824 0.0105469 0.694336 0.0117188 0.692871 0.0117188 0.692383 0.0132812 0.69043 0.0136719 0.69043 0.015625 0.687988 0.015625 0.6875 0.0160156 0.687012 0.0160156 0.686035 0.0164063 0.685547 0.0164063 0.679199 0.0160156 0.678711 0.0160156 0.675293 0.015625 0.674805 0.015625 0.673828 0.0152344 0.67334 0.0152344 0.672363 0.0144531 0.671387 0.0144531 0.67041 0.0140625 0.669922 0.0140625 0.669434 0.0125 0.66748
2 0.0558594 0.623047 0.0539063 0.625488 0.053125 0.625488 0.0519531 0.626953 0.0511719 0.626953 0.0449219 0.634766 0.0449219 0.635254 0.0441406 0.63623 0.04375 0.63623 0.0425781 0.637695 0.0425781 0.638184 0.0402344 0.641113 0.0402344 0.641602 0.0394531 0.642578 0.0394531 0.643066 0.0367188 0.646484 0.0367188 0.646973 0.0363281 0.647461 0.0363281 0.649902 0.0375 0.651367 0.0398437 0.651367 0.040625 0.650391 0.0417969 0.650391 0.0429688 0.648926 0.0433594 0.648926 0.0441406 0.647949 0.0449219 0.647949 0.0453125 0.647461 0.0464844 0.647461 0.0472656 0.646484 0.0476562 0.646484 0.0480469 0.645996 0.0484375 0.645996 0.0492187 0.64502 0.0496094 0.64502 0.05 0.644531 0.0503906 0.644531 0.0515625 0.643066 0.0519531 0.643066 0.053125 0.641602 0.053125 0.641113 0.0539063 0.640137 0.0539063 0.638672 0.0542969 0.638184 0.0542969 0.637695 0.0546875 0.637207 0.0546875 0.636719 0.0550781 0.63623 0.0550781 0.635742 0.0554687 0.635254 0.0554687 0.634766 0.0570312 0.632812 0.0570312 0.631348 0.0574219 0.630859 0.0574219 0.629883 0.0578125 0.629395 0.0578125 0.628418 0.0582031 0.62793 0.0582031 0.626953 0.0585938 0.626465 0.0585938 0.624512 0.0574219 0.623047
2 0.0238281 0.62793 0.0226562 0.629395 0.0226562 0.631348 0.0234375 0.632324 0.0234375 0.633301 0.0238281 0.633789 0.0238281 0.635254 0.0242188 0.635742 0.0242188 0.63623 0.0246094 0.636719 0.0246094 0.637207 0.025 0.637695 0.025 0.640137 0.0253906 0.640625 0.0253906 0.641602 0.0261719 0.642578 0.0261719 0.64502 0.0265625 0.645508 0.0265625 0.645996 0.0269531 0.646484 0.0269531 0.647461 0.0273438 0.647949 0.0273438 0.649902 0.028125 0.650879 0.028125 0.651855 0.0285156 0.652344 0.0285156 0.65332 0.0296875 0.654785 0.0296875 0.655273 0.03125 0.657227 0.0316406 0.657227 0.0320312 0.657715 0.0347656 0.657715 0.0359375 0.65625 0.0359375 0.645508 0.0355469 0.64502 0.0355469 0.644531 0.0351562 0.644043 0.0351562 0.643555 0.0347656 0.643066 0.0347656 0.642578 0.034375 0.64209 0.034375 0.641602 0.0335937 0.640625 0.0335937 0.638672 0.0328125 0.637695 0.0328125 0.637207 0.0324219 0.636719 0.0324219 0.63623 0.03125 0.634766 0.03125 0.634277 0.0308594 0.633789 0.0308594 0.633301 0.0304687 0.632812 0.0304687 0.632324 0.0300781 0.631836 0.0300781 0.631348 0.0277344 0.628418 0.0269531 0.628418 0.0265625 0.62793
1 0.084375 0.722168 0.0839844 0.722656 0.0816406 0.722656 0.08125 0.723145 0.0789062 0.723145 0.0785156 0.723633 0.0773438 0.723633 0.0769531 0.724121 0.0765625 0.724121 0.0761719 0.724609 0.0753906 0.724609 0.0746094 0.725586 0.0738281 0.725586 0.0730469 0.726562 0.0726563 0.726562 0.0722656 0.727051 0.071875 0.727051 0.0695313 0.72998 0.0695313 0.730469 0.0683594 0.731934 0.0683594 0.732422 0.0675781 0.733398 0.0675781 0.737793 0.06875 0.739258 0.0726563 0.739258 0.0730469 0.73877 0.0742188 0.73877 0.075 0.737793 0.0757812 0.737793 0.0761719 0.737305 0.0765625 0.737305 0.0773438 0.736328 0.0777344 0.736328 0.078125 0.73584 0.0789062 0.73584 0.0796875 0.734863 0.0800781 0.734863 0.0804688 0.734375 0.08125 0.734375 0.0816406 0.733887 0.0820312 0.733887 0.0824219 0.733398 0.0835937 0.733398 0.084375 0.732422 0.0851563 0.732422 0.0855469 0.731934 0.0863281 0.731934 0.0867187 0.731445 0.0875 0.731445 0.0878906 0.730957 0.0890625 0.730957 0.0894531 0.730469 0.0902344 0.730469 0.090625 0.72998 0.0925781 0.72998 0.0929688 0.729492 0.096875 0.729492 0.0980469 0.728027 0.0980469 0.726074 0.096875 0.724609 0.0964844 0.724609 0.0960938 0.724121 0.0957031 0.724121 0.0953125 0.723633 0.09375 0.723633 0.0933594 0.723145 0.0894531 0.723145 0.0886719 0.722168
1 0.104297 0.726074 0.103906 0.726562 0.103125 0.726562 0.102734 0.727051 0.102344 0.727051 0.101953 0.727539 0.100391 0.727539 0.1 0.728027 0.0996094 0.728027 0.0992187 0.728516 0.0988281 0.728516 0.0976562 0.72998 0.0972656 0.72998 0.0957031 0.731934 0.0949219 0.731934 0.0941406 0.73291 0.0933594 0.73291 0.0929688 0.733398 0.0925781 0.733398 0.0921875 0.733887 0.0914062 0.733887 0.0910156 0.734375 0.090625 0.734375 0.0902344 0.734863 0.0898438 0.734863 0.0890625 0.73584 0.0882813 0.73584 0.0878906 0.736328 0.0871094 0.736328 0.0863281 0.737305 0.0859375 0.737305 0.0855469 0.737793 0.0851563 0.737793 0.0835937 0.739746 0.0832031 0.739746 0.0820312 0.741211 0.0820312 0.744629 0.0824219 0.745117 0.0824219 0.745605 0.084375 0.748047 0.0851563 0.748047 0.0855469 0.748535 0.0902344 0.748535 0.090625 0.748047 0.0914062 0.748047 0.0941406 0.744629 0.0945312 0.744629 0.0960938 0.742676 0.0964844 0.742676 0.096875 0.742188 0.0972656 0.742188 0.0980469 0.741211 0.0984375 0.741211 0.0992187 0.740234 0.0996094 0.740234 0.1 0.739746 0.100391 0.739746 0.100781 0.739258 0.101172 0.739258 0.101953 0.738281 0.102734 0.738281 0.103125 0.737793 0.103516 0.737793 0.104297 0.736816 0.104688 0.736816 0.105469 0.73584 0.105859 0.73584 0.107813 0.733398 0.107813 0.730957 0.108203 0.730469 0.108203 0.727539 0.107031 0.726074
1 0.11875 0.731445 0.118359 0.731934 0.117578 0.731934 0.117188 0.732422 0.116406 0.732422 0.116016 0.731934 0.114062 0.731934 0.113672 0.732422 0.113281 0.732422 0.112891 0.73291 0.1125 0.73291 0.112109 0.733398 0.111719 0.733398 0.111328 0.733887 0.110937 0.733887 0.110156 0.734863 0.109375 0.734863 0.107813 0.736816 0.107422 0.736816 0.107031 0.737305 0.106641 0.737305 0.105859 0.738281 0.105469 0.738281 0.104297 0.739746 0.103516 0.739746 0.101953 0.741699 0.101172 0.741699 0.0996094 0.743652 0.0992187 0.743652 0.09375 0.750488 0.09375 0.750977 0.0933594 0.751465 0.0933594 0.751953 0.0929688 0.752441 0.0929688 0.754883 0.0941406 0.756348 0.096875 0.756348 0.0972656 0.755859 0.0984375 0.755859 0.0988281 0.755371 0.1 0.755371 0.100391 0.754883 0.101172 0.754883 0.101562 0.754395 0.102344 0.754395 0.103125 0.753418 0.103906 0.753418 0.105078 0.751953 0.105859 0.751953 0.10625 0.751465 0.106641 0.751465 0.107813 0.75 0.108594 0.75 0.110156 0.748047 0.110547 0.748047 0.111328 0.74707 0.111719 0.74707 0.113672 0.744629 0.114062 0.744629 0.115234 0.743164 0.115625 0.743164 0.116406 0.742188 0.116797 0.742188 0.117578 0.741211 0.118359 0.741211 0.121094 0.737793 0.121094 0.737305 0.123047 0.734863 0.123047 0.73291 0.121875 0.731445
2 0.157031 0.912109 0.155859 0.913574 0.155859 0.91748 0.15625 0.917969 0.15625 0.925781 0.156641 0.92627 0.156641 0.929199 0.157031 0.929688 0.157031 0.931152 0.157422 0.931641 0.157422 0.933105 0.158203 0.934082 0.158203 0.93457 0.158594 0.935059 0.158594 0.935547 0.158984 0.936035 0.158984 0.936523 0.160547 0.938477 0.163281 0.938477 0.164844 0.936523 0.164844 0.936035 0.165234 0.935547 0.165234 0.925781 0.164844 0.925293 0.164844 0.924805 0.164453 0.924316 0.164453 0.923828 0.163672 0.922852 0.163672 0.921875 0.162891 0.920898 0.162891 0.92041 0.162109 0.919434 0.162109 0.918945 0.160938 0.91748 0.160938 0.916504 0.160156 0.915527 0.160156 0.913574 0.158984 0.912109
2 0.145313 0.703125 0.144141 0.70459 0.144141 0.706055 0.14375 0.706543 0.14375 0.714844 0.144141 0.715332 0.144141 0.71582 0.144531 0.716309 0.144531 0.717773 0.147266 0.721191 0.147656 0.721191 0.149219 0.723145 0.149609 0.723145 0.150391 0.724121 0.150781 0.724121 0.151172 0.724609 0.151953 0.724609 0.152344 0.725098 0.152734 0.725098 0.153516 0.726074 0.153906 0.726074 0.154297 0.726562 0.154688 0.726562 0.155078 0.727051 0.155469 0.727051 0.15625 0.728027 0.156641 0.728027 0.157031 0.728516 0.157812 0.728516 0.158203 0.729004 0.159766 0.729004 0.160156 0.728516 0.160547 0.729004 0.160938 0.729004 0.161328 0.729492 0.1625 0.729492 0.163281 0.730469 0.164062 0.730469 0.164453 0.730957 0.164844 0.730957 0.166016 0.732422 0.166406 0.732422 0.166797 0.73291 0.167187 0.73291 0.167578 0.733398 0.167969 0.733398 0.168359 0.733887 0.16875 0.733887 0.169531 0.734863 0.169922 0.734863 0.170313 0.735352 0.170703 0.735352 0.171094 0.73584 0.171875 0.73584 0.173828 0.738281 0.174219 0.738281 0.175391 0.739746 0.175391 0.740234 0.176563 0.741699 0.178516 0.741699 0.179688 0.740234 0.179688 0.738281 0.178906 0.737305 0.178906 0.73584 0.178125 0.734863 0.178125 0.733887 0.177734 0.733398 0.177734 0.732422 0.173828 0.727539 0.173437 0.727539 0.172656 0.726562 0.172266 0.726562 0.171875 0.726074 0.171094 0.726074 0.170313 0.725098 0.169922 0.725098 0.169531 0.724609 0.169141 0.724609 0.168359 0.723633 0.167969 0.723633 0.167578 0.723145 0.167187 0.723145 0.166797 0.722656 0.166406 0.722656 0.166016 0.722168 0.165234 0.722168 0.164844 0.72168 0.164453 0.72168 0.164062 0.721191 0.163672 0.721191 0.163281 0.720703 0.162891 0.720703 0.1625 0.720215 0.161719 0.720215 0.160938 0.719238 0.160156 0.719238 0.159766 0.71875 0.159375 0.71875 0.158984 0.718262 0.158984 0.717773 0.158203 0.716797 0.158203 0.716309 0.157422 0.715332 0.157422 0.714844 0.156641 0.713867 0.156641 0.713379 0.15625 0.712891 0.15625 0.712402 0.155859 0.711914 0.155859 0.711426 0.154688 0.709961 0.154688 0.709473 0.154297 0.708984 0.154297 0.708496 0.153516 0.70752 0.153516 0.707031 0.151562 0.70459 0.150781 0.70459 0.150391 0.704102 0.149609 0.704102 0.148828 0.703125
2 0.157422 0.706543 0.15625 0.708008 0.15625 0.712402 0.157422 0.713867 0.157812 0.713867 0.158203 0.714355 0.158984 0.714355 0.159375 0.714844 0.161719 0.714844 0.162109 0.715332 0.163672 0.715332 0.164062 0.71582 0.165625 0.71582 0.166016 0.716309 0.167187 0.716309 0.167578 0.716797 0.169531 0.716797 0.169922 0.717285 0.171484 0.717285 0.171875 0.717773 0.173047 0.717773 0.173437 0.718262 0.174609 0.718262 0.175 0.71875 0.176172 0.71875 0.176563 0.719238 0.176953 0.719238 0.177344 0.719727 0.178906 0.719727 0.179297 0.720215 0.179688 0.720215 0.180469 0.721191 0.18125 0.721191 0.181641 0.72168 0.182422 0.72168 0.182812 0.722168 0.184766 0.722168 0.185938 0.720703 0.185938 0.718262 0.183594 0.715332 0.183203 0.715332 0.182422 0.714355 0.182031 0.714355 0.181641 0.713867 0.18125 0.713867 0.180859 0.713379 0.180469 0.713379 0.180078 0.712891 0.179688 0.712891 0.179297 0.712402 0.178516 0.712402 0.177344 0.710938 0.176953 0.710938 0.176563 0.710449 0.176172 0.710449 0.175781 0.709961 0.175391 0.709961 0.175 0.709473 0.174609 0.709473 0.174219 0.708984 0.172266 0.708984 0.171875 0.708496 0.170703 0.708496 0.170313 0.708008 0.169531 0.708008 0.169141 0.70752 0.166797 0.70752 0.166406 0.707031 0.165625 0.707031 0.165234 0.706543
2 0.137891 0.726562 0.137109 0.727539 0.136719 0.727539 0.136328 0.728027 0.135937 0.728027 0.135156 0.729004 0.134766 0.729004 0.134375 0.729492 0.133984 0.729492 0.133594 0.72998 0.133203 0.72998 0.132812 0.730469 0.132031 0.730469 0.130859 0.731934 0.130078 0.731934 0.128516 0.733887 0.128125 0.733887 0.127734 0.734375 0.126953 0.734375 0.124609 0.737305 0.124219 0.737305 0.120313 0.742188 0.120313 0.742676 0.119922 0.743164 0.119922 0.743652 0.119141 0.744629 0.119141 0.745117 0.11875 0.745605 0.11875 0.747559 0.119922 0.749023 0.121875 0.749023 0.122656 0.748047 0.123828 0.748047 0.124609 0.74707 0.125391 0.74707 0.125781 0.746582 0.126562 0.746582 0.126953 0.746094 0.127344 0.746094 0.127734 0.745605 0.128125 0.745605 0.129297 0.744141 0.130078 0.744141 0.130859 0.743164 0.13125 0.743164 0.132031 0.742188 0.132812 0.742188 0.134766 0.739746 0.135156 0.739746 0.139453 0.734375 0.139453 0.733887 0.139844 0.733398 0.139844 0.73291 0.140234 0.732422 0.140234 0.730957 0.140625 0.730469 0.140625 0.728027 0.139453 0.726562
2 0.122656 0.708008 0.122266 0.708496 0.121484 0.708496 0.121094 0.708984 0.119922 0.708984 0.119141 0.709961 0.11875 0.709961 0.118359 0.710449 0.117578 0.710449 0.117188 0.710938 0.116797 0.710938 0.116016 0.711914 0.115625 0.711914 0.115234 0.712402 0.114844 0.712402 0.114453 0.712891 0.114062 0.712891 0.113281 0.713867 0.112891 0.713867 0.1125 0.714355 0.112109 0.714355 0.111328 0.715332 0.110937 0.715332 0.109375 0.717285 0.108984 0.717285 0.108594 0.717773 0.108203 0.717773 0.105469 0.721191 0.105469 0.72168 0.105078 0.722168 0.105078 0.724609 0.10625 0.726074 0.109375 0.726074 0.110156 0.725098 0.111328 0.725098 0.112109 0.724121 0.1125 0.724121 0.112891 0.723633 0.113281 0.723633 0.113672 0.723145 0.114844 0.723145 0.115234 0.722656 0.116797 0.722656 0.117578 0.72168 0.117969 0.72168 0.118359 0.721191 0.119141 0.721191 0.119531 0.720703 0.119922 0.720703 0.120313 0.720215 0.121484 0.720215 0.121875 0.719727 0.122656 0.719727 0.123047 0.719238 0.123438 0.719238 0.123828 0.71875 0.124609 0.71875 0.126953 0.71582 0.126953 0.715332 0.127734 0.714355 0.127734 0.709961 0.126562 0.708496 0.125781 0.708496 0.125391 0.708008
2 0.0898438 0.686523 0.0882813 0.688477 0.0882813 0.693359 0.0902344 0.695801 0.090625 0.695801 0.0914062 0.696777 0.0925781 0.696777 0.0933594 0.697754 0.09375 0.697754 0.0941406 0.698242 0.0945312 0.698242 0.0949219 0.69873 0.0953125 0.69873 0.0957031 0.699219 0.096875 0.699219 0.0972656 0.699707 0.0980469 0.699707 0.100391 0.702637 0.100781 0.702637 0.101562 0.703613 0.101953 0.703613 0.102344 0.704102 0.102734 0.704102 0.103516 0.705078 0.103906 0.705078 0.105078 0.706543 0.105469 0.706543 0.10625 0.70752 0.106641 0.70752 0.107031 0.708008 0.107813 0.708008 0.108203 0.708496 0.108594 0.708496 0.108984 0.708984 0.109375 0.708984 0.109766 0.709473 0.110937 0.709473 0.111328 0.709961 0.111719 0.709961 0.1125 0.710938 0.114453 0.710938 0.114844 0.711426 0.116406 0.711426 0.117578 0.709961 0.117578 0.705566 0.116797 0.70459 0.116797 0.704102 0.115234 0.702148 0.114844 0.702148 0.114062 0.701172 0.113672 0.701172 0.1125 0.699707 0.112109 0.699707 0.111719 0.699219 0.111719 0.69873 0.109375 0.695801 0.108984 0.695801 0.108594 0.695312 0.107813 0.695312 0.107422 0.694824 0.107031 0.694824 0.105859 0.693359 0.105469 0.693359 0.104688 0.692383 0.104297 0.692383 0.103516 0.691406 0.102734 0.691406 0.101953 0.69043 0.101562 0.69043 0.101172 0.689941 0.100391 0.689941 0.0996094 0.688965 0.0992187 0.688965 0.0988281 0.688477 0.0984375 0.688477 0.0980469 0.687988 0.0976562 0.687988 0.0972656 0.6875 0.0964844 0.6875 0.0960938 0.687012 0.0949219 0.687012 0.0945312 0.686523
2 0.103516 0.788086 0.103125 0.788574 0.102344 0.788574 0.101172 0.790039 0.101172 0.793457 0.103516 0.796387 0.104297 0.796387 0.104688 0.796875 0.105469 0.796875 0.105859 0.797363 0.106641 0.797363 0.107031 0.797852 0.107813 0.797852 0.108594 0.798828 0.109766 0.798828 0.110547 0.799805 0.111719 0.799805 0.112109 0.800293 0.1125 0.800293 0.112891 0.800781 0.114453 0.800781 0.115234 0.801758 0.116406 0.801758 0.116797 0.802246 0.117578 0.802246 0.117969 0.802734 0.119531 0.802734 0.119922 0.803223 0.120703 0.803223 0.121094 0.803711 0.122266 0.803711 0.122656 0.804199 0.123047 0.804199 0.123828 0.805176 0.124609 0.805176 0.125391 0.806152 0.126562 0.806152 0.126953 0.806641 0.127344 0.806641 0.127734 0.807129 0.128516 0.807129 0.128906 0.807617 0.129688 0.807617 0.130078 0.808105 0.13125 0.808105 0.131641 0.808594 0.134375 0.808594 0.135547 0.807129 0.135547 0.804688 0.133594 0.802246 0.133203 0.802246 0.132812 0.801758 0.132422 0.801758 0.130859 0.799805 0.130469 0.799805 0.128125 0.796875 0.127734 0.796875 0.126953 0.795898 0.126562 0.795898 0.125781 0.794922 0.125 0.794922 0.124609 0.794434 0.123438 0.794434 0.123047 0.793945 0.122266 0.793945 0.121875 0.793457 0.121094 0.793457 0.119922 0.791992 0.119531 0.791992 0.119141 0.791504 0.11875 0.791504 0.117969 0.790527 0.117188 0.790527 0.116797 0.790039 0.116016 0.790039 0.115625 0.789551 0.115234 0.789551 0.114844 0.789062 0.114062 0.789062 0.113672 0.788574 0.112891 0.788574 0.1125 0.788086
2 0.108203 0.814453 0.107813 0.814941 0.107422 0.814941 0.105859 0.816895 0.104688 0.816895 0.103516 0.818359 0.103516 0.818848 0.102734 0.819824 0.102734 0.820801 0.101562 0.822266 0.101562 0.822754 0.101172 0.823242 0.101172 0.82373 0.100391 0.824707 0.100391 0.826172 0.0992187 0.827637 0.0992187 0.828613 0.0988281 0.829102 0.0988281 0.831055 0.0984375 0.831543 0.0984375 0.83252 0.0980469 0.833008 0.0980469 0.833496 0.0976562 0.833984 0.0976562 0.835449 0.0972656 0.835938 0.0972656 0.836426 0.096875 0.836914 0.096875 0.837891 0.0964844 0.838379 0.0964844 0.839355 0.0960938 0.839844 0.0960938 0.843262 0.0972656 0.844727 0.0988281 0.844727 0.0992187 0.844238 0.0996094 0.844238 0.101172 0.842285 0.101562 0.842285 0.102344 0.841309 0.102734 0.841309 0.106641 0.836426 0.106641 0.835938 0.107422 0.834961 0.107422 0.834473 0.108203 0.833496 0.108203 0.833008 0.108594 0.83252 0.108594 0.832031 0.108984 0.831543 0.108984 0.831055 0.109375 0.830566 0.109375 0.830078 0.109766 0.82959 0.109766 0.829102 0.110547 0.828125 0.110547 0.82666 0.111328 0.825684 0.111328 0.824219 0.111719 0.82373 0.111719 0.822266 0.112109 0.821777 0.112109 0.816406 0.110547 0.814453
2 0.100391 0.79248 0.0996094 0.793457 0.0992187 0.793457 0.0976562 0.79541 0.0976562 0.796387 0.0972656 0.796875 0.0972656 0.798828 0.096875 0.799316 0.096875 0.801758 0.0964844 0.802246 0.0964844 0.803711 0.0960938 0.804199 0.0960938 0.805664 0.0957031 0.806152 0.0957031 0.806641 0.0953125 0.807129 0.0953125 0.80957 0.0949219 0.810059 0.0949219 0.812012 0.0945312 0.8125 0.0945312 0.815918 0.0941406 0.816406 0.0941406 0.818359 0.09375 0.818848 0.09375 0.825684 0.0953125 0.827637 0.0976562 0.827637 0.0980469 0.827148 0.0984375 0.827148 0.100781 0.824219 0.100781 0.82373 0.101172 0.823242 0.101172 0.822754 0.101562 0.822266 0.101562 0.821777 0.102344 0.820801 0.102344 0.819336 0.103125 0.818359 0.103125 0.816895 0.103516 0.816406 0.103516 0.813965 0.103906 0.813477 0.103906 0.793945 0.102734 0.79248
2 0.0425781 0.828125 0.0410156 0.830078 0.0410156 0.834473 0.0425781 0.836426 0.0429688 0.836426 0.0433594 0.836914 0.0441406 0.836914 0.0445313 0.837402 0.0449219 0.837402 0.0453125 0.837891 0.0460938 0.837891 0.046875 0.838867 0.0472656 0.838867 0.0476562 0.839355 0.0480469 0.839355 0.0484375 0.839844 0.0503906 0.839844 0.0507812 0.840332 0.0523438 0.840332 0.0527344 0.84082 0.0535156 0.84082 0.0542969 0.841797 0.0554687 0.841797 0.0558594 0.842285 0.0566406 0.842285 0.0570312 0.842773 0.0574219 0.842773 0.0578125 0.843262 0.059375 0.843262 0.0601563 0.844238 0.0609375 0.844238 0.0617188 0.845215 0.0625 0.845215 0.0636719 0.84668 0.0640625 0.84668 0.0660156 0.849121 0.0664062 0.849121 0.0679687 0.851074 0.0679687 0.851562 0.0691406 0.853027 0.0710937 0.853027 0.0722656 0.851562 0.0722656 0.848145 0.071875 0.847656 0.071875 0.847168 0.0714844 0.84668 0.0714844 0.846191 0.0707031 0.845215 0.0707031 0.844727 0.06875 0.842285 0.06875 0.841797 0.0671875 0.839844 0.0671875 0.839355 0.065625 0.837402 0.065625 0.836914 0.0644531 0.835449 0.0640625 0.835449 0.0632812 0.834473 0.0628906 0.834473 0.0625 0.833984 0.0617188 0.833984 0.0609375 0.833008 0.0605469 0.833008 0.0601563 0.83252 0.059375 0.83252 0.0589844 0.832031 0.0585938 0.832031 0.0582031 0.831543 0.0574219 0.831543 0.0570312 0.831055 0.05625 0.831055 0.0558594 0.830566 0.0554687 0.830566 0.0550781 0.830078 0.0542969 0.830078 0.0539063 0.82959 0.0523438 0.82959 0.0519531 0.829102 0.0496094 0.829102 0.0492187 0.828613 0.0488281 0.828613 0.0484375 0.828125
2 0.0402344 0.845703 0.0390625 0.847168 0.0390625 0.852051 0.0398437 0.853027 0.0398437 0.853516 0.0417969 0.855957 0.0421875 0.855957 0.0425781 0.856445 0.0429688 0.856445 0.04375 0.857422 0.0445313 0.857422 0.0449219 0.85791 0.0457031 0.85791 0.0464844 0.858887 0.0472656 0.858887 0.0476562 0.859375 0.0480469 0.859375 0.0484375 0.859863 0.05 0.859863 0.0503906 0.860352 0.0519531 0.860352 0.0523438 0.86084 0.0550781 0.86084 0.0558594 0.861816 0.0585938 0.861816 0.0589844 0.862305 0.0605469 0.862305 0.0609375 0.862793 0.0628906 0.862793 0.0632812 0.863281 0.0640625 0.863281 0.0644531 0.86377 0.0660156 0.86377 0.0664062 0.864258 0.0746094 0.864258 0.0757812 0.862793 0.0757812 0.860352 0.0742188 0.858398 0.0730469 0.858398 0.071875 0.856934 0.0710937 0.856934 0.0707031 0.856445 0.0703125 0.856445 0.0699219 0.855957 0.0695313 0.855957 0.06875 0.85498 0.0683594 0.85498 0.0679687 0.854492 0.0664062 0.854492 0.0660156 0.854004 0.065625 0.854004 0.0652344 0.853516 0.0644531 0.853516 0.0640625 0.853027 0.0628906 0.853027 0.0625 0.852539 0.0613281 0.852539 0.0609375 0.852051 0.0597656 0.852051 0.059375 0.851562 0.0589844 0.851562 0.0585938 0.851074 0.0574219 0.851074 0.0570312 0.850586 0.05625 0.850586 0.0558594 0.850098 0.0550781 0.850098 0.0546875 0.849609 0.0546875 0.848633 0.0535156 0.847168 0.0527344 0.847168 0.0523438 0.84668 0.0519531 0.84668 0.0515625 0.846191 0.0503906 0.846191 0.05 0.845703
2 0.0554687 0.860352 0.0546875 0.861328 0.0542969 0.861328 0.0539063 0.861816 0.0535156 0.861816 0.053125 0.862305 0.0527344 0.862305 0.0515625 0.86377 0.0515625 0.864258 0.0511719 0.864746 0.0507812 0.864746 0.0460938 0.870605 0.0457031 0.870605 0.0445313 0.87207 0.0441406 0.87207 0.0433594 0.873047 0.0425781 0.873047 0.0417969 0.874023 0.0410156 0.874023 0.040625 0.874512 0.0398437 0.874512 0.0394531 0.875 0.0382813 0.875 0.0378906 0.875488 0.0375 0.875488 0.0371094 0.875977 0.0367188 0.875977 0.0363281 0.876465 0.0355469 0.876465 0.034375 0.87793 0.0335937 0.87793 0.0324219 0.879395 0.0320312 0.879395 0.0308594 0.880859 0.0308594 0.882812 0.0320312 0.884277 0.0332031 0.884277 0.0335937 0.884766 0.0425781 0.884766 0.0429688 0.884277 0.0441406 0.884277 0.0449219 0.883301 0.0460938 0.883301 0.0472656 0.881836 0.0476562 0.881836 0.0480469 0.881348 0.0484375 0.881348 0.0492187 0.880371 0.0496094 0.880371 0.0527344 0.876465 0.0527344 0.875977 0.0546875 0.873535 0.0546875 0.873047 0.0554687 0.87207 0.0554687 0.871094 0.0558594 0.870605 0.0558594 0.870117 0.05625 0.869629 0.05625 0.869141 0.0570312 0.868164 0.0570312 0.867676 0.0574219 0.867188 0.0574219 0.866699 0.0578125 0.866211 0.0578125 0.865234 0.0585938 0.864258 0.0585938 0.861816 0.0574219 0.860352
2 0.0320312 0.892578 0.0308594 0.894043 0.0308594 0.895996 0.03125 0.896484 0.03125 0.897949 0.0324219 0.899414 0.0324219 0.899902 0.0335937 0.901367 0.0335937 0.901855 0.034375 0.902832 0.034375 0.90332 0.0367188 0.90625 0.0375 0.90625 0.0378906 0.906738 0.0390625 0.906738 0.0394531 0.907227 0.0492187 0.907227 0.0496094 0.906738 0.0511719 0.906738 0.0515625 0.90625 0.0519531 0.90625 0.0523438 0.905762 0.0535156 0.905762 0.0539063 0.905273 0.0542969 0.905273 0.0546875 0.904785 0.0550781 0.904785 0.05625 0.90332 0.0566406 0.90332 0.0570312 0.902832 0.0578125 0.902832 0.059375 0.900879 0.0601563 0.900879 0.0609375 0.899902 0.0613281 0.899902 0.0621094 0.898926 0.0625 0.898926 0.0628906 0.898438 0.0636719 0.898438 0.0648438 0.896973 0.0648438 0.89502 0.0636719 0.893555 0.0609375 0.893555 0.0605469 0.894043 0.0597656 0.894043 0.059375 0.894531 0.0582031 0.894531 0.0578125 0.89502 0.0558594 0.89502 0.0554687 0.895508 0.0535156 0.895508 0.053125 0.895996 0.0417969 0.895996 0.0414062 0.895508 0.0390625 0.895508 0.0386719 0.89502 0.0382813 0.89502 0.0378906 0.894531 0.0367188 0.894531 0.0363281 0.894043 0.0355469 0.894043 0.0351562 0.893555 0.0347656 0.893555 0.034375 0.893066 0.0339844 0.893066 0.0335937 0.892578
2 0.0105469 0.935547 0.009375 0.937012 0.009375 0.937988 0.00664062 0.941406 0.00664062 0.941895 0.00234375 0.947266 0.00234375 0.947754 0.0015625 0.94873 0.00117187 0.94873 0 0.950195 0 0.978027 0.00078125 0.978027 0.00234375 0.976074 0.00234375 0.975098 0.003125 0.974121 0.003125 0.973145 0.00351563 0.972656 0.00351563 0.972168 0.00546875 0.969727 0.00546875 0.969238 0.00742187 0.966797 0.00742187 0.966309 0.00859375 0.964844 0.00859375 0.964355 0.009375 0.963379 0.009375 0.962891 0.00976562 0.962402 0.00976562 0.961914 0.0105469 0.960938 0.0105469 0.959961 0.0109375 0.959473 0.0109375 0.958496 0.0113281 0.958008 0.0113281 0.957031 0.0121094 0.956055 0.0121094 0.955078 0.0125 0.95459 0.0125 0.953125 0.0128906 0.952637 0.0128906 0.952148 0.0132812 0.95166 0.0132812 0.950195 0.0136719 0.949707 0.0136719 0.947266 0.0140625 0.946777 0.0140625 0.9375 0.0128906 0.936035 0.0125 0.936035 0.0121094 0.935547
2 0.0582031 0.90625 0.0570312 0.907715 0.0570312 0.909668 0.0574219 0.910156 0.0574219 0.910645 0.0636719 0.918457 0.0640625 0.918457 0.0648438 0.919434 0.0652344 0.919434 0.065625 0.919922 0.0660156 0.919922 0.0664062 0.92041 0.0671875 0.92041 0.0675781 0.920898 0.0683594 0.920898 0.06875 0.921387 0.0839844 0.921387 0.084375 0.920898 0.0851563 0.920898 0.0855469 0.92041 0.0867187 0.92041 0.0871094 0.919922 0.0882813 0.919922 0.0886719 0.919434 0.0890625 0.919434 0.0894531 0.918945 0.0898438 0.918945 0.0902344 0.918457 0.0910156 0.918457 0.0914062 0.917969 0.0917969 0.917969 0.0925781 0.916992 0.0929688 0.916992 0.09375 0.916016 0.0941406 0.916016 0.0953125 0.914551 0.0953125 0.914062 0.0960938 0.913086 0.0960938 0.911133 0.0949219 0.909668 0.0917969 0.909668 0.0914062 0.910156 0.090625 0.910156 0.0902344 0.910645 0.0886719 0.910645 0.0882813 0.911133 0.0761719 0.911133 0.0757812 0.910645 0.0742188 0.910645 0.0738281 0.910156 0.0722656 0.910156 0.071875 0.909668 0.0699219 0.909668 0.0695313 0.90918 0.0667969 0.90918 0.0664062 0.908691 0.0648438 0.908691 0.0644531 0.90918 0.0640625 0.90918 0.0636719 0.908691 0.0628906 0.908691 0.0625 0.908203 0.0621094 0.908203 0.0617188 0.907715 0.0613281 0.907715 0.0601563 0.90625
2 0.146094 0.898438 0.144922 0.899902 0.144922 0.901367 0.144531 0.901855 0.144531 0.902344 0.144141 0.902832 0.144141 0.903809 0.143359 0.904785 0.143359 0.905762 0.142969 0.90625 0.142969 0.907227 0.142578 0.907715 0.142578 0.908203 0.142187 0.908691 0.142187 0.909668 0.141016 0.911133 0.141016 0.912109 0.140625 0.912598 0.140625 0.913086 0.140234 0.913574 0.140234 0.914551 0.139844 0.915039 0.140234 0.915527 0.139844 0.916016 0.139844 0.916504 0.138672 0.917969 0.138672 0.918457 0.138281 0.918945 0.138281 0.919434 0.137891 0.919922 0.137891 0.920898 0.137109 0.921875 0.137109 0.922363 0.136719 0.922852 0.136719 0.923828 0.136328 0.924316 0.136328 0.924805 0.135547 0.925781 0.135547 0.927734 0.134766 0.928711 0.134766 0.929199 0.133984 0.930176 0.133984 0.930664 0.133594 0.931152 0.133594 0.931641 0.133203 0.932129 0.133203 0.932617 0.132812 0.933105 0.132812 0.936523 0.133984 0.937988 0.135547 0.937988 0.136719 0.936523 0.137109 0.936523 0.138672 0.93457 0.139063 0.93457 0.139844 0.933594 0.140234 0.933594 0.141406 0.932129 0.141797 0.932129 0.146875 0.925781 0.146875 0.925293 0.148047 0.923828 0.148047 0.92334 0.148438 0.922852 0.148438 0.921875 0.149219 0.920898 0.149219 0.918457 0.149609 0.917969 0.149609 0.900879 0.147656 0.898438
2 0.132812 0.907227 0.132422 0.907715 0.130859 0.907715 0.130469 0.908203 0.129688 0.908203 0.129297 0.908691 0.128906 0.908691 0.128516 0.90918 0.128125 0.90918 0.127734 0.909668 0.126172 0.909668 0.125781 0.910156 0.125 0.910156 0.124609 0.910645 0.123438 0.910645 0.123047 0.911133 0.122656 0.911133 0.122266 0.911621 0.121875 0.911621 0.121484 0.912109 0.120703 0.912109 0.120313 0.912598 0.119531 0.912598 0.119141 0.913086 0.117969 0.913086 0.116797 0.914551 0.116016 0.914551 0.115234 0.915527 0.114844 0.915527 0.114453 0.916016 0.114062 0.916016 0.113281 0.916992 0.112891 0.916992 0.111719 0.918457 0.111719 0.918945 0.111328 0.919434 0.111328 0.921875 0.1125 0.92334 0.11875 0.92334 0.119141 0.922852 0.120313 0.922852 0.120703 0.922363 0.121875 0.922363 0.122266 0.921875 0.124609 0.921875 0.125 0.921387 0.126172 0.921387 0.126562 0.920898 0.127344 0.920898 0.127734 0.92041 0.129297 0.92041 0.129688 0.919922 0.130859 0.919922 0.13125 0.919434 0.131641 0.919434 0.132031 0.918945 0.132422 0.918945 0.132812 0.918457 0.133984 0.918457 0.134375 0.917969 0.135547 0.917969 0.135937 0.91748 0.136328 0.91748 0.136719 0.916992 0.137109 0.916992 0.1375 0.916504 0.137891 0.916504 0.139453 0.914551 0.139453 0.914062 0.139844 0.913574 0.139844 0.90918 0.138281 0.907227
2 0.110547 0.915527 0.109375 0.916992 0.109375 0.92041 0.109766 0.920898 0.109766 0.921387 0.110547 0.922363 0.110547 0.922852 0.110937 0.92334 0.110937 0.923828 0.113281 0.926758 0.114062 0.926758 0.115625 0.928711 0.116016 0.928711 0.117578 0.930664 0.117969 0.930664 0.119531 0.932617 0.119922 0.932617 0.120703 0.933594 0.121875 0.933594 0.123047 0.935059 0.123438 0.935059 0.123828 0.935547 0.124609 0.935547 0.125391 0.936523 0.126562 0.936523 0.126953 0.937012 0.13125 0.937012 0.132422 0.935547 0.132422 0.931152 0.132031 0.930664 0.132031 0.930176 0.131641 0.929688 0.131641 0.929199 0.130859 0.928223 0.130859 0.927734 0.130469 0.927246 0.130469 0.926758 0.129297 0.925293 0.128906 0.925293 0.128516 0.924805 0.128125 0.924805 0.127344 0.923828 0.126953 0.923828 0.126172 0.922852 0.125391 0.922852 0.125 0.922363 0.124609 0.922363 0.123828 0.921387 0.123047 0.921387 0.122656 0.920898 0.122266 0.920898 0.121875 0.92041 0.121484 0.92041 0.120703 0.919434 0.120313 0.919434 0.119531 0.918457 0.118359 0.918457 0.117969 0.917969 0.117578 0.917969 0.117188 0.91748 0.116406 0.91748 0.115625 0.916504 0.113672 0.916504 0.112891 0.915527
2 0.172656 0.928711 0.172266 0.929199 0.171484 0.929199 0.169922 0.931152 0.169141 0.931152 0.167969 0.932617 0.167969 0.933105 0.167187 0.934082 0.167187 0.935547 0.166406 0.936523 0.166406 0.938477 0.166016 0.938965 0.166016 0.940918 0.165625 0.941406 0.165625 0.942383 0.165234 0.942871 0.165234 0.952148 0.165625 0.952637 0.165625 0.953613 0.166406 0.95459 0.166406 0.955078 0.167969 0.957031 0.171484 0.957031 0.171875 0.956543 0.172266 0.956543 0.173828 0.95459 0.173828 0.954102 0.174219 0.953613 0.174219 0.94873 0.174609 0.948242 0.174609 0.939941 0.175 0.939453 0.175 0.937988 0.175391 0.9375 0.175391 0.930176 0.174219 0.928711
1 0.185938 0.894043 0.185547 0.894531 0.184766 0.894531 0.184375 0.89502 0.183594 0.89502 0.183203 0.895508 0.182812 0.895508 0.182422 0.895996 0.18125 0.895996 0.180859 0.896484 0.180469 0.896484 0.180078 0.896973 0.176953 0.896973 0.176563 0.897461 0.176172 0.897461 0.175781 0.897949 0.174219 0.897949 0.173828 0.898438 0.172656 0.898438 0.172266 0.898926 0.171875 0.898926 0.171484 0.899414 0.171094 0.899414 0.170703 0.899902 0.169531 0.899902 0.16875 0.900879 0.168359 0.900879 0.167187 0.902344 0.166797 0.902344 0.166406 0.902832 0.165625 0.902832 0.162109 0.907227 0.162109 0.910645 0.163281 0.912109 0.169141 0.912109 0.169531 0.911621 0.172656 0.911621 0.173047 0.911133 0.174219 0.911133 0.174609 0.910645 0.175391 0.910645 0.175781 0.910156 0.176563 0.910156 0.177734 0.908691 0.178516 0.908691 0.178906 0.908203 0.179688 0.908203 0.180078 0.907715 0.180859 0.907715 0.182422 0.905762 0.183594 0.905762 0.183984 0.905273 0.184375 0.905273 0.185156 0.904297 0.185938 0.904297 0.186719 0.90332 0.1875 0.90332 0.187891 0.902832 0.188281 0.902832 0.189062 0.901855 0.189453 0.901855 0.189844 0.901367 0.190625 0.901367 0.192188 0.899414 0.192578 0.899414 0.194141 0.897461 0.194141 0.895508 0.192969 0.894043 0.190234 0.894043 0.189453 0.89502 0.188281 0.89502 0.1875 0.894043
2 0.201953 0.965332 0.201563 0.96582 0.201172 0.96582 0.199219 0.968262 0.197656 0.968262 0.197266 0.96875 0.196875 0.96875 0.196094 0.969727 0.195703 0.969727 0.194922 0.970703 0.19375 0.970703 0.192188 0.972656 0.191016 0.972656 0.190234 0.973633 0.189453 0.973633 0.188672 0.974609 0.187891 0.974609 0.187109 0.975586 0.186719 0.975586 0.185547 0.977051 0.184766 0.977051 0.183984 0.978027 0.183594 0.978027 0.182812 0.979004 0.182031 0.979004 0.181641 0.979492 0.18125 0.979492 0.180078 0.980957 0.179688 0.980957 0.178906 0.981934 0.178516 0.981934 0.178125 0.982422 0.177734 0.982422 0.176172 0.984375 0.175781 0.984375 0.173437 0.987305 0.173437 0.989258 0.174609 0.990723 0.177344 0.990723 0.177734 0.990234 0.180078 0.990234 0.180469 0.989746 0.182422 0.989746 0.182812 0.989258 0.183984 0.989258 0.184766 0.988281 0.185156 0.988281 0.185547 0.987793 0.186328 0.987793 0.187109 0.986816 0.187891 0.986816 0.188281 0.986328 0.188672 0.986328 0.189453 0.985352 0.190234 0.985352 0.190625 0.984863 0.191406 0.984863 0.191797 0.984375 0.192969 0.984375 0.193359 0.983887 0.194141 0.983887 0.194531 0.983398 0.194922 0.983398 0.195312 0.98291 0.195703 0.98291 0.196094 0.982422 0.196484 0.982422 0.196875 0.981934 0.197266 0.981934 0.197656 0.981445 0.198047 0.981445 0.201172 0.977539 0.201172 0.977051 0.201563 0.976562 0.201563 0.976074 0.202344 0.975098 0.202344 0.974609 0.203516 0.973145 0.203516 0.972168 0.203906 0.97168 0.203906 0.971191 0.204297 0.970703 0.204297 0.970215 0.204687 0.969727 0.204687 0.969238 0.205078 0.96875 0.205078 0.966797 0.203906 0.965332
2 0.217578 0.911133 0.217188 0.911621 0.216016 0.911621 0.214844 0.913086 0.214844 0.916016 0.215234 0.916504 0.215234 0.91748 0.215625 0.917969 0.215625 0.919434 0.216016 0.919922 0.216016 0.920898 0.216406 0.921387 0.216406 0.922363 0.216797 0.922852 0.216797 0.92334 0.217188 0.923828 0.217188 0.925781 0.217578 0.92627 0.217578 0.927734 0.217969 0.928223 0.217969 0.929688 0.21875 0.930664 0.21875 0.933105 0.219141 0.933594 0.219141 0.93457 0.219922 0.935547 0.219922 0.936523 0.220703 0.9375 0.220703 0.938477 0.221094 0.938965 0.221094 0.939941 0.221875 0.940918 0.221875 0.941406 0.222266 0.941895 0.222266 0.942383 0.223047 0.943359 0.223047 0.943848 0.224219 0.945312 0.224609 0.945312 0.225781 0.946777 0.226172 0.946777 0.226953 0.947754 0.227734 0.947754 0.228516 0.94873 0.233594 0.94873 0.234766 0.947266 0.234766 0.942383 0.233984 0.941406 0.233984 0.940918 0.229687 0.935547 0.229297 0.935547 0.226172 0.931641 0.226172 0.931152 0.225 0.929688 0.225 0.929199 0.224609 0.928711 0.224609 0.927734 0.223438 0.92627 0.223438 0.925293 0.223047 0.924805 0.223047 0.923828 0.222266 0.922852 0.222266 0.921875 0.221875 0.921387 0.221875 0.919922 0.221094 0.918945 0.221094 0.917969 0.220703 0.91748 0.220703 0.913086 0.219141 0.911133
2 0.226562 0.907715 0.225391 0.90918 0.225391 0.914062 0.225781 0.914551 0.225781 0.915039 0.226172 0.915527 0.226172 0.916016 0.228516 0.918945 0.228516 0.920898 0.228906 0.921387 0.228906 0.921875 0.235937 0.930664 0.236328 0.930664 0.2375 0.932129 0.237891 0.932129 0.238281 0.932617 0.238672 0.932617 0.239063 0.933105 0.239453 0.933105 0.239844 0.933594 0.243359 0.933594 0.24375 0.933105 0.244141 0.933105 0.245703 0.931152 0.245703 0.92627 0.245312 0.925781 0.245312 0.924805 0.24375 0.922852 0.24375 0.922363 0.241406 0.919434 0.241016 0.919434 0.240625 0.918945 0.240234 0.918945 0.238672 0.916992 0.238281 0.916992 0.237891 0.916504 0.237109 0.916504 0.236719 0.916016 0.236328 0.916016 0.235547 0.915039 0.235156 0.915039 0.231641 0.910645 0.23125 0.910645 0.230078 0.90918 0.229687 0.90918 0.228516 0.907715
1 0.235547 0.858887 0.233203 0.861816 0.233203 0.862305 0.23125 0.864746 0.23125 0.865234 0.230078 0.866699 0.230078 0.867188 0.229687 0.867676 0.229687 0.868164 0.228906 0.869141 0.228906 0.870117 0.228516 0.870605 0.228516 0.872559 0.228125 0.873047 0.228125 0.874512 0.227734 0.875 0.227734 0.878906 0.227344 0.879395 0.227344 0.888672 0.228516 0.890137 0.230469 0.890137 0.230859 0.889648 0.23125 0.889648 0.231641 0.88916 0.232031 0.88916 0.233203 0.887695 0.233203 0.887207 0.233984 0.88623 0.233984 0.885742 0.234375 0.885254 0.234375 0.883789 0.234766 0.883301 0.234766 0.876953 0.235156 0.876465 0.235156 0.874023 0.235547 0.873535 0.235547 0.87207 0.235937 0.871582 0.235937 0.870605 0.236328 0.870117 0.236328 0.869141 0.236719 0.868652 0.236719 0.867676 0.237109 0.867188 0.237109 0.866211 0.2375 0.865723 0.2375 0.864258 0.238281 0.863281 0.238281 0.860352 0.237109 0.858887
1 0.198047 0.808594 0.197656 0.809082 0.197266 0.809082 0.196875 0.80957 0.196484 0.80957 0.195312 0.811035 0.195312 0.812012 0.194922 0.8125 0.194922 0.814453 0.195703 0.81543 0.195703 0.815918 0.196484 0.816895 0.196484 0.817383 0.197656 0.818848 0.197656 0.819336 0.198828 0.820801 0.199219 0.820801 0.200391 0.822266 0.201172 0.822266 0.201563 0.822754 0.202734 0.822754 0.203516 0.82373 0.205078 0.82373 0.205469 0.824219 0.208984 0.824219 0.209375 0.824707 0.216016 0.824707 0.216406 0.824219 0.219922 0.824219 0.221094 0.822754 0.221484 0.822754 0.221875 0.822266 0.222266 0.822266 0.222656 0.821777 0.223438 0.821777 0.223828 0.821289 0.224609 0.821289 0.225 0.820801 0.225781 0.820801 0.226562 0.819824 0.226953 0.819824 0.229687 0.816406 0.229687 0.814453 0.228516 0.812988 0.225781 0.812988 0.225391 0.813477 0.224609 0.813477 0.224219 0.813965 0.223438 0.813965 0.223047 0.814453 0.220703 0.814453 0.220312 0.814941 0.211719 0.814941 0.211328 0.814453 0.210156 0.814453 0.209766 0.813965 0.208984 0.813965 0.208594 0.813477 0.207813 0.813477 0.207422 0.812988 0.207031 0.812988 0.206641 0.8125 0.20625 0.8125 0.205859 0.812012 0.205469 0.812012 0.203906 0.810059 0.203516 0.810059 0.203125 0.80957 0.202344 0.80957 0.201953 0.809082 0.201172 0.809082 0.200781 0.808594
2 0.170703 0.870117 0.170313 0.870605 0.169141 0.870605 0.16875 0.871094 0.168359 0.871094 0.166797 0.873047 0.166406 0.873047 0.165234 0.874512 0.165234 0.876465 0.166406 0.87793 0.172656 0.87793 0.173047 0.878418 0.187109 0.878418 0.1875 0.878906 0.190625 0.878906 0.191016 0.879395 0.191406 0.879395 0.191797 0.879883 0.193359 0.879883 0.19375 0.880371 0.197656 0.880371 0.198828 0.878906 0.198828 0.876465 0.195703 0.872559 0.194922 0.872559 0.194531 0.87207 0.194141 0.87207 0.19375 0.871582 0.191406 0.871582 0.191016 0.871094 0.187109 0.871094 0.186719 0.870605 0.185547 0.870605 0.185156 0.870117
2 0.205078 0.842773 0.204297 0.84375 0.203516 0.84375 0.203125 0.844238 0.201953 0.844238 0.201563 0.844727 0.200391 0.844727 0.199609 0.845703 0.198437 0.845703 0.198047 0.846191 0.197266 0.846191 0.196094 0.847656 0.195312 0.847656 0.194922 0.848145 0.194531 0.848145 0.19375 0.849121 0.193359 0.849121 0.191797 0.851074 0.191406 0.851074 0.190625 0.852051 0.190234 0.852051 0.189453 0.853027 0.189062 0.853027 0.188672 0.853516 0.188281 0.853516 0.1875 0.854492 0.187109 0.854492 0.185156 0.856934 0.184766 0.856934 0.182422 0.859863 0.182031 0.859863 0.179688 0.862793 0.179688 0.865234 0.180859 0.866699 0.183594 0.866699 0.184766 0.865234 0.185938 0.865234 0.186719 0.864258 0.1875 0.864258 0.188672 0.862793 0.189453 0.862793 0.191016 0.86084 0.191797 0.86084 0.192578 0.859863 0.192969 0.859863 0.193359 0.859375 0.19375 0.859375 0.194531 0.858398 0.195312 0.858398 0.196484 0.856934 0.196875 0.856934 0.197656 0.855957 0.198047 0.855957 0.199219 0.854492 0.199609 0.854492 0.200391 0.853516 0.200781 0.853516 0.201172 0.853027 0.201563 0.853027 0.201953 0.852539 0.202344 0.852539 0.203125 0.851562 0.203906 0.851562 0.205078 0.850098 0.205469 0.850098 0.208594 0.846191 0.208594 0.844238 0.207422 0.842773
2 0.263672 0.862305 0.263281 0.862793 0.262891 0.862793 0.262109 0.86377 0.261328 0.86377 0.260547 0.864746 0.260156 0.864746 0.259766 0.865234 0.259375 0.865234 0.258984 0.865723 0.258203 0.865723 0.257812 0.866211 0.257422 0.866211 0.257031 0.866699 0.25625 0.866699 0.255859 0.867188 0.254688 0.867188 0.253516 0.868652 0.253125 0.868652 0.252734 0.869141 0.252344 0.869141 0.25 0.87207 0.25 0.872559 0.248047 0.875 0.248047 0.875977 0.246484 0.87793 0.246484 0.878418 0.245703 0.879395 0.245703 0.879883 0.244141 0.881836 0.244141 0.882324 0.242969 0.883789 0.242969 0.884277 0.242578 0.884766 0.242578 0.885254 0.242188 0.885742 0.242188 0.889648 0.243359 0.891113 0.245312 0.891113 0.247656 0.888184 0.248047 0.888184 0.251563 0.883789 0.251563 0.883301 0.251953 0.882812 0.251953 0.882324 0.253906 0.879883 0.254297 0.879883 0.255469 0.878418 0.25625 0.878418 0.257422 0.876953 0.257812 0.876953 0.258984 0.875488 0.259375 0.875488 0.260937 0.873535 0.261719 0.873535 0.2625 0.872559 0.262891 0.872559 0.263672 0.871582 0.264453 0.871582 0.265234 0.870605 0.266797 0.870605 0.267578 0.869629 0.26875 0.869629 0.269141 0.869141 0.270313 0.869141 0.270703 0.868652 0.272656 0.868652 0.273047 0.868164 0.275391 0.868164 0.276562 0.866699 0.276562 0.864746 0.275391 0.863281 0.274219 0.863281 0.273828 0.862793 0.271484 0.862793 0.271094 0.862305
1 0.246484 0.887695 0.245312 0.88916 0.245312 0.891602 0.246094 0.892578 0.246094 0.894043 0.246484 0.894531 0.246484 0.89502 0.246875 0.895508 0.246875 0.895996 0.247266 0.896484 0.247266 0.897461 0.247656 0.897949 0.247656 0.898438 0.248047 0.898926 0.248047 0.899902 0.248438 0.900391 0.248438 0.900879 0.248828 0.901367 0.248828 0.902344 0.249219 0.902832 0.249219 0.90332 0.249609 0.903809 0.249609 0.904785 0.25 0.905273 0.25 0.90625 0.250781 0.907227 0.250781 0.908203 0.251953 0.909668 0.251953 0.910645 0.253125 0.912109 0.253125 0.913086 0.254297 0.914551 0.254297 0.915039 0.25625 0.91748 0.256641 0.91748 0.257422 0.918457 0.258594 0.918457 0.259375 0.919434 0.259766 0.919434 0.260156 0.919922 0.269531 0.919922 0.270703 0.918457 0.270703 0.914062 0.269531 0.912598 0.269141 0.912598 0.262109 0.903809 0.261719 0.903809 0.260156 0.901855 0.259766 0.901855 0.258984 0.900879 0.258203 0.900879 0.257422 0.899902 0.257031 0.899902 0.254688 0.896973 0.254297 0.896973 0.25 0.891602 0.25 0.890137 0.248047 0.887695
2 0.288281 0.937012 0.287109 0.938477 0.287109 0.94043 0.286328 0.941406 0.286328 0.944336 0.285547 0.945312 0.285547 0.945801 0.285156 0.946289 0.285156 0.946777 0.283594 0.94873 0.283203 0.94873 0.281641 0.950684 0.28125 0.950684 0.280469 0.95166 0.279687 0.95166 0.278516 0.953125 0.278125 0.953125 0.277734 0.953613 0.277344 0.953613 0.276953 0.954102 0.276562 0.954102 0.276172 0.95459 0.275391 0.95459 0.275 0.955078 0.270313 0.955078 0.269922 0.95459 0.269531 0.95459 0.269141 0.954102 0.26875 0.954102 0.267969 0.953125 0.264844 0.953125 0.263672 0.95459 0.263672 0.958984 0.264844 0.960449 0.264844 0.960938 0.266016 0.962402 0.266797 0.962402 0.267578 0.963379 0.267969 0.963379 0.268359 0.963867 0.269531 0.963867 0.269922 0.964355 0.277344 0.964355 0.277734 0.963867 0.279297 0.963867 0.280078 0.962891 0.280469 0.962891 0.28125 0.961914 0.281641 0.961914 0.282422 0.960938 0.282813 0.960938 0.286719 0.956055 0.286719 0.955566 0.288281 0.953613 0.288281 0.953125 0.288672 0.952637 0.288672 0.952148 0.289062 0.95166 0.289062 0.950195 0.289453 0.949707 0.289453 0.949219 0.290234 0.948242 0.290234 0.946289 0.290625 0.945801 0.290625 0.945312 0.291016 0.944824 0.291016 0.943848 0.291406 0.943359 0.291406 0.938477 0.290234 0.937012
2 0.296094 0.880371 0.294922 0.881836 0.294922 0.884277 0.294531 0.884766 0.294531 0.891602 0.294922 0.89209 0.294922 0.894043 0.295312 0.894531 0.295312 0.89502 0.296094 0.895996 0.296094 0.898438 0.296484 0.898926 0.296484 0.899902 0.296875 0.900391 0.296875 0.90332 0.297266 0.903809 0.297266 0.904785 0.297656 0.905273 0.297656 0.909668 0.298047 0.910156 0.298047 0.911621 0.298438 0.912109 0.298438 0.913574 0.298828 0.914062 0.298828 0.915039 0.299219 0.915527 0.299219 0.916504 0.300781 0.918457 0.301172 0.918457 0.301953 0.919434 0.303906 0.919434 0.305078 0.917969 0.305078 0.915527 0.305469 0.915039 0.305469 0.90332 0.305078 0.902832 0.305078 0.900879 0.304688 0.900391 0.304688 0.899414 0.304297 0.898926 0.304297 0.896973 0.303906 0.896484 0.303906 0.895996 0.303516 0.895508 0.303516 0.894531 0.303125 0.894043 0.303125 0.893555 0.302734 0.893066 0.302734 0.89209 0.302344 0.891602 0.302344 0.890137 0.301953 0.889648 0.301953 0.88916 0.301563 0.888672 0.301563 0.888184 0.301172 0.887695 0.301172 0.886719 0.300781 0.88623 0.300781 0.885254 0.3 0.884277 0.3 0.883301 0.299609 0.882812 0.299609 0.882324 0.298047 0.880371
1 0.334766 0.972168 0.334375 0.972656 0.333984 0.972656 0.333203 0.973633 0.332422 0.973633 0.332031 0.974121 0.33125 0.974121 0.330859 0.974609 0.330469 0.974609 0.330078 0.975098 0.328906 0.975098 0.328516 0.975586 0.327734 0.975586 0.327344 0.976074 0.326562 0.976074 0.322266 0.981445 0.322266 0.981934 0.321875 0.982422 0.321875 0.98291 0.321484 0.983398 0.321484 0.983887 0.321094 0.984375 0.321094 0.985352 0.320312 0.986328 0.320312 0.994629 0.320703 0.995117 0.320703 0.996094 0.322266 0.998047 0.323828 0.998047 0.324219 0.997559 0.324609 0.997559 0.325781 0.996094 0.326172 0.996094 0.327344 0.994629 0.327734 0.994629 0.332813 0.988281 0.333203 0.988281 0.334375 0.986816 0.334375 0.986328 0.335547 0.984863 0.335938 0.984863 0.336719 0.983887 0.337109 0.983887 0.338281 0.982422 0.338672 0.982422 0.341406 0.979004 0.341406 0.975098 0.340234 0.973633 0.339844 0.973633 0.338672 0.972168
2 0.303125 0.925781 0.301953 0.927246 0.301953 0.928711 0.301563 0.929199 0.301172 0.929199 0.3 0.930664 0.3 0.944824 0.300391 0.945312 0.300391 0.949707 0.300781 0.950195 0.300781 0.957031 0.301172 0.95752 0.301172 0.958496 0.301563 0.958984 0.301563 0.962402 0.301953 0.962891 0.301953 0.963867 0.302344 0.964355 0.302344 0.965332 0.302734 0.96582 0.302734 0.966309 0.303125 0.966797 0.303125 0.967285 0.304688 0.969238 0.308203 0.969238 0.309375 0.967773 0.309375 0.942871 0.308984 0.942383 0.308984 0.940918 0.308594 0.94043 0.308594 0.937012 0.308203 0.936523 0.308203 0.936035 0.307812 0.935547 0.307812 0.934082 0.307422 0.933594 0.307422 0.932617 0.307031 0.932129 0.307031 0.930664 0.306641 0.930176 0.306641 0.929199 0.30625 0.928711 0.30625 0.927734 0.304688 0.925781
2 0.894531 0.870117 0.894141 0.870605 0.893359 0.870605 0.892969 0.871094 0.892188 0.871094 0.889453 0.874512 0.889453 0.875488 0.889062 0.875977 0.889062 0.87793 0.888672 0.878418 0.888672 0.879395 0.888281 0.879883 0.888281 0.881348 0.887891 0.881836 0.887891 0.884766 0.8875 0.885254 0.8875 0.887207 0.887109 0.887695 0.887109 0.899414 0.886719 0.899902 0.886719 0.909668 0.887891 0.911133 0.889453 0.911133 0.890625 0.909668 0.890625 0.908203 0.891016 0.907715 0.891016 0.907227 0.891406 0.906738 0.891406 0.90625 0.892969 0.904297 0.892969 0.902832 0.893359 0.902344 0.893359 0.901855 0.89375 0.901367 0.89375 0.900391 0.894141 0.899902 0.894141 0.898926 0.894531 0.898438 0.894531 0.897949 0.895312 0.896973 0.895312 0.896484 0.895703 0.895996 0.895703 0.894531 0.896094 0.894043 0.896094 0.893555 0.896484 0.893066 0.896484 0.89209 0.897266 0.891113 0.897266 0.889648 0.897656 0.88916 0.897656 0.888672 0.898047 0.888184 0.898047 0.88623 0.898438 0.885742 0.898438 0.884766 0.898828 0.884277 0.898828 0.872559 0.896875 0.870117
2 0.816797 0.858887 0.816406 0.859375 0.814844 0.859375 0.813672 0.86084 0.813672 0.863281 0.814063 0.86377 0.814063 0.864258 0.814844 0.865234 0.814844 0.866699 0.815625 0.867676 0.815625 0.868164 0.816016 0.868652 0.816016 0.869141 0.816406 0.869629 0.816406 0.870117 0.816797 0.870605 0.816797 0.871094 0.817187 0.871582 0.817187 0.87207 0.818359 0.873535 0.818359 0.874512 0.81875 0.875 0.81875 0.875488 0.819141 0.875977 0.819141 0.876465 0.820312 0.87793 0.820312 0.878418 0.820703 0.878906 0.820703 0.879395 0.823047 0.882324 0.823047 0.882812 0.824219 0.884277 0.824609 0.884277 0.825391 0.885254 0.825391 0.885742 0.827344 0.888184 0.827344 0.888672 0.828516 0.890137 0.828516 0.890625 0.832031 0.89502 0.833594 0.89502 0.834766 0.893555 0.834766 0.886719 0.834375 0.88623 0.834375 0.885254 0.833984 0.884766 0.833984 0.884277 0.833594 0.883789 0.833594 0.883301 0.832812 0.882324 0.832812 0.881836 0.832422 0.881348 0.832422 0.879395 0.831641 0.878418 0.831641 0.877441 0.830469 0.875977 0.830469 0.875488 0.830078 0.875 0.830078 0.874512 0.829688 0.874023 0.829688 0.873535 0.828125 0.871582 0.827734 0.871582 0.826562 0.870117 0.826562 0.869629 0.825 0.867676 0.825 0.867188 0.824219 0.866211 0.824219 0.865234 0.823047 0.86377 0.823047 0.863281 0.821094 0.86084 0.820703 0.86084 0.820312 0.860352 0.819922 0.860352 0.819141 0.859375 0.81875 0.859375 0.818359 0.858887
2 0.813672 0.82373 0.813281 0.824219 0.812891 0.824219 0.8125 0.824707 0.812109 0.824707 0.811719 0.825195 0.811328 0.825195 0.810547 0.826172 0.810156 0.826172 0.809766 0.82666 0.809375 0.82666 0.808984 0.827148 0.808594 0.827148 0.808203 0.827637 0.807813 0.827637 0.807031 0.828613 0.806641 0.828613 0.805859 0.82959 0.805469 0.82959 0.805078 0.830078 0.804688 0.830078 0.803125 0.832031 0.802734 0.832031 0.801953 0.833008 0.801172 0.833008 0.798438 0.836426 0.798438 0.836914 0.798047 0.837402 0.797656 0.837402 0.796484 0.838867 0.796484 0.839355 0.794922 0.841309 0.794922 0.842285 0.794531 0.842773 0.794531 0.846191 0.795703 0.847656 0.797656 0.847656 0.798047 0.847168 0.799219 0.847168 0.799609 0.84668 0.8 0.84668 0.800391 0.846191 0.801172 0.846191 0.801953 0.845215 0.802344 0.845215 0.803125 0.844238 0.803516 0.844238 0.803906 0.84375 0.804297 0.84375 0.805469 0.842285 0.80625 0.842285 0.807031 0.841309 0.807422 0.841309 0.809375 0.838867 0.809766 0.838867 0.811719 0.836426 0.812109 0.836426 0.813672 0.834473 0.814453 0.834473 0.815625 0.833008 0.815625 0.83252 0.816797 0.831055 0.817187 0.831055 0.81875 0.829102 0.81875 0.828613 0.819141 0.828125 0.819141 0.825684 0.817969 0.824219 0.816016 0.824219 0.815625 0.82373
2 0.85625 0.798828 0.855078 0.800293 0.855078 0.80127 0.854688 0.801758 0.854688 0.818359 0.855078 0.818848 0.855078 0.819824 0.855469 0.820312 0.855469 0.825195 0.85625 0.826172 0.85625 0.83252 0.856641 0.833008 0.856641 0.833984 0.857031 0.834473 0.857031 0.836914 0.857422 0.837402 0.857422 0.837891 0.857812 0.838379 0.857812 0.839355 0.858984 0.84082 0.861719 0.84082 0.863281 0.838867 0.863281 0.823242 0.862891 0.822754 0.862891 0.817871 0.8625 0.817383 0.8625 0.813965 0.862109 0.813477 0.862109 0.811523 0.861719 0.811035 0.861719 0.809082 0.861328 0.808594 0.861328 0.807129 0.860938 0.806641 0.860938 0.806152 0.860547 0.805664 0.860547 0.804199 0.860156 0.803711 0.860156 0.803223 0.859766 0.802734 0.859766 0.801758 0.859375 0.80127 0.859375 0.800781 0.857812 0.798828
2 0.8625 0.756348 0.861328 0.757812 0.861328 0.758789 0.860156 0.760254 0.860156 0.762695 0.861328 0.76416 0.861328 0.764648 0.862109 0.765625 0.862109 0.766113 0.8625 0.766602 0.8625 0.76709 0.862891 0.767578 0.862891 0.768066 0.863672 0.769043 0.863672 0.769531 0.864062 0.77002 0.864062 0.770508 0.864453 0.770996 0.864453 0.772461 0.865625 0.773926 0.865625 0.774414 0.866797 0.775879 0.866797 0.776367 0.867188 0.776855 0.867188 0.777344 0.867969 0.77832 0.867969 0.778809 0.86875 0.779785 0.86875 0.780762 0.869922 0.782227 0.869922 0.782715 0.871484 0.784668 0.871484 0.785156 0.872656 0.786621 0.873047 0.786621 0.874219 0.788086 0.874609 0.788086 0.875391 0.789062 0.876172 0.789062 0.876563 0.789551 0.878125 0.789551 0.879297 0.788086 0.879297 0.783691 0.878906 0.783203 0.878906 0.782715 0.877344 0.780762 0.877344 0.779785 0.876172 0.77832 0.876172 0.777832 0.875391 0.776855 0.875391 0.776367 0.873047 0.773438 0.873047 0.772949 0.869922 0.769043 0.869531 0.769043 0.867578 0.766602 0.867578 0.766113 0.865625 0.763672 0.865625 0.761719 0.865234 0.76123 0.865234 0.757812 0.864062 0.756348
2 0.826562 0.720215 0.825391 0.72168 0.825391 0.722656 0.825 0.723145 0.825 0.723633 0.824609 0.724121 0.824609 0.725586 0.824219 0.726074 0.824219 0.727051 0.823828 0.727539 0.823828 0.730957 0.823438 0.731445 0.823438 0.732422 0.823047 0.73291 0.823047 0.736328 0.822656 0.736816 0.822656 0.743164 0.822266 0.743652 0.822266 0.747559 0.821875 0.748047 0.821875 0.752441 0.823047 0.753906 0.825391 0.753906 0.826562 0.752441 0.826562 0.751953 0.827344 0.750977 0.827344 0.750488 0.828906 0.748535 0.828906 0.74707 0.829297 0.746582 0.829297 0.745117 0.829688 0.744629 0.829688 0.743652 0.830078 0.743164 0.830078 0.741699 0.830469 0.741211 0.830469 0.739746 0.830859 0.739258 0.830859 0.731934 0.83125 0.731445 0.83125 0.722656 0.830078 0.721191 0.828906 0.721191 0.828125 0.720215
2 0.808984 0.737305 0.807813 0.73877 0.807813 0.740723 0.808984 0.742188 0.808984 0.742676 0.809375 0.743164 0.809375 0.743652 0.809766 0.744141 0.809766 0.745117 0.810547 0.746094 0.810547 0.758301 0.810156 0.758789 0.810156 0.760254 0.809766 0.760742 0.809766 0.762207 0.809375 0.762695 0.809375 0.763672 0.808984 0.76416 0.808984 0.766113 0.808594 0.766602 0.808594 0.76709 0.808203 0.767578 0.808203 0.769531 0.807813 0.77002 0.807813 0.771484 0.807422 0.771973 0.807422 0.775879 0.807813 0.776367 0.807813 0.776855 0.809766 0.779297 0.809766 0.779785 0.810937 0.78125 0.814453 0.78125 0.815625 0.779785 0.815625 0.779297 0.816016 0.778809 0.816016 0.77832 0.816406 0.777832 0.816406 0.76123 0.816797 0.760742 0.816797 0.759766 0.817187 0.759277 0.817187 0.751465 0.816797 0.750977 0.816797 0.75 0.816406 0.749512 0.816406 0.747559 0.816016 0.74707 0.816016 0.745605 0.815625 0.745117 0.815625 0.744629 0.814453 0.743164 0.814453 0.742676 0.812109 0.739746 0.812109 0.739258 0.810547 0.737305
2 0.787891 0.770508 0.7875 0.770996 0.785937 0.770996 0.785156 0.771973 0.784766 0.771484 0.783203 0.771484 0.782813 0.771973 0.782422 0.771973 0.782031 0.772461 0.780469 0.772461 0.780078 0.772949 0.779687 0.772949 0.779297 0.773438 0.778906 0.773438 0.778516 0.773926 0.777344 0.773926 0.775781 0.775879 0.775391 0.775879 0.773828 0.777832 0.773047 0.777832 0.769141 0.782715 0.769141 0.783203 0.768359 0.78418 0.768359 0.784668 0.766406 0.787109 0.766406 0.787598 0.765625 0.788574 0.765625 0.790039 0.764844 0.791016 0.764844 0.791992 0.764453 0.79248 0.764453 0.793457 0.764062 0.793945 0.764062 0.795898 0.765234 0.797363 0.767188 0.797363 0.76875 0.79541 0.769141 0.79541 0.773047 0.790527 0.773047 0.790039 0.774219 0.788574 0.774609 0.788574 0.776172 0.786621 0.776563 0.786621 0.778516 0.78418 0.778906 0.78418 0.780078 0.782715 0.780859 0.782715 0.781641 0.781738 0.782031 0.781738 0.782422 0.78125 0.782813 0.78125 0.783203 0.780762 0.783984 0.780762 0.785156 0.779297 0.785547 0.779297 0.785937 0.778809 0.786719 0.778809 0.7875 0.777832 0.788281 0.777832 0.789062 0.776855 0.789453 0.776855 0.790625 0.775391 0.791797 0.775391 0.792969 0.773926 0.792969 0.771973 0.791797 0.770508
2 0.790234 0.752441 0.789453 0.753418 0.789062 0.753418 0.787109 0.755859 0.787109 0.756348 0.786719 0.756836 0.786328 0.756836 0.785547 0.757812 0.785156 0.757812 0.784766 0.758301 0.783984 0.758301 0.783203 0.759277 0.776563 0.759277 0.775781 0.760254 0.775 0.760254 0.774609 0.760742 0.774219 0.760742 0.772656 0.762695 0.772656 0.763184 0.770312 0.766113 0.770312 0.766602 0.769531 0.767578 0.769531 0.768555 0.769141 0.769043 0.769141 0.769531 0.76875 0.77002 0.76875 0.770508 0.767969 0.771484 0.767969 0.771973 0.767578 0.772461 0.767578 0.777344 0.76875 0.778809 0.771875 0.778809 0.775 0.774902 0.775391 0.774902 0.775781 0.774414 0.776172 0.774414 0.777344 0.772949 0.777734 0.772949 0.778125 0.772461 0.778906 0.772461 0.779687 0.771484 0.780469 0.771484 0.78125 0.770508 0.782813 0.770508 0.783203 0.77002 0.783594 0.77002 0.783984 0.769531 0.784375 0.769531 0.784766 0.769043 0.786328 0.769043 0.787109 0.768066 0.788281 0.768066 0.789062 0.76709 0.789453 0.76709 0.790625 0.765625 0.791016 0.765625 0.794531 0.76123 0.794531 0.760742 0.794922 0.760254 0.794922 0.756348 0.793359 0.754395 0.793359 0.753906 0.792188 0.752441
2 0.766016 0.738281 0.765625 0.73877 0.764844 0.73877 0.764453 0.739258 0.763672 0.739258 0.763281 0.739746 0.7625 0.739746 0.761719 0.740723 0.760547 0.740723 0.760156 0.741211 0.759375 0.741211 0.758984 0.740723 0.756641 0.740723 0.755859 0.741699 0.754687 0.741699 0.753516 0.743164 0.752734 0.743164 0.752344 0.743652 0.751953 0.743652 0.750781 0.745117 0.75 0.745117 0.746094 0.75 0.745703 0.75 0.742188 0.754395 0.742188 0.755371 0.741406 0.756348 0.741406 0.756836 0.741016 0.757324 0.741016 0.757812 0.740625 0.758301 0.740625 0.759766 0.740234 0.760254 0.740234 0.763672 0.741406 0.765137 0.743359 0.765137 0.74375 0.764648 0.744531 0.764648 0.745313 0.763672 0.746094 0.763672 0.746875 0.762695 0.747266 0.762695 0.747656 0.762207 0.748047 0.762207 0.749219 0.760742 0.75 0.760742 0.750781 0.759766 0.751563 0.759766 0.752344 0.758789 0.752734 0.758789 0.753125 0.758301 0.753516 0.758301 0.754297 0.757324 0.754687 0.757324 0.755078 0.756836 0.755469 0.756836 0.755859 0.756348 0.75625 0.756348 0.757031 0.755371 0.757422 0.755371 0.758203 0.754395 0.758594 0.754395 0.758984 0.753906 0.759766 0.753906 0.760938 0.752441 0.761328 0.752441 0.762109 0.751465 0.762891 0.751465 0.763281 0.750977 0.763672 0.750977 0.764844 0.749512 0.765234 0.749512 0.766016 0.748535 0.766406 0.748535 0.767969 0.746582 0.768359 0.746582 0.770312 0.744141 0.770312 0.743652 0.770703 0.743164 0.770703 0.739746 0.769531 0.738281
2 0.782422 0.739746 0.782031 0.740234 0.78125 0.740234 0.780859 0.740723 0.780469 0.740723 0.780078 0.741211 0.779687 0.741211 0.778125 0.743164 0.778125 0.743652 0.777734 0.744141 0.777734 0.744629 0.775391 0.747559 0.775391 0.748047 0.774609 0.749023 0.772656 0.749023 0.772266 0.749512 0.769141 0.749512 0.76875 0.749023 0.766406 0.749023 0.766016 0.748535 0.7625 0.748535 0.762109 0.749023 0.761719 0.749023 0.759766 0.751465 0.759766 0.756836 0.760938 0.758301 0.761328 0.758301 0.761719 0.758789 0.7625 0.758789 0.763281 0.759766 0.764453 0.759766 0.764844 0.760254 0.766797 0.760254 0.767188 0.760742 0.774219 0.760742 0.774609 0.760254 0.775391 0.760254 0.775781 0.759766 0.776953 0.759766 0.777344 0.759277 0.777734 0.759277 0.778516 0.758301 0.778906 0.758301 0.779297 0.757812 0.779687 0.757812 0.780078 0.757324 0.780469 0.757324 0.780859 0.756836 0.78125 0.756836 0.782813 0.754883 0.783203 0.754883 0.784375 0.753418 0.784375 0.75293 0.784766 0.752441 0.784766 0.751953 0.785937 0.750488 0.785937 0.75 0.786328 0.749512 0.786328 0.748047 0.786719 0.747559 0.786719 0.741211 0.785547 0.739746
2 0.759766 0.802246 0.758984 0.803223 0.758594 0.803223 0.758203 0.803711 0.757422 0.803711 0.756641 0.804688 0.755859 0.804688 0.755078 0.805664 0.754297 0.805664 0.753906 0.806152 0.753125 0.806152 0.751953 0.807617 0.750781 0.807617 0.75 0.808594 0.749609 0.808594 0.748828 0.80957 0.748437 0.80957 0.747266 0.811035 0.746875 0.811035 0.746484 0.811523 0.746094 0.811523 0.745313 0.8125 0.744922 0.8125 0.744531 0.812988 0.744141 0.812988 0.742578 0.814941 0.742188 0.814941 0.741016 0.816406 0.741016 0.816895 0.740234 0.817871 0.740234 0.820312 0.741406 0.821777 0.744922 0.821777 0.745313 0.821289 0.745703 0.821777 0.747266 0.821777 0.747656 0.821289 0.748047 0.821289 0.748437 0.821777 0.75 0.821777 0.750391 0.821289 0.750781 0.821777 0.754687 0.821777 0.755859 0.820312 0.75625 0.820312 0.756641 0.819824 0.757031 0.819824 0.757422 0.819336 0.757812 0.819336 0.758984 0.817871 0.759375 0.817871 0.760938 0.815918 0.761328 0.815918 0.7625 0.814453 0.7625 0.813965 0.763281 0.812988 0.763281 0.8125 0.764062 0.811523 0.764062 0.806152 0.763672 0.805664 0.763672 0.803711 0.7625 0.802246
2 0.792969 0.943359 0.792578 0.943848 0.792188 0.943848 0.791797 0.944336 0.789453 0.944336 0.789062 0.944824 0.786719 0.944824 0.786328 0.945312 0.785547 0.945312 0.785156 0.945801 0.784766 0.945801 0.784375 0.946289 0.783984 0.946289 0.783594 0.946777 0.782813 0.946777 0.782031 0.947754 0.780859 0.947754 0.780078 0.94873 0.779687 0.94873 0.778516 0.950195 0.777734 0.950195 0.777344 0.950684 0.776953 0.950684 0.776172 0.95166 0.775391 0.95166 0.775 0.952148 0.773828 0.952148 0.773438 0.952637 0.773047 0.952637 0.772656 0.953125 0.772266 0.953125 0.769531 0.956543 0.769531 0.959473 0.770703 0.960938 0.771094 0.960938 0.771484 0.961426 0.775391 0.961426 0.775781 0.960938 0.776172 0.961426 0.789844 0.961426 0.790234 0.960938 0.791406 0.960938 0.791797 0.960449 0.794141 0.960449 0.794531 0.959961 0.794922 0.959961 0.795312 0.959473 0.796484 0.959473 0.796875 0.958984 0.798828 0.958984 0.799219 0.958496 0.799609 0.958496 0.8 0.958008 0.800391 0.958008 0.800781 0.95752 0.801953 0.95752 0.802734 0.956543 0.803516 0.956543 0.804688 0.955078 0.805078 0.955078 0.805859 0.954102 0.80625 0.954102 0.808594 0.951172 0.808594 0.950195 0.809375 0.949219 0.809375 0.946289 0.808203 0.944824 0.807813 0.944824 0.807422 0.944336 0.806641 0.944336 0.80625 0.943848 0.802734 0.943848 0.802344 0.943359
2 0.817578 0.941895 0.816797 0.942871 0.815625 0.942871 0.814063 0.944824 0.813672 0.944824 0.8125 0.946289 0.8125 0.946777 0.811719 0.947754 0.811719 0.948242 0.808984 0.95166 0.808594 0.95166 0.808203 0.952148 0.807813 0.952148 0.806641 0.953613 0.80625 0.953613 0.805469 0.95459 0.805078 0.95459 0.804297 0.955566 0.803906 0.955566 0.803125 0.956543 0.802344 0.956543 0.801562 0.95752 0.800781 0.95752 0.800391 0.958008 0.799609 0.958008 0.798828 0.958984 0.798438 0.958984 0.798047 0.959473 0.797266 0.959473 0.796875 0.959961 0.795703 0.959961 0.795312 0.960449 0.794531 0.960449 0.794141 0.960938 0.79375 0.960938 0.793359 0.961426 0.792578 0.961426 0.792188 0.961914 0.790625 0.961914 0.789844 0.962891 0.775 0.962891 0.774219 0.963867 0.773828 0.963867 0.772656 0.965332 0.772656 0.967285 0.773828 0.96875 0.775781 0.96875 0.776563 0.969727 0.777734 0.969727 0.778516 0.970703 0.780078 0.970703 0.780469 0.971191 0.78125 0.971191 0.781641 0.97168 0.783594 0.97168 0.783984 0.972168 0.785547 0.972168 0.786328 0.973145 0.787109 0.973145 0.7875 0.973633 0.798047 0.973633 0.798438 0.973145 0.799609 0.973145 0.8 0.972656 0.800391 0.972656 0.800781 0.972168 0.801172 0.972168 0.801953 0.971191 0.803125 0.971191 0.803906 0.970215 0.804297 0.970215 0.804688 0.969727 0.805078 0.969727 0.805469 0.969238 0.805859 0.969238 0.80625 0.96875 0.806641 0.96875 0.807031 0.968262 0.807422 0.968262 0.808203 0.967285 0.808594 0.967285 0.808984 0.966797 0.809766 0.966797 0.810937 0.965332 0.811719 0.965332 0.8125 0.964355 0.812891 0.964355 0.817969 0.958008 0.817969 0.95752 0.818359 0.957031 0.818359 0.956543 0.819141 0.955566 0.819141 0.95459 0.819922 0.953613 0.819922 0.952637 0.820703 0.95166 0.820703 0.951172 0.821094 0.950684 0.821094 0.949219 0.821484 0.94873 0.821484 0.943359 0.820312 0.941895
2 0.674219 0.967285 0.673828 0.967773 0.672656 0.967773 0.671875 0.96875 0.670703 0.96875 0.669531 0.970215 0.669531 0.970703 0.668359 0.972168 0.668359 0.972656 0.667188 0.974121 0.667188 0.975098 0.666797 0.975586 0.666797 0.976074 0.666406 0.976562 0.666406 0.980469 0.666016 0.980957 0.666016 0.981445 0.665625 0.981934 0.665625 0.98291 0.664844 0.983887 0.664844 0.984863 0.664062 0.98584 0.664062 0.986328 0.663672 0.986816 0.663672 0.987793 0.663281 0.988281 0.663281 0.992676 0.662891 0.993164 0.662891 0.993652 0.6625 0.994141 0.6625 0.994629 0.662109 0.995117 0.662109 0.995605 0.661719 0.996094 0.661719 0.997559 0.661328 0.998047 0.661328 0.999512 0.668359 0.999512 0.669922 0.997559 0.669922 0.99707 0.670312 0.996582 0.670703 0.996582 0.671875 0.995117 0.671875 0.994141 0.673047 0.992676 0.673047 0.992188 0.673438 0.991699 0.673438 0.991211 0.675 0.989258 0.675 0.988281 0.675391 0.987793 0.675391 0.987305 0.675781 0.986816 0.675781 0.986328 0.676172 0.98584 0.676172 0.984863 0.677344 0.983398 0.677344 0.981934 0.677734 0.981445 0.677734 0.977539 0.678125 0.977051 0.678125 0.970215 0.677734 0.969727 0.677734 0.969238 0.676172 0.967285
2 0.675781 0.929199 0.674609 0.930664 0.674219 0.930664 0.673047 0.932129 0.672266 0.932129 0.670312 0.93457 0.669922 0.93457 0.667969 0.937012 0.667578 0.937012 0.667188 0.9375 0.666797 0.9375 0.666016 0.938477 0.665625 0.938477 0.665234 0.938965 0.664844 0.938965 0.664453 0.939453 0.664062 0.939453 0.663672 0.939941 0.663281 0.939941 0.6625 0.940918 0.662109 0.940918 0.661719 0.941406 0.661328 0.941406 0.660156 0.942871 0.659766 0.942871 0.654297 0.949707 0.654297 0.950684 0.653125 0.952148 0.653125 0.952637 0.652734 0.953125 0.652734 0.954102 0.652344 0.95459 0.652344 0.955078 0.651563 0.956055 0.651563 0.956543 0.651172 0.957031 0.651172 0.95752 0.650781 0.958008 0.650781 0.960449 0.652344 0.962402 0.655469 0.962402 0.655859 0.961914 0.65625 0.961914 0.656641 0.961426 0.658984 0.961426 0.659766 0.960449 0.660156 0.960449 0.660547 0.959961 0.660937 0.959961 0.662109 0.958496 0.6625 0.958496 0.663281 0.95752 0.664062 0.95752 0.664453 0.957031 0.664844 0.957031 0.667578 0.953613 0.667578 0.953125 0.667969 0.952637 0.668359 0.952637 0.669531 0.951172 0.670312 0.951172 0.671484 0.949707 0.671484 0.949219 0.672266 0.948242 0.672266 0.947754 0.674609 0.944824 0.674609 0.944336 0.675 0.943848 0.675 0.942871 0.675391 0.942383 0.675391 0.941895 0.675781 0.941406 0.675781 0.940918 0.676172 0.94043 0.676172 0.939941 0.676953 0.938965 0.676953 0.937988 0.677734 0.937012 0.677734 0.936523 0.678125 0.936035 0.678125 0.935059 0.678516 0.93457 0.678516 0.933594 0.678906 0.933105 0.678906 0.930664 0.677734 0.929199
2 0.678125 0.887207 0.676562 0.88916 0.675391 0.88916 0.673828 0.891113 0.673828 0.89209 0.672656 0.893555 0.672656 0.894043 0.669531 0.897949 0.669531 0.898438 0.667969 0.900391 0.667578 0.900391 0.666406 0.901855 0.666016 0.901855 0.665625 0.902344 0.665234 0.902344 0.664844 0.902832 0.664453 0.902832 0.664062 0.90332 0.663672 0.90332 0.663281 0.903809 0.662891 0.903809 0.662109 0.904785 0.660937 0.904785 0.660547 0.905273 0.659375 0.905273 0.658984 0.905762 0.65625 0.905762 0.655859 0.90625 0.653125 0.90625 0.652734 0.906738 0.652344 0.906738 0.65 0.909668 0.65 0.914551 0.651172 0.916016 0.651563 0.916016 0.651953 0.916504 0.653125 0.916504 0.653516 0.916992 0.655078 0.916992 0.655469 0.91748 0.663281 0.91748 0.663672 0.916992 0.664844 0.916992 0.665234 0.916504 0.666016 0.916504 0.666406 0.916016 0.666797 0.916016 0.667188 0.915527 0.667578 0.915527 0.667969 0.915039 0.668359 0.915039 0.66875 0.914551 0.669922 0.914551 0.670312 0.914062 0.670703 0.914062 0.676562 0.906738 0.676562 0.905762 0.677734 0.904297 0.677734 0.903809 0.678125 0.90332 0.678125 0.902832 0.678516 0.902344 0.678516 0.901367 0.678906 0.900879 0.678906 0.899902 0.679688 0.898926 0.679688 0.898438 0.680078 0.897949 0.680078 0.897461 0.680469 0.896973 0.680469 0.895508 0.680859 0.89502 0.680859 0.893066 0.68125 0.892578 0.68125 0.888672 0.680078 0.887207
2 0.648438 0.88623 0.648047 0.886719 0.646875 0.886719 0.646484 0.887207 0.646094 0.887207 0.645312 0.888184 0.644141 0.888184 0.643359 0.88916 0.642969 0.88916 0.642578 0.889648 0.642188 0.889648 0.641406 0.890625 0.641016 0.890625 0.640625 0.891113 0.640234 0.891113 0.639453 0.89209 0.639062 0.89209 0.6375 0.894043 0.637109 0.894043 0.633984 0.897949 0.633594 0.897949 0.632422 0.899414 0.632422 0.899902 0.630078 0.902832 0.630078 0.90332 0.629297 0.904297 0.629297 0.904785 0.626953 0.907715 0.626953 0.908203 0.626172 0.90918 0.626172 0.910156 0.625781 0.910645 0.625781 0.911133 0.625391 0.911621 0.625391 0.912109 0.625 0.912598 0.625 0.913574 0.624609 0.914062 0.624609 0.916992 0.625781 0.918457 0.627344 0.918457 0.628516 0.916992 0.628516 0.916504 0.629297 0.915527 0.629297 0.915039 0.631641 0.912109 0.631641 0.911621 0.632031 0.911133 0.632031 0.910645 0.634375 0.907715 0.634375 0.907227 0.635156 0.90625 0.635156 0.905762 0.635547 0.905273 0.635938 0.905273 0.637109 0.903809 0.6375 0.903809 0.638672 0.902344 0.639062 0.902344 0.640234 0.900879 0.640625 0.900879 0.641016 0.900391 0.641406 0.900391 0.642578 0.898926 0.644922 0.898926 0.645312 0.898438 0.646484 0.898438 0.646875 0.897949 0.647656 0.897949 0.648047 0.897461 0.649219 0.897461 0.649609 0.896973 0.65 0.896973 0.650391 0.896484 0.651563 0.896484 0.651953 0.895996 0.653125 0.895996 0.653516 0.895508 0.653906 0.895508 0.654297 0.89502 0.655078 0.89502 0.657031 0.892578 0.657031 0.887695 0.655859 0.88623
2 0.642969 0.853516 0.642188 0.854492 0.641406 0.854492 0.640234 0.855957 0.640234 0.85791 0.639844 0.858398 0.639844 0.859375 0.639453 0.859863 0.639453 0.860352 0.639062 0.86084 0.639062 0.861816 0.638281 0.862793 0.638281 0.864258 0.637891 0.864746 0.637891 0.866699 0.637109 0.867676 0.637109 0.868164 0.636719 0.868652 0.636719 0.870605 0.636328 0.871094 0.636328 0.871582 0.635938 0.87207 0.635938 0.874023 0.635156 0.875 0.635156 0.878418 0.634766 0.878906 0.634766 0.883789 0.635547 0.884766 0.635547 0.885254 0.636719 0.886719 0.639062 0.886719 0.640625 0.884766 0.640625 0.884277 0.641406 0.883301 0.641406 0.882324 0.641797 0.881836 0.641797 0.879883 0.642188 0.879395 0.642188 0.878906 0.642578 0.878418 0.642578 0.876953 0.642969 0.876465 0.642969 0.875488 0.643359 0.875 0.643359 0.874023 0.64375 0.873535 0.64375 0.871582 0.644141 0.871094 0.644141 0.870605 0.644531 0.870117 0.644531 0.869141 0.644922 0.868652 0.644922 0.868164 0.645312 0.867676 0.645312 0.865234 0.645703 0.864746 0.645703 0.85498 0.644531 0.853516
2 0.768359 0.868652 0.767969 0.869141 0.764844 0.869141 0.764453 0.869629 0.763281 0.869629 0.7625 0.870605 0.761328 0.870605 0.760547 0.871582 0.760156 0.871582 0.759766 0.87207 0.758984 0.87207 0.758203 0.873047 0.757812 0.873047 0.756641 0.874512 0.75625 0.874512 0.755078 0.875977 0.754687 0.875977 0.752734 0.878418 0.752734 0.878906 0.751172 0.880859 0.750781 0.880859 0.749609 0.882324 0.749219 0.882324 0.748047 0.883789 0.747656 0.883789 0.747266 0.884277 0.746484 0.884277 0.746094 0.884766 0.745703 0.884766 0.744531 0.88623 0.744531 0.888184 0.745703 0.889648 0.751953 0.889648 0.752344 0.88916 0.753125 0.88916 0.753516 0.888672 0.754687 0.888672 0.755078 0.888184 0.755859 0.888184 0.75625 0.887695 0.756641 0.887695 0.757031 0.887207 0.757422 0.887207 0.757812 0.886719 0.758203 0.886719 0.758984 0.885742 0.759766 0.885742 0.761328 0.883789 0.761719 0.883789 0.762109 0.883301 0.7625 0.883301 0.764844 0.880371 0.765234 0.880371 0.766406 0.878906 0.766797 0.878906 0.767188 0.878418 0.767578 0.878418 0.76875 0.876953 0.769141 0.876953 0.769531 0.876465 0.769922 0.876465 0.772266 0.873535 0.772266 0.870605 0.770703 0.868652
2 0.579297 0.973633 0.578516 0.974609 0.577344 0.974609 0.576953 0.975098 0.576562 0.975098 0.576172 0.975586 0.575391 0.975586 0.575 0.976074 0.574219 0.976074 0.573828 0.976562 0.571875 0.976562 0.571484 0.977051 0.570312 0.977051 0.569922 0.977539 0.563672 0.977539 0.563281 0.978027 0.562109 0.978027 0.561719 0.978516 0.560937 0.978516 0.560547 0.979004 0.559766 0.979004 0.558594 0.980469 0.558594 0.983887 0.559766 0.985352 0.560156 0.985352 0.560937 0.986328 0.561719 0.986328 0.562109 0.986816 0.564844 0.986816 0.565234 0.987305 0.572266 0.987305 0.572656 0.986816 0.573438 0.986816 0.573828 0.986328 0.576562 0.986328 0.576953 0.98584 0.577734 0.98584 0.578516 0.984863 0.578906 0.984863 0.579688 0.983887 0.580078 0.983887 0.582422 0.980957 0.582422 0.980469 0.583984 0.978516 0.583984 0.976074 0.582812 0.974609 0.582031 0.974609 0.58125 0.973633
2 0.608203 0.882324 0.607422 0.883301 0.607031 0.883301 0.605078 0.885742 0.605078 0.88623 0.604688 0.886719 0.604688 0.887207 0.601953 0.890625 0.601953 0.891113 0.601172 0.89209 0.600781 0.89209 0.597656 0.895996 0.597266 0.895996 0.596484 0.896973 0.595703 0.896973 0.594531 0.898438 0.59375 0.898438 0.592969 0.899414 0.592578 0.899414 0.592187 0.899902 0.591797 0.899902 0.590625 0.901367 0.590234 0.901367 0.589844 0.901855 0.589453 0.901855 0.589063 0.902344 0.588281 0.902344 0.585547 0.905762 0.585547 0.907715 0.586719 0.90918 0.592578 0.90918 0.593359 0.908203 0.594141 0.908203 0.594922 0.907227 0.596094 0.907227 0.596875 0.90625 0.597266 0.90625 0.598047 0.905273 0.598437 0.905273 0.598828 0.904785 0.599609 0.904785 0.6 0.904297 0.600391 0.904297 0.600781 0.903809 0.601172 0.903809 0.601562 0.90332 0.601953 0.90332 0.602734 0.902344 0.603125 0.902344 0.603516 0.901855 0.603906 0.901855 0.604688 0.900879 0.605469 0.900879 0.605859 0.900391 0.606641 0.900391 0.611719 0.894043 0.611719 0.893555 0.612109 0.893066 0.612109 0.892578 0.6125 0.89209 0.6125 0.891602 0.612891 0.891113 0.612891 0.889648 0.613281 0.88916 0.613281 0.884766 0.612109 0.883301 0.610938 0.883301 0.610156 0.882324
2 0.596875 0.823242 0.595703 0.824707 0.595703 0.82959 0.596094 0.830078 0.596094 0.831055 0.596484 0.831543 0.596484 0.833496 0.596875 0.833984 0.596875 0.835449 0.597266 0.835938 0.597266 0.836426 0.598047 0.837402 0.598047 0.838867 0.598437 0.839355 0.598437 0.841309 0.598828 0.841797 0.598828 0.842285 0.599219 0.842773 0.599219 0.84375 0.599609 0.844238 0.599609 0.845215 0.6 0.845703 0.6 0.84668 0.600391 0.847168 0.600391 0.847656 0.600781 0.848145 0.600781 0.850586 0.601172 0.851074 0.601172 0.852539 0.601562 0.853027 0.601562 0.853516 0.601953 0.854004 0.601953 0.854492 0.602344 0.85498 0.602344 0.856445 0.602734 0.856934 0.602734 0.85791 0.603125 0.858398 0.603125 0.858887 0.605078 0.861328 0.607422 0.861328 0.608594 0.859863 0.608594 0.858887 0.608984 0.858398 0.608984 0.85791 0.609375 0.857422 0.609375 0.855957 0.609766 0.855469 0.609766 0.84668 0.609375 0.846191 0.609375 0.839355 0.608984 0.838867 0.608984 0.837891 0.608594 0.837402 0.608594 0.836426 0.607812 0.835449 0.607812 0.834961 0.607422 0.834473 0.607422 0.833496 0.606641 0.83252 0.606641 0.832031 0.604688 0.82959 0.604688 0.829102 0.602734 0.82666 0.602734 0.826172 0.600391 0.823242
2 0.619531 0.97168 0.619141 0.972168 0.617969 0.972168 0.617578 0.972656 0.617188 0.972656 0.616797 0.973145 0.616406 0.973145 0.612109 0.978516 0.612109 0.979004 0.610156 0.981445 0.610156 0.982422 0.608984 0.983887 0.608984 0.984375 0.608594 0.984863 0.608594 0.985352 0.607422 0.986816 0.607422 0.987793 0.60625 0.989258 0.60625 0.990234 0.605859 0.990723 0.605859 0.991699 0.605469 0.992188 0.605469 0.992676 0.605078 0.993164 0.605078 0.994629 0.604688 0.995117 0.604688 0.995605 0.604297 0.996094 0.604297 0.998047 0.603906 0.998535 0.603906 0.999512 0.610547 0.999512 0.612891 0.996582 0.613281 0.996582 0.613672 0.996094 0.614062 0.996094 0.614453 0.995605 0.614844 0.995605 0.621875 0.986816 0.621875 0.986328 0.622266 0.98584 0.622266 0.984375 0.622656 0.983887 0.622656 0.983398 0.623047 0.98291 0.623047 0.981934 0.623437 0.981445 0.623437 0.979492 0.623828 0.979004 0.623828 0.973633 0.622266 0.97168
1 0.382812 0.948242 0.382422 0.94873 0.380469 0.94873 0.379297 0.950195 0.379297 0.953613 0.379688 0.954102 0.379688 0.95459 0.382422 0.958008 0.382812 0.958008 0.383203 0.958496 0.383594 0.958496 0.383984 0.958984 0.384375 0.958984 0.384766 0.959473 0.385156 0.959473 0.385547 0.959961 0.385937 0.959961 0.386328 0.960449 0.387109 0.960449 0.3875 0.960938 0.387891 0.960938 0.388281 0.961426 0.389062 0.961426 0.389453 0.961914 0.390234 0.961914 0.391016 0.962891 0.392578 0.962891 0.392969 0.963379 0.39375 0.963379 0.394141 0.963867 0.394922 0.963867 0.395313 0.964355 0.396094 0.964355 0.396484 0.964844 0.397266 0.964844 0.397656 0.965332 0.398828 0.965332 0.399219 0.96582 0.4 0.96582 0.400391 0.966309 0.401953 0.966309 0.402344 0.966797 0.403125 0.966797 0.403516 0.967285 0.403906 0.967285 0.404687 0.968262 0.405469 0.968262 0.405859 0.96875 0.407813 0.96875 0.408984 0.967285 0.408984 0.964355 0.408594 0.963867 0.408594 0.963379 0.405078 0.958984 0.405078 0.958496 0.403906 0.957031 0.403516 0.957031 0.400781 0.953613 0.400391 0.953613 0.4 0.953125 0.399609 0.953125 0.398828 0.952148 0.397656 0.952148 0.397266 0.95166 0.396875 0.95166 0.396484 0.951172 0.396094 0.951172 0.395703 0.950684 0.394141 0.950684 0.39375 0.950195 0.392578 0.950195 0.392188 0.949707 0.389844 0.949707 0.389453 0.949219 0.387891 0.949219 0.3875 0.94873 0.386719 0.94873 0.386328 0.948242
2 0.427734 0.966309 0.427344 0.966797 0.426953 0.966797 0.426563 0.967285 0.425391 0.967285 0.425 0.967773 0.424609 0.967773 0.424219 0.968262 0.423438 0.968262 0.423047 0.96875 0.422266 0.96875 0.421875 0.969238 0.421094 0.969238 0.420703 0.969727 0.419922 0.969727 0.419531 0.970215 0.418359 0.970215 0.417969 0.970703 0.417578 0.970703 0.417187 0.971191 0.416406 0.971191 0.415625 0.972168 0.415234 0.972168 0.414844 0.972656 0.413672 0.972656 0.413281 0.973145 0.412891 0.973145 0.412109 0.974121 0.411328 0.974121 0.410938 0.974609 0.410547 0.974609 0.409375 0.976074 0.408984 0.976074 0.408203 0.977051 0.407813 0.977051 0.405469 0.97998 0.405078 0.97998 0.402344 0.983398 0.402344 0.984863 0.401953 0.985352 0.401953 0.98584 0.401562 0.986328 0.401562 0.990234 0.402734 0.991699 0.405078 0.991699 0.405469 0.991211 0.40625 0.991211 0.407031 0.990234 0.407813 0.990234 0.408203 0.989746 0.408594 0.989746 0.408984 0.989258 0.409766 0.989258 0.410156 0.98877 0.410547 0.98877 0.411328 0.987793 0.411719 0.987793 0.412891 0.986328 0.413672 0.986328 0.414062 0.98584 0.415234 0.98584 0.416016 0.984863 0.416406 0.984863 0.416797 0.984375 0.417187 0.984375 0.417578 0.983887 0.417969 0.983887 0.419141 0.982422 0.419922 0.982422 0.420312 0.981934 0.420703 0.981934 0.421875 0.980469 0.422266 0.980469 0.423047 0.979492 0.423438 0.979492 0.423828 0.979004 0.424219 0.979004 0.425391 0.977539 0.425781 0.977539 0.426563 0.976562 0.426953 0.976562 0.427734 0.975586 0.428125 0.975586 0.428516 0.975098 0.428906 0.975098 0.430469 0.973145 0.430859 0.973145 0.432031 0.97168 0.432031 0.971191 0.432422 0.970703 0.432422 0.96875 0.43125 0.967285 0.430469 0.967285 0.429688 0.966309
2 0.380469 0.958984 0.379297 0.960449 0.379297 0.962891 0.380078 0.963867 0.380078 0.964844 0.382031 0.967285 0.382422 0.967285 0.383203 0.968262 0.383594 0.968262 0.385547 0.970703 0.386328 0.970703 0.387109 0.97168 0.387891 0.97168 0.389453 0.973633 0.389844 0.973633 0.390625 0.974609 0.391797 0.974609 0.392578 0.975586 0.392969 0.975586 0.394922 0.978027 0.395703 0.978027 0.396484 0.979004 0.397266 0.979004 0.397656 0.979492 0.398828 0.979492 0.399219 0.97998 0.399609 0.97998 0.400391 0.980957 0.403516 0.980957 0.405469 0.978516 0.405469 0.975098 0.404687 0.974121 0.404687 0.973633 0.403906 0.972656 0.403906 0.972168 0.401172 0.96875 0.400781 0.96875 0.4 0.967773 0.399609 0.967773 0.398828 0.966797 0.398047 0.966797 0.397266 0.96582 0.396484 0.96582 0.395703 0.964844 0.394531 0.964844 0.393359 0.963379 0.392969 0.963379 0.392578 0.962891 0.391797 0.962891 0.391406 0.962402 0.391016 0.962402 0.390625 0.961914 0.389844 0.961914 0.389453 0.961426 0.389062 0.961426 0.388672 0.960938 0.387891 0.960938 0.3875 0.960449 0.387109 0.960449 0.386719 0.959961 0.386328 0.959961 0.385937 0.959473 0.385156 0.959473 0.384766 0.958984
2 0.371094 0.876465 0.369922 0.87793 0.369922 0.879395 0.369531 0.879883 0.369531 0.883789 0.369922 0.884277 0.369922 0.88623 0.370312 0.886719 0.370312 0.887207 0.370703 0.887695 0.370703 0.890625 0.371484 0.891602 0.371484 0.90625 0.371094 0.906738 0.371094 0.913086 0.372266 0.914551 0.372656 0.914551 0.373437 0.915527 0.375 0.915527 0.376953 0.913086 0.376953 0.912598 0.377734 0.911621 0.377734 0.910645 0.378125 0.910156 0.378125 0.90918 0.378516 0.908691 0.378516 0.908203 0.378906 0.907715 0.378906 0.90625 0.379688 0.905273 0.379688 0.903809 0.380078 0.90332 0.380078 0.902832 0.380469 0.902344 0.380469 0.893066 0.379297 0.891602 0.379297 0.890625 0.377734 0.888672 0.377734 0.887695 0.377344 0.887207 0.377344 0.886719 0.376563 0.885742 0.376563 0.884766 0.376172 0.884277 0.376172 0.882812 0.375391 0.881836 0.375391 0.881348 0.375 0.880859 0.375 0.879883 0.373828 0.878418 0.373828 0.87793 0.372656 0.876465
2 0.385156 0.887695 0.384766 0.888184 0.383984 0.888184 0.383594 0.888672 0.382812 0.888672 0.382422 0.88916 0.38125 0.88916 0.380859 0.889648 0.380078 0.889648 0.378906 0.891113 0.378516 0.891113 0.377344 0.892578 0.377344 0.893066 0.376563 0.894043 0.376563 0.896973 0.377734 0.898438 0.378125 0.898438 0.378906 0.899414 0.389453 0.899414 0.389844 0.898926 0.391797 0.898926 0.392578 0.897949 0.394141 0.897949 0.394531 0.897461 0.396875 0.897461 0.397266 0.896973 0.398047 0.896973 0.398438 0.896484 0.399609 0.896484 0.4 0.895996 0.400391 0.895996 0.401172 0.89502 0.401562 0.89502 0.402734 0.893555 0.402734 0.891113 0.401562 0.889648 0.400781 0.889648 0.400391 0.88916 0.395313 0.88916 0.394141 0.887695
2 0.411328 0.852051 0.410938 0.852539 0.410156 0.852539 0.409375 0.853516 0.408984 0.853516 0.408594 0.854004 0.407813 0.854004 0.405859 0.856445 0.405469 0.856445 0.404687 0.857422 0.404297 0.857422 0.403906 0.85791 0.403516 0.85791 0.402344 0.859375 0.401953 0.859375 0.400391 0.861328 0.4 0.861328 0.399609 0.861816 0.399219 0.861816 0.398047 0.863281 0.398047 0.86377 0.396484 0.865723 0.396484 0.867188 0.395703 0.868164 0.395703 0.868652 0.395313 0.869141 0.395313 0.871094 0.394922 0.871582 0.394922 0.874023 0.394531 0.874512 0.394531 0.881836 0.394922 0.882324 0.394922 0.882812 0.395313 0.883301 0.395313 0.884277 0.396484 0.885742 0.396484 0.88623 0.397656 0.887695 0.397656 0.888184 0.399609 0.890625 0.401172 0.890625 0.402344 0.88916 0.402344 0.880859 0.402734 0.880371 0.402734 0.878906 0.403125 0.878418 0.403125 0.876953 0.403516 0.876465 0.403516 0.875977 0.403906 0.875488 0.403906 0.875 0.404297 0.874512 0.404297 0.874023 0.404687 0.873535 0.404687 0.873047 0.405469 0.87207 0.405469 0.871094 0.40625 0.870117 0.40625 0.869629 0.409766 0.865234 0.410156 0.865234 0.411328 0.86377 0.411328 0.863281 0.413672 0.860352 0.413672 0.859375 0.415625 0.856934 0.415625 0.856445 0.416016 0.855957 0.416016 0.854004 0.414844 0.852539 0.413672 0.852539 0.413281 0.852051
1 0.344922 0.834473 0.34375 0.835938 0.34375 0.836426 0.342969 0.837402 0.342578 0.837402 0.341406 0.838867 0.341406 0.839355 0.341016 0.839844 0.341016 0.840332 0.337891 0.844238 0.337891 0.844727 0.335547 0.847656 0.335547 0.848145 0.334375 0.849609 0.334375 0.850098 0.332813 0.852051 0.332813 0.852539 0.332031 0.853516 0.331641 0.853516 0.328906 0.856934 0.328125 0.856934 0.326562 0.858887 0.326562 0.859375 0.326172 0.859863 0.326172 0.860352 0.325781 0.86084 0.325781 0.861328 0.325391 0.861816 0.325391 0.864746 0.326953 0.866699 0.328516 0.866699 0.328906 0.866211 0.329688 0.866211 0.330859 0.864746 0.331641 0.864746 0.333203 0.862793 0.333594 0.862793 0.337891 0.857422 0.338281 0.857422 0.341797 0.853027 0.341797 0.852539 0.344141 0.849609 0.344141 0.849121 0.344922 0.848145 0.344922 0.847168 0.345313 0.84668 0.345313 0.845703 0.346094 0.844727 0.346094 0.84375 0.346484 0.843262 0.346484 0.842773 0.346875 0.842285 0.346875 0.840332 0.347266 0.839844 0.347266 0.839355 0.347656 0.838867 0.347656 0.835938 0.346484 0.834473
2 0.336328 0.838379 0.335938 0.838867 0.335156 0.838867 0.334766 0.839355 0.334375 0.839355 0.333984 0.839844 0.332422 0.839844 0.331641 0.84082 0.330469 0.84082 0.329688 0.841797 0.329297 0.841797 0.328516 0.842773 0.328125 0.842773 0.323828 0.848145 0.323437 0.848145 0.319531 0.853027 0.319531 0.854004 0.319141 0.854492 0.319141 0.855957 0.31875 0.856445 0.31875 0.856934 0.317578 0.858398 0.317578 0.858887 0.317188 0.859375 0.317188 0.868652 0.317578 0.869141 0.317578 0.869629 0.319141 0.871582 0.321875 0.871582 0.323047 0.870117 0.323047 0.866211 0.323437 0.865723 0.323437 0.864258 0.323828 0.86377 0.323828 0.862793 0.324219 0.862305 0.324219 0.861816 0.324609 0.861328 0.324609 0.86084 0.325 0.860352 0.325 0.859863 0.326172 0.858398 0.326172 0.85791 0.328125 0.855469 0.328125 0.85498 0.330859 0.851562 0.330859 0.851074 0.334766 0.846191 0.335156 0.846191 0.335938 0.845215 0.336328 0.845215 0.337109 0.844238 0.3375 0.844238 0.339453 0.841797 0.339453 0.839844 0.338281 0.838379
1 0.363672 0.794922 0.3625 0.796387 0.3625 0.799316 0.362891 0.799805 0.362891 0.800293 0.363281 0.800781 0.363281 0.802246 0.363672 0.802734 0.363672 0.803223 0.366406 0.806641 0.367188 0.806641 0.367969 0.807617 0.36875 0.807617 0.369531 0.808594 0.369922 0.808594 0.370312 0.809082 0.370703 0.809082 0.371484 0.810059 0.372266 0.810059 0.373828 0.812012 0.374609 0.812012 0.375391 0.812988 0.376172 0.812988 0.376563 0.813477 0.376953 0.813477 0.377344 0.813965 0.378516 0.813965 0.379297 0.814941 0.380078 0.814941 0.380469 0.81543 0.38125 0.81543 0.381641 0.815918 0.382812 0.815918 0.383203 0.816406 0.384766 0.816406 0.385156 0.816895 0.385547 0.816895 0.385937 0.817383 0.387109 0.817383 0.3875 0.817871 0.39375 0.817871 0.394141 0.817383 0.394531 0.817383 0.396484 0.814941 0.396484 0.811523 0.394922 0.80957 0.394531 0.80957 0.394141 0.809082 0.393359 0.809082 0.392578 0.808105 0.391406 0.808105 0.391016 0.807617 0.388672 0.807617 0.388281 0.807129 0.386328 0.807129 0.385547 0.806152 0.383594 0.806152 0.383203 0.805664 0.382422 0.805664 0.382031 0.805176 0.380469 0.805176 0.380078 0.804688 0.379297 0.804688 0.378906 0.804199 0.378516 0.804199 0.378125 0.803711 0.376563 0.803711 0.375781 0.802734 0.374219 0.802734 0.373828 0.802246 0.372266 0.802246 0.371875 0.801758 0.371094 0.801758 0.370312 0.800781 0.369141 0.800781 0.367188 0.79834 0.367188 0.797852 0.366406 0.796875 0.366406 0.796387 0.365234 0.794922
2 0.547266 0.462402 0.545703 0.464355 0.545703 0.469727 0.546094 0.470215 0.546094 0.471191 0.546484 0.47168 0.546484 0.472168 0.547266 0.473145 0.547266 0.473633 0.548438 0.475098 0.548438 0.476074 0.550391 0.478516 0.550391 0.479492 0.551562 0.480957 0.551953 0.480957 0.552734 0.481934 0.553125 0.481934 0.553906 0.48291 0.554297 0.48291 0.554688 0.483398 0.555078 0.483398 0.555469 0.483887 0.55625 0.483887 0.556641 0.484375 0.557031 0.484375 0.557422 0.484863 0.557813 0.484863 0.558594 0.48584 0.558984 0.48584 0.559375 0.486328 0.559766 0.486328 0.560937 0.487793 0.561328 0.487793 0.562891 0.489746 0.563672 0.489746 0.564844 0.491211 0.566016 0.491211 0.566797 0.492188 0.567187 0.492188 0.567578 0.492676 0.568359 0.492676 0.56875 0.493164 0.571094 0.493164 0.571484 0.492676 0.572656 0.492676 0.573828 0.491211 0.573828 0.489258 0.572656 0.487793 0.572266 0.487793 0.571484 0.486816 0.571094 0.486816 0.567578 0.482422 0.567187 0.482422 0.565234 0.47998 0.564844 0.47998 0.564063 0.479004 0.563672 0.479004 0.562891 0.478027 0.5625 0.478027 0.559766 0.474609 0.559375 0.474609 0.558984 0.474121 0.558594 0.474121 0.556641 0.47168 0.55625 0.47168 0.555469 0.470703 0.555078 0.470703 0.553125 0.468262 0.552344 0.468262 0.550781 0.466309 0.550781 0.46582 0.550391 0.465332 0.550391 0.464844 0.55 0.464355 0.55 0.463867 0.548828 0.462402
2 0.382031 0.734863 0.380859 0.736328 0.380859 0.73877 0.381641 0.739746 0.381641 0.740234 0.382031 0.740723 0.382031 0.741699 0.383594 0.743652 0.383594 0.744141 0.384766 0.745605 0.384766 0.746582 0.385547 0.747559 0.385547 0.749023 0.385937 0.749512 0.385937 0.75 0.386328 0.750488 0.386328 0.750977 0.386719 0.751465 0.386719 0.751953 0.387109 0.752441 0.387109 0.75293 0.387891 0.753906 0.387891 0.754883 0.388672 0.755859 0.388672 0.756348 0.389062 0.756836 0.389062 0.757812 0.389844 0.758789 0.389844 0.759277 0.390625 0.760254 0.390625 0.76123 0.391406 0.762207 0.391406 0.762695 0.391797 0.763184 0.391797 0.76416 0.392969 0.765625 0.392969 0.766602 0.393359 0.76709 0.393359 0.767578 0.39375 0.768066 0.39375 0.768555 0.394141 0.769043 0.394141 0.77002 0.394531 0.770508 0.394531 0.771973 0.394922 0.772461 0.394922 0.773438 0.395703 0.774414 0.395703 0.775391 0.396094 0.775879 0.396094 0.776367 0.396484 0.776855 0.396484 0.777344 0.396875 0.777832 0.396875 0.77832 0.397266 0.778809 0.397266 0.779297 0.398828 0.78125 0.400781 0.78125 0.401172 0.780762 0.401562 0.780762 0.402734 0.779297 0.402734 0.769043 0.402344 0.768555 0.402344 0.766113 0.401953 0.765625 0.401953 0.764648 0.401562 0.76416 0.401562 0.762695 0.401172 0.762207 0.401172 0.76123 0.400391 0.760254 0.400391 0.759277 0.4 0.758789 0.4 0.758301 0.399609 0.757812 0.399609 0.756348 0.398828 0.755371 0.398828 0.753906 0.398047 0.75293 0.398047 0.752441 0.397266 0.751465 0.397266 0.750488 0.394141 0.746582 0.394141 0.746094 0.389062 0.739746 0.388672 0.739746 0.387891 0.73877 0.3875 0.73877 0.386328 0.737305 0.385937 0.737305 0.383984 0.734863
2 0.302734 0.391602 0.301953 0.392578 0.3 0.392578 0.298828 0.394043 0.298828 0.395996 0.300391 0.397949 0.300781 0.397949 0.301172 0.398438 0.301953 0.398438 0.302344 0.398926 0.303125 0.398926 0.303906 0.399902 0.305078 0.399902 0.305469 0.400391 0.305859 0.400391 0.30625 0.400879 0.306641 0.400879 0.307422 0.401855 0.307812 0.401855 0.308203 0.402344 0.308984 0.402344 0.310156 0.403809 0.310547 0.403809 0.312109 0.405762 0.312109 0.40625 0.3125 0.406738 0.3125 0.407715 0.312891 0.408203 0.312891 0.408691 0.313281 0.40918 0.313281 0.409668 0.314063 0.410645 0.314063 0.411133 0.316016 0.413574 0.317578 0.413574 0.31875 0.412109 0.31875 0.409668 0.318359 0.40918 0.318359 0.407715 0.317969 0.407227 0.317969 0.406738 0.317578 0.40625 0.317578 0.405762 0.317188 0.405273 0.317188 0.404785 0.316797 0.404297 0.316797 0.403809 0.316406 0.40332 0.316406 0.402344 0.315625 0.401367 0.315625 0.400879 0.315234 0.400391 0.315234 0.399902 0.314844 0.399414 0.314844 0.398926 0.313672 0.397461 0.313281 0.397461 0.312891 0.396973 0.312109 0.396973 0.311328 0.395996 0.310937 0.395996 0.310156 0.39502 0.309766 0.39502 0.309375 0.394531 0.308984 0.394531 0.308594 0.394043 0.308203 0.394043 0.307812 0.393555 0.307422 0.393555 0.307031 0.393066 0.30625 0.393066 0.305859 0.392578 0.305469 0.392578 0.305078 0.39209 0.304688 0.39209 0.304297 0.391602
2 0.291797 0.389648 0.290625 0.391113 0.290625 0.393555 0.291406 0.394531 0.291406 0.39502 0.291797 0.395508 0.291797 0.395996 0.294141 0.398926 0.294141 0.399414 0.296484 0.402344 0.296875 0.402344 0.301563 0.408203 0.301953 0.408203 0.305859 0.413086 0.305859 0.413574 0.306641 0.414551 0.306641 0.415039 0.308203 0.416992 0.308203 0.41748 0.309375 0.418945 0.309375 0.419434 0.309766 0.419922 0.309766 0.42041 0.310156 0.420898 0.310156 0.421387 0.311328 0.422852 0.311328 0.42334 0.311719 0.423828 0.311719 0.424316 0.3125 0.425293 0.3125 0.425781 0.312891 0.42627 0.312891 0.426758 0.313281 0.427246 0.313281 0.427734 0.314453 0.429199 0.314453 0.429688 0.315625 0.431152 0.315625 0.431641 0.317578 0.434082 0.317578 0.43457 0.317969 0.435059 0.317969 0.435547 0.319141 0.437012 0.319531 0.437012 0.320312 0.437988 0.321875 0.437988 0.323047 0.436523 0.323047 0.43457 0.322266 0.433594 0.322266 0.433105 0.321875 0.432617 0.321875 0.432129 0.321094 0.431152 0.321094 0.430664 0.320703 0.430176 0.320703 0.429688 0.319922 0.428711 0.319922 0.428223 0.319531 0.427734 0.319531 0.427246 0.319141 0.426758 0.319141 0.42627 0.31875 0.425781 0.31875 0.424805 0.317969 0.423828 0.317969 0.422852 0.317188 0.421875 0.317188 0.421387 0.316797 0.420898 0.316797 0.42041 0.316406 0.419922 0.316406 0.419434 0.316016 0.418945 0.316016 0.418457 0.314844 0.416992 0.314844 0.416504 0.314063 0.415527 0.314063 0.415039 0.313281 0.414062 0.313281 0.413574 0.3125 0.412598 0.3125 0.412109 0.311719 0.411133 0.311719 0.410645 0.310156 0.408691 0.310156 0.408203 0.307422 0.404785 0.307031 0.404785 0.301953 0.398438 0.301563 0.398438 0.3 0.396484 0.299609 0.396484 0.298438 0.39502 0.298047 0.39502 0.297656 0.394531 0.297266 0.394531 0.296484 0.393555 0.296094 0.393555 0.294531 0.391602 0.294531 0.391113 0.293359 0.389648
2 0.294141 0.397461 0.292969 0.398926 0.292969 0.402344 0.293359 0.402832 0.293359 0.404297 0.29375 0.404785 0.29375 0.405762 0.294141 0.40625 0.294141 0.407227 0.294531 0.407715 0.294531 0.408691 0.294922 0.40918 0.294922 0.410156 0.295703 0.411133 0.295703 0.412109 0.296875 0.413574 0.296875 0.414062 0.298438 0.416016 0.298438 0.416504 0.302734 0.421875 0.302734 0.422363 0.307422 0.428223 0.307812 0.428223 0.308594 0.429199 0.308984 0.429199 0.310156 0.430664 0.310547 0.430664 0.311328 0.431641 0.311719 0.431641 0.312109 0.432129 0.3125 0.432129 0.312891 0.432617 0.313281 0.432617 0.313672 0.433105 0.316016 0.433105 0.316406 0.432617 0.316797 0.432617 0.317969 0.431152 0.317969 0.428711 0.316016 0.42627 0.315625 0.42627 0.314844 0.425293 0.314453 0.425293 0.313672 0.424316 0.312891 0.424316 0.312109 0.42334 0.311719 0.42334 0.308203 0.418945 0.308203 0.418457 0.305859 0.415527 0.305859 0.415039 0.305078 0.414062 0.305078 0.413574 0.303516 0.411621 0.303516 0.411133 0.302734 0.410156 0.302734 0.409668 0.302344 0.40918 0.302344 0.408691 0.301953 0.408203 0.301953 0.407715 0.301172 0.406738 0.301172 0.40625 0.300391 0.405273 0.300391 0.404785 0.299609 0.403809 0.299609 0.40332 0.298828 0.402344 0.298828 0.401855 0.298047 0.400879 0.298047 0.400391 0.295703 0.397461
2 0.328516 0.414551 0.326562 0.416992 0.326562 0.42041 0.326953 0.420898 0.326953 0.421387 0.327734 0.422363 0.327734 0.42334 0.328906 0.424805 0.328906 0.425293 0.329688 0.42627 0.329688 0.426758 0.330469 0.427734 0.330469 0.428223 0.330859 0.428711 0.330859 0.429199 0.33125 0.429688 0.33125 0.430176 0.332422 0.431641 0.332422 0.432617 0.333594 0.434082 0.333594 0.435059 0.334375 0.436035 0.334375 0.436523 0.335938 0.438477 0.335938 0.438965 0.337109 0.44043 0.3375 0.44043 0.339062 0.442383 0.341406 0.442383 0.342578 0.440918 0.342578 0.437988 0.342187 0.4375 0.342187 0.437012 0.341797 0.436523 0.341797 0.436035 0.341406 0.435547 0.341406 0.43457 0.340234 0.433105 0.340234 0.432129 0.339844 0.431641 0.339844 0.431152 0.339453 0.430664 0.339453 0.430176 0.338672 0.429199 0.338672 0.428711 0.337109 0.426758 0.337109 0.425781 0.336719 0.425293 0.336719 0.424805 0.335938 0.423828 0.335938 0.422852 0.334375 0.420898 0.334375 0.42041 0.333594 0.419434 0.333594 0.418945 0.330078 0.414551
2 0.338672 0.404785 0.335938 0.408203 0.335938 0.408691 0.335156 0.409668 0.335156 0.410156 0.334766 0.410645 0.334766 0.411133 0.334375 0.411621 0.334375 0.416992 0.334766 0.41748 0.334766 0.417969 0.335938 0.419434 0.335938 0.419922 0.339453 0.424316 0.339844 0.424316 0.341797 0.426758 0.342578 0.426758 0.34375 0.428223 0.344922 0.428223 0.345313 0.428711 0.345703 0.428711 0.346094 0.429199 0.346484 0.429199 0.346875 0.429688 0.347266 0.429688 0.347656 0.430176 0.348047 0.430176 0.348438 0.430664 0.348828 0.430664 0.349219 0.431152 0.349609 0.431152 0.350391 0.432129 0.350781 0.432129 0.351172 0.432617 0.353516 0.432617 0.354687 0.431152 0.354687 0.429199 0.353516 0.427734 0.353125 0.427734 0.352734 0.427246 0.352344 0.427246 0.351953 0.426758 0.351562 0.426758 0.35 0.424805 0.349609 0.424805 0.348828 0.423828 0.348438 0.423828 0.347656 0.422852 0.347656 0.422363 0.346875 0.421387 0.346875 0.420898 0.346484 0.42041 0.346484 0.419922 0.346094 0.419434 0.346094 0.418945 0.345703 0.418457 0.345703 0.417969 0.344141 0.416016 0.344141 0.415527 0.342969 0.414062 0.342578 0.414062 0.341406 0.412598 0.341406 0.411133 0.342187 0.410156 0.342187 0.40625 0.341016 0.404785
2 0.305078 0.452148 0.304688 0.452637 0.303516 0.452637 0.303125 0.453125 0.302734 0.453125 0.301953 0.454102 0.301563 0.454102 0.301172 0.45459 0.300781 0.45459 0.299609 0.456055 0.299219 0.456055 0.296094 0.459961 0.296094 0.460449 0.295312 0.461426 0.295312 0.462402 0.294922 0.462891 0.294922 0.46582 0.296094 0.467285 0.298047 0.467285 0.298828 0.466309 0.299219 0.466309 0.301172 0.463867 0.301563 0.463867 0.302734 0.462402 0.303125 0.462402 0.304297 0.460938 0.305078 0.460938 0.305859 0.459961 0.30625 0.459961 0.306641 0.459473 0.307031 0.459473 0.307422 0.458984 0.308203 0.458984 0.308594 0.458496 0.309766 0.458496 0.310156 0.458984 0.311328 0.458984 0.311719 0.459473 0.312109 0.459473 0.3125 0.459961 0.313672 0.459961 0.314063 0.460449 0.314453 0.460449 0.314844 0.460938 0.315234 0.460938 0.316016 0.461914 0.317578 0.461914 0.31875 0.460449 0.31875 0.45752 0.316797 0.455078 0.316406 0.455078 0.316016 0.45459 0.315234 0.45459 0.314453 0.453613 0.314063 0.453613 0.313672 0.453125 0.3125 0.453125 0.312109 0.452637 0.310937 0.452637 0.310547 0.452148
2 0.348438 0.45459 0.348047 0.455078 0.347266 0.455078 0.346875 0.455566 0.346094 0.455566 0.345703 0.456055 0.345313 0.456055 0.344531 0.457031 0.34375 0.457031 0.343359 0.45752 0.342969 0.45752 0.342578 0.458008 0.341797 0.458008 0.341406 0.458496 0.340625 0.458496 0.340234 0.458984 0.339062 0.458984 0.338672 0.459473 0.337109 0.459473 0.336719 0.459961 0.336328 0.459961 0.335938 0.460449 0.335156 0.460449 0.334766 0.460938 0.334375 0.460938 0.333984 0.461426 0.333594 0.461426 0.333203 0.461914 0.332422 0.461914 0.332031 0.462402 0.331641 0.462402 0.33125 0.462891 0.330859 0.462891 0.330078 0.463867 0.328906 0.463867 0.328125 0.464844 0.327344 0.464844 0.326953 0.465332 0.326172 0.465332 0.325781 0.46582 0.325391 0.46582 0.325 0.466309 0.324609 0.466309 0.323437 0.467773 0.323437 0.469727 0.324609 0.471191 0.326953 0.471191 0.327344 0.470703 0.328125 0.470703 0.328516 0.470215 0.330469 0.470215 0.330859 0.469727 0.331641 0.469727 0.332031 0.469238 0.332813 0.469238 0.333203 0.46875 0.333594 0.46875 0.333984 0.468262 0.335156 0.468262 0.335547 0.467773 0.336328 0.467773 0.336719 0.467285 0.3375 0.467285 0.337891 0.466797 0.339844 0.466797 0.340234 0.466309 0.342578 0.466309 0.342969 0.46582 0.343359 0.46582 0.34375 0.465332 0.344531 0.465332 0.344922 0.464844 0.345313 0.464844 0.345703 0.464355 0.346875 0.464355 0.347266 0.463867 0.348047 0.463867 0.348438 0.463379 0.348828 0.463379 0.349219 0.462891 0.349609 0.462891 0.35 0.462402 0.350391 0.462402 0.350781 0.461914 0.351172 0.461914 0.352734 0.459961 0.352734 0.458008 0.352344 0.45752 0.352344 0.456543 0.351172 0.455078 0.350781 0.455078 0.350391 0.45459
2 0.416016 0.350098 0.415234 0.351074 0.414844 0.351074 0.4125 0.354004 0.4125 0.354492 0.410938 0.356445 0.410938 0.356934 0.410547 0.357422 0.410547 0.358887 0.409375 0.360352 0.409375 0.36084 0.408984 0.361328 0.408984 0.361816 0.408594 0.362305 0.408594 0.363281 0.408203 0.36377 0.408203 0.364258 0.407813 0.364746 0.407813 0.365234 0.406641 0.366699 0.406641 0.369141 0.40625 0.369629 0.40625 0.376953 0.406641 0.377441 0.406641 0.390137 0.407813 0.391602 0.409375 0.391602 0.410547 0.390137 0.410547 0.389648 0.410938 0.38916 0.410938 0.388672 0.411328 0.388184 0.411328 0.387695 0.412109 0.386719 0.412109 0.385254 0.4125 0.384766 0.4125 0.384277 0.413281 0.383301 0.413281 0.382812 0.413672 0.382324 0.413672 0.380859 0.414453 0.379883 0.414453 0.379395 0.414844 0.378906 0.414844 0.377441 0.415234 0.376953 0.415234 0.375977 0.415625 0.375488 0.415625 0.373535 0.416016 0.373047 0.416016 0.365234 0.416406 0.364746 0.416406 0.363281 0.416797 0.362793 0.416797 0.361328 0.417578 0.360352 0.417578 0.358887 0.417969 0.358398 0.417969 0.35791 0.418359 0.357422 0.418359 0.356445 0.41875 0.355957 0.41875 0.35498 0.419141 0.354492 0.419141 0.351562 0.417969 0.350098
2 0.392969 0.318848 0.390625 0.321777 0.390625 0.322266 0.389453 0.32373 0.389453 0.324707 0.388281 0.326172 0.388281 0.32666 0.387891 0.327148 0.387891 0.328613 0.3875 0.329102 0.3875 0.32959 0.387109 0.330078 0.387109 0.331055 0.386719 0.331543 0.386719 0.333496 0.386328 0.333984 0.386328 0.345215 0.386719 0.345703 0.386719 0.347656 0.387109 0.348145 0.387109 0.349609 0.3875 0.350098 0.3875 0.350586 0.387891 0.351074 0.387891 0.351562 0.388281 0.352051 0.388281 0.353516 0.388672 0.354004 0.388672 0.354492 0.389062 0.35498 0.389062 0.355469 0.389453 0.355957 0.389453 0.356445 0.389844 0.356934 0.389844 0.35791 0.390234 0.358398 0.390234 0.358887 0.390625 0.359375 0.390625 0.359863 0.391406 0.36084 0.391406 0.361816 0.391797 0.362305 0.391797 0.362793 0.392969 0.364258 0.394531 0.364258 0.395703 0.362793 0.395703 0.348145 0.395313 0.347656 0.395313 0.34668 0.394922 0.346191 0.394922 0.344727 0.394531 0.344238 0.394531 0.34375 0.394141 0.343262 0.394141 0.342285 0.39375 0.341797 0.39375 0.34082 0.393359 0.340332 0.393359 0.334961 0.39375 0.334473 0.39375 0.333496 0.394141 0.333008 0.394141 0.33252 0.394531 0.332031 0.394531 0.328613 0.394922 0.328125 0.394922 0.327148 0.395313 0.32666 0.395313 0.325195 0.395703 0.324707 0.395703 0.323242 0.396094 0.322754 0.396094 0.320312 0.394922 0.318848
2 0.482812 0.448242 0.48125 0.450195 0.48125 0.452637 0.482812 0.45459 0.483594 0.45459 0.483984 0.455078 0.484375 0.455078 0.485938 0.457031 0.486719 0.457031 0.488672 0.459473 0.489063 0.459473 0.489844 0.460449 0.490234 0.460449 0.491406 0.461914 0.491797 0.461914 0.492188 0.462402 0.492188 0.462891 0.493359 0.464355 0.49375 0.464355 0.496094 0.467285 0.496094 0.467773 0.5 0.472656 0.5 0.473145 0.501172 0.474609 0.502734 0.474609 0.503906 0.473145 0.503906 0.470215 0.502734 0.46875 0.502734 0.468262 0.502344 0.467773 0.502344 0.467285 0.501172 0.46582 0.501172 0.465332 0.499219 0.462891 0.499219 0.462402 0.498828 0.461914 0.498828 0.460938 0.498047 0.459961 0.498047 0.459473 0.497266 0.458496 0.497266 0.458008 0.496875 0.45752 0.496875 0.457031 0.495703 0.455566 0.495703 0.455078 0.495312 0.45459 0.495312 0.454102 0.494922 0.453613 0.494922 0.453125 0.492188 0.449707 0.491406 0.449707 0.490625 0.44873 0.489844 0.44873 0.489453 0.448242
2 0.507812 0.467773 0.506641 0.469238 0.506641 0.47168 0.507812 0.473145 0.507812 0.473633 0.508203 0.474121 0.508203 0.474609 0.509375 0.476074 0.509375 0.477051 0.510547 0.478516 0.510938 0.478516 0.513281 0.481445 0.513672 0.481445 0.515234 0.483398 0.515234 0.483887 0.516406 0.485352 0.516406 0.48584 0.517578 0.487305 0.517578 0.488281 0.518359 0.489258 0.518359 0.490234 0.51875 0.490723 0.51875 0.491211 0.519141 0.491699 0.519141 0.492676 0.519531 0.493164 0.519531 0.493652 0.519922 0.494141 0.519922 0.495117 0.520312 0.495605 0.520312 0.510742 0.521484 0.512207 0.523438 0.512207 0.524609 0.510742 0.524609 0.509766 0.525 0.509277 0.525 0.508301 0.525391 0.507812 0.525391 0.506836 0.525781 0.506348 0.525781 0.498535 0.525391 0.498047 0.525391 0.495605 0.525 0.495117 0.525 0.493652 0.524609 0.493164 0.524609 0.491699 0.524219 0.491211 0.524219 0.489746 0.523828 0.489258 0.523828 0.48877 0.523438 0.488281 0.523438 0.486328 0.523047 0.48584 0.523047 0.485352 0.522656 0.484863 0.522656 0.484375 0.521875 0.483398 0.521875 0.48291 0.510547 0.46875 0.510156 0.46875 0.509375 0.467773
2 0.476172 0.450684 0.475781 0.451172 0.475 0.451172 0.474609 0.45166 0.473828 0.45166 0.473438 0.452148 0.472656 0.452148 0.472266 0.452637 0.471484 0.452637 0.471094 0.453125 0.469531 0.453125 0.469141 0.453613 0.467969 0.453613 0.467578 0.454102 0.466797 0.454102 0.466016 0.455078 0.465234 0.455078 0.464453 0.456055 0.463281 0.456055 0.462891 0.456543 0.4625 0.456543 0.462109 0.457031 0.461719 0.457031 0.461328 0.45752 0.460938 0.45752 0.460547 0.458008 0.460156 0.458008 0.458984 0.459473 0.458594 0.459473 0.458203 0.459961 0.457813 0.459961 0.454688 0.463867 0.454688 0.464355 0.454297 0.464844 0.454297 0.465332 0.453906 0.46582 0.453906 0.471191 0.455078 0.472656 0.458203 0.472656 0.458594 0.472168 0.458984 0.472168 0.459375 0.47168 0.459766 0.47168 0.460156 0.471191 0.460938 0.471191 0.462109 0.469727 0.4625 0.469727 0.463281 0.46875 0.463672 0.46875 0.464844 0.467285 0.465234 0.467285 0.466406 0.46582 0.466797 0.46582 0.467187 0.465332 0.467578 0.465332 0.468359 0.464355 0.46875 0.464355 0.469531 0.463379 0.469922 0.463379 0.470313 0.462891 0.470703 0.462891 0.471094 0.462402 0.471484 0.462402 0.471875 0.461914 0.473047 0.461914 0.474219 0.460449 0.475391 0.460449 0.475781 0.459961 0.476172 0.459961 0.476953 0.458984 0.477734 0.458984 0.478125 0.458496 0.480078 0.458496 0.480469 0.458008 0.480859 0.458008 0.48125 0.45752 0.481641 0.45752 0.482031 0.457031 0.482812 0.457031 0.484375 0.455078 0.484375 0.452637 0.483203 0.451172 0.478906 0.451172 0.478516 0.450684
1 0.471484 0.445312 0.470703 0.446289 0.469922 0.446289 0.469531 0.446777 0.467969 0.446777 0.467187 0.447754 0.465625 0.447754 0.465234 0.448242 0.464844 0.448242 0.464453 0.44873 0.463672 0.44873 0.463281 0.449219 0.462891 0.449219 0.4625 0.449707 0.462109 0.449707 0.461719 0.450195 0.459766 0.450195 0.459375 0.450684 0.458984 0.450684 0.458203 0.45166 0.457813 0.45166 0.457422 0.452148 0.456641 0.452148 0.454297 0.455078 0.454297 0.456055 0.453906 0.456543 0.453906 0.459473 0.455078 0.460938 0.457031 0.460938 0.457813 0.459961 0.458594 0.459961 0.459766 0.458496 0.460156 0.458496 0.461328 0.457031 0.462109 0.457031 0.4625 0.456543 0.462891 0.456543 0.464062 0.455078 0.464453 0.455078 0.464844 0.45459 0.466016 0.45459 0.466406 0.454102 0.466797 0.454102 0.467187 0.453613 0.467969 0.453613 0.468359 0.453125 0.469141 0.453125 0.469531 0.452637 0.470313 0.452637 0.470703 0.452148 0.473828 0.452148 0.474219 0.45166 0.478125 0.45166 0.479297 0.450195 0.479297 0.448242 0.478125 0.446777 0.476953 0.446777 0.476562 0.446289 0.473828 0.446289 0.473047 0.445312
2 0.533984 0.438477 0.532813 0.439941 0.532813 0.442871 0.533594 0.443848 0.533594 0.444336 0.534375 0.445312 0.534375 0.446289 0.535156 0.447266 0.535156 0.44873 0.535937 0.449707 0.535937 0.450195 0.537891 0.452637 0.537891 0.453125 0.539062 0.45459 0.539453 0.45459 0.541406 0.457031 0.541797 0.457031 0.542188 0.45752 0.542578 0.45752 0.543359 0.458496 0.54375 0.458496 0.544531 0.459473 0.544922 0.459473 0.545312 0.459961 0.545703 0.459961 0.546094 0.460449 0.547656 0.460449 0.548828 0.458984 0.548828 0.456543 0.547656 0.455078 0.547266 0.455078 0.546875 0.45459 0.546875 0.454102 0.544141 0.450684 0.54375 0.450684 0.543359 0.450195 0.542969 0.450195 0.542578 0.449707 0.541797 0.449707 0.541016 0.44873 0.540625 0.44873 0.539844 0.447754 0.539844 0.447266 0.539062 0.446289 0.539062 0.445801 0.538281 0.444824 0.538281 0.444336 0.5375 0.443359 0.5375 0.442383 0.536719 0.441406 0.536719 0.439941 0.535547 0.438477
1 0.519922 0.446777 0.519531 0.447266 0.518359 0.447266 0.517969 0.447754 0.517188 0.447754 0.516406 0.44873 0.516016 0.44873 0.515625 0.449219 0.515234 0.449219 0.514844 0.449707 0.514453 0.449707 0.510938 0.454102 0.510547 0.454102 0.509766 0.455078 0.509375 0.455078 0.508984 0.455566 0.508594 0.455566 0.507812 0.456543 0.507031 0.456543 0.506641 0.457031 0.505078 0.457031 0.504687 0.45752 0.503516 0.45752 0.502344 0.458984 0.502344 0.462402 0.503516 0.463867 0.504687 0.463867 0.505078 0.464355 0.507812 0.464355 0.508203 0.464844 0.508984 0.464844 0.509375 0.465332 0.515234 0.465332 0.515625 0.464844 0.516797 0.464844 0.517188 0.464355 0.517578 0.464355 0.517969 0.463867 0.519531 0.463867 0.519922 0.463379 0.520312 0.463379 0.520703 0.462891 0.521484 0.462891 0.521875 0.462402 0.522266 0.462402 0.523047 0.461426 0.523438 0.461426 0.524219 0.460449 0.524609 0.460449 0.525 0.459961 0.525391 0.459961 0.526563 0.458496 0.526953 0.458496 0.527734 0.45752 0.528125 0.45752 0.528906 0.456543 0.529687 0.456543 0.530078 0.456055 0.530469 0.456055 0.530859 0.455566 0.532422 0.455566 0.532813 0.455078 0.534375 0.455078 0.534766 0.455566 0.536719 0.455566 0.537109 0.456055 0.538672 0.456055 0.539062 0.456543 0.541406 0.456543 0.542188 0.45752 0.54375 0.45752 0.544922 0.456055 0.544922 0.454102 0.543359 0.452148 0.542969 0.452148 0.542578 0.45166 0.541797 0.45166 0.541406 0.451172 0.540625 0.451172 0.540234 0.450684 0.540234 0.450195 0.539062 0.44873 0.534375 0.44873 0.533984 0.448242 0.531641 0.448242 0.53125 0.447754 0.528906 0.447754 0.528516 0.447266 0.526172 0.447266 0.525781 0.446777
1 0.601953 0.474121 0.601562 0.474609 0.601172 0.474609 0.600391 0.475586 0.6 0.475586 0.598828 0.477051 0.598828 0.477539 0.598437 0.478027 0.598047 0.478027 0.597656 0.478516 0.597266 0.478516 0.593359 0.483398 0.592969 0.483398 0.592187 0.484375 0.591797 0.484375 0.591406 0.484863 0.591016 0.484863 0.590234 0.48584 0.589844 0.48584 0.589453 0.486328 0.588281 0.486328 0.5875 0.487305 0.587109 0.487305 0.586719 0.487793 0.586328 0.487793 0.585547 0.48877 0.584766 0.48877 0.584375 0.489258 0.583984 0.489258 0.583594 0.489746 0.583203 0.489746 0.582422 0.490723 0.582031 0.490723 0.580859 0.492188 0.580469 0.492188 0.578125 0.495117 0.577734 0.495117 0.576562 0.496582 0.576562 0.497559 0.575781 0.498535 0.575781 0.499023 0.575391 0.499512 0.575391 0.500488 0.575 0.500977 0.575 0.504883 0.576172 0.506348 0.578906 0.506348 0.579297 0.505859 0.580078 0.505859 0.581641 0.503906 0.582422 0.503906 0.582812 0.503418 0.583203 0.503418 0.584766 0.501465 0.585156 0.501465 0.587109 0.499023 0.5875 0.499023 0.587891 0.498535 0.588672 0.498535 0.589063 0.498047 0.589844 0.498047 0.590625 0.49707 0.591797 0.49707 0.592187 0.496582 0.592969 0.496582 0.593359 0.496094 0.594141 0.496094 0.594922 0.495117 0.595313 0.495117 0.596094 0.494141 0.596484 0.494141 0.599219 0.490723 0.599219 0.490234 0.601172 0.487793 0.601172 0.487305 0.601562 0.486816 0.601562 0.486328 0.602344 0.485352 0.602344 0.484863 0.603125 0.483887 0.603125 0.483398 0.603516 0.48291 0.603516 0.482422 0.604297 0.481445 0.604297 0.480957 0.604688 0.480469 0.604688 0.479492 0.605078 0.479004 0.605078 0.478516 0.605469 0.478027 0.605469 0.475586 0.604297 0.474121
1 0.613281 0.466309 0.612109 0.467773 0.612109 0.470215 0.614453 0.473145 0.614453 0.473633 0.614844 0.474121 0.614844 0.474609 0.615234 0.475098 0.615234 0.475586 0.615625 0.476074 0.615625 0.476562 0.616406 0.477539 0.616406 0.478027 0.616797 0.478516 0.616797 0.479004 0.618359 0.480957 0.618359 0.481934 0.619141 0.48291 0.619141 0.483398 0.620703 0.485352 0.620703 0.486328 0.621094 0.486816 0.621094 0.487305 0.622656 0.489258 0.622656 0.489746 0.623828 0.491211 0.623828 0.491699 0.626563 0.495117 0.626953 0.495117 0.628906 0.497559 0.629297 0.497559 0.629687 0.498047 0.630078 0.498047 0.630469 0.498535 0.630859 0.498535 0.63125 0.499023 0.631641 0.499023 0.632031 0.499512 0.632422 0.499512 0.633203 0.500488 0.634766 0.500488 0.635547 0.501465 0.635938 0.501465 0.636328 0.501953 0.637109 0.501953 0.6375 0.502441 0.639844 0.502441 0.641016 0.500977 0.641016 0.499023 0.633594 0.489746 0.633203 0.489746 0.632422 0.48877 0.632031 0.48877 0.63125 0.487793 0.630859 0.487793 0.630078 0.486816 0.630078 0.486328 0.628906 0.484863 0.628516 0.484863 0.626953 0.48291 0.626563 0.48291 0.626172 0.482422 0.626172 0.481934 0.625 0.480469 0.624609 0.480469 0.621875 0.477051 0.621875 0.476562 0.620313 0.474609 0.620313 0.474121 0.619141 0.472656 0.619141 0.472168 0.617578 0.470215 0.617578 0.469727 0.614844 0.466309
2 0.574219 0.319336 0.573047 0.320801 0.573047 0.32373 0.572656 0.324219 0.572656 0.325195 0.572266 0.325684 0.572266 0.327637 0.571875 0.328125 0.571875 0.328613 0.570703 0.330078 0.570703 0.331055 0.569922 0.332031 0.569922 0.33252 0.566406 0.336914 0.566016 0.336914 0.5625 0.341309 0.5625 0.342285 0.562109 0.342773 0.562109 0.345215 0.563281 0.34668 0.565234 0.34668 0.565625 0.346191 0.567578 0.346191 0.567969 0.345703 0.568359 0.345703 0.569141 0.344727 0.569531 0.344727 0.571094 0.342773 0.571484 0.342773 0.573828 0.339844 0.573828 0.339355 0.574609 0.338379 0.574609 0.337402 0.575 0.336914 0.575 0.336426 0.576172 0.334961 0.576172 0.333984 0.576562 0.333496 0.576562 0.325684 0.576953 0.325195 0.576953 0.320801 0.575781 0.319336
1 0.580469 0.326172 0.579297 0.327637 0.579297 0.328125 0.578516 0.329102 0.578516 0.32959 0.578125 0.330078 0.578125 0.33252 0.577734 0.333008 0.577734 0.333496 0.577344 0.333984 0.577344 0.334961 0.576953 0.335449 0.576953 0.336426 0.575391 0.338379 0.575 0.338379 0.574219 0.339355 0.573828 0.339355 0.571484 0.342285 0.571094 0.342285 0.569922 0.34375 0.569922 0.344238 0.569531 0.344727 0.569141 0.344727 0.567969 0.346191 0.567969 0.34668 0.567187 0.347656 0.566797 0.347656 0.565625 0.349121 0.565234 0.349121 0.561719 0.353516 0.561719 0.354004 0.561328 0.354492 0.561328 0.357422 0.5625 0.358887 0.564844 0.358887 0.565234 0.358398 0.567187 0.358398 0.567578 0.35791 0.56875 0.35791 0.569531 0.356934 0.569922 0.356934 0.570312 0.356445 0.570703 0.356445 0.571094 0.355957 0.571484 0.355957 0.571875 0.355469 0.572266 0.355469 0.573047 0.354492 0.573438 0.354492 0.574609 0.353027 0.575 0.353027 0.579297 0.347656 0.579297 0.347168 0.580859 0.345215 0.580859 0.344238 0.58125 0.34375 0.58125 0.343262 0.581641 0.342773 0.581641 0.342285 0.582422 0.341309 0.582422 0.339355 0.582812 0.338867 0.582812 0.337891 0.583203 0.337402 0.583203 0.327637 0.582031 0.326172
2 0.603906 0.292969 0.603516 0.293457 0.602734 0.293457 0.602344 0.293945 0.601562 0.293945 0.601172 0.294434 0.6 0.294434 0.599609 0.294922 0.599219 0.294922 0.598437 0.295898 0.598047 0.295898 0.596094 0.29834 0.596094 0.298828 0.594531 0.300781 0.594531 0.301758 0.59375 0.302734 0.59375 0.303223 0.593359 0.303711 0.593359 0.304199 0.592969 0.304688 0.592969 0.306152 0.592578 0.306641 0.592578 0.308105 0.592187 0.308594 0.592187 0.310547 0.591797 0.311035 0.591797 0.312988 0.591406 0.313477 0.591406 0.316406 0.591016 0.316895 0.591016 0.321777 0.592187 0.323242 0.59375 0.323242 0.594922 0.321777 0.594922 0.320801 0.595313 0.320312 0.595313 0.319336 0.595703 0.318848 0.595703 0.318359 0.596094 0.317871 0.596094 0.316895 0.596484 0.316406 0.596484 0.315918 0.596875 0.31543 0.596875 0.314453 0.598047 0.312988 0.598047 0.3125 0.599219 0.311035 0.599219 0.310547 0.601172 0.308105 0.601172 0.307617 0.601953 0.306641 0.602344 0.306641 0.603906 0.304688 0.604297 0.304688 0.604688 0.304199 0.605078 0.304199 0.605859 0.303223 0.60625 0.303223 0.607031 0.302246 0.607812 0.302246 0.608203 0.301758 0.608984 0.301758 0.609375 0.30127 0.610547 0.30127 0.610938 0.300781 0.611719 0.300781 0.612109 0.300293 0.6125 0.300293 0.612891 0.299805 0.613672 0.299805 0.614844 0.29834 0.614844 0.296387 0.613672 0.294922 0.612891 0.294922 0.611328 0.292969
1 0.635156 0.307129 0.633984 0.308594 0.633984 0.317383 0.634375 0.317871 0.634375 0.318848 0.634766 0.319336 0.634766 0.321289 0.635156 0.321777 0.635156 0.323242 0.635547 0.32373 0.635547 0.325195 0.635938 0.325684 0.635938 0.327148 0.636328 0.327637 0.636328 0.329102 0.636719 0.32959 0.636719 0.33252 0.637109 0.333008 0.637109 0.333984 0.6375 0.334473 0.6375 0.334961 0.637891 0.335449 0.637891 0.336426 0.638281 0.336914 0.638281 0.337402 0.638672 0.337891 0.638672 0.338379 0.641016 0.341309 0.641406 0.341309 0.641797 0.341797 0.642188 0.341797 0.642578 0.342285 0.643359 0.342285 0.64375 0.342773 0.646484 0.342773 0.646875 0.343262 0.652344 0.343262 0.652734 0.342773 0.653906 0.342773 0.654687 0.341797 0.655078 0.341797 0.65625 0.340332 0.65625 0.339844 0.656641 0.339355 0.656641 0.336914 0.654687 0.334473 0.654297 0.334473 0.653906 0.333984 0.652734 0.333984 0.652344 0.333496 0.651563 0.333496 0.650781 0.33252 0.65 0.33252 0.649609 0.332031 0.648828 0.332031 0.648438 0.331543 0.648047 0.331543 0.647656 0.331055 0.647266 0.331055 0.646484 0.330078 0.646094 0.330078 0.644922 0.328613 0.644922 0.328125 0.642969 0.325684 0.642969 0.325195 0.642188 0.324219 0.642188 0.32373 0.640625 0.321777 0.640625 0.321289 0.639453 0.319824 0.639453 0.318848 0.639062 0.318359 0.639062 0.317871 0.638672 0.317383 0.638672 0.315918 0.638281 0.31543 0.638281 0.313477 0.637891 0.312988 0.637891 0.308594 0.636719 0.307129
2 0.640625 0.308105 0.640234 0.308594 0.639844 0.308594 0.638672 0.310059 0.638672 0.313477 0.640234 0.31543 0.640234 0.316406 0.645312 0.322754 0.645703 0.322754 0.646094 0.323242 0.646484 0.323242 0.647656 0.324707 0.648047 0.324707 0.648828 0.325684 0.649219 0.325684 0.650781 0.327637 0.651172 0.327637 0.653516 0.330566 0.653906 0.330566 0.654297 0.331055 0.654687 0.331055 0.65625 0.333008 0.656641 0.333008 0.657422 0.333984 0.658203 0.333984 0.658594 0.334473 0.658984 0.334473 0.659375 0.334961 0.660156 0.334961 0.660937 0.335938 0.661328 0.335938 0.661719 0.336426 0.6625 0.336426 0.662891 0.336914 0.663281 0.336914 0.664062 0.337891 0.666406 0.337891 0.667578 0.336426 0.667578 0.335938 0.667969 0.335449 0.667969 0.327637 0.666016 0.325195 0.665625 0.325195 0.665234 0.324707 0.664844 0.324707 0.664453 0.324219 0.663672 0.324219 0.663281 0.32373 0.662891 0.32373 0.662109 0.322754 0.661719 0.322754 0.660937 0.321777 0.660547 0.321777 0.659766 0.320801 0.659375 0.320801 0.658984 0.320312 0.658594 0.320312 0.657813 0.319336 0.657422 0.319336 0.657031 0.318848 0.65625 0.318848 0.655859 0.318359 0.655469 0.318359 0.653906 0.316406 0.653516 0.316406 0.651172 0.313477 0.650781 0.313477 0.649609 0.312012 0.649219 0.312012 0.648438 0.311035 0.648047 0.311035 0.647266 0.310059 0.646875 0.310059 0.646484 0.30957 0.646094 0.30957 0.645703 0.309082 0.645312 0.309082 0.644922 0.308594 0.643359 0.308594 0.642969 0.308105
2 0.671484 0.23584 0.671094 0.236328 0.670703 0.236328 0.669531 0.237793 0.669531 0.241211 0.670703 0.242676 0.671094 0.242676 0.671875 0.243652 0.673438 0.243652 0.673828 0.244141 0.675 0.244141 0.675391 0.244629 0.676562 0.244629 0.676953 0.245117 0.677734 0.245117 0.678125 0.245605 0.679297 0.245605 0.680078 0.246582 0.680859 0.246582 0.68125 0.24707 0.682031 0.24707 0.682422 0.247559 0.682813 0.247559 0.683203 0.248047 0.683594 0.248047 0.683984 0.248535 0.684766 0.248535 0.685156 0.249023 0.685547 0.249023 0.685937 0.249512 0.686719 0.249512 0.687109 0.25 0.688281 0.25 0.688672 0.250488 0.689063 0.250488 0.689453 0.250977 0.691016 0.250977 0.691797 0.251953 0.692578 0.251953 0.692969 0.252441 0.693359 0.252441 0.69375 0.25293 0.695312 0.25293 0.696094 0.253906 0.702344 0.253906 0.702734 0.254395 0.709375 0.254395 0.710547 0.25293 0.710547 0.250488 0.709766 0.249512 0.709766 0.249023 0.708203 0.24707 0.707812 0.24707 0.707422 0.246582 0.70625 0.246582 0.705859 0.246094 0.705469 0.246094 0.705078 0.245605 0.701953 0.245605 0.701562 0.245117 0.7 0.245117 0.699609 0.244629 0.697656 0.244629 0.697266 0.244141 0.696094 0.244141 0.695703 0.243652 0.694531 0.243652 0.694141 0.243164 0.692187 0.243164 0.691797 0.242676 0.691016 0.242676 0.690625 0.242188 0.689844 0.242188 0.689453 0.241699 0.689063 0.241699 0.688672 0.241211 0.6875 0.241211 0.687109 0.240723 0.686719 0.240723 0.686328 0.240234 0.684766 0.240234 0.684375 0.239746 0.683984 0.239746 0.683594 0.239258 0.683203 0.239258 0.682422 0.238281 0.68125 0.238281 0.680859 0.237793 0.680469 0.237793 0.680078 0.237305 0.679688 0.237305 0.679297 0.236816 0.678906 0.236816 0.678516 0.236328 0.678125 0.236328 0.677734 0.23584
2 0.716406 0.217773 0.715625 0.21875 0.714844 0.21875 0.714453 0.219238 0.713672 0.219238 0.713281 0.219727 0.712891 0.219727 0.712109 0.220703 0.711719 0.220703 0.710156 0.222656 0.710156 0.223145 0.709766 0.223633 0.709766 0.224121 0.708984 0.225098 0.708984 0.227051 0.708594 0.227539 0.708594 0.228027 0.708203 0.228516 0.708203 0.231445 0.707812 0.231934 0.707812 0.245117 0.708203 0.245605 0.708203 0.24707 0.708594 0.247559 0.708594 0.249023 0.709375 0.25 0.709375 0.250488 0.709766 0.250977 0.709766 0.251465 0.710156 0.251953 0.710156 0.25293 0.710547 0.253418 0.710547 0.253906 0.710938 0.254395 0.710938 0.254883 0.7125 0.256836 0.7125 0.257324 0.713672 0.258789 0.715625 0.258789 0.716797 0.257324 0.716797 0.234375 0.717187 0.233887 0.717187 0.23291 0.717578 0.232422 0.717578 0.228516 0.717969 0.228027 0.717969 0.227051 0.718359 0.226562 0.718359 0.224609 0.71875 0.224121 0.71875 0.223633 0.719141 0.223145 0.719141 0.222168 0.719531 0.22168 0.719531 0.219238 0.718359 0.217773
2 0.722266 0.180176 0.721094 0.181641 0.720703 0.181641 0.718359 0.18457 0.718359 0.185059 0.717969 0.185547 0.717969 0.187012 0.716797 0.188477 0.716797 0.190918 0.717187 0.191406 0.717187 0.193359 0.717578 0.193848 0.717578 0.194336 0.717969 0.194824 0.717969 0.195312 0.718359 0.195801 0.718359 0.196289 0.71875 0.196777 0.71875 0.197754 0.719531 0.19873 0.719531 0.199707 0.719922 0.200195 0.719922 0.201172 0.720313 0.20166 0.720313 0.202637 0.720703 0.203125 0.720703 0.207031 0.720313 0.20752 0.720313 0.208496 0.719531 0.209473 0.719531 0.210938 0.717969 0.212891 0.717969 0.215332 0.719141 0.216797 0.720703 0.216797 0.721094 0.216309 0.721484 0.216309 0.721875 0.21582 0.723047 0.21582 0.723437 0.215332 0.723828 0.215332 0.726953 0.211426 0.726953 0.210938 0.727734 0.209961 0.727734 0.208984 0.728125 0.208496 0.728125 0.19873 0.727734 0.198242 0.727734 0.195801 0.727344 0.195312 0.727344 0.194824 0.726953 0.194336 0.726953 0.193848 0.726562 0.193359 0.726562 0.192383 0.725781 0.191406 0.725781 0.19043 0.725391 0.189941 0.725391 0.189453 0.725 0.188965 0.725 0.188477 0.724609 0.187988 0.724609 0.187012 0.724219 0.186523 0.724219 0.185059 0.725 0.184082 0.725 0.181641 0.723828 0.180176
1 0.680078 0.186523 0.679297 0.1875 0.678906 0.1875 0.678516 0.187988 0.678125 0.187988 0.677734 0.188477 0.677344 0.188477 0.675391 0.190918 0.675 0.190918 0.674609 0.191406 0.674219 0.191406 0.669141 0.197754 0.669141 0.198242 0.664062 0.20459 0.664062 0.205078 0.661719 0.208008 0.661719 0.213379 0.662891 0.214844 0.665234 0.214844 0.665625 0.214355 0.666016 0.214355 0.666406 0.213867 0.666797 0.213867 0.667188 0.213379 0.667578 0.213379 0.667969 0.212891 0.668359 0.212891 0.66875 0.212402 0.669141 0.212402 0.670312 0.210938 0.670312 0.210449 0.672656 0.20752 0.673047 0.20752 0.675391 0.20459 0.675391 0.204102 0.677344 0.20166 0.677344 0.201172 0.678516 0.199707 0.678516 0.199219 0.679688 0.197754 0.679688 0.197266 0.680859 0.195801 0.680859 0.195312 0.682422 0.193359 0.682422 0.192871 0.684375 0.19043 0.684375 0.187988 0.683203 0.186523
2 0.758594 0.163574 0.758203 0.164062 0.757422 0.164062 0.756641 0.165039 0.755859 0.165039 0.754687 0.166504 0.753906 0.166504 0.753516 0.166992 0.753125 0.166992 0.752734 0.16748 0.752344 0.16748 0.751563 0.168457 0.751172 0.168457 0.747656 0.172852 0.747656 0.17334 0.746875 0.174316 0.746875 0.175293 0.746484 0.175781 0.746484 0.17627 0.746094 0.176758 0.746094 0.177246 0.745703 0.177734 0.745703 0.178711 0.745313 0.179199 0.745313 0.183105 0.746484 0.18457 0.748828 0.18457 0.749219 0.184082 0.749609 0.184082 0.75 0.183594 0.750391 0.183594 0.751953 0.181641 0.752344 0.181641 0.753516 0.180176 0.753906 0.180176 0.755078 0.178711 0.755859 0.178711 0.757031 0.177246 0.758203 0.177246 0.758594 0.176758 0.758984 0.176758 0.759375 0.17627 0.760938 0.17627 0.761328 0.175781 0.763281 0.175781 0.763672 0.175293 0.766797 0.175293 0.767188 0.174805 0.767578 0.174805 0.767969 0.174316 0.770703 0.174316 0.771094 0.173828 0.771484 0.173828 0.771875 0.17334 0.772656 0.17334 0.775 0.17041 0.775 0.16748 0.773438 0.165527 0.773047 0.165527 0.772656 0.165039 0.772266 0.165039 0.771875 0.164551 0.771094 0.164551 0.770703 0.164062 0.766797 0.164062 0.766406 0.163574
2 0.778516 0.142578 0.777344 0.144043 0.777344 0.144531 0.776563 0.145508 0.776563 0.147949 0.777344 0.148926 0.777344 0.149902 0.777734 0.150391 0.777734 0.150879 0.778516 0.151855 0.778516 0.152344 0.778906 0.152832 0.778906 0.15332 0.779297 0.153809 0.779297 0.154297 0.780469 0.155762 0.780469 0.15625 0.780859 0.156738 0.780859 0.157227 0.78125 0.157715 0.78125 0.159668 0.781641 0.160156 0.781641 0.165039 0.782031 0.165527 0.782031 0.166992 0.782422 0.16748 0.782422 0.170898 0.782813 0.171387 0.782813 0.177246 0.783203 0.177734 0.783203 0.179199 0.784375 0.180664 0.786719 0.180664 0.7875 0.179688 0.787891 0.179688 0.791016 0.175781 0.791016 0.175293 0.791406 0.174805 0.791406 0.174316 0.791797 0.173828 0.791797 0.161133 0.791406 0.160645 0.791406 0.159668 0.791016 0.15918 0.791016 0.158203 0.790234 0.157227 0.790234 0.156738 0.789844 0.15625 0.789844 0.154785 0.788672 0.15332 0.788672 0.152832 0.787891 0.151855 0.787891 0.151367 0.786719 0.149902 0.786719 0.149414 0.783984 0.145996 0.783203 0.145996 0.782422 0.14502 0.782031 0.14502 0.780078 0.142578
2 0.863281 0.146484 0.8625 0.147461 0.861328 0.147461 0.858203 0.151367 0.857812 0.151367 0.854688 0.155273 0.854297 0.155273 0.853125 0.156738 0.853125 0.157227 0.851562 0.15918 0.851562 0.159668 0.850781 0.160645 0.850781 0.161133 0.85 0.162109 0.85 0.163086 0.849609 0.163574 0.849609 0.165039 0.848828 0.166016 0.848828 0.166992 0.848437 0.16748 0.848437 0.167969 0.848047 0.168457 0.848047 0.169922 0.847656 0.17041 0.847656 0.175293 0.848047 0.175781 0.848047 0.17627 0.849219 0.177734 0.850781 0.177734 0.851953 0.17627 0.852344 0.17627 0.853906 0.174316 0.854297 0.174316 0.855469 0.172852 0.855469 0.172363 0.857031 0.17041 0.857031 0.169922 0.857422 0.169434 0.857422 0.168945 0.858594 0.16748 0.858594 0.166992 0.858984 0.166504 0.858984 0.165527 0.859766 0.164551 0.859766 0.164062 0.860156 0.163574 0.860156 0.163086 0.860938 0.162109 0.860938 0.161621 0.861719 0.160645 0.861719 0.159668 0.862109 0.15918 0.862109 0.158691 0.8625 0.158203 0.8625 0.157715 0.862891 0.157227 0.862891 0.156738 0.864062 0.155273 0.864062 0.154297 0.864453 0.153809 0.864453 0.15332 0.865625 0.151855 0.865625 0.150879 0.866406 0.149902 0.866406 0.147949 0.865234 0.146484
2 0.857031 0.195312 0.856641 0.195801 0.85625 0.195801 0.855078 0.197266 0.855078 0.197754 0.854688 0.198242 0.854688 0.19873 0.854297 0.199219 0.854297 0.199707 0.853906 0.200195 0.853906 0.202637 0.853516 0.203125 0.853516 0.212891 0.853906 0.213379 0.853906 0.214355 0.854297 0.214844 0.854297 0.21582 0.854688 0.216309 0.854688 0.217285 0.855078 0.217773 0.855078 0.21875 0.855469 0.219238 0.855469 0.219727 0.855859 0.220215 0.855859 0.221191 0.85625 0.22168 0.85625 0.222656 0.856641 0.223145 0.856641 0.223633 0.857422 0.224609 0.857422 0.226074 0.858203 0.227051 0.858203 0.227539 0.858594 0.228027 0.858594 0.228516 0.858984 0.229004 0.858984 0.229492 0.859375 0.22998 0.859375 0.230469 0.859766 0.230957 0.859766 0.231445 0.860156 0.231934 0.860156 0.232422 0.861328 0.233887 0.862891 0.233887 0.864062 0.232422 0.864062 0.226562 0.864453 0.226074 0.864453 0.224121 0.864062 0.223633 0.864062 0.219238 0.863672 0.21875 0.863672 0.216797 0.863281 0.216309 0.863281 0.214844 0.862891 0.214355 0.862891 0.209961 0.8625 0.209473 0.8625 0.198242 0.862109 0.197754 0.862109 0.196777 0.860938 0.195312
2 0.617969 0.00146484 0.615625 0.00439453 0.615625 0.00488281 0.613672 0.00732422 0.613281 0.00732422 0.612109 0.00878906 0.611719 0.00878906 0.611328 0.00927734 0.610938 0.00927734 0.609766 0.0107422 0.608984 0.0107422 0.608203 0.0117188 0.607812 0.0117188 0.606641 0.0131836 0.605859 0.0131836 0.605469 0.0136719 0.605078 0.0136719 0.604297 0.0146484 0.603516 0.0146484 0.603125 0.0151367 0.602344 0.0151367 0.601953 0.015625 0.599609 0.015625 0.599219 0.0161133 0.592187 0.0161133 0.591016 0.0175781 0.591016 0.0180664 0.590625 0.0185547 0.590625 0.0209961 0.592578 0.0234375 0.592969 0.0234375 0.593359 0.0239258 0.594141 0.0239258 0.594531 0.0244141 0.596094 0.0244141 0.596484 0.0249023 0.608984 0.0249023 0.609375 0.0244141 0.609766 0.0244141 0.610156 0.0239258 0.610547 0.0239258 0.610938 0.0234375 0.612109 0.0234375 0.613281 0.0219727 0.614062 0.0219727 0.614453 0.0214844 0.614844 0.0214844 0.615234 0.0209961 0.615625 0.0209961 0.619141 0.0166016 0.619141 0.0161133 0.620313 0.0146484 0.620313 0.0141602 0.620703 0.0136719 0.620703 0.0117188 0.621094 0.0112305 0.621094 0.00292969 0.619922 0.00146484
2 0.873047 0.155762 0.870703 0.158691 0.870703 0.161621 0.871875 0.163086 0.871875 0.165039 0.871484 0.165527 0.871484 0.168945 0.871094 0.169434 0.871094 0.183594 0.871484 0.184082 0.871484 0.186035 0.871875 0.186523 0.871875 0.187012 0.872266 0.1875 0.872266 0.188477 0.872656 0.188965 0.872656 0.189453 0.873047 0.189941 0.873047 0.190918 0.873828 0.191895 0.873828 0.192383 0.875 0.193848 0.876953 0.193848 0.878125 0.192383 0.878125 0.187012 0.877344 0.186035 0.877344 0.181152 0.877734 0.180664 0.877734 0.178223 0.878125 0.177734 0.878125 0.177246 0.878516 0.176758 0.878516 0.174316 0.878906 0.173828 0.878906 0.163086 0.878516 0.162598 0.878516 0.161133 0.878125 0.160645 0.878125 0.160156 0.874609 0.155762
2 0.826172 0.171875 0.825 0.17334 0.825 0.177246 0.825391 0.177734 0.825391 0.180664 0.825781 0.181152 0.825781 0.18457 0.826172 0.185059 0.826172 0.187988 0.826562 0.188477 0.826562 0.189941 0.826953 0.19043 0.826953 0.190918 0.827344 0.191406 0.827344 0.193359 0.827734 0.193848 0.827734 0.194336 0.828125 0.194824 0.828125 0.195312 0.828906 0.196289 0.828906 0.196777 0.829297 0.197266 0.829297 0.197754 0.830859 0.199707 0.833203 0.199707 0.834375 0.198242 0.834375 0.197754 0.834766 0.197266 0.834766 0.196777 0.835156 0.196289 0.835156 0.19043 0.834375 0.189453 0.834375 0.188477 0.833594 0.1875 0.833594 0.187012 0.833203 0.186523 0.833203 0.186035 0.832812 0.185547 0.832812 0.18457 0.832422 0.184082 0.832422 0.183594 0.832031 0.183105 0.832031 0.182129 0.831641 0.181641 0.831641 0.181152 0.830859 0.180176 0.830859 0.178711 0.830469 0.178223 0.830469 0.177734 0.829688 0.176758 0.829688 0.17627 0.829297 0.175781 0.829297 0.174805 0.828906 0.174316 0.828906 0.17334 0.827734 0.171875
2 0.848437 0.17627 0.846875 0.178223 0.846484 0.178223 0.845703 0.179199 0.844922 0.179199 0.84375 0.180664 0.843359 0.180664 0.842187 0.182129 0.841406 0.182129 0.840234 0.183594 0.839844 0.183594 0.836328 0.187988 0.836328 0.188477 0.835547 0.189453 0.835547 0.192383 0.836719 0.193848 0.845313 0.193848 0.845703 0.193359 0.848437 0.193359 0.852344 0.188477 0.852344 0.187988 0.852734 0.1875 0.852734 0.187012 0.853125 0.186523 0.853125 0.179199 0.851562 0.177246 0.850781 0.177246 0.85 0.17627
2 0.900781 0.209473 0.899609 0.210938 0.899609 0.212891 0.900391 0.213867 0.900391 0.215332 0.901953 0.217285 0.901953 0.217773 0.902344 0.218262 0.902344 0.21875 0.902734 0.219238 0.902734 0.219727 0.903906 0.221191 0.903906 0.22168 0.904687 0.222656 0.904687 0.223633 0.905859 0.225098 0.905859 0.225586 0.906641 0.226562 0.906641 0.227539 0.908594 0.22998 0.908594 0.230469 0.908984 0.230957 0.908984 0.231445 0.909766 0.232422 0.909766 0.23291 0.910156 0.233398 0.910156 0.233887 0.910547 0.234375 0.910547 0.234863 0.910937 0.235352 0.910937 0.23584 0.911328 0.236328 0.911328 0.236816 0.911719 0.237305 0.911719 0.237793 0.912109 0.238281 0.912109 0.239258 0.9125 0.239746 0.9125 0.240234 0.912891 0.240723 0.912891 0.241211 0.914062 0.242676 0.915625 0.242676 0.917578 0.240234 0.917578 0.239746 0.917969 0.239258 0.917969 0.238281 0.919141 0.236816 0.919141 0.23584 0.919531 0.235352 0.919531 0.22998 0.919141 0.229492 0.919141 0.228027 0.91875 0.227539 0.91875 0.227051 0.918359 0.226562 0.918359 0.226074 0.917578 0.225098 0.917578 0.224609 0.917188 0.224121 0.917188 0.223633 0.916797 0.223145 0.916797 0.222656 0.915625 0.221191 0.915625 0.220703 0.914844 0.219727 0.914844 0.219238 0.910547 0.213867 0.910156 0.213867 0.909766 0.213379 0.909375 0.213379 0.908984 0.212891 0.908594 0.212891 0.908203 0.212402 0.906641 0.212402 0.905859 0.211426 0.905469 0.211426 0.904687 0.210449 0.904297 0.210449 0.903906 0.209961 0.903516 0.209961 0.903125 0.209473
2 0.89375 0.259277 0.892188 0.26123 0.892188 0.262695 0.891797 0.263184 0.891797 0.263672 0.891016 0.264648 0.891016 0.266113 0.890234 0.26709 0.890234 0.267578 0.889453 0.268555 0.889453 0.269531 0.888672 0.270508 0.888672 0.270996 0.888281 0.271484 0.888281 0.272461 0.8875 0.273438 0.8875 0.273926 0.887109 0.274414 0.887109 0.275879 0.886328 0.276855 0.886328 0.27832 0.885547 0.279297 0.885547 0.28125 0.885156 0.281738 0.885156 0.282227 0.884766 0.282715 0.884766 0.28418 0.884375 0.284668 0.884375 0.293945 0.884766 0.294434 0.884766 0.29541 0.885938 0.296875 0.886719 0.296875 0.8875 0.297852 0.889062 0.297852 0.892578 0.293457 0.892578 0.292969 0.892969 0.29248 0.892969 0.291504 0.89375 0.290527 0.89375 0.289062 0.894141 0.288574 0.894141 0.287598 0.894531 0.287109 0.894531 0.285156 0.894922 0.284668 0.894922 0.28125 0.895312 0.280762 0.895312 0.279785 0.895703 0.279297 0.895703 0.270508 0.896094 0.27002 0.896094 0.268555 0.896484 0.268066 0.896484 0.26709 0.896875 0.266602 0.896875 0.264648 0.897266 0.26416 0.897266 0.263184 0.897656 0.262695 0.897656 0.260742 0.896484 0.259277
2 0.866016 0.319824 0.864844 0.321289 0.864844 0.322754 0.864062 0.32373 0.864062 0.327148 0.863672 0.327637 0.863672 0.331055 0.863281 0.331543 0.863281 0.332031 0.862891 0.33252 0.862891 0.334473 0.8625 0.334961 0.8625 0.336426 0.862109 0.336914 0.862109 0.337891 0.861719 0.338379 0.861719 0.339844 0.861328 0.340332 0.861328 0.34082 0.860938 0.341309 0.860938 0.341797 0.860547 0.342285 0.860547 0.343262 0.860156 0.34375 0.860156 0.344238 0.859375 0.345215 0.859375 0.345703 0.858984 0.346191 0.858984 0.34668 0.858594 0.347168 0.858594 0.347656 0.858203 0.348145 0.858203 0.349121 0.857812 0.349609 0.857812 0.350098 0.857422 0.350586 0.857422 0.35791 0.858594 0.359375 0.860156 0.359375 0.861328 0.35791 0.861328 0.355469 0.862109 0.354492 0.862109 0.354004 0.863281 0.352539 0.863281 0.352051 0.864062 0.351074 0.864062 0.350586 0.865234 0.349121 0.865625 0.349121 0.866797 0.347656 0.866797 0.347168 0.867578 0.346191 0.867578 0.345703 0.86875 0.344238 0.86875 0.34375 0.869531 0.342773 0.869531 0.342285 0.869922 0.341797 0.869922 0.340332 0.870703 0.339355 0.870703 0.338379 0.871094 0.337891 0.871094 0.336426 0.871484 0.335938 0.871484 0.321777 0.870313 0.320312 0.867969 0.320312 0.867578 0.319824
2 0.814844 0.347168 0.814063 0.348145 0.813672 0.348145 0.812891 0.349121 0.8125 0.349121 0.808594 0.354004 0.808594 0.35498 0.807813 0.355957 0.807813 0.356445 0.807422 0.356934 0.807422 0.358887 0.807031 0.359375 0.807031 0.367188 0.807422 0.367676 0.807422 0.370605 0.808203 0.371582 0.808203 0.372559 0.808594 0.373047 0.808594 0.373535 0.808984 0.374023 0.808984 0.375 0.809766 0.375977 0.809766 0.376465 0.810156 0.376953 0.810156 0.37793 0.811719 0.379883 0.811719 0.380371 0.812109 0.380859 0.812109 0.381348 0.814844 0.384766 0.816797 0.384766 0.817969 0.383301 0.817969 0.378906 0.817578 0.378418 0.817578 0.37793 0.817187 0.377441 0.817187 0.376953 0.816797 0.376465 0.816797 0.375977 0.816406 0.375488 0.816406 0.374512 0.816016 0.374023 0.816016 0.373047 0.815625 0.372559 0.815625 0.371582 0.815234 0.371094 0.815234 0.369629 0.814844 0.369141 0.814844 0.367188 0.814453 0.366699 0.814453 0.359375 0.814844 0.358887 0.814844 0.35791 0.815234 0.357422 0.815234 0.355957 0.816016 0.35498 0.816016 0.354004 0.816406 0.353516 0.816797 0.353516 0.818359 0.351562 0.818359 0.348633 0.817187 0.347168
2 0.839844 0.434082 0.838672 0.435547 0.838672 0.438965 0.839453 0.439941 0.839453 0.44043 0.840625 0.441895 0.840625 0.442383 0.841406 0.443359 0.841406 0.443848 0.841797 0.444336 0.841797 0.444824 0.84375 0.447266 0.84375 0.447754 0.844141 0.448242 0.844141 0.44873 0.846094 0.451172 0.846094 0.45166 0.846875 0.452637 0.846875 0.453125 0.848047 0.45459 0.848437 0.45459 0.850781 0.45752 0.851172 0.45752 0.854688 0.461914 0.855078 0.461914 0.856641 0.463867 0.857031 0.463867 0.858594 0.46582 0.858984 0.46582 0.859375 0.466309 0.860938 0.466309 0.8625 0.464355 0.8625 0.463867 0.862891 0.463379 0.862891 0.458984 0.862109 0.458008 0.862109 0.45752 0.860156 0.455078 0.860156 0.45459 0.859375 0.453613 0.859375 0.453125 0.858203 0.45166 0.858203 0.451172 0.857812 0.450684 0.857812 0.450195 0.853906 0.445312 0.853516 0.445312 0.852344 0.443848 0.851953 0.443848 0.850781 0.442383 0.850391 0.442383 0.849609 0.441406 0.849219 0.441406 0.848047 0.439941 0.847656 0.439941 0.846875 0.438965 0.846484 0.438965 0.845313 0.4375 0.844922 0.4375 0.844141 0.436523 0.84375 0.436523 0.842187 0.43457 0.841797 0.43457 0.841406 0.434082
2 0.782813 0.430664 0.782422 0.431152 0.782031 0.431152 0.781641 0.431641 0.78125 0.431641 0.780078 0.433105 0.780078 0.433594 0.779297 0.43457 0.779297 0.438965 0.780859 0.440918 0.78125 0.440918 0.781641 0.441406 0.782422 0.441406 0.782813 0.441895 0.785547 0.441895 0.785937 0.442383 0.789062 0.442383 0.789453 0.441895 0.789844 0.442383 0.79375 0.442383 0.794141 0.441895 0.794531 0.442383 0.807422 0.442383 0.808984 0.44043 0.808984 0.4375 0.807031 0.435059 0.806641 0.435059 0.805859 0.434082 0.805469 0.434082 0.805078 0.433594 0.804688 0.433594 0.804297 0.433105 0.803516 0.433105 0.802344 0.431641 0.791797 0.431641 0.791406 0.431152 0.786328 0.431152 0.785937 0.430664
2 0.863672 0.473633 0.8625 0.475098 0.8625 0.477051 0.863281 0.478027 0.863281 0.478516 0.864062 0.479492 0.864062 0.480469 0.866016 0.48291 0.866016 0.483398 0.869141 0.487305 0.869531 0.487305 0.870703 0.48877 0.871094 0.48877 0.871484 0.489258 0.871875 0.489258 0.873047 0.490723 0.873437 0.490723 0.874219 0.491699 0.875 0.491699 0.875391 0.492188 0.876172 0.492188 0.876563 0.492676 0.876953 0.492676 0.877734 0.493652 0.878516 0.493652 0.878906 0.494141 0.880078 0.494141 0.88125 0.495605 0.882031 0.495605 0.882422 0.496094 0.882812 0.496094 0.883203 0.496582 0.884375 0.496582 0.884766 0.49707 0.885938 0.49707 0.886328 0.497559 0.889453 0.497559 0.889844 0.498047 0.905469 0.498047 0.905859 0.497559 0.907031 0.497559 0.908203 0.496094 0.908203 0.493652 0.907031 0.492188 0.906641 0.492188 0.90625 0.491699 0.904687 0.491699 0.904297 0.491211 0.903516 0.491211 0.903125 0.490723 0.902344 0.490723 0.901953 0.490234 0.901172 0.490234 0.900781 0.489746 0.898828 0.489746 0.898438 0.489258 0.897656 0.489258 0.897266 0.48877 0.896094 0.48877 0.895703 0.488281 0.894922 0.488281 0.894531 0.487793 0.893359 0.487793 0.892969 0.487305 0.892188 0.487305 0.891797 0.486816 0.891406 0.486816 0.891016 0.486328 0.889844 0.486328 0.889453 0.48584 0.8875 0.48584 0.887109 0.485352 0.886328 0.485352 0.885938 0.484863 0.885156 0.484863 0.884766 0.484375 0.883984 0.484375 0.883594 0.483887 0.883203 0.483887 0.882812 0.483398 0.882422 0.483398 0.881641 0.482422 0.880859 0.482422 0.879687 0.480957 0.879297 0.480957 0.878906 0.480469 0.878516 0.480469 0.877734 0.479492 0.877344 0.479492 0.876953 0.479004 0.876563 0.479004 0.875391 0.477539 0.874219 0.477539 0.873437 0.476562 0.873047 0.476562 0.872656 0.476074 0.872266 0.476074 0.871875 0.475586 0.871484 0.475586 0.871094 0.475098 0.869922 0.475098 0.869531 0.474609 0.86875 0.474609 0.868359 0.474121 0.867969 0.474121 0.867578 0.473633
2 0.775391 0.312012 0.774219 0.313477 0.774219 0.313965 0.773828 0.314453 0.773828 0.320312 0.773438 0.320801 0.773438 0.33252 0.773828 0.333008 0.773828 0.335449 0.774219 0.335938 0.774219 0.336426 0.774609 0.336914 0.774609 0.337402 0.775391 0.338379 0.775391 0.338867 0.775781 0.339355 0.775781 0.339844 0.778516 0.343262 0.779297 0.343262 0.780078 0.344238 0.780469 0.344238 0.780859 0.344727 0.78125 0.344727 0.781641 0.345215 0.782422 0.345215 0.782813 0.345703 0.785547 0.345703 0.785937 0.346191 0.788281 0.346191 0.789453 0.344727 0.789453 0.342285 0.787109 0.339355 0.787109 0.338867 0.784375 0.335449 0.784375 0.334473 0.783203 0.333008 0.783203 0.33252 0.781641 0.330566 0.781641 0.330078 0.78125 0.32959 0.78125 0.329102 0.780469 0.328125 0.780469 0.327637 0.780078 0.327148 0.780078 0.32666 0.779687 0.326172 0.779687 0.324707 0.779297 0.324219 0.779297 0.322754 0.778906 0.322266 0.778906 0.320312 0.778516 0.319824 0.778516 0.318848 0.778125 0.318359 0.778125 0.317383 0.777734 0.316895 0.777734 0.316406 0.778125 0.315918 0.778125 0.313477 0.776953 0.312012
2 0.736719 0.285156 0.736328 0.285645 0.733984 0.285645 0.732812 0.287109 0.732422 0.287109 0.732031 0.287598 0.73125 0.287598 0.730859 0.288086 0.730469 0.288086 0.729297 0.289551 0.728516 0.289551 0.727344 0.291016 0.727344 0.291504 0.726953 0.291992 0.726953 0.29248 0.726562 0.292969 0.726562 0.293457 0.726172 0.293945 0.726172 0.294434 0.725781 0.294922 0.725781 0.29541 0.724609 0.296875 0.724609 0.299316 0.724219 0.299805 0.724219 0.305664 0.724609 0.306152 0.724609 0.307617 0.727734 0.311523 0.730859 0.311523 0.732031 0.310059 0.732031 0.305664 0.731641 0.305176 0.731641 0.304199 0.73125 0.303711 0.73125 0.299316 0.731641 0.298828 0.731641 0.297852 0.732031 0.297363 0.732031 0.295898 0.732422 0.29541 0.732422 0.294922 0.732812 0.294434 0.732812 0.293945 0.734375 0.291992 0.734766 0.291992 0.735156 0.291504 0.735547 0.291504 0.736328 0.290527 0.737891 0.290527 0.739453 0.288574 0.739453 0.286621 0.738281 0.285156
2 0.962891 0.0932617 0.960938 0.0957031 0.960938 0.0961914 0.960547 0.0966797 0.960547 0.097168 0.960156 0.0976562 0.960156 0.0981445 0.959766 0.0986328 0.959766 0.0991211 0.959375 0.0996094 0.959375 0.101074 0.958594 0.102051 0.958594 0.103516 0.958203 0.104004 0.958203 0.105469 0.957812 0.105957 0.957812 0.106445 0.957422 0.106934 0.957422 0.10791 0.957031 0.108398 0.957031 0.112305 0.956641 0.112793 0.956641 0.115234 0.95625 0.115723 0.95625 0.126953 0.956641 0.127441 0.956641 0.12793 0.957031 0.128418 0.957031 0.128906 0.957422 0.129395 0.957422 0.129883 0.958203 0.130859 0.958203 0.131836 0.959375 0.133301 0.959375 0.133789 0.960156 0.134766 0.960156 0.135254 0.961328 0.136719 0.961719 0.136719 0.962109 0.137207 0.962109 0.137695 0.963281 0.13916 0.963672 0.13916 0.964063 0.139648 0.964063 0.140137 0.966016 0.142578 0.968359 0.142578 0.969531 0.141113 0.969531 0.134277 0.96875 0.133301 0.96875 0.131836 0.968359 0.131348 0.968359 0.130371 0.967578 0.129395 0.967578 0.12793 0.967187 0.127441 0.967187 0.125977 0.966797 0.125488 0.966797 0.124023 0.966406 0.123535 0.966406 0.121582 0.966016 0.121094 0.966016 0.103516 0.965625 0.103027 0.965625 0.0991211 0.965234 0.0986328 0.965234 0.097168 0.965625 0.0966797 0.965625 0.0947266 0.964453 0.0932617
2 0.967969 0.141113 0.966797 0.142578 0.966797 0.146484 0.966406 0.146973 0.966406 0.148438 0.966016 0.148926 0.966016 0.149414 0.965625 0.149902 0.965625 0.150879 0.965234 0.151367 0.965234 0.165039 0.965625 0.165527 0.965625 0.166504 0.966406 0.16748 0.966406 0.167969 0.966797 0.168457 0.966797 0.168945 0.968359 0.170898 0.96875 0.170898 0.969531 0.171875 0.971875 0.171875 0.973047 0.17041 0.973047 0.169922 0.973437 0.169434 0.973437 0.155762 0.973047 0.155273 0.973047 0.15332 0.972656 0.152832 0.972656 0.152344 0.972266 0.151855 0.972266 0.150391 0.971484 0.149414 0.971484 0.146973 0.971094 0.146484 0.971094 0.145508 0.970703 0.14502 0.970703 0.142578 0.969531 0.141113
2 0.739062 0 0.739062 0.00244141 0.739453 0.00292969 0.739453 0.00390625 0.739844 0.00439453 0.739844 0.00488281 0.740234 0.00537109 0.740234 0.00634766 0.741016 0.00732422 0.741016 0.0078125 0.741797 0.00878906 0.741797 0.00927734 0.744141 0.012207 0.744141 0.0126953 0.744922 0.0136719 0.744922 0.0141602 0.745313 0.0146484 0.745313 0.015625 0.745703 0.0161133 0.745703 0.0200195 0.745313 0.0205078 0.745313 0.0209961 0.744922 0.0214844 0.744922 0.0219727 0.744531 0.0224609 0.744531 0.0249023 0.745703 0.0263672 0.747266 0.0263672 0.747656 0.0258789 0.748437 0.0258789 0.751563 0.0219727 0.751563 0.0214844 0.751953 0.0209961 0.751953 0.0195312 0.752344 0.019043 0.752344 0.0185547 0.752734 0.0180664 0.752734 0.0107422 0.752344 0.0102539 0.752344 0.00976562 0.751172 0.00830078 0.751172 0.0078125 0.75 0.00634766 0.75 0.00585938 0.746875 0.00195312 0.746484 0.00195312 0.744922 0
2 0.650391 0 0.649609 0.000976562 0.649219 0.000976562 0.648438 0.00195312 0.648047 0.00195312 0.645312 0.00537109 0.644922 0.00537109 0.643359 0.00732422 0.643359 0.0078125 0.642188 0.00927734 0.642188 0.0112305 0.641797 0.0117188 0.641797 0.0131836 0.641016 0.0141602 0.641016 0.0166016 0.640234 0.0175781 0.640234 0.0200195 0.639844 0.0205078 0.639844 0.027832 0.639453 0.0283203 0.639453 0.0317383 0.639062 0.0322266 0.639062 0.0336914 0.638672 0.0341797 0.638672 0.034668 0.638281 0.0351562 0.638281 0.0380859 0.639453 0.0395508 0.641016 0.0395508 0.642578 0.0375977 0.642578 0.0366211 0.642969 0.0361328 0.642969 0.0351562 0.64375 0.0341797 0.64375 0.0336914 0.644922 0.0322266 0.644922 0.0317383 0.646094 0.0302734 0.646094 0.0297852 0.647266 0.0283203 0.647266 0.0273438 0.648047 0.0263672 0.648047 0.0253906 0.648828 0.0244141 0.648828 0.0234375 0.649219 0.0229492 0.649219 0.0224609 0.649609 0.0219727 0.649609 0.0161133 0.650391 0.0151367 0.650391 0.012207 0.650781 0.0117188 0.650781 0.00976562 0.651172 0.00927734 0.651172 0.00878906 0.651953 0.0078125 0.651953 0.00732422 0.652344 0.00683594 0.652344 0.00634766 0.653125 0.00537109 0.653125 0.00488281 0.655469 0.00195312 0.655469 0
2 0.634375 0.0141602 0.633984 0.0146484 0.633203 0.0146484 0.632812 0.0151367 0.632031 0.0151367 0.631641 0.015625 0.63125 0.015625 0.628516 0.019043 0.628516 0.0195312 0.628125 0.0200195 0.628125 0.0205078 0.627344 0.0214844 0.627344 0.0224609 0.626953 0.0229492 0.626953 0.0234375 0.626563 0.0239258 0.626563 0.0249023 0.625781 0.0258789 0.625781 0.0273438 0.625391 0.027832 0.625391 0.0283203 0.625 0.0288086 0.625 0.0566406 0.626172 0.0581055 0.627734 0.0581055 0.628906 0.0566406 0.628906 0.0556641 0.629687 0.0546875 0.629687 0.0527344 0.630078 0.0522461 0.630078 0.0493164 0.630469 0.0488281 0.630469 0.0449219 0.630859 0.0444336 0.630859 0.0415039 0.63125 0.0410156 0.63125 0.0390625 0.631641 0.0385742 0.631641 0.0375977 0.632031 0.0371094 0.632031 0.0356445 0.632422 0.0351562 0.632422 0.0332031 0.632812 0.0327148 0.632812 0.0317383 0.633203 0.03125 0.633203 0.0302734 0.633594 0.0297852 0.633594 0.0288086 0.633984 0.0283203 0.633984 0.027832 0.634375 0.0273438 0.634375 0.0268555 0.634766 0.0263672 0.634766 0.0258789 0.635547 0.0249023 0.635547 0.0244141 0.635938 0.0239258 0.635938 0.0229492 0.636328 0.0224609 0.636328 0.0219727 0.636719 0.0214844 0.636719 0.0205078 0.638672 0.0180664 0.638672 0.015625 0.6375 0.0141602
2 0.580469 0.0307617 0.579688 0.0317383 0.579297 0.0317383 0.578516 0.0327148 0.578125 0.0327148 0.575 0.0366211 0.575 0.0371094 0.574609 0.0375977 0.574219 0.0375977 0.573047 0.0390625 0.573047 0.0395508 0.571094 0.0419922 0.570703 0.0419922 0.569531 0.043457 0.569141 0.043457 0.567187 0.0458984 0.566797 0.0458984 0.565625 0.0473633 0.565625 0.0478516 0.563672 0.050293 0.563672 0.0507812 0.5625 0.0522461 0.5625 0.0527344 0.561719 0.0537109 0.561719 0.0546875 0.560937 0.0556641 0.560937 0.0581055 0.562109 0.0595703 0.563672 0.0595703 0.564453 0.0585938 0.564844 0.0585938 0.566797 0.0561523 0.567187 0.0561523 0.567969 0.0551758 0.568359 0.0551758 0.569922 0.0532227 0.570703 0.0532227 0.571484 0.0522461 0.572266 0.0522461 0.573828 0.050293 0.575 0.050293 0.576562 0.0483398 0.577344 0.0483398 0.578516 0.046875 0.578906 0.046875 0.579297 0.0463867 0.579688 0.0463867 0.581641 0.0439453 0.581641 0.043457 0.582812 0.0419922 0.582812 0.0415039 0.583594 0.0405273 0.583594 0.0400391 0.583984 0.0395508 0.583984 0.0390625 0.584375 0.0385742 0.584375 0.0336914 0.583594 0.0327148 0.583594 0.0322266 0.582422 0.0307617
2 0.527734 0.0273438 0.527344 0.027832 0.526172 0.027832 0.525 0.0292969 0.525 0.03125 0.525391 0.0317383 0.525391 0.0322266 0.525781 0.0327148 0.525781 0.0332031 0.526172 0.0336914 0.526172 0.0341797 0.526953 0.0351562 0.526953 0.0356445 0.527344 0.0361328 0.527344 0.0366211 0.527734 0.0371094 0.527734 0.0380859 0.528516 0.0390625 0.528516 0.0400391 0.530078 0.0419922 0.530078 0.0424805 0.532031 0.0449219 0.532031 0.0454102 0.534766 0.0488281 0.535156 0.0488281 0.5375 0.0517578 0.537891 0.0517578 0.538672 0.0527344 0.539062 0.0527344 0.539453 0.0532227 0.539844 0.0532227 0.540234 0.0537109 0.540625 0.0537109 0.541016 0.0541992 0.541406 0.0541992 0.542188 0.0551758 0.542969 0.0551758 0.543359 0.0556641 0.54375 0.0556641 0.544531 0.0566406 0.546094 0.0566406 0.546484 0.0571289 0.547656 0.0571289 0.548047 0.0576172 0.550781 0.0576172 0.551953 0.0561523 0.551953 0.0527344 0.549219 0.0493164 0.548828 0.0493164 0.548047 0.0483398 0.547656 0.0483398 0.546484 0.046875 0.546094 0.046875 0.541797 0.0415039 0.541406 0.0415039 0.536719 0.0356445 0.536328 0.0356445 0.533203 0.0317383 0.532813 0.0317383 0.530859 0.0292969 0.530859 0.0288086 0.529687 0.0273438
2 0.500391 0.239258 0.5 0.239746 0.498828 0.239746 0.496875 0.242188 0.496875 0.246582 0.498437 0.248535 0.498828 0.248535 0.499219 0.249023 0.500781 0.249023 0.501172 0.249512 0.501953 0.249512 0.502344 0.25 0.504687 0.25 0.505078 0.250488 0.510938 0.250488 0.511328 0.250977 0.526172 0.250977 0.527344 0.249512 0.527344 0.246582 0.526172 0.245117 0.525391 0.245117 0.525 0.244629 0.524609 0.244629 0.524219 0.244141 0.523828 0.244141 0.523047 0.243164 0.522656 0.243164 0.522266 0.242676 0.521875 0.242676 0.521484 0.242188 0.519922 0.242188 0.519531 0.241699 0.517969 0.241699 0.517578 0.241211 0.516797 0.241211 0.516406 0.240723 0.514453 0.240723 0.514062 0.240234 0.513672 0.240234 0.513281 0.239746 0.509375 0.239746 0.508984 0.239258
1 0.540625 0.23291 0.540234 0.233398 0.539453 0.233398 0.539062 0.233887 0.535937 0.233887 0.535547 0.234375 0.533203 0.234375 0.532813 0.234863 0.531641 0.234863 0.53125 0.235352 0.530469 0.235352 0.530078 0.23584 0.529687 0.23584 0.526563 0.239746 0.526563 0.240234 0.526172 0.240723 0.526172 0.244629 0.527344 0.246094 0.530078 0.246094 0.530469 0.245605 0.533203 0.245605 0.533594 0.245117 0.534766 0.245117 0.535156 0.244629 0.538672 0.244629 0.539062 0.244141 0.539844 0.244141 0.540234 0.243652 0.542969 0.243652 0.543359 0.243164 0.544141 0.243164 0.544531 0.242676 0.546484 0.242676 0.546875 0.242188 0.549219 0.242188 0.549609 0.241699 0.551172 0.241699 0.551953 0.240723 0.553125 0.240723 0.553516 0.240234 0.553906 0.240234 0.555078 0.23877 0.555078 0.23584 0.553906 0.234375 0.552344 0.234375 0.551953 0.233887 0.550781 0.233887 0.55 0.23291
2 0.542188 0.242676 0.541797 0.243164 0.539453 0.243164 0.539062 0.243652 0.537891 0.243652 0.5375 0.244141 0.536719 0.244141 0.536328 0.244629 0.534766 0.244629 0.534375 0.245117 0.533203 0.245117 0.532031 0.246582 0.531641 0.246582 0.530859 0.247559 0.530078 0.247559 0.528906 0.249023 0.528516 0.249023 0.527344 0.250488 0.526953 0.250488 0.526172 0.251465 0.525781 0.251465 0.524219 0.253418 0.524219 0.255859 0.525391 0.257324 0.535156 0.257324 0.535547 0.256836 0.537109 0.256836 0.5375 0.256348 0.539062 0.256348 0.539453 0.255859 0.541016 0.255859 0.541406 0.255371 0.542188 0.255371 0.542578 0.254883 0.544141 0.254883 0.544922 0.253906 0.545703 0.253906 0.546875 0.252441 0.547266 0.252441 0.549219 0.25 0.549219 0.249512 0.549609 0.249023 0.549609 0.245605 0.548438 0.244141 0.547266 0.244141 0.546094 0.242676
2 0.478906 0.191895 0.477734 0.193359 0.477734 0.196289 0.478516 0.197266 0.478516 0.199219 0.478906 0.199707 0.478906 0.201172 0.479687 0.202148 0.479687 0.203125 0.480078 0.203613 0.480078 0.204102 0.480469 0.20459 0.480469 0.205078 0.48125 0.206055 0.48125 0.206543 0.482031 0.20752 0.482031 0.208008 0.482812 0.208984 0.482812 0.209473 0.487891 0.21582 0.488672 0.21582 0.489453 0.216797 0.489844 0.216797 0.490625 0.217773 0.491016 0.217773 0.491406 0.218262 0.492188 0.218262 0.492578 0.21875 0.492969 0.21875 0.493359 0.219238 0.49375 0.219238 0.494141 0.219727 0.494531 0.219727 0.494922 0.220215 0.495312 0.220215 0.496094 0.221191 0.496875 0.221191 0.497266 0.22168 0.497656 0.22168 0.498047 0.222168 0.498437 0.222168 0.498828 0.222656 0.499219 0.222656 0.499609 0.223145 0.501953 0.223145 0.503125 0.22168 0.503125 0.21875 0.502734 0.218262 0.502734 0.217773 0.498437 0.212402 0.498047 0.212402 0.497656 0.211914 0.497656 0.211426 0.496094 0.209473 0.495703 0.209473 0.49375 0.207031 0.493359 0.207031 0.492188 0.205566 0.491797 0.205566 0.486328 0.19873 0.486328 0.198242 0.485938 0.197754 0.485938 0.197266 0.485156 0.196289 0.485156 0.195801 0.483984 0.194336 0.483984 0.193848 0.482812 0.192383 0.482422 0.192383 0.482031 0.191895
2 0.489844 0.188965 0.488672 0.19043 0.488672 0.192383 0.489844 0.193848 0.490234 0.193848 0.490625 0.194336 0.493359 0.194336 0.49375 0.194824 0.494922 0.194824 0.495312 0.195312 0.496094 0.195312 0.497266 0.196777 0.498437 0.196777 0.498828 0.197266 0.499609 0.197266 0.5 0.197754 0.501172 0.197754 0.501563 0.198242 0.502344 0.198242 0.502734 0.19873 0.503516 0.19873 0.503906 0.199219 0.504687 0.199219 0.505078 0.199707 0.505469 0.199707 0.505859 0.200195 0.50625 0.200195 0.506641 0.200684 0.507031 0.200684 0.507422 0.201172 0.507812 0.201172 0.508594 0.202148 0.508984 0.202148 0.509375 0.202637 0.510156 0.202637 0.510547 0.203125 0.510938 0.203125 0.511719 0.204102 0.5125 0.204102 0.512891 0.20459 0.514062 0.20459 0.514453 0.205078 0.515234 0.205078 0.515625 0.205566 0.516016 0.205566 0.516406 0.206055 0.516797 0.206055 0.517188 0.206543 0.517969 0.206543 0.51875 0.20752 0.520312 0.20752 0.520703 0.208008 0.522656 0.208008 0.523828 0.206543 0.523828 0.203613 0.522266 0.20166 0.522266 0.201172 0.520703 0.199219 0.520312 0.199219 0.519531 0.198242 0.519141 0.198242 0.51875 0.197754 0.51875 0.197266 0.516797 0.194824 0.516406 0.194824 0.516016 0.194336 0.515625 0.194336 0.514844 0.193359 0.514062 0.193359 0.513281 0.192383 0.5125 0.192383 0.512109 0.191895 0.511328 0.191895 0.510547 0.190918 0.510156 0.190918 0.509766 0.19043 0.508594 0.19043 0.508203 0.189941 0.507031 0.189941 0.506641 0.189453 0.505469 0.189453 0.505078 0.188965
2 0.505078 0.201172 0.503516 0.203125 0.503516 0.208008 0.504297 0.208984 0.504297 0.209473 0.50625 0.211914 0.507031 0.211914 0.507422 0.212402 0.508203 0.212402 0.508984 0.213379 0.509375 0.213379 0.509766 0.213867 0.510938 0.213867 0.511328 0.214355 0.512109 0.214355 0.5125 0.214844 0.513281 0.214844 0.513672 0.215332 0.515234 0.215332 0.515625 0.21582 0.517578 0.21582 0.517969 0.216309 0.519141 0.216309 0.519531 0.216797 0.527344 0.216797 0.528125 0.21582 0.528906 0.21582 0.529297 0.215332 0.530078 0.215332 0.533203 0.211426 0.533594 0.211426 0.534766 0.209961 0.534766 0.209473 0.535547 0.208496 0.535547 0.208008 0.535937 0.20752 0.535937 0.207031 0.536328 0.206543 0.536328 0.204102 0.535156 0.202637 0.533203 0.202637 0.530078 0.206543 0.529687 0.206543 0.529297 0.207031 0.528906 0.207031 0.528516 0.20752 0.528125 0.20752 0.527734 0.208008 0.523828 0.208008 0.523438 0.20752 0.522266 0.20752 0.521875 0.207031 0.520703 0.207031 0.520312 0.206543 0.519922 0.206543 0.519531 0.206055 0.519141 0.206055 0.51875 0.205566 0.518359 0.205566 0.517969 0.205078 0.517188 0.205078 0.516797 0.20459 0.516016 0.20459 0.515234 0.203613 0.514062 0.203613 0.513672 0.203125 0.5125 0.203125 0.512109 0.202637 0.510547 0.202637 0.510156 0.202148 0.509766 0.202148 0.509375 0.20166 0.508203 0.20166 0.507812 0.201172
2 0.519141 0.21582 0.517188 0.218262 0.516797 0.218262 0.516016 0.219238 0.515625 0.219238 0.514453 0.220703 0.514062 0.220703 0.513281 0.22168 0.512891 0.22168 0.512109 0.222656 0.511719 0.222656 0.511328 0.223145 0.510938 0.223145 0.509766 0.224609 0.508984 0.224609 0.508594 0.225098 0.507422 0.225098 0.507031 0.225586 0.502344 0.225586 0.501953 0.225098 0.5 0.225098 0.499609 0.224609 0.494922 0.224609 0.492969 0.227051 0.492969 0.231934 0.494922 0.234375 0.495312 0.234375 0.495703 0.234863 0.496484 0.234863 0.496875 0.235352 0.497656 0.235352 0.498047 0.23584 0.498437 0.23584 0.498828 0.236328 0.501953 0.236328 0.502344 0.236816 0.507422 0.236816 0.507812 0.236328 0.508984 0.236328 0.509375 0.23584 0.510156 0.23584 0.510547 0.235352 0.510938 0.235352 0.511328 0.234863 0.512109 0.234863 0.5125 0.234375 0.512891 0.234375 0.51875 0.227051 0.51875 0.226562 0.519531 0.225586 0.519531 0.225098 0.520312 0.224121 0.520312 0.223633 0.520703 0.223145 0.520703 0.222656 0.521094 0.222168 0.521094 0.22168 0.521484 0.221191 0.521484 0.220215 0.521875 0.219727 0.521875 0.217285 0.520703 0.21582
2 0.484375 0.225098 0.483984 0.225586 0.483594 0.225586 0.483203 0.226074 0.482422 0.226074 0.482031 0.226562 0.481641 0.226562 0.48125 0.227051 0.480859 0.227051 0.479687 0.228516 0.479297 0.228516 0.478906 0.229004 0.478125 0.229004 0.477344 0.22998 0.476953 0.229492 0.475391 0.229492 0.475 0.22998 0.474219 0.22998 0.473828 0.230469 0.472266 0.230469 0.471875 0.230957 0.471094 0.230957 0.470703 0.231445 0.469141 0.231445 0.46875 0.231934 0.467187 0.231934 0.466797 0.232422 0.464453 0.232422 0.464062 0.23291 0.463672 0.23291 0.463281 0.233398 0.462891 0.233398 0.4625 0.233887 0.460547 0.233887 0.458984 0.23584 0.458984 0.23877 0.460156 0.240234 0.460547 0.240234 0.460938 0.240723 0.474219 0.240723 0.474609 0.240234 0.476172 0.240234 0.476562 0.239746 0.478125 0.239746 0.478516 0.239258 0.478906 0.239258 0.479297 0.23877 0.479687 0.23877 0.480078 0.238281 0.480469 0.238281 0.482031 0.236328 0.482422 0.236328 0.486328 0.231445 0.486328 0.230469 0.487109 0.229492 0.487109 0.226562 0.485938 0.225098
2 0.548047 0.200684 0.546875 0.202148 0.546875 0.204102 0.547656 0.205078 0.547656 0.206055 0.551953 0.211426 0.551953 0.211914 0.552734 0.212891 0.552734 0.213379 0.554297 0.215332 0.554297 0.216309 0.558594 0.22168 0.558984 0.22168 0.562109 0.225586 0.5625 0.225586 0.562891 0.226074 0.563281 0.226074 0.563672 0.226562 0.565234 0.226562 0.567578 0.223633 0.567578 0.219727 0.567187 0.219238 0.567187 0.21875 0.566797 0.218262 0.566797 0.217773 0.566016 0.216797 0.566016 0.216309 0.564063 0.213867 0.563672 0.213867 0.5625 0.212402 0.562109 0.212402 0.561328 0.211426 0.560547 0.211426 0.558594 0.208984 0.558203 0.208984 0.556641 0.207031 0.55625 0.207031 0.555078 0.205566 0.554688 0.205566 0.552734 0.203125 0.552344 0.203125 0.551562 0.202148 0.551172 0.202148 0.55 0.200684
1 0.454688 0.186035 0.453516 0.1875 0.453516 0.188965 0.453125 0.189453 0.453125 0.190918 0.452734 0.191406 0.452734 0.192871 0.452344 0.193359 0.452344 0.193848 0.451953 0.194336 0.451953 0.195801 0.451562 0.196289 0.451562 0.197266 0.451172 0.197754 0.451172 0.199707 0.450781 0.200195 0.450781 0.20166 0.45 0.202637 0.45 0.20459 0.449609 0.205078 0.449609 0.206055 0.449219 0.206543 0.449219 0.20752 0.448828 0.208008 0.448828 0.208984 0.448437 0.209473 0.448437 0.210449 0.448047 0.210938 0.448047 0.211914 0.447656 0.212402 0.447656 0.214844 0.447266 0.215332 0.447266 0.216797 0.446875 0.217285 0.446875 0.22168 0.446484 0.222168 0.446484 0.228027 0.447656 0.229492 0.449219 0.229492 0.451562 0.226562 0.451562 0.225098 0.451953 0.224609 0.451953 0.224121 0.452344 0.223633 0.452344 0.223145 0.453125 0.222168 0.453125 0.22168 0.453516 0.221191 0.453516 0.220703 0.453906 0.220215 0.453906 0.219727 0.454297 0.219238 0.454297 0.21875 0.454688 0.218262 0.454688 0.216797 0.455078 0.216309 0.455078 0.21582 0.455469 0.215332 0.455469 0.214355 0.455859 0.213867 0.455859 0.212402 0.45625 0.211914 0.45625 0.209473 0.456641 0.208984 0.456641 0.20459 0.457031 0.204102 0.457031 0.200684 0.457422 0.200195 0.457422 0.197754 0.457813 0.197266 0.457813 0.193848 0.458203 0.193359 0.458203 0.188477 0.45625 0.186035
2 0.410156 0.212891 0.408594 0.214844 0.408594 0.215332 0.408203 0.21582 0.408203 0.216309 0.407422 0.217285 0.407422 0.218262 0.407031 0.21875 0.407031 0.220215 0.406641 0.220703 0.406641 0.223145 0.40625 0.223633 0.40625 0.242188 0.406641 0.242676 0.406641 0.244141 0.408203 0.246094 0.410547 0.246094 0.412109 0.244141 0.412109 0.236328 0.411719 0.23584 0.411719 0.233887 0.411328 0.233398 0.411328 0.230957 0.410938 0.230469 0.410938 0.228516 0.410547 0.228027 0.410547 0.222656 0.410938 0.222168 0.410938 0.220703 0.411328 0.220215 0.411328 0.219238 0.412109 0.218262 0.412109 0.217773 0.412891 0.216797 0.412891 0.214355 0.411719 0.212891
2 0.407031 0.209961 0.405078 0.212402 0.405078 0.212891 0.404687 0.213379 0.404687 0.213867 0.404297 0.214355 0.404297 0.214844 0.403906 0.215332 0.403906 0.216309 0.402734 0.217773 0.402734 0.21875 0.402344 0.219238 0.402344 0.220703 0.401562 0.22168 0.401562 0.222168 0.401172 0.222656 0.401172 0.223145 0.400391 0.224121 0.400391 0.225098 0.4 0.225586 0.4 0.226074 0.399609 0.226562 0.399609 0.227051 0.398828 0.228027 0.398828 0.229004 0.398438 0.229492 0.398438 0.22998 0.398047 0.230469 0.398047 0.230957 0.397266 0.231934 0.397266 0.232422 0.396875 0.23291 0.396875 0.234375 0.396484 0.234863 0.396484 0.236328 0.396094 0.236816 0.396094 0.240723 0.397266 0.242188 0.399219 0.242188 0.401172 0.239746 0.401562 0.239746 0.404297 0.236328 0.404297 0.235352 0.405469 0.233887 0.405469 0.23291 0.40625 0.231934 0.40625 0.230469 0.406641 0.22998 0.406641 0.229492 0.407031 0.229004 0.407031 0.227051 0.407422 0.226562 0.407422 0.225098 0.407813 0.224609 0.407813 0.223145 0.408203 0.222656 0.408203 0.220703 0.408594 0.220215 0.408594 0.219238 0.408984 0.21875 0.408984 0.217285 0.409375 0.216797 0.409375 0.213867 0.409766 0.213379 0.409766 0.211426 0.408594 0.209961
1 0.350781 0.250488 0.349609 0.251953 0.349609 0.253906 0.35 0.254395 0.35 0.254883 0.351562 0.256836 0.351953 0.256836 0.352734 0.257812 0.352734 0.258301 0.353906 0.259766 0.354297 0.259766 0.355859 0.261719 0.355859 0.262207 0.357031 0.263672 0.357422 0.263672 0.358594 0.265137 0.358984 0.265137 0.359766 0.266113 0.360156 0.266113 0.360938 0.26709 0.361328 0.26709 0.362109 0.268066 0.3625 0.268066 0.362891 0.268555 0.363281 0.268555 0.364063 0.269531 0.364453 0.269531 0.364844 0.27002 0.365234 0.27002 0.366016 0.270996 0.366797 0.270996 0.367188 0.271484 0.367969 0.271484 0.368359 0.271973 0.36875 0.271973 0.369141 0.272461 0.369531 0.272461 0.370703 0.273926 0.371484 0.273926 0.372266 0.274902 0.372656 0.274902 0.373047 0.275391 0.373828 0.275391 0.374609 0.276367 0.375 0.276367 0.375391 0.276855 0.375781 0.276855 0.376953 0.27832 0.377344 0.27832 0.379297 0.280762 0.380859 0.280762 0.382031 0.279297 0.382031 0.276855 0.381641 0.276367 0.381641 0.275879 0.380859 0.274902 0.380859 0.274414 0.380469 0.273926 0.380469 0.273438 0.380078 0.272949 0.380078 0.272461 0.379297 0.271484 0.379297 0.270996 0.378516 0.27002 0.378516 0.269531 0.378125 0.269043 0.378125 0.268555 0.375 0.264648 0.375 0.26416 0.373828 0.262695 0.373828 0.262207 0.373437 0.261719 0.373437 0.26123 0.370703 0.257812 0.370312 0.257812 0.369531 0.256836 0.369141 0.256836 0.36875 0.256348 0.367578 0.256348 0.367188 0.255859 0.365234 0.255859 0.364844 0.255371 0.361719 0.255371 0.361328 0.254883 0.359766 0.254883 0.359375 0.254395 0.358984 0.254395 0.358203 0.253418 0.357812 0.253418 0.357031 0.252441 0.356641 0.252441 0.35625 0.251953 0.355469 0.251953 0.355078 0.251465 0.354687 0.251465 0.354297 0.250977 0.353906 0.250977 0.353516 0.250488
1 0.357031 0.28125 0.355859 0.282715 0.355859 0.283203 0.355469 0.283691 0.355469 0.286133 0.355859 0.286621 0.355859 0.287109 0.35625 0.287598 0.35625 0.288086 0.358984 0.291504 0.358984 0.291992 0.3625 0.296387 0.3625 0.296875 0.363672 0.29834 0.364063 0.29834 0.365234 0.299805 0.365234 0.300293 0.366406 0.301758 0.366406 0.302246 0.367188 0.303223 0.367188 0.304199 0.367578 0.304688 0.367578 0.305176 0.367969 0.305664 0.367969 0.306152 0.368359 0.306641 0.368359 0.307129 0.36875 0.307617 0.36875 0.308105 0.369141 0.308594 0.369141 0.309082 0.369531 0.30957 0.369531 0.310547 0.370312 0.311523 0.370312 0.312012 0.370703 0.3125 0.370703 0.313477 0.371094 0.313965 0.371094 0.314453 0.371484 0.314941 0.371484 0.31543 0.371875 0.315918 0.371875 0.316895 0.372266 0.317383 0.372266 0.318848 0.373828 0.320801 0.375391 0.320801 0.376172 0.319824 0.376563 0.319824 0.377734 0.318359 0.377734 0.317871 0.378125 0.317383 0.378125 0.312012 0.377734 0.311523 0.377734 0.310059 0.377344 0.30957 0.377344 0.309082 0.376953 0.308594 0.376953 0.308105 0.376172 0.307129 0.376172 0.306152 0.375391 0.305176 0.375391 0.304688 0.375 0.304199 0.375 0.303711 0.374609 0.303223 0.374609 0.302734 0.374219 0.302246 0.374219 0.30127 0.373437 0.300293 0.373437 0.299316 0.373047 0.298828 0.373047 0.29834 0.371875 0.296875 0.371875 0.296387 0.371484 0.295898 0.371484 0.294922 0.370312 0.293457 0.370312 0.292969 0.369141 0.291504 0.369141 0.291016 0.366016 0.287109 0.365625 0.287109 0.364844 0.286133 0.364453 0.286133 0.363281 0.284668 0.362891 0.284668 0.361328 0.282715 0.360547 0.282715 0.359766 0.281738 0.358984 0.281738 0.358594 0.28125
2 0.328906 0.3125 0.328516 0.312988 0.3125 0.312988 0.312109 0.313477 0.310937 0.313477 0.310547 0.313965 0.310156 0.313965 0.309766 0.314453 0.308984 0.314453 0.308594 0.314941 0.308203 0.314941 0.30625 0.317383 0.30625 0.319336 0.307422 0.320801 0.309766 0.320801 0.310156 0.320312 0.313672 0.320312 0.314063 0.320801 0.31875 0.320801 0.319141 0.321289 0.330859 0.321289 0.33125 0.320801 0.332422 0.320801 0.332813 0.320312 0.333984 0.320312 0.334375 0.319824 0.338672 0.319824 0.339062 0.320312 0.339844 0.320312 0.340625 0.321289 0.342187 0.321289 0.343359 0.319824 0.343359 0.317383 0.342969 0.316895 0.342969 0.316406 0.341797 0.314941 0.341406 0.314941 0.341016 0.314453 0.340625 0.314453 0.339844 0.313477 0.339453 0.313477 0.339062 0.312988 0.338672 0.312988 0.338281 0.3125
2 0.330078 0.251953 0.329688 0.252441 0.329297 0.252441 0.328906 0.25293 0.328516 0.25293 0.328125 0.253418 0.327344 0.253418 0.325391 0.255859 0.325 0.255859 0.322656 0.258789 0.322656 0.259277 0.322266 0.259766 0.322266 0.260254 0.321484 0.26123 0.321484 0.261719 0.320703 0.262695 0.320703 0.263184 0.320312 0.263672 0.320312 0.26416 0.319141 0.265625 0.319141 0.266602 0.318359 0.267578 0.318359 0.268066 0.317578 0.269043 0.317578 0.27002 0.316406 0.271484 0.316406 0.271973 0.315625 0.272949 0.315625 0.273926 0.315234 0.274414 0.315234 0.274902 0.314844 0.275391 0.314844 0.277344 0.315625 0.27832 0.315625 0.280273 0.316797 0.281738 0.318359 0.281738 0.31875 0.28125 0.319141 0.28125 0.320703 0.279297 0.321094 0.279297 0.322266 0.277832 0.322266 0.277344 0.324219 0.274902 0.324219 0.274414 0.325 0.273438 0.325 0.272949 0.326562 0.270996 0.326562 0.270508 0.327344 0.269531 0.327344 0.269043 0.331641 0.263672 0.331641 0.263184 0.332813 0.261719 0.332813 0.26123 0.333203 0.260742 0.333203 0.260254 0.333594 0.259766 0.333594 0.258789 0.333984 0.258301 0.333984 0.254883 0.333594 0.254395 0.333594 0.253418 0.332422 0.251953
2 0.327734 0.232422 0.326562 0.233887 0.326562 0.234375 0.326172 0.234863 0.326172 0.237305 0.326953 0.238281 0.326953 0.23877 0.327344 0.239258 0.327344 0.239746 0.327734 0.240234 0.327734 0.240723 0.328906 0.242188 0.328906 0.242676 0.329688 0.243652 0.329688 0.244141 0.333594 0.249023 0.333594 0.25 0.336328 0.253418 0.336328 0.253906 0.337891 0.255859 0.337891 0.256348 0.340234 0.259277 0.340234 0.259766 0.341797 0.261719 0.343359 0.261719 0.344531 0.260254 0.344531 0.257324 0.344141 0.256836 0.344141 0.256348 0.342969 0.254883 0.342969 0.253906 0.342578 0.253418 0.342578 0.25293 0.342187 0.252441 0.342187 0.251953 0.341016 0.250488 0.341016 0.25 0.340234 0.249023 0.340234 0.248535 0.338281 0.246094 0.338281 0.245605 0.337109 0.244141 0.337109 0.243652 0.335938 0.242188 0.335547 0.242188 0.334766 0.241211 0.334766 0.240723 0.332813 0.238281 0.332813 0.237793 0.331641 0.236328 0.331641 0.23584 0.33125 0.235352 0.33125 0.234863 0.329297 0.232422
2 0.284766 0.149902 0.283594 0.151367 0.283594 0.165527 0.283984 0.166016 0.283984 0.16748 0.284375 0.167969 0.284375 0.17041 0.284766 0.170898 0.284766 0.171875 0.285547 0.172852 0.285547 0.174805 0.286328 0.175781 0.286328 0.176758 0.286719 0.177246 0.286719 0.177734 0.2875 0.178711 0.2875 0.179199 0.289062 0.181152 0.289062 0.181641 0.289453 0.182129 0.289453 0.182617 0.290234 0.183594 0.290234 0.18457 0.291016 0.185547 0.291016 0.186035 0.292187 0.1875 0.292187 0.187988 0.294531 0.190918 0.294922 0.190918 0.295312 0.191406 0.298047 0.191406 0.301172 0.1875 0.301172 0.187012 0.301563 0.186523 0.301563 0.181152 0.301172 0.180664 0.301172 0.180176 0.3 0.178711 0.299609 0.178711 0.299219 0.178223 0.298828 0.178223 0.298438 0.177734 0.298438 0.177246 0.296875 0.175293 0.296875 0.174805 0.296094 0.173828 0.296094 0.17334 0.295703 0.172852 0.295703 0.171875 0.294531 0.17041 0.294531 0.169922 0.294141 0.169434 0.294141 0.168945 0.293359 0.167969 0.293359 0.166992 0.292578 0.166016 0.292578 0.165527 0.291406 0.164062 0.291406 0.163086 0.291016 0.162598 0.291016 0.162109 0.290234 0.161133 0.290234 0.160645 0.289844 0.160156 0.289844 0.159668 0.289453 0.15918 0.289453 0.158691 0.289062 0.158203 0.289062 0.157227 0.288672 0.156738 0.288672 0.155273 0.288281 0.154785 0.288281 0.152832 0.2875 0.151855 0.2875 0.151367 0.286328 0.149902
1 0.291406 0.192383 0.291016 0.192871 0.289062 0.192871 0.288281 0.193848 0.287109 0.193848 0.286719 0.194336 0.286328 0.194336 0.285938 0.194824 0.285547 0.194824 0.284375 0.196289 0.284375 0.196777 0.283594 0.197754 0.283594 0.198242 0.283203 0.19873 0.283203 0.202637 0.284375 0.204102 0.288281 0.204102 0.288672 0.20459 0.303906 0.20459 0.304297 0.204102 0.305859 0.204102 0.30625 0.203613 0.308594 0.203613 0.308984 0.203125 0.309375 0.203125 0.311328 0.200684 0.311328 0.197266 0.309766 0.195312 0.308984 0.195312 0.308594 0.194824 0.307031 0.194824 0.306641 0.194336 0.305078 0.194336 0.304688 0.193848 0.303516 0.193848 0.303125 0.193359 0.299609 0.193359 0.299219 0.192871 0.298828 0.192871 0.298438 0.192383
2 0.201953 0.103516 0.201563 0.104004 0.199609 0.104004 0.199219 0.104492 0.198047 0.104492 0.195703 0.107422 0.195703 0.108398 0.195312 0.108887 0.195312 0.109375 0.194922 0.109863 0.194922 0.113281 0.196094 0.114746 0.215625 0.114746 0.216406 0.11377 0.217188 0.11377 0.217578 0.113281 0.217969 0.113281 0.219531 0.111328 0.219531 0.105957 0.218359 0.104492 0.216797 0.104492 0.216406 0.104004 0.215625 0.104004 0.215234 0.103516
2 0.227734 0.202637 0.226562 0.204102 0.226562 0.206543 0.227734 0.208008 0.228516 0.208008 0.229297 0.208984 0.229687 0.208984 0.230859 0.210449 0.230859 0.210938 0.232031 0.212402 0.232422 0.212402 0.235156 0.21582 0.235156 0.216309 0.237109 0.21875 0.237109 0.219238 0.239453 0.222168 0.239453 0.222656 0.240234 0.223633 0.240234 0.224121 0.241016 0.225098 0.241016 0.225586 0.241797 0.226562 0.241797 0.227051 0.243359 0.229004 0.243359 0.229492 0.244141 0.230469 0.244141 0.230957 0.244922 0.231934 0.244922 0.232422 0.246875 0.234863 0.248438 0.234863 0.249609 0.233398 0.249609 0.226562 0.249219 0.226074 0.249219 0.223633 0.248438 0.222656 0.248438 0.22168 0.247656 0.220703 0.247656 0.219727 0.245312 0.216797 0.245312 0.216309 0.241016 0.210938 0.240625 0.210938 0.240234 0.210449 0.239844 0.210449 0.238672 0.208984 0.238281 0.208984 0.237891 0.208496 0.2375 0.208496 0.237109 0.208008 0.236719 0.208008 0.235547 0.206543 0.235156 0.206543 0.234766 0.206055 0.234375 0.206055 0.233984 0.205566 0.233594 0.205566 0.233203 0.205078 0.232422 0.205078 0.232031 0.20459 0.231641 0.20459 0.23125 0.204102 0.230859 0.204102 0.230078 0.203125 0.229687 0.203125 0.229297 0.202637
2 0.210547 0.187988 0.209766 0.188965 0.208984 0.188965 0.208594 0.189453 0.208203 0.189453 0.207813 0.189941 0.207422 0.189941 0.207031 0.19043 0.206641 0.19043 0.20625 0.190918 0.205859 0.190918 0.204687 0.192383 0.204297 0.192383 0.203906 0.192871 0.203516 0.192871 0.202734 0.193848 0.202344 0.193848 0.201563 0.194824 0.201172 0.194824 0.200781 0.195312 0.200391 0.195312 0.2 0.195801 0.199609 0.195801 0.199219 0.196289 0.198828 0.196289 0.198047 0.197266 0.197656 0.197266 0.197266 0.197754 0.196875 0.197754 0.196484 0.198242 0.196094 0.198242 0.192578 0.202637 0.192578 0.206055 0.19375 0.20752 0.196094 0.20752 0.196484 0.207031 0.197656 0.207031 0.198047 0.206543 0.198437 0.206543 0.198828 0.206055 0.2 0.206055 0.200391 0.205566 0.201172 0.205566 0.202344 0.204102 0.202734 0.204102 0.203125 0.203613 0.203516 0.203613 0.203906 0.203125 0.204297 0.203125 0.205859 0.201172 0.20625 0.201172 0.206641 0.200684 0.207031 0.200684 0.210938 0.195801 0.210938 0.195312 0.211719 0.194336 0.212109 0.194336 0.213281 0.192871 0.213281 0.189453 0.212109 0.187988
2 0.285547 0.0722656 0.284766 0.0732422 0.284375 0.0732422 0.283984 0.0737305 0.283594 0.0737305 0.28125 0.0766602 0.28125 0.0771484 0.279687 0.0791016 0.279297 0.0791016 0.278125 0.0805664 0.277734 0.0805664 0.275781 0.0830078 0.275391 0.0830078 0.273047 0.0859375 0.272656 0.0859375 0.271484 0.0874023 0.271484 0.0878906 0.269922 0.0898438 0.269922 0.090332 0.268359 0.0922852 0.268359 0.0927734 0.267578 0.09375 0.267578 0.0957031 0.26875 0.097168 0.271094 0.097168 0.271875 0.0961914 0.272266 0.0961914 0.273047 0.0952148 0.273828 0.0952148 0.274609 0.0942383 0.275 0.0942383 0.275781 0.0932617 0.276172 0.0932617 0.277344 0.0917969 0.278125 0.0917969 0.278906 0.0908203 0.279297 0.0908203 0.283984 0.0849609 0.283984 0.0844727 0.284766 0.0834961 0.284766 0.0830078 0.285547 0.0820312 0.285547 0.081543 0.286719 0.0800781 0.286719 0.0795898 0.2875 0.0786133 0.2875 0.078125 0.288672 0.0766602 0.288672 0.0761719 0.289062 0.0756836 0.289062 0.0737305 0.287891 0.0722656
2 0.291797 0.0717773 0.290625 0.0732422 0.290625 0.0756836 0.292187 0.0776367 0.292187 0.078125 0.294141 0.0805664 0.295312 0.0805664 0.295703 0.0810547 0.296094 0.0810547 0.296484 0.081543 0.297266 0.081543 0.298047 0.0825195 0.300391 0.0825195 0.300781 0.0830078 0.301563 0.0830078 0.301953 0.0834961 0.302344 0.0834961 0.302734 0.0839844 0.303516 0.0839844 0.303906 0.0844727 0.304688 0.0844727 0.305469 0.0854492 0.30625 0.0854492 0.307031 0.0864258 0.307812 0.0864258 0.308984 0.0878906 0.309375 0.0878906 0.310547 0.0893555 0.312109 0.0893555 0.313281 0.0878906 0.313281 0.0830078 0.312891 0.0825195 0.312891 0.0820312 0.3125 0.081543 0.3125 0.0810547 0.310937 0.0791016 0.310547 0.0791016 0.309766 0.078125 0.308984 0.078125 0.308203 0.0771484 0.307422 0.0771484 0.307031 0.0766602 0.305859 0.0766602 0.305469 0.0761719 0.299219 0.0761719 0.298828 0.0756836 0.296094 0.0756836 0.295312 0.074707 0.295312 0.0737305 0.294141 0.0722656 0.29375 0.0722656 0.293359 0.0717773
2 0.219531 0.165039 0.214062 0.171875 0.214062 0.172363 0.213672 0.172852 0.213672 0.17334 0.2125 0.174805 0.2125 0.175781 0.211328 0.177246 0.211328 0.179199 0.210547 0.180176 0.210547 0.181152 0.210156 0.181641 0.210156 0.182617 0.209766 0.183105 0.209766 0.203125 0.210938 0.20459 0.2125 0.20459 0.214062 0.202637 0.214062 0.202148 0.215234 0.200684 0.215234 0.199219 0.215625 0.19873 0.215625 0.197266 0.216016 0.196777 0.216016 0.196289 0.216406 0.195801 0.216406 0.194824 0.216797 0.194336 0.216797 0.193359 0.217188 0.192871 0.217188 0.192383 0.217578 0.191895 0.217578 0.190918 0.217969 0.19043 0.217969 0.188477 0.218359 0.187988 0.218359 0.1875 0.21875 0.187012 0.21875 0.186035 0.219141 0.185547 0.219141 0.185059 0.219531 0.18457 0.219531 0.184082 0.219922 0.183594 0.219922 0.182617 0.220312 0.182129 0.220312 0.180664 0.220703 0.180176 0.220703 0.177734 0.221094 0.177246 0.221094 0.174805 0.221484 0.174316 0.221484 0.172363 0.221875 0.171875 0.221875 0.169922 0.222656 0.168945 0.222656 0.166504 0.221484 0.165039
2 0.192969 0.074707 0.191797 0.0761719 0.191797 0.0786133 0.191406 0.0791016 0.191406 0.102051 0.191797 0.102539 0.191797 0.103516 0.192188 0.104004 0.192188 0.104492 0.192578 0.10498 0.192578 0.105957 0.194531 0.108398 0.196094 0.108398 0.198047 0.105957 0.198047 0.104004 0.198437 0.103516 0.198437 0.102051 0.198828 0.101562 0.198828 0.0996094 0.199219 0.0991211 0.199219 0.0854492 0.198828 0.0849609 0.198828 0.0825195 0.198047 0.081543 0.198047 0.0795898 0.197266 0.0786133 0.197266 0.0776367 0.195703 0.0756836 0.195312 0.0756836 0.194531 0.074707
2 0.0488281 0.291016 0.0464844 0.293945 0.0464844 0.294434 0.0460938 0.294922 0.0460938 0.29541 0.0457031 0.295898 0.0457031 0.296387 0.0449219 0.297363 0.0449219 0.29834 0.0441406 0.299316 0.0441406 0.300293 0.04375 0.300781 0.04375 0.30127 0.0425781 0.302734 0.0425781 0.303711 0.0417969 0.304688 0.0417969 0.305176 0.0363281 0.312012 0.0363281 0.3125 0.0359375 0.312988 0.0359375 0.313477 0.0355469 0.313965 0.0355469 0.316895 0.0367188 0.318359 0.0375 0.318359 0.0378906 0.318848 0.0417969 0.318848 0.0421875 0.318359 0.0425781 0.318359 0.0429688 0.317871 0.04375 0.317871 0.0476562 0.312988 0.0476562 0.3125 0.0484375 0.311523 0.0484375 0.311035 0.0488281 0.310547 0.0488281 0.310059 0.0515625 0.306641 0.0515625 0.305176 0.053125 0.303223 0.053125 0.302246 0.0539063 0.30127 0.0539063 0.292969 0.0527344 0.291504 0.0523438 0.291504 0.0519531 0.291016
2 0 0.54248 0 0.555664 0.00117187 0.557129 0.0015625 0.557129 0.00195312 0.557617 0.00234375 0.557617 0.00273437 0.558105 0.003125 0.558105 0.00390625 0.559082 0.00546875 0.559082 0.00625 0.560059 0.00742187 0.560059 0.0078125 0.560547 0.00859375 0.560547 0.00898437 0.561035 0.009375 0.561035 0.00976562 0.561523 0.0109375 0.561523 0.0113281 0.562012 0.0121094 0.562012 0.0125 0.5625 0.0152344 0.5625 0.015625 0.562988 0.0222656 0.562988 0.0226562 0.5625 0.0273438 0.5625 0.028125 0.561523 0.0285156 0.561523 0.0300781 0.55957 0.0300781 0.555664 0.0289063 0.554199 0.0238281 0.554199 0.0234375 0.554688 0.0222656 0.554688 0.021875 0.555176 0.0203125 0.555176 0.0199219 0.554688 0.0191406 0.554688 0.01875 0.554199 0.0140625 0.554199 0.0136719 0.553711 0.0128906 0.553711 0.0125 0.553223 0.0113281 0.553223 0.0105469 0.552246 0.0101563 0.552246 0.009375 0.55127 0.00898437 0.55127 0.00859375 0.550781 0.00820313 0.550781 0.0078125 0.550293 0.00742187 0.550293 0.00585938 0.54834 0.00546875 0.54834 0.00507813 0.547852 0.0046875 0.547852 0.003125 0.545898 0.003125 0.54541 0.00078125 0.54248
1 0 0.522461 0 0.532227 0.00195312 0.534668 0.00585938 0.534668 0.00703125 0.533203 0.00703125 0.532715 0.00742187 0.532227 0.00742187 0.52832 0.00625 0.526855 0.00546875 0.526855 0.0046875 0.525879 0.00429688 0.525879 0.00351563 0.524902 0.003125 0.524902 0.00234375 0.523926 0.00195312 0.523926 0.0015625 0.523438 0.00117187 0.523438 0.00078125 0.522949 0.000390625 0.522949
2 0.269922 0.919922 0.269531 0.92041 0.267969 0.92041 0.267578 0.920898 0.264844 0.920898 0.264062 0.921875 0.262891 0.921875 0.2625 0.922363 0.261328 0.922363 0.260937 0.922852 0.259766 0.922852 0.258984 0.923828 0.257422 0.923828 0.257031 0.924316 0.25625 0.924316 0.255859 0.924805 0.255078 0.924805 0.254688 0.925293 0.254297 0.925293 0.253516 0.92627 0.253125 0.92627 0.251563 0.928223 0.251563 0.928711 0.251172 0.929199 0.251172 0.931152 0.252344 0.932617 0.263281 0.932617 0.263672 0.932129 0.265234 0.932129 0.265625 0.931641 0.275781 0.931641 0.276172 0.931152 0.277344 0.931152 0.277734 0.930664 0.278125 0.930664 0.278516 0.930176 0.278906 0.930176 0.279297 0.929688 0.280078 0.929688 0.282031 0.927246 0.282031 0.92334 0.280859 0.921875 0.280469 0.921875 0.280078 0.921387 0.279687 0.921387 0.279297 0.920898 0.274219 0.920898 0.273438 0.919922
2 0.266406 0.930176 0.266016 0.930664 0.263281 0.930664 0.262891 0.931152 0.262109 0.931152 0.261719 0.931641 0.260937 0.931641 0.260547 0.932129 0.258984 0.932129 0.258594 0.932617 0.257422 0.932617 0.257031 0.933105 0.255859 0.933105 0.255469 0.933594 0.254688 0.933594 0.251563 0.9375 0.251563 0.937988 0.250781 0.938965 0.250781 0.943359 0.251953 0.944824 0.260156 0.944824 0.260547 0.944336 0.263281 0.944336 0.263672 0.943848 0.264844 0.943848 0.265234 0.943359 0.266406 0.943359 0.266797 0.942871 0.267969 0.942871 0.268359 0.942383 0.269531 0.942383 0.269922 0.941895 0.271094 0.941895 0.271484 0.941406 0.272266 0.941406 0.272656 0.940918 0.273047 0.940918 0.273438 0.94043 0.274219 0.94043 0.274609 0.939941 0.275391 0.939941 0.275781 0.939453 0.276562 0.939453 0.277344 0.938477 0.277734 0.938477 0.279297 0.936523 0.279297 0.932617 0.278125 0.931152 0.277734 0.931152 0.277344 0.930664 0.276172 0.930664 0.275781 0.930176
2 0.322266 0.952148 0.319922 0.955078 0.319922 0.955566 0.319531 0.956055 0.31875 0.956055 0.317578 0.95752 0.317578 0.958008 0.316406 0.959473 0.316406 0.960938 0.316016 0.961426 0.316016 0.961914 0.315234 0.962891 0.315234 0.964355 0.314844 0.964844 0.314844 0.965332 0.314453 0.96582 0.314453 0.966797 0.313672 0.967773 0.313672 0.968262 0.313281 0.96875 0.313281 0.969727 0.312891 0.970215 0.312891 0.970703 0.3125 0.971191 0.3125 0.972168 0.312109 0.972656 0.312109 0.976074 0.311719 0.976562 0.311719 0.979492 0.312109 0.97998 0.312109 0.980957 0.3125 0.981445 0.3125 0.981934 0.313672 0.983398 0.314063 0.983398 0.314844 0.984375 0.316406 0.984375 0.317969 0.982422 0.317969 0.981934 0.31875 0.980957 0.31875 0.980469 0.319141 0.97998 0.319141 0.979492 0.319922 0.978516 0.319922 0.977539 0.320312 0.977051 0.320312 0.976074 0.321484 0.974609 0.321484 0.973633 0.321875 0.973145 0.321875 0.972168 0.322266 0.97168 0.322266 0.970703 0.322656 0.970215 0.322656 0.967773 0.323047 0.967285 0.323047 0.966309 0.323437 0.96582 0.323437 0.964844 0.323828 0.964355 0.323828 0.962891 0.324219 0.962402 0.324219 0.961914 0.324609 0.961426 0.324609 0.960449 0.325 0.959961 0.325 0.958496 0.325391 0.958008 0.325391 0.957031 0.325781 0.956543 0.325781 0.956055 0.326172 0.955566 0.326172 0.953613 0.325 0.952148
2 0.424219 0.832031 0.423828 0.83252 0.423438 0.83252 0.423047 0.833008 0.422266 0.833008 0.421875 0.833496 0.421484 0.833496 0.41875 0.836914 0.41875 0.840332 0.420312 0.842285 0.420703 0.842285 0.421094 0.842773 0.421484 0.842773 0.421875 0.843262 0.425 0.843262 0.425391 0.84375 0.425781 0.84375 0.426172 0.844238 0.427344 0.844238 0.427734 0.844727 0.428906 0.844727 0.429297 0.845215 0.430859 0.845215 0.43125 0.845703 0.436328 0.845703 0.436719 0.846191 0.448047 0.846191 0.448437 0.845703 0.448828 0.845703 0.450781 0.843262 0.450781 0.839844 0.448437 0.836914 0.448047 0.836914 0.447656 0.836426 0.446484 0.836426 0.445703 0.835449 0.444922 0.835449 0.444531 0.834961 0.44375 0.834961 0.443359 0.834473 0.442188 0.834473 0.441797 0.833984 0.438672 0.833984 0.437891 0.833008 0.435547 0.833008 0.435156 0.83252 0.432812 0.83252 0.432422 0.832031
2 0.483203 0.854004 0.482422 0.85498 0.482031 0.85498 0.480859 0.856445 0.480859 0.858887 0.48125 0.859375 0.48125 0.859863 0.480859 0.860352 0.480859 0.86084 0.480469 0.861328 0.480469 0.861816 0.479687 0.862793 0.479687 0.86377 0.479297 0.864258 0.479297 0.864746 0.478516 0.865723 0.478516 0.866211 0.476172 0.869141 0.476172 0.869629 0.475391 0.870605 0.475 0.870605 0.473828 0.87207 0.473828 0.872559 0.473047 0.873535 0.472656 0.873535 0.471484 0.875 0.471484 0.875488 0.469141 0.878418 0.469141 0.878906 0.46875 0.879395 0.46875 0.880371 0.468359 0.880859 0.468359 0.884766 0.469531 0.88623 0.471484 0.88623 0.471875 0.885742 0.472266 0.885742 0.472656 0.885254 0.473047 0.885254 0.474609 0.883301 0.475 0.883301 0.475391 0.882812 0.475781 0.882812 0.476562 0.881836 0.476953 0.881836 0.477344 0.881348 0.477734 0.881348 0.479297 0.879395 0.479687 0.879395 0.483984 0.874023 0.483984 0.873535 0.485156 0.87207 0.485156 0.871582 0.485938 0.870605 0.485938 0.869629 0.486719 0.868652 0.486719 0.868164 0.487109 0.867676 0.487109 0.866211 0.4875 0.865723 0.4875 0.864258 0.487891 0.86377 0.487891 0.858887 0.4875 0.858398 0.4875 0.857422 0.486719 0.856445 0.486719 0.855957 0.485547 0.854492 0.485156 0.854492 0.484766 0.854004
2 0.4625 0.853516 0.462109 0.854004 0.461719 0.854004 0.459375 0.856934 0.459375 0.86084 0.460938 0.862793 0.478516 0.862793 0.478906 0.862305 0.479297 0.862305 0.479687 0.861816 0.481641 0.861816 0.482812 0.860352 0.482812 0.859863 0.483203 0.859375 0.483203 0.856445 0.48125 0.854004 0.480469 0.854004 0.480078 0.853516
2 0.474219 0.824219 0.473047 0.825684 0.473047 0.829102 0.473438 0.82959 0.473438 0.830566 0.474219 0.831543 0.474219 0.832031 0.475391 0.833496 0.475391 0.833984 0.477734 0.836914 0.477734 0.837891 0.478516 0.838867 0.478516 0.839355 0.479687 0.84082 0.479687 0.841309 0.480078 0.841797 0.480078 0.843262 0.480859 0.844238 0.480859 0.844727 0.48125 0.845215 0.48125 0.84668 0.481641 0.847168 0.481641 0.847656 0.482031 0.848145 0.482031 0.849121 0.482422 0.849609 0.482422 0.852051 0.482812 0.852539 0.482812 0.853516 0.483203 0.854004 0.483203 0.855957 0.484375 0.857422 0.486719 0.857422 0.487109 0.856934 0.4875 0.856934 0.489063 0.85498 0.489063 0.854492 0.489453 0.854004 0.489453 0.849121 0.489063 0.848633 0.489063 0.84668 0.488672 0.846191 0.488672 0.845215 0.488281 0.844727 0.488281 0.843262 0.487891 0.842773 0.487891 0.841797 0.4875 0.841309 0.4875 0.84082 0.487109 0.840332 0.487109 0.839844 0.486719 0.839355 0.486719 0.837891 0.485938 0.836914 0.485938 0.836426 0.485156 0.835449 0.485156 0.834961 0.484375 0.833984 0.484375 0.833496 0.483984 0.833008 0.483984 0.832031 0.482812 0.830566 0.482812 0.830078 0.482031 0.829102 0.482031 0.828613 0.478906 0.824707 0.478516 0.824707 0.478125 0.824219
2 0.527734 0.837891 0.526563 0.839355 0.526563 0.843262 0.528906 0.846191 0.529687 0.846191 0.530078 0.84668 0.530859 0.84668 0.53125 0.847168 0.532422 0.847168 0.532813 0.847656 0.534375 0.847656 0.534766 0.848145 0.535547 0.848145 0.535937 0.848633 0.537109 0.848633 0.5375 0.849121 0.537891 0.849121 0.538281 0.849609 0.539844 0.849609 0.540234 0.850098 0.541016 0.850098 0.541406 0.850586 0.543359 0.850586 0.54375 0.851074 0.544922 0.851074 0.545312 0.851562 0.547656 0.851562 0.548047 0.852051 0.55 0.852051 0.551172 0.850586 0.551172 0.84668 0.550781 0.846191 0.550781 0.845703 0.549609 0.844238 0.549219 0.844238 0.548438 0.843262 0.548047 0.843262 0.547656 0.842773 0.547266 0.842773 0.546484 0.841797 0.545703 0.841797 0.545312 0.841309 0.544531 0.841309 0.544141 0.84082 0.54375 0.84082 0.543359 0.840332 0.541797 0.840332 0.541406 0.839844 0.539453 0.839844 0.539062 0.839355 0.5375 0.839355 0.537109 0.838867 0.535156 0.838867 0.534766 0.838379 0.532031 0.838379 0.531641 0.837891
2 0.545312 0.848145 0.544922 0.848633 0.54375 0.848633 0.543359 0.849121 0.542969 0.849121 0.542578 0.849609 0.542188 0.849609 0.541797 0.850098 0.541016 0.850098 0.540625 0.850586 0.539844 0.850586 0.539453 0.851074 0.539062 0.851074 0.538672 0.851562 0.537891 0.851562 0.5375 0.852051 0.537109 0.852051 0.536328 0.853027 0.535547 0.853027 0.535156 0.853516 0.534766 0.853516 0.534375 0.854004 0.533984 0.854004 0.533203 0.85498 0.532813 0.85498 0.532422 0.855469 0.531641 0.855469 0.530469 0.856934 0.530078 0.856934 0.527734 0.859863 0.527734 0.860352 0.526953 0.861328 0.526953 0.865234 0.528516 0.867188 0.533984 0.867188 0.534375 0.866699 0.535156 0.866699 0.535937 0.865723 0.536328 0.865723 0.537891 0.86377 0.538281 0.86377 0.539453 0.862305 0.539844 0.862305 0.540234 0.861816 0.541406 0.861816 0.542578 0.860352 0.543359 0.860352 0.544922 0.858398 0.545312 0.858398 0.546484 0.856934 0.546875 0.856934 0.548438 0.85498 0.548438 0.854492 0.549609 0.853027 0.549609 0.849609 0.548438 0.848145
2 0.517969 0.868164 0.515625 0.871094 0.515625 0.873535 0.516016 0.874023 0.516016 0.874512 0.516406 0.875 0.516406 0.875977 0.516797 0.876465 0.516797 0.876953 0.517969 0.878418 0.517969 0.878906 0.518359 0.879395 0.518359 0.879883 0.519922 0.881836 0.519922 0.882324 0.520703 0.883301 0.520703 0.883789 0.523047 0.886719 0.523047 0.887207 0.524219 0.888672 0.524219 0.88916 0.525 0.890137 0.525 0.890625 0.526172 0.89209 0.526172 0.892578 0.528125 0.89502 0.530859 0.89502 0.532422 0.893066 0.532422 0.888184 0.532031 0.887695 0.532031 0.887207 0.531641 0.886719 0.531641 0.88623 0.53125 0.885742 0.53125 0.884766 0.530859 0.884277 0.530859 0.883789 0.530078 0.882812 0.530078 0.882324 0.529687 0.881836 0.529687 0.881348 0.529297 0.880859 0.529297 0.880371 0.528906 0.879883 0.528906 0.879395 0.527734 0.87793 0.527734 0.877441 0.527344 0.876953 0.527344 0.876465 0.525391 0.874023 0.525391 0.873535 0.524219 0.87207 0.524219 0.871582 0.522266 0.869141 0.521875 0.869141 0.521484 0.868652 0.520703 0.868652 0.520312 0.868164
2 0.589063 0.873535 0.588672 0.874023 0.587109 0.874023 0.586719 0.874512 0.581641 0.874512 0.58125 0.875 0.579688 0.875 0.579297 0.875488 0.578906 0.875488 0.578516 0.875977 0.576953 0.875977 0.576562 0.876465 0.576172 0.876465 0.575781 0.876953 0.575391 0.876953 0.572656 0.880371 0.572656 0.880859 0.571875 0.881836 0.571875 0.884766 0.573047 0.88623 0.578906 0.88623 0.579297 0.885742 0.58125 0.885742 0.581641 0.885254 0.583203 0.885254 0.583594 0.884766 0.584375 0.884766 0.584766 0.884277 0.585938 0.884277 0.586328 0.883789 0.587109 0.883789 0.5875 0.883301 0.588281 0.883301 0.588672 0.882812 0.589453 0.882812 0.589844 0.882324 0.591406 0.882324 0.591797 0.881836 0.592187 0.881836 0.592578 0.881348 0.59375 0.881348 0.594141 0.880859 0.595703 0.880859 0.597656 0.878418 0.597656 0.875977 0.596484 0.874512 0.595703 0.874512 0.594922 0.873535
2 0.575 0.841309 0.574609 0.841797 0.573438 0.841797 0.571875 0.84375 0.571875 0.844238 0.566406 0.851074 0.566406 0.851562 0.566016 0.852051 0.566016 0.852539 0.564844 0.854004 0.564844 0.854492 0.563672 0.855957 0.563672 0.856934 0.563281 0.857422 0.563281 0.85791 0.5625 0.858887 0.5625 0.866699 0.563672 0.868164 0.566406 0.868164 0.567578 0.866699 0.567578 0.866211 0.568359 0.865234 0.56875 0.865234 0.569922 0.86377 0.569922 0.862793 0.570312 0.862305 0.570312 0.859863 0.571484 0.858398 0.571484 0.85791 0.573438 0.855469 0.573438 0.85498 0.574609 0.853516 0.574609 0.853027 0.575391 0.852051 0.575391 0.851562 0.576562 0.850098 0.576562 0.849609 0.576953 0.849121 0.576953 0.847656 0.577734 0.84668 0.577734 0.842773 0.576562 0.841309
2 0.698438 0.842285 0.696875 0.844238 0.696875 0.847656 0.696484 0.848145 0.696484 0.850586 0.696875 0.851074 0.696875 0.853027 0.697266 0.853516 0.697266 0.854492 0.697656 0.85498 0.697656 0.855469 0.698047 0.855957 0.698047 0.856445 0.698438 0.856934 0.698438 0.857422 0.699219 0.858398 0.699219 0.858887 0.7 0.859863 0.7 0.86084 0.701172 0.862305 0.701172 0.862793 0.701562 0.863281 0.701562 0.86377 0.702734 0.865234 0.703125 0.865234 0.704297 0.866699 0.704688 0.866699 0.705469 0.867676 0.70625 0.867676 0.707031 0.868652 0.707812 0.868652 0.708203 0.869141 0.709375 0.869141 0.709766 0.869629 0.710156 0.869629 0.710547 0.870117 0.714844 0.870117 0.716406 0.868164 0.716406 0.865723 0.714844 0.86377 0.714063 0.86377 0.713672 0.863281 0.712109 0.863281 0.711719 0.862793 0.710547 0.862793 0.710156 0.862305 0.709766 0.862305 0.708984 0.861328 0.708594 0.861328 0.703516 0.85498 0.703516 0.854492 0.703125 0.854004 0.703125 0.853516 0.702344 0.852539 0.702344 0.852051 0.701953 0.851562 0.701953 0.851074 0.701562 0.850586 0.701562 0.850098 0.701172 0.849609 0.701172 0.84375 0.7 0.842285
2 0.658984 0.806152 0.657813 0.807617 0.657813 0.811523 0.658594 0.8125 0.658594 0.813477 0.658984 0.813965 0.658984 0.814941 0.659766 0.815918 0.659766 0.816406 0.660156 0.816895 0.660156 0.817383 0.661328 0.818848 0.661328 0.819336 0.6625 0.820801 0.6625 0.821777 0.670703 0.832031 0.671094 0.832031 0.672656 0.833984 0.673047 0.833984 0.674609 0.835938 0.677734 0.835938 0.678906 0.834473 0.678906 0.830078 0.678125 0.829102 0.678125 0.828613 0.677734 0.828125 0.677734 0.827637 0.675391 0.824707 0.675391 0.824219 0.673438 0.821777 0.673438 0.821289 0.671094 0.818359 0.671094 0.817383 0.669922 0.815918 0.669531 0.815918 0.665234 0.810547 0.665234 0.810059 0.664453 0.809082 0.664453 0.808594 0.6625 0.806152
2 0.670703 0.719727 0.669922 0.720703 0.669531 0.720703 0.66875 0.72168 0.667969 0.72168 0.667188 0.722656 0.666797 0.722656 0.666406 0.723145 0.665625 0.723145 0.665234 0.723633 0.663672 0.723633 0.663281 0.724121 0.660937 0.724121 0.659766 0.725586 0.658203 0.725586 0.657813 0.726074 0.657031 0.726074 0.654297 0.729492 0.654297 0.731445 0.653906 0.731934 0.653906 0.732422 0.653516 0.73291 0.653516 0.733398 0.653125 0.733887 0.653125 0.735352 0.652734 0.73584 0.652734 0.737793 0.652344 0.738281 0.652344 0.742188 0.653516 0.743652 0.655469 0.743652 0.656641 0.742188 0.657031 0.742188 0.657422 0.741699 0.657813 0.741699 0.662109 0.736328 0.6625 0.736328 0.663672 0.734863 0.664062 0.734863 0.664453 0.734375 0.664844 0.734375 0.665234 0.733887 0.666016 0.733887 0.666406 0.733398 0.667188 0.733398 0.667578 0.73291 0.668359 0.73291 0.66875 0.732422 0.669531 0.732422 0.669922 0.731934 0.670703 0.731934 0.671484 0.730957 0.672266 0.730957 0.672656 0.730469 0.673047 0.730469 0.673828 0.729492 0.674219 0.729492 0.675781 0.727539 0.675781 0.727051 0.677734 0.724609 0.677734 0.721191 0.676562 0.719727
2 0.658984 0.695801 0.658594 0.696289 0.658203 0.696289 0.657813 0.696777 0.656641 0.696777 0.65625 0.697266 0.655469 0.697266 0.654687 0.698242 0.654297 0.698242 0.653906 0.69873 0.653516 0.69873 0.651953 0.700684 0.651563 0.700684 0.650781 0.70166 0.650391 0.70166 0.648828 0.703613 0.648438 0.703613 0.646094 0.706543 0.646094 0.707031 0.645703 0.70752 0.645703 0.708008 0.644922 0.708984 0.644922 0.709473 0.644141 0.710449 0.644141 0.710938 0.643359 0.711914 0.643359 0.712891 0.642188 0.714355 0.642188 0.715332 0.641406 0.716309 0.641406 0.716797 0.640625 0.717773 0.640625 0.71875 0.640234 0.719238 0.640234 0.719727 0.639844 0.720215 0.639844 0.723633 0.641016 0.725098 0.642969 0.725098 0.64375 0.724121 0.644141 0.724121 0.650781 0.71582 0.651172 0.71582 0.653125 0.713379 0.653516 0.713379 0.655078 0.711426 0.655859 0.711426 0.65625 0.710938 0.656641 0.710938 0.657813 0.709473 0.658984 0.709473 0.659375 0.708984 0.659766 0.708984 0.660547 0.708008 0.661328 0.708008 0.662109 0.707031 0.6625 0.707031 0.662891 0.706543 0.663281 0.706543 0.663672 0.706055 0.664062 0.706055 0.664453 0.705566 0.664844 0.705566 0.66875 0.700684 0.66875 0.698242 0.667188 0.696289 0.666797 0.696289 0.666406 0.695801
2 0.442969 0.412598 0.442578 0.413086 0.440234 0.413086 0.439844 0.413574 0.439063 0.413574 0.438672 0.414062 0.4375 0.414062 0.436719 0.415039 0.436328 0.415039 0.435156 0.416504 0.435156 0.416992 0.434766 0.41748 0.434766 0.419434 0.436328 0.421387 0.437109 0.421387 0.4375 0.421875 0.438672 0.421875 0.439063 0.422363 0.440625 0.422363 0.441016 0.422852 0.442578 0.422852 0.442969 0.42334 0.464062 0.42334 0.464453 0.422852 0.464844 0.422852 0.466016 0.421387 0.466016 0.417969 0.465234 0.416992 0.465625 0.416504 0.465625 0.414551 0.464453 0.413086 0.458594 0.413086 0.458203 0.412598
2 0.655469 0.675781 0.654297 0.677246 0.654297 0.681641 0.655078 0.682617 0.655078 0.683594 0.655469 0.684082 0.655469 0.68457 0.655859 0.685059 0.655859 0.685547 0.657031 0.687012 0.657031 0.687988 0.657422 0.688477 0.657422 0.688965 0.658203 0.689941 0.658203 0.69043 0.658984 0.691406 0.658984 0.691895 0.659375 0.692383 0.659375 0.692871 0.660156 0.693848 0.660156 0.694824 0.661328 0.696289 0.661719 0.696289 0.662109 0.696777 0.662109 0.697266 0.662891 0.698242 0.662891 0.69873 0.664062 0.700195 0.664453 0.700195 0.665625 0.70166 0.666016 0.70166 0.666406 0.702148 0.667188 0.702148 0.667969 0.703125 0.668359 0.703125 0.66875 0.703613 0.673828 0.703613 0.675 0.702148 0.675 0.697754 0.674609 0.697266 0.674609 0.695801 0.673047 0.693848 0.672656 0.693848 0.672266 0.693359 0.671875 0.693359 0.670703 0.691895 0.670312 0.691895 0.669531 0.690918 0.669141 0.690918 0.667969 0.689453 0.667578 0.689453 0.666016 0.6875 0.665625 0.6875 0.664844 0.686523 0.664453 0.686523 0.663281 0.685059 0.662891 0.685059 0.659375 0.680664 0.659375 0.680176 0.658984 0.679688 0.658984 0.679199 0.658203 0.678223 0.658203 0.677246 0.657031 0.675781
2 0.667578 0.680176 0.666406 0.681641 0.666406 0.686523 0.666797 0.687012 0.666797 0.688477 0.667969 0.689941 0.668359 0.689941 0.669141 0.690918 0.669531 0.690918 0.670703 0.692383 0.671094 0.692383 0.672656 0.694336 0.673047 0.694336 0.673828 0.695312 0.674219 0.695312 0.675 0.696289 0.675781 0.696289 0.676562 0.697266 0.676953 0.697266 0.677734 0.698242 0.678516 0.698242 0.679297 0.699219 0.680078 0.699219 0.680469 0.699707 0.680859 0.699707 0.681641 0.700684 0.682422 0.700684 0.682813 0.701172 0.683594 0.701172 0.684375 0.702148 0.685937 0.702148 0.686719 0.703125 0.687109 0.703125 0.6875 0.703613 0.690625 0.703613 0.691016 0.703125 0.691406 0.703125 0.692578 0.70166 0.692578 0.698242 0.692187 0.697754 0.692187 0.697266 0.691016 0.695801 0.690625 0.695801 0.690234 0.695312 0.689844 0.695312 0.689063 0.694336 0.688281 0.694336 0.6875 0.693359 0.686719 0.693359 0.685547 0.691895 0.685156 0.691895 0.684766 0.691406 0.683984 0.691406 0.683203 0.69043 0.682813 0.69043 0.682031 0.689453 0.681641 0.689453 0.680078 0.6875 0.679688 0.6875 0.678125 0.685547 0.677734 0.685547 0.675781 0.683105 0.674609 0.683105 0.673438 0.681641 0.672656 0.681641 0.671484 0.680176
2 0.675781 0.673828 0.674609 0.675293 0.674609 0.680176 0.676953 0.683105 0.678516 0.683105 0.678906 0.683594 0.679297 0.683594 0.679688 0.684082 0.680859 0.684082 0.68125 0.68457 0.682813 0.68457 0.683203 0.685059 0.683984 0.685059 0.684375 0.685547 0.685156 0.685547 0.685547 0.686035 0.685937 0.686035 0.686328 0.686523 0.687891 0.686523 0.688281 0.687012 0.689063 0.687012 0.689453 0.6875 0.691016 0.6875 0.692578 0.689453 0.693359 0.689453 0.69375 0.689941 0.694141 0.689941 0.694531 0.69043 0.694922 0.69043 0.695312 0.690918 0.696094 0.690918 0.696484 0.691406 0.698047 0.691406 0.699219 0.689941 0.699219 0.687988 0.697656 0.686035 0.697266 0.686035 0.696484 0.685059 0.696094 0.685059 0.695312 0.684082 0.695312 0.683594 0.694141 0.682129 0.69375 0.682129 0.693359 0.681641 0.692969 0.681641 0.692187 0.680664 0.691797 0.680664 0.691406 0.680176 0.690625 0.680176 0.689844 0.679199 0.689063 0.679199 0.688672 0.678711 0.687891 0.678711 0.6875 0.678223 0.687109 0.678223 0.686719 0.677734 0.686328 0.677734 0.685937 0.677246 0.685156 0.677246 0.684375 0.67627 0.683984 0.67627 0.683203 0.675293 0.682813 0.675293 0.682422 0.674805 0.682031 0.674805 0.681641 0.674316 0.680469 0.674316 0.680078 0.673828
2 0.687891 0.662109 0.685937 0.664551 0.685937 0.665527 0.685547 0.666016 0.685547 0.666992 0.685156 0.66748 0.685156 0.668457 0.684766 0.668945 0.684766 0.672852 0.684375 0.67334 0.684375 0.674316 0.683984 0.674805 0.683984 0.675781 0.683594 0.67627 0.683594 0.676758 0.683203 0.677246 0.683203 0.677734 0.682813 0.678223 0.682813 0.679688 0.682422 0.680176 0.682422 0.681152 0.682031 0.681641 0.682031 0.682129 0.681641 0.682617 0.681641 0.683594 0.680859 0.68457 0.680859 0.685547 0.680469 0.686035 0.680469 0.689453 0.680078 0.689941 0.680078 0.690918 0.679688 0.691406 0.679688 0.694824 0.680859 0.696289 0.684375 0.696289 0.685547 0.694824 0.685547 0.694336 0.685937 0.693848 0.685937 0.693359 0.686328 0.692871 0.686328 0.691406 0.686719 0.690918 0.686719 0.69043 0.687109 0.689941 0.687109 0.688965 0.687891 0.687988 0.687891 0.687012 0.688672 0.686035 0.688672 0.685059 0.689063 0.68457 0.689063 0.683594 0.689453 0.683105 0.689453 0.682617 0.689844 0.682129 0.689844 0.680664 0.690234 0.680176 0.690234 0.679199 0.690625 0.678711 0.690625 0.678223 0.691016 0.677734 0.691016 0.676758 0.691406 0.67627 0.691406 0.674805 0.691797 0.674316 0.691797 0.67334 0.692187 0.672852 0.692187 0.664551 0.691797 0.664062 0.691797 0.663574 0.690625 0.662109
2 0.628516 0.620605 0.628125 0.621094 0.627734 0.621094 0.626172 0.623047 0.626172 0.623535 0.625781 0.624023 0.625781 0.62793 0.627734 0.630371 0.628125 0.630371 0.628516 0.630859 0.628906 0.630859 0.629297 0.631348 0.630078 0.631348 0.630469 0.631836 0.632031 0.631836 0.632422 0.632324 0.633594 0.632324 0.633984 0.632812 0.635547 0.632812 0.635938 0.633301 0.636328 0.633301 0.636719 0.633789 0.637109 0.633789 0.6375 0.634277 0.638281 0.634277 0.639062 0.635254 0.639453 0.635254 0.639844 0.635742 0.640234 0.635742 0.640625 0.63623 0.641406 0.63623 0.641797 0.636719 0.642578 0.636719 0.642969 0.637207 0.64375 0.637207 0.644531 0.638184 0.644922 0.638184 0.645703 0.63916 0.646094 0.63916 0.647266 0.640625 0.648828 0.640625 0.65 0.63916 0.65 0.636719 0.649219 0.635742 0.649219 0.634766 0.648047 0.633301 0.648047 0.632812 0.646875 0.631348 0.646484 0.631348 0.640625 0.624023 0.640234 0.624023 0.639844 0.623535 0.639453 0.623535 0.639062 0.623047 0.638281 0.623047 0.637891 0.622559 0.637109 0.622559 0.636719 0.62207 0.635938 0.62207 0.635547 0.621582 0.633594 0.621582 0.633203 0.621094 0.632031 0.621094 0.631641 0.620605
2 0.659766 0.601562 0.658594 0.603027 0.658594 0.603516 0.657813 0.604492 0.657813 0.60498 0.657422 0.605469 0.657422 0.605957 0.657031 0.606445 0.657031 0.606934 0.656641 0.607422 0.656641 0.608398 0.655859 0.609375 0.655859 0.61084 0.655469 0.611328 0.655469 0.611816 0.654687 0.612793 0.654687 0.614258 0.654297 0.614746 0.654297 0.615234 0.653906 0.615723 0.653906 0.616699 0.653516 0.617188 0.653516 0.617676 0.653125 0.618164 0.653125 0.619629 0.652344 0.620605 0.652344 0.62207 0.651953 0.622559 0.651953 0.623047 0.651563 0.623535 0.651563 0.625 0.651172 0.625488 0.651172 0.633301 0.652344 0.634766 0.653906 0.634766 0.654687 0.633789 0.655078 0.633789 0.657031 0.631348 0.657031 0.630859 0.657813 0.629883 0.657813 0.628906 0.658594 0.62793 0.658594 0.626953 0.658984 0.626465 0.658984 0.625977 0.659375 0.625488 0.659375 0.625 0.659766 0.624512 0.659766 0.624023 0.660547 0.623047 0.660547 0.621094 0.661719 0.619629 0.661719 0.617676 0.662109 0.617188 0.662109 0.616699 0.6625 0.616211 0.6625 0.615234 0.663281 0.614258 0.663281 0.61377 0.663672 0.613281 0.663672 0.611816 0.664062 0.611328 0.664062 0.609375 0.664453 0.608887 0.664453 0.603516 0.662891 0.601562
2 0.70625 0.611816 0.705859 0.612305 0.705469 0.612305 0.703516 0.614746 0.703125 0.614746 0.701953 0.616211 0.701953 0.616699 0.7 0.619141 0.7 0.619629 0.696484 0.624023 0.696484 0.624512 0.695703 0.625488 0.695703 0.626465 0.694922 0.627441 0.694922 0.628906 0.694531 0.629395 0.694531 0.630859 0.694141 0.631348 0.694141 0.634277 0.695312 0.635742 0.696875 0.635742 0.700781 0.630859 0.701172 0.630859 0.702344 0.629395 0.702344 0.628906 0.703125 0.62793 0.703516 0.62793 0.705078 0.625977 0.705469 0.625977 0.705859 0.625488 0.70625 0.625488 0.707422 0.624023 0.707812 0.624023 0.708203 0.623535 0.708594 0.623535 0.710547 0.621094 0.710938 0.621094 0.712109 0.619629 0.712109 0.619141 0.713281 0.617676 0.713281 0.61377 0.712109 0.612305 0.711719 0.612305 0.711328 0.611816
2 0.727734 0.591797 0.726562 0.593262 0.726562 0.594238 0.726172 0.594727 0.726172 0.599121 0.725781 0.599609 0.725781 0.600098 0.725391 0.600586 0.725391 0.602051 0.725 0.602539 0.725 0.603516 0.724609 0.604004 0.724609 0.605957 0.724219 0.606445 0.724219 0.607422 0.723828 0.60791 0.723828 0.608398 0.723437 0.608887 0.723437 0.609375 0.723047 0.609863 0.723047 0.61084 0.722656 0.611328 0.722656 0.611816 0.722266 0.612305 0.722266 0.612793 0.721875 0.613281 0.721875 0.614258 0.721094 0.615234 0.721094 0.616699 0.720703 0.617188 0.720703 0.617676 0.719922 0.618652 0.719922 0.620117 0.71875 0.621582 0.71875 0.622559 0.717969 0.623535 0.717969 0.626465 0.719141 0.62793 0.721875 0.62793 0.722656 0.626953 0.723437 0.626953 0.724609 0.625488 0.724609 0.625 0.726172 0.623047 0.726172 0.621582 0.726562 0.621094 0.726562 0.620605 0.727344 0.619629 0.727344 0.619141 0.728516 0.617676 0.728516 0.616699 0.729688 0.615234 0.729688 0.614746 0.730078 0.614258 0.730078 0.61377 0.730469 0.613281 0.730469 0.612793 0.730859 0.612305 0.730859 0.611328 0.73125 0.61084 0.73125 0.59375 0.730078 0.592285 0.729688 0.592285 0.729297 0.591797
1 0.69375 0.641602 0.691797 0.644043 0.691797 0.646973 0.693359 0.648926 0.69375 0.648926 0.694531 0.649902 0.694922 0.649902 0.695312 0.650391 0.696094 0.650391 0.697266 0.651855 0.698047 0.651855 0.698438 0.652344 0.698828 0.652344 0.699609 0.65332 0.700781 0.65332 0.701172 0.653809 0.717578 0.653809 0.719141 0.651855 0.719141 0.649414 0.717578 0.647461 0.717187 0.647461 0.716797 0.646973 0.715625 0.646973 0.714844 0.645996 0.714063 0.645996 0.713672 0.645508 0.712891 0.645508 0.7125 0.64502 0.712109 0.64502 0.711719 0.644531 0.709375 0.644531 0.708984 0.644043 0.70625 0.644043 0.705859 0.643555 0.703906 0.643555 0.703516 0.643066 0.701562 0.643066 0.701172 0.642578 0.700391 0.642578 0.7 0.64209 0.698047 0.64209 0.697656 0.641602
2 0.804688 0.592285 0.803906 0.593262 0.803516 0.593262 0.800781 0.59668 0.800781 0.597168 0.800391 0.597656 0.800391 0.598145 0.799609 0.599121 0.799609 0.599609 0.799219 0.600098 0.799219 0.600586 0.798828 0.601074 0.798828 0.601562 0.798438 0.602051 0.798438 0.602539 0.797656 0.603516 0.797656 0.604004 0.797266 0.604492 0.797266 0.60498 0.796484 0.605957 0.796484 0.606445 0.796094 0.606934 0.796094 0.60791 0.795312 0.608887 0.795312 0.610352 0.794922 0.61084 0.794922 0.611328 0.794141 0.612305 0.794141 0.613281 0.793359 0.614258 0.793359 0.614746 0.792969 0.615234 0.792969 0.616211 0.792578 0.616699 0.792578 0.617188 0.792188 0.617676 0.792188 0.618164 0.791797 0.618652 0.791797 0.620117 0.791016 0.621094 0.791016 0.62207 0.790625 0.622559 0.790625 0.623535 0.789844 0.624512 0.789844 0.625488 0.789453 0.625977 0.789453 0.627441 0.789062 0.62793 0.789062 0.628418 0.788672 0.628906 0.788672 0.629395 0.788281 0.629883 0.788281 0.631348 0.787891 0.631836 0.787891 0.632812 0.7875 0.633301 0.7875 0.634277 0.787109 0.634766 0.787109 0.641113 0.788281 0.642578 0.791016 0.642578 0.792578 0.640625 0.792578 0.63916 0.793359 0.638184 0.793359 0.63623 0.79375 0.635742 0.79375 0.634766 0.794141 0.634277 0.794141 0.633301 0.794531 0.632812 0.794531 0.632324 0.794922 0.631836 0.794922 0.630371 0.795703 0.629395 0.795703 0.628418 0.796094 0.62793 0.796094 0.626953 0.796484 0.626465 0.796484 0.625977 0.796875 0.625488 0.796875 0.624512 0.797266 0.624023 0.797266 0.623535 0.797656 0.623047 0.797656 0.62207 0.798438 0.621094 0.798438 0.620605 0.799219 0.619629 0.799219 0.618652 0.8 0.617676 0.8 0.617188 0.800391 0.616699 0.800391 0.615723 0.801562 0.614258 0.801562 0.613281 0.803125 0.611328 0.803125 0.61084 0.805859 0.607422 0.805859 0.606445 0.806641 0.605469 0.806641 0.60498 0.807031 0.604492 0.807031 0.604004 0.807422 0.603516 0.807422 0.603027 0.807813 0.602539 0.807813 0.602051 0.808203 0.601562 0.808203 0.600586 0.808594 0.600098 0.808594 0.594238 0.807031 0.592285
1 0.697656 0.629883 0.696484 0.631348 0.696484 0.634766 0.699219 0.638184 0.7 0.638184 0.700391 0.638672 0.701172 0.638672 0.701562 0.63916 0.701953 0.63916 0.702344 0.639648 0.703516 0.639648 0.703906 0.640137 0.704297 0.640137 0.705469 0.641602 0.705859 0.641602 0.707031 0.643066 0.707422 0.643066 0.708984 0.64502 0.709375 0.64502 0.709766 0.645508 0.710156 0.645508 0.710547 0.645996 0.712109 0.645996 0.7125 0.646484 0.714063 0.646484 0.714453 0.646973 0.717969 0.646973 0.718359 0.647461 0.721875 0.647461 0.722266 0.647949 0.725391 0.647949 0.726953 0.645996 0.726953 0.642578 0.725391 0.640625 0.725 0.640625 0.724609 0.640137 0.724219 0.640137 0.723828 0.639648 0.723437 0.639648 0.723047 0.63916 0.722266 0.63916 0.721484 0.638184 0.719531 0.638184 0.71875 0.637207 0.718359 0.637207 0.717969 0.636719 0.716797 0.636719 0.716016 0.635742 0.715625 0.635742 0.715234 0.635254 0.714844 0.635254 0.714453 0.634766 0.714063 0.634766 0.713672 0.634277 0.713281 0.634277 0.712891 0.633789 0.7125 0.633789 0.712109 0.633301 0.710938 0.633301 0.709766 0.631836 0.709375 0.631836 0.708984 0.631348 0.707031 0.631348 0.706641 0.630859 0.704297 0.630859 0.703906 0.630371 0.702734 0.630371 0.702344 0.629883
2 0.716406 0.649902 0.715234 0.651367 0.715234 0.655762 0.716016 0.656738 0.716016 0.657227 0.716406 0.657715 0.716406 0.658203 0.717578 0.659668 0.717578 0.660645 0.717969 0.661133 0.717969 0.661621 0.719531 0.663574 0.719531 0.664062 0.723437 0.668945 0.723828 0.668945 0.725 0.67041 0.725391 0.67041 0.726172 0.671387 0.726562 0.671387 0.726953 0.671875 0.727344 0.671875 0.727734 0.672363 0.728906 0.672363 0.729297 0.672852 0.729688 0.672852 0.730078 0.67334 0.740625 0.67334 0.741797 0.671875 0.741797 0.669922 0.738672 0.666016 0.738281 0.666016 0.737891 0.665527 0.7375 0.665527 0.737109 0.665039 0.736328 0.665039 0.735547 0.664062 0.733984 0.664062 0.733594 0.663574 0.730078 0.663574 0.729688 0.663086 0.728906 0.663086 0.728516 0.662598 0.727344 0.662598 0.726953 0.662109 0.726562 0.662109 0.721875 0.65625 0.721875 0.655273 0.721484 0.654785 0.721484 0.654297 0.720313 0.652832 0.720313 0.652344 0.718359 0.649902
2 0.775 0.686523 0.774609 0.687012 0.774219 0.687012 0.773047 0.688477 0.772656 0.688477 0.772266 0.688965 0.771484 0.688965 0.771094 0.689453 0.770703 0.689453 0.770312 0.689941 0.769922 0.689941 0.769531 0.69043 0.769141 0.69043 0.767969 0.691895 0.767969 0.692383 0.767578 0.692871 0.767578 0.695312 0.76875 0.696777 0.770312 0.696777 0.770703 0.696289 0.783203 0.696289 0.784375 0.697754 0.784766 0.697754 0.785156 0.698242 0.785547 0.698242 0.787891 0.701172 0.787891 0.70166 0.788281 0.702148 0.788281 0.702637 0.788672 0.703125 0.788672 0.703613 0.789453 0.70459 0.789453 0.705078 0.789844 0.705566 0.789844 0.706543 0.791016 0.708008 0.79375 0.708008 0.794922 0.706543 0.794922 0.706055 0.795703 0.705078 0.795703 0.699219 0.795312 0.69873 0.795312 0.697266 0.794922 0.696777 0.794922 0.695801 0.794531 0.695312 0.794531 0.694824 0.79375 0.693848 0.79375 0.693359 0.791797 0.690918 0.791406 0.690918 0.790234 0.689453 0.789844 0.689453 0.789062 0.688477 0.788672 0.688477 0.787891 0.6875 0.7875 0.6875 0.786719 0.686523
2 0.823047 0.664062 0.822266 0.665039 0.821875 0.665039 0.821484 0.665527 0.821094 0.665527 0.820703 0.666016 0.820312 0.666016 0.819922 0.666504 0.819531 0.666504 0.819141 0.666992 0.817187 0.666992 0.816797 0.66748 0.815234 0.66748 0.814844 0.667969 0.813672 0.667969 0.813281 0.668457 0.812891 0.668457 0.809375 0.672852 0.809375 0.675781 0.810937 0.677734 0.81875 0.677734 0.819141 0.677246 0.821094 0.677246 0.821875 0.67627 0.822656 0.67627 0.823047 0.675781 0.823438 0.675781 0.824609 0.674316 0.825 0.674316 0.825391 0.673828 0.825781 0.673828 0.826172 0.67334 0.826562 0.67334 0.827344 0.672363 0.827734 0.672363 0.828906 0.670898 0.829297 0.670898 0.830469 0.669434 0.830469 0.666016 0.828906 0.664062
2 0.3125 0.620605 0.311328 0.62207 0.311328 0.625488 0.311719 0.625977 0.311719 0.626465 0.312891 0.62793 0.312891 0.628418 0.314063 0.629883 0.314063 0.630371 0.317188 0.634277 0.317188 0.634766 0.319531 0.637695 0.319922 0.637695 0.323047 0.641602 0.323437 0.641602 0.323828 0.64209 0.324219 0.64209 0.326562 0.64502 0.326562 0.645508 0.327734 0.646973 0.328125 0.646973 0.328906 0.647949 0.329297 0.647949 0.329688 0.648438 0.330078 0.648438 0.330469 0.648926 0.332813 0.648926 0.333984 0.647461 0.333984 0.646973 0.335156 0.645508 0.335156 0.643066 0.334766 0.642578 0.334766 0.640137 0.333594 0.638672 0.333203 0.638672 0.332031 0.637207 0.331641 0.637207 0.329297 0.634277 0.328906 0.634277 0.328125 0.633301 0.327344 0.633301 0.325781 0.631348 0.325 0.631348 0.324609 0.630859 0.324219 0.630859 0.323828 0.630371 0.323047 0.630371 0.322656 0.629883 0.322266 0.629883 0.321484 0.628906 0.321094 0.628906 0.315625 0.62207 0.315234 0.62207 0.314063 0.620605
2 0.779687 0.524902 0.779297 0.525391 0.778516 0.525391 0.777344 0.526855 0.777344 0.53125 0.777734 0.531738 0.777734 0.540527 0.778125 0.541016 0.778125 0.556152 0.777734 0.556641 0.777734 0.558105 0.776953 0.559082 0.776953 0.55957 0.776172 0.560547 0.775781 0.560547 0.771484 0.565918 0.771484 0.566406 0.771094 0.566895 0.771094 0.568848 0.772266 0.570312 0.774219 0.570312 0.776172 0.567871 0.776563 0.567871 0.776953 0.567383 0.777734 0.567383 0.778906 0.565918 0.779297 0.565918 0.779687 0.56543 0.780078 0.56543 0.782813 0.562012 0.782813 0.561523 0.784766 0.559082 0.784766 0.558594 0.785156 0.558105 0.785156 0.557617 0.785547 0.557129 0.785547 0.556641 0.786719 0.555176 0.786719 0.554688 0.787109 0.554199 0.787109 0.552734 0.7875 0.552246 0.7875 0.551758 0.787891 0.55127 0.787891 0.537109 0.7875 0.536621 0.7875 0.536133 0.787109 0.535645 0.787109 0.534668 0.786719 0.53418 0.786719 0.533691 0.786328 0.533203 0.786328 0.532227 0.785156 0.530762 0.785156 0.530273 0.784375 0.529297 0.784375 0.528809 0.783203 0.527344 0.783203 0.526855 0.781641 0.524902
2 0.610156 0.454102 0.608984 0.455566 0.608984 0.458008 0.610156 0.459473 0.610547 0.459473 0.610938 0.459961 0.611328 0.459961 0.612109 0.460938 0.6125 0.460938 0.613281 0.461914 0.613672 0.461914 0.614062 0.462402 0.615625 0.462402 0.616406 0.463379 0.616797 0.463379 0.617969 0.464844 0.618359 0.464844 0.620313 0.467285 0.620313 0.467773 0.621484 0.469238 0.621875 0.469238 0.622656 0.470215 0.622656 0.470703 0.625 0.473633 0.625 0.474121 0.625781 0.475098 0.625781 0.475586 0.626953 0.477051 0.626953 0.477539 0.629297 0.480469 0.630859 0.480469 0.633203 0.477539 0.633203 0.477051 0.633984 0.476074 0.633984 0.472656 0.633594 0.472168 0.633594 0.47168 0.632031 0.469727 0.632031 0.469238 0.628125 0.464355 0.627734 0.464355 0.626563 0.462891 0.626172 0.462891 0.625391 0.461914 0.625 0.461914 0.624219 0.460938 0.623828 0.460938 0.623047 0.459961 0.622656 0.459961 0.621875 0.458984 0.621484 0.458984 0.621094 0.458496 0.620313 0.458496 0.619531 0.45752 0.618359 0.45752 0.617969 0.457031 0.617578 0.457031 0.617188 0.456543 0.616797 0.456543 0.616406 0.456055 0.615625 0.456055 0.615234 0.455566 0.614453 0.455566 0.614062 0.455078 0.613281 0.455078 0.612891 0.45459 0.612109 0.45459 0.611719 0.454102
2 0.632031 0.441406 0.630859 0.442871 0.630859 0.444824 0.631641 0.445801 0.631641 0.446289 0.632422 0.447266 0.632422 0.447754 0.634766 0.450684 0.635156 0.450684 0.635547 0.451172 0.635547 0.45166 0.636719 0.453125 0.637109 0.453125 0.638281 0.45459 0.638281 0.455078 0.640234 0.45752 0.640234 0.458008 0.642188 0.460449 0.642188 0.461914 0.641797 0.462402 0.641797 0.463867 0.641406 0.464355 0.641406 0.465332 0.641016 0.46582 0.641016 0.466309 0.640625 0.466797 0.640625 0.470215 0.642188 0.472168 0.642578 0.472168 0.642969 0.472656 0.646094 0.472656 0.648828 0.469238 0.648828 0.46875 0.649609 0.467773 0.649609 0.46582 0.65 0.465332 0.65 0.462402 0.650391 0.461914 0.650391 0.458008 0.65 0.45752 0.65 0.456543 0.649609 0.456055 0.649609 0.455566 0.648438 0.454102 0.648438 0.453613 0.647656 0.452637 0.647656 0.452148 0.645312 0.449219 0.644922 0.449219 0.644531 0.44873 0.644141 0.44873 0.642969 0.447266 0.642188 0.447266 0.641016 0.445801 0.640625 0.445801 0.640234 0.445312 0.639844 0.445312 0.639062 0.444336 0.638281 0.444336 0.637109 0.442871 0.635938 0.442871 0.635547 0.442383 0.635156 0.442383 0.634766 0.441895 0.633984 0.441895 0.633594 0.441406
2 0.644531 0.391602 0.643359 0.393066 0.643359 0.39502 0.646094 0.398438 0.646094 0.398926 0.646875 0.399902 0.646875 0.400391 0.647266 0.400879 0.647266 0.401367 0.647656 0.401855 0.647656 0.404297 0.648047 0.404785 0.648047 0.413086 0.648438 0.413574 0.648438 0.414062 0.648828 0.414551 0.648828 0.415527 0.649219 0.416016 0.649219 0.416504 0.65 0.41748 0.65 0.417969 0.650391 0.418457 0.650391 0.418945 0.650781 0.419434 0.650781 0.420898 0.651172 0.421387 0.651172 0.421875 0.652344 0.42334 0.652344 0.424316 0.653125 0.425293 0.653125 0.425781 0.653516 0.42627 0.653516 0.427246 0.655078 0.429199 0.657031 0.429199 0.658203 0.427734 0.658203 0.42627 0.658594 0.425781 0.658594 0.416016 0.658203 0.415527 0.658203 0.414551 0.657813 0.414062 0.657813 0.413574 0.657031 0.412598 0.657031 0.411621 0.656641 0.411133 0.656641 0.410156 0.65625 0.409668 0.65625 0.408691 0.655469 0.407715 0.655469 0.400391 0.655078 0.399902 0.655078 0.399414 0.653906 0.397949 0.653906 0.397461 0.650781 0.393555 0.649219 0.393555 0.648828 0.393066 0.647656 0.393066 0.646484 0.391602
2 0.657422 0.445312 0.65625 0.446777 0.65625 0.447266 0.655469 0.448242 0.655469 0.45459 0.657813 0.45752 0.657813 0.458008 0.658984 0.459473 0.658984 0.459961 0.660547 0.461914 0.660547 0.462402 0.665234 0.468262 0.665625 0.468262 0.666016 0.46875 0.666406 0.46875 0.666797 0.469238 0.667578 0.469238 0.668359 0.470215 0.66875 0.470215 0.669531 0.471191 0.669922 0.471191 0.670312 0.47168 0.670703 0.47168 0.671875 0.473145 0.672266 0.473145 0.672656 0.473633 0.673047 0.473633 0.673828 0.474609 0.674219 0.474609 0.674609 0.475098 0.675 0.475098 0.675391 0.475586 0.675781 0.475586 0.676172 0.476074 0.677734 0.476074 0.678906 0.474609 0.678906 0.47168 0.678516 0.471191 0.678516 0.470703 0.678125 0.470215 0.678125 0.469727 0.668359 0.45752 0.668359 0.457031 0.667578 0.456055 0.667578 0.455566 0.666406 0.454102 0.666406 0.453613 0.666016 0.453125 0.666016 0.452637 0.665234 0.45166 0.665234 0.450684 0.664062 0.449219 0.663672 0.449219 0.661328 0.446289 0.660937 0.446289 0.660547 0.445801 0.660156 0.445801 0.659766 0.445312
2 0.609375 0.396973 0.608984 0.397461 0.607812 0.397461 0.606641 0.398926 0.605859 0.398926 0.605469 0.399414 0.605078 0.399414 0.601172 0.404297 0.601172 0.404785 0.599219 0.407227 0.599219 0.408203 0.598437 0.40918 0.598437 0.409668 0.598047 0.410156 0.598047 0.41748 0.598437 0.417969 0.598437 0.418457 0.598828 0.418945 0.598828 0.419434 0.6 0.420898 0.601953 0.420898 0.603125 0.419434 0.603125 0.416504 0.603906 0.415527 0.603906 0.414551 0.604297 0.414062 0.604297 0.413574 0.605078 0.412598 0.605078 0.412109 0.607031 0.409668 0.607422 0.409668 0.608203 0.408691 0.608594 0.408691 0.608984 0.408203 0.609766 0.408203 0.610156 0.407715 0.610547 0.407715 0.610938 0.407227 0.612891 0.407227 0.613281 0.406738 0.617188 0.406738 0.619141 0.404297 0.619141 0.400879 0.616406 0.397461 0.615234 0.397461 0.614844 0.396973
2 0.587891 0.410156 0.586328 0.412109 0.586328 0.414551 0.588672 0.41748 0.589063 0.41748 0.589453 0.417969 0.589844 0.417969 0.590234 0.418457 0.590625 0.418457 0.591406 0.419434 0.592578 0.419434 0.59375 0.420898 0.594531 0.420898 0.595313 0.421875 0.595703 0.421875 0.596484 0.422852 0.596875 0.422852 0.598047 0.424316 0.598047 0.424805 0.598828 0.425781 0.598828 0.426758 0.600781 0.429199 0.602344 0.429199 0.603516 0.427734 0.603516 0.424805 0.603125 0.424316 0.603125 0.423828 0.601953 0.422363 0.601953 0.421875 0.601562 0.421387 0.601562 0.420898 0.600391 0.419434 0.600391 0.418945 0.598437 0.416504 0.598437 0.416016 0.596094 0.413086 0.595703 0.413086 0.594531 0.411621 0.594141 0.411621 0.59375 0.411133 0.592969 0.411133 0.592578 0.410645 0.592187 0.410645 0.591797 0.410156
2 0.755469 0.474121 0.754297 0.475586 0.754297 0.476074 0.753125 0.477539 0.753125 0.478027 0.752734 0.478516 0.752734 0.479004 0.751563 0.480469 0.751563 0.480957 0.751172 0.481445 0.751172 0.481934 0.749609 0.483887 0.749609 0.484375 0.749219 0.484863 0.749219 0.48584 0.747266 0.488281 0.747266 0.489746 0.746875 0.490234 0.746875 0.490723 0.746094 0.491699 0.746094 0.492188 0.745703 0.492676 0.745703 0.494141 0.745313 0.494629 0.745313 0.5 0.746484 0.501465 0.748437 0.501465 0.75 0.499512 0.75 0.499023 0.750391 0.498535 0.750391 0.498047 0.751172 0.49707 0.751172 0.496582 0.753125 0.494141 0.753125 0.493164 0.753516 0.492676 0.753516 0.492188 0.753906 0.491699 0.753906 0.490723 0.755469 0.48877 0.755469 0.487793 0.75625 0.486816 0.75625 0.48584 0.756641 0.485352 0.756641 0.484863 0.757422 0.483887 0.757422 0.483398 0.757812 0.48291 0.757812 0.481445 0.758203 0.480957 0.758203 0.480469 0.758594 0.47998 0.758594 0.479492 0.758984 0.479004 0.758984 0.475586 0.757812 0.474121
2 0.307031 0.784668 0.305859 0.786133 0.305859 0.788574 0.308203 0.791504 0.308984 0.791504 0.310156 0.792969 0.310547 0.792969 0.311719 0.794434 0.3125 0.794434 0.312891 0.794922 0.313281 0.794922 0.313672 0.79541 0.314844 0.79541 0.316016 0.796875 0.316797 0.796875 0.317188 0.797363 0.317969 0.797363 0.31875 0.79834 0.319922 0.79834 0.320703 0.799316 0.321484 0.799316 0.322266 0.800293 0.323437 0.800293 0.323828 0.800781 0.324219 0.800781 0.324609 0.80127 0.327344 0.80127 0.327734 0.801758 0.328516 0.801758 0.328906 0.802246 0.339062 0.802246 0.340234 0.800781 0.340234 0.797852 0.339062 0.796387 0.338281 0.796387 0.337891 0.795898 0.336719 0.795898 0.336328 0.79541 0.335547 0.79541 0.335156 0.794922 0.334375 0.794922 0.333984 0.794434 0.333594 0.794434 0.333203 0.793945 0.332813 0.793945 0.332422 0.793457 0.332031 0.793457 0.331641 0.792969 0.330469 0.792969 0.330078 0.79248 0.329297 0.79248 0.328906 0.791992 0.327344 0.791992 0.326953 0.791504 0.326562 0.791504 0.326172 0.791016 0.325781 0.791016 0.325391 0.790527 0.325 0.790527 0.324609 0.790039 0.323828 0.790039 0.323437 0.789551 0.322266 0.789551 0.321875 0.789062 0.321484 0.789062 0.321094 0.788574 0.320703 0.788574 0.320312 0.788086 0.319531 0.788086 0.319141 0.787598 0.316406 0.787598 0.316016 0.787109 0.315234 0.787109 0.314844 0.786621 0.312109 0.786621 0.311719 0.786133 0.310547 0.786133 0.310156 0.785645 0.309766 0.785645 0.308984 0.784668
1 0.298047 0.758301 0.296875 0.759766 0.296875 0.76416 0.298047 0.765625 0.298828 0.765625 0.299219 0.766113 0.299609 0.766113 0.3 0.766602 0.306641 0.766602 0.307031 0.76709 0.309375 0.76709 0.309766 0.767578 0.311328 0.767578 0.311719 0.768066 0.312109 0.768066 0.3125 0.768555 0.313281 0.768555 0.313672 0.769043 0.314063 0.769043 0.314844 0.77002 0.315234 0.77002 0.316016 0.770996 0.316406 0.770996 0.316797 0.771484 0.317578 0.771484 0.317969 0.771973 0.318359 0.771973 0.31875 0.772461 0.319531 0.772461 0.319922 0.772949 0.320312 0.772949 0.321094 0.773926 0.321875 0.773926 0.322266 0.774414 0.322656 0.774414 0.323047 0.774902 0.323437 0.774902 0.324219 0.775879 0.326562 0.775879 0.327734 0.774414 0.327734 0.772461 0.327344 0.771973 0.327344 0.771484 0.326953 0.770996 0.326953 0.770508 0.326562 0.77002 0.326562 0.769531 0.326172 0.769043 0.326172 0.768066 0.321875 0.762695 0.321484 0.762695 0.321094 0.762207 0.319531 0.762207 0.319141 0.761719 0.317969 0.761719 0.317188 0.760742 0.316016 0.760742 0.315625 0.760254 0.315234 0.760254 0.314844 0.759766 0.314453 0.759766 0.314063 0.759277 0.313672 0.759277 0.313281 0.758789 0.312109 0.758789 0.311719 0.758301
1 0.325781 0.723145 0.324609 0.724609 0.324609 0.727051 0.325 0.727539 0.325 0.730469 0.325391 0.730957 0.325391 0.736816 0.326172 0.737793 0.326172 0.739746 0.326953 0.740723 0.326953 0.741211 0.327734 0.742188 0.327734 0.743164 0.328125 0.743652 0.328125 0.744141 0.328516 0.744629 0.328516 0.746094 0.328906 0.746582 0.328906 0.750977 0.328516 0.751465 0.328516 0.752441 0.328125 0.75293 0.328125 0.753906 0.327734 0.754395 0.327734 0.754883 0.327344 0.755371 0.327344 0.755859 0.326562 0.756836 0.326562 0.757812 0.326172 0.758301 0.326172 0.762207 0.327344 0.763672 0.328906 0.763672 0.329688 0.762695 0.330078 0.762695 0.332031 0.760254 0.332031 0.759766 0.333594 0.757812 0.333594 0.757324 0.334375 0.756348 0.334375 0.755859 0.335156 0.754883 0.335156 0.754395 0.335547 0.753906 0.335547 0.753418 0.336328 0.752441 0.336328 0.751465 0.336719 0.750977 0.336719 0.750488 0.337109 0.75 0.337109 0.741699 0.336719 0.741211 0.336719 0.740723 0.336328 0.740234 0.336328 0.739258 0.335547 0.738281 0.335547 0.737793 0.332031 0.733398 0.332031 0.73291 0.331641 0.732422 0.331641 0.731934 0.33125 0.731445 0.33125 0.72998 0.330469 0.729004 0.330469 0.728027 0.330078 0.727539 0.330078 0.726562 0.327344 0.723145
2 0.322656 0.704102 0.321484 0.705566 0.321484 0.706055 0.321094 0.706543 0.321094 0.707031 0.320312 0.708008 0.320312 0.709961 0.321094 0.710938 0.321094 0.712402 0.322656 0.714355 0.322656 0.714844 0.323828 0.716309 0.323828 0.716797 0.324609 0.717773 0.324609 0.720215 0.325391 0.721191 0.325391 0.72168 0.326172 0.722656 0.326172 0.723145 0.326562 0.723633 0.326562 0.724121 0.326953 0.724609 0.326953 0.725098 0.327734 0.726074 0.327734 0.727051 0.328125 0.727539 0.328125 0.728516 0.329688 0.730469 0.329688 0.730957 0.332031 0.733887 0.332031 0.734375 0.335938 0.739258 0.336328 0.739258 0.337109 0.740234 0.3375 0.740234 0.338281 0.741211 0.339062 0.741211 0.339453 0.741699 0.341406 0.741699 0.342578 0.740234 0.342578 0.73584 0.342187 0.735352 0.342187 0.734863 0.341016 0.733398 0.341016 0.732422 0.339844 0.730957 0.339844 0.72998 0.3375 0.727051 0.3375 0.726074 0.337109 0.725586 0.337109 0.725098 0.336328 0.724121 0.336328 0.723633 0.333594 0.720215 0.333594 0.719727 0.332813 0.71875 0.332813 0.718262 0.332422 0.717773 0.332422 0.717285 0.331641 0.716309 0.331641 0.715332 0.330078 0.713379 0.330078 0.711426 0.329297 0.710449 0.329297 0.709961 0.328906 0.709473 0.328906 0.708496 0.328516 0.708008 0.328516 0.70752 0.326562 0.705078 0.326172 0.705078 0.325781 0.70459 0.325391 0.70459 0.325 0.704102
2 0.341016 0.748047 0.339844 0.749512 0.339844 0.751465 0.340234 0.751953 0.340234 0.754883 0.340625 0.755371 0.340625 0.756836 0.341016 0.757324 0.341016 0.762207 0.341406 0.762695 0.341406 0.763672 0.341797 0.76416 0.341797 0.764648 0.342578 0.765625 0.342578 0.766113 0.343359 0.76709 0.343359 0.767578 0.345703 0.770508 0.345703 0.770996 0.346094 0.771484 0.346094 0.771973 0.346484 0.772461 0.346484 0.772949 0.350391 0.777832 0.355859 0.777832 0.357031 0.776367 0.357031 0.775879 0.357422 0.775391 0.357422 0.770996 0.357031 0.770508 0.357031 0.77002 0.354297 0.766602 0.353906 0.766602 0.352734 0.765137 0.352344 0.765137 0.350781 0.763184 0.350781 0.762695 0.349219 0.760742 0.349219 0.760254 0.348438 0.759277 0.348438 0.758301 0.347656 0.757324 0.347656 0.756836 0.346484 0.755371 0.346484 0.754883 0.346094 0.754395 0.346094 0.753906 0.345703 0.753418 0.345703 0.75293 0.345313 0.752441 0.345313 0.751953 0.344922 0.751465 0.344922 0.750977 0.344141 0.75 0.344141 0.749512 0.342969 0.748047
2 0.352734 0.742676 0.351562 0.744141 0.351562 0.746582 0.351953 0.74707 0.351953 0.748047 0.352344 0.748535 0.352344 0.750977 0.352734 0.751465 0.352734 0.771973 0.353125 0.772461 0.353125 0.774902 0.353906 0.775879 0.353906 0.776367 0.354687 0.777344 0.354687 0.77832 0.355078 0.778809 0.355078 0.779297 0.355469 0.779785 0.355469 0.780273 0.356641 0.781738 0.358594 0.781738 0.359766 0.780273 0.359766 0.779785 0.360156 0.779297 0.360156 0.774902 0.360547 0.774414 0.360547 0.760742 0.360156 0.760254 0.360156 0.756836 0.359766 0.756348 0.359766 0.755859 0.359375 0.755371 0.359375 0.753418 0.358984 0.75293 0.358984 0.752441 0.358594 0.751953 0.358594 0.750977 0.358203 0.750488 0.358203 0.75 0.357812 0.749512 0.357812 0.749023 0.357031 0.748047 0.357031 0.74707 0.356641 0.746582 0.356641 0.745605 0.355859 0.744629 0.355859 0.744141 0.354687 0.742676
2 0.344141 0.714844 0.342969 0.716309 0.342969 0.719238 0.343359 0.719727 0.343359 0.723145 0.344141 0.724121 0.344141 0.726074 0.344922 0.727051 0.344922 0.727539 0.345313 0.728027 0.345313 0.729004 0.346094 0.72998 0.346094 0.731934 0.346875 0.73291 0.346875 0.733887 0.347266 0.734375 0.347266 0.734863 0.347656 0.735352 0.347656 0.736328 0.348438 0.737305 0.348438 0.73877 0.348828 0.739258 0.348828 0.739746 0.349219 0.740234 0.349219 0.741211 0.350391 0.742676 0.350391 0.744141 0.351172 0.745117 0.351172 0.745605 0.352734 0.747559 0.352734 0.748047 0.353516 0.749023 0.353516 0.749512 0.357422 0.754395 0.359766 0.754395 0.360938 0.75293 0.360938 0.746582 0.360547 0.746094 0.360547 0.745117 0.360156 0.744629 0.360156 0.744141 0.358984 0.742676 0.358984 0.742188 0.358594 0.741699 0.358594 0.740234 0.358203 0.739746 0.358203 0.739258 0.357812 0.73877 0.357812 0.738281 0.357031 0.737305 0.357031 0.736816 0.356641 0.736328 0.356641 0.73584 0.355469 0.734375 0.355469 0.733887 0.355078 0.733398 0.355078 0.732422 0.354297 0.731445 0.354297 0.730957 0.353125 0.729492 0.353125 0.729004 0.352344 0.728027 0.352344 0.727539 0.351562 0.726562 0.351562 0.726074 0.350781 0.725098 0.350781 0.724609 0.35 0.723633 0.35 0.723145 0.349219 0.722168 0.349219 0.72168 0.348438 0.720703 0.348438 0.720215 0.347656 0.719238 0.347656 0.718262 0.347266 0.717773 0.347266 0.716797 0.345703 0.714844
2 0.348828 0.672363 0.347656 0.673828 0.347656 0.674316 0.347266 0.674805 0.347266 0.677734 0.347656 0.678223 0.347656 0.680664 0.348047 0.681152 0.348047 0.682617 0.348438 0.683105 0.348438 0.685059 0.348828 0.685547 0.348828 0.686523 0.349219 0.687012 0.349219 0.687988 0.349609 0.688477 0.349609 0.689453 0.35 0.689941 0.35 0.69043 0.350391 0.690918 0.350391 0.691895 0.351172 0.692871 0.351172 0.693359 0.351562 0.693848 0.351562 0.694336 0.351953 0.694824 0.351953 0.695312 0.353125 0.696777 0.353125 0.697754 0.353516 0.698242 0.353516 0.69873 0.354297 0.699707 0.354297 0.700684 0.354687 0.701172 0.354687 0.70166 0.355078 0.702148 0.355078 0.703125 0.355469 0.703613 0.355469 0.705078 0.355859 0.705566 0.355859 0.706055 0.35625 0.706543 0.35625 0.708008 0.356641 0.708496 0.356641 0.708984 0.357812 0.710449 0.360547 0.710449 0.362109 0.708496 0.362109 0.699707 0.361719 0.699219 0.361719 0.697754 0.361328 0.697266 0.361328 0.696289 0.360938 0.695801 0.360938 0.695312 0.360547 0.694824 0.360547 0.693359 0.360156 0.692871 0.360156 0.691895 0.359375 0.690918 0.359375 0.689941 0.358594 0.688965 0.358594 0.687988 0.357812 0.687012 0.357812 0.686523 0.357422 0.686035 0.357422 0.685547 0.357031 0.685059 0.357031 0.68457 0.356641 0.684082 0.356641 0.683594 0.35625 0.683105 0.35625 0.682617 0.355078 0.681152 0.355078 0.680176 0.353125 0.677734 0.353125 0.677246 0.352734 0.676758 0.352734 0.675781 0.352344 0.675293 0.352344 0.674805 0.350391 0.672363
2 0.353125 0.597656 0.351172 0.600098 0.351172 0.600586 0.350391 0.601562 0.350391 0.602539 0.349219 0.604004 0.349219 0.60498 0.348828 0.605469 0.348828 0.605957 0.348438 0.606445 0.348438 0.607422 0.347656 0.608398 0.347656 0.609863 0.346875 0.61084 0.346875 0.611816 0.346484 0.612305 0.346484 0.614746 0.346094 0.615234 0.346094 0.617188 0.345703 0.617676 0.345703 0.623047 0.345313 0.623535 0.345313 0.624023 0.344922 0.624512 0.344922 0.631348 0.346094 0.632812 0.347656 0.632812 0.349219 0.630859 0.349219 0.630371 0.35 0.629395 0.35 0.628906 0.351562 0.626953 0.351562 0.625977 0.351953 0.625488 0.351953 0.624023 0.352344 0.623535 0.352344 0.62207 0.352734 0.621582 0.352734 0.620117 0.353125 0.619629 0.353125 0.618164 0.353906 0.617188 0.353906 0.615723 0.354297 0.615234 0.354297 0.614746 0.354687 0.614258 0.354687 0.61377 0.355078 0.613281 0.355078 0.612793 0.355469 0.612305 0.355469 0.611328 0.355859 0.61084 0.355859 0.610352 0.35625 0.609863 0.35625 0.608398 0.356641 0.60791 0.356641 0.605957 0.357031 0.605469 0.357031 0.601562 0.356641 0.601074 0.356641 0.599121 0.355469 0.597656
2 0.435547 0.669922 0.435156 0.67041 0.434766 0.67041 0.434375 0.670898 0.433984 0.670898 0.433594 0.671387 0.433203 0.671387 0.432422 0.672363 0.432031 0.672363 0.429297 0.675781 0.428125 0.675781 0.425 0.679688 0.424609 0.679688 0.424219 0.680176 0.423828 0.680176 0.421484 0.683105 0.421484 0.685547 0.422656 0.687012 0.429688 0.687012 0.430078 0.686523 0.430469 0.686523 0.430859 0.686035 0.43125 0.686035 0.431641 0.685547 0.432422 0.685547 0.433203 0.68457 0.433984 0.68457 0.434375 0.684082 0.434766 0.684082 0.435156 0.683594 0.435547 0.683594 0.437109 0.681641 0.438281 0.681641 0.439844 0.679688 0.440625 0.679688 0.442578 0.677246 0.442969 0.677246 0.44375 0.67627 0.446875 0.67627 0.448828 0.673828 0.448828 0.671875 0.447656 0.67041 0.447266 0.67041 0.446875 0.669922
2 0.423047 0.607422 0.421875 0.608887 0.421875 0.610352 0.421484 0.61084 0.421484 0.611328 0.421094 0.611816 0.421094 0.613281 0.420703 0.61377 0.420703 0.614746 0.420312 0.615234 0.420312 0.616211 0.419922 0.616699 0.419922 0.619629 0.419531 0.620117 0.419531 0.620605 0.41875 0.621582 0.41875 0.62207 0.416406 0.625 0.416016 0.625 0.413672 0.62793 0.413281 0.62793 0.411328 0.630371 0.411328 0.630859 0.410938 0.631348 0.410938 0.633301 0.412109 0.634766 0.416797 0.634766 0.417578 0.633789 0.41875 0.633789 0.419531 0.632812 0.419922 0.632812 0.422266 0.629883 0.422266 0.629395 0.422656 0.628906 0.422656 0.62793 0.423438 0.626953 0.423438 0.626465 0.423828 0.625977 0.423828 0.622559 0.424219 0.62207 0.424219 0.619629 0.424609 0.619141 0.424609 0.617676 0.425 0.617188 0.425 0.614258 0.425391 0.61377 0.425391 0.612305 0.425781 0.611816 0.425781 0.608887 0.424609 0.607422
2 0.415234 0.623047 0.414844 0.623535 0.414453 0.623535 0.414062 0.624023 0.413281 0.624023 0.412891 0.624512 0.4125 0.624512 0.412109 0.625 0.411719 0.625 0.411328 0.625488 0.410938 0.625488 0.410547 0.625977 0.409766 0.625977 0.409375 0.626465 0.408594 0.626465 0.408203 0.626953 0.406641 0.626953 0.40625 0.627441 0.405469 0.627441 0.405078 0.62793 0.401953 0.62793 0.401172 0.628906 0.4 0.628906 0.399609 0.629395 0.399219 0.629395 0.398438 0.630371 0.398047 0.630371 0.397266 0.631348 0.396875 0.631348 0.396094 0.632324 0.395313 0.632324 0.394141 0.633789 0.39375 0.633789 0.393359 0.634277 0.392969 0.634277 0.392578 0.634766 0.392188 0.634766 0.391016 0.63623 0.391016 0.638184 0.392188 0.639648 0.394922 0.639648 0.395313 0.63916 0.395703 0.639648 0.397266 0.639648 0.397656 0.63916 0.398047 0.639648 0.402344 0.639648 0.402734 0.63916 0.404297 0.63916 0.405078 0.638184 0.405859 0.638184 0.406641 0.637207 0.407813 0.637207 0.408984 0.635742 0.409375 0.635742 0.410938 0.633789 0.411328 0.633789 0.412109 0.632812 0.4125 0.632812 0.415625 0.628906 0.416016 0.628906 0.416406 0.628418 0.416797 0.628418 0.418359 0.626465 0.418359 0.624512 0.417187 0.623047
2 0.407813 0.643066 0.407422 0.643555 0.40625 0.643555 0.405859 0.644043 0.403516 0.644043 0.403125 0.644531 0.402344 0.644531 0.401953 0.64502 0.400391 0.64502 0.4 0.645508 0.396875 0.645508 0.396484 0.645996 0.396094 0.645996 0.395313 0.646973 0.394531 0.646973 0.391016 0.651367 0.391016 0.651855 0.390625 0.652344 0.390625 0.653809 0.390234 0.654297 0.390234 0.655762 0.389453 0.656738 0.389453 0.658203 0.389062 0.658691 0.389062 0.659668 0.388672 0.660156 0.388672 0.663086 0.389844 0.664551 0.391406 0.664551 0.391797 0.664062 0.392188 0.664062 0.392578 0.663574 0.392969 0.663574 0.394141 0.662109 0.394141 0.661621 0.395313 0.660156 0.396094 0.660156 0.396875 0.65918 0.397656 0.65918 0.398438 0.658203 0.398828 0.658203 0.399219 0.657715 0.399609 0.657715 0.401172 0.655762 0.401562 0.655762 0.402344 0.654785 0.403516 0.654785 0.404297 0.653809 0.404687 0.653809 0.405469 0.652832 0.405859 0.652832 0.40625 0.652344 0.406641 0.652344 0.407422 0.651367 0.408203 0.651367 0.410156 0.648926 0.410156 0.648438 0.410547 0.647949 0.410938 0.647949 0.412109 0.646484 0.412109 0.644531 0.410938 0.643066
2 0.323828 0.571777 0.322656 0.573242 0.322656 0.57666 0.323047 0.577148 0.323047 0.577637 0.323437 0.578125 0.323437 0.578613 0.323828 0.579102 0.323828 0.57959 0.325781 0.582031 0.326172 0.582031 0.328906 0.585449 0.329297 0.585449 0.329688 0.585938 0.330078 0.585938 0.330859 0.586914 0.33125 0.586914 0.332031 0.587891 0.332422 0.587891 0.332813 0.588379 0.333203 0.588379 0.335547 0.591309 0.335938 0.591309 0.343359 0.600586 0.344922 0.600586 0.346094 0.599121 0.346094 0.594238 0.345703 0.59375 0.345703 0.593262 0.345313 0.592773 0.345313 0.592285 0.344922 0.591797 0.344922 0.59082 0.344141 0.589844 0.344141 0.589355 0.34375 0.588867 0.34375 0.588379 0.342969 0.587402 0.342969 0.586914 0.341406 0.584961 0.341016 0.584961 0.339453 0.583008 0.339062 0.583008 0.337109 0.580566 0.336719 0.580566 0.335938 0.57959 0.335547 0.57959 0.332813 0.576172 0.332031 0.576172 0.33125 0.575195 0.330859 0.575195 0.330078 0.574219 0.329688 0.574219 0.329297 0.57373 0.328906 0.57373 0.328516 0.573242 0.328125 0.573242 0.327344 0.572266 0.326562 0.572266 0.326172 0.571777
2 0.450391 0.650879 0.448828 0.652832 0.448828 0.658691 0.449219 0.65918 0.449219 0.660645 0.449609 0.661133 0.449609 0.661621 0.450391 0.662598 0.450391 0.663086 0.450781 0.663574 0.450781 0.664551 0.451172 0.665039 0.451172 0.666016 0.451953 0.666992 0.451953 0.66748 0.452734 0.668457 0.452734 0.669922 0.453516 0.670898 0.453516 0.671387 0.454297 0.672363 0.454297 0.67334 0.455078 0.674316 0.455078 0.674805 0.456641 0.676758 0.457031 0.676758 0.457813 0.677734 0.461719 0.677734 0.462891 0.67627 0.462891 0.671387 0.4625 0.670898 0.4625 0.669434 0.462109 0.668945 0.462109 0.667969 0.461719 0.66748 0.461719 0.666016 0.460938 0.665039 0.460938 0.664062 0.458984 0.661621 0.458984 0.661133 0.457813 0.659668 0.457813 0.65918 0.457422 0.658691 0.457422 0.658203 0.456641 0.657227 0.456641 0.656738 0.455859 0.655762 0.455859 0.655273 0.454688 0.653809 0.454688 0.65332 0.453125 0.651367 0.452734 0.651367 0.452344 0.650879
2 0.463672 0.663574 0.461719 0.666016 0.461719 0.669434 0.463281 0.671387 0.463672 0.671387 0.464062 0.671875 0.466406 0.671875 0.466797 0.672363 0.474219 0.672363 0.474609 0.672852 0.475 0.672852 0.475391 0.67334 0.476562 0.67334 0.477344 0.674316 0.478906 0.674316 0.479687 0.675293 0.480078 0.675293 0.48125 0.676758 0.481641 0.676758 0.482031 0.677246 0.482422 0.677246 0.483594 0.678711 0.485156 0.678711 0.485547 0.679199 0.487109 0.679199 0.4875 0.679688 0.492578 0.679688 0.49375 0.678223 0.49375 0.672852 0.492969 0.671875 0.492969 0.670898 0.491797 0.669434 0.491406 0.669434 0.490625 0.668457 0.490234 0.668457 0.489844 0.667969 0.488281 0.667969 0.487891 0.66748 0.486719 0.66748 0.486328 0.666992 0.485938 0.666992 0.485547 0.666504 0.483594 0.666504 0.483203 0.666016 0.482422 0.666016 0.482031 0.665527 0.48125 0.665527 0.480859 0.665039 0.479687 0.665039 0.479297 0.664551 0.477734 0.664551 0.477344 0.664062 0.469922 0.664062 0.469531 0.663574
2 0.510938 0.605469 0.509766 0.606934 0.509766 0.607422 0.508984 0.608398 0.508984 0.609375 0.508203 0.610352 0.508203 0.611328 0.507812 0.611816 0.507812 0.612305 0.507422 0.612793 0.507422 0.61377 0.507031 0.614258 0.507031 0.615723 0.506641 0.616211 0.506641 0.617188 0.50625 0.617676 0.50625 0.618164 0.505859 0.618652 0.505859 0.619629 0.505469 0.620117 0.505469 0.620605 0.505078 0.621094 0.505078 0.621582 0.504687 0.62207 0.504687 0.624023 0.504297 0.624512 0.504297 0.631348 0.504687 0.631836 0.504687 0.633301 0.505469 0.634277 0.505469 0.634766 0.505859 0.635254 0.505859 0.635742 0.50625 0.63623 0.50625 0.636719 0.507031 0.637695 0.507031 0.638184 0.508984 0.640625 0.509375 0.640625 0.509766 0.641113 0.510547 0.641113 0.510938 0.641602 0.5125 0.641602 0.513672 0.640137 0.513672 0.636719 0.512891 0.635742 0.512891 0.631348 0.5125 0.630859 0.5125 0.628418 0.512109 0.62793 0.512109 0.614746 0.5125 0.614258 0.5125 0.61377 0.512891 0.613281 0.512891 0.61084 0.513672 0.609863 0.513672 0.606934 0.5125 0.605469
1 0.519141 0.596191 0.517969 0.597656 0.517969 0.599609 0.518359 0.600098 0.518359 0.600586 0.51875 0.601074 0.51875 0.602539 0.519141 0.603027 0.519141 0.604492 0.520703 0.606445 0.520703 0.606934 0.524219 0.611328 0.524609 0.611328 0.527734 0.615234 0.528125 0.615234 0.532422 0.620605 0.533594 0.620605 0.533984 0.621094 0.535156 0.621094 0.535937 0.62207 0.536719 0.62207 0.537891 0.623535 0.539453 0.623535 0.540625 0.62207 0.540625 0.621582 0.541016 0.621094 0.541016 0.618652 0.539062 0.616211 0.538672 0.616211 0.5375 0.614746 0.537109 0.614746 0.533984 0.61084 0.533594 0.61084 0.532813 0.609863 0.532422 0.609863 0.530469 0.607422 0.529687 0.607422 0.526563 0.603516 0.526172 0.603516 0.522266 0.598633 0.522266 0.598145 0.520703 0.596191
2 0.519141 0.620605 0.517188 0.623047 0.517188 0.623535 0.516406 0.624512 0.516406 0.625488 0.516016 0.625977 0.516016 0.626465 0.515625 0.626953 0.515625 0.62793 0.515234 0.628418 0.515234 0.629395 0.514844 0.629883 0.514844 0.630859 0.514453 0.631348 0.514453 0.632812 0.514062 0.633301 0.514062 0.635254 0.513672 0.635742 0.513672 0.63623 0.512891 0.637207 0.512891 0.638184 0.5125 0.638672 0.5125 0.640625 0.512109 0.641113 0.512109 0.641602 0.511719 0.64209 0.511719 0.661621 0.512109 0.662109 0.512109 0.663574 0.5125 0.664062 0.5125 0.664551 0.513672 0.666016 0.517188 0.666016 0.518359 0.664551 0.518359 0.649414 0.51875 0.648926 0.51875 0.645508 0.519141 0.64502 0.519141 0.642578 0.519531 0.64209 0.519531 0.640625 0.519922 0.640137 0.519922 0.635254 0.520312 0.634766 0.520312 0.633789 0.520703 0.633301 0.520703 0.632812 0.521094 0.632324 0.521094 0.631348 0.521484 0.630859 0.521484 0.629395 0.521875 0.628906 0.521875 0.62207 0.520703 0.620605
2 0.524609 0.634766 0.523438 0.63623 0.523438 0.637695 0.523047 0.638184 0.523047 0.640625 0.522656 0.641113 0.522656 0.641602 0.522266 0.64209 0.522266 0.645508 0.521875 0.645996 0.521875 0.646973 0.521484 0.647461 0.521484 0.648926 0.521094 0.649414 0.521094 0.650879 0.520703 0.651367 0.520703 0.652344 0.520312 0.652832 0.520312 0.653809 0.519922 0.654297 0.519922 0.654785 0.519531 0.655273 0.519531 0.664551 0.520312 0.665527 0.520312 0.666992 0.520703 0.66748 0.520703 0.667969 0.521875 0.669434 0.521875 0.669922 0.522266 0.67041 0.522266 0.670898 0.523828 0.672852 0.526172 0.672852 0.527344 0.671387 0.527344 0.67041 0.527734 0.669922 0.527734 0.667969 0.528125 0.66748 0.528125 0.660156 0.527734 0.659668 0.527734 0.657715 0.527344 0.657227 0.527344 0.63623 0.526172 0.634766
2 0.512109 0.555176 0.511719 0.555664 0.511328 0.555664 0.510156 0.557129 0.510156 0.557617 0.508984 0.559082 0.508203 0.559082 0.506641 0.561035 0.506641 0.561523 0.505859 0.5625 0.505859 0.563477 0.505469 0.563965 0.505469 0.564941 0.504687 0.565918 0.504687 0.566895 0.504297 0.567383 0.504297 0.568848 0.503906 0.569336 0.503906 0.570312 0.503125 0.571289 0.503125 0.571777 0.502734 0.572266 0.502734 0.572754 0.502344 0.573242 0.502344 0.574219 0.501563 0.575195 0.501563 0.577148 0.501172 0.577637 0.501172 0.584961 0.501563 0.585449 0.501563 0.585938 0.502734 0.587402 0.505469 0.587402 0.508984 0.583008 0.508984 0.58252 0.510547 0.580566 0.510547 0.580078 0.510938 0.57959 0.510938 0.579102 0.5125 0.577148 0.5125 0.576172 0.514062 0.574219 0.514062 0.573242 0.514844 0.572266 0.514844 0.571777 0.515234 0.571289 0.515234 0.570312 0.515625 0.569824 0.515625 0.569336 0.516016 0.568848 0.516016 0.568359 0.516797 0.567383 0.516797 0.565918 0.517188 0.56543 0.517188 0.562988 0.517578 0.5625 0.517578 0.557129 0.516406 0.555664 0.516016 0.555664 0.515625 0.555176
2 0.459766 0.605469 0.458594 0.606934 0.458594 0.60791 0.458203 0.608398 0.458203 0.609863 0.457422 0.61084 0.451953 0.61084 0.451562 0.610352 0.450391 0.610352 0.45 0.609863 0.449219 0.609863 0.448828 0.609375 0.448437 0.609375 0.448047 0.608887 0.446484 0.608887 0.446094 0.609375 0.444531 0.609375 0.442969 0.611328 0.442969 0.614746 0.446094 0.618652 0.446875 0.618652 0.447266 0.619141 0.448437 0.619141 0.448828 0.619629 0.453906 0.619629 0.454297 0.619141 0.455469 0.619141 0.455859 0.618652 0.456641 0.618652 0.457813 0.617188 0.458594 0.617188 0.459375 0.616211 0.459766 0.616211 0.460156 0.615723 0.460547 0.615723 0.462109 0.61377 0.462109 0.613281 0.4625 0.612793 0.4625 0.611816 0.463281 0.61084 0.463281 0.606934 0.462109 0.605469
2 0.432422 0.632812 0.43125 0.634277 0.43125 0.635742 0.430078 0.637207 0.430078 0.637695 0.429297 0.638672 0.429297 0.63916 0.428906 0.639648 0.428516 0.639648 0.425391 0.643555 0.425 0.643555 0.423047 0.645996 0.422656 0.645996 0.422266 0.646484 0.421875 0.646484 0.420312 0.648438 0.419922 0.648438 0.41875 0.649902 0.418359 0.649902 0.417578 0.650879 0.417187 0.650879 0.416406 0.651855 0.416016 0.651855 0.414453 0.653809 0.414062 0.653809 0.410938 0.657715 0.410938 0.658203 0.410547 0.658691 0.410547 0.661621 0.412109 0.663574 0.415234 0.663574 0.416016 0.662598 0.416797 0.662598 0.417187 0.662109 0.417969 0.662109 0.418359 0.661621 0.41875 0.661621 0.419531 0.660645 0.419922 0.660645 0.420312 0.660156 0.421094 0.660156 0.421875 0.65918 0.422266 0.65918 0.423047 0.658203 0.423438 0.658203 0.423828 0.657715 0.424219 0.657715 0.424609 0.657227 0.425 0.657227 0.425781 0.65625 0.426172 0.65625 0.426563 0.655762 0.426953 0.655762 0.427734 0.654785 0.428125 0.654785 0.428906 0.653809 0.429688 0.653809 0.433203 0.649414 0.433203 0.648926 0.433984 0.647949 0.433984 0.647461 0.434375 0.646973 0.434375 0.646484 0.434766 0.645996 0.434766 0.645508 0.435156 0.64502 0.435156 0.644043 0.435547 0.643555 0.435547 0.635742 0.435156 0.635254 0.435156 0.634277 0.433984 0.632812
2 0.430469 0.652832 0.429297 0.654297 0.429297 0.654785 0.428125 0.65625 0.428125 0.657227 0.427734 0.657715 0.427734 0.658203 0.427344 0.658691 0.427344 0.659668 0.426563 0.660645 0.426563 0.661133 0.425391 0.662598 0.425391 0.663086 0.424219 0.664551 0.424219 0.665039 0.423828 0.665527 0.423438 0.665527 0.423047 0.666016 0.421484 0.666016 0.421094 0.666504 0.411719 0.666504 0.411328 0.666992 0.410156 0.666992 0.409766 0.66748 0.409375 0.66748 0.408594 0.668457 0.408203 0.668457 0.406641 0.67041 0.406641 0.673828 0.407813 0.675293 0.408594 0.675293 0.408984 0.675781 0.421875 0.675781 0.422266 0.675293 0.425 0.675293 0.425391 0.674805 0.426172 0.674805 0.426563 0.674316 0.426953 0.674316 0.427344 0.673828 0.427734 0.673828 0.430859 0.669922 0.430859 0.669434 0.43125 0.668945 0.43125 0.668457 0.432422 0.666992 0.432422 0.665527 0.432812 0.665039 0.432812 0.664062 0.433203 0.663574 0.433203 0.663086 0.433594 0.662598 0.433594 0.655273 0.433203 0.654785 0.433203 0.654297 0.432031 0.652832
1 0.478125 0.76709 0.476953 0.768555 0.476953 0.770996 0.478125 0.772461 0.478125 0.772949 0.478516 0.773438 0.478516 0.773926 0.478125 0.774414 0.478125 0.776367 0.477734 0.776855 0.477734 0.778809 0.476172 0.780762 0.476172 0.78125 0.473828 0.78418 0.473438 0.78418 0.469531 0.789062 0.469531 0.789551 0.46875 0.790527 0.46875 0.791016 0.467578 0.79248 0.467578 0.793457 0.466406 0.794922 0.466406 0.79541 0.465234 0.796875 0.465234 0.797852 0.464453 0.798828 0.464453 0.799316 0.464062 0.799805 0.464062 0.800781 0.463672 0.80127 0.463672 0.806641 0.464844 0.808105 0.467187 0.808105 0.467969 0.807129 0.468359 0.807129 0.46875 0.806641 0.469531 0.806641 0.470703 0.805176 0.471484 0.805176 0.471875 0.804688 0.472656 0.804688 0.473828 0.803223 0.474219 0.803223 0.475391 0.801758 0.475391 0.80127 0.479687 0.795898 0.479687 0.79541 0.482422 0.791992 0.482422 0.791504 0.483203 0.790527 0.483203 0.790039 0.483594 0.789551 0.483594 0.789062 0.484375 0.788086 0.484375 0.787598 0.484766 0.787109 0.484766 0.786621 0.485156 0.786133 0.485156 0.785645 0.485547 0.785156 0.485547 0.784668 0.485938 0.78418 0.485938 0.776855 0.485547 0.776367 0.485547 0.775879 0.485156 0.775391 0.485156 0.774902 0.484766 0.774414 0.484766 0.773926 0.483203 0.771973 0.483203 0.771484 0.482812 0.770996 0.482812 0.770508 0.481641 0.769043 0.48125 0.769043 0.479687 0.76709
2 0.6 0.506836 0.598828 0.508301 0.598828 0.513672 0.601953 0.517578 0.602344 0.517578 0.602734 0.518066 0.605469 0.518066 0.605859 0.518555 0.60625 0.518555 0.607031 0.519531 0.611719 0.519531 0.612109 0.52002 0.6125 0.52002 0.612891 0.520508 0.614844 0.520508 0.615625 0.521484 0.617188 0.521484 0.617578 0.521973 0.619922 0.521973 0.621094 0.520508 0.621094 0.518066 0.619922 0.516602 0.619531 0.516602 0.619141 0.516113 0.618359 0.516113 0.617578 0.515137 0.617188 0.515137 0.616797 0.514648 0.616406 0.514648 0.615625 0.513672 0.614844 0.513672 0.614453 0.513184 0.613281 0.513184 0.612891 0.512695 0.6125 0.512695 0.612109 0.512207 0.611719 0.512207 0.610938 0.51123 0.609766 0.51123 0.608203 0.509277 0.607031 0.509277 0.60625 0.508301 0.605469 0.508301 0.605078 0.507812 0.604297 0.507812 0.603906 0.507324 0.601953 0.507324 0.601562 0.506836
2 0.48125 0.785645 0.480078 0.787109 0.480078 0.788086 0.479687 0.788574 0.479687 0.789062 0.479297 0.789551 0.479297 0.791504 0.478516 0.79248 0.478516 0.793457 0.477734 0.794434 0.477734 0.795898 0.477344 0.796387 0.477344 0.796875 0.475781 0.798828 0.475781 0.799316 0.473828 0.801758 0.473828 0.802246 0.472266 0.804199 0.471875 0.804199 0.466797 0.810547 0.466797 0.811035 0.466406 0.811523 0.466406 0.81543 0.467578 0.816895 0.467969 0.816895 0.468359 0.817383 0.471094 0.817383 0.471484 0.816895 0.471875 0.816895 0.472266 0.816406 0.472656 0.816406 0.473047 0.815918 0.473438 0.815918 0.477734 0.810547 0.477734 0.810059 0.479687 0.807617 0.479687 0.807129 0.480078 0.806641 0.480078 0.806152 0.480469 0.805664 0.480469 0.805176 0.481641 0.803711 0.481641 0.803223 0.482031 0.802734 0.482031 0.80127 0.482422 0.800781 0.482422 0.799805 0.482812 0.799316 0.482812 0.798828 0.483203 0.79834 0.483203 0.796875 0.483594 0.796387 0.483594 0.794922 0.483984 0.794434 0.483984 0.787109 0.482812 0.785645
2 0.544141 0.39209 0.543359 0.393066 0.542969 0.393066 0.542188 0.394043 0.541797 0.394043 0.541406 0.394531 0.540625 0.394531 0.540234 0.39502 0.539844 0.39502 0.539453 0.395508 0.538281 0.395508 0.537891 0.395996 0.536719 0.395996 0.535937 0.396973 0.535156 0.396973 0.534766 0.397461 0.533984 0.397461 0.533594 0.397949 0.533203 0.397949 0.532422 0.398926 0.532031 0.398926 0.53125 0.399902 0.530469 0.399902 0.530078 0.400391 0.529687 0.400391 0.529297 0.400879 0.528906 0.400879 0.528516 0.401367 0.527734 0.401367 0.525 0.404785 0.525 0.405273 0.523828 0.406738 0.523828 0.410156 0.525 0.411621 0.529297 0.411621 0.529687 0.411133 0.530469 0.411133 0.53125 0.410156 0.531641 0.410156 0.532422 0.40918 0.533984 0.40918 0.534766 0.408203 0.535547 0.408203 0.536328 0.407227 0.536719 0.407227 0.537109 0.406738 0.5375 0.406738 0.537891 0.40625 0.538672 0.40625 0.539062 0.405762 0.539453 0.405762 0.539844 0.405273 0.540234 0.405273 0.540625 0.404785 0.541016 0.404785 0.541406 0.404297 0.541797 0.404297 0.542188 0.403809 0.542969 0.403809 0.545703 0.400391 0.545703 0.399902 0.547266 0.397949 0.547266 0.397461 0.547656 0.396973 0.547656 0.393555 0.546484 0.39209
2 0.419141 0.782227 0.417187 0.784668 0.417187 0.789062 0.417578 0.789551 0.417578 0.790039 0.41875 0.791504 0.419141 0.791504 0.419531 0.791992 0.425 0.791992 0.425391 0.79248 0.426172 0.79248 0.426953 0.793457 0.426953 0.793945 0.427344 0.794434 0.427344 0.80127 0.426953 0.801758 0.426953 0.803711 0.426563 0.804199 0.426563 0.805664 0.426172 0.806152 0.426172 0.808105 0.425781 0.808594 0.425781 0.814941 0.426172 0.81543 0.426172 0.815918 0.426563 0.816406 0.426563 0.816895 0.427734 0.818359 0.428125 0.818359 0.428516 0.818848 0.430469 0.818848 0.432031 0.816895 0.432031 0.816406 0.432422 0.815918 0.432422 0.81543 0.432812 0.814941 0.432812 0.8125 0.433203 0.812012 0.433203 0.805664 0.433594 0.805176 0.433594 0.803223 0.433984 0.802734 0.433984 0.80127 0.434375 0.800781 0.434375 0.799805 0.434766 0.799316 0.434766 0.791504 0.434375 0.791016 0.434375 0.790039 0.433984 0.789551 0.433984 0.789062 0.432812 0.787598 0.432812 0.787109 0.431641 0.785645 0.43125 0.785645 0.430469 0.784668 0.430078 0.784668 0.429297 0.783691 0.428906 0.783691 0.428516 0.783203 0.427734 0.783203 0.426953 0.782227
2 0.367578 0.763184 0.366406 0.764648 0.366406 0.768066 0.367188 0.769043 0.367188 0.77002 0.368359 0.771484 0.36875 0.771484 0.371094 0.774414 0.371094 0.774902 0.373047 0.777344 0.373047 0.777832 0.373437 0.77832 0.373437 0.778809 0.373828 0.779297 0.373828 0.779785 0.375781 0.782227 0.375781 0.782715 0.376563 0.783691 0.376563 0.78418 0.377344 0.785156 0.377344 0.785645 0.379297 0.788086 0.379297 0.788574 0.380469 0.790039 0.380469 0.790527 0.381641 0.791992 0.381641 0.792969 0.385547 0.797852 0.386328 0.797852 0.387109 0.798828 0.3875 0.798828 0.387891 0.799316 0.388281 0.799316 0.388672 0.799805 0.390234 0.799805 0.392188 0.797363 0.392188 0.789062 0.391406 0.788086 0.391406 0.787598 0.390234 0.786133 0.390234 0.785645 0.389844 0.785156 0.389844 0.784668 0.389453 0.78418 0.389453 0.783691 0.387891 0.781738 0.387891 0.78125 0.385547 0.77832 0.385156 0.77832 0.383984 0.776855 0.383594 0.776855 0.382812 0.775879 0.382422 0.775879 0.38125 0.774414 0.38125 0.773926 0.380078 0.772461 0.379688 0.772461 0.377734 0.77002 0.377734 0.769531 0.375781 0.76709 0.375391 0.76709 0.374609 0.766113 0.374219 0.766113 0.373437 0.765137 0.372656 0.765137 0.371094 0.763184
2 0.475 0.723145 0.474609 0.723633 0.473828 0.723633 0.473438 0.724121 0.473047 0.724121 0.472656 0.724609 0.472266 0.724609 0.471484 0.725586 0.469531 0.725586 0.46875 0.726562 0.467969 0.726562 0.466797 0.728027 0.466016 0.728027 0.465625 0.728516 0.465234 0.728516 0.463672 0.730469 0.463281 0.730469 0.4625 0.731445 0.462109 0.731445 0.458984 0.735352 0.458984 0.73584 0.458203 0.736816 0.458203 0.737305 0.456641 0.739258 0.456641 0.739746 0.45625 0.740234 0.45625 0.740723 0.455859 0.741211 0.455859 0.741699 0.455469 0.742188 0.455469 0.745117 0.456641 0.746582 0.458203 0.746582 0.458594 0.746094 0.459375 0.746094 0.459766 0.745605 0.460156 0.745605 0.460547 0.745117 0.460938 0.745117 0.462109 0.743652 0.462891 0.743652 0.466016 0.739746 0.466406 0.739746 0.467578 0.738281 0.467969 0.738281 0.468359 0.737793 0.46875 0.737793 0.470313 0.73584 0.470703 0.73584 0.471484 0.734863 0.471875 0.734863 0.472656 0.733887 0.473047 0.733887 0.474219 0.732422 0.474609 0.732422 0.475391 0.731445 0.475781 0.731445 0.476172 0.730957 0.476562 0.730957 0.477344 0.72998 0.477734 0.72998 0.478125 0.729492 0.478906 0.729492 0.480078 0.728027 0.480078 0.726074 0.479297 0.725098 0.479297 0.724609 0.478125 0.723145
2 0.475 0.677734 0.473828 0.679199 0.473828 0.681152 0.473438 0.681641 0.473438 0.684082 0.473047 0.68457 0.473047 0.686523 0.472656 0.687012 0.472656 0.691895 0.472266 0.692383 0.472266 0.703613 0.471875 0.704102 0.471875 0.706055 0.471484 0.706543 0.471484 0.716797 0.472656 0.718262 0.473047 0.718262 0.473828 0.719238 0.475781 0.719238 0.476953 0.717773 0.476953 0.716797 0.477344 0.716309 0.477344 0.714355 0.477734 0.713867 0.477734 0.712402 0.478125 0.711914 0.478125 0.710938 0.478516 0.710449 0.478516 0.689453 0.478125 0.688965 0.478125 0.687012 0.477734 0.686523 0.477734 0.682129 0.478125 0.681641 0.478125 0.679688 0.476562 0.677734
2 0.472656 0.67041 0.472266 0.670898 0.471875 0.670898 0.471484 0.671387 0.471094 0.671387 0.46875 0.674316 0.467969 0.674316 0.467578 0.674805 0.466797 0.674805 0.464062 0.678223 0.464062 0.678711 0.463281 0.679688 0.463281 0.680176 0.462891 0.680664 0.462891 0.681641 0.462109 0.682617 0.462109 0.683105 0.461719 0.683594 0.461719 0.684082 0.461328 0.68457 0.461328 0.686035 0.460547 0.687012 0.460547 0.688477 0.460156 0.688965 0.460156 0.695801 0.460547 0.696289 0.460547 0.696777 0.460938 0.697266 0.460938 0.697754 0.461328 0.698242 0.461328 0.69873 0.4625 0.700195 0.465625 0.700195 0.466016 0.699707 0.466406 0.699707 0.466797 0.699219 0.467187 0.699219 0.46875 0.697266 0.46875 0.696777 0.469141 0.696289 0.469141 0.695312 0.470313 0.693848 0.470313 0.687988 0.470703 0.6875 0.470703 0.687012 0.471094 0.686523 0.471094 0.68457 0.471875 0.683594 0.471875 0.683105 0.473438 0.681152 0.473438 0.680664 0.475391 0.678223 0.475391 0.677734 0.476953 0.675781 0.476953 0.675293 0.477344 0.674805 0.477344 0.671875 0.476172 0.67041
1 0.510938 0.700684 0.509766 0.702148 0.509766 0.70459 0.510156 0.705078 0.510156 0.705566 0.512109 0.708008 0.5125 0.708008 0.513281 0.708984 0.513672 0.708984 0.514062 0.709473 0.514844 0.709473 0.515234 0.709961 0.515625 0.709961 0.516016 0.710449 0.516406 0.710449 0.516797 0.710938 0.517188 0.710938 0.517578 0.711426 0.517969 0.711426 0.518359 0.711914 0.51875 0.711914 0.519141 0.712402 0.519531 0.712402 0.519922 0.712891 0.520703 0.712891 0.521094 0.713379 0.521484 0.713379 0.521875 0.713867 0.523047 0.713867 0.523438 0.714355 0.539453 0.714355 0.539844 0.713867 0.540234 0.713867 0.541406 0.712402 0.541406 0.710449 0.540234 0.708984 0.536719 0.708984 0.536328 0.708496 0.533203 0.708496 0.532813 0.708008 0.528125 0.708008 0.527734 0.70752 0.527344 0.70752 0.526953 0.707031 0.525391 0.707031 0.525 0.706543 0.524219 0.706543 0.523438 0.705566 0.523047 0.705566 0.522656 0.705078 0.521094 0.705078 0.520703 0.70459 0.519141 0.70459 0.51875 0.704102 0.517969 0.704102 0.516016 0.70166 0.514844 0.70166 0.514062 0.700684
1 0.564453 0.703125 0.560937 0.70752 0.560937 0.708496 0.560156 0.709473 0.560156 0.709961 0.557813 0.712891 0.557813 0.714844 0.557422 0.715332 0.557422 0.71582 0.557031 0.716309 0.557031 0.716797 0.556641 0.717285 0.556641 0.717773 0.55625 0.718262 0.55625 0.71875 0.555859 0.719238 0.555859 0.721191 0.555469 0.72168 0.555469 0.722168 0.555078 0.722656 0.555078 0.726562 0.554688 0.727051 0.554688 0.743164 0.55625 0.745117 0.560156 0.745117 0.561719 0.743164 0.561719 0.742188 0.562109 0.741699 0.562109 0.719238 0.5625 0.71875 0.5625 0.718262 0.562891 0.717773 0.562891 0.715332 0.563281 0.714844 0.563281 0.713867 0.564063 0.712891 0.564063 0.711914 0.564453 0.711426 0.564453 0.710938 0.564844 0.710449 0.564844 0.709961 0.567187 0.707031 0.567187 0.70459 0.566016 0.703125
2 0.526172 0.737305 0.525781 0.737793 0.525391 0.737793 0.525 0.738281 0.524609 0.738281 0.524219 0.73877 0.523828 0.73877 0.523438 0.739258 0.522656 0.739258 0.521875 0.740234 0.519922 0.740234 0.519531 0.740723 0.518359 0.740723 0.517969 0.741211 0.516406 0.741211 0.515625 0.742188 0.514453 0.742188 0.514062 0.742676 0.507422 0.742676 0.507031 0.743164 0.506641 0.743164 0.50625 0.743652 0.505859 0.743652 0.505078 0.744629 0.504297 0.744629 0.503516 0.745605 0.503125 0.745605 0.501953 0.74707 0.501953 0.747559 0.501563 0.748047 0.501563 0.748535 0.501172 0.749023 0.501172 0.752441 0.503125 0.754883 0.503516 0.754883 0.503906 0.755371 0.504297 0.755371 0.504687 0.755859 0.50625 0.755859 0.506641 0.756348 0.5125 0.756348 0.512891 0.755859 0.513281 0.755859 0.513672 0.755371 0.514453 0.755371 0.515234 0.754395 0.516016 0.754395 0.516797 0.753418 0.517578 0.753418 0.517969 0.75293 0.519141 0.75293 0.519531 0.752441 0.519922 0.752441 0.520703 0.751465 0.521094 0.751465 0.521875 0.750488 0.522266 0.750488 0.523047 0.749512 0.523438 0.749512 0.527344 0.744629 0.527344 0.744141 0.527734 0.743652 0.527734 0.743164 0.528906 0.741699 0.528906 0.73877 0.527734 0.737305
1 0.429297 0.76123 0.428125 0.762695 0.428125 0.763672 0.427344 0.764648 0.427344 0.766602 0.428516 0.768066 0.428906 0.768066 0.429688 0.769043 0.430469 0.769043 0.430859 0.769531 0.431641 0.769531 0.433203 0.771484 0.433203 0.771973 0.433594 0.772461 0.433594 0.773438 0.433984 0.773926 0.433984 0.774414 0.434375 0.774902 0.434375 0.777832 0.434766 0.77832 0.434766 0.780762 0.435156 0.78125 0.435156 0.783203 0.435547 0.783691 0.435547 0.78418 0.438281 0.787598 0.438281 0.788574 0.439453 0.790039 0.440234 0.790039 0.441016 0.791016 0.441406 0.791016 0.441797 0.791504 0.445703 0.791504 0.446094 0.791016 0.446484 0.791016 0.448437 0.788574 0.448437 0.78125 0.447266 0.779785 0.447266 0.779297 0.446094 0.777832 0.446094 0.777344 0.444141 0.774902 0.444141 0.773926 0.443359 0.772949 0.443359 0.771973 0.442188 0.770508 0.442188 0.768066 0.441797 0.767578 0.441797 0.766113 0.441406 0.765625 0.441406 0.765137 0.439453 0.762695 0.438672 0.762695 0.438281 0.762207 0.437109 0.762207 0.436719 0.761719 0.433984 0.761719 0.433594 0.76123
2 0.417187 0.73877 0.416016 0.740234 0.416016 0.742188 0.417187 0.743652 0.417578 0.743652 0.417969 0.744141 0.418359 0.744141 0.41875 0.744629 0.419141 0.744629 0.419922 0.745605 0.421094 0.745605 0.421484 0.746094 0.421875 0.746094 0.422656 0.74707 0.423438 0.74707 0.425 0.749023 0.426953 0.749023 0.427344 0.749512 0.428906 0.749512 0.429297 0.75 0.430469 0.75 0.430859 0.750488 0.431641 0.750488 0.432031 0.750977 0.442578 0.750977 0.442969 0.751465 0.444141 0.751465 0.444531 0.751953 0.446094 0.751953 0.446484 0.752441 0.447266 0.752441 0.447656 0.75293 0.448437 0.75293 0.448828 0.753418 0.451953 0.753418 0.452734 0.754395 0.45625 0.754395 0.457422 0.75293 0.457422 0.750977 0.457031 0.750488 0.457031 0.75 0.455859 0.748535 0.455469 0.748535 0.455078 0.748047 0.454688 0.748047 0.454297 0.747559 0.453516 0.747559 0.453125 0.74707 0.452734 0.74707 0.451953 0.746094 0.451562 0.746094 0.450781 0.745117 0.449609 0.745117 0.449219 0.744629 0.448437 0.744629 0.448047 0.744141 0.447656 0.744141 0.447266 0.743652 0.446875 0.743652 0.446484 0.743164 0.446094 0.743164 0.445703 0.742676 0.444922 0.742676 0.44375 0.741211 0.442969 0.741211 0.442578 0.740723 0.440234 0.740723 0.439844 0.740234 0.439063 0.740234 0.438672 0.739746 0.437109 0.739746 0.436719 0.739258 0.424609 0.739258 0.424219 0.73877
2 0.436719 0.0493164 0.436328 0.0498047 0.435156 0.0498047 0.434766 0.050293 0.434375 0.050293 0.433984 0.0507812 0.433203 0.0507812 0.432812 0.0512695 0.432422 0.0512695 0.432031 0.0517578 0.430859 0.0517578 0.430078 0.0527344 0.429297 0.0527344 0.428906 0.0532227 0.428516 0.0532227 0.428125 0.0537109 0.427344 0.0537109 0.426953 0.0541992 0.426563 0.0541992 0.425781 0.0551758 0.425 0.0551758 0.423438 0.0571289 0.423047 0.0571289 0.422656 0.0576172 0.422266 0.0576172 0.421094 0.059082 0.421094 0.0595703 0.41875 0.0625 0.41875 0.0629883 0.417578 0.0644531 0.417578 0.065918 0.417187 0.0664062 0.417187 0.0673828 0.416797 0.0678711 0.416797 0.074707 0.417969 0.0761719 0.419531 0.0761719 0.420703 0.074707 0.420703 0.0732422 0.421094 0.0727539 0.421094 0.0722656 0.421484 0.0717773 0.421484 0.0708008 0.422656 0.0693359 0.422656 0.0688477 0.426953 0.0634766 0.427344 0.0634766 0.427734 0.0629883 0.428125 0.0629883 0.428906 0.0620117 0.429297 0.0620117 0.430469 0.0605469 0.43125 0.0605469 0.432031 0.0595703 0.432422 0.0595703 0.432812 0.059082 0.433203 0.059082 0.433594 0.0585938 0.433984 0.0585938 0.434375 0.0581055 0.435156 0.0581055 0.435547 0.0576172 0.435937 0.0576172 0.436328 0.0571289 0.436719 0.0571289 0.437109 0.0566406 0.4375 0.0566406 0.437891 0.0561523 0.438672 0.0561523 0.439063 0.0556641 0.439453 0.0556641 0.440625 0.0541992 0.441797 0.0541992 0.442969 0.0527344 0.442969 0.0507812 0.441797 0.0493164
2 0.389453 0.00634766 0.388281 0.0078125 0.388281 0.0234375 0.389062 0.0244141 0.389062 0.0249023 0.389453 0.0253906 0.389453 0.0273438 0.391016 0.0292969 0.391016 0.03125 0.392188 0.0327148 0.392188 0.0336914 0.392969 0.034668 0.392969 0.0351562 0.39375 0.0361328 0.39375 0.0371094 0.394922 0.0385742 0.396484 0.0385742 0.397656 0.0371094 0.397656 0.0268555 0.397266 0.0263672 0.397266 0.0229492 0.396875 0.0224609 0.396875 0.0214844 0.396094 0.0205078 0.396094 0.0185547 0.395703 0.0180664 0.395703 0.0175781 0.394531 0.0161133 0.394531 0.0146484 0.393359 0.0131836 0.393359 0.0102539 0.392188 0.00878906 0.392188 0.0078125 0.391016 0.00634766
2 0.521875 0.0117188 0.520703 0.0131836 0.520312 0.0131836 0.519922 0.0136719 0.519531 0.0136719 0.518359 0.0151367 0.518359 0.0161133 0.517578 0.0170898 0.516797 0.0170898 0.515625 0.0185547 0.515625 0.0195312 0.511719 0.0244141 0.511719 0.0249023 0.511328 0.0253906 0.511328 0.0263672 0.510938 0.0268555 0.510938 0.0273438 0.510156 0.0283203 0.510156 0.0288086 0.509766 0.0292969 0.509766 0.0302734 0.508984 0.03125 0.508984 0.0322266 0.508594 0.0327148 0.508594 0.0332031 0.507422 0.034668 0.507422 0.0361328 0.507031 0.0366211 0.507031 0.0371094 0.505859 0.0385742 0.505859 0.0395508 0.504687 0.0410156 0.504687 0.0439453 0.505859 0.0454102 0.507422 0.0454102 0.507812 0.0449219 0.508203 0.0449219 0.510938 0.0415039 0.510938 0.0405273 0.5125 0.0385742 0.5125 0.0380859 0.513672 0.0366211 0.513672 0.0361328 0.514844 0.034668 0.514844 0.0341797 0.517188 0.03125 0.517578 0.03125 0.51875 0.0297852 0.51875 0.0292969 0.519141 0.0288086 0.519141 0.0283203 0.520312 0.0268555 0.520312 0.0263672 0.521484 0.0249023 0.521484 0.0239258 0.526172 0.0180664 0.526953 0.0180664 0.527344 0.0175781 0.528516 0.0175781 0.529687 0.0161133 0.529687 0.0131836 0.528516 0.0117188 0.526172 0.0117188 0.525 0.0131836 0.524609 0.0131836 0.523438 0.0117188
2 0.398438 0.0834961 0.397266 0.0849609 0.397266 0.0883789 0.399609 0.0913086 0.399609 0.0917969 0.400781 0.0932617 0.401172 0.0932617 0.402734 0.0952148 0.403125 0.0952148 0.405469 0.0981445 0.40625 0.0981445 0.406641 0.0986328 0.407031 0.0986328 0.409375 0.101562 0.409766 0.101562 0.410547 0.102539 0.410938 0.102539 0.412891 0.10498 0.413281 0.10498 0.413672 0.105469 0.415234 0.105469 0.416406 0.104004 0.416406 0.101562 0.415625 0.100586 0.415625 0.100098 0.410938 0.0942383 0.410547 0.0942383 0.408984 0.0922852 0.408984 0.0917969 0.407813 0.090332 0.407031 0.090332 0.405469 0.0883789 0.403906 0.0883789 0.403516 0.0888672 0.401172 0.0859375 0.401172 0.0849609 0.4 0.0834961
2 0.573047 0.0126953 0.572656 0.0131836 0.571875 0.0131836 0.571484 0.0136719 0.570312 0.0136719 0.569922 0.0141602 0.569141 0.0141602 0.568359 0.0151367 0.567969 0.0151367 0.567578 0.015625 0.566797 0.015625 0.566016 0.0166016 0.565234 0.0166016 0.564844 0.0170898 0.564453 0.0170898 0.564063 0.0175781 0.563672 0.0175781 0.563281 0.0180664 0.560937 0.0180664 0.559766 0.0195312 0.559766 0.0214844 0.560937 0.0229492 0.569141 0.0229492 0.569531 0.0224609 0.578516 0.0224609 0.578906 0.0229492 0.585938 0.0229492 0.586328 0.0224609 0.587109 0.0224609 0.5875 0.0229492 0.592578 0.0229492 0.59375 0.0214844 0.59375 0.0195312 0.592578 0.0180664 0.591406 0.0180664 0.591016 0.0175781 0.589844 0.0175781 0.589063 0.0166016 0.587891 0.0166016 0.587109 0.015625 0.585938 0.015625 0.584375 0.0136719 0.583203 0.0136719 0.582812 0.0131836 0.582422 0.0131836 0.582031 0.0126953
2 0.607422 0.0415039 0.601953 0.0483398 0.601562 0.0483398 0.600391 0.0498047 0.600391 0.0507812 0.598828 0.0527344 0.598828 0.0532227 0.598437 0.0537109 0.598437 0.0541992 0.598047 0.0546875 0.598047 0.0551758 0.597656 0.0556641 0.597656 0.0566406 0.596875 0.0576172 0.596875 0.0585938 0.596484 0.059082 0.596484 0.0600586 0.596094 0.0605469 0.596094 0.0629883 0.595703 0.0634766 0.595703 0.0649414 0.595313 0.0654297 0.595313 0.065918 0.594922 0.0664062 0.594922 0.0673828 0.594531 0.0678711 0.594531 0.0683594 0.594141 0.0688477 0.594141 0.0727539 0.59375 0.0732422 0.59375 0.0786133 0.594141 0.0791016 0.594141 0.0800781 0.595703 0.0820312 0.597656 0.0820312 0.598828 0.0805664 0.598828 0.0786133 0.599219 0.078125 0.599219 0.0756836 0.599609 0.0751953 0.599609 0.0732422 0.6 0.0727539 0.6 0.0712891 0.600781 0.0703125 0.600781 0.0693359 0.601562 0.0683594 0.601562 0.0678711 0.601953 0.0673828 0.601953 0.0668945 0.602344 0.0664062 0.602344 0.065918 0.602734 0.0654297 0.602734 0.0649414 0.603125 0.0644531 0.603125 0.0639648 0.603516 0.0634766 0.603516 0.0625 0.604297 0.0615234 0.604297 0.0605469 0.605078 0.0595703 0.605078 0.059082 0.605469 0.0585938 0.605469 0.0581055 0.605859 0.0576172 0.605859 0.0566406 0.60625 0.0561523 0.60625 0.0551758 0.606641 0.0546875 0.606641 0.0541992 0.607031 0.0537109 0.607031 0.0532227 0.607422 0.0527344 0.607422 0.0517578 0.607812 0.0512695 0.607812 0.050293 0.608594 0.0493164 0.608594 0.0478516 0.608984 0.0473633 0.608984 0.046875 0.609375 0.0463867 0.609375 0.0458984 0.610156 0.0449219 0.610156 0.0429688 0.608984 0.0415039
2 0.527344 0.388672 0.526953 0.38916 0.526563 0.38916 0.525 0.391113 0.524609 0.391113 0.521094 0.395508 0.521094 0.395996 0.520703 0.396484 0.520703 0.396973 0.520312 0.397461 0.520312 0.398438 0.519531 0.399414 0.519531 0.399902 0.51875 0.400879 0.51875 0.401855 0.518359 0.402344 0.518359 0.402832 0.517969 0.40332 0.517969 0.404297 0.517578 0.404785 0.517578 0.405273 0.517188 0.405762 0.517188 0.410156 0.518359 0.411621 0.520312 0.411621 0.521875 0.409668 0.522266 0.409668 0.523047 0.408691 0.523438 0.408691 0.523828 0.408203 0.524219 0.408203 0.526563 0.405273 0.526563 0.404785 0.527344 0.403809 0.527344 0.40332 0.527734 0.402832 0.527734 0.402344 0.528125 0.401855 0.528125 0.400391 0.528906 0.399414 0.528906 0.398926 0.529297 0.398438 0.529297 0.396973 0.529687 0.396484 0.529687 0.394043 0.530078 0.393555 0.530078 0.390137 0.528906 0.388672
2 0.696094 0.0522461 0.694922 0.0537109 0.694922 0.0556641 0.695312 0.0561523 0.695312 0.0605469 0.695703 0.0610352 0.695703 0.0629883 0.696094 0.0634766 0.696094 0.0654297 0.696484 0.065918 0.696484 0.0668945 0.696875 0.0673828 0.696875 0.0693359 0.697266 0.0698242 0.697266 0.0712891 0.697656 0.0717773 0.697656 0.0722656 0.698047 0.0727539 0.698047 0.0737305 0.698438 0.0742188 0.698438 0.0756836 0.698828 0.0761719 0.698828 0.0766602 0.699219 0.0771484 0.699219 0.0800781 0.699609 0.0805664 0.699609 0.0820312 0.7 0.0825195 0.7 0.0839844 0.700391 0.0844727 0.700391 0.0859375 0.700781 0.0864258 0.700781 0.0869141 0.701953 0.0883789 0.703906 0.0883789 0.705859 0.0859375 0.705859 0.078125 0.705469 0.0776367 0.705469 0.0756836 0.705078 0.0751953 0.705078 0.0727539 0.704688 0.0722656 0.704688 0.0712891 0.703906 0.0703125 0.703906 0.0693359 0.703516 0.0688477 0.703516 0.0678711 0.703125 0.0673828 0.703125 0.0668945 0.702344 0.065918 0.702344 0.0654297 0.701562 0.0644531 0.701562 0.0634766 0.701172 0.0629883 0.701172 0.0620117 0.700781 0.0615234 0.700781 0.0605469 0.700391 0.0600586 0.700391 0.0595703 0.7 0.059082 0.7 0.0581055 0.699609 0.0576172 0.699609 0.0571289 0.699219 0.0566406 0.699219 0.0541992 0.697656 0.0522461
2 0.69375 0.0922852 0.693359 0.0927734 0.692187 0.0927734 0.690625 0.0947266 0.690625 0.0981445 0.691797 0.0996094 0.692187 0.0996094 0.692578 0.100098 0.698047 0.100098 0.698438 0.100586 0.701172 0.100586 0.701562 0.101074 0.702734 0.101074 0.703125 0.101562 0.704688 0.101562 0.705078 0.102051 0.707422 0.102051 0.707812 0.102539 0.708984 0.102539 0.709375 0.103027 0.712109 0.103027 0.712891 0.104004 0.714453 0.104004 0.714844 0.104492 0.715234 0.104492 0.715625 0.10498 0.716797 0.10498 0.717187 0.105469 0.717969 0.105469 0.718359 0.105957 0.719922 0.105957 0.721094 0.104492 0.721094 0.102051 0.719922 0.100586 0.719531 0.100586 0.719141 0.100098 0.71875 0.100098 0.718359 0.0996094 0.717969 0.0996094 0.717578 0.0991211 0.716797 0.0991211 0.716016 0.0981445 0.715625 0.0981445 0.715234 0.0976562 0.713281 0.0976562 0.7125 0.0966797 0.711719 0.0966797 0.710938 0.0957031 0.710156 0.0957031 0.709375 0.0947266 0.708203 0.0947266 0.707422 0.09375 0.707031 0.09375 0.706641 0.0932617 0.705859 0.0932617 0.705078 0.0922852
2 0.654687 0.150879 0.652734 0.15332 0.652734 0.181641 0.652344 0.182129 0.652344 0.18457 0.651172 0.186035 0.651172 0.1875 0.650781 0.187988 0.650781 0.200195 0.651172 0.200684 0.651172 0.20166 0.652734 0.203613 0.654297 0.203613 0.655469 0.202148 0.655469 0.200684 0.655859 0.200195 0.655859 0.199219 0.65625 0.19873 0.65625 0.198242 0.656641 0.197754 0.656641 0.196289 0.657422 0.195312 0.657422 0.190918 0.657813 0.19043 0.657813 0.187988 0.658203 0.1875 0.658203 0.187012 0.658984 0.186035 0.658984 0.184082 0.659766 0.183105 0.659766 0.182617 0.660156 0.182129 0.660156 0.180176 0.660547 0.179688 0.660547 0.178711 0.660937 0.178223 0.660937 0.176758 0.661328 0.17627 0.661328 0.175781 0.661719 0.175293 0.661719 0.169922 0.662109 0.169434 0.662109 0.159668 0.661719 0.15918 0.661719 0.157715 0.661328 0.157227 0.661328 0.156738 0.660937 0.15625 0.660937 0.155762 0.657031 0.150879
2 0.898828 0.00341797 0.896875 0.00585938 0.896875 0.00732422 0.896484 0.0078125 0.896484 0.00976562 0.896094 0.0102539 0.896094 0.0112305 0.895312 0.012207 0.895312 0.0131836 0.894922 0.0136719 0.894922 0.0146484 0.894531 0.0151367 0.894531 0.0175781 0.894141 0.0180664 0.894141 0.0200195 0.89375 0.0205078 0.89375 0.0229492 0.893359 0.0234375 0.893359 0.0283203 0.892969 0.0288086 0.892969 0.0488281 0.893359 0.0493164 0.893359 0.0507812 0.894531 0.0522461 0.897266 0.0522461 0.898438 0.0507812 0.898438 0.050293 0.898828 0.0498047 0.898828 0.0493164 0.899219 0.0488281 0.899219 0.0473633 0.899609 0.046875 0.899609 0.0463867 0.9 0.0458984 0.9 0.0439453 0.900391 0.043457 0.900391 0.0126953 0.900781 0.012207 0.900781 0.0107422 0.901563 0.00976562 0.901563 0.0078125 0.901172 0.00732422 0.901563 0.00683594 0.901563 0.00488281 0.900391 0.00341797
1 0.710938 0.805664 0.710156 0.806641 0.708594 0.806641 0.708203 0.807129 0.707422 0.807129 0.707031 0.807617 0.706641 0.807617 0.704688 0.810059 0.704688 0.811035 0.702734 0.813477 0.702734 0.814453 0.701172 0.816406 0.701172 0.816895 0.700781 0.817383 0.700781 0.817871 0.698438 0.820801 0.698047 0.820801 0.697266 0.821777 0.696875 0.821777 0.692578 0.827148 0.692578 0.828125 0.691406 0.82959 0.691406 0.830566 0.691016 0.831055 0.691016 0.831543 0.690625 0.832031 0.690625 0.837402 0.691797 0.838867 0.696875 0.838867 0.697266 0.838379 0.697656 0.838379 0.698047 0.837891 0.698828 0.837891 0.699219 0.837402 0.699609 0.837402 0.7 0.836914 0.700391 0.836914 0.700781 0.836426 0.701172 0.836426 0.704688 0.832031 0.705078 0.832031 0.70625 0.830566 0.70625 0.82959 0.707812 0.827637 0.707812 0.827148 0.708594 0.826172 0.708594 0.825684 0.709375 0.824707 0.709375 0.82373 0.710156 0.822754 0.710156 0.822266 0.710547 0.821777 0.710547 0.821289 0.710938 0.820801 0.710938 0.818848 0.711719 0.817871 0.711719 0.816895 0.712109 0.816406 0.712109 0.815918 0.7125 0.81543 0.7125 0.813477 0.713281 0.8125 0.713281 0.811035 0.713672 0.810547 0.713672 0.807129 0.7125 0.805664
2 0.768359 0.0727539 0.766406 0.0751953 0.766406 0.0756836 0.765234 0.0771484 0.765234 0.0800781 0.765625 0.0805664 0.765625 0.0810547 0.767188 0.0830078 0.767969 0.0830078 0.768359 0.0834961 0.769531 0.0834961 0.769922 0.0839844 0.770312 0.0839844 0.770703 0.0844727 0.771094 0.0844727 0.771484 0.0849609 0.775781 0.0849609 0.776172 0.0854492 0.777344 0.0854492 0.777734 0.0859375 0.778516 0.0859375 0.778906 0.0864258 0.784766 0.0864258 0.785547 0.0874023 0.788281 0.0874023 0.789062 0.0883789 0.794141 0.0883789 0.794531 0.0888672 0.795312 0.0888672 0.795703 0.0893555 0.796875 0.0893555 0.797266 0.0898438 0.798828 0.0898438 0.799219 0.090332 0.800781 0.090332 0.801953 0.0888672 0.801953 0.0869141 0.800781 0.0854492 0.800391 0.0854492 0.798828 0.0834961 0.797656 0.0834961 0.796875 0.0825195 0.796484 0.0825195 0.796094 0.0820312 0.795703 0.0820312 0.794922 0.0810547 0.794141 0.0810547 0.793359 0.0800781 0.792969 0.0800781 0.792188 0.0791016 0.791016 0.0791016 0.790234 0.078125 0.789844 0.078125 0.789062 0.0771484 0.788281 0.0771484 0.787109 0.0756836 0.786719 0.0756836 0.785937 0.074707 0.785156 0.074707 0.784375 0.0737305 0.783594 0.0737305 0.782813 0.0727539
2 0.470313 0.257812 0.469141 0.259277 0.469141 0.259766 0.468359 0.260742 0.468359 0.26123 0.467969 0.261719 0.467969 0.262207 0.467578 0.262695 0.467578 0.263672 0.466797 0.264648 0.466797 0.265137 0.466406 0.265625 0.466406 0.26709 0.466016 0.267578 0.466016 0.272461 0.466406 0.272949 0.466406 0.273438 0.466797 0.273926 0.466797 0.274414 0.467187 0.274902 0.467187 0.276367 0.467578 0.276855 0.467578 0.277344 0.468359 0.27832 0.468359 0.279297 0.46875 0.279785 0.46875 0.280273 0.469531 0.28125 0.469531 0.283203 0.471094 0.285156 0.472656 0.285156 0.473828 0.283691 0.473828 0.261719 0.473047 0.260742 0.473047 0.259277 0.471875 0.257812
2 0.482031 0.26709 0.479297 0.270508 0.479297 0.270996 0.478906 0.271484 0.478906 0.271973 0.478516 0.272461 0.478516 0.273438 0.477734 0.274414 0.477734 0.274902 0.474219 0.279297 0.474219 0.280273 0.473047 0.281738 0.473047 0.282227 0.472266 0.283203 0.472266 0.283691 0.470703 0.285645 0.470703 0.286133 0.469531 0.287598 0.469531 0.289551 0.470703 0.291016 0.472266 0.291016 0.472656 0.290527 0.473047 0.290527 0.473828 0.289551 0.474219 0.289551 0.477734 0.285156 0.478125 0.285156 0.479297 0.283691 0.479297 0.283203 0.480078 0.282227 0.480078 0.281738 0.480469 0.28125 0.480469 0.280762 0.480859 0.280273 0.480859 0.279785 0.48125 0.279297 0.48125 0.27832 0.482422 0.276855 0.482422 0.276367 0.482812 0.275879 0.482812 0.275391 0.483594 0.274414 0.483594 0.273926 0.484375 0.272949 0.484375 0.272461 0.484766 0.271973 0.484766 0.268555 0.483594 0.26709
1 0.464844 0.29834 0.463672 0.299805 0.463672 0.303711 0.464062 0.304199 0.464062 0.304688 0.468359 0.310059 0.46875 0.310059 0.469141 0.310547 0.469531 0.310547 0.470703 0.312012 0.471484 0.312012 0.472266 0.312988 0.473047 0.312988 0.474219 0.314453 0.475 0.314453 0.476562 0.316406 0.477344 0.316406 0.477734 0.316895 0.478125 0.316895 0.478516 0.317383 0.478906 0.317383 0.479297 0.317871 0.48125 0.317871 0.482031 0.318848 0.483203 0.318848 0.483594 0.319336 0.4875 0.319336 0.488672 0.317871 0.488672 0.315918 0.48125 0.306641 0.480859 0.306641 0.480078 0.305664 0.479687 0.305664 0.478906 0.304688 0.478516 0.304688 0.478125 0.304199 0.477344 0.304199 0.476562 0.303223 0.476172 0.303223 0.475781 0.302734 0.474609 0.302734 0.474219 0.302246 0.473828 0.302246 0.473438 0.301758 0.473047 0.301758 0.472656 0.30127 0.472266 0.30127 0.471484 0.300293 0.471094 0.300293 0.470703 0.299805 0.470313 0.299805 0.469922 0.299316 0.46875 0.299316 0.468359 0.298828 0.466797 0.298828 0.466406 0.29834
1 0.591016 0.162598 0.590625 0.163086 0.589844 0.163086 0.589453 0.163574 0.589063 0.163574 0.587891 0.165039 0.587891 0.168457 0.588281 0.168945 0.588281 0.169434 0.589063 0.17041 0.589063 0.170898 0.590234 0.172363 0.594141 0.172363 0.594531 0.171875 0.595313 0.171875 0.595703 0.172363 0.596875 0.172363 0.597266 0.172852 0.598047 0.172852 0.598437 0.17334 0.599219 0.17334 0.599609 0.173828 0.600391 0.173828 0.601172 0.174805 0.601562 0.174805 0.602734 0.17627 0.602734 0.177734 0.603125 0.178223 0.602344 0.179199 0.601562 0.179199 0.601172 0.179688 0.599609 0.179688 0.598437 0.181152 0.598437 0.183594 0.599609 0.185059 0.6 0.185059 0.600391 0.185547 0.608984 0.185547 0.609375 0.185059 0.610547 0.185059 0.610938 0.18457 0.612109 0.18457 0.6125 0.184082 0.612891 0.184082 0.614062 0.182617 0.614062 0.177734 0.613672 0.177246 0.613672 0.17627 0.613281 0.175781 0.613281 0.175293 0.612891 0.174805 0.612891 0.174316 0.6125 0.173828 0.6125 0.17334 0.612109 0.172852 0.612109 0.172363 0.611328 0.171387 0.611328 0.170898 0.610156 0.169434 0.609766 0.169434 0.609375 0.168945 0.608984 0.168945 0.608594 0.168457 0.608203 0.168457 0.607422 0.16748 0.607031 0.16748 0.60625 0.166504 0.605859 0.166504 0.605469 0.166016 0.605078 0.166016 0.604297 0.165039 0.603125 0.165039 0.602734 0.164551 0.601953 0.164551 0.601172 0.163574 0.600781 0.163574 0.600391 0.163086 0.598437 0.163086 0.598047 0.162598
2 0.539062 0.303223 0.537891 0.304688 0.5375 0.304688 0.535937 0.306641 0.535937 0.307129 0.535547 0.307617 0.535547 0.319336 0.535937 0.319824 0.535937 0.324219 0.536328 0.324707 0.536328 0.325195 0.536719 0.325684 0.536719 0.32666 0.537109 0.327148 0.537109 0.328125 0.5375 0.328613 0.5375 0.329102 0.537891 0.32959 0.537891 0.330078 0.539844 0.33252 0.539844 0.333496 0.540625 0.334473 0.540625 0.334961 0.541016 0.335449 0.541016 0.335938 0.541406 0.336426 0.541406 0.337402 0.542188 0.338379 0.542188 0.338867 0.544141 0.341309 0.544531 0.341309 0.544922 0.341797 0.547266 0.341797 0.548438 0.340332 0.548438 0.338379 0.546484 0.335938 0.546484 0.334961 0.545312 0.333496 0.545312 0.33252 0.544141 0.331055 0.544141 0.330566 0.54375 0.330078 0.54375 0.329102 0.543359 0.328613 0.543359 0.328125 0.542969 0.327637 0.542969 0.32666 0.542578 0.326172 0.542578 0.324707 0.542188 0.324219 0.542188 0.320801 0.542578 0.320312 0.542578 0.318359 0.542969 0.317871 0.542969 0.316895 0.543359 0.316406 0.543359 0.314941 0.54375 0.314453 0.54375 0.307129 0.542969 0.306152 0.542969 0.305664 0.541406 0.303711 0.541016 0.303711 0.540625 0.303223
2 0.544922 0.294434 0.543359 0.296387 0.543359 0.300781 0.544922 0.302734 0.545312 0.302734 0.545703 0.303223 0.546094 0.303223 0.547656 0.305176 0.548047 0.305176 0.548438 0.305664 0.548828 0.305664 0.549609 0.306641 0.55 0.306641 0.551562 0.308594 0.551953 0.308594 0.552734 0.30957 0.553516 0.30957 0.554297 0.310547 0.555078 0.310547 0.555469 0.311035 0.555859 0.311035 0.55625 0.311523 0.556641 0.311523 0.557031 0.312012 0.558203 0.312012 0.558594 0.3125 0.558984 0.3125 0.559375 0.312988 0.560937 0.312988 0.561719 0.313965 0.564844 0.313965 0.565234 0.314453 0.575 0.314453 0.575391 0.313965 0.576562 0.313965 0.577734 0.3125 0.577734 0.310547 0.577344 0.310059 0.577344 0.30957 0.576172 0.308105 0.575391 0.308105 0.574609 0.307129 0.571875 0.307129 0.571484 0.306641 0.569922 0.306641 0.569531 0.306152 0.567969 0.306152 0.567578 0.305664 0.567187 0.305664 0.566797 0.305176 0.566406 0.305176 0.565625 0.304199 0.565234 0.304199 0.564844 0.303711 0.564453 0.303711 0.563281 0.302246 0.5625 0.302246 0.561719 0.30127 0.560547 0.30127 0.560156 0.300781 0.559766 0.300781 0.559375 0.300293 0.558984 0.300293 0.558594 0.299805 0.557422 0.299805 0.555469 0.297363 0.553906 0.297363 0.553516 0.296875 0.552344 0.296875 0.551562 0.295898 0.550781 0.295898 0.550391 0.29541 0.55 0.29541 0.549609 0.294922 0.548828 0.294922 0.548438 0.294434
1 0.616406 0.365234 0.616016 0.365723 0.615625 0.365723 0.614062 0.367676 0.614062 0.368164 0.613672 0.368652 0.613672 0.370605 0.613281 0.371094 0.613281 0.372559 0.6125 0.373535 0.6125 0.374023 0.612109 0.374512 0.612109 0.375 0.611719 0.375488 0.611719 0.375977 0.611328 0.376465 0.611328 0.376953 0.610938 0.377441 0.610938 0.37793 0.610547 0.378418 0.610547 0.379395 0.610156 0.379883 0.610156 0.380371 0.609766 0.380859 0.609766 0.381348 0.609375 0.381836 0.609375 0.383301 0.608984 0.383789 0.608984 0.38623 0.608594 0.386719 0.608594 0.39209 0.608984 0.392578 0.608984 0.393066 0.610938 0.395508 0.6125 0.395508 0.613672 0.394043 0.614062 0.394043 0.614844 0.393066 0.615234 0.393066 0.615625 0.392578 0.616016 0.392578 0.617969 0.390137 0.617969 0.388672 0.618359 0.388184 0.618359 0.386719 0.61875 0.38623 0.61875 0.385742 0.619141 0.385254 0.619141 0.384277 0.619531 0.383789 0.619531 0.383301 0.619922 0.382812 0.619922 0.381836 0.620313 0.381348 0.620313 0.37793 0.620703 0.377441 0.621094 0.37793 0.621484 0.37793 0.623047 0.379883 0.627344 0.379883 0.629297 0.377441 0.629297 0.374023 0.626953 0.371094 0.626563 0.371094 0.625391 0.369629 0.625 0.369629 0.624219 0.368652 0.623437 0.368652 0.622656 0.367676 0.622266 0.367676 0.621875 0.367188 0.621094 0.367188 0.619922 0.365723 0.619141 0.365723 0.61875 0.365234
1 0.738672 0.466797 0.736719 0.469238 0.736719 0.469727 0.733594 0.473633 0.733594 0.474121 0.732812 0.475098 0.732812 0.475586 0.732031 0.476562 0.732031 0.477051 0.73125 0.478027 0.73125 0.478516 0.729688 0.480469 0.729688 0.480957 0.729297 0.481445 0.729297 0.481934 0.728906 0.482422 0.728906 0.48291 0.728125 0.483887 0.728125 0.484375 0.727734 0.484863 0.727734 0.48584 0.727344 0.486328 0.727344 0.486816 0.726953 0.487305 0.726953 0.488281 0.726562 0.48877 0.726562 0.492188 0.727734 0.493652 0.729297 0.493652 0.730078 0.494629 0.732422 0.494629 0.733984 0.492676 0.734375 0.492676 0.735156 0.491699 0.735547 0.491699 0.737891 0.48877 0.737891 0.488281 0.738672 0.487305 0.738672 0.486328 0.739453 0.485352 0.739453 0.483887 0.739844 0.483398 0.739844 0.482422 0.740234 0.481934 0.740234 0.480957 0.740625 0.480469 0.740625 0.479492 0.741016 0.479004 0.741016 0.470703 0.741406 0.470215 0.741406 0.468262 0.740234 0.466797
2 0.741406 0.469238 0.740234 0.470703 0.740234 0.494141 0.741016 0.495117 0.741016 0.495605 0.742188 0.49707 0.744141 0.49707 0.745313 0.495605 0.745313 0.495117 0.745703 0.494629 0.745703 0.479492 0.745313 0.479004 0.745313 0.477051 0.744531 0.476074 0.744531 0.475098 0.744141 0.474609 0.744141 0.470703 0.742969 0.469238
2 0.662109 0.36084 0.660156 0.363281 0.660156 0.367188 0.660547 0.367676 0.660547 0.368164 0.661719 0.369629 0.662891 0.369629 0.663281 0.370117 0.663672 0.370117 0.664062 0.370605 0.665625 0.370605 0.666016 0.371094 0.666797 0.371094 0.667188 0.371582 0.669922 0.371582 0.670703 0.372559 0.671875 0.372559 0.672266 0.373047 0.673438 0.373047 0.673828 0.373535 0.675 0.373535 0.675391 0.374023 0.676953 0.374023 0.677344 0.374512 0.678125 0.374512 0.678516 0.375 0.685547 0.375 0.686719 0.373535 0.686719 0.369141 0.683984 0.365723 0.683594 0.365723 0.683203 0.365234 0.681641 0.365234 0.68125 0.364746 0.680469 0.364746 0.680078 0.364258 0.678906 0.364258 0.678516 0.36377 0.678125 0.36377 0.677734 0.363281 0.676172 0.363281 0.675781 0.362793 0.675391 0.362793 0.675 0.362305 0.673047 0.362305 0.672656 0.361816 0.671484 0.361816 0.671094 0.361328 0.667969 0.361328 0.667578 0.36084
2 0.663672 0.380859 0.6625 0.382324 0.6625 0.384277 0.662891 0.384766 0.662891 0.385742 0.663281 0.38623 0.663281 0.387695 0.663672 0.388184 0.663672 0.38916 0.664062 0.389648 0.664062 0.390137 0.664453 0.390625 0.664453 0.391113 0.664844 0.391602 0.664844 0.393555 0.665234 0.394043 0.665234 0.39502 0.665625 0.395508 0.665625 0.396484 0.666406 0.397461 0.666406 0.399414 0.666797 0.399902 0.666797 0.400879 0.667578 0.401855 0.667578 0.40332 0.667969 0.403809 0.667969 0.405273 0.668359 0.405762 0.668359 0.40625 0.669141 0.407227 0.669141 0.408203 0.669531 0.408691 0.669531 0.409668 0.669922 0.410156 0.669922 0.410645 0.670703 0.411621 0.670703 0.412109 0.673047 0.415039 0.675781 0.415039 0.676172 0.414551 0.676953 0.414551 0.678906 0.412109 0.678906 0.405762 0.678125 0.404785 0.678125 0.40332 0.677734 0.402832 0.677734 0.402344 0.676953 0.401367 0.676953 0.400391 0.676562 0.399902 0.676562 0.399414 0.675391 0.397949 0.675391 0.396973 0.674609 0.395996 0.674609 0.395508 0.673438 0.394043 0.673438 0.393555 0.672656 0.392578 0.672656 0.39209 0.671875 0.391113 0.671875 0.390625 0.671484 0.390137 0.671484 0.389648 0.670703 0.388672 0.670703 0.388184 0.670312 0.387695 0.670312 0.387207 0.669141 0.385742 0.669141 0.385254 0.66875 0.384766 0.66875 0.384277 0.667578 0.382812 0.667578 0.382324 0.666406 0.380859
2 0.669922 0.366699 0.66875 0.368164 0.66875 0.372559 0.669141 0.373047 0.669141 0.374023 0.669531 0.374512 0.669531 0.376953 0.669922 0.377441 0.669922 0.379395 0.670312 0.379883 0.670312 0.380859 0.670703 0.381348 0.670703 0.381836 0.671094 0.382324 0.671094 0.382812 0.671484 0.383301 0.671484 0.384766 0.671875 0.385254 0.671875 0.38623 0.672266 0.386719 0.672266 0.387207 0.672656 0.387695 0.672656 0.388672 0.673438 0.389648 0.673438 0.390625 0.674609 0.39209 0.676953 0.39209 0.678125 0.390625 0.678125 0.383301 0.677734 0.382812 0.677734 0.382324 0.677344 0.381836 0.677344 0.381348 0.676953 0.380859 0.676953 0.380371 0.676172 0.379395 0.676172 0.378906 0.675781 0.378418 0.675781 0.37793 0.675391 0.377441 0.675391 0.376953 0.675 0.376465 0.675 0.375488 0.674609 0.375 0.674609 0.374512 0.674219 0.374023 0.674219 0.373535 0.673828 0.373047 0.673828 0.37207 0.673438 0.371582 0.673438 0.369141 0.671484 0.366699
2 0.404687 0.563965 0.404297 0.564453 0.403125 0.564453 0.401953 0.565918 0.401562 0.565918 0.401172 0.566406 0.400391 0.566406 0.399219 0.567871 0.398828 0.567871 0.398047 0.568848 0.397266 0.568848 0.396484 0.569824 0.396094 0.569824 0.395703 0.570312 0.394922 0.570312 0.394141 0.571289 0.393359 0.571289 0.392578 0.572266 0.391797 0.572266 0.391016 0.573242 0.390625 0.573242 0.390234 0.57373 0.389453 0.57373 0.389062 0.574219 0.388672 0.574219 0.388281 0.574707 0.387891 0.574707 0.387109 0.575684 0.386719 0.575684 0.385547 0.577148 0.385156 0.577148 0.384375 0.578125 0.383203 0.578125 0.382031 0.57959 0.381641 0.57959 0.38125 0.580078 0.380859 0.580078 0.379297 0.582031 0.378906 0.582031 0.377344 0.583984 0.377344 0.584473 0.376953 0.584961 0.376953 0.589355 0.378125 0.59082 0.379688 0.59082 0.380078 0.590332 0.380469 0.590332 0.381641 0.588867 0.382031 0.588867 0.382812 0.587891 0.383203 0.587891 0.384375 0.586426 0.384766 0.586426 0.385547 0.585449 0.385937 0.585449 0.386719 0.584473 0.387109 0.584473 0.387891 0.583496 0.389062 0.583496 0.389453 0.583008 0.390625 0.583008 0.391016 0.58252 0.391406 0.58252 0.392188 0.581543 0.392578 0.581543 0.392969 0.581055 0.39375 0.581055 0.394141 0.580566 0.394922 0.580566 0.395313 0.580078 0.396094 0.580078 0.396484 0.57959 0.396875 0.57959 0.397266 0.579102 0.398438 0.579102 0.398828 0.578613 0.399219 0.578613 0.399609 0.578125 0.4 0.578125 0.400391 0.577637 0.400781 0.577637 0.401172 0.577148 0.401562 0.577148 0.401953 0.57666 0.402344 0.57666 0.402734 0.576172 0.403125 0.576172 0.403516 0.575684 0.403906 0.575684 0.404297 0.575195 0.405078 0.575195 0.405469 0.574707 0.405859 0.574707 0.408984 0.570801 0.408984 0.569824 0.409375 0.569336 0.409375 0.565918 0.407813 0.563965
2 0.405859 0.570312 0.405078 0.571289 0.404687 0.571289 0.404297 0.571777 0.403906 0.571777 0.403125 0.572754 0.402344 0.572754 0.401953 0.573242 0.401172 0.573242 0.400781 0.57373 0.4 0.57373 0.399609 0.574219 0.398828 0.574219 0.398438 0.574707 0.398047 0.574707 0.397656 0.575195 0.397266 0.575195 0.396875 0.575684 0.396484 0.575684 0.396094 0.576172 0.395703 0.576172 0.394922 0.577148 0.394531 0.577148 0.394141 0.577637 0.39375 0.577637 0.392578 0.579102 0.392188 0.579102 0.388281 0.583984 0.388281 0.584473 0.386719 0.586426 0.386719 0.586914 0.384766 0.589355 0.384766 0.589844 0.384375 0.590332 0.384375 0.59082 0.383984 0.591309 0.383984 0.594238 0.385156 0.595703 0.386719 0.595703 0.387891 0.594238 0.387891 0.59375 0.388281 0.593262 0.388672 0.593262 0.389844 0.591797 0.390234 0.591797 0.393359 0.587891 0.39375 0.587891 0.394531 0.586914 0.394922 0.586914 0.395313 0.586426 0.396094 0.586426 0.396484 0.585938 0.397266 0.585938 0.398438 0.584473 0.398828 0.584473 0.399609 0.583496 0.400391 0.583496 0.400781 0.583008 0.401172 0.583008 0.401562 0.58252 0.401953 0.58252 0.402734 0.581543 0.403516 0.581543 0.404297 0.580566 0.404687 0.580566 0.405078 0.580078 0.405469 0.580078 0.405859 0.57959 0.40625 0.57959 0.406641 0.579102 0.407031 0.579102 0.407422 0.578613 0.408203 0.578613 0.410547 0.575684 0.410547 0.571777 0.409375 0.570312
2 0.407031 0.575684 0.406641 0.576172 0.40625 0.576172 0.405859 0.57666 0.405078 0.57666 0.404687 0.577148 0.404297 0.577148 0.403516 0.578125 0.403125 0.578125 0.399609 0.58252 0.399609 0.583008 0.399219 0.583496 0.399219 0.583984 0.398828 0.584473 0.398828 0.586426 0.398438 0.586914 0.398438 0.595215 0.398828 0.595703 0.398828 0.596191 0.400391 0.598145 0.400781 0.598145 0.401172 0.598633 0.401562 0.598633 0.401953 0.599121 0.403906 0.599121 0.405078 0.597656 0.405078 0.597168 0.405859 0.596191 0.405859 0.589355 0.406641 0.588379 0.407031 0.588379 0.408594 0.586426 0.408984 0.586426 0.409766 0.585449 0.410547 0.585449 0.410938 0.584961 0.411328 0.584961 0.412891 0.583008 0.412891 0.581543 0.413281 0.581055 0.413281 0.577148 0.412109 0.575684
1 0.365625 0.523926 0.365234 0.524414 0.364844 0.524414 0.363672 0.525879 0.363672 0.526855 0.363281 0.527344 0.363281 0.52832 0.361719 0.530273 0.361719 0.533203 0.361328 0.533691 0.361328 0.54248 0.361719 0.542969 0.361719 0.543457 0.362109 0.543945 0.362109 0.544922 0.364063 0.547363 0.364063 0.547852 0.366797 0.55127 0.367188 0.55127 0.368359 0.552734 0.36875 0.552734 0.369531 0.553711 0.369922 0.553711 0.370703 0.554688 0.371094 0.554688 0.371484 0.555176 0.371875 0.555176 0.372266 0.555664 0.372656 0.555664 0.373828 0.557129 0.376563 0.557129 0.377734 0.555664 0.377734 0.55127 0.376953 0.550293 0.376953 0.549805 0.373828 0.545898 0.373828 0.54541 0.372656 0.543945 0.372656 0.543457 0.372266 0.542969 0.372266 0.54248 0.371484 0.541504 0.371484 0.541016 0.369922 0.539062 0.369922 0.538086 0.369531 0.537598 0.369531 0.527344 0.369141 0.526855 0.369141 0.525879 0.367578 0.523926
2 0.404297 0.491211 0.403125 0.492676 0.403125 0.496094 0.402734 0.496582 0.402734 0.499023 0.403125 0.499512 0.403125 0.509277 0.402734 0.509766 0.402734 0.520996 0.403125 0.521484 0.403125 0.521973 0.403516 0.522461 0.403516 0.522949 0.404687 0.524414 0.407031 0.524414 0.408984 0.521973 0.408984 0.509277 0.408594 0.508789 0.408594 0.506348 0.408203 0.505859 0.408203 0.504883 0.407813 0.504395 0.407813 0.502441 0.407422 0.501953 0.407422 0.5 0.407031 0.499512 0.407031 0.492676 0.405859 0.491211
2 0.294531 0.632324 0.293359 0.633789 0.293359 0.634277 0.292969 0.634766 0.292969 0.644531 0.292578 0.64502 0.292578 0.65332 0.292187 0.653809 0.292187 0.671875 0.292969 0.672852 0.292969 0.67334 0.293359 0.673828 0.293359 0.674316 0.294922 0.67627 0.297656 0.67627 0.299219 0.674316 0.299219 0.657227 0.298828 0.656738 0.298828 0.655762 0.298438 0.655273 0.298438 0.654297 0.298047 0.653809 0.298047 0.651367 0.297656 0.650879 0.297656 0.647461 0.297266 0.646973 0.297266 0.64209 0.296875 0.641602 0.296875 0.63623 0.297266 0.635742 0.297266 0.633789 0.296094 0.632324
2 0.284766 0.611816 0.283594 0.613281 0.283594 0.616699 0.284375 0.617676 0.284375 0.620605 0.284766 0.621094 0.284766 0.62207 0.285156 0.622559 0.285156 0.624023 0.285938 0.625 0.285938 0.625977 0.286328 0.626465 0.286328 0.626953 0.287109 0.62793 0.287109 0.628418 0.287891 0.629395 0.287891 0.630371 0.288281 0.630859 0.288281 0.631348 0.289062 0.632324 0.289062 0.632812 0.289844 0.633789 0.289844 0.634277 0.290625 0.635254 0.290625 0.635742 0.292187 0.637695 0.294141 0.637695 0.295703 0.635742 0.295703 0.628906 0.295312 0.628418 0.295312 0.626465 0.294531 0.625488 0.294531 0.625 0.292969 0.623047 0.292969 0.622559 0.291797 0.621094 0.291797 0.620117 0.289844 0.617676 0.289844 0.617188 0.288281 0.615234 0.288281 0.614746 0.287891 0.614258 0.287891 0.61377 0.286328 0.611816
1 0.307031 0.686523 0.30625 0.6875 0.305469 0.6875 0.305078 0.687988 0.304688 0.687988 0.303906 0.688965 0.303125 0.688965 0.302344 0.689941 0.301563 0.689941 0.300781 0.690918 0.299609 0.690918 0.299219 0.691406 0.298828 0.691406 0.298047 0.692383 0.296875 0.692383 0.296484 0.692871 0.295703 0.692871 0.294922 0.693848 0.294141 0.693848 0.29375 0.694336 0.292969 0.694336 0.292578 0.694824 0.291797 0.694824 0.291406 0.695312 0.290625 0.695312 0.290234 0.695801 0.289062 0.695801 0.288672 0.696289 0.288281 0.696289 0.287891 0.696777 0.287109 0.696777 0.286719 0.697266 0.285547 0.697266 0.285156 0.697754 0.284766 0.697754 0.284375 0.698242 0.282813 0.698242 0.282422 0.69873 0.281641 0.69873 0.279297 0.70166 0.279297 0.703613 0.280469 0.705078 0.283203 0.705078 0.283984 0.706055 0.2875 0.706055 0.287891 0.705566 0.289453 0.705566 0.289844 0.705078 0.29375 0.705078 0.294141 0.70459 0.294922 0.70459 0.295703 0.703613 0.296875 0.703613 0.297266 0.703125 0.298438 0.703125 0.299609 0.70166 0.300781 0.70166 0.301172 0.701172 0.301563 0.701172 0.302734 0.699707 0.303516 0.699707 0.304688 0.698242 0.305078 0.698242 0.305469 0.697754 0.305859 0.697754 0.307812 0.695312 0.308203 0.695312 0.309375 0.693848 0.309766 0.693848 0.310937 0.692383 0.310937 0.691895 0.312109 0.69043 0.312109 0.687988 0.310937 0.686523
2 0.29375 0.677246 0.291797 0.679688 0.291406 0.679688 0.289453 0.682129 0.289062 0.682129 0.288672 0.682617 0.288281 0.682617 0.2875 0.683594 0.287109 0.683594 0.286328 0.68457 0.285938 0.68457 0.285547 0.685059 0.284766 0.685059 0.283984 0.686035 0.283594 0.686035 0.282813 0.687012 0.28125 0.687012 0.280078 0.688477 0.279297 0.688477 0.278906 0.688965 0.278125 0.688965 0.277734 0.689453 0.276953 0.689453 0.276562 0.689941 0.276172 0.689941 0.275781 0.69043 0.275391 0.69043 0.275 0.690918 0.274609 0.690918 0.274219 0.691406 0.273438 0.691406 0.272656 0.692383 0.271875 0.692383 0.269531 0.695312 0.269531 0.69873 0.270703 0.700195 0.275781 0.700195 0.276172 0.699707 0.276562 0.700195 0.278125 0.700195 0.278516 0.699707 0.280469 0.699707 0.281641 0.698242 0.282813 0.698242 0.283203 0.697754 0.283984 0.697754 0.284375 0.697266 0.284766 0.697266 0.285547 0.696289 0.285938 0.696289 0.286719 0.695312 0.287109 0.695312 0.287891 0.694336 0.288281 0.694336 0.289453 0.692871 0.289844 0.692871 0.292969 0.688965 0.292969 0.688477 0.298047 0.682129 0.298047 0.679688 0.296875 0.678223 0.296484 0.678223 0.295703 0.677246
2 0.370703 0.624023 0.36875 0.626465 0.36875 0.627441 0.368359 0.62793 0.368359 0.628418 0.367188 0.629883 0.367188 0.630859 0.366016 0.632324 0.366016 0.632812 0.365234 0.633789 0.365234 0.634766 0.364453 0.635742 0.364453 0.636719 0.363672 0.637695 0.363672 0.638184 0.363281 0.638672 0.363281 0.63916 0.362891 0.639648 0.362891 0.640137 0.361719 0.641602 0.361719 0.642578 0.361328 0.643066 0.361328 0.643555 0.360938 0.644043 0.360938 0.64502 0.360156 0.645996 0.360156 0.647949 0.359766 0.648438 0.359766 0.648926 0.359375 0.649414 0.359375 0.650391 0.358984 0.650879 0.358984 0.652832 0.358594 0.65332 0.358594 0.657227 0.358984 0.657715 0.358984 0.65918 0.360156 0.660645 0.362109 0.660645 0.363281 0.65918 0.363672 0.65918 0.364844 0.657715 0.364844 0.657227 0.365625 0.65625 0.365625 0.655762 0.366406 0.654785 0.366406 0.654297 0.367578 0.652832 0.367578 0.652344 0.367969 0.651855 0.367969 0.651367 0.368359 0.650879 0.368359 0.649902 0.369141 0.648926 0.369141 0.646973 0.369922 0.645996 0.369922 0.645508 0.370312 0.64502 0.370312 0.644043 0.371094 0.643066 0.371094 0.641602 0.371484 0.641113 0.371484 0.640137 0.371875 0.639648 0.371875 0.638184 0.372266 0.637695 0.372266 0.637207 0.372656 0.636719 0.372656 0.635742 0.373047 0.635254 0.373047 0.633789 0.373437 0.633301 0.373437 0.631836 0.373828 0.631348 0.373828 0.629883 0.374219 0.629395 0.374219 0.626465 0.372266 0.624023
2 0.362109 0.662109 0.360938 0.663574 0.360938 0.666504 0.362891 0.668945 0.362891 0.669434 0.363281 0.669922 0.363281 0.67041 0.363672 0.670898 0.363672 0.671387 0.365234 0.67334 0.365234 0.673828 0.365625 0.674316 0.365625 0.674805 0.366016 0.675293 0.366016 0.675781 0.366406 0.67627 0.366406 0.677734 0.366797 0.678223 0.366797 0.679199 0.367188 0.679688 0.367188 0.681152 0.367578 0.681641 0.367578 0.683105 0.367969 0.683594 0.367969 0.68457 0.368359 0.685059 0.368359 0.685547 0.369531 0.687012 0.369531 0.687988 0.371484 0.69043 0.371875 0.69043 0.372266 0.690918 0.374219 0.690918 0.375391 0.689453 0.375781 0.689453 0.376953 0.687988 0.376953 0.6875 0.377344 0.687012 0.377344 0.682617 0.376953 0.682129 0.376953 0.681152 0.376563 0.680664 0.376563 0.680176 0.375781 0.679199 0.375781 0.678711 0.375391 0.678223 0.375391 0.677734 0.375 0.677246 0.375 0.676758 0.373047 0.674316 0.373047 0.673828 0.371875 0.672363 0.371875 0.671875 0.371094 0.670898 0.371094 0.67041 0.365625 0.663574 0.365234 0.663574 0.364063 0.662109
2 0.35625 0.708496 0.355078 0.709961 0.355078 0.714844 0.355469 0.715332 0.355469 0.717773 0.355859 0.718262 0.355859 0.719727 0.35625 0.720215 0.35625 0.721191 0.356641 0.72168 0.356641 0.724609 0.357031 0.725098 0.357031 0.726074 0.357422 0.726562 0.357422 0.727539 0.358203 0.728516 0.358203 0.729004 0.358594 0.729492 0.358594 0.730957 0.358984 0.731445 0.358984 0.73291 0.359766 0.733887 0.359766 0.734375 0.362109 0.737305 0.365234 0.737305 0.366406 0.73584 0.366406 0.735352 0.366797 0.734863 0.366797 0.731445 0.366406 0.730957 0.366406 0.72998 0.366016 0.729492 0.366016 0.728516 0.365625 0.728027 0.365625 0.727539 0.365234 0.727051 0.365234 0.726074 0.364844 0.725586 0.364844 0.724609 0.364453 0.724121 0.364453 0.723633 0.364063 0.723145 0.364063 0.721191 0.363672 0.720703 0.363672 0.720215 0.363281 0.719727 0.363281 0.719238 0.362891 0.71875 0.362891 0.717773 0.362109 0.716797 0.362109 0.716309 0.361719 0.71582 0.361719 0.714355 0.361328 0.713867 0.361328 0.713379 0.360547 0.712402 0.360547 0.711914 0.360156 0.711426 0.360156 0.710938 0.359766 0.710449 0.359766 0.709961 0.358594 0.708496
2 0.3625 0.696777 0.361328 0.698242 0.361328 0.700195 0.362891 0.702148 0.362891 0.702637 0.363281 0.703125 0.363281 0.703613 0.367578 0.708984 0.367578 0.709473 0.36875 0.710938 0.36875 0.711426 0.373828 0.717773 0.374219 0.717773 0.376172 0.720215 0.376563 0.720215 0.377734 0.72168 0.377734 0.722168 0.378516 0.723145 0.378516 0.723633 0.380859 0.726562 0.380859 0.727051 0.386328 0.733887 0.386328 0.734375 0.388281 0.736816 0.388281 0.737305 0.389844 0.739258 0.391406 0.739258 0.392578 0.737793 0.392578 0.732422 0.392188 0.731934 0.392188 0.731445 0.391797 0.730957 0.391797 0.730469 0.391406 0.72998 0.391406 0.729492 0.390625 0.728516 0.390625 0.728027 0.390234 0.727539 0.390234 0.727051 0.389844 0.726562 0.389844 0.726074 0.388672 0.724609 0.388672 0.724121 0.386328 0.721191 0.386328 0.720703 0.384766 0.71875 0.384766 0.718262 0.383203 0.716309 0.383203 0.71582 0.380859 0.712891 0.380859 0.712402 0.379688 0.710938 0.379297 0.710938 0.374219 0.70459 0.373828 0.70459 0.373047 0.703613 0.372656 0.703613 0.372266 0.703125 0.371875 0.703125 0.370703 0.70166 0.369922 0.70166 0.369141 0.700684 0.36875 0.700684 0.367969 0.699707 0.367578 0.699707 0.366797 0.69873 0.366406 0.69873 0.366016 0.698242 0.365625 0.698242 0.364453 0.696777
2 0.285547 0.722656 0.285156 0.723145 0.280078 0.723145 0.279687 0.723633 0.279297 0.723633 0.278906 0.724121 0.277734 0.724121 0.277344 0.724609 0.276953 0.724609 0.276562 0.725098 0.276172 0.725098 0.275781 0.725586 0.274609 0.725586 0.273438 0.727051 0.272656 0.727051 0.272266 0.727539 0.271875 0.727539 0.271484 0.728027 0.270703 0.728027 0.270313 0.728516 0.269922 0.728516 0.269531 0.729004 0.269141 0.729004 0.26875 0.729492 0.268359 0.729492 0.267969 0.72998 0.267188 0.72998 0.266016 0.731445 0.265234 0.731445 0.264844 0.731934 0.264453 0.731934 0.262891 0.733887 0.262891 0.736816 0.264453 0.73877 0.275 0.73877 0.275391 0.738281 0.276953 0.738281 0.277344 0.737793 0.278125 0.737793 0.278516 0.737305 0.280469 0.737305 0.280859 0.736816 0.283594 0.736816 0.283984 0.736328 0.284375 0.736328 0.284766 0.73584 0.285547 0.73584 0.285938 0.735352 0.286328 0.735352 0.286719 0.734863 0.287109 0.734863 0.287891 0.733887 0.288672 0.733887 0.289062 0.733398 0.289844 0.733398 0.290234 0.73291 0.290625 0.73291 0.291406 0.731934 0.291797 0.731934 0.292969 0.730469 0.292969 0.72998 0.293359 0.729492 0.29375 0.729492 0.295312 0.727539 0.295312 0.724609 0.294141 0.723145 0.29375 0.723145 0.293359 0.722656
1 0.311328 0.703613 0.310937 0.704102 0.310156 0.704102 0.308984 0.705566 0.308594 0.705566 0.307422 0.707031 0.307031 0.707031 0.30625 0.708008 0.305859 0.708008 0.300391 0.714844 0.300391 0.715332 0.3 0.71582 0.3 0.716797 0.299609 0.717285 0.299609 0.718262 0.298047 0.720215 0.298047 0.720703 0.297266 0.72168 0.297266 0.722656 0.296875 0.723145 0.296875 0.723633 0.296094 0.724609 0.296094 0.725098 0.295312 0.726074 0.295312 0.726562 0.294922 0.727051 0.294922 0.727539 0.294531 0.728027 0.294531 0.728516 0.294141 0.729004 0.294141 0.729492 0.29375 0.72998 0.29375 0.730469 0.293359 0.730957 0.293359 0.732422 0.292969 0.73291 0.292969 0.733887 0.292578 0.734375 0.292578 0.736328 0.291797 0.737305 0.291797 0.744629 0.292969 0.746094 0.295312 0.746094 0.296094 0.745117 0.296484 0.745117 0.299219 0.741699 0.299219 0.741211 0.300391 0.739746 0.300391 0.739258 0.303906 0.734863 0.303906 0.734375 0.311328 0.725098 0.311328 0.724609 0.313281 0.722168 0.313281 0.721191 0.313672 0.720703 0.313672 0.720215 0.314063 0.719727 0.314063 0.719238 0.314453 0.71875 0.314453 0.718262 0.315234 0.717285 0.315234 0.716797 0.315625 0.716309 0.315625 0.714844 0.316016 0.714355 0.316016 0.712402 0.316406 0.711914 0.316406 0.70752 0.315234 0.706055 0.315234 0.705078 0.314063 0.703613
1 0.238281 0.751465 0.236719 0.753418 0.236719 0.753906 0.235937 0.754883 0.235937 0.756348 0.235547 0.756836 0.235547 0.757812 0.235156 0.758301 0.235156 0.760742 0.234766 0.76123 0.234766 0.762695 0.234375 0.763184 0.234375 0.780762 0.234766 0.78125 0.234766 0.784668 0.235156 0.785156 0.235156 0.786133 0.235547 0.786621 0.235547 0.787109 0.235937 0.787598 0.235937 0.793945 0.236328 0.794434 0.236328 0.796875 0.236719 0.797363 0.236719 0.798828 0.237109 0.799316 0.237109 0.80127 0.2375 0.801758 0.2375 0.802734 0.238281 0.803711 0.238281 0.804688 0.237891 0.805176 0.237891 0.806152 0.2375 0.806641 0.2375 0.807129 0.237109 0.807617 0.237109 0.811035 0.238281 0.8125 0.239844 0.8125 0.241406 0.810547 0.241406 0.80957 0.241797 0.809082 0.241797 0.808594 0.242188 0.808105 0.242188 0.801758 0.242578 0.80127 0.242578 0.768555 0.243359 0.767578 0.243359 0.758301 0.242969 0.757812 0.242969 0.757324 0.242578 0.756836 0.242578 0.756348 0.242188 0.755859 0.242188 0.754883 0.241016 0.753418 0.241016 0.75293 0.239844 0.751465
2 0.252344 0.833496 0.250781 0.835449 0.250781 0.836426 0.250391 0.836914 0.250391 0.838379 0.249609 0.839355 0.249609 0.839844 0.249219 0.840332 0.249219 0.841797 0.248828 0.842285 0.248828 0.842773 0.248438 0.843262 0.248438 0.844727 0.247656 0.845703 0.247656 0.84668 0.247266 0.847168 0.247266 0.848633 0.246875 0.849121 0.246875 0.849609 0.246484 0.850098 0.246484 0.850586 0.245703 0.851562 0.245703 0.852539 0.244922 0.853516 0.244922 0.854492 0.244531 0.85498 0.244531 0.855957 0.244141 0.856445 0.244141 0.856934 0.24375 0.857422 0.24375 0.858398 0.243359 0.858887 0.243359 0.859375 0.242969 0.859863 0.242969 0.86084 0.242578 0.861328 0.242578 0.861816 0.242188 0.862305 0.242188 0.86377 0.241797 0.864258 0.241797 0.866699 0.242969 0.868164 0.244922 0.868164 0.246094 0.866699 0.246094 0.866211 0.248828 0.862793 0.248828 0.861816 0.250391 0.859863 0.250391 0.859375 0.251172 0.858398 0.251172 0.85791 0.251563 0.857422 0.251563 0.856445 0.251953 0.855957 0.251953 0.85498 0.252344 0.854492 0.252344 0.854004 0.252734 0.853516 0.252734 0.852539 0.253125 0.852051 0.253125 0.849609 0.253516 0.849121 0.253516 0.848145 0.254297 0.847168 0.254297 0.844238 0.254688 0.84375 0.254688 0.842773 0.255078 0.842285 0.255078 0.840332 0.255469 0.839844 0.255469 0.836426 0.255078 0.835938 0.255078 0.834961 0.253906 0.833496
2 0.293359 0.895996 0.292969 0.896484 0.291797 0.896484 0.291406 0.896973 0.290234 0.896973 0.289062 0.898438 0.2875 0.898438 0.287109 0.898926 0.286719 0.898926 0.285938 0.899902 0.285156 0.899902 0.284766 0.900391 0.283984 0.900391 0.280078 0.905273 0.280078 0.907715 0.28125 0.90918 0.282813 0.90918 0.283594 0.908203 0.283984 0.908203 0.284375 0.907715 0.285156 0.907715 0.285938 0.906738 0.286328 0.906738 0.286719 0.90625 0.287891 0.90625 0.288281 0.905762 0.288672 0.905762 0.289062 0.905273 0.290625 0.905273 0.291016 0.904785 0.291406 0.904785 0.292187 0.903809 0.294531 0.903809 0.294922 0.90332 0.304297 0.90332 0.304688 0.903809 0.305078 0.903809 0.305469 0.904297 0.305859 0.904297 0.30625 0.904785 0.308594 0.904785 0.309766 0.90332 0.309766 0.901367 0.309375 0.900879 0.309375 0.900391 0.308203 0.898926 0.307422 0.898926 0.30625 0.897461 0.305469 0.897461 0.304688 0.896484 0.302344 0.896484 0.301953 0.895996
2 0.264844 0.879395 0.263672 0.880859 0.263672 0.883301 0.264844 0.884766 0.264844 0.885254 0.265234 0.885742 0.265234 0.88623 0.265625 0.886719 0.265625 0.888672 0.266016 0.88916 0.266016 0.889648 0.267188 0.891113 0.267188 0.891602 0.26875 0.893555 0.26875 0.894043 0.269141 0.894531 0.269141 0.89502 0.269922 0.895996 0.269922 0.896484 0.270703 0.897461 0.270703 0.897949 0.271094 0.898438 0.271094 0.899414 0.271875 0.900391 0.271875 0.900879 0.272266 0.901367 0.272266 0.901855 0.273828 0.903809 0.273828 0.904297 0.274219 0.904785 0.274219 0.905273 0.275391 0.906738 0.275391 0.907227 0.276562 0.908691 0.276562 0.90918 0.276953 0.909668 0.276953 0.910156 0.278906 0.912598 0.280469 0.912598 0.281641 0.911133 0.281641 0.902832 0.28125 0.902344 0.28125 0.900391 0.280859 0.899902 0.280859 0.898926 0.280469 0.898438 0.280469 0.896973 0.279687 0.895996 0.279687 0.89502 0.278906 0.894043 0.278906 0.893555 0.278125 0.892578 0.278125 0.89209 0.277734 0.891602 0.277734 0.891113 0.273828 0.88623 0.273047 0.88623 0.272266 0.885254 0.271875 0.885254 0.271484 0.884766 0.271094 0.884766 0.269922 0.883301 0.269531 0.883301 0.267969 0.881348 0.267969 0.880859 0.266797 0.879395
2 0.197656 0.894043 0.197266 0.894531 0.196484 0.894531 0.194531 0.896973 0.19375 0.896973 0.193359 0.897461 0.192969 0.897461 0.192578 0.897949 0.192188 0.897949 0.191406 0.898926 0.191016 0.898926 0.189453 0.900879 0.188672 0.900879 0.187109 0.902832 0.186328 0.902832 0.185156 0.904297 0.184766 0.904297 0.183203 0.90625 0.182812 0.90625 0.182031 0.907227 0.182031 0.907715 0.18125 0.908691 0.18125 0.90918 0.180859 0.909668 0.180859 0.910645 0.180469 0.911133 0.180469 0.911621 0.180078 0.912109 0.180078 0.912598 0.179297 0.913574 0.179297 0.914551 0.178906 0.915039 0.178906 0.916016 0.178125 0.916992 0.178125 0.918457 0.177734 0.918945 0.177734 0.919434 0.177344 0.919922 0.177344 0.921875 0.176953 0.922363 0.176953 0.925293 0.176563 0.925781 0.176563 0.928711 0.176953 0.929199 0.176953 0.929688 0.178125 0.931152 0.179688 0.931152 0.18125 0.929199 0.181641 0.929199 0.182031 0.928711 0.182422 0.928711 0.185547 0.924805 0.185547 0.924316 0.186328 0.92334 0.186719 0.92334 0.188281 0.921387 0.188281 0.920898 0.188672 0.92041 0.188672 0.919922 0.192188 0.915527 0.192188 0.915039 0.194922 0.911621 0.195312 0.911621 0.198047 0.908203 0.198047 0.907227 0.199219 0.905762 0.199219 0.905273 0.199609 0.904785 0.199609 0.904297 0.2 0.903809 0.2 0.902344 0.200391 0.901855 0.200391 0.898926 0.200781 0.898438 0.200781 0.895996 0.199219 0.894043
1 0.601562 0.655273 0.600391 0.656738 0.600391 0.657227 0.6 0.657715 0.6 0.660156 0.600391 0.660645 0.600391 0.661133 0.601562 0.662598 0.601562 0.663086 0.602734 0.664551 0.603125 0.664551 0.603516 0.665039 0.610938 0.665039 0.611328 0.664551 0.611719 0.664551 0.612109 0.664062 0.6125 0.664062 0.612891 0.663574 0.613281 0.663574 0.616797 0.65918 0.616797 0.656738 0.615625 0.655273 0.614062 0.655273 0.613672 0.655762 0.605078 0.655762 0.604688 0.655273
2 0.547266 0.648438 0.546094 0.649902 0.546094 0.651855 0.547266 0.65332 0.547656 0.65332 0.548047 0.653809 0.548828 0.653809 0.549219 0.654297 0.549609 0.654297 0.550391 0.655273 0.550391 0.655762 0.550781 0.65625 0.550781 0.656738 0.551172 0.657227 0.551172 0.659668 0.550781 0.660156 0.550781 0.660645 0.55 0.661621 0.549609 0.661621 0.549219 0.662109 0.548438 0.662109 0.548047 0.662598 0.545703 0.662598 0.545312 0.663086 0.543359 0.663086 0.542969 0.663574 0.541406 0.663574 0.540234 0.665039 0.539844 0.665039 0.539453 0.665527 0.538672 0.665527 0.537109 0.66748 0.537109 0.668457 0.536328 0.669434 0.536328 0.669922 0.535937 0.67041 0.535937 0.674316 0.5375 0.67627 0.537891 0.67627 0.538281 0.676758 0.547266 0.676758 0.547656 0.67627 0.548828 0.67627 0.549609 0.675293 0.550391 0.675293 0.555078 0.669434 0.555078 0.668457 0.555859 0.66748 0.555859 0.666504 0.55625 0.666016 0.55625 0.657715 0.555859 0.657227 0.555859 0.65625 0.554688 0.654785 0.554688 0.654297 0.554297 0.653809 0.554297 0.652832 0.553906 0.652344 0.553906 0.651855 0.552734 0.650391 0.551562 0.650391 0.550781 0.649414 0.55 0.649414 0.549609 0.648926 0.549219 0.648926 0.548828 0.648438
2 0.589063 0.595215 0.588672 0.595703 0.588281 0.595703 0.5875 0.59668 0.587109 0.59668 0.586719 0.597168 0.586328 0.597168 0.583594 0.600586 0.583594 0.601074 0.583203 0.601562 0.583203 0.603027 0.582812 0.603516 0.582812 0.60791 0.583203 0.608398 0.583203 0.610352 0.583594 0.61084 0.583594 0.611328 0.583984 0.611816 0.583984 0.613281 0.584375 0.61377 0.584375 0.616699 0.584766 0.617188 0.584766 0.621094 0.585156 0.621582 0.585156 0.627441 0.585547 0.62793 0.585547 0.628418 0.586719 0.629883 0.588281 0.629883 0.589453 0.628418 0.589453 0.617188 0.589844 0.616699 0.589844 0.615234 0.590234 0.614746 0.590234 0.613281 0.590625 0.612793 0.590625 0.612305 0.591016 0.611816 0.591016 0.61084 0.591406 0.610352 0.591406 0.609863 0.591797 0.609375 0.591797 0.60791 0.592187 0.607422 0.592187 0.605957 0.592578 0.605469 0.592578 0.60498 0.592969 0.604492 0.592969 0.599121 0.593359 0.598633 0.593359 0.59668 0.592187 0.595215
1 0.566797 0.57959 0.566406 0.580078 0.566016 0.580078 0.564453 0.582031 0.564063 0.582031 0.562891 0.583496 0.562109 0.583496 0.561328 0.584473 0.560547 0.584473 0.560156 0.584961 0.559375 0.584961 0.558984 0.585449 0.558203 0.585449 0.557813 0.585938 0.557422 0.585938 0.557031 0.586426 0.556641 0.586426 0.55625 0.586914 0.555859 0.586914 0.555469 0.587402 0.555078 0.587402 0.552344 0.59082 0.551953 0.59082 0.551562 0.591309 0.551172 0.591309 0.550781 0.591797 0.550391 0.591797 0.55 0.592285 0.549609 0.592285 0.549219 0.592773 0.548828 0.592773 0.547656 0.594238 0.547266 0.594238 0.546875 0.594727 0.546484 0.594727 0.545312 0.596191 0.544922 0.596191 0.54375 0.597656 0.54375 0.598145 0.542578 0.599609 0.542578 0.600098 0.542188 0.600586 0.542188 0.603027 0.543359 0.604492 0.546484 0.604492 0.547266 0.603516 0.548828 0.603516 0.549219 0.603027 0.550391 0.603027 0.550781 0.602539 0.551562 0.602539 0.551953 0.602051 0.552344 0.602051 0.553125 0.601074 0.553906 0.601074 0.554297 0.600586 0.555078 0.600586 0.555859 0.599609 0.556641 0.599609 0.557031 0.599121 0.557422 0.599121 0.557813 0.598633 0.558203 0.598633 0.558984 0.597656 0.559375 0.597656 0.560547 0.596191 0.560937 0.596191 0.562109 0.594727 0.562109 0.594238 0.562891 0.593262 0.562891 0.592773 0.564844 0.590332 0.564844 0.589844 0.566016 0.588379 0.566406 0.588379 0.569531 0.584473 0.569531 0.581055 0.568359 0.57959
2 0.528516 0.608887 0.528125 0.609375 0.526953 0.609375 0.526563 0.609863 0.526172 0.609863 0.524219 0.612305 0.524219 0.614746 0.525391 0.616211 0.529297 0.616211 0.529687 0.616699 0.548828 0.616699 0.55 0.615234 0.55 0.613281 0.548828 0.611816 0.548828 0.61084 0.547656 0.609375 0.544141 0.609375 0.54375 0.608887
2 0.533594 0.652832 0.532422 0.654297 0.532422 0.656738 0.532813 0.657227 0.532813 0.65918 0.533203 0.659668 0.533203 0.661133 0.533594 0.661621 0.533594 0.662598 0.533203 0.663086 0.533203 0.666992 0.532813 0.66748 0.532813 0.667969 0.531641 0.669434 0.531641 0.669922 0.530469 0.671387 0.530469 0.671875 0.530078 0.672363 0.530078 0.672852 0.529687 0.67334 0.529687 0.674805 0.529297 0.675293 0.529297 0.680176 0.530469 0.681641 0.532422 0.681641 0.534766 0.678711 0.534766 0.678223 0.535156 0.677734 0.535156 0.677246 0.535937 0.67627 0.535937 0.675781 0.536328 0.675293 0.536328 0.674316 0.536719 0.673828 0.536719 0.672852 0.537109 0.672363 0.537109 0.668457 0.5375 0.667969 0.5375 0.659668 0.537109 0.65918 0.537109 0.657715 0.536719 0.657227 0.536719 0.65625 0.536328 0.655762 0.536328 0.654297 0.535156 0.652832
1 0.669141 0.790039 0.667969 0.791504 0.667969 0.79834 0.668359 0.798828 0.668359 0.799805 0.66875 0.800293 0.66875 0.801758 0.669141 0.802246 0.669141 0.802734 0.669531 0.803223 0.669531 0.803711 0.669922 0.804199 0.669922 0.805664 0.670312 0.806152 0.670312 0.807129 0.670703 0.807617 0.670703 0.808594 0.671484 0.80957 0.671484 0.811035 0.672266 0.812012 0.672266 0.813965 0.672656 0.814453 0.672656 0.814941 0.673047 0.81543 0.673047 0.817383 0.673438 0.817871 0.673438 0.818848 0.673828 0.819336 0.673828 0.819824 0.674609 0.820801 0.674609 0.821777 0.676953 0.824707 0.677344 0.824707 0.678125 0.825684 0.678516 0.825684 0.678906 0.826172 0.68125 0.826172 0.682813 0.824219 0.682813 0.819336 0.682422 0.818848 0.682422 0.817871 0.681641 0.816895 0.681641 0.816406 0.68125 0.815918 0.68125 0.814453 0.680859 0.813965 0.680859 0.8125 0.680469 0.812012 0.680469 0.811523 0.679688 0.810547 0.679688 0.80957 0.678906 0.808594 0.678906 0.807617 0.678125 0.806641 0.678125 0.806152 0.677734 0.805664 0.677734 0.805176 0.676562 0.803711 0.676562 0.803223 0.676172 0.802734 0.676172 0.802246 0.675781 0.801758 0.675781 0.80127 0.675391 0.800781 0.675391 0.800293 0.675 0.799805 0.675 0.799316 0.674219 0.79834 0.674219 0.797852 0.673438 0.796875 0.673438 0.796387 0.673047 0.795898 0.673047 0.79541 0.672656 0.794922 0.672656 0.794434 0.672266 0.793945 0.672266 0.792969 0.671875 0.79248 0.671875 0.791504 0.670703 0.790039
2 0.686719 0.813965 0.686328 0.814453 0.685937 0.814453 0.683594 0.817383 0.683594 0.818359 0.682422 0.819824 0.682422 0.820312 0.682031 0.820801 0.682031 0.821289 0.681641 0.821777 0.681641 0.822754 0.680859 0.82373 0.680859 0.824707 0.680469 0.825195 0.680469 0.826172 0.680078 0.82666 0.680078 0.828125 0.679688 0.828613 0.679688 0.82959 0.679297 0.830078 0.679297 0.83252 0.678906 0.833008 0.678906 0.833496 0.678516 0.833984 0.678516 0.834961 0.678125 0.835449 0.678125 0.835938 0.677344 0.836914 0.677344 0.837891 0.676953 0.838379 0.676953 0.839355 0.676562 0.839844 0.676562 0.841309 0.676172 0.841797 0.676172 0.843262 0.675781 0.84375 0.675781 0.84668 0.676953 0.848145 0.679688 0.848145 0.680078 0.847656 0.680859 0.847656 0.681641 0.84668 0.682031 0.84668 0.683203 0.845215 0.683203 0.844727 0.683984 0.84375 0.683984 0.843262 0.684766 0.842285 0.684766 0.841797 0.685156 0.841309 0.685156 0.840332 0.685547 0.839844 0.685547 0.838379 0.685937 0.837891 0.685937 0.836914 0.686328 0.836426 0.686328 0.83252 0.686719 0.832031 0.686719 0.828613 0.687109 0.828125 0.687109 0.82666 0.6875 0.826172 0.6875 0.824707 0.687891 0.824219 0.687891 0.819824 0.689844 0.817383 0.689844 0.81543 0.688672 0.813965
1 0.633203 0.804688 0.632031 0.806152 0.632031 0.806641 0.630859 0.808105 0.630859 0.808594 0.630078 0.80957 0.630078 0.810547 0.629297 0.811523 0.629297 0.813477 0.628906 0.813965 0.628906 0.81543 0.628516 0.815918 0.628516 0.816406 0.628125 0.816895 0.628125 0.818359 0.627734 0.818848 0.627734 0.819336 0.627344 0.819824 0.627344 0.821289 0.626953 0.821777 0.626953 0.822266 0.626563 0.822754 0.626563 0.824707 0.626172 0.825195 0.626172 0.842773 0.627344 0.844238 0.627344 0.844727 0.628125 0.845703 0.628125 0.846191 0.630078 0.848633 0.630078 0.849121 0.632422 0.852051 0.632422 0.852539 0.633594 0.854004 0.635938 0.854004 0.637109 0.852539 0.637109 0.852051 0.6375 0.851562 0.6375 0.851074 0.638281 0.850098 0.638281 0.849609 0.638672 0.849121 0.638672 0.829102 0.639062 0.828613 0.639062 0.824707 0.639844 0.82373 0.639844 0.814453 0.639062 0.813477 0.639062 0.812012 0.638672 0.811523 0.638672 0.811035 0.638281 0.810547 0.638281 0.810059 0.6375 0.809082 0.6375 0.808594 0.637109 0.808105 0.637109 0.807129 0.636719 0.806641 0.636719 0.806152 0.635547 0.804688
1 0.646484 0.805664 0.645312 0.807129 0.645312 0.836426 0.645703 0.836914 0.645703 0.837402 0.646094 0.837891 0.646094 0.838867 0.646875 0.839844 0.646875 0.840332 0.647266 0.84082 0.647266 0.841797 0.647656 0.842285 0.647656 0.844238 0.648047 0.844727 0.648047 0.849609 0.649609 0.851562 0.652344 0.851562 0.653516 0.850098 0.653516 0.848633 0.653906 0.848145 0.653906 0.847656 0.654297 0.847168 0.654297 0.846191 0.654687 0.845703 0.654687 0.843262 0.655078 0.842773 0.655078 0.84082 0.655469 0.840332 0.655469 0.822754 0.654687 0.821777 0.654687 0.821289 0.654297 0.820801 0.654297 0.819824 0.653516 0.818848 0.653516 0.818359 0.653125 0.817871 0.653125 0.816895 0.652344 0.815918 0.652344 0.814941 0.651953 0.814453 0.651953 0.813965 0.651563 0.813477 0.651563 0.812988 0.651172 0.8125 0.651172 0.812012 0.650781 0.811523 0.650781 0.810547 0.650391 0.810059 0.650391 0.80957 0.65 0.809082 0.65 0.808594 0.649609 0.808105 0.649609 0.807617 0.648047 0.805664
2 0.600391 0.587891 0.599219 0.589355 0.599219 0.591309 0.600391 0.592773 0.600781 0.592773 0.601562 0.59375 0.603125 0.59375 0.603516 0.594238 0.603906 0.594238 0.604297 0.594727 0.605078 0.594727 0.605859 0.595703 0.607031 0.595703 0.607422 0.596191 0.609375 0.596191 0.609766 0.59668 0.610938 0.59668 0.611328 0.597168 0.612891 0.597168 0.613672 0.598145 0.619141 0.598145 0.619531 0.598633 0.620703 0.598633 0.621094 0.599121 0.622266 0.599121 0.622656 0.599609 0.624609 0.599609 0.625 0.599121 0.625391 0.599121 0.626563 0.597656 0.626563 0.595703 0.625391 0.594238 0.623828 0.594238 0.623047 0.593262 0.622266 0.593262 0.620703 0.591309 0.619531 0.591309 0.619141 0.59082 0.614844 0.59082 0.614062 0.589844 0.612109 0.589844 0.611719 0.589355 0.609766 0.589355 0.609375 0.588867 0.608594 0.588867 0.608203 0.588379 0.607031 0.588379 0.606641 0.587891
2 0.613281 0.521973 0.612891 0.522461 0.611328 0.522461 0.610156 0.523926 0.610156 0.524414 0.609766 0.524902 0.609766 0.525391 0.608984 0.526367 0.608984 0.527832 0.608594 0.52832 0.608594 0.528809 0.607422 0.530273 0.607422 0.531738 0.607031 0.532227 0.607031 0.533203 0.60625 0.53418 0.60625 0.534668 0.605859 0.535156 0.605859 0.536621 0.605469 0.537109 0.605469 0.538086 0.604688 0.539062 0.604688 0.540527 0.604297 0.541016 0.604297 0.546875 0.604688 0.547363 0.604688 0.548828 0.605078 0.549316 0.605078 0.549805 0.60625 0.55127 0.608594 0.55127 0.608984 0.550781 0.609766 0.550781 0.610938 0.549316 0.611328 0.549316 0.6125 0.547852 0.6125 0.547363 0.613672 0.545898 0.613672 0.54541 0.614062 0.544922 0.614062 0.543457 0.614844 0.54248 0.614844 0.540527 0.615234 0.540039 0.615234 0.536621 0.615625 0.536133 0.615625 0.534668 0.616016 0.53418 0.616016 0.523438 0.614844 0.521973
2 0.587891 0.526855 0.5875 0.527344 0.587109 0.527344 0.585938 0.528809 0.585938 0.53125 0.586328 0.531738 0.586328 0.532715 0.5875 0.53418 0.587891 0.53418 0.588281 0.534668 0.588672 0.534668 0.589453 0.535645 0.590625 0.535645 0.591016 0.536133 0.592578 0.536133 0.592969 0.536621 0.594141 0.536621 0.594922 0.537598 0.596094 0.537598 0.596484 0.538086 0.596875 0.538086 0.597266 0.538574 0.597656 0.538574 0.598047 0.539062 0.598437 0.539062 0.599219 0.540039 0.600781 0.540039 0.601172 0.540527 0.601562 0.540527 0.601953 0.541016 0.603125 0.541016 0.603906 0.541992 0.604688 0.541992 0.605078 0.54248 0.607422 0.54248 0.608594 0.541016 0.608594 0.538086 0.607422 0.536621 0.607031 0.536621 0.60625 0.535645 0.60625 0.535156 0.604688 0.533203 0.604297 0.533203 0.603906 0.532715 0.603125 0.532715 0.602734 0.532227 0.602344 0.532227 0.601953 0.531738 0.601562 0.531738 0.600781 0.530762 0.6 0.530762 0.599609 0.530273 0.598437 0.530273 0.597656 0.529297 0.597266 0.529297 0.596875 0.528809 0.596484 0.528809 0.596094 0.52832 0.595313 0.52832 0.594922 0.527832 0.594141 0.527832 0.59375 0.527344 0.592969 0.527344 0.592578 0.526855
1 0.599219 0.54834 0.598828 0.548828 0.598437 0.548828 0.598047 0.549316 0.597266 0.549316 0.596875 0.549805 0.596484 0.549805 0.596094 0.550293 0.595313 0.550293 0.594922 0.550781 0.594531 0.550781 0.594141 0.55127 0.59375 0.55127 0.593359 0.551758 0.592578 0.551758 0.592187 0.552246 0.590625 0.552246 0.590234 0.552734 0.589453 0.552734 0.589063 0.553223 0.588281 0.553223 0.587891 0.553711 0.5875 0.553711 0.587109 0.554199 0.586719 0.554199 0.585938 0.555176 0.585547 0.555176 0.583984 0.557129 0.583203 0.557129 0.582422 0.558105 0.582031 0.558105 0.580859 0.55957 0.580078 0.55957 0.576562 0.563965 0.576172 0.563965 0.575 0.56543 0.575 0.565918 0.574609 0.566406 0.574219 0.566406 0.573047 0.567871 0.573047 0.568359 0.571484 0.570312 0.571484 0.570801 0.570312 0.572266 0.570312 0.572754 0.569922 0.573242 0.569922 0.57373 0.569531 0.574219 0.569531 0.574707 0.56875 0.575684 0.56875 0.576172 0.568359 0.57666 0.568359 0.577148 0.567969 0.577637 0.567969 0.578125 0.567578 0.578613 0.567578 0.585938 0.569531 0.588379 0.572266 0.588379 0.572656 0.587891 0.573047 0.587891 0.573438 0.587402 0.573828 0.587402 0.580469 0.579102 0.580469 0.578613 0.582422 0.576172 0.582422 0.575684 0.584375 0.573242 0.584375 0.572754 0.5875 0.568848 0.5875 0.568359 0.589063 0.566406 0.589453 0.566406 0.590625 0.564941 0.591016 0.564941 0.591797 0.563965 0.592187 0.563965 0.592969 0.562988 0.593359 0.562988 0.594531 0.561523 0.594922 0.561523 0.596484 0.55957 0.596875 0.55957 0.602734 0.552246 0.602734 0.549805 0.601562 0.54834
2 0.380078 0.525879 0.378906 0.527344 0.378906 0.53125 0.379297 0.531738 0.379297 0.53418 0.379688 0.534668 0.379688 0.540527 0.379297 0.541016 0.379297 0.544434 0.378906 0.544922 0.378906 0.545898 0.377344 0.547852 0.377344 0.550781 0.378906 0.552734 0.379297 0.552734 0.379688 0.553223 0.382812 0.553223 0.384375 0.55127 0.384375 0.550293 0.384766 0.549805 0.384766 0.549316 0.385156 0.548828 0.385156 0.547852 0.385547 0.547363 0.385547 0.536621 0.385156 0.536133 0.385156 0.534668 0.384766 0.53418 0.384766 0.533203 0.384375 0.532715 0.384375 0.530762 0.383984 0.530273 0.383984 0.529785 0.383203 0.528809 0.383203 0.52832 0.382812 0.527832 0.382812 0.527344 0.381641 0.525879
2 0.381641 0.254883 0.38125 0.255371 0.380469 0.255371 0.379297 0.256836 0.379297 0.257324 0.378906 0.257812 0.378906 0.264648 0.379297 0.265137 0.379297 0.26709 0.379688 0.267578 0.379688 0.268066 0.380078 0.268555 0.380078 0.269043 0.380469 0.269531 0.380469 0.27002 0.380859 0.270508 0.380859 0.270996 0.381641 0.271973 0.381641 0.272949 0.382031 0.273438 0.382031 0.274902 0.382812 0.275879 0.382812 0.276367 0.383594 0.277344 0.383594 0.277832 0.383984 0.27832 0.383984 0.278809 0.384375 0.279297 0.384375 0.279785 0.385156 0.280762 0.385156 0.281738 0.385547 0.282227 0.385547 0.282715 0.385937 0.283203 0.385937 0.283691 0.386719 0.284668 0.386719 0.285156 0.3875 0.286133 0.3875 0.286621 0.388281 0.287598 0.388281 0.288086 0.389453 0.289551 0.389844 0.289551 0.390625 0.290527 0.391016 0.290527 0.392188 0.291992 0.392578 0.291992 0.393359 0.292969 0.396094 0.292969 0.397266 0.291504 0.397266 0.288574 0.395703 0.286621 0.395703 0.286133 0.394141 0.28418 0.394141 0.283691 0.392969 0.282227 0.392969 0.281738 0.392578 0.28125 0.392578 0.280762 0.392188 0.280273 0.392188 0.279785 0.391016 0.27832 0.391016 0.277344 0.390234 0.276367 0.390234 0.275879 0.389844 0.275391 0.389844 0.274414 0.388672 0.272949 0.388672 0.269531 0.388281 0.269043 0.388281 0.268066 0.387891 0.267578 0.387891 0.265625 0.3875 0.265137 0.3875 0.263672 0.387109 0.263184 0.387109 0.262695 0.386719 0.262207 0.386719 0.260742 0.385937 0.259766 0.385937 0.258301 0.385547 0.257812 0.385547 0.256836 0.383984 0.254883
2 0.391797 0.255859 0.391406 0.256348 0.391016 0.256348 0.389844 0.257812 0.389844 0.258301 0.389453 0.258789 0.389453 0.260254 0.389062 0.260742 0.389062 0.27002 0.389453 0.270508 0.389453 0.272949 0.389844 0.273438 0.389844 0.273926 0.390234 0.274414 0.390234 0.274902 0.390625 0.275391 0.390625 0.275879 0.391016 0.276367 0.391016 0.276855 0.391797 0.277832 0.391797 0.27832 0.392188 0.278809 0.392188 0.279297 0.392969 0.280273 0.392969 0.28125 0.394141 0.282715 0.394141 0.283203 0.395703 0.285156 0.395703 0.285645 0.398438 0.289062 0.398438 0.289551 0.4 0.291504 0.400391 0.291504 0.401562 0.292969 0.403125 0.292969 0.404297 0.291504 0.404297 0.289062 0.403906 0.288574 0.403906 0.288086 0.402734 0.286621 0.402734 0.286133 0.401953 0.285156 0.401953 0.28418 0.401562 0.283691 0.401562 0.283203 0.401172 0.282715 0.401172 0.281738 0.400781 0.28125 0.400781 0.280762 0.400391 0.280273 0.400391 0.279297 0.4 0.278809 0.4 0.27832 0.399609 0.277832 0.399609 0.277344 0.399219 0.276855 0.399219 0.275879 0.398828 0.275391 0.398828 0.274902 0.398438 0.274414 0.398438 0.272949 0.398047 0.272461 0.398047 0.270996 0.397656 0.270508 0.397656 0.27002 0.396875 0.269043 0.396875 0.263672 0.396484 0.263184 0.396484 0.259766 0.395703 0.258789 0.395703 0.258301 0.394141 0.256348 0.39375 0.256348 0.393359 0.255859
2 0.405078 0.268555 0.403906 0.27002 0.403906 0.270996 0.403125 0.271973 0.403125 0.279785 0.403516 0.280273 0.403516 0.282715 0.403906 0.283203 0.403906 0.28418 0.404297 0.284668 0.404297 0.286133 0.405469 0.287598 0.405469 0.289062 0.405859 0.289551 0.405859 0.290039 0.406641 0.291016 0.406641 0.291992 0.407031 0.29248 0.407031 0.292969 0.408203 0.294434 0.408203 0.294922 0.409766 0.296875 0.409766 0.297363 0.410938 0.298828 0.410938 0.299805 0.413672 0.303223 0.413672 0.303711 0.414844 0.305176 0.415234 0.305176 0.417578 0.308105 0.417969 0.308105 0.418359 0.308594 0.41875 0.308594 0.419141 0.309082 0.422266 0.309082 0.423438 0.307617 0.423438 0.305176 0.423047 0.304688 0.423047 0.304199 0.421875 0.302734 0.421875 0.302246 0.420703 0.300781 0.420312 0.300781 0.417187 0.296875 0.417187 0.296387 0.416016 0.294922 0.416016 0.294434 0.415625 0.293945 0.415625 0.293457 0.415234 0.292969 0.415234 0.29248 0.414844 0.291992 0.414844 0.291016 0.414062 0.290039 0.414062 0.289551 0.413672 0.289062 0.413672 0.288086 0.413281 0.287598 0.413281 0.286621 0.412891 0.286133 0.412891 0.284668 0.412109 0.283691 0.412109 0.281738 0.411719 0.28125 0.411719 0.279297 0.411328 0.278809 0.411328 0.277344 0.410938 0.276855 0.410938 0.274414 0.410547 0.273926 0.410547 0.273438 0.410156 0.272949 0.410156 0.272461 0.408984 0.270996 0.408984 0.270508 0.407813 0.269043 0.407422 0.269043 0.407031 0.268555
2 0.447266 0.319336 0.446875 0.319824 0.446484 0.319824 0.446094 0.320312 0.445703 0.320312 0.444922 0.321289 0.444141 0.321289 0.442969 0.322754 0.442578 0.322754 0.442188 0.323242 0.441016 0.323242 0.440625 0.32373 0.440234 0.32373 0.439844 0.324219 0.439453 0.324219 0.438672 0.325195 0.438281 0.325195 0.4375 0.326172 0.437109 0.326172 0.436719 0.32666 0.436328 0.32666 0.435937 0.327148 0.435156 0.327148 0.434766 0.327637 0.434375 0.327637 0.433594 0.328613 0.433203 0.328613 0.432031 0.330078 0.432031 0.330566 0.430078 0.333008 0.430078 0.333496 0.429297 0.334473 0.429297 0.334961 0.428516 0.335938 0.428516 0.336426 0.428125 0.336914 0.428125 0.341309 0.429297 0.342773 0.43125 0.342773 0.432422 0.341309 0.432422 0.34082 0.432812 0.340332 0.433594 0.340332 0.433984 0.339844 0.434375 0.339844 0.434766 0.339355 0.435156 0.339355 0.435547 0.338867 0.435937 0.338867 0.437109 0.337402 0.437891 0.337402 0.441797 0.33252 0.442188 0.33252 0.443359 0.331055 0.444141 0.331055 0.449609 0.324219 0.45 0.324219 0.451172 0.322754 0.451172 0.320801 0.45 0.319336
2 0.446094 0.321289 0.444922 0.322754 0.444922 0.323242 0.444531 0.32373 0.444531 0.324219 0.443359 0.325684 0.443359 0.326172 0.438672 0.332031 0.438672 0.33252 0.438281 0.333008 0.438281 0.333496 0.4375 0.334473 0.4375 0.335449 0.437109 0.335938 0.437109 0.336914 0.436328 0.337891 0.436328 0.338867 0.435937 0.339355 0.435937 0.339844 0.435156 0.34082 0.435156 0.341309 0.434375 0.342285 0.434375 0.342773 0.433984 0.343262 0.433984 0.34375 0.433594 0.344238 0.433594 0.349121 0.434766 0.350586 0.437109 0.350586 0.438281 0.349121 0.438281 0.348633 0.441797 0.344238 0.441797 0.34375 0.442578 0.342773 0.442578 0.342285 0.443359 0.341309 0.443359 0.34082 0.44375 0.340332 0.44375 0.339355 0.444141 0.338867 0.444141 0.338379 0.444531 0.337891 0.444531 0.336914 0.445312 0.335938 0.445312 0.334473 0.446094 0.333496 0.446094 0.33252 0.446484 0.332031 0.446484 0.330078 0.447266 0.329102 0.447266 0.328125 0.448047 0.327148 0.448047 0.32666 0.448828 0.325684 0.448828 0.322754 0.447656 0.321289
2 0.467969 0.36377 0.467578 0.364258 0.464062 0.364258 0.463672 0.364746 0.4625 0.364746 0.462109 0.365234 0.461719 0.365234 0.461328 0.365723 0.460547 0.365723 0.459766 0.366699 0.457813 0.366699 0.457422 0.367188 0.455859 0.367188 0.455469 0.367676 0.454688 0.367676 0.453516 0.369141 0.451953 0.369141 0.451562 0.369629 0.451172 0.369629 0.449609 0.371582 0.449609 0.374023 0.450781 0.375488 0.4625 0.375488 0.462891 0.375 0.463281 0.375 0.463672 0.374512 0.464844 0.374512 0.465234 0.374023 0.469531 0.374023 0.469922 0.373535 0.471484 0.373535 0.471875 0.373047 0.472656 0.373047 0.473047 0.372559 0.474219 0.372559 0.475 0.371582 0.475391 0.371582 0.475781 0.371094 0.476562 0.371094 0.476953 0.370605 0.477734 0.370605 0.478125 0.370117 0.478516 0.370117 0.480469 0.367676 0.480469 0.365234 0.479297 0.36377
2 0.285547 0.198242 0.282813 0.20166 0.282422 0.20166 0.280078 0.20459 0.280078 0.205078 0.279687 0.205566 0.279687 0.206543 0.279297 0.207031 0.279297 0.20752 0.278516 0.208496 0.278516 0.208984 0.277344 0.210449 0.277344 0.210938 0.274219 0.214844 0.274219 0.215332 0.273828 0.21582 0.273828 0.216797 0.273438 0.217285 0.273438 0.217773 0.272656 0.21875 0.272656 0.219238 0.272266 0.219727 0.272266 0.220215 0.271875 0.220703 0.271875 0.22168 0.271484 0.222168 0.271484 0.223145 0.271094 0.223633 0.271094 0.224609 0.270703 0.225098 0.270703 0.225586 0.270313 0.226074 0.270313 0.226562 0.269922 0.227051 0.269922 0.229004 0.269531 0.229492 0.269531 0.230469 0.269141 0.230957 0.269141 0.23291 0.26875 0.233398 0.26875 0.233887 0.268359 0.234375 0.268359 0.235352 0.267969 0.23584 0.267969 0.237305 0.267578 0.237793 0.267578 0.242676 0.26875 0.244141 0.270313 0.244141 0.271484 0.242676 0.271484 0.241211 0.271875 0.240723 0.271875 0.240234 0.272266 0.239746 0.272266 0.239258 0.273438 0.237793 0.273438 0.237305 0.273828 0.236816 0.273828 0.236328 0.275391 0.234375 0.275391 0.233887 0.276953 0.231934 0.277344 0.231934 0.281641 0.226562 0.281641 0.226074 0.283203 0.224121 0.283203 0.223145 0.284375 0.22168 0.284375 0.221191 0.285156 0.220215 0.285156 0.219727 0.286719 0.217773 0.286719 0.216797 0.2875 0.21582 0.2875 0.215332 0.288281 0.214355 0.288281 0.213379 0.289062 0.212402 0.289062 0.211426 0.289453 0.210938 0.289453 0.209961 0.290234 0.208984 0.290234 0.208496 0.290625 0.208008 0.290625 0.207031 0.291016 0.206543 0.291016 0.200195 0.289453 0.198242
2 0.318359 0.241699 0.317188 0.243164 0.317188 0.248047 0.317969 0.249023 0.317969 0.249512 0.320703 0.25293 0.321094 0.25293 0.321875 0.253906 0.322266 0.253906 0.323047 0.254883 0.323437 0.254883 0.324219 0.255859 0.324609 0.255859 0.325391 0.256836 0.325781 0.256836 0.326562 0.257812 0.326953 0.257812 0.328125 0.259277 0.328516 0.259277 0.334375 0.266602 0.334766 0.266602 0.335156 0.26709 0.335547 0.26709 0.336719 0.268555 0.337109 0.268555 0.337891 0.269531 0.338281 0.269531 0.339453 0.270996 0.340234 0.270996 0.340625 0.271484 0.341016 0.271484 0.341406 0.271973 0.343359 0.271973 0.344531 0.270508 0.344531 0.26709 0.344141 0.266602 0.344141 0.266113 0.342969 0.264648 0.342969 0.263672 0.341797 0.262207 0.341797 0.261719 0.338281 0.257324 0.337891 0.257324 0.336719 0.255859 0.336328 0.255859 0.334766 0.253906 0.334375 0.253906 0.333984 0.253418 0.333984 0.25293 0.331641 0.25 0.33125 0.25 0.330859 0.249512 0.330469 0.249512 0.330078 0.249023 0.330078 0.248047 0.327734 0.245117 0.326562 0.245117 0.326172 0.244629 0.325781 0.244629 0.325391 0.244141 0.324219 0.244141 0.323828 0.243652 0.323047 0.243652 0.322656 0.243164 0.322266 0.243164 0.321875 0.242676 0.321484 0.242676 0.321094 0.242188 0.320703 0.242188 0.320312 0.241699
1 0.362109 0.228027 0.360547 0.22998 0.360547 0.233887 0.360938 0.234375 0.360938 0.235352 0.361328 0.23584 0.361328 0.236328 0.361719 0.236816 0.361719 0.238281 0.362109 0.23877 0.362109 0.240234 0.3625 0.240723 0.3625 0.241211 0.362891 0.241699 0.362891 0.244629 0.363281 0.245117 0.363281 0.246582 0.363672 0.24707 0.363672 0.248047 0.364063 0.248535 0.364063 0.25 0.364453 0.250488 0.364453 0.250977 0.364844 0.251465 0.364844 0.252441 0.365234 0.25293 0.365234 0.253906 0.365625 0.254395 0.365625 0.254883 0.366016 0.255371 0.366016 0.256836 0.366406 0.257324 0.366406 0.257812 0.366797 0.258301 0.366797 0.259277 0.367578 0.260254 0.367578 0.260742 0.367969 0.26123 0.367969 0.261719 0.368359 0.262207 0.368359 0.263184 0.36875 0.263672 0.36875 0.265137 0.369531 0.266113 0.369531 0.267578 0.371094 0.269531 0.372656 0.269531 0.373828 0.268066 0.373828 0.259766 0.374219 0.259277 0.374219 0.249512 0.373828 0.249023 0.373828 0.246094 0.373437 0.245605 0.373437 0.244629 0.373047 0.244141 0.373047 0.243652 0.372656 0.243164 0.372656 0.242188 0.371875 0.241211 0.371875 0.240723 0.371484 0.240234 0.371484 0.239258 0.371094 0.23877 0.371094 0.237793 0.370312 0.236816 0.370312 0.236328 0.369922 0.23584 0.369922 0.235352 0.367969 0.23291 0.367969 0.232422 0.367578 0.231934 0.367578 0.231445 0.366406 0.22998 0.366016 0.22998 0.365234 0.229004 0.364844 0.229004 0.364453 0.228516 0.364063 0.228516 0.363672 0.228027
1 0.188672 0.303711 0.188281 0.304199 0.1875 0.304199 0.185938 0.306152 0.185547 0.306152 0.185156 0.306641 0.185156 0.307129 0.183203 0.30957 0.183203 0.310059 0.182812 0.310547 0.182812 0.311035 0.182031 0.312012 0.182031 0.3125 0.181641 0.312988 0.181641 0.313477 0.180859 0.314453 0.180859 0.31543 0.180078 0.316406 0.180078 0.316895 0.179688 0.317383 0.179688 0.318359 0.178906 0.319336 0.178906 0.320312 0.178516 0.320801 0.178516 0.321289 0.178125 0.321777 0.178125 0.322266 0.177734 0.322754 0.177734 0.324219 0.177344 0.324707 0.177344 0.325195 0.176953 0.325684 0.176953 0.327148 0.176563 0.327637 0.176563 0.328125 0.176172 0.328613 0.176172 0.330566 0.175781 0.331055 0.175781 0.332031 0.175391 0.33252 0.175391 0.333984 0.175 0.334473 0.175 0.337891 0.177344 0.34082 0.179688 0.34082 0.180859 0.339355 0.180859 0.338867 0.18125 0.338379 0.18125 0.337891 0.183594 0.334961 0.183594 0.334473 0.183984 0.333984 0.183984 0.333496 0.184375 0.333008 0.184375 0.33252 0.184766 0.332031 0.184766 0.330566 0.185156 0.330078 0.185156 0.329102 0.185547 0.328613 0.185547 0.325195 0.185938 0.324707 0.185938 0.321289 0.186328 0.320801 0.186328 0.319824 0.186719 0.319336 0.186719 0.317871 0.187109 0.317383 0.187109 0.315918 0.1875 0.31543 0.1875 0.314941 0.187891 0.314453 0.187891 0.313477 0.188281 0.312988 0.188281 0.3125 0.188672 0.312012 0.188672 0.311523 0.189062 0.311035 0.189062 0.310059 0.191406 0.307129 0.191406 0.305176 0.190234 0.303711
1 0.224609 0.375977 0.224219 0.376465 0.223438 0.376465 0.222656 0.377441 0.222266 0.377441 0.221484 0.378418 0.221094 0.378418 0.219922 0.379883 0.219531 0.379883 0.219141 0.380371 0.21875 0.380371 0.217578 0.381836 0.217188 0.381836 0.215234 0.384277 0.214844 0.384277 0.213672 0.385742 0.213281 0.385742 0.2125 0.386719 0.212109 0.386719 0.211719 0.387207 0.211328 0.387207 0.209766 0.38916 0.209375 0.38916 0.208984 0.389648 0.208203 0.389648 0.207422 0.390625 0.207031 0.390625 0.206641 0.391113 0.205859 0.391113 0.205469 0.391602 0.205078 0.391602 0.204687 0.39209 0.204297 0.39209 0.202734 0.394043 0.202734 0.396484 0.204297 0.398438 0.204687 0.398438 0.205078 0.398926 0.214062 0.398926 0.214453 0.398438 0.214844 0.398438 0.215234 0.397949 0.216016 0.397949 0.216406 0.397461 0.216797 0.397461 0.217188 0.396973 0.217578 0.396973 0.217969 0.396484 0.218359 0.396484 0.21875 0.395996 0.219141 0.395996 0.219531 0.395508 0.219922 0.395508 0.221094 0.394043 0.221484 0.394043 0.222656 0.392578 0.223047 0.392578 0.223828 0.391602 0.224609 0.391602 0.225391 0.390625 0.225781 0.390625 0.226562 0.389648 0.226953 0.389648 0.227344 0.38916 0.227734 0.38916 0.228516 0.388184 0.229297 0.388184 0.230078 0.387207 0.230469 0.387207 0.230859 0.386719 0.232031 0.386719 0.232422 0.38623 0.232813 0.38623 0.233594 0.385254 0.235156 0.385254 0.235547 0.384766 0.237109 0.384766 0.2375 0.384277 0.241016 0.384277 0.241406 0.384766 0.244141 0.384766 0.245312 0.383301 0.245312 0.381348 0.244141 0.379883 0.242578 0.379883 0.242188 0.379395 0.241016 0.379395 0.240625 0.378906 0.239844 0.378906 0.239453 0.378418 0.239063 0.378418 0.238281 0.377441 0.237109 0.377441 0.236719 0.376953 0.236328 0.376953 0.235937 0.376465 0.234766 0.376465 0.234375 0.375977
1 0.146094 0.470215 0.145703 0.470703 0.144531 0.470703 0.144141 0.471191 0.143359 0.471191 0.141406 0.473633 0.141406 0.474121 0.140625 0.475098 0.140625 0.475586 0.140234 0.476074 0.140234 0.479492 0.141406 0.480957 0.143359 0.480957 0.144531 0.479492 0.144922 0.479492 0.145313 0.479004 0.146094 0.479004 0.146484 0.478516 0.147266 0.478516 0.147656 0.478027 0.153125 0.478027 0.153516 0.478516 0.153906 0.478516 0.155859 0.480957 0.155859 0.481445 0.15625 0.481934 0.15625 0.482422 0.156641 0.48291 0.156641 0.483398 0.157031 0.483887 0.157031 0.484863 0.157422 0.485352 0.157422 0.486816 0.157812 0.487305 0.157812 0.487793 0.158594 0.48877 0.158594 0.489258 0.159375 0.490234 0.159375 0.491211 0.160156 0.492188 0.160156 0.492676 0.160547 0.493164 0.160547 0.493652 0.161328 0.494629 0.161328 0.495117 0.162109 0.496094 0.162109 0.496582 0.162891 0.497559 0.162891 0.498047 0.164453 0.5 0.164453 0.500488 0.165234 0.501465 0.165234 0.501953 0.16875 0.506348 0.16875 0.506836 0.170703 0.509277 0.171094 0.509277 0.171484 0.509766 0.171875 0.509766 0.172656 0.510742 0.173047 0.510742 0.173437 0.51123 0.174219 0.51123 0.174609 0.511719 0.175781 0.511719 0.176172 0.512207 0.178906 0.512207 0.180078 0.510742 0.180078 0.507812 0.179688 0.507324 0.179688 0.506348 0.179297 0.505859 0.179297 0.504395 0.178906 0.503906 0.178906 0.502441 0.178516 0.501953 0.178516 0.501465 0.178125 0.500977 0.178125 0.5 0.177734 0.499512 0.177734 0.498047 0.177344 0.497559 0.177344 0.49707 0.176953 0.496582 0.176953 0.496094 0.176563 0.495605 0.176563 0.495117 0.175391 0.493652 0.175391 0.493164 0.173047 0.490234 0.173047 0.489746 0.172656 0.489258 0.172656 0.48877 0.172266 0.488281 0.172266 0.487305 0.171094 0.48584 0.170703 0.48584 0.163281 0.476562 0.163281 0.476074 0.162109 0.474609 0.161719 0.474609 0.159766 0.472168 0.158984 0.472168 0.158594 0.47168 0.158203 0.47168 0.157812 0.471191 0.157031 0.471191 0.156641 0.470703 0.155469 0.470703 0.155078 0.470215
2 0.034375 0.693848 0.0339844 0.694336 0.0335937 0.694336 0.0332031 0.694824 0.0328125 0.694824 0.0316406 0.696289 0.0316406 0.699219 0.0332031 0.701172 0.034375 0.701172 0.0347656 0.70166 0.0351562 0.70166 0.0355469 0.702148 0.0363281 0.702148 0.0367188 0.702637 0.0378906 0.702637 0.0382813 0.703125 0.040625 0.703125 0.0410156 0.703613 0.0464844 0.703613 0.046875 0.704102 0.0636719 0.704102 0.0648438 0.702637 0.0648438 0.700195 0.0636719 0.69873 0.0632812 0.69873 0.0625 0.697754 0.0609375 0.697754 0.0605469 0.697266 0.0597656 0.697266 0.059375 0.696777 0.05625 0.696777 0.0558594 0.696289 0.0542969 0.696289 0.0535156 0.695312 0.053125 0.695312 0.0527344 0.694824 0.0515625 0.694824 0.0511719 0.694336 0.0449219 0.694336 0.0445313 0.693848
2 0.0109375 0.73877 0.0105469 0.739258 0.0101563 0.739258 0.00859375 0.741211 0.00859375 0.745117 0.00898437 0.745605 0.00898437 0.746094 0.0101563 0.747559 0.0101563 0.748047 0.0132812 0.751953 0.0136719 0.751953 0.0152344 0.753906 0.0160156 0.753906 0.0167969 0.754883 0.0171875 0.754883 0.0175781 0.755371 0.0179687 0.755371 0.0183594 0.755859 0.01875 0.755859 0.0203125 0.757812 0.0210938 0.757812 0.021875 0.758789 0.0222656 0.758789 0.0234375 0.760254 0.0246094 0.760254 0.025 0.760742 0.0253906 0.760742 0.0261719 0.761719 0.0265625 0.761719 0.0269531 0.762207 0.0277344 0.762207 0.0289063 0.763672 0.0304687 0.763672 0.0308594 0.76416 0.0339844 0.76416 0.0351562 0.762695 0.0351562 0.760254 0.0339844 0.758789 0.0339844 0.758301 0.0332031 0.757324 0.0332031 0.756836 0.0320312 0.755371 0.0316406 0.755371 0.03125 0.754883 0.0308594 0.754883 0.0269531 0.75 0.0265625 0.75 0.0234375 0.746094 0.0230469 0.746094 0.021875 0.744629 0.0210938 0.744629 0.0207031 0.744141 0.0203125 0.744141 0.0191406 0.742676 0.01875 0.742676 0.0183594 0.742188 0.0179687 0.742188 0.0171875 0.741211 0.0167969 0.741211 0.0164063 0.740723 0.0160156 0.740723 0.015625 0.740234 0.0148437 0.740234 0.0144531 0.739746 0.0140625 0.739746 0.0136719 0.739258 0.0132812 0.739258 0.0128906 0.73877
2 0.225391 0.28418 0.225 0.284668 0.224609 0.284668 0.224219 0.285156 0.223438 0.285156 0.223047 0.285645 0.221094 0.285645 0.219531 0.287598 0.21875 0.287598 0.218359 0.288086 0.217578 0.288086 0.217188 0.288574 0.216406 0.288574 0.214844 0.290527 0.214844 0.292969 0.216016 0.294434 0.218359 0.294434 0.21875 0.294922 0.233984 0.294922 0.234375 0.294434 0.235937 0.294434 0.236328 0.293945 0.236719 0.293945 0.237109 0.293457 0.238672 0.293457 0.239453 0.29248 0.240625 0.29248 0.242578 0.290039 0.242578 0.287598 0.241406 0.286133 0.241016 0.286133 0.240625 0.285645 0.240234 0.285645 0.239844 0.285156 0.238672 0.285156 0.238281 0.284668 0.235547 0.284668 0.235156 0.28418
2 0.25625 0.308594 0.254297 0.311035 0.254297 0.314941 0.254688 0.31543 0.254688 0.315918 0.257422 0.319336 0.257812 0.319336 0.258984 0.320801 0.259375 0.320801 0.260156 0.321777 0.260547 0.321777 0.262109 0.32373 0.2625 0.32373 0.264062 0.325684 0.264453 0.325684 0.265625 0.327148 0.266016 0.327148 0.267969 0.32959 0.268359 0.32959 0.269531 0.331055 0.269922 0.331055 0.271094 0.33252 0.271875 0.33252 0.272656 0.333496 0.273438 0.333496 0.273828 0.333984 0.274219 0.333984 0.275391 0.335449 0.279687 0.335449 0.280859 0.333984 0.280859 0.332031 0.279687 0.330566 0.278906 0.330566 0.278516 0.330078 0.278125 0.330078 0.277734 0.32959 0.277344 0.32959 0.274609 0.326172 0.274219 0.326172 0.273828 0.325684 0.273438 0.325684 0.273047 0.325195 0.273047 0.324707 0.268359 0.318848 0.268359 0.318359 0.267188 0.316895 0.267188 0.315918 0.263281 0.311035 0.262109 0.311035 0.261328 0.310059 0.260937 0.310059 0.259766 0.308594
1 0.446484 0.00830078 0.444922 0.0102539 0.444922 0.0141602 0.444531 0.0146484 0.444531 0.0258789 0.445312 0.0268555 0.445312 0.027832 0.445703 0.0283203 0.445703 0.0288086 0.446094 0.0292969 0.446094 0.0302734 0.446484 0.0307617 0.446484 0.0317383 0.447656 0.0332031 0.447656 0.0336914 0.45 0.0366211 0.450391 0.0366211 0.451172 0.0375977 0.451562 0.0375977 0.451953 0.0380859 0.452344 0.0380859 0.452734 0.0385742 0.454297 0.0385742 0.455469 0.0371094 0.455469 0.034668 0.455078 0.0341797 0.455078 0.0336914 0.454688 0.0332031 0.454688 0.0322266 0.453906 0.03125 0.453906 0.027832 0.453516 0.0273438 0.453516 0.0146484 0.453125 0.0141602 0.453125 0.0136719 0.452734 0.0131836 0.452734 0.012207 0.451562 0.0107422 0.451562 0.0102539 0.45 0.00830078
2 0.458984 0.00390625 0.458594 0.00439453 0.458203 0.00439453 0.457813 0.00488281 0.457031 0.00488281 0.456641 0.00537109 0.453906 0.00537109 0.453516 0.00585938 0.451562 0.00585938 0.451172 0.00634766 0.446875 0.00634766 0.446484 0.00683594 0.445312 0.00683594 0.444922 0.00732422 0.444531 0.00732422 0.444141 0.0078125 0.443359 0.0078125 0.442578 0.00878906 0.442188 0.00878906 0.441016 0.0102539 0.441016 0.0107422 0.440625 0.0112305 0.440625 0.0151367 0.442969 0.0180664 0.44375 0.0180664 0.444141 0.0185547 0.452734 0.0185547 0.453125 0.0180664 0.455078 0.0180664 0.455469 0.0175781 0.457813 0.0175781 0.458203 0.0170898 0.458594 0.0170898 0.459375 0.0161133 0.460156 0.0161133 0.460547 0.015625 0.460938 0.015625 0.461328 0.0151367 0.461719 0.0151367 0.463281 0.0131836 0.463672 0.0131836 0.465234 0.0112305 0.465234 0.0107422 0.465625 0.0102539 0.465625 0.00732422 0.464062 0.00537109 0.463281 0.00537109 0.462891 0.00488281 0.4625 0.00488281 0.461719 0.00390625
2 0.621094 0.809082 0.620313 0.810059 0.619922 0.810059 0.619531 0.810547 0.618359 0.810547 0.617969 0.811035 0.617188 0.811035 0.616797 0.811523 0.616406 0.811523 0.616016 0.812012 0.614062 0.812012 0.613672 0.8125 0.612109 0.8125 0.611719 0.812988 0.608203 0.812988 0.607812 0.813477 0.607422 0.813477 0.607031 0.813965 0.605078 0.813965 0.604688 0.814453 0.603516 0.814453 0.603125 0.814941 0.602734 0.814941 0.602344 0.81543 0.601953 0.81543 0.598828 0.819336 0.598828 0.822754 0.6 0.824219 0.600391 0.824219 0.600781 0.824707 0.608203 0.824707 0.608594 0.824219 0.609375 0.824219 0.609766 0.82373 0.610938 0.82373 0.611328 0.823242 0.612109 0.823242 0.6125 0.822754 0.612891 0.822754 0.613281 0.822266 0.613672 0.822266 0.614062 0.821777 0.614453 0.821777 0.614844 0.821289 0.615234 0.821289 0.615625 0.820801 0.616016 0.820801 0.616406 0.820312 0.616797 0.820312 0.617188 0.819824 0.617969 0.819824 0.619141 0.818359 0.619531 0.818359 0.622656 0.814453 0.623047 0.814453 0.624609 0.8125 0.624609 0.810547 0.623437 0.809082
