2 0.693359 0.200684 0.693359 0.202148 0.695703 0.203613 0.699219 0.208984 0.727734 0.233398 0.742969 0.238281 0.756641 0.238281 0.758594 0.239258 0.763672 0.239258 0.766797 0.240723 0.771094 0.240723 0.767578 0.23584 0.760547 0.233887 0.755469 0.233887 0.743359 0.22998 0.735547 0.225098 0.730859 0.220215 0.723047 0.214844 0.715625 0.208008 0.706641 0.204102 0.702734 0.203613 0.698438 0.200684
2 0.177734 0.313965 0.178125 0.318848 0.183203 0.32666 0.185938 0.337891 0.188281 0.343262 0.194141 0.350098 0.199609 0.359375 0.207813 0.376465 0.209375 0.378418 0.2125 0.378906 0.212891 0.376465 0.211328 0.373535 0.209766 0.366211 0.194141 0.325195 0.186328 0.316406
2 0.0578125 0 0.0550781 0 0.0550781 0.00146484 0.0507812 0.00683594 0.0484375 0.0141602 0.0464844 0.0170898 0.04375 0.0283203 0.0410156 0.0327148 0.0394531 0.0395508 0.0394531 0.0727539 0.0453125 0.0908203 0.0484375 0.0878906 0.046875 0.0776367 0.0464844 0.0566406 0.0507812 0.0322266 0.0585938 0.00585938
1 0.138672 0 0.137891 0.000976562 0.137891 0.00195312 0.137109 0.00292969 0.137109 0.00341797 0.136719 0.00390625 0.136719 0.00488281 0.135937 0.00585938 0.135156 0.00585938 0.134375 0.00683594 0.133984 0.00683594 0.133203 0.0078125 0.132812 0.0078125 0.132031 0.00878906 0.131641 0.00878906 0.130469 0.0102539 0.130078 0.0102539 0.127344 0.0136719 0.127344 0.0141602 0.126953 0.0146484 0.126953 0.0151367 0.126562 0.015625 0.126562 0.0161133 0.125781 0.0170898 0.125781 0.0175781 0.125 0.0185547 0.125 0.0200195 0.124609 0.0205078 0.124609 0.0234375 0.123828 0.0244141 0.123828 0.0268555 0.123438 0.0273438 0.123438 0.0297852 0.123047 0.0302734 0.123047 0.0332031 0.122656 0.0336914 0.122656 0.034668 0.122266 0.0351562 0.122266 0.0356445 0.121875 0.0361328 0.121875 0.0380859 0.120703 0.0395508 0.120703 0.0410156 0.119922 0.0419922 0.119922 0.0429688 0.119531 0.043457 0.119531 0.0444336 0.119141 0.0449219 0.119141 0.0458984 0.117969 0.0473633 0.117969 0.0483398 0.117578 0.0488281 0.117578 0.0493164 0.117188 0.0498047 0.117188 0.050293 0.116406 0.0512695 0.116406 0.0517578 0.116016 0.0522461 0.116016 0.0532227 0.115625 0.0537109 0.115625 0.0546875 0.114844 0.0556641 0.114844 0.0561523 0.114453 0.0566406 0.114453 0.0571289 0.1125 0.0595703 0.112109 0.0595703 0.108203 0.0644531 0.108203 0.0649414 0.107422 0.065918 0.107422 0.0668945 0.107031 0.0673828 0.107031 0.0678711 0.10625 0.0688477 0.10625 0.0698242 0.105859 0.0703125 0.105859 0.0727539 0.107031 0.0742188 0.108594 0.0742188 0.115625 0.0654297 0.115625 0.0649414 0.116406 0.0639648 0.116406 0.0634766 0.116797 0.0629883 0.116797 0.0625 0.117578 0.0615234 0.117578 0.0610352 0.117969 0.0605469 0.118359 0.0605469 0.119531 0.059082 0.119531 0.0585938 0.119922 0.0581055 0.120703 0.0581055 0.122656 0.0556641 0.122656 0.0551758 0.123438 0.0541992 0.124219 0.0541992 0.125 0.0551758 0.126562 0.0551758 0.126953 0.0546875 0.127344 0.0546875 0.128516 0.0532227 0.128516 0.0522461 0.131641 0.0483398 0.131641 0.0478516 0.133594 0.0454102 0.133594 0.0449219 0.134375 0.0439453 0.134375 0.043457 0.134766 0.0429688 0.134766 0.0424805 0.135547 0.0415039 0.135547 0.0410156 0.135937 0.0405273 0.135937 0.0400391 0.136719 0.0390625 0.136719 0.0385742 0.1375 0.0375977 0.1375 0.0366211 0.137891 0.0361328 0.137891 0.0356445 0.138672 0.034668 0.138672 0.0332031 0.139063 0.0327148 0.139063 0.0322266 0.139453 0.0317383 0.139453 0.0307617 0.139844 0.0302734 0.139844 0.0288086 0.140234 0.0283203 0.140234 0.027832 0.140625 0.0273438 0.140625 0.0263672 0.141016 0.0258789 0.141016 0.0239258 0.141406 0.0234375 0.141406 0.0214844 0.141797 0.0209961 0.141797 0.00976562 0.142187 0.00927734 0.142187 0.00683594 0.142578 0.00634766 0.142578 0.00390625 0.14375 0.00244141 0.14375 0
1 0.122266 0.0405273 0.121094 0.0419922 0.121094 0.0493164 0.120313 0.050293 0.120313 0.0541992 0.11875 0.0561523 0.11875 0.0688477 0.119141 0.0693359 0.119141 0.0722656 0.119531 0.0727539 0.119531 0.074707 0.119922 0.0751953 0.119922 0.0756836 0.120313 0.0761719 0.120313 0.0771484 0.120703 0.0776367 0.120703 0.078125 0.121094 0.0786133 0.121094 0.0800781 0.121484 0.0805664 0.121484 0.0810547 0.122266 0.0820312 0.122266 0.0825195 0.122656 0.0830078 0.122656 0.0839844 0.123438 0.0849609 0.123438 0.0854492 0.124219 0.0864258 0.124219 0.0874023 0.124609 0.0878906 0.124609 0.0883789 0.126562 0.0908203 0.126562 0.0913086 0.126953 0.0917969 0.126953 0.0922852 0.129297 0.0952148 0.129297 0.0957031 0.129688 0.0961914 0.129688 0.0966797 0.133203 0.101074 0.133203 0.101562 0.133984 0.102539 0.133984 0.103027 0.136719 0.106445 0.136719 0.106934 0.1375 0.10791 0.1375 0.109375 0.137891 0.109863 0.137891 0.110352 0.138281 0.11084 0.138281 0.111328 0.138672 0.111816 0.138672 0.112305 0.139453 0.113281 0.139453 0.11377 0.140234 0.114746 0.140234 0.116211 0.140625 0.116699 0.140625 0.117188 0.141406 0.118164 0.141406 0.119141 0.141797 0.119629 0.141797 0.121094 0.143359 0.123047 0.146094 0.123047 0.147266 0.121582 0.147266 0.118164 0.146875 0.117676 0.146875 0.117188 0.146484 0.116699 0.146484 0.116211 0.146094 0.115723 0.146094 0.113281 0.145703 0.112793 0.145703 0.111816 0.145313 0.111328 0.145313 0.109375 0.144922 0.108887 0.144922 0.108398 0.144141 0.107422 0.144141 0.106445 0.14375 0.105957 0.14375 0.105469 0.143359 0.10498 0.143359 0.104492 0.142969 0.104004 0.142969 0.103516 0.142578 0.103027 0.142578 0.102539 0.142187 0.102051 0.142187 0.101074 0.141406 0.100098 0.141406 0.0976562 0.140625 0.0966797 0.140625 0.0957031 0.140234 0.0952148 0.140234 0.0932617 0.139844 0.0927734 0.139844 0.0913086 0.139453 0.0908203 0.139453 0.0878906 0.138672 0.0869141 0.138672 0.0839844 0.138281 0.0834961 0.138281 0.0825195 0.1375 0.081543 0.1375 0.078125 0.137109 0.0776367 0.137109 0.0717773 0.136719 0.0712891 0.136719 0.0703125 0.136328 0.0698242 0.136328 0.0664062 0.135937 0.065918 0.135937 0.0654297 0.135547 0.0649414 0.135547 0.0639648 0.135156 0.0634766 0.135156 0.0610352 0.134766 0.0605469 0.134766 0.0600586 0.134375 0.0595703 0.134375 0.0585938 0.133984 0.0581055 0.133984 0.0576172 0.133594 0.0571289 0.133594 0.0566406 0.132812 0.0556641 0.132812 0.0551758 0.13125 0.0532227 0.13125 0.0522461 0.130078 0.0507812 0.130078 0.050293 0.128516 0.0483398 0.128516 0.0478516 0.127734 0.046875 0.127734 0.0463867 0.126562 0.0449219 0.126562 0.0439453 0.123828 0.0405273
1 0.0929688 0.0913086 0.0925781 0.0917969 0.090625 0.0917969 0.0898438 0.0927734 0.0886719 0.0927734 0.0878906 0.09375 0.0875 0.09375 0.0871094 0.0942383 0.0867187 0.0942383 0.0851563 0.0961914 0.0847656 0.0961914 0.0835937 0.0976562 0.0835937 0.0996094 0.0832031 0.100098 0.0832031 0.102539 0.084375 0.104004 0.0871094 0.104004 0.0875 0.103516 0.0886719 0.103516 0.0890625 0.104004 0.0910156 0.104004 0.0914062 0.104492 0.0941406 0.104492 0.0945312 0.10498 0.0992187 0.10498 0.0996094 0.105469 0.103125 0.105469 0.103516 0.105957 0.103906 0.105957 0.104297 0.106445 0.104688 0.106445 0.105078 0.106934 0.10625 0.106934 0.108594 0.109863 0.108984 0.109863 0.109375 0.110352 0.109766 0.110352 0.111719 0.112793 0.112109 0.112793 0.112891 0.11377 0.114062 0.11377 0.114453 0.114258 0.116016 0.114258 0.116797 0.115234 0.117969 0.115234 0.118359 0.115723 0.119922 0.115723 0.120313 0.116211 0.121094 0.116211 0.121484 0.116699 0.129297 0.116699 0.130078 0.115723 0.13125 0.115723 0.131641 0.115234 0.132031 0.115234 0.132422 0.114746 0.132812 0.114746 0.133203 0.114258 0.133984 0.114258 0.134766 0.113281 0.135156 0.113281 0.136328 0.111816 0.136719 0.111816 0.137891 0.110352 0.138281 0.110352 0.138672 0.109863 0.139063 0.109863 0.139844 0.108887 0.140234 0.108887 0.141016 0.10791 0.141406 0.10791 0.141797 0.107422 0.142578 0.107422 0.14375 0.105957 0.144141 0.105957 0.145313 0.104492 0.145313 0.102539 0.144141 0.101074 0.141406 0.101074 0.141016 0.101562 0.139844 0.101562 0.139453 0.102051 0.132422 0.102051 0.132031 0.101562 0.131641 0.101562 0.130859 0.100586 0.129688 0.100586 0.128516 0.0991211 0.128125 0.0991211 0.126953 0.0976562 0.124609 0.0976562 0.123828 0.0966797 0.122266 0.0966797 0.121875 0.0961914 0.120313 0.0961914 0.119922 0.0957031 0.119531 0.0957031 0.119141 0.0952148 0.117969 0.0952148 0.117578 0.0947266 0.115234 0.0947266 0.114062 0.0932617 0.113281 0.0932617 0.112891 0.0927734 0.111328 0.0927734 0.110937 0.0922852 0.110156 0.0922852 0.109766 0.0917969 0.108594 0.0917969 0.108203 0.0913086
1 0.167969 0.00732422 0.167578 0.0078125 0.166797 0.0078125 0.165234 0.00976562 0.165234 0.0102539 0.164844 0.0107422 0.164844 0.0219727 0.164453 0.0224609 0.164453 0.0244141 0.164062 0.0249023 0.164062 0.0253906 0.163672 0.0258789 0.163672 0.0273438 0.163281 0.027832 0.163281 0.0283203 0.162891 0.0288086 0.162891 0.0292969 0.1625 0.0297852 0.1625 0.0307617 0.161328 0.0322266 0.161328 0.0327148 0.159766 0.034668 0.159766 0.0356445 0.158984 0.0366211 0.158984 0.0371094 0.158203 0.0380859 0.157812 0.0380859 0.156641 0.0395508 0.156641 0.0400391 0.155469 0.0415039 0.155469 0.0419922 0.155078 0.0424805 0.154688 0.0424805 0.153906 0.043457 0.153516 0.043457 0.152344 0.0449219 0.151953 0.0449219 0.150781 0.0463867 0.15 0.0463867 0.149219 0.0473633 0.148438 0.0473633 0.148047 0.0478516 0.147266 0.0478516 0.146875 0.0483398 0.145703 0.0483398 0.145313 0.0488281 0.13125 0.0488281 0.129688 0.0507812 0.129688 0.0532227 0.131641 0.0556641 0.134766 0.0556641 0.135156 0.0561523 0.138281 0.0561523 0.138672 0.0566406 0.141406 0.0566406 0.141797 0.0571289 0.144141 0.0571289 0.144531 0.0576172 0.144922 0.0576172 0.145703 0.0585938 0.146094 0.0585938 0.146484 0.059082 0.146875 0.059082 0.147266 0.0595703 0.148438 0.0595703 0.148828 0.0600586 0.151172 0.0600586 0.151562 0.0605469 0.151953 0.0605469 0.152344 0.0610352 0.161328 0.0610352 0.161719 0.0605469 0.162109 0.0605469 0.1625 0.0600586 0.163672 0.0600586 0.164062 0.0595703 0.164453 0.0595703 0.165234 0.0585938 0.165625 0.0585938 0.166797 0.0571289 0.166797 0.0566406 0.168359 0.0546875 0.168359 0.0537109 0.169531 0.0522461 0.169531 0.0517578 0.170313 0.0507812 0.170313 0.0488281 0.170703 0.0483398 0.170703 0.0478516 0.171484 0.046875 0.171484 0.0454102 0.171875 0.0449219 0.171875 0.0439453 0.172266 0.043457 0.172266 0.0415039 0.172656 0.0410156 0.172656 0.0263672 0.173047 0.0258789 0.173047 0.0234375 0.173437 0.0229492 0.173437 0.0107422 0.173047 0.0102539 0.173047 0.00976562 0.172656 0.00927734 0.172656 0.00878906 0.171484 0.00732422
1 0.155859 0.0649414 0.155469 0.0654297 0.154688 0.0654297 0.154297 0.065918 0.153125 0.065918 0.152344 0.0668945 0.151562 0.0668945 0.151172 0.0673828 0.150781 0.0673828 0.150391 0.0678711 0.15 0.0678711 0.149609 0.0683594 0.149219 0.0683594 0.148828 0.0688477 0.148438 0.0688477 0.148047 0.0693359 0.147656 0.0693359 0.146875 0.0703125 0.146484 0.0703125 0.146094 0.0708008 0.145703 0.0708008 0.142578 0.074707 0.142578 0.0756836 0.141797 0.0766602 0.141797 0.0776367 0.141406 0.078125 0.141406 0.0800781 0.141016 0.0805664 0.141016 0.0883789 0.141406 0.0888672 0.141406 0.090332 0.141797 0.0908203 0.141797 0.0917969 0.142187 0.0922852 0.142187 0.09375 0.142578 0.0942383 0.142578 0.0957031 0.142969 0.0961914 0.142969 0.0966797 0.143359 0.097168 0.143359 0.0976562 0.14375 0.0981445 0.14375 0.0991211 0.144531 0.100098 0.144531 0.101074 0.144922 0.101562 0.144922 0.103027 0.145313 0.103516 0.145313 0.104004 0.145703 0.104492 0.145703 0.105469 0.146094 0.105957 0.146094 0.106445 0.146484 0.106934 0.146484 0.107422 0.146875 0.10791 0.146875 0.108398 0.147266 0.108887 0.147266 0.109375 0.147656 0.109863 0.147656 0.11084 0.148047 0.111328 0.148047 0.111816 0.148438 0.112305 0.148438 0.11377 0.15 0.115723 0.15 0.116211 0.150391 0.116699 0.150391 0.117676 0.151562 0.119141 0.151562 0.121582 0.151953 0.12207 0.151953 0.124023 0.153125 0.125488 0.154688 0.125488 0.155859 0.124023 0.155859 0.112305 0.155469 0.111816 0.155469 0.11084 0.154688 0.109863 0.154688 0.108398 0.154297 0.10791 0.154297 0.106445 0.153516 0.105469 0.153516 0.104004 0.153125 0.103516 0.153125 0.103027 0.152734 0.102539 0.152734 0.100586 0.152344 0.100098 0.152344 0.0952148 0.152734 0.0947266 0.152734 0.0942383 0.153125 0.09375 0.153125 0.0927734 0.153516 0.0922852 0.153516 0.0913086 0.155469 0.0888672 0.155469 0.0883789 0.155859 0.0878906 0.15625 0.0878906 0.156641 0.0874023 0.157031 0.0874023 0.157422 0.0869141 0.157812 0.0869141 0.158203 0.0864258 0.158594 0.0864258 0.158984 0.0859375 0.159375 0.0859375 0.160156 0.0849609 0.160547 0.0849609 0.161328 0.0839844 0.162109 0.0839844 0.162891 0.0830078 0.163281 0.0830078 0.163672 0.0825195 0.164453 0.0825195 0.164844 0.0820312 0.165234 0.0820312 0.165625 0.081543 0.166406 0.081543 0.166797 0.0810547 0.167578 0.0810547 0.167969 0.0805664 0.171875 0.0805664 0.172266 0.0810547 0.172656 0.0810547 0.173828 0.0825195 0.173828 0.0830078 0.174219 0.0834961 0.174219 0.0839844 0.175 0.0849609 0.175 0.0854492 0.176563 0.0874023 0.176563 0.0878906 0.177734 0.0893555 0.177734 0.0898438 0.179297 0.0917969 0.179297 0.0922852 0.179688 0.0927734 0.179688 0.0932617 0.180469 0.0942383 0.180469 0.0947266 0.182812 0.0976562 0.182812 0.0981445 0.183984 0.0996094 0.186328 0.0996094 0.1875 0.0981445 0.1875 0.097168 0.187891 0.0966797 0.187891 0.0922852 0.1875 0.0917969 0.1875 0.090332 0.187109 0.0898438 0.187109 0.0893555 0.186719 0.0888672 0.186719 0.0883789 0.186328 0.0878906 0.186328 0.0874023 0.185156 0.0859375 0.185156 0.0854492 0.183203 0.0830078 0.183203 0.0825195 0.180469 0.0791016 0.180469 0.0786133 0.172656 0.0688477 0.172266 0.0688477 0.171094 0.0673828 0.170313 0.0673828 0.169922 0.0668945 0.169141 0.0668945 0.16875 0.0664062 0.168359 0.0664062 0.167969 0.065918 0.166797 0.065918 0.166406 0.0654297 0.164844 0.0654297 0.164453 0.0649414
1 0.163672 0.0839844 0.1625 0.0854492 0.1625 0.0864258 0.162109 0.0869141 0.162109 0.100098 0.1625 0.100586 0.1625 0.101074 0.162891 0.101562 0.162891 0.102539 0.163281 0.103027 0.163281 0.103516 0.163672 0.104004 0.163672 0.10498 0.164844 0.106445 0.164844 0.106934 0.167578 0.110352 0.167969 0.110352 0.169531 0.112305 0.169922 0.112305 0.170313 0.112793 0.170703 0.112793 0.171484 0.11377 0.172266 0.11377 0.172656 0.114258 0.173047 0.114258 0.173828 0.115234 0.175 0.115234 0.175391 0.115723 0.175781 0.115723 0.176563 0.116699 0.177734 0.116699 0.178125 0.117188 0.179297 0.117188 0.179688 0.117676 0.180859 0.117676 0.18125 0.118164 0.182031 0.118164 0.182422 0.118652 0.184766 0.118652 0.185156 0.119141 0.186719 0.119141 0.187109 0.119629 0.194922 0.119629 0.195312 0.120117 0.195703 0.120117 0.196094 0.120605 0.196484 0.120605 0.196875 0.121094 0.197266 0.121094 0.200781 0.125488 0.201172 0.125488 0.201563 0.125977 0.201563 0.126465 0.203906 0.129395 0.203906 0.129883 0.204687 0.130859 0.204687 0.131348 0.205078 0.131836 0.205078 0.132812 0.20625 0.134277 0.207813 0.134277 0.208984 0.132812 0.208984 0.128906 0.208594 0.128418 0.208594 0.126953 0.207813 0.125977 0.207813 0.124023 0.207422 0.123535 0.207422 0.123047 0.207031 0.122559 0.207031 0.12207 0.206641 0.121582 0.206641 0.120117 0.20625 0.119629 0.20625 0.118652 0.205859 0.118164 0.205859 0.117676 0.205469 0.117188 0.205469 0.115723 0.205078 0.115234 0.205078 0.114746 0.204297 0.11377 0.204297 0.113281 0.203906 0.112793 0.203906 0.112305 0.202344 0.110352 0.202344 0.109375 0.201172 0.10791 0.201172 0.107422 0.199609 0.105469 0.199609 0.10498 0.198437 0.103516 0.198047 0.103516 0.197266 0.102539 0.196875 0.102539 0.196094 0.101562 0.195312 0.101562 0.194531 0.100586 0.194141 0.100586 0.19375 0.100098 0.191406 0.100098 0.191016 0.0996094 0.190625 0.0996094 0.190234 0.0991211 0.188281 0.0991211 0.187891 0.0986328 0.187109 0.0986328 0.186328 0.0976562 0.176953 0.0976562 0.176563 0.097168 0.175391 0.097168 0.174609 0.0961914 0.173828 0.0961914 0.173437 0.0957031 0.173047 0.0957031 0.172656 0.0952148 0.172266 0.0952148 0.171094 0.09375 0.170313 0.09375 0.169922 0.0932617 0.169531 0.0932617 0.167578 0.0908203 0.167578 0.0883789 0.167187 0.0878906 0.167187 0.0874023 0.166797 0.0869141 0.166797 0.0864258 0.166406 0.0859375 0.166406 0.0854492 0.165234 0.0839844
1 0.170313 0.0463867 0.169141 0.0478516 0.169141 0.0498047 0.170703 0.0517578 0.171484 0.0517578 0.171875 0.0522461 0.172656 0.0522461 0.174609 0.0546875 0.175 0.0546875 0.175391 0.0551758 0.175781 0.0551758 0.176172 0.0556641 0.176563 0.0556641 0.176953 0.0561523 0.178906 0.0561523 0.179297 0.0566406 0.180469 0.0566406 0.180859 0.0571289 0.188672 0.0571289 0.189062 0.0576172 0.189844 0.0576172 0.190234 0.0581055 0.191016 0.0581055 0.191797 0.059082 0.192188 0.059082 0.194922 0.0625 0.194922 0.0629883 0.196875 0.0654297 0.196875 0.065918 0.198437 0.0678711 0.198437 0.0683594 0.198828 0.0688477 0.198828 0.0693359 0.2 0.0708008 0.2 0.0712891 0.201953 0.0737305 0.201953 0.0742188 0.202344 0.074707 0.202344 0.0751953 0.203125 0.0761719 0.203125 0.0766602 0.204297 0.078125 0.204297 0.0786133 0.205469 0.0800781 0.205469 0.0805664 0.205859 0.0810547 0.205859 0.081543 0.208203 0.0844727 0.208594 0.0844727 0.210938 0.0874023 0.211328 0.0874023 0.211719 0.0878906 0.212109 0.0878906 0.212891 0.0888672 0.213281 0.0888672 0.213672 0.0893555 0.214062 0.0893555 0.214844 0.090332 0.215625 0.090332 0.216406 0.0913086 0.216797 0.0913086 0.217578 0.0922852 0.217969 0.0922852 0.21875 0.0932617 0.219141 0.0932617 0.219922 0.0942383 0.220312 0.0942383 0.220703 0.0947266 0.221094 0.0947266 0.221875 0.0957031 0.222266 0.0957031 0.224609 0.0986328 0.224609 0.0991211 0.225391 0.100098 0.225391 0.101074 0.226562 0.102539 0.226562 0.103027 0.226953 0.103516 0.226953 0.104004 0.227344 0.104492 0.227344 0.10498 0.228125 0.105957 0.228125 0.106445 0.228516 0.106934 0.228516 0.10791 0.229687 0.109375 0.229687 0.109863 0.230078 0.110352 0.230078 0.11084 0.232031 0.113281 0.233594 0.113281 0.234766 0.111816 0.235156 0.111816 0.235937 0.11084 0.236328 0.11084 0.2375 0.109375 0.2375 0.108887 0.237891 0.108398 0.237891 0.106445 0.236328 0.104492 0.235547 0.104492 0.234766 0.103516 0.234375 0.103516 0.232813 0.101562 0.232813 0.101074 0.232422 0.100586 0.232422 0.100098 0.232031 0.0996094 0.232031 0.0991211 0.231641 0.0986328 0.231641 0.097168 0.23125 0.0966797 0.23125 0.0961914 0.230469 0.0952148 0.230469 0.0942383 0.229297 0.0927734 0.229297 0.0917969 0.228125 0.090332 0.228125 0.0893555 0.227734 0.0888672 0.227734 0.0883789 0.226953 0.0874023 0.226953 0.0869141 0.226172 0.0859375 0.226172 0.0854492 0.225781 0.0849609 0.225781 0.0839844 0.222266 0.0795898 0.222266 0.0791016 0.217969 0.0737305 0.217969 0.0732422 0.216016 0.0708008 0.216016 0.0703125 0.213672 0.0673828 0.213672 0.0668945 0.2125 0.0654297 0.212109 0.0654297 0.211719 0.0649414 0.211328 0.0649414 0.210547 0.0639648 0.210156 0.0639648 0.207031 0.0600586 0.206641 0.0600586 0.205469 0.0585938 0.204687 0.0585938 0.203906 0.0576172 0.203516 0.0576172 0.203125 0.0571289 0.202344 0.0571289 0.201953 0.0566406 0.201563 0.0566406 0.201172 0.0561523 0.200391 0.0561523 0.2 0.0556641 0.198437 0.0556641 0.197656 0.0546875 0.196875 0.0546875 0.196484 0.0541992 0.196094 0.0541992 0.195703 0.0537109 0.195312 0.0537109 0.193359 0.0512695 0.192578 0.0512695 0.191797 0.050293 0.191406 0.050293 0.191016 0.0498047 0.184375 0.0498047 0.183984 0.050293 0.182812 0.050293 0.182422 0.0507812 0.178516 0.0507812 0.178125 0.050293 0.177344 0.050293 0.175781 0.0483398 0.175391 0.0483398 0.175 0.0478516 0.174609 0.0478516 0.174219 0.0473633 0.173047 0.0473633 0.172656 0.046875 0.172266 0.046875 0.171875 0.0463867
2 0.177734 0.0610352 0.177344 0.0615234 0.176563 0.0615234 0.175391 0.0629883 0.175391 0.0693359 0.175781 0.0698242 0.175781 0.0703125 0.176172 0.0708008 0.176172 0.0732422 0.176563 0.0737305 0.176563 0.0742188 0.177734 0.0756836 0.177734 0.0761719 0.179297 0.078125 0.179297 0.0786133 0.181641 0.081543 0.181641 0.0820312 0.185156 0.0864258 0.185156 0.0869141 0.185938 0.0878906 0.185938 0.0883789 0.187109 0.0898438 0.1875 0.0898438 0.187891 0.090332 0.188281 0.090332 0.188672 0.0908203 0.189062 0.0908203 0.189844 0.0917969 0.190234 0.0917969 0.191016 0.0927734 0.191406 0.0927734 0.192188 0.09375 0.192969 0.09375 0.193359 0.0942383 0.199609 0.0942383 0.2 0.09375 0.201172 0.09375 0.202344 0.0952148 0.203125 0.0952148 0.203516 0.0957031 0.203906 0.0957031 0.204297 0.0961914 0.204687 0.0961914 0.205078 0.0966797 0.207031 0.0966797 0.207422 0.097168 0.216797 0.097168 0.217188 0.0966797 0.218359 0.0966797 0.219141 0.0957031 0.219531 0.0957031 0.220312 0.0947266 0.220703 0.0947266 0.222266 0.0927734 0.222266 0.0917969 0.223438 0.090332 0.223438 0.0893555 0.224219 0.0883789 0.224219 0.0878906 0.224609 0.0874023 0.224609 0.0820312 0.223438 0.0805664 0.221484 0.0805664 0.221094 0.0810547 0.220312 0.0810547 0.219922 0.081543 0.219141 0.081543 0.21875 0.0820312 0.218359 0.0820312 0.217969 0.0825195 0.210938 0.0825195 0.210547 0.0820312 0.206641 0.0820312 0.20625 0.081543 0.201172 0.081543 0.200781 0.0810547 0.200391 0.0810547 0.2 0.0805664 0.199219 0.0805664 0.198828 0.0800781 0.198437 0.0800781 0.197656 0.0791016 0.196484 0.0791016 0.194922 0.0771484 0.194922 0.0766602 0.19375 0.0751953 0.19375 0.074707 0.191016 0.0712891 0.190625 0.0712891 0.189453 0.0698242 0.189062 0.0698242 0.188672 0.0693359 0.188281 0.0693359 0.1875 0.0683594 0.187109 0.0683594 0.182031 0.0620117 0.18125 0.0620117 0.180859 0.0615234 0.180078 0.0615234 0.179688 0.0610352
2 0.195312 0.0161133 0.194141 0.0175781 0.194141 0.0205078 0.194531 0.0209961 0.194531 0.0214844 0.194922 0.0219727 0.194922 0.0224609 0.195312 0.0229492 0.195312 0.0249023 0.195703 0.0253906 0.195703 0.0263672 0.196484 0.0273438 0.196484 0.0292969 0.197266 0.0302734 0.197266 0.0307617 0.197656 0.03125 0.197656 0.0322266 0.198047 0.0327148 0.198047 0.0336914 0.199219 0.0351562 0.199219 0.0361328 0.200391 0.0375977 0.200391 0.0380859 0.200781 0.0385742 0.200781 0.0390625 0.201172 0.0395508 0.201172 0.0400391 0.201563 0.0405273 0.201563 0.0410156 0.202734 0.0424805 0.202734 0.0429688 0.203516 0.0439453 0.203516 0.0444336 0.204297 0.0454102 0.204297 0.0458984 0.205469 0.0473633 0.205469 0.0483398 0.20625 0.0493164 0.20625 0.0498047 0.207031 0.0507812 0.207031 0.0512695 0.207813 0.0522461 0.207813 0.0527344 0.208594 0.0537109 0.208594 0.0541992 0.209766 0.0556641 0.209766 0.0561523 0.210547 0.0571289 0.210547 0.0576172 0.212109 0.0595703 0.212109 0.0600586 0.2125 0.0605469 0.2125 0.0610352 0.213672 0.0625 0.213672 0.0629883 0.215234 0.0649414 0.215234 0.0654297 0.217578 0.0683594 0.217578 0.0688477 0.217969 0.0693359 0.217969 0.0698242 0.219141 0.0712891 0.219141 0.0717773 0.220312 0.0732422 0.220312 0.0737305 0.220703 0.0742188 0.220703 0.074707 0.221875 0.0761719 0.221875 0.0771484 0.223047 0.0786133 0.225781 0.0786133 0.226953 0.0771484 0.226953 0.074707 0.226562 0.0742188 0.226562 0.0737305 0.226172 0.0732422 0.226172 0.0722656 0.225781 0.0717773 0.225781 0.0708008 0.225391 0.0703125 0.225391 0.0698242 0.225 0.0693359 0.225 0.0683594 0.224609 0.0678711 0.224609 0.0654297 0.223828 0.0644531 0.223828 0.0639648 0.223438 0.0634766 0.223438 0.0629883 0.222656 0.0620117 0.222656 0.0610352 0.222266 0.0605469 0.222266 0.059082 0.221094 0.0576172 0.221094 0.0571289 0.220703 0.0566406 0.220703 0.0561523 0.219922 0.0551758 0.219922 0.0541992 0.219531 0.0537109 0.219531 0.0532227 0.219141 0.0527344 0.219141 0.0522461 0.218359 0.0512695 0.218359 0.0507812 0.217578 0.0498047 0.217578 0.0493164 0.215625 0.046875 0.215625 0.0458984 0.214062 0.0439453 0.214062 0.043457 0.213672 0.0429688 0.213672 0.0424805 0.212891 0.0415039 0.212891 0.0410156 0.212109 0.0400391 0.212109 0.0395508 0.211719 0.0390625 0.211719 0.0371094 0.210156 0.0351562 0.210156 0.034668 0.208984 0.0332031 0.208594 0.0332031 0.207813 0.0322266 0.207813 0.0317383 0.206641 0.0302734 0.20625 0.0302734 0.205859 0.0297852 0.205859 0.0292969 0.205469 0.0288086 0.205469 0.0283203 0.204687 0.0273438 0.204687 0.0268555 0.203516 0.0253906 0.203516 0.0249023 0.202344 0.0234375 0.201953 0.0234375 0.2 0.0209961 0.199609 0.0209961 0.199219 0.0205078 0.199219 0.0200195 0.198437 0.019043 0.198437 0.0185547 0.198047 0.0180664 0.198047 0.0175781 0.196875 0.0161133
2 0.252734 0.097168 0.252344 0.0976562 0.251953 0.0976562 0.251563 0.0981445 0.250781 0.0981445 0.250391 0.0986328 0.249609 0.0986328 0.249219 0.0991211 0.248828 0.0991211 0.248438 0.0996094 0.247656 0.0996094 0.24375 0.104492 0.24375 0.10498 0.242969 0.105957 0.242969 0.108398 0.244141 0.109863 0.246094 0.109863 0.246875 0.108887 0.247266 0.108887 0.247656 0.108398 0.248438 0.108398 0.248828 0.10791 0.249219 0.10791 0.249609 0.107422 0.25 0.107422 0.250391 0.106934 0.251172 0.106934 0.251953 0.105957 0.252344 0.105957 0.253906 0.104004 0.253906 0.103516 0.254297 0.103027 0.254297 0.102539 0.254688 0.102051 0.255859 0.102051 0.257031 0.100586 0.257031 0.0986328 0.255859 0.097168
1 0.335938 0 0.332031 0.00488281 0.331641 0.00488281 0.330078 0.00683594 0.329688 0.00683594 0.327344 0.00976562 0.326953 0.00976562 0.325781 0.0112305 0.325781 0.0117188 0.325391 0.012207 0.325 0.012207 0.323828 0.0136719 0.323437 0.0136719 0.322266 0.0151367 0.322266 0.015625 0.321875 0.0161133 0.321875 0.0166016 0.319922 0.019043 0.319922 0.0195312 0.31875 0.0209961 0.31875 0.0214844 0.318359 0.0219727 0.318359 0.0239258 0.317969 0.0244141 0.317969 0.0288086 0.31875 0.0297852 0.31875 0.0322266 0.318359 0.0327148 0.318359 0.0332031 0.316797 0.0351562 0.316016 0.0351562 0.315234 0.0361328 0.314844 0.0361328 0.314453 0.0366211 0.310156 0.0366211 0.308984 0.0380859 0.308984 0.0405273 0.310156 0.0419922 0.310547 0.0419922 0.310937 0.0424805 0.321484 0.0424805 0.321875 0.0419922 0.322266 0.0419922 0.323047 0.0410156 0.323828 0.0410156 0.326172 0.0380859 0.326172 0.0371094 0.326562 0.0366211 0.326562 0.0351562 0.326953 0.034668 0.326953 0.0327148 0.327344 0.0322266 0.327344 0.0317383 0.327734 0.03125 0.327734 0.0302734 0.330859 0.0263672 0.331641 0.0263672 0.332031 0.0258789 0.333203 0.0258789 0.333594 0.0253906 0.334375 0.0253906 0.334766 0.0249023 0.335156 0.0249023 0.336328 0.0234375 0.336719 0.0234375 0.337891 0.0219727 0.338281 0.0219727 0.341406 0.0180664 0.341406 0.0175781 0.342969 0.015625 0.342969 0.0146484 0.344141 0.0131836 0.344141 0.0126953 0.344531 0.012207 0.344531 0.0117188 0.345313 0.0107422 0.345313 0.00976562 0.346094 0.00878906 0.346094 0.00732422 0.346484 0.00683594 0.346484 0.00634766 0.346875 0.00585938 0.346875 0
1 0.349219 0.00830078 0.348047 0.00976562 0.348047 0.0117188 0.348438 0.012207 0.348438 0.0126953 0.348828 0.0131836 0.348828 0.0136719 0.349219 0.0141602 0.349219 0.015625 0.349609 0.0161133 0.349609 0.0175781 0.349219 0.0180664 0.349219 0.0185547 0.348828 0.019043 0.348438 0.019043 0.346484 0.0214844 0.345703 0.0214844 0.345313 0.0219727 0.344922 0.0219727 0.344531 0.0224609 0.34375 0.0224609 0.343359 0.0229492 0.342578 0.0229492 0.341797 0.0239258 0.341406 0.0239258 0.340625 0.0249023 0.340234 0.0249023 0.337891 0.027832 0.337891 0.0283203 0.337109 0.0292969 0.336719 0.0292969 0.335938 0.0302734 0.335547 0.0302734 0.334766 0.03125 0.334375 0.03125 0.329688 0.0371094 0.329688 0.0375977 0.326953 0.0410156 0.326953 0.0424805 0.325781 0.0439453 0.325781 0.0454102 0.324609 0.046875 0.324609 0.0483398 0.324219 0.0488281 0.324219 0.0498047 0.323828 0.050293 0.323828 0.0507812 0.323437 0.0512695 0.323437 0.0522461 0.323047 0.0527344 0.323047 0.0566406 0.322656 0.0571289 0.322656 0.0712891 0.323047 0.0717773 0.323047 0.0742188 0.323437 0.074707 0.323437 0.0922852 0.323828 0.0927734 0.323828 0.0957031 0.325 0.097168 0.326562 0.097168 0.327734 0.0957031 0.327734 0.0952148 0.328125 0.0947266 0.328125 0.0932617 0.328906 0.0922852 0.328906 0.0883789 0.329297 0.0878906 0.329297 0.0859375 0.329688 0.0854492 0.329688 0.0839844 0.330078 0.0834961 0.330078 0.0830078 0.330469 0.0825195 0.330469 0.0810547 0.330859 0.0805664 0.330859 0.078125 0.33125 0.0776367 0.33125 0.0751953 0.332031 0.0742188 0.332031 0.0703125 0.332813 0.0693359 0.332813 0.0683594 0.333203 0.0678711 0.333203 0.0664062 0.333594 0.065918 0.333594 0.0649414 0.334375 0.0639648 0.334375 0.0625 0.335156 0.0615234 0.335156 0.0600586 0.335547 0.0595703 0.335547 0.0581055 0.335938 0.0576172 0.335938 0.0571289 0.336328 0.0566406 0.336328 0.0561523 0.336719 0.0556641 0.336719 0.0551758 0.338281 0.0532227 0.338281 0.0527344 0.341406 0.0488281 0.341797 0.0488281 0.353906 0.0336914 0.353906 0.0332031 0.355859 0.0307617 0.355859 0.0297852 0.35625 0.0292969 0.35625 0.019043 0.355859 0.0185547 0.355859 0.0166016 0.355469 0.0161133 0.355469 0.015625 0.355078 0.0151367 0.355078 0.0146484 0.354687 0.0141602 0.354687 0.0136719 0.353125 0.0117188 0.352734 0.0117188 0.352344 0.0112305 0.352344 0.0102539 0.350781 0.00830078
1 0.348438 0.0292969 0.347266 0.0307617 0.347266 0.0336914 0.348438 0.0351562 0.348438 0.0366211 0.348828 0.0371094 0.348828 0.0375977 0.349219 0.0380859 0.349219 0.0385742 0.350781 0.0405273 0.350781 0.0415039 0.353125 0.0444336 0.353125 0.0449219 0.354687 0.046875 0.354687 0.0473633 0.355859 0.0488281 0.35625 0.0488281 0.357422 0.050293 0.357812 0.050293 0.358594 0.0512695 0.358984 0.0512695 0.359375 0.0517578 0.359766 0.0517578 0.360156 0.0522461 0.360938 0.0522461 0.361328 0.0527344 0.361719 0.0527344 0.362109 0.0532227 0.363672 0.0532227 0.364063 0.0537109 0.364844 0.0537109 0.365234 0.0541992 0.366016 0.0541992 0.366406 0.0546875 0.369922 0.0546875 0.370312 0.0551758 0.373047 0.0551758 0.373437 0.0556641 0.373828 0.0556641 0.374219 0.0561523 0.375391 0.0561523 0.375781 0.0566406 0.378906 0.0566406 0.379297 0.0571289 0.386328 0.0571289 0.386719 0.0566406 0.3875 0.0566406 0.387891 0.0561523 0.388281 0.0561523 0.388672 0.0556641 0.389062 0.0556641 0.389844 0.0546875 0.390234 0.0546875 0.391016 0.0537109 0.391406 0.0537109 0.392188 0.0527344 0.392578 0.0527344 0.393359 0.0517578 0.39375 0.0517578 0.394141 0.0512695 0.394922 0.0512695 0.395313 0.0507812 0.395703 0.0507812 0.396484 0.0498047 0.396875 0.0498047 0.397266 0.0493164 0.397656 0.0493164 0.398047 0.0488281 0.398438 0.0488281 0.399219 0.0478516 0.4 0.0478516 0.401172 0.0463867 0.401562 0.0463867 0.402344 0.0454102 0.403125 0.0454102 0.403516 0.0449219 0.404687 0.0449219 0.405078 0.0444336 0.405859 0.0444336 0.40625 0.0439453 0.407813 0.0439453 0.408203 0.043457 0.408984 0.043457 0.410547 0.0415039 0.410547 0.0385742 0.408203 0.0356445 0.407813 0.0356445 0.407422 0.0351562 0.406641 0.0351562 0.405859 0.0341797 0.405469 0.0341797 0.405078 0.0336914 0.404687 0.0336914 0.404297 0.0332031 0.402734 0.0332031 0.402344 0.0327148 0.398828 0.0327148 0.398438 0.0332031 0.398047 0.0332031 0.397656 0.0336914 0.396094 0.0336914 0.395703 0.0341797 0.394922 0.0341797 0.394531 0.034668 0.39375 0.034668 0.393359 0.0351562 0.391406 0.0351562 0.391016 0.0356445 0.380859 0.0356445 0.380469 0.0361328 0.379297 0.0361328 0.378906 0.0366211 0.378125 0.0366211 0.377734 0.0371094 0.376563 0.0371094 0.376172 0.0375977 0.374609 0.0375977 0.374219 0.0380859 0.370703 0.0380859 0.370312 0.0385742 0.368359 0.0385742 0.367969 0.0390625 0.362891 0.0390625 0.3625 0.0385742 0.360547 0.0385742 0.360156 0.0380859 0.359375 0.0380859 0.358594 0.0371094 0.357812 0.0371094 0.357031 0.0361328 0.356641 0.0361328 0.355859 0.0351562 0.355078 0.0351562 0.354687 0.034668 0.354297 0.034668 0.35 0.0292969
1 0.310937 0.0732422 0.309766 0.074707 0.309766 0.0771484 0.310547 0.078125 0.310547 0.0786133 0.310937 0.0791016 0.310937 0.0795898 0.311719 0.0805664 0.311719 0.0810547 0.3125 0.0820312 0.3125 0.0830078 0.312891 0.0834961 0.312891 0.0844727 0.313281 0.0849609 0.313281 0.0854492 0.313672 0.0859375 0.313672 0.0874023 0.314063 0.0878906 0.314063 0.0917969 0.314453 0.0922852 0.314453 0.113281 0.314063 0.11377 0.314063 0.115723 0.313672 0.116211 0.313672 0.118164 0.313281 0.118652 0.313281 0.122559 0.312891 0.123047 0.312891 0.132812 0.313281 0.133301 0.313281 0.134277 0.313672 0.134766 0.313672 0.135742 0.314063 0.13623 0.314063 0.136719 0.314453 0.137207 0.314453 0.138184 0.315234 0.13916 0.315234 0.140137 0.316406 0.141602 0.316406 0.14209 0.316797 0.142578 0.316797 0.143066 0.319531 0.146484 0.319922 0.146484 0.320312 0.146973 0.320703 0.146973 0.321875 0.148438 0.322656 0.148438 0.323828 0.149902 0.324219 0.149902 0.325 0.150879 0.325391 0.150879 0.326562 0.152344 0.327344 0.152344 0.328516 0.153809 0.328906 0.153809 0.333984 0.160156 0.333984 0.160645 0.3375 0.165039 0.3375 0.165527 0.338672 0.166992 0.338672 0.16748 0.339453 0.168457 0.339453 0.169434 0.339844 0.169922 0.339844 0.170898 0.340234 0.171387 0.340234 0.171875 0.341406 0.17334 0.345313 0.17334 0.346875 0.171387 0.346875 0.166504 0.345703 0.165039 0.345703 0.164551 0.344922 0.163574 0.344922 0.162598 0.344141 0.161621 0.344141 0.161133 0.34375 0.160645 0.34375 0.160156 0.343359 0.159668 0.343359 0.15918 0.342578 0.158203 0.342578 0.157715 0.342187 0.157227 0.342187 0.15625 0.341016 0.154785 0.341016 0.154297 0.340234 0.15332 0.340234 0.152832 0.339844 0.152344 0.339844 0.151855 0.338672 0.150391 0.338672 0.149902 0.338281 0.149414 0.338281 0.148926 0.337891 0.148438 0.337891 0.147949 0.3375 0.147461 0.3375 0.146973 0.337109 0.146484 0.337109 0.145996 0.335938 0.144531 0.335938 0.144043 0.333594 0.141113 0.333594 0.140625 0.333203 0.140137 0.333203 0.139648 0.332031 0.138184 0.332031 0.137695 0.328516 0.133301 0.328516 0.132812 0.328125 0.132324 0.328125 0.131836 0.327734 0.131348 0.327734 0.130859 0.327344 0.130371 0.327344 0.129395 0.326953 0.128906 0.326953 0.125488 0.326562 0.125 0.326562 0.122559 0.326172 0.12207 0.326172 0.120605 0.325781 0.120117 0.325781 0.119629 0.325391 0.119141 0.325391 0.116211 0.325 0.115723 0.325 0.113281 0.324609 0.112793 0.324609 0.11084 0.324219 0.110352 0.324219 0.109375 0.323828 0.108887 0.323828 0.106445 0.323437 0.105957 0.323437 0.104492 0.323047 0.104004 0.323047 0.102051 0.322656 0.101562 0.322656 0.0991211 0.322266 0.0986328 0.322266 0.0957031 0.321875 0.0952148 0.321875 0.0908203 0.321484 0.090332 0.321484 0.0874023 0.321094 0.0869141 0.321094 0.0854492 0.320703 0.0849609 0.320703 0.0844727 0.320312 0.0839844 0.320312 0.0830078 0.319922 0.0825195 0.319922 0.081543 0.319531 0.0810547 0.319531 0.0805664 0.319141 0.0800781 0.319141 0.0795898 0.317188 0.0771484 0.317188 0.0766602 0.315625 0.074707 0.315234 0.074707 0.314844 0.0742188 0.314453 0.0742188 0.314063 0.0737305 0.313672 0.0737305 0.313281 0.0732422
1 0.298047 0.0957031 0.296875 0.097168 0.296875 0.102051 0.297266 0.102539 0.297266 0.103027 0.297656 0.103516 0.297656 0.104004 0.298047 0.104492 0.298047 0.10498 0.298828 0.105957 0.298828 0.106445 0.299219 0.106934 0.299219 0.107422 0.300781 0.109375 0.300781 0.109863 0.301953 0.111328 0.301953 0.111816 0.303125 0.113281 0.303125 0.11377 0.303516 0.114258 0.303516 0.114746 0.304297 0.115723 0.304297 0.116699 0.304688 0.117188 0.304688 0.118164 0.305078 0.118652 0.305078 0.119629 0.305469 0.120117 0.305469 0.125977 0.302734 0.129395 0.302734 0.129883 0.301563 0.131348 0.301563 0.131836 0.300781 0.132812 0.300781 0.133301 0.3 0.134277 0.3 0.135254 0.299609 0.135742 0.299609 0.13623 0.298828 0.137207 0.298828 0.138184 0.298047 0.13916 0.298047 0.140137 0.297656 0.140625 0.297656 0.141113 0.297266 0.141602 0.297266 0.143066 0.296875 0.143555 0.296875 0.144043 0.296484 0.144531 0.296484 0.146484 0.296094 0.146973 0.296094 0.147461 0.295703 0.147949 0.295703 0.149414 0.295312 0.149902 0.295312 0.150879 0.294922 0.151367 0.294922 0.151855 0.294531 0.152344 0.294531 0.152832 0.294141 0.15332 0.294141 0.153809 0.29375 0.154297 0.29375 0.155273 0.292969 0.15625 0.292969 0.157227 0.292187 0.158203 0.292187 0.158691 0.291406 0.159668 0.291406 0.160156 0.291016 0.160645 0.291016 0.162109 0.289844 0.163574 0.289844 0.164062 0.289453 0.164551 0.289453 0.165527 0.288672 0.166504 0.288672 0.166992 0.287891 0.167969 0.287891 0.168457 0.2875 0.168945 0.2875 0.169434 0.287109 0.169922 0.287109 0.17041 0.286328 0.171387 0.286328 0.171875 0.285547 0.172852 0.285547 0.175293 0.286719 0.176758 0.288672 0.176758 0.290234 0.174805 0.290625 0.174805 0.292969 0.171875 0.293359 0.171875 0.296875 0.16748 0.297266 0.16748 0.301172 0.162598 0.301172 0.162109 0.302734 0.160156 0.302734 0.159668 0.305469 0.15625 0.305469 0.155762 0.307031 0.153809 0.307031 0.15332 0.308984 0.150879 0.308984 0.150391 0.309766 0.149414 0.309766 0.148926 0.310547 0.147949 0.310547 0.147461 0.310937 0.146973 0.310937 0.146484 0.311328 0.145996 0.311328 0.145508 0.311719 0.14502 0.311719 0.144531 0.312109 0.144043 0.312109 0.141602 0.3125 0.141113 0.3125 0.138672 0.312891 0.138184 0.312891 0.133301 0.313281 0.132812 0.313281 0.12793 0.313672 0.127441 0.313672 0.117676 0.313281 0.117188 0.313281 0.116699 0.3125 0.115723 0.3125 0.115234 0.311719 0.114258 0.311719 0.11377 0.311328 0.113281 0.311328 0.112793 0.310547 0.111816 0.310547 0.111328 0.310156 0.11084 0.310156 0.110352 0.307031 0.106445 0.306641 0.106445 0.304688 0.104004 0.304297 0.104004 0.302344 0.101562 0.302344 0.101074 0.301953 0.100586 0.301953 0.100098 0.301172 0.0991211 0.301172 0.0986328 0.300781 0.0981445 0.300781 0.097168 0.299609 0.0957031
1 0.291016 0.0922852 0.289844 0.09375 0.289844 0.0976562 0.290234 0.0981445 0.290234 0.106934 0.290625 0.107422 0.290625 0.108887 0.291016 0.109375 0.291016 0.110352 0.291406 0.11084 0.291406 0.112305 0.291797 0.112793 0.291797 0.11377 0.292187 0.114258 0.292187 0.118164 0.292578 0.118652 0.292578 0.119629 0.292187 0.120117 0.292187 0.120605 0.291797 0.121094 0.291797 0.121582 0.291406 0.12207 0.291406 0.122559 0.290234 0.124023 0.290234 0.141602 0.289844 0.14209 0.289844 0.15625 0.290234 0.156738 0.290234 0.161133 0.290625 0.161621 0.290625 0.162598 0.291016 0.163086 0.291016 0.164551 0.291406 0.165039 0.291406 0.166504 0.291797 0.166992 0.291797 0.16748 0.292187 0.167969 0.292187 0.17041 0.292578 0.170898 0.292578 0.178223 0.292969 0.178711 0.292969 0.181641 0.293359 0.182129 0.293359 0.183594 0.29375 0.184082 0.29375 0.18457 0.295703 0.187012 0.297656 0.187012 0.298047 0.186523 0.298438 0.186523 0.300391 0.184082 0.300391 0.183594 0.300781 0.183105 0.300781 0.177246 0.301172 0.176758 0.301172 0.175781 0.301563 0.175293 0.301563 0.174805 0.301953 0.174316 0.301953 0.173828 0.302734 0.172852 0.302734 0.171875 0.303516 0.170898 0.303516 0.17041 0.303906 0.169922 0.303906 0.168945 0.304688 0.167969 0.304688 0.166504 0.305078 0.166016 0.305078 0.165527 0.305469 0.165039 0.305469 0.163574 0.305859 0.163086 0.305859 0.161133 0.30625 0.160645 0.30625 0.158203 0.306641 0.157715 0.306641 0.14502 0.30625 0.144531 0.30625 0.143555 0.305859 0.143066 0.305859 0.142578 0.305469 0.14209 0.305469 0.141113 0.304688 0.140137 0.304688 0.139648 0.304297 0.13916 0.304297 0.138672 0.303906 0.138184 0.303906 0.137695 0.303125 0.136719 0.303125 0.13623 0.302734 0.135742 0.302734 0.135254 0.302344 0.134766 0.302344 0.134277 0.301953 0.133789 0.301953 0.133301 0.301172 0.132324 0.301172 0.131836 0.300391 0.130859 0.300391 0.130371 0.3 0.129883 0.3 0.129395 0.299609 0.128906 0.299609 0.126953 0.299219 0.126465 0.299219 0.125 0.298828 0.124512 0.298828 0.123535 0.298438 0.123047 0.298438 0.121582 0.298047 0.121094 0.298047 0.118164 0.297656 0.117676 0.297656 0.11377 0.297266 0.113281 0.297266 0.111328 0.296875 0.11084 0.296875 0.108398 0.296484 0.10791 0.296484 0.107422 0.296094 0.106934 0.296094 0.105469 0.295703 0.10498 0.295703 0.104004 0.295312 0.103516 0.295312 0.102051 0.294922 0.101562 0.294922 0.101074 0.294531 0.100586 0.294531 0.100098 0.294141 0.0996094 0.294141 0.0961914 0.29375 0.0957031 0.29375 0.09375 0.292578 0.0922852
1 0 0.0595703 0 0.0771484 0.000390625 0.0776367 0.00078125 0.0776367 0.00117187 0.078125 0.00117187 0.0791016 0.00234375 0.0805664 0.00273437 0.0805664 0.003125 0.0810547 0.003125 0.081543 0.0046875 0.0834961 0.00507813 0.0834961 0.00625 0.0849609 0.00703125 0.0849609 0.00742187 0.0854492 0.00820313 0.0854492 0.009375 0.0869141 0.0101563 0.0869141 0.0113281 0.0883789 0.0140625 0.0883789 0.0148437 0.0893555 0.0164063 0.0893555 0.0167969 0.0898438 0.0183594 0.0898438 0.01875 0.090332 0.0304687 0.090332 0.0308594 0.0908203 0.03125 0.0908203 0.0335937 0.09375 0.0339844 0.09375 0.0363281 0.0966797 0.0363281 0.097168 0.0371094 0.0981445 0.0371094 0.0986328 0.0382813 0.100098 0.0382813 0.102051 0.0386719 0.102539 0.0386719 0.10498 0.0390625 0.105469 0.0390625 0.108887 0.0398437 0.109863 0.0398437 0.112305 0.0410156 0.11377 0.0425781 0.11377 0.04375 0.112305 0.04375 0.102539 0.0433594 0.102051 0.0433594 0.101562 0.0429688 0.101074 0.0429688 0.0996094 0.0425781 0.0991211 0.0425781 0.0981445 0.0421875 0.0976562 0.0421875 0.097168 0.0414062 0.0961914 0.0414062 0.0952148 0.0410156 0.0947266 0.0410156 0.0913086 0.040625 0.0908203 0.040625 0.0893555 0.0402344 0.0888672 0.0402344 0.0878906 0.0398437 0.0874023 0.0398437 0.0869141 0.0394531 0.0864258 0.0394531 0.0849609 0.0390625 0.0844727 0.0390625 0.0839844 0.0378906 0.0825195 0.0378906 0.0820312 0.0375 0.081543 0.0375 0.0810547 0.0363281 0.0795898 0.0363281 0.0791016 0.0351562 0.0776367 0.0347656 0.0776367 0.0332031 0.0756836 0.0328125 0.0756836 0.0324219 0.0751953 0.0320312 0.0751953 0.03125 0.0742188 0.0109375 0.0742188 0.0105469 0.0737305 0.0101563 0.0737305 0.00976562 0.0732422 0.009375 0.0732422 0.00898437 0.0727539 0.00859375 0.0727539 0.0078125 0.0717773 0.00742187 0.0717773 0.00703125 0.0712891 0.00664062 0.0712891 0.00351563 0.0673828 0.00351563 0.0668945 0.00195312 0.0649414 0.00195312 0.0644531 0.0015625 0.0639648 0.0015625 0.0610352 0.000390625 0.0595703
1 0 0.0854492 0 0.0942383 0.000390625 0.0947266 0.000390625 0.0957031 0.00117187 0.0966797 0.00117187 0.0981445 0.0015625 0.0986328 0.0015625 0.0991211 0.00195312 0.0996094 0.00195312 0.101074 0.00273437 0.102051 0.00273437 0.103516 0.003125 0.104004 0.003125 0.10498 0.00351563 0.105469 0.00351563 0.105957 0.00390625 0.106445 0.00390625 0.106934 0.00429688 0.107422 0.00429688 0.10791 0.00390625 0.108398 0.003125 0.107422 0.00117187 0.107422 0.00078125 0.106934 0 0.106934 0 0.112305 0.0015625 0.112305 0.00234375 0.113281 0.00351563 0.113281 0.00390625 0.11377 0.00390625 0.114258 0.00429688 0.114258 0.00546875 0.115723 0.00585938 0.115723 0.00703125 0.117188 0.00703125 0.118164 0.00820313 0.119629 0.00976562 0.119629 0.0109375 0.118164 0.0109375 0.114746 0.0113281 0.114258 0.0113281 0.111328 0.0109375 0.11084 0.0109375 0.109375 0.0105469 0.108887 0.0105469 0.108398 0.0101563 0.10791 0.0101563 0.105957 0.00976562 0.105469 0.00976562 0.10498 0.009375 0.104492 0.009375 0.104004 0.00859375 0.103027 0.00859375 0.102539 0.00820313 0.102051 0.00820313 0.101562 0.0078125 0.101074 0.0078125 0.100586 0.00742187 0.100098 0.00742187 0.0991211 0.00703125 0.0986328 0.00703125 0.0966797 0.00664062 0.0961914 0.00664062 0.0952148 0.00625 0.0947266 0.00625 0.0942383 0.00585938 0.09375 0.00585938 0.0932617 0.0046875 0.0917969 0.0046875 0.0913086 0.00195312 0.0878906 0.00195312 0.0874023 0.000390625 0.0854492
1 0 0.122559 0 0.136719 0.0101563 0.136719 0.0113281 0.135254 0.0113281 0.132812 0.0101563 0.131348 0.00976562 0.131348 0.00625 0.126953 0.00507813 0.126953 0.0015625 0.122559
1 0.0933594 0.178223 0.0929688 0.178711 0.0914062 0.178711 0.0910156 0.179199 0.0902344 0.179199 0.0894531 0.180176 0.0890625 0.180176 0.0882813 0.181152 0.0878906 0.181152 0.0875 0.181641 0.0871094 0.181641 0.0859375 0.183105 0.0859375 0.183594 0.0851563 0.18457 0.0851563 0.186523 0.0863281 0.187988 0.096875 0.187988 0.0972656 0.188477 0.0984375 0.188477 0.0988281 0.188965 0.0996094 0.188965 0.1 0.189453 0.101172 0.189453 0.101562 0.189941 0.102734 0.189941 0.103125 0.19043 0.103516 0.19043 0.104297 0.191406 0.105078 0.191406 0.105859 0.192383 0.10625 0.192383 0.106641 0.192871 0.107031 0.192871 0.107422 0.193359 0.107813 0.193359 0.108203 0.193848 0.108594 0.193848 0.108984 0.194336 0.109375 0.194336 0.110937 0.196289 0.111328 0.196289 0.112109 0.197266 0.1125 0.197266 0.112891 0.197754 0.114844 0.197754 0.115234 0.198242 0.120313 0.198242 0.120703 0.19873 0.121875 0.19873 0.122266 0.199219 0.123047 0.199219 0.123438 0.199707 0.124219 0.199707 0.124609 0.200195 0.125391 0.200195 0.125781 0.200684 0.126953 0.200684 0.127344 0.201172 0.128516 0.201172 0.128906 0.20166 0.133203 0.20166 0.133594 0.201172 0.133984 0.20166 0.138672 0.20166 0.139063 0.201172 0.140625 0.201172 0.141016 0.200684 0.141406 0.200684 0.141797 0.200195 0.14375 0.200195 0.144531 0.199219 0.144922 0.199219 0.145313 0.19873 0.145703 0.19873 0.148047 0.195801 0.148047 0.195312 0.15 0.192871 0.15 0.191895 0.151953 0.189453 0.151953 0.188965 0.152734 0.187988 0.152734 0.1875 0.155469 0.184082 0.155469 0.182129 0.154297 0.180664 0.152734 0.180664 0.152344 0.181152 0.151562 0.181152 0.151172 0.181641 0.150391 0.181641 0.15 0.182129 0.148047 0.182129 0.147656 0.182617 0.147266 0.182617 0.146875 0.183105 0.146094 0.183105 0.144922 0.18457 0.144531 0.18457 0.14375 0.185547 0.143359 0.185547 0.142578 0.186523 0.142187 0.186523 0.141016 0.187988 0.139453 0.187988 0.139063 0.188477 0.134375 0.188477 0.133984 0.187988 0.133594 0.187988 0.132812 0.187012 0.131641 0.187012 0.13125 0.186523 0.130469 0.186523 0.130078 0.186035 0.129688 0.186035 0.129297 0.185547 0.128125 0.185547 0.127734 0.185059 0.127344 0.185059 0.126953 0.18457 0.126562 0.18457 0.125781 0.183594 0.125391 0.183594 0.125 0.183105 0.124609 0.183105 0.123828 0.182129 0.122656 0.182129 0.122266 0.181641 0.120703 0.181641 0.119141 0.179688 0.114062 0.179688 0.113672 0.180176 0.108984 0.180176 0.108594 0.179688 0.10625 0.179688 0.105859 0.179199 0.105078 0.179199 0.104688 0.178711 0.102734 0.178711 0.102344 0.178223
1 0.175781 0.186035 0.175391 0.186523 0.172266 0.186523 0.171875 0.187012 0.170703 0.187012 0.170313 0.1875 0.169922 0.1875 0.169531 0.187988 0.168359 0.187988 0.167969 0.188477 0.166016 0.188477 0.165625 0.188965 0.164844 0.188965 0.164453 0.189453 0.163281 0.189453 0.161719 0.191406 0.161719 0.193848 0.163281 0.195801 0.164453 0.195801 0.165234 0.196777 0.165625 0.196777 0.166016 0.197266 0.167187 0.197266 0.167578 0.197754 0.168359 0.197754 0.16875 0.198242 0.169141 0.198242 0.169531 0.19873 0.170703 0.19873 0.171094 0.199219 0.172656 0.199219 0.173047 0.199707 0.175 0.199707 0.175391 0.200195 0.176953 0.200195 0.177734 0.201172 0.178125 0.201172 0.178906 0.202148 0.178906 0.202637 0.179688 0.203613 0.179688 0.204102 0.180469 0.205078 0.180469 0.205566 0.180859 0.206055 0.180859 0.206543 0.18125 0.207031 0.18125 0.20752 0.181641 0.208008 0.181641 0.208496 0.182031 0.208984 0.182031 0.209473 0.182422 0.209961 0.182422 0.210449 0.182812 0.210938 0.182812 0.211426 0.183203 0.211914 0.183203 0.212891 0.183984 0.213867 0.183984 0.214355 0.184766 0.215332 0.184766 0.21582 0.185156 0.216309 0.185156 0.216797 0.185547 0.217285 0.185547 0.217773 0.185938 0.218262 0.185938 0.21875 0.186719 0.219727 0.186719 0.220215 0.189062 0.223145 0.189453 0.223145 0.191406 0.225586 0.191406 0.226074 0.192188 0.227051 0.192188 0.228027 0.192969 0.229004 0.192969 0.230469 0.193359 0.230957 0.193359 0.231445 0.19375 0.231934 0.19375 0.245605 0.194141 0.246094 0.194141 0.251953 0.194531 0.252441 0.194531 0.253418 0.196484 0.255859 0.196484 0.256348 0.197656 0.257812 0.198437 0.257812 0.199219 0.258789 0.200391 0.258789 0.200781 0.259277 0.201172 0.259277 0.202344 0.260742 0.203906 0.260742 0.205078 0.259277 0.205078 0.257324 0.203125 0.254883 0.202734 0.254883 0.202344 0.254395 0.202344 0.251953 0.202734 0.251465 0.202734 0.248535 0.203125 0.248047 0.203125 0.245605 0.203516 0.245117 0.203516 0.243652 0.203906 0.243164 0.203906 0.241211 0.204297 0.240723 0.204297 0.237793 0.204687 0.237305 0.204687 0.23584 0.205078 0.235352 0.205078 0.225586 0.204687 0.225098 0.204687 0.224609 0.204297 0.224121 0.204297 0.222656 0.203906 0.222168 0.203906 0.220703 0.203125 0.219727 0.203125 0.21875 0.202734 0.218262 0.202734 0.216797 0.201953 0.21582 0.201953 0.214844 0.201563 0.214355 0.201563 0.211426 0.200391 0.209961 0.200391 0.209473 0.199219 0.208008 0.199219 0.20752 0.198437 0.206543 0.198437 0.206055 0.197656 0.205078 0.197656 0.20459 0.196094 0.202637 0.196094 0.20166 0.19375 0.19873 0.19375 0.198242 0.193359 0.197754 0.193359 0.197266 0.189844 0.192871 0.189453 0.192871 0.187891 0.190918 0.1875 0.190918 0.187109 0.19043 0.186719 0.19043 0.186328 0.189941 0.185938 0.189941 0.185547 0.189453 0.185156 0.189453 0.184375 0.188477 0.183984 0.188477 0.183203 0.1875 0.182422 0.1875 0.182031 0.187012 0.18125 0.187012 0.180469 0.186035
1 0.140234 0.226074 0.139063 0.227539 0.139063 0.233887 0.139453 0.234375 0.139453 0.235352 0.139844 0.23584 0.139844 0.236328 0.140234 0.236816 0.140234 0.237305 0.140625 0.237793 0.140625 0.238281 0.141016 0.23877 0.141016 0.239258 0.141797 0.240234 0.141797 0.240723 0.144531 0.244141 0.145313 0.244141 0.146484 0.245605 0.146875 0.245605 0.147656 0.246582 0.148438 0.246582 0.148828 0.24707 0.149219 0.24707 0.15 0.248047 0.150391 0.248047 0.151953 0.25 0.152344 0.25 0.152734 0.250488 0.153906 0.250488 0.154297 0.250977 0.154688 0.250977 0.155078 0.251465 0.155469 0.251465 0.155859 0.251953 0.15625 0.251953 0.156641 0.252441 0.157812 0.252441 0.158203 0.25293 0.158594 0.25293 0.159375 0.253906 0.160156 0.253906 0.160547 0.254395 0.160938 0.254395 0.161328 0.254883 0.161719 0.254883 0.1625 0.255859 0.162891 0.255859 0.164062 0.257324 0.164844 0.257324 0.166016 0.258789 0.166406 0.258789 0.166797 0.259277 0.167578 0.259277 0.169141 0.26123 0.169531 0.26123 0.169922 0.261719 0.170703 0.261719 0.171875 0.263184 0.172656 0.263184 0.173047 0.263672 0.178125 0.263672 0.178516 0.26416 0.179297 0.26416 0.179688 0.264648 0.180859 0.264648 0.18125 0.265137 0.181641 0.265137 0.182422 0.266113 0.183594 0.266113 0.184766 0.267578 0.185156 0.267578 0.185547 0.268066 0.185938 0.268066 0.189062 0.271973 0.189453 0.271973 0.189844 0.272461 0.190625 0.272461 0.191016 0.272949 0.192578 0.272949 0.192969 0.272461 0.193359 0.272461 0.194531 0.270996 0.194531 0.270508 0.194922 0.27002 0.194922 0.269043 0.195703 0.268066 0.195703 0.267578 0.196094 0.26709 0.196094 0.265625 0.196484 0.265137 0.196484 0.262207 0.195312 0.260742 0.194531 0.260742 0.194141 0.260254 0.19375 0.260254 0.193359 0.259766 0.191797 0.259766 0.191016 0.258789 0.189844 0.258789 0.189453 0.258301 0.186719 0.258301 0.186328 0.257812 0.185938 0.257812 0.185547 0.257324 0.185156 0.257324 0.178516 0.249023 0.178516 0.248535 0.178125 0.248047 0.177734 0.248047 0.176563 0.246582 0.176563 0.246094 0.175391 0.244629 0.175391 0.244141 0.175 0.244141 0.173828 0.242676 0.173437 0.242676 0.170313 0.23877 0.169531 0.23877 0.169141 0.238281 0.168359 0.238281 0.167969 0.237793 0.167578 0.237793 0.167187 0.237305 0.166797 0.237305 0.166406 0.236816 0.164062 0.236816 0.163672 0.236328 0.160938 0.236328 0.160547 0.23584 0.159766 0.23584 0.159375 0.235352 0.157422 0.235352 0.157031 0.234863 0.151172 0.234863 0.150781 0.235352 0.146875 0.235352 0.146484 0.234863 0.144922 0.234863 0.144141 0.233887 0.144141 0.233398 0.142969 0.231934 0.142969 0.227539 0.141797 0.226074
1 0.0707031 0.194824 0.0695313 0.196289 0.0695313 0.198242 0.0707031 0.199707 0.0710937 0.199707 0.071875 0.200684 0.0722656 0.200684 0.0726563 0.201172 0.0726563 0.20166 0.0738281 0.203125 0.0738281 0.203613 0.0746094 0.20459 0.0746094 0.205078 0.0753906 0.206055 0.0753906 0.207031 0.0757812 0.20752 0.0757812 0.208496 0.0761719 0.208984 0.0761719 0.209473 0.0765625 0.209961 0.0765625 0.210449 0.0769531 0.210938 0.0769531 0.211914 0.08125 0.217285 0.08125 0.217773 0.0816406 0.218262 0.0816406 0.21875 0.0847656 0.222656 0.0847656 0.223145 0.0851563 0.223633 0.0851563 0.224121 0.0898438 0.22998 0.0902344 0.22998 0.090625 0.230469 0.0910156 0.230469 0.0914062 0.230957 0.0917969 0.230957 0.0925781 0.231934 0.0933594 0.231934 0.09375 0.232422 0.0941406 0.232422 0.0945312 0.23291 0.0953125 0.23291 0.0957031 0.233398 0.0964844 0.233398 0.096875 0.233887 0.0996094 0.233887 0.1 0.234375 0.107031 0.234375 0.107422 0.233887 0.108203 0.233887 0.108594 0.233398 0.109766 0.233398 0.110156 0.23291 0.111328 0.23291 0.111719 0.232422 0.131641 0.232422 0.132031 0.231934 0.133594 0.231934 0.133984 0.231445 0.134375 0.231445 0.135547 0.22998 0.135547 0.227539 0.134375 0.226074 0.125781 0.226074 0.125391 0.225586 0.121484 0.225586 0.121094 0.225098 0.119922 0.225098 0.119141 0.224121 0.11875 0.224121 0.118359 0.223633 0.117969 0.223633 0.117188 0.222656 0.116406 0.222656 0.115234 0.221191 0.114844 0.221191 0.113672 0.219727 0.1125 0.219727 0.112109 0.219238 0.110547 0.219238 0.110156 0.21875 0.109766 0.21875 0.109375 0.218262 0.108594 0.218262 0.108203 0.217773 0.107813 0.217773 0.107422 0.217285 0.10625 0.217285 0.105859 0.216797 0.104688 0.216797 0.104297 0.216309 0.103906 0.216309 0.103125 0.215332 0.101562 0.215332 0.100391 0.213867 0.0992187 0.213867 0.0988281 0.213379 0.0984375 0.213379 0.0976562 0.212402 0.0964844 0.212402 0.0960938 0.211914 0.0953125 0.211914 0.0949219 0.211426 0.09375 0.211426 0.0933594 0.210938 0.0902344 0.210938 0.0898438 0.210449 0.0886719 0.210449 0.0882813 0.209961 0.0875 0.209961 0.0871094 0.209473 0.0863281 0.209473 0.0859375 0.208984 0.0855469 0.208984 0.0851563 0.208496 0.0847656 0.208496 0.084375 0.208008 0.0839844 0.208008 0.0832031 0.207031 0.0828125 0.207031 0.0792969 0.202637 0.0792969 0.202148 0.0785156 0.201172 0.0785156 0.200684 0.0761719 0.197754 0.0757812 0.197754 0.0746094 0.196289 0.0742188 0.196289 0.0734375 0.195312 0.0730469 0.195312 0.0726563 0.194824
1 0.0390625 0.211426 0.0386719 0.211914 0.0378906 0.211914 0.0375 0.212402 0.0367188 0.212402 0.0363281 0.212891 0.0359375 0.212891 0.0355469 0.213379 0.0351562 0.213379 0.0347656 0.213867 0.0339844 0.213867 0.0335937 0.214355 0.0332031 0.214355 0.0324219 0.215332 0.0316406 0.215332 0.03125 0.21582 0.0308594 0.21582 0.0300781 0.216797 0.0289063 0.216797 0.0285156 0.217285 0.028125 0.217285 0.0277344 0.217773 0.0273438 0.217773 0.0269531 0.218262 0.0265625 0.218262 0.0261719 0.21875 0.0257812 0.21875 0.025 0.219727 0.0246094 0.219727 0.0238281 0.220703 0.0230469 0.220703 0.0203125 0.224121 0.0203125 0.224609 0.0195312 0.225586 0.0195312 0.226074 0.01875 0.227051 0.01875 0.228027 0.0183594 0.228516 0.0183594 0.233398 0.01875 0.233887 0.01875 0.23584 0.0195312 0.236816 0.0195312 0.237305 0.0199219 0.237793 0.0199219 0.238281 0.0207031 0.239258 0.0207031 0.239746 0.021875 0.241211 0.021875 0.241699 0.0242188 0.244629 0.0242188 0.245117 0.0265625 0.248047 0.0269531 0.248047 0.0277344 0.249023 0.028125 0.249023 0.0292969 0.250488 0.0296875 0.250488 0.0300781 0.250977 0.0308594 0.250977 0.03125 0.251465 0.0320312 0.251465 0.0324219 0.251953 0.0339844 0.251953 0.0347656 0.25293 0.0355469 0.25293 0.0359375 0.253418 0.0371094 0.253418 0.0375 0.253906 0.0382813 0.253906 0.0390625 0.254883 0.0398437 0.254883 0.0433594 0.259277 0.0441406 0.259277 0.0449219 0.260254 0.0453125 0.260254 0.0464844 0.261719 0.0464844 0.262207 0.0496094 0.266113 0.05 0.266113 0.0507812 0.26709 0.0511719 0.26709 0.0515625 0.267578 0.0519531 0.267578 0.0527344 0.268555 0.0550781 0.268555 0.05625 0.26709 0.05625 0.265137 0.0558594 0.264648 0.0558594 0.26416 0.0546875 0.262695 0.0546875 0.262207 0.0539063 0.26123 0.0539063 0.260254 0.0535156 0.259766 0.0535156 0.259277 0.0527344 0.258301 0.0527344 0.257812 0.05 0.254395 0.05 0.253906 0.0488281 0.252441 0.0488281 0.251953 0.0476562 0.250488 0.0476562 0.25 0.0472656 0.249512 0.0472656 0.249023 0.0441406 0.245117 0.0441406 0.244629 0.0414062 0.241211 0.0414062 0.240723 0.040625 0.239746 0.040625 0.23877 0.0402344 0.238281 0.0402344 0.237305 0.0394531 0.236328 0.0394531 0.23584 0.0390625 0.235352 0.0390625 0.233398 0.0386719 0.23291 0.0386719 0.232422 0.0378906 0.231445 0.0378906 0.230957 0.0371094 0.22998 0.0371094 0.229492 0.0355469 0.227539 0.040625 0.221191 0.040625 0.220215 0.0417969 0.21875 0.0417969 0.218262 0.0421875 0.217773 0.0421875 0.217285 0.0425781 0.216797 0.0425781 0.212891 0.0414062 0.211426
1 0.0324219 0.249023 0.03125 0.250488 0.03125 0.253906 0.0308594 0.254395 0.0308594 0.255371 0.0296875 0.256836 0.0292969 0.256836 0.0273438 0.259277 0.0269531 0.259277 0.0265625 0.259766 0.0257812 0.259766 0.0246094 0.26123 0.0242188 0.26123 0.0238281 0.261719 0.0234375 0.261719 0.0226562 0.262695 0.0222656 0.262695 0.0203125 0.265137 0.0199219 0.265137 0.0183594 0.26709 0.0183594 0.267578 0.0164063 0.27002 0.0164063 0.270996 0.0152344 0.272461 0.0152344 0.273438 0.0148437 0.273926 0.0148437 0.274414 0.0144531 0.274902 0.0144531 0.275391 0.0140625 0.275879 0.0140625 0.277344 0.0136719 0.277832 0.0136719 0.279297 0.0132812 0.279785 0.0132812 0.289062 0.0136719 0.289551 0.0136719 0.291016 0.0140625 0.291504 0.0140625 0.29248 0.0144531 0.292969 0.0144531 0.293457 0.0148437 0.293945 0.0148437 0.294434 0.0152344 0.294922 0.0152344 0.29541 0.0164063 0.296875 0.0164063 0.297363 0.0171875 0.29834 0.0171875 0.298828 0.01875 0.300781 0.01875 0.30127 0.0199219 0.302734 0.0199219 0.303223 0.0222656 0.306152 0.0222656 0.306641 0.0226562 0.307129 0.0226562 0.307617 0.0234375 0.308594 0.0234375 0.30957 0.0238281 0.310059 0.0238281 0.310547 0.0242188 0.311035 0.0242188 0.311523 0.0246094 0.312012 0.0246094 0.313965 0.025 0.314453 0.025 0.315918 0.0246094 0.316406 0.0246094 0.317383 0.0242188 0.317871 0.0242188 0.318848 0.0238281 0.319336 0.0238281 0.320312 0.0234375 0.320801 0.0234375 0.324219 0.0246094 0.325684 0.0261719 0.325684 0.0273438 0.324219 0.0273438 0.323242 0.0292969 0.320801 0.0292969 0.320312 0.0296875 0.319824 0.0296875 0.319336 0.0300781 0.318848 0.0300781 0.318359 0.0304687 0.317871 0.0304687 0.309082 0.0300781 0.308594 0.0300781 0.307617 0.0292969 0.306641 0.0292969 0.306152 0.0285156 0.305176 0.0285156 0.304688 0.028125 0.304199 0.028125 0.303223 0.0273438 0.302246 0.0273438 0.296875 0.0269531 0.296387 0.0269531 0.294434 0.0273438 0.293945 0.0273438 0.291992 0.0277344 0.291504 0.0277344 0.290527 0.028125 0.290039 0.028125 0.287598 0.0285156 0.287109 0.0285156 0.285645 0.0289063 0.285156 0.0289063 0.28418 0.0292969 0.283691 0.0292969 0.283203 0.0296875 0.282715 0.0296875 0.281738 0.0300781 0.28125 0.0300781 0.280762 0.0304687 0.280273 0.0304687 0.278809 0.0308594 0.27832 0.0308594 0.272461 0.03125 0.271973 0.03125 0.270996 0.0316406 0.270508 0.0316406 0.269043 0.0324219 0.268066 0.0324219 0.267578 0.0332031 0.266602 0.0332031 0.266113 0.0355469 0.263184 0.0355469 0.262695 0.0367188 0.26123 0.0367188 0.260742 0.0371094 0.260254 0.0371094 0.259277 0.0375 0.258789 0.0375 0.251465 0.0359375 0.249512 0.034375 0.249512 0.0339844 0.249023
1 0.0875 0.265137 0.0871094 0.265625 0.0832031 0.265625 0.0824219 0.266602 0.0800781 0.266602 0.0796875 0.26709 0.078125 0.26709 0.0773438 0.268066 0.0769531 0.268066 0.0765625 0.268555 0.0753906 0.268555 0.0746094 0.269531 0.0742188 0.269531 0.0738281 0.27002 0.0726563 0.27002 0.071875 0.270996 0.0710937 0.270996 0.0707031 0.271484 0.0699219 0.271484 0.0695313 0.271973 0.06875 0.271973 0.0679687 0.272949 0.0675781 0.272949 0.0667969 0.273926 0.0664062 0.273926 0.0660156 0.274414 0.0652344 0.274414 0.0640625 0.275879 0.0632812 0.275879 0.0625 0.276855 0.0621094 0.276855 0.0609375 0.27832 0.0605469 0.27832 0.059375 0.279785 0.059375 0.281738 0.0605469 0.283203 0.0625 0.283203 0.0636719 0.281738 0.0640625 0.281738 0.0644531 0.28125 0.0648438 0.28125 0.065625 0.280273 0.0675781 0.280273 0.0683594 0.279297 0.06875 0.279297 0.0691406 0.278809 0.0695313 0.278809 0.0699219 0.27832 0.0703125 0.27832 0.0707031 0.277832 0.0710937 0.277832 0.0714844 0.277344 0.071875 0.277344 0.0722656 0.276855 0.0726563 0.276855 0.0730469 0.276367 0.0734375 0.276367 0.0738281 0.275879 0.0953125 0.275879 0.0957031 0.276367 0.0964844 0.276367 0.096875 0.276855 0.0980469 0.276855 0.0984375 0.277344 0.100391 0.277344 0.100781 0.277832 0.101562 0.277832 0.101953 0.27832 0.102344 0.27832 0.102734 0.278809 0.103516 0.278809 0.103906 0.279297 0.104297 0.279297 0.105078 0.280273 0.105469 0.280273 0.105859 0.280762 0.10625 0.280762 0.107031 0.281738 0.107422 0.281738 0.107813 0.282227 0.108203 0.282227 0.108984 0.283203 0.109375 0.283203 0.109766 0.283691 0.110156 0.283691 0.110547 0.28418 0.111328 0.28418 0.111719 0.284668 0.1125 0.284668 0.113281 0.285645 0.114453 0.285645 0.114844 0.286133 0.118359 0.286133 0.11875 0.286621 0.135937 0.286621 0.136328 0.286133 0.140234 0.286133 0.140625 0.285645 0.148438 0.285645 0.148828 0.286133 0.151172 0.286133 0.151562 0.286621 0.152344 0.286621 0.152734 0.287109 0.153516 0.287109 0.154297 0.288086 0.154688 0.288086 0.155078 0.288574 0.155859 0.288574 0.156641 0.289551 0.157031 0.289551 0.160156 0.293457 0.160547 0.293457 0.161719 0.294922 0.167969 0.294922 0.169141 0.293457 0.169141 0.291504 0.168359 0.290527 0.168359 0.290039 0.167578 0.289062 0.167578 0.288574 0.164844 0.285156 0.164453 0.285156 0.1625 0.282715 0.162109 0.282715 0.161719 0.282227 0.161328 0.282227 0.160938 0.281738 0.160547 0.281738 0.159766 0.280762 0.159375 0.280762 0.158984 0.280273 0.158594 0.280273 0.158203 0.279785 0.157031 0.279785 0.156641 0.279297 0.155859 0.279297 0.155469 0.278809 0.155078 0.278809 0.154688 0.27832 0.152734 0.27832 0.151953 0.277344 0.151562 0.277344 0.151172 0.276855 0.15 0.276855 0.149609 0.276367 0.148828 0.276367 0.148438 0.275879 0.147266 0.275879 0.146875 0.275391 0.145703 0.275391 0.144922 0.274414 0.144531 0.274414 0.144141 0.273926 0.142578 0.273926 0.142187 0.273438 0.141016 0.273438 0.140234 0.272461 0.1375 0.272461 0.137109 0.271973 0.134766 0.271973 0.134375 0.271484 0.132422 0.271484 0.132031 0.270996 0.13125 0.270996 0.130469 0.27002 0.129688 0.27002 0.129297 0.269531 0.128125 0.269531 0.127344 0.268555 0.126562 0.268555 0.126172 0.268066 0.114453 0.268066 0.114062 0.267578 0.112109 0.267578 0.111719 0.26709 0.109766 0.26709 0.109375 0.266602 0.107813 0.266602 0.107422 0.266113 0.103516 0.266113 0.103125 0.265625 0.101562 0.265625 0.101172 0.265137
1 0.123438 0.292969 0.123047 0.293457 0.121875 0.293457 0.121484 0.293945 0.120703 0.293945 0.120313 0.294434 0.11875 0.294434 0.118359 0.294922 0.117188 0.294922 0.116797 0.29541 0.115625 0.29541 0.115234 0.295898 0.114844 0.295898 0.114453 0.296387 0.113672 0.296387 0.111328 0.299316 0.111328 0.299805 0.110937 0.300293 0.110937 0.300781 0.110547 0.30127 0.110547 0.301758 0.109375 0.303223 0.109375 0.304688 0.108984 0.305176 0.108984 0.305664 0.108203 0.306641 0.108203 0.307129 0.107813 0.307617 0.107813 0.308105 0.107422 0.308594 0.107422 0.309082 0.10625 0.310547 0.10625 0.311035 0.103516 0.314453 0.103516 0.314941 0.102734 0.315918 0.102344 0.315918 0.101562 0.316895 0.101172 0.316895 0.100391 0.317871 0.1 0.317871 0.0980469 0.320312 0.0980469 0.324219 0.0984375 0.324707 0.0984375 0.325195 0.0996094 0.32666 0.102344 0.32666 0.103125 0.325684 0.104297 0.325684 0.105078 0.324707 0.105469 0.324707 0.107422 0.322266 0.107813 0.322266 0.108984 0.320801 0.109375 0.320801 0.110547 0.319336 0.110937 0.319336 0.112891 0.316895 0.113281 0.316895 0.116797 0.3125 0.118359 0.3125 0.11875 0.312988 0.120703 0.312988 0.121094 0.313477 0.121484 0.313477 0.121875 0.313965 0.14375 0.313965 0.146484 0.317383 0.147266 0.317383 0.147656 0.317871 0.148828 0.317871 0.149219 0.318359 0.15 0.318359 0.150781 0.319336 0.151562 0.319336 0.151953 0.319824 0.152734 0.319824 0.156641 0.324707 0.156641 0.325195 0.157812 0.32666 0.157812 0.327148 0.158594 0.328125 0.158594 0.329102 0.158984 0.32959 0.158984 0.330078 0.159375 0.330566 0.159375 0.338379 0.159766 0.338867 0.159766 0.343262 0.160156 0.34375 0.160156 0.344238 0.161328 0.345703 0.162891 0.345703 0.164062 0.344238 0.164062 0.333008 0.163672 0.33252 0.163672 0.330566 0.163281 0.330078 0.163281 0.328613 0.162891 0.328125 0.162891 0.32666 0.1625 0.326172 0.1625 0.325684 0.162109 0.325195 0.162109 0.324219 0.161328 0.323242 0.161328 0.321289 0.160547 0.320312 0.160547 0.319336 0.160156 0.318848 0.160156 0.318359 0.159766 0.317871 0.159766 0.317383 0.159375 0.316895 0.159375 0.316406 0.158984 0.315918 0.158984 0.31543 0.158203 0.314453 0.158203 0.313965 0.157031 0.3125 0.157031 0.312012 0.156641 0.311523 0.156641 0.311035 0.153125 0.306641 0.152734 0.306641 0.151172 0.304688 0.150781 0.304688 0.148438 0.301758 0.148047 0.301758 0.14375 0.296387 0.143359 0.296387 0.142969 0.295898 0.142187 0.295898 0.141797 0.29541 0.141406 0.29541 0.141016 0.294922 0.140234 0.294922 0.139844 0.294434 0.139453 0.294434 0.139063 0.293945 0.138672 0.293945 0.138281 0.293457 0.1375 0.293457 0.137109 0.292969
1 0.101562 0.320801 0.1 0.322754 0.1 0.324707 0.101172 0.326172 0.101172 0.327148 0.101953 0.328125 0.101953 0.328613 0.102344 0.329102 0.102344 0.32959 0.102734 0.330078 0.102734 0.331543 0.103516 0.33252 0.103516 0.333496 0.103906 0.333984 0.103906 0.334961 0.104688 0.335938 0.104688 0.337402 0.105078 0.337891 0.105078 0.338379 0.105859 0.339355 0.105859 0.340332 0.10625 0.34082 0.10625 0.341309 0.107031 0.342285 0.107031 0.342773 0.110547 0.347168 0.110937 0.347168 0.112109 0.348633 0.1125 0.348633 0.114062 0.350586 0.114453 0.350586 0.116406 0.353027 0.116797 0.353027 0.117969 0.354492 0.118359 0.354492 0.119531 0.355957 0.120313 0.355957 0.120703 0.356445 0.121094 0.356445 0.121484 0.356934 0.121875 0.356934 0.122266 0.357422 0.122656 0.357422 0.123438 0.358398 0.125391 0.358398 0.126172 0.359375 0.127344 0.359375 0.127734 0.359863 0.132031 0.359863 0.132422 0.359375 0.133203 0.359375 0.135547 0.356445 0.135547 0.355957 0.135937 0.355469 0.135937 0.35498 0.136328 0.354492 0.136328 0.354004 0.136719 0.353516 0.136719 0.352051 0.137109 0.351562 0.137109 0.350586 0.137891 0.349609 0.137891 0.349121 0.138281 0.348633 0.138281 0.347656 0.139063 0.34668 0.139063 0.345703 0.139453 0.345215 0.139453 0.344727 0.139844 0.344238 0.139844 0.34375 0.140234 0.343262 0.140234 0.341797 0.140625 0.341309 0.140625 0.339355 0.141016 0.338867 0.141016 0.337891 0.141406 0.337402 0.141406 0.336914 0.141797 0.336426 0.141797 0.334961 0.142187 0.334473 0.142187 0.333008 0.142578 0.33252 0.142578 0.32959 0.142969 0.329102 0.142969 0.326172 0.141797 0.324707 0.140234 0.324707 0.138672 0.32666 0.138672 0.327148 0.137891 0.328125 0.137891 0.329102 0.137109 0.330078 0.137109 0.330566 0.136719 0.331055 0.136719 0.331543 0.136328 0.332031 0.136328 0.333008 0.135547 0.333984 0.135547 0.334473 0.135156 0.334961 0.135156 0.335449 0.134375 0.336426 0.134375 0.336914 0.133984 0.337402 0.133984 0.338379 0.133203 0.339355 0.133203 0.339844 0.132422 0.34082 0.129688 0.34082 0.128125 0.338867 0.128125 0.338379 0.127734 0.337891 0.127734 0.337402 0.126172 0.335449 0.125781 0.335449 0.125391 0.334961 0.124609 0.334961 0.124219 0.334473 0.123047 0.334473 0.122656 0.333984 0.121484 0.333984 0.121094 0.333496 0.119531 0.333496 0.11875 0.33252 0.117578 0.33252 0.116797 0.331543 0.116016 0.331543 0.115234 0.330566 0.114844 0.330566 0.113281 0.328613 0.112891 0.328613 0.111719 0.327148 0.111328 0.327148 0.110937 0.32666 0.110937 0.326172 0.109766 0.324707 0.109375 0.324707 0.108203 0.323242 0.107813 0.323242 0.107422 0.322754 0.106641 0.322754 0.105859 0.321777 0.104688 0.321777 0.104297 0.321289 0.103906 0.321289 0.103516 0.320801
1 0.000390625 0.317383 0 0.317871 0 0.335938 0.000390625 0.336426 0.00078125 0.336426 0.00117187 0.336914 0.00195312 0.336914 0.00234375 0.337402 0.00390625 0.337402 0.00429688 0.337891 0.00664062 0.337891 0.00703125 0.338379 0.00742187 0.338379 0.0078125 0.338867 0.0105469 0.338867 0.0109375 0.339355 0.0113281 0.339355 0.0117188 0.339844 0.0125 0.339844 0.0128906 0.340332 0.0152344 0.340332 0.015625 0.34082 0.0160156 0.34082 0.0164063 0.341309 0.0167969 0.341309 0.0171875 0.341797 0.0175781 0.341797 0.0179687 0.342285 0.01875 0.342285 0.0191406 0.342773 0.0195312 0.342773 0.0199219 0.343262 0.0210938 0.343262 0.0214844 0.34375 0.021875 0.34375 0.0226562 0.344727 0.0230469 0.344727 0.0238281 0.345703 0.0242188 0.345703 0.0257812 0.347656 0.0265625 0.347656 0.0269531 0.348145 0.0277344 0.348145 0.028125 0.348633 0.0300781 0.348633 0.03125 0.347168 0.03125 0.345215 0.0296875 0.343262 0.0296875 0.342773 0.0273438 0.339844 0.0269531 0.339844 0.0257812 0.338379 0.0246094 0.338379 0.0238281 0.337402 0.0234375 0.337402 0.0230469 0.336914 0.021875 0.336914 0.0207031 0.335449 0.0199219 0.335449 0.0175781 0.33252 0.0171875 0.33252 0.0148437 0.32959 0.0144531 0.32959 0.0121094 0.32666 0.0121094 0.326172 0.0117188 0.325684 0.0117188 0.325195 0.009375 0.322266 0.00898437 0.322266 0.00703125 0.319824 0.00664062 0.319824 0.00546875 0.318359 0.00507813 0.318359 0.0046875 0.317871 0.00390625 0.317871 0.00351563 0.317383
1 0 0.353516 0 0.372559 0.000390625 0.373047 0.00078125 0.373047 0.00117187 0.373535 0.0015625 0.373535 0.00585938 0.378906 0.00664062 0.378906 0.0078125 0.380371 0.00820313 0.380371 0.00859375 0.380859 0.00898437 0.380859 0.0105469 0.382812 0.0105469 0.383301 0.0117188 0.384766 0.0121094 0.384766 0.0132812 0.38623 0.0140625 0.38623 0.0164063 0.38916 0.0171875 0.38916 0.0183594 0.390625 0.01875 0.390625 0.0191406 0.391113 0.0195312 0.391113 0.0203125 0.39209 0.0210938 0.39209 0.0214844 0.392578 0.021875 0.392578 0.0222656 0.393066 0.0226562 0.393066 0.0230469 0.393555 0.0238281 0.393555 0.0242188 0.394043 0.0246094 0.394043 0.025 0.394531 0.0257812 0.394531 0.0261719 0.39502 0.0269531 0.39502 0.0273438 0.395508 0.0285156 0.395508 0.0289063 0.395996 0.0296875 0.395996 0.0300781 0.396484 0.0304687 0.396484 0.0308594 0.396973 0.0316406 0.396973 0.0320312 0.397461 0.0339844 0.397461 0.034375 0.397949 0.0355469 0.397949 0.0359375 0.398438 0.0382813 0.398438 0.0394531 0.396973 0.0394531 0.39502 0.0382813 0.393555 0.0378906 0.393555 0.0375 0.393066 0.0363281 0.393066 0.0359375 0.392578 0.0351562 0.392578 0.0347656 0.39209 0.0339844 0.39209 0.0335937 0.391602 0.0332031 0.391602 0.0320312 0.390137 0.0316406 0.390137 0.0304687 0.388672 0.0300781 0.388672 0.0273438 0.385254 0.0273438 0.384766 0.0261719 0.383301 0.0257812 0.383301 0.0253906 0.382812 0.025 0.382812 0.0242188 0.381836 0.0238281 0.381836 0.0226562 0.380371 0.0226562 0.379395 0.0214844 0.37793 0.0214844 0.377441 0.0207031 0.376465 0.0207031 0.375488 0.0203125 0.375 0.0203125 0.374023 0.0199219 0.373535 0.0199219 0.372559 0.0191406 0.371582 0.0191406 0.371094 0.01875 0.370605 0.01875 0.369629 0.0167969 0.367188 0.0167969 0.366699 0.015625 0.365234 0.0152344 0.365234 0.0117188 0.36084 0.0113281 0.36084 0.00976562 0.358887 0.009375 0.358887 0.00859375 0.35791 0.00820313 0.35791 0.00742187 0.356934 0.00703125 0.356934 0.00625 0.355957 0.00507813 0.355957 0.00429688 0.35498 0.00273437 0.35498 0.00195312 0.354004 0.0015625 0.354004 0.00117187 0.353516
1 0.307031 0.465332 0.305859 0.466797 0.305859 0.467285 0.305469 0.467773 0.305469 0.470215 0.305859 0.470703 0.305859 0.471191 0.30625 0.47168 0.30625 0.472168 0.307422 0.473633 0.307422 0.474121 0.307812 0.474609 0.307812 0.475098 0.308203 0.475586 0.308203 0.476074 0.308984 0.477051 0.308984 0.478027 0.309375 0.478516 0.309375 0.479492 0.309766 0.47998 0.309766 0.480957 0.310156 0.481445 0.310156 0.481934 0.311328 0.483398 0.311328 0.483887 0.311719 0.484375 0.311719 0.484863 0.313672 0.487305 0.313672 0.487793 0.315625 0.490234 0.315625 0.490723 0.316406 0.491699 0.316406 0.492188 0.316797 0.492676 0.316797 0.493652 0.317188 0.494141 0.317188 0.494629 0.317578 0.495117 0.317578 0.495605 0.317969 0.496094 0.317969 0.5 0.318359 0.500488 0.318359 0.501465 0.31875 0.501953 0.31875 0.502441 0.319141 0.50293 0.319141 0.503418 0.319922 0.504395 0.319922 0.504883 0.321484 0.506836 0.321484 0.507324 0.322656 0.508789 0.322656 0.509277 0.323828 0.510742 0.323828 0.51123 0.326953 0.515137 0.327344 0.515137 0.328125 0.516113 0.328516 0.516113 0.328906 0.516602 0.329297 0.516602 0.329688 0.51709 0.330078 0.51709 0.330469 0.517578 0.33125 0.517578 0.331641 0.518066 0.332813 0.518066 0.333594 0.519043 0.3375 0.519043 0.337891 0.518555 0.339453 0.518555 0.340234 0.517578 0.340625 0.517578 0.341406 0.516602 0.341797 0.516602 0.342578 0.515625 0.342969 0.515625 0.34375 0.514648 0.344141 0.514648 0.348047 0.509766 0.348438 0.509766 0.350391 0.507324 0.350781 0.507324 0.351562 0.506348 0.351953 0.506348 0.352734 0.505371 0.353125 0.505371 0.353906 0.504395 0.354297 0.504395 0.355469 0.50293 0.355859 0.50293 0.357031 0.501465 0.357031 0.500977 0.357812 0.5 0.358203 0.5 0.359375 0.498535 0.359375 0.498047 0.359766 0.497559 0.359766 0.49707 0.360156 0.496582 0.360156 0.495605 0.360547 0.495117 0.360547 0.491211 0.358594 0.48877 0.355859 0.48877 0.354687 0.490234 0.354687 0.490723 0.353125 0.492676 0.352734 0.492676 0.351562 0.494141 0.350781 0.494141 0.35 0.495117 0.349219 0.495117 0.348828 0.495605 0.348438 0.495605 0.348047 0.496094 0.347266 0.496094 0.346484 0.49707 0.346094 0.49707 0.345313 0.498047 0.344922 0.498047 0.344531 0.498535 0.344141 0.498535 0.343359 0.499512 0.342578 0.499512 0.342187 0.5 0.341797 0.5 0.341406 0.500488 0.341016 0.500488 0.340625 0.500977 0.339844 0.500977 0.339453 0.501465 0.336719 0.501465 0.336328 0.500977 0.335547 0.500977 0.335156 0.500488 0.333984 0.500488 0.333203 0.499512 0.332813 0.499512 0.332422 0.499023 0.332031 0.499023 0.33125 0.498047 0.330469 0.498047 0.328516 0.495605 0.327734 0.495605 0.326562 0.494141 0.326172 0.494141 0.325781 0.493652 0.325391 0.493652 0.324609 0.492676 0.324219 0.492676 0.323437 0.491699 0.323047 0.491699 0.321484 0.489746 0.321484 0.489258 0.319141 0.486328 0.319141 0.48584 0.317969 0.484375 0.317969 0.483887 0.317578 0.483398 0.317578 0.48291 0.316016 0.480957 0.316016 0.480469 0.314844 0.479004 0.314844 0.478516 0.314453 0.478027 0.314453 0.477051 0.314063 0.476562 0.314063 0.476074 0.313672 0.475586 0.313672 0.474609 0.312891 0.473633 0.312891 0.473145 0.3125 0.472656 0.3125 0.472168 0.311719 0.471191 0.311719 0.470215 0.311328 0.469727 0.311328 0.469238 0.309766 0.467285 0.309766 0.466797 0.308594 0.465332
1 0.393359 0.449219 0.392969 0.449707 0.392188 0.449707 0.391406 0.450684 0.390234 0.450684 0.389844 0.451172 0.389062 0.451172 0.388281 0.452148 0.387891 0.452148 0.3875 0.452637 0.387109 0.452637 0.386719 0.453125 0.386328 0.453125 0.385937 0.453613 0.385547 0.453613 0.384375 0.455078 0.384375 0.455566 0.383984 0.456055 0.383594 0.456055 0.382422 0.45752 0.381641 0.45752 0.38125 0.458008 0.380859 0.458008 0.380469 0.45752 0.379297 0.45752 0.378906 0.457031 0.375781 0.457031 0.375391 0.456543 0.373437 0.456543 0.373047 0.456055 0.367188 0.456055 0.365625 0.458008 0.365234 0.458008 0.364453 0.458984 0.364063 0.458984 0.360938 0.462891 0.360547 0.462891 0.359375 0.464355 0.358984 0.464355 0.357812 0.46582 0.357422 0.46582 0.355859 0.467773 0.355469 0.467773 0.354297 0.469238 0.353906 0.469238 0.352734 0.467773 0.352344 0.467773 0.35 0.464844 0.349609 0.464844 0.348438 0.463379 0.347656 0.463379 0.347266 0.462891 0.346875 0.462891 0.344922 0.460449 0.342969 0.460449 0.341797 0.461914 0.341797 0.463867 0.342969 0.465332 0.342969 0.46582 0.344531 0.467773 0.344531 0.468262 0.346094 0.470215 0.346094 0.471191 0.348047 0.473633 0.348047 0.474121 0.349219 0.475586 0.349219 0.476074 0.35 0.477051 0.35 0.479004 0.350391 0.479492 0.350391 0.47998 0.351562 0.481445 0.351562 0.481934 0.353906 0.484863 0.354297 0.484863 0.354687 0.485352 0.355859 0.485352 0.35625 0.48584 0.357031 0.48584 0.357422 0.486328 0.362109 0.486328 0.3625 0.48584 0.362891 0.48584 0.363281 0.485352 0.364063 0.485352 0.366016 0.48291 0.366406 0.48291 0.368359 0.480469 0.36875 0.480469 0.370312 0.478516 0.370703 0.478516 0.371094 0.478027 0.371484 0.478027 0.373437 0.475586 0.374219 0.475586 0.374609 0.475098 0.375 0.475098 0.375391 0.474609 0.375781 0.474609 0.376172 0.474121 0.376563 0.474121 0.376953 0.473633 0.378516 0.473633 0.378906 0.473145 0.384375 0.473145 0.384766 0.472656 0.385547 0.472656 0.389062 0.468262 0.389062 0.467773 0.390625 0.46582 0.390625 0.465332 0.391016 0.464844 0.391016 0.464355 0.391797 0.463379 0.391797 0.462402 0.392578 0.461426 0.392578 0.460449 0.393359 0.459473 0.393359 0.458984 0.39375 0.458496 0.39375 0.45752 0.394531 0.456543 0.394531 0.456055 0.394922 0.455566 0.394922 0.455078 0.396484 0.453125 0.396484 0.450684 0.395313 0.449219
1 0.401562 0.390625 0.401172 0.391113 0.396094 0.391113 0.395703 0.391602 0.392188 0.391602 0.391797 0.39209 0.388672 0.39209 0.388281 0.392578 0.386328 0.392578 0.385937 0.393066 0.375 0.393066 0.374609 0.393555 0.372656 0.393555 0.371875 0.394531 0.371484 0.394531 0.371094 0.39502 0.370703 0.39502 0.369922 0.395996 0.369531 0.395996 0.369141 0.396484 0.368359 0.396484 0.367969 0.396973 0.367188 0.396973 0.366797 0.397461 0.366406 0.397461 0.366016 0.397949 0.365625 0.397949 0.365234 0.398438 0.363672 0.398438 0.363281 0.398926 0.361328 0.398926 0.360938 0.398438 0.358594 0.398438 0.357422 0.399902 0.357422 0.401855 0.358594 0.40332 0.359375 0.40332 0.359766 0.403809 0.364844 0.403809 0.365234 0.40332 0.372266 0.40332 0.372656 0.403809 0.373828 0.403809 0.374219 0.404297 0.376172 0.404297 0.376563 0.404785 0.378125 0.404785 0.378906 0.405762 0.380078 0.405762 0.380859 0.406738 0.382031 0.406738 0.382422 0.407227 0.383984 0.407227 0.384375 0.407715 0.385156 0.407715 0.385547 0.408203 0.395313 0.408203 0.395703 0.407715 0.400781 0.407715 0.401172 0.407227 0.415625 0.407227 0.416016 0.406738 0.416797 0.406738 0.417187 0.40625 0.41875 0.40625 0.419141 0.405762 0.419531 0.405762 0.419922 0.405273 0.420312 0.405273 0.421875 0.40332 0.421875 0.398438 0.421484 0.397949 0.421484 0.396973 0.421094 0.396484 0.421094 0.395508 0.419531 0.393555 0.419141 0.393555 0.41875 0.393066 0.418359 0.393066 0.417969 0.392578 0.417578 0.392578 0.417187 0.39209 0.415625 0.39209 0.415234 0.391602 0.413672 0.391602 0.413281 0.391113 0.410938 0.391113 0.410547 0.390625
2 0.391406 0.374023 0.391016 0.374512 0.390625 0.374512 0.390234 0.375 0.389062 0.375 0.388672 0.375488 0.388281 0.375488 0.387891 0.375977 0.3875 0.375977 0.387109 0.376465 0.383984 0.376465 0.383594 0.376953 0.381641 0.376953 0.38125 0.377441 0.379688 0.377441 0.379297 0.37793 0.375 0.37793 0.374609 0.378418 0.356641 0.378418 0.35625 0.37793 0.355469 0.37793 0.355078 0.377441 0.354297 0.377441 0.353516 0.376465 0.351953 0.376465 0.351562 0.375977 0.350391 0.375977 0.35 0.375488 0.349219 0.375488 0.348828 0.375 0.348047 0.375 0.347656 0.374512 0.345703 0.374512 0.34375 0.376953 0.34375 0.38916 0.344922 0.390625 0.346875 0.390625 0.348047 0.38916 0.348047 0.385742 0.347656 0.385254 0.347656 0.382324 0.348047 0.381836 0.349219 0.383301 0.349609 0.383301 0.351562 0.385742 0.351953 0.385742 0.353906 0.388184 0.354297 0.388184 0.355078 0.38916 0.355469 0.38916 0.355859 0.389648 0.35625 0.389648 0.358203 0.39209 0.358984 0.39209 0.359375 0.392578 0.361328 0.392578 0.361719 0.393066 0.370703 0.393066 0.371094 0.392578 0.373047 0.392578 0.373437 0.39209 0.375 0.39209 0.375391 0.391602 0.375781 0.391602 0.376172 0.391113 0.376953 0.391113 0.377344 0.390625 0.378516 0.390625 0.379297 0.389648 0.380469 0.389648 0.380859 0.38916 0.381641 0.38916 0.382031 0.388672 0.382422 0.388672 0.382812 0.388184 0.384375 0.388184 0.384766 0.387695 0.385937 0.387695 0.386328 0.387207 0.386719 0.387207 0.387109 0.386719 0.388281 0.386719 0.389062 0.385742 0.390234 0.385742 0.391016 0.384766 0.391797 0.384766 0.392578 0.383789 0.392969 0.383789 0.394922 0.381348 0.394922 0.376953 0.394531 0.376465 0.394531 0.375488 0.393359 0.374023
1 0.339453 0.330566 0.338281 0.332031 0.338281 0.333984 0.339844 0.335938 0.340234 0.335938 0.340625 0.336426 0.341016 0.336426 0.341406 0.336914 0.343359 0.336914 0.34375 0.337402 0.344141 0.337402 0.344531 0.337891 0.345703 0.337891 0.346094 0.338379 0.348438 0.338379 0.348828 0.338867 0.348828 0.339355 0.349609 0.340332 0.349609 0.34082 0.35 0.341309 0.35 0.341797 0.350391 0.342285 0.350391 0.343262 0.355859 0.350098 0.356641 0.350098 0.357422 0.351074 0.357812 0.351074 0.358594 0.352051 0.358984 0.352051 0.359375 0.352539 0.359766 0.352539 0.360156 0.353027 0.360938 0.353027 0.362109 0.354492 0.3625 0.354492 0.363672 0.355957 0.364063 0.355957 0.364453 0.356445 0.364844 0.356445 0.365234 0.356934 0.365625 0.356934 0.366406 0.35791 0.367188 0.35791 0.367578 0.358398 0.367969 0.358398 0.368359 0.358887 0.369141 0.358887 0.369922 0.359863 0.370312 0.359863 0.370703 0.360352 0.371094 0.360352 0.371875 0.361328 0.372266 0.361328 0.372656 0.361816 0.373047 0.361816 0.375391 0.364746 0.375391 0.365234 0.376172 0.366211 0.376172 0.367188 0.376563 0.367676 0.376563 0.368164 0.376953 0.368652 0.376953 0.369141 0.377344 0.369629 0.377344 0.370117 0.378125 0.371094 0.378125 0.371582 0.378516 0.37207 0.378516 0.373535 0.380078 0.375488 0.380078 0.375977 0.380469 0.376465 0.380469 0.376953 0.380859 0.377441 0.380859 0.378418 0.382812 0.380859 0.382812 0.381348 0.383203 0.381836 0.383203 0.382812 0.384375 0.384277 0.384375 0.384766 0.384766 0.385254 0.384766 0.385742 0.386328 0.387695 0.388281 0.387695 0.390234 0.385254 0.390234 0.384766 0.391016 0.383789 0.391016 0.378418 0.390625 0.37793 0.390625 0.376953 0.389844 0.375977 0.389844 0.375488 0.389453 0.375 0.389453 0.374512 0.388281 0.373047 0.388281 0.37207 0.387891 0.371582 0.387891 0.371094 0.386719 0.369629 0.386719 0.368652 0.386328 0.368164 0.386328 0.367676 0.385547 0.366699 0.385547 0.366211 0.384766 0.365234 0.384766 0.364746 0.384375 0.364258 0.384375 0.36377 0.383594 0.362793 0.383594 0.36084 0.383203 0.360352 0.383203 0.359375 0.382812 0.358887 0.382812 0.358398 0.382422 0.35791 0.382422 0.356934 0.382031 0.356445 0.382031 0.355957 0.38125 0.35498 0.38125 0.354492 0.380859 0.354004 0.380859 0.353516 0.380078 0.352539 0.380078 0.352051 0.379688 0.351562 0.379688 0.350586 0.378125 0.348633 0.378125 0.347656 0.377344 0.34668 0.377344 0.345703 0.375 0.342773 0.374609 0.342773 0.373828 0.341797 0.373437 0.341797 0.372656 0.34082 0.372266 0.34082 0.371875 0.340332 0.371484 0.340332 0.371094 0.339844 0.370703 0.339844 0.369141 0.337891 0.36875 0.337891 0.367969 0.336914 0.367578 0.336914 0.367188 0.336426 0.366797 0.336426 0.366016 0.335449 0.365625 0.335449 0.364844 0.334473 0.364453 0.334473 0.363672 0.333496 0.363281 0.333496 0.362891 0.333008 0.3625 0.333008 0.361719 0.332031 0.360938 0.332031 0.360156 0.331055 0.358984 0.331055 0.358594 0.330566
1 0.345703 0.254883 0.345313 0.255371 0.344922 0.255371 0.342969 0.257812 0.342969 0.258789 0.342187 0.259766 0.342187 0.260254 0.341797 0.260742 0.341797 0.26123 0.340625 0.262695 0.340625 0.263184 0.340234 0.263672 0.340234 0.26416 0.339453 0.265137 0.339453 0.265625 0.339062 0.266113 0.339062 0.26709 0.338281 0.268066 0.338281 0.268555 0.3375 0.269531 0.3375 0.27002 0.336719 0.270996 0.336719 0.271484 0.336328 0.271973 0.336328 0.272461 0.335547 0.273438 0.335547 0.273926 0.334766 0.274902 0.334766 0.275391 0.334375 0.275879 0.334375 0.276367 0.333984 0.276855 0.333984 0.27832 0.333594 0.278809 0.333594 0.279297 0.333203 0.279785 0.333203 0.280762 0.332813 0.28125 0.332813 0.283691 0.332422 0.28418 0.332422 0.287109 0.332031 0.287598 0.332031 0.288574 0.331641 0.289062 0.331641 0.289551 0.33125 0.290039 0.33125 0.290527 0.330859 0.291016 0.330859 0.291504 0.330469 0.291992 0.330469 0.29248 0.330078 0.292969 0.330078 0.293457 0.329688 0.293945 0.329688 0.294434 0.328906 0.29541 0.328906 0.295898 0.327734 0.297363 0.327734 0.297852 0.327344 0.29834 0.327344 0.298828 0.326562 0.299805 0.326562 0.300293 0.326172 0.300781 0.326172 0.301758 0.325781 0.302246 0.325781 0.303223 0.325391 0.303711 0.325391 0.304688 0.325 0.305176 0.325 0.319336 0.324609 0.319824 0.324609 0.324219 0.324219 0.324707 0.324219 0.330566 0.324609 0.331055 0.324609 0.333008 0.325 0.333496 0.325 0.333984 0.325391 0.334473 0.325391 0.335449 0.325781 0.335938 0.325781 0.337402 0.326562 0.338379 0.326562 0.339844 0.326953 0.340332 0.326953 0.34082 0.328516 0.342773 0.330469 0.342773 0.332031 0.34082 0.332031 0.340332 0.332813 0.339355 0.332813 0.338867 0.335547 0.335449 0.335547 0.334961 0.339453 0.330078 0.339453 0.32959 0.340234 0.328613 0.340234 0.327637 0.340625 0.327148 0.340625 0.326172 0.341016 0.325684 0.341016 0.323242 0.341406 0.322754 0.341406 0.300781 0.341797 0.300293 0.341797 0.29834 0.342187 0.297852 0.342187 0.296875 0.342578 0.296387 0.342578 0.295898 0.342969 0.29541 0.342969 0.294434 0.343359 0.293945 0.343359 0.293457 0.34375 0.292969 0.34375 0.29248 0.344531 0.291504 0.344531 0.282715 0.344141 0.282227 0.344141 0.280762 0.34375 0.280273 0.34375 0.272949 0.343359 0.272461 0.343359 0.267578 0.34375 0.26709 0.34375 0.266602 0.344141 0.266113 0.344141 0.265625 0.345313 0.26416 0.345313 0.263184 0.345703 0.262695 0.345703 0.262207 0.346484 0.26123 0.346484 0.260742 0.348438 0.258301 0.348438 0.256348 0.347266 0.254883
1 0.403125 0.249512 0.401953 0.250977 0.401953 0.253418 0.403125 0.254883 0.403516 0.254883 0.403906 0.255371 0.403906 0.255859 0.404297 0.256348 0.404297 0.257324 0.404687 0.257812 0.404687 0.260742 0.405078 0.26123 0.405078 0.262207 0.405469 0.262695 0.405469 0.266113 0.405859 0.266602 0.405859 0.275391 0.40625 0.275879 0.40625 0.27832 0.406641 0.278809 0.406641 0.280273 0.407031 0.280762 0.407031 0.28125 0.407422 0.281738 0.407422 0.282715 0.407813 0.283203 0.407813 0.28418 0.408203 0.284668 0.408203 0.285156 0.408984 0.286133 0.408984 0.287109 0.409375 0.287598 0.409375 0.288574 0.409766 0.289062 0.409766 0.289551 0.410156 0.290039 0.410156 0.290527 0.410938 0.291504 0.410938 0.291992 0.411328 0.29248 0.411328 0.293457 0.412109 0.294434 0.412109 0.294922 0.412891 0.295898 0.412891 0.296387 0.413281 0.296875 0.413281 0.297852 0.414062 0.298828 0.414062 0.299805 0.414453 0.300293 0.414453 0.300781 0.415234 0.301758 0.415234 0.302246 0.416406 0.303711 0.416406 0.304688 0.417578 0.306152 0.417969 0.306152 0.418359 0.306641 0.418359 0.307129 0.419922 0.309082 0.419922 0.30957 0.421094 0.311035 0.421484 0.311035 0.421875 0.311523 0.422266 0.311523 0.422656 0.312012 0.423047 0.312012 0.424219 0.313477 0.424609 0.313477 0.425391 0.314453 0.425781 0.314453 0.427344 0.316406 0.427734 0.316406 0.429297 0.318359 0.429688 0.318359 0.430469 0.319336 0.430859 0.319336 0.43125 0.319824 0.432031 0.319824 0.432422 0.320312 0.432812 0.320312 0.433594 0.321289 0.433984 0.321289 0.434375 0.321777 0.434766 0.321777 0.437109 0.324707 0.437109 0.325195 0.4375 0.325684 0.4375 0.326172 0.442969 0.333008 0.443359 0.333008 0.44375 0.333496 0.444141 0.333496 0.444531 0.333984 0.445312 0.333984 0.445703 0.334473 0.446094 0.334473 0.446484 0.334961 0.448437 0.334961 0.448828 0.335449 0.449609 0.335449 0.45 0.335938 0.455859 0.335938 0.45625 0.335449 0.456641 0.335449 0.457422 0.334473 0.457813 0.334473 0.460938 0.330566 0.460938 0.327148 0.459766 0.325684 0.449609 0.325684 0.449219 0.325195 0.448437 0.325195 0.447656 0.324219 0.447266 0.324219 0.445312 0.321777 0.445312 0.320801 0.444922 0.320312 0.444922 0.319824 0.444531 0.319336 0.444531 0.318848 0.444141 0.318359 0.444141 0.317871 0.44375 0.317383 0.44375 0.316895 0.443359 0.316406 0.443359 0.315918 0.442969 0.31543 0.442969 0.314941 0.442188 0.313965 0.442188 0.313477 0.440234 0.311035 0.440234 0.310547 0.439844 0.310059 0.439844 0.308594 0.439063 0.307617 0.439063 0.307129 0.438672 0.306641 0.438672 0.306152 0.4375 0.304688 0.4375 0.303711 0.437109 0.303223 0.437109 0.302734 0.435156 0.300293 0.435156 0.299805 0.432422 0.296387 0.432422 0.295898 0.430859 0.293945 0.430859 0.293457 0.430469 0.292969 0.430469 0.29248 0.428906 0.290527 0.428906 0.290039 0.426172 0.286621 0.425781 0.286621 0.424219 0.284668 0.423828 0.284668 0.423438 0.28418 0.423047 0.28418 0.422266 0.283203 0.421875 0.283203 0.421094 0.282227 0.419531 0.282227 0.419141 0.281738 0.418359 0.281738 0.417969 0.28125 0.417578 0.28125 0.417187 0.280762 0.416797 0.280762 0.416406 0.280273 0.416016 0.280273 0.415625 0.279785 0.414844 0.279785 0.414062 0.278809 0.414062 0.27832 0.413672 0.277832 0.413672 0.276855 0.413281 0.276367 0.413281 0.273926 0.412891 0.273438 0.412891 0.271484 0.4125 0.270996 0.4125 0.27002 0.412109 0.269531 0.412109 0.269043 0.411719 0.268555 0.411719 0.267578 0.411328 0.26709 0.411328 0.266113 0.410938 0.265625 0.410938 0.265137 0.410547 0.264648 0.410547 0.263184 0.409766 0.262207 0.409766 0.26123 0.409375 0.260742 0.409375 0.259766 0.408984 0.259277 0.408984 0.257812 0.408594 0.257324 0.408594 0.255371 0.408203 0.254883 0.408203 0.253906 0.407422 0.25293 0.407422 0.252441 0.405469 0.25 0.405078 0.25 0.404687 0.249512
1 0.106641 0.45459 0.104297 0.45752 0.104297 0.458008 0.103906 0.458496 0.103906 0.472168 0.103516 0.472656 0.103516 0.474121 0.103125 0.474609 0.103125 0.475098 0.102734 0.475586 0.102734 0.476074 0.101953 0.477051 0.101953 0.478027 0.0992187 0.481445 0.0992187 0.481934 0.0984375 0.48291 0.0984375 0.483398 0.0976562 0.484375 0.0976562 0.485352 0.0949219 0.48877 0.0949219 0.489258 0.0945312 0.489746 0.0945312 0.490723 0.0941406 0.491211 0.0941406 0.491699 0.0925781 0.493652 0.0925781 0.494141 0.0914062 0.495605 0.0914062 0.496094 0.090625 0.49707 0.090625 0.497559 0.0890625 0.499512 0.0890625 0.5 0.0886719 0.500488 0.0886719 0.500977 0.0882813 0.501465 0.0882813 0.501953 0.0878906 0.502441 0.0878906 0.503418 0.0875 0.503906 0.0875 0.505371 0.0871094 0.505859 0.0871094 0.507812 0.0867187 0.508301 0.0867187 0.512695 0.0863281 0.513184 0.0863281 0.515137 0.0859375 0.515625 0.0859375 0.529297 0.0871094 0.530762 0.0890625 0.530762 0.0902344 0.529297 0.0902344 0.527832 0.090625 0.527344 0.090625 0.525879 0.0910156 0.525391 0.0910156 0.524414 0.0914062 0.523926 0.0914062 0.522461 0.0925781 0.520996 0.0925781 0.52002 0.09375 0.518555 0.09375 0.518066 0.0941406 0.517578 0.0941406 0.51709 0.0945312 0.516602 0.0945312 0.516113 0.0953125 0.515137 0.0953125 0.51416 0.0960938 0.513184 0.0960938 0.512695 0.0972656 0.51123 0.0972656 0.510742 0.0984375 0.509277 0.0984375 0.508789 0.1 0.506836 0.1 0.506348 0.101172 0.504883 0.101562 0.504883 0.102344 0.503906 0.102734 0.503906 0.107422 0.498047 0.107422 0.497559 0.108203 0.496582 0.108203 0.496094 0.109375 0.494629 0.109375 0.494141 0.109766 0.493652 0.109766 0.493164 0.110937 0.491699 0.110937 0.489746 0.111328 0.489258 0.111328 0.488281 0.111719 0.487793 0.111719 0.486816 0.112109 0.486328 0.112109 0.48584 0.1125 0.485352 0.1125 0.484863 0.112891 0.484375 0.112891 0.481934 0.113281 0.481445 0.113281 0.473633 0.1125 0.472656 0.1125 0.471191 0.111719 0.470215 0.111719 0.46875 0.111328 0.468262 0.111328 0.467285 0.110937 0.466797 0.110937 0.464355 0.111328 0.463867 0.111328 0.463379 0.111719 0.462891 0.111719 0.462402 0.1125 0.461426 0.1125 0.460938 0.112891 0.460449 0.112891 0.459961 0.113281 0.459473 0.113281 0.456055 0.112109 0.45459
1 0.41875 0.180664 0.417578 0.182129 0.417578 0.184082 0.419922 0.187012 0.420312 0.187012 0.420703 0.1875 0.421094 0.1875 0.421484 0.187988 0.426563 0.187988 0.427344 0.188965 0.427344 0.19873 0.426953 0.199219 0.426953 0.200684 0.426563 0.201172 0.426563 0.20166 0.426172 0.202148 0.426172 0.203125 0.425391 0.204102 0.425391 0.20459 0.423438 0.207031 0.423438 0.20752 0.423047 0.208008 0.423047 0.208496 0.422656 0.208984 0.422656 0.209473 0.422266 0.209961 0.422266 0.210938 0.421875 0.211426 0.421875 0.212402 0.421484 0.212891 0.421484 0.216309 0.421094 0.216797 0.421094 0.21875 0.420703 0.219238 0.420703 0.22168 0.420312 0.222168 0.420312 0.224609 0.419922 0.225098 0.419922 0.23584 0.420312 0.236328 0.420312 0.237793 0.420703 0.238281 0.420703 0.23877 0.421094 0.239258 0.421094 0.240234 0.421484 0.240723 0.421484 0.242188 0.421875 0.242676 0.421875 0.243652 0.422266 0.244141 0.422266 0.245605 0.422656 0.246094 0.422656 0.247559 0.423047 0.248047 0.423047 0.25 0.423438 0.250488 0.423438 0.251953 0.423828 0.252441 0.423828 0.253418 0.424219 0.253906 0.424219 0.254883 0.424609 0.255371 0.424609 0.257324 0.425 0.257812 0.425 0.258789 0.425391 0.259277 0.425391 0.260254 0.426172 0.26123 0.426172 0.262207 0.427344 0.263672 0.427344 0.264648 0.431641 0.27002 0.432031 0.27002 0.432422 0.270508 0.432812 0.270508 0.433203 0.270996 0.433594 0.270996 0.433984 0.271484 0.439453 0.271484 0.441016 0.269531 0.441016 0.266113 0.439453 0.26416 0.439063 0.26416 0.437891 0.262695 0.4375 0.262695 0.437109 0.262207 0.436719 0.262207 0.435547 0.260742 0.435156 0.260742 0.433984 0.259277 0.433594 0.259277 0.431641 0.256836 0.431641 0.256348 0.43125 0.255859 0.43125 0.254883 0.430469 0.253906 0.430469 0.252441 0.430078 0.251953 0.430078 0.249023 0.429688 0.248535 0.429688 0.246582 0.430078 0.246094 0.430078 0.245117 0.430469 0.244629 0.430469 0.244141 0.430859 0.243652 0.430859 0.243164 0.431641 0.242188 0.431641 0.241699 0.432812 0.240234 0.432812 0.239746 0.433203 0.239258 0.433203 0.23877 0.433984 0.237793 0.433984 0.237305 0.434375 0.236816 0.434375 0.236328 0.435156 0.235352 0.435156 0.233887 0.435547 0.233398 0.435547 0.23291 0.435937 0.232422 0.435937 0.231445 0.436719 0.230469 0.436719 0.229492 0.437109 0.229004 0.437109 0.227539 0.4375 0.227051 0.4375 0.224121 0.437891 0.223633 0.437891 0.219727 0.438281 0.219238 0.438281 0.216309 0.438672 0.21582 0.438672 0.213867 0.439063 0.213379 0.439063 0.209961 0.439453 0.209473 0.439453 0.202637 0.439063 0.202148 0.439063 0.200684 0.438672 0.200195 0.438672 0.199219 0.438281 0.19873 0.438281 0.197754 0.437891 0.197266 0.437891 0.196777 0.4375 0.196289 0.4375 0.195801 0.437109 0.195312 0.437109 0.194336 0.436719 0.193848 0.436719 0.193359 0.436328 0.192871 0.436328 0.191895 0.435547 0.190918 0.435547 0.19043 0.434766 0.189453 0.434766 0.188965 0.433594 0.1875 0.433594 0.187012 0.430078 0.182617 0.426563 0.182617 0.426172 0.183105 0.423438 0.183105 0.423047 0.182617 0.422656 0.182617 0.422266 0.182129 0.421875 0.182129 0.420703 0.180664
1 0.282031 0.245117 0.280859 0.246582 0.280859 0.249023 0.28125 0.249512 0.28125 0.250488 0.281641 0.250977 0.281641 0.251465 0.282031 0.251953 0.282031 0.252441 0.282422 0.25293 0.282422 0.253418 0.282813 0.253906 0.282813 0.254395 0.283203 0.254883 0.283203 0.255371 0.285547 0.258301 0.285938 0.258301 0.286719 0.259277 0.287109 0.259277 0.287891 0.260254 0.288281 0.260254 0.288672 0.260742 0.295312 0.260742 0.295703 0.26123 0.297266 0.26123 0.297656 0.261719 0.298438 0.261719 0.300391 0.26416 0.300781 0.26416 0.303125 0.26709 0.303125 0.267578 0.305078 0.27002 0.305078 0.270508 0.30625 0.271973 0.30625 0.272949 0.307031 0.273926 0.307031 0.274414 0.307812 0.275391 0.307812 0.275879 0.308594 0.276855 0.308594 0.277344 0.308984 0.277832 0.308984 0.27832 0.309375 0.278809 0.309375 0.279297 0.310937 0.28125 0.310937 0.282227 0.3125 0.28418 0.3125 0.285156 0.312891 0.285645 0.312891 0.286133 0.313672 0.287109 0.313672 0.288086 0.314063 0.288574 0.314063 0.289062 0.314453 0.289551 0.314453 0.290527 0.314844 0.291016 0.314844 0.291992 0.315234 0.29248 0.315234 0.29541 0.315625 0.295898 0.315625 0.297852 0.316016 0.29834 0.316016 0.299805 0.316406 0.300293 0.316406 0.302246 0.316797 0.302734 0.316797 0.304199 0.317188 0.304688 0.317188 0.306641 0.317578 0.307129 0.317578 0.309082 0.317969 0.30957 0.317969 0.3125 0.318359 0.312988 0.318359 0.315918 0.31875 0.316406 0.31875 0.324707 0.319141 0.325195 0.319141 0.329102 0.319922 0.330078 0.319922 0.332031 0.320312 0.33252 0.320312 0.334473 0.320703 0.334961 0.320703 0.335449 0.321875 0.336914 0.322266 0.336914 0.322656 0.337402 0.325 0.337402 0.326172 0.335938 0.326172 0.330566 0.325781 0.330078 0.325781 0.329102 0.325391 0.328613 0.325391 0.322266 0.325 0.321777 0.325 0.318359 0.325391 0.317871 0.325391 0.314453 0.325781 0.313965 0.325781 0.312988 0.326172 0.3125 0.326172 0.311035 0.326562 0.310547 0.326562 0.30957 0.326953 0.309082 0.326953 0.308105 0.327344 0.307617 0.327344 0.305664 0.327734 0.305176 0.327734 0.30127 0.328125 0.300781 0.328125 0.290527 0.327734 0.290039 0.327734 0.288086 0.327344 0.287598 0.327344 0.286621 0.326562 0.285645 0.326562 0.28418 0.326172 0.283691 0.326172 0.282715 0.325391 0.281738 0.325391 0.280273 0.324609 0.279297 0.324609 0.277832 0.324219 0.277344 0.324219 0.275879 0.323828 0.275391 0.323828 0.274414 0.323437 0.273926 0.323437 0.273438 0.323047 0.272949 0.323047 0.271973 0.322656 0.271484 0.322656 0.270508 0.321484 0.269043 0.321484 0.268555 0.320703 0.267578 0.320703 0.26709 0.319141 0.265137 0.319141 0.264648 0.31875 0.26416 0.31875 0.263672 0.318359 0.263184 0.318359 0.262695 0.312109 0.254883 0.311719 0.254883 0.311328 0.254395 0.310547 0.254395 0.310156 0.253906 0.308594 0.253906 0.308203 0.253418 0.302344 0.253418 0.301953 0.253906 0.301172 0.253906 0.300781 0.254395 0.298047 0.254395 0.297656 0.254883 0.295312 0.254883 0.294922 0.254395 0.292187 0.254395 0.291797 0.253906 0.291016 0.253906 0.290234 0.25293 0.289844 0.25293 0.289453 0.252441 0.289062 0.252441 0.288281 0.251465 0.287891 0.251465 0.285547 0.248535 0.285547 0.248047 0.285156 0.247559 0.285156 0.246582 0.283984 0.245117
1 0.323828 0.193359 0.322656 0.194824 0.322656 0.19873 0.325391 0.202148 0.325391 0.202637 0.327344 0.205078 0.327344 0.207031 0.326953 0.20752 0.326953 0.216797 0.327344 0.217285 0.327344 0.218262 0.328125 0.219238 0.328125 0.220703 0.328906 0.22168 0.328906 0.222168 0.329297 0.222656 0.329297 0.223145 0.330078 0.224121 0.330078 0.227539 0.330469 0.228027 0.330469 0.229004 0.330859 0.229492 0.330859 0.231445 0.33125 0.231934 0.33125 0.23291 0.331641 0.233398 0.331641 0.234375 0.332031 0.234863 0.332031 0.235352 0.332422 0.23584 0.332422 0.236816 0.332813 0.237305 0.332813 0.237793 0.333203 0.238281 0.333203 0.23877 0.333594 0.239258 0.333594 0.239746 0.333984 0.240234 0.333984 0.240723 0.334375 0.241211 0.334375 0.241699 0.334766 0.242188 0.334766 0.242676 0.335156 0.243164 0.335156 0.243652 0.335547 0.244141 0.335547 0.245605 0.335938 0.246094 0.335938 0.24707 0.336328 0.247559 0.336328 0.248047 0.336719 0.248535 0.336719 0.249023 0.337109 0.249512 0.337109 0.250977 0.337891 0.251953 0.337891 0.253418 0.338281 0.253906 0.338281 0.254883 0.338672 0.255371 0.338672 0.256348 0.339062 0.256836 0.339062 0.26123 0.340625 0.263184 0.342187 0.263184 0.344141 0.260742 0.344141 0.260254 0.344922 0.259277 0.344922 0.257324 0.345313 0.256836 0.345313 0.255859 0.345703 0.255371 0.345703 0.254395 0.346094 0.253906 0.346094 0.253418 0.346875 0.252441 0.346875 0.250977 0.347656 0.25 0.347656 0.249512 0.348047 0.249023 0.348047 0.23584 0.347656 0.235352 0.347656 0.233887 0.347266 0.233398 0.347266 0.230957 0.346875 0.230469 0.346875 0.229004 0.346484 0.228516 0.346484 0.227539 0.346094 0.227051 0.346094 0.226074 0.345703 0.225586 0.345703 0.225098 0.345313 0.224609 0.345313 0.223145 0.344922 0.222656 0.344922 0.22168 0.344531 0.221191 0.344531 0.220215 0.344141 0.219727 0.344141 0.219238 0.34375 0.21875 0.34375 0.218262 0.342969 0.217285 0.342969 0.21582 0.342578 0.215332 0.342578 0.214355 0.341406 0.212891 0.341406 0.212402 0.340625 0.211426 0.340625 0.210938 0.339844 0.209961 0.339844 0.209473 0.339062 0.208496 0.339062 0.208008 0.3375 0.206055 0.337109 0.206055 0.335547 0.204102 0.335156 0.204102 0.334766 0.203613 0.334375 0.203613 0.330859 0.199219 0.330469 0.199219 0.329688 0.198242 0.328125 0.198242 0.327734 0.197754 0.327344 0.197754 0.326562 0.196777 0.326562 0.194824 0.325391 0.193359
1 0.065625 0.57666 0.0648438 0.577637 0.0644531 0.577637 0.0640625 0.578125 0.0636719 0.578125 0.0609375 0.581543 0.0601563 0.581543 0.0597656 0.582031 0.0589844 0.582031 0.0582031 0.583008 0.0566406 0.583008 0.05625 0.583496 0.0542969 0.583496 0.0539063 0.583984 0.0511719 0.583984 0.0507812 0.584473 0.0453125 0.584473 0.0449219 0.584961 0.0429688 0.584961 0.0425781 0.585449 0.0410156 0.585449 0.040625 0.585938 0.0398437 0.585938 0.0394531 0.586426 0.0390625 0.586426 0.0386719 0.586914 0.0382813 0.586914 0.0378906 0.587402 0.0371094 0.587402 0.0367188 0.587891 0.0363281 0.587891 0.0359375 0.588379 0.0355469 0.588379 0.0351562 0.588867 0.0335937 0.588867 0.0328125 0.589844 0.0320312 0.589844 0.0316406 0.590332 0.0308594 0.590332 0.0304687 0.59082 0.0300781 0.59082 0.0296875 0.591309 0.0285156 0.591309 0.0277344 0.592285 0.0269531 0.592285 0.0265625 0.592773 0.0261719 0.592773 0.0257812 0.593262 0.025 0.593262 0.0242188 0.594238 0.0234375 0.594238 0.0226562 0.595215 0.0222656 0.595215 0.021875 0.595703 0.0214844 0.595703 0.0210938 0.596191 0.0207031 0.596191 0.0203125 0.59668 0.0199219 0.59668 0.0195312 0.597168 0.01875 0.597168 0.0183594 0.597656 0.0171875 0.597656 0.0164063 0.598633 0.0152344 0.598633 0.0144531 0.599609 0.0128906 0.599609 0.0125 0.600098 0.0109375 0.600098 0.0105469 0.600586 0.009375 0.600586 0.00898437 0.601074 0.00859375 0.601074 0.00820313 0.601562 0.00703125 0.601562 0.00664062 0.602051 0.0046875 0.602051 0.00429688 0.602539 0.00351563 0.602539 0.003125 0.603027 0.0015625 0.603027 0.00078125 0.604004 0 0.604004 0 0.609375 0.000390625 0.609863 0.0121094 0.609863 0.0125 0.609375 0.0140625 0.609375 0.0144531 0.608887 0.021875 0.608887 0.0222656 0.608398 0.0261719 0.608398 0.0265625 0.60791 0.0308594 0.60791 0.03125 0.607422 0.0332031 0.607422 0.0335937 0.606934 0.0351562 0.606934 0.0355469 0.606445 0.0363281 0.606445 0.0367188 0.605957 0.0378906 0.605957 0.0382813 0.605469 0.0386719 0.605469 0.0394531 0.604492 0.0414062 0.604492 0.0421875 0.603516 0.0429688 0.603516 0.0433594 0.603027 0.0441406 0.603027 0.0445313 0.602539 0.0449219 0.602539 0.0457031 0.601562 0.0464844 0.601562 0.0480469 0.599609 0.0484375 0.599609 0.0488281 0.599121 0.0492187 0.599121 0.05 0.598145 0.0503906 0.598145 0.0515625 0.59668 0.0519531 0.59668 0.0535156 0.594727 0.0539063 0.594727 0.0546875 0.59375 0.0554687 0.59375 0.0558594 0.593262 0.05625 0.593262 0.0570312 0.592285 0.0574219 0.592285 0.0582031 0.591309 0.0585938 0.591309 0.0589844 0.59082 0.059375 0.59082 0.0597656 0.590332 0.0601563 0.590332 0.0609375 0.589355 0.0617188 0.589355 0.0628906 0.587891 0.0636719 0.587891 0.0644531 0.586914 0.0648438 0.586914 0.065625 0.585938 0.0664062 0.585938 0.0683594 0.583496 0.06875 0.583496 0.0699219 0.582031 0.0699219 0.581055 0.0703125 0.580566 0.0703125 0.578125 0.0691406 0.57666
1 0.0832031 0.50293 0.0796875 0.507324 0.0796875 0.507812 0.0792969 0.508301 0.0792969 0.509766 0.0789062 0.510254 0.0789062 0.511719 0.078125 0.512695 0.078125 0.51416 0.0773438 0.515137 0.0773438 0.515625 0.0769531 0.516113 0.0765625 0.516113 0.075 0.518066 0.0746094 0.518066 0.0742188 0.518555 0.0738281 0.518555 0.0730469 0.519531 0.0726563 0.519531 0.0722656 0.52002 0.071875 0.52002 0.0710937 0.520996 0.0703125 0.520996 0.0699219 0.521484 0.0695313 0.521484 0.0691406 0.521973 0.06875 0.521973 0.0679687 0.522949 0.0671875 0.522949 0.0667969 0.523438 0.0660156 0.523438 0.065625 0.523926 0.0652344 0.523926 0.0648438 0.524414 0.0644531 0.524414 0.0640625 0.524902 0.0628906 0.524902 0.0625 0.525391 0.0613281 0.525391 0.0609375 0.525879 0.0597656 0.525879 0.059375 0.526367 0.0589844 0.526367 0.0585938 0.526855 0.0582031 0.526855 0.0578125 0.527344 0.0574219 0.527344 0.0566406 0.52832 0.05625 0.52832 0.0554687 0.529297 0.0550781 0.529297 0.0546875 0.529785 0.0539063 0.529785 0.0535156 0.530273 0.053125 0.530273 0.0523438 0.53125 0.0519531 0.53125 0.0515625 0.531738 0.0511719 0.531738 0.0507812 0.532227 0.0503906 0.532227 0.05 0.532715 0.0492187 0.532715 0.0484375 0.533691 0.0480469 0.533691 0.0476562 0.53418 0.0472656 0.53418 0.046875 0.534668 0.0460938 0.534668 0.0457031 0.535156 0.0414062 0.535156 0.0410156 0.534668 0.0363281 0.534668 0.0351562 0.536133 0.0351562 0.538574 0.0371094 0.541016 0.0375 0.541016 0.0386719 0.54248 0.0390625 0.54248 0.0402344 0.543945 0.0410156 0.543945 0.0414062 0.544434 0.0421875 0.544434 0.0425781 0.544922 0.0433594 0.544922 0.04375 0.54541 0.0460938 0.54541 0.0464844 0.545898 0.046875 0.545898 0.0472656 0.546387 0.0589844 0.546387 0.059375 0.545898 0.0601563 0.545898 0.0605469 0.54541 0.0613281 0.54541 0.0617188 0.544922 0.0621094 0.544922 0.0625 0.544434 0.0628906 0.544434 0.0632812 0.543945 0.0640625 0.543945 0.0648438 0.542969 0.0652344 0.542969 0.065625 0.54248 0.0660156 0.54248 0.0664062 0.541992 0.0675781 0.541992 0.0683594 0.541016 0.0695313 0.541016 0.0707031 0.539551 0.0710937 0.539551 0.0714844 0.539062 0.071875 0.539062 0.0722656 0.538574 0.0730469 0.538574 0.0738281 0.537598 0.0742188 0.537598 0.075 0.536621 0.0757812 0.536621 0.0761719 0.536133 0.0765625 0.536133 0.078125 0.53418 0.0789062 0.53418 0.0800781 0.532715 0.0804688 0.532715 0.0847656 0.527344 0.0847656 0.526855 0.0851563 0.526367 0.0851563 0.525879 0.0867187 0.523926 0.0867187 0.523438 0.0871094 0.522949 0.0871094 0.522461 0.0875 0.521973 0.0875 0.513184 0.0871094 0.512695 0.0871094 0.511719 0.0867187 0.51123 0.0867187 0.510254 0.0863281 0.509766 0.0863281 0.506836 0.0867187 0.506348 0.0867187 0.504395 0.0855469 0.50293
1 0.123828 0.452148 0.123047 0.453125 0.122656 0.453125 0.121484 0.45459 0.121484 0.45752 0.121875 0.458008 0.121875 0.458984 0.122266 0.459473 0.122266 0.460449 0.123047 0.461426 0.123047 0.462891 0.123828 0.463867 0.123828 0.464355 0.125 0.46582 0.125 0.467285 0.125391 0.467773 0.125391 0.46875 0.125781 0.469238 0.125781 0.469727 0.126562 0.470703 0.126562 0.472168 0.126953 0.472656 0.126953 0.473145 0.127344 0.473633 0.127344 0.475098 0.127734 0.475586 0.127734 0.477539 0.128125 0.478027 0.128125 0.486816 0.128516 0.487305 0.128516 0.48877 0.128906 0.489258 0.128906 0.494141 0.129297 0.494629 0.129297 0.496582 0.129688 0.49707 0.129688 0.498535 0.130078 0.499023 0.130078 0.500977 0.130469 0.501465 0.130469 0.502441 0.130859 0.50293 0.130859 0.504395 0.13125 0.504883 0.13125 0.506836 0.131641 0.507324 0.131641 0.510254 0.132031 0.510742 0.132031 0.511719 0.132422 0.512207 0.132422 0.513672 0.132812 0.51416 0.132812 0.515137 0.133203 0.515625 0.133203 0.516113 0.133594 0.516602 0.133594 0.518555 0.133984 0.519043 0.133984 0.520508 0.134375 0.520996 0.134375 0.521484 0.134766 0.521973 0.134766 0.522461 0.135156 0.522949 0.135156 0.523926 0.135937 0.524902 0.135937 0.525879 0.136328 0.526367 0.136328 0.526855 0.136719 0.527344 0.136719 0.527832 0.139844 0.531738 0.142187 0.531738 0.143359 0.530273 0.143359 0.525391 0.142969 0.524902 0.142969 0.515625 0.142578 0.515137 0.142578 0.491699 0.142187 0.491211 0.142187 0.490723 0.141797 0.490234 0.141797 0.48584 0.141406 0.485352 0.141406 0.484863 0.141016 0.484375 0.141016 0.481934 0.140625 0.481445 0.140625 0.480957 0.140234 0.480469 0.140234 0.479004 0.139844 0.478516 0.139844 0.477539 0.139453 0.477051 0.139453 0.476562 0.139063 0.476074 0.139063 0.475098 0.138281 0.474121 0.138281 0.473633 0.137891 0.473145 0.137891 0.472656 0.1375 0.472168 0.1375 0.471191 0.137109 0.470703 0.137109 0.470215 0.135937 0.46875 0.135937 0.468262 0.135547 0.467773 0.135547 0.466797 0.135156 0.466309 0.135156 0.46582 0.134375 0.464844 0.134375 0.464355 0.133203 0.462891 0.133203 0.462402 0.132812 0.461914 0.132812 0.461426 0.132031 0.460449 0.132031 0.459961 0.130469 0.458008 0.130469 0.45752 0.126562 0.452637 0.126172 0.452637 0.125781 0.452148
1 0.126562 0.547852 0.125391 0.549316 0.125391 0.55127 0.128906 0.555664 0.129297 0.555664 0.130469 0.557129 0.130859 0.557129 0.133203 0.560059 0.133984 0.560059 0.134766 0.561035 0.135547 0.561035 0.136328 0.562012 0.1375 0.562012 0.137891 0.5625 0.138281 0.5625 0.138672 0.562988 0.139063 0.562988 0.139453 0.563477 0.140234 0.563477 0.140625 0.563965 0.141016 0.563965 0.141406 0.564453 0.142578 0.564453 0.142969 0.564941 0.143359 0.564941 0.14375 0.56543 0.144141 0.56543 0.144922 0.566406 0.151172 0.566406 0.151562 0.566895 0.153125 0.566895 0.153516 0.567383 0.154688 0.567383 0.155078 0.567871 0.162109 0.567871 0.1625 0.567383 0.163281 0.567383 0.163672 0.566895 0.164453 0.566895 0.164844 0.566406 0.166016 0.566406 0.166797 0.56543 0.167969 0.56543 0.16875 0.564453 0.169922 0.564453 0.170703 0.563477 0.171094 0.563477 0.171484 0.562988 0.171875 0.562988 0.172266 0.5625 0.173047 0.5625 0.173437 0.562012 0.175391 0.562012 0.176172 0.561035 0.177734 0.561035 0.178516 0.560059 0.180859 0.560059 0.18125 0.55957 0.182031 0.55957 0.182422 0.559082 0.183203 0.559082 0.183594 0.558594 0.186719 0.558594 0.187109 0.559082 0.1875 0.559082 0.187891 0.55957 0.188672 0.55957 0.189062 0.560059 0.190234 0.560059 0.190625 0.560547 0.191016 0.560547 0.191406 0.561035 0.192188 0.561035 0.192969 0.562012 0.19375 0.562012 0.194922 0.563477 0.195703 0.563477 0.196094 0.563965 0.196484 0.563965 0.196875 0.564453 0.197266 0.564453 0.198047 0.56543 0.198828 0.56543 0.199219 0.565918 0.200781 0.565918 0.201953 0.564453 0.201953 0.562012 0.196875 0.555664 0.196094 0.555664 0.195703 0.555176 0.195312 0.555176 0.194531 0.554199 0.194141 0.554199 0.19375 0.553711 0.193359 0.553711 0.192969 0.553223 0.192578 0.553223 0.192188 0.552734 0.189453 0.552734 0.189062 0.552246 0.187891 0.552246 0.1875 0.551758 0.185547 0.551758 0.185156 0.55127 0.184766 0.55127 0.184375 0.550781 0.177734 0.550781 0.177344 0.550293 0.176563 0.550293 0.175781 0.549316 0.175391 0.549316 0.175 0.548828 0.174609 0.548828 0.174219 0.54834 0.167969 0.54834 0.167578 0.548828 0.164844 0.548828 0.164453 0.549316 0.161719 0.549316 0.161328 0.549805 0.159375 0.549805 0.158984 0.550293 0.157812 0.550293 0.157422 0.550781 0.153906 0.550781 0.153516 0.55127 0.151562 0.55127 0.151172 0.551758 0.15 0.551758 0.149609 0.552246 0.144922 0.552246 0.144531 0.551758 0.142969 0.551758 0.142578 0.55127 0.141406 0.55127 0.141016 0.550781 0.139844 0.550781 0.139453 0.550293 0.138672 0.550293 0.138281 0.549805 0.1375 0.549805 0.137109 0.549316 0.131641 0.549316 0.13125 0.548828 0.129297 0.548828 0.128516 0.547852
1 0.00820313 0.687012 0.00703125 0.688477 0.00703125 0.689941 0.00664062 0.69043 0.00664062 0.710449 0.00351563 0.714355 0.00351563 0.714844 0.00195312 0.716797 0.0015625 0.716797 0.000390625 0.718262 0.000390625 0.71875 0 0.719238 0 0.760742 0.00195312 0.760742 0.0046875 0.757324 0.0046875 0.756836 0.00585938 0.755371 0.00585938 0.754883 0.00664062 0.753906 0.00664062 0.753418 0.00703125 0.75293 0.00703125 0.751953 0.0078125 0.750977 0.0078125 0.75 0.00859375 0.749023 0.00859375 0.748535 0.00898437 0.748047 0.00898437 0.747559 0.00976562 0.746582 0.00976562 0.745605 0.0101563 0.745117 0.0101563 0.744629 0.0105469 0.744141 0.0105469 0.743164 0.0109375 0.742676 0.0109375 0.741699 0.0117188 0.740723 0.0117188 0.73877 0.0121094 0.738281 0.0121094 0.73584 0.0125 0.735352 0.0125 0.734375 0.0128906 0.733887 0.0128906 0.730957 0.0132812 0.730469 0.0132812 0.710449 0.0128906 0.709961 0.0128906 0.705078 0.0125 0.70459 0.0125 0.703125 0.0121094 0.702637 0.0121094 0.700195 0.0117188 0.699707 0.0117188 0.697754 0.0113281 0.697266 0.0113281 0.689941 0.0109375 0.689453 0.0109375 0.688477 0.00976562 0.687012
1 0.0597656 0.694824 0.059375 0.695312 0.0589844 0.695312 0.05625 0.69873 0.05625 0.699219 0.0523438 0.704102 0.0519531 0.704102 0.0511719 0.705078 0.0507812 0.705078 0.0488281 0.70752 0.0488281 0.711914 0.0492187 0.712402 0.0492187 0.713379 0.0496094 0.713867 0.0496094 0.715332 0.05 0.71582 0.05 0.716309 0.0507812 0.717285 0.0507812 0.717773 0.0511719 0.718262 0.0511719 0.71875 0.0523438 0.720215 0.0523438 0.720703 0.0535156 0.722168 0.0550781 0.722168 0.05625 0.720703 0.05625 0.71875 0.0558594 0.718262 0.0558594 0.717285 0.0566406 0.716309 0.0566406 0.714355 0.05625 0.713867 0.05625 0.712402 0.0558594 0.711914 0.0558594 0.711426 0.05625 0.710938 0.0585938 0.710938 0.0597656 0.712402 0.0597656 0.713379 0.0601563 0.713867 0.0601563 0.714844 0.0628906 0.718262 0.0628906 0.71875 0.0640625 0.720215 0.0648438 0.720215 0.0652344 0.720703 0.0660156 0.720703 0.0664062 0.721191 0.0671875 0.721191 0.0675781 0.72168 0.0679687 0.72168 0.06875 0.722656 0.0691406 0.722656 0.0710937 0.725098 0.0714844 0.725098 0.071875 0.725586 0.071875 0.726074 0.0722656 0.726562 0.0722656 0.727051 0.0726563 0.727539 0.0726563 0.731445 0.0730469 0.731934 0.0730469 0.73291 0.0722656 0.733887 0.0722656 0.734863 0.0710937 0.736328 0.0710937 0.736816 0.0707031 0.737305 0.0707031 0.737793 0.0703125 0.738281 0.0703125 0.73877 0.0699219 0.739258 0.0695313 0.739258 0.0683594 0.740723 0.0683594 0.742676 0.0695313 0.744141 0.0746094 0.744141 0.075 0.743652 0.0753906 0.743652 0.0761719 0.742676 0.0773438 0.742676 0.0777344 0.742188 0.078125 0.742188 0.0796875 0.740234 0.0800781 0.740234 0.0804688 0.739746 0.0808594 0.739746 0.0839844 0.73584 0.0839844 0.723145 0.0835937 0.722656 0.0835937 0.722168 0.0832031 0.72168 0.0832031 0.721191 0.0816406 0.719238 0.0816406 0.718262 0.0808594 0.717285 0.0808594 0.716797 0.0804688 0.716309 0.0804688 0.71582 0.0796875 0.714844 0.0796875 0.713867 0.0792969 0.713379 0.0792969 0.712891 0.0785156 0.711914 0.0785156 0.711426 0.078125 0.710938 0.078125 0.709473 0.0773438 0.708496 0.0773438 0.70752 0.0769531 0.707031 0.0769531 0.706543 0.0761719 0.705566 0.0761719 0.705078 0.0757812 0.70459 0.0757812 0.704102 0.0753906 0.703613 0.0753906 0.702637 0.0746094 0.70166 0.0746094 0.701172 0.0710937 0.696777 0.0707031 0.696777 0.0703125 0.696289 0.0691406 0.696289 0.06875 0.695801 0.0671875 0.695801 0.0667969 0.695312 0.0660156 0.695312 0.065625 0.694824
1 0.0851563 0.70752 0.0835937 0.709473 0.0835937 0.711426 0.0863281 0.714844 0.0863281 0.715332 0.0875 0.716797 0.0878906 0.716797 0.0882813 0.717285 0.0886719 0.717285 0.0953125 0.725586 0.0957031 0.725586 0.0980469 0.728516 0.0984375 0.728516 0.0988281 0.729004 0.0988281 0.729492 0.1 0.730957 0.100391 0.730957 0.102734 0.733887 0.103125 0.733887 0.10625 0.737793 0.106641 0.737793 0.108203 0.739746 0.108984 0.739746 0.110156 0.741211 0.110937 0.741211 0.111328 0.741699 0.111719 0.741699 0.1125 0.742676 0.112891 0.742676 0.113281 0.743164 0.113672 0.743164 0.114062 0.743652 0.114453 0.743652 0.115234 0.744629 0.116016 0.744629 0.116406 0.745117 0.117188 0.745117 0.117578 0.745605 0.117969 0.745605 0.118359 0.746094 0.11875 0.746094 0.119141 0.746582 0.119922 0.746582 0.120313 0.74707 0.121094 0.74707 0.121484 0.747559 0.122266 0.747559 0.122656 0.748047 0.123438 0.748047 0.123828 0.748535 0.124219 0.748535 0.124609 0.749023 0.125391 0.749023 0.125781 0.749512 0.126562 0.749512 0.126953 0.75 0.127734 0.75 0.128125 0.750488 0.129297 0.750488 0.129688 0.750977 0.132031 0.750977 0.132422 0.751465 0.134766 0.751465 0.135156 0.751953 0.136719 0.751953 0.137109 0.752441 0.140625 0.752441 0.141016 0.75293 0.142969 0.75293 0.143359 0.753418 0.145313 0.753418 0.145703 0.753906 0.148438 0.753906 0.148828 0.754395 0.149609 0.754395 0.15 0.754883 0.151172 0.754883 0.151562 0.755371 0.151953 0.755371 0.152734 0.756348 0.153125 0.756348 0.158594 0.763184 0.158594 0.763672 0.158984 0.76416 0.158984 0.764648 0.160547 0.766602 0.160938 0.766602 0.162109 0.768066 0.162109 0.768555 0.163281 0.77002 0.163281 0.771484 0.163672 0.771973 0.163672 0.772949 0.164453 0.773926 0.164844 0.773926 0.165234 0.774414 0.165625 0.774414 0.166406 0.775391 0.166797 0.775391 0.167969 0.773926 0.167969 0.76709 0.167578 0.766602 0.167578 0.76416 0.167187 0.763672 0.167187 0.762207 0.166797 0.761719 0.166797 0.760742 0.165625 0.759277 0.165625 0.758789 0.165234 0.758301 0.165234 0.757812 0.163281 0.755371 0.163281 0.754883 0.1625 0.753906 0.1625 0.753418 0.161328 0.751953 0.161328 0.751465 0.157031 0.746094 0.156641 0.746094 0.15625 0.745605 0.154688 0.745605 0.154297 0.745117 0.153125 0.745117 0.151953 0.743652 0.151562 0.743652 0.148438 0.739746 0.148047 0.739746 0.146094 0.737305 0.145703 0.737305 0.144922 0.736328 0.144531 0.736328 0.14375 0.735352 0.143359 0.735352 0.142578 0.734375 0.141797 0.734375 0.140234 0.732422 0.139453 0.732422 0.139063 0.731934 0.138672 0.731934 0.1375 0.730469 0.136719 0.730469 0.135937 0.729492 0.135156 0.729492 0.134766 0.729004 0.134375 0.729004 0.133594 0.728027 0.133203 0.728027 0.132812 0.727539 0.132422 0.727539 0.132031 0.727051 0.130859 0.727051 0.130469 0.726562 0.129688 0.726562 0.129297 0.726074 0.128516 0.726074 0.128125 0.725586 0.127344 0.725586 0.126953 0.725098 0.11875 0.725098 0.118359 0.724609 0.117969 0.724609 0.117578 0.724121 0.116406 0.724121 0.116016 0.723633 0.115234 0.723633 0.114844 0.723145 0.112891 0.723145 0.1125 0.722656 0.111719 0.722656 0.110937 0.72168 0.110156 0.72168 0.109766 0.721191 0.109375 0.721191 0.108594 0.720215 0.107031 0.720215 0.106641 0.719727 0.105859 0.719727 0.105078 0.71875 0.104688 0.71875 0.104297 0.718262 0.103906 0.718262 0.103516 0.717773 0.102344 0.717773 0.101562 0.716797 0.100391 0.716797 0.0996094 0.71582 0.0992187 0.71582 0.0988281 0.715332 0.0984375 0.715332 0.0980469 0.714844 0.0976562 0.714844 0.096875 0.713867 0.0960938 0.713867 0.09375 0.710938 0.0933594 0.710938 0.0921875 0.709473 0.0917969 0.709473 0.0910156 0.708496 0.090625 0.708496 0.0898438 0.70752
1 0.00117187 0.770996 0.00078125 0.771484 0.000390625 0.771484 0 0.771973 0 0.789551 0.00234375 0.789551 0.00273437 0.790039 0.009375 0.790039 0.00976562 0.789551 0.0117188 0.789551 0.0121094 0.789062 0.0132812 0.789062 0.0136719 0.788574 0.0140625 0.788574 0.0144531 0.788086 0.015625 0.788086 0.0160156 0.787598 0.0171875 0.787598 0.0179687 0.786621 0.0195312 0.786621 0.0199219 0.786133 0.0203125 0.786133 0.0207031 0.785645 0.0242188 0.785645 0.0246094 0.785156 0.0273438 0.785156 0.028125 0.78418 0.0398437 0.78418 0.0402344 0.783691 0.0417969 0.783691 0.0421875 0.783203 0.0425781 0.783203 0.0433594 0.782227 0.04375 0.782227 0.0457031 0.779785 0.0457031 0.775879 0.0445313 0.774414 0.0441406 0.774414 0.0425781 0.772461 0.0289063 0.772461 0.0285156 0.771973 0.0175781 0.771973 0.0171875 0.771484 0.0148437 0.771484 0.0144531 0.770996
1 0.0851563 0.782715 0.0847656 0.783203 0.084375 0.783203 0.0828125 0.785156 0.0824219 0.785156 0.0820312 0.785645 0.0816406 0.785645 0.08125 0.786133 0.0808594 0.786133 0.0804688 0.785645 0.0800781 0.786133 0.0792969 0.786133 0.0789062 0.786621 0.0785156 0.786621 0.078125 0.787109 0.0777344 0.787109 0.0773438 0.787598 0.0769531 0.787598 0.0761719 0.788574 0.0753906 0.788574 0.0746094 0.789551 0.0742188 0.789551 0.0734375 0.790527 0.0730469 0.790527 0.0714844 0.79248 0.0710937 0.79248 0.0703125 0.793457 0.0699219 0.793457 0.0691406 0.794434 0.0683594 0.794434 0.0679687 0.794922 0.0675781 0.794922 0.0671875 0.79541 0.0667969 0.79541 0.0664062 0.795898 0.065625 0.795898 0.0644531 0.797363 0.0640625 0.797363 0.0636719 0.797852 0.0632812 0.797852 0.0628906 0.79834 0.0625 0.79834 0.0597656 0.801758 0.0597656 0.802246 0.0585938 0.803711 0.0585938 0.804199 0.0574219 0.805664 0.0574219 0.806152 0.0570312 0.806641 0.0570312 0.807129 0.0566406 0.807617 0.0566406 0.808105 0.0558594 0.809082 0.0558594 0.810059 0.0550781 0.811035 0.0550781 0.8125 0.0546875 0.812988 0.0546875 0.814453 0.0542969 0.814941 0.0542969 0.815918 0.0539063 0.816406 0.0539063 0.817871 0.0515625 0.820801 0.0507812 0.820801 0.05 0.821777 0.0496094 0.821777 0.0488281 0.822754 0.0484375 0.822754 0.0457031 0.826172 0.0457031 0.82666 0.0453125 0.827148 0.0453125 0.828613 0.0449219 0.829102 0.0449219 0.830078 0.0441406 0.831055 0.0441406 0.831543 0.04375 0.832031 0.04375 0.833496 0.0433594 0.833984 0.0433594 0.835938 0.0429688 0.836426 0.0429688 0.837402 0.0425781 0.837891 0.0425781 0.844727 0.04375 0.846191 0.0453125 0.846191 0.0464844 0.844727 0.0464844 0.841797 0.0476562 0.840332 0.0476562 0.838867 0.0480469 0.838379 0.0480469 0.837891 0.0484375 0.837402 0.0484375 0.836426 0.0492187 0.835449 0.0492187 0.834473 0.0519531 0.831055 0.0527344 0.831055 0.0535156 0.830078 0.0558594 0.830078 0.05625 0.82959 0.0578125 0.82959 0.0582031 0.829102 0.0585938 0.829102 0.059375 0.828125 0.0605469 0.828125 0.0609375 0.827637 0.0617188 0.827637 0.0625 0.82666 0.0628906 0.82666 0.0632812 0.826172 0.0636719 0.826172 0.0640625 0.825684 0.0648438 0.825684 0.065625 0.824707 0.0660156 0.824707 0.0667969 0.82373 0.0671875 0.82373 0.0675781 0.823242 0.0679687 0.823242 0.0699219 0.820801 0.0703125 0.820801 0.0714844 0.819336 0.0714844 0.818848 0.0730469 0.816895 0.0730469 0.816406 0.0738281 0.81543 0.0738281 0.814941 0.0746094 0.813965 0.0746094 0.813477 0.0753906 0.8125 0.0753906 0.812012 0.0757812 0.811523 0.0757812 0.810547 0.0765625 0.80957 0.0765625 0.809082 0.0769531 0.808594 0.0769531 0.807617 0.0773438 0.807129 0.0773438 0.805664 0.0777344 0.805176 0.0777344 0.804688 0.078125 0.804199 0.078125 0.79834 0.0789062 0.797363 0.0789062 0.796875 0.0800781 0.79541 0.0800781 0.794922 0.08125 0.793457 0.0820312 0.793457 0.0835937 0.791504 0.0847656 0.791504 0.0855469 0.790527 0.0878906 0.790527 0.0882813 0.790039 0.090625 0.790039 0.0917969 0.788574 0.0917969 0.785645 0.0902344 0.783691 0.0898438 0.783691 0.0890625 0.782715
1 0.0335937 0.833984 0.0332031 0.834473 0.0320312 0.834473 0.0316406 0.834961 0.03125 0.834961 0.0308594 0.835449 0.0300781 0.835449 0.0296875 0.835938 0.0292969 0.835938 0.0289063 0.836426 0.028125 0.836426 0.0277344 0.836914 0.0265625 0.836914 0.0261719 0.837402 0.0257812 0.837402 0.0253906 0.837891 0.0246094 0.837891 0.0234375 0.839355 0.0230469 0.839355 0.0226562 0.839844 0.0222656 0.839844 0.0183594 0.844727 0.0183594 0.845215 0.0171875 0.84668 0.0171875 0.847168 0.0164063 0.848145 0.0164063 0.848633 0.015625 0.849609 0.015625 0.850098 0.0148437 0.851074 0.0148437 0.852051 0.0144531 0.852539 0.0144531 0.853516 0.0136719 0.854492 0.0136719 0.855957 0.0132812 0.856445 0.0132812 0.857422 0.0128906 0.85791 0.0128906 0.858887 0.0125 0.859375 0.0125 0.860352 0.0121094 0.86084 0.0121094 0.861328 0.0117188 0.861816 0.0117188 0.862793 0.0113281 0.863281 0.0113281 0.86377 0.0109375 0.864258 0.0109375 0.865234 0.0101563 0.866211 0.0101563 0.867188 0.00976562 0.867676 0.00976562 0.868652 0.009375 0.869141 0.009375 0.869629 0.00898437 0.870117 0.00898437 0.871582 0.00859375 0.87207 0.00859375 0.873047 0.00820313 0.873535 0.00820313 0.874023 0.0078125 0.874512 0.0078125 0.876953 0.00742187 0.877441 0.00742187 0.884766 0.00898437 0.886719 0.0105469 0.886719 0.0117188 0.885254 0.0117188 0.884766 0.0121094 0.884277 0.0121094 0.883789 0.0125 0.883301 0.0125 0.882812 0.0132812 0.881836 0.0132812 0.880859 0.0140625 0.879883 0.0140625 0.878906 0.0148437 0.87793 0.0148437 0.876953 0.0152344 0.876465 0.0152344 0.875977 0.0160156 0.875 0.0160156 0.874023 0.0167969 0.873047 0.0171875 0.873047 0.0183594 0.871582 0.0183594 0.871094 0.0195312 0.869629 0.0199219 0.869629 0.0214844 0.867676 0.021875 0.867676 0.0230469 0.866211 0.0234375 0.866211 0.0238281 0.865723 0.0242188 0.865723 0.0253906 0.864258 0.0257812 0.864258 0.0265625 0.863281 0.0269531 0.863281 0.0273438 0.862793 0.0277344 0.862793 0.0308594 0.858887 0.0308594 0.858398 0.0316406 0.857422 0.0316406 0.856934 0.0324219 0.855957 0.0324219 0.855469 0.0328125 0.85498 0.0328125 0.854492 0.0335937 0.853516 0.0335937 0.852539 0.034375 0.851562 0.034375 0.851074 0.0347656 0.850586 0.0347656 0.850098 0.0355469 0.849121 0.0355469 0.848633 0.0363281 0.847656 0.0363281 0.847168 0.0371094 0.846191 0.0375 0.846191 0.0382813 0.845215 0.0394531 0.845215 0.0402344 0.846191 0.040625 0.846191 0.0410156 0.84668 0.0414062 0.84668 0.0417969 0.847168 0.0421875 0.847168 0.0425781 0.847656 0.0429688 0.847656 0.0433594 0.848145 0.04375 0.848145 0.0441406 0.848633 0.0445313 0.848633 0.0449219 0.849121 0.0453125 0.849121 0.0457031 0.849609 0.0460938 0.849609 0.0464844 0.850098 0.0472656 0.850098 0.0484375 0.851562 0.0488281 0.851562 0.0492187 0.852051 0.05 0.852051 0.0503906 0.852539 0.0507812 0.852539 0.0511719 0.853027 0.0515625 0.853027 0.0523438 0.854004 0.0527344 0.854004 0.0535156 0.85498 0.0558594 0.85498 0.0570312 0.853516 0.0570312 0.851562 0.05625 0.850586 0.05625 0.850098 0.0539063 0.847168 0.0539063 0.84668 0.0507812 0.842773 0.0503906 0.842773 0.0496094 0.841797 0.0492187 0.841797 0.0476562 0.839844 0.0464844 0.839844 0.0460938 0.839355 0.0453125 0.839355 0.0449219 0.838867 0.0445313 0.838867 0.04375 0.837891 0.0433594 0.837891 0.0429688 0.837402 0.0425781 0.837402 0.0421875 0.836914 0.0414062 0.836914 0.040625 0.835938 0.0402344 0.835938 0.0398437 0.835449 0.0394531 0.835449 0.0390625 0.834961 0.0386719 0.834961 0.0382813 0.834473 0.0378906 0.834473 0.0375 0.833984
1 0.0613281 0.869141 0.0601563 0.870605 0.0601563 0.872559 0.0613281 0.874023 0.0617188 0.874023 0.0621094 0.874512 0.0628906 0.874512 0.065625 0.87793 0.0660156 0.87793 0.0714844 0.884766 0.071875 0.884766 0.0734375 0.886719 0.0734375 0.887207 0.0746094 0.888672 0.075 0.888672 0.0789062 0.893555 0.0789062 0.894531 0.0804688 0.896484 0.0804688 0.896973 0.0808594 0.897461 0.0808594 0.897949 0.08125 0.898438 0.08125 0.898926 0.0816406 0.899414 0.0816406 0.899902 0.0820312 0.900391 0.0820312 0.900879 0.0824219 0.901367 0.0824219 0.901855 0.0828125 0.902344 0.0828125 0.90332 0.0832031 0.903809 0.0832031 0.904297 0.0835937 0.904785 0.0835937 0.905273 0.0839844 0.905762 0.0839844 0.90625 0.084375 0.906738 0.084375 0.907227 0.0847656 0.907715 0.0847656 0.908691 0.0855469 0.909668 0.0855469 0.910645 0.0859375 0.911133 0.0859375 0.911621 0.0871094 0.913086 0.0871094 0.914551 0.0875 0.915039 0.0875 0.916016 0.0878906 0.916504 0.0878906 0.917969 0.0886719 0.918945 0.0886719 0.919922 0.0890625 0.92041 0.0890625 0.92334 0.0894531 0.923828 0.0894531 0.962891 0.090625 0.964355 0.0921875 0.964355 0.0933594 0.962891 0.0933594 0.959473 0.09375 0.958984 0.09375 0.958496 0.0941406 0.958008 0.0941406 0.956543 0.0945312 0.956055 0.0945312 0.955078 0.0949219 0.95459 0.0949219 0.953613 0.0953125 0.953125 0.0953125 0.952148 0.0957031 0.95166 0.0957031 0.950684 0.0960938 0.950195 0.0960938 0.949707 0.0964844 0.949219 0.0964844 0.947754 0.096875 0.947266 0.096875 0.945801 0.0972656 0.945312 0.0972656 0.942871 0.0976562 0.942383 0.0976562 0.94043 0.0980469 0.939941 0.0980469 0.938477 0.0984375 0.937988 0.0984375 0.937012 0.0988281 0.936523 0.0988281 0.93457 0.0992187 0.934082 0.0992187 0.933594 0.0996094 0.933105 0.0996094 0.930664 0.1 0.930176 0.1 0.928223 0.100391 0.927734 0.100391 0.925781 0.100781 0.925293 0.100781 0.922852 0.101172 0.922363 0.101172 0.90625 0.100781 0.905762 0.100781 0.904785 0.100391 0.904297 0.100391 0.90332 0.1 0.902832 0.1 0.901855 0.0996094 0.901367 0.0996094 0.899902 0.0988281 0.898926 0.0988281 0.898438 0.0984375 0.897949 0.0984375 0.896973 0.0980469 0.896484 0.0980469 0.895508 0.0976562 0.89502 0.0976562 0.894531 0.0964844 0.893066 0.0964844 0.892578 0.0960938 0.89209 0.0960938 0.891602 0.0949219 0.890137 0.0945312 0.890137 0.0921875 0.887207 0.0917969 0.887207 0.0910156 0.88623 0.090625 0.88623 0.0902344 0.885742 0.0898438 0.885742 0.0894531 0.885254 0.0882813 0.885254 0.0875 0.884277 0.0859375 0.884277 0.0855469 0.883789 0.0851563 0.883789 0.0835937 0.881836 0.0832031 0.881836 0.0824219 0.880859 0.0820312 0.880859 0.08125 0.879883 0.0804688 0.879883 0.0792969 0.878418 0.0789062 0.878418 0.078125 0.877441 0.0777344 0.877441 0.0773438 0.876953 0.0769531 0.876953 0.0765625 0.876465 0.0761719 0.876465 0.0757812 0.875977 0.0753906 0.875977 0.075 0.875488 0.0742188 0.875488 0.0738281 0.875 0.0734375 0.875 0.0730469 0.874512 0.0722656 0.874512 0.071875 0.874023 0.0714844 0.874023 0.0710937 0.873535 0.0707031 0.873535 0.0699219 0.872559 0.0695313 0.872559 0.0691406 0.87207 0.0683594 0.87207 0.0679687 0.871582 0.0671875 0.871582 0.0667969 0.871094 0.0664062 0.871094 0.065625 0.870117 0.0652344 0.870117 0.0648438 0.869629 0.0636719 0.869629 0.0632812 0.869141
1 0.750391 0.911133 0.75 0.911621 0.749609 0.911621 0.749219 0.912109 0.748828 0.912109 0.746484 0.915039 0.746484 0.915527 0.744141 0.918457 0.742578 0.918457 0.742188 0.918945 0.741797 0.918945 0.741016 0.919922 0.740625 0.919922 0.739844 0.920898 0.739453 0.920898 0.738672 0.921875 0.738281 0.921875 0.737109 0.92334 0.735938 0.92334 0.735547 0.923828 0.734766 0.923828 0.734375 0.924316 0.733594 0.924316 0.733203 0.924805 0.732812 0.924805 0.732422 0.925293 0.725 0.925293 0.724609 0.925781 0.722656 0.925781 0.722266 0.92627 0.721875 0.92627 0.721484 0.926758 0.721094 0.926758 0.720703 0.927246 0.719922 0.927246 0.719141 0.928223 0.717969 0.928223 0.717578 0.928711 0.716797 0.928711 0.716406 0.929199 0.716016 0.929199 0.715234 0.930176 0.714844 0.930176 0.714453 0.930664 0.714063 0.930664 0.712891 0.932129 0.7125 0.932129 0.711719 0.933105 0.711328 0.933105 0.708203 0.937012 0.708203 0.9375 0.706641 0.939453 0.706641 0.94043 0.70625 0.940918 0.70625 0.941406 0.705859 0.941895 0.705859 0.942383 0.705078 0.943359 0.705078 0.943848 0.704688 0.944336 0.704297 0.944336 0.703516 0.945312 0.698047 0.945312 0.697656 0.944824 0.692969 0.944824 0.692578 0.945312 0.692187 0.945312 0.691016 0.946777 0.691016 0.94873 0.692969 0.951172 0.69375 0.951172 0.694922 0.952637 0.695312 0.952637 0.696875 0.95459 0.697266 0.95459 0.697656 0.955078 0.698047 0.955078 0.698438 0.955566 0.698828 0.955566 0.699219 0.956055 0.707812 0.956055 0.708203 0.955566 0.709766 0.955566 0.710156 0.955078 0.710547 0.955078 0.710938 0.95459 0.711719 0.95459 0.712891 0.953125 0.713672 0.953125 0.714063 0.952637 0.715625 0.952637 0.716406 0.95166 0.717969 0.95166 0.718359 0.951172 0.719141 0.951172 0.719531 0.950684 0.721094 0.950684 0.721484 0.950195 0.724609 0.950195 0.725 0.949707 0.725391 0.949707 0.725781 0.949219 0.726562 0.949219 0.726953 0.94873 0.727344 0.94873 0.728125 0.947754 0.728516 0.947754 0.729297 0.946777 0.730469 0.946777 0.732812 0.943848 0.733203 0.943848 0.733594 0.943359 0.733984 0.943359 0.735156 0.941895 0.735547 0.941895 0.736328 0.940918 0.736719 0.940918 0.7375 0.939941 0.737891 0.939941 0.738281 0.939453 0.738672 0.939453 0.739062 0.938965 0.739453 0.938965 0.746094 0.930664 0.746094 0.930176 0.746875 0.929199 0.746875 0.928223 0.747656 0.927246 0.747656 0.926758 0.748047 0.92627 0.748047 0.925781 0.748437 0.925293 0.748437 0.924805 0.750391 0.922363 0.750391 0.921387 0.750781 0.920898 0.750781 0.92041 0.751172 0.919922 0.751172 0.919434 0.751953 0.918457 0.751953 0.917969 0.752344 0.91748 0.752344 0.916992 0.752734 0.916504 0.752734 0.915039 0.753125 0.914551 0.753125 0.912598 0.751953 0.911133
1 0.116797 0.947266 0.1125 0.952637 0.1125 0.953613 0.112109 0.954102 0.112109 0.956543 0.111719 0.957031 0.111719 0.958008 0.111328 0.958496 0.111328 0.97168 0.111719 0.972168 0.111719 0.975098 0.112109 0.975586 0.112109 0.976562 0.1125 0.977051 0.1125 0.978516 0.112891 0.979004 0.112891 0.97998 0.113281 0.980469 0.113281 0.981445 0.113672 0.981934 0.113672 0.982422 0.114062 0.98291 0.114062 0.983398 0.114453 0.983887 0.114453 0.984863 0.114844 0.985352 0.114844 0.98584 0.115234 0.986328 0.115234 0.987793 0.116406 0.989258 0.116406 0.990723 0.116797 0.991211 0.116797 0.991699 0.117188 0.992188 0.117188 0.992676 0.117969 0.993652 0.117969 0.994141 0.118359 0.994629 0.118359 0.995117 0.11875 0.995605 0.11875 0.996094 0.119141 0.996582 0.119141 0.99707 0.119531 0.997559 0.119531 0.998047 0.120313 0.999023 0.120313 0.999512 0.130078 0.999512 0.130078 0.999023 0.130859 0.998047 0.130859 0.997559 0.13125 0.99707 0.13125 0.996582 0.131641 0.996094 0.131641 0.981445 0.13125 0.980957 0.13125 0.979492 0.130859 0.979004 0.130859 0.978516 0.130469 0.978027 0.130469 0.977539 0.130078 0.977051 0.130078 0.976562 0.129688 0.976074 0.129688 0.975586 0.129297 0.975098 0.129297 0.974121 0.128906 0.973633 0.128906 0.972656 0.128516 0.972168 0.128516 0.97168 0.127734 0.970703 0.127734 0.970215 0.126953 0.969238 0.126953 0.96875 0.125781 0.967285 0.125781 0.966797 0.123047 0.963379 0.123047 0.962891 0.120313 0.959473 0.120313 0.958984 0.119922 0.958496 0.119922 0.957031 0.119531 0.956543 0.119531 0.955566 0.119141 0.955078 0.119141 0.951172 0.119531 0.950684 0.119531 0.94873 0.118359 0.947266
1 0.116406 0.958008 0.115625 0.958984 0.115234 0.958984 0.114453 0.959961 0.114062 0.959961 0.109375 0.96582 0.108984 0.96582 0.105859 0.969727 0.105859 0.970703 0.105078 0.97168 0.105078 0.977539 0.105859 0.978516 0.105859 0.979492 0.106641 0.980469 0.106641 0.981445 0.10625 0.981934 0.10625 0.98291 0.105469 0.983887 0.105469 0.984375 0.105078 0.984863 0.105078 0.985352 0.103906 0.986816 0.103906 0.987793 0.103516 0.988281 0.103516 0.98877 0.102734 0.989746 0.102734 0.990234 0.102344 0.990723 0.102344 0.991211 0.101953 0.991699 0.101953 0.992188 0.101172 0.993164 0.101172 0.993652 0.1 0.995117 0.1 0.996094 0.0992187 0.99707 0.0992187 0.997559 0.0988281 0.998047 0.0988281 0.999512 0.116406 0.999512 0.116406 0.999023 0.116797 0.998535 0.116797 0.990723 0.116406 0.990234 0.116406 0.98877 0.116016 0.988281 0.116016 0.986816 0.115625 0.986328 0.115625 0.985352 0.115234 0.984863 0.115234 0.983887 0.114844 0.983398 0.114844 0.98291 0.114453 0.982422 0.114453 0.981445 0.113672 0.980469 0.113672 0.979492 0.113281 0.979004 0.113281 0.978516 0.112891 0.978027 0.112891 0.976562 0.1125 0.976074 0.1125 0.973633 0.112891 0.973145 0.112891 0.972656 0.113672 0.97168 0.113672 0.971191 0.115234 0.969238 0.115234 0.96875 0.116016 0.967773 0.116016 0.966797 0.116406 0.966309 0.116406 0.96582 0.116797 0.965332 0.116797 0.964844 0.118359 0.962891 0.11875 0.962891 0.119922 0.961426 0.119922 0.959473 0.11875 0.958008
1 0.276172 0.893066 0.275 0.894531 0.275 0.907227 0.275391 0.907715 0.275391 0.90918 0.275781 0.909668 0.275781 0.911133 0.276172 0.911621 0.276172 0.913574 0.276562 0.914062 0.276562 0.914551 0.276953 0.915039 0.276953 0.915527 0.277344 0.916016 0.277344 0.916992 0.277734 0.91748 0.277734 0.917969 0.280469 0.921387 0.280469 0.921875 0.281641 0.92334 0.281641 0.924316 0.282031 0.924805 0.282031 0.92627 0.282422 0.926758 0.282422 0.931641 0.282813 0.932129 0.282813 0.932617 0.286719 0.9375 0.287109 0.9375 0.288672 0.939453 0.289062 0.939453 0.29375 0.945312 0.294531 0.945312 0.294922 0.945801 0.295312 0.945801 0.296875 0.947754 0.297266 0.947754 0.299609 0.950684 0.3 0.950684 0.300391 0.951172 0.300781 0.951172 0.301953 0.952637 0.302344 0.952637 0.302734 0.953125 0.303125 0.953125 0.304297 0.95459 0.304688 0.95459 0.305078 0.955078 0.305469 0.955078 0.306641 0.956543 0.307031 0.956543 0.307422 0.957031 0.307812 0.957031 0.308203 0.95752 0.308594 0.95752 0.308984 0.958008 0.309375 0.958008 0.310156 0.958984 0.311328 0.958984 0.311719 0.959473 0.3125 0.959473 0.312891 0.959961 0.313672 0.959961 0.314063 0.960449 0.314453 0.960449 0.314844 0.960938 0.315234 0.960938 0.316016 0.961914 0.316797 0.961914 0.317188 0.962402 0.317578 0.962402 0.317969 0.962891 0.318359 0.962891 0.31875 0.963379 0.320703 0.963379 0.321094 0.962891 0.321484 0.962891 0.321875 0.962402 0.322656 0.962402 0.323828 0.960938 0.323828 0.957031 0.321484 0.954102 0.321094 0.954102 0.320703 0.953613 0.320312 0.953613 0.319531 0.952637 0.319141 0.952637 0.31875 0.952148 0.318359 0.952148 0.317578 0.951172 0.317188 0.951172 0.316016 0.949707 0.315625 0.949707 0.310547 0.943359 0.310547 0.942871 0.308203 0.939941 0.308203 0.939453 0.307422 0.938477 0.307422 0.937988 0.305859 0.936035 0.305859 0.935547 0.305078 0.93457 0.305078 0.934082 0.3 0.927734 0.3 0.927246 0.298438 0.925293 0.298047 0.925293 0.296094 0.922852 0.295703 0.922852 0.294922 0.921875 0.294531 0.921875 0.294141 0.921387 0.287109 0.921387 0.286719 0.920898 0.285938 0.920898 0.285156 0.919922 0.285156 0.918457 0.284766 0.917969 0.284766 0.915039 0.284375 0.914551 0.284375 0.913086 0.283984 0.912598 0.283984 0.911621 0.283594 0.911133 0.283594 0.909668 0.283203 0.90918 0.283203 0.908691 0.282813 0.908203 0.282813 0.907227 0.282422 0.906738 0.282422 0.905762 0.282031 0.905273 0.282031 0.904297 0.281641 0.903809 0.281641 0.902344 0.28125 0.901855 0.28125 0.900391 0.280859 0.899902 0.280859 0.899414 0.280469 0.898926 0.280469 0.898438 0.279687 0.897461 0.279687 0.896973 0.279297 0.896484 0.279297 0.895508 0.278906 0.89502 0.278906 0.894531 0.277734 0.893066
1 0.330859 0.90332 0.329688 0.904785 0.329688 0.905273 0.328906 0.90625 0.328906 0.907227 0.328125 0.908203 0.328125 0.90918 0.327734 0.909668 0.327734 0.911133 0.327344 0.911621 0.327344 0.913574 0.326953 0.914062 0.326953 0.915039 0.326562 0.915527 0.326562 0.916504 0.326172 0.916992 0.326172 0.917969 0.325781 0.918457 0.325781 0.919434 0.325391 0.919922 0.325391 0.921387 0.325 0.921875 0.325 0.92334 0.324609 0.923828 0.324609 0.924805 0.324219 0.925293 0.324219 0.927246 0.323828 0.927734 0.323828 0.929199 0.323437 0.929688 0.323437 0.931152 0.323047 0.931641 0.323047 0.950195 0.323437 0.950684 0.323437 0.954102 0.323828 0.95459 0.323828 0.955566 0.324219 0.956055 0.324219 0.956543 0.324609 0.957031 0.324609 0.958496 0.325 0.958984 0.325 0.959473 0.325391 0.959961 0.325391 0.960449 0.325781 0.960938 0.325781 0.961426 0.326172 0.961914 0.326172 0.962402 0.326562 0.962891 0.326562 0.963379 0.326953 0.963867 0.326953 0.964355 0.327344 0.964844 0.327344 0.96582 0.327734 0.966309 0.327734 0.966797 0.328516 0.967773 0.328516 0.968262 0.33125 0.97168 0.331641 0.97168 0.332422 0.972656 0.332813 0.972656 0.334766 0.975098 0.335547 0.975098 0.335938 0.975586 0.336328 0.975586 0.336719 0.976074 0.337109 0.976074 0.338672 0.978027 0.339062 0.978027 0.339453 0.978516 0.339844 0.978516 0.340625 0.979492 0.341016 0.979492 0.341406 0.97998 0.341797 0.97998 0.342969 0.981445 0.342969 0.981934 0.344531 0.983887 0.346484 0.983887 0.347656 0.982422 0.347656 0.981934 0.348047 0.981445 0.348047 0.974121 0.347656 0.973633 0.347656 0.973145 0.347266 0.972656 0.347266 0.972168 0.346484 0.971191 0.346484 0.970703 0.345703 0.969727 0.345703 0.969238 0.342969 0.96582 0.342969 0.965332 0.342187 0.964355 0.342187 0.963867 0.341406 0.962891 0.341406 0.962402 0.341016 0.961914 0.341016 0.961426 0.340625 0.960938 0.340625 0.960449 0.339844 0.959473 0.339844 0.958984 0.339453 0.958496 0.339453 0.958008 0.339062 0.95752 0.339062 0.957031 0.338672 0.956543 0.338672 0.956055 0.338281 0.955566 0.338281 0.95459 0.337891 0.954102 0.337891 0.953613 0.3375 0.953125 0.3375 0.952148 0.337109 0.95166 0.337109 0.951172 0.336719 0.950684 0.336719 0.950195 0.336328 0.949707 0.336328 0.947754 0.335938 0.947266 0.335938 0.945312 0.335156 0.944336 0.335156 0.943359 0.334766 0.942871 0.334766 0.941895 0.334375 0.941406 0.334375 0.939453 0.333984 0.938965 0.333984 0.937988 0.333594 0.9375 0.333594 0.936035 0.333203 0.935547 0.333203 0.929688 0.332813 0.929199 0.332813 0.923828 0.332422 0.92334 0.332422 0.916504 0.332031 0.916016 0.332031 0.913574 0.331641 0.913086 0.331641 0.911621 0.332031 0.911133 0.332031 0.910156 0.332813 0.90918 0.332813 0.908691 0.334375 0.906738 0.334375 0.904785 0.333203 0.90332
1 0.375 0.905762 0.373828 0.907227 0.373828 0.908203 0.373437 0.908691 0.373437 0.90918 0.373047 0.909668 0.373047 0.910156 0.372656 0.910645 0.372656 0.912109 0.371875 0.913086 0.371875 0.913574 0.369922 0.916016 0.369531 0.916016 0.36875 0.916992 0.368359 0.916992 0.367969 0.91748 0.367188 0.91748 0.366797 0.917969 0.365625 0.917969 0.365234 0.918457 0.3625 0.918457 0.362109 0.918945 0.360156 0.918945 0.359766 0.919434 0.341797 0.919434 0.341406 0.919922 0.340234 0.919922 0.339844 0.92041 0.338672 0.92041 0.338281 0.920898 0.337891 0.920898 0.3375 0.921387 0.336328 0.921387 0.335938 0.921875 0.334766 0.921875 0.334375 0.922363 0.332422 0.922363 0.332031 0.922852 0.328125 0.922852 0.327734 0.92334 0.324219 0.92334 0.323828 0.923828 0.316016 0.923828 0.315625 0.92334 0.314063 0.92334 0.3125 0.925293 0.3125 0.927246 0.313672 0.928711 0.315625 0.928711 0.316016 0.929199 0.316406 0.929199 0.316797 0.929688 0.317969 0.929688 0.318359 0.930176 0.319141 0.930176 0.319531 0.930664 0.320312 0.930664 0.320703 0.931152 0.321875 0.931152 0.322656 0.932129 0.323047 0.932129 0.323437 0.932617 0.324609 0.932617 0.325 0.933105 0.325781 0.933105 0.326172 0.933594 0.327344 0.933594 0.327734 0.934082 0.329297 0.934082 0.329688 0.93457 0.332031 0.93457 0.332422 0.935059 0.334766 0.935059 0.335156 0.935547 0.336328 0.935547 0.336719 0.936035 0.337891 0.936035 0.338281 0.936523 0.339062 0.936523 0.339453 0.937012 0.340234 0.937012 0.340625 0.9375 0.342969 0.9375 0.343359 0.937988 0.34375 0.937988 0.344141 0.938477 0.344922 0.938477 0.345313 0.938965 0.347656 0.938965 0.348047 0.939453 0.353516 0.939453 0.353906 0.938965 0.355469 0.938965 0.355859 0.938477 0.357812 0.938477 0.358203 0.937988 0.359766 0.937988 0.360156 0.9375 0.360547 0.9375 0.360938 0.937012 0.361328 0.937012 0.362109 0.936035 0.3625 0.936035 0.362891 0.935547 0.363281 0.935547 0.364063 0.93457 0.364453 0.93457 0.365234 0.933594 0.366016 0.933594 0.366406 0.933105 0.366797 0.933105 0.367578 0.932129 0.367969 0.932129 0.36875 0.931152 0.369141 0.931152 0.373828 0.925293 0.373828 0.924805 0.374609 0.923828 0.374609 0.92334 0.375391 0.922363 0.375391 0.921875 0.377734 0.918945 0.377734 0.918457 0.378906 0.916992 0.378906 0.916504 0.380078 0.915039 0.380078 0.914551 0.380859 0.913574 0.380859 0.913086 0.38125 0.912598 0.38125 0.912109 0.381641 0.911621 0.381641 0.908691 0.380469 0.907227 0.378125 0.907227 0.376953 0.905762
1 0.603125 0.943359 0.602734 0.943848 0.597656 0.943848 0.597266 0.944336 0.594922 0.944336 0.594531 0.944824 0.59375 0.944824 0.593359 0.945312 0.592578 0.945312 0.592187 0.945801 0.591797 0.945801 0.591016 0.946777 0.589844 0.946777 0.589453 0.947266 0.589063 0.947266 0.588672 0.947754 0.588281 0.947754 0.587891 0.948242 0.5875 0.948242 0.587109 0.94873 0.586719 0.94873 0.585938 0.949707 0.585547 0.949707 0.585156 0.950195 0.584375 0.950195 0.583594 0.951172 0.582812 0.951172 0.582422 0.95166 0.581641 0.95166 0.58125 0.952148 0.580859 0.952148 0.580469 0.952637 0.580078 0.952637 0.579688 0.953125 0.579297 0.953125 0.578906 0.953613 0.578516 0.953613 0.577734 0.95459 0.577344 0.95459 0.574219 0.958496 0.574219 0.958984 0.573828 0.959473 0.573828 0.959961 0.573047 0.960938 0.573047 0.961914 0.572656 0.962402 0.572656 0.965332 0.573828 0.966797 0.575391 0.966797 0.576953 0.964844 0.576953 0.964355 0.579297 0.961426 0.579297 0.960938 0.580469 0.959473 0.58125 0.959473 0.581641 0.958984 0.582031 0.958984 0.582422 0.958496 0.582812 0.958496 0.583984 0.957031 0.584766 0.957031 0.585156 0.956543 0.586719 0.956543 0.5875 0.955566 0.589453 0.955566 0.589844 0.955078 0.594922 0.955078 0.595313 0.955566 0.596875 0.955566 0.597266 0.956055 0.598437 0.956055 0.598828 0.956543 0.600781 0.956543 0.601172 0.957031 0.601953 0.957031 0.602344 0.95752 0.602734 0.95752 0.603516 0.958496 0.603906 0.958496 0.604297 0.958984 0.60625 0.958984 0.606641 0.959473 0.608594 0.959473 0.608984 0.959961 0.610156 0.959961 0.610547 0.960449 0.624219 0.960449 0.624609 0.959961 0.625 0.959961 0.625781 0.958984 0.626172 0.958984 0.626563 0.958496 0.626953 0.958496 0.627734 0.95752 0.628125 0.95752 0.628906 0.956543 0.629297 0.956543 0.629687 0.956055 0.630078 0.956055 0.630859 0.955078 0.63125 0.955078 0.632031 0.954102 0.633203 0.954102 0.633594 0.953613 0.634375 0.953613 0.634766 0.953125 0.635938 0.953125 0.636328 0.952637 0.636719 0.952637 0.637109 0.952148 0.638281 0.952148 0.638672 0.95166 0.639453 0.95166 0.639844 0.951172 0.640625 0.951172 0.641406 0.950195 0.641797 0.950195 0.642969 0.94873 0.642969 0.945312 0.641797 0.943848 0.637109 0.943848 0.636719 0.944336 0.628516 0.944336 0.628125 0.943848 0.625781 0.943848 0.625391 0.943359
1 0.657031 0.905273 0.656641 0.905762 0.65625 0.905762 0.655859 0.90625 0.655078 0.90625 0.653906 0.907715 0.653906 0.911133 0.655469 0.913086 0.656641 0.913086 0.657031 0.913574 0.658203 0.913574 0.658594 0.914062 0.659766 0.914062 0.660156 0.914551 0.660156 0.915039 0.662109 0.91748 0.662109 0.917969 0.662891 0.918945 0.662891 0.919434 0.664062 0.920898 0.664062 0.921875 0.664453 0.922363 0.664453 0.922852 0.665234 0.923828 0.665234 0.924316 0.665625 0.924805 0.665625 0.925293 0.666016 0.925781 0.666016 0.92627 0.666406 0.926758 0.666406 0.927246 0.667188 0.928223 0.667188 0.928711 0.667578 0.929199 0.667578 0.930176 0.667969 0.930664 0.667969 0.931641 0.668359 0.932129 0.668359 0.932617 0.66875 0.933105 0.66875 0.934082 0.669141 0.93457 0.669141 0.935059 0.669531 0.935547 0.669531 0.936523 0.669922 0.937012 0.669922 0.937988 0.670312 0.938477 0.670312 0.939453 0.670703 0.939941 0.670703 0.940918 0.671094 0.941406 0.671094 0.942383 0.671484 0.942871 0.671484 0.943359 0.671875 0.943848 0.671875 0.944824 0.672266 0.945312 0.672266 0.946289 0.672656 0.946777 0.672656 0.947266 0.673438 0.948242 0.673438 0.94873 0.675 0.950684 0.675 0.951172 0.675781 0.952148 0.675781 0.952637 0.677344 0.95459 0.677344 0.955078 0.678516 0.956543 0.678516 0.957031 0.680078 0.958984 0.680078 0.959473 0.682031 0.961914 0.682031 0.962402 0.685547 0.966797 0.685937 0.966797 0.687891 0.969238 0.688281 0.969238 0.688672 0.969727 0.688672 0.970215 0.689063 0.970215 0.690234 0.97168 0.690625 0.97168 0.692187 0.973633 0.692187 0.974121 0.698438 0.981934 0.698828 0.981934 0.700391 0.983887 0.700781 0.983887 0.701172 0.983398 0.701172 0.98291 0.7 0.981445 0.7 0.980469 0.697656 0.977539 0.697656 0.977051 0.696875 0.976074 0.696875 0.975586 0.696094 0.974609 0.696094 0.974121 0.695312 0.973145 0.695312 0.972168 0.694922 0.97168 0.694922 0.970215 0.694531 0.969727 0.694531 0.969238 0.69375 0.968262 0.69375 0.966797 0.693359 0.966309 0.693359 0.965332 0.692969 0.964844 0.692969 0.964355 0.692578 0.963867 0.692578 0.962891 0.692187 0.962402 0.692187 0.961426 0.691797 0.960938 0.691797 0.959473 0.691406 0.958984 0.691406 0.958496 0.691016 0.958008 0.691016 0.95752 0.690625 0.957031 0.690625 0.956055 0.690234 0.955566 0.690234 0.955078 0.689844 0.95459 0.689844 0.953125 0.689453 0.952637 0.689453 0.95166 0.689063 0.951172 0.689063 0.950684 0.688672 0.950195 0.688672 0.949219 0.687891 0.948242 0.687891 0.947266 0.687109 0.946289 0.687109 0.944824 0.686328 0.943848 0.686328 0.942383 0.685937 0.941895 0.685937 0.940918 0.684375 0.938965 0.684375 0.938477 0.683984 0.937988 0.683984 0.9375 0.683203 0.936523 0.683203 0.935547 0.682813 0.935059 0.682813 0.93457 0.682031 0.933594 0.682031 0.933105 0.68125 0.932129 0.68125 0.931641 0.678125 0.927734 0.678125 0.927246 0.674219 0.922363 0.673828 0.922363 0.670703 0.918457 0.670703 0.917969 0.669922 0.916992 0.669922 0.916016 0.66875 0.914551 0.66875 0.913574 0.668359 0.913086 0.668359 0.912598 0.667969 0.912109 0.667969 0.911621 0.667578 0.911133 0.667578 0.910645 0.667188 0.910156 0.667188 0.909668 0.666016 0.908203 0.665625 0.908203 0.664453 0.906738 0.664062 0.906738 0.662891 0.905273
1 0.748047 0.932129 0.747656 0.932617 0.747266 0.932617 0.746094 0.934082 0.746094 0.937012 0.746875 0.937988 0.746875 0.938477 0.747266 0.938965 0.747266 0.939941 0.747656 0.94043 0.747656 0.940918 0.748047 0.941406 0.748047 0.942871 0.748437 0.943359 0.748437 0.955566 0.748047 0.956055 0.748047 0.962891 0.747656 0.963379 0.747656 0.963867 0.747266 0.964355 0.747266 0.965332 0.746875 0.96582 0.746875 0.967773 0.746484 0.968262 0.746484 0.991699 0.746875 0.992188 0.746875 0.992676 0.747266 0.993164 0.747266 0.994629 0.747656 0.995117 0.747656 0.995605 0.748047 0.996094 0.748047 0.99707 0.748828 0.998047 0.748828 0.998535 0.749219 0.999023 0.749219 0.999512 0.754297 0.999512 0.754297 0.998535 0.752344 0.996094 0.752344 0.995605 0.751953 0.995117 0.751953 0.994141 0.751172 0.993164 0.751172 0.991699 0.750781 0.991211 0.750781 0.990723 0.750391 0.990234 0.750391 0.986328 0.751953 0.984375 0.751953 0.957031 0.752344 0.956543 0.752344 0.948242 0.752734 0.947754 0.753125 0.948242 0.753125 0.949219 0.753516 0.949707 0.753516 0.950195 0.754297 0.951172 0.754297 0.953125 0.754687 0.953613 0.754687 0.954102 0.755078 0.95459 0.755078 0.955078 0.755469 0.955566 0.755469 0.956055 0.755859 0.956543 0.755859 0.957031 0.75625 0.95752 0.75625 0.958008 0.756641 0.958496 0.756641 0.958984 0.757031 0.959473 0.757031 0.961426 0.757422 0.961914 0.757422 0.962402 0.757812 0.962891 0.757812 0.964844 0.758203 0.965332 0.758203 0.967773 0.758594 0.968262 0.758594 0.96875 0.758984 0.969238 0.758984 0.970215 0.759375 0.970703 0.759375 0.97168 0.759766 0.972168 0.759766 0.973145 0.760156 0.973633 0.760156 0.975098 0.760547 0.975586 0.760547 0.985352 0.760156 0.98584 0.760156 0.989746 0.759766 0.990234 0.759766 0.991211 0.759375 0.991699 0.759375 0.992676 0.758984 0.993164 0.758984 0.993652 0.758203 0.994629 0.758203 0.995605 0.757812 0.996094 0.757812 0.996582 0.75625 0.998535 0.75625 0.999512 0.760938 0.999512 0.761328 0.999023 0.761328 0.998535 0.762109 0.997559 0.762109 0.996582 0.7625 0.996094 0.7625 0.995605 0.762891 0.995117 0.762891 0.994629 0.763281 0.994141 0.763281 0.993164 0.763672 0.992676 0.763672 0.991699 0.764062 0.991211 0.764062 0.986816 0.764453 0.986328 0.764453 0.974609 0.764062 0.974121 0.764062 0.97168 0.763672 0.971191 0.763672 0.970215 0.763281 0.969727 0.763281 0.96875 0.762891 0.968262 0.762891 0.967285 0.7625 0.966797 0.7625 0.96582 0.762109 0.965332 0.762109 0.963379 0.761719 0.962891 0.761719 0.961426 0.761328 0.960938 0.761328 0.959961 0.760938 0.959473 0.760938 0.958008 0.760547 0.95752 0.760547 0.956543 0.760156 0.956055 0.760156 0.955566 0.759766 0.955078 0.759766 0.95459 0.759375 0.954102 0.759375 0.953613 0.758984 0.953125 0.758984 0.952637 0.758203 0.95166 0.758203 0.949707 0.757812 0.949219 0.757812 0.94873 0.757422 0.948242 0.757422 0.947754 0.756641 0.946777 0.756641 0.945801 0.75625 0.945312 0.75625 0.944336 0.755859 0.943848 0.755859 0.942871 0.755078 0.941895 0.755078 0.940918 0.754687 0.94043 0.754687 0.939941 0.754297 0.939453 0.754297 0.938477 0.753516 0.9375 0.753516 0.937012 0.753125 0.936523 0.753125 0.936035 0.750391 0.932617 0.75 0.932617 0.749609 0.932129
1 0.726172 0.883301 0.725 0.884766 0.725 0.88916 0.725391 0.889648 0.725391 0.891602 0.725781 0.89209 0.725781 0.892578 0.727344 0.894531 0.727734 0.894531 0.731641 0.899414 0.732031 0.899414 0.735156 0.90332 0.735547 0.90332 0.735938 0.903809 0.736719 0.903809 0.737109 0.904297 0.7375 0.904297 0.737891 0.904785 0.738281 0.904785 0.738672 0.905273 0.739062 0.905273 0.739453 0.905762 0.739844 0.905762 0.740625 0.906738 0.741016 0.906738 0.741406 0.907227 0.742188 0.907227 0.744922 0.910645 0.744922 0.911133 0.747266 0.914062 0.747266 0.914551 0.749219 0.916992 0.749219 0.91748 0.753516 0.922852 0.753906 0.922852 0.754297 0.92334 0.755078 0.92334 0.756641 0.925293 0.757031 0.925293 0.757422 0.925781 0.757812 0.925781 0.758203 0.92627 0.758594 0.92627 0.759375 0.927246 0.759766 0.927246 0.760156 0.927734 0.760938 0.927734 0.761328 0.928223 0.761719 0.928223 0.762109 0.928711 0.762891 0.928711 0.763281 0.929199 0.764062 0.929199 0.764453 0.929688 0.764844 0.929688 0.765234 0.930176 0.766797 0.930176 0.767188 0.930664 0.767969 0.930664 0.768359 0.931152 0.769141 0.931152 0.769531 0.931641 0.769922 0.931641 0.770312 0.932129 0.770703 0.932129 0.771094 0.932617 0.771875 0.932617 0.772266 0.933105 0.772656 0.933105 0.773047 0.933594 0.773438 0.933594 0.773828 0.934082 0.774609 0.934082 0.775 0.93457 0.775391 0.93457 0.776172 0.935547 0.776563 0.935547 0.776953 0.936035 0.777344 0.936035 0.777734 0.936523 0.778125 0.936523 0.778516 0.937012 0.778906 0.937012 0.779687 0.937988 0.780469 0.937988 0.78125 0.938965 0.781641 0.938965 0.784375 0.942383 0.784766 0.942383 0.786719 0.944824 0.787109 0.944824 0.7875 0.945312 0.7875 0.945801 0.788672 0.947266 0.789062 0.947266 0.791016 0.949707 0.791406 0.949707 0.791797 0.950195 0.79375 0.950195 0.794922 0.94873 0.794922 0.946777 0.79375 0.945312 0.793359 0.945312 0.791016 0.942383 0.790625 0.942383 0.788672 0.939941 0.788672 0.938477 0.785937 0.935059 0.785547 0.935059 0.777734 0.925293 0.777734 0.924805 0.775781 0.922363 0.775781 0.921387 0.774219 0.919434 0.774219 0.918945 0.770703 0.914551 0.770312 0.914551 0.769141 0.913086 0.769141 0.912598 0.767969 0.911133 0.767578 0.911133 0.765625 0.908691 0.765234 0.908691 0.764062 0.907227 0.763672 0.907227 0.7625 0.905762 0.762109 0.905762 0.761328 0.904785 0.760938 0.904785 0.759766 0.90332 0.759375 0.90332 0.758984 0.902832 0.758594 0.902832 0.757031 0.900879 0.75625 0.900879 0.755078 0.899414 0.754297 0.899414 0.753906 0.898926 0.753125 0.898926 0.752734 0.898438 0.751563 0.898438 0.751172 0.897949 0.750781 0.897949 0.750391 0.897461 0.748437 0.897461 0.748047 0.896973 0.747266 0.896973 0.746484 0.895996 0.746094 0.895996 0.745703 0.895508 0.744531 0.895508 0.74375 0.894531 0.743359 0.894531 0.742969 0.894043 0.742578 0.894043 0.742188 0.893555 0.741016 0.893555 0.740625 0.893066 0.740234 0.893066 0.739844 0.892578 0.739453 0.892578 0.739062 0.89209 0.737891 0.89209 0.7375 0.891602 0.736719 0.891602 0.736328 0.891113 0.735156 0.891113 0.734766 0.890625 0.733984 0.890625 0.733594 0.890137 0.733203 0.890137 0.732812 0.889648 0.732422 0.889648 0.731641 0.888672 0.730859 0.888672 0.728906 0.88623 0.728906 0.884766 0.727734 0.883301
1 0.754687 0.88916 0.754297 0.889648 0.753516 0.889648 0.751953 0.891602 0.751953 0.893555 0.753125 0.89502 0.753516 0.89502 0.754687 0.896484 0.754687 0.896973 0.755469 0.897949 0.755469 0.898438 0.755859 0.898926 0.755859 0.899414 0.757031 0.900879 0.757422 0.900879 0.757812 0.901367 0.757812 0.901855 0.758984 0.90332 0.759375 0.90332 0.759766 0.903809 0.759766 0.904297 0.760938 0.905762 0.761328 0.905762 0.762891 0.907715 0.763281 0.907715 0.765234 0.910156 0.765625 0.910156 0.766797 0.911621 0.767188 0.911621 0.768359 0.913086 0.76875 0.913086 0.769141 0.913574 0.769922 0.913574 0.771484 0.915527 0.771875 0.915527 0.773828 0.917969 0.774609 0.917969 0.775781 0.919434 0.776563 0.919434 0.777344 0.92041 0.778516 0.92041 0.779297 0.921387 0.779687 0.921387 0.780078 0.921875 0.780859 0.921875 0.78125 0.922363 0.781641 0.922363 0.782031 0.922852 0.782813 0.922852 0.783203 0.92334 0.783984 0.92334 0.784375 0.923828 0.785547 0.923828 0.785937 0.924316 0.786328 0.924316 0.787109 0.925293 0.7875 0.925293 0.787891 0.925781 0.789453 0.925781 0.789844 0.92627 0.790625 0.92627 0.791016 0.926758 0.792188 0.926758 0.792969 0.927734 0.794141 0.927734 0.794531 0.928223 0.794922 0.928223 0.795312 0.928711 0.795703 0.928711 0.796484 0.929688 0.796875 0.929688 0.797266 0.930176 0.797656 0.930176 0.798438 0.931152 0.798828 0.931152 0.799219 0.931641 0.799609 0.931641 0.801172 0.933594 0.801562 0.933594 0.803125 0.935547 0.803516 0.935547 0.804297 0.936523 0.804688 0.936523 0.805469 0.9375 0.80625 0.9375 0.806641 0.937988 0.807031 0.937988 0.807422 0.938477 0.807813 0.938477 0.808203 0.938965 0.808594 0.938965 0.808984 0.939453 0.809766 0.939453 0.810156 0.939941 0.811328 0.939941 0.811719 0.94043 0.814453 0.94043 0.815625 0.938965 0.815625 0.93457 0.814844 0.933594 0.814844 0.933105 0.814453 0.932617 0.814453 0.932129 0.813281 0.930664 0.812891 0.930664 0.810937 0.928223 0.810156 0.928223 0.809375 0.927246 0.808984 0.927246 0.808203 0.92627 0.806641 0.92627 0.80625 0.925781 0.804297 0.925781 0.803906 0.925293 0.803125 0.925293 0.802734 0.924805 0.802344 0.924805 0.801953 0.924316 0.801562 0.924316 0.8 0.922363 0.799609 0.922363 0.798828 0.921387 0.798047 0.921387 0.797266 0.92041 0.796875 0.92041 0.796094 0.919434 0.795703 0.919434 0.794922 0.918457 0.79375 0.918457 0.791016 0.915039 0.791016 0.914551 0.789844 0.913086 0.789844 0.912598 0.789062 0.911621 0.789062 0.911133 0.788281 0.910156 0.788281 0.909668 0.786328 0.907227 0.786328 0.906738 0.784375 0.904297 0.784375 0.903809 0.783203 0.902344 0.782813 0.902344 0.779687 0.898438 0.779297 0.898438 0.778906 0.897949 0.778516 0.897949 0.777344 0.896484 0.776953 0.896484 0.776563 0.895996 0.775781 0.895996 0.775391 0.895508 0.774609 0.895508 0.773828 0.894531 0.773047 0.894531 0.772656 0.894043 0.771875 0.894043 0.771484 0.893555 0.770312 0.893555 0.769922 0.893066 0.76875 0.893066 0.768359 0.892578 0.767578 0.892578 0.766797 0.891602 0.765625 0.891602 0.765234 0.891113 0.764453 0.891113 0.764062 0.890625 0.762109 0.890625 0.761719 0.890137 0.760938 0.890137 0.760547 0.889648 0.760156 0.889648 0.759766 0.88916
1 0.846094 0.841797 0.845703 0.842285 0.845313 0.842285 0.844922 0.842773 0.844141 0.842773 0.84375 0.843262 0.843359 0.843262 0.842969 0.84375 0.842578 0.84375 0.842187 0.844238 0.841797 0.844238 0.841406 0.844727 0.840625 0.844727 0.840234 0.845215 0.839844 0.845215 0.839063 0.846191 0.8375 0.846191 0.837109 0.84668 0.836719 0.84668 0.836328 0.847168 0.835938 0.847168 0.835547 0.847656 0.834766 0.847656 0.833984 0.848633 0.833203 0.848633 0.832422 0.849609 0.832031 0.849609 0.831641 0.850098 0.83125 0.850098 0.830078 0.851562 0.829688 0.851562 0.827344 0.854492 0.826953 0.854492 0.826172 0.855469 0.825781 0.855469 0.823828 0.85791 0.823438 0.85791 0.822656 0.858887 0.822266 0.858887 0.821875 0.859375 0.821484 0.859375 0.816797 0.865234 0.816406 0.865234 0.8125 0.870117 0.812109 0.870117 0.810156 0.872559 0.810156 0.873047 0.807422 0.876465 0.807422 0.876953 0.807031 0.877441 0.806641 0.877441 0.804297 0.880371 0.803906 0.880371 0.803516 0.880859 0.803125 0.880859 0.802344 0.881836 0.801953 0.881836 0.800391 0.883789 0.8 0.883789 0.798828 0.885254 0.798438 0.885254 0.795703 0.888672 0.795312 0.888672 0.792188 0.892578 0.792188 0.893066 0.791016 0.894531 0.791016 0.89502 0.790625 0.895508 0.790625 0.895996 0.789844 0.896973 0.789844 0.898438 0.789453 0.898926 0.789453 0.899902 0.789062 0.900391 0.789062 0.904785 0.790234 0.90625 0.791797 0.90625 0.792969 0.904785 0.79375 0.904785 0.794531 0.903809 0.795312 0.903809 0.796484 0.902344 0.797266 0.902344 0.797656 0.901855 0.798047 0.901855 0.798828 0.900879 0.799609 0.900879 0.8 0.900391 0.800391 0.900391 0.800781 0.899902 0.801172 0.899902 0.801562 0.899414 0.802734 0.899414 0.803125 0.898926 0.803516 0.898926 0.803906 0.898438 0.805469 0.898438 0.805859 0.897949 0.807031 0.897949 0.807422 0.897461 0.808984 0.897461 0.809375 0.896973 0.810547 0.896973 0.810937 0.896484 0.811328 0.896484 0.811719 0.895996 0.812109 0.895996 0.813281 0.894531 0.814063 0.894531 0.814844 0.893555 0.815234 0.893555 0.820312 0.887207 0.820312 0.886719 0.821875 0.884766 0.821875 0.884277 0.823828 0.881836 0.823828 0.881348 0.828516 0.875488 0.828516 0.875 0.829688 0.873535 0.829688 0.873047 0.830469 0.87207 0.830469 0.871582 0.831641 0.870117 0.831641 0.869141 0.833203 0.867188 0.833203 0.866211 0.833984 0.865234 0.833984 0.864746 0.834375 0.864258 0.834375 0.86377 0.835156 0.862793 0.835156 0.862305 0.835547 0.861816 0.835547 0.861328 0.835938 0.86084 0.835938 0.860352 0.836328 0.859863 0.836328 0.858887 0.837109 0.85791 0.837109 0.857422 0.838281 0.855957 0.838281 0.85498 0.841016 0.851562 0.841406 0.851562 0.841797 0.851074 0.842187 0.851074 0.843359 0.849609 0.843359 0.849121 0.84375 0.848633 0.844531 0.848633 0.844922 0.848145 0.845313 0.848145 0.845703 0.847656 0.846094 0.847656 0.846484 0.847168 0.846875 0.847168 0.847266 0.84668 0.848047 0.84668 0.849219 0.845215 0.849219 0.843262 0.848047 0.841797
1 0.8625 0.932617 0.862109 0.933105 0.860938 0.933105 0.860156 0.934082 0.859375 0.934082 0.857812 0.936035 0.857812 0.937988 0.858984 0.939453 0.860156 0.939453 0.860547 0.939941 0.860547 0.940918 0.862109 0.942871 0.862109 0.943848 0.866016 0.94873 0.866406 0.94873 0.867969 0.950684 0.868359 0.950684 0.870313 0.953125 0.870703 0.953125 0.873047 0.956055 0.873437 0.956055 0.874219 0.957031 0.874609 0.957031 0.875 0.95752 0.875391 0.95752 0.876172 0.958496 0.876953 0.958496 0.877344 0.958984 0.878125 0.958984 0.878516 0.959473 0.878906 0.959473 0.880078 0.960938 0.880469 0.960938 0.880859 0.961426 0.88125 0.961426 0.881641 0.961914 0.882422 0.961914 0.883203 0.962891 0.884375 0.962891 0.884766 0.963379 0.885156 0.963379 0.885547 0.963867 0.885938 0.963867 0.886328 0.964355 0.886719 0.964355 0.887109 0.964844 0.890234 0.964844 0.890625 0.965332 0.891797 0.965332 0.892188 0.96582 0.892969 0.96582 0.893359 0.966309 0.894141 0.966309 0.894531 0.966797 0.895312 0.966797 0.899609 0.972168 0.899609 0.972656 0.900391 0.973633 0.900391 0.974121 0.901172 0.975098 0.901172 0.975586 0.901563 0.976074 0.901563 0.976562 0.901953 0.977051 0.901953 0.977539 0.902734 0.978516 0.902734 0.979004 0.903516 0.97998 0.903516 0.980957 0.904297 0.981934 0.904297 0.983398 0.904687 0.983887 0.904687 0.986328 0.905859 0.987793 0.907422 0.987793 0.908594 0.986328 0.908594 0.977051 0.908203 0.976562 0.908203 0.975586 0.907813 0.975098 0.907813 0.974121 0.907422 0.973633 0.907422 0.972168 0.907031 0.97168 0.907031 0.970703 0.905469 0.96875 0.905469 0.968262 0.905078 0.967773 0.905078 0.966797 0.904297 0.96582 0.904297 0.965332 0.903906 0.964844 0.903906 0.963867 0.903516 0.963379 0.903516 0.961914 0.902734 0.960938 0.902734 0.959473 0.902344 0.958984 0.902344 0.958496 0.901953 0.958008 0.901953 0.95752 0.901563 0.957031 0.901563 0.956055 0.900781 0.955078 0.900781 0.95459 0.9 0.953613 0.9 0.953125 0.898828 0.95166 0.898828 0.951172 0.894922 0.946289 0.894531 0.946289 0.89375 0.945312 0.893359 0.945312 0.891797 0.943359 0.890625 0.943359 0.890234 0.942871 0.889062 0.942871 0.888672 0.942383 0.888281 0.942383 0.8875 0.941406 0.886719 0.941406 0.886328 0.940918 0.885938 0.940918 0.885547 0.94043 0.884766 0.94043 0.884375 0.939941 0.883984 0.939941 0.883594 0.939453 0.883203 0.939453 0.882812 0.938965 0.882422 0.938965 0.882031 0.938477 0.881641 0.938477 0.88125 0.937988 0.880078 0.937988 0.879687 0.9375 0.878906 0.9375 0.878516 0.937012 0.878125 0.937012 0.877734 0.936523 0.876563 0.936523 0.875781 0.935547 0.875 0.935547 0.874609 0.935059 0.874219 0.935059 0.873828 0.93457 0.873437 0.93457 0.873047 0.934082 0.872656 0.934082 0.872266 0.933594 0.871484 0.933594 0.871094 0.933105 0.869141 0.933105 0.86875 0.932617
1 0.563672 0.945801 0.562891 0.946777 0.562109 0.946777 0.561328 0.947754 0.560547 0.947754 0.559375 0.949219 0.559375 0.949707 0.558984 0.950195 0.558984 0.958496 0.559375 0.958984 0.559375 0.959961 0.559766 0.960449 0.559766 0.962402 0.560156 0.962891 0.560156 0.963867 0.560547 0.964355 0.560547 0.96582 0.561328 0.966797 0.561328 0.967285 0.561719 0.967773 0.561719 0.969238 0.562109 0.969727 0.562109 0.971191 0.5625 0.97168 0.5625 0.974609 0.562109 0.975098 0.562109 0.976562 0.561719 0.977051 0.561719 0.978027 0.561328 0.978516 0.561328 0.97998 0.560156 0.981445 0.560156 0.982422 0.559766 0.98291 0.559766 0.983398 0.558984 0.984375 0.558984 0.984863 0.558594 0.985352 0.558594 0.98584 0.558203 0.986328 0.558203 0.986816 0.557813 0.987305 0.557813 0.988281 0.557422 0.98877 0.557422 0.990234 0.557031 0.990723 0.557031 0.991699 0.556641 0.992188 0.556641 0.993164 0.55625 0.993652 0.55625 0.998047 0.555859 0.998535 0.555859 0.999512 0.560937 0.999512 0.560937 0.999023 0.561328 0.998535 0.561328 0.997559 0.561719 0.99707 0.561719 0.995117 0.560937 0.994141 0.560937 0.992676 0.561328 0.992188 0.561328 0.990723 0.561719 0.990234 0.561719 0.989746 0.562109 0.989258 0.562109 0.988281 0.5625 0.987793 0.5625 0.987305 0.563281 0.986328 0.563281 0.98584 0.563672 0.985352 0.563672 0.984863 0.564063 0.984375 0.564063 0.983398 0.565234 0.981934 0.565234 0.980957 0.565625 0.980469 0.565625 0.978516 0.566016 0.978027 0.566016 0.977051 0.566406 0.976562 0.566406 0.970215 0.566016 0.969727 0.566016 0.967773 0.565625 0.967285 0.565625 0.966309 0.565234 0.96582 0.565234 0.965332 0.565625 0.964844 0.566406 0.96582 0.566406 0.966309 0.567578 0.967773 0.567578 0.968262 0.567969 0.96875 0.567969 0.969727 0.56875 0.970703 0.56875 0.971191 0.569141 0.97168 0.569141 0.972168 0.569531 0.972656 0.569531 0.973633 0.569922 0.974121 0.569922 0.975586 0.570312 0.976074 0.570312 0.976562 0.570703 0.977051 0.570703 0.999512 0.574609 0.999512 0.574609 0.999023 0.574219 0.998535 0.574609 0.998047 0.574609 0.994141 0.574219 0.993652 0.574609 0.993164 0.574609 0.975586 0.574219 0.975098 0.574219 0.974609 0.573828 0.974121 0.573828 0.972168 0.573438 0.97168 0.573438 0.970703 0.573047 0.970215 0.573047 0.969727 0.572656 0.969238 0.572656 0.96875 0.572266 0.968262 0.572266 0.967773 0.571875 0.967285 0.571875 0.966797 0.571484 0.966309 0.571484 0.96582 0.570312 0.964355 0.570312 0.963867 0.569922 0.963379 0.569922 0.962891 0.56875 0.961426 0.56875 0.960449 0.567578 0.958984 0.567578 0.958008 0.566406 0.956543 0.566406 0.956055 0.566016 0.955566 0.566016 0.95459 0.565625 0.954102 0.565625 0.951172 0.566016 0.950684 0.566797 0.950684 0.567969 0.949219 0.567969 0.947266 0.566797 0.945801
1 0.436719 0.742188 0.436328 0.742676 0.435937 0.742676 0.435547 0.743164 0.435156 0.743164 0.434375 0.744141 0.433984 0.744141 0.433594 0.744629 0.432812 0.744629 0.431641 0.746094 0.43125 0.746094 0.430078 0.747559 0.429688 0.747559 0.428516 0.749023 0.428125 0.749023 0.423828 0.754395 0.423828 0.755371 0.423047 0.756348 0.423047 0.756836 0.422656 0.757324 0.422656 0.757812 0.422266 0.758301 0.422266 0.758789 0.421875 0.759277 0.421875 0.760742 0.421484 0.76123 0.421484 0.761719 0.421094 0.762207 0.421094 0.763184 0.420703 0.763672 0.420703 0.76416 0.420312 0.764648 0.420312 0.765625 0.419922 0.766113 0.419922 0.768555 0.419531 0.769043 0.419531 0.771973 0.41875 0.772949 0.41875 0.774902 0.418359 0.775391 0.418359 0.776855 0.417969 0.777344 0.417969 0.778809 0.417578 0.779297 0.417578 0.779785 0.417187 0.780273 0.417187 0.781738 0.416406 0.782715 0.416406 0.783203 0.415625 0.78418 0.415625 0.784668 0.414453 0.786133 0.414453 0.787109 0.413672 0.788086 0.413672 0.788574 0.412891 0.789551 0.412891 0.790039 0.4125 0.790527 0.4125 0.791504 0.411719 0.79248 0.411719 0.793457 0.411328 0.793945 0.411328 0.794434 0.409375 0.796875 0.409375 0.797363 0.408594 0.79834 0.408594 0.799316 0.407422 0.800781 0.407422 0.80127 0.407031 0.801758 0.407031 0.802246 0.406641 0.802734 0.406641 0.803223 0.405859 0.804199 0.405859 0.804688 0.405078 0.805664 0.405078 0.806641 0.403906 0.808105 0.403906 0.808594 0.403516 0.809082 0.403516 0.80957 0.403125 0.810059 0.403125 0.810547 0.402344 0.811523 0.402344 0.812012 0.401953 0.8125 0.401953 0.812988 0.4 0.81543 0.4 0.815918 0.399609 0.816406 0.399609 0.816895 0.395703 0.821777 0.395313 0.821777 0.394922 0.822266 0.394922 0.824707 0.396094 0.826172 0.398438 0.826172 0.399219 0.825195 0.399609 0.825195 0.4 0.824707 0.400391 0.824707 0.401172 0.82373 0.401953 0.82373 0.402734 0.822754 0.403125 0.822754 0.403516 0.822266 0.403906 0.822266 0.404687 0.821289 0.405078 0.821289 0.405469 0.820801 0.40625 0.820801 0.407422 0.819336 0.408203 0.819336 0.408984 0.818359 0.409375 0.818359 0.409766 0.817871 0.410156 0.817871 0.410547 0.817383 0.410938 0.817383 0.411719 0.816406 0.412109 0.816406 0.4125 0.815918 0.413281 0.815918 0.414844 0.813965 0.415625 0.813965 0.416016 0.813477 0.416406 0.813477 0.419922 0.809082 0.420312 0.809082 0.423438 0.805176 0.423828 0.805176 0.428125 0.799805 0.428125 0.798828 0.428516 0.79834 0.428516 0.797852 0.428906 0.797363 0.428906 0.796387 0.429297 0.795898 0.429297 0.79541 0.429688 0.794922 0.429688 0.793457 0.430078 0.792969 0.430078 0.791504 0.430469 0.791016 0.430469 0.789551 0.430859 0.789062 0.430859 0.788086 0.43125 0.787598 0.43125 0.786133 0.431641 0.785645 0.431641 0.783691 0.432031 0.783203 0.432031 0.78125 0.432422 0.780762 0.432422 0.780273 0.432812 0.779785 0.432812 0.779297 0.433203 0.778809 0.433203 0.777344 0.433594 0.776855 0.433594 0.771973 0.433984 0.771484 0.433984 0.75293 0.434375 0.752441 0.434375 0.750977 0.434766 0.750488 0.434766 0.75 0.435547 0.749023 0.435937 0.749023 0.436328 0.748535 0.436719 0.748535 0.4375 0.747559 0.438281 0.747559 0.439453 0.746094 0.439453 0.743652 0.438281 0.742188
1 0.415625 0.70459 0.414453 0.706055 0.414453 0.713867 0.414844 0.714355 0.414844 0.72168 0.414453 0.722168 0.414453 0.723145 0.414062 0.723633 0.414062 0.724121 0.413672 0.724609 0.413672 0.725098 0.413281 0.725586 0.413281 0.726562 0.412891 0.727051 0.412891 0.727539 0.412109 0.728516 0.412109 0.729004 0.411328 0.72998 0.411328 0.730469 0.410938 0.730957 0.410938 0.731445 0.410156 0.732422 0.410156 0.73291 0.409375 0.733887 0.409375 0.734375 0.408203 0.73584 0.408203 0.736328 0.407813 0.736816 0.407813 0.737305 0.404687 0.741211 0.404297 0.741211 0.402734 0.743164 0.402344 0.743164 0.401562 0.744141 0.401172 0.744141 0.4 0.745605 0.399219 0.745605 0.398438 0.746582 0.398047 0.746582 0.397656 0.74707 0.397266 0.74707 0.396484 0.748047 0.396094 0.748047 0.394922 0.749512 0.394531 0.749512 0.391797 0.75293 0.391406 0.75293 0.391016 0.753418 0.389844 0.753418 0.389453 0.75293 0.389453 0.752441 0.388672 0.751465 0.388672 0.750977 0.387109 0.749023 0.387109 0.748535 0.384766 0.745605 0.384375 0.745605 0.383203 0.744141 0.382812 0.744141 0.382422 0.743652 0.379297 0.743652 0.378516 0.744629 0.378125 0.744629 0.376953 0.746094 0.376563 0.746094 0.375 0.748047 0.375 0.748535 0.374219 0.749512 0.374219 0.75 0.373828 0.750488 0.373828 0.750977 0.373437 0.751465 0.373437 0.751953 0.372656 0.75293 0.372656 0.754883 0.373828 0.756348 0.375781 0.756348 0.376172 0.755859 0.376953 0.755859 0.377344 0.755371 0.377734 0.755371 0.378125 0.754883 0.379297 0.754883 0.379688 0.754395 0.380078 0.754883 0.380859 0.754883 0.38125 0.755371 0.381641 0.755371 0.383594 0.757812 0.383984 0.757812 0.385156 0.759277 0.385156 0.759766 0.385937 0.760742 0.385937 0.76123 0.386719 0.762207 0.386719 0.763184 0.387891 0.764648 0.387891 0.765625 0.389062 0.76709 0.389453 0.76709 0.389844 0.767578 0.390625 0.767578 0.391016 0.768066 0.392969 0.768066 0.393359 0.768555 0.394922 0.768555 0.395313 0.769043 0.399219 0.769043 0.399609 0.768555 0.400391 0.768555 0.401172 0.767578 0.401562 0.767578 0.402734 0.766113 0.403125 0.766113 0.404297 0.764648 0.404687 0.764648 0.405859 0.763184 0.405859 0.762695 0.40625 0.762207 0.406641 0.762207 0.408594 0.759766 0.408984 0.759766 0.411328 0.756836 0.411328 0.756348 0.4125 0.754883 0.4125 0.754395 0.412891 0.753906 0.412891 0.753418 0.413281 0.75293 0.413281 0.752441 0.413672 0.751953 0.413672 0.750488 0.414062 0.75 0.414062 0.746582 0.414453 0.746094 0.414453 0.744141 0.414844 0.743652 0.414844 0.741211 0.415234 0.740723 0.415234 0.73877 0.415625 0.738281 0.415625 0.736816 0.416016 0.736328 0.416016 0.735352 0.416797 0.734375 0.416797 0.733887 0.417187 0.733398 0.417187 0.732422 0.417969 0.731445 0.417969 0.730469 0.418359 0.72998 0.418359 0.729492 0.419141 0.728516 0.419141 0.728027 0.419531 0.727539 0.419531 0.727051 0.419922 0.726562 0.419922 0.725098 0.420312 0.724609 0.420312 0.718262 0.419922 0.717773 0.419922 0.716797 0.419531 0.716309 0.419531 0.714844 0.419141 0.714355 0.419141 0.713379 0.41875 0.712891 0.41875 0.712402 0.418359 0.711914 0.418359 0.706055 0.417187 0.70459
1 0.412891 0.682129 0.411719 0.683594 0.411719 0.6875 0.411328 0.687988 0.411328 0.689453 0.410938 0.689941 0.410938 0.69043 0.410547 0.690918 0.410547 0.692383 0.410156 0.692871 0.410156 0.699219 0.410547 0.699707 0.410547 0.700195 0.410938 0.700684 0.410938 0.701172 0.411719 0.702148 0.411719 0.702637 0.412109 0.703125 0.412109 0.703613 0.412891 0.70459 0.412891 0.705078 0.414062 0.706543 0.414062 0.707031 0.416016 0.709473 0.416016 0.713379 0.416406 0.713867 0.416406 0.714355 0.416797 0.714844 0.416797 0.716797 0.417187 0.717285 0.417187 0.719238 0.417578 0.719727 0.417578 0.720703 0.417969 0.721191 0.417969 0.722168 0.41875 0.723145 0.41875 0.723633 0.419922 0.725098 0.419922 0.725586 0.420703 0.726562 0.420703 0.727051 0.423047 0.72998 0.423438 0.72998 0.424609 0.731445 0.425 0.731445 0.425781 0.732422 0.426172 0.732422 0.426953 0.733398 0.427344 0.733398 0.427734 0.733887 0.428125 0.733887 0.428516 0.734375 0.429297 0.734375 0.429688 0.734863 0.430469 0.734863 0.430859 0.735352 0.432031 0.735352 0.432422 0.73584 0.441406 0.73584 0.441797 0.735352 0.443359 0.735352 0.44375 0.734863 0.444531 0.734863 0.444922 0.734375 0.445312 0.734375 0.445703 0.733887 0.446484 0.733887 0.446875 0.733398 0.447266 0.733398 0.447656 0.73291 0.448047 0.73291 0.448437 0.732422 0.449609 0.732422 0.45 0.731934 0.450391 0.731934 0.450781 0.731445 0.451562 0.731445 0.451953 0.730957 0.452344 0.730957 0.452734 0.730469 0.453906 0.730469 0.454297 0.72998 0.455078 0.72998 0.455469 0.729492 0.45625 0.729492 0.457031 0.728516 0.457422 0.728516 0.458984 0.726562 0.459375 0.726562 0.460156 0.725586 0.460547 0.725586 0.460938 0.725098 0.461328 0.725098 0.461719 0.724609 0.462891 0.724609 0.463672 0.723633 0.464062 0.723633 0.467578 0.719238 0.467969 0.719238 0.469922 0.716797 0.469922 0.714355 0.46875 0.712891 0.467187 0.712891 0.466406 0.713867 0.466016 0.713867 0.465625 0.714355 0.465234 0.714355 0.464453 0.715332 0.464062 0.715332 0.463281 0.716309 0.4625 0.716309 0.462109 0.716797 0.461719 0.716797 0.461328 0.717285 0.460547 0.717285 0.460156 0.717773 0.459766 0.717773 0.459375 0.718262 0.458594 0.718262 0.458203 0.71875 0.457813 0.71875 0.457031 0.719727 0.45625 0.719727 0.455859 0.720215 0.449609 0.720215 0.449219 0.719727 0.447656 0.719727 0.447266 0.719238 0.446094 0.719238 0.445703 0.71875 0.444531 0.71875 0.444141 0.718262 0.44375 0.718262 0.443359 0.717773 0.441406 0.717773 0.441016 0.717285 0.439453 0.717285 0.438672 0.716309 0.438281 0.716309 0.437891 0.71582 0.4375 0.71582 0.437109 0.715332 0.436328 0.715332 0.435937 0.714844 0.435156 0.714844 0.434766 0.714355 0.434375 0.714355 0.433984 0.713867 0.433203 0.713867 0.432812 0.713379 0.432422 0.713379 0.432031 0.712891 0.431641 0.712891 0.43125 0.712402 0.430469 0.712402 0.430078 0.711914 0.429297 0.711914 0.428516 0.710938 0.427734 0.710938 0.427344 0.710449 0.426953 0.710449 0.426563 0.709961 0.426172 0.709961 0.425781 0.709473 0.425781 0.708984 0.424609 0.70752 0.424609 0.707031 0.424219 0.706543 0.424219 0.706055 0.423828 0.705566 0.423828 0.70459 0.423438 0.704102 0.423438 0.703613 0.423047 0.703125 0.423047 0.702637 0.422266 0.70166 0.422266 0.701172 0.421875 0.700684 0.421875 0.69873 0.421484 0.698242 0.421484 0.697266 0.421094 0.696777 0.421094 0.695312 0.420703 0.694824 0.420703 0.694336 0.420312 0.693848 0.420312 0.692383 0.419922 0.691895 0.419922 0.690918 0.419531 0.69043 0.419531 0.688965 0.419141 0.688477 0.419141 0.6875 0.41875 0.687012 0.41875 0.686523 0.418359 0.686035 0.418359 0.685547 0.417969 0.685059 0.417969 0.68457 0.416797 0.683105 0.416406 0.683105 0.415625 0.682129
1 0.398047 0.618164 0.396875 0.619629 0.396875 0.625488 0.396484 0.625977 0.396484 0.626953 0.396094 0.627441 0.396094 0.628418 0.395703 0.628906 0.395703 0.629395 0.394922 0.630371 0.394922 0.632324 0.394141 0.633301 0.394141 0.634277 0.39375 0.634766 0.39375 0.635742 0.393359 0.63623 0.393359 0.637207 0.392969 0.637695 0.392969 0.63916 0.392578 0.639648 0.392578 0.644043 0.392188 0.644531 0.392188 0.653809 0.392578 0.654297 0.392578 0.65625 0.392969 0.656738 0.392969 0.658691 0.393359 0.65918 0.393359 0.661133 0.39375 0.661621 0.39375 0.662598 0.394141 0.663086 0.394141 0.665527 0.394922 0.666504 0.394922 0.66748 0.395313 0.667969 0.395313 0.669922 0.395703 0.67041 0.395703 0.672363 0.396094 0.672852 0.396094 0.67334 0.396484 0.673828 0.396484 0.675781 0.396875 0.67627 0.396875 0.677246 0.397266 0.677734 0.397266 0.678223 0.397656 0.678711 0.397656 0.679688 0.400391 0.683105 0.400781 0.683105 0.401953 0.68457 0.402344 0.68457 0.403125 0.685547 0.403516 0.685547 0.403906 0.686035 0.404297 0.686035 0.405078 0.687012 0.405469 0.687012 0.40625 0.687988 0.407031 0.687988 0.407422 0.688477 0.407813 0.688477 0.408203 0.688965 0.408984 0.688965 0.409375 0.689453 0.409766 0.689453 0.410547 0.69043 0.410938 0.69043 0.411328 0.690918 0.412109 0.690918 0.412891 0.691895 0.417578 0.691895 0.41875 0.69043 0.41875 0.688477 0.418359 0.687988 0.418359 0.686035 0.417578 0.685059 0.417578 0.684082 0.417187 0.683594 0.417187 0.683105 0.416797 0.682617 0.416797 0.682129 0.416406 0.681641 0.416406 0.681152 0.415625 0.680176 0.415625 0.679688 0.414453 0.678223 0.414453 0.677734 0.4125 0.675293 0.4125 0.674805 0.412109 0.674316 0.412109 0.67334 0.411719 0.672852 0.411719 0.671875 0.411328 0.671387 0.411328 0.670898 0.410938 0.67041 0.410938 0.668457 0.410547 0.667969 0.410547 0.665527 0.409766 0.664551 0.409766 0.663086 0.409375 0.662598 0.409375 0.661621 0.408984 0.661133 0.408984 0.659668 0.408594 0.65918 0.408594 0.657715 0.408203 0.657227 0.408203 0.652832 0.407422 0.651855 0.407422 0.650879 0.406641 0.649902 0.406641 0.648438 0.40625 0.647949 0.40625 0.647461 0.405469 0.646484 0.405469 0.645508 0.403906 0.643555 0.403906 0.643066 0.403125 0.64209 0.403125 0.641113 0.402734 0.640625 0.402734 0.640137 0.402344 0.639648 0.402344 0.637695 0.401562 0.636719 0.401562 0.633789 0.401172 0.633301 0.401172 0.62207 0.400781 0.621582 0.400781 0.619629 0.399609 0.618164
1 0.500391 0.711426 0.499219 0.712891 0.499219 0.713867 0.498828 0.714355 0.498828 0.714844 0.498437 0.715332 0.498437 0.718262 0.498047 0.71875 0.498047 0.719238 0.497656 0.719727 0.497656 0.720215 0.497266 0.720703 0.497266 0.72168 0.494922 0.724609 0.494531 0.724609 0.494141 0.725098 0.493359 0.725098 0.492578 0.726074 0.492188 0.726074 0.491406 0.727051 0.491016 0.727051 0.490234 0.728027 0.489844 0.728027 0.4875 0.730957 0.4875 0.731445 0.486328 0.73291 0.486328 0.733398 0.485938 0.733887 0.485938 0.734375 0.485547 0.734863 0.485547 0.735352 0.485156 0.73584 0.485156 0.736328 0.484766 0.736816 0.484766 0.737305 0.482812 0.739746 0.482422 0.739746 0.480469 0.742188 0.480078 0.742188 0.479687 0.742676 0.479297 0.742676 0.478125 0.744141 0.478125 0.744629 0.475781 0.747559 0.475781 0.748047 0.475 0.749023 0.475 0.749512 0.474609 0.75 0.474219 0.75 0.473047 0.751465 0.472656 0.751465 0.472266 0.751953 0.471875 0.751953 0.470703 0.753418 0.469531 0.753418 0.46875 0.754395 0.468359 0.754395 0.467969 0.754883 0.457813 0.754883 0.457422 0.755371 0.454688 0.755371 0.454297 0.755859 0.453516 0.755859 0.453125 0.755371 0.452734 0.755371 0.452344 0.754883 0.451953 0.754883 0.451562 0.754395 0.450781 0.754395 0.450391 0.753906 0.450391 0.753418 0.45 0.75293 0.45 0.751953 0.449609 0.751465 0.449609 0.741211 0.449219 0.740723 0.449219 0.739258 0.448437 0.738281 0.448437 0.737793 0.447266 0.736328 0.445312 0.736328 0.444141 0.737793 0.444141 0.739746 0.445312 0.741211 0.445312 0.743164 0.445703 0.743652 0.445703 0.753906 0.446094 0.754395 0.446094 0.754883 0.446484 0.755371 0.446484 0.755859 0.446875 0.756348 0.446875 0.756836 0.448047 0.758301 0.448047 0.758789 0.449219 0.760254 0.449219 0.760742 0.451562 0.763672 0.454297 0.763672 0.454688 0.76416 0.458984 0.76416 0.459375 0.763672 0.459766 0.763672 0.460156 0.763184 0.461328 0.763184 0.461719 0.762695 0.4625 0.762695 0.462891 0.762207 0.469141 0.762207 0.469531 0.762695 0.471484 0.762695 0.471875 0.763184 0.480469 0.763184 0.480859 0.762695 0.481641 0.762695 0.482031 0.762207 0.482422 0.762207 0.483203 0.76123 0.483594 0.76123 0.484766 0.759766 0.485547 0.759766 0.486328 0.758789 0.486719 0.758789 0.487109 0.758301 0.4875 0.758301 0.489063 0.756348 0.489063 0.755859 0.489844 0.754883 0.490234 0.754883 0.491406 0.753418 0.491406 0.752441 0.492969 0.750488 0.492969 0.749512 0.49375 0.748535 0.49375 0.747559 0.494531 0.746582 0.494531 0.745117 0.494922 0.744629 0.494922 0.742188 0.495312 0.741699 0.495312 0.740723 0.495703 0.740234 0.495703 0.737793 0.496094 0.737305 0.496094 0.736328 0.496484 0.73584 0.496484 0.734375 0.496875 0.733887 0.496875 0.733398 0.497266 0.73291 0.497266 0.732422 0.499219 0.72998 0.499609 0.72998 0.500391 0.729004 0.501172 0.729004 0.502344 0.727539 0.502344 0.727051 0.503906 0.725098 0.503906 0.724609 0.504687 0.723633 0.504687 0.722656 0.505078 0.722168 0.505078 0.72168 0.505469 0.721191 0.505469 0.720703 0.505859 0.720215 0.505859 0.713867 0.505469 0.713379 0.505469 0.712891 0.504297 0.711426
1 0.485938 0.67334 0.485547 0.673828 0.484375 0.673828 0.483203 0.675293 0.483203 0.677734 0.482812 0.678223 0.482812 0.684082 0.482422 0.68457 0.482422 0.685547 0.482031 0.686035 0.482031 0.686523 0.480469 0.688477 0.480078 0.688477 0.479687 0.688965 0.479297 0.688965 0.478906 0.689453 0.478516 0.689453 0.477734 0.69043 0.476953 0.69043 0.476172 0.691406 0.475391 0.691406 0.474609 0.692383 0.474219 0.692383 0.473438 0.693359 0.473047 0.693359 0.470313 0.696777 0.470313 0.697266 0.467969 0.700195 0.467969 0.701172 0.467187 0.702148 0.467187 0.703125 0.466797 0.703613 0.466797 0.704102 0.466406 0.70459 0.466406 0.708008 0.466016 0.708496 0.466016 0.71875 0.466406 0.719238 0.466406 0.720215 0.466797 0.720703 0.466797 0.722168 0.467187 0.722656 0.467187 0.724121 0.467969 0.725098 0.467969 0.726074 0.468359 0.726562 0.468359 0.727051 0.46875 0.727539 0.46875 0.728516 0.469141 0.729004 0.469141 0.730469 0.469531 0.730957 0.469531 0.733887 0.469922 0.734375 0.469922 0.738281 0.469531 0.73877 0.469531 0.739746 0.469141 0.740234 0.469141 0.741699 0.46875 0.742188 0.46875 0.742676 0.468359 0.743164 0.468359 0.744629 0.467187 0.746094 0.467187 0.746582 0.466406 0.747559 0.466016 0.747559 0.465234 0.748535 0.464844 0.748535 0.464453 0.749023 0.464062 0.749023 0.462891 0.750488 0.462891 0.75293 0.464062 0.754395 0.465625 0.754395 0.466016 0.753906 0.466406 0.753906 0.466797 0.753418 0.467578 0.753418 0.46875 0.751953 0.469141 0.751953 0.469922 0.750977 0.470313 0.750977 0.471094 0.75 0.471484 0.75 0.474609 0.746094 0.474609 0.745605 0.475781 0.744141 0.475781 0.743652 0.476562 0.742676 0.476562 0.742188 0.476953 0.741699 0.476953 0.741211 0.477734 0.740234 0.477734 0.739258 0.478125 0.73877 0.478125 0.736328 0.478516 0.73584 0.478516 0.721191 0.478906 0.720703 0.478906 0.719238 0.479297 0.71875 0.479297 0.718262 0.480469 0.716797 0.480469 0.716309 0.482812 0.713379 0.482812 0.712891 0.486328 0.708496 0.486719 0.708496 0.487891 0.707031 0.487891 0.706543 0.488281 0.706055 0.488281 0.705566 0.489453 0.704102 0.489453 0.703613 0.490625 0.702148 0.490625 0.70166 0.491406 0.700684 0.491406 0.700195 0.492188 0.699219 0.492188 0.698242 0.492969 0.697266 0.492969 0.680176 0.492578 0.679688 0.492578 0.676758 0.492188 0.67627 0.492188 0.674805 0.491016 0.67334
1 0.536719 0.613281 0.534766 0.615723 0.534766 0.616699 0.533594 0.618164 0.531641 0.618164 0.53125 0.618652 0.530859 0.618652 0.529687 0.620117 0.529297 0.620117 0.524609 0.625977 0.524609 0.626953 0.523047 0.628906 0.523047 0.629395 0.522266 0.630371 0.522266 0.631348 0.521484 0.632324 0.521484 0.632812 0.521094 0.633301 0.521094 0.633789 0.520703 0.634277 0.520703 0.634766 0.519531 0.63623 0.519531 0.637207 0.519141 0.637695 0.519141 0.638184 0.517578 0.640137 0.517578 0.640625 0.517188 0.641113 0.517188 0.641602 0.516406 0.642578 0.516406 0.643066 0.515625 0.644043 0.515625 0.644531 0.513672 0.646973 0.513672 0.647949 0.5125 0.649414 0.5125 0.649902 0.511328 0.651367 0.511328 0.652344 0.510156 0.653809 0.510156 0.654785 0.509375 0.655762 0.509375 0.65625 0.508594 0.657227 0.508594 0.658203 0.507812 0.65918 0.507812 0.660156 0.507422 0.660645 0.507422 0.661133 0.506641 0.662109 0.506641 0.662598 0.50625 0.663086 0.50625 0.664062 0.505469 0.665039 0.505469 0.66748 0.505078 0.667969 0.505078 0.669922 0.504687 0.67041 0.504687 0.671875 0.504297 0.672363 0.504297 0.673828 0.503906 0.674316 0.503906 0.674805 0.503516 0.675293 0.503516 0.676758 0.503125 0.677246 0.503125 0.677734 0.502734 0.678223 0.502734 0.679199 0.502344 0.679688 0.502344 0.681152 0.501953 0.681641 0.501953 0.684082 0.501563 0.68457 0.501563 0.685547 0.501172 0.686035 0.501172 0.6875 0.500781 0.687988 0.500781 0.689453 0.500391 0.689941 0.500391 0.690918 0.5 0.691406 0.5 0.692871 0.499609 0.693359 0.499609 0.695801 0.499219 0.696289 0.499219 0.696777 0.498828 0.697266 0.498828 0.69873 0.498437 0.699219 0.498437 0.70166 0.498047 0.702148 0.498047 0.703613 0.497656 0.704102 0.497656 0.705566 0.497266 0.706055 0.497266 0.708008 0.496875 0.708496 0.496875 0.709961 0.496094 0.710938 0.496094 0.711914 0.495703 0.712402 0.495703 0.716309 0.496875 0.717773 0.498437 0.717773 0.499609 0.716309 0.499609 0.715332 0.5 0.714844 0.5 0.714355 0.500391 0.713867 0.500391 0.712891 0.500781 0.712402 0.500781 0.710938 0.501172 0.710449 0.501172 0.709473 0.501563 0.708984 0.501563 0.70752 0.501953 0.707031 0.501953 0.706543 0.502344 0.706055 0.502344 0.705078 0.502734 0.70459 0.502734 0.704102 0.503516 0.703125 0.503516 0.702148 0.503906 0.70166 0.503906 0.701172 0.504297 0.700684 0.504297 0.700195 0.504687 0.699707 0.504687 0.699219 0.505078 0.69873 0.505078 0.698242 0.505859 0.697266 0.505859 0.696289 0.506641 0.695312 0.506641 0.694824 0.507031 0.694336 0.507031 0.693359 0.507422 0.692871 0.507422 0.692383 0.508203 0.691406 0.508203 0.69043 0.508984 0.689453 0.508984 0.688965 0.510547 0.687012 0.510547 0.686523 0.510938 0.686035 0.510938 0.685059 0.511328 0.68457 0.511328 0.684082 0.5125 0.682617 0.5125 0.682129 0.512891 0.681641 0.512891 0.681152 0.515625 0.677734 0.516016 0.677734 0.51875 0.674316 0.51875 0.673828 0.519531 0.672852 0.519531 0.672363 0.519922 0.671875 0.519922 0.671387 0.521484 0.669434 0.521484 0.668945 0.522266 0.667969 0.522266 0.666992 0.522656 0.666504 0.522656 0.665039 0.523047 0.664551 0.523047 0.664062 0.523438 0.663574 0.523438 0.660645 0.523828 0.660156 0.523828 0.644043 0.524219 0.643555 0.524219 0.64209 0.524609 0.641602 0.524609 0.640137 0.525 0.639648 0.525 0.63916 0.525391 0.638672 0.525391 0.637695 0.526172 0.636719 0.526172 0.635742 0.527344 0.634277 0.527344 0.633789 0.528516 0.632324 0.528516 0.631348 0.528906 0.630859 0.528906 0.630371 0.529687 0.629395 0.529687 0.628906 0.530469 0.62793 0.530469 0.626953 0.532422 0.624512 0.532813 0.624512 0.533594 0.623535 0.534375 0.623535 0.534766 0.623047 0.535547 0.623047 0.536328 0.62207 0.536719 0.62207 0.537891 0.620605 0.537891 0.620117 0.538281 0.619629 0.538281 0.619141 0.538672 0.618652 0.538672 0.617676 0.539453 0.616699 0.539453 0.614746 0.538281 0.613281
1 0.487109 0.645508 0.486719 0.645996 0.479297 0.645996 0.478906 0.646484 0.476953 0.646484 0.476562 0.646973 0.475781 0.646973 0.475391 0.647461 0.474219 0.647461 0.473828 0.647949 0.473438 0.647949 0.473047 0.648438 0.471875 0.648438 0.471484 0.648926 0.471094 0.648926 0.470703 0.649414 0.469922 0.649414 0.469531 0.649902 0.469141 0.649902 0.468359 0.650879 0.466406 0.650879 0.466016 0.651367 0.465625 0.651367 0.465234 0.651855 0.463281 0.651855 0.462891 0.652344 0.462109 0.652344 0.461719 0.652832 0.460547 0.652832 0.460156 0.65332 0.457422 0.65332 0.457031 0.653809 0.45625 0.653809 0.455859 0.654297 0.455078 0.654297 0.454688 0.654785 0.454297 0.654785 0.453906 0.655273 0.453516 0.655273 0.451953 0.657227 0.451953 0.65918 0.453516 0.661133 0.454297 0.661133 0.454688 0.661621 0.45625 0.661621 0.456641 0.662109 0.458984 0.662109 0.459375 0.662598 0.460156 0.662598 0.460547 0.663086 0.462109 0.663086 0.4625 0.663574 0.465625 0.663574 0.466016 0.664062 0.490234 0.664062 0.490625 0.663574 0.492188 0.663574 0.492578 0.663086 0.49375 0.663086 0.494141 0.662598 0.494922 0.662598 0.495312 0.662109 0.496094 0.662109 0.496484 0.661621 0.497266 0.661621 0.498047 0.660645 0.498437 0.660645 0.499219 0.659668 0.499609 0.659668 0.5 0.65918 0.500781 0.65918 0.501563 0.660156 0.501563 0.660645 0.501953 0.661133 0.501953 0.664062 0.502344 0.664551 0.502344 0.666504 0.502734 0.666992 0.502734 0.672852 0.503906 0.674316 0.505859 0.674316 0.507422 0.672363 0.507422 0.662109 0.507031 0.661621 0.507031 0.657227 0.506641 0.656738 0.506641 0.655273 0.50625 0.654785 0.50625 0.65332 0.505859 0.652832 0.505859 0.652344 0.505469 0.651855 0.505469 0.650391 0.505078 0.649902 0.505078 0.649414 0.504297 0.648438 0.504297 0.647949 0.502734 0.645996 0.502344 0.645996 0.501953 0.645508
1 0.453516 0.624512 0.452344 0.625977 0.452344 0.635254 0.452734 0.635742 0.452734 0.637695 0.453125 0.638184 0.453125 0.63916 0.453516 0.639648 0.453516 0.640137 0.454297 0.641113 0.454297 0.641602 0.454688 0.64209 0.454688 0.642578 0.455078 0.643066 0.455078 0.643555 0.455469 0.644043 0.455469 0.644531 0.45625 0.645508 0.45625 0.646484 0.457031 0.647461 0.457031 0.648438 0.457422 0.648926 0.457422 0.649414 0.458203 0.650391 0.458203 0.650879 0.458594 0.651367 0.458594 0.651855 0.458984 0.652344 0.458984 0.65332 0.459375 0.653809 0.459375 0.670898 0.458984 0.671387 0.458984 0.673828 0.458594 0.674316 0.458594 0.689941 0.458984 0.69043 0.458984 0.692383 0.459375 0.692871 0.459375 0.693848 0.459766 0.694336 0.459766 0.694824 0.461328 0.696777 0.461328 0.697266 0.461719 0.697754 0.461719 0.698242 0.4625 0.699219 0.4625 0.699707 0.463281 0.700684 0.463281 0.701172 0.464844 0.703125 0.464844 0.703613 0.466016 0.705078 0.466016 0.705566 0.466797 0.706543 0.466797 0.707031 0.468359 0.708984 0.468359 0.709473 0.469141 0.710449 0.469141 0.710938 0.470313 0.712402 0.472656 0.712402 0.473828 0.710938 0.473828 0.708984 0.473047 0.708008 0.473047 0.703125 0.473438 0.702637 0.473438 0.699707 0.473828 0.699219 0.473828 0.67041 0.473438 0.669922 0.473438 0.668945 0.473047 0.668457 0.473047 0.666016 0.472656 0.665527 0.472656 0.664551 0.472266 0.664062 0.472266 0.663574 0.471875 0.663086 0.471875 0.661621 0.471484 0.661133 0.471484 0.660156 0.471094 0.659668 0.471094 0.658691 0.470703 0.658203 0.470703 0.657227 0.470313 0.656738 0.470313 0.653809 0.469922 0.65332 0.469922 0.652832 0.465625 0.647461 0.465234 0.647461 0.464844 0.646973 0.464453 0.646973 0.462891 0.64502 0.4625 0.64502 0.460938 0.643066 0.460938 0.642578 0.460156 0.641602 0.460156 0.641113 0.459766 0.640625 0.459766 0.639648 0.458984 0.638672 0.458984 0.638184 0.458594 0.637695 0.458594 0.636719 0.457813 0.635742 0.457813 0.635254 0.457422 0.634766 0.457422 0.634277 0.45625 0.632812 0.45625 0.625977 0.455078 0.624512
1 0.426953 0.648438 0.426563 0.648926 0.423828 0.648926 0.423047 0.649902 0.421875 0.649902 0.421094 0.650879 0.420703 0.650879 0.420312 0.651367 0.419922 0.651367 0.419531 0.651855 0.419141 0.651855 0.41875 0.652344 0.418359 0.652344 0.417187 0.653809 0.416797 0.653809 0.416406 0.654297 0.416016 0.654297 0.415625 0.654785 0.415234 0.654785 0.414453 0.655762 0.414062 0.655762 0.413672 0.65625 0.413281 0.65625 0.4125 0.657227 0.412109 0.657227 0.410938 0.658691 0.410547 0.658691 0.405078 0.665527 0.405078 0.666016 0.404297 0.666992 0.404297 0.66748 0.403906 0.667969 0.403906 0.671387 0.40625 0.674316 0.407422 0.674316 0.407813 0.674805 0.411328 0.674805 0.411719 0.674316 0.4125 0.674316 0.413281 0.67334 0.413672 0.67334 0.414062 0.672852 0.414453 0.672852 0.415234 0.671875 0.416016 0.671875 0.416406 0.671387 0.417187 0.671387 0.417969 0.67041 0.418359 0.67041 0.41875 0.669922 0.419531 0.669922 0.419922 0.669434 0.420703 0.669434 0.421094 0.668945 0.422266 0.668945 0.422656 0.668457 0.426563 0.668457 0.426953 0.667969 0.427734 0.667969 0.428125 0.66748 0.433203 0.66748 0.433594 0.666992 0.435156 0.666992 0.435547 0.666504 0.436719 0.666504 0.437109 0.666016 0.4375 0.666016 0.437891 0.665527 0.439063 0.665527 0.439453 0.665039 0.440234 0.665039 0.441016 0.664062 0.442188 0.664062 0.442578 0.663574 0.442969 0.663574 0.44375 0.662598 0.445312 0.662598 0.445703 0.662109 0.446094 0.662109 0.447266 0.660645 0.447656 0.660645 0.448828 0.65918 0.449219 0.65918 0.45 0.660156 0.45 0.660645 0.450781 0.661621 0.450781 0.662598 0.451953 0.664062 0.453906 0.664062 0.455078 0.662598 0.455078 0.655762 0.453906 0.654297 0.453906 0.653809 0.452344 0.651855 0.451953 0.651855 0.451562 0.651367 0.446484 0.651367 0.446094 0.651855 0.445703 0.651855 0.445312 0.652344 0.444141 0.652344 0.44375 0.652832 0.443359 0.652832 0.442969 0.65332 0.441797 0.651855 0.441016 0.651855 0.440625 0.651367 0.437891 0.651367 0.436328 0.649414 0.434766 0.649414 0.434375 0.648926 0.432031 0.648926 0.431641 0.648438
1 0.377734 0.609863 0.377344 0.610352 0.376953 0.610352 0.376172 0.611328 0.375781 0.611328 0.375391 0.611816 0.373437 0.611816 0.373047 0.612305 0.372656 0.611816 0.365625 0.611816 0.365234 0.612305 0.363281 0.612305 0.362891 0.612793 0.3625 0.612793 0.362109 0.613281 0.361328 0.613281 0.360938 0.61377 0.360156 0.61377 0.359766 0.614258 0.358984 0.614258 0.358203 0.615234 0.357812 0.615234 0.357422 0.615723 0.357031 0.615723 0.35625 0.616699 0.355859 0.616699 0.355078 0.617676 0.354687 0.617676 0.351953 0.621094 0.351953 0.621582 0.351562 0.62207 0.351562 0.622559 0.35 0.624512 0.349609 0.624512 0.348828 0.625488 0.348438 0.625488 0.347656 0.626465 0.346875 0.626465 0.346094 0.627441 0.344141 0.627441 0.34375 0.626953 0.342969 0.626953 0.342578 0.626465 0.342187 0.626465 0.341016 0.625 0.340234 0.625 0.339844 0.624512 0.339453 0.624512 0.338672 0.623535 0.338281 0.623535 0.3375 0.622559 0.334375 0.622559 0.333203 0.624023 0.333203 0.626465 0.333594 0.626953 0.333594 0.627441 0.333984 0.62793 0.333984 0.628418 0.334375 0.628906 0.334375 0.629395 0.335938 0.631348 0.335938 0.631836 0.337891 0.634277 0.337891 0.634766 0.341406 0.63916 0.342187 0.63916 0.343359 0.640625 0.34375 0.640625 0.344531 0.641602 0.344922 0.641602 0.345313 0.64209 0.346094 0.64209 0.346484 0.642578 0.346875 0.642578 0.347266 0.643066 0.348828 0.643066 0.349219 0.643555 0.349609 0.643555 0.35 0.644043 0.358594 0.644043 0.358984 0.643555 0.360156 0.643555 0.360547 0.643066 0.361328 0.643066 0.361719 0.642578 0.362109 0.642578 0.3625 0.64209 0.362891 0.64209 0.364063 0.640625 0.364844 0.640625 0.366016 0.63916 0.366406 0.63916 0.368359 0.636719 0.36875 0.636719 0.369141 0.63623 0.369531 0.63623 0.371094 0.634277 0.371875 0.634277 0.375781 0.629395 0.376172 0.629395 0.378516 0.626465 0.378906 0.626465 0.380469 0.624512 0.380469 0.624023 0.382031 0.62207 0.382031 0.620605 0.382812 0.619629 0.382812 0.618164 0.383203 0.617676 0.383203 0.616699 0.383594 0.616211 0.383594 0.612305 0.382031 0.610352 0.381641 0.610352 0.38125 0.609863
1 0.422656 0.577148 0.421875 0.578125 0.421484 0.578125 0.421094 0.578613 0.420312 0.578613 0.419922 0.579102 0.419531 0.579102 0.419141 0.57959 0.41875 0.57959 0.418359 0.580078 0.417578 0.580078 0.415234 0.583008 0.414844 0.583008 0.414062 0.583984 0.414062 0.584473 0.412891 0.585938 0.412891 0.586426 0.4125 0.586914 0.4125 0.587402 0.412109 0.587891 0.412109 0.592285 0.4125 0.592773 0.4125 0.594727 0.412109 0.595215 0.412109 0.595703 0.411719 0.596191 0.411719 0.597168 0.408594 0.601074 0.408594 0.601562 0.407031 0.603516 0.407031 0.604004 0.405859 0.605469 0.405859 0.605957 0.404687 0.607422 0.404687 0.60791 0.404297 0.608398 0.404297 0.608887 0.403516 0.609863 0.403516 0.610352 0.403125 0.61084 0.403125 0.611328 0.402734 0.611816 0.402734 0.612305 0.401953 0.613281 0.401953 0.614258 0.401562 0.614746 0.401562 0.616211 0.401172 0.616699 0.401172 0.618652 0.400781 0.619141 0.400781 0.621094 0.401172 0.621582 0.400781 0.62207 0.400781 0.623535 0.4 0.624512 0.4 0.625977 0.399609 0.626465 0.399609 0.626953 0.399219 0.627441 0.399219 0.635254 0.398828 0.635742 0.398828 0.641113 0.398438 0.641602 0.398438 0.643555 0.399609 0.64502 0.401562 0.64502 0.402344 0.644043 0.402734 0.644043 0.403125 0.643555 0.403516 0.643555 0.403906 0.643066 0.404297 0.643066 0.405078 0.64209 0.405469 0.64209 0.40625 0.641113 0.406641 0.641113 0.408203 0.63916 0.408203 0.638672 0.417187 0.627441 0.417187 0.626953 0.417969 0.625977 0.417969 0.625488 0.419531 0.623535 0.419531 0.623047 0.420312 0.62207 0.420312 0.621094 0.421484 0.619629 0.421484 0.618652 0.421875 0.618164 0.421875 0.617676 0.422266 0.617188 0.422266 0.616699 0.422656 0.616211 0.422656 0.615234 0.423047 0.614746 0.423047 0.614258 0.423438 0.61377 0.423438 0.61084 0.423828 0.610352 0.423828 0.598145 0.423438 0.597656 0.423438 0.59082 0.423828 0.590332 0.423828 0.589844 0.424609 0.588867 0.425 0.588867 0.426563 0.586914 0.426563 0.586426 0.427344 0.585449 0.427344 0.580566 0.424609 0.577148
1 0.474219 0.53418 0.473047 0.535645 0.473047 0.538574 0.473828 0.539551 0.473828 0.540039 0.477344 0.544434 0.477734 0.544434 0.478906 0.545898 0.479297 0.545898 0.480859 0.547852 0.48125 0.547852 0.481641 0.54834 0.482031 0.54834 0.482422 0.548828 0.483594 0.548828 0.483984 0.549316 0.484766 0.549316 0.485547 0.550293 0.485938 0.550293 0.486328 0.550781 0.486719 0.550781 0.487109 0.55127 0.488281 0.55127 0.488672 0.551758 0.489453 0.551758 0.489844 0.552246 0.490234 0.552246 0.491797 0.554199 0.492188 0.554199 0.494141 0.556641 0.494531 0.556641 0.495312 0.557617 0.496094 0.557617 0.497656 0.55957 0.498047 0.55957 0.498828 0.560547 0.499609 0.560547 0.5 0.561035 0.500391 0.561035 0.500781 0.561523 0.501953 0.561523 0.502344 0.562012 0.502734 0.562012 0.503125 0.5625 0.503906 0.5625 0.504687 0.563477 0.505859 0.563477 0.50625 0.563965 0.507031 0.563965 0.507422 0.564453 0.508203 0.564453 0.508594 0.564941 0.508984 0.564941 0.510938 0.567383 0.511328 0.567383 0.511719 0.567871 0.512109 0.567871 0.515625 0.572266 0.515625 0.572754 0.516016 0.573242 0.516016 0.57373 0.517188 0.575195 0.517188 0.575684 0.517578 0.576172 0.517578 0.57666 0.523438 0.583984 0.525391 0.583984 0.526563 0.58252 0.526563 0.580566 0.525781 0.57959 0.525781 0.578613 0.525391 0.578125 0.525391 0.577637 0.524219 0.576172 0.524219 0.575684 0.523438 0.574707 0.523438 0.574219 0.522656 0.573242 0.522656 0.572754 0.522266 0.572266 0.522266 0.571777 0.521875 0.571289 0.521875 0.569824 0.521484 0.569336 0.521484 0.568359 0.521094 0.567871 0.521094 0.567383 0.520703 0.566895 0.520703 0.565918 0.520312 0.56543 0.520312 0.564941 0.519922 0.564453 0.519922 0.563477 0.519531 0.562988 0.519531 0.5625 0.519141 0.562012 0.519141 0.561523 0.51875 0.561035 0.51875 0.558594 0.517188 0.556641 0.517188 0.556152 0.516797 0.555664 0.516797 0.555176 0.513672 0.55127 0.513672 0.550781 0.512891 0.549805 0.512891 0.549316 0.511719 0.547852 0.511328 0.547852 0.510547 0.546875 0.510156 0.546875 0.509766 0.546387 0.509375 0.546387 0.508984 0.545898 0.508594 0.545898 0.508203 0.54541 0.507422 0.54541 0.507031 0.544922 0.506641 0.544922 0.50625 0.544434 0.505859 0.544434 0.503516 0.541504 0.503125 0.541504 0.502344 0.540527 0.501953 0.540527 0.501172 0.539551 0.499609 0.539551 0.499219 0.539062 0.498437 0.539062 0.498047 0.538574 0.494531 0.538574 0.494141 0.538086 0.491016 0.538086 0.490625 0.537598 0.489063 0.537598 0.488672 0.537109 0.486328 0.537109 0.485938 0.536621 0.483984 0.536621 0.483594 0.536133 0.483203 0.536133 0.482812 0.535645 0.481641 0.535645 0.48125 0.535156 0.480078 0.535156 0.479687 0.534668 0.476172 0.534668 0.475781 0.53418
1 0.553125 0.555176 0.552734 0.555664 0.55 0.555664 0.549609 0.556152 0.548828 0.556152 0.548438 0.556641 0.547656 0.556641 0.547266 0.557129 0.546484 0.557129 0.546094 0.557617 0.545312 0.557617 0.544531 0.558594 0.54375 0.558594 0.542969 0.55957 0.542578 0.55957 0.541016 0.561523 0.540625 0.561523 0.537891 0.564941 0.5375 0.564941 0.537109 0.56543 0.536719 0.56543 0.535937 0.566406 0.535156 0.566406 0.534766 0.566895 0.534375 0.566895 0.533984 0.567383 0.533203 0.567383 0.532422 0.568359 0.532031 0.568359 0.528516 0.572754 0.528516 0.573242 0.526563 0.575684 0.526563 0.576172 0.523828 0.57959 0.523828 0.580078 0.523047 0.581055 0.523047 0.581543 0.522266 0.58252 0.522266 0.583008 0.519141 0.586914 0.519141 0.587402 0.517969 0.588867 0.517578 0.588867 0.515625 0.591309 0.515234 0.591309 0.512891 0.594238 0.512891 0.594727 0.5125 0.595215 0.5125 0.595703 0.512109 0.596191 0.512109 0.59668 0.511328 0.597656 0.511328 0.598145 0.510938 0.598633 0.510938 0.599121 0.510156 0.600098 0.510156 0.600586 0.509766 0.601074 0.509766 0.602051 0.509375 0.602539 0.509375 0.605469 0.509766 0.605957 0.509766 0.606934 0.510938 0.608398 0.511328 0.608398 0.511719 0.608887 0.512109 0.608887 0.5125 0.609375 0.513672 0.609375 0.514062 0.609863 0.518359 0.609863 0.519531 0.608398 0.519531 0.60791 0.519922 0.607422 0.519922 0.606934 0.520703 0.605957 0.520703 0.604004 0.521094 0.603516 0.521094 0.602539 0.521484 0.602051 0.521484 0.601074 0.521875 0.600586 0.521875 0.599609 0.522266 0.599121 0.522266 0.598633 0.523047 0.597656 0.523047 0.597168 0.525 0.594727 0.525391 0.594727 0.525781 0.594238 0.526172 0.594238 0.526563 0.59375 0.527344 0.59375 0.527734 0.593262 0.529297 0.593262 0.529687 0.592773 0.530859 0.592773 0.53125 0.592285 0.532031 0.592285 0.532422 0.591797 0.532813 0.591797 0.533203 0.591309 0.533984 0.591309 0.534375 0.59082 0.534766 0.59082 0.535547 0.589844 0.535937 0.589844 0.5375 0.587891 0.537891 0.587891 0.540234 0.584961 0.540625 0.584961 0.541797 0.583496 0.542578 0.583496 0.543359 0.58252 0.54375 0.58252 0.544531 0.581543 0.544922 0.581543 0.545703 0.580566 0.546094 0.580566 0.547656 0.578613 0.548047 0.578613 0.548828 0.577637 0.549219 0.577637 0.549609 0.577148 0.55 0.577148 0.552734 0.57373 0.553125 0.57373 0.554297 0.572266 0.554297 0.571777 0.554688 0.571289 0.554688 0.570801 0.558594 0.565918 0.559375 0.565918 0.559766 0.56543 0.560547 0.56543 0.560937 0.564941 0.561719 0.564941 0.562109 0.564453 0.564063 0.564453 0.564453 0.563965 0.566406 0.563965 0.566797 0.563477 0.572266 0.563477 0.572656 0.562988 0.573438 0.562988 0.573828 0.5625 0.582031 0.5625 0.583203 0.561035 0.583203 0.559082 0.582031 0.557617 0.575 0.557617 0.574609 0.557129 0.572266 0.557129 0.571875 0.556641 0.567969 0.556641 0.567187 0.555664 0.566016 0.555664 0.565625 0.555176
1 0.575391 0.78125 0.575 0.781738 0.574609 0.781738 0.574219 0.782227 0.573438 0.782227 0.572656 0.783203 0.572266 0.783203 0.571875 0.783691 0.571094 0.783691 0.570703 0.78418 0.569922 0.78418 0.569531 0.784668 0.56875 0.784668 0.567969 0.785645 0.567578 0.785645 0.567187 0.786133 0.564063 0.786133 0.563672 0.785645 0.563281 0.785645 0.562891 0.785156 0.560937 0.785156 0.559766 0.786621 0.559766 0.788574 0.560937 0.790039 0.561328 0.790039 0.561719 0.790527 0.562109 0.790527 0.5625 0.791016 0.573047 0.791016 0.573438 0.790527 0.575391 0.790527 0.575781 0.790039 0.576562 0.790039 0.576953 0.790527 0.578516 0.790527 0.579297 0.791504 0.579688 0.791504 0.580469 0.79248 0.580859 0.79248 0.58125 0.792969 0.581641 0.792969 0.582031 0.793457 0.582422 0.793457 0.583594 0.794922 0.583984 0.794922 0.585156 0.796387 0.585547 0.796387 0.585938 0.796875 0.586328 0.796875 0.587109 0.797852 0.5875 0.797852 0.587891 0.79834 0.588281 0.79834 0.588672 0.798828 0.589063 0.798828 0.589453 0.799316 0.589844 0.799316 0.590625 0.800293 0.591797 0.800293 0.592187 0.800781 0.592969 0.800781 0.593359 0.80127 0.59375 0.80127 0.594531 0.802246 0.596484 0.802246 0.596875 0.802734 0.599609 0.802734 0.6 0.803223 0.611328 0.803223 0.611719 0.803711 0.618359 0.803711 0.620703 0.800781 0.620703 0.800293 0.623047 0.797363 0.623047 0.794434 0.620703 0.791504 0.620313 0.791504 0.619141 0.790039 0.61875 0.790039 0.617578 0.788574 0.617188 0.788574 0.616797 0.788086 0.616406 0.788086 0.616016 0.787598 0.615234 0.787598 0.614844 0.787109 0.614062 0.787109 0.613281 0.786133 0.612891 0.786133 0.6125 0.785645 0.612109 0.785645 0.611328 0.784668 0.609766 0.784668 0.609375 0.78418 0.608203 0.78418 0.607812 0.783691 0.605859 0.783691 0.605469 0.783203 0.600391 0.783203 0.6 0.782715 0.595313 0.782715 0.594922 0.782227 0.592187 0.782227 0.591797 0.781738 0.591016 0.781738 0.590625 0.78125
1 0.652344 0.793457 0.651953 0.793945 0.650781 0.793945 0.650391 0.794434 0.649609 0.794434 0.649219 0.794922 0.648438 0.794922 0.648047 0.79541 0.647266 0.79541 0.646875 0.795898 0.645703 0.795898 0.645312 0.796387 0.644141 0.796387 0.64375 0.796875 0.642969 0.796875 0.642578 0.797363 0.641797 0.797363 0.641406 0.797852 0.633203 0.797852 0.632812 0.79834 0.632031 0.79834 0.63125 0.799316 0.630469 0.799316 0.630078 0.799805 0.629687 0.799805 0.629297 0.800293 0.628906 0.800293 0.628516 0.800781 0.627734 0.800781 0.627344 0.80127 0.626953 0.80127 0.625781 0.802734 0.625391 0.802734 0.625 0.803223 0.624609 0.803223 0.624219 0.803711 0.623828 0.803711 0.623047 0.804688 0.622656 0.804688 0.618359 0.810059 0.618359 0.810547 0.617969 0.811035 0.617969 0.811523 0.617188 0.8125 0.617188 0.812988 0.616797 0.813477 0.616797 0.814453 0.616016 0.81543 0.616016 0.815918 0.615625 0.816406 0.615625 0.816895 0.614844 0.817871 0.614844 0.818359 0.614453 0.818848 0.614453 0.819336 0.614062 0.819824 0.614062 0.820801 0.613281 0.821777 0.613281 0.822754 0.612109 0.824219 0.612109 0.824707 0.611328 0.825684 0.611328 0.826172 0.610938 0.82666 0.610938 0.829102 0.612109 0.830566 0.613672 0.830566 0.616016 0.827637 0.616016 0.827148 0.61875 0.82373 0.619141 0.82373 0.619531 0.823242 0.620313 0.823242 0.621094 0.822266 0.621484 0.822266 0.621875 0.821777 0.623828 0.821777 0.624219 0.821289 0.626953 0.821289 0.627344 0.820801 0.628516 0.820801 0.628906 0.820312 0.630469 0.820312 0.630859 0.819824 0.631641 0.819824 0.633594 0.817383 0.633984 0.817383 0.634375 0.816895 0.635156 0.816895 0.635938 0.815918 0.636328 0.815918 0.6375 0.814453 0.638281 0.814453 0.639844 0.8125 0.639844 0.812012 0.642969 0.808105 0.642969 0.807617 0.643359 0.807129 0.64375 0.807129 0.644922 0.805664 0.645312 0.805664 0.646094 0.804688 0.647266 0.804688 0.647656 0.804199 0.648438 0.804199 0.648828 0.803711 0.649609 0.803711 0.65 0.803223 0.651172 0.803223 0.651563 0.802734 0.651953 0.802734 0.652344 0.802246 0.652734 0.802246 0.653125 0.801758 0.653906 0.801758 0.654297 0.80127 0.654687 0.80127 0.65625 0.799316 0.65625 0.796875 0.655859 0.796387 0.655859 0.795898 0.653906 0.793457
1 0.663281 0.844238 0.662109 0.845703 0.662109 0.847656 0.663672 0.849609 0.665625 0.849609 0.666016 0.850098 0.667188 0.850098 0.667578 0.850586 0.66875 0.850586 0.669141 0.851074 0.669531 0.851074 0.669922 0.851562 0.670312 0.851562 0.670703 0.852051 0.671484 0.852051 0.671875 0.852539 0.672656 0.852539 0.673047 0.853027 0.674219 0.853027 0.674609 0.853516 0.675 0.853516 0.675391 0.854004 0.676562 0.854004 0.676953 0.854492 0.677734 0.854492 0.678125 0.85498 0.679297 0.85498 0.679688 0.855469 0.68125 0.855469 0.681641 0.855957 0.683203 0.855957 0.683594 0.856445 0.683984 0.856445 0.684375 0.856934 0.685937 0.856934 0.686328 0.857422 0.687891 0.857422 0.688672 0.858398 0.689453 0.858398 0.689844 0.858887 0.690234 0.858887 0.690625 0.859375 0.692187 0.859375 0.692578 0.859863 0.694141 0.859863 0.694531 0.860352 0.694922 0.860352 0.695312 0.86084 0.699609 0.86084 0.7 0.861328 0.701562 0.861328 0.701953 0.861816 0.703125 0.861816 0.703516 0.862305 0.705469 0.862305 0.705859 0.862793 0.707812 0.862793 0.708203 0.863281 0.720313 0.863281 0.720703 0.862793 0.721875 0.862793 0.722266 0.862305 0.724219 0.862305 0.724609 0.861816 0.725 0.861816 0.725391 0.861328 0.726953 0.861328 0.727344 0.86084 0.728125 0.86084 0.728516 0.860352 0.729688 0.860352 0.730078 0.859863 0.730859 0.859863 0.73125 0.859375 0.731641 0.859375 0.732031 0.858887 0.732422 0.858887 0.733203 0.85791 0.733984 0.85791 0.734375 0.857422 0.734766 0.857422 0.735156 0.856934 0.735938 0.856934 0.736328 0.856445 0.738281 0.856445 0.738672 0.855957 0.740625 0.855957 0.741406 0.856934 0.744531 0.856934 0.744922 0.856445 0.745313 0.856445 0.746875 0.854492 0.746875 0.849609 0.746484 0.849121 0.746484 0.848633 0.744922 0.84668 0.738672 0.84668 0.738281 0.847168 0.736719 0.847168 0.736328 0.847656 0.734375 0.847656 0.733984 0.848145 0.732812 0.848145 0.732422 0.848633 0.721484 0.848633 0.720703 0.847656 0.719922 0.847656 0.719141 0.84668 0.71875 0.84668 0.718359 0.846191 0.708984 0.846191 0.708594 0.845703 0.701562 0.845703 0.701172 0.846191 0.700391 0.846191 0.7 0.845703 0.680078 0.845703 0.679688 0.846191 0.677344 0.846191 0.676953 0.845703 0.670703 0.845703 0.670312 0.846191 0.669922 0.845703 0.668359 0.845703 0.667969 0.845215 0.667578 0.845215 0.667188 0.844727 0.665234 0.844727 0.664844 0.844238
1 0.76875 0.824219 0.768359 0.824707 0.767578 0.824707 0.767188 0.825195 0.766797 0.825195 0.766406 0.825684 0.766016 0.825684 0.765625 0.826172 0.765234 0.826172 0.764844 0.82666 0.764062 0.82666 0.763281 0.827637 0.762891 0.827637 0.762109 0.828613 0.761719 0.828613 0.761328 0.829102 0.760938 0.829102 0.759766 0.830566 0.759375 0.830566 0.758203 0.832031 0.757422 0.832031 0.75625 0.833496 0.75625 0.833984 0.753906 0.836914 0.753906 0.837402 0.752734 0.838867 0.752734 0.839355 0.750391 0.842285 0.750391 0.842773 0.747656 0.846191 0.747656 0.84668 0.747266 0.847168 0.747266 0.847656 0.746094 0.849121 0.746094 0.849609 0.74375 0.852539 0.74375 0.853027 0.742578 0.854492 0.742578 0.85498 0.742188 0.855469 0.742188 0.855957 0.739062 0.859863 0.739062 0.860352 0.737109 0.862793 0.737109 0.863281 0.736719 0.86377 0.736719 0.864258 0.736328 0.864746 0.736328 0.865234 0.735938 0.865723 0.735938 0.868652 0.736328 0.869141 0.736328 0.869629 0.7375 0.871094 0.739453 0.871094 0.740234 0.870117 0.740625 0.870117 0.742188 0.868164 0.742578 0.868164 0.742969 0.867676 0.743359 0.867676 0.744141 0.866699 0.744531 0.866699 0.745703 0.865234 0.746094 0.865234 0.748437 0.862305 0.748828 0.862305 0.75 0.86084 0.75 0.860352 0.753125 0.856445 0.753516 0.856445 0.753906 0.855957 0.754297 0.855957 0.755078 0.85498 0.755469 0.85498 0.755859 0.854492 0.75625 0.854492 0.756641 0.854004 0.757031 0.854004 0.757812 0.853027 0.758203 0.853027 0.758594 0.852539 0.758984 0.852539 0.759375 0.852051 0.760156 0.852051 0.760547 0.851562 0.760938 0.851562 0.761328 0.851074 0.762109 0.851074 0.7625 0.850586 0.762891 0.850586 0.763281 0.850098 0.763672 0.850098 0.764062 0.849609 0.764844 0.849609 0.765625 0.848633 0.766016 0.848633 0.766797 0.847656 0.767188 0.847656 0.767578 0.847168 0.767969 0.847168 0.768359 0.84668 0.76875 0.84668 0.769922 0.845215 0.770312 0.845215 0.771094 0.844238 0.771484 0.844238 0.772656 0.842773 0.773047 0.842773 0.774609 0.84082 0.775 0.84082 0.776953 0.838379 0.777344 0.838379 0.778516 0.836914 0.778516 0.836426 0.779297 0.835449 0.779687 0.835449 0.780078 0.834961 0.780469 0.834961 0.780859 0.834473 0.78125 0.834473 0.781641 0.833984 0.784375 0.833984 0.784766 0.834473 0.786328 0.834473 0.787109 0.835449 0.788281 0.835449 0.788672 0.835938 0.789062 0.835938 0.789453 0.836426 0.789844 0.836426 0.791797 0.838867 0.792188 0.838867 0.793359 0.840332 0.79375 0.840332 0.794531 0.841309 0.795312 0.841309 0.795703 0.841797 0.796094 0.841797 0.796875 0.842773 0.797656 0.842773 0.798438 0.84375 0.799219 0.84375 0.799609 0.844238 0.802344 0.844238 0.803516 0.842773 0.803516 0.84082 0.802344 0.839355 0.801172 0.839355 0.800781 0.838867 0.800391 0.838867 0.799609 0.837891 0.798438 0.837891 0.798047 0.837402 0.797656 0.837402 0.796875 0.836426 0.796484 0.836426 0.796094 0.835938 0.795703 0.835938 0.795312 0.835449 0.794922 0.835449 0.792188 0.832031 0.791406 0.832031 0.790234 0.830566 0.789844 0.830566 0.789062 0.82959 0.788281 0.82959 0.787891 0.829102 0.787109 0.829102 0.786328 0.828125 0.785937 0.828125 0.785156 0.827148 0.784766 0.827148 0.784375 0.82666 0.783594 0.82666 0.782813 0.825684 0.782031 0.825684 0.781641 0.825195 0.780859 0.825195 0.780469 0.824707 0.778125 0.824707 0.777734 0.824219
1 0.766797 0.713867 0.765625 0.715332 0.765625 0.720703 0.766016 0.721191 0.766016 0.723145 0.766406 0.723633 0.766406 0.727539 0.766797 0.728027 0.766797 0.730469 0.767188 0.730957 0.767188 0.75293 0.767578 0.753418 0.767578 0.755859 0.767969 0.756348 0.767969 0.758789 0.768359 0.759277 0.768359 0.759766 0.76875 0.760254 0.76875 0.762207 0.769141 0.762695 0.769141 0.765625 0.769531 0.766113 0.769531 0.769531 0.769922 0.77002 0.769922 0.779297 0.770703 0.780273 0.770703 0.780762 0.771094 0.78125 0.771094 0.781738 0.771484 0.782227 0.771484 0.782715 0.771875 0.783203 0.771875 0.783691 0.772656 0.784668 0.772656 0.785645 0.773047 0.786133 0.773047 0.791504 0.773438 0.791992 0.773438 0.800293 0.773047 0.800781 0.773047 0.802734 0.772656 0.803223 0.772656 0.807129 0.771875 0.808105 0.771875 0.810059 0.771484 0.810547 0.771484 0.811035 0.771094 0.811523 0.771094 0.8125 0.770703 0.812988 0.770703 0.814453 0.769922 0.81543 0.769922 0.816406 0.769531 0.816895 0.769531 0.817383 0.769141 0.817871 0.769141 0.818359 0.76875 0.818848 0.76875 0.819336 0.768359 0.819824 0.768359 0.821289 0.767969 0.821777 0.767969 0.822266 0.767578 0.822754 0.767578 0.82373 0.767188 0.824219 0.767188 0.828125 0.768359 0.82959 0.771094 0.82959 0.772266 0.828125 0.772266 0.827637 0.773828 0.825684 0.773828 0.825195 0.775 0.82373 0.775 0.823242 0.775391 0.822754 0.775391 0.822266 0.776563 0.820801 0.776563 0.819336 0.777344 0.818359 0.777344 0.817871 0.777734 0.817383 0.777734 0.816406 0.778125 0.815918 0.778125 0.814453 0.778516 0.813965 0.778516 0.813477 0.779297 0.8125 0.779297 0.810059 0.779687 0.80957 0.779687 0.809082 0.780078 0.808594 0.780078 0.807617 0.780469 0.807129 0.780469 0.805176 0.780859 0.804688 0.780859 0.797852 0.78125 0.797363 0.78125 0.79541 0.781641 0.794922 0.781641 0.792969 0.782031 0.79248 0.782031 0.790527 0.782422 0.790039 0.782422 0.789062 0.782813 0.788574 0.782813 0.786133 0.783203 0.785645 0.783203 0.768555 0.782813 0.768066 0.782813 0.76416 0.782422 0.763672 0.782422 0.762207 0.782031 0.761719 0.782031 0.760742 0.781641 0.760254 0.781641 0.759277 0.78125 0.758789 0.78125 0.757812 0.780859 0.757324 0.780859 0.756348 0.780469 0.755859 0.780469 0.755371 0.780078 0.754883 0.780078 0.754395 0.779687 0.753906 0.779687 0.753418 0.779297 0.75293 0.779297 0.751465 0.778125 0.75 0.778125 0.749512 0.777734 0.749023 0.777734 0.74707 0.777344 0.746582 0.777344 0.744629 0.776953 0.744141 0.776953 0.742188 0.776563 0.741699 0.776563 0.740234 0.775781 0.739258 0.775781 0.737793 0.775391 0.737305 0.775391 0.736816 0.775 0.736328 0.775 0.735352 0.774609 0.734863 0.774609 0.734375 0.774219 0.733887 0.774219 0.73291 0.773828 0.732422 0.773828 0.731445 0.773438 0.730957 0.773438 0.72998 0.773047 0.729492 0.773047 0.729004 0.772656 0.728516 0.772656 0.727539 0.772266 0.727051 0.772266 0.726074 0.771875 0.725586 0.771875 0.725098 0.771484 0.724609 0.771484 0.724121 0.771094 0.723633 0.771094 0.722656 0.770703 0.722168 0.770703 0.72168 0.770312 0.721191 0.770312 0.719727 0.769531 0.71875 0.769531 0.715332 0.768359 0.713867
1 0.771875 0.688477 0.771484 0.688965 0.769141 0.688965 0.76875 0.689453 0.766797 0.689453 0.766406 0.689941 0.765625 0.689941 0.765234 0.69043 0.764844 0.69043 0.764453 0.690918 0.762891 0.690918 0.762109 0.691895 0.761719 0.691895 0.761328 0.692383 0.760156 0.692383 0.754687 0.699219 0.754687 0.699707 0.754297 0.700195 0.754297 0.700684 0.753906 0.701172 0.753906 0.70166 0.753125 0.702637 0.753125 0.703613 0.752734 0.704102 0.752734 0.70459 0.751953 0.705566 0.751953 0.706055 0.751563 0.706543 0.751563 0.707031 0.751172 0.70752 0.751172 0.708008 0.750391 0.708984 0.750391 0.710449 0.75 0.710938 0.75 0.711426 0.749609 0.711914 0.749609 0.715332 0.749219 0.71582 0.749219 0.724121 0.749609 0.724609 0.749609 0.725586 0.75 0.726074 0.75 0.727051 0.750391 0.727539 0.750391 0.729004 0.750781 0.729492 0.750781 0.730957 0.751172 0.731445 0.751172 0.734375 0.751563 0.734863 0.751563 0.736816 0.751953 0.737305 0.751953 0.737793 0.752734 0.73877 0.752734 0.739258 0.753125 0.739746 0.753125 0.740234 0.755859 0.743652 0.755859 0.744141 0.75625 0.744629 0.75625 0.745117 0.757422 0.746582 0.757422 0.74707 0.758203 0.748047 0.758203 0.749023 0.758984 0.75 0.758984 0.750977 0.759375 0.751465 0.759375 0.751953 0.759766 0.752441 0.759766 0.75293 0.760156 0.753418 0.760156 0.754395 0.760547 0.754883 0.760547 0.755859 0.761328 0.756836 0.761328 0.758789 0.761719 0.759277 0.761719 0.76416 0.762109 0.764648 0.762109 0.765625 0.7625 0.766113 0.7625 0.76709 0.762891 0.767578 0.762891 0.768555 0.764453 0.770508 0.764453 0.770996 0.764844 0.771484 0.764844 0.771973 0.765625 0.772949 0.765625 0.773926 0.767578 0.776367 0.768359 0.776367 0.769141 0.777344 0.770703 0.777344 0.771875 0.775879 0.771875 0.773926 0.771484 0.773438 0.771484 0.763672 0.771094 0.763184 0.771094 0.759766 0.770703 0.759277 0.770703 0.757812 0.770312 0.757324 0.770312 0.756836 0.769922 0.756348 0.769922 0.755859 0.769531 0.755371 0.769531 0.754883 0.769141 0.754395 0.769141 0.753418 0.76875 0.75293 0.76875 0.752441 0.768359 0.751953 0.768359 0.750977 0.767969 0.750488 0.767969 0.749023 0.767188 0.748047 0.767188 0.747559 0.766797 0.74707 0.766797 0.742676 0.766406 0.742188 0.766406 0.740723 0.766016 0.740234 0.766016 0.737305 0.765625 0.736816 0.765625 0.730469 0.765234 0.72998 0.765234 0.727539 0.764844 0.727051 0.764844 0.725586 0.764453 0.725098 0.764453 0.723145 0.764062 0.722656 0.764062 0.715332 0.763672 0.714844 0.763672 0.702148 0.764062 0.70166 0.764062 0.700684 0.765234 0.699219 0.765625 0.699219 0.766016 0.69873 0.766797 0.69873 0.767188 0.698242 0.767578 0.698242 0.767969 0.697754 0.76875 0.697754 0.769141 0.697266 0.771875 0.697266 0.772266 0.696777 0.775391 0.696777 0.775781 0.696289 0.776563 0.696289 0.777734 0.694824 0.777734 0.692383 0.775391 0.689453 0.775 0.689453 0.774219 0.688477
1 0.915625 0.734375 0.915234 0.734863 0.914844 0.734863 0.914453 0.735352 0.914062 0.735352 0.912891 0.736816 0.912891 0.737793 0.912109 0.73877 0.912109 0.745117 0.9125 0.745605 0.9125 0.749023 0.912109 0.749512 0.912109 0.750488 0.909766 0.753418 0.909766 0.753906 0.909375 0.754395 0.909375 0.755371 0.908984 0.755859 0.908984 0.756348 0.908594 0.756836 0.908594 0.772949 0.909375 0.773926 0.909375 0.774414 0.909766 0.774902 0.909766 0.775391 0.910937 0.776855 0.910937 0.777344 0.911328 0.777832 0.911328 0.77832 0.912109 0.779297 0.912109 0.779785 0.9125 0.780273 0.9125 0.780762 0.915625 0.784668 0.916016 0.784668 0.917578 0.786621 0.917969 0.786621 0.919531 0.788574 0.920312 0.788574 0.922266 0.791016 0.922656 0.791016 0.923438 0.791992 0.923828 0.791992 0.926172 0.794922 0.926562 0.794922 0.927734 0.796387 0.929297 0.796387 0.929688 0.796875 0.930859 0.796875 0.93125 0.797363 0.932031 0.797363 0.932422 0.797852 0.933594 0.797852 0.936328 0.80127 0.937109 0.80127 0.937891 0.802246 0.938281 0.802246 0.939063 0.803223 0.941016 0.803223 0.942187 0.804688 0.942969 0.804688 0.943359 0.805176 0.944531 0.805176 0.946094 0.807129 0.947656 0.807129 0.948828 0.805664 0.948828 0.802246 0.947656 0.800781 0.946875 0.800781 0.946094 0.799805 0.945312 0.799805 0.944531 0.798828 0.944141 0.798828 0.942187 0.796387 0.941797 0.796387 0.941406 0.795898 0.941016 0.795898 0.939844 0.794434 0.939453 0.794434 0.938672 0.793457 0.937891 0.793457 0.934766 0.789551 0.934766 0.789062 0.933984 0.788086 0.933984 0.787598 0.932813 0.786133 0.932813 0.785645 0.932422 0.785156 0.932422 0.784668 0.93125 0.783203 0.93125 0.782715 0.930859 0.782227 0.930859 0.781738 0.929688 0.780273 0.929688 0.779297 0.928906 0.77832 0.928906 0.777832 0.928125 0.776855 0.928125 0.775879 0.927344 0.774902 0.927344 0.773926 0.926953 0.773438 0.926953 0.772949 0.926562 0.772461 0.926562 0.771484 0.925781 0.770508 0.925781 0.77002 0.925391 0.769531 0.925391 0.768066 0.925 0.767578 0.925 0.76709 0.924609 0.766602 0.924609 0.766113 0.924219 0.765625 0.924219 0.765137 0.923828 0.764648 0.923828 0.76416 0.923438 0.763672 0.923438 0.763184 0.922656 0.762207 0.922656 0.761719 0.921875 0.760742 0.921875 0.758789 0.921484 0.758301 0.921484 0.750977 0.921875 0.750488 0.921875 0.737793 0.921094 0.736816 0.921094 0.736328 0.919531 0.734375
1 0.968359 0.850098 0.967578 0.851074 0.967187 0.851074 0.966797 0.851562 0.966406 0.851562 0.966016 0.852051 0.965625 0.852051 0.964453 0.853516 0.964453 0.854492 0.963672 0.855469 0.963672 0.855957 0.963281 0.856445 0.963281 0.856934 0.9625 0.85791 0.9625 0.859375 0.962109 0.859863 0.962109 0.860352 0.961719 0.86084 0.961719 0.861816 0.961328 0.862305 0.961328 0.862793 0.960938 0.863281 0.960938 0.864258 0.960156 0.865234 0.960156 0.866699 0.958984 0.868164 0.958984 0.868652 0.957422 0.870605 0.957422 0.871094 0.955859 0.873047 0.955859 0.873535 0.953906 0.875977 0.953906 0.876953 0.952344 0.878906 0.952344 0.879395 0.950391 0.881836 0.950391 0.882324 0.949609 0.883301 0.949609 0.883789 0.948828 0.884766 0.948828 0.885254 0.948438 0.885742 0.948438 0.88623 0.948047 0.886719 0.948047 0.887207 0.947656 0.887695 0.947656 0.888184 0.946484 0.889648 0.946484 0.890625 0.946094 0.891113 0.946094 0.891602 0.945312 0.892578 0.945312 0.895508 0.944922 0.895996 0.944922 0.896973 0.944141 0.897949 0.944141 0.898438 0.94375 0.898926 0.94375 0.899414 0.939453 0.904785 0.939063 0.904785 0.938281 0.905762 0.9375 0.905762 0.937109 0.90625 0.935937 0.90625 0.935547 0.906738 0.934766 0.906738 0.934375 0.907227 0.932813 0.907227 0.932422 0.907715 0.925391 0.907715 0.925 0.907227 0.923047 0.907227 0.921875 0.908691 0.921875 0.910645 0.923438 0.912598 0.938672 0.912598 0.939063 0.912109 0.939453 0.912109 0.939844 0.911621 0.940234 0.911621 0.940625 0.911133 0.941406 0.911133 0.941797 0.910645 0.942187 0.910645 0.942578 0.910156 0.942969 0.910156 0.943359 0.909668 0.94375 0.909668 0.944141 0.90918 0.944922 0.90918 0.945312 0.908691 0.946484 0.908691 0.946875 0.908203 0.947266 0.908203 0.947656 0.907715 0.949609 0.907715 0.95 0.907227 0.951172 0.907227 0.951562 0.906738 0.952734 0.906738 0.953516 0.905762 0.954297 0.905762 0.954688 0.905273 0.955078 0.905273 0.957812 0.901855 0.957812 0.901367 0.958594 0.900391 0.958594 0.899902 0.959766 0.898438 0.959766 0.897949 0.960156 0.897461 0.960156 0.896973 0.960938 0.895996 0.960938 0.895508 0.962109 0.894043 0.962109 0.893555 0.963281 0.89209 0.963281 0.891602 0.964063 0.890625 0.964063 0.890137 0.964844 0.88916 0.964844 0.888184 0.965234 0.887695 0.965234 0.887207 0.965625 0.886719 0.965625 0.884277 0.966406 0.883301 0.966406 0.880859 0.966797 0.880371 0.966797 0.879883 0.967187 0.879395 0.967187 0.878418 0.967578 0.87793 0.967578 0.877441 0.967969 0.876953 0.967969 0.876465 0.968359 0.875977 0.968359 0.875488 0.96875 0.875 0.96875 0.874023 0.969531 0.873047 0.969531 0.872559 0.969922 0.87207 0.969922 0.871094 0.970703 0.870117 0.970703 0.869141 0.971094 0.868652 0.971094 0.868164 0.971484 0.867676 0.971484 0.867188 0.972266 0.866211 0.972266 0.865723 0.972656 0.865234 0.972656 0.864258 0.973047 0.86377 0.973047 0.862793 0.973828 0.861816 0.973828 0.861328 0.974219 0.86084 0.974219 0.860352 0.974609 0.859863 0.974609 0.859375 0.975 0.858887 0.975 0.85791 0.975781 0.856934 0.975781 0.855957 0.976172 0.855469 0.976172 0.851562 0.975 0.850098
1 0.987891 0.747559 0.986719 0.749023 0.986719 0.751465 0.9875 0.752441 0.9875 0.753418 0.987891 0.753906 0.987891 0.754395 0.988281 0.754883 0.988281 0.755371 0.988672 0.755859 0.988672 0.756348 0.989844 0.757812 0.989844 0.758301 0.990234 0.758789 0.990234 0.759277 0.991016 0.760254 0.991016 0.76123 0.991797 0.762207 0.991797 0.769531 0.991016 0.770508 0.991016 0.771973 0.990625 0.772461 0.990625 0.772949 0.990234 0.773438 0.990234 0.774414 0.989844 0.774902 0.989844 0.775391 0.989453 0.775879 0.989453 0.776855 0.989062 0.777344 0.989062 0.777832 0.988281 0.778809 0.988281 0.779297 0.987891 0.779785 0.987891 0.780762 0.9875 0.78125 0.9875 0.782227 0.986719 0.783203 0.986719 0.78418 0.986328 0.784668 0.986328 0.785645 0.985938 0.786133 0.985938 0.787109 0.985547 0.787598 0.985547 0.788086 0.985156 0.788574 0.985156 0.790039 0.984375 0.791016 0.984375 0.791992 0.983984 0.79248 0.983984 0.793457 0.983594 0.793945 0.983594 0.794434 0.983203 0.794922 0.983203 0.795898 0.982812 0.796387 0.982812 0.796875 0.982422 0.797363 0.982422 0.79834 0.982031 0.798828 0.982031 0.799805 0.981641 0.800293 0.981641 0.802734 0.980859 0.803711 0.980859 0.805664 0.980469 0.806152 0.980469 0.809082 0.980078 0.80957 0.980078 0.8125 0.979688 0.812988 0.979688 0.819824 0.980078 0.820312 0.980078 0.820801 0.980469 0.821289 0.980469 0.823242 0.980859 0.82373 0.980859 0.825195 0.981641 0.826172 0.981641 0.827637 0.982031 0.828125 0.982031 0.82959 0.982422 0.830078 0.982422 0.831543 0.983203 0.83252 0.983203 0.833984 0.983594 0.834473 0.983594 0.834961 0.983984 0.835449 0.983984 0.84375 0.986328 0.84668 0.986719 0.84668 0.987109 0.847168 0.9875 0.847168 0.988281 0.848145 0.990234 0.848145 0.990625 0.847656 0.991406 0.847656 0.992969 0.845703 0.992969 0.844727 0.993359 0.844238 0.993359 0.838379 0.992969 0.837891 0.992969 0.837402 0.992188 0.836426 0.992188 0.835938 0.991797 0.835449 0.991797 0.830566 0.992188 0.830078 0.992188 0.828613 0.992578 0.828125 0.992578 0.827148 0.993359 0.826172 0.993359 0.825195 0.994141 0.824219 0.994141 0.82373 0.994531 0.823242 0.994531 0.822754 0.995313 0.821777 0.995313 0.820801 0.995703 0.820312 0.995703 0.819336 0.996094 0.818848 0.996094 0.817871 0.996484 0.817383 0.996484 0.815918 0.996875 0.81543 0.996875 0.813477 0.997266 0.812988 0.997266 0.807129 0.997656 0.806641 0.997656 0.771484 0.997266 0.770996 0.997266 0.770508 0.996875 0.77002 0.996875 0.762695 0.996484 0.762207 0.996484 0.76123 0.995703 0.760254 0.995703 0.759766 0.994922 0.758789 0.994922 0.758301 0.994531 0.757812 0.994531 0.757324 0.99375 0.756348 0.99375 0.755859 0.992969 0.754883 0.992969 0.754395 0.992188 0.753418 0.992188 0.75293 0.991797 0.752441 0.991797 0.751953 0.991406 0.751465 0.991406 0.75 0.989453 0.747559
1 0.910156 0.664551 0.909375 0.665527 0.908984 0.665527 0.908594 0.666016 0.907813 0.666016 0.907422 0.666504 0.907031 0.666504 0.905859 0.667969 0.905469 0.667969 0.904687 0.668945 0.904297 0.668945 0.901563 0.672363 0.901172 0.672363 0.896875 0.677734 0.896875 0.678223 0.896484 0.678711 0.896094 0.678711 0.894922 0.680176 0.894922 0.680664 0.894531 0.681152 0.894531 0.681641 0.892969 0.683594 0.892969 0.684082 0.892188 0.685059 0.892188 0.685547 0.891016 0.687012 0.891016 0.6875 0.890625 0.687988 0.890625 0.688477 0.890234 0.688965 0.890234 0.689453 0.889453 0.69043 0.889453 0.691406 0.888672 0.692383 0.888672 0.692871 0.8875 0.694336 0.8875 0.694824 0.887109 0.695312 0.887109 0.695801 0.886719 0.696289 0.886719 0.696777 0.886328 0.697266 0.886328 0.697754 0.885938 0.698242 0.885938 0.69873 0.885156 0.699707 0.885156 0.701172 0.884766 0.70166 0.884766 0.702148 0.884375 0.702637 0.884375 0.703613 0.883594 0.70459 0.883594 0.706055 0.883203 0.706543 0.883203 0.707031 0.882422 0.708008 0.882422 0.708496 0.882031 0.708984 0.882031 0.709473 0.880859 0.710938 0.880859 0.711914 0.880078 0.712891 0.880078 0.713379 0.879297 0.714355 0.879297 0.714844 0.875781 0.719238 0.875781 0.719727 0.874219 0.72168 0.874219 0.722168 0.873437 0.723145 0.873437 0.724121 0.872266 0.725586 0.872266 0.726562 0.871094 0.728027 0.871094 0.728516 0.869922 0.72998 0.869922 0.730469 0.869531 0.730957 0.869531 0.731445 0.86875 0.732422 0.86875 0.73291 0.868359 0.733398 0.868359 0.733887 0.867188 0.735352 0.867188 0.736328 0.866406 0.737305 0.866406 0.738281 0.866016 0.73877 0.866016 0.739258 0.865234 0.740234 0.865234 0.740723 0.864062 0.742188 0.864062 0.743164 0.863672 0.743652 0.863672 0.744629 0.862891 0.745605 0.862891 0.747559 0.8625 0.748047 0.8625 0.749512 0.862109 0.75 0.862109 0.751465 0.861719 0.751953 0.861719 0.752441 0.861328 0.75293 0.861328 0.753906 0.860938 0.754395 0.860938 0.755371 0.860156 0.756348 0.860156 0.757812 0.859375 0.758789 0.859375 0.759277 0.858594 0.760254 0.858594 0.76123 0.857812 0.762207 0.857812 0.762695 0.857422 0.763184 0.857422 0.765625 0.857812 0.766113 0.857812 0.766602 0.859375 0.768555 0.861719 0.768555 0.863281 0.766602 0.863672 0.766602 0.864453 0.765625 0.864844 0.765625 0.866016 0.76416 0.866406 0.76416 0.866797 0.763672 0.867188 0.763672 0.871094 0.758789 0.871094 0.758301 0.873437 0.755371 0.873437 0.754395 0.874219 0.753418 0.874219 0.75293 0.874609 0.752441 0.874609 0.751953 0.875391 0.750977 0.875391 0.750488 0.875781 0.75 0.875781 0.749512 0.877344 0.747559 0.877344 0.74707 0.879297 0.744629 0.879297 0.744141 0.88125 0.741699 0.88125 0.741211 0.883984 0.737793 0.883984 0.737305 0.885547 0.735352 0.885547 0.734375 0.886328 0.733398 0.886328 0.73291 0.886719 0.732422 0.886719 0.731934 0.887109 0.731445 0.887109 0.730957 0.8875 0.730469 0.8875 0.72998 0.888281 0.729004 0.888281 0.727051 0.888672 0.726562 0.888672 0.726074 0.889062 0.725586 0.889062 0.724609 0.889844 0.723633 0.889844 0.722656 0.890234 0.722168 0.890234 0.72168 0.890625 0.721191 0.890625 0.720703 0.891016 0.720215 0.891016 0.719238 0.891406 0.71875 0.891406 0.717285 0.891797 0.716797 0.891797 0.715332 0.892188 0.714844 0.892188 0.712891 0.892578 0.712402 0.892578 0.709961 0.892969 0.709473 0.892969 0.708496 0.893359 0.708008 0.893359 0.707031 0.89375 0.706543 0.89375 0.706055 0.894141 0.705566 0.894141 0.70459 0.894531 0.704102 0.894531 0.703613 0.894922 0.703125 0.894922 0.702148 0.895703 0.701172 0.895703 0.699707 0.896094 0.699219 0.896094 0.697754 0.896484 0.697266 0.896484 0.696777 0.896875 0.696289 0.896875 0.695801 0.897266 0.695312 0.897266 0.694824 0.897656 0.694336 0.897656 0.692871 0.898047 0.692383 0.898047 0.691895 0.898438 0.691406 0.898438 0.690918 0.899219 0.689941 0.899219 0.689453 0.899609 0.688965 0.899609 0.687988 0.9 0.6875 0.9 0.687012 0.900781 0.686035 0.900781 0.685547 0.901172 0.685059 0.901172 0.68457 0.901563 0.684082 0.901563 0.683594 0.901953 0.683105 0.901953 0.682617 0.902344 0.682129 0.902344 0.681641 0.903125 0.680664 0.903125 0.680176 0.904687 0.678223 0.904687 0.677246 0.90625 0.675293 0.90625 0.674805 0.907422 0.67334 0.907422 0.672852 0.908203 0.671875 0.908594 0.671875 0.909375 0.670898 0.910156 0.670898 0.910937 0.669922 0.911328 0.669922 0.912891 0.667969 0.912891 0.666016 0.911719 0.664551
2 0.875781 0.662109 0.874609 0.663574 0.874609 0.666016 0.874219 0.666504 0.874219 0.667969 0.873828 0.668457 0.873828 0.669922 0.873437 0.67041 0.873437 0.670898 0.873047 0.671387 0.873047 0.672852 0.871875 0.674316 0.871875 0.674805 0.871094 0.675781 0.871094 0.676758 0.870703 0.677246 0.870703 0.677734 0.869531 0.679199 0.869531 0.679688 0.86875 0.680664 0.86875 0.682617 0.868359 0.683105 0.868359 0.683594 0.867969 0.684082 0.867969 0.68457 0.867578 0.685059 0.867578 0.686035 0.867188 0.686523 0.867188 0.687012 0.866797 0.6875 0.866797 0.687988 0.866406 0.688477 0.866406 0.690918 0.866016 0.691406 0.866016 0.692383 0.865625 0.692871 0.865625 0.693359 0.865234 0.693848 0.865234 0.694336 0.864453 0.695312 0.864453 0.696289 0.863672 0.697266 0.863672 0.697754 0.860156 0.702148 0.859766 0.702148 0.858984 0.703125 0.858203 0.703125 0.857422 0.704102 0.856641 0.704102 0.85625 0.70459 0.855859 0.70459 0.855078 0.705566 0.853125 0.705566 0.852734 0.706055 0.851172 0.706055 0.850781 0.706543 0.85 0.706543 0.849609 0.707031 0.847656 0.707031 0.847266 0.70752 0.842578 0.70752 0.842187 0.708008 0.841016 0.708008 0.840625 0.708496 0.839453 0.708496 0.839063 0.708984 0.838672 0.708984 0.8375 0.710449 0.8375 0.713379 0.837891 0.713867 0.837891 0.714355 0.838281 0.714844 0.838281 0.715332 0.838672 0.71582 0.838672 0.716309 0.839453 0.717285 0.839453 0.717773 0.841406 0.720215 0.842187 0.720215 0.842578 0.720703 0.842969 0.720703 0.843359 0.721191 0.844531 0.721191 0.844922 0.72168 0.852344 0.72168 0.852734 0.721191 0.853125 0.721191 0.853516 0.720703 0.853906 0.720703 0.854297 0.720215 0.854688 0.720215 0.855078 0.719727 0.855469 0.719727 0.855859 0.719238 0.85625 0.719238 0.857422 0.717773 0.857812 0.717773 0.858203 0.717285 0.858984 0.717285 0.860938 0.714844 0.861328 0.714844 0.861719 0.714355 0.862109 0.714355 0.8625 0.713867 0.862891 0.713867 0.863281 0.713379 0.863672 0.713379 0.864844 0.711914 0.866406 0.711914 0.866797 0.711426 0.867188 0.711426 0.867578 0.710938 0.867969 0.710938 0.868359 0.710449 0.86875 0.710449 0.870313 0.708496 0.870703 0.708496 0.871875 0.707031 0.872266 0.707031 0.873828 0.705078 0.874219 0.705078 0.876172 0.702637 0.876172 0.702148 0.877344 0.700684 0.877344 0.700195 0.878516 0.69873 0.878516 0.698242 0.879687 0.696777 0.879687 0.696289 0.880469 0.695312 0.880469 0.694824 0.880859 0.694336 0.880859 0.693359 0.88125 0.692871 0.88125 0.689453 0.881641 0.688965 0.881641 0.671875 0.88125 0.671387 0.88125 0.669434 0.880859 0.668945 0.880859 0.667969 0.880469 0.66748 0.880469 0.666992 0.880078 0.666504 0.880078 0.665039 0.879687 0.664551 0.879687 0.663574 0.878516 0.662109
1 0.875 0.648438 0.871875 0.652344 0.871875 0.652832 0.871484 0.65332 0.871484 0.653809 0.870703 0.654785 0.870703 0.655273 0.870313 0.655762 0.870313 0.65625 0.869531 0.657227 0.869531 0.657715 0.867969 0.659668 0.867578 0.659668 0.865625 0.662109 0.865234 0.662109 0.862891 0.665039 0.8625 0.665039 0.860938 0.666992 0.860547 0.666992 0.859375 0.668457 0.858984 0.668457 0.858594 0.668945 0.858203 0.668945 0.854297 0.673828 0.854297 0.674316 0.851562 0.677734 0.851562 0.678223 0.851172 0.678711 0.850781 0.678711 0.85 0.679688 0.849609 0.679688 0.849219 0.680176 0.848828 0.680176 0.848047 0.681152 0.847656 0.681152 0.846875 0.682129 0.846484 0.682129 0.846094 0.682617 0.845703 0.682617 0.845313 0.683105 0.844531 0.683105 0.84375 0.684082 0.842578 0.684082 0.841797 0.685059 0.841406 0.685059 0.841016 0.685547 0.839844 0.685547 0.839063 0.686523 0.8375 0.686523 0.837109 0.687012 0.833203 0.687012 0.832812 0.686523 0.830469 0.686523 0.830078 0.686035 0.829297 0.686035 0.828906 0.685547 0.823828 0.685547 0.823438 0.685059 0.823047 0.685059 0.822656 0.68457 0.820703 0.68457 0.819531 0.686035 0.819531 0.688477 0.820312 0.689453 0.820312 0.689941 0.821484 0.691406 0.821875 0.691406 0.823438 0.693359 0.823828 0.693359 0.824219 0.693848 0.824609 0.693848 0.825391 0.694824 0.826562 0.694824 0.826953 0.695312 0.828906 0.695312 0.829297 0.695801 0.829688 0.695801 0.830078 0.696289 0.830859 0.696289 0.831641 0.697266 0.832422 0.697266 0.832812 0.697754 0.833203 0.697754 0.833984 0.69873 0.835938 0.69873 0.836328 0.699219 0.838281 0.699219 0.838672 0.699707 0.839844 0.699707 0.840234 0.700195 0.841016 0.700195 0.841406 0.700684 0.842969 0.700684 0.843359 0.701172 0.853516 0.701172 0.853906 0.700684 0.855469 0.700684 0.855859 0.700195 0.856641 0.700195 0.857031 0.699707 0.857812 0.699707 0.858203 0.699219 0.858984 0.699219 0.859375 0.69873 0.860156 0.69873 0.860938 0.697754 0.861328 0.697754 0.861719 0.697266 0.8625 0.697266 0.862891 0.696777 0.863281 0.696777 0.864062 0.695801 0.864844 0.695801 0.867578 0.692383 0.867578 0.691895 0.867969 0.691406 0.867969 0.69043 0.868359 0.689941 0.868359 0.688965 0.86875 0.688477 0.86875 0.6875 0.869141 0.687012 0.869141 0.685059 0.869531 0.68457 0.869531 0.683594 0.869922 0.683105 0.869922 0.681641 0.870313 0.681152 0.870313 0.680664 0.870703 0.680176 0.870703 0.679199 0.871094 0.678711 0.871094 0.677734 0.871875 0.676758 0.871875 0.675781 0.872266 0.675293 0.872266 0.674316 0.872656 0.673828 0.872656 0.672852 0.873047 0.672363 0.873047 0.671875 0.873437 0.671387 0.873437 0.670898 0.873828 0.67041 0.873828 0.669922 0.875 0.668457 0.875 0.666992 0.875391 0.666504 0.875391 0.665039 0.875781 0.664551 0.875781 0.663574 0.876563 0.662598 0.876563 0.661621 0.876953 0.661133 0.876953 0.660645 0.877344 0.660156 0.877344 0.65918 0.877734 0.658691 0.877734 0.657715 0.878125 0.657227 0.878125 0.655762 0.878516 0.655273 0.878516 0.651367 0.878125 0.650879 0.878125 0.649902 0.876953 0.648438
1 0.871484 0.62207 0.870313 0.623535 0.870313 0.634277 0.869922 0.634766 0.869922 0.635742 0.869531 0.63623 0.869531 0.637207 0.869141 0.637695 0.869141 0.638184 0.86875 0.638672 0.86875 0.639648 0.868359 0.640137 0.868359 0.641113 0.867969 0.641602 0.867969 0.64209 0.867578 0.642578 0.867578 0.643066 0.867188 0.643555 0.867188 0.644043 0.865234 0.646484 0.864844 0.646484 0.862891 0.648926 0.8625 0.648926 0.861328 0.650391 0.860938 0.650391 0.860156 0.651367 0.859766 0.651367 0.858594 0.652832 0.858203 0.652832 0.857812 0.65332 0.857031 0.65332 0.85625 0.654297 0.855859 0.654297 0.855078 0.655273 0.854688 0.655273 0.854297 0.655762 0.853516 0.655762 0.852734 0.656738 0.852344 0.656738 0.851953 0.657227 0.851562 0.657227 0.851172 0.657715 0.85 0.657715 0.849609 0.658203 0.849219 0.658203 0.848828 0.658691 0.847656 0.658691 0.847266 0.65918 0.846094 0.65918 0.845313 0.660156 0.844922 0.660156 0.844531 0.660645 0.842969 0.660645 0.842578 0.661133 0.841406 0.661133 0.840625 0.662109 0.840234 0.662109 0.839844 0.662598 0.838672 0.662598 0.837891 0.663574 0.837109 0.663574 0.836719 0.664062 0.836328 0.664062 0.835938 0.664551 0.835547 0.664551 0.834766 0.665527 0.834375 0.665527 0.833594 0.666504 0.832812 0.666504 0.831641 0.667969 0.83125 0.667969 0.830859 0.668457 0.830078 0.668457 0.828906 0.669922 0.828906 0.67041 0.826562 0.67334 0.826562 0.674316 0.826172 0.674805 0.826172 0.675781 0.825781 0.67627 0.825781 0.678223 0.825391 0.678711 0.825391 0.682617 0.825781 0.683105 0.825781 0.683594 0.826172 0.684082 0.826172 0.68457 0.827344 0.686035 0.830859 0.686035 0.832422 0.684082 0.832422 0.683105 0.832812 0.682617 0.832812 0.682129 0.833594 0.681152 0.833594 0.680664 0.834375 0.679688 0.834375 0.679199 0.834766 0.678711 0.835547 0.678711 0.836328 0.677734 0.836719 0.677734 0.8375 0.676758 0.837891 0.676758 0.838281 0.67627 0.838672 0.67627 0.839063 0.675781 0.841016 0.675781 0.841406 0.675293 0.846094 0.675293 0.846484 0.675781 0.846875 0.675781 0.847266 0.67627 0.856641 0.67627 0.857031 0.675781 0.858203 0.675781 0.858984 0.674805 0.859375 0.674805 0.860156 0.673828 0.860547 0.673828 0.860938 0.67334 0.861328 0.67334 0.8625 0.671875 0.862891 0.671875 0.864453 0.669922 0.864453 0.669434 0.864844 0.668945 0.865234 0.668945 0.867188 0.666504 0.867188 0.666016 0.869141 0.663574 0.869141 0.662598 0.871094 0.660156 0.871094 0.659668 0.871484 0.65918 0.871484 0.658691 0.872656 0.657227 0.872656 0.656738 0.873437 0.655762 0.873437 0.655273 0.874219 0.654297 0.874219 0.65332 0.875781 0.651367 0.875781 0.650391 0.876953 0.648926 0.876953 0.646973 0.877734 0.645996 0.877734 0.636719 0.877344 0.63623 0.877344 0.634766 0.876953 0.634277 0.876953 0.633301 0.875781 0.631836 0.875781 0.630859 0.875 0.629883 0.875 0.628906 0.874609 0.628418 0.874609 0.62793 0.874219 0.627441 0.874219 0.623535 0.873047 0.62207
1 0.866016 0.598145 0.864844 0.599609 0.864844 0.602539 0.864453 0.603027 0.864453 0.605957 0.864062 0.606445 0.864062 0.606934 0.863672 0.607422 0.863672 0.60791 0.8625 0.609375 0.8625 0.609863 0.862109 0.610352 0.862109 0.61084 0.859375 0.614258 0.859375 0.614746 0.856641 0.618164 0.856641 0.618652 0.85625 0.619141 0.855859 0.619141 0.850391 0.625977 0.850391 0.626465 0.847656 0.629883 0.847266 0.629883 0.846484 0.630859 0.845703 0.630859 0.844141 0.632812 0.84375 0.632812 0.843359 0.633301 0.842969 0.633301 0.841797 0.634766 0.841406 0.634766 0.840234 0.63623 0.839453 0.63623 0.838672 0.637207 0.838281 0.637207 0.837891 0.637695 0.8375 0.637695 0.836719 0.638672 0.836328 0.638672 0.835547 0.639648 0.835156 0.639648 0.833203 0.64209 0.832812 0.64209 0.830859 0.644531 0.830859 0.645508 0.830078 0.646484 0.830078 0.646973 0.829688 0.647461 0.829688 0.647949 0.828906 0.648926 0.828906 0.649902 0.828125 0.650879 0.828125 0.652344 0.827734 0.652832 0.827734 0.65332 0.827344 0.653809 0.827344 0.654785 0.826953 0.655273 0.826953 0.657715 0.826172 0.658691 0.826172 0.659668 0.825781 0.660156 0.825781 0.660645 0.825391 0.661133 0.825391 0.661621 0.824609 0.662598 0.824609 0.663574 0.824219 0.664062 0.824219 0.665039 0.823047 0.666504 0.823047 0.666992 0.822656 0.66748 0.822656 0.667969 0.822266 0.668457 0.822266 0.668945 0.821094 0.67041 0.821094 0.670898 0.819922 0.672363 0.819922 0.672852 0.819141 0.673828 0.819141 0.674316 0.817578 0.67627 0.817578 0.676758 0.817187 0.677246 0.817187 0.677734 0.816797 0.678223 0.816797 0.679199 0.816406 0.679688 0.816406 0.680176 0.816016 0.680664 0.816016 0.681152 0.815625 0.681641 0.815625 0.682617 0.815234 0.683105 0.815234 0.684082 0.814844 0.68457 0.814844 0.685547 0.814453 0.686035 0.814453 0.686523 0.814063 0.687012 0.814063 0.687988 0.813672 0.688477 0.813672 0.695801 0.814844 0.697266 0.816406 0.697266 0.817578 0.695801 0.817578 0.694336 0.818359 0.693359 0.818359 0.692871 0.81875 0.692383 0.81875 0.691406 0.819141 0.690918 0.819141 0.69043 0.820312 0.688965 0.820312 0.687988 0.820703 0.6875 0.820703 0.687012 0.821484 0.686035 0.821484 0.685059 0.822266 0.684082 0.822266 0.682617 0.823047 0.681641 0.823047 0.681152 0.823438 0.680664 0.823438 0.679199 0.824219 0.678223 0.824219 0.677734 0.824609 0.677246 0.824609 0.676758 0.826562 0.674316 0.826562 0.673828 0.827734 0.672363 0.828125 0.672363 0.828906 0.671387 0.829297 0.671387 0.829688 0.670898 0.830078 0.670898 0.83125 0.669434 0.831641 0.669434 0.832031 0.668945 0.832422 0.668945 0.836328 0.664062 0.836719 0.664062 0.838281 0.662109 0.838672 0.662109 0.839844 0.660645 0.840234 0.660645 0.841406 0.65918 0.841406 0.658691 0.841797 0.658203 0.842187 0.658203 0.847266 0.651855 0.847266 0.651367 0.848437 0.649902 0.848828 0.649902 0.85 0.648438 0.85 0.647949 0.850781 0.646973 0.851172 0.646973 0.854297 0.643066 0.854297 0.642578 0.855469 0.641113 0.855469 0.640625 0.85625 0.639648 0.85625 0.63916 0.856641 0.638672 0.856641 0.637695 0.857812 0.63623 0.857812 0.634766 0.858203 0.634277 0.858203 0.633301 0.858594 0.632812 0.858594 0.62793 0.858984 0.627441 0.858984 0.626465 0.859375 0.625977 0.859375 0.625488 0.859766 0.625 0.859766 0.624512 0.860547 0.623535 0.860547 0.622559 0.861328 0.621582 0.861328 0.621094 0.861719 0.620605 0.861719 0.620117 0.862109 0.619629 0.862109 0.619141 0.8625 0.618652 0.8625 0.617676 0.863281 0.616699 0.863281 0.616211 0.866406 0.612305 0.866406 0.611328 0.867188 0.610352 0.867188 0.609863 0.867578 0.609375 0.867578 0.608887 0.867969 0.608398 0.867969 0.60791 0.868359 0.607422 0.868359 0.604492 0.86875 0.604004 0.86875 0.599609 0.867578 0.598145
1 0.853125 0.584473 0.852734 0.584961 0.852344 0.584961 0.851172 0.586426 0.851172 0.588379 0.850781 0.588867 0.850781 0.589355 0.850391 0.589844 0.850391 0.59082 0.85 0.591309 0.85 0.592285 0.849609 0.592773 0.849609 0.593262 0.848828 0.594238 0.848828 0.594727 0.848437 0.595215 0.848437 0.595703 0.848047 0.596191 0.848047 0.59668 0.847656 0.597168 0.847656 0.597656 0.846875 0.598633 0.846875 0.599121 0.846094 0.600098 0.846094 0.600586 0.845703 0.601074 0.845703 0.601562 0.842187 0.605957 0.841797 0.605957 0.840234 0.60791 0.839844 0.60791 0.839453 0.608398 0.839063 0.608398 0.838672 0.608887 0.838281 0.608887 0.837891 0.609375 0.8375 0.609375 0.836719 0.610352 0.835938 0.610352 0.835547 0.61084 0.834766 0.61084 0.834375 0.611328 0.832812 0.611328 0.832031 0.612305 0.830859 0.612305 0.830078 0.613281 0.829688 0.613281 0.827734 0.615723 0.827344 0.615723 0.824219 0.619629 0.824219 0.620117 0.823828 0.620605 0.823828 0.621094 0.822656 0.622559 0.822656 0.623047 0.822266 0.623535 0.822266 0.624023 0.821875 0.624512 0.821875 0.625 0.821484 0.625488 0.821484 0.625977 0.821094 0.626465 0.821094 0.627441 0.820703 0.62793 0.820703 0.630371 0.819922 0.631348 0.819922 0.633789 0.819531 0.634277 0.819531 0.635254 0.819141 0.635742 0.819141 0.636719 0.81875 0.637207 0.81875 0.638184 0.818359 0.638672 0.818359 0.640625 0.817969 0.641113 0.817969 0.641602 0.817578 0.64209 0.817578 0.643555 0.817187 0.644043 0.817187 0.648438 0.818359 0.649902 0.819922 0.649902 0.821875 0.647461 0.821875 0.646973 0.823047 0.645508 0.823047 0.64502 0.823828 0.644043 0.823828 0.643555 0.825781 0.641113 0.826172 0.641113 0.828125 0.638672 0.828516 0.638672 0.835156 0.630371 0.835156 0.629883 0.836328 0.628418 0.836328 0.62793 0.836719 0.627441 0.836719 0.626953 0.839453 0.623535 0.839453 0.623047 0.839844 0.622559 0.839844 0.62207 0.840625 0.621094 0.840625 0.620605 0.842969 0.617676 0.842969 0.617188 0.84375 0.616211 0.84375 0.615723 0.844141 0.615234 0.844141 0.614746 0.844531 0.614258 0.844531 0.61377 0.845313 0.612793 0.845313 0.612305 0.846094 0.611328 0.846094 0.61084 0.846875 0.609863 0.846875 0.609375 0.848047 0.60791 0.848047 0.607422 0.848437 0.606934 0.848437 0.606445 0.849219 0.605469 0.849219 0.60498 0.850391 0.603516 0.850391 0.603027 0.850781 0.602539 0.850781 0.602051 0.851172 0.601562 0.851172 0.600098 0.852344 0.598633 0.852734 0.598633 0.853906 0.597168 0.854297 0.597168 0.854688 0.59668 0.855469 0.59668 0.855859 0.596191 0.855859 0.595703 0.858984 0.591797 0.858984 0.587891 0.857031 0.585449 0.856641 0.585449 0.855859 0.584473
1 0.8125 0.544434 0.811328 0.545898 0.811328 0.547852 0.812109 0.548828 0.812109 0.549316 0.813672 0.55127 0.814063 0.55127 0.814844 0.552246 0.814844 0.553223 0.816016 0.554688 0.816406 0.554688 0.816797 0.555176 0.817187 0.555176 0.817578 0.555664 0.817969 0.555664 0.819922 0.558105 0.819922 0.558594 0.820703 0.55957 0.820703 0.560547 0.821094 0.561035 0.821094 0.562988 0.821484 0.563477 0.821484 0.564453 0.821875 0.564941 0.821875 0.565918 0.822266 0.566406 0.822266 0.567383 0.822656 0.567871 0.822656 0.573242 0.823047 0.57373 0.823047 0.577637 0.823438 0.578125 0.823438 0.57959 0.823828 0.580078 0.823828 0.581543 0.824219 0.582031 0.824219 0.583984 0.824609 0.584473 0.824609 0.584961 0.825 0.585449 0.825 0.586426 0.825781 0.587402 0.825781 0.588379 0.826562 0.589355 0.826562 0.589844 0.827344 0.59082 0.827344 0.591797 0.828516 0.593262 0.828516 0.59375 0.829688 0.595215 0.830078 0.595215 0.830469 0.595703 0.83125 0.595703 0.831641 0.596191 0.832031 0.596191 0.832422 0.59668 0.833984 0.59668 0.834375 0.597168 0.845313 0.597168 0.845703 0.59668 0.846484 0.59668 0.847266 0.595703 0.847656 0.595703 0.848047 0.595215 0.848437 0.595215 0.849609 0.59375 0.85 0.59375 0.851953 0.591309 0.852344 0.591309 0.855078 0.587891 0.855078 0.587402 0.855859 0.586426 0.855859 0.585449 0.85625 0.584961 0.85625 0.58252 0.856641 0.582031 0.856641 0.577637 0.855469 0.576172 0.853125 0.576172 0.851562 0.578125 0.851562 0.579102 0.851172 0.57959 0.851172 0.580566 0.850781 0.581055 0.850781 0.581543 0.850391 0.582031 0.850391 0.58252 0.85 0.583008 0.85 0.583496 0.849609 0.583984 0.849609 0.584473 0.849219 0.584961 0.849219 0.585449 0.845703 0.589844 0.845313 0.589844 0.84375 0.591797 0.841016 0.588379 0.841016 0.587891 0.840625 0.587402 0.840625 0.586914 0.840234 0.586426 0.840234 0.585938 0.839844 0.585449 0.839844 0.584473 0.839453 0.583984 0.839453 0.581055 0.839063 0.580566 0.839063 0.57959 0.838672 0.579102 0.838672 0.576172 0.838281 0.575684 0.838281 0.575195 0.837891 0.574707 0.837891 0.573242 0.837109 0.572266 0.837109 0.571289 0.836719 0.570801 0.836719 0.569824 0.836328 0.569336 0.836328 0.568848 0.835938 0.568359 0.835938 0.567871 0.835156 0.566895 0.835156 0.565918 0.834766 0.56543 0.834766 0.564941 0.834375 0.564453 0.834375 0.562988 0.833594 0.562012 0.833594 0.561035 0.833203 0.560547 0.833203 0.560059 0.832422 0.559082 0.832422 0.558594 0.832031 0.558105 0.832031 0.557617 0.830859 0.556152 0.830859 0.555664 0.829297 0.553711 0.828906 0.553711 0.828516 0.553223 0.828125 0.553223 0.827344 0.552246 0.825781 0.552246 0.825391 0.551758 0.824219 0.551758 0.823828 0.55127 0.821484 0.55127 0.821094 0.550781 0.819531 0.550781 0.81875 0.549805 0.818359 0.549805 0.814063 0.544434
1 0.615625 0.537109 0.615234 0.537598 0.614844 0.537598 0.613672 0.539062 0.613672 0.552246 0.614062 0.552734 0.614062 0.554688 0.614844 0.555664 0.614844 0.557617 0.615234 0.558105 0.615234 0.559082 0.616016 0.560059 0.616016 0.561035 0.617578 0.562988 0.617578 0.563477 0.61875 0.564941 0.61875 0.56543 0.619531 0.566406 0.619531 0.566895 0.619922 0.567383 0.619922 0.567871 0.620313 0.568359 0.620313 0.568848 0.621094 0.569824 0.621094 0.570312 0.622656 0.572266 0.622656 0.572754 0.623828 0.574219 0.623828 0.574707 0.625391 0.57666 0.625391 0.577148 0.626563 0.578613 0.626953 0.578613 0.628125 0.580078 0.628516 0.580078 0.629297 0.581055 0.629687 0.581055 0.630469 0.582031 0.630859 0.582031 0.63125 0.58252 0.632031 0.58252 0.632422 0.583008 0.633594 0.583008 0.633984 0.583496 0.634375 0.583496 0.634766 0.583984 0.635547 0.583984 0.635938 0.584473 0.636719 0.584473 0.637109 0.584961 0.637891 0.584961 0.638281 0.585449 0.639062 0.585449 0.639453 0.585938 0.641016 0.585938 0.641406 0.586426 0.642578 0.586426 0.642969 0.586914 0.64375 0.586914 0.644141 0.587402 0.644922 0.587402 0.645312 0.587891 0.646484 0.587891 0.646875 0.588379 0.647266 0.588379 0.647656 0.588867 0.648438 0.588867 0.648828 0.589355 0.651953 0.589355 0.652734 0.590332 0.660937 0.590332 0.661328 0.589844 0.663281 0.589844 0.663672 0.589355 0.664844 0.589355 0.666016 0.587891 0.666016 0.585938 0.664844 0.584473 0.661719 0.584473 0.660937 0.583496 0.658984 0.583496 0.658594 0.583008 0.657813 0.583008 0.657422 0.58252 0.65625 0.58252 0.655859 0.582031 0.654687 0.582031 0.653906 0.581055 0.652734 0.581055 0.651953 0.580078 0.651172 0.580078 0.648438 0.57666 0.648438 0.576172 0.646484 0.57373 0.646484 0.573242 0.645312 0.571777 0.644922 0.571777 0.642578 0.568848 0.642188 0.568848 0.641016 0.567383 0.640234 0.567383 0.638672 0.56543 0.638281 0.56543 0.637891 0.564941 0.6375 0.564941 0.633594 0.560059 0.633594 0.55957 0.632422 0.558105 0.632422 0.557617 0.629687 0.554199 0.629297 0.554199 0.628906 0.553711 0.628516 0.553711 0.628125 0.553223 0.627734 0.553223 0.626563 0.551758 0.626172 0.551758 0.625391 0.550781 0.625391 0.550293 0.624609 0.549316 0.624609 0.548828 0.623828 0.547852 0.623828 0.546875 0.623437 0.546387 0.623437 0.545898 0.622656 0.544922 0.622656 0.544434 0.620703 0.541992 0.620313 0.541992 0.618359 0.539551 0.618359 0.538574 0.617188 0.537109
1 0.556641 0.396484 0.555469 0.397949 0.555078 0.397949 0.553906 0.399414 0.553516 0.399414 0.552734 0.400391 0.552344 0.400391 0.551172 0.401855 0.550781 0.401855 0.550391 0.402344 0.55 0.402344 0.549219 0.40332 0.548828 0.40332 0.547656 0.404785 0.546875 0.404785 0.546484 0.405273 0.545703 0.405273 0.545312 0.405762 0.54375 0.405762 0.543359 0.40625 0.536719 0.40625 0.536328 0.405762 0.535156 0.405762 0.534766 0.405273 0.534375 0.405273 0.533984 0.404785 0.533594 0.404785 0.533203 0.404297 0.532813 0.404297 0.532422 0.403809 0.530859 0.403809 0.530469 0.40332 0.525781 0.40332 0.525391 0.403809 0.525 0.403809 0.522656 0.406738 0.522266 0.406738 0.521094 0.408203 0.521094 0.408691 0.518359 0.412109 0.518359 0.412598 0.517578 0.413574 0.517578 0.414062 0.516797 0.415039 0.516797 0.416016 0.516016 0.416992 0.516016 0.41748 0.515625 0.417969 0.515625 0.418945 0.515234 0.419434 0.515234 0.42041 0.514844 0.420898 0.514844 0.421875 0.514453 0.422363 0.514453 0.42334 0.514062 0.423828 0.514062 0.425293 0.513672 0.425781 0.513672 0.426758 0.513281 0.427246 0.513281 0.428711 0.512891 0.429199 0.512891 0.432617 0.512109 0.433594 0.512109 0.443359 0.511719 0.443848 0.511719 0.458496 0.511328 0.458984 0.511328 0.461426 0.510938 0.461914 0.510938 0.463379 0.510547 0.463867 0.510547 0.467285 0.511719 0.46875 0.513281 0.46875 0.514844 0.466797 0.514844 0.464355 0.515234 0.463867 0.515234 0.463379 0.515625 0.462891 0.515625 0.462402 0.516016 0.461914 0.516016 0.460938 0.516797 0.459961 0.516797 0.458984 0.517188 0.458496 0.517188 0.45752 0.517578 0.457031 0.517578 0.456543 0.518359 0.455566 0.518359 0.455078 0.519531 0.453613 0.519531 0.453125 0.520312 0.452148 0.520312 0.45166 0.520703 0.451172 0.520703 0.450684 0.522266 0.44873 0.522266 0.447754 0.523047 0.446777 0.523047 0.446289 0.523438 0.445801 0.523438 0.445312 0.523828 0.444824 0.523828 0.444336 0.524609 0.443359 0.524609 0.442871 0.525 0.442383 0.525 0.440918 0.525391 0.44043 0.525391 0.439941 0.525781 0.439453 0.525781 0.437988 0.526172 0.4375 0.526172 0.436523 0.526563 0.436035 0.526563 0.435547 0.526953 0.435059 0.526953 0.43457 0.527344 0.434082 0.527344 0.432129 0.527734 0.431641 0.527734 0.431152 0.528125 0.430664 0.528125 0.430176 0.528516 0.429688 0.528516 0.429199 0.528906 0.428711 0.528906 0.427734 0.529297 0.427246 0.529297 0.426758 0.529687 0.42627 0.529687 0.425293 0.531641 0.422852 0.531641 0.422363 0.532422 0.421387 0.532422 0.420898 0.533203 0.419922 0.533203 0.419434 0.534766 0.41748 0.535156 0.41748 0.535937 0.416504 0.536719 0.416504 0.537109 0.416016 0.5375 0.416016 0.537891 0.415527 0.538672 0.415527 0.539453 0.414551 0.540625 0.414551 0.541016 0.414062 0.541797 0.414062 0.542578 0.413086 0.54375 0.413086 0.544141 0.412598 0.544922 0.412598 0.545703 0.411621 0.546484 0.411621 0.546875 0.411133 0.547656 0.411133 0.548438 0.410156 0.548828 0.410156 0.550391 0.408203 0.550781 0.408203 0.551953 0.406738 0.552344 0.406738 0.552734 0.40625 0.553125 0.40625 0.553516 0.405762 0.553906 0.405762 0.554297 0.405273 0.554688 0.405273 0.556641 0.402832 0.557031 0.402832 0.558203 0.401367 0.558984 0.401367 0.560156 0.399902 0.560156 0.397949 0.558984 0.396484
1 0.574609 0.393555 0.573438 0.39502 0.573438 0.405762 0.573047 0.40625 0.573047 0.407227 0.572656 0.407715 0.572656 0.40918 0.572266 0.409668 0.572266 0.410645 0.570703 0.412598 0.569922 0.412598 0.569141 0.413574 0.567969 0.413574 0.567578 0.414062 0.567187 0.414062 0.566016 0.415527 0.564844 0.415527 0.564063 0.416504 0.563672 0.416504 0.563281 0.416992 0.5625 0.416992 0.562109 0.41748 0.561719 0.41748 0.561328 0.417969 0.560547 0.417969 0.560156 0.418457 0.559375 0.418457 0.558594 0.419434 0.557422 0.419434 0.557031 0.419922 0.555859 0.419922 0.555469 0.42041 0.555078 0.42041 0.554688 0.420898 0.554297 0.420898 0.553906 0.421387 0.553125 0.421387 0.552734 0.421875 0.551953 0.421875 0.551562 0.422363 0.551172 0.422363 0.550781 0.422852 0.549609 0.422852 0.548828 0.423828 0.548047 0.423828 0.546875 0.425293 0.546484 0.425293 0.544531 0.427734 0.544141 0.427734 0.542969 0.429199 0.542969 0.429688 0.542188 0.430664 0.542188 0.431152 0.540234 0.433594 0.540234 0.434082 0.538672 0.436035 0.538672 0.436523 0.535156 0.440918 0.534766 0.440918 0.53125 0.445312 0.53125 0.445801 0.528125 0.449707 0.528125 0.450195 0.526563 0.452148 0.526563 0.452637 0.526172 0.453125 0.526172 0.456055 0.527734 0.458008 0.529687 0.458008 0.530078 0.45752 0.530469 0.45752 0.530859 0.457031 0.53125 0.457031 0.532031 0.456055 0.532422 0.456055 0.532813 0.455566 0.533203 0.455566 0.534375 0.454102 0.535547 0.454102 0.536328 0.453125 0.536719 0.453125 0.537109 0.452637 0.538672 0.452637 0.539062 0.452148 0.539844 0.452148 0.540234 0.45166 0.540625 0.45166 0.541406 0.450684 0.541797 0.450684 0.542188 0.450195 0.542578 0.450195 0.543359 0.449219 0.54375 0.449219 0.544141 0.44873 0.544922 0.44873 0.546094 0.447266 0.547266 0.447266 0.547656 0.446777 0.548047 0.446777 0.548828 0.445801 0.55 0.445801 0.550391 0.445312 0.550781 0.445312 0.551172 0.444824 0.552734 0.444824 0.553125 0.444336 0.554297 0.444336 0.554688 0.443848 0.555859 0.443848 0.55625 0.443359 0.556641 0.443359 0.557422 0.442383 0.558203 0.442383 0.558594 0.441895 0.558984 0.441895 0.559766 0.440918 0.560156 0.440918 0.560547 0.44043 0.560937 0.44043 0.563281 0.4375 0.563672 0.4375 0.565234 0.435547 0.565625 0.435547 0.567187 0.433594 0.567578 0.433594 0.569922 0.430664 0.569922 0.430176 0.570312 0.429688 0.570312 0.429199 0.571094 0.428223 0.571094 0.427734 0.571875 0.426758 0.571875 0.42627 0.572266 0.425781 0.572266 0.425293 0.573047 0.424316 0.573047 0.423828 0.577344 0.418457 0.577344 0.417969 0.578125 0.416992 0.578125 0.416504 0.578516 0.416016 0.578516 0.400391 0.578125 0.399902 0.578125 0.397949 0.577734 0.397461 0.577734 0.396973 0.577344 0.396484 0.577344 0.39502 0.576172 0.393555
1 0.613281 0.372559 0.612891 0.373047 0.610547 0.373047 0.610156 0.373535 0.608984 0.373535 0.608594 0.374023 0.607422 0.374023 0.607031 0.374512 0.605469 0.374512 0.605078 0.375 0.604297 0.375 0.603906 0.375488 0.602734 0.375488 0.602344 0.375977 0.600391 0.375977 0.6 0.376465 0.598047 0.376465 0.597656 0.376953 0.596484 0.376953 0.596094 0.377441 0.594141 0.377441 0.59375 0.37793 0.592187 0.37793 0.591797 0.378418 0.591016 0.378418 0.590625 0.378906 0.588281 0.378906 0.587891 0.379395 0.587109 0.379395 0.586719 0.379883 0.585547 0.379883 0.585156 0.380371 0.582422 0.380371 0.582031 0.380859 0.580078 0.380859 0.579688 0.381348 0.578516 0.381348 0.578125 0.381836 0.574609 0.381836 0.574219 0.382324 0.573047 0.382324 0.572656 0.382812 0.572266 0.382812 0.570703 0.384766 0.570703 0.387207 0.571875 0.388672 0.573438 0.388672 0.573828 0.388184 0.582031 0.388184 0.582422 0.388672 0.583594 0.388672 0.583984 0.38916 0.584766 0.38916 0.585156 0.389648 0.585938 0.389648 0.586719 0.390625 0.587891 0.390625 0.588281 0.391113 0.589063 0.391113 0.589453 0.391602 0.590625 0.391602 0.591016 0.39209 0.592187 0.39209 0.592578 0.392578 0.593359 0.392578 0.59375 0.393066 0.604297 0.393066 0.604688 0.392578 0.605859 0.392578 0.60625 0.39209 0.608594 0.39209 0.608984 0.391602 0.610156 0.391602 0.610547 0.391113 0.6125 0.391113 0.612891 0.390625 0.623828 0.390625 0.624219 0.390137 0.625391 0.390137 0.625781 0.389648 0.626953 0.389648 0.627344 0.38916 0.628125 0.38916 0.628516 0.388672 0.629297 0.388672 0.629687 0.388184 0.630469 0.388184 0.630859 0.387695 0.631641 0.387695 0.632031 0.387207 0.632422 0.387207 0.632812 0.386719 0.633594 0.386719 0.634375 0.385742 0.634766 0.385742 0.636719 0.383301 0.636719 0.382812 0.637109 0.382324 0.637109 0.381348 0.6375 0.380859 0.6375 0.379883 0.637891 0.379395 0.637891 0.376953 0.636719 0.375488 0.628516 0.375488 0.628125 0.375 0.627734 0.375 0.627344 0.374512 0.626953 0.374512 0.626563 0.374023 0.626172 0.374023 0.625781 0.373535 0.624609 0.373535 0.624219 0.373047 0.623437 0.373047 0.623047 0.372559
1 0.682422 0.135742 0.682031 0.13623 0.680469 0.13623 0.680078 0.136719 0.679297 0.136719 0.678906 0.137207 0.678125 0.137207 0.677344 0.138184 0.676562 0.138184 0.675781 0.13916 0.675391 0.13916 0.674609 0.140137 0.674219 0.140137 0.672656 0.14209 0.672266 0.14209 0.671875 0.142578 0.671484 0.142578 0.671094 0.143066 0.670703 0.143066 0.669531 0.144531 0.669141 0.144531 0.667578 0.146484 0.666797 0.146484 0.665625 0.147949 0.665234 0.147949 0.664453 0.148926 0.664062 0.148926 0.661719 0.151855 0.661328 0.151855 0.660547 0.152832 0.660156 0.152832 0.657031 0.156738 0.656641 0.156738 0.654297 0.159668 0.653906 0.159668 0.65 0.164551 0.649609 0.164551 0.648438 0.166016 0.648438 0.168945 0.649609 0.17041 0.651172 0.17041 0.651563 0.169922 0.651953 0.169922 0.653125 0.168457 0.653516 0.168457 0.654687 0.166992 0.655078 0.166992 0.655859 0.166016 0.65625 0.166016 0.658984 0.162598 0.659375 0.162598 0.659766 0.162109 0.660156 0.162109 0.660937 0.161133 0.661328 0.161133 0.662109 0.160156 0.6625 0.160156 0.662891 0.159668 0.663672 0.159668 0.664844 0.158203 0.665625 0.158203 0.666016 0.157715 0.666797 0.157715 0.667188 0.157227 0.66875 0.157227 0.669141 0.156738 0.670312 0.156738 0.670703 0.15625 0.671875 0.15625 0.672266 0.155762 0.704688 0.155762 0.705078 0.155273 0.705859 0.155273 0.706641 0.154297 0.708984 0.154297 0.709375 0.153809 0.710156 0.153809 0.710547 0.15332 0.710938 0.15332 0.711328 0.152832 0.711719 0.152832 0.712109 0.152344 0.7125 0.152344 0.712891 0.151855 0.713672 0.151855 0.714063 0.151367 0.714453 0.151367 0.714844 0.150879 0.715625 0.150879 0.716016 0.150391 0.716797 0.150391 0.717187 0.149902 0.717969 0.149902 0.718359 0.149414 0.719922 0.149414 0.720313 0.148926 0.721484 0.148926 0.721875 0.148438 0.723828 0.148438 0.724219 0.147949 0.727344 0.147949 0.727734 0.147461 0.729688 0.147461 0.730078 0.146973 0.730859 0.146973 0.73125 0.146484 0.731641 0.146484 0.732422 0.145508 0.732812 0.145508 0.735156 0.142578 0.735156 0.140137 0.733984 0.138672 0.733203 0.138672 0.732812 0.138184 0.732422 0.138184 0.732031 0.137695 0.726953 0.137695 0.726172 0.138672 0.725 0.138672 0.724609 0.13916 0.701953 0.13916 0.701562 0.138672 0.7 0.138672 0.699609 0.138184 0.698438 0.138184 0.698047 0.137695 0.696484 0.137695 0.696094 0.137207 0.694141 0.137207 0.69375 0.136719 0.691406 0.136719 0.691016 0.13623 0.688281 0.13623 0.687891 0.135742
1 0.719922 0.424805 0.719531 0.425293 0.719141 0.425293 0.716797 0.428223 0.716797 0.428711 0.711719 0.435059 0.711719 0.435547 0.710938 0.436523 0.710547 0.436523 0.709375 0.437988 0.709375 0.438477 0.706641 0.441895 0.706641 0.442383 0.70625 0.442871 0.705859 0.442871 0.704688 0.444336 0.704688 0.444824 0.704297 0.445312 0.704297 0.445801 0.703125 0.447266 0.702734 0.447266 0.700781 0.449707 0.700781 0.450195 0.699219 0.452148 0.699219 0.452637 0.696094 0.456543 0.696094 0.457031 0.694922 0.458496 0.694922 0.458984 0.694141 0.459961 0.694141 0.460449 0.69375 0.460938 0.69375 0.461426 0.692969 0.462402 0.692969 0.462891 0.692578 0.463379 0.692578 0.463867 0.692187 0.464355 0.692187 0.464844 0.691797 0.465332 0.691797 0.46582 0.691406 0.466309 0.691406 0.466797 0.691016 0.467285 0.691016 0.46875 0.690234 0.469727 0.690234 0.470703 0.689844 0.471191 0.689844 0.472656 0.689453 0.473145 0.689453 0.473633 0.689063 0.474121 0.689063 0.475098 0.688672 0.475586 0.688672 0.476074 0.688281 0.476562 0.688281 0.478516 0.687891 0.479004 0.687891 0.47998 0.687109 0.480957 0.687109 0.481934 0.685937 0.483398 0.685937 0.483887 0.685547 0.484375 0.685547 0.484863 0.684766 0.48584 0.684766 0.486816 0.68125 0.491211 0.68125 0.493164 0.682422 0.494629 0.683984 0.494629 0.684766 0.493652 0.685156 0.493652 0.685547 0.493164 0.685937 0.493164 0.686328 0.492676 0.686719 0.492676 0.687109 0.492188 0.688281 0.492188 0.688672 0.491699 0.689063 0.491699 0.689844 0.490723 0.690625 0.490723 0.691406 0.489746 0.692187 0.489746 0.692969 0.48877 0.693359 0.48877 0.69375 0.488281 0.694141 0.488281 0.695312 0.486816 0.695703 0.486816 0.696875 0.485352 0.697266 0.485352 0.698828 0.483398 0.699219 0.483398 0.701172 0.480957 0.701562 0.480957 0.702344 0.47998 0.702734 0.47998 0.704297 0.478027 0.704688 0.478027 0.705859 0.476562 0.70625 0.476562 0.707422 0.475098 0.707812 0.475098 0.709766 0.472656 0.710156 0.472656 0.711328 0.471191 0.711328 0.470703 0.712109 0.469727 0.712109 0.469238 0.714453 0.466309 0.714453 0.465332 0.716406 0.462891 0.716406 0.462402 0.717187 0.461426 0.717187 0.460449 0.717578 0.459961 0.717578 0.459473 0.718359 0.458496 0.718359 0.457031 0.71875 0.456543 0.71875 0.456055 0.719141 0.455566 0.719141 0.453613 0.719531 0.453125 0.719531 0.447266 0.719922 0.446777 0.719922 0.444824 0.720313 0.444336 0.720313 0.439453 0.720703 0.438965 0.720703 0.4375 0.721094 0.437012 0.721094 0.435059 0.721484 0.43457 0.721484 0.433105 0.721875 0.432617 0.721875 0.430176 0.722266 0.429688 0.722266 0.428711 0.722656 0.428223 0.722656 0.42627 0.721484 0.424805
1 0.714063 0.362305 0.712891 0.36377 0.712891 0.369629 0.713281 0.370117 0.713281 0.372559 0.713672 0.373047 0.713672 0.375 0.714453 0.375977 0.714453 0.376465 0.714844 0.376953 0.714844 0.378418 0.715234 0.378906 0.715234 0.379883 0.716016 0.380859 0.716016 0.381348 0.716797 0.382324 0.716797 0.382812 0.717187 0.383301 0.717187 0.383789 0.719531 0.386719 0.719922 0.386719 0.721484 0.388672 0.722266 0.388672 0.722656 0.38916 0.723047 0.38916 0.723828 0.390137 0.724609 0.390137 0.725 0.390625 0.725391 0.390625 0.726172 0.391602 0.726953 0.391602 0.727344 0.39209 0.727734 0.39209 0.728125 0.392578 0.728516 0.392578 0.731641 0.396484 0.732031 0.396484 0.733594 0.398438 0.734375 0.398438 0.738672 0.403809 0.738672 0.404297 0.739453 0.405273 0.739453 0.405762 0.740625 0.407227 0.740625 0.407715 0.741016 0.408203 0.741016 0.409668 0.742188 0.411133 0.742188 0.411621 0.742969 0.412598 0.742969 0.413086 0.744141 0.414551 0.744141 0.415039 0.746484 0.417969 0.746484 0.418457 0.748828 0.421387 0.748828 0.421875 0.750781 0.424316 0.751172 0.424316 0.752344 0.425781 0.752734 0.425781 0.753125 0.42627 0.755859 0.42627 0.75625 0.425781 0.756641 0.425781 0.757422 0.424805 0.758203 0.424805 0.759375 0.42334 0.759375 0.422852 0.759766 0.422363 0.759766 0.417969 0.758203 0.416016 0.758203 0.415527 0.757031 0.414062 0.756641 0.414062 0.75625 0.413574 0.755859 0.413574 0.754687 0.412109 0.754297 0.412109 0.753906 0.411621 0.753906 0.411133 0.753516 0.410645 0.753516 0.410156 0.752734 0.40918 0.752734 0.405273 0.752344 0.404785 0.752344 0.395508 0.751563 0.394531 0.751563 0.390625 0.750391 0.38916 0.750391 0.388184 0.75 0.387695 0.75 0.387207 0.749219 0.38623 0.749219 0.385742 0.748047 0.384277 0.748047 0.383789 0.745313 0.380371 0.744922 0.380371 0.744531 0.379883 0.744141 0.379883 0.74375 0.379395 0.742969 0.379395 0.742578 0.378906 0.741797 0.378906 0.741406 0.378418 0.738281 0.378418 0.737891 0.37793 0.726562 0.37793 0.726172 0.377441 0.725781 0.377441 0.725391 0.376953 0.725 0.376953 0.723828 0.375488 0.723437 0.375488 0.723047 0.375 0.722656 0.375 0.721875 0.374023 0.721875 0.373535 0.720703 0.37207 0.720703 0.371582 0.719531 0.370117 0.719531 0.369629 0.71875 0.368652 0.71875 0.368164 0.717578 0.366699 0.717578 0.366211 0.717187 0.365723 0.717187 0.364746 0.716797 0.364258 0.716797 0.36377 0.715625 0.362305
1 0.746875 0.34082 0.746484 0.341309 0.746094 0.341309 0.744922 0.342773 0.744531 0.342773 0.743359 0.344238 0.743359 0.344727 0.742188 0.346191 0.742188 0.347168 0.741016 0.348633 0.741016 0.349121 0.740625 0.349609 0.740625 0.350586 0.739844 0.351562 0.739844 0.352539 0.738672 0.354004 0.738672 0.35498 0.737891 0.355957 0.737891 0.356445 0.7375 0.356934 0.7375 0.35791 0.736328 0.359375 0.736328 0.359863 0.735547 0.36084 0.735547 0.361816 0.735156 0.362305 0.735156 0.362793 0.734766 0.363281 0.734766 0.36377 0.733984 0.364746 0.733984 0.365723 0.733594 0.366211 0.733594 0.366699 0.732422 0.368164 0.732422 0.369141 0.731641 0.370117 0.731641 0.370605 0.73125 0.371094 0.73125 0.371582 0.729688 0.373535 0.729688 0.374512 0.728906 0.375488 0.728906 0.375977 0.728516 0.376465 0.728516 0.376953 0.728125 0.377441 0.728125 0.37793 0.727344 0.378906 0.727344 0.379395 0.726953 0.379883 0.726953 0.380859 0.726172 0.381836 0.726172 0.382324 0.725781 0.382812 0.725781 0.383301 0.725391 0.383789 0.725391 0.384277 0.725 0.384766 0.725 0.385742 0.724219 0.386719 0.724219 0.387207 0.723047 0.388672 0.723047 0.389648 0.722266 0.390625 0.722266 0.391113 0.721875 0.391602 0.721875 0.39209 0.721484 0.392578 0.721484 0.393555 0.721094 0.394043 0.721094 0.394531 0.720703 0.39502 0.720703 0.396484 0.720313 0.396973 0.720313 0.397461 0.719922 0.397949 0.719922 0.399414 0.719531 0.399902 0.719531 0.401367 0.719141 0.401855 0.719141 0.403809 0.71875 0.404297 0.71875 0.40625 0.718359 0.406738 0.718359 0.40918 0.717969 0.409668 0.717969 0.412109 0.717578 0.412598 0.717578 0.438477 0.717969 0.438965 0.717969 0.439941 0.719141 0.441406 0.720703 0.441406 0.721875 0.439941 0.721875 0.430176 0.722266 0.429688 0.722266 0.429199 0.722656 0.428711 0.722656 0.427734 0.723047 0.427246 0.723047 0.425781 0.723437 0.425293 0.723437 0.424316 0.723828 0.423828 0.723828 0.422363 0.724219 0.421875 0.724219 0.419434 0.724609 0.418945 0.724609 0.41748 0.725 0.416992 0.725 0.416016 0.725391 0.415527 0.725391 0.414551 0.726172 0.413574 0.726172 0.412598 0.726562 0.412109 0.726562 0.411621 0.726953 0.411133 0.726953 0.410645 0.727734 0.409668 0.727734 0.408203 0.728516 0.407227 0.728516 0.40625 0.728906 0.405762 0.728906 0.405273 0.729688 0.404297 0.729688 0.403809 0.730859 0.402344 0.730859 0.401855 0.731641 0.400879 0.731641 0.400391 0.732422 0.399414 0.732422 0.398926 0.733984 0.396973 0.733984 0.396484 0.737109 0.392578 0.7375 0.392578 0.739844 0.389648 0.740234 0.389648 0.741406 0.388184 0.741406 0.387695 0.742188 0.386719 0.742188 0.38623 0.742969 0.385254 0.742969 0.383789 0.743359 0.383301 0.743359 0.382812 0.744531 0.381348 0.744531 0.380371 0.744922 0.379883 0.744922 0.378906 0.745313 0.378418 0.745313 0.376953 0.745703 0.376465 0.745703 0.375 0.746094 0.374512 0.746094 0.371582 0.746484 0.371094 0.746484 0.369141 0.746875 0.368652 0.746875 0.365723 0.747266 0.365234 0.747266 0.362305 0.747656 0.361816 0.747656 0.359863 0.748047 0.359375 0.748047 0.356934 0.748437 0.356445 0.748437 0.355957 0.748828 0.355469 0.748828 0.354004 0.749219 0.353516 0.749219 0.351562 0.749609 0.351074 0.749609 0.342285 0.748437 0.34082
1 0.798438 0.366211 0.796875 0.368164 0.796484 0.368164 0.795312 0.369629 0.794922 0.369629 0.794531 0.370117 0.794141 0.370117 0.79375 0.370605 0.792969 0.370605 0.792578 0.371094 0.791797 0.371094 0.791406 0.371582 0.791016 0.371582 0.790625 0.37207 0.789844 0.37207 0.789453 0.372559 0.789062 0.372559 0.788672 0.373047 0.785937 0.373047 0.785547 0.373535 0.783203 0.373535 0.782813 0.374023 0.778906 0.374023 0.778516 0.374512 0.773047 0.374512 0.772656 0.375 0.770312 0.375 0.769922 0.375488 0.76875 0.375488 0.768359 0.375977 0.767969 0.375977 0.767578 0.376465 0.766797 0.376465 0.766406 0.376953 0.765625 0.376953 0.764453 0.378418 0.764062 0.378418 0.763281 0.379395 0.7625 0.379395 0.761328 0.380859 0.760938 0.380859 0.759766 0.382324 0.759766 0.382812 0.754687 0.38916 0.754687 0.389648 0.754297 0.390137 0.754297 0.390625 0.752734 0.392578 0.752734 0.393555 0.751172 0.395508 0.751172 0.395996 0.750781 0.396484 0.750781 0.396973 0.750391 0.397461 0.750391 0.397949 0.75 0.398438 0.75 0.399902 0.749609 0.400391 0.749609 0.407227 0.75 0.407715 0.75 0.408691 0.750391 0.40918 0.750391 0.410156 0.751172 0.411133 0.751172 0.411621 0.751953 0.412598 0.751953 0.413086 0.753516 0.415039 0.753906 0.415039 0.754297 0.415527 0.754687 0.415527 0.755859 0.416992 0.758984 0.416992 0.759375 0.41748 0.761719 0.41748 0.762109 0.416992 0.762891 0.416992 0.764062 0.415527 0.764062 0.409668 0.762891 0.408203 0.762891 0.407715 0.7625 0.407227 0.7625 0.405762 0.762109 0.405273 0.762109 0.404785 0.761719 0.404297 0.761719 0.399902 0.7625 0.398926 0.7625 0.398438 0.762891 0.397949 0.762891 0.397461 0.764453 0.395508 0.764844 0.395508 0.766016 0.394043 0.766406 0.394043 0.766797 0.393555 0.767188 0.393555 0.767578 0.393066 0.767969 0.393066 0.768359 0.392578 0.76875 0.392578 0.769141 0.39209 0.770703 0.39209 0.771094 0.391602 0.771875 0.391602 0.772266 0.391113 0.773047 0.391113 0.773828 0.390137 0.777734 0.390137 0.778125 0.389648 0.778516 0.389648 0.778906 0.38916 0.779297 0.38916 0.779687 0.388672 0.78125 0.388672 0.782031 0.387695 0.782422 0.387695 0.782813 0.387207 0.783594 0.387207 0.783984 0.386719 0.784375 0.386719 0.785156 0.385742 0.785547 0.385742 0.785937 0.385254 0.786328 0.385254 0.787109 0.384277 0.7875 0.384277 0.788281 0.383301 0.788672 0.383301 0.789062 0.382812 0.789453 0.382812 0.790234 0.381836 0.791016 0.381836 0.791406 0.381348 0.792188 0.381348 0.792969 0.380371 0.793359 0.380371 0.79375 0.379883 0.794141 0.379883 0.794531 0.379395 0.794922 0.379395 0.795312 0.378906 0.795703 0.378906 0.796484 0.37793 0.796875 0.37793 0.798438 0.375977 0.798438 0.375488 0.800391 0.373047 0.800391 0.372559 0.801172 0.371582 0.801172 0.367676 0.8 0.366211
1 0.803906 0.341797 0.802734 0.343262 0.802734 0.347168 0.802344 0.347656 0.802344 0.349609 0.801953 0.350098 0.801953 0.352051 0.801562 0.352539 0.801562 0.353516 0.800781 0.354492 0.800781 0.355469 0.800391 0.355957 0.800391 0.356445 0.799609 0.357422 0.799609 0.358398 0.798828 0.359375 0.798828 0.36084 0.798438 0.361328 0.798438 0.362305 0.797656 0.363281 0.797656 0.36377 0.797266 0.364258 0.797266 0.365234 0.796875 0.365723 0.796875 0.366211 0.796484 0.366699 0.796484 0.367188 0.796094 0.367676 0.796094 0.368164 0.795703 0.368652 0.795703 0.369141 0.795312 0.369629 0.795312 0.370117 0.794922 0.370605 0.794922 0.371582 0.794531 0.37207 0.794531 0.372559 0.794141 0.373047 0.794141 0.374023 0.79375 0.374512 0.79375 0.375488 0.793359 0.375977 0.793359 0.376953 0.792969 0.377441 0.792969 0.394043 0.792578 0.394531 0.792578 0.397949 0.792188 0.398438 0.792188 0.399414 0.791797 0.399902 0.791797 0.405273 0.791406 0.405762 0.791406 0.410645 0.791016 0.411133 0.791016 0.411621 0.790625 0.412109 0.790625 0.413574 0.790234 0.414062 0.790234 0.415039 0.789844 0.415527 0.789844 0.416016 0.789453 0.416504 0.789453 0.41748 0.789062 0.417969 0.789062 0.418945 0.788672 0.419434 0.788672 0.419922 0.788281 0.42041 0.788281 0.421875 0.7875 0.422852 0.7875 0.424805 0.786719 0.425781 0.786719 0.426758 0.786328 0.427246 0.786328 0.427734 0.785937 0.428223 0.785937 0.429199 0.784766 0.430664 0.784766 0.432129 0.783594 0.433594 0.783594 0.436035 0.783203 0.436523 0.783203 0.44043 0.784375 0.441895 0.785937 0.441895 0.7875 0.439941 0.7875 0.438965 0.788281 0.437988 0.788281 0.4375 0.788672 0.437012 0.788672 0.436035 0.789844 0.43457 0.789844 0.434082 0.790234 0.433594 0.790234 0.432617 0.791016 0.431641 0.791016 0.430664 0.792188 0.429199 0.792188 0.428711 0.792578 0.428223 0.792578 0.427734 0.792969 0.427246 0.792969 0.426758 0.794141 0.425293 0.794141 0.424316 0.794922 0.42334 0.794922 0.422852 0.795703 0.421875 0.795703 0.420898 0.797656 0.418457 0.797656 0.417969 0.798047 0.41748 0.798047 0.416992 0.801172 0.413086 0.801172 0.412598 0.802344 0.411133 0.802344 0.410645 0.803516 0.40918 0.803516 0.408691 0.803906 0.408203 0.803906 0.407715 0.804688 0.406738 0.804688 0.40625 0.805469 0.405273 0.805469 0.404785 0.805859 0.404297 0.805859 0.403809 0.806641 0.402832 0.806641 0.401855 0.807031 0.401367 0.807031 0.400879 0.807813 0.399902 0.807813 0.398438 0.808203 0.397949 0.808203 0.396484 0.808594 0.395996 0.808594 0.386719 0.808203 0.38623 0.808203 0.385254 0.807813 0.384766 0.807813 0.383789 0.807422 0.383301 0.807422 0.382812 0.807031 0.382324 0.807031 0.381348 0.806641 0.380859 0.806641 0.379395 0.80625 0.378906 0.80625 0.371094 0.806641 0.370605 0.806641 0.368164 0.807422 0.367188 0.807422 0.366211 0.807813 0.365723 0.807813 0.364258 0.808984 0.362793 0.808984 0.361816 0.809766 0.36084 0.809766 0.359863 0.810156 0.359375 0.810156 0.358398 0.810547 0.35791 0.810547 0.347656 0.810156 0.347168 0.810156 0.344727 0.808594 0.342773 0.808203 0.342773 0.807813 0.342285 0.805859 0.342285 0.805469 0.341797
1 0.889062 0.319824 0.888672 0.320312 0.887891 0.320312 0.8875 0.320801 0.886719 0.320801 0.886328 0.321289 0.880078 0.321289 0.879687 0.321777 0.878125 0.321777 0.877734 0.322266 0.876563 0.322266 0.876172 0.322754 0.874609 0.322754 0.874219 0.323242 0.872656 0.323242 0.871875 0.324219 0.870703 0.324219 0.870313 0.324707 0.869922 0.324707 0.869141 0.325684 0.867578 0.325684 0.866797 0.32666 0.866406 0.32666 0.866016 0.327148 0.865625 0.327148 0.864453 0.328613 0.863672 0.328613 0.8625 0.330078 0.8625 0.330566 0.860938 0.33252 0.860938 0.333008 0.860156 0.333984 0.860156 0.334473 0.858984 0.335938 0.858984 0.336426 0.858203 0.337402 0.858203 0.337891 0.857812 0.338379 0.857812 0.339844 0.857031 0.34082 0.857031 0.341797 0.856641 0.342285 0.856641 0.343262 0.85625 0.34375 0.85625 0.345215 0.855859 0.345703 0.855859 0.34668 0.855469 0.347168 0.855469 0.348145 0.855078 0.348633 0.855078 0.349609 0.853906 0.351074 0.853906 0.351562 0.853125 0.352539 0.853125 0.353027 0.852344 0.354004 0.851953 0.354004 0.851172 0.35498 0.850781 0.35498 0.850391 0.355469 0.85 0.355469 0.849609 0.355957 0.848828 0.355957 0.848437 0.356445 0.848047 0.356445 0.847656 0.356934 0.847266 0.356934 0.846875 0.357422 0.846484 0.357422 0.846094 0.35791 0.845313 0.35791 0.844531 0.358887 0.84375 0.358887 0.843359 0.359375 0.842187 0.359375 0.841797 0.359863 0.841016 0.359863 0.840625 0.360352 0.840234 0.360352 0.839063 0.361816 0.839063 0.36377 0.840234 0.365234 0.851562 0.365234 0.851953 0.364746 0.854688 0.364746 0.855078 0.364258 0.856641 0.364258 0.857031 0.36377 0.857812 0.36377 0.858203 0.363281 0.859375 0.363281 0.860156 0.362305 0.860547 0.362305 0.861328 0.361328 0.861719 0.361328 0.862109 0.36084 0.862891 0.36084 0.864453 0.358887 0.864844 0.358887 0.868359 0.354492 0.868359 0.354004 0.86875 0.353516 0.86875 0.353027 0.869531 0.352051 0.869531 0.351074 0.869922 0.350586 0.869922 0.350098 0.870703 0.349121 0.870703 0.348145 0.871484 0.347168 0.871484 0.346191 0.872656 0.344727 0.872656 0.344238 0.873047 0.34375 0.873047 0.342773 0.874219 0.341309 0.874219 0.34082 0.875781 0.338867 0.875781 0.338379 0.878906 0.334473 0.879297 0.334473 0.880469 0.333008 0.880859 0.333008 0.881641 0.332031 0.882031 0.332031 0.882422 0.331543 0.882812 0.331543 0.883594 0.330566 0.883984 0.330566 0.884375 0.330078 0.884766 0.330078 0.885156 0.32959 0.885547 0.32959 0.886719 0.328125 0.887109 0.328125 0.8875 0.327637 0.887891 0.327637 0.888281 0.327148 0.888672 0.327148 0.889062 0.32666 0.889453 0.32666 0.889844 0.326172 0.890625 0.326172 0.892188 0.324219 0.892188 0.32373 0.892578 0.323242 0.892578 0.321289 0.891406 0.319824
1 0.903125 0.458008 0.901563 0.459961 0.901563 0.462402 0.901172 0.462891 0.901172 0.467285 0.900781 0.467773 0.900781 0.470703 0.900391 0.471191 0.900391 0.472168 0.9 0.472656 0.9 0.473633 0.899609 0.474121 0.899609 0.475586 0.899219 0.476074 0.899219 0.477539 0.898438 0.478516 0.898438 0.479004 0.896875 0.480957 0.896875 0.481934 0.896484 0.482422 0.896484 0.48291 0.895703 0.483887 0.895703 0.484375 0.894922 0.485352 0.894922 0.48584 0.893359 0.487793 0.893359 0.488281 0.889844 0.492676 0.889844 0.493164 0.889062 0.494141 0.889062 0.494629 0.888672 0.495117 0.888672 0.495605 0.888281 0.496094 0.888281 0.49707 0.887891 0.497559 0.887891 0.51709 0.8875 0.517578 0.8875 0.526855 0.887109 0.527344 0.887109 0.531738 0.886719 0.532227 0.886719 0.532715 0.886328 0.533203 0.886328 0.534668 0.885938 0.535156 0.885938 0.536133 0.885547 0.536621 0.885547 0.537109 0.884766 0.538086 0.884766 0.538574 0.884375 0.539062 0.884375 0.539551 0.883984 0.540039 0.883984 0.540527 0.882812 0.541992 0.882812 0.542969 0.881641 0.544434 0.881641 0.544922 0.88125 0.54541 0.88125 0.547852 0.882422 0.549316 0.883984 0.549316 0.884375 0.548828 0.884766 0.548828 0.885938 0.547363 0.886328 0.547363 0.886719 0.546875 0.8875 0.546875 0.887891 0.546387 0.888672 0.546387 0.892188 0.541992 0.892969 0.541992 0.893359 0.541504 0.89375 0.541504 0.897266 0.537109 0.897266 0.536621 0.897656 0.536133 0.897656 0.534668 0.898438 0.533691 0.898438 0.532715 0.898828 0.532227 0.898828 0.530762 0.899219 0.530273 0.899219 0.529297 0.899609 0.528809 0.899609 0.527832 0.9 0.527344 0.9 0.525879 0.900391 0.525391 0.900391 0.523926 0.900781 0.523438 0.900781 0.517578 0.901172 0.51709 0.901172 0.50293 0.900781 0.502441 0.900781 0.496094 0.900391 0.495605 0.900391 0.493164 0.900781 0.492676 0.900781 0.490723 0.901172 0.490234 0.901172 0.488281 0.902344 0.486816 0.902344 0.486328 0.902734 0.48584 0.902734 0.485352 0.903906 0.483887 0.903906 0.483398 0.905469 0.481445 0.905469 0.480957 0.909766 0.475586 0.909766 0.475098 0.911328 0.473145 0.911328 0.472656 0.9125 0.471191 0.9125 0.470703 0.912891 0.470215 0.912891 0.464844 0.910547 0.461914 0.910156 0.461914 0.909766 0.461426 0.909375 0.461426 0.908203 0.459961 0.907422 0.459961 0.90625 0.458496 0.905859 0.458496 0.905469 0.458008
1 0.813281 0.489746 0.812891 0.490234 0.812109 0.490234 0.811719 0.490723 0.811328 0.490723 0.810156 0.492188 0.809375 0.492188 0.808984 0.492676 0.808203 0.492676 0.807422 0.493652 0.807031 0.493652 0.80625 0.494629 0.805859 0.494629 0.801953 0.499512 0.801953 0.500488 0.801562 0.500977 0.801562 0.501465 0.801172 0.501953 0.801172 0.50293 0.800781 0.503418 0.800781 0.503906 0.800391 0.504395 0.800391 0.504883 0.8 0.505371 0.8 0.506348 0.799609 0.506836 0.799609 0.507812 0.799219 0.508301 0.799219 0.509277 0.798828 0.509766 0.798828 0.511719 0.798438 0.512207 0.798438 0.529785 0.798828 0.530273 0.798828 0.536133 0.799219 0.536621 0.799219 0.538574 0.799609 0.539062 0.799609 0.54248 0.800391 0.543457 0.800391 0.543945 0.800781 0.544434 0.800781 0.546387 0.801172 0.546875 0.801172 0.549805 0.801562 0.550293 0.801562 0.551758 0.801953 0.552246 0.801953 0.553711 0.802344 0.554199 0.802344 0.554688 0.802734 0.555176 0.802734 0.555664 0.803125 0.556152 0.803125 0.558594 0.803516 0.559082 0.803516 0.55957 0.803906 0.560059 0.803906 0.561035 0.804297 0.561523 0.804297 0.562012 0.806641 0.564941 0.807031 0.564941 0.807813 0.565918 0.808203 0.565918 0.808594 0.566406 0.809766 0.566406 0.810156 0.566895 0.817578 0.566895 0.817969 0.566406 0.818359 0.566406 0.819922 0.564453 0.819922 0.5625 0.81875 0.561035 0.816016 0.561035 0.815625 0.560547 0.813672 0.560547 0.813281 0.560059 0.812891 0.560059 0.810156 0.556641 0.810156 0.554688 0.809766 0.554199 0.809766 0.552734 0.809375 0.552246 0.809375 0.546875 0.809766 0.546387 0.809766 0.544434 0.810156 0.543945 0.810156 0.541992 0.810547 0.541504 0.810547 0.541016 0.810937 0.540527 0.810937 0.540039 0.811328 0.539551 0.811328 0.538086 0.812109 0.537109 0.812109 0.536621 0.8125 0.536133 0.8125 0.535645 0.812891 0.535156 0.812891 0.534668 0.813281 0.53418 0.813281 0.533691 0.813672 0.533203 0.813672 0.531738 0.814063 0.53125 0.814063 0.529785 0.814453 0.529297 0.814453 0.527344 0.814844 0.526855 0.814844 0.520508 0.815234 0.52002 0.815234 0.508301 0.814844 0.507812 0.814844 0.50293 0.815234 0.502441 0.815234 0.501465 0.815625 0.500977 0.815625 0.500488 0.816406 0.499512 0.816797 0.499512 0.817187 0.499023 0.817578 0.499023 0.81875 0.497559 0.819141 0.497559 0.821094 0.495117 0.821094 0.492676 0.819922 0.491211 0.819141 0.491211 0.81875 0.490723 0.817969 0.490723 0.817578 0.490234 0.817187 0.490234 0.816797 0.489746
1 0.847266 0.416016 0.845703 0.417969 0.845703 0.418457 0.844141 0.42041 0.844141 0.421387 0.84375 0.421875 0.84375 0.422852 0.842969 0.423828 0.842969 0.424316 0.842578 0.424805 0.842578 0.425293 0.842187 0.425781 0.842187 0.42627 0.841797 0.426758 0.841797 0.427734 0.841406 0.428223 0.841406 0.429688 0.841016 0.430176 0.841016 0.431152 0.840625 0.431641 0.840625 0.433594 0.840234 0.434082 0.840234 0.436035 0.839844 0.436523 0.839844 0.437012 0.839453 0.4375 0.839453 0.438965 0.839063 0.439453 0.839063 0.439941 0.838672 0.44043 0.838672 0.441406 0.837891 0.442383 0.837891 0.443848 0.8375 0.444336 0.8375 0.444824 0.837109 0.445312 0.837109 0.445801 0.836719 0.446289 0.836719 0.446777 0.836328 0.447266 0.836328 0.44873 0.835938 0.449219 0.835938 0.450684 0.835547 0.451172 0.835547 0.453613 0.835156 0.454102 0.835156 0.464355 0.835547 0.464844 0.835547 0.466797 0.835938 0.467285 0.835938 0.469238 0.836328 0.469727 0.836328 0.470703 0.836719 0.471191 0.836719 0.473145 0.837109 0.473633 0.837109 0.474609 0.8375 0.475098 0.8375 0.476074 0.837891 0.476562 0.837891 0.478027 0.838281 0.478516 0.838281 0.479492 0.838672 0.47998 0.838672 0.480469 0.839453 0.481445 0.839453 0.482422 0.840625 0.483887 0.840625 0.484863 0.841406 0.48584 0.841406 0.486328 0.841797 0.486816 0.841797 0.487305 0.842187 0.487793 0.842187 0.488281 0.842578 0.48877 0.842578 0.489258 0.842969 0.489746 0.842969 0.490234 0.843359 0.490723 0.843359 0.491211 0.84375 0.491699 0.84375 0.492676 0.844141 0.493164 0.844141 0.493652 0.844531 0.494141 0.844531 0.495117 0.845313 0.496094 0.845313 0.496582 0.846094 0.497559 0.846094 0.498047 0.846484 0.498535 0.846484 0.5 0.846875 0.500488 0.846875 0.507324 0.847266 0.507812 0.847266 0.511719 0.848047 0.512695 0.848047 0.51416 0.849219 0.515625 0.852344 0.515625 0.853516 0.51416 0.853516 0.48291 0.853125 0.482422 0.853125 0.476562 0.852734 0.476074 0.852734 0.475098 0.852344 0.474609 0.852344 0.47168 0.851953 0.471191 0.851953 0.468262 0.851562 0.467773 0.851562 0.463867 0.851172 0.463379 0.851172 0.457031 0.850781 0.456543 0.850781 0.455078 0.850391 0.45459 0.850391 0.453613 0.849609 0.452637 0.849609 0.44873 0.849219 0.448242 0.849219 0.446289 0.848828 0.445801 0.848828 0.443359 0.848437 0.442871 0.848437 0.439453 0.848047 0.438965 0.848047 0.42334 0.849219 0.421875 0.849219 0.421387 0.849609 0.420898 0.849609 0.42041 0.850391 0.419434 0.850391 0.41748 0.849219 0.416016
1 0.838672 0.394531 0.8375 0.395996 0.8375 0.402344 0.838281 0.40332 0.838281 0.403809 0.838672 0.404297 0.838672 0.40625 0.839063 0.406738 0.839063 0.408203 0.839453 0.408691 0.839453 0.409668 0.839844 0.410156 0.839844 0.411133 0.840234 0.411621 0.840234 0.412109 0.841406 0.413574 0.841406 0.415039 0.841797 0.415527 0.841797 0.416504 0.842578 0.41748 0.842578 0.417969 0.842969 0.418457 0.842969 0.418945 0.843359 0.419434 0.843359 0.419922 0.84375 0.42041 0.84375 0.420898 0.844141 0.421387 0.844141 0.422363 0.844531 0.422852 0.844531 0.42334 0.844922 0.423828 0.844922 0.424316 0.845313 0.424805 0.845313 0.425293 0.845703 0.425781 0.845703 0.426758 0.846484 0.427734 0.846484 0.428223 0.846875 0.428711 0.846875 0.429199 0.847266 0.429688 0.847266 0.430176 0.847656 0.430664 0.847656 0.432129 0.848047 0.432617 0.848047 0.433105 0.848437 0.433594 0.848437 0.435059 0.848828 0.435547 0.848828 0.436523 0.849219 0.437012 0.849219 0.4375 0.849609 0.437988 0.849609 0.439453 0.85 0.439941 0.85 0.441406 0.850391 0.441895 0.850391 0.443848 0.850781 0.444336 0.850781 0.445801 0.851172 0.446289 0.851172 0.447266 0.851562 0.447754 0.851562 0.44873 0.851953 0.449219 0.851953 0.449707 0.852344 0.450195 0.852344 0.451172 0.853125 0.452148 0.853125 0.452637 0.853516 0.453125 0.853516 0.455078 0.853906 0.455566 0.853906 0.456055 0.854297 0.456543 0.854297 0.45752 0.854688 0.458008 0.854688 0.458984 0.855469 0.459961 0.855469 0.460938 0.855859 0.461426 0.855859 0.463867 0.85625 0.464355 0.85625 0.464844 0.857031 0.46582 0.857031 0.466309 0.857422 0.466797 0.857422 0.467285 0.858594 0.46875 0.858594 0.469238 0.859766 0.470703 0.859766 0.471191 0.860938 0.472656 0.860938 0.473145 0.861328 0.473633 0.861328 0.474609 0.862109 0.475586 0.862109 0.476074 0.8625 0.476562 0.8625 0.477051 0.862891 0.477539 0.862891 0.478027 0.863281 0.478516 0.863281 0.480469 0.863672 0.480957 0.863672 0.481934 0.864062 0.482422 0.864062 0.484863 0.864453 0.485352 0.864453 0.487305 0.864844 0.487793 0.864844 0.488281 0.865234 0.48877 0.865234 0.490234 0.865625 0.490723 0.865625 0.491211 0.866016 0.491699 0.866016 0.492188 0.866406 0.492676 0.866406 0.493164 0.867188 0.494141 0.867188 0.495117 0.869531 0.498047 0.871484 0.498047 0.873047 0.496094 0.873047 0.495605 0.873828 0.494629 0.873828 0.489746 0.873047 0.48877 0.873047 0.488281 0.872656 0.487793 0.872656 0.486328 0.872266 0.48584 0.872266 0.485352 0.871875 0.484863 0.871875 0.483398 0.871484 0.48291 0.871484 0.481445 0.871094 0.480957 0.871094 0.478027 0.870703 0.477539 0.870703 0.473145 0.870313 0.472656 0.870313 0.471191 0.869922 0.470703 0.869922 0.467285 0.869531 0.466797 0.869531 0.46582 0.869141 0.465332 0.869141 0.463379 0.86875 0.462891 0.86875 0.460449 0.868359 0.459961 0.868359 0.458496 0.867969 0.458008 0.867969 0.450195 0.867578 0.449707 0.867578 0.44873 0.867188 0.448242 0.867188 0.444336 0.866797 0.443848 0.866797 0.441895 0.866016 0.440918 0.866016 0.438965 0.865625 0.438477 0.865625 0.437012 0.865234 0.436523 0.865234 0.43457 0.864844 0.434082 0.864844 0.433105 0.864453 0.432617 0.864453 0.432129 0.864062 0.431641 0.864062 0.430664 0.863672 0.430176 0.863672 0.429199 0.861719 0.426758 0.861719 0.42627 0.860547 0.424805 0.860156 0.424805 0.858984 0.42334 0.858594 0.42334 0.857812 0.422363 0.857422 0.422363 0.856641 0.421387 0.85625 0.421387 0.855859 0.420898 0.855469 0.420898 0.855078 0.42041 0.854688 0.42041 0.854297 0.419922 0.853906 0.419922 0.853125 0.418945 0.852734 0.418945 0.850391 0.416016 0.85 0.416016 0.849609 0.415527 0.849219 0.415527 0.847266 0.413086 0.847266 0.412598 0.846875 0.412109 0.846875 0.411621 0.846484 0.411133 0.846484 0.410645 0.845313 0.40918 0.845313 0.408691 0.844141 0.407227 0.844141 0.406738 0.843359 0.405762 0.843359 0.405273 0.842578 0.404297 0.842578 0.403809 0.842187 0.40332 0.842187 0.401855 0.841406 0.400879 0.841406 0.395996 0.840234 0.394531
1 0.853906 0.388184 0.852734 0.389648 0.852734 0.391602 0.853125 0.39209 0.853125 0.393066 0.853516 0.393555 0.853516 0.394531 0.853906 0.39502 0.853906 0.395508 0.854297 0.395996 0.854297 0.396484 0.855078 0.397461 0.855078 0.397949 0.855469 0.398438 0.855469 0.398926 0.855859 0.399414 0.855859 0.399902 0.856641 0.400879 0.856641 0.402344 0.857031 0.402832 0.857031 0.404297 0.857422 0.404785 0.857422 0.408203 0.857812 0.408691 0.857812 0.422363 0.858203 0.422852 0.858203 0.423828 0.858594 0.424316 0.858594 0.425293 0.859766 0.426758 0.859766 0.427734 0.861328 0.429688 0.861328 0.430664 0.864062 0.434082 0.864453 0.434082 0.866406 0.436523 0.866797 0.436523 0.868359 0.438477 0.86875 0.438477 0.870703 0.440918 0.871094 0.440918 0.871484 0.441406 0.871875 0.441406 0.873437 0.443359 0.873828 0.443359 0.874219 0.443848 0.874219 0.444336 0.875391 0.445801 0.875781 0.445801 0.877344 0.447754 0.877734 0.447754 0.878906 0.449219 0.879687 0.449219 0.880469 0.450195 0.880859 0.450195 0.881641 0.451172 0.882031 0.451172 0.882422 0.45166 0.883203 0.45166 0.884766 0.453613 0.885156 0.453613 0.885547 0.454102 0.885938 0.454102 0.886719 0.455078 0.888672 0.455078 0.889844 0.453613 0.889844 0.451172 0.889453 0.450684 0.889453 0.449707 0.889062 0.449219 0.889062 0.44873 0.888672 0.448242 0.888672 0.447266 0.888281 0.446777 0.888281 0.446289 0.8875 0.445312 0.8875 0.444336 0.887109 0.443848 0.887109 0.443359 0.886719 0.442871 0.886719 0.442383 0.885938 0.441406 0.885938 0.44043 0.885156 0.439453 0.885156 0.438965 0.884766 0.438477 0.884766 0.437988 0.884375 0.4375 0.884375 0.437012 0.883984 0.436523 0.883984 0.436035 0.883203 0.435059 0.883203 0.43457 0.882422 0.433594 0.882422 0.433105 0.88125 0.431641 0.88125 0.430664 0.880859 0.430176 0.880859 0.429688 0.880469 0.429199 0.880469 0.428223 0.880078 0.427734 0.880078 0.426758 0.879297 0.425781 0.879297 0.424805 0.878125 0.42334 0.878125 0.422852 0.877734 0.422363 0.877734 0.421387 0.876563 0.419922 0.876563 0.419434 0.875 0.41748 0.875 0.416992 0.873047 0.414551 0.873047 0.414062 0.872266 0.413086 0.872266 0.412598 0.870703 0.410645 0.870703 0.410156 0.866016 0.404297 0.866016 0.403809 0.862109 0.398926 0.861719 0.398926 0.860938 0.397949 0.860547 0.397949 0.858984 0.395996 0.858984 0.395508 0.858594 0.39502 0.858594 0.394531 0.858203 0.394043 0.858203 0.393555 0.857422 0.392578 0.857422 0.391602 0.857031 0.391113 0.857031 0.389648 0.855859 0.388184
1 0.998828 0.321289 0.998437 0.321777 0.998047 0.321777 0.997266 0.322754 0.996094 0.322754 0.995703 0.323242 0.995313 0.323242 0.994922 0.32373 0.994141 0.32373 0.99375 0.324219 0.993359 0.324219 0.992969 0.324707 0.992578 0.324707 0.991797 0.325684 0.990625 0.325684 0.990234 0.326172 0.989844 0.326172 0.989062 0.327148 0.988672 0.327148 0.988281 0.327637 0.987891 0.327637 0.9875 0.328125 0.987109 0.328125 0.986719 0.328613 0.986328 0.328613 0.985938 0.329102 0.984766 0.329102 0.984375 0.32959 0.983984 0.32959 0.983594 0.330078 0.982812 0.330078 0.982422 0.330566 0.981641 0.330566 0.980859 0.331543 0.980078 0.331543 0.979297 0.33252 0.978516 0.33252 0.978125 0.333008 0.977734 0.333008 0.976953 0.333984 0.972656 0.333984 0.972266 0.333496 0.971094 0.333496 0.970703 0.333008 0.96875 0.333008 0.967578 0.331543 0.966797 0.331543 0.966016 0.330566 0.964453 0.330566 0.963281 0.332031 0.963281 0.335449 0.963672 0.335938 0.963672 0.336426 0.964063 0.336914 0.964063 0.337402 0.966797 0.34082 0.967187 0.34082 0.967969 0.341797 0.969141 0.341797 0.969531 0.342285 0.978516 0.342285 0.978906 0.341797 0.979688 0.341797 0.980078 0.341309 0.980859 0.341309 0.98125 0.34082 0.982031 0.34082 0.982422 0.340332 0.983203 0.340332 0.983594 0.339844 0.984375 0.339844 0.984766 0.339355 0.991797 0.339355 0.992188 0.339844 0.999609 0.339844 0.999609 0.321289
1 0.461719 0.144043 0.461328 0.144531 0.460938 0.144531 0.460547 0.14502 0.460156 0.14502 0.457422 0.148438 0.457422 0.148926 0.457031 0.149414 0.457031 0.149902 0.456641 0.150391 0.456641 0.158691 0.458594 0.161133 0.458594 0.161621 0.459766 0.163086 0.460156 0.163086 0.464062 0.167969 0.464062 0.168457 0.466406 0.171387 0.466797 0.171387 0.467969 0.172852 0.467969 0.17334 0.469531 0.175293 0.469531 0.175781 0.470703 0.177246 0.471094 0.177246 0.471875 0.178223 0.471875 0.178711 0.473828 0.181152 0.474219 0.181152 0.475 0.182129 0.475391 0.182129 0.477344 0.18457 0.477734 0.18457 0.479297 0.186523 0.479687 0.186523 0.480859 0.187988 0.48125 0.187988 0.481641 0.188477 0.482031 0.188477 0.483594 0.19043 0.484375 0.19043 0.485938 0.192383 0.486328 0.192383 0.486719 0.192871 0.487109 0.192871 0.489063 0.195312 0.489453 0.195312 0.489844 0.195801 0.490234 0.195801 0.492188 0.198242 0.492578 0.198242 0.492969 0.19873 0.493359 0.19873 0.494141 0.199707 0.494922 0.199707 0.495312 0.200195 0.495703 0.200195 0.496094 0.200684 0.496875 0.200684 0.497656 0.20166 0.498047 0.20166 0.498437 0.202148 0.498828 0.202148 0.499219 0.202637 0.5 0.202637 0.500391 0.203125 0.501953 0.203125 0.502344 0.203613 0.50625 0.203613 0.508203 0.201172 0.508203 0.199219 0.506641 0.197266 0.505078 0.197266 0.504687 0.196777 0.504297 0.196777 0.503516 0.195801 0.502734 0.195801 0.501953 0.194824 0.501563 0.194824 0.500391 0.193359 0.499609 0.193359 0.498437 0.191895 0.498047 0.191895 0.497656 0.191406 0.497266 0.191406 0.496484 0.19043 0.496094 0.19043 0.495703 0.189941 0.495312 0.189941 0.494922 0.189453 0.493359 0.189453 0.492578 0.188477 0.492188 0.188477 0.491406 0.1875 0.491016 0.1875 0.488281 0.184082 0.488281 0.183594 0.487109 0.182129 0.487109 0.181152 0.486719 0.180664 0.486719 0.180176 0.485938 0.179199 0.485938 0.178711 0.485547 0.178223 0.485547 0.177734 0.484766 0.176758 0.484766 0.17627 0.484375 0.175781 0.484375 0.174805 0.483203 0.17334 0.483203 0.172852 0.482812 0.172363 0.482812 0.171387 0.482422 0.170898 0.482422 0.17041 0.482031 0.169922 0.482031 0.169434 0.48125 0.168457 0.48125 0.167969 0.480859 0.16748 0.480859 0.166992 0.480469 0.166504 0.480469 0.166016 0.479687 0.165039 0.479687 0.164551 0.479297 0.164062 0.479297 0.163574 0.478516 0.162598 0.478516 0.162109 0.476562 0.159668 0.476172 0.159668 0.475391 0.158691 0.474609 0.158691 0.474219 0.158203 0.473438 0.158203 0.473047 0.157715 0.472656 0.157715 0.472266 0.157227 0.471484 0.157227 0.471094 0.156738 0.470703 0.156738 0.470313 0.15625 0.469531 0.15625 0.469141 0.155762 0.46875 0.155762 0.468359 0.155273 0.467969 0.155273 0.467187 0.154297 0.466406 0.154297 0.465234 0.152832 0.464844 0.152832 0.464453 0.152344 0.464453 0.149902 0.464844 0.149414 0.464844 0.146973 0.464453 0.146484 0.464453 0.145508 0.463281 0.144043
1 0.574219 0.0976562 0.573047 0.0991211 0.573047 0.102539 0.572656 0.103027 0.572656 0.104492 0.572266 0.10498 0.572266 0.105469 0.571875 0.105957 0.571875 0.10791 0.571094 0.108887 0.571094 0.109863 0.570703 0.110352 0.570703 0.111328 0.570312 0.111816 0.570312 0.112305 0.569531 0.113281 0.569531 0.11377 0.569141 0.114258 0.569141 0.114746 0.56875 0.115234 0.56875 0.115723 0.568359 0.116211 0.568359 0.117188 0.567969 0.117676 0.567969 0.118652 0.567578 0.119141 0.567578 0.119629 0.567187 0.120117 0.567187 0.127441 0.567969 0.128418 0.567969 0.128906 0.571484 0.133301 0.571875 0.133301 0.573047 0.134766 0.573438 0.134766 0.574219 0.135742 0.575391 0.135742 0.575781 0.13623 0.576562 0.13623 0.576953 0.136719 0.577734 0.136719 0.578125 0.137207 0.578906 0.137207 0.579297 0.137695 0.579688 0.137695 0.580078 0.138184 0.580469 0.138184 0.580859 0.138672 0.582031 0.138672 0.582422 0.13916 0.584375 0.13916 0.584766 0.139648 0.585938 0.139648 0.586328 0.140137 0.588672 0.140137 0.589063 0.140625 0.601562 0.140625 0.601953 0.140137 0.604297 0.140137 0.604688 0.139648 0.605469 0.139648 0.60625 0.138672 0.607031 0.138672 0.607422 0.138184 0.607812 0.138184 0.608594 0.137207 0.608984 0.137207 0.609375 0.136719 0.610156 0.136719 0.610547 0.13623 0.610938 0.13623 0.611328 0.135742 0.611719 0.135742 0.612109 0.135254 0.6125 0.135254 0.612891 0.134766 0.613281 0.134766 0.613672 0.134277 0.614062 0.134277 0.614844 0.133301 0.616406 0.133301 0.616797 0.132812 0.617188 0.132812 0.617578 0.132324 0.617969 0.132324 0.618359 0.131836 0.619141 0.131836 0.619531 0.131348 0.620313 0.131348 0.621094 0.130371 0.621875 0.130371 0.622266 0.129883 0.623047 0.129883 0.623437 0.129395 0.626953 0.129395 0.627344 0.128906 0.628516 0.128906 0.628906 0.129395 0.633203 0.129395 0.633594 0.128906 0.633984 0.128906 0.635156 0.127441 0.635156 0.125 0.633984 0.123535 0.632812 0.123535 0.632422 0.123047 0.63125 0.123047 0.630859 0.122559 0.629687 0.122559 0.629297 0.12207 0.628125 0.12207 0.627734 0.121582 0.620313 0.121582 0.619922 0.12207 0.617188 0.12207 0.616797 0.122559 0.614453 0.122559 0.614062 0.123047 0.611719 0.123047 0.611328 0.123535 0.60625 0.123535 0.605859 0.124023 0.596875 0.124023 0.596484 0.123535 0.595703 0.123535 0.595313 0.123047 0.59375 0.123047 0.593359 0.122559 0.592578 0.122559 0.592187 0.12207 0.578906 0.12207 0.578125 0.121094 0.578125 0.120605 0.577344 0.119629 0.577344 0.118652 0.576953 0.118164 0.576953 0.117676 0.576562 0.117188 0.576562 0.116211 0.576172 0.115723 0.576172 0.111816 0.576562 0.111328 0.576562 0.11084 0.576953 0.110352 0.576953 0.108887 0.577344 0.108398 0.577344 0.102539 0.576953 0.102051 0.576953 0.0991211 0.575781 0.0976562
1 0.657422 0.174805 0.65625 0.17627 0.65625 0.178711 0.657422 0.180176 0.657813 0.180176 0.661719 0.185059 0.661719 0.185547 0.666016 0.190918 0.666016 0.191406 0.667188 0.192871 0.667578 0.192871 0.670703 0.196777 0.670703 0.197266 0.672656 0.199707 0.672656 0.200195 0.676172 0.20459 0.676562 0.20459 0.676953 0.205078 0.676953 0.205566 0.678516 0.20752 0.678516 0.208008 0.678906 0.208496 0.678906 0.208984 0.679297 0.209473 0.679297 0.210938 0.679688 0.211426 0.679688 0.212402 0.680078 0.212891 0.680078 0.213379 0.68125 0.214844 0.68125 0.21582 0.682422 0.217285 0.682422 0.217773 0.682813 0.218262 0.682813 0.21875 0.683203 0.219238 0.683203 0.219727 0.683984 0.220703 0.683984 0.221191 0.685547 0.223145 0.685547 0.223633 0.6875 0.226074 0.687891 0.226074 0.689063 0.227539 0.689453 0.227539 0.689844 0.228027 0.690234 0.228027 0.691406 0.229492 0.691797 0.229492 0.692578 0.230469 0.693359 0.230469 0.69375 0.230957 0.694141 0.230957 0.695312 0.232422 0.695703 0.232422 0.696094 0.23291 0.697266 0.23291 0.697656 0.233398 0.698828 0.233398 0.699609 0.234375 0.700391 0.234375 0.701172 0.235352 0.701562 0.235352 0.702734 0.236816 0.702734 0.237305 0.703125 0.237793 0.703125 0.238281 0.703516 0.23877 0.703516 0.239258 0.703906 0.239746 0.703906 0.241699 0.704297 0.242188 0.704297 0.244141 0.704688 0.244629 0.704297 0.245117 0.704297 0.246582 0.703906 0.24707 0.703516 0.24707 0.703125 0.247559 0.702344 0.247559 0.701953 0.248047 0.701562 0.248047 0.700391 0.249512 0.700391 0.251953 0.701562 0.253418 0.701953 0.253418 0.702344 0.253906 0.708203 0.253906 0.709766 0.251953 0.709766 0.250977 0.710156 0.250488 0.710156 0.249512 0.710547 0.249023 0.710547 0.248535 0.710938 0.248047 0.710938 0.24707 0.711328 0.246582 0.711328 0.241699 0.710938 0.241211 0.710938 0.240234 0.710156 0.239258 0.710156 0.23877 0.709766 0.238281 0.709766 0.237793 0.709375 0.237305 0.709375 0.236816 0.708203 0.235352 0.708203 0.234863 0.705078 0.230957 0.705078 0.230469 0.704297 0.229492 0.704297 0.229004 0.703125 0.227539 0.703125 0.227051 0.702344 0.226074 0.702344 0.225586 0.700781 0.223633 0.700781 0.223145 0.700391 0.222656 0.700391 0.222168 0.7 0.22168 0.7 0.220215 0.699609 0.219727 0.699609 0.215332 0.699219 0.214844 0.699219 0.213867 0.698828 0.213379 0.698828 0.212891 0.698438 0.212402 0.698438 0.211426 0.697656 0.210449 0.697656 0.209961 0.692578 0.203613 0.692187 0.203613 0.691406 0.202637 0.691016 0.202637 0.690234 0.20166 0.689844 0.20166 0.689453 0.201172 0.689063 0.201172 0.688672 0.200684 0.688281 0.200684 0.687891 0.200195 0.6875 0.200195 0.686719 0.199219 0.686328 0.199219 0.685937 0.19873 0.685156 0.19873 0.684375 0.197754 0.683594 0.197754 0.682813 0.196777 0.682422 0.196777 0.681641 0.195801 0.68125 0.195801 0.680859 0.195312 0.680469 0.195312 0.680078 0.194824 0.679688 0.194824 0.678125 0.192871 0.677734 0.192871 0.676562 0.191406 0.676172 0.191406 0.675781 0.190918 0.675391 0.190918 0.674609 0.189941 0.674219 0.189941 0.673047 0.188477 0.672656 0.188477 0.669922 0.185059 0.669141 0.185059 0.66875 0.18457 0.667969 0.18457 0.667578 0.184082 0.667188 0.184082 0.666016 0.182617 0.665625 0.182617 0.664453 0.181152 0.664453 0.180664 0.663281 0.179199 0.662891 0.179199 0.660156 0.175781 0.659766 0.175781 0.658984 0.174805
1 0.7875 0.0571289 0.786328 0.0585938 0.786328 0.0605469 0.786719 0.0610352 0.786719 0.0620117 0.787109 0.0625 0.787109 0.0639648 0.787891 0.0649414 0.787891 0.065918 0.788281 0.0664062 0.788281 0.0693359 0.787891 0.0698242 0.787891 0.0737305 0.7875 0.0742188 0.7875 0.0751953 0.787109 0.0756836 0.787109 0.0761719 0.786719 0.0766602 0.786719 0.0776367 0.785156 0.0795898 0.785156 0.0805664 0.784375 0.081543 0.784375 0.0820312 0.781641 0.0854492 0.78125 0.0854492 0.780469 0.0864258 0.780078 0.0864258 0.779687 0.0869141 0.779297 0.0869141 0.778516 0.0878906 0.778125 0.0878906 0.777344 0.0888672 0.776953 0.0888672 0.775781 0.090332 0.775391 0.090332 0.774609 0.0913086 0.774219 0.0913086 0.773828 0.0917969 0.772656 0.0917969 0.771875 0.0927734 0.771094 0.0927734 0.770312 0.09375 0.769531 0.09375 0.769141 0.0942383 0.76875 0.0942383 0.768359 0.0947266 0.766016 0.0947266 0.765234 0.0957031 0.764062 0.0957031 0.763672 0.0961914 0.762891 0.0961914 0.7625 0.0966797 0.762109 0.0966797 0.761719 0.097168 0.760547 0.097168 0.759766 0.0981445 0.759375 0.0981445 0.758594 0.0991211 0.758203 0.0991211 0.757812 0.0996094 0.757031 0.0996094 0.756641 0.100098 0.75625 0.100098 0.755469 0.101074 0.755078 0.101074 0.754687 0.101562 0.754297 0.101562 0.752734 0.103516 0.752344 0.103516 0.75 0.106445 0.749219 0.106445 0.748047 0.10791 0.747656 0.10791 0.747266 0.108398 0.746484 0.108398 0.746094 0.108887 0.745313 0.108887 0.744922 0.109375 0.744531 0.109375 0.744141 0.109863 0.74375 0.109863 0.743359 0.110352 0.742578 0.110352 0.741797 0.111328 0.741016 0.111328 0.740625 0.111816 0.739453 0.111816 0.739062 0.112305 0.737891 0.112305 0.7375 0.112793 0.737109 0.112793 0.735547 0.114746 0.735547 0.117188 0.736719 0.118652 0.748828 0.118652 0.749219 0.118164 0.75 0.118164 0.750391 0.117676 0.752344 0.117676 0.752734 0.117188 0.754687 0.117188 0.755078 0.116699 0.755469 0.116699 0.755859 0.116211 0.757031 0.116211 0.757422 0.115723 0.757812 0.115723 0.758203 0.115234 0.758984 0.115234 0.759375 0.114746 0.765625 0.114746 0.766016 0.114258 0.767969 0.114258 0.768359 0.11377 0.769141 0.11377 0.769531 0.113281 0.770312 0.113281 0.770703 0.112793 0.771875 0.112793 0.772266 0.112305 0.772656 0.112305 0.773828 0.11084 0.774219 0.11084 0.774609 0.110352 0.775 0.110352 0.777734 0.106934 0.778516 0.106934 0.78125 0.103516 0.781641 0.103516 0.782031 0.103027 0.782422 0.103027 0.783594 0.101562 0.783984 0.101562 0.785156 0.100098 0.785156 0.0996094 0.785547 0.0991211 0.785547 0.0986328 0.786328 0.0976562 0.786328 0.0966797 0.786719 0.0961914 0.786719 0.0957031 0.7875 0.0947266 0.7875 0.09375 0.787891 0.0932617 0.787891 0.0922852 0.788672 0.0913086 0.788672 0.0898438 0.789062 0.0893555 0.789062 0.0883789 0.789453 0.0878906 0.789453 0.0874023 0.789844 0.0869141 0.789844 0.0864258 0.790234 0.0859375 0.790234 0.0854492 0.790625 0.0849609 0.790625 0.0839844 0.791016 0.0834961 0.791016 0.0830078 0.791797 0.0820312 0.791797 0.0810547 0.792188 0.0805664 0.792188 0.0649414 0.791797 0.0644531 0.791797 0.0629883 0.791406 0.0625 0.791406 0.0620117 0.791016 0.0615234 0.791016 0.0605469 0.790625 0.0600586 0.790625 0.0595703 0.790234 0.059082 0.790234 0.0585938 0.789062 0.0571289
1 0.760938 0.0610352 0.760547 0.0615234 0.758984 0.0615234 0.758594 0.0620117 0.757812 0.0620117 0.757422 0.0625 0.757031 0.0625 0.756641 0.0629883 0.75625 0.0629883 0.755469 0.0639648 0.755078 0.0639648 0.752344 0.0673828 0.751953 0.0673828 0.750781 0.0688477 0.750781 0.0693359 0.748047 0.0727539 0.748047 0.0732422 0.747266 0.0742188 0.747266 0.0761719 0.748437 0.0776367 0.75 0.0776367 0.750391 0.0771484 0.751953 0.0771484 0.752734 0.0761719 0.753516 0.0761719 0.753906 0.0756836 0.754687 0.0756836 0.755469 0.074707 0.763281 0.074707 0.763672 0.0751953 0.764062 0.0751953 0.764453 0.0756836 0.764844 0.0756836 0.765234 0.0761719 0.766406 0.0761719 0.766797 0.0766602 0.767188 0.0766602 0.767578 0.0771484 0.768359 0.0771484 0.76875 0.0776367 0.769922 0.0776367 0.770312 0.078125 0.775781 0.078125 0.776172 0.0776367 0.778125 0.0776367 0.778516 0.0771484 0.782813 0.0771484 0.783203 0.0776367 0.783984 0.0776367 0.784375 0.078125 0.784766 0.078125 0.785156 0.0786133 0.785937 0.0786133 0.786328 0.0791016 0.787891 0.0791016 0.788672 0.0800781 0.789062 0.0800781 0.789453 0.0805664 0.789844 0.0805664 0.790234 0.0810547 0.790625 0.0810547 0.791406 0.0820312 0.792188 0.0820312 0.792578 0.0825195 0.792969 0.0825195 0.794141 0.0839844 0.794922 0.0839844 0.795703 0.0849609 0.798047 0.0849609 0.799219 0.0834961 0.799219 0.081543 0.792969 0.0737305 0.792969 0.0732422 0.791797 0.0717773 0.791406 0.0717773 0.790234 0.0703125 0.789844 0.0703125 0.789453 0.0698242 0.789062 0.0698242 0.787891 0.0683594 0.786328 0.0683594 0.785937 0.0678711 0.785156 0.0678711 0.784766 0.0673828 0.783984 0.0673828 0.783594 0.0668945 0.783203 0.0668945 0.782422 0.065918 0.781641 0.065918 0.780469 0.0644531 0.780078 0.0644531 0.779687 0.0639648 0.778906 0.0639648 0.778125 0.0629883 0.777344 0.0629883 0.776953 0.0625 0.775391 0.0625 0.775 0.0620117 0.773438 0.0620117 0.773047 0.0615234 0.770703 0.0615234 0.770312 0.0610352
1 0.801562 0 0.801172 0.000488281 0.800781 0.000488281 0.800391 0.000976562 0.8 0.000976562 0.799609 0.00146484 0.798047 0.00146484 0.797656 0.00195312 0.796484 0.00195312 0.796094 0.00244141 0.79375 0.00244141 0.793359 0.00292969 0.791797 0.00292969 0.791406 0.00244141 0.789453 0.00244141 0.789062 0.00195312 0.787891 0.00195312 0.7875 0.00146484 0.783594 0.00146484 0.783203 0.000976562 0.782031 0.000976562 0.781641 0.000488281 0.776563 0.000488281 0.776172 0.000976562 0.775781 0.000976562 0.775391 0.00146484 0.775 0.00146484 0.774609 0.00195312 0.773047 0.00195312 0.772656 0.00244141 0.771875 0.00244141 0.771484 0.00292969 0.769922 0.00292969 0.769531 0.00341797 0.769141 0.00341797 0.76875 0.00390625 0.767578 0.00390625 0.767188 0.00439453 0.766797 0.00439453 0.766406 0.00488281 0.7625 0.00488281 0.761719 0.00390625 0.761328 0.00390625 0.760938 0.00341797 0.760547 0.00341797 0.760156 0.00292969 0.759375 0.00292969 0.758594 0.00195312 0.756641 0.00195312 0.755469 0.00341797 0.755078 0.00341797 0.754687 0.00390625 0.754297 0.00390625 0.753125 0.00537109 0.753125 0.00927734 0.753516 0.00976562 0.753516 0.0102539 0.753906 0.0107422 0.753906 0.0112305 0.754687 0.012207 0.754687 0.0126953 0.756641 0.0151367 0.756641 0.0161133 0.759375 0.0195312 0.759766 0.0195312 0.760156 0.0200195 0.760547 0.0200195 0.760938 0.0205078 0.761328 0.0205078 0.761719 0.0209961 0.7625 0.0209961 0.762891 0.0214844 0.789844 0.0214844 0.790234 0.0209961 0.791797 0.0209961 0.792188 0.0205078 0.792578 0.0205078 0.792969 0.0200195 0.793359 0.0200195 0.794531 0.0185547 0.795703 0.0185547 0.796484 0.0175781 0.797266 0.0175781 0.798047 0.0166016 0.798438 0.0166016 0.798828 0.0161133 0.799219 0.0161133 0.799609 0.015625 0.800391 0.015625 0.800781 0.0151367 0.801562 0.0151367 0.801953 0.0146484 0.802344 0.0146484 0.803125 0.0136719 0.803906 0.0136719 0.805078 0.012207 0.806641 0.012207 0.807031 0.0117188 0.807422 0.0117188 0.807813 0.0112305 0.808203 0.0112305 0.809375 0.00976562 0.809375 0.00927734 0.813672 0.00390625 0.813672 0.00292969 0.814844 0.00146484 0.814844 0
1 0.871875 0.00341797 0.871484 0.00390625 0.869141 0.00390625 0.86875 0.00439453 0.868359 0.00439453 0.867969 0.00488281 0.867578 0.00488281 0.867188 0.00537109 0.866797 0.00537109 0.866406 0.00585938 0.865625 0.00585938 0.864844 0.00683594 0.864453 0.00683594 0.863672 0.0078125 0.863281 0.0078125 0.862891 0.00830078 0.8625 0.00830078 0.858984 0.0126953 0.858984 0.0131836 0.858594 0.0136719 0.858594 0.0141602 0.858203 0.0146484 0.858203 0.0151367 0.857812 0.015625 0.857812 0.0166016 0.857422 0.0170898 0.857422 0.0175781 0.857031 0.0180664 0.857031 0.0185547 0.856641 0.019043 0.856641 0.0195312 0.85625 0.0200195 0.85625 0.0205078 0.855859 0.0209961 0.855859 0.0214844 0.855078 0.0224609 0.855078 0.0229492 0.853516 0.0249023 0.853516 0.0253906 0.851953 0.0273438 0.851953 0.027832 0.850781 0.0292969 0.850781 0.0297852 0.850391 0.0302734 0.850391 0.0307617 0.85 0.03125 0.85 0.0322266 0.849609 0.0327148 0.849609 0.0336914 0.849219 0.0341797 0.849219 0.034668 0.848828 0.0351562 0.848828 0.0356445 0.848437 0.0361328 0.848437 0.0371094 0.848047 0.0375977 0.848047 0.0415039 0.849219 0.0429688 0.853125 0.0429688 0.858984 0.0356445 0.859375 0.0356445 0.861328 0.0332031 0.861719 0.0332031 0.862891 0.0317383 0.863281 0.0317383 0.864062 0.0307617 0.864453 0.0307617 0.865625 0.0292969 0.866016 0.0292969 0.866406 0.0288086 0.866797 0.0288086 0.867188 0.0283203 0.867578 0.0283203 0.86875 0.0268555 0.869141 0.0268555 0.870703 0.0249023 0.871484 0.0249023 0.871875 0.0244141 0.872656 0.0244141 0.873047 0.0239258 0.873437 0.0239258 0.873828 0.0234375 0.875 0.0234375 0.875391 0.0229492 0.875781 0.0229492 0.876172 0.0224609 0.879297 0.0224609 0.879687 0.0219727 0.884766 0.0219727 0.885156 0.0224609 0.887109 0.0224609 0.8875 0.0229492 0.888672 0.0229492 0.889062 0.0234375 0.891016 0.0234375 0.891406 0.0229492 0.892188 0.0229492 0.892578 0.0234375 0.89375 0.0234375 0.894141 0.0239258 0.897266 0.0239258 0.897656 0.0234375 0.898438 0.0234375 0.898828 0.0229492 0.899219 0.0229492 0.899609 0.0224609 0.9 0.0224609 0.900391 0.0219727 0.900781 0.0219727 0.903125 0.019043 0.903516 0.019043 0.906641 0.0151367 0.906641 0.0131836 0.905469 0.0117188 0.903516 0.0117188 0.902734 0.0126953 0.902344 0.0126953 0.901953 0.0131836 0.901563 0.0131836 0.901172 0.0136719 0.900391 0.0136719 0.9 0.0141602 0.899609 0.0141602 0.899219 0.0146484 0.898438 0.0146484 0.898047 0.0151367 0.893359 0.0151367 0.892969 0.0146484 0.892188 0.0146484 0.891406 0.0136719 0.891016 0.0136719 0.890625 0.0131836 0.890234 0.0131836 0.889062 0.0117188 0.888672 0.0117188 0.888281 0.0112305 0.887891 0.0112305 0.887109 0.0102539 0.886719 0.0102539 0.886328 0.00976562 0.886328 0.00927734 0.884766 0.00732422 0.884375 0.00732422 0.882422 0.00488281 0.882031 0.00488281 0.88125 0.00390625 0.878906 0.00390625 0.878516 0.00341797
1 0.746875 0.242676 0.745703 0.244141 0.745703 0.244629 0.744531 0.246094 0.744531 0.246582 0.744141 0.24707 0.744141 0.247559 0.74375 0.248047 0.74375 0.248535 0.743359 0.249023 0.743359 0.249512 0.742969 0.25 0.742969 0.250488 0.742578 0.250977 0.742578 0.251465 0.741797 0.252441 0.741797 0.25293 0.741016 0.253906 0.741016 0.254395 0.740625 0.254883 0.740625 0.256836 0.740234 0.257324 0.740234 0.257812 0.739844 0.258301 0.739844 0.258789 0.739453 0.259277 0.739453 0.267578 0.739844 0.268066 0.739844 0.269043 0.740625 0.27002 0.740625 0.270996 0.742188 0.272949 0.742188 0.273438 0.742969 0.274414 0.742969 0.274902 0.743359 0.275391 0.743359 0.275879 0.744141 0.276855 0.744141 0.277832 0.744531 0.27832 0.744531 0.278809 0.745313 0.279785 0.745313 0.280273 0.746094 0.28125 0.746094 0.281738 0.747656 0.283691 0.747656 0.28418 0.749609 0.286621 0.749609 0.287109 0.754297 0.292969 0.755078 0.292969 0.755469 0.293457 0.75625 0.293457 0.757031 0.294434 0.757422 0.294434 0.757812 0.294922 0.758203 0.294922 0.758594 0.29541 0.758984 0.29541 0.759375 0.295898 0.760156 0.295898 0.760547 0.296387 0.760938 0.296387 0.761328 0.296875 0.761719 0.296875 0.7625 0.297852 0.762891 0.297852 0.763672 0.298828 0.764062 0.298828 0.764453 0.299316 0.765234 0.299316 0.765625 0.299805 0.766406 0.299805 0.766797 0.300293 0.767188 0.300293 0.767578 0.300781 0.768359 0.300781 0.769531 0.302246 0.769922 0.302246 0.771484 0.304199 0.771875 0.304199 0.772656 0.305176 0.773047 0.305176 0.773438 0.305664 0.773828 0.305664 0.774609 0.306641 0.775 0.306641 0.775391 0.307129 0.775781 0.307129 0.776172 0.307617 0.778125 0.307617 0.779297 0.309082 0.780469 0.309082 0.780859 0.30957 0.78125 0.30957 0.781641 0.310059 0.782031 0.310059 0.782813 0.311035 0.783594 0.311035 0.785547 0.313477 0.785547 0.314453 0.785937 0.314941 0.785937 0.31543 0.786719 0.316406 0.786719 0.317871 0.788281 0.319824 0.790234 0.319824 0.790625 0.319336 0.791016 0.319336 0.792188 0.317871 0.792188 0.317383 0.792969 0.316406 0.792969 0.313965 0.793359 0.313477 0.793359 0.309082 0.792188 0.307617 0.792188 0.307129 0.789062 0.303223 0.788672 0.303223 0.788281 0.302734 0.787109 0.302734 0.786719 0.302246 0.786328 0.302246 0.785547 0.30127 0.784766 0.30127 0.784375 0.300781 0.783594 0.300781 0.783203 0.300293 0.782422 0.300293 0.782031 0.299805 0.780859 0.299805 0.780469 0.299316 0.780078 0.299316 0.778516 0.297363 0.778516 0.296875 0.776563 0.294434 0.776563 0.293945 0.776172 0.293457 0.776172 0.292969 0.770703 0.286133 0.770703 0.285645 0.766797 0.280762 0.766797 0.280273 0.766406 0.279785 0.766406 0.279297 0.763672 0.275879 0.763281 0.275879 0.7625 0.274902 0.762109 0.274902 0.761719 0.274414 0.760938 0.274414 0.760547 0.273926 0.760156 0.273926 0.759375 0.272949 0.758594 0.272949 0.757422 0.271484 0.757031 0.271484 0.755859 0.27002 0.755078 0.27002 0.751953 0.266113 0.751563 0.266113 0.75 0.26416 0.749609 0.26416 0.747266 0.26123 0.747266 0.260742 0.746875 0.260254 0.746875 0.258789 0.747266 0.258301 0.747266 0.257812 0.748047 0.256836 0.748047 0.256348 0.75 0.253906 0.75 0.253418 0.751172 0.251953 0.751172 0.248535 0.750781 0.248047 0.750781 0.247559 0.750391 0.24707 0.750391 0.246094 0.75 0.245605 0.75 0.245117 0.749609 0.244629 0.749609 0.244141 0.748437 0.242676
1 0.685156 0.24707 0.683984 0.248535 0.683984 0.250488 0.685156 0.251953 0.685547 0.251953 0.685937 0.252441 0.686719 0.252441 0.687109 0.25293 0.6875 0.25293 0.687891 0.253418 0.688281 0.253418 0.688672 0.253906 0.689453 0.253906 0.692578 0.257812 0.692578 0.258301 0.69375 0.259766 0.69375 0.260254 0.694531 0.26123 0.694531 0.261719 0.695312 0.262695 0.695312 0.263184 0.696484 0.264648 0.696484 0.265137 0.697656 0.266602 0.697656 0.26709 0.699219 0.269043 0.699219 0.269531 0.699609 0.27002 0.699609 0.270508 0.700391 0.271484 0.700391 0.271973 0.701562 0.273438 0.701562 0.273926 0.702344 0.274902 0.702344 0.275391 0.702734 0.275879 0.702734 0.276367 0.703906 0.277832 0.703906 0.27832 0.704688 0.279297 0.704688 0.279785 0.707422 0.283203 0.707812 0.283203 0.708594 0.28418 0.708984 0.28418 0.709766 0.285156 0.710938 0.285156 0.711719 0.286133 0.712109 0.286133 0.7125 0.286621 0.716406 0.286621 0.716797 0.287109 0.717969 0.287109 0.718359 0.287598 0.722656 0.287598 0.723047 0.288086 0.724609 0.288086 0.725 0.288574 0.726172 0.288574 0.726562 0.289062 0.726953 0.289062 0.727344 0.289551 0.728125 0.289551 0.728516 0.290039 0.728906 0.290039 0.729297 0.290527 0.729688 0.290527 0.730078 0.291016 0.730859 0.291016 0.731641 0.291992 0.732031 0.291992 0.732422 0.29248 0.733203 0.29248 0.733984 0.293457 0.735156 0.293457 0.735547 0.293945 0.737109 0.293945 0.7375 0.294434 0.738672 0.294434 0.739062 0.294922 0.739453 0.294922 0.739844 0.29541 0.740625 0.29541 0.741016 0.295898 0.742969 0.295898 0.743359 0.296387 0.74375 0.296387 0.744141 0.296875 0.747266 0.296875 0.747656 0.296387 0.748047 0.296387 0.75 0.293945 0.75 0.291992 0.748828 0.290527 0.748437 0.290527 0.747656 0.289551 0.744922 0.289551 0.744531 0.289062 0.740234 0.289062 0.739844 0.288574 0.738672 0.288574 0.7375 0.287109 0.736719 0.287109 0.735547 0.285645 0.735156 0.285645 0.733594 0.283691 0.733594 0.283203 0.732031 0.28125 0.732031 0.280762 0.730078 0.27832 0.729688 0.27832 0.728906 0.277344 0.728516 0.277344 0.728125 0.276855 0.727734 0.276855 0.726562 0.275391 0.725781 0.275391 0.725391 0.274902 0.725 0.274902 0.723828 0.273438 0.723047 0.273438 0.722266 0.272461 0.721875 0.272461 0.721094 0.271484 0.720313 0.271484 0.719922 0.270996 0.719531 0.270996 0.719141 0.270508 0.718359 0.270508 0.717969 0.27002 0.716797 0.27002 0.716406 0.269531 0.716016 0.269531 0.715234 0.268555 0.713281 0.268555 0.712891 0.268066 0.711719 0.268066 0.711328 0.267578 0.710547 0.267578 0.710156 0.26709 0.707422 0.26709 0.706641 0.266113 0.70625 0.266113 0.705078 0.264648 0.704688 0.264648 0.702344 0.261719 0.701953 0.261719 0.7 0.259277 0.699609 0.259277 0.699219 0.258789 0.698828 0.258789 0.698047 0.257812 0.698438 0.257324 0.698438 0.255371 0.697266 0.253906 0.695312 0.253906 0.692187 0.25 0.691797 0.25 0.691406 0.249512 0.691016 0.249512 0.690625 0.249023 0.689844 0.249023 0.689453 0.248535 0.689063 0.248535 0.688281 0.247559 0.6875 0.247559 0.687109 0.24707
1 0.681641 0.280273 0.68125 0.280762 0.680859 0.280762 0.676953 0.285645 0.676953 0.287109 0.676172 0.288086 0.676172 0.289062 0.675 0.290527 0.675 0.291016 0.673828 0.29248 0.673438 0.29248 0.671875 0.294434 0.671484 0.294434 0.671094 0.294922 0.670703 0.294922 0.669922 0.295898 0.669531 0.295898 0.669141 0.296387 0.66875 0.296387 0.668359 0.296875 0.667969 0.296875 0.667188 0.297852 0.666406 0.297852 0.665234 0.299316 0.664844 0.299316 0.664453 0.299805 0.663672 0.299805 0.662891 0.300781 0.662109 0.300781 0.661719 0.30127 0.660937 0.30127 0.660156 0.302246 0.659375 0.302246 0.658984 0.302734 0.658594 0.302734 0.658203 0.303223 0.657422 0.303223 0.65625 0.304688 0.655078 0.304688 0.654297 0.305664 0.653906 0.305664 0.653516 0.306152 0.653125 0.306152 0.651172 0.308594 0.651172 0.309082 0.649609 0.311035 0.649609 0.312012 0.649219 0.3125 0.649219 0.312988 0.648828 0.313477 0.648828 0.313965 0.648438 0.314453 0.648438 0.314941 0.648047 0.31543 0.648047 0.317383 0.647656 0.317871 0.647656 0.319336 0.647266 0.319824 0.647266 0.323242 0.646875 0.32373 0.646875 0.32666 0.646094 0.327637 0.646094 0.330078 0.645703 0.330566 0.645703 0.331055 0.645312 0.331543 0.645312 0.333984 0.644531 0.334961 0.644531 0.340332 0.645312 0.341309 0.645312 0.341797 0.646484 0.343262 0.646875 0.343262 0.647266 0.34375 0.651953 0.34375 0.652344 0.343262 0.653125 0.343262 0.653516 0.342773 0.653906 0.342773 0.654297 0.342285 0.655078 0.342285 0.65625 0.34082 0.65625 0.340332 0.657031 0.339355 0.657031 0.338867 0.658594 0.336914 0.658594 0.336426 0.659766 0.334961 0.659766 0.334473 0.664453 0.328613 0.664453 0.328125 0.665234 0.327148 0.665234 0.32666 0.665625 0.326172 0.665625 0.325684 0.671484 0.318359 0.671484 0.317871 0.672656 0.316406 0.672656 0.315918 0.673438 0.314941 0.673438 0.314453 0.674609 0.312988 0.674609 0.312012 0.675781 0.310547 0.675781 0.310059 0.676562 0.309082 0.676562 0.308594 0.677344 0.307617 0.677344 0.306641 0.678125 0.305664 0.678125 0.304688 0.678516 0.304199 0.678516 0.303711 0.679297 0.302734 0.679297 0.301758 0.679688 0.30127 0.679688 0.300781 0.680078 0.300293 0.680078 0.299805 0.680469 0.299316 0.680469 0.298828 0.680859 0.29834 0.680859 0.297852 0.68125 0.297363 0.68125 0.296875 0.682031 0.295898 0.682031 0.29541 0.682422 0.294922 0.682422 0.294434 0.682813 0.293945 0.682813 0.293457 0.683203 0.292969 0.683203 0.29248 0.683594 0.291992 0.683594 0.291504 0.684375 0.290527 0.684375 0.288086 0.684766 0.287598 0.684766 0.285645 0.685156 0.285156 0.685156 0.282227 0.683984 0.280762 0.683594 0.280762 0.683203 0.280273
1 0.767961 0.0914844 0.773738 0.0895752 0.780363 0.0876611 0.785313 0.0889648 0.7875 0.094248 0.7875 0.094248 0.78648 0.0984961 0.780363 0.100405 0.777305 0.100405 0.773059 0.100405 0.768867 0.0999023 0.765781 0.0956543 0.765922 0.092334
1 0.790156 0.0937012 0.792383 0.0919922 0.7975 0.0910156 0.802109 0.0908691 0.805887 0.092334 0.807414 0.0929736 0.813531 0.0980713 0.817102 0.0999805 0.818969 0.10168 0.821688 0.103164 0.824234 0.104863 0.824746 0.110176 0.821516 0.113999 0.817441 0.112725 0.812512 0.109961 0.808434 0.106777 0.803676 0.104863 0.800277 0.103589 0.798238 0.102954 0.792121 0.100405 0.788895 0.0980713
1 0.917422 0 0.913164 0.00429688 0.91043 0.00703125 0.908828 0.00898437 0.907227 0.0118164 0.905898 0.0160645 0.90543 0.0194336 0.904883 0.0229492 0.905664 0.0240723 0.906836 0.0243652 0.908906 0.0248047 0.911094 0.024707 0.913633 0.0242188 0.915469 0.0231445 0.917344 0.0218262 0.919219 0.0199219 0.922578 0.0149902 0.925898 0.00991211 0.928945 0.00439453 0.931055 0
1 0.897227 0 0.895039 0.00551758 0.893477 0.00830078 0.89168 0.0123535 0.890078 0.0161621 0.889062 0.0188965 0.888008 0.022168 0.88668 0.0257324 0.885313 0.0289551 0.884414 0.0334961 0.885273 0.0368164 0.888242 0.0367188 0.891211 0.0342773 0.894102 0.0313965 0.896406 0.0282715 0.898164 0.0248535 0.900273 0.0214355 0.901758 0.0177246 0.902422 0.012793 0.903086 0.00893555 0.904434 0.0044043 0.904434 0.0044043 0.905117 0
1 0.885859 0.00654297 0.883633 0.010791 0.882008 0.0165088 0.881156 0.0192725 0.880137 0.0228809 0.879609 0.0248047 0.879063 0.0269043 0.878594 0.0291016 0.877852 0.0320801 0.877109 0.0355469 0.875586 0.0396484 0.875664 0.042627 0.877812 0.0428711 0.878789 0.0416016 0.880664 0.0395508 0.883359 0.0356934 0.885234 0.0287109 0.886992 0.0247559 0.888633 0.0199707 0.891445 0.0107422 0.890273 0.00581055 0.887969 0.00507813
1 0.88207 0.000195313 0.879883 0.0019043 0.876758 0.00585938 0.87402 0.00971191 0.87232 0.0126855 0.871813 0.0135352 0.869262 0.0165088 0.868754 0.0171484 0.866883 0.0192725 0.863125 0.0236816 0.860781 0.0266113 0.859883 0.0294434 0.860234 0.0321289 0.862344 0.0331055 0.867734 0.0305273 0.871301 0.0260693 0.874687 0.0220215 0.878164 0.0177734 0.881328 0.0130371 0.883555 0.00917969 0.885391 0.00239258 0.884297 0.000683594
1 0.865863 0.00716797 0.859746 0.00759277 0.85652 0.00822754 0.851992 0.0104492 0.849883 0.0122559 0.849023 0.0134766 0.846953 0.0168457 0.844609 0.0225586 0.843711 0.0249512 0.844766 0.0275879 0.847344 0.0289063 0.850938 0.0282227 0.857027 0.0247949 0.858559 0.0235205 0.861785 0.0199072 0.864336 0.0154492 0.865863 0.0114111 0.867223 0.00759277
1 0.858559 0.0141748 0.860859 0.0112793 0.862695 0.00908203 0.865664 0.0065918 0.868359 0.00546875 0.869727 0.00576172 0.87082 0.00756836 0.871445 0.0111816 0.869453 0.0166504 0.865664 0.0228516 0.860234 0.0291992 0.854609 0.0344238 0.851094 0.0364746 0.849102 0.0344727 0.850039 0.0313965 0.85448 0.0230957 0.85618 0.017998 0.857199 0.015874
