0 0.109375 0 0.109375 0.000976562 0.108984 0.00146484 0.108984 0.00195312 0.108203 0.00292969 0.108203 0.00341797 0.107813 0.00390625 0.107813 0.00634766 0.108594 0.00732422 0.108594 0.0078125 0.108984 0.00830078 0.108984 0.00878906 0.109375 0.00927734 0.109375 0.00976562 0.109766 0.0102539 0.109766 0.0107422 0.110156 0.0112305 0.110156 0.012207 0.110547 0.0126953 0.110547 0.0136719 0.111328 0.0146484 0.111328 0.0151367 0.1125 0.0166016 0.1125 0.0170898 0.113281 0.0180664 0.113281 0.0185547 0.114453 0.0200195 0.114453 0.0205078 0.115625 0.0219727 0.116016 0.0219727 0.116797 0.0229492 0.117188 0.0229492 0.117969 0.0239258 0.117969 0.0244141 0.11875 0.0253906 0.119141 0.0253906 0.119922 0.0263672 0.120703 0.0263672 0.121094 0.0268555 0.121484 0.0268555 0.121875 0.0273438 0.122266 0.0273438 0.122656 0.027832 0.123047 0.027832 0.123438 0.0283203 0.123828 0.0283203 0.124609 0.0292969 0.125 0.0292969 0.125391 0.0297852 0.125781 0.0297852 0.126172 0.0302734 0.126953 0.0302734 0.127344 0.0307617 0.128125 0.0307617 0.128516 0.03125 0.128906 0.03125 0.130078 0.0327148 0.130469 0.0327148 0.130859 0.0332031 0.132422 0.0332031 0.132812 0.0336914 0.134375 0.0336914 0.134766 0.0341797 0.135937 0.0341797 0.136328 0.034668 0.137109 0.034668 0.1375 0.0351562 0.138672 0.0351562 0.139063 0.0356445 0.139453 0.0356445 0.139844 0.0361328 0.140234 0.0361328 0.140625 0.0366211 0.141016 0.0366211 0.141406 0.0371094 0.141797 0.0371094 0.142187 0.0375977 0.142969 0.0375977 0.143359 0.0380859 0.144531 0.0380859 0.144922 0.0385742 0.145703 0.0385742 0.146094 0.0390625 0.146875 0.0390625 0.147266 0.0395508 0.147656 0.0395508 0.148047 0.0400391 0.148438 0.0400391 0.148828 0.0405273 0.149219 0.0405273 0.149609 0.0410156 0.15 0.0410156 0.150391 0.0415039 0.151953 0.0415039 0.152344 0.0419922 0.153516 0.0419922 0.153906 0.0424805 0.154688 0.0424805 0.155078 0.0429688 0.155469 0.0429688 0.155859 0.043457 0.15625 0.043457 0.157422 0.0449219 0.157812 0.0449219 0.158203 0.0454102 0.158984 0.0454102 0.159375 0.0458984 0.160547 0.0458984 0.160938 0.0463867 0.161328 0.0463867 0.161719 0.046875 0.162891 0.046875 0.163281 0.0473633 0.163672 0.0473633 0.164062 0.0478516 0.164453 0.0478516 0.164844 0.0483398 0.165625 0.0483398 0.166016 0.0488281 0.169922 0.0488281 0.170313 0.0483398 0.170703 0.0483398 0.171094 0.0478516 0.171094 0.0473633 0.171484 0.046875 0.171484 0.0463867 0.171875 0.0458984 0.171875 0.0429688 0.171484 0.0424805 0.171484 0.0415039 0.171094 0.0410156 0.171094 0.0405273 0.170703 0.0405273 0.170313 0.0400391 0.169922 0.0400391 0.169531 0.0395508 0.16875 0.0395508 0.167969 0.0385742 0.167578 0.0385742 0.163281 0.0332031 0.163281 0.0327148 0.162891 0.0327148 0.1625 0.0322266 0.162109 0.0322266 0.161719 0.0317383 0.161328 0.0317383 0.160938 0.03125 0.160547 0.03125 0.160156 0.0307617 0.159766 0.0307617 0.158203 0.0288086 0.158203 0.0283203 0.157422 0.0273438 0.157422 0.0268555 0.156641 0.0258789 0.156641 0.0253906 0.15625 0.0249023 0.15625 0.0244141 0.155859 0.0239258 0.155469 0.0239258 0.155078 0.0234375 0.154688 0.0234375 0.154297 0.0229492 0.153125 0.0229492 0.152734 0.0224609 0.151953 0.0224609 0.151562 0.0219727 0.151172 0.0219727 0.150781 0.0214844 0.150391 0.0214844 0.149609 0.0205078 0.149219 0.0205078 0.148828 0.0200195 0.148438 0.0200195 0.147656 0.019043 0.147266 0.019043 0.146875 0.0185547 0.145313 0.0185547 0.144922 0.0180664 0.142969 0.0180664 0.141797 0.0166016 0.141797 0.0161133 0.140625 0.0146484 0.140234 0.0146484 0.139844 0.0141602 0.139453 0.0141602 0.138281 0.0126953 0.138281 0.012207 0.137891 0.0117188 0.137891 0.0112305 0.137109 0.0102539 0.136328 0.0102539 0.135937 0.00976562 0.135547 0.00976562 0.133594 0.00732422 0.133594 0.00683594 0.133203 0.00634766 0.133203 0.00585938 0.132812 0.00537109 0.132812 0.00488281 0.132422 0.00439453 0.132422 0.00390625 0.132031 0.00341797 0.131641 0.00341797 0.130859 0.00244141 0.130469 0.00244141 0.129297 0.000976562 0.129297 0
0 0.16875 0.281738 0.16875 0.283691 0.169141 0.28418 0.169141 0.284668 0.169531 0.285156 0.169531 0.285645 0.169922 0.286133 0.169922 0.286621 0.171094 0.288086 0.171094 0.288574 0.173828 0.291992 0.174219 0.291992 0.174609 0.29248 0.175391 0.29248 0.175781 0.292969 0.176953 0.292969 0.177344 0.293457 0.177734 0.293457 0.178125 0.293945 0.178516 0.293945 0.178906 0.294434 0.179297 0.294434 0.180469 0.295898 0.180859 0.295898 0.18125 0.296387 0.182422 0.296387 0.182812 0.296875 0.184375 0.296875 0.184766 0.297363 0.185547 0.297363 0.185938 0.297852 0.186719 0.297852 0.187109 0.29834 0.187891 0.29834 0.188281 0.298828 0.189844 0.298828 0.190234 0.299316 0.192188 0.299316 0.192578 0.299805 0.195703 0.299805 0.196094 0.300293 0.198437 0.300293 0.198828 0.299805 0.201953 0.299805 0.202344 0.299316 0.204297 0.299316 0.204687 0.298828 0.20625 0.298828 0.206641 0.29834 0.207813 0.29834 0.208203 0.297852 0.208984 0.297852 0.209375 0.297363 0.209766 0.297363 0.210156 0.296875 0.210547 0.296875 0.211328 0.295898 0.211719 0.295898 0.212109 0.29541 0.2125 0.29541 0.212891 0.294922 0.213281 0.294922 0.213672 0.294434 0.214453 0.294434 0.214844 0.293945 0.215625 0.293945 0.216016 0.293457 0.216797 0.293457 0.217188 0.292969 0.218359 0.292969 0.21875 0.29248 0.220703 0.29248 0.221094 0.291992 0.222266 0.291992 0.222656 0.291504 0.223438 0.291504 0.223828 0.291016 0.224609 0.291016 0.225 0.290527 0.225391 0.290527 0.225781 0.290039 0.226562 0.290039 0.226953 0.289551 0.227344 0.289551 0.227734 0.289062 0.228516 0.289062 0.228906 0.288574 0.229297 0.288574 0.229687 0.288086 0.230078 0.288086 0.233203 0.28418 0.233203 0.280273 0.232813 0.279785 0.232813 0.279297 0.232031 0.27832 0.231641 0.27832 0.23125 0.277832 0.230469 0.277832 0.230078 0.277344 0.229297 0.277344 0.228906 0.276855 0.226953 0.276855 0.226562 0.276367 0.220703 0.276367 0.220312 0.276855 0.209375 0.276855 0.208984 0.276367 0.207813 0.276367 0.207422 0.275879 0.20625 0.275879 0.205859 0.275391 0.203906 0.275391 0.203516 0.274902 0.202344 0.274902 0.201953 0.274414 0.199219 0.274414 0.198828 0.273926 0.195312 0.273926 0.194922 0.273438 0.192578 0.273438 0.192188 0.272949 0.190625 0.272949 0.190234 0.272461 0.188281 0.272461 0.187891 0.271973 0.184766 0.271973 0.184375 0.272461 0.182031 0.272461 0.181641 0.272949 0.180859 0.272949 0.180469 0.273438 0.180078 0.273438 0.179688 0.273926 0.178906 0.273926 0.178516 0.274414 0.177734 0.274414 0.177344 0.274902 0.176953 0.274902 0.176563 0.275391 0.175781 0.275391 0.175391 0.275879 0.175 0.275879 0.174609 0.276367 0.173828 0.276367 0.173437 0.276855 0.172656 0.276855 0.172266 0.277344 0.171875 0.277344 0.171484 0.277832 0.171094 0.277832 0.170703 0.27832 0.170313 0.27832 0.169141 0.279785 0.169141 0.28125
0 0.361328 0.243652 0.360938 0.243164 0.358594 0.243164 0.358203 0.242676 0.357422 0.242676 0.357031 0.243164 0.355469 0.243164 0.355078 0.243652 0.354297 0.243652 0.353906 0.244141 0.353516 0.244141 0.353125 0.243652 0.352734 0.243652 0.352344 0.243164 0.351172 0.243164 0.350781 0.242676 0.347266 0.242676 0.346875 0.243164 0.344922 0.243164 0.344531 0.242676 0.336719 0.242676 0.336328 0.243164 0.333594 0.243164 0.333203 0.243652 0.332813 0.243652 0.332031 0.244629 0.332031 0.245117 0.33125 0.246094 0.330469 0.246094 0.330078 0.246582 0.329688 0.246582 0.329297 0.24707 0.328906 0.24707 0.328125 0.248047 0.327734 0.248047 0.327344 0.248535 0.326953 0.248535 0.326562 0.249023 0.325781 0.249023 0.325391 0.249512 0.324609 0.249512 0.324219 0.25 0.323047 0.25 0.322656 0.250488 0.321875 0.250488 0.321094 0.251465 0.320703 0.251465 0.317188 0.255859 0.317188 0.256348 0.315625 0.258301 0.315625 0.258789 0.314844 0.259766 0.314844 0.260254 0.314453 0.260742 0.314453 0.262207 0.314063 0.262695 0.314063 0.263672 0.313672 0.26416 0.313672 0.265137 0.313281 0.265625 0.313281 0.266602 0.312891 0.26709 0.312891 0.269043 0.3125 0.269531 0.3125 0.270996 0.312109 0.271484 0.312109 0.271973 0.310547 0.273926 0.310547 0.274414 0.309766 0.275391 0.309766 0.275879 0.309375 0.276367 0.309375 0.277344 0.308984 0.277832 0.308984 0.278809 0.308594 0.279297 0.308594 0.289062 0.308984 0.289551 0.308984 0.291992 0.309375 0.29248 0.309375 0.293457 0.309766 0.293945 0.309766 0.294922 0.310547 0.295898 0.310547 0.296387 0.312891 0.299316 0.313281 0.299316 0.313672 0.299805 0.315234 0.299805 0.315625 0.299316 0.315625 0.298828 0.316016 0.29834 0.316016 0.295898 0.316406 0.29541 0.316406 0.294922 0.316797 0.294434 0.316797 0.293945 0.318359 0.291992 0.318359 0.291504 0.319141 0.290527 0.319141 0.290039 0.319531 0.289551 0.319531 0.288574 0.319922 0.288086 0.319922 0.287598 0.320312 0.287109 0.320312 0.285645 0.320703 0.285156 0.320703 0.28418 0.321094 0.283691 0.321094 0.283203 0.321484 0.282715 0.321484 0.282227 0.325391 0.277344 0.325781 0.277344 0.326172 0.276855 0.326562 0.276855 0.327344 0.275879 0.327734 0.275879 0.328906 0.274414 0.329297 0.274414 0.329688 0.273926 0.330078 0.273926 0.330859 0.272949 0.33125 0.272949 0.335938 0.26709 0.335938 0.266602 0.336719 0.265625 0.336719 0.265137 0.3375 0.26416 0.3375 0.263672 0.338281 0.262695 0.338281 0.262207 0.339453 0.260742 0.339844 0.260742 0.341016 0.259277 0.341406 0.259277 0.342578 0.257812 0.34375 0.257812 0.344141 0.257324 0.346484 0.257324 0.346875 0.256836 0.347656 0.256836 0.348047 0.256348 0.348438 0.256348 0.348828 0.255859 0.349219 0.255859 0.349609 0.255371 0.35 0.255371 0.350781 0.254395 0.351172 0.254395 0.351953 0.253418 0.352344 0.253418 0.353125 0.252441 0.353516 0.252441 0.353906 0.251953 0.354297 0.251953 0.354687 0.251465 0.355078 0.251465 0.355469 0.250977 0.355859 0.250977 0.356641 0.25 0.357031 0.25 0.358594 0.248047 0.358984 0.248047 0.359375 0.247559 0.359766 0.247559 0.360938 0.246094 0.360938 0.245605 0.361328 0.245117
0 0.247656 0.29834 0.246875 0.299316 0.246875 0.299805 0.246094 0.300781 0.245703 0.300781 0.245312 0.30127 0.244141 0.30127 0.24375 0.301758 0.243359 0.301758 0.242969 0.302246 0.242969 0.305176 0.243359 0.305664 0.243359 0.307617 0.242969 0.308105 0.242969 0.312012 0.243359 0.3125 0.243359 0.314453 0.24375 0.314941 0.24375 0.31543 0.244531 0.316406 0.244922 0.316406 0.246094 0.317871 0.246094 0.318359 0.246875 0.319336 0.246875 0.319824 0.247656 0.320801 0.247656 0.321289 0.248828 0.322754 0.249219 0.322754 0.251172 0.325195 0.251172 0.325684 0.252344 0.327148 0.252734 0.327148 0.253125 0.327637 0.253516 0.327637 0.254688 0.329102 0.254688 0.32959 0.255469 0.330566 0.255859 0.330566 0.25625 0.331055 0.256641 0.331055 0.257031 0.331543 0.257422 0.331543 0.258594 0.333008 0.258594 0.333496 0.258984 0.333984 0.258984 0.335449 0.259375 0.335938 0.259375 0.337402 0.259766 0.337891 0.259766 0.338379 0.260156 0.338867 0.260156 0.339355 0.260547 0.339844 0.260547 0.340332 0.260937 0.34082 0.260937 0.341309 0.261328 0.341797 0.261328 0.342285 0.262109 0.343262 0.262109 0.34375 0.262891 0.344727 0.262891 0.345215 0.263281 0.345215 0.263672 0.345703 0.264453 0.345703 0.265234 0.344727 0.265234 0.344238 0.266016 0.343262 0.266406 0.343262 0.267188 0.342285 0.267188 0.331543 0.267578 0.331055 0.267578 0.327637 0.267188 0.327148 0.267188 0.326172 0.267578 0.325684 0.267578 0.313477 0.267188 0.312988 0.267188 0.312012 0.266406 0.311035 0.266406 0.310547 0.266016 0.310059 0.266016 0.30957 0.265625 0.309082 0.265625 0.308594 0.265234 0.308105 0.265234 0.307617 0.264844 0.307129 0.264844 0.306641 0.264453 0.306152 0.263672 0.306152 0.263281 0.305664 0.2625 0.305664 0.262109 0.305176 0.261328 0.305176 0.260937 0.304688 0.260547 0.304688 0.260156 0.304199 0.259766 0.304199 0.259375 0.303711 0.258984 0.303711 0.258594 0.303223 0.258203 0.303223 0.257812 0.302734 0.257422 0.302734 0.255859 0.300781 0.255469 0.300781 0.255078 0.300293 0.252344 0.300293 0.251953 0.299805 0.25 0.299805 0.248828 0.29834
1 0.810547 0.585449 0.807813 0.585449 0.807422 0.585938 0.806641 0.585938 0.80625 0.586426 0.80625 0.586914 0.805469 0.587891 0.805469 0.588379 0.805078 0.588867 0.805078 0.589355 0.804297 0.590332 0.804297 0.59082 0.803906 0.591309 0.803906 0.591797 0.803125 0.592773 0.803125 0.593262 0.802344 0.594238 0.802344 0.594727 0.801562 0.595703 0.801562 0.596191 0.800781 0.597168 0.800781 0.597656 0.798438 0.600586 0.798438 0.601074 0.797656 0.602051 0.797656 0.602539 0.797266 0.603027 0.797266 0.603516 0.796875 0.604004 0.796875 0.60498 0.796484 0.605469 0.796484 0.606445 0.796094 0.606934 0.796094 0.60791 0.795703 0.608398 0.795703 0.609375 0.795312 0.609863 0.795312 0.61377 0.794922 0.614258 0.794922 0.620605 0.795312 0.621094 0.795312 0.624512 0.794922 0.625 0.794922 0.629395 0.795312 0.629883 0.795312 0.635254 0.795703 0.635742 0.795703 0.636719 0.796094 0.637207 0.796094 0.639648 0.796484 0.640137 0.796484 0.643555 0.796875 0.644043 0.796875 0.64502 0.797266 0.645508 0.797266 0.645996 0.797656 0.646484 0.797656 0.647949 0.798047 0.648438 0.798047 0.648926 0.798438 0.649414 0.798438 0.649902 0.798828 0.650391 0.798828 0.650879 0.800391 0.652832 0.800781 0.652832 0.801172 0.65332 0.801562 0.65332 0.802344 0.654297 0.802734 0.654297 0.803125 0.654785 0.803125 0.655273 0.803516 0.655762 0.803516 0.656738 0.803906 0.657227 0.803906 0.657715 0.804297 0.658203 0.804297 0.658691 0.805078 0.659668 0.805078 0.660645 0.805469 0.661133 0.805469 0.662109 0.80625 0.663086 0.806641 0.663086 0.807031 0.663574 0.808984 0.663574 0.809375 0.663086 0.810156 0.663086 0.811328 0.661621 0.811328 0.661133 0.812109 0.660156 0.812109 0.659668 0.8125 0.65918 0.8125 0.658203 0.812891 0.657715 0.812891 0.655273 0.813281 0.654785 0.813281 0.654297 0.814063 0.65332 0.814063 0.652832 0.814453 0.652344 0.814453 0.651855 0.814844 0.651367 0.814844 0.650879 0.815234 0.650391 0.815234 0.649902 0.815625 0.649414 0.815625 0.647949 0.816016 0.647461 0.816016 0.644043 0.816406 0.643555 0.816406 0.641113 0.816016 0.640625 0.816016 0.638672 0.816406 0.638184 0.816406 0.637207 0.816797 0.636719 0.816797 0.635742 0.817187 0.635254 0.817187 0.626465 0.816797 0.625977 0.816797 0.624512 0.816406 0.624023 0.816406 0.622559 0.816016 0.62207 0.816016 0.619141 0.815625 0.618652 0.815625 0.615234 0.815234 0.614746 0.815234 0.608887 0.814844 0.608398 0.814844 0.60498 0.814453 0.604492 0.814453 0.602051 0.814063 0.601562 0.814063 0.600586 0.813672 0.600098 0.813672 0.599121 0.813281 0.598633 0.813281 0.598145 0.812891 0.597656 0.812891 0.59668 0.8125 0.596191 0.8125 0.594238 0.812109 0.59375 0.812109 0.590332 0.811719 0.589844 0.811719 0.588379 0.811328 0.587891 0.811328 0.586914 0.810937 0.586426 0.810937 0.585938
0 0.833984 0.0288086 0.832031 0.0288086 0.831641 0.0283203 0.829297 0.0283203 0.828906 0.027832 0.826562 0.027832 0.826172 0.0273438 0.823438 0.0273438 0.823047 0.0268555 0.822266 0.0268555 0.821875 0.0273438 0.820703 0.0273438 0.820312 0.027832 0.819922 0.027832 0.819531 0.0283203 0.819141 0.0283203 0.81875 0.0288086 0.818359 0.0288086 0.817969 0.0292969 0.817578 0.0292969 0.816797 0.0302734 0.816406 0.0302734 0.816016 0.0307617 0.815625 0.0307617 0.815234 0.03125 0.814844 0.03125 0.814453 0.0317383 0.814063 0.0317383 0.8125 0.0336914 0.8125 0.034668 0.811719 0.0356445 0.811719 0.0361328 0.808594 0.0400391 0.808203 0.0400391 0.807031 0.0415039 0.807031 0.0419922 0.805859 0.043457 0.805859 0.0439453 0.805469 0.0444336 0.805469 0.0454102 0.805078 0.0458984 0.805078 0.0473633 0.804688 0.0478516 0.804688 0.0483398 0.804297 0.0488281 0.804297 0.0493164 0.803906 0.0498047 0.803906 0.050293 0.803516 0.0507812 0.803516 0.0512695 0.803125 0.0517578 0.803125 0.0522461 0.802734 0.0527344 0.802734 0.0532227 0.801953 0.0541992 0.801953 0.0546875 0.801562 0.0551758 0.801562 0.0556641 0.801172 0.0561523 0.801172 0.0571289 0.800781 0.0576172 0.800781 0.0585938 0.800391 0.059082 0.800391 0.0610352 0.8 0.0615234 0.8 0.0654297 0.800391 0.065918 0.800391 0.0678711 0.800781 0.0683594 0.800781 0.0693359 0.801172 0.0698242 0.801172 0.0712891 0.801562 0.0717773 0.801562 0.0727539 0.801953 0.0732422 0.801953 0.0737305 0.802734 0.074707 0.802734 0.0751953 0.803516 0.0761719 0.803125 0.0766602 0.803125 0.0771484 0.802734 0.0776367 0.802734 0.078125 0.802344 0.0786133 0.802344 0.0795898 0.801953 0.0800781 0.801953 0.0830078 0.802344 0.0834961 0.802344 0.0878906 0.802734 0.0883789 0.802734 0.0913086 0.803125 0.0917969 0.803125 0.0932617 0.803516 0.09375 0.803516 0.0952148 0.803906 0.0957031 0.803906 0.0976562 0.804297 0.0981445 0.804297 0.103027 0.804688 0.103516 0.804688 0.104492 0.805078 0.10498 0.805078 0.105469 0.805859 0.106445 0.807031 0.106445 0.810156 0.102539 0.810156 0.101562 0.810547 0.101074 0.810547 0.100098 0.810937 0.0996094 0.810937 0.0986328 0.811328 0.0981445 0.811328 0.0961914 0.811719 0.0957031 0.811719 0.0932617 0.812109 0.0927734 0.812109 0.0913086 0.8125 0.0908203 0.8125 0.0888672 0.812891 0.0883789 0.812891 0.0864258 0.813281 0.0859375 0.813281 0.0849609 0.813672 0.0844727 0.813672 0.0839844 0.814063 0.0834961 0.814063 0.0825195 0.814453 0.0820312 0.814453 0.0810547 0.814844 0.0805664 0.814844 0.0791016 0.815234 0.0786133 0.815234 0.0771484 0.815625 0.0766602 0.815625 0.0761719 0.816406 0.0751953 0.816406 0.074707 0.817578 0.0732422 0.817578 0.0727539 0.817969 0.0722656 0.817969 0.0717773 0.818359 0.0712891 0.818359 0.0708008 0.819141 0.0698242 0.819141 0.0688477 0.819531 0.0683594 0.819531 0.0668945 0.819922 0.0664062 0.819922 0.0639648 0.820312 0.0634766 0.820312 0.0527344 0.820703 0.0522461 0.820703 0.0512695 0.821094 0.0507812 0.821094 0.0498047 0.821484 0.0493164 0.821484 0.0483398 0.821875 0.0478516 0.821875 0.046875 0.822266 0.0463867 0.822266 0.0458984 0.823047 0.0449219 0.823047 0.0444336 0.826172 0.0405273 0.826562 0.0405273 0.827344 0.0395508 0.827734 0.0395508 0.828125 0.0390625 0.828516 0.0390625 0.828906 0.0385742 0.829688 0.0385742 0.830078 0.0380859 0.830469 0.0380859 0.830859 0.0375977 0.83125 0.0375977 0.832031 0.0366211 0.832422 0.0366211 0.832812 0.0361328 0.833203 0.0361328 0.833984 0.0351562 0.834375 0.0351562 0.835547 0.0336914 0.835547 0.03125 0.835156 0.0307617 0.835156 0.0297852 0.834766 0.0292969 0.834375 0.0292969
1 0.736719 0.770996 0.736719 0.773926 0.737109 0.774414 0.737109 0.775879 0.737891 0.776855 0.737891 0.777344 0.739062 0.778809 0.739062 0.779297 0.739453 0.779785 0.739844 0.779785 0.740234 0.780273 0.740625 0.780273 0.741016 0.780762 0.741406 0.780762 0.741797 0.78125 0.742188 0.78125 0.742969 0.782227 0.743359 0.782227 0.74375 0.782715 0.744141 0.782715 0.744531 0.783203 0.745313 0.783203 0.745703 0.783691 0.746094 0.783691 0.746484 0.78418 0.747266 0.78418 0.747656 0.784668 0.748047 0.784668 0.748437 0.785156 0.749219 0.785156 0.749609 0.785645 0.75 0.785645 0.750391 0.786133 0.750781 0.786133 0.751563 0.787109 0.751953 0.787109 0.752344 0.787598 0.753125 0.787598 0.753516 0.788086 0.754687 0.788086 0.755078 0.788574 0.75625 0.788574 0.756641 0.789062 0.757422 0.789062 0.757812 0.789551 0.758203 0.789551 0.758594 0.790039 0.758984 0.790039 0.759375 0.790527 0.760938 0.790527 0.761328 0.791016 0.766016 0.791016 0.766406 0.791504 0.767188 0.791504 0.767578 0.791016 0.769922 0.791016 0.770312 0.790527 0.771484 0.790527 0.771875 0.790039 0.772656 0.790039 0.773047 0.789551 0.773828 0.789551 0.774219 0.789062 0.774609 0.789062 0.775 0.788574 0.775781 0.788574 0.776563 0.787598 0.776953 0.787598 0.778906 0.785156 0.779297 0.785156 0.780078 0.78418 0.78125 0.78418 0.781641 0.783691 0.783594 0.783691 0.783984 0.783203 0.786719 0.783203 0.787109 0.782715 0.789062 0.782715 0.789453 0.782227 0.791797 0.782227 0.792188 0.781738 0.793359 0.781738 0.79375 0.78125 0.794531 0.78125 0.795703 0.779785 0.795703 0.777344 0.796094 0.776855 0.796094 0.774902 0.795703 0.774414 0.795703 0.772949 0.795312 0.772461 0.795312 0.771484 0.794531 0.770508 0.794141 0.770508 0.793359 0.769531 0.792969 0.769531 0.792578 0.769043 0.792188 0.769043 0.791797 0.768555 0.791016 0.768555 0.790625 0.768066 0.789453 0.768066 0.789062 0.767578 0.787891 0.767578 0.7875 0.76709 0.786328 0.76709 0.785937 0.766602 0.784766 0.766602 0.784375 0.766113 0.783594 0.766113 0.783203 0.765625 0.782031 0.765625 0.781641 0.765137 0.780859 0.765137 0.780078 0.76416 0.779687 0.76416 0.779297 0.763672 0.778516 0.763672 0.778125 0.763184 0.777344 0.763184 0.776953 0.762695 0.775781 0.762695 0.775391 0.762207 0.773828 0.762207 0.773438 0.761719 0.771875 0.761719 0.771484 0.76123 0.769922 0.76123 0.769531 0.760742 0.767578 0.760742 0.767188 0.760254 0.763672 0.760254 0.763281 0.759766 0.762109 0.759766 0.761719 0.759277 0.760156 0.759277 0.759766 0.758789 0.758984 0.758789 0.758594 0.759277 0.756641 0.759277 0.75625 0.759766 0.752734 0.759766 0.752344 0.760254 0.751172 0.760254 0.750781 0.760742 0.750391 0.760742 0.75 0.76123 0.749219 0.76123 0.748828 0.761719 0.748047 0.761719 0.747656 0.762207 0.746484 0.762207 0.746094 0.762695 0.745313 0.762695 0.744922 0.763184 0.744141 0.763184 0.74375 0.763672 0.743359 0.763672 0.742969 0.76416 0.742578 0.76416 0.741797 0.765137 0.741406 0.765137 0.741016 0.765625 0.740625 0.765625 0.739844 0.766602 0.739453 0.766602 0.7375 0.769043 0.7375 0.769531 0.737109 0.77002 0.737109 0.770508
1 0.648047 0.874023 0.646484 0.87207 0.640234 0.87207 0.639844 0.872559 0.633984 0.872559 0.632031 0.875 0.631641 0.875 0.63125 0.875488 0.630078 0.875488 0.629687 0.875 0.626172 0.875 0.625781 0.875488 0.624609 0.875488 0.624219 0.875977 0.623047 0.875977 0.622656 0.876465 0.622266 0.876465 0.621875 0.876953 0.621094 0.876953 0.620703 0.877441 0.620313 0.877441 0.619922 0.87793 0.619531 0.87793 0.619141 0.878418 0.61875 0.878418 0.617188 0.880371 0.617188 0.880859 0.614062 0.884766 0.613672 0.884766 0.610938 0.888184 0.610938 0.888672 0.610156 0.889648 0.610156 0.890137 0.605078 0.896484 0.604688 0.896484 0.602734 0.898926 0.602734 0.899414 0.602344 0.899902 0.602344 0.904785 0.603516 0.90625 0.604688 0.90625 0.605078 0.906738 0.60625 0.906738 0.606641 0.907227 0.608203 0.907227 0.608594 0.906738 0.610156 0.906738 0.610547 0.90625 0.614453 0.90625 0.614844 0.905762 0.616797 0.905762 0.617188 0.905273 0.61875 0.905273 0.619141 0.904785 0.621875 0.904785 0.622266 0.904297 0.623828 0.904297 0.624219 0.903809 0.625 0.903809 0.625391 0.90332 0.626563 0.90332 0.626953 0.902832 0.628516 0.902832 0.628906 0.902344 0.630469 0.902344 0.630859 0.901855 0.63125 0.901855 0.631641 0.901367 0.632031 0.901367 0.632422 0.900879 0.632812 0.900879 0.633594 0.899902 0.633984 0.899902 0.634766 0.898926 0.635156 0.898926 0.635547 0.898438 0.635938 0.898438 0.636328 0.897949 0.636719 0.897949 0.637109 0.897461 0.6375 0.897461 0.639453 0.89502 0.639844 0.89502 0.640234 0.894531 0.640625 0.894531 0.641016 0.894043 0.641797 0.894043 0.643359 0.89209 0.643359 0.891113 0.64375 0.890625 0.64375 0.889648 0.644141 0.88916 0.644141 0.888672 0.644531 0.888184 0.644531 0.887695 0.646875 0.884766 0.646875 0.884277 0.647266 0.883789 0.647266 0.882812 0.647656 0.882324 0.647656 0.881348 0.648047 0.880859 0.648047 0.879883 0.648438 0.879395 0.648438 0.875 0.648047 0.874512
1 0.655469 0.884277 0.655469 0.886719 0.655859 0.887207 0.655859 0.888672 0.657031 0.890137 0.657422 0.890137 0.657813 0.890625 0.658203 0.890625 0.658594 0.891113 0.658984 0.891113 0.661328 0.894043 0.661719 0.894043 0.664453 0.897461 0.664453 0.897949 0.665234 0.898926 0.665234 0.899414 0.671484 0.907227 0.671875 0.907227 0.672656 0.908203 0.673047 0.908203 0.673828 0.90918 0.674219 0.90918 0.675 0.910156 0.675391 0.910156 0.675781 0.910645 0.676172 0.910645 0.676953 0.911621 0.677344 0.911621 0.678125 0.912598 0.678516 0.912598 0.678906 0.913086 0.679297 0.913086 0.679688 0.913574 0.680078 0.913574 0.680469 0.914062 0.681641 0.914062 0.682031 0.914551 0.683984 0.914551 0.684375 0.915039 0.687891 0.915039 0.688281 0.914551 0.691797 0.914551 0.692187 0.914062 0.694531 0.914062 0.694922 0.913574 0.696484 0.913574 0.696875 0.913086 0.698438 0.913086 0.698828 0.912598 0.699609 0.912598 0.7 0.912109 0.700391 0.912109 0.700781 0.911621 0.701562 0.911621 0.701953 0.911133 0.703906 0.911133 0.704297 0.910645 0.705078 0.910645 0.705469 0.910156 0.70625 0.910156 0.706641 0.909668 0.707812 0.909668 0.708203 0.90918 0.711328 0.90918 0.711719 0.908691 0.716016 0.908691 0.716406 0.908203 0.718359 0.908203 0.71875 0.908691 0.721094 0.908691 0.721484 0.908203 0.722656 0.908203 0.723047 0.907715 0.723437 0.907715 0.723828 0.907227 0.723828 0.904297 0.722266 0.902344 0.721875 0.902344 0.720703 0.900879 0.720313 0.900879 0.719531 0.899902 0.719141 0.899902 0.71875 0.899414 0.718359 0.899414 0.717969 0.898926 0.717187 0.898926 0.716797 0.898438 0.716016 0.898438 0.715625 0.897949 0.714844 0.897949 0.714453 0.897461 0.713672 0.897461 0.713281 0.896973 0.712109 0.896973 0.711719 0.896484 0.710938 0.896484 0.710547 0.895996 0.709375 0.895996 0.708984 0.895508 0.708203 0.895508 0.707812 0.89502 0.706641 0.89502 0.70625 0.894531 0.705078 0.894531 0.704688 0.894043 0.703516 0.894043 0.703125 0.893555 0.702344 0.893555 0.701953 0.893066 0.701562 0.893066 0.701172 0.892578 0.700781 0.892578 0.700391 0.89209 0.699609 0.89209 0.699219 0.891602 0.698828 0.891602 0.698438 0.891113 0.697266 0.891113 0.696875 0.890625 0.696094 0.890625 0.695703 0.890137 0.695312 0.890137 0.694922 0.889648 0.694531 0.889648 0.694141 0.88916 0.69375 0.88916 0.693359 0.888672 0.692578 0.888672 0.692187 0.888184 0.691016 0.888184 0.690625 0.887695 0.689063 0.887695 0.688672 0.887207 0.6875 0.887207 0.687109 0.886719 0.686328 0.886719 0.685937 0.88623 0.683984 0.88623 0.683594 0.885742 0.680469 0.885742 0.680078 0.885254 0.677344 0.885254 0.676953 0.884766 0.673438 0.884766 0.673047 0.884277 0.671484 0.884277 0.671094 0.883789 0.667969 0.883789 0.667578 0.883301 0.662109 0.883301 0.661719 0.882812 0.657031 0.882812 0.656641 0.883301 0.65625 0.883301
1 0.672266 0.926758 0.672266 0.927246 0.672656 0.927734 0.672656 0.928223 0.673438 0.929199 0.673828 0.929199 0.674219 0.929688 0.674609 0.929688 0.676953 0.932617 0.677344 0.932617 0.680078 0.936035 0.680078 0.936523 0.680469 0.937012 0.680859 0.937012 0.681641 0.937988 0.682422 0.937988 0.682813 0.938477 0.683203 0.938477 0.683984 0.939453 0.684375 0.939453 0.6875 0.943359 0.687891 0.943359 0.688281 0.943848 0.688672 0.943848 0.689063 0.944336 0.689844 0.944336 0.690234 0.944824 0.691016 0.944824 0.691406 0.945312 0.691797 0.945312 0.692578 0.946289 0.692969 0.946289 0.693359 0.946777 0.69375 0.946777 0.694141 0.947266 0.694531 0.947266 0.694922 0.947754 0.695312 0.947754 0.695703 0.948242 0.696094 0.948242 0.696484 0.94873 0.696875 0.94873 0.697266 0.949219 0.698047 0.949219 0.698438 0.949707 0.699219 0.949707 0.699609 0.950195 0.700781 0.950195 0.701172 0.950684 0.702344 0.950684 0.702734 0.951172 0.704297 0.951172 0.704688 0.95166 0.710156 0.95166 0.710547 0.952148 0.715625 0.952148 0.716016 0.95166 0.721094 0.95166 0.721484 0.951172 0.730469 0.951172 0.730859 0.950684 0.732031 0.950684 0.732422 0.950195 0.736328 0.950195 0.736719 0.949707 0.738281 0.949707 0.738672 0.949219 0.740234 0.949219 0.740625 0.94873 0.741406 0.94873 0.741797 0.948242 0.742578 0.948242 0.74375 0.946777 0.74375 0.942871 0.743359 0.942383 0.743359 0.941895 0.742578 0.940918 0.742578 0.94043 0.742188 0.939941 0.742188 0.939453 0.741406 0.938477 0.741406 0.937988 0.739844 0.936035 0.739453 0.936035 0.738672 0.935059 0.738281 0.935059 0.7375 0.934082 0.737109 0.934082 0.735547 0.932129 0.735547 0.931641 0.733984 0.929688 0.733984 0.929199 0.732422 0.927246 0.732031 0.927246 0.731641 0.926758 0.73125 0.926758 0.730859 0.92627 0.730469 0.92627 0.728125 0.92334 0.727734 0.92334 0.726172 0.921387 0.725781 0.921387 0.724609 0.919922 0.724219 0.919922 0.723828 0.919434 0.722656 0.919434 0.722266 0.918945 0.721484 0.918945 0.721094 0.918457 0.720313 0.918457 0.719922 0.917969 0.719141 0.917969 0.718359 0.916992 0.717969 0.916992 0.717578 0.916504 0.717187 0.916504 0.716797 0.916016 0.714844 0.916016 0.714453 0.916504 0.7125 0.916504 0.712109 0.916016 0.710938 0.916016 0.710547 0.915527 0.707812 0.915527 0.707422 0.916016 0.706641 0.916016 0.70625 0.916504 0.705469 0.916504 0.705078 0.916992 0.703516 0.916992 0.703125 0.916504 0.700781 0.916504 0.700391 0.916992 0.7 0.916992 0.699609 0.91748 0.699219 0.91748 0.698828 0.917969 0.697656 0.917969 0.697266 0.918457 0.696484 0.918457 0.696094 0.918945 0.695312 0.918945 0.694922 0.919434 0.694531 0.919434 0.694141 0.919922 0.693359 0.919922 0.692969 0.92041 0.690625 0.92041 0.690234 0.920898 0.688281 0.920898 0.687891 0.921387 0.685547 0.921387 0.685156 0.921875 0.682031 0.921875 0.681641 0.922363 0.680469 0.922363 0.680078 0.921875 0.676953 0.921875 0.676562 0.922363 0.675 0.922363 0.674609 0.922852 0.673828 0.922852 0.673047 0.923828 0.673047 0.924316 0.672656 0.924805 0.672656 0.92627
1 0.401953 0.603027 0.400391 0.601074 0.4 0.601074 0.399609 0.600586 0.398438 0.600586 0.398047 0.600098 0.397266 0.600098 0.396875 0.599609 0.396484 0.599609 0.396094 0.599121 0.396094 0.598145 0.395703 0.597656 0.395703 0.597168 0.394922 0.596191 0.393359 0.596191 0.392969 0.595703 0.392188 0.595703 0.391797 0.595215 0.391016 0.595215 0.390625 0.594727 0.389844 0.594727 0.389453 0.594238 0.386719 0.594238 0.386328 0.59375 0.385547 0.59375 0.384766 0.592773 0.384766 0.592285 0.383203 0.592285 0.382812 0.592773 0.380859 0.592773 0.380469 0.592285 0.379688 0.592285 0.379297 0.591797 0.378125 0.591797 0.377734 0.591309 0.375 0.591309 0.374609 0.59082 0.371484 0.59082 0.371094 0.591309 0.36875 0.591309 0.368359 0.591797 0.367969 0.591797 0.367578 0.592285 0.367188 0.592285 0.366797 0.592773 0.366406 0.592773 0.366016 0.593262 0.365234 0.593262 0.364844 0.59375 0.364063 0.59375 0.363672 0.594238 0.362891 0.594238 0.3625 0.594727 0.362109 0.594727 0.361719 0.595215 0.361328 0.595215 0.359766 0.597168 0.359766 0.597656 0.359375 0.598145 0.359375 0.598633 0.358984 0.599121 0.358984 0.599609 0.358203 0.600586 0.358203 0.601074 0.35625 0.603516 0.35625 0.604004 0.355859 0.604492 0.355859 0.60498 0.353906 0.607422 0.353906 0.608398 0.353516 0.608887 0.353516 0.610352 0.353125 0.61084 0.353125 0.611328 0.352734 0.611816 0.352734 0.612793 0.352344 0.613281 0.352344 0.614258 0.351953 0.614746 0.351953 0.617676 0.351562 0.618164 0.351562 0.619629 0.351172 0.620117 0.351172 0.62207 0.350781 0.622559 0.350781 0.623047 0.348828 0.625488 0.348828 0.625977 0.348438 0.626465 0.348438 0.630859 0.348828 0.630859 0.349219 0.631348 0.350781 0.631348 0.351172 0.630859 0.353516 0.630859 0.353906 0.630371 0.354297 0.630371 0.354687 0.629883 0.355078 0.629883 0.355469 0.629395 0.35625 0.629395 0.356641 0.628906 0.358203 0.628906 0.358594 0.628418 0.361328 0.628418 0.361719 0.62793 0.362891 0.62793 0.363281 0.627441 0.364063 0.627441 0.364453 0.626953 0.364844 0.626953 0.365234 0.626465 0.365625 0.626465 0.367578 0.624023 0.367969 0.624023 0.368359 0.623535 0.36875 0.623535 0.369141 0.623047 0.369531 0.623047 0.370312 0.62207 0.370703 0.62207 0.371484 0.621094 0.371875 0.621094 0.372266 0.620605 0.373047 0.620605 0.373828 0.619629 0.374219 0.619629 0.375391 0.618164 0.375781 0.618164 0.376563 0.617188 0.376953 0.617188 0.377344 0.616699 0.377734 0.616699 0.378516 0.615723 0.378906 0.615723 0.379688 0.614746 0.379688 0.614258 0.380078 0.61377 0.380469 0.61377 0.381641 0.612305 0.382422 0.612305 0.383203 0.611328 0.383594 0.611328 0.383984 0.61084 0.384375 0.61084 0.385547 0.609375 0.385937 0.609375 0.386719 0.608398 0.387109 0.608398 0.388281 0.606934 0.389453 0.606934 0.389844 0.607422 0.390625 0.607422 0.391016 0.60791 0.393359 0.60791 0.39375 0.607422 0.394531 0.607422 0.394922 0.606934 0.395313 0.606934 0.395703 0.606445 0.396875 0.606445 0.397266 0.606934 0.398047 0.606934 0.398438 0.607422 0.401172 0.607422 0.401172 0.606934 0.401562 0.606445 0.401562 0.605469 0.401953 0.60498
1 0.133984 0.541016 0.132031 0.543457 0.132031 0.543945 0.131641 0.544434 0.131641 0.544922 0.13125 0.54541 0.13125 0.547852 0.130859 0.54834 0.130859 0.553223 0.13125 0.553711 0.13125 0.554199 0.131641 0.554688 0.131641 0.555176 0.132031 0.555664 0.132031 0.556641 0.132422 0.557129 0.132422 0.557617 0.132812 0.558105 0.132812 0.558594 0.133203 0.559082 0.133203 0.55957 0.133594 0.560059 0.133594 0.560547 0.133984 0.561035 0.133984 0.561523 0.134375 0.562012 0.134375 0.5625 0.135156 0.563477 0.135156 0.563965 0.135547 0.564453 0.135547 0.564941 0.138281 0.568359 0.142969 0.568359 0.143359 0.567871 0.14375 0.567871 0.144141 0.567383 0.144531 0.567383 0.145703 0.565918 0.146094 0.565918 0.147266 0.564453 0.147266 0.563965 0.147656 0.563477 0.147656 0.562988 0.148047 0.5625 0.148047 0.561035 0.148438 0.560547 0.148438 0.554199 0.148047 0.553711 0.148047 0.552246 0.147656 0.551758 0.147656 0.550781 0.147266 0.550293 0.147266 0.549805 0.146875 0.549316 0.146875 0.548828 0.144141 0.54541 0.144141 0.544922 0.142969 0.543457 0.142578 0.543457 0.141797 0.54248 0.141406 0.54248 0.141016 0.541992 0.140625 0.541992 0.139844 0.541016 0.139063 0.541016 0.138672 0.540527 0.135547 0.540527 0.135156 0.541016
1 0.046875 0.368164 0.0464844 0.368652 0.0460938 0.368652 0.0453125 0.369629 0.0453125 0.374512 0.0457031 0.375 0.0457031 0.375977 0.0460938 0.376465 0.0460938 0.378418 0.0464844 0.378906 0.0464844 0.382324 0.046875 0.382812 0.046875 0.384766 0.0472656 0.385254 0.0472656 0.388672 0.0476562 0.38916 0.0476562 0.390625 0.0480469 0.391113 0.0480469 0.391602 0.0484375 0.39209 0.0484375 0.393066 0.0488281 0.393555 0.0488281 0.394531 0.0492187 0.39502 0.0492187 0.396484 0.0496094 0.396973 0.0496094 0.397949 0.05 0.398438 0.05 0.400391 0.0503906 0.400879 0.0503906 0.401855 0.0507812 0.402344 0.0507812 0.402832 0.0511719 0.40332 0.0511719 0.403809 0.0515625 0.404297 0.0515625 0.40625 0.0519531 0.406738 0.0519531 0.408691 0.0523438 0.40918 0.0523438 0.410156 0.0527344 0.410645 0.0527344 0.411133 0.053125 0.411621 0.053125 0.412109 0.0535156 0.412598 0.0535156 0.413086 0.0539063 0.413574 0.0539063 0.414551 0.0542969 0.415039 0.0542969 0.416016 0.0546875 0.416504 0.0546875 0.41748 0.0550781 0.417969 0.0550781 0.418457 0.0554687 0.418945 0.0554687 0.419434 0.0558594 0.419922 0.0558594 0.42041 0.05625 0.420898 0.05625 0.421387 0.0585938 0.424316 0.0585938 0.424805 0.0597656 0.42627 0.0597656 0.426758 0.0613281 0.428711 0.0613281 0.429199 0.0621094 0.430176 0.0621094 0.430664 0.0625 0.431152 0.0625 0.431641 0.0648438 0.43457 0.065625 0.43457 0.0664062 0.435547 0.0667969 0.435547 0.0671875 0.436035 0.0679687 0.436035 0.0683594 0.436523 0.0691406 0.436523 0.0699219 0.435547 0.0703125 0.435547 0.0714844 0.434082 0.0714844 0.433594 0.071875 0.433105 0.071875 0.419922 0.0722656 0.419434 0.0722656 0.418945 0.0726563 0.418457 0.0726563 0.417969 0.0730469 0.41748 0.0730469 0.416504 0.0734375 0.416016 0.0734375 0.415039 0.0738281 0.414551 0.0738281 0.413574 0.0742188 0.413086 0.0742188 0.412109 0.0746094 0.411621 0.0746094 0.410156 0.075 0.409668 0.075 0.40625 0.0753906 0.405762 0.0753906 0.402344 0.075 0.401855 0.075 0.398926 0.0746094 0.398438 0.0746094 0.396973 0.0742188 0.396484 0.0742188 0.39502 0.0738281 0.394531 0.0738281 0.393555 0.0734375 0.393066 0.0734375 0.39209 0.0675781 0.384766 0.0671875 0.384766 0.0664062 0.383789 0.0660156 0.383789 0.0628906 0.379883 0.0628906 0.379395 0.0621094 0.378418 0.0621094 0.37793 0.0617188 0.377441 0.0617188 0.376953 0.0601563 0.375 0.0597656 0.375 0.059375 0.374512 0.0589844 0.374512 0.0585938 0.374023 0.0582031 0.374023 0.0574219 0.373047 0.0570312 0.373047 0.0566406 0.372559 0.05625 0.372559 0.0558594 0.37207 0.0554687 0.37207 0.0550781 0.371582 0.0546875 0.371582 0.0542969 0.371094 0.0539063 0.371094 0.053125 0.370117 0.0527344 0.370117 0.0523438 0.369629 0.0519531 0.369629 0.0515625 0.369141 0.0511719 0.369141 0.0507812 0.368652 0.05 0.368652 0.0496094 0.368164
1 0.0148437 0.262695 0.0144531 0.263184 0.0140625 0.263184 0.0132812 0.26416 0.0132812 0.264648 0.0128906 0.265137 0.0128906 0.273926 0.0132812 0.274414 0.0132812 0.276855 0.0136719 0.277344 0.0136719 0.278809 0.0140625 0.279297 0.0140625 0.280762 0.0144531 0.28125 0.0144531 0.282715 0.0148437 0.283203 0.0148437 0.285156 0.0152344 0.285645 0.0152344 0.291016 0.015625 0.291504 0.015625 0.294434 0.0160156 0.294922 0.0160156 0.297852 0.0164063 0.29834 0.0164063 0.299805 0.0167969 0.300293 0.0167969 0.300781 0.0171875 0.30127 0.0171875 0.301758 0.0179687 0.302734 0.0179687 0.303223 0.01875 0.304199 0.01875 0.304688 0.0195312 0.305664 0.0195312 0.306152 0.0203125 0.307129 0.0203125 0.307617 0.0210938 0.308594 0.0214844 0.308594 0.025 0.312988 0.0253906 0.312988 0.0257812 0.313477 0.0261719 0.313477 0.028125 0.315918 0.0285156 0.315918 0.0300781 0.317871 0.0300781 0.318359 0.0304687 0.318848 0.0304687 0.319824 0.0308594 0.320312 0.0308594 0.321777 0.03125 0.322266 0.03125 0.322754 0.0339844 0.326172 0.034375 0.326172 0.0355469 0.327637 0.0355469 0.328613 0.0359375 0.329102 0.0359375 0.330078 0.0371094 0.331543 0.0375 0.331543 0.0394531 0.333984 0.0394531 0.334473 0.0398437 0.334961 0.0398437 0.335449 0.0402344 0.335938 0.0402344 0.336426 0.040625 0.336914 0.0421875 0.336914 0.0425781 0.336426 0.0425781 0.335938 0.0429688 0.335449 0.0429688 0.334473 0.0433594 0.333984 0.0433594 0.322266 0.0429688 0.321777 0.0429688 0.320801 0.0425781 0.320312 0.0425781 0.318848 0.0421875 0.318359 0.0421875 0.313477 0.0417969 0.312988 0.0417969 0.311523 0.0414062 0.311035 0.0414062 0.307617 0.0410156 0.307129 0.0410156 0.305176 0.040625 0.304688 0.040625 0.303711 0.0402344 0.303223 0.0402344 0.302246 0.0398437 0.301758 0.0398437 0.300781 0.0394531 0.300293 0.0394531 0.299316 0.0390625 0.298828 0.0390625 0.297363 0.0386719 0.296875 0.0386719 0.29541 0.0382813 0.294922 0.0382813 0.293457 0.0378906 0.292969 0.0378906 0.291992 0.0375 0.291504 0.0375 0.290527 0.0371094 0.290039 0.0371094 0.289551 0.0367188 0.289062 0.0367188 0.288574 0.0363281 0.288086 0.0363281 0.287598 0.0359375 0.287109 0.0359375 0.286621 0.034375 0.284668 0.034375 0.28418 0.0324219 0.281738 0.0320312 0.281738 0.0304687 0.279785 0.0304687 0.279297 0.0296875 0.27832 0.0296875 0.277832 0.0289063 0.276855 0.0289063 0.276367 0.028125 0.275391 0.028125 0.274902 0.0265625 0.272949 0.0265625 0.272461 0.0246094 0.27002 0.0242188 0.27002 0.0226562 0.268066 0.0226562 0.267578 0.021875 0.266602 0.021875 0.266113 0.0210938 0.265137 0.0210938 0.264648 0.0207031 0.26416 0.0203125 0.26416 0.0199219 0.263672 0.0195312 0.263672 0.0191406 0.263184 0.01875 0.263184 0.0183594 0.262695
1 0.119141 0.0991211 0.118359 0.0981445 0.117969 0.0981445 0.117578 0.0976562 0.117188 0.0976562 0.116797 0.097168 0.116406 0.097168 0.116016 0.0966797 0.114062 0.0966797 0.113672 0.097168 0.1125 0.097168 0.112109 0.0976562 0.111328 0.0976562 0.110937 0.0981445 0.110547 0.0981445 0.110156 0.0986328 0.109766 0.0986328 0.109375 0.0991211 0.108984 0.0991211 0.107813 0.100586 0.107422 0.100586 0.107031 0.101074 0.106641 0.101074 0.10625 0.101562 0.105859 0.101562 0.105469 0.102051 0.104688 0.102051 0.104297 0.102539 0.103906 0.102539 0.103516 0.103027 0.103125 0.103027 0.101953 0.104492 0.101953 0.10498 0.0996094 0.10791 0.0992187 0.10791 0.0976562 0.109863 0.0972656 0.109863 0.0964844 0.11084 0.0960938 0.11084 0.0949219 0.112305 0.0949219 0.112793 0.0941406 0.11377 0.0941406 0.114258 0.0933594 0.115234 0.0933594 0.115723 0.0917969 0.117676 0.0914062 0.117676 0.0898438 0.119629 0.0894531 0.119629 0.0886719 0.120605 0.0882813 0.120605 0.0878906 0.121094 0.0875 0.121094 0.0871094 0.121582 0.0867187 0.121582 0.0859375 0.122559 0.0855469 0.122559 0.0851563 0.123047 0.0847656 0.123047 0.084375 0.123535 0.0839844 0.123535 0.0835937 0.124023 0.0828125 0.124023 0.0824219 0.124512 0.0808594 0.124512 0.0804688 0.125 0.0792969 0.125 0.0789062 0.125488 0.078125 0.125488 0.0777344 0.125977 0.0769531 0.125977 0.0765625 0.126465 0.0753906 0.126465 0.075 0.126953 0.0734375 0.126953 0.0730469 0.127441 0.0722656 0.127441 0.071875 0.12793 0.0710937 0.12793 0.0703125 0.128906 0.0699219 0.128906 0.0695313 0.129395 0.0691406 0.129395 0.06875 0.129883 0.0683594 0.129883 0.0664062 0.132324 0.0664062 0.132812 0.065625 0.133789 0.065625 0.13623 0.0660156 0.136719 0.0660156 0.137207 0.0664062 0.137695 0.0664062 0.138184 0.06875 0.141113 0.0691406 0.141113 0.0699219 0.14209 0.0703125 0.14209 0.0707031 0.142578 0.0710937 0.142578 0.0714844 0.143066 0.0722656 0.143066 0.0726563 0.143555 0.0742188 0.143555 0.0746094 0.144043 0.0757812 0.144043 0.0761719 0.144531 0.0773438 0.144531 0.0777344 0.14502 0.0785156 0.14502 0.0789062 0.145508 0.0792969 0.145508 0.0796875 0.145996 0.0804688 0.145996 0.0808594 0.146484 0.0816406 0.146484 0.0820312 0.146973 0.0832031 0.146973 0.0835937 0.147461 0.0847656 0.147461 0.0851563 0.147949 0.0863281 0.147949 0.0867187 0.148438 0.0902344 0.148438 0.090625 0.148926 0.0917969 0.148926 0.0921875 0.148438 0.0949219 0.148438 0.0953125 0.147949 0.0964844 0.147949 0.096875 0.148438 0.101562 0.148438 0.101953 0.147949 0.104688 0.147949 0.105078 0.147461 0.107031 0.147461 0.107422 0.146973 0.107813 0.146973 0.108203 0.146484 0.108594 0.146484 0.109375 0.145508 0.109766 0.145508 0.110547 0.144531 0.110937 0.144531 0.111328 0.144043 0.111719 0.144043 0.115625 0.13916 0.115625 0.138672 0.116016 0.138184 0.116016 0.137207 0.116406 0.136719 0.116406 0.135254 0.116797 0.134766 0.116797 0.133301 0.117188 0.132812 0.117188 0.131836 0.117578 0.131348 0.117578 0.129883 0.117969 0.129395 0.117969 0.12793 0.118359 0.127441 0.118359 0.126465 0.11875 0.125977 0.11875 0.125488 0.119141 0.125 0.119141 0.124512 0.119531 0.124023 0.119531 0.12207 0.119922 0.121582 0.119922 0.11084 0.120313 0.110352 0.120313 0.103027 0.119922 0.102539 0.119922 0.101562 0.119531 0.101074 0.119531 0.100098 0.119141 0.0996094
1 0.123828 0.181641 0.121875 0.181641 0.121484 0.182129 0.120703 0.182129 0.120313 0.182617 0.119531 0.182617 0.119141 0.183105 0.117188 0.183105 0.116797 0.183594 0.115234 0.183594 0.114844 0.184082 0.113672 0.184082 0.113281 0.18457 0.112109 0.18457 0.111719 0.185059 0.110937 0.185059 0.108594 0.187988 0.108203 0.187988 0.107031 0.189453 0.107031 0.189941 0.106641 0.19043 0.106641 0.191895 0.10625 0.192383 0.10625 0.194824 0.105859 0.195312 0.105859 0.197266 0.105469 0.197754 0.105469 0.19873 0.105078 0.199219 0.105078 0.199707 0.104688 0.200195 0.104688 0.200684 0.103906 0.20166 0.103906 0.202148 0.103125 0.203125 0.103125 0.203613 0.102734 0.204102 0.102734 0.205078 0.102344 0.205566 0.102344 0.207031 0.101953 0.20752 0.101953 0.208984 0.101562 0.209473 0.101562 0.209961 0.101172 0.210449 0.101172 0.211426 0.100781 0.211914 0.100781 0.212402 0.100391 0.212891 0.100391 0.214844 0.1 0.215332 0.1 0.216797 0.0996094 0.217285 0.0996094 0.217773 0.0992187 0.218262 0.0992187 0.21875 0.0988281 0.219238 0.0988281 0.219727 0.0984375 0.220215 0.0984375 0.222168 0.0980469 0.222656 0.0980469 0.224121 0.0953125 0.227539 0.0953125 0.228516 0.0949219 0.229004 0.0949219 0.231934 0.0945312 0.232422 0.0945312 0.234375 0.0941406 0.234863 0.0941406 0.235352 0.09375 0.23584 0.09375 0.236328 0.0933594 0.236816 0.0933594 0.238281 0.0929688 0.23877 0.0929688 0.239746 0.0925781 0.240234 0.0925781 0.240723 0.0910156 0.242676 0.0910156 0.243164 0.0902344 0.244141 0.0902344 0.245117 0.0882813 0.247559 0.0882813 0.249023 0.0886719 0.249512 0.0890625 0.249512 0.0902344 0.250977 0.090625 0.250977 0.0910156 0.251465 0.0917969 0.251465 0.0921875 0.250977 0.0925781 0.250977 0.0933594 0.25 0.09375 0.25 0.0941406 0.249512 0.0957031 0.249512 0.0960938 0.249023 0.096875 0.249023 0.0972656 0.248535 0.0980469 0.248535 0.0984375 0.248047 0.0992187 0.248047 0.0996094 0.247559 0.1 0.247559 0.100781 0.246582 0.101172 0.246582 0.102344 0.245117 0.102734 0.245117 0.103516 0.244141 0.104297 0.244141 0.104688 0.243652 0.107031 0.243652 0.107422 0.243164 0.107813 0.243164 0.108203 0.242676 0.108984 0.242676 0.109375 0.242188 0.111328 0.242188 0.111719 0.241699 0.113672 0.241699 0.114062 0.241211 0.115625 0.241211 0.116016 0.240723 0.119141 0.240723 0.119531 0.240234 0.119922 0.240234 0.121875 0.237793 0.122266 0.237793 0.122656 0.237305 0.123047 0.237305 0.123828 0.236328 0.123828 0.234375 0.123438 0.233887 0.123438 0.233398 0.123047 0.23291 0.124219 0.231445 0.124609 0.231445 0.125 0.230957 0.125391 0.230957 0.125781 0.230469 0.126562 0.230469 0.128125 0.228516 0.128125 0.227539 0.128516 0.227051 0.128516 0.226562 0.128906 0.226074 0.128906 0.225098 0.130078 0.223633 0.130469 0.223633 0.131641 0.222168 0.131641 0.22168 0.132031 0.221191 0.132031 0.217285 0.132422 0.216797 0.132422 0.213867 0.132812 0.213379 0.132812 0.212402 0.132422 0.211914 0.132422 0.199219 0.132031 0.19873 0.132031 0.195801 0.131641 0.195312 0.131641 0.193848 0.13125 0.193359 0.13125 0.192871 0.130859 0.192383 0.130859 0.190918 0.130469 0.19043 0.130469 0.189453 0.128125 0.186523 0.127734 0.186523
1 0.158984 0.169922 0.157031 0.169922 0.155078 0.172363 0.154688 0.172363 0.154297 0.172852 0.154297 0.17334 0.153906 0.173828 0.153906 0.174316 0.153516 0.174805 0.153516 0.175781 0.153125 0.17627 0.153125 0.176758 0.152734 0.177246 0.152734 0.180176 0.152344 0.180664 0.152344 0.183105 0.151953 0.183594 0.151953 0.184082 0.151562 0.18457 0.151562 0.185059 0.151172 0.185547 0.151172 0.186035 0.150781 0.186523 0.150781 0.1875 0.150391 0.187988 0.150391 0.189453 0.15 0.189941 0.15 0.19043 0.149609 0.190918 0.149609 0.191895 0.149219 0.192383 0.149219 0.193848 0.148828 0.194336 0.148828 0.195801 0.148438 0.196289 0.148438 0.197266 0.148047 0.197754 0.148047 0.19873 0.147656 0.199219 0.147656 0.199707 0.147266 0.200195 0.147266 0.200684 0.146875 0.201172 0.146875 0.20166 0.146484 0.202148 0.146484 0.202637 0.146094 0.203125 0.146094 0.203613 0.145703 0.204102 0.145703 0.20459 0.145313 0.205078 0.145313 0.206055 0.144922 0.206543 0.144922 0.207031 0.144531 0.20752 0.144531 0.208496 0.144141 0.208984 0.144141 0.209473 0.143359 0.210449 0.143359 0.210938 0.141797 0.212891 0.141797 0.213379 0.141406 0.213867 0.141406 0.214844 0.141016 0.215332 0.141016 0.216309 0.140625 0.216797 0.140625 0.217773 0.140234 0.218262 0.140234 0.219238 0.139844 0.219727 0.139844 0.230957 0.140234 0.231445 0.140234 0.232422 0.139844 0.23291 0.139844 0.234375 0.139453 0.234863 0.139453 0.236328 0.139063 0.236816 0.139063 0.23877 0.138672 0.239258 0.138672 0.240234 0.138281 0.240723 0.138281 0.241211 0.137891 0.241699 0.137891 0.242188 0.135937 0.244629 0.135547 0.244629 0.135156 0.245117 0.135156 0.245605 0.134375 0.246582 0.134375 0.249023 0.135156 0.25 0.135547 0.25 0.135937 0.250488 0.136328 0.250488 0.137891 0.252441 0.140234 0.252441 0.140625 0.251953 0.141406 0.251953 0.141797 0.251465 0.142578 0.251465 0.144531 0.253906 0.144922 0.253906 0.145313 0.254395 0.145703 0.254395 0.146094 0.254883 0.146875 0.254883 0.147266 0.255371 0.148047 0.255371 0.148438 0.255859 0.150391 0.255859 0.150781 0.255371 0.150781 0.254395 0.151172 0.253906 0.151172 0.25293 0.152344 0.251465 0.152734 0.251465 0.153906 0.25 0.153906 0.249512 0.154297 0.249023 0.154297 0.248535 0.157422 0.244629 0.157812 0.244629 0.159375 0.242676 0.159766 0.242676 0.160547 0.241699 0.160938 0.241699 0.161328 0.241211 0.161719 0.241211 0.163281 0.239258 0.163281 0.23877 0.164453 0.237305 0.164453 0.236816 0.165234 0.23584 0.165234 0.235352 0.166016 0.234375 0.166016 0.233887 0.166797 0.23291 0.166797 0.232422 0.167187 0.231934 0.167187 0.231445 0.167578 0.230957 0.167578 0.230469 0.167969 0.22998 0.167969 0.229492 0.168359 0.229004 0.168359 0.228027 0.16875 0.227539 0.16875 0.227051 0.169141 0.226562 0.169141 0.226074 0.169531 0.225586 0.169531 0.224121 0.169922 0.223633 0.169922 0.222168 0.170313 0.22168 0.170313 0.21875 0.170703 0.218262 0.170703 0.212402 0.170313 0.211914 0.170313 0.210938 0.169922 0.210449 0.169922 0.209961 0.169531 0.209473 0.169531 0.208008 0.169141 0.20752 0.169141 0.206055 0.16875 0.205566 0.16875 0.204102 0.168359 0.203613 0.168359 0.203125 0.167969 0.202637 0.167969 0.20166 0.167578 0.201172 0.167578 0.200195 0.167187 0.199707 0.167187 0.199219 0.166797 0.19873 0.166797 0.197754 0.166406 0.197266 0.166406 0.196777 0.165625 0.195801 0.165625 0.195312 0.165234 0.194824 0.165234 0.194336 0.164844 0.193848 0.164844 0.193359 0.164453 0.192871 0.164453 0.192383 0.164062 0.191895 0.164062 0.190918 0.163672 0.19043 0.163672 0.189453 0.163281 0.188965 0.163281 0.187988 0.162891 0.1875 0.162891 0.186035 0.1625 0.185547 0.1625 0.184082 0.162109 0.183594 0.162109 0.182129 0.161719 0.181641 0.161719 0.180176 0.161328 0.179688 0.161328 0.178711 0.160938 0.178223 0.160938 0.176758 0.160547 0.17627 0.160547 0.175293 0.160156 0.174805 0.160156 0.173828 0.159766 0.17334 0.159766 0.171875 0.159375 0.171387 0.159375 0.17041
1 0.232422 0.150879 0.230859 0.150879 0.230469 0.151367 0.229297 0.151367 0.228906 0.151855 0.228516 0.151855 0.227734 0.152832 0.227734 0.15332 0.227344 0.153809 0.227344 0.160645 0.226953 0.161133 0.226953 0.163574 0.227344 0.164062 0.227344 0.166016 0.226953 0.166504 0.226953 0.166992 0.226562 0.16748 0.226562 0.168457 0.226172 0.168945 0.226172 0.169922 0.225781 0.17041 0.225781 0.171387 0.225391 0.171875 0.225391 0.172363 0.225 0.172852 0.225 0.173828 0.224609 0.174316 0.224609 0.174805 0.224219 0.175293 0.224219 0.175781 0.223828 0.17627 0.223828 0.176758 0.222266 0.178711 0.221875 0.178711 0.221484 0.179199 0.221094 0.179199 0.220703 0.179688 0.220312 0.179688 0.219922 0.180176 0.219531 0.180176 0.219141 0.180664 0.21875 0.180664 0.218359 0.181152 0.217969 0.181152 0.217578 0.181641 0.217188 0.181641 0.214453 0.185059 0.214062 0.185059 0.212891 0.186523 0.212891 0.1875 0.2125 0.187988 0.2125 0.188477 0.212109 0.188965 0.212109 0.189941 0.211719 0.19043 0.211719 0.192871 0.211328 0.193359 0.211328 0.203125 0.211719 0.203613 0.211719 0.210938 0.212109 0.211426 0.212109 0.219238 0.2125 0.219727 0.2125 0.221191 0.212891 0.22168 0.212891 0.224121 0.213281 0.224609 0.213281 0.225098 0.214844 0.227051 0.214844 0.227539 0.215234 0.228027 0.215234 0.228516 0.215625 0.229004 0.215625 0.229492 0.216016 0.22998 0.216016 0.230469 0.218359 0.233398 0.218359 0.233887 0.219141 0.234863 0.219141 0.235352 0.219531 0.23584 0.219531 0.236328 0.220703 0.237793 0.221484 0.237793 0.221875 0.238281 0.223438 0.238281 0.223828 0.23877 0.224219 0.23877 0.224609 0.238281 0.225391 0.238281 0.226562 0.236816 0.226562 0.235352 0.226953 0.234863 0.226953 0.229004 0.227344 0.228516 0.227344 0.227539 0.228125 0.226562 0.228125 0.226074 0.228906 0.225098 0.228906 0.224609 0.229297 0.224121 0.229297 0.223633 0.229687 0.223145 0.229687 0.222656 0.23125 0.220703 0.231641 0.220703 0.232813 0.219238 0.233203 0.219238 0.234375 0.217773 0.234766 0.217773 0.235547 0.216797 0.235937 0.216797 0.236328 0.216309 0.236328 0.21582 0.237109 0.214844 0.237109 0.214355 0.237891 0.213379 0.237891 0.211914 0.238281 0.211426 0.238281 0.208984 0.238672 0.208496 0.238672 0.197266 0.239063 0.196777 0.239063 0.192871 0.239453 0.192383 0.239453 0.1875 0.239844 0.187012 0.239844 0.183594 0.239453 0.183105 0.239453 0.182129 0.238672 0.181152 0.238672 0.180664 0.237891 0.179688 0.237891 0.178711 0.2375 0.178223 0.2375 0.175293 0.237109 0.174805 0.237109 0.171387 0.236719 0.170898 0.236719 0.168945 0.236328 0.168457 0.236328 0.16748 0.235937 0.166992 0.235937 0.166016 0.235547 0.165527 0.235547 0.165039 0.235156 0.164551 0.235156 0.163086 0.234766 0.162598 0.234766 0.161133 0.234375 0.160645 0.234375 0.158203 0.233984 0.157715 0.233984 0.15625 0.233594 0.155762 0.233594 0.154297 0.233203 0.153809 0.233203 0.152832 0.232813 0.152344 0.232813 0.151855 0.232422 0.151367
1 0.334766 0.027832 0.334375 0.027832 0.333984 0.0273438 0.332813 0.0273438 0.332422 0.027832 0.33125 0.027832 0.330859 0.0283203 0.329688 0.0283203 0.329297 0.0288086 0.328906 0.0288086 0.328516 0.0292969 0.328125 0.0292969 0.327734 0.0297852 0.327344 0.0297852 0.326953 0.0302734 0.326562 0.0302734 0.326172 0.0307617 0.325391 0.0307617 0.325 0.03125 0.324219 0.03125 0.323828 0.0317383 0.322656 0.0317383 0.322266 0.0322266 0.321875 0.0322266 0.321484 0.0327148 0.321094 0.0327148 0.320703 0.0332031 0.320312 0.0332031 0.319922 0.0336914 0.319531 0.0336914 0.31875 0.034668 0.318359 0.034668 0.317578 0.0356445 0.317188 0.0356445 0.316406 0.0366211 0.316016 0.0366211 0.315625 0.0371094 0.315234 0.0371094 0.314453 0.0380859 0.314063 0.0380859 0.313281 0.0390625 0.312891 0.0390625 0.3125 0.0395508 0.312109 0.0395508 0.311719 0.0400391 0.311328 0.0400391 0.310937 0.0405273 0.310547 0.0405273 0.310156 0.0410156 0.310156 0.0415039 0.309766 0.0419922 0.309766 0.0424805 0.308594 0.0439453 0.308594 0.0444336 0.307812 0.0454102 0.307812 0.0458984 0.307422 0.0463867 0.307422 0.046875 0.306641 0.0478516 0.306641 0.0483398 0.30625 0.0488281 0.30625 0.0493164 0.305859 0.0498047 0.305859 0.0507812 0.305469 0.0512695 0.305469 0.0527344 0.305078 0.0532227 0.305078 0.065918 0.304688 0.0664062 0.304688 0.0698242 0.304297 0.0703125 0.304297 0.0717773 0.303906 0.0722656 0.303906 0.0737305 0.303516 0.0742188 0.303516 0.0761719 0.303125 0.0766602 0.303125 0.0776367 0.302734 0.078125 0.302734 0.0791016 0.302344 0.0795898 0.302344 0.0834961 0.301953 0.0839844 0.301953 0.0854492 0.301563 0.0859375 0.301563 0.0874023 0.301172 0.0878906 0.301172 0.0898438 0.300781 0.090332 0.300781 0.0908203 0.300391 0.0913086 0.300391 0.0917969 0.3 0.0922852 0.299609 0.0922852 0.296484 0.0961914 0.296484 0.0966797 0.295312 0.0981445 0.295312 0.0986328 0.294922 0.0991211 0.294922 0.0996094 0.294531 0.100098 0.294531 0.102051 0.294141 0.102539 0.294141 0.103027 0.294531 0.103516 0.294531 0.104004 0.294922 0.104004 0.295312 0.104492 0.299609 0.104492 0.3 0.104004 0.301563 0.104004 0.301953 0.103516 0.302734 0.103516 0.303125 0.103027 0.303516 0.103027 0.304297 0.102051 0.304688 0.102051 0.305078 0.101562 0.305859 0.101562 0.30625 0.101074 0.307031 0.101074 0.307422 0.100586 0.308203 0.100586 0.308594 0.100098 0.309375 0.100098 0.309766 0.0996094 0.310156 0.0996094 0.311719 0.0976562 0.312109 0.0976562 0.312891 0.0966797 0.313281 0.0966797 0.314063 0.0957031 0.314453 0.0957031 0.315234 0.0947266 0.315625 0.0947266 0.316797 0.0932617 0.317188 0.0932617 0.317578 0.0927734 0.317969 0.0927734 0.318359 0.0922852 0.31875 0.0922852 0.319922 0.0908203 0.319922 0.090332 0.320703 0.0893555 0.320703 0.0888672 0.321094 0.0883789 0.321094 0.0878906 0.323828 0.0844727 0.323828 0.0839844 0.326172 0.0810547 0.326172 0.0805664 0.326562 0.0800781 0.326562 0.078125 0.326953 0.0776367 0.326953 0.0742188 0.327344 0.0737305 0.327344 0.0629883 0.327734 0.0625 0.327734 0.0585938 0.328125 0.0581055 0.328125 0.0556641 0.328516 0.0551758 0.328516 0.0541992 0.328906 0.0537109 0.328906 0.0527344 0.329297 0.0522461 0.329297 0.0517578 0.329688 0.0512695 0.329688 0.0493164 0.330078 0.0488281 0.330078 0.0473633 0.330469 0.046875 0.330469 0.0454102 0.330859 0.0449219 0.330859 0.0439453 0.33125 0.043457 0.33125 0.0429688 0.331641 0.0424805 0.331641 0.0419922 0.332422 0.0410156 0.332422 0.0405273 0.333594 0.0390625 0.333594 0.0385742 0.334375 0.0375977 0.334375 0.0371094 0.334766 0.0366211 0.334766 0.0356445 0.335156 0.0351562 0.335156 0.0341797 0.335547 0.0336914 0.335547 0.0317383 0.335156 0.03125 0.335156 0.0288086 0.334766 0.0283203
1 0.0894531 0.0605469 0.0894531 0.0644531 0.0898438 0.0649414 0.090625 0.0649414 0.0910156 0.0654297 0.0917969 0.0654297 0.0921875 0.065918 0.09375 0.065918 0.0941406 0.0664062 0.0957031 0.0664062 0.0960938 0.0668945 0.0996094 0.0668945 0.1 0.0673828 0.100781 0.0673828 0.101172 0.0678711 0.101562 0.0678711 0.102344 0.0688477 0.103125 0.0688477 0.103516 0.0693359 0.104688 0.0693359 0.105078 0.0698242 0.105859 0.0698242 0.10625 0.0703125 0.106641 0.0703125 0.107031 0.0708008 0.107422 0.0708008 0.107813 0.0712891 0.108203 0.0712891 0.108984 0.0722656 0.109375 0.0722656 0.110156 0.0732422 0.110547 0.0732422 0.111328 0.0742188 0.111719 0.0742188 0.112109 0.074707 0.1125 0.074707 0.112891 0.0751953 0.113281 0.0751953 0.114062 0.0761719 0.114453 0.0761719 0.114844 0.0766602 0.115234 0.0766602 0.115625 0.0771484 0.116016 0.0771484 0.116406 0.0776367 0.117188 0.0776367 0.117578 0.078125 0.118359 0.078125 0.11875 0.0786133 0.124219 0.0786133 0.124609 0.078125 0.126562 0.078125 0.126953 0.0776367 0.136719 0.0776367 0.137109 0.078125 0.139844 0.078125 0.140234 0.0786133 0.141406 0.0786133 0.141797 0.0791016 0.142969 0.0791016 0.143359 0.0795898 0.144531 0.0795898 0.144922 0.0800781 0.146094 0.0800781 0.146484 0.0805664 0.147266 0.0805664 0.147656 0.0810547 0.148828 0.0810547 0.149219 0.081543 0.150391 0.081543 0.150781 0.0820312 0.154688 0.0820312 0.155078 0.0825195 0.158984 0.0825195 0.159375 0.0820312 0.160156 0.0820312 0.160547 0.081543 0.161328 0.081543 0.161719 0.0810547 0.162109 0.0810547 0.162891 0.0800781 0.162891 0.0791016 0.1625 0.0786133 0.1625 0.0776367 0.162109 0.0771484 0.162109 0.0766602 0.159375 0.0732422 0.159375 0.0727539 0.158594 0.0717773 0.158203 0.0717773 0.157812 0.0712891 0.157422 0.0712891 0.155469 0.0688477 0.155469 0.0683594 0.155078 0.0678711 0.155078 0.0673828 0.148047 0.0585938 0.148047 0.0581055 0.147656 0.0576172 0.147656 0.0571289 0.147266 0.0566406 0.147266 0.0561523 0.146094 0.0546875 0.145703 0.0546875 0.144531 0.0532227 0.144531 0.0527344 0.139844 0.046875 0.139453 0.046875 0.137891 0.0449219 0.1375 0.0449219 0.137109 0.0444336 0.136719 0.0444336 0.136328 0.0439453 0.135547 0.0439453 0.135156 0.043457 0.133984 0.043457 0.133594 0.0429688 0.132422 0.0429688 0.132031 0.0424805 0.126172 0.0424805 0.125781 0.0429688 0.123438 0.0429688 0.123047 0.043457 0.121875 0.043457 0.121484 0.0439453 0.120703 0.0439453 0.120313 0.0444336 0.119141 0.0444336 0.11875 0.0449219 0.118359 0.0449219 0.117578 0.0458984 0.117188 0.0458984 0.116797 0.0463867 0.116406 0.0463867 0.116016 0.046875 0.115234 0.046875 0.114844 0.0473633 0.114062 0.0473633 0.113672 0.0478516 0.112891 0.0478516 0.1125 0.0483398 0.111719 0.0483398 0.111328 0.0488281 0.110937 0.0488281 0.110547 0.0493164 0.110156 0.0493164 0.109375 0.050293 0.108984 0.050293 0.108203 0.0512695 0.107813 0.0512695 0.107422 0.0517578 0.107031 0.0517578 0.106641 0.0522461 0.10625 0.0522461 0.105859 0.0527344 0.105469 0.0527344 0.105078 0.0532227 0.104688 0.0532227 0.104297 0.0537109 0.103906 0.0537109 0.103516 0.0541992 0.103125 0.0541992 0.102734 0.0546875 0.102344 0.0546875 0.101953 0.0551758 0.101172 0.0551758 0.100781 0.0556641 0.1 0.0556641 0.0996094 0.0561523 0.0988281 0.0561523 0.0984375 0.0566406 0.0980469 0.0566406 0.0976562 0.0571289 0.0972656 0.0571289 0.096875 0.0576172 0.0964844 0.0576172 0.0960938 0.0581055 0.0949219 0.0581055 0.0945312 0.0585938 0.09375 0.0585938 0.0933594 0.059082 0.0925781 0.059082 0.0921875 0.0595703 0.0914062 0.0595703 0.0910156 0.0600586 0.0902344 0.0600586 0.0898438 0.0605469
1 0.423047 0.175781 0.422656 0.17627 0.422266 0.17627 0.421094 0.177734 0.421094 0.178711 0.420703 0.179199 0.420703 0.179688 0.420312 0.180176 0.420312 0.181641 0.419922 0.182129 0.419922 0.185547 0.419531 0.186035 0.419531 0.187012 0.419141 0.1875 0.419141 0.188965 0.41875 0.189453 0.41875 0.19043 0.418359 0.190918 0.418359 0.191895 0.417969 0.192383 0.417969 0.193359 0.417578 0.193848 0.417578 0.195312 0.417187 0.195801 0.417187 0.197266 0.416797 0.197754 0.416797 0.199219 0.416406 0.199707 0.416406 0.200684 0.416016 0.201172 0.416016 0.20166 0.415625 0.202148 0.415625 0.202637 0.415234 0.203125 0.415234 0.204102 0.414844 0.20459 0.414844 0.206543 0.414453 0.207031 0.414453 0.208984 0.414062 0.209473 0.414062 0.210449 0.413672 0.210938 0.413672 0.211914 0.413281 0.212402 0.413281 0.22168 0.413672 0.222168 0.413672 0.223145 0.414062 0.223633 0.414062 0.225098 0.414453 0.225586 0.414453 0.227051 0.414844 0.227539 0.414844 0.228516 0.415234 0.229004 0.415234 0.22998 0.415625 0.230469 0.415625 0.230957 0.416016 0.231445 0.416016 0.231934 0.416406 0.232422 0.416406 0.23291 0.416797 0.233398 0.416797 0.233887 0.417187 0.234375 0.417187 0.235352 0.417578 0.23584 0.417578 0.236816 0.417969 0.237305 0.417969 0.237793 0.418359 0.238281 0.418359 0.239258 0.41875 0.239746 0.41875 0.240723 0.419141 0.241211 0.419141 0.242188 0.419531 0.242676 0.419531 0.243164 0.419922 0.243652 0.419922 0.244629 0.420312 0.245117 0.420312 0.246094 0.420703 0.246582 0.420703 0.24707 0.421094 0.247559 0.421094 0.249023 0.421484 0.249512 0.421484 0.250977 0.421875 0.251465 0.421875 0.25293 0.422266 0.253418 0.422266 0.254883 0.422656 0.255371 0.422656 0.257812 0.423047 0.258301 0.423047 0.260742 0.423438 0.26123 0.423438 0.261719 0.423828 0.262207 0.423828 0.262695 0.424219 0.263184 0.424219 0.26416 0.425 0.265137 0.425 0.265625 0.425391 0.266113 0.425391 0.266602 0.425781 0.26709 0.425781 0.267578 0.426172 0.268066 0.426563 0.268066 0.426953 0.268555 0.428906 0.268555 0.430078 0.26709 0.430078 0.266602 0.430469 0.266113 0.430469 0.265625 0.43125 0.264648 0.43125 0.26416 0.431641 0.263672 0.431641 0.262207 0.432031 0.261719 0.432031 0.260742 0.432422 0.260254 0.432422 0.255371 0.432812 0.254883 0.432812 0.25 0.433203 0.249512 0.433203 0.24707 0.433594 0.246582 0.433594 0.244629 0.433984 0.244141 0.433984 0.242676 0.434375 0.242188 0.434375 0.241211 0.434766 0.240723 0.434766 0.239746 0.435156 0.239258 0.435156 0.238281 0.435547 0.237793 0.435547 0.237305 0.435937 0.236816 0.435937 0.236328 0.436328 0.23584 0.436328 0.235352 0.436719 0.234863 0.436719 0.234375 0.4375 0.233398 0.4375 0.23291 0.437891 0.232422 0.437891 0.231934 0.438281 0.231445 0.438281 0.230469 0.438672 0.22998 0.438672 0.229004 0.439063 0.228516 0.439063 0.227539 0.439453 0.227051 0.439453 0.226562 0.439844 0.226074 0.439844 0.225098 0.440234 0.224609 0.440234 0.223633 0.440625 0.223145 0.440625 0.222168 0.441016 0.22168 0.441016 0.220703 0.441406 0.220215 0.441406 0.219727 0.441797 0.219238 0.441797 0.21875 0.442578 0.217773 0.442578 0.217285 0.443359 0.216309 0.443359 0.21582 0.44375 0.215332 0.44375 0.214844 0.444141 0.214355 0.444141 0.213867 0.444531 0.213379 0.444531 0.212402 0.444922 0.211914 0.444922 0.211426 0.445703 0.210449 0.445703 0.209961 0.446094 0.209473 0.446094 0.208984 0.446484 0.208496 0.446484 0.20752 0.446875 0.207031 0.446875 0.205566 0.447266 0.205078 0.447266 0.200684 0.446875 0.200195 0.446875 0.199707 0.446484 0.199219 0.446484 0.19873 0.446094 0.198242 0.446094 0.197266 0.445703 0.196777 0.445703 0.195801 0.445312 0.195312 0.445312 0.194824 0.444922 0.194336 0.444922 0.193359 0.444531 0.192871 0.444531 0.191895 0.444141 0.191406 0.444141 0.19043 0.44375 0.189941 0.44375 0.189453 0.442969 0.188477 0.442188 0.188477 0.441797 0.187988 0.441406 0.187988 0.439453 0.185547 0.439063 0.185547 0.436719 0.182617 0.436719 0.182129 0.436328 0.181641 0.436328 0.181152 0.435937 0.181152 0.435547 0.180664 0.434375 0.180664 0.433984 0.180176 0.432812 0.180176 0.432422 0.179688 0.432031 0.179688 0.43125 0.178711 0.430859 0.178711 0.430078 0.177734 0.429688 0.177734 0.429297 0.177246 0.428906 0.177246 0.428125 0.17627 0.426953 0.17627 0.426563 0.175781
0 0.435156 0.727539 0.434375 0.728516 0.434375 0.729492 0.434766 0.72998 0.434766 0.730957 0.435156 0.731445 0.435156 0.731934 0.436719 0.733887 0.437109 0.733887 0.439453 0.736816 0.439844 0.736816 0.440234 0.737305 0.440625 0.737305 0.441016 0.737793 0.441406 0.737793 0.441797 0.738281 0.442188 0.738281 0.446094 0.743164 0.446094 0.743652 0.447656 0.745605 0.448047 0.745605 0.448437 0.746094 0.448437 0.746582 0.45 0.748535 0.45 0.749023 0.450391 0.749512 0.450391 0.75 0.450781 0.750488 0.450781 0.750977 0.451562 0.751953 0.451562 0.752441 0.451953 0.752441 0.452734 0.753418 0.453125 0.753418 0.454688 0.755371 0.454688 0.755859 0.455469 0.756836 0.455469 0.757324 0.45625 0.758301 0.45625 0.758789 0.459375 0.762695 0.459766 0.762695 0.460156 0.763184 0.460547 0.763184 0.461328 0.76416 0.460938 0.764648 0.460938 0.767578 0.461328 0.768066 0.461328 0.768555 0.463281 0.770996 0.463672 0.770996 0.465234 0.772949 0.465234 0.773438 0.466016 0.774414 0.466016 0.774902 0.466406 0.775391 0.466406 0.775879 0.466797 0.776367 0.467187 0.776367 0.46875 0.77832 0.46875 0.778809 0.469531 0.779785 0.469531 0.780273 0.470703 0.781738 0.471094 0.781738 0.473438 0.784668 0.473438 0.785156 0.474609 0.786621 0.474609 0.787109 0.475391 0.788086 0.475391 0.788574 0.475781 0.789062 0.475781 0.789551 0.476172 0.790039 0.476172 0.790527 0.476562 0.791016 0.476562 0.791504 0.477344 0.79248 0.477344 0.792969 0.480078 0.796387 0.480469 0.796387 0.48125 0.797363 0.48125 0.797852 0.481641 0.79834 0.482031 0.79834 0.482422 0.798828 0.483203 0.798828 0.485156 0.796387 0.485547 0.796387 0.485938 0.795898 0.485938 0.794922 0.486328 0.794434 0.486328 0.787598 0.485938 0.787109 0.485938 0.782715 0.485547 0.782227 0.485547 0.78125 0.485156 0.780762 0.485156 0.779785 0.484766 0.779297 0.484766 0.776855 0.484375 0.776367 0.484375 0.774414 0.483984 0.773926 0.483984 0.772461 0.483594 0.771973 0.483594 0.770996 0.483203 0.770508 0.483203 0.768066 0.482812 0.767578 0.482812 0.766602 0.482031 0.765625 0.482031 0.765137 0.48125 0.76416 0.48125 0.763672 0.480859 0.763184 0.480859 0.76123 0.480469 0.760742 0.480469 0.758789 0.480078 0.758301 0.480078 0.757812 0.479687 0.757324 0.479687 0.756836 0.479297 0.756348 0.479297 0.755859 0.478906 0.755371 0.478906 0.754883 0.478516 0.754395 0.478516 0.753906 0.478125 0.753418 0.478125 0.75293 0.477734 0.752441 0.477734 0.751953 0.477344 0.751465 0.477344 0.750977 0.476953 0.750488 0.476953 0.75 0.476562 0.749512 0.476562 0.749023 0.476172 0.748535 0.476172 0.747559 0.475781 0.74707 0.475781 0.745605 0.475391 0.745117 0.475391 0.743652 0.475 0.743164 0.475 0.742188 0.474609 0.741699 0.474609 0.741211 0.474219 0.740723 0.474219 0.740234 0.473047 0.73877 0.473047 0.738281 0.472266 0.737305 0.472266 0.736816 0.471875 0.736328 0.471875 0.73584 0.469531 0.73291 0.469531 0.732422 0.466797 0.729004 0.466406 0.729004 0.466016 0.728516 0.465625 0.728516 0.465234 0.728027 0.464844 0.728027 0.464453 0.727539 0.463672 0.727539 0.463281 0.727051 0.462109 0.727051 0.461719 0.726562 0.459766 0.726562 0.459375 0.726074 0.45 0.726074 0.449609 0.726562 0.448047 0.726562 0.447656 0.727051 0.444922 0.727051 0.444531 0.727539
0 0.670312 0.826172 0.670312 0.82959 0.670703 0.830078 0.670703 0.830566 0.671875 0.832031 0.671875 0.83252 0.672266 0.833008 0.672266 0.833496 0.672656 0.833984 0.672656 0.834473 0.673438 0.835449 0.673828 0.835449 0.674609 0.836426 0.675 0.836426 0.675391 0.836914 0.675391 0.837402 0.676562 0.838867 0.676562 0.839355 0.677344 0.840332 0.677344 0.84082 0.678906 0.842773 0.678906 0.843262 0.679688 0.844238 0.679688 0.844727 0.680078 0.845215 0.680078 0.845703 0.680469 0.846191 0.680469 0.84668 0.680859 0.847168 0.680859 0.847656 0.68125 0.848145 0.68125 0.848633 0.681641 0.849121 0.681641 0.849609 0.682813 0.851074 0.682813 0.851562 0.683594 0.852539 0.683594 0.853027 0.683984 0.853516 0.683984 0.854004 0.684766 0.85498 0.684766 0.855469 0.686328 0.857422 0.686328 0.85791 0.687109 0.858887 0.687109 0.859375 0.6875 0.859863 0.6875 0.860352 0.689844 0.863281 0.690234 0.863281 0.690625 0.86377 0.691016 0.86377 0.691406 0.864258 0.691797 0.864258 0.692578 0.865234 0.692969 0.865234 0.693359 0.865723 0.694141 0.865723 0.694531 0.866211 0.695312 0.866211 0.695703 0.866699 0.696484 0.866699 0.696875 0.867188 0.698047 0.867188 0.698438 0.867676 0.698828 0.867676 0.699219 0.868164 0.699609 0.868164 0.700391 0.869141 0.700781 0.869141 0.701172 0.869629 0.701562 0.869629 0.701953 0.870117 0.702344 0.870117 0.703125 0.871094 0.703516 0.871094 0.704297 0.87207 0.704688 0.87207 0.705469 0.873047 0.705859 0.873047 0.706641 0.874023 0.707031 0.874023 0.707812 0.875 0.708203 0.875 0.708594 0.875488 0.708984 0.875488 0.709766 0.876465 0.710156 0.876465 0.710547 0.876953 0.710938 0.876953 0.711328 0.877441 0.712109 0.877441 0.7125 0.87793 0.712891 0.87793 0.713281 0.878418 0.714453 0.878418 0.714844 0.878906 0.715625 0.878906 0.716016 0.879395 0.716797 0.879395 0.717187 0.879883 0.717578 0.879883 0.717969 0.880371 0.718359 0.880371 0.71875 0.880859 0.719141 0.880859 0.719531 0.881348 0.719922 0.881348 0.720313 0.881836 0.721484 0.881836 0.721875 0.882324 0.722656 0.882324 0.723047 0.882812 0.723437 0.882812 0.723828 0.883301 0.724219 0.883301 0.724609 0.883789 0.725 0.883789 0.725781 0.884766 0.726172 0.884766 0.726562 0.885254 0.726953 0.885254 0.727344 0.885742 0.727734 0.885742 0.728125 0.88623 0.729297 0.88623 0.729688 0.886719 0.731641 0.886719 0.732031 0.887207 0.733984 0.887207 0.734375 0.887695 0.736328 0.887695 0.736719 0.887207 0.737109 0.887207 0.737109 0.886719 0.737891 0.885742 0.737891 0.883301 0.7375 0.882812 0.7375 0.881836 0.737109 0.881348 0.737109 0.880371 0.736719 0.879883 0.736719 0.879395 0.736328 0.878906 0.736328 0.878418 0.735938 0.87793 0.735938 0.877441 0.731641 0.87207 0.73125 0.87207 0.730859 0.871582 0.730469 0.871582 0.730078 0.871094 0.729688 0.871094 0.728906 0.870117 0.728516 0.870117 0.725391 0.866211 0.725391 0.865723 0.724219 0.864258 0.723828 0.864258 0.723437 0.86377 0.723437 0.863281 0.722656 0.862305 0.722656 0.861816 0.722266 0.861328 0.722266 0.86084 0.721875 0.860352 0.721875 0.859863 0.721484 0.859375 0.721484 0.858887 0.721094 0.858398 0.721094 0.85791 0.720703 0.857422 0.720703 0.856934 0.720313 0.856445 0.720313 0.855957 0.719922 0.855469 0.719922 0.85498 0.719531 0.854492 0.719531 0.853516 0.719141 0.853027 0.719141 0.852539 0.71875 0.852051 0.71875 0.851562 0.718359 0.851074 0.718359 0.850586 0.717969 0.850098 0.717969 0.849609 0.715625 0.84668 0.715234 0.84668 0.713672 0.844727 0.713281 0.844727 0.712891 0.844238 0.712109 0.844238 0.711328 0.843262 0.710938 0.843262 0.708594 0.840332 0.708203 0.840332 0.705469 0.836914 0.705078 0.836914 0.704688 0.836426 0.703906 0.836426 0.703516 0.835938 0.703125 0.835938 0.702734 0.835449 0.702344 0.835449 0.701953 0.834961 0.701562 0.834961 0.701172 0.834473 0.7 0.834473 0.699609 0.833984 0.698438 0.833984 0.698047 0.833496 0.695703 0.833496 0.695312 0.833008 0.689844 0.833008 0.689453 0.83252 0.688672 0.83252 0.688281 0.832031 0.687891 0.832031 0.6875 0.831543 0.687109 0.831543 0.686328 0.830566 0.685547 0.830566 0.685156 0.830078 0.682031 0.830078 0.681641 0.82959 0.680859 0.82959 0.680469 0.829102 0.679688 0.829102 0.679297 0.828613 0.678906 0.828613 0.678516 0.828125 0.677734 0.828125 0.677344 0.827637 0.676172 0.827637 0.675781 0.827148 0.675 0.827148 0.674609 0.82666 0.672266 0.82666 0.671875 0.826172
2 0.470703 0.634766 0.470703 0.635742 0.470313 0.63623 0.470313 0.639648 0.470703 0.640137 0.470703 0.640625 0.471094 0.641113 0.471094 0.641602 0.471484 0.64209 0.471484 0.642578 0.471875 0.643066 0.471875 0.643555 0.472266 0.644043 0.472266 0.644531 0.473047 0.645508 0.473047 0.645996 0.473438 0.646484 0.473438 0.646973 0.474609 0.648438 0.474609 0.648926 0.476172 0.650879 0.476172 0.651367 0.476953 0.652344 0.476953 0.652832 0.477344 0.65332 0.477344 0.653809 0.478125 0.654785 0.478125 0.655273 0.478906 0.65625 0.478906 0.656738 0.479687 0.657715 0.479687 0.658203 0.480078 0.658691 0.480078 0.659668 0.480469 0.660156 0.480469 0.660645 0.480859 0.661133 0.480859 0.661621 0.48125 0.662109 0.48125 0.662598 0.482422 0.664062 0.482812 0.664062 0.483203 0.664551 0.483594 0.664551 0.484766 0.666016 0.485156 0.666016 0.485547 0.666504 0.485938 0.666504 0.486328 0.666992 0.487109 0.666992 0.4875 0.66748 0.488281 0.66748 0.488672 0.667969 0.489844 0.667969 0.490234 0.668457 0.491797 0.668457 0.492188 0.668945 0.497266 0.668945 0.497656 0.668457 0.5 0.668457 0.500391 0.667969 0.502344 0.667969 0.502734 0.66748 0.503516 0.66748 0.503906 0.666992 0.504297 0.666992 0.504687 0.666504 0.505469 0.666504 0.505859 0.666016 0.50625 0.666016 0.506641 0.665527 0.507031 0.665527 0.507422 0.665039 0.507812 0.665039 0.508203 0.664551 0.508984 0.664551 0.509375 0.664062 0.509766 0.664062 0.510156 0.663574 0.510938 0.663574 0.511328 0.663086 0.511719 0.663086 0.5125 0.662109 0.512891 0.662109 0.514453 0.660156 0.514453 0.659668 0.514844 0.65918 0.514844 0.658203 0.515234 0.657715 0.515234 0.656738 0.515625 0.65625 0.515625 0.654785 0.516016 0.654297 0.516016 0.651855 0.515625 0.651367 0.515625 0.646973 0.515234 0.646484 0.515234 0.64502 0.514844 0.644531 0.514844 0.643555 0.514453 0.643066 0.514453 0.64209 0.512891 0.640137 0.5125 0.640137 0.511328 0.638672 0.510938 0.638672 0.510547 0.638184 0.510156 0.638184 0.509766 0.637695 0.509375 0.637695 0.508984 0.637207 0.508594 0.637207 0.508203 0.636719 0.507812 0.636719 0.507422 0.63623 0.507031 0.63623 0.506641 0.635742 0.50625 0.635742 0.505859 0.635254 0.504687 0.635254 0.504297 0.634766 0.502344 0.634766 0.501953 0.634277 0.500391 0.634277 0.5 0.633789 0.498437 0.633789 0.498047 0.633301 0.496484 0.633301 0.496094 0.632812 0.494922 0.632812 0.494531 0.632324 0.491406 0.632324 0.491016 0.631836 0.486328 0.631836 0.485938 0.632324 0.477344 0.632324 0.476953 0.632812 0.474219 0.632812 0.473828 0.633301 0.472656 0.633301 0.472266 0.633789 0.471484 0.633789
2 0.173828 0.294434 0.173828 0.29541 0.173437 0.295898 0.173437 0.299316 0.173047 0.299805 0.173047 0.30127 0.172656 0.301758 0.172656 0.303711 0.172266 0.304199 0.172266 0.305664 0.171875 0.306152 0.171875 0.309082 0.171484 0.30957 0.171484 0.311523 0.171875 0.312012 0.171875 0.320312 0.171484 0.320801 0.171484 0.326172 0.171094 0.32666 0.171094 0.32959 0.170703 0.330078 0.170703 0.332031 0.170313 0.33252 0.170313 0.333496 0.169922 0.333984 0.169922 0.334473 0.169531 0.334961 0.169531 0.335449 0.169141 0.335938 0.169141 0.336426 0.16875 0.336914 0.16875 0.337402 0.168359 0.337891 0.168359 0.339355 0.167969 0.339844 0.167969 0.347656 0.168359 0.348145 0.168359 0.350098 0.16875 0.350586 0.16875 0.352051 0.169141 0.352539 0.169141 0.35498 0.169531 0.355469 0.169531 0.358398 0.169922 0.358887 0.169922 0.367188 0.169531 0.367676 0.169531 0.369629 0.169141 0.370117 0.169141 0.371094 0.16875 0.371582 0.16875 0.373047 0.168359 0.373535 0.168359 0.375977 0.167969 0.376465 0.167969 0.378418 0.167578 0.378906 0.167578 0.382324 0.167969 0.382812 0.167969 0.383301 0.168359 0.383789 0.168359 0.384277 0.16875 0.384766 0.169141 0.384766 0.169531 0.385254 0.174219 0.385254 0.174609 0.385742 0.175 0.385742 0.175391 0.38623 0.176172 0.38623 0.176563 0.386719 0.177344 0.386719 0.177734 0.387207 0.178125 0.387207 0.178516 0.387695 0.178906 0.387695 0.179297 0.388184 0.179688 0.388184 0.180078 0.388672 0.180469 0.388672 0.180859 0.38916 0.183203 0.38916 0.183594 0.388672 0.184766 0.388672 0.185156 0.388184 0.189844 0.388184 0.190234 0.387695 0.191406 0.387695 0.191797 0.387207 0.192969 0.387207 0.193359 0.386719 0.19375 0.386719 0.194531 0.385742 0.194531 0.384766 0.194922 0.384277 0.194922 0.381836 0.195312 0.381348 0.195312 0.378906 0.195703 0.378418 0.195703 0.376465 0.196094 0.375977 0.196094 0.374023 0.196484 0.373535 0.196484 0.372559 0.196875 0.37207 0.196875 0.371582 0.197266 0.371094 0.197266 0.370117 0.197656 0.369629 0.197656 0.369141 0.198047 0.368652 0.198047 0.367676 0.198437 0.367188 0.198437 0.366211 0.198828 0.365723 0.198828 0.364746 0.199219 0.364258 0.199219 0.362793 0.199609 0.362305 0.199609 0.35791 0.2 0.357422 0.2 0.345215 0.199609 0.344727 0.199609 0.336914 0.199219 0.336426 0.199219 0.334961 0.198828 0.334473 0.198828 0.333496 0.198437 0.333008 0.198437 0.332031 0.198047 0.331543 0.198047 0.330078 0.197656 0.32959 0.197656 0.329102 0.196875 0.328125 0.196875 0.327637 0.196094 0.32666 0.196094 0.326172 0.195703 0.325684 0.195703 0.325195 0.194922 0.324219 0.194922 0.32373 0.194531 0.323242 0.194531 0.322266 0.194141 0.321777 0.194141 0.321289 0.191797 0.318359 0.191797 0.317871 0.191406 0.317383 0.191406 0.316895 0.191016 0.316406 0.191016 0.31543 0.190625 0.314941 0.190625 0.314453 0.190234 0.313965 0.190234 0.313477 0.189844 0.312988 0.189844 0.3125 0.189062 0.311523 0.189062 0.311035 0.1875 0.309082 0.1875 0.308594 0.185938 0.306641 0.185938 0.306152 0.185156 0.305176 0.185156 0.304688 0.183984 0.303223 0.183984 0.302734 0.183203 0.301758 0.183203 0.30127 0.182812 0.300781 0.182812 0.300293 0.18125 0.29834 0.180859 0.29834 0.179297 0.296387 0.178906 0.296387 0.178125 0.29541 0.177344 0.29541 0.176953 0.294922 0.176172 0.294922 0.175781 0.294434
2 0.845703 0.304199 0.844531 0.304199 0.844141 0.303711 0.842969 0.303711 0.842578 0.303223 0.841016 0.303223 0.840625 0.303711 0.837891 0.303711 0.8375 0.304199 0.836719 0.304199 0.836328 0.304688 0.835547 0.304688 0.835156 0.305176 0.834375 0.305176 0.833984 0.305664 0.833203 0.305664 0.832812 0.306152 0.832031 0.306152 0.831641 0.306641 0.83125 0.306641 0.830859 0.307129 0.830078 0.307129 0.829688 0.307617 0.829297 0.307617 0.828516 0.308594 0.828125 0.308594 0.827734 0.309082 0.827344 0.309082 0.826953 0.30957 0.826562 0.30957 0.826172 0.310059 0.825781 0.310059 0.825 0.311035 0.824609 0.311035 0.823828 0.312012 0.823047 0.312012 0.822656 0.3125 0.822266 0.3125 0.821875 0.312988 0.821484 0.312988 0.820703 0.313965 0.820312 0.313965 0.819531 0.314941 0.819531 0.31543 0.817969 0.317383 0.817578 0.317383 0.817578 0.317871 0.814844 0.321289 0.814844 0.321777 0.814453 0.322266 0.814453 0.322754 0.814063 0.323242 0.814063 0.324219 0.813672 0.324707 0.813672 0.326172 0.813281 0.32666 0.813281 0.328125 0.812891 0.328613 0.812891 0.330566 0.8125 0.331055 0.8125 0.340332 0.812109 0.34082 0.812109 0.347656 0.8125 0.348145 0.8125 0.350098 0.812109 0.350586 0.812109 0.357422 0.811719 0.35791 0.811719 0.359375 0.811328 0.359863 0.811328 0.361328 0.810937 0.361816 0.810937 0.365723 0.810547 0.366211 0.810547 0.370117 0.810937 0.370605 0.810937 0.371094 0.811328 0.371582 0.811328 0.37207 0.8125 0.373535 0.812891 0.373535 0.813281 0.374023 0.815234 0.374023 0.815625 0.373535 0.816016 0.373535 0.816406 0.373047 0.816797 0.373047 0.817578 0.37207 0.817969 0.37207 0.820703 0.368652 0.820703 0.368164 0.823828 0.364258 0.823828 0.36377 0.825 0.362305 0.825 0.361816 0.825781 0.36084 0.825781 0.360352 0.827734 0.35791 0.827734 0.357422 0.829688 0.35498 0.830078 0.35498 0.830859 0.354004 0.83125 0.354004 0.832422 0.352539 0.832812 0.352539 0.833203 0.352051 0.833984 0.352051 0.834375 0.351562 0.834766 0.351562 0.835938 0.350098 0.836328 0.350098 0.837109 0.349121 0.837109 0.348633 0.838672 0.34668 0.838672 0.346191 0.839063 0.345703 0.839063 0.344238 0.839453 0.34375 0.839453 0.341309 0.839844 0.34082 0.839844 0.330078 0.840234 0.32959 0.840234 0.324219 0.840625 0.32373 0.840625 0.321289 0.841016 0.320801 0.841016 0.319336 0.841406 0.318848 0.841406 0.318359 0.841797 0.317871 0.841797 0.316895 0.842187 0.316406 0.842187 0.315918 0.842578 0.31543 0.842578 0.314941 0.843359 0.313965 0.843359 0.313477 0.844141 0.3125 0.844531 0.3125 0.845313 0.311523 0.845703 0.311523 0.846484 0.310547 0.846484 0.310059 0.846875 0.30957 0.846875 0.309082 0.847266 0.308594 0.847266 0.307617 0.847656 0.307129 0.847656 0.306641 0.847266 0.306152 0.847266 0.305664 0.846875 0.305176 0.846484 0.305176
1 0.272656 0.244629 0.272266 0.244629 0.271875 0.244141 0.270703 0.244141 0.270313 0.244629 0.269531 0.244629 0.269141 0.245117 0.267578 0.245117 0.267188 0.245605 0.266797 0.245605 0.266406 0.246094 0.265625 0.246094 0.265234 0.246582 0.264844 0.246582 0.264453 0.24707 0.263672 0.24707 0.262891 0.248047 0.2625 0.248047 0.262109 0.248535 0.261719 0.248535 0.260937 0.249512 0.260547 0.249512 0.260156 0.25 0.259766 0.25 0.259375 0.250488 0.258984 0.250488 0.258203 0.251465 0.257812 0.251465 0.254688 0.255371 0.254297 0.255371 0.253906 0.255859 0.253516 0.255859 0.253125 0.256348 0.252734 0.256348 0.251172 0.258301 0.250781 0.258301 0.25 0.259277 0.249219 0.259277 0.248828 0.259766 0.248438 0.259766 0.246094 0.262695 0.245703 0.262695 0.245312 0.263184 0.244922 0.263184 0.244531 0.263672 0.244141 0.263672 0.244141 0.26416 0.24375 0.264648 0.24375 0.265137 0.243359 0.265625 0.243359 0.266113 0.242969 0.266602 0.242969 0.267578 0.242578 0.268066 0.241914 0.269824 0.241719 0.271045 0.241445 0.272607 0.241367 0.273926 0.240352 0.277979 0.240195 0.280762 0.240547 0.284082 0.240664 0.285938 0.240508 0.287207 0.240742 0.288086 0.240547 0.288965 0.240508 0.289746 0.240937 0.291504 0.242461 0.292822 0.243008 0.293311 0.243398 0.294043 0.243359 0.293945 0.24375 0.294434 0.24375 0.294922 0.244531 0.295898 0.245039 0.297412 0.245977 0.297803 0.246094 0.297852 0.246875 0.298828 0.246875 0.299316 0.247266 0.299805 0.247656 0.299805 0.248047 0.300293 0.25 0.300293 0.250391 0.299805 0.251172 0.299805 0.251563 0.299316 0.253125 0.299316 0.253516 0.299805 0.256328 0.301172 0.257031 0.302246 0.257812 0.30249 0.25793 0.302734 0.258789 0.303223 0.259805 0.303613 0.261602 0.30415 0.263828 0.303125 0.264258 0.301855 0.264688 0.301758 0.265117 0.30083 0.265117 0.299902 0.265391 0.299121 0.266211 0.29873 0.265977 0.297559 0.266797 0.296582 0.267109 0.296582 0.267227 0.295801 0.267188 0.294922 0.269023 0.292187 0.269141 0.289062 0.269141 0.288574 0.269531 0.288086 0.269531 0.287109 0.269922 0.286621 0.269922 0.286133 0.270313 0.285645 0.270313 0.285156 0.271094 0.28418 0.271094 0.270508 0.271484 0.27002 0.271484 0.266602 0.271875 0.266113 0.271875 0.263672 0.272266 0.263184 0.272266 0.259277 0.272656 0.258789 0.272656 0.256348 0.273047 0.255859 0.273047 0.253906 0.273438 0.253418 0.273438 0.251465 0.273828 0.250977 0.273828 0.249512 0.274219 0.249023 0.274219 0.24707 0.273828 0.246582 0.273828 0.246094
1 0.167187 0.388184 0.166797 0.388672 0.166797 0.391602 0.166406 0.39209 0.166406 0.393066 0.166016 0.393555 0.166016 0.394531 0.165625 0.39502 0.165625 0.398438 0.166016 0.398926 0.166016 0.404297 0.166406 0.404785 0.166406 0.405273 0.167578 0.406738 0.167578 0.407227 0.167969 0.407715 0.167969 0.408203 0.168359 0.408691 0.168359 0.409668 0.16875 0.410156 0.16875 0.410645 0.169141 0.411133 0.169141 0.412109 0.169922 0.413086 0.169922 0.413574 0.171094 0.415039 0.171094 0.415527 0.171484 0.416016 0.171484 0.416504 0.171875 0.416992 0.171875 0.41748 0.172266 0.417969 0.172266 0.419434 0.172656 0.419922 0.172656 0.42041 0.173047 0.420898 0.173047 0.421387 0.173437 0.421875 0.173437 0.422363 0.173828 0.422852 0.173828 0.42334 0.174219 0.423828 0.174219 0.424316 0.175391 0.425781 0.175391 0.42627 0.175781 0.426758 0.175781 0.427246 0.176563 0.428223 0.176563 0.428711 0.176953 0.429199 0.176953 0.429688 0.177344 0.430176 0.177344 0.430664 0.177734 0.431152 0.177734 0.431641 0.178516 0.432617 0.178516 0.433105 0.178906 0.433594 0.178906 0.434082 0.179688 0.435059 0.179688 0.435547 0.18125 0.4375 0.181641 0.4375 0.182422 0.438477 0.182812 0.438477 0.185547 0.441895 0.185547 0.442383 0.187891 0.445312 0.187891 0.445801 0.188672 0.446777 0.188672 0.447266 0.189453 0.448242 0.189453 0.44873 0.190234 0.449707 0.190625 0.449707 0.191016 0.450195 0.191406 0.450195 0.191797 0.450684 0.192188 0.450684 0.19375 0.452637 0.19375 0.453125 0.194141 0.453613 0.194141 0.45459 0.194922 0.455566 0.194922 0.456055 0.195703 0.457031 0.195703 0.45752 0.196094 0.458008 0.196094 0.458984 0.197266 0.460449 0.201172 0.460449 0.203906 0.457031 0.203906 0.456543 0.204297 0.456055 0.204297 0.452637 0.203906 0.452148 0.203906 0.446777 0.203516 0.446289 0.203516 0.444336 0.203125 0.443848 0.203125 0.438965 0.202734 0.438477 0.202734 0.437988 0.202344 0.4375 0.202344 0.437012 0.201172 0.435547 0.201172 0.431152 0.200781 0.430664 0.200781 0.430176 0.200391 0.429688 0.200391 0.429199 0.2 0.428711 0.2 0.428223 0.199609 0.427734 0.199609 0.425293 0.199219 0.424805 0.199219 0.422363 0.198828 0.421875 0.198828 0.420898 0.198437 0.42041 0.198437 0.419922 0.198047 0.419434 0.198047 0.418945 0.197656 0.418457 0.197656 0.417969 0.197266 0.41748 0.197266 0.416992 0.196484 0.416016 0.196484 0.415527 0.196094 0.415039 0.196094 0.414551 0.195312 0.413574 0.195312 0.413086 0.194922 0.412598 0.194922 0.412109 0.194141 0.411133 0.194141 0.410645 0.191016 0.406738 0.190625 0.406738 0.189844 0.405762 0.189453 0.405762 0.188672 0.404785 0.188281 0.404785 0.1875 0.403809 0.1875 0.40332 0.187109 0.402832 0.187109 0.402344 0.186719 0.401855 0.186719 0.400879 0.186328 0.400391 0.186328 0.399902 0.185938 0.399414 0.185938 0.398926 0.185547 0.398438 0.185547 0.397949 0.184766 0.396973 0.184766 0.396484 0.180859 0.391602 0.180469 0.391602 0.178516 0.38916 0.178125 0.38916 0.177734 0.388672 0.177344 0.388672 0.176953 0.388184 0.175781 0.388184 0.175391 0.387695 0.173437 0.387695 0.173047 0.387207 0.171484 0.387207 0.171094 0.386719 0.169531 0.386719 0.169141 0.387207 0.16875 0.387207 0.168359 0.387695 0.167969 0.387695 0.167578 0.388184
1 0.187109 0.392578 0.187109 0.394531 0.186719 0.39502 0.186719 0.395996 0.187109 0.396484 0.187109 0.397461 0.1875 0.397949 0.1875 0.398438 0.192188 0.404297 0.192578 0.404297 0.194922 0.407227 0.195312 0.407227 0.196875 0.40918 0.196875 0.409668 0.197266 0.410156 0.197266 0.411621 0.198047 0.412598 0.198437 0.412598 0.200781 0.415527 0.200781 0.416016 0.201563 0.416992 0.201563 0.41748 0.202344 0.418457 0.202344 0.418945 0.202734 0.419434 0.202734 0.419922 0.204687 0.422363 0.205078 0.422363 0.207813 0.425781 0.208203 0.425781 0.209375 0.427246 0.209766 0.427246 0.212109 0.430176 0.2125 0.430176 0.212891 0.430664 0.213281 0.430664 0.213672 0.431152 0.214062 0.431152 0.214453 0.431641 0.214844 0.431641 0.215234 0.432129 0.215625 0.432129 0.216016 0.432617 0.216797 0.432617 0.217188 0.433105 0.225 0.433105 0.225391 0.432617 0.227344 0.432617 0.227734 0.432129 0.229687 0.432129 0.230078 0.431641 0.232031 0.431641 0.232422 0.431152 0.233594 0.431152 0.233984 0.430664 0.234766 0.430664 0.235156 0.430176 0.235937 0.430176 0.236328 0.429688 0.238281 0.429688 0.238672 0.429199 0.240625 0.429199 0.241016 0.428711 0.244141 0.428711 0.244531 0.428223 0.245312 0.428223 0.245703 0.427734 0.246094 0.427734 0.248047 0.425293 0.248047 0.423828 0.247266 0.422852 0.246875 0.422852 0.246484 0.422363 0.246094 0.422363 0.245312 0.421387 0.245312 0.420898 0.244922 0.42041 0.244922 0.419922 0.242969 0.41748 0.242969 0.416992 0.242188 0.416016 0.242188 0.415527 0.241406 0.414551 0.241406 0.414062 0.240234 0.412598 0.239844 0.412598 0.233984 0.405273 0.233984 0.404785 0.229687 0.399414 0.229297 0.399414 0.228516 0.398438 0.228125 0.398438 0.227734 0.397949 0.227344 0.397949 0.225781 0.395996 0.225391 0.395996 0.224609 0.39502 0.223828 0.39502 0.223438 0.394531 0.222656 0.394531 0.222266 0.394043 0.221094 0.394043 0.220703 0.393555 0.220312 0.393555 0.219922 0.393066 0.219141 0.393066 0.21875 0.392578 0.218359 0.392578 0.217969 0.39209 0.217188 0.39209 0.216797 0.391602 0.213672 0.391602 0.213281 0.391113 0.210938 0.391113 0.210547 0.390625 0.207031 0.390625 0.206641 0.390137 0.202734 0.390137 0.202344 0.389648 0.192969 0.389648 0.192578 0.390137 0.191406 0.390137 0.191016 0.390625 0.190234 0.390625 0.189844 0.391113 0.189062 0.391113 0.188672 0.391602 0.188281 0.391602 0.187891 0.39209 0.1875 0.39209
1 0.269922 0.455078 0.269531 0.45459 0.269531 0.454102 0.26875 0.453125 0.26875 0.452637 0.267578 0.451172 0.267578 0.450684 0.266016 0.44873 0.266016 0.448242 0.265625 0.447754 0.265625 0.447266 0.264844 0.446289 0.264844 0.445801 0.263281 0.443848 0.262891 0.443848 0.2625 0.443359 0.262109 0.443359 0.261719 0.442871 0.261328 0.442871 0.260937 0.442383 0.260547 0.442383 0.259766 0.441406 0.259375 0.441406 0.258203 0.439941 0.257812 0.439941 0.257031 0.438965 0.256641 0.438965 0.25625 0.438477 0.255859 0.438477 0.255469 0.437988 0.254688 0.437988 0.254297 0.4375 0.253516 0.4375 0.253125 0.437012 0.252734 0.437012 0.252344 0.436523 0.251953 0.436523 0.251563 0.436035 0.251172 0.436035 0.250391 0.435059 0.25 0.435059 0.249609 0.43457 0.249219 0.43457 0.248828 0.434082 0.247656 0.434082 0.247266 0.433594 0.238281 0.433594 0.237891 0.434082 0.233203 0.434082 0.232813 0.43457 0.23125 0.43457 0.230859 0.435059 0.229297 0.435059 0.228906 0.435547 0.227734 0.435547 0.227344 0.436035 0.226953 0.436035 0.226562 0.436523 0.226172 0.436523 0.225781 0.437012 0.225 0.437012 0.224609 0.4375 0.222656 0.4375 0.222266 0.437988 0.221094 0.437988 0.220703 0.438477 0.219922 0.438477 0.21875 0.439941 0.218359 0.439941 0.217188 0.441406 0.216797 0.441406 0.216016 0.442383 0.215625 0.442383 0.215234 0.442871 0.214844 0.442871 0.214453 0.443359 0.214062 0.443359 0.213672 0.443848 0.213281 0.443848 0.212891 0.444336 0.2125 0.444336 0.210938 0.446289 0.210547 0.446289 0.210547 0.446777 0.209375 0.448242 0.209375 0.44873 0.208594 0.449707 0.208594 0.450195 0.208203 0.450684 0.208203 0.45166 0.207813 0.452148 0.207813 0.455078 0.207422 0.455566 0.207422 0.45752 0.207031 0.458008 0.207031 0.459961 0.207422 0.460449 0.207422 0.461914 0.207813 0.462402 0.207813 0.463379 0.208594 0.464355 0.208594 0.464844 0.208984 0.465332 0.208984 0.46582 0.210938 0.468262 0.211328 0.468262 0.212109 0.469238 0.212891 0.469238 0.213281 0.469727 0.214062 0.469727 0.214453 0.470215 0.215234 0.470215 0.215625 0.470703 0.216406 0.470703 0.216797 0.471191 0.217969 0.471191 0.218359 0.47168 0.219141 0.47168 0.219531 0.472168 0.220312 0.472168 0.220703 0.472656 0.221875 0.472656 0.222266 0.473145 0.223438 0.473145 0.223828 0.473633 0.224609 0.473633 0.225 0.474121 0.225391 0.474121 0.225781 0.474609 0.226172 0.474609 0.226562 0.475098 0.227344 0.475098 0.227734 0.475586 0.23125 0.475586 0.231641 0.476074 0.233594 0.476074 0.233984 0.476562 0.236328 0.476562 0.236719 0.477051 0.239844 0.477051 0.240234 0.476562 0.240625 0.476562 0.241406 0.475586 0.241797 0.475586 0.242578 0.474609 0.242578 0.474121 0.243359 0.473145 0.24375 0.473145 0.245312 0.471191 0.245703 0.471191 0.246875 0.469727 0.247266 0.469727 0.247656 0.469238 0.248047 0.469238 0.249219 0.467773 0.249609 0.467773 0.25 0.467285 0.25 0.466797 0.250781 0.46582 0.251172 0.46582 0.251953 0.464844 0.252734 0.464844 0.253125 0.464355 0.255078 0.464355 0.255469 0.463867 0.257031 0.463867 0.257422 0.463379 0.258984 0.463379 0.259375 0.462891 0.260547 0.462891 0.260937 0.462402 0.2625 0.462402 0.262891 0.461914 0.264453 0.461914 0.264844 0.461426 0.265625 0.461426 0.266016 0.460938 0.266797 0.460938 0.267188 0.460449 0.267578 0.460449 0.267969 0.459961 0.268359 0.459961 0.269531 0.458496 0.269531 0.457031 0.269922 0.456543
1 0.256641 0.487305 0.255469 0.487305 0.254688 0.488281 0.254688 0.48877 0.253906 0.489746 0.253516 0.489746 0.253125 0.490234 0.253125 0.490723 0.252344 0.491699 0.252344 0.492188 0.251953 0.492676 0.251953 0.493164 0.251563 0.493652 0.251563 0.494629 0.251172 0.495117 0.251172 0.495605 0.250781 0.496094 0.250781 0.49707 0.250391 0.497559 0.250391 0.499023 0.25 0.499512 0.25 0.500488 0.249609 0.500977 0.249609 0.501465 0.249219 0.501953 0.249219 0.502441 0.248828 0.50293 0.248828 0.503418 0.248438 0.503906 0.248438 0.504883 0.248047 0.505371 0.248047 0.506348 0.247656 0.506836 0.247656 0.507324 0.247266 0.507812 0.247266 0.508789 0.246875 0.509277 0.246875 0.510742 0.246484 0.51123 0.246484 0.512207 0.246094 0.512695 0.246094 0.51416 0.245703 0.514648 0.245703 0.516602 0.245312 0.51709 0.245312 0.517578 0.244531 0.518555 0.244531 0.519043 0.244141 0.519531 0.244141 0.52002 0.24375 0.520508 0.24375 0.520996 0.243359 0.521484 0.243359 0.521973 0.242969 0.522461 0.242969 0.523438 0.242578 0.523926 0.242578 0.524414 0.242188 0.524902 0.242188 0.526367 0.241797 0.526855 0.241797 0.527832 0.241406 0.52832 0.241406 0.529785 0.241016 0.530273 0.241016 0.532227 0.240625 0.532715 0.240625 0.536133 0.240234 0.536621 0.240234 0.538086 0.239844 0.538574 0.239844 0.539062 0.239453 0.539551 0.239453 0.540527 0.239063 0.541016 0.239063 0.543945 0.238672 0.544434 0.238672 0.54541 0.238281 0.545898 0.238281 0.546875 0.237891 0.547363 0.237891 0.549316 0.2375 0.549805 0.2375 0.552734 0.237891 0.553223 0.237891 0.555664 0.238281 0.556152 0.238281 0.557617 0.238672 0.558105 0.238672 0.559082 0.239063 0.55957 0.239063 0.560547 0.239453 0.561035 0.239453 0.5625 0.239844 0.562988 0.239844 0.563965 0.240234 0.564453 0.240234 0.564941 0.240625 0.56543 0.240625 0.565918 0.241016 0.566406 0.241016 0.566895 0.241406 0.567383 0.241406 0.568359 0.241797 0.568848 0.241797 0.569824 0.242188 0.570312 0.242188 0.571289 0.242578 0.571777 0.242578 0.572754 0.242969 0.573242 0.242969 0.574219 0.243359 0.574707 0.243359 0.575684 0.24375 0.576172 0.24375 0.577148 0.244141 0.577637 0.244141 0.578125 0.244531 0.578613 0.244531 0.579102 0.245312 0.580078 0.245312 0.580566 0.247266 0.583008 0.248438 0.583008 0.250781 0.580078 0.250781 0.57959 0.251563 0.578613 0.251563 0.578125 0.251953 0.577637 0.251953 0.577148 0.252734 0.576172 0.252734 0.575684 0.253125 0.575195 0.253125 0.574707 0.253516 0.574219 0.253516 0.57373 0.254297 0.572754 0.254297 0.572266 0.255469 0.570801 0.255469 0.570312 0.25625 0.569336 0.25625 0.568848 0.256641 0.568359 0.256641 0.567871 0.257031 0.567383 0.257031 0.566406 0.257422 0.565918 0.257422 0.564941 0.257812 0.564453 0.257812 0.563477 0.258203 0.562988 0.258203 0.5625 0.258594 0.562012 0.258594 0.561523 0.258984 0.561035 0.258984 0.560547 0.259375 0.560059 0.259375 0.558594 0.259766 0.558105 0.259766 0.557129 0.260156 0.556641 0.260156 0.556152 0.260547 0.555664 0.260547 0.554688 0.260937 0.554199 0.260937 0.553711 0.261328 0.553223 0.261328 0.545898 0.260937 0.54541 0.260937 0.544922 0.261328 0.544434 0.261328 0.54248 0.261719 0.541992 0.261719 0.533691 0.261328 0.533203 0.261328 0.530273 0.260937 0.529785 0.260937 0.528809 0.260547 0.52832 0.260547 0.527344 0.260156 0.526855 0.260156 0.525879 0.259766 0.525391 0.259766 0.524414 0.258984 0.523438 0.258984 0.522949 0.258594 0.522461 0.258594 0.521973 0.258203 0.521484 0.258203 0.520508 0.257812 0.52002 0.257812 0.519043 0.257422 0.518555 0.257422 0.516113 0.257812 0.515625 0.257812 0.509766 0.257422 0.509277 0.257812 0.508789 0.257812 0.5 0.258203 0.499512 0.258203 0.490234 0.257812 0.489746 0.257812 0.489258 0.257422 0.48877 0.257422 0.488281
1 0.354687 0.361816 0.354297 0.361816 0.353906 0.361328 0.351562 0.361328 0.351172 0.361816 0.349609 0.361816 0.348828 0.362793 0.348438 0.362793 0.348047 0.363281 0.347656 0.363281 0.347266 0.36377 0.346094 0.36377 0.345703 0.364258 0.345313 0.364258 0.343359 0.366699 0.342969 0.366699 0.342578 0.367188 0.341797 0.367188 0.341406 0.367676 0.340625 0.367676 0.340234 0.368164 0.339453 0.368164 0.339062 0.368652 0.338281 0.368652 0.337891 0.369141 0.3375 0.369141 0.333203 0.374512 0.332813 0.374512 0.332422 0.375 0.332031 0.375 0.331641 0.375488 0.33125 0.375488 0.330469 0.376465 0.330078 0.376465 0.329297 0.377441 0.329297 0.37793 0.328906 0.378418 0.328906 0.378906 0.328125 0.379883 0.328125 0.380371 0.327734 0.380859 0.327734 0.381348 0.325391 0.384277 0.325391 0.384766 0.325 0.385254 0.325 0.38623 0.324219 0.387207 0.324219 0.387695 0.323828 0.388184 0.323828 0.388672 0.323437 0.38916 0.323437 0.389648 0.323047 0.390137 0.323047 0.390625 0.322656 0.391113 0.322656 0.39209 0.322266 0.392578 0.322266 0.393066 0.321875 0.393555 0.321875 0.394043 0.321484 0.394531 0.321484 0.395508 0.321094 0.395996 0.321094 0.397949 0.320703 0.398438 0.320703 0.400391 0.320312 0.400879 0.320312 0.403809 0.319922 0.404297 0.319922 0.405273 0.320312 0.405762 0.320312 0.414062 0.320703 0.414551 0.320703 0.426758 0.320312 0.427246 0.320312 0.428711 0.319922 0.429199 0.319922 0.429688 0.319531 0.430176 0.319531 0.431152 0.319141 0.431641 0.319141 0.432617 0.31875 0.433105 0.31875 0.433594 0.318359 0.434082 0.318359 0.43457 0.317969 0.435059 0.317969 0.436523 0.317578 0.437012 0.317578 0.438477 0.317188 0.438965 0.317188 0.439941 0.316797 0.44043 0.316797 0.441895 0.316406 0.442383 0.316406 0.447754 0.317578 0.449219 0.31875 0.449219 0.321484 0.445801 0.321875 0.445801 0.322266 0.445312 0.322656 0.445312 0.323047 0.444824 0.323437 0.444824 0.323828 0.444336 0.324219 0.444336 0.324609 0.443848 0.325 0.443848 0.325391 0.443359 0.325781 0.443359 0.329688 0.438477 0.330078 0.438477 0.331641 0.436523 0.332031 0.436523 0.332813 0.435547 0.333203 0.435547 0.333594 0.435059 0.333984 0.435059 0.336328 0.432129 0.336328 0.431641 0.339453 0.427734 0.339453 0.427246 0.340234 0.42627 0.340234 0.425781 0.341016 0.424805 0.341016 0.424316 0.341797 0.42334 0.342187 0.42334 0.343359 0.421875 0.34375 0.421875 0.344531 0.420898 0.344531 0.42041 0.344922 0.419922 0.344922 0.419434 0.345313 0.418945 0.345313 0.417969 0.345703 0.41748 0.345703 0.416992 0.346094 0.416504 0.346094 0.416016 0.346484 0.415527 0.346484 0.414551 0.346875 0.414062 0.346875 0.412598 0.347266 0.412109 0.347266 0.411133 0.347656 0.410645 0.347656 0.410156 0.348047 0.409668 0.348047 0.408691 0.348438 0.408203 0.348438 0.402344 0.348828 0.401855 0.348828 0.393555 0.348438 0.393066 0.348438 0.390137 0.348047 0.389648 0.348047 0.388672 0.347656 0.388184 0.347656 0.386719 0.347266 0.38623 0.347266 0.385254 0.346875 0.384766 0.346875 0.383789 0.347266 0.383301 0.347266 0.380859 0.347656 0.380371 0.347656 0.379395 0.349219 0.377441 0.349219 0.376953 0.35 0.375977 0.35 0.375488 0.350781 0.374512 0.350781 0.374023 0.351562 0.373047 0.351562 0.372559 0.352344 0.371582 0.352344 0.371094 0.354297 0.368652 0.354297 0.368164 0.355469 0.366699 0.355469 0.366211 0.355859 0.365723 0.355859 0.364258 0.355469 0.36377 0.355469 0.363281 0.355078 0.362793 0.355078 0.362305
1 0.35625 0.384277 0.355469 0.385254 0.355078 0.385254 0.353906 0.386719 0.353516 0.386719 0.352734 0.387695 0.352734 0.394531 0.352344 0.39502 0.352344 0.397949 0.352734 0.398438 0.352734 0.400879 0.352344 0.401367 0.352344 0.402344 0.351953 0.402832 0.351953 0.404297 0.351562 0.404785 0.351562 0.40918 0.351172 0.409668 0.351172 0.410645 0.350781 0.411133 0.350781 0.412109 0.350391 0.412598 0.350391 0.413574 0.35 0.414062 0.35 0.415039 0.349609 0.415527 0.349609 0.416504 0.349219 0.416992 0.349219 0.417969 0.348828 0.418457 0.348828 0.424805 0.349219 0.425293 0.349219 0.42627 0.349609 0.426758 0.349609 0.427734 0.35 0.428223 0.35 0.429688 0.350391 0.430176 0.350391 0.431641 0.350781 0.432129 0.350781 0.432617 0.351562 0.433594 0.351562 0.434082 0.353125 0.436035 0.353125 0.437012 0.353516 0.4375 0.353516 0.438477 0.353906 0.438965 0.353906 0.439941 0.353516 0.44043 0.353516 0.441406 0.353125 0.441895 0.353125 0.443848 0.353906 0.444824 0.353906 0.445312 0.354687 0.445312 0.355469 0.446289 0.355469 0.44873 0.355859 0.449219 0.355859 0.450195 0.35625 0.450684 0.35625 0.451172 0.356641 0.45166 0.356641 0.455566 0.357031 0.456055 0.357031 0.460449 0.356641 0.460938 0.356641 0.465332 0.357031 0.46582 0.357031 0.466797 0.358203 0.466797 0.360938 0.463379 0.360938 0.462891 0.361328 0.462402 0.361328 0.461914 0.361719 0.461426 0.361719 0.460449 0.362109 0.459961 0.362109 0.45752 0.3625 0.457031 0.3625 0.448242 0.362891 0.447754 0.364844 0.447754 0.364844 0.444824 0.364453 0.444336 0.364453 0.443848 0.364844 0.443359 0.364844 0.442871 0.365625 0.441895 0.365625 0.441406 0.366016 0.440918 0.366016 0.439941 0.366406 0.439453 0.366406 0.436523 0.366797 0.436035 0.366797 0.435059 0.367188 0.43457 0.367188 0.434082 0.367578 0.433594 0.367578 0.433105 0.367969 0.432617 0.367969 0.432129 0.368359 0.431641 0.368359 0.430664 0.36875 0.430176 0.36875 0.428223 0.369141 0.427734 0.369141 0.427246 0.369531 0.426758 0.369531 0.42627 0.369922 0.425781 0.369922 0.424805 0.370312 0.424316 0.370312 0.422363 0.369922 0.421875 0.369922 0.410645 0.369531 0.410156 0.369531 0.406738 0.369922 0.40625 0.369922 0.403809 0.369531 0.40332 0.369531 0.402832 0.36875 0.401855 0.36875 0.401367 0.367969 0.400391 0.367969 0.399902 0.367578 0.399414 0.367578 0.398926 0.367188 0.398438 0.367188 0.397461 0.366797 0.396973 0.366797 0.395996 0.366406 0.395508 0.366406 0.394531 0.366016 0.394043 0.366016 0.392578 0.365234 0.391602 0.364453 0.391602 0.364063 0.391113 0.363672 0.391113 0.363281 0.390625 0.362891 0.390625 0.3625 0.390137 0.3625 0.389648 0.362109 0.38916 0.362109 0.388672 0.361719 0.388184 0.361328 0.388184 0.360938 0.387695 0.360547 0.387695 0.357812 0.384277
1 0 0.55127 0 0.595215 0.00117187 0.595215 0.0015625 0.595703 0.00195312 0.595703 0.00585938 0.600586 0.00585938 0.601074 0.00742187 0.603027 0.00742187 0.603516 0.00898437 0.605469 0.00898437 0.605957 0.009375 0.606445 0.009375 0.606934 0.00976562 0.607422 0.00976562 0.60791 0.0101563 0.608398 0.0105469 0.608398 0.0113281 0.609375 0.0113281 0.609863 0.0121094 0.61084 0.0121094 0.611328 0.0125 0.611816 0.0125 0.612305 0.0140625 0.614258 0.0140625 0.614746 0.0148437 0.615723 0.0148437 0.616211 0.015625 0.617188 0.0160156 0.617188 0.0167969 0.618164 0.0175781 0.618164 0.0179687 0.618652 0.0183594 0.618652 0.01875 0.618164 0.0203125 0.618164 0.0207031 0.617676 0.0210938 0.617676 0.0222656 0.616211 0.0222656 0.615723 0.0230469 0.614746 0.0230469 0.614258 0.0234375 0.61377 0.0234375 0.613281 0.0238281 0.612793 0.0238281 0.611816 0.0242188 0.611328 0.0242188 0.609863 0.0246094 0.609375 0.0246094 0.60791 0.025 0.607422 0.025 0.606445 0.0253906 0.605957 0.0253906 0.605469 0.0257812 0.60498 0.0257812 0.603516 0.0261719 0.603027 0.0261719 0.591309 0.0265625 0.59082 0.0265625 0.589844 0.0269531 0.589355 0.0269531 0.583984 0.0265625 0.583496 0.0265625 0.580566 0.0261719 0.580078 0.0261719 0.579102 0.0253906 0.578125 0.0253906 0.577637 0.0246094 0.57666 0.0246094 0.576172 0.0242188 0.575684 0.0242188 0.575195 0.0234375 0.574219 0.0234375 0.57373 0.0230469 0.573242 0.0230469 0.572754 0.0226562 0.572266 0.0226562 0.571777 0.0195312 0.567871 0.0191406 0.567871 0.0140625 0.561523 0.0136719 0.561523 0.0132812 0.561035 0.0128906 0.561035 0.0125 0.560547 0.0121094 0.560547 0.0117188 0.560059 0.0113281 0.560059 0.0109375 0.55957 0.0105469 0.55957 0.0101563 0.559082 0.00976562 0.559082 0.009375 0.558594 0.00898437 0.558594 0.0078125 0.557129 0.0078125 0.556641 0.00742187 0.556152 0.00742187 0.555176 0.00703125 0.554688 0.00703125 0.553711 0.00664062 0.553223 0.00664062 0.552246 0.00625 0.551758 0.00625 0.55127 0.00546875 0.550293 0.0046875 0.550293 0.00429688 0.550781 0.003125 0.550781 0.00273437 0.55127
1 0.213672 0.296387 0.213281 0.296875 0.212891 0.296875 0.211719 0.29834 0.211719 0.299316 0.211328 0.299805 0.211328 0.304199 0.211719 0.304688 0.211719 0.307129 0.212109 0.307617 0.212109 0.311035 0.2125 0.311523 0.2125 0.318848 0.212109 0.319336 0.212109 0.320312 0.211719 0.320801 0.211719 0.321777 0.211328 0.322266 0.211328 0.322754 0.210938 0.323242 0.210938 0.32373 0.209766 0.325195 0.209766 0.325684 0.209375 0.326172 0.209375 0.32666 0.208984 0.327148 0.208984 0.327637 0.208594 0.328125 0.208594 0.329102 0.208203 0.32959 0.208203 0.331055 0.207813 0.331543 0.207813 0.339355 0.208203 0.339844 0.208203 0.341797 0.208594 0.342285 0.208594 0.342773 0.208984 0.343262 0.208984 0.34375 0.209375 0.344238 0.209375 0.344727 0.209766 0.345215 0.209766 0.345703 0.210156 0.346191 0.210156 0.34668 0.210547 0.347168 0.210547 0.347656 0.210938 0.348145 0.210938 0.348633 0.211328 0.349121 0.211328 0.350098 0.211719 0.350586 0.211719 0.351074 0.212109 0.351562 0.212109 0.352051 0.213281 0.353516 0.213281 0.354004 0.215625 0.356934 0.215625 0.357422 0.216406 0.358398 0.216406 0.358887 0.217969 0.36084 0.217969 0.361328 0.219531 0.363281 0.219531 0.36377 0.219922 0.364258 0.219922 0.364746 0.220703 0.365723 0.220703 0.366211 0.222656 0.368652 0.222656 0.369141 0.223047 0.369629 0.223047 0.370605 0.223438 0.371094 0.223438 0.372559 0.223828 0.373047 0.223828 0.374023 0.224219 0.374512 0.224219 0.375488 0.224609 0.375977 0.224609 0.376465 0.225 0.376953 0.225 0.37793 0.225391 0.378418 0.225391 0.378906 0.225781 0.379395 0.225781 0.381348 0.226172 0.381836 0.226172 0.385254 0.226953 0.38623 0.227344 0.38623 0.227734 0.386719 0.230469 0.386719 0.230859 0.38623 0.231641 0.38623 0.232031 0.385742 0.232813 0.385742 0.234375 0.383789 0.234375 0.383301 0.235937 0.381348 0.235937 0.380859 0.236328 0.380371 0.236328 0.378906 0.236719 0.378418 0.236719 0.377441 0.237109 0.376953 0.237109 0.375488 0.2375 0.375 0.2375 0.373047 0.237891 0.372559 0.237891 0.363281 0.238281 0.362793 0.238281 0.36084 0.237891 0.360352 0.237891 0.358398 0.2375 0.35791 0.2375 0.351074 0.237109 0.350586 0.237109 0.350098 0.2375 0.349609 0.2375 0.347168 0.237891 0.34668 0.237891 0.343262 0.238281 0.342773 0.238281 0.340332 0.238672 0.339844 0.238672 0.334961 0.238281 0.334473 0.238281 0.328613 0.237891 0.328125 0.237891 0.326172 0.237109 0.325195 0.237109 0.324707 0.235547 0.322754 0.235547 0.322266 0.233203 0.319336 0.233203 0.318848 0.229687 0.314453 0.229687 0.313965 0.226562 0.310059 0.226562 0.30957 0.226172 0.309082 0.226172 0.308594 0.225781 0.308105 0.225781 0.307617 0.225391 0.307129 0.225391 0.306641 0.224219 0.305176 0.223828 0.305176 0.221875 0.302734 0.221875 0.302246 0.217188 0.296387
1 0.562109 0.911621 0.562109 0.912109 0.5625 0.912598 0.5625 0.914062 0.562891 0.914551 0.562891 0.915527 0.563281 0.916016 0.563281 0.916992 0.563672 0.91748 0.563672 0.917969 0.564063 0.918457 0.564063 0.919434 0.564844 0.92041 0.565234 0.92041 0.565625 0.920898 0.566016 0.920898 0.566406 0.921387 0.566797 0.921387 0.56875 0.923828 0.569141 0.923828 0.569531 0.924316 0.570312 0.924316 0.571094 0.925293 0.571484 0.925293 0.572656 0.926758 0.573438 0.926758 0.573828 0.927246 0.575781 0.927246 0.576172 0.927734 0.579297 0.927734 0.579688 0.928223 0.580859 0.928223 0.58125 0.928711 0.582422 0.928711 0.582812 0.929199 0.584375 0.929199 0.584766 0.929688 0.589063 0.929688 0.589453 0.930176 0.596484 0.930176 0.601836 0.929688 0.60832 0.928711 0.612695 0.925732 0.616133 0.922266 0.615781 0.918945 0.611719 0.916602 0.606367 0.915039 0.602656 0.912109 0.598828 0.90918 0.598437 0.90918 0.597266 0.907715 0.595313 0.905762 0.593633 0.903027 0.591289 0.900488 0.588828 0.899609 0.58707 0.898486 0.584805 0.898242 0.582148 0.898291 0.577734 0.899023 0.574688 0.900146 0.572656 0.900879 0.572266 0.901367 0.570703 0.901367 0.570312 0.901855 0.569141 0.901855 0.56875 0.902344 0.568359 0.902344 0.567969 0.902832 0.567578 0.902832 0.566797 0.903809 0.566406 0.903809 0.566016 0.904297 0.565625 0.904297 0.565234 0.904785 0.564844 0.904785 0.564844 0.905273 0.563281 0.907227 0.563281 0.907715 0.562891 0.908203 0.562891 0.90918 0.5625 0.909668 0.5625 0.911133
1 0.133203 0 0.133203 0.00146484 0.133984 0.00244141 0.138281 0.00488281 0.139453 0.00634766 0.139453 0.00683594 0.145703 0.0146484 0.146094 0.0170898 0.15 0.0214844 0.154688 0.0244141 0.157812 0.0224609 0.159766 0.0180664 0.159766 0.00390625 0.158984 0.00195312 0.158984 0
2 0.347266 0.591797 0.346484 0.591309 0.342187 0.591309 0.339844 0.593262 0.335938 0.595215 0.330078 0.603027 0.329297 0.606445 0.327344 0.610352 0.325391 0.617676 0.325 0.627441 0.325391 0.62793 0.325391 0.630859 0.326562 0.633789 0.328906 0.635254 0.334375 0.635254 0.335938 0.634277 0.337891 0.630859 0.337891 0.62793 0.338281 0.626953 0.341406 0.625 0.344531 0.621094 0.346094 0.615723 0.346094 0.613281 0.347656 0.607422 0.347656 0.605469 0.348438 0.602539 0.348438 0.599609 0.349219 0.597168 0.349219 0.595215
1 0.653516 0.904785 0.652734 0.903809 0.650391 0.902832 0.647656 0.899414 0.645703 0.898438 0.639844 0.897949 0.639062 0.897461 0.634766 0.899414 0.633594 0.900879 0.632031 0.905273 0.632031 0.907715 0.631641 0.908203 0.631641 0.910156 0.630859 0.913086 0.630859 0.918945 0.630078 0.920898 0.628125 0.92334 0.626563 0.927246 0.626563 0.929199 0.626172 0.929688 0.626172 0.932617 0.627344 0.93457 0.630859 0.93457 0.634375 0.931641 0.639062 0.925781 0.641406 0.921875 0.644141 0.919922 0.646875 0.916504 0.649219 0.911621 0.651172 0.90918 0.653906 0.908691 0.654687 0.907715
