1 0.288672 0 0.288672 0.00146484 0.288281 0.00195312 0.288281 0.00390625 0.287891 0.00439453 0.287891 0.0107422 0.288281 0.0112305 0.288281 0.0117188 0.289844 0.0136719 0.294531 0.0136719 0.294922 0.0131836 0.295312 0.0131836 0.296094 0.012207 0.296094 0.0117188 0.296875 0.0107422 0.296875 0.0102539 0.297266 0.00976562 0.297266 0.00830078 0.297656 0.0078125 0.297656 0.00683594 0.298047 0.00634766 0.298047 0.00439453 0.298438 0.00390625 0.298438 0
1 0.45625 0.321289 0.45625 0.321777 0.455859 0.322266 0.455859 0.326172 0.45625 0.32666 0.45625 0.327148 0.458203 0.32959 0.458594 0.32959 0.459375 0.330566 0.459766 0.330566 0.460156 0.331055 0.460547 0.331055 0.460938 0.331543 0.461328 0.331543 0.4625 0.333008 0.462891 0.333008 0.463672 0.333984 0.464062 0.333984 0.464453 0.334473 0.464844 0.334473 0.465234 0.334961 0.465625 0.334961 0.466016 0.335449 0.466797 0.335449 0.467187 0.335938 0.472656 0.335938 0.473047 0.335449 0.474219 0.335449 0.475 0.334473 0.475 0.331055 0.474609 0.330566 0.474609 0.32959 0.474219 0.329102 0.474219 0.328613 0.471094 0.324707 0.470703 0.324707 0.469922 0.32373 0.469531 0.32373 0.467578 0.321289 0.467187 0.321289 0.466797 0.320801 0.466016 0.320801 0.465625 0.320312 0.464062 0.320312 0.463672 0.319824 0.458594 0.319824 0.458203 0.320312 0.457422 0.320312 0.456641 0.321289
1 0.442578 0.302246 0.441797 0.303223 0.441797 0.303711 0.441406 0.304199 0.441406 0.305176 0.441016 0.305664 0.441016 0.30957 0.441406 0.310059 0.441406 0.312988 0.441797 0.313477 0.441797 0.31543 0.442188 0.315918 0.442188 0.316406 0.442578 0.316895 0.442578 0.317383 0.442969 0.317871 0.442969 0.318848 0.443359 0.319336 0.443359 0.320312 0.44375 0.320801 0.44375 0.321777 0.444141 0.322266 0.444141 0.32373 0.444531 0.324219 0.444531 0.325684 0.444922 0.326172 0.444922 0.327148 0.445312 0.327637 0.445312 0.328613 0.445703 0.329102 0.445703 0.330078 0.446875 0.331543 0.448828 0.331543 0.449219 0.331055 0.45 0.331055 0.450781 0.330078 0.451172 0.330078 0.453516 0.327148 0.453516 0.32666 0.453906 0.326172 0.453906 0.318359 0.453516 0.317871 0.453516 0.316406 0.453125 0.315918 0.453125 0.314941 0.452734 0.314453 0.452734 0.313965 0.449609 0.310059 0.449609 0.30957 0.448437 0.308105 0.448437 0.307617 0.446484 0.305176 0.446094 0.305176 0.444141 0.302734 0.44375 0.302734 0.443359 0.302246
1 0.222266 0.125488 0.222266 0.12793 0.223047 0.128906 0.223047 0.129395 0.223828 0.130371 0.223828 0.130859 0.224219 0.131348 0.224609 0.131348 0.225391 0.132324 0.225781 0.132324 0.226172 0.132812 0.226562 0.132812 0.226953 0.133301 0.227734 0.133301 0.228125 0.133789 0.228906 0.133789 0.229297 0.134277 0.230859 0.134277 0.23125 0.134766 0.233594 0.134766 0.233984 0.134277 0.235156 0.134277 0.235547 0.133789 0.236328 0.133789 0.236719 0.133301 0.237109 0.133301 0.237891 0.132324 0.237891 0.131836 0.238281 0.131348 0.238281 0.128418 0.237891 0.12793 0.237891 0.126953 0.2375 0.126465 0.2375 0.125977 0.236719 0.125 0.236328 0.125 0.234766 0.123047 0.234375 0.123047 0.233594 0.12207 0.233203 0.12207 0.232813 0.121582 0.232422 0.121582 0.232031 0.121094 0.227734 0.121094 0.227344 0.121582 0.226172 0.121582 0.225781 0.12207 0.224609 0.12207 0.224219 0.122559 0.223828 0.122559 0.223047 0.123535 0.223047 0.124023 0.222656 0.124512 0.222656 0.125
1 0.375781 0.275391 0.375781 0.280273 0.377344 0.282227 0.377734 0.282227 0.378516 0.283203 0.378906 0.283203 0.379297 0.283691 0.379688 0.283691 0.380078 0.28418 0.380469 0.28418 0.380859 0.284668 0.38125 0.284668 0.381641 0.285156 0.382422 0.285156 0.382812 0.285645 0.383203 0.285645 0.383984 0.286621 0.384766 0.286621 0.385156 0.287109 0.3875 0.287109 0.387891 0.287598 0.391406 0.287598 0.391797 0.288086 0.392188 0.288086 0.392578 0.287598 0.394922 0.287598 0.395313 0.287109 0.396094 0.287109 0.396484 0.286621 0.400391 0.286621 0.400781 0.287109 0.405469 0.287109 0.405859 0.286621 0.406641 0.286621 0.407031 0.286133 0.407422 0.286133 0.407813 0.285645 0.408203 0.285645 0.409375 0.28418 0.409375 0.282227 0.407031 0.279297 0.406641 0.279297 0.405469 0.277832 0.405078 0.277832 0.404297 0.276855 0.403906 0.276855 0.403516 0.276367 0.402734 0.276367 0.402344 0.275879 0.401953 0.275879 0.401562 0.275391 0.400781 0.275391 0.400391 0.274902 0.399609 0.274902 0.399219 0.274414 0.398047 0.274414 0.397656 0.273926 0.395703 0.273926 0.395313 0.273438 0.39375 0.273438 0.393359 0.272949 0.392578 0.272949 0.392188 0.272461 0.391406 0.272461 0.391016 0.271973 0.389844 0.271973 0.389453 0.271484 0.383984 0.271484 0.383594 0.271973 0.381641 0.271973 0.38125 0.272461 0.379688 0.272461 0.379297 0.272949 0.378125 0.272949 0.377734 0.273438 0.377344 0.273438 0.376563 0.274414 0.376172 0.274414 0.376172 0.274902
1 0.344922 0.28125 0.344531 0.280762 0.344531 0.280273 0.34375 0.279297 0.343359 0.279297 0.342578 0.27832 0.339453 0.27832 0.339062 0.278809 0.337109 0.278809 0.336719 0.279297 0.336328 0.279297 0.335938 0.279785 0.335547 0.279785 0.335156 0.280273 0.334375 0.280273 0.333984 0.280762 0.331641 0.280762 0.33125 0.28125 0.329297 0.28125 0.328906 0.281738 0.328125 0.281738 0.327734 0.282227 0.327344 0.282227 0.326562 0.283203 0.326172 0.283203 0.325781 0.283691 0.325 0.283691 0.324609 0.28418 0.323828 0.28418 0.323437 0.284668 0.322656 0.284668 0.322266 0.285156 0.321875 0.285156 0.321484 0.285645 0.321094 0.285645 0.318359 0.289062 0.318359 0.289551 0.317969 0.290039 0.317969 0.29248 0.318359 0.292969 0.318359 0.293457 0.31875 0.293945 0.31875 0.294434 0.319141 0.294922 0.319531 0.294922 0.319922 0.29541 0.320312 0.29541 0.320703 0.295898 0.322656 0.295898 0.323047 0.296387 0.327344 0.296387 0.327734 0.295898 0.329688 0.295898 0.330078 0.29541 0.332031 0.29541 0.332422 0.294922 0.333984 0.294922 0.334375 0.294434 0.334766 0.294434 0.335156 0.293945 0.335547 0.293945 0.335938 0.293457 0.336328 0.293457 0.336719 0.292969 0.337109 0.292969 0.3375 0.29248 0.337891 0.29248 0.338281 0.291992 0.338672 0.291992 0.339453 0.291016 0.339844 0.291016 0.340625 0.290039 0.341016 0.290039 0.341797 0.289062 0.342187 0.289062 0.342969 0.288086 0.342969 0.287598 0.343359 0.287109 0.343359 0.286621 0.34375 0.286133 0.34375 0.285645 0.344531 0.284668 0.344531 0.28418 0.344922 0.283691
1 0.335938 0.265137 0.334766 0.263672 0.328906 0.263672 0.328516 0.26416 0.327734 0.26416 0.327344 0.264648 0.326562 0.264648 0.326172 0.265137 0.325391 0.265137 0.325 0.265625 0.324609 0.265625 0.324219 0.266113 0.323437 0.266113 0.323047 0.266602 0.322266 0.266602 0.321875 0.26709 0.321484 0.26709 0.318359 0.270996 0.317969 0.270996 0.314453 0.275391 0.314453 0.275879 0.313672 0.276855 0.313672 0.277344 0.312891 0.27832 0.312891 0.278809 0.3125 0.279297 0.3125 0.279785 0.312109 0.280273 0.312109 0.280762 0.310547 0.282715 0.310547 0.283691 0.310937 0.28418 0.3125 0.28418 0.312891 0.284668 0.316406 0.284668 0.316797 0.28418 0.318359 0.28418 0.31875 0.283691 0.319531 0.283691 0.319922 0.283203 0.320312 0.283203 0.320703 0.282715 0.321094 0.282715 0.321484 0.282227 0.322656 0.282227 0.323047 0.281738 0.324609 0.281738 0.325 0.28125 0.326172 0.28125 0.326562 0.280762 0.326953 0.280762 0.329297 0.277832 0.329688 0.277832 0.330078 0.277344 0.330469 0.277344 0.33125 0.276367 0.331641 0.276367 0.335156 0.271973 0.335156 0.271484 0.335547 0.270996 0.335547 0.270508 0.335938 0.27002 0.335938 0.269043 0.336328 0.268555 0.336328 0.266113 0.335938 0.265625
1 0.307422 0.303223 0.305078 0.303223 0.304688 0.303711 0.304297 0.303711 0.303906 0.304199 0.303516 0.304199 0.302734 0.305176 0.302734 0.305664 0.302344 0.306152 0.302344 0.307129 0.301953 0.307617 0.301953 0.309082 0.301563 0.30957 0.301563 0.310547 0.301172 0.311035 0.301172 0.312988 0.300781 0.313477 0.300781 0.322754 0.301172 0.323242 0.301172 0.325684 0.301563 0.326172 0.301563 0.327637 0.301953 0.328125 0.301953 0.330078 0.302344 0.330566 0.302344 0.331055 0.303125 0.332031 0.305859 0.332031 0.30625 0.331543 0.306641 0.331543 0.306641 0.331055 0.307422 0.330078 0.307422 0.32959 0.307812 0.329102 0.307812 0.328613 0.308203 0.328125 0.308203 0.327637 0.308594 0.327148 0.308594 0.32666 0.308984 0.326172 0.308984 0.325195 0.309375 0.324707 0.309375 0.322754 0.309766 0.322266 0.309766 0.320801 0.310156 0.320312 0.310156 0.317871 0.310547 0.317383 0.310547 0.312012 0.310937 0.311523 0.310937 0.310059 0.310547 0.30957 0.310547 0.307617 0.310156 0.307129 0.310156 0.306152 0.308203 0.303711 0.307812 0.303711
1 0.371094 0.200684 0.369531 0.19873 0.369141 0.19873 0.368359 0.197754 0.367578 0.197754 0.367188 0.197266 0.366016 0.197266 0.365625 0.196777 0.361328 0.196777 0.360938 0.197266 0.359766 0.197266 0.359375 0.197754 0.358594 0.197754 0.358203 0.198242 0.357422 0.198242 0.357031 0.19873 0.356641 0.19873 0.35625 0.199219 0.355859 0.199219 0.355469 0.199707 0.355078 0.199707 0.354687 0.200195 0.353906 0.200195 0.353125 0.201172 0.352734 0.201172 0.352734 0.20166 0.351562 0.203125 0.351562 0.203613 0.350781 0.20459 0.350781 0.205078 0.35 0.206055 0.35 0.206543 0.349609 0.207031 0.349609 0.20752 0.348828 0.208496 0.348828 0.208984 0.348438 0.209473 0.348438 0.209961 0.348047 0.210449 0.348047 0.210938 0.347656 0.211426 0.347656 0.212402 0.347266 0.212891 0.347266 0.213867 0.347656 0.214355 0.347656 0.21582 0.348828 0.217285 0.351172 0.217285 0.351562 0.216797 0.353906 0.216797 0.354297 0.216309 0.356641 0.216309 0.357031 0.21582 0.357812 0.21582 0.358203 0.215332 0.358984 0.215332 0.359375 0.214844 0.360156 0.214844 0.360547 0.214355 0.361328 0.214355 0.361719 0.213867 0.3625 0.213867 0.362891 0.213379 0.363281 0.213379 0.363672 0.212891 0.364063 0.212891 0.364453 0.212402 0.365234 0.212402 0.365625 0.211914 0.366016 0.211914 0.366797 0.210938 0.367188 0.210938 0.36875 0.208984 0.369141 0.208984 0.371094 0.206543 0.371094 0.206055 0.371484 0.205566 0.371484 0.20166 0.371094 0.201172
1 0.683984 0.993652 0.683984 0.996582 0.684375 0.99707 0.684375 0.997559 0.684766 0.998047 0.684766 0.998535 0.685156 0.999023 0.685156 1 0.702734 1 0.702734 0.999023 0.703125 0.998535 0.703125 0.998047 0.703906 0.99707 0.703906 0.996582 0.704297 0.996094 0.704297 0.995605 0.704688 0.995117 0.704688 0.992676 0.704297 0.992188 0.704297 0.991699 0.703906 0.991211 0.703516 0.991211 0.703125 0.990723 0.701953 0.990723 0.701562 0.990234 0.701172 0.990234 0.700781 0.989746 0.700391 0.989746 0.7 0.989258 0.699609 0.989258 0.699219 0.98877 0.697656 0.98877 0.697266 0.988281 0.692578 0.988281 0.692187 0.98877 0.689844 0.98877 0.689453 0.989258 0.688672 0.989258 0.688281 0.989746 0.687891 0.989746 0.685937 0.992188 0.685547 0.992188 0.685156 0.992676 0.684766 0.992676
1 0.232813 0.197266 0.232813 0.198242 0.233203 0.198242 0.233594 0.19873 0.233984 0.19873 0.234375 0.199219 0.234766 0.199219 0.235547 0.200195 0.235937 0.200195 0.236328 0.200684 0.236719 0.200684 0.237109 0.201172 0.238281 0.201172 0.238672 0.20166 0.240234 0.20166 0.240625 0.202148 0.241406 0.202148 0.241797 0.202637 0.242969 0.202637 0.243359 0.203125 0.245312 0.203125 0.245703 0.203613 0.247266 0.203613 0.247656 0.204102 0.250781 0.204102 0.251172 0.20459 0.253125 0.20459 0.253516 0.205078 0.258594 0.205078 0.258984 0.20459 0.259766 0.20459 0.260937 0.203125 0.260937 0.202148 0.261328 0.20166 0.261328 0.201172 0.260937 0.200684 0.260937 0.199219 0.260547 0.19873 0.260547 0.198242 0.259375 0.196777 0.258984 0.196777 0.258594 0.196289 0.258203 0.196289 0.257812 0.195801 0.257422 0.195801 0.257031 0.195312 0.256641 0.195312 0.25625 0.194824 0.255859 0.194824 0.255469 0.194336 0.254688 0.194336 0.254297 0.193848 0.253906 0.193848 0.253516 0.193359 0.253125 0.193359 0.252734 0.192871 0.251953 0.192871 0.251563 0.192383 0.250781 0.192383 0.250391 0.191895 0.25 0.191895 0.249609 0.191406 0.249219 0.191406 0.248828 0.190918 0.248438 0.190918 0.248047 0.19043 0.246484 0.19043 0.246094 0.190918 0.243359 0.190918 0.242969 0.191406 0.241406 0.191406 0.241016 0.191895 0.239844 0.191895 0.239453 0.192383 0.238281 0.192383 0.237891 0.192871 0.237109 0.192871 0.236719 0.193359 0.236328 0.193359 0.235547 0.194336 0.235547 0.194824 0.234375 0.196289 0.233984 0.196289 0.233594 0.196777 0.233203 0.196777
1 0.235937 0.200684 0.235547 0.200684 0.235156 0.200195 0.233594 0.200195 0.233203 0.199707 0.231641 0.199707 0.23125 0.200195 0.228125 0.200195 0.227734 0.200684 0.227344 0.200684 0.226953 0.201172 0.226562 0.201172 0.226172 0.20166 0.225781 0.20166 0.225391 0.202148 0.225 0.202148 0.224219 0.203125 0.223828 0.203125 0.223438 0.203613 0.223047 0.203613 0.222656 0.204102 0.222266 0.204102 0.221875 0.20459 0.221484 0.20459 0.220312 0.206055 0.220312 0.206543 0.219922 0.207031 0.219922 0.20752 0.219531 0.208008 0.219531 0.209473 0.219141 0.209961 0.219141 0.210938 0.21875 0.211426 0.21875 0.211914 0.218359 0.212402 0.218359 0.212891 0.217969 0.213379 0.217969 0.213867 0.217578 0.214355 0.217578 0.214844 0.217188 0.215332 0.217188 0.21582 0.216797 0.216309 0.216797 0.217285 0.216406 0.217773 0.216406 0.218262 0.216016 0.21875 0.216016 0.219238 0.215625 0.219727 0.215625 0.220215 0.215234 0.220703 0.215234 0.22168 0.215625 0.222168 0.215625 0.223145 0.216016 0.223633 0.216016 0.224121 0.217578 0.224121 0.218359 0.223145 0.21875 0.223145 0.219141 0.222656 0.219922 0.222656 0.220312 0.222168 0.221094 0.222168 0.221484 0.22168 0.222266 0.22168 0.222656 0.221191 0.223047 0.221191 0.223438 0.220703 0.223828 0.220703 0.224219 0.220215 0.224609 0.220215 0.225781 0.21875 0.226172 0.21875 0.226953 0.217773 0.227734 0.217773 0.228125 0.217285 0.228516 0.217285 0.228906 0.216797 0.229297 0.216797 0.229687 0.216309 0.229687 0.21582 0.23125 0.213867 0.231641 0.213867 0.232031 0.213379 0.232031 0.212891 0.232422 0.212402 0.232422 0.211426 0.232813 0.210938 0.232813 0.210449 0.233203 0.209961 0.233203 0.209473 0.233594 0.208984 0.233594 0.208008 0.233984 0.20752 0.233984 0.206543 0.234375 0.206055 0.234375 0.205078 0.234766 0.20459 0.234766 0.203125 0.235156 0.202637 0.235156 0.202148 0.235937 0.201172
1 0.196094 0.147461 0.196094 0.148926 0.195703 0.149414 0.195703 0.150391 0.196094 0.150879 0.196094 0.151367 0.196484 0.151855 0.196484 0.152344 0.197266 0.15332 0.197266 0.153809 0.198047 0.154785 0.198437 0.154785 0.199219 0.155762 0.199609 0.155762 0.201563 0.158203 0.201953 0.158203 0.203125 0.159668 0.203516 0.159668 0.205078 0.161621 0.205469 0.161621 0.205859 0.162109 0.206641 0.162109 0.207031 0.162598 0.207422 0.162598 0.207813 0.163086 0.208594 0.163086 0.208984 0.163574 0.210156 0.163574 0.210547 0.164062 0.211328 0.164062 0.211719 0.164551 0.2125 0.164551 0.212891 0.165039 0.214062 0.165039 0.214453 0.165527 0.215234 0.165527 0.215625 0.166016 0.216797 0.166016 0.217188 0.166504 0.219531 0.166504 0.219922 0.166992 0.220703 0.166992 0.221094 0.166504 0.222266 0.166504 0.223047 0.165527 0.223438 0.165527 0.223438 0.165039 0.224219 0.164062 0.224219 0.163086 0.224609 0.162598 0.224609 0.161621 0.224219 0.161133 0.224219 0.160645 0.223828 0.160156 0.223828 0.159668 0.223438 0.15918 0.223438 0.158691 0.222656 0.157715 0.222266 0.157715 0.221875 0.157227 0.221484 0.157227 0.221094 0.156738 0.220703 0.156738 0.220312 0.15625 0.219531 0.15625 0.219141 0.155762 0.21875 0.155762 0.217188 0.153809 0.216797 0.153809 0.216406 0.15332 0.216016 0.15332 0.215625 0.152832 0.215234 0.152832 0.214844 0.152344 0.214062 0.152344 0.213672 0.151855 0.213281 0.151855 0.212891 0.151367 0.212109 0.151367 0.211719 0.150879 0.211328 0.150879 0.210938 0.150391 0.210547 0.150391 0.210156 0.149902 0.208984 0.149902 0.208594 0.149414 0.205469 0.149414 0.205078 0.148926 0.204297 0.148926 0.203906 0.148438 0.203125 0.148438 0.202734 0.147949 0.202344 0.147949 0.201953 0.147461 0.200781 0.147461 0.200391 0.146973 0.199219 0.146973 0.198828 0.146484 0.196875 0.146484
1 0.166406 0.236816 0.166406 0.23877 0.166016 0.239258 0.166016 0.239746 0.167187 0.241211 0.167578 0.241211 0.167969 0.241699 0.168359 0.241699 0.16875 0.242188 0.169141 0.242188 0.169531 0.242676 0.169922 0.242676 0.170313 0.243164 0.171094 0.243164 0.171484 0.243652 0.171875 0.243652 0.172266 0.244141 0.173047 0.244141 0.173437 0.244629 0.173828 0.244629 0.174219 0.245117 0.175391 0.245117 0.175781 0.245605 0.176563 0.245605 0.176953 0.246094 0.178125 0.246094 0.178516 0.246582 0.179688 0.246582 0.180078 0.24707 0.180859 0.24707 0.18125 0.247559 0.183203 0.247559 0.183594 0.248047 0.185156 0.248047 0.185547 0.248535 0.186328 0.248535 0.186719 0.249023 0.188281 0.249023 0.188672 0.249512 0.191797 0.249512 0.192188 0.25 0.194141 0.25 0.194531 0.249512 0.196484 0.249512 0.196875 0.249023 0.197656 0.249023 0.198437 0.248047 0.198437 0.246094 0.198828 0.245605 0.198828 0.244141 0.198437 0.243652 0.198437 0.243164 0.195703 0.239746 0.195312 0.239746 0.194141 0.238281 0.19375 0.238281 0.192969 0.237305 0.192578 0.237305 0.192188 0.236816 0.191797 0.236816 0.191406 0.236328 0.191016 0.236328 0.190625 0.23584 0.189844 0.23584 0.189453 0.235352 0.188281 0.235352 0.187891 0.234863 0.185547 0.234863 0.185156 0.234375 0.179297 0.234375 0.178906 0.234863 0.174609 0.234863 0.174219 0.235352 0.171094 0.235352 0.170703 0.23584 0.16875 0.23584 0.168359 0.236328 0.167187 0.236328 0.166797 0.236816
1 0.144922 0.282227 0.144922 0.28418 0.145313 0.284668 0.145703 0.284668 0.146484 0.285645 0.146875 0.285645 0.147266 0.286133 0.147656 0.286133 0.148047 0.286621 0.148438 0.286621 0.149219 0.287598 0.15 0.287598 0.150391 0.288086 0.151562 0.288086 0.151953 0.288574 0.152734 0.288574 0.153125 0.289062 0.153906 0.289062 0.154297 0.289551 0.154688 0.289551 0.155078 0.290039 0.155859 0.290039 0.15625 0.290527 0.156641 0.290527 0.157031 0.291016 0.157812 0.291016 0.158203 0.291504 0.158984 0.291504 0.159375 0.291992 0.160547 0.291992 0.160938 0.29248 0.163281 0.29248 0.163672 0.291992 0.164453 0.291992 0.164844 0.291504 0.165234 0.291504 0.165625 0.291016 0.165625 0.286133 0.165234 0.285645 0.165234 0.285156 0.164844 0.284668 0.164844 0.28418 0.164453 0.283691 0.164453 0.283203 0.162109 0.280273 0.161719 0.280273 0.161328 0.279785 0.160938 0.279785 0.160547 0.279297 0.160156 0.279297 0.159766 0.278809 0.159375 0.278809 0.158984 0.27832 0.157812 0.27832 0.157422 0.277832 0.151953 0.277832 0.151562 0.27832 0.149609 0.27832 0.149219 0.278809 0.148438 0.278809 0.148047 0.279297 0.147656 0.279297 0.147266 0.279785 0.146875 0.279785 0.146094 0.280762 0.145703 0.280762 0.145313 0.28125 0.145313 0.281738
1 0.122266 0.249512 0.121484 0.249512 0.121094 0.249023 0.120313 0.249023 0.119922 0.248535 0.119531 0.248535 0.119141 0.249023 0.118359 0.249023 0.117969 0.249512 0.117578 0.249512 0.117188 0.25 0.116797 0.25 0.116406 0.250488 0.116016 0.250488 0.115625 0.250977 0.114844 0.250977 0.114062 0.251953 0.113672 0.251953 0.1125 0.253418 0.1125 0.253906 0.111328 0.255371 0.111328 0.255859 0.110937 0.256348 0.110937 0.256836 0.110547 0.257324 0.110547 0.257812 0.110156 0.258301 0.110156 0.258789 0.109766 0.259277 0.109766 0.260742 0.109375 0.26123 0.109375 0.262207 0.108984 0.262695 0.108984 0.264648 0.108594 0.265137 0.108594 0.266602 0.108203 0.26709 0.108203 0.269043 0.107813 0.269531 0.107813 0.271973 0.107422 0.272461 0.107422 0.274902 0.107031 0.275391 0.107031 0.281738 0.107422 0.282227 0.107422 0.282715 0.107813 0.283203 0.108594 0.283203 0.108984 0.282715 0.109375 0.282715 0.109766 0.282227 0.110937 0.282227 0.111328 0.281738 0.111719 0.281738 0.1125 0.280762 0.112891 0.280762 0.114062 0.279297 0.114453 0.279297 0.116016 0.277344 0.116016 0.276855 0.116797 0.275879 0.116797 0.275391 0.119922 0.271484 0.119922 0.270996 0.120313 0.270508 0.120313 0.27002 0.121094 0.269043 0.121094 0.268555 0.121484 0.268066 0.121484 0.26709 0.121875 0.266602 0.121875 0.266113 0.122266 0.265625 0.122266 0.264648 0.122656 0.26416 0.122656 0.263184 0.123047 0.262695 0.123047 0.260742 0.123438 0.260254 0.123438 0.256836 0.123828 0.256348 0.123828 0.254883 0.123438 0.254395 0.123438 0.251953 0.123047 0.251465 0.123047 0.250488
1 0.132422 0.350586 0.132031 0.351074 0.130859 0.351074 0.130469 0.351562 0.130078 0.351562 0.129297 0.352539 0.128906 0.352539 0.128906 0.353027 0.128125 0.354004 0.128125 0.35498 0.127734 0.355469 0.127734 0.355957 0.127344 0.356445 0.127344 0.358398 0.126953 0.358887 0.126953 0.362305 0.127344 0.362793 0.127344 0.364258 0.127734 0.364746 0.127734 0.365234 0.130078 0.368164 0.130469 0.368164 0.13125 0.369141 0.131641 0.369141 0.132031 0.369629 0.132422 0.369629 0.132812 0.370117 0.133203 0.370117 0.133594 0.370605 0.134375 0.370605 0.134766 0.371094 0.135547 0.371094 0.135937 0.370605 0.137109 0.370605 0.1375 0.370117 0.138281 0.370117 0.138281 0.369629 0.138672 0.369141 0.138672 0.368652 0.139063 0.368164 0.139063 0.367188 0.139453 0.366699 0.139453 0.357422 0.139063 0.356934 0.139063 0.355469 0.138672 0.35498 0.138672 0.354492 0.138281 0.354004 0.138281 0.353516 0.137109 0.352051 0.136719 0.352051 0.135937 0.351074 0.135547 0.351074 0.135156 0.350586
1 0.0402344 0.39209 0.0402344 0.392578 0.040625 0.393066 0.040625 0.393555 0.0410156 0.393555 0.0414062 0.394043 0.0417969 0.394043 0.0421875 0.394531 0.0425781 0.394531 0.0429688 0.39502 0.0433594 0.39502 0.04375 0.395508 0.0445313 0.395508 0.0449219 0.395996 0.046875 0.395996 0.0472656 0.396484 0.0507812 0.396484 0.0511719 0.396973 0.0542969 0.396973 0.0546875 0.397461 0.0578125 0.397461 0.0582031 0.397949 0.0621094 0.397949 0.0625 0.397461 0.0632812 0.397461 0.0636719 0.396973 0.0644531 0.396973 0.0648438 0.396484 0.0648438 0.395996 0.0652344 0.395508 0.0652344 0.394531 0.065625 0.394043 0.065625 0.39209 0.0652344 0.391602 0.0652344 0.391113 0.0636719 0.38916 0.0632812 0.38916 0.0625 0.388184 0.0621094 0.388184 0.0613281 0.387207 0.0605469 0.387207 0.0601563 0.386719 0.0582031 0.386719 0.0578125 0.38623 0.0515625 0.38623 0.0511719 0.386719 0.0488281 0.386719 0.0484375 0.387207 0.046875 0.387207 0.0464844 0.387695 0.0453125 0.387695 0.0449219 0.388184 0.0441406 0.388184 0.04375 0.388672 0.0433594 0.388672 0.0429688 0.38916 0.0425781 0.38916 0.0421875 0.389648 0.0417969 0.389648 0.040625 0.391113 0.040625 0.391602
1 0.0246094 0.448242 0.0242188 0.44873 0.0242188 0.449219 0.0234375 0.450195 0.0234375 0.450684 0.0230469 0.451172 0.0230469 0.45166 0.0226562 0.452148 0.0226562 0.453125 0.0222656 0.453613 0.0222656 0.45459 0.021875 0.455078 0.021875 0.458496 0.0214844 0.458984 0.0214844 0.459473 0.021875 0.459961 0.021875 0.463867 0.0222656 0.464355 0.0222656 0.466797 0.0226562 0.467285 0.0226562 0.469238 0.0230469 0.469727 0.0230469 0.471191 0.0234375 0.47168 0.0234375 0.472168 0.0238281 0.472656 0.0238281 0.473633 0.0242188 0.474121 0.0242188 0.475098 0.0246094 0.475586 0.0246094 0.476074 0.025 0.476562 0.025 0.477051 0.0257812 0.478027 0.0257812 0.478516 0.0269531 0.47998 0.0269531 0.480469 0.0277344 0.481445 0.0277344 0.481934 0.0285156 0.48291 0.0304687 0.48291 0.0316406 0.481445 0.0316406 0.480957 0.0324219 0.47998 0.0324219 0.479492 0.0328125 0.479004 0.0328125 0.478027 0.0332031 0.477539 0.0332031 0.476562 0.0335937 0.476074 0.0335937 0.474609 0.0339844 0.474121 0.0339844 0.472656 0.034375 0.472168 0.034375 0.467773 0.0347656 0.467285 0.0347656 0.462891 0.034375 0.462402 0.034375 0.461426 0.0339844 0.460938 0.0339844 0.459961 0.0335937 0.459473 0.0335937 0.458496 0.0332031 0.458008 0.0332031 0.45752 0.0328125 0.457031 0.0328125 0.456543 0.0324219 0.456055 0.0324219 0.455566 0.0277344 0.449707 0.0273438 0.449707 0.0261719 0.448242
1 0.0949219 0.435059 0.0929688 0.432617 0.0925781 0.432617 0.0921875 0.432129 0.0914062 0.432129 0.0910156 0.431641 0.0894531 0.431641 0.0890625 0.431152 0.0792969 0.431152 0.0789062 0.431641 0.0777344 0.431641 0.0773438 0.432129 0.0761719 0.432129 0.0757812 0.432617 0.0753906 0.432617 0.075 0.433105 0.0742188 0.433105 0.0738281 0.433594 0.0730469 0.433594 0.0726563 0.434082 0.0722656 0.434082 0.071875 0.43457 0.0714844 0.43457 0.0703125 0.436035 0.0699219 0.436035 0.06875 0.4375 0.0683594 0.4375 0.0679687 0.437988 0.0675781 0.437988 0.0671875 0.438477 0.0667969 0.438477 0.0664062 0.438965 0.0660156 0.438965 0.0652344 0.439941 0.0652344 0.44043 0.065625 0.440918 0.065625 0.442871 0.0664062 0.443848 0.0667969 0.443848 0.0671875 0.444336 0.0675781 0.444336 0.0679687 0.444824 0.0683594 0.444824 0.06875 0.445312 0.0695313 0.445312 0.0699219 0.445801 0.0707031 0.445801 0.0710937 0.446289 0.071875 0.446289 0.0722656 0.446777 0.0738281 0.446777 0.0742188 0.447266 0.0792969 0.447266 0.0796875 0.446777 0.0816406 0.446777 0.0820312 0.446289 0.0832031 0.446289 0.0835937 0.445801 0.084375 0.445801 0.0847656 0.445312 0.0851563 0.445312 0.0855469 0.444824 0.0859375 0.444824 0.0867187 0.443848 0.0871094 0.443848 0.0875 0.443359 0.0878906 0.443359 0.0886719 0.442383 0.0894531 0.442383 0.0898438 0.441895 0.0902344 0.441895 0.090625 0.441406 0.0910156 0.441406 0.0914062 0.440918 0.0917969 0.440918 0.0921875 0.44043 0.0925781 0.44043 0.0929688 0.439941 0.0929688 0.439453 0.09375 0.438477 0.09375 0.437988 0.0949219 0.436523
1 0.0839844 0.471191 0.0824219 0.471191 0.0820312 0.47168 0.08125 0.47168 0.0808594 0.472168 0.0800781 0.472168 0.0792969 0.473145 0.0792969 0.473633 0.0785156 0.474609 0.0785156 0.475098 0.0769531 0.477051 0.0769531 0.477539 0.0761719 0.478516 0.0761719 0.479004 0.0757812 0.479492 0.0757812 0.47998 0.0753906 0.480469 0.0753906 0.480957 0.075 0.481445 0.075 0.482422 0.0746094 0.48291 0.0746094 0.483887 0.0742188 0.484375 0.0742188 0.48584 0.0738281 0.486328 0.0738281 0.491699 0.0742188 0.492188 0.0742188 0.495117 0.0746094 0.495605 0.0746094 0.497559 0.075 0.498047 0.075 0.499023 0.0753906 0.499512 0.0753906 0.5 0.0765625 0.501465 0.0765625 0.501953 0.078125 0.503906 0.078125 0.504395 0.0800781 0.506836 0.0832031 0.506836 0.0835937 0.506348 0.0839844 0.506348 0.084375 0.505859 0.084375 0.505371 0.0847656 0.504883 0.0847656 0.504395 0.0851563 0.503906 0.0851563 0.50293 0.0855469 0.502441 0.0855469 0.500977 0.0859375 0.500488 0.0859375 0.499512 0.0863281 0.499023 0.0863281 0.493652 0.0867187 0.493164 0.0867187 0.484375 0.0863281 0.483887 0.0863281 0.479004 0.0859375 0.478516 0.0859375 0.475098 0.0855469 0.474609 0.0855469 0.473633 0.0851563 0.473145 0.0851563 0.472656 0.0847656 0.472168 0.0847656 0.47168 0.084375 0.47168
1 0.0273438 0.529297 0.0273438 0.532715 0.0277344 0.533203 0.0277344 0.533691 0.0320312 0.539062 0.0324219 0.539062 0.0332031 0.540039 0.0335937 0.540039 0.0339844 0.540527 0.034375 0.540527 0.0347656 0.541016 0.0351562 0.541016 0.0355469 0.541504 0.0363281 0.541504 0.0367188 0.541992 0.0371094 0.541992 0.0375 0.54248 0.0386719 0.54248 0.0390625 0.542969 0.0402344 0.542969 0.040625 0.543457 0.0433594 0.543457 0.04375 0.542969 0.0457031 0.542969 0.0460938 0.54248 0.0464844 0.54248 0.0472656 0.541504 0.0476562 0.541504 0.0480469 0.541016 0.0480469 0.540527 0.0484375 0.540039 0.0484375 0.539062 0.0488281 0.538574 0.0488281 0.536133 0.0484375 0.535645 0.0484375 0.535156 0.0480469 0.534668 0.0480469 0.53418 0.046875 0.532715 0.0464844 0.532715 0.0460938 0.532227 0.0457031 0.532227 0.0453125 0.531738 0.0449219 0.531738 0.0445313 0.53125 0.0433594 0.53125 0.0429688 0.530762 0.0417969 0.530762 0.0414062 0.530273 0.040625 0.530273 0.0402344 0.529785 0.0394531 0.529785 0.0390625 0.529297 0.0386719 0.529297 0.0382813 0.528809 0.0375 0.528809 0.0371094 0.52832 0.0355469 0.52832 0.0351562 0.527832 0.0289063 0.527832 0.0285156 0.52832 0.028125 0.52832
1 0.0742188 0.602051 0.0738281 0.602539 0.0722656 0.602539 0.0707031 0.604492 0.0707031 0.60498 0.0699219 0.605957 0.0699219 0.606445 0.0695313 0.606934 0.0695313 0.607422 0.0691406 0.60791 0.0691406 0.608398 0.06875 0.608887 0.06875 0.609375 0.0683594 0.609863 0.0683594 0.610352 0.0679687 0.61084 0.0679687 0.61377 0.0675781 0.614258 0.0675781 0.617188 0.0679687 0.617676 0.0679687 0.62207 0.0683594 0.622559 0.0683594 0.624023 0.06875 0.624512 0.06875 0.625 0.0691406 0.625488 0.0691406 0.626465 0.0695313 0.626953 0.0695313 0.627441 0.0699219 0.62793 0.0699219 0.628418 0.0707031 0.629395 0.0707031 0.629883 0.0722656 0.631836 0.0730469 0.631836 0.0734375 0.632324 0.0742188 0.632324 0.0746094 0.632812 0.0769531 0.632812 0.0777344 0.631836 0.0777344 0.631348 0.0785156 0.630371 0.0785156 0.629883 0.0789062 0.629395 0.0789062 0.628906 0.0792969 0.628418 0.0792969 0.62793 0.0796875 0.627441 0.0796875 0.626465 0.0800781 0.625977 0.0800781 0.625 0.0804688 0.624512 0.0804688 0.623047 0.0808594 0.622559 0.0808594 0.611816 0.0804688 0.611328 0.0804688 0.609375 0.0800781 0.608887 0.0800781 0.60791 0.0796875 0.607422 0.0796875 0.606934 0.0792969 0.606445 0.0792969 0.605957 0.0785156 0.60498 0.0785156 0.604492 0.0765625 0.602051
1 0.169531 0.541504 0.169141 0.541504 0.16875 0.541016 0.167969 0.541016 0.167578 0.540527 0.164453 0.540527 0.164062 0.541016 0.163281 0.541016 0.162891 0.541504 0.162109 0.541504 0.161328 0.54248 0.160938 0.54248 0.160156 0.543457 0.159766 0.543457 0.157422 0.546387 0.157422 0.546875 0.156641 0.547852 0.156641 0.548828 0.15625 0.549316 0.15625 0.55127 0.155859 0.551758 0.155859 0.553711 0.155469 0.554199 0.155469 0.556152 0.155078 0.556641 0.155078 0.561523 0.154688 0.562012 0.154688 0.56543 0.155078 0.565918 0.155078 0.566895 0.155469 0.567383 0.155469 0.567871 0.15625 0.568848 0.156641 0.568848 0.157031 0.569336 0.158984 0.569336 0.162891 0.564453 0.162891 0.563965 0.165234 0.561035 0.165234 0.560547 0.166797 0.558594 0.166797 0.558105 0.167578 0.557129 0.167578 0.556641 0.167969 0.556152 0.167969 0.555664 0.168359 0.555176 0.168359 0.554688 0.169141 0.553711 0.169141 0.553223 0.169531 0.552734 0.169531 0.552246 0.169922 0.551758 0.169922 0.550781 0.170313 0.550293 0.170313 0.548828 0.170703 0.54834 0.170703 0.543945 0.170313 0.543457 0.170313 0.542969 0.169922 0.54248 0.169922 0.541992
1 0.211328 0.713867 0.210547 0.712891 0.210156 0.712891 0.209766 0.712402 0.207422 0.712402 0.207031 0.712891 0.205859 0.712891 0.205469 0.713379 0.205078 0.713379 0.204687 0.713867 0.204297 0.713867 0.203516 0.714844 0.203125 0.714844 0.202734 0.715332 0.202344 0.715332 0.201953 0.71582 0.201563 0.71582 0.200781 0.716797 0.200391 0.716797 0.2 0.717285 0.199609 0.717285 0.198828 0.718262 0.198437 0.718262 0.198047 0.71875 0.197656 0.71875 0.197266 0.719238 0.196875 0.719238 0.194922 0.72168 0.194922 0.722168 0.194531 0.722656 0.194531 0.723145 0.193359 0.724609 0.193359 0.725098 0.192578 0.726074 0.192578 0.726562 0.191797 0.727539 0.191797 0.728027 0.191406 0.728516 0.191406 0.729492 0.191016 0.72998 0.191016 0.730957 0.190625 0.731445 0.190625 0.73291 0.190234 0.733398 0.190234 0.734375 0.189844 0.734863 0.189844 0.737793 0.190234 0.738281 0.191016 0.738281 0.191406 0.73877 0.193359 0.73877 0.194531 0.737305 0.194531 0.736816 0.195312 0.73584 0.195312 0.735352 0.196875 0.733398 0.197266 0.733398 0.197656 0.73291 0.198047 0.73291 0.2 0.730469 0.200391 0.730469 0.204297 0.725586 0.204687 0.725586 0.205469 0.724609 0.205859 0.724609 0.20625 0.724121 0.206641 0.724121 0.207422 0.723145 0.207813 0.723145 0.208203 0.722656 0.208594 0.722656 0.209375 0.72168 0.209766 0.72168 0.210547 0.720703 0.210547 0.720215 0.211328 0.719238 0.211328 0.71875 0.211719 0.718262 0.211719 0.714844 0.211328 0.714355
1 0.0679687 0.77002 0.0632812 0.77002 0.0628906 0.770508 0.0625 0.770508 0.0621094 0.770996 0.0617188 0.770996 0.0609375 0.771973 0.0605469 0.771973 0.0597656 0.772949 0.059375 0.772949 0.0578125 0.774902 0.0578125 0.775391 0.0574219 0.775879 0.0574219 0.776367 0.0570312 0.776855 0.0570312 0.77832 0.0566406 0.778809 0.0566406 0.783691 0.0570312 0.78418 0.0570312 0.785156 0.0574219 0.785645 0.0574219 0.786133 0.0578125 0.786621 0.0578125 0.787109 0.0601563 0.790039 0.0605469 0.790039 0.0609375 0.790527 0.0617188 0.790527 0.0621094 0.790039 0.0628906 0.790039 0.0632812 0.789551 0.0636719 0.789551 0.0644531 0.788574 0.0644531 0.788086 0.0648438 0.787598 0.0648438 0.786621 0.0652344 0.786133 0.0652344 0.785156 0.065625 0.784668 0.065625 0.783691 0.0660156 0.783203 0.0660156 0.782227 0.0664062 0.781738 0.0664062 0.78125 0.0667969 0.780762 0.0667969 0.780273 0.0675781 0.779297 0.0675781 0.778809 0.0679687 0.77832 0.0679687 0.777832 0.0683594 0.777344 0.0683594 0.775879 0.06875 0.775391 0.06875 0.770996
1 0.870703 0.0415039 0.868359 0.0444336 0.868359 0.0449219 0.867188 0.0463867 0.867188 0.0473633 0.866797 0.0478516 0.866797 0.0483398 0.866406 0.0488281 0.866406 0.0512695 0.866016 0.0517578 0.866016 0.0615234 0.866406 0.0620117 0.866406 0.0639648 0.866797 0.0644531 0.866797 0.0649414 0.867188 0.0654297 0.867188 0.0678711 0.867578 0.0683594 0.867578 0.0693359 0.867969 0.0698242 0.867969 0.0712891 0.86875 0.0722656 0.86875 0.0732422 0.869531 0.0742188 0.869531 0.0751953 0.871484 0.0776367 0.871875 0.0776367 0.872656 0.0786133 0.875 0.0786133 0.875781 0.0776367 0.876563 0.0776367 0.877734 0.0761719 0.877734 0.0742188 0.877344 0.0737305 0.877344 0.0732422 0.876953 0.0727539 0.876953 0.0712891 0.876563 0.0708008 0.876563 0.0703125 0.876172 0.0698242 0.876172 0.0683594 0.875781 0.0678711 0.875781 0.0673828 0.875391 0.0668945 0.875391 0.0615234 0.875 0.0610352 0.875 0.0595703 0.874609 0.059082 0.874609 0.0556641 0.875391 0.0546875 0.875391 0.0517578 0.875781 0.0512695 0.875781 0.0454102 0.875391 0.0449219 0.875391 0.0439453 0.873437 0.0415039
1 0.305859 0.786133 0.305469 0.785645 0.305078 0.785645 0.304297 0.784668 0.303516 0.784668 0.303125 0.78418 0.301953 0.78418 0.301563 0.784668 0.300391 0.784668 0.3 0.785156 0.299219 0.785156 0.298828 0.785645 0.298047 0.785645 0.297656 0.786133 0.297266 0.786133 0.296875 0.786621 0.296484 0.786621 0.296094 0.787109 0.295312 0.787109 0.294922 0.787598 0.294531 0.787598 0.294141 0.788086 0.293359 0.788086 0.292969 0.788574 0.291797 0.788574 0.291406 0.789062 0.290625 0.789062 0.290234 0.789551 0.289453 0.789551 0.289062 0.790039 0.288281 0.790039 0.287891 0.790527 0.287109 0.790527 0.286719 0.791016 0.285156 0.791016 0.284766 0.791504 0.283594 0.791504 0.283203 0.791992 0.282813 0.791992 0.282422 0.79248 0.282031 0.79248 0.28125 0.793457 0.280859 0.793457 0.280469 0.793945 0.280078 0.793945 0.279297 0.794922 0.278906 0.794922 0.278125 0.795898 0.278125 0.796387 0.276562 0.79834 0.276562 0.800781 0.276953 0.80127 0.276953 0.802246 0.277734 0.803223 0.278125 0.803223 0.278516 0.803711 0.280078 0.803711 0.280469 0.804199 0.289453 0.804199 0.289844 0.803711 0.293359 0.803711 0.29375 0.803223 0.295312 0.803223 0.295703 0.802734 0.296094 0.802734 0.296875 0.801758 0.297266 0.801758 0.297656 0.80127 0.298047 0.80127 0.298828 0.800293 0.299219 0.800293 0.3 0.799316 0.300391 0.799316 0.303906 0.794922 0.303906 0.794434 0.304297 0.793945 0.304297 0.793457 0.305078 0.79248 0.305078 0.791992 0.305469 0.791504 0.305469 0.790039 0.305859 0.789551
1 0.325781 0.70752 0.324219 0.70752 0.323828 0.708008 0.322266 0.708008 0.321875 0.708496 0.321484 0.708496 0.321094 0.708984 0.321094 0.709473 0.320312 0.710449 0.320312 0.710938 0.319141 0.712402 0.319141 0.712891 0.31875 0.713379 0.31875 0.713867 0.318359 0.714355 0.318359 0.714844 0.317969 0.715332 0.317969 0.71582 0.317578 0.716309 0.317578 0.716797 0.316797 0.717773 0.316797 0.718262 0.314844 0.720703 0.314844 0.72168 0.314453 0.722168 0.314453 0.723633 0.314063 0.724121 0.314063 0.725586 0.313672 0.726074 0.313672 0.727539 0.313281 0.728027 0.313281 0.730957 0.312891 0.731445 0.312891 0.733887 0.3125 0.734375 0.3125 0.73584 0.312109 0.736328 0.312109 0.73877 0.311719 0.739258 0.311719 0.740234 0.311328 0.740723 0.311328 0.741699 0.310937 0.742188 0.310937 0.743164 0.310547 0.743652 0.310547 0.748535 0.311328 0.748535 0.311719 0.748047 0.312109 0.748047 0.3125 0.747559 0.312891 0.747559 0.313281 0.74707 0.314453 0.74707 0.314844 0.746582 0.315234 0.746582 0.317969 0.743164 0.318359 0.743164 0.321875 0.73877 0.322266 0.73877 0.323437 0.737305 0.323437 0.736816 0.324219 0.73584 0.324219 0.735352 0.326562 0.732422 0.326562 0.731445 0.326953 0.730957 0.326953 0.729004 0.327344 0.728516 0.327344 0.726074 0.327734 0.725586 0.327734 0.711914 0.327344 0.711426 0.327344 0.709961 0.326953 0.709473 0.326953 0.708496 0.326562 0.708008 0.326172 0.708008
1 0.332031 0.734863 0.332031 0.736816 0.332422 0.737305 0.332422 0.737793 0.332813 0.738281 0.333203 0.738281 0.333984 0.739258 0.334375 0.739258 0.334766 0.739746 0.335938 0.739746 0.336328 0.740234 0.3375 0.740234 0.337891 0.740723 0.340234 0.740723 0.340625 0.741211 0.342578 0.741211 0.342969 0.740723 0.344922 0.740723 0.345313 0.740234 0.348438 0.740234 0.348828 0.739746 0.350781 0.739746 0.351172 0.739258 0.352344 0.739258 0.352734 0.73877 0.354297 0.73877 0.354687 0.738281 0.355469 0.738281 0.355859 0.737793 0.356641 0.737793 0.357031 0.737305 0.357422 0.737305 0.358203 0.736328 0.358203 0.733887 0.357812 0.733398 0.357812 0.732422 0.357422 0.731934 0.357031 0.731934 0.356641 0.731445 0.35625 0.731445 0.355859 0.730957 0.355078 0.730957 0.354687 0.730469 0.353906 0.730469 0.353516 0.72998 0.352344 0.72998 0.351953 0.729492 0.351172 0.729492 0.350781 0.729004 0.349219 0.729004 0.348828 0.728516 0.346875 0.728516 0.346484 0.728027 0.344922 0.728027 0.344531 0.728516 0.342969 0.728516 0.342578 0.729004 0.340625 0.729004 0.340234 0.729492 0.3375 0.729492 0.337109 0.72998 0.336328 0.72998 0.335938 0.730469 0.335156 0.730469 0.334766 0.730957 0.334375 0.730957 0.333984 0.731445 0.333594 0.731445 0.332813 0.732422 0.332813 0.73291 0.332422 0.733398 0.332422 0.734375
1 0.377734 0.72168 0.376953 0.72168 0.376563 0.722168 0.376172 0.722168 0.375391 0.723145 0.375391 0.723633 0.374219 0.725098 0.374219 0.725586 0.373828 0.726074 0.373437 0.726074 0.370312 0.72998 0.370312 0.730469 0.369531 0.731445 0.369531 0.731934 0.36875 0.73291 0.36875 0.733398 0.368359 0.733887 0.368359 0.734863 0.367969 0.735352 0.367969 0.736328 0.367578 0.736816 0.367578 0.739746 0.367188 0.740234 0.367188 0.742676 0.366797 0.743164 0.366797 0.74707 0.366406 0.747559 0.366406 0.753418 0.366797 0.753906 0.366797 0.755859 0.367188 0.756348 0.367188 0.756836 0.367969 0.757812 0.368359 0.757812 0.36875 0.758301 0.369922 0.758301 0.370312 0.757812 0.370703 0.757812 0.371094 0.757324 0.371484 0.757324 0.371875 0.756836 0.372266 0.756836 0.373047 0.755859 0.373047 0.755371 0.373437 0.754883 0.373437 0.754395 0.373828 0.753906 0.373828 0.753418 0.374219 0.75293 0.374219 0.751953 0.374609 0.751465 0.374609 0.750488 0.375 0.75 0.375 0.749023 0.375391 0.748535 0.375391 0.748047 0.375781 0.747559 0.375781 0.746582 0.376172 0.746094 0.376172 0.745605 0.376563 0.745117 0.376563 0.744629 0.376953 0.744141 0.376953 0.743164 0.377344 0.742676 0.377344 0.741699 0.377734 0.741211 0.377734 0.740234 0.378125 0.739746 0.378125 0.738281 0.378516 0.737793 0.378516 0.736328 0.378906 0.73584 0.378906 0.733887 0.379297 0.733398 0.379297 0.729492 0.379688 0.729004 0.379688 0.725098 0.379297 0.724609 0.379297 0.723633
1 0.390625 0.744141 0.391016 0.744629 0.391016 0.745117 0.391406 0.745117 0.392188 0.746094 0.392578 0.746094 0.392969 0.746582 0.39375 0.746582 0.394141 0.74707 0.394922 0.74707 0.395313 0.747559 0.403906 0.747559 0.404297 0.74707 0.405078 0.74707 0.405469 0.746582 0.40625 0.746582 0.406641 0.746094 0.407422 0.746094 0.407813 0.745605 0.408984 0.745605 0.409375 0.745117 0.410156 0.745117 0.410547 0.744629 0.410938 0.744629 0.411328 0.744141 0.411719 0.744141 0.4125 0.743164 0.412891 0.743164 0.413672 0.742188 0.414062 0.742188 0.414844 0.741211 0.415234 0.741211 0.415625 0.740723 0.416016 0.740723 0.416406 0.740234 0.417187 0.740234 0.417969 0.739258 0.418359 0.739258 0.41875 0.73877 0.419141 0.73877 0.419922 0.737793 0.420312 0.737793 0.420703 0.737305 0.420703 0.736816 0.421094 0.736328 0.421094 0.735352 0.420703 0.734863 0.420703 0.733887 0.420312 0.733398 0.420312 0.73291 0.419922 0.732422 0.41875 0.732422 0.418359 0.731934 0.416016 0.731934 0.415625 0.731445 0.403516 0.731445 0.403125 0.731934 0.401562 0.731934 0.401172 0.732422 0.4 0.732422 0.399609 0.73291 0.399219 0.73291 0.398828 0.733398 0.398047 0.733398 0.397656 0.733887 0.397266 0.733887 0.396875 0.734375 0.396094 0.734375 0.395703 0.734863 0.395313 0.734863 0.394922 0.735352 0.394531 0.735352 0.394141 0.73584 0.39375 0.73584 0.391797 0.738281 0.391797 0.73877 0.391406 0.739258 0.391406 0.740234 0.391016 0.740723 0.391016 0.742676 0.390625 0.743164
1 0.924219 0.121094 0.923047 0.122559 0.923047 0.123047 0.922656 0.123535 0.922656 0.12793 0.924609 0.130371 0.925391 0.130371 0.925781 0.130859 0.928906 0.130859 0.929688 0.131836 0.93125 0.131836 0.931641 0.132324 0.935156 0.132324 0.935547 0.132812 0.9375 0.132812 0.939063 0.130859 0.939063 0.127441 0.937891 0.125977 0.937891 0.125488 0.936328 0.123535 0.935937 0.123535 0.934766 0.12207 0.933203 0.12207 0.932422 0.121094
1 0.410547 0.699219 0.410547 0.699707 0.410156 0.700195 0.410156 0.702148 0.410547 0.702637 0.410547 0.703613 0.410938 0.704102 0.410938 0.70459 0.411328 0.705078 0.411328 0.705566 0.412891 0.70752 0.412891 0.708008 0.413281 0.708496 0.413281 0.708984 0.414062 0.709961 0.414062 0.710449 0.414844 0.711426 0.414844 0.711914 0.421094 0.719727 0.421484 0.719727 0.423828 0.722656 0.424219 0.722656 0.425 0.723633 0.425391 0.723633 0.425781 0.724121 0.426172 0.724121 0.426953 0.725098 0.427344 0.725098 0.427734 0.725586 0.428906 0.725586 0.429297 0.726074 0.430469 0.726074 0.430859 0.726562 0.43125 0.726562 0.431641 0.726074 0.432422 0.726074 0.432812 0.725586 0.433203 0.725586 0.433203 0.725098 0.433594 0.724609 0.433594 0.724121 0.433984 0.723633 0.433984 0.71875 0.433594 0.718262 0.433594 0.716797 0.433203 0.716309 0.433203 0.714844 0.432812 0.714355 0.432812 0.712891 0.432422 0.712402 0.432422 0.711914 0.43125 0.710449 0.43125 0.709961 0.430469 0.708984 0.430469 0.708496 0.429297 0.707031 0.429297 0.706543 0.427734 0.70459 0.427344 0.70459 0.426953 0.704102 0.426563 0.704102 0.426172 0.703613 0.425781 0.703613 0.425391 0.703125 0.425 0.703125 0.424609 0.702637 0.424219 0.702637 0.423828 0.702148 0.423438 0.702148 0.423047 0.70166 0.422656 0.70166 0.422266 0.701172 0.421875 0.701172 0.421094 0.700195 0.420703 0.700195 0.420312 0.699707 0.419531 0.699707 0.419141 0.699219 0.418359 0.699219 0.417969 0.69873 0.416406 0.69873 0.416016 0.698242 0.413672 0.698242 0.413281 0.697754 0.412109 0.697754 0.411719 0.698242 0.411328 0.698242
1 0.364844 0.658691 0.364844 0.65918 0.364453 0.659668 0.364453 0.660156 0.364063 0.660645 0.364063 0.661133 0.363672 0.661621 0.363672 0.668945 0.364063 0.669434 0.364063 0.671387 0.364453 0.671875 0.364453 0.67334 0.364844 0.673828 0.364844 0.674316 0.365234 0.674805 0.365234 0.675293 0.365625 0.675781 0.365625 0.67627 0.366016 0.676758 0.366016 0.677246 0.366406 0.677734 0.366406 0.678223 0.366797 0.678711 0.366797 0.679688 0.367188 0.680176 0.367188 0.680664 0.367578 0.681152 0.367578 0.681641 0.368359 0.682617 0.368359 0.683105 0.369922 0.685059 0.370312 0.685059 0.371484 0.686523 0.371875 0.686523 0.372656 0.6875 0.373047 0.6875 0.373437 0.687988 0.374219 0.687988 0.374609 0.688477 0.375 0.688477 0.375391 0.688965 0.376172 0.688965 0.376563 0.689453 0.380859 0.689453 0.38125 0.688965 0.38125 0.687988 0.380859 0.6875 0.380859 0.685059 0.378906 0.682617 0.378906 0.682129 0.377734 0.680664 0.377734 0.680176 0.376563 0.678711 0.376563 0.678223 0.375781 0.677246 0.375781 0.67627 0.375391 0.675781 0.375391 0.675293 0.375 0.674805 0.375 0.673828 0.374609 0.67334 0.374609 0.672852 0.374219 0.672363 0.374219 0.671875 0.373828 0.671387 0.373828 0.670898 0.373437 0.67041 0.373437 0.669922 0.373047 0.669434 0.373047 0.668945 0.372656 0.668457 0.372656 0.667969 0.372266 0.66748 0.372266 0.666992 0.371875 0.666504 0.371875 0.666016 0.371094 0.665039 0.371094 0.664551 0.370703 0.664062 0.370703 0.663574 0.370312 0.663086 0.370312 0.662598 0.369922 0.662109 0.369922 0.661621 0.369141 0.660645 0.369141 0.660156 0.36875 0.659668 0.367969 0.659668 0.367578 0.65918 0.367188 0.65918 0.366797 0.658691 0.366406 0.658691 0.366016 0.658203 0.365625 0.658203 0.365234 0.658691
1 0.404687 0.770508 0.404297 0.77002 0.404297 0.769531 0.403906 0.769043 0.403906 0.768555 0.403125 0.768555 0.402734 0.768066 0.392969 0.768066 0.392578 0.768555 0.391797 0.768555 0.391406 0.769043 0.391016 0.769043 0.390625 0.769531 0.389844 0.769531 0.389453 0.77002 0.389062 0.77002 0.388672 0.770508 0.387109 0.770508 0.386719 0.770996 0.384375 0.770996 0.383984 0.771484 0.383203 0.771484 0.382812 0.771973 0.382422 0.771973 0.382031 0.772461 0.380859 0.772461 0.380469 0.772949 0.376953 0.772949 0.376563 0.773438 0.375781 0.773438 0.375391 0.773926 0.375 0.773926 0.374609 0.774414 0.373828 0.774414 0.373437 0.774902 0.373047 0.774902 0.372266 0.775879 0.372266 0.776367 0.373047 0.777344 0.373047 0.777832 0.373437 0.77832 0.373828 0.77832 0.374219 0.778809 0.377344 0.778809 0.377734 0.779297 0.384375 0.779297 0.384766 0.779785 0.387109 0.779785 0.3875 0.780273 0.389453 0.780273 0.389844 0.779785 0.390234 0.779785 0.390625 0.779297 0.391406 0.779297 0.391797 0.778809 0.392188 0.778809 0.392578 0.77832 0.393359 0.77832 0.39375 0.777832 0.394141 0.777832 0.394531 0.777344 0.395313 0.777344 0.395703 0.776855 0.396484 0.776855 0.396875 0.776367 0.398047 0.776367 0.398438 0.775879 0.399609 0.775879 0.4 0.775391 0.403906 0.775391 0.404297 0.774902 0.404297 0.774414 0.404687 0.773926
1 0.591016 0.246094 0.590625 0.246094 0.590234 0.245605 0.589453 0.245605 0.589063 0.245117 0.5875 0.245117 0.583594 0.25 0.583203 0.25 0.580859 0.25293 0.580859 0.253418 0.580469 0.253906 0.580469 0.254395 0.580078 0.254883 0.580078 0.255371 0.579688 0.255859 0.579688 0.256836 0.579297 0.257324 0.579297 0.258301 0.578906 0.258789 0.578906 0.259277 0.578516 0.259766 0.578516 0.262207 0.578125 0.262695 0.578125 0.26416 0.577734 0.264648 0.577734 0.265625 0.577344 0.266113 0.577344 0.266602 0.576953 0.26709 0.576953 0.267578 0.576562 0.268066 0.576562 0.268555 0.576172 0.269043 0.576172 0.269531 0.575391 0.270508 0.575391 0.274414 0.576172 0.275391 0.578125 0.275391 0.578516 0.274902 0.580078 0.274902 0.580469 0.274414 0.58125 0.274414 0.581641 0.273926 0.582422 0.273926 0.582812 0.273438 0.583594 0.273438 0.583984 0.272949 0.584375 0.272949 0.589063 0.26709 0.589063 0.266602 0.590234 0.265137 0.590234 0.264648 0.591797 0.262695 0.591797 0.261719 0.592187 0.26123 0.592187 0.260742 0.592578 0.260254 0.592578 0.258301 0.592969 0.257812 0.592969 0.251465 0.592578 0.250977 0.592578 0.249023 0.592187 0.248535 0.592187 0.248047 0.591797 0.247559 0.591797 0.24707
1 0.411328 0.784668 0.411328 0.782227 0.410156 0.780762 0.410156 0.780273 0.409766 0.779785 0.409375 0.779785 0.408594 0.778809 0.407813 0.778809 0.407422 0.77832 0.407031 0.77832 0.406641 0.777832 0.40625 0.777832 0.405859 0.777344 0.405469 0.777344 0.404687 0.776367 0.401953 0.776367 0.401562 0.776855 0.399609 0.776855 0.399219 0.777344 0.397656 0.777344 0.397266 0.777832 0.394531 0.777832 0.394141 0.77832 0.391797 0.77832 0.391406 0.778809 0.391016 0.778809 0.390234 0.779785 0.389844 0.779785 0.389453 0.780273 0.389062 0.780273 0.388672 0.780762 0.3875 0.780762 0.387109 0.78125 0.386719 0.78125 0.386328 0.781738 0.385937 0.781738 0.385547 0.782227 0.385547 0.783203 0.385937 0.783691 0.385937 0.78418 0.386328 0.78418 0.3875 0.785645 0.387891 0.785645 0.390234 0.788574 0.390625 0.788574 0.391797 0.790039 0.392188 0.790039 0.392578 0.790527 0.392969 0.790527 0.393359 0.791016 0.394531 0.791016 0.394922 0.791504 0.396094 0.791504 0.396484 0.791992 0.398438 0.791992 0.398828 0.79248 0.403516 0.79248 0.403906 0.791992 0.405078 0.791992 0.405469 0.791504 0.405859 0.791504 0.40625 0.791016 0.406641 0.791016 0.407813 0.789551 0.408203 0.789551 0.410547 0.786621 0.410547 0.786133 0.410938 0.785645 0.410938 0.785156
1 0.365625 0.806641 0.365625 0.807617 0.366016 0.808105 0.366016 0.808594 0.366406 0.809082 0.366406 0.80957 0.367578 0.811035 0.368359 0.811035 0.36875 0.811523 0.370703 0.811523 0.371094 0.812012 0.373047 0.812012 0.373437 0.8125 0.378125 0.8125 0.378516 0.812988 0.382031 0.812988 0.382422 0.813477 0.385156 0.813477 0.385547 0.812988 0.388281 0.812988 0.388672 0.8125 0.389062 0.8125 0.389453 0.812012 0.389844 0.812012 0.390234 0.811523 0.390625 0.811523 0.391016 0.811035 0.391406 0.811035 0.391797 0.810547 0.392188 0.810547 0.392188 0.810059 0.392578 0.80957 0.392578 0.806641 0.391797 0.805664 0.391406 0.805664 0.391016 0.805176 0.390625 0.805176 0.389844 0.804199 0.389844 0.803711 0.389453 0.803223 0.389453 0.802734 0.388672 0.801758 0.388672 0.80127 0.388281 0.800781 0.388281 0.800293 0.387891 0.800293 0.3875 0.799805 0.387109 0.799805 0.386719 0.799316 0.385937 0.799316 0.385547 0.798828 0.384375 0.798828 0.383984 0.79834 0.382422 0.79834 0.382031 0.797852 0.375391 0.797852 0.375 0.79834 0.373828 0.79834 0.373437 0.798828 0.372656 0.798828 0.371094 0.800781 0.370703 0.800781 0.369922 0.801758 0.369531 0.801758 0.36875 0.802734 0.368359 0.802734 0.368359 0.803223 0.366406 0.805664 0.366016 0.805664 0.366016 0.806152
1 0.351562 0.822266 0.351172 0.821777 0.350781 0.821777 0.350391 0.821289 0.348047 0.821289 0.347656 0.821777 0.346094 0.821777 0.345703 0.822266 0.345313 0.822266 0.344922 0.822754 0.344531 0.822754 0.343359 0.824219 0.342969 0.824219 0.342187 0.825195 0.341797 0.825195 0.341016 0.826172 0.340625 0.826172 0.339844 0.827148 0.339453 0.827148 0.339062 0.827637 0.338281 0.827637 0.337891 0.828125 0.3375 0.828125 0.337109 0.828613 0.336719 0.828613 0.336328 0.829102 0.335938 0.829102 0.335547 0.82959 0.335156 0.82959 0.334766 0.830078 0.334375 0.830078 0.329297 0.836426 0.329297 0.836914 0.328906 0.837402 0.328906 0.837891 0.328516 0.838379 0.328516 0.839355 0.328125 0.839844 0.328125 0.84082 0.327734 0.841309 0.327734 0.842285 0.325 0.845703 0.325 0.84668 0.324609 0.847168 0.324609 0.848145 0.324219 0.848633 0.324219 0.852539 0.325391 0.854004 0.326562 0.854004 0.326953 0.853516 0.327344 0.853516 0.328125 0.852539 0.328516 0.852539 0.328906 0.852051 0.329297 0.852051 0.329688 0.851562 0.33125 0.851562 0.331641 0.851074 0.332813 0.851074 0.333203 0.850586 0.334375 0.850586 0.334766 0.850098 0.335156 0.850098 0.335547 0.849609 0.336328 0.849609 0.336719 0.849121 0.3375 0.849121 0.337891 0.848633 0.338672 0.848633 0.339062 0.848145 0.339844 0.848145 0.340234 0.847656 0.340625 0.847656 0.341016 0.847168 0.341797 0.847168 0.342969 0.845703 0.342969 0.845215 0.344531 0.843262 0.344922 0.843262 0.345313 0.842773 0.345703 0.842773 0.348438 0.839355 0.348438 0.838867 0.349609 0.837402 0.349609 0.836426 0.350391 0.835449 0.350391 0.834473 0.350781 0.833984 0.350781 0.833496 0.351172 0.833008 0.351172 0.83252 0.351562 0.832031 0.351562 0.831543 0.351953 0.831055 0.351953 0.830566 0.352344 0.830078 0.352344 0.827637 0.352734 0.827148 0.352734 0.825195 0.352344 0.824707 0.352344 0.824219 0.351953 0.82373 0.351953 0.823242 0.351562 0.822754
1 0.340625 0.861328 0.340625 0.862305 0.344141 0.866699 0.344531 0.866699 0.345703 0.868164 0.346094 0.868164 0.346875 0.869141 0.347266 0.869141 0.347656 0.869629 0.348828 0.869629 0.349219 0.870117 0.352734 0.870117 0.353125 0.870605 0.355859 0.870605 0.35625 0.871094 0.359375 0.871094 0.359766 0.870605 0.360156 0.870605 0.360547 0.870117 0.360547 0.868164 0.359375 0.866699 0.358984 0.866699 0.358594 0.866211 0.357422 0.866211 0.357031 0.865723 0.355078 0.865723 0.354687 0.865234 0.353906 0.865234 0.353516 0.864746 0.353125 0.864746 0.351953 0.863281 0.351953 0.862793 0.351562 0.862305 0.351562 0.861816 0.350781 0.86084 0.350391 0.86084 0.35 0.860352 0.346484 0.860352 0.346094 0.859863 0.342187 0.859863 0.341797 0.860352 0.341016 0.860352 0.341016 0.86084
1 0.35 0.861328 0.35 0.861816 0.351562 0.86377 0.351562 0.864258 0.351953 0.864746 0.351953 0.865234 0.352734 0.866211 0.353125 0.866211 0.353516 0.866699 0.354297 0.866699 0.354687 0.867188 0.355078 0.867188 0.357031 0.869629 0.357422 0.869629 0.357812 0.870117 0.358594 0.870117 0.358984 0.870605 0.359375 0.870605 0.360156 0.871582 0.360547 0.871582 0.360938 0.87207 0.361328 0.87207 0.361719 0.872559 0.363672 0.872559 0.364063 0.873047 0.369922 0.873047 0.370312 0.872559 0.371094 0.872559 0.371484 0.87207 0.372266 0.87207 0.372656 0.871582 0.373047 0.871582 0.373828 0.870605 0.373828 0.870117 0.374219 0.869629 0.374219 0.868164 0.374609 0.867676 0.374609 0.864258 0.374219 0.86377 0.374219 0.862793 0.373828 0.862305 0.373828 0.861816 0.372266 0.859863 0.371875 0.859863 0.371484 0.859375 0.371094 0.859375 0.370703 0.858887 0.370312 0.858887 0.369922 0.858398 0.369531 0.858398 0.369141 0.85791 0.36875 0.85791 0.368359 0.857422 0.367969 0.857422 0.367578 0.856934 0.366797 0.856934 0.366406 0.856445 0.365625 0.856445 0.365234 0.855957 0.363672 0.855957 0.363281 0.855469 0.359375 0.855469 0.358984 0.855957 0.357812 0.855957 0.357422 0.856445 0.356641 0.856445 0.35625 0.856934 0.355469 0.856934 0.355078 0.857422 0.354297 0.857422 0.353906 0.85791 0.353516 0.85791 0.351953 0.859863 0.351562 0.859863 0.351172 0.860352 0.350781 0.860352
1 0.542188 0.828613 0.541406 0.827637 0.541016 0.827637 0.540234 0.82666 0.539844 0.82666 0.539453 0.826172 0.539062 0.826172 0.538672 0.825684 0.538281 0.825684 0.537891 0.825195 0.535547 0.825195 0.535156 0.824707 0.532422 0.824707 0.532031 0.825195 0.53125 0.825195 0.530859 0.825684 0.530469 0.825684 0.530078 0.826172 0.529687 0.826172 0.528906 0.827148 0.528516 0.827148 0.528125 0.827637 0.527734 0.827637 0.527344 0.828125 0.526953 0.828125 0.526563 0.828613 0.525781 0.828613 0.525 0.82959 0.524609 0.82959 0.524609 0.830078 0.524219 0.830566 0.524219 0.831543 0.523828 0.832031 0.523828 0.83252 0.523438 0.833008 0.523438 0.833984 0.523047 0.834473 0.523047 0.834961 0.522656 0.835449 0.522656 0.836426 0.522266 0.836914 0.522266 0.839355 0.521875 0.839844 0.521875 0.841309 0.522266 0.841797 0.523828 0.841797 0.524219 0.842285 0.526172 0.842285 0.526563 0.841797 0.528516 0.841797 0.528906 0.841309 0.529687 0.841309 0.530469 0.840332 0.530859 0.840332 0.531641 0.839355 0.532031 0.839355 0.532422 0.838867 0.532813 0.838867 0.533203 0.838379 0.533594 0.838379 0.534375 0.837402 0.534766 0.837402 0.535547 0.836426 0.535937 0.836426 0.536328 0.835938 0.536719 0.835938 0.537109 0.835449 0.5375 0.835449 0.537891 0.834961 0.538281 0.834961 0.538672 0.834473 0.539062 0.834473 0.539453 0.833984 0.539844 0.833984 0.540234 0.833496 0.540625 0.833496 0.542188 0.831543 0.542188 0.831055 0.542578 0.830566 0.542578 0.82959 0.542188 0.829102
1 0.864062 0.127441 0.862891 0.128906 0.862891 0.130371 0.862109 0.131348 0.862109 0.132324 0.861719 0.132812 0.861719 0.133301 0.861328 0.133789 0.861328 0.134766 0.860938 0.135254 0.860938 0.13623 0.860547 0.136719 0.860547 0.137695 0.859766 0.138672 0.859766 0.13916 0.857031 0.142578 0.857031 0.143066 0.856641 0.143555 0.856641 0.148926 0.857422 0.149902 0.857422 0.151367 0.857812 0.151855 0.857812 0.154297 0.858203 0.154785 0.858203 0.15625 0.858594 0.156738 0.858594 0.157227 0.858984 0.157715 0.858984 0.158203 0.859375 0.158691 0.859375 0.15918 0.859766 0.159668 0.859766 0.160156 0.860156 0.160645 0.860156 0.161133 0.860547 0.161621 0.860547 0.162109 0.860938 0.162598 0.860938 0.163574 0.861328 0.164062 0.861328 0.165039 0.8625 0.166504 0.864453 0.166504 0.866016 0.164551 0.866797 0.164551 0.867969 0.163086 0.867969 0.160645 0.867188 0.159668 0.867188 0.15918 0.867969 0.158203 0.867969 0.151367 0.867578 0.150879 0.867578 0.147949 0.867969 0.147461 0.867969 0.144531 0.868359 0.144043 0.868359 0.143066 0.86875 0.142578 0.86875 0.128906 0.867578 0.127441
1 0.43125 0.915527 0.43125 0.916504 0.431641 0.916992 0.431641 0.917969 0.432031 0.918457 0.432031 0.919434 0.434375 0.922363 0.434375 0.922852 0.435156 0.923828 0.435547 0.923828 0.435937 0.924316 0.436328 0.924316 0.436719 0.923828 0.4375 0.923828 0.437891 0.92334 0.440234 0.92334 0.440625 0.923828 0.441016 0.923828 0.441406 0.924316 0.441797 0.924316 0.442188 0.924805 0.444922 0.924805 0.445312 0.924316 0.446094 0.924316 0.446484 0.923828 0.447656 0.923828 0.448047 0.924316 0.448437 0.924316 0.449219 0.925293 0.449609 0.925293 0.45 0.925781 0.451953 0.925781 0.451953 0.925293 0.453125 0.923828 0.453125 0.92334 0.453516 0.922852 0.453906 0.922852 0.454688 0.921875 0.454688 0.921387 0.455469 0.92041 0.455469 0.918945 0.455078 0.918457 0.455078 0.917969 0.454688 0.91748 0.454688 0.916992 0.454297 0.916504 0.453906 0.916504 0.453516 0.916016 0.453125 0.916016 0.452734 0.915527 0.451953 0.915527 0.451562 0.915039 0.450781 0.915039 0.450391 0.914551 0.449609 0.914551 0.449219 0.914062 0.448437 0.914062 0.447656 0.913086 0.447266 0.913086 0.446875 0.912598 0.446484 0.912598 0.446094 0.912109 0.445703 0.912109 0.445312 0.911621 0.444922 0.911621 0.444531 0.911133 0.44375 0.911133 0.443359 0.910645 0.441406 0.910645 0.441016 0.910156 0.437109 0.910156 0.436719 0.910645 0.435547 0.910645 0.435156 0.911133 0.434375 0.911133 0.433984 0.911621 0.433594 0.911621 0.433203 0.912109 0.432422 0.912109 0.432031 0.912598 0.432031 0.913086 0.431641 0.913574 0.431641 0.915039
1 0.43125 0.926758 0.43125 0.931152 0.431641 0.931641 0.431641 0.932129 0.433984 0.935059 0.434375 0.935059 0.435547 0.936523 0.435937 0.936523 0.436328 0.937012 0.436719 0.937012 0.437109 0.9375 0.4375 0.9375 0.437891 0.937988 0.438281 0.937988 0.438672 0.938477 0.439453 0.938477 0.439844 0.938965 0.441797 0.938965 0.442188 0.939453 0.444531 0.939453 0.444922 0.938965 0.446875 0.938965 0.447266 0.938477 0.451172 0.938477 0.451562 0.937988 0.451953 0.937988 0.452734 0.937012 0.453125 0.937012 0.453906 0.936035 0.454297 0.936035 0.454688 0.935547 0.454688 0.934082 0.455078 0.933594 0.455078 0.931152 0.454297 0.930176 0.453906 0.930176 0.453125 0.929199 0.452734 0.929199 0.451953 0.928223 0.451562 0.928223 0.451172 0.927734 0.450391 0.927734 0.45 0.927246 0.448828 0.927246 0.448437 0.926758 0.444922 0.926758 0.444531 0.92627 0.442578 0.92627 0.442188 0.925781 0.440234 0.925781 0.439844 0.925293 0.433984 0.925293 0.433594 0.925781 0.432031 0.925781
1 0.616016 0.944824 0.615234 0.944824 0.614844 0.945312 0.614453 0.945312 0.614062 0.945801 0.613672 0.945801 0.612891 0.946777 0.6125 0.946777 0.610547 0.949219 0.610547 0.949707 0.610156 0.950195 0.610156 0.950684 0.609766 0.951172 0.609766 0.952148 0.609375 0.952637 0.609375 0.953613 0.608984 0.954102 0.608984 0.95752 0.608594 0.958008 0.608594 0.971191 0.608984 0.97168 0.608984 0.973145 0.609375 0.973633 0.609375 0.975098 0.609766 0.975586 0.609766 0.976074 0.610156 0.976562 0.610156 0.977051 0.610547 0.977539 0.610938 0.977539 0.611328 0.978027 0.615625 0.978027 0.616016 0.977539 0.616016 0.977051 0.616797 0.976074 0.616797 0.975098 0.617188 0.974609 0.617188 0.973145 0.617578 0.972656 0.617578 0.970703 0.617969 0.970215 0.617969 0.969727 0.618359 0.969238 0.618359 0.96875 0.61875 0.968262 0.61875 0.967773 0.619141 0.967285 0.619141 0.962891 0.619531 0.962402 0.619531 0.95459 0.619141 0.954102 0.619141 0.952637 0.61875 0.952148 0.61875 0.949219 0.618359 0.94873 0.618359 0.947266 0.616797 0.945312 0.616406 0.945312
1 0.9125 0.0532227 0.912109 0.0537109 0.911328 0.0537109 0.910937 0.0541992 0.907813 0.0541992 0.907422 0.0546875 0.907031 0.0546875 0.906641 0.0551758 0.905859 0.0551758 0.905469 0.0556641 0.905078 0.0556641 0.903906 0.0571289 0.903906 0.0610352 0.905469 0.0629883 0.906641 0.0629883 0.907031 0.0634766 0.909766 0.0634766 0.910156 0.0639648 0.919531 0.0639648 0.921484 0.0615234 0.921484 0.0581055 0.917969 0.0537109 0.916406 0.0537109 0.916016 0.0532227
1 0.5625 0.976562 0.5625 0.97998 0.563281 0.980957 0.563281 0.981445 0.564063 0.982422 0.564453 0.982422 0.564844 0.98291 0.565625 0.98291 0.566016 0.983398 0.566406 0.983398 0.566797 0.983887 0.567578 0.983887 0.567969 0.984375 0.569141 0.984375 0.569531 0.984863 0.570312 0.984863 0.570703 0.985352 0.571875 0.985352 0.572266 0.98584 0.573047 0.98584 0.573438 0.986328 0.574219 0.986328 0.574609 0.986816 0.575391 0.986816 0.575781 0.987305 0.577344 0.987305 0.577734 0.987793 0.578906 0.987793 0.579297 0.988281 0.582422 0.988281 0.582812 0.98877 0.588281 0.98877 0.588672 0.988281 0.589453 0.988281 0.590234 0.987305 0.590625 0.987305 0.590625 0.986816 0.591016 0.986328 0.591016 0.985352 0.590625 0.984863 0.590625 0.983398 0.590234 0.98291 0.590234 0.982422 0.589844 0.981934 0.589844 0.981445 0.589453 0.981445 0.587891 0.979492 0.5875 0.979492 0.586719 0.978516 0.586328 0.978516 0.585547 0.977539 0.584766 0.977539 0.584375 0.977051 0.583984 0.977051 0.583594 0.976562 0.582422 0.976562 0.582031 0.976074 0.58125 0.976074 0.580859 0.975586 0.579297 0.975586 0.578906 0.975098 0.577344 0.975098 0.576953 0.974609 0.574609 0.974609 0.574219 0.974121 0.571484 0.974121 0.571094 0.973633 0.568359 0.973633 0.567969 0.973145 0.564844 0.973145 0.564453 0.973633 0.564063 0.973633 0.563281 0.974609 0.563281 0.975098 0.562891 0.975586 0.562891 0.976074
1 0.576172 0.942383 0.576172 0.944336 0.578516 0.947266 0.578906 0.947266 0.579688 0.948242 0.580078 0.948242 0.580469 0.94873 0.580859 0.94873 0.58125 0.949219 0.581641 0.949219 0.582031 0.949707 0.582422 0.949707 0.582812 0.950195 0.583594 0.950195 0.583984 0.950684 0.584375 0.950684 0.584766 0.951172 0.585547 0.951172 0.585938 0.95166 0.586719 0.95166 0.587109 0.952148 0.589063 0.952148 0.589453 0.952637 0.597656 0.952637 0.598047 0.952148 0.6 0.952148 0.600391 0.95166 0.600781 0.95166 0.601172 0.951172 0.601562 0.951172 0.602734 0.949707 0.603125 0.949707 0.604688 0.947754 0.604688 0.946289 0.604297 0.945801 0.604297 0.945312 0.603906 0.944824 0.603906 0.944336 0.603125 0.943359 0.603125 0.942871 0.602734 0.942871 0.601953 0.941895 0.601562 0.941895 0.601172 0.941406 0.600781 0.941406 0.600391 0.940918 0.6 0.940918 0.599609 0.94043 0.598437 0.94043 0.598047 0.939941 0.596875 0.939941 0.596484 0.939453 0.594531 0.939453 0.594141 0.938965 0.581641 0.938965 0.58125 0.939453 0.579297 0.939453 0.578906 0.939941 0.578125 0.939941 0.577344 0.940918 0.576953 0.940918 0.576562 0.941406 0.576562 0.941895
1 0.583594 0.900391 0.583594 0.900879 0.583203 0.901367 0.583203 0.901855 0.582812 0.902344 0.582812 0.902832 0.582422 0.90332 0.582422 0.903809 0.582031 0.904297 0.582031 0.908691 0.581641 0.90918 0.581641 0.913574 0.582031 0.914062 0.582031 0.915527 0.582422 0.916016 0.582422 0.916992 0.582812 0.91748 0.582812 0.918457 0.583203 0.918945 0.583203 0.919434 0.583594 0.919922 0.583594 0.92041 0.584375 0.921387 0.584375 0.921875 0.584766 0.922363 0.584766 0.922852 0.585156 0.92334 0.585156 0.923828 0.585547 0.924316 0.585547 0.924805 0.585938 0.925293 0.585938 0.92627 0.586328 0.926758 0.586328 0.927734 0.586719 0.928223 0.586719 0.929199 0.587109 0.929688 0.587109 0.930664 0.5875 0.931152 0.5875 0.931641 0.588281 0.932617 0.588672 0.932617 0.589063 0.933105 0.589844 0.933105 0.590234 0.933594 0.590625 0.933594 0.591016 0.934082 0.591797 0.934082 0.592187 0.933594 0.592578 0.933594 0.592969 0.933105 0.592969 0.932617 0.593359 0.932129 0.593359 0.930664 0.59375 0.930176 0.59375 0.917969 0.593359 0.91748 0.593359 0.914551 0.592969 0.914062 0.592969 0.912109 0.592578 0.911621 0.592578 0.910645 0.592187 0.910156 0.592187 0.909668 0.591797 0.90918 0.591797 0.908691 0.591406 0.908203 0.591406 0.907715 0.591016 0.907227 0.590625 0.907227 0.590234 0.906738 0.590234 0.90625 0.589453 0.905273 0.589453 0.904785 0.588672 0.903809 0.588672 0.90332 0.588281 0.902832 0.587891 0.902832 0.5875 0.902344 0.587109 0.902344 0.586719 0.901855 0.586328 0.901855 0.585938 0.901367 0.585547 0.901367 0.584766 0.900391
1 0.567578 0.880371 0.567187 0.880859 0.566797 0.880859 0.565234 0.882812 0.565234 0.883301 0.564844 0.883789 0.564844 0.885254 0.565234 0.885742 0.565234 0.88623 0.566016 0.887207 0.566016 0.887695 0.566406 0.888184 0.566406 0.888672 0.566797 0.88916 0.566797 0.889648 0.567187 0.890137 0.567187 0.891113 0.567578 0.891602 0.567578 0.892578 0.568359 0.893555 0.568359 0.894043 0.569922 0.895996 0.569922 0.896484 0.570312 0.896973 0.570312 0.897461 0.570703 0.897949 0.570703 0.898926 0.571094 0.899414 0.571094 0.900391 0.571484 0.900879 0.571484 0.901855 0.571875 0.902344 0.571875 0.902832 0.572266 0.90332 0.572266 0.903809 0.572656 0.904297 0.572656 0.904785 0.574219 0.906738 0.574219 0.907715 0.574609 0.908203 0.574609 0.908691 0.575 0.90918 0.575 0.909668 0.575391 0.910156 0.575391 0.911133 0.575781 0.911621 0.575781 0.912109 0.576562 0.913086 0.576562 0.913574 0.576953 0.913574 0.577344 0.914062 0.578125 0.914062 0.579688 0.916016 0.580859 0.916016 0.580859 0.909668 0.580469 0.90918 0.580469 0.908203 0.580859 0.907715 0.580859 0.907227 0.58125 0.906738 0.58125 0.905762 0.581641 0.905273 0.581641 0.904297 0.582031 0.903809 0.582031 0.90332 0.583594 0.901367 0.583594 0.899902 0.583203 0.899414 0.582812 0.899414 0.582031 0.898438 0.582031 0.897949 0.581641 0.897461 0.581641 0.896973 0.58125 0.896484 0.58125 0.895996 0.580859 0.895508 0.580859 0.89502 0.579688 0.893555 0.579688 0.893066 0.579297 0.892578 0.578906 0.892578 0.577734 0.891113 0.577734 0.890625 0.577344 0.890137 0.577344 0.889648 0.576953 0.88916 0.576953 0.888672 0.575781 0.887207 0.575391 0.887207 0.572656 0.883789 0.572266 0.883789 0.571875 0.883301 0.571484 0.883301 0.571094 0.882812 0.570703 0.882812 0.569141 0.880859 0.568359 0.880859 0.567969 0.880371
1 0.698438 0.888184 0.698047 0.887695 0.698047 0.887207 0.697656 0.887207 0.697266 0.886719 0.696875 0.886719 0.696484 0.88623 0.695703 0.88623 0.695312 0.885742 0.69375 0.885742 0.693359 0.885254 0.684766 0.885254 0.684375 0.885742 0.682031 0.885742 0.681641 0.88623 0.680859 0.88623 0.680469 0.886719 0.680078 0.886719 0.679688 0.887207 0.678906 0.887207 0.678516 0.887695 0.678125 0.887695 0.677734 0.888184 0.676953 0.888184 0.676562 0.888672 0.676172 0.888672 0.675781 0.88916 0.675 0.88916 0.674609 0.889648 0.674219 0.889648 0.673828 0.890137 0.673438 0.890137 0.672656 0.891113 0.672266 0.891113 0.669922 0.894043 0.669922 0.894531 0.669141 0.895508 0.669141 0.895996 0.66875 0.896484 0.66875 0.900391 0.669531 0.901367 0.674219 0.901367 0.674609 0.900879 0.676562 0.900879 0.676953 0.900391 0.678516 0.900391 0.678906 0.899902 0.680078 0.899902 0.680469 0.899414 0.681641 0.899414 0.682031 0.898926 0.683594 0.898926 0.683984 0.898438 0.685547 0.898438 0.685937 0.897949 0.687109 0.897949 0.6875 0.897461 0.688281 0.897461 0.688672 0.896973 0.689844 0.896973 0.690234 0.896484 0.692187 0.896484 0.692578 0.895996 0.69375 0.895996 0.694141 0.895508 0.694531 0.895508 0.694922 0.89502 0.695312 0.89502 0.695703 0.894531 0.696094 0.894531 0.696484 0.894043 0.696875 0.894043 0.697266 0.893555 0.697656 0.893555 0.698047 0.893066 0.698047 0.892578 0.698438 0.89209
1 0.655078 0.799316 0.653906 0.797852 0.653125 0.797852 0.652734 0.797363 0.651953 0.797363 0.651563 0.796875 0.647656 0.796875 0.647266 0.797363 0.642578 0.797363 0.642188 0.797852 0.641016 0.797852 0.640625 0.79834 0.639844 0.79834 0.639453 0.798828 0.638672 0.798828 0.638281 0.799316 0.637891 0.799316 0.6375 0.799805 0.637109 0.799805 0.636719 0.800293 0.636328 0.800293 0.635547 0.80127 0.635156 0.80127 0.634766 0.801758 0.634375 0.801758 0.633594 0.802734 0.633594 0.803223 0.632031 0.805176 0.632031 0.805664 0.630469 0.807617 0.630469 0.808105 0.628516 0.810547 0.628516 0.811035 0.628125 0.811523 0.628125 0.812012 0.627344 0.812988 0.627344 0.81543 0.628125 0.816406 0.628516 0.816406 0.628906 0.816895 0.629687 0.816895 0.630078 0.817383 0.635156 0.817383 0.635547 0.816895 0.6375 0.816895 0.637891 0.816406 0.639062 0.816406 0.639453 0.815918 0.639844 0.815918 0.640234 0.81543 0.640625 0.81543 0.641016 0.814941 0.641406 0.814941 0.641797 0.814453 0.642188 0.814453 0.642578 0.813965 0.642969 0.813965 0.643359 0.813477 0.64375 0.813477 0.644141 0.812988 0.644531 0.812988 0.644922 0.8125 0.645312 0.8125 0.645703 0.812012 0.646094 0.812012 0.646484 0.811523 0.646875 0.811523 0.647266 0.811035 0.647656 0.811035 0.648438 0.810059 0.648828 0.810059 0.649609 0.809082 0.65 0.809082 0.650391 0.808594 0.651172 0.808594 0.651563 0.808105 0.651953 0.808105 0.652344 0.807617 0.652734 0.807617 0.653125 0.807129 0.653516 0.807129 0.654687 0.805664 0.654687 0.805176 0.655078 0.804688 0.655078 0.804199 0.655469 0.803711 0.655469 0.800781 0.655078 0.800293
1 0.911328 0.114746 0.910937 0.115234 0.909375 0.115234 0.908984 0.115723 0.90625 0.115723 0.905859 0.116211 0.903516 0.116211 0.903125 0.116699 0.901563 0.116699 0.901172 0.117188 0.898828 0.117188 0.898438 0.117676 0.898047 0.117676 0.897656 0.118164 0.896875 0.118164 0.896484 0.118652 0.896094 0.118652 0.895703 0.119141 0.894922 0.119141 0.894531 0.119629 0.893359 0.119629 0.892188 0.121094 0.892188 0.123047 0.89375 0.125 0.894922 0.125 0.895703 0.125977 0.896484 0.125977 0.896875 0.126465 0.898047 0.126465 0.898828 0.127441 0.899609 0.127441 0.9 0.12793 0.904297 0.12793 0.904687 0.127441 0.905469 0.127441 0.905859 0.126953 0.90625 0.126953 0.907813 0.125 0.908203 0.125 0.908984 0.124023 0.909375 0.124023 0.910156 0.123047 0.910547 0.123047 0.911328 0.12207 0.911719 0.12207 0.9125 0.121094 0.912891 0.121094 0.913281 0.120605 0.913672 0.120605 0.915625 0.118164 0.915625 0.116211 0.914453 0.114746
1 0.698438 0.918945 0.698438 0.92041 0.699609 0.921875 0.7 0.921875 0.700781 0.922852 0.701172 0.922852 0.701562 0.92334 0.702344 0.92334 0.702734 0.923828 0.703516 0.923828 0.703906 0.924316 0.704297 0.924316 0.704688 0.924805 0.705078 0.924805 0.705469 0.925293 0.705859 0.925293 0.70625 0.925781 0.707422 0.925781 0.707812 0.92627 0.708984 0.92627 0.709375 0.926758 0.709766 0.926758 0.710156 0.927246 0.710547 0.927246 0.710938 0.927734 0.711328 0.927734 0.711719 0.928223 0.712109 0.928223 0.7125 0.928711 0.712891 0.928711 0.713281 0.929199 0.714453 0.929199 0.714844 0.929688 0.715625 0.929688 0.716016 0.930176 0.724219 0.930176 0.724609 0.929688 0.725391 0.929688 0.726562 0.928223 0.726562 0.924316 0.726172 0.923828 0.726172 0.92334 0.725 0.921875 0.724609 0.921875 0.724219 0.921387 0.723437 0.921387 0.723047 0.920898 0.722656 0.920898 0.722266 0.92041 0.721094 0.92041 0.720703 0.919922 0.719531 0.919922 0.719141 0.919434 0.718359 0.919434 0.717969 0.918945 0.717578 0.918945 0.717187 0.918457 0.716406 0.918457 0.716016 0.917969 0.715625 0.917969 0.715234 0.91748 0.714453 0.91748 0.714063 0.916992 0.713281 0.916992 0.712891 0.916504 0.711719 0.916504 0.711328 0.916016 0.708984 0.916016 0.708594 0.915527 0.700391 0.915527 0.699219 0.916992 0.699219 0.91748 0.698828 0.917969 0.698828 0.918457
1 0.691406 0.930664 0.691406 0.933594 0.691797 0.934082 0.691797 0.935547 0.692969 0.937012 0.693359 0.937012 0.694141 0.937988 0.694531 0.937988 0.694922 0.938477 0.695312 0.938477 0.695703 0.938965 0.696094 0.938965 0.696484 0.939453 0.697266 0.939453 0.697656 0.939941 0.699609 0.939941 0.7 0.94043 0.702344 0.94043 0.702734 0.939941 0.705078 0.939941 0.705469 0.939453 0.706641 0.939453 0.707031 0.938965 0.708203 0.938965 0.708594 0.938477 0.708984 0.938477 0.709375 0.937988 0.709766 0.937988 0.710547 0.937012 0.710938 0.937012 0.712109 0.935547 0.712109 0.934082 0.7125 0.933594 0.7125 0.931152 0.712109 0.930664 0.712109 0.930176 0.710547 0.928223 0.710156 0.928223 0.709375 0.927246 0.708984 0.927246 0.708594 0.926758 0.708203 0.926758 0.707812 0.92627 0.707031 0.92627 0.706641 0.925781 0.705469 0.925781 0.705078 0.925293 0.701953 0.925293 0.701562 0.924805 0.700391 0.924805 0.7 0.925293 0.696875 0.925293 0.696484 0.925781 0.696094 0.925781 0.695703 0.92627 0.695312 0.92627 0.694922 0.926758 0.694141 0.926758 0.69375 0.927246 0.693359 0.927246 0.692187 0.928711 0.692187 0.929199 0.691797 0.929688 0.691797 0.930176
1 0.491797 0.00390625 0.491797 0.00439453 0.491406 0.00488281 0.491406 0.0078125 0.491797 0.00830078 0.491797 0.0102539 0.492188 0.0107422 0.492188 0.0117188 0.492578 0.012207 0.492578 0.0131836 0.492969 0.0136719 0.492969 0.0151367 0.493359 0.015625 0.493359 0.0161133 0.49375 0.0166016 0.49375 0.0170898 0.494141 0.0175781 0.494141 0.0180664 0.496094 0.0205078 0.496094 0.0209961 0.498828 0.0244141 0.498828 0.0249023 0.501563 0.0283203 0.501953 0.0283203 0.502344 0.0288086 0.503125 0.0288086 0.503516 0.0292969 0.503906 0.0292969 0.504297 0.0297852 0.504687 0.0297852 0.505078 0.0302734 0.505469 0.0302734 0.505859 0.0307617 0.506641 0.0307617 0.507031 0.03125 0.509375 0.03125 0.509766 0.0307617 0.510156 0.0307617 0.510547 0.0302734 0.510547 0.0273438 0.510156 0.0268555 0.510156 0.0258789 0.509375 0.0249023 0.509375 0.0244141 0.508203 0.0229492 0.508203 0.0224609 0.507422 0.0214844 0.507422 0.0205078 0.507031 0.0200195 0.507031 0.0180664 0.506641 0.0175781 0.506641 0.0166016 0.50625 0.0161133 0.50625 0.015625 0.505859 0.0151367 0.505859 0.0146484 0.505469 0.0141602 0.505469 0.0136719 0.504687 0.0126953 0.504687 0.012207 0.504297 0.0117188 0.504297 0.0112305 0.503906 0.0107422 0.503906 0.0102539 0.500391 0.00585938 0.500391 0.00537109 0.5 0.00488281 0.499609 0.00488281 0.498437 0.00341797 0.496484 0.00341797 0.496094 0.00292969 0.493359 0.00292969 0.492969 0.00341797 0.492578 0.00341797 0.492188 0.00390625
1 0.712109 0.780762 0.712109 0.78125 0.711328 0.782227 0.711328 0.782715 0.710938 0.783203 0.710938 0.783691 0.711328 0.78418 0.711328 0.785156 0.711719 0.785645 0.711719 0.786621 0.712109 0.787109 0.712109 0.788086 0.7125 0.788574 0.7125 0.789062 0.713281 0.790039 0.713281 0.790527 0.717187 0.79541 0.717578 0.79541 0.71875 0.796875 0.719141 0.796875 0.720313 0.79834 0.720703 0.79834 0.721094 0.798828 0.721875 0.798828 0.722266 0.799316 0.722656 0.799316 0.723047 0.799805 0.724219 0.799805 0.724609 0.800293 0.726172 0.800293 0.726562 0.800781 0.727344 0.800781 0.727734 0.80127 0.729297 0.80127 0.729688 0.801758 0.730469 0.801758 0.730859 0.802246 0.733203 0.802246 0.733984 0.80127 0.733984 0.800781 0.734375 0.800293 0.734375 0.799805 0.734766 0.799316 0.734766 0.798828 0.734375 0.79834 0.734375 0.797363 0.733984 0.796875 0.733984 0.796387 0.733594 0.795898 0.733594 0.794922 0.733203 0.794434 0.733203 0.793945 0.732422 0.792969 0.732422 0.79248 0.731641 0.791504 0.731641 0.791016 0.73125 0.791016 0.730078 0.789551 0.729688 0.789551 0.729297 0.789062 0.728906 0.789062 0.728125 0.788086 0.727734 0.788086 0.726953 0.787109 0.726562 0.787109 0.725391 0.785645 0.725 0.785645 0.724219 0.784668 0.723828 0.784668 0.723437 0.78418 0.723047 0.78418 0.722656 0.783691 0.722266 0.783691 0.721875 0.783203 0.721484 0.783203 0.721094 0.782715 0.719922 0.782715 0.719531 0.782227 0.71875 0.782227 0.718359 0.781738 0.717969 0.781738 0.717578 0.78125 0.717187 0.78125 0.716797 0.780762 0.714844 0.780762 0.714453 0.780273 0.712891 0.780273 0.7125 0.780762
1 0.609375 0.760254 0.610547 0.761719 0.611328 0.761719 0.611719 0.762207 0.6125 0.762207 0.612891 0.762695 0.614062 0.762695 0.614453 0.763184 0.616797 0.763184 0.617188 0.763672 0.627734 0.763672 0.628125 0.763184 0.630859 0.763184 0.63125 0.762695 0.632031 0.762695 0.632422 0.762207 0.633594 0.762207 0.633984 0.761719 0.635156 0.761719 0.635547 0.76123 0.636719 0.76123 0.637109 0.760742 0.6375 0.760742 0.637891 0.760254 0.638281 0.760254 0.638672 0.759766 0.639062 0.759766 0.639062 0.759277 0.639453 0.758789 0.639453 0.755371 0.638281 0.753906 0.637891 0.753906 0.6375 0.753418 0.637109 0.753418 0.636328 0.752441 0.635938 0.752441 0.635547 0.751953 0.634766 0.751953 0.634375 0.751465 0.632422 0.751465 0.632031 0.750977 0.628906 0.750977 0.628516 0.750488 0.618359 0.750488 0.617969 0.750977 0.616797 0.750977 0.616406 0.751465 0.616016 0.751465 0.615625 0.751953 0.614844 0.751953 0.614453 0.752441 0.614062 0.752441 0.613672 0.75293 0.613281 0.75293 0.612891 0.753418 0.6125 0.753418 0.612109 0.753906 0.611719 0.753906 0.610156 0.755859 0.610156 0.756348 0.609766 0.756836 0.609766 0.757324 0.609375 0.757812
1 0.729688 0.955078 0.729297 0.955078 0.728906 0.95459 0.725 0.95459 0.724609 0.955078 0.723828 0.955078 0.723047 0.956055 0.722656 0.956055 0.722266 0.956543 0.721875 0.956543 0.721484 0.957031 0.721094 0.957031 0.720313 0.958008 0.719922 0.958008 0.719922 0.958496 0.716016 0.963379 0.716016 0.963867 0.714844 0.965332 0.714844 0.96582 0.714063 0.966797 0.714063 0.967285 0.713672 0.967773 0.713672 0.968262 0.712891 0.969238 0.712891 0.969727 0.7125 0.970215 0.7125 0.970703 0.712109 0.971191 0.712109 0.972656 0.711719 0.973145 0.711719 0.974121 0.711328 0.974609 0.711328 0.977539 0.711719 0.978027 0.711719 0.978516 0.7125 0.979492 0.716797 0.979492 0.717187 0.979004 0.717969 0.979004 0.719141 0.977539 0.719531 0.977539 0.720313 0.976562 0.720703 0.976562 0.721875 0.975098 0.722266 0.975098 0.724609 0.972168 0.724609 0.97168 0.725391 0.970703 0.725391 0.970215 0.725781 0.969727 0.725781 0.969238 0.726562 0.968262 0.726562 0.967773 0.728125 0.96582 0.728125 0.965332 0.729297 0.963867 0.729297 0.963379 0.729688 0.962891 0.729688 0.962402 0.730078 0.961914 0.730078 0.961426 0.730469 0.960938 0.730469 0.960449 0.730859 0.959961 0.730859 0.959473 0.73125 0.958984 0.73125 0.958496 0.730859 0.958008 0.730859 0.95752 0.730469 0.957031 0.730469 0.956543 0.730078 0.956055 0.730078 0.955566
1 0.755859 0.985352 0.755469 0.984863 0.755469 0.984375 0.755078 0.983887 0.755078 0.983398 0.754687 0.98291 0.754687 0.982422 0.754297 0.981934 0.754297 0.981445 0.753516 0.980469 0.753516 0.97998 0.752344 0.978516 0.751953 0.978516 0.751563 0.978027 0.748828 0.978027 0.748437 0.977539 0.742969 0.977539 0.742578 0.978027 0.741016 0.978027 0.740625 0.978516 0.739453 0.978516 0.739062 0.979004 0.7375 0.979004 0.737109 0.979492 0.734375 0.979492 0.733984 0.97998 0.732422 0.97998 0.730469 0.982422 0.730078 0.982422 0.727344 0.98584 0.727344 0.989746 0.727734 0.990234 0.727734 0.990723 0.728125 0.990723 0.728906 0.991699 0.729297 0.991699 0.730078 0.992676 0.730469 0.992676 0.731641 0.994141 0.737891 0.994141 0.738281 0.994629 0.741016 0.994629 0.741406 0.994141 0.742188 0.994141 0.742578 0.993652 0.743359 0.993652 0.74375 0.993164 0.745703 0.993164 0.746094 0.992676 0.748047 0.992676 0.748437 0.992188 0.749219 0.992188 0.749609 0.991699 0.75 0.991699 0.750391 0.991211 0.751172 0.991211 0.751563 0.990723 0.751953 0.990723 0.752344 0.990234 0.752734 0.990234 0.753125 0.989746 0.753516 0.989746 0.754297 0.98877 0.754687 0.98877 0.755078 0.988281 0.755078 0.987793 0.755469 0.987305 0.755859 0.987305
1 0.803516 0.978027 0.803125 0.977539 0.800781 0.977539 0.800391 0.977051 0.798828 0.977051 0.798438 0.976562 0.798047 0.976562 0.797656 0.976074 0.796484 0.976074 0.796094 0.975586 0.794531 0.975586 0.794141 0.975098 0.792578 0.975098 0.792188 0.974609 0.789062 0.974609 0.788672 0.975098 0.783203 0.975098 0.782813 0.975586 0.782422 0.975586 0.782031 0.976074 0.781641 0.976074 0.78125 0.976562 0.780859 0.976562 0.780469 0.977051 0.780078 0.977051 0.779687 0.977539 0.778906 0.977539 0.778125 0.978516 0.777734 0.978516 0.776172 0.980469 0.775781 0.980469 0.774609 0.981934 0.774609 0.983887 0.776953 0.986816 0.777344 0.986816 0.777734 0.987305 0.778125 0.987305 0.778516 0.987793 0.778906 0.987793 0.779297 0.988281 0.780859 0.988281 0.78125 0.98877 0.785937 0.98877 0.786328 0.988281 0.787891 0.988281 0.788281 0.987793 0.789453 0.987793 0.789844 0.987305 0.791016 0.987305 0.791406 0.986816 0.795703 0.986816 0.796094 0.986328 0.796484 0.986328 0.797266 0.985352 0.797266 0.984863 0.8 0.981445 0.800391 0.981445 0.800781 0.980957 0.801172 0.980957 0.801562 0.980469 0.802344 0.980469 0.802734 0.97998 0.803125 0.97998 0.803516 0.979492
1 0.810547 0.974121 0.809375 0.975586 0.809375 0.976074 0.808594 0.977051 0.808594 0.977539 0.808203 0.978027 0.808203 0.980469 0.807813 0.980957 0.807813 0.987305 0.808203 0.987793 0.808203 0.98877 0.808594 0.989258 0.808594 0.990234 0.808984 0.990723 0.808984 0.991211 0.809375 0.991699 0.809375 0.992188 0.809766 0.992676 0.809766 0.993164 0.810156 0.993652 0.810156 0.994141 0.811328 0.995605 0.812109 0.995605 0.8125 0.996094 0.813281 0.996094 0.813672 0.996582 0.816016 0.996582 0.816406 0.996094 0.817187 0.996094 0.817578 0.995605 0.817969 0.995605 0.818359 0.995117 0.818359 0.993164 0.81875 0.992676 0.81875 0.984375 0.818359 0.983887 0.818359 0.98291 0.817969 0.982422 0.817969 0.980469 0.817578 0.97998 0.817578 0.978516 0.817187 0.978027 0.817187 0.977539 0.814844 0.974609 0.814453 0.974609 0.814063 0.974121
1 0.819141 0.986328 0.819141 0.986816 0.819531 0.987305 0.819531 0.98877 0.819922 0.989258 0.819922 0.990723 0.819531 0.991211 0.819531 0.992188 0.819141 0.992676 0.819141 0.993164 0.81875 0.993652 0.81875 0.994141 0.819531 0.995117 0.819922 0.995117 0.820312 0.995605 0.820703 0.995605 0.821094 0.996094 0.821875 0.996094 0.822266 0.996582 0.824609 0.996582 0.825 0.99707 0.828906 0.99707 0.829297 0.996582 0.834766 0.996582 0.835156 0.996094 0.835938 0.996094 0.838672 0.992676 0.838672 0.991699 0.839063 0.991211 0.839063 0.989258 0.838672 0.98877 0.838672 0.988281 0.838281 0.987793 0.838281 0.987305 0.837891 0.986816 0.837891 0.986328 0.8375 0.986328 0.836719 0.985352 0.836328 0.985352 0.835938 0.984863 0.835547 0.984863 0.834766 0.983887 0.833984 0.983887 0.833594 0.983398 0.832812 0.983398 0.832422 0.98291 0.83125 0.98291 0.830859 0.982422 0.828906 0.982422 0.828516 0.981934 0.821875 0.981934 0.821484 0.982422 0.821094 0.982422 0.820312 0.983398 0.820312 0.983887 0.819531 0.984863 0.819531 0.98584
1 0.807031 0.989746 0.803516 0.985352 0.803125 0.985352 0.802734 0.984863 0.801562 0.984863 0.801172 0.984375 0.800391 0.984375 0.8 0.983887 0.798047 0.983887 0.797266 0.984863 0.796875 0.984863 0.796484 0.985352 0.796094 0.985352 0.795703 0.98584 0.794922 0.98584 0.794531 0.986328 0.79375 0.986328 0.793359 0.986816 0.792188 0.986816 0.791797 0.987305 0.790234 0.987305 0.789844 0.987793 0.788672 0.987793 0.788281 0.988281 0.787891 0.988281 0.7875 0.98877 0.782813 0.98877 0.782422 0.989258 0.782031 0.989258 0.78125 0.990234 0.78125 0.990723 0.780859 0.991211 0.780859 0.991699 0.780469 0.992188 0.780469 0.995117 0.781641 0.996582 0.782031 0.996582 0.782422 0.99707 0.782813 0.99707 0.783203 0.997559 0.786328 0.997559 0.786719 0.998047 0.789844 0.998047 0.790234 0.998535 0.792578 0.998535 0.792969 0.998047 0.800391 0.998047 0.800781 0.997559 0.802734 0.997559 0.803125 0.99707 0.803906 0.99707 0.804297 0.996582 0.804688 0.996582 0.805859 0.995117 0.805859 0.994141 0.80625 0.993652 0.80625 0.993164 0.806641 0.992676 0.806641 0.991699 0.807031 0.991211
1 0.899219 0.107422 0.898828 0.10791 0.895312 0.10791 0.894922 0.108398 0.893359 0.108398 0.892969 0.108887 0.892188 0.108887 0.891797 0.109375 0.891016 0.109375 0.890625 0.109863 0.889453 0.109863 0.889062 0.110352 0.888281 0.110352 0.887891 0.11084 0.886719 0.11084 0.886328 0.111328 0.885938 0.111328 0.885547 0.111816 0.884375 0.111816 0.883203 0.113281 0.883203 0.114258 0.882812 0.114746 0.882812 0.116699 0.883984 0.118164 0.889062 0.118164 0.889453 0.117676 0.891406 0.117676 0.891797 0.117188 0.896094 0.117188 0.896484 0.116699 0.900391 0.116699 0.900781 0.116211 0.901563 0.116211 0.901953 0.115723 0.905469 0.115723 0.905859 0.115234 0.913281 0.115234 0.914453 0.11377 0.914453 0.111328 0.912891 0.109375 0.9125 0.109375 0.912109 0.108887 0.911328 0.108887 0.910937 0.108398 0.909766 0.108398 0.909375 0.10791 0.907031 0.10791 0.906641 0.107422
1 0.887891 0.836914 0.885547 0.839844 0.885547 0.840332 0.884766 0.841309 0.884766 0.841797 0.884375 0.842285 0.884375 0.842773 0.883984 0.843262 0.883984 0.844238 0.883594 0.844727 0.883594 0.849609 0.883984 0.850098 0.883984 0.851562 0.884375 0.852051 0.884375 0.853027 0.884766 0.853516 0.884766 0.854004 0.885156 0.854492 0.885156 0.85498 0.885938 0.855957 0.885938 0.856445 0.889453 0.86084 0.889844 0.86084 0.891016 0.862305 0.891406 0.862305 0.891797 0.862793 0.892188 0.862793 0.892578 0.863281 0.896484 0.863281 0.896875 0.862793 0.897266 0.862793 0.897656 0.862305 0.897656 0.861816 0.898047 0.861328 0.898047 0.86084 0.898438 0.860352 0.898438 0.859375 0.898828 0.858887 0.898828 0.858398 0.899219 0.85791 0.899219 0.856445 0.899609 0.855957 0.899609 0.851074 0.899219 0.850586 0.899219 0.849121 0.898828 0.848633 0.898828 0.847656 0.898438 0.847168 0.898438 0.846191 0.898047 0.845703 0.898047 0.845215 0.892578 0.838379 0.892188 0.838379 0.891797 0.837891 0.891016 0.837891 0.890625 0.837402 0.890234 0.837402 0.889844 0.836914
1 0.960547 0.782227 0.957031 0.782227 0.956641 0.782715 0.955859 0.782715 0.955469 0.783203 0.955078 0.783203 0.954297 0.78418 0.954297 0.784668 0.953906 0.785156 0.953906 0.785645 0.953516 0.786133 0.953516 0.787109 0.953125 0.787598 0.953125 0.789062 0.952734 0.789551 0.952734 0.791504 0.952344 0.791992 0.952344 0.799805 0.952734 0.800293 0.952734 0.807617 0.953125 0.808105 0.953125 0.8125 0.952734 0.812988 0.952734 0.814941 0.954297 0.816895 0.955859 0.816895 0.960156 0.811523 0.960156 0.811035 0.960547 0.810547 0.960547 0.810059 0.960938 0.80957 0.960938 0.808594 0.961328 0.808105 0.961328 0.806641 0.961719 0.806152 0.961719 0.805176 0.962109 0.804688 0.962109 0.804199 0.9625 0.803711 0.9625 0.802246 0.962891 0.801758 0.962891 0.79834 0.963281 0.797852 0.963281 0.787109 0.962891 0.786621 0.962891 0.785645 0.9625 0.785156 0.9625 0.784668 0.962109 0.78418 0.962109 0.783691 0.961328 0.782715 0.960938 0.782715
1 0.898438 0.0322266 0.898047 0.0327148 0.897656 0.0327148 0.897266 0.0332031 0.896875 0.0332031 0.895312 0.0351562 0.895312 0.0361328 0.894922 0.0366211 0.894922 0.0419922 0.895703 0.0429688 0.895703 0.043457 0.896875 0.0449219 0.897266 0.0449219 0.898047 0.0458984 0.898438 0.0458984 0.899219 0.046875 0.899609 0.046875 0.9 0.0473633 0.902344 0.0473633 0.902734 0.0478516 0.905078 0.0478516 0.905469 0.0483398 0.907422 0.0483398 0.907813 0.0488281 0.910156 0.0488281 0.911328 0.0473633 0.913281 0.0473633 0.914453 0.0458984 0.914453 0.0424805 0.914062 0.0419922 0.914062 0.0415039 0.911719 0.0385742 0.911719 0.0380859 0.910156 0.0361328 0.909766 0.0361328 0.909375 0.0356445 0.908984 0.0356445 0.908203 0.034668 0.907422 0.034668 0.906641 0.0336914 0.90625 0.0336914 0.905859 0.0332031 0.904687 0.0332031 0.904297 0.0327148 0.903516 0.0327148 0.903125 0.0322266
1 0.925 0.799316 0.924219 0.79834 0.921094 0.79834 0.920703 0.798828 0.916406 0.798828 0.916016 0.799316 0.915625 0.799316 0.914844 0.800293 0.914453 0.800293 0.913672 0.80127 0.913281 0.80127 0.9125 0.802246 0.912109 0.802246 0.911719 0.802734 0.911328 0.802734 0.910937 0.803223 0.910547 0.803223 0.910156 0.803711 0.909375 0.803711 0.908984 0.804199 0.908594 0.804199 0.908203 0.804688 0.907813 0.804688 0.903906 0.80957 0.903516 0.80957 0.902344 0.811035 0.901953 0.811035 0.901172 0.812012 0.900781 0.812012 0.899609 0.813477 0.899219 0.813477 0.899219 0.813965 0.898828 0.814453 0.898828 0.816406 0.899219 0.816895 0.899219 0.817871 0.899609 0.818359 0.899609 0.818848 0.9 0.818848 0.900391 0.819336 0.901563 0.819336 0.901953 0.819824 0.905078 0.819824 0.905469 0.819336 0.905859 0.819336 0.906641 0.818359 0.907031 0.818359 0.907813 0.817383 0.908203 0.817383 0.908984 0.816406 0.909375 0.816406 0.909766 0.815918 0.910156 0.815918 0.910547 0.81543 0.910937 0.81543 0.911328 0.814941 0.912109 0.814941 0.9125 0.814453 0.912891 0.814453 0.913281 0.813965 0.914062 0.813965 0.914453 0.813477 0.915234 0.813477 0.915625 0.812988 0.917969 0.812988 0.918359 0.813477 0.920703 0.813477 0.921484 0.8125 0.921875 0.8125 0.923438 0.810547 0.923438 0.810059 0.924219 0.809082 0.924219 0.808594 0.924609 0.808105 0.924609 0.807617 0.925 0.807129 0.925 0.806152 0.925391 0.805664 0.925391 0.804199 0.925781 0.803711 0.925781 0.801758 0.925391 0.80127 0.925391 0.800293 0.925 0.799805
1 0.973828 0.758789 0.973437 0.758301 0.973437 0.757812 0.973047 0.757324 0.973047 0.756836 0.972656 0.756348 0.972656 0.755859 0.971875 0.754883 0.971484 0.754883 0.971094 0.754395 0.970703 0.754395 0.970313 0.753906 0.969531 0.753906 0.969141 0.753418 0.96875 0.753418 0.968359 0.75293 0.967969 0.75293 0.967578 0.752441 0.966797 0.752441 0.966406 0.751953 0.964844 0.751953 0.964453 0.751465 0.961328 0.751465 0.960938 0.751953 0.958984 0.751953 0.958594 0.752441 0.957422 0.752441 0.957031 0.75293 0.95625 0.75293 0.955859 0.753418 0.955078 0.753418 0.954688 0.753906 0.954297 0.753906 0.952734 0.755859 0.952734 0.756348 0.950391 0.759277 0.950391 0.76416 0.951562 0.765625 0.951953 0.765625 0.952344 0.766113 0.952734 0.766113 0.953125 0.766602 0.953906 0.766602 0.954297 0.76709 0.955078 0.76709 0.955469 0.767578 0.956641 0.767578 0.957031 0.768066 0.960547 0.768066 0.960938 0.767578 0.962109 0.767578 0.9625 0.76709 0.964453 0.76709 0.964844 0.766602 0.966797 0.766602 0.967187 0.766113 0.967578 0.766113 0.967969 0.765625 0.968359 0.765625 0.96875 0.765137 0.969531 0.765137 0.969922 0.764648 0.970313 0.764648 0.970703 0.76416 0.971484 0.76416 0.973437 0.761719 0.973437 0.76123 0.973828 0.760742
1 0.673047 0.722656 0.673047 0.726074 0.673438 0.726562 0.673438 0.727051 0.673828 0.727539 0.673828 0.728027 0.674219 0.728516 0.674219 0.729004 0.677344 0.73291 0.677734 0.73291 0.678125 0.733398 0.678516 0.733398 0.679297 0.734375 0.679688 0.734375 0.680078 0.734863 0.680469 0.734863 0.680859 0.735352 0.681641 0.735352 0.682031 0.73584 0.682422 0.73584 0.682813 0.736328 0.683594 0.736328 0.683984 0.736816 0.685156 0.736816 0.685547 0.737305 0.692969 0.737305 0.693359 0.736816 0.694531 0.736816 0.694922 0.736328 0.695312 0.736328 0.696094 0.735352 0.696094 0.734375 0.696484 0.733887 0.696484 0.731934 0.696094 0.731445 0.696094 0.730957 0.695703 0.730469 0.695703 0.72998 0.695312 0.729492 0.695312 0.729004 0.694922 0.728516 0.694922 0.728027 0.692578 0.725098 0.692187 0.725098 0.691406 0.724121 0.691016 0.724121 0.690625 0.723633 0.690234 0.723633 0.689844 0.723145 0.689453 0.723145 0.689063 0.722656 0.688672 0.722656 0.687891 0.72168 0.6875 0.72168 0.686719 0.720703 0.685937 0.720703 0.685547 0.720215 0.676172 0.720215 0.675781 0.720703 0.674219 0.720703 0.673438 0.72168 0.673438 0.722168
1 0.712109 0.719727 0.712109 0.720703 0.713281 0.722168 0.713672 0.722168 0.714063 0.722656 0.714453 0.722656 0.714844 0.723145 0.715234 0.723145 0.715625 0.723633 0.716016 0.723633 0.716406 0.724121 0.716797 0.724121 0.717187 0.724609 0.717578 0.724609 0.717969 0.725098 0.71875 0.725098 0.719141 0.725586 0.719922 0.725586 0.720313 0.726074 0.725 0.726074 0.725391 0.725586 0.725781 0.725586 0.726172 0.725098 0.726562 0.725098 0.726953 0.724609 0.726953 0.724121 0.727344 0.723633 0.727344 0.723145 0.727734 0.722656 0.727734 0.722168 0.728125 0.72168 0.728125 0.719238 0.727734 0.71875 0.727734 0.717773 0.727344 0.717285 0.727344 0.716797 0.726953 0.716309 0.726953 0.71582 0.725781 0.714355 0.725781 0.713867 0.725 0.712891 0.724609 0.712891 0.724219 0.712402 0.723437 0.712402 0.723047 0.711914 0.721875 0.711914 0.721484 0.711426 0.719141 0.711426 0.71875 0.711914 0.716797 0.711914 0.716406 0.712402 0.716016 0.712402 0.715234 0.713379 0.715234 0.713867 0.714844 0.714355 0.714844 0.714844 0.713672 0.716309 0.713672 0.716797 0.712891 0.717773 0.712891 0.718262 0.7125 0.71875 0.7125 0.719238
1 0.746094 0.682129 0.745703 0.682129 0.745313 0.681641 0.743359 0.681641 0.742969 0.682129 0.742578 0.682129 0.741797 0.683105 0.741797 0.683594 0.741016 0.68457 0.741016 0.685059 0.739844 0.686523 0.739453 0.686523 0.738281 0.687988 0.737891 0.687988 0.7375 0.688477 0.737109 0.688477 0.736328 0.689453 0.735938 0.689453 0.735547 0.689941 0.735547 0.69043 0.734766 0.691406 0.734766 0.691895 0.734375 0.692383 0.734375 0.692871 0.733594 0.693848 0.733594 0.694336 0.733203 0.694824 0.733203 0.695312 0.732812 0.695801 0.732812 0.696289 0.732422 0.696777 0.732422 0.697754 0.732031 0.698242 0.732031 0.700195 0.731641 0.700684 0.731641 0.70752 0.732031 0.708008 0.732031 0.708984 0.732422 0.709473 0.732422 0.709961 0.736719 0.709961 0.7375 0.708984 0.737891 0.708984 0.738672 0.708008 0.739062 0.708008 0.739844 0.707031 0.740234 0.707031 0.744141 0.702148 0.744531 0.702148 0.746094 0.700195 0.746094 0.699707 0.747266 0.698242 0.747266 0.697754 0.747656 0.697266 0.747656 0.696777 0.748047 0.696289 0.748047 0.695801 0.748437 0.695312 0.748437 0.694824 0.748828 0.694336 0.748828 0.691406 0.749219 0.690918 0.749219 0.689453 0.748828 0.688965 0.748828 0.6875 0.748437 0.687012 0.748437 0.686523 0.748047 0.686035 0.748047 0.685547 0.747656 0.685059 0.747656 0.68457 0.747266 0.684082 0.747266 0.683594
1 0.773047 0.723633 0.773047 0.726074 0.773438 0.726562 0.773438 0.728027 0.773828 0.728516 0.773828 0.729004 0.774219 0.729492 0.774219 0.72998 0.775 0.730957 0.775391 0.730957 0.775781 0.731445 0.776172 0.731445 0.776563 0.731934 0.776953 0.731934 0.777344 0.732422 0.778125 0.732422 0.778516 0.73291 0.78125 0.73291 0.781641 0.733398 0.783984 0.733398 0.784375 0.73291 0.7875 0.73291 0.787891 0.732422 0.788281 0.732422 0.789453 0.730957 0.789844 0.730957 0.792969 0.727051 0.792969 0.726562 0.794141 0.725098 0.794141 0.723633 0.79375 0.723145 0.79375 0.722168 0.793359 0.72168 0.793359 0.721191 0.792188 0.719727 0.791797 0.719727 0.791406 0.719238 0.789844 0.719238 0.789453 0.71875 0.782031 0.71875 0.781641 0.719238 0.780078 0.719238 0.779687 0.719727 0.777344 0.719727 0.776953 0.720215 0.775391 0.720215 0.775 0.720703 0.774609 0.720703 0.773438 0.722168 0.773438 0.723145
1 0.725391 0.664062 0.724219 0.664062 0.723047 0.665527 0.723047 0.666016 0.722266 0.666992 0.722266 0.66748 0.721484 0.668457 0.721484 0.668945 0.720703 0.669922 0.720703 0.67041 0.719922 0.671387 0.719922 0.671875 0.719141 0.672852 0.719141 0.67334 0.71875 0.673828 0.71875 0.674316 0.718359 0.674805 0.718359 0.67627 0.717969 0.676758 0.717969 0.677734 0.717578 0.678223 0.717578 0.678711 0.717187 0.679199 0.717187 0.679688 0.716797 0.680176 0.716797 0.680664 0.716406 0.681152 0.716406 0.681641 0.716016 0.682129 0.716016 0.683105 0.715625 0.683594 0.715625 0.68457 0.715234 0.685059 0.715234 0.6875 0.715625 0.687988 0.715625 0.689453 0.716406 0.69043 0.717578 0.69043 0.717969 0.689941 0.718359 0.689941 0.71875 0.689453 0.719141 0.689453 0.719922 0.688477 0.720313 0.688477 0.720703 0.687988 0.721094 0.687988 0.722266 0.686523 0.722656 0.686523 0.723047 0.686035 0.723047 0.685547 0.724219 0.684082 0.724219 0.683594 0.725 0.682617 0.725 0.682129 0.725391 0.681641 0.725391 0.680664 0.725781 0.680176 0.725781 0.679199 0.726172 0.678711 0.726172 0.677246 0.726562 0.676758 0.726562 0.667969 0.726172 0.66748 0.726172 0.666016 0.725781 0.665527 0.725781 0.665039 0.725391 0.664551
1 0.739844 0.63916 0.739453 0.639648 0.739453 0.647461 0.739844 0.647949 0.739844 0.649414 0.740234 0.649902 0.740234 0.651367 0.740625 0.651855 0.740625 0.652832 0.741016 0.65332 0.741016 0.654785 0.741406 0.655273 0.741406 0.657227 0.741797 0.657715 0.741797 0.65918 0.742188 0.659668 0.742188 0.660156 0.742578 0.660645 0.742578 0.661621 0.742969 0.662109 0.742969 0.663086 0.743359 0.663574 0.743359 0.665039 0.74375 0.665527 0.74375 0.666504 0.744141 0.666992 0.744141 0.66748 0.746875 0.670898 0.747266 0.670898 0.747656 0.671387 0.748047 0.671387 0.748437 0.670898 0.748828 0.670898 0.749219 0.67041 0.749609 0.67041 0.750391 0.669434 0.750391 0.668945 0.751172 0.667969 0.751172 0.66748 0.751563 0.666992 0.751563 0.663574 0.751172 0.663086 0.751172 0.661133 0.750781 0.660645 0.750781 0.658203 0.750391 0.657715 0.750391 0.656738 0.75 0.65625 0.75 0.655273 0.749609 0.654785 0.749609 0.65332 0.749219 0.652832 0.749219 0.651367 0.748828 0.650879 0.748828 0.649414 0.748437 0.648926 0.748437 0.648438 0.748047 0.647949 0.748047 0.647461 0.747266 0.646484 0.747266 0.645996 0.746875 0.645508 0.746875 0.64502 0.746484 0.644531 0.746484 0.644043 0.744531 0.641602 0.744141 0.641602 0.74375 0.641113 0.743359 0.641113 0.742969 0.640625 0.742188 0.640625 0.741016 0.63916
1 0.877734 0.116699 0.877344 0.117188 0.870313 0.117188 0.869922 0.117676 0.867578 0.117676 0.867188 0.118164 0.864062 0.118164 0.863672 0.118652 0.862891 0.118652 0.8625 0.119141 0.861328 0.119141 0.860938 0.119629 0.860547 0.119629 0.860156 0.120117 0.859766 0.120117 0.858984 0.121094 0.858203 0.121094 0.857422 0.12207 0.855859 0.12207 0.855469 0.122559 0.853516 0.122559 0.852344 0.124023 0.852344 0.125977 0.852734 0.126465 0.852734 0.127441 0.853906 0.128906 0.854297 0.128906 0.854688 0.129395 0.85625 0.129395 0.856641 0.129883 0.857422 0.129883 0.857812 0.130371 0.864844 0.130371 0.865234 0.129883 0.867578 0.129883 0.867969 0.129395 0.86875 0.129395 0.869141 0.128906 0.869531 0.128906 0.869922 0.128418 0.871484 0.128418 0.871875 0.12793 0.872266 0.12793 0.872656 0.127441 0.873828 0.127441 0.874219 0.126953 0.876172 0.126953 0.876953 0.125977 0.877344 0.125977 0.877734 0.125488 0.878125 0.125488 0.878906 0.124512 0.879687 0.124512 0.880078 0.124023 0.880469 0.124023 0.880859 0.123535 0.882031 0.123535 0.882422 0.123047 0.882812 0.123047 0.883984 0.121582 0.883984 0.119141 0.882812 0.117676 0.882031 0.117676 0.88125 0.116699
1 0.795703 0.654297 0.79375 0.654297 0.793359 0.654785 0.792188 0.654785 0.791797 0.655273 0.791406 0.655273 0.791016 0.655762 0.790625 0.655762 0.789453 0.657227 0.789453 0.657715 0.789062 0.658203 0.789062 0.658691 0.788672 0.65918 0.788672 0.660156 0.788281 0.660645 0.788281 0.661621 0.787891 0.662109 0.787891 0.664062 0.7875 0.664551 0.7875 0.670898 0.787891 0.671387 0.787891 0.672852 0.788281 0.67334 0.788281 0.674316 0.790234 0.676758 0.791016 0.676758 0.791406 0.677246 0.793359 0.677246 0.79375 0.676758 0.795312 0.676758 0.796094 0.675781 0.796094 0.675293 0.796875 0.674316 0.796875 0.673828 0.797266 0.67334 0.797266 0.672852 0.797656 0.672363 0.797656 0.671875 0.798047 0.671387 0.798047 0.670898 0.798438 0.67041 0.798438 0.669434 0.798828 0.668945 0.798828 0.666992 0.799219 0.666504 0.799219 0.664551 0.799609 0.664062 0.799609 0.659668 0.799219 0.65918 0.799219 0.657715 0.797656 0.655762 0.797266 0.655762 0.796484 0.654785 0.796094 0.654785
1 0.508984 0.0400391 0.508984 0.0410156 0.508594 0.0415039 0.508594 0.0449219 0.508984 0.0454102 0.508984 0.046875 0.509375 0.0473633 0.509375 0.0483398 0.509766 0.0488281 0.509766 0.0493164 0.510156 0.0498047 0.510156 0.050293 0.510547 0.0507812 0.510547 0.0512695 0.511328 0.0522461 0.511328 0.0527344 0.512891 0.0546875 0.513281 0.0546875 0.513672 0.0551758 0.514062 0.0551758 0.514844 0.0561523 0.515234 0.0561523 0.515625 0.0566406 0.516016 0.0566406 0.516406 0.0571289 0.516797 0.0571289 0.517188 0.0576172 0.517578 0.0576172 0.517969 0.0581055 0.519141 0.0581055 0.519531 0.0585938 0.520312 0.0585938 0.520703 0.059082 0.523047 0.059082 0.523438 0.0585938 0.524609 0.0585938 0.525 0.0581055 0.525391 0.0581055 0.525781 0.0576172 0.525781 0.0532227 0.525391 0.0527344 0.525391 0.0517578 0.525 0.0512695 0.525 0.0507812 0.524219 0.0498047 0.524219 0.0493164 0.523828 0.0488281 0.523828 0.0483398 0.520312 0.0439453 0.519922 0.0439453 0.519141 0.0429688 0.51875 0.0429688 0.518359 0.0424805 0.517969 0.0424805 0.517578 0.0419922 0.517188 0.0419922 0.516797 0.0415039 0.516406 0.0415039 0.516016 0.0410156 0.515625 0.0410156 0.515234 0.0405273 0.514844 0.0405273 0.514453 0.0400391 0.5125 0.0400391 0.512109 0.0395508 0.509375 0.0395508
1 0.862891 0.489746 0.861719 0.488281 0.861719 0.487793 0.860547 0.486328 0.860547 0.48584 0.860156 0.485352 0.859766 0.485352 0.859375 0.484863 0.858594 0.484863 0.858203 0.484375 0.853516 0.484375 0.853125 0.484863 0.851562 0.484863 0.851172 0.485352 0.849219 0.485352 0.848828 0.48584 0.848047 0.48584 0.847656 0.486328 0.846875 0.486328 0.846484 0.486816 0.845703 0.486816 0.841016 0.492676 0.840625 0.492676 0.839453 0.494141 0.839063 0.494141 0.836719 0.49707 0.836719 0.499512 0.8375 0.500488 0.8375 0.500977 0.837891 0.501465 0.838281 0.501465 0.838672 0.501953 0.839063 0.501953 0.839453 0.502441 0.840234 0.502441 0.840625 0.50293 0.846484 0.50293 0.846875 0.502441 0.848828 0.502441 0.849219 0.501953 0.850391 0.501953 0.850781 0.501465 0.851172 0.501465 0.851562 0.500977 0.851953 0.500977 0.852344 0.500488 0.853125 0.500488 0.853516 0.5 0.854688 0.5 0.855078 0.499512 0.856641 0.499512 0.857031 0.499023 0.858203 0.499023 0.858594 0.498535 0.859375 0.498535 0.859766 0.498047 0.860547 0.498047 0.860938 0.497559 0.860938 0.496094 0.861328 0.495605 0.861328 0.494141 0.861719 0.493652 0.861719 0.493164 0.862109 0.492676 0.862109 0.492188 0.8625 0.491699 0.8625 0.491211 0.862891 0.490723
1 0.9 0.466797 0.899219 0.466797 0.898828 0.466309 0.896094 0.466309 0.895703 0.466797 0.895312 0.466797 0.895312 0.467285 0.892969 0.470215 0.892969 0.470703 0.891797 0.472168 0.891797 0.473145 0.891406 0.473633 0.891406 0.474609 0.891016 0.475098 0.891016 0.476562 0.890625 0.477051 0.890625 0.481445 0.891016 0.481934 0.891016 0.488281 0.891406 0.48877 0.891406 0.490234 0.891797 0.490723 0.891797 0.491211 0.892188 0.491211 0.892578 0.491699 0.894922 0.491699 0.895312 0.491211 0.896484 0.491211 0.897656 0.489746 0.897656 0.489258 0.898438 0.488281 0.898438 0.487793 0.899219 0.486816 0.899219 0.48584 0.899609 0.485352 0.899609 0.484375 0.9 0.483887 0.9 0.48291 0.900391 0.482422 0.900391 0.481445 0.900781 0.480957 0.900781 0.47998 0.901172 0.479492 0.901172 0.476074 0.901563 0.475586 0.901563 0.47168 0.901172 0.471191 0.901172 0.46875 0.900781 0.468262 0.900781 0.467773
1 0.889062 0.48584 0.887891 0.484375 0.8875 0.484375 0.887109 0.483887 0.887109 0.483398 0.885547 0.481445 0.884766 0.481445 0.884375 0.480957 0.883984 0.480957 0.883594 0.481445 0.878906 0.481445 0.878516 0.480957 0.876953 0.480957 0.876563 0.481445 0.876172 0.481445 0.874609 0.483398 0.874219 0.483398 0.873828 0.483887 0.873437 0.483887 0.873047 0.484375 0.871484 0.484375 0.871094 0.484863 0.869141 0.484863 0.86875 0.485352 0.867969 0.485352 0.867578 0.48584 0.866797 0.48584 0.866406 0.486328 0.865625 0.486328 0.865625 0.486816 0.865234 0.487305 0.865234 0.487793 0.864844 0.488281 0.864844 0.489258 0.864062 0.490234 0.864062 0.490723 0.863672 0.491211 0.863672 0.492188 0.863281 0.492676 0.863281 0.496582 0.863672 0.49707 0.863672 0.497559 0.864844 0.499023 0.865625 0.499023 0.866016 0.499512 0.866406 0.499512 0.866797 0.5 0.868359 0.5 0.86875 0.500488 0.872656 0.500488 0.873047 0.5 0.875 0.5 0.875391 0.499512 0.877344 0.499512 0.877734 0.499023 0.878906 0.499023 0.879297 0.498535 0.880078 0.498535 0.880469 0.498047 0.88125 0.498047 0.881641 0.497559 0.882031 0.497559 0.882422 0.49707 0.882812 0.49707 0.883594 0.496094 0.883984 0.496094 0.884375 0.495605 0.884766 0.495605 0.885156 0.495117 0.885547 0.495117 0.885938 0.494629 0.886328 0.494629 0.886719 0.494141 0.887109 0.494141 0.8875 0.493652 0.887891 0.493652 0.887891 0.493164 0.888281 0.492676 0.888281 0.492188 0.888672 0.491699 0.888672 0.490723 0.889062 0.490234
1 0.886719 0.415527 0.886719 0.416992 0.887109 0.416992 0.8875 0.41748 0.888281 0.41748 0.888672 0.417969 0.889453 0.417969 0.889844 0.418457 0.890234 0.418457 0.891016 0.419434 0.891406 0.419434 0.891797 0.419922 0.892188 0.419922 0.892578 0.42041 0.892969 0.42041 0.893359 0.420898 0.894141 0.420898 0.894531 0.421387 0.894922 0.421387 0.895312 0.421875 0.896094 0.421875 0.896484 0.422363 0.897656 0.422363 0.898047 0.422852 0.9 0.422852 0.900391 0.42334 0.901172 0.42334 0.901563 0.423828 0.901953 0.423828 0.902344 0.424316 0.902734 0.424316 0.903125 0.424805 0.905859 0.424805 0.90625 0.424316 0.906641 0.424316 0.907031 0.423828 0.907813 0.423828 0.908203 0.42334 0.912109 0.42334 0.9125 0.422852 0.912891 0.422852 0.913281 0.422363 0.914062 0.422363 0.914453 0.421875 0.915625 0.421875 0.916016 0.421387 0.916406 0.421387 0.916797 0.420898 0.916797 0.419434 0.916406 0.418945 0.915625 0.418945 0.915234 0.418457 0.914453 0.418457 0.912109 0.415527 0.911719 0.415527 0.911328 0.415039 0.910937 0.415039 0.910156 0.414062 0.909766 0.414062 0.908203 0.412109 0.907422 0.412109 0.907031 0.411621 0.906641 0.411621 0.90625 0.411133 0.905859 0.411133 0.905469 0.410645 0.905078 0.410645 0.904687 0.410156 0.903906 0.410156 0.903516 0.409668 0.895703 0.409668 0.895312 0.410156 0.894531 0.410156 0.894141 0.410645 0.892969 0.410645 0.892578 0.411133 0.891797 0.411133 0.891016 0.412109 0.891016 0.412598 0.890234 0.413574 0.889844 0.413574 0.889453 0.414062 0.889062 0.414062 0.888672 0.414551 0.887891 0.414551 0.8875 0.415039 0.887109 0.415039
1 0.903906 0.392578 0.902734 0.394043 0.902734 0.395996 0.903125 0.396484 0.903125 0.397461 0.903516 0.397949 0.903516 0.398926 0.904297 0.399902 0.904297 0.400879 0.905078 0.401855 0.905078 0.402344 0.905859 0.40332 0.905859 0.403809 0.90625 0.404297 0.90625 0.404785 0.907813 0.406738 0.907813 0.407227 0.908203 0.407715 0.908203 0.408691 0.909375 0.410156 0.909375 0.411133 0.910156 0.412109 0.910156 0.413086 0.9125 0.416016 0.912891 0.416016 0.914062 0.41748 0.914453 0.41748 0.914844 0.417969 0.915234 0.417969 0.915625 0.418457 0.916406 0.418457 0.917188 0.419434 0.917578 0.419434 0.917969 0.419922 0.919141 0.419922 0.919531 0.42041 0.920703 0.42041 0.921094 0.420898 0.922656 0.420898 0.923828 0.419434 0.923828 0.415527 0.923438 0.415039 0.923438 0.414062 0.923047 0.413574 0.923047 0.412598 0.922266 0.411621 0.922266 0.411133 0.921875 0.410645 0.921875 0.410156 0.921484 0.409668 0.921484 0.408691 0.921094 0.408203 0.921094 0.407227 0.920703 0.406738 0.920703 0.40625 0.919922 0.405273 0.919922 0.404785 0.919141 0.403809 0.919141 0.402832 0.917969 0.401367 0.917578 0.401367 0.915625 0.398926 0.915234 0.398926 0.914062 0.397461 0.913281 0.397461 0.912891 0.396973 0.9125 0.396973 0.912109 0.396484 0.910937 0.396484 0.910156 0.395508 0.909766 0.395508 0.909375 0.39502 0.908984 0.39502 0.908203 0.394043 0.907813 0.394043 0.907422 0.393555 0.907031 0.393555 0.906641 0.393066 0.90625 0.393066 0.905859 0.392578
1 0.900391 0.381836 0.899219 0.383301 0.899219 0.383789 0.898828 0.384277 0.898828 0.385254 0.898438 0.385742 0.898438 0.38623 0.898047 0.386719 0.898047 0.387207 0.897656 0.387695 0.897656 0.388184 0.897266 0.388672 0.897266 0.389648 0.896484 0.390625 0.896484 0.392578 0.895312 0.394043 0.895312 0.395508 0.894531 0.396484 0.894531 0.398438 0.89375 0.399414 0.89375 0.399902 0.892578 0.401367 0.892188 0.401367 0.891016 0.402832 0.890625 0.402832 0.889453 0.404297 0.889453 0.405762 0.889062 0.40625 0.889062 0.408203 0.890234 0.409668 0.892578 0.409668 0.89375 0.408203 0.894141 0.408203 0.894531 0.407715 0.894922 0.407715 0.896094 0.40625 0.896484 0.40625 0.898828 0.40332 0.898828 0.402832 0.899219 0.402344 0.899219 0.401855 0.9 0.400879 0.9 0.400391 0.900391 0.399902 0.900391 0.399414 0.900781 0.398926 0.900781 0.398438 0.901563 0.397461 0.901563 0.396973 0.902344 0.395996 0.902344 0.395508 0.903125 0.394531 0.903125 0.394043 0.903516 0.393555 0.903516 0.393066 0.903906 0.392578 0.903906 0.39209 0.904297 0.391602 0.904297 0.387695 0.903906 0.387207 0.903906 0.383789 0.902344 0.381836
1 0.893359 0.385742 0.892969 0.38623 0.892578 0.38623 0.892188 0.386719 0.890234 0.386719 0.889844 0.387207 0.889062 0.387207 0.888672 0.387695 0.8875 0.387695 0.887109 0.388184 0.886328 0.388184 0.885938 0.388672 0.884766 0.388672 0.884375 0.38916 0.883984 0.38916 0.882031 0.391602 0.882031 0.392578 0.878906 0.396484 0.878906 0.396973 0.878516 0.397461 0.878516 0.397949 0.878125 0.398438 0.878125 0.398926 0.877734 0.399414 0.877734 0.400391 0.877344 0.400879 0.877344 0.402344 0.876953 0.402832 0.876953 0.40332 0.873828 0.407227 0.873828 0.409668 0.875 0.411133 0.877344 0.411133 0.877734 0.411621 0.879297 0.411621 0.879687 0.411133 0.880469 0.411133 0.88125 0.410156 0.881641 0.410156 0.883594 0.407715 0.883594 0.407227 0.884375 0.40625 0.884375 0.405762 0.885156 0.404785 0.885156 0.404297 0.886719 0.402344 0.887109 0.402344 0.887891 0.401367 0.888281 0.401367 0.889453 0.399902 0.889453 0.399414 0.891406 0.396973 0.891406 0.396484 0.892578 0.39502 0.892578 0.394531 0.892969 0.394043 0.893359 0.394043 0.896875 0.389648 0.896875 0.387207 0.895703 0.385742
1 0.801953 0.325195 0.801562 0.325684 0.800391 0.325684 0.799609 0.32666 0.799219 0.32666 0.798438 0.327637 0.798047 0.327637 0.797266 0.328613 0.796875 0.328613 0.794141 0.332031 0.794141 0.33252 0.792188 0.334961 0.792188 0.335449 0.791406 0.336426 0.791406 0.336914 0.791016 0.337402 0.791016 0.337891 0.790625 0.338379 0.790625 0.338867 0.790234 0.339355 0.790234 0.342773 0.791406 0.344238 0.79375 0.344238 0.794141 0.34375 0.795312 0.34375 0.795703 0.343262 0.796875 0.343262 0.797266 0.342773 0.797656 0.342773 0.798047 0.342285 0.799219 0.342285 0.799609 0.341797 0.800391 0.341797 0.800781 0.341309 0.801562 0.341309 0.801953 0.34082 0.802344 0.34082 0.802734 0.340332 0.803125 0.340332 0.804297 0.338867 0.804688 0.338867 0.805469 0.337891 0.805859 0.337891 0.808203 0.334961 0.808594 0.334961 0.810937 0.332031 0.810937 0.331543 0.811328 0.331055 0.811328 0.330566 0.811719 0.330078 0.811719 0.327148 0.810547 0.325684 0.808203 0.325684 0.807813 0.325195
1 0.79375 0.316895 0.793359 0.317383 0.792578 0.317383 0.792188 0.317871 0.791406 0.317871 0.791016 0.318359 0.790234 0.318359 0.789844 0.318848 0.789453 0.318848 0.789062 0.319336 0.786719 0.319336 0.786328 0.319824 0.784766 0.319824 0.784375 0.320312 0.783594 0.320312 0.783203 0.320801 0.782813 0.320801 0.78125 0.322754 0.78125 0.327148 0.781641 0.327637 0.781641 0.329102 0.782422 0.330078 0.782422 0.330566 0.782813 0.331055 0.782813 0.331543 0.783203 0.332031 0.783203 0.33252 0.784375 0.333984 0.7875 0.333984 0.787891 0.333496 0.789453 0.333496 0.789844 0.333008 0.791016 0.333008 0.791406 0.33252 0.791797 0.33252 0.792188 0.332031 0.792578 0.332031 0.793359 0.331055 0.794141 0.331055 0.794531 0.330566 0.794922 0.330566 0.795703 0.32959 0.796094 0.32959 0.796875 0.328613 0.797266 0.328613 0.798047 0.327637 0.798438 0.327637 0.798828 0.327148 0.799219 0.327148 0.799609 0.32666 0.8 0.32666 0.800391 0.326172 0.800781 0.326172 0.801172 0.325684 0.802344 0.325684 0.802734 0.325195 0.804688 0.325195 0.805078 0.324707 0.80625 0.324707 0.806641 0.324219 0.807422 0.324219 0.808594 0.322754 0.808594 0.319824 0.807031 0.317871 0.806641 0.317871 0.80625 0.317383 0.804688 0.317383 0.804297 0.316895
1 0.394531 0.496094 0.39375 0.49707 0.39375 0.497559 0.393359 0.498047 0.393359 0.499023 0.39375 0.499512 0.39375 0.500977 0.394141 0.501465 0.394141 0.502441 0.394922 0.503418 0.394922 0.503906 0.396094 0.505371 0.396094 0.505859 0.396484 0.506348 0.396484 0.506836 0.396875 0.507324 0.396875 0.507812 0.397266 0.508301 0.397266 0.508789 0.397656 0.509277 0.397656 0.509766 0.398047 0.510254 0.398047 0.51123 0.398438 0.511719 0.398438 0.512207 0.398828 0.512695 0.398828 0.513672 0.399219 0.51416 0.399219 0.514648 0.401562 0.517578 0.401562 0.518066 0.403516 0.520508 0.403906 0.520508 0.405078 0.521973 0.405469 0.521973 0.40625 0.522949 0.406641 0.522949 0.407813 0.524414 0.408203 0.524414 0.408594 0.524902 0.408984 0.524902 0.409375 0.525391 0.409766 0.525391 0.410156 0.525879 0.410938 0.525879 0.411328 0.526367 0.4125 0.526367 0.412891 0.525879 0.412891 0.521484 0.4125 0.520996 0.4125 0.51709 0.412109 0.516602 0.412109 0.51416 0.411719 0.513672 0.411719 0.512207 0.411328 0.511719 0.411328 0.510742 0.410938 0.510254 0.410938 0.509277 0.410156 0.508301 0.410156 0.507812 0.409375 0.506836 0.409375 0.506348 0.408984 0.505859 0.408984 0.505371 0.408203 0.504395 0.408203 0.503906 0.407813 0.503418 0.407813 0.50293 0.404297 0.498535 0.403906 0.498535 0.403516 0.498047 0.403125 0.498047 0.402344 0.49707 0.401953 0.49707 0.401562 0.496582 0.400781 0.496582 0.400391 0.496094 0.399219 0.496094 0.398828 0.495605 0.397656 0.495605 0.397266 0.495117 0.396094 0.495117 0.395703 0.495605 0.395313 0.495605 0.394922 0.496094
1 0.460547 0.501953 0.459766 0.500977 0.458984 0.500977 0.458594 0.500488 0.458203 0.500488 0.457813 0.500977 0.453906 0.500977 0.453516 0.501465 0.451953 0.501465 0.451562 0.501953 0.45 0.501953 0.449609 0.502441 0.448437 0.502441 0.448047 0.50293 0.447266 0.50293 0.446875 0.503418 0.446484 0.503418 0.445312 0.504883 0.444922 0.504883 0.441016 0.509766 0.441016 0.510254 0.440625 0.510742 0.440625 0.51123 0.439844 0.512207 0.439844 0.513184 0.439453 0.513672 0.439453 0.515625 0.439063 0.516113 0.439063 0.517578 0.438672 0.518066 0.438672 0.52002 0.438281 0.520508 0.438281 0.523438 0.437891 0.523926 0.437891 0.525879 0.438672 0.526855 0.439844 0.526855 0.440234 0.526367 0.440625 0.526367 0.442188 0.524414 0.442578 0.524414 0.443359 0.523438 0.44375 0.523438 0.444141 0.522949 0.444531 0.522949 0.445703 0.521484 0.446094 0.521484 0.447656 0.519531 0.448047 0.519531 0.448437 0.519043 0.448828 0.519043 0.449609 0.518066 0.45 0.518066 0.450391 0.517578 0.450781 0.517578 0.452344 0.515625 0.452734 0.515625 0.453516 0.514648 0.453906 0.514648 0.454297 0.51416 0.454688 0.51416 0.455469 0.513184 0.455859 0.513184 0.457422 0.51123 0.457422 0.510742 0.459766 0.507812 0.459766 0.507324 0.460547 0.506348
1 0.914062 0.074707 0.912109 0.0771484 0.912109 0.0776367 0.910937 0.0791016 0.910937 0.0800781 0.910156 0.0810547 0.910156 0.0820312 0.909375 0.0830078 0.908594 0.0830078 0.908203 0.0834961 0.907813 0.0834961 0.907031 0.0844727 0.90625 0.0844727 0.905469 0.0854492 0.905078 0.0854492 0.902734 0.0883789 0.902734 0.0888672 0.901563 0.090332 0.901563 0.0908203 0.899609 0.0932617 0.899219 0.0932617 0.896875 0.0961914 0.896875 0.0966797 0.894922 0.0991211 0.894531 0.0991211 0.89375 0.100098 0.893359 0.100098 0.892188 0.101562 0.892188 0.10498 0.893359 0.106445 0.894922 0.106445 0.895312 0.105957 0.896094 0.105957 0.896875 0.10498 0.903516 0.10498 0.903906 0.104492 0.904297 0.104492 0.904687 0.104004 0.905469 0.104004 0.905859 0.103516 0.90625 0.103516 0.906641 0.103027 0.907031 0.103027 0.908594 0.101074 0.908984 0.101074 0.910156 0.0996094 0.910156 0.0991211 0.910547 0.0986328 0.910547 0.0981445 0.910937 0.0976562 0.910937 0.0966797 0.911719 0.0957031 0.911719 0.0952148 0.912109 0.0947266 0.912109 0.0942383 0.9125 0.09375 0.9125 0.0932617 0.912891 0.0927734 0.912891 0.0917969 0.914062 0.090332 0.914062 0.0893555 0.914453 0.0888672 0.914453 0.0883789 0.914844 0.0878906 0.914844 0.0869141 0.915234 0.0864258 0.915234 0.0854492 0.915625 0.0849609 0.915625 0.0839844 0.916016 0.0834961 0.916016 0.081543 0.916406 0.0810547 0.916406 0.0791016 0.916797 0.0786133 0.916797 0.0761719 0.915625 0.074707
1 0.556641 0.0332031 0.55625 0.0332031 0.555859 0.0327148 0.553516 0.0327148 0.553125 0.0322266 0.545312 0.0322266 0.544922 0.0327148 0.54375 0.0327148 0.543359 0.0332031 0.542578 0.0332031 0.542188 0.0336914 0.541797 0.0336914 0.541406 0.0341797 0.541016 0.0341797 0.540625 0.034668 0.540234 0.034668 0.5375 0.0380859 0.537109 0.0380859 0.536719 0.0385742 0.536328 0.0385742 0.534375 0.0410156 0.534375 0.0415039 0.532422 0.0439453 0.532422 0.0449219 0.532031 0.0454102 0.532031 0.0463867 0.532422 0.046875 0.532422 0.0498047 0.532813 0.050293 0.532813 0.0522461 0.533594 0.0532227 0.534766 0.0532227 0.535156 0.0537109 0.539453 0.0537109 0.539844 0.0532227 0.541797 0.0532227 0.542188 0.0527344 0.542969 0.0527344 0.543359 0.0522461 0.544141 0.0522461 0.544922 0.0512695 0.545312 0.0512695 0.546094 0.050293 0.546094 0.0498047 0.548828 0.0463867 0.549219 0.0463867 0.549609 0.0458984 0.55 0.0458984 0.550781 0.0449219 0.551172 0.0449219 0.551953 0.0439453 0.552344 0.0439453 0.553906 0.0419922 0.553906 0.0415039 0.554688 0.0405273 0.554688 0.0400391 0.556641 0.0375977 0.556641 0.0371094 0.557031 0.0366211 0.557031 0.034668 0.556641 0.0341797
1 0.458984 0.59082 0.457813 0.589355 0.457422 0.589355 0.456641 0.588379 0.45625 0.588379 0.455859 0.587891 0.455078 0.587891 0.454688 0.587402 0.450391 0.587402 0.45 0.587891 0.448828 0.587891 0.448437 0.588379 0.447266 0.588379 0.446875 0.588867 0.446484 0.588867 0.445703 0.589844 0.445312 0.589844 0.440234 0.596191 0.440234 0.59668 0.439844 0.597168 0.439844 0.598145 0.439453 0.598633 0.439453 0.599609 0.439063 0.600098 0.439063 0.601074 0.438672 0.601562 0.438672 0.602539 0.438281 0.603027 0.438281 0.604004 0.437891 0.604492 0.437891 0.606445 0.4375 0.606934 0.4375 0.608887 0.437891 0.609375 0.437891 0.61084 0.438281 0.611328 0.438672 0.611328 0.439063 0.611816 0.440234 0.611816 0.440625 0.611328 0.441406 0.611328 0.441797 0.61084 0.442969 0.61084 0.443359 0.610352 0.44375 0.610352 0.444531 0.609375 0.444922 0.609375 0.445703 0.608398 0.446094 0.608398 0.446875 0.607422 0.447266 0.607422 0.448047 0.606445 0.448437 0.606445 0.449609 0.60498 0.45 0.60498 0.451562 0.603027 0.451562 0.602539 0.454297 0.599121 0.454297 0.598633 0.455469 0.597168 0.455469 0.59668 0.455859 0.596191 0.45625 0.596191 0.458984 0.592773
1 0.459375 0.594238 0.457422 0.594238 0.454688 0.597656 0.454297 0.597656 0.451562 0.601074 0.451172 0.601074 0.45 0.602539 0.45 0.603516 0.449609 0.604004 0.449609 0.605469 0.449219 0.605957 0.449219 0.606445 0.448437 0.607422 0.448437 0.60791 0.448047 0.608398 0.448047 0.609375 0.447656 0.609863 0.447656 0.61377 0.447266 0.614258 0.447266 0.615723 0.446875 0.616211 0.446875 0.616699 0.446484 0.617188 0.446484 0.618164 0.446094 0.618652 0.446094 0.622559 0.445703 0.623047 0.445703 0.62793 0.446094 0.628418 0.446094 0.628906 0.446875 0.629883 0.447656 0.629883 0.448437 0.628906 0.448828 0.628906 0.449219 0.628418 0.449609 0.628418 0.45 0.62793 0.450391 0.62793 0.450781 0.627441 0.451172 0.627441 0.451953 0.626465 0.451953 0.625977 0.454297 0.623047 0.454688 0.623047 0.457422 0.619629 0.457422 0.619141 0.459766 0.616211 0.459766 0.615723 0.460547 0.614746 0.460547 0.614258 0.460938 0.61377 0.460938 0.613281 0.461328 0.612793 0.461328 0.612305 0.462109 0.611328 0.462109 0.61084 0.4625 0.610352 0.4625 0.609863 0.462891 0.609375 0.462891 0.608887 0.463672 0.60791 0.463672 0.606445 0.464062 0.605957 0.464062 0.601562 0.463672 0.601074 0.463672 0.599121 0.462891 0.598145 0.462891 0.597656 0.461328 0.595703 0.460938 0.595703 0.460156 0.594727 0.459766 0.594727
1 0.516406 0.595215 0.516406 0.59668 0.517188 0.597656 0.517188 0.598145 0.517578 0.598633 0.517578 0.599121 0.518359 0.600098 0.51875 0.600098 0.519141 0.600586 0.519531 0.600586 0.520312 0.601562 0.520703 0.601562 0.521094 0.602051 0.521484 0.602051 0.521875 0.602539 0.522266 0.602539 0.522656 0.603027 0.523047 0.603027 0.523438 0.603516 0.523828 0.603516 0.524219 0.604004 0.525 0.604004 0.525391 0.604492 0.526953 0.604492 0.527344 0.60498 0.529297 0.60498 0.529687 0.605469 0.533203 0.605469 0.533594 0.60498 0.535156 0.60498 0.535547 0.604492 0.536719 0.604492 0.537109 0.604004 0.5375 0.604004 0.537891 0.603516 0.538281 0.603516 0.539062 0.602539 0.539453 0.602539 0.540234 0.601562 0.540625 0.601562 0.541016 0.601074 0.541406 0.601074 0.541797 0.600586 0.542188 0.600586 0.54375 0.598633 0.54375 0.598145 0.544531 0.597168 0.544531 0.59668 0.544922 0.596191 0.544922 0.595703 0.544531 0.595215 0.544141 0.595215 0.54375 0.594727 0.542578 0.594727 0.542188 0.594238 0.540625 0.594238 0.540234 0.59375 0.538672 0.59375 0.538281 0.593262 0.536328 0.593262 0.535937 0.592773 0.534375 0.592773 0.533984 0.592285 0.530859 0.592285 0.530469 0.591797 0.526563 0.591797 0.526172 0.592285 0.521875 0.592285 0.521484 0.592773 0.520312 0.592773 0.519922 0.593262 0.51875 0.593262 0.518359 0.59375 0.517969 0.59375 0.517578 0.594238 0.517188 0.594238
1 0.578516 0.575684 0.578516 0.576172 0.578125 0.57666 0.578125 0.581055 0.578516 0.581543 0.578516 0.582031 0.578906 0.58252 0.578906 0.583496 0.579297 0.583984 0.579297 0.584473 0.580078 0.585449 0.580469 0.585449 0.58125 0.586426 0.581641 0.586426 0.583203 0.588379 0.583594 0.588379 0.583984 0.588867 0.584375 0.588867 0.584766 0.589355 0.585156 0.589355 0.585547 0.589844 0.585938 0.589844 0.586328 0.590332 0.586719 0.590332 0.5875 0.591309 0.587891 0.591309 0.588281 0.591797 0.589453 0.591797 0.589844 0.592285 0.590625 0.592285 0.591016 0.592773 0.592969 0.592773 0.593359 0.593262 0.594531 0.593262 0.594922 0.59375 0.596484 0.59375 0.596875 0.593262 0.597266 0.593262 0.598047 0.592285 0.598047 0.59082 0.597656 0.590332 0.597656 0.589355 0.597266 0.588867 0.597266 0.588379 0.596875 0.587891 0.596875 0.587402 0.596094 0.586426 0.596094 0.585938 0.595313 0.584961 0.595313 0.584473 0.594922 0.583984 0.594922 0.583496 0.594141 0.58252 0.594141 0.582031 0.59375 0.581543 0.59375 0.581055 0.593359 0.580566 0.593359 0.580078 0.592187 0.578613 0.591406 0.578613 0.591016 0.578125 0.589453 0.578125 0.589063 0.577637 0.588281 0.577637 0.587891 0.577148 0.5875 0.577148 0.587109 0.57666 0.586719 0.57666 0.586328 0.576172 0.585938 0.576172 0.585547 0.575684 0.585156 0.575684 0.584766 0.575195 0.583594 0.575195 0.583203 0.574707 0.579297 0.574707
1 0.646484 0.582031 0.645312 0.580566 0.644531 0.580566 0.644141 0.580078 0.641016 0.580078 0.640625 0.580566 0.639062 0.580566 0.638672 0.581055 0.635156 0.581055 0.634766 0.581543 0.633984 0.581543 0.633594 0.582031 0.633203 0.582031 0.632812 0.58252 0.632422 0.58252 0.632031 0.583008 0.63125 0.583008 0.630859 0.583496 0.630469 0.583496 0.629297 0.584961 0.628906 0.584961 0.627344 0.586914 0.626953 0.586914 0.626953 0.587402 0.626563 0.587891 0.626563 0.588379 0.626172 0.588867 0.626172 0.59082 0.625781 0.591309 0.625781 0.592285 0.626172 0.592773 0.626172 0.594238 0.626563 0.594727 0.626563 0.595215 0.626953 0.595703 0.626953 0.596191 0.627344 0.596191 0.627734 0.59668 0.628516 0.59668 0.628906 0.597168 0.630078 0.597168 0.630469 0.597656 0.631641 0.597656 0.632031 0.597168 0.633203 0.597168 0.633594 0.59668 0.634375 0.59668 0.634766 0.596191 0.635156 0.596191 0.635547 0.595703 0.635938 0.595703 0.636719 0.594727 0.637109 0.594727 0.6375 0.594238 0.637891 0.594238 0.638281 0.59375 0.638672 0.59375 0.639062 0.593262 0.639453 0.593262 0.642578 0.589355 0.642969 0.589355 0.644141 0.587891 0.644531 0.587891 0.644922 0.587402 0.644922 0.586914 0.646875 0.584473 0.646875 0.583008 0.646484 0.58252
1 0.542969 0.626953 0.542969 0.62793 0.543359 0.628418 0.543359 0.629395 0.54375 0.629883 0.54375 0.630371 0.544141 0.630859 0.544141 0.631348 0.544922 0.632324 0.545312 0.632324 0.545703 0.632812 0.546094 0.632812 0.546484 0.633301 0.546875 0.633301 0.547266 0.633789 0.547656 0.633789 0.548047 0.634277 0.548438 0.634277 0.548828 0.634766 0.55 0.634766 0.550391 0.635254 0.552734 0.635254 0.553125 0.634766 0.553516 0.634766 0.553906 0.634277 0.554297 0.634277 0.554688 0.633789 0.555078 0.633789 0.555469 0.633301 0.55625 0.633301 0.556641 0.632812 0.558984 0.632812 0.559375 0.632324 0.560937 0.632324 0.561328 0.631836 0.561719 0.631836 0.5625 0.630859 0.562891 0.630859 0.564063 0.629395 0.564453 0.629395 0.566016 0.627441 0.566016 0.625977 0.565625 0.625488 0.565625 0.624512 0.565234 0.624023 0.565234 0.623535 0.564844 0.623047 0.564453 0.623047 0.564063 0.622559 0.563281 0.622559 0.562891 0.62207 0.562109 0.62207 0.561719 0.621582 0.560937 0.621582 0.560547 0.621094 0.559375 0.621094 0.558984 0.620605 0.553125 0.620605 0.552734 0.621094 0.551172 0.621094 0.550781 0.621582 0.549609 0.621582 0.549219 0.62207 0.548047 0.62207 0.547656 0.622559 0.547266 0.622559 0.546875 0.623047 0.546484 0.623047 0.545703 0.624023 0.545312 0.624023 0.544531 0.625 0.544141 0.625 0.543359 0.625977 0.543359 0.626465
1 0.550391 0.635254 0.55 0.635254 0.549609 0.634766 0.548828 0.634766 0.548438 0.634277 0.547656 0.634277 0.547266 0.633789 0.544141 0.633789 0.54375 0.634277 0.543359 0.634277 0.542969 0.634766 0.542578 0.634766 0.541797 0.635742 0.541406 0.635742 0.539844 0.637695 0.539844 0.638184 0.539062 0.63916 0.539062 0.639648 0.538281 0.640625 0.538281 0.641113 0.537109 0.642578 0.537109 0.646484 0.5375 0.646973 0.541406 0.646973 0.541797 0.646484 0.542578 0.646484 0.542969 0.645996 0.54375 0.645996 0.544141 0.645508 0.544531 0.645508 0.544922 0.64502 0.545312 0.64502 0.546484 0.643555 0.546875 0.643555 0.550781 0.638672 0.550781 0.63623 0.550391 0.635742
1 0.595313 0.635254 0.594922 0.635742 0.594531 0.635742 0.593359 0.637207 0.592969 0.637207 0.591406 0.63916 0.591406 0.639648 0.591016 0.640137 0.591016 0.640625 0.590625 0.641113 0.590625 0.641602 0.590234 0.64209 0.590234 0.643066 0.589844 0.643555 0.589844 0.648926 0.590234 0.649414 0.590234 0.651367 0.590625 0.651855 0.590625 0.652832 0.591016 0.65332 0.591016 0.653809 0.591797 0.654785 0.591797 0.655273 0.592187 0.655762 0.592578 0.655762 0.59375 0.657227 0.59375 0.657715 0.594922 0.65918 0.595313 0.65918 0.596094 0.660156 0.596484 0.660156 0.596875 0.660645 0.597266 0.660645 0.597656 0.661133 0.598047 0.661133 0.598437 0.661621 0.599219 0.661621 0.599609 0.662109 0.600391 0.662109 0.600781 0.661621 0.601172 0.661621 0.601953 0.660645 0.601953 0.660156 0.602344 0.659668 0.602344 0.65625 0.601953 0.655762 0.601953 0.651367 0.601562 0.650879 0.601562 0.647949 0.601172 0.647461 0.601172 0.64502 0.600781 0.644531 0.600781 0.64209 0.600391 0.641602 0.600391 0.640625 0.6 0.640137 0.6 0.639648 0.599609 0.63916 0.599609 0.638672 0.599219 0.638184 0.599219 0.637695 0.598047 0.63623 0.597656 0.63623 0.597266 0.635742 0.596875 0.635742 0.596484 0.635254
1 0.665625 0.587402 0.664844 0.586426 0.664453 0.586426 0.664062 0.585938 0.663672 0.585938 0.663281 0.585449 0.662109 0.585449 0.661719 0.584961 0.660156 0.584961 0.659766 0.585449 0.655859 0.585449 0.655469 0.585938 0.653906 0.585938 0.653516 0.586426 0.652344 0.586426 0.651953 0.586914 0.650781 0.586914 0.650391 0.587402 0.649609 0.587402 0.649219 0.587891 0.648828 0.587891 0.648438 0.588379 0.648047 0.588379 0.646875 0.589844 0.646484 0.589844 0.645312 0.591309 0.644922 0.591309 0.644141 0.592285 0.64375 0.592285 0.642969 0.593262 0.642578 0.593262 0.641406 0.594727 0.641406 0.595215 0.641016 0.595703 0.641016 0.597656 0.640625 0.598145 0.640625 0.599609 0.641016 0.600098 0.641016 0.601074 0.641406 0.601562 0.641406 0.602051 0.642188 0.603027 0.642578 0.603027 0.642969 0.603516 0.644141 0.603516 0.644531 0.604004 0.648047 0.604004 0.648438 0.603516 0.65 0.603516 0.650391 0.603027 0.651563 0.603027 0.651953 0.602539 0.653516 0.602539 0.653906 0.602051 0.655078 0.602051 0.655469 0.601562 0.655859 0.601562 0.65625 0.601074 0.656641 0.601074 0.657031 0.600586 0.657813 0.600586 0.658203 0.600098 0.658594 0.600098 0.658984 0.599609 0.659375 0.599609 0.659766 0.599121 0.660156 0.599121 0.660937 0.598145 0.661328 0.598145 0.661719 0.597656 0.662109 0.597656 0.663672 0.595703 0.663672 0.595215 0.664453 0.594238 0.664453 0.59375 0.665234 0.592773 0.665234 0.592285 0.665625 0.591797
1 0.728516 0.483887 0.728125 0.483398 0.728125 0.48291 0.727734 0.482422 0.727344 0.482422 0.726953 0.481934 0.726172 0.481934 0.725781 0.481445 0.720703 0.481445 0.720313 0.481934 0.718359 0.481934 0.717969 0.482422 0.716797 0.482422 0.716406 0.48291 0.715625 0.48291 0.715234 0.483398 0.714453 0.483398 0.714063 0.483887 0.712891 0.483887 0.7125 0.484375 0.711328 0.484375 0.710938 0.484863 0.709766 0.484863 0.709375 0.485352 0.703906 0.485352 0.703516 0.48584 0.703125 0.48584 0.702734 0.486328 0.702734 0.487305 0.703125 0.487793 0.703125 0.488281 0.703516 0.48877 0.703516 0.489746 0.704688 0.491211 0.705078 0.491211 0.705469 0.491699 0.705859 0.491699 0.70625 0.492188 0.707031 0.492188 0.707422 0.492676 0.707812 0.492676 0.708203 0.493164 0.708594 0.493164 0.708984 0.493652 0.709375 0.493652 0.709766 0.494141 0.710156 0.494141 0.710547 0.494629 0.711328 0.494629 0.711719 0.495117 0.717578 0.495117 0.717969 0.494629 0.718359 0.494629 0.719141 0.493652 0.719531 0.493652 0.719922 0.493164 0.720313 0.493164 0.720703 0.492676 0.721484 0.492676 0.721875 0.492188 0.722266 0.492188 0.722656 0.491699 0.723437 0.491699 0.723828 0.491211 0.724219 0.491211 0.724609 0.490723 0.725 0.490723 0.727344 0.487793 0.727734 0.487793 0.728516 0.486816
1 0.857812 0.0981445 0.857422 0.0986328 0.857031 0.0986328 0.855469 0.100586 0.855469 0.102051 0.854688 0.103027 0.854688 0.106445 0.855078 0.106934 0.855078 0.107422 0.85625 0.108887 0.856641 0.108887 0.857812 0.110352 0.858203 0.110352 0.858594 0.11084 0.865625 0.11084 0.866797 0.109375 0.866797 0.102539 0.863672 0.0986328 0.863281 0.0986328 0.862891 0.0981445
1 0.689844 0.46582 0.685547 0.46582 0.683984 0.467773 0.683984 0.468262 0.683594 0.46875 0.683203 0.46875 0.682422 0.469727 0.682031 0.469727 0.680859 0.471191 0.680859 0.47168 0.680469 0.472168 0.680469 0.473145 0.680078 0.473633 0.680078 0.475098 0.679688 0.475586 0.679688 0.476074 0.679297 0.476562 0.679297 0.477051 0.678125 0.478516 0.678125 0.479492 0.677734 0.47998 0.677734 0.481445 0.677344 0.481934 0.677344 0.482422 0.676953 0.48291 0.676953 0.483398 0.676562 0.483887 0.676562 0.484375 0.676172 0.484863 0.676172 0.485352 0.675781 0.48584 0.675781 0.486816 0.675391 0.487305 0.675391 0.48877 0.675 0.489258 0.675 0.492676 0.675391 0.493164 0.675391 0.493652 0.675781 0.494141 0.676562 0.494141 0.676953 0.494629 0.677344 0.494629 0.677734 0.494141 0.678125 0.494141 0.679688 0.492188 0.680078 0.492188 0.680469 0.491699 0.680859 0.491699 0.68125 0.491211 0.681641 0.491211 0.682031 0.490723 0.682422 0.490723 0.683203 0.489746 0.683594 0.489746 0.685937 0.486816 0.685937 0.486328 0.686328 0.48584 0.686328 0.484863 0.686719 0.484375 0.686719 0.483398 0.687109 0.48291 0.687109 0.482422 0.6875 0.481934 0.6875 0.481445 0.687891 0.480957 0.687891 0.480469 0.688281 0.47998 0.688281 0.479492 0.688672 0.479004 0.688672 0.478516 0.689063 0.478027 0.689063 0.476562 0.689453 0.476074 0.689453 0.475098 0.689844 0.474609 0.689844 0.474121 0.690234 0.473633 0.690234 0.473145 0.690625 0.472656 0.690625 0.472168 0.691016 0.47168 0.691016 0.469238 0.690625 0.46875 0.690625 0.467285 0.690234 0.466797 0.690234 0.466309
1 0.700391 0.438477 0.700391 0.438965 0.700781 0.439453 0.700781 0.439941 0.701172 0.439941 0.701562 0.44043 0.702344 0.44043 0.702734 0.440918 0.703125 0.440918 0.704297 0.442383 0.704688 0.442383 0.70625 0.444336 0.706641 0.444336 0.707422 0.445312 0.707812 0.445312 0.708594 0.446289 0.708984 0.446289 0.709766 0.447266 0.710156 0.447266 0.710938 0.448242 0.711328 0.448242 0.711719 0.44873 0.7125 0.44873 0.712891 0.449219 0.715625 0.449219 0.716016 0.449707 0.716797 0.449707 0.717187 0.449219 0.71875 0.449219 0.719141 0.44873 0.720703 0.44873 0.721094 0.448242 0.721875 0.448242 0.722266 0.447754 0.723047 0.447754 0.723437 0.447266 0.723828 0.447266 0.724609 0.446289 0.725 0.446289 0.726562 0.444336 0.726953 0.444336 0.727344 0.443848 0.727344 0.443359 0.727734 0.442871 0.727734 0.439941 0.726562 0.438477 0.726172 0.438477 0.725781 0.437988 0.725 0.437988 0.724609 0.4375 0.724219 0.4375 0.723828 0.437012 0.723047 0.437012 0.722656 0.436523 0.722266 0.436523 0.721875 0.436035 0.721484 0.436035 0.721094 0.435547 0.720703 0.435547 0.720313 0.435059 0.719922 0.435059 0.719531 0.43457 0.719141 0.43457 0.71875 0.434082 0.718359 0.434082 0.717969 0.433594 0.717578 0.433594 0.717187 0.433105 0.716797 0.433105 0.716406 0.432617 0.715234 0.432617 0.714844 0.432129 0.706641 0.432129 0.70625 0.432617 0.705469 0.432617 0.705078 0.433105 0.704688 0.433105 0.704297 0.433594 0.703906 0.433594 0.703125 0.43457 0.702734 0.43457 0.701562 0.436035 0.701562 0.436523 0.700781 0.4375 0.700781 0.437988
1 0.741797 0.425293 0.741797 0.425781 0.741406 0.42627 0.741406 0.426758 0.741016 0.427246 0.741016 0.431641 0.741406 0.432129 0.741406 0.433105 0.741797 0.433594 0.741797 0.43457 0.742188 0.435059 0.742188 0.435547 0.742578 0.436035 0.742578 0.436523 0.74375 0.437988 0.744141 0.437988 0.744922 0.438965 0.745313 0.438965 0.745703 0.439453 0.746094 0.439453 0.746875 0.44043 0.747266 0.44043 0.747656 0.440918 0.748437 0.440918 0.748828 0.441406 0.749609 0.441406 0.75 0.441895 0.750391 0.441895 0.750781 0.442383 0.751172 0.442383 0.751563 0.442871 0.756641 0.442871 0.757031 0.442383 0.757812 0.442383 0.758203 0.441895 0.758594 0.441895 0.758984 0.441406 0.758984 0.440918 0.759375 0.44043 0.759375 0.438965 0.758984 0.438477 0.758984 0.437988 0.758594 0.4375 0.758594 0.437012 0.758203 0.436523 0.758203 0.435547 0.757812 0.435059 0.757812 0.43457 0.757422 0.434082 0.757422 0.433594 0.757031 0.433105 0.757031 0.432129 0.756641 0.431641 0.756641 0.431152 0.755859 0.430176 0.755469 0.430176 0.755078 0.429688 0.754687 0.429688 0.754297 0.429199 0.753906 0.429199 0.752344 0.427246 0.751953 0.427246 0.751172 0.42627 0.750781 0.42627 0.748828 0.423828 0.748047 0.423828 0.747656 0.42334 0.744141 0.42334 0.74375 0.423828 0.742969 0.423828
1 0.761719 0.444336 0.759766 0.444336 0.759375 0.444824 0.758984 0.444824 0.756641 0.447754 0.756641 0.448242 0.755469 0.449707 0.755469 0.450195 0.754687 0.451172 0.754687 0.45166 0.754297 0.452148 0.754297 0.453125 0.753906 0.453613 0.753906 0.455078 0.753516 0.455566 0.753516 0.460449 0.753906 0.460938 0.753906 0.462402 0.754297 0.462891 0.754297 0.463867 0.754687 0.464355 0.754687 0.465332 0.755078 0.46582 0.755078 0.466309 0.755469 0.466797 0.755469 0.467285 0.755859 0.467773 0.755859 0.468262 0.757031 0.469727 0.757812 0.469727 0.758203 0.470215 0.760156 0.470215 0.760547 0.469727 0.760938 0.469727 0.763281 0.466797 0.763281 0.466309 0.764062 0.465332 0.764062 0.464844 0.764453 0.464355 0.764453 0.462891 0.764844 0.462402 0.764844 0.461426 0.765234 0.460938 0.765234 0.459961 0.765625 0.459473 0.765625 0.457031 0.766016 0.456543 0.766016 0.453125 0.765625 0.452637 0.765625 0.450684 0.765234 0.450195 0.765234 0.44873 0.764844 0.448242 0.764844 0.447266 0.764453 0.446777 0.764453 0.446289 0.763281 0.444824 0.762109 0.444824
1 0.611719 0.391602 0.610156 0.391602 0.609766 0.39209 0.608984 0.39209 0.608594 0.392578 0.607812 0.392578 0.605859 0.39502 0.605859 0.395508 0.603906 0.397949 0.603906 0.398438 0.603125 0.399414 0.603125 0.399902 0.602734 0.400391 0.602734 0.401855 0.602344 0.402344 0.602344 0.405273 0.601953 0.405762 0.601953 0.411621 0.602344 0.412109 0.602344 0.415039 0.602734 0.415527 0.602734 0.416992 0.603125 0.41748 0.603125 0.417969 0.603516 0.418457 0.603516 0.418945 0.604688 0.42041 0.605078 0.42041 0.605859 0.421387 0.60625 0.421387 0.606641 0.421875 0.607422 0.421875 0.607812 0.421387 0.608203 0.421387 0.610156 0.418945 0.610156 0.418457 0.610938 0.41748 0.610938 0.416992 0.611719 0.416016 0.611719 0.415527 0.612109 0.415039 0.612109 0.414551 0.6125 0.414062 0.6125 0.413086 0.612891 0.412598 0.612891 0.411621 0.613281 0.411133 0.613281 0.409668 0.613672 0.40918 0.613672 0.407715 0.614062 0.407227 0.614062 0.405762 0.614453 0.405273 0.614453 0.396973 0.614062 0.396484 0.614062 0.395508 0.613672 0.39502 0.613672 0.394531 0.613281 0.394043 0.613281 0.393555
1 0.646094 0.330078 0.645703 0.330566 0.645703 0.331055 0.643359 0.333984 0.643359 0.334961 0.642969 0.335449 0.642969 0.338379 0.642578 0.338867 0.642578 0.341309 0.642188 0.341797 0.642188 0.342285 0.641797 0.342773 0.641797 0.34375 0.641406 0.344238 0.641406 0.345703 0.641016 0.346191 0.641016 0.35791 0.641406 0.358398 0.641406 0.359375 0.641797 0.359863 0.641797 0.36084 0.642188 0.361328 0.642188 0.361816 0.642578 0.362305 0.642578 0.363281 0.642969 0.36377 0.642969 0.364746 0.643359 0.365234 0.643359 0.365723 0.64375 0.366211 0.64375 0.366699 0.644141 0.367188 0.644141 0.367676 0.644531 0.368164 0.644531 0.368652 0.644922 0.369141 0.644922 0.369629 0.645312 0.370117 0.645312 0.370605 0.645703 0.371094 0.645703 0.371582 0.647266 0.373535 0.647656 0.373535 0.648047 0.374023 0.648828 0.374023 0.649219 0.374512 0.651172 0.374512 0.651563 0.374023 0.651953 0.374023 0.653125 0.372559 0.653125 0.37207 0.653516 0.371582 0.653516 0.371094 0.653906 0.370605 0.653906 0.369629 0.654297 0.369141 0.654297 0.367188 0.654687 0.366699 0.654687 0.359863 0.655078 0.359375 0.655078 0.355957 0.654687 0.355469 0.654687 0.351562 0.654297 0.351074 0.654297 0.348633 0.653906 0.348145 0.653906 0.345703 0.653516 0.345215 0.653516 0.344727 0.653125 0.344238 0.653125 0.34375 0.652734 0.343262 0.652734 0.342773 0.652344 0.342285 0.652344 0.341797 0.651953 0.341309 0.651953 0.338867 0.651563 0.338379 0.651563 0.333008 0.650391 0.331543 0.65 0.331543 0.649609 0.331055 0.648828 0.331055 0.648438 0.330566 0.648047 0.330566 0.647656 0.330078
1 0.631641 0.30127 0.630859 0.302246 0.630859 0.306152 0.63125 0.306641 0.63125 0.307617 0.631641 0.308105 0.631641 0.308594 0.632031 0.309082 0.632031 0.310059 0.632422 0.310547 0.632422 0.311523 0.632812 0.312012 0.632812 0.312988 0.633203 0.313477 0.633203 0.314453 0.633984 0.31543 0.633984 0.315918 0.635156 0.317383 0.635156 0.317871 0.638281 0.321777 0.638281 0.322266 0.639062 0.323242 0.639453 0.323242 0.641016 0.325195 0.641406 0.325195 0.642188 0.326172 0.642578 0.326172 0.642969 0.32666 0.644141 0.32666 0.644531 0.327148 0.644922 0.327148 0.645312 0.327637 0.647266 0.327637 0.648047 0.32666 0.648047 0.326172 0.649219 0.324707 0.649219 0.32373 0.649609 0.323242 0.649609 0.315918 0.649219 0.31543 0.649219 0.313965 0.648438 0.312988 0.648438 0.3125 0.648047 0.312012 0.648047 0.311523 0.647266 0.310547 0.647266 0.310059 0.646094 0.308594 0.646094 0.308105 0.644141 0.305664 0.64375 0.305664 0.642969 0.304688 0.642578 0.304688 0.642188 0.304199 0.641797 0.304199 0.641406 0.303711 0.641016 0.303711 0.640234 0.302734 0.639844 0.302734 0.639062 0.301758 0.637891 0.301758 0.6375 0.30127 0.635156 0.30127 0.634766 0.300781 0.633984 0.300781 0.633594 0.30127
1 0.621094 0.291992 0.620703 0.291992 0.620313 0.291504 0.617578 0.291504 0.617188 0.291992 0.616016 0.291992 0.615625 0.29248 0.615234 0.29248 0.614844 0.292969 0.614453 0.292969 0.611719 0.296387 0.611328 0.296387 0.610547 0.297363 0.610547 0.297852 0.610156 0.29834 0.610156 0.298828 0.609766 0.299316 0.609766 0.300781 0.609375 0.30127 0.609375 0.303223 0.608984 0.303711 0.608984 0.304688 0.608594 0.305176 0.608594 0.306641 0.608203 0.307129 0.608203 0.310059 0.607812 0.310547 0.607812 0.3125 0.607422 0.312988 0.607422 0.317871 0.607812 0.318359 0.607812 0.318848 0.608984 0.318848 0.609375 0.319336 0.611719 0.319336 0.612109 0.318848 0.6125 0.318848 0.612891 0.318359 0.613281 0.318359 0.613672 0.317871 0.614062 0.317871 0.614453 0.317383 0.614844 0.317383 0.615234 0.316895 0.615625 0.316895 0.619922 0.311523 0.619922 0.311035 0.620703 0.310059 0.620703 0.30957 0.621094 0.309082 0.621094 0.308594 0.621484 0.308105 0.621484 0.307129 0.621875 0.306641 0.621875 0.305664 0.622266 0.305176 0.622266 0.304199 0.622656 0.303711 0.622656 0.302246 0.623047 0.301758 0.623047 0.294922 0.622656 0.294434 0.622656 0.293945
1 0.535547 0.400391 0.533984 0.398438 0.531641 0.398438 0.53125 0.397949 0.526172 0.397949 0.525781 0.398438 0.522656 0.398438 0.522266 0.398926 0.519531 0.398926 0.519141 0.399414 0.517188 0.399414 0.516797 0.399902 0.516406 0.399902 0.514453 0.402344 0.514453 0.402832 0.514062 0.40332 0.514062 0.405273 0.514453 0.405762 0.514453 0.40625 0.514844 0.406738 0.514844 0.407227 0.515234 0.407715 0.515234 0.408203 0.515625 0.408691 0.516016 0.408691 0.516797 0.409668 0.517188 0.409668 0.517578 0.410156 0.517969 0.410156 0.518359 0.410645 0.519141 0.410645 0.519531 0.411133 0.520703 0.411133 0.521094 0.411621 0.528906 0.411621 0.529297 0.411133 0.530078 0.411133 0.530859 0.410156 0.53125 0.410156 0.532422 0.408691 0.532813 0.408691 0.533594 0.407715 0.533594 0.407227 0.534766 0.405762 0.534766 0.405273 0.535156 0.404785 0.535156 0.404297 0.535547 0.403809
1 0.485547 0.426758 0.485547 0.427246 0.485156 0.427734 0.485156 0.432129 0.485547 0.432617 0.485547 0.433594 0.485938 0.434082 0.485938 0.43457 0.486328 0.435059 0.486328 0.435547 0.486719 0.436035 0.486719 0.436523 0.487109 0.437012 0.487109 0.4375 0.487891 0.438477 0.487891 0.438965 0.489453 0.440918 0.489844 0.440918 0.491016 0.442383 0.491406 0.442383 0.492969 0.444336 0.49375 0.444336 0.494141 0.444824 0.494922 0.444824 0.495312 0.445312 0.496484 0.445312 0.496875 0.445801 0.497656 0.445801 0.498047 0.446289 0.500391 0.446289 0.500781 0.446777 0.505859 0.446777 0.50625 0.446289 0.506641 0.446289 0.507031 0.445801 0.507422 0.445801 0.507812 0.445312 0.508203 0.445312 0.508984 0.444336 0.509375 0.444336 0.509375 0.443848 0.509766 0.443359 0.509766 0.442871 0.509375 0.442383 0.509375 0.441406 0.508984 0.440918 0.508984 0.44043 0.507812 0.438965 0.507422 0.438965 0.507031 0.438477 0.506641 0.438477 0.50625 0.437988 0.505859 0.437988 0.505469 0.4375 0.505078 0.4375 0.504687 0.437012 0.504297 0.437012 0.503516 0.436035 0.503125 0.436035 0.502344 0.435059 0.501563 0.435059 0.501172 0.43457 0.500781 0.43457 0.500391 0.434082 0.5 0.434082 0.499609 0.433594 0.499219 0.433594 0.498828 0.433105 0.498437 0.433105 0.497656 0.432129 0.496875 0.432129 0.496484 0.431641 0.496094 0.431641 0.495703 0.431152 0.495312 0.431152 0.494922 0.430664 0.494141 0.430664 0.49375 0.430176 0.492969 0.430176 0.492578 0.429688 0.492188 0.429688 0.491797 0.429199 0.491406 0.429199 0.490625 0.428223 0.490234 0.428223 0.489844 0.427734 0.489063 0.427734 0.488672 0.427246 0.488281 0.427246 0.4875 0.42627 0.485938 0.42627
1 0.880469 0.0893555 0.880078 0.0898438 0.879297 0.0898438 0.878516 0.0908203 0.878125 0.0908203 0.877734 0.0913086 0.876953 0.0913086 0.876563 0.0917969 0.876172 0.0917969 0.875781 0.0922852 0.875 0.0922852 0.874609 0.0927734 0.874219 0.0927734 0.873828 0.0932617 0.873047 0.0932617 0.872656 0.09375 0.871875 0.09375 0.870313 0.0957031 0.870313 0.0961914 0.869531 0.097168 0.869531 0.0976562 0.869141 0.0981445 0.869141 0.0991211 0.86875 0.0996094 0.86875 0.100098 0.867969 0.101074 0.867969 0.103516 0.867578 0.104004 0.867578 0.105957 0.867188 0.106445 0.867188 0.109375 0.866797 0.109863 0.866797 0.110352 0.866406 0.11084 0.866406 0.111328 0.866016 0.111816 0.866016 0.112305 0.865234 0.113281 0.865234 0.11377 0.864844 0.114258 0.864844 0.116699 0.866016 0.118164 0.868359 0.118164 0.871094 0.114746 0.871094 0.114258 0.871484 0.11377 0.871484 0.113281 0.872656 0.111816 0.872656 0.111328 0.873828 0.109863 0.873828 0.109375 0.875391 0.107422 0.875391 0.106934 0.876953 0.10498 0.876953 0.104492 0.878125 0.103027 0.878125 0.102539 0.878516 0.102051 0.878906 0.102051 0.880078 0.100586 0.880078 0.100098 0.880469 0.0996094 0.880469 0.0991211 0.885547 0.0927734 0.885547 0.0908203 0.884375 0.0893555
1 0.530078 0.00439453 0.529297 0.00439453 0.528906 0.00488281 0.528906 0.00537109 0.528516 0.00585938 0.528516 0.00634766 0.528125 0.00683594 0.528125 0.0078125 0.527734 0.00830078 0.527734 0.00878906 0.527344 0.00927734 0.527344 0.0102539 0.526953 0.0107422 0.526953 0.0117188 0.526563 0.012207 0.526563 0.0131836 0.526172 0.0136719 0.526172 0.0146484 0.525781 0.0151367 0.525781 0.015625 0.525391 0.0161133 0.525391 0.0166016 0.525 0.0170898 0.525 0.0205078 0.524609 0.0209961 0.524609 0.0219727 0.525 0.0224609 0.525 0.0283203 0.525391 0.0288086 0.525391 0.0302734 0.525781 0.0307617 0.525781 0.03125 0.526172 0.0317383 0.526172 0.0322266 0.526563 0.0327148 0.526563 0.034668 0.526953 0.0351562 0.526953 0.0361328 0.527344 0.0361328 0.527734 0.0366211 0.529297 0.0366211 0.529687 0.0361328 0.530078 0.0361328 0.530859 0.0351562 0.53125 0.0351562 0.531641 0.034668 0.531641 0.0341797 0.533594 0.0317383 0.533984 0.0317383 0.533984 0.03125 0.534766 0.0302734 0.534766 0.0297852 0.535547 0.0288086 0.535547 0.0283203 0.535937 0.027832 0.535937 0.0273438 0.536328 0.0268555 0.536328 0.0263672 0.536719 0.0258789 0.536719 0.0239258 0.537109 0.0234375 0.537109 0.0170898 0.536719 0.0166016 0.536719 0.015625 0.536328 0.0151367 0.536328 0.0146484 0.535937 0.0141602 0.535937 0.0131836 0.535547 0.0126953 0.535547 0.012207 0.535156 0.0117188 0.535156 0.0107422 0.534766 0.0102539 0.534766 0.00976562 0.534375 0.00927734 0.534375 0.00878906 0.533594 0.0078125 0.533594 0.00732422 0.532813 0.00634766 0.532422 0.00634766 0.532031 0.00585938 0.531641 0.00585938 0.530859 0.00488281 0.530469 0.00488281
1 0.514453 0.00878906 0.514062 0.00927734 0.513672 0.00927734 0.513672 0.0117188 0.513281 0.012207 0.513281 0.0185547 0.513672 0.019043 0.513672 0.0200195 0.514062 0.0205078 0.514062 0.0219727 0.514453 0.0224609 0.514453 0.0234375 0.514844 0.0239258 0.514844 0.0249023 0.515234 0.0253906 0.515234 0.0263672 0.515625 0.0268555 0.515625 0.0288086 0.516016 0.0292969 0.516016 0.0302734 0.516406 0.0307617 0.516406 0.03125 0.51875 0.0341797 0.51875 0.034668 0.519141 0.0351562 0.519141 0.0356445 0.519531 0.0361328 0.519531 0.0366211 0.519922 0.0371094 0.519922 0.0375977 0.521484 0.0395508 0.522266 0.0395508 0.522656 0.0400391 0.523828 0.0400391 0.524219 0.0405273 0.526563 0.0405273 0.526953 0.0400391 0.527344 0.0400391 0.527344 0.0395508 0.527734 0.0390625 0.527734 0.0371094 0.528125 0.0366211 0.528125 0.034668 0.528516 0.0341797 0.528516 0.0322266 0.528906 0.0317383 0.528906 0.0268555 0.528516 0.0263672 0.528516 0.0258789 0.528125 0.0253906 0.528125 0.0249023 0.527734 0.0249023 0.526563 0.0234375 0.526563 0.0229492 0.525781 0.0219727 0.525781 0.0214844 0.525391 0.0209961 0.525391 0.0205078 0.525 0.0200195 0.525 0.0195312 0.524609 0.019043 0.524609 0.0185547 0.524219 0.0180664 0.524219 0.0175781 0.523828 0.0170898 0.523828 0.0166016 0.520312 0.012207 0.520312 0.0117188 0.519141 0.0102539 0.519141 0.00976562 0.51875 0.00927734 0.518359 0.00927734 0.517969 0.00878906
1 0.584375 0.027832 0.58125 0.027832 0.580859 0.0283203 0.580078 0.0283203 0.578516 0.0302734 0.578516 0.0307617 0.576953 0.0327148 0.576953 0.0415039 0.577344 0.0419922 0.577344 0.0439453 0.577734 0.0444336 0.577734 0.0454102 0.578125 0.0458984 0.578125 0.046875 0.578516 0.0473633 0.578516 0.0478516 0.579297 0.0488281 0.579297 0.0493164 0.579688 0.0493164 0.580078 0.0498047 0.58125 0.0498047 0.581641 0.0493164 0.582031 0.0493164 0.582422 0.0488281 0.583203 0.0488281 0.584375 0.0473633 0.584375 0.046875 0.584766 0.0463867 0.584766 0.0454102 0.585156 0.0449219 0.585156 0.0439453 0.585547 0.043457 0.585547 0.0415039 0.585938 0.0410156 0.585938 0.0390625 0.586328 0.0385742 0.586328 0.0356445 0.586719 0.0351562 0.586719 0.0322266 0.586328 0.0317383 0.586328 0.03125 0.585938 0.0307617 0.585938 0.0297852 0.585156 0.0288086 0.585156 0.0283203 0.584766 0.0283203
1 0.598828 0.0224609 0.597656 0.0239258 0.597656 0.0244141 0.597266 0.0249023 0.597266 0.0253906 0.596875 0.0258789 0.596875 0.0283203 0.596484 0.0288086 0.596484 0.0341797 0.596875 0.034668 0.596875 0.0361328 0.597266 0.0366211 0.597266 0.0380859 0.597656 0.0385742 0.597656 0.0410156 0.598047 0.0415039 0.598047 0.0419922 0.598437 0.0424805 0.598437 0.0429688 0.598828 0.043457 0.598828 0.0439453 0.599219 0.0444336 0.599219 0.0449219 0.601562 0.0478516 0.601953 0.0478516 0.602344 0.0483398 0.605469 0.0483398 0.605859 0.0478516 0.607031 0.0478516 0.608203 0.0463867 0.608203 0.0458984 0.608594 0.0454102 0.608594 0.0444336 0.608984 0.0439453 0.608984 0.0366211 0.608594 0.0361328 0.608594 0.0332031 0.608203 0.0327148 0.608203 0.0317383 0.604297 0.0268555 0.603906 0.0268555 0.602734 0.0253906 0.602344 0.0253906 0.601562 0.0244141 0.601562 0.0239258 0.601172 0.0234375 0.600781 0.0234375 0.6 0.0224609
1 0.583203 0 0.583203 0.00146484 0.583594 0.00195312 0.583594 0.00244141 0.584375 0.00341797 0.584375 0.00390625 0.585156 0.00488281 0.585156 0.00537109 0.585547 0.00585938 0.585547 0.00634766 0.588672 0.0102539 0.589063 0.0102539 0.590234 0.0117188 0.590625 0.0117188 0.591797 0.0131836 0.592187 0.0131836 0.593359 0.0146484 0.59375 0.0146484 0.594141 0.0151367 0.594531 0.0151367 0.594922 0.015625 0.595313 0.015625 0.595703 0.0161133 0.596484 0.0161133 0.596875 0.0166016 0.597266 0.0166016 0.598437 0.0180664 0.598828 0.0180664 0.599219 0.0185547 0.599609 0.0185547 0.6 0.0180664 0.600391 0.0180664 0.600391 0.0175781 0.600781 0.0170898 0.600781 0.0166016 0.601172 0.0161133 0.601172 0.0146484 0.601562 0.0141602 0.601562 0.0107422 0.601172 0.0102539 0.601172 0.00683594 0.600781 0.00634766 0.600781 0.00537109 0.600391 0.00488281 0.600391 0.00439453 0.598437 0.00195312 0.598437 0
1 0.5875 0.0576172 0.585156 0.0576172 0.584766 0.0571289 0.584375 0.0571289 0.583984 0.0576172 0.583203 0.0576172 0.582031 0.059082 0.581641 0.059082 0.580859 0.0600586 0.580469 0.0600586 0.579688 0.0610352 0.579688 0.0615234 0.578906 0.0625 0.578906 0.0629883 0.578125 0.0639648 0.578125 0.0644531 0.577734 0.0649414 0.577734 0.0664062 0.577344 0.0668945 0.577344 0.0678711 0.576562 0.0688477 0.576562 0.0693359 0.575781 0.0703125 0.575781 0.0708008 0.575391 0.0712891 0.575391 0.0717773 0.575 0.0722656 0.575 0.0737305 0.574609 0.0742188 0.574609 0.0751953 0.574219 0.0756836 0.574219 0.0766602 0.573828 0.0771484 0.573828 0.0795898 0.573438 0.0800781 0.573438 0.0810547 0.573828 0.081543 0.573828 0.0844727 0.574219 0.0849609 0.574219 0.0859375 0.574609 0.0864258 0.574609 0.0878906 0.575 0.0883789 0.575 0.0893555 0.575391 0.0898438 0.575391 0.0908203 0.576172 0.0917969 0.579297 0.0917969 0.579688 0.0913086 0.580078 0.0913086 0.580859 0.090332 0.580859 0.0898438 0.581641 0.0888672 0.581641 0.0883789 0.582031 0.0878906 0.582031 0.0874023 0.582422 0.0869141 0.582422 0.0859375 0.582812 0.0854492 0.582812 0.0849609 0.583203 0.0844727 0.583203 0.0839844 0.583984 0.0830078 0.583984 0.0825195 0.584375 0.0820312 0.584375 0.0810547 0.584766 0.0805664 0.584766 0.0795898 0.585156 0.0791016 0.585156 0.0776367 0.585547 0.0771484 0.585547 0.0756836 0.585938 0.0751953 0.585938 0.0732422 0.586328 0.0727539 0.586328 0.0712891 0.586719 0.0708008 0.586719 0.0698242 0.587109 0.0693359 0.587109 0.0683594 0.5875 0.0678711 0.5875 0.0668945 0.587891 0.0664062 0.587891 0.0654297 0.588281 0.0649414 0.588281 0.0595703 0.587891 0.059082 0.587891 0.0581055
1 0.571484 0.0810547 0.567969 0.0810547 0.566406 0.0830078 0.566016 0.0830078 0.562891 0.0869141 0.562891 0.0874023 0.562109 0.0883789 0.562109 0.0893555 0.561328 0.090332 0.561328 0.0908203 0.560547 0.0917969 0.560547 0.0922852 0.559766 0.0932617 0.559766 0.09375 0.559375 0.0942383 0.559375 0.0947266 0.558984 0.0952148 0.558984 0.0957031 0.558594 0.0961914 0.558594 0.097168 0.558203 0.0976562 0.558203 0.0981445 0.557813 0.0986328 0.557813 0.0991211 0.557031 0.100098 0.557031 0.100586 0.55625 0.101562 0.55625 0.102051 0.555859 0.102539 0.555859 0.104004 0.555469 0.104492 0.555469 0.106934 0.555078 0.107422 0.555078 0.112793 0.555469 0.113281 0.555469 0.11377 0.555859 0.114258 0.555859 0.114746 0.55625 0.115234 0.558203 0.115234 0.558594 0.114746 0.559375 0.114746 0.559766 0.114258 0.560156 0.114258 0.561328 0.112793 0.561328 0.112305 0.561719 0.111816 0.561719 0.11084 0.562109 0.110352 0.562109 0.109863 0.5625 0.109375 0.5625 0.108887 0.562891 0.108398 0.562891 0.10791 0.563281 0.107422 0.563281 0.106934 0.563672 0.106445 0.563672 0.105957 0.564063 0.105469 0.564063 0.10498 0.564453 0.104492 0.564453 0.104004 0.564844 0.103516 0.564844 0.103027 0.565234 0.102539 0.565234 0.102051 0.565625 0.101562 0.565625 0.101074 0.566406 0.100098 0.566406 0.0996094 0.566797 0.0991211 0.566797 0.0986328 0.567187 0.0981445 0.567187 0.0976562 0.567969 0.0966797 0.567969 0.0961914 0.569531 0.0942383 0.569531 0.09375 0.570312 0.0927734 0.570312 0.0917969 0.570703 0.0913086 0.570703 0.0898438 0.571094 0.0893555 0.571094 0.0874023 0.571484 0.0869141 0.571484 0.0859375 0.571875 0.0854492 0.571875 0.0844727 0.572266 0.0839844 0.572266 0.0830078 0.571875 0.0825195 0.571875 0.081543
1 0.0261719 0.806152 0.0261719 0.808594 0.0257812 0.809082 0.0257812 0.810059 0.0261719 0.810547 0.0261719 0.811035 0.028125 0.813477 0.028125 0.813965 0.0285156 0.813965 0.0296875 0.81543 0.0300781 0.81543 0.0308594 0.816406 0.03125 0.816406 0.0320312 0.817383 0.0324219 0.817383 0.0328125 0.817871 0.0332031 0.817871 0.0335937 0.818359 0.0347656 0.818359 0.0351562 0.818848 0.0363281 0.818848 0.0367188 0.819336 0.0386719 0.819336 0.0390625 0.818848 0.0417969 0.818848 0.0421875 0.818359 0.0429688 0.818359 0.0433594 0.817871 0.0441406 0.817871 0.0445313 0.817383 0.0449219 0.817383 0.046875 0.814941 0.046875 0.814453 0.0472656 0.813965 0.0472656 0.812988 0.0476562 0.8125 0.0476562 0.811523 0.0480469 0.811035 0.0480469 0.810547 0.0476562 0.810059 0.0476562 0.809082 0.0472656 0.808594 0.0472656 0.807617 0.046875 0.807129 0.046875 0.806641 0.0460938 0.805664 0.0457031 0.805664 0.0449219 0.804688 0.04375 0.804688 0.0433594 0.804199 0.0421875 0.804199 0.0417969 0.803711 0.0390625 0.803711 0.0386719 0.803223 0.0328125 0.803223 0.0324219 0.803711 0.0296875 0.803711 0.0292969 0.804199 0.028125 0.804199 0.0277344 0.804688 0.0273438 0.804688
1 0.642969 0.0629883 0.642578 0.0629883 0.642188 0.0634766 0.641797 0.0634766 0.641016 0.0644531 0.641016 0.0649414 0.640625 0.0654297 0.640625 0.065918 0.640234 0.0664062 0.640234 0.0668945 0.639844 0.0673828 0.639844 0.0678711 0.639453 0.0683594 0.639453 0.0688477 0.638672 0.0698242 0.638672 0.0703125 0.638281 0.0708008 0.638281 0.0717773 0.637891 0.0722656 0.637891 0.0737305 0.6375 0.0742188 0.6375 0.0761719 0.637109 0.0766602 0.637109 0.0869141 0.6375 0.0874023 0.6375 0.0898438 0.637891 0.090332 0.637891 0.0913086 0.638281 0.0917969 0.638281 0.0922852 0.638672 0.0922852 0.639062 0.0927734 0.642188 0.0927734 0.642578 0.0922852 0.642969 0.0922852 0.64375 0.0913086 0.64375 0.0908203 0.644141 0.090332 0.644141 0.0898438 0.644531 0.0893555 0.644531 0.0883789 0.644922 0.0878906 0.644922 0.0864258 0.645312 0.0859375 0.645312 0.0839844 0.645703 0.0834961 0.645703 0.0825195 0.646094 0.0820312 0.646094 0.081543 0.646484 0.0810547 0.646484 0.0805664 0.646875 0.0800781 0.646875 0.0776367 0.647266 0.0771484 0.647266 0.074707 0.646875 0.0742188 0.646875 0.0712891 0.646484 0.0708008 0.646484 0.0693359 0.646094 0.0688477 0.646094 0.0678711 0.645703 0.0673828 0.645703 0.0668945 0.644922 0.065918 0.644922 0.0654297 0.644141 0.0644531 0.644141 0.0639648 0.64375 0.0634766 0.643359 0.0634766
1 0.611719 0.101074 0.611328 0.101074 0.610938 0.100586 0.610547 0.100586 0.609766 0.101562 0.609375 0.101562 0.608984 0.102051 0.607812 0.102051 0.607422 0.102539 0.606641 0.102539 0.605859 0.103516 0.605469 0.103516 0.604688 0.104492 0.604297 0.104492 0.603906 0.10498 0.603516 0.10498 0.602734 0.105957 0.602344 0.105957 0.601172 0.107422 0.600781 0.107422 0.599609 0.108887 0.599219 0.108887 0.598437 0.109863 0.598047 0.109863 0.597266 0.11084 0.596875 0.11084 0.596484 0.111328 0.596484 0.111816 0.595703 0.112793 0.595703 0.11377 0.595313 0.114258 0.595313 0.114746 0.594922 0.115234 0.594922 0.116211 0.594531 0.116699 0.594531 0.117676 0.594141 0.118164 0.594141 0.120117 0.59375 0.120605 0.59375 0.124023 0.594141 0.124512 0.594141 0.125977 0.594922 0.126953 0.596484 0.126953 0.596875 0.126465 0.597266 0.126465 0.598047 0.125488 0.598437 0.125488 0.598828 0.125 0.599219 0.125 0.599609 0.124512 0.6 0.124512 0.601953 0.12207 0.601953 0.121582 0.603125 0.120117 0.603125 0.119629 0.605078 0.117188 0.605469 0.117188 0.607422 0.114746 0.607422 0.114258 0.608203 0.113281 0.608203 0.112793 0.608594 0.112305 0.608594 0.111816 0.608984 0.111328 0.608984 0.11084 0.609375 0.110352 0.609375 0.109863 0.610156 0.108887 0.610156 0.108398 0.610547 0.10791 0.610547 0.107422 0.610938 0.106934 0.610938 0.106445 0.611719 0.105469 0.611719 0.10498 0.612109 0.104492 0.612109 0.102051 0.611719 0.101562
1 0.392969 0.012207 0.392578 0.0126953 0.391797 0.0126953 0.390625 0.0141602 0.390625 0.0146484 0.389453 0.0161133 0.389453 0.0166016 0.389062 0.0170898 0.389062 0.0180664 0.388672 0.0185547 0.388672 0.0195312 0.388281 0.0200195 0.388281 0.0214844 0.387891 0.0219727 0.387891 0.0302734 0.388281 0.0307617 0.388281 0.0322266 0.388672 0.0327148 0.388672 0.0336914 0.389062 0.0341797 0.389062 0.034668 0.389453 0.0351562 0.389453 0.0356445 0.389844 0.0361328 0.389844 0.0366211 0.390234 0.0371094 0.390234 0.0380859 0.391016 0.0390625 0.391016 0.0395508 0.391406 0.0400391 0.391406 0.0405273 0.392578 0.0419922 0.392969 0.0419922 0.39375 0.0429688 0.394141 0.0429688 0.394922 0.0439453 0.395313 0.0439453 0.395703 0.0444336 0.398047 0.0444336 0.398438 0.0439453 0.398828 0.0439453 0.399219 0.043457 0.399609 0.043457 0.400391 0.0424805 0.400391 0.0419922 0.400781 0.0415039 0.400781 0.0405273 0.401172 0.0400391 0.401172 0.0361328 0.401562 0.0356445 0.401562 0.0288086 0.401172 0.0283203 0.401172 0.0244141 0.400781 0.0239258 0.400781 0.0229492 0.400391 0.0224609 0.400391 0.0214844 0.4 0.0209961 0.4 0.0200195 0.399609 0.0195312 0.399609 0.0185547 0.399219 0.0180664 0.399219 0.0175781 0.398828 0.0170898 0.398828 0.0166016 0.397656 0.0151367 0.397656 0.0146484 0.397266 0.0141602 0.397266 0.0136719 0.396875 0.0131836 0.396484 0.0131836 0.396094 0.0126953 0.39375 0.0126953 0.393359 0.012207
1 0.369141 0.0136719 0.368359 0.0146484 0.368359 0.0151367 0.367969 0.015625 0.367969 0.0166016 0.367578 0.0170898 0.367578 0.0195312 0.367188 0.0200195 0.367188 0.0234375 0.367578 0.0239258 0.367578 0.027832 0.367969 0.0283203 0.367969 0.0302734 0.368359 0.0307617 0.368359 0.0317383 0.36875 0.0322266 0.36875 0.0327148 0.369141 0.0332031 0.369141 0.0336914 0.371094 0.0361328 0.371094 0.0366211 0.372266 0.0380859 0.372656 0.0380859 0.373047 0.0385742 0.375391 0.0385742 0.375781 0.0380859 0.377344 0.0380859 0.378125 0.0371094 0.378125 0.0366211 0.378516 0.0361328 0.378516 0.0351562 0.378906 0.034668 0.378906 0.0302734 0.378516 0.0297852 0.378516 0.0273438 0.378125 0.0268555 0.378125 0.0249023 0.377734 0.0244141 0.377734 0.0239258 0.376953 0.0229492 0.376953 0.0224609 0.376563 0.0219727 0.376563 0.0214844 0.375781 0.0205078 0.375781 0.0200195 0.375391 0.0195312 0.375391 0.019043 0.375 0.0185547 0.375 0.0180664 0.374219 0.0170898 0.374219 0.0166016 0.373047 0.0151367 0.372656 0.0151367 0.372266 0.0146484 0.371875 0.0146484 0.371484 0.0141602 0.370703 0.0141602 0.370312 0.0136719
1 0.20625 0.0795898 0.205859 0.0791016 0.205469 0.0791016 0.205078 0.0786133 0.203906 0.0786133 0.203516 0.078125 0.201953 0.078125 0.201563 0.0776367 0.197656 0.0776367 0.197266 0.078125 0.195703 0.078125 0.195312 0.0786133 0.19375 0.0786133 0.193359 0.0791016 0.192578 0.0791016 0.192188 0.0795898 0.191797 0.0795898 0.191406 0.0800781 0.191016 0.0800781 0.190625 0.0805664 0.190234 0.0805664 0.189453 0.081543 0.189453 0.0820312 0.189062 0.0825195 0.189062 0.0830078 0.188672 0.0834961 0.188672 0.0844727 0.188281 0.0849609 0.188281 0.0859375 0.187891 0.0864258 0.187891 0.0908203 0.188281 0.0913086 0.188281 0.0927734 0.188672 0.0932617 0.188672 0.09375 0.189062 0.0942383 0.189453 0.0942383 0.189844 0.0947266 0.190234 0.0947266 0.190625 0.0952148 0.191016 0.0952148 0.191406 0.0957031 0.191797 0.0957031 0.192188 0.0961914 0.195312 0.0961914 0.195703 0.0957031 0.197266 0.0957031 0.197656 0.0952148 0.2 0.0952148 0.200391 0.0947266 0.201172 0.0947266 0.203125 0.0922852 0.203125 0.0917969 0.203906 0.0908203 0.203906 0.090332 0.205859 0.0878906 0.205859 0.0874023 0.20625 0.0869141 0.20625 0.0854492 0.206641 0.0849609 0.206641 0.0805664 0.20625 0.0800781
1 0.182031 0.0913086 0.18125 0.0922852 0.18125 0.0927734 0.180859 0.0932617 0.180859 0.0947266 0.180469 0.0952148 0.180469 0.101562 0.180859 0.102051 0.180859 0.104004 0.18125 0.104492 0.18125 0.10498 0.181641 0.105469 0.181641 0.105957 0.182031 0.106445 0.182031 0.106934 0.182812 0.10791 0.183203 0.10791 0.184766 0.109863 0.184766 0.110352 0.185938 0.111816 0.186328 0.111816 0.187109 0.112793 0.1875 0.112793 0.189062 0.114746 0.189453 0.114746 0.189844 0.115234 0.190234 0.115234 0.190625 0.115723 0.191406 0.115723 0.191797 0.116211 0.192578 0.116211 0.192969 0.116699 0.193359 0.116699 0.19375 0.117188 0.194531 0.117188 0.194922 0.117676 0.195703 0.117676 0.196484 0.118652 0.197266 0.118652 0.197656 0.119141 0.198828 0.119141 0.199219 0.119629 0.201953 0.119629 0.201953 0.119141 0.202344 0.118652 0.202344 0.118164 0.201953 0.117676 0.201953 0.114746 0.201563 0.114258 0.201563 0.11377 0.201172 0.113281 0.201172 0.112793 0.200391 0.111816 0.200391 0.111328 0.198828 0.109375 0.198828 0.108887 0.196875 0.106445 0.196875 0.105957 0.196094 0.10498 0.196094 0.104492 0.195312 0.103516 0.195312 0.103027 0.194922 0.102539 0.194922 0.102051 0.194531 0.101562 0.194531 0.101074 0.192969 0.0991211 0.192969 0.0986328 0.192188 0.0976562 0.191797 0.0976562 0.191016 0.0966797 0.190625 0.0966797 0.189844 0.0957031 0.189453 0.0957031 0.189062 0.0952148 0.188672 0.0952148 0.185938 0.0917969 0.185547 0.0917969 0.185156 0.0913086
1 0.13125 0.0869141 0.130859 0.0864258 0.130469 0.0864258 0.130078 0.0859375 0.129688 0.0859375 0.129297 0.0854492 0.128906 0.0854492 0.128516 0.0849609 0.124609 0.0849609 0.124219 0.0854492 0.122656 0.0854492 0.122266 0.0859375 0.121875 0.0859375 0.121484 0.0864258 0.121094 0.0864258 0.120703 0.0869141 0.120313 0.0869141 0.119922 0.0874023 0.119531 0.0874023 0.11875 0.0883789 0.118359 0.0883789 0.118359 0.0888672 0.114062 0.0942383 0.114062 0.0947266 0.113281 0.0957031 0.113281 0.0961914 0.112891 0.0966797 0.112891 0.097168 0.1125 0.0976562 0.1125 0.0981445 0.112109 0.0986328 0.112109 0.0991211 0.111719 0.0996094 0.111719 0.101562 0.111328 0.102051 0.111328 0.104004 0.112109 0.10498 0.1125 0.10498 0.112891 0.105469 0.113281 0.105469 0.113672 0.105957 0.114062 0.105957 0.114453 0.106445 0.115234 0.106445 0.115625 0.106934 0.117969 0.106934 0.118359 0.107422 0.119141 0.107422 0.119531 0.106934 0.121484 0.106934 0.121875 0.106445 0.123047 0.106445 0.123828 0.105469 0.124219 0.105469 0.129297 0.0991211 0.129297 0.0986328 0.130469 0.097168 0.130469 0.0966797 0.130859 0.0961914 0.130859 0.0957031 0.13125 0.0952148 0.13125 0.0942383 0.131641 0.09375 0.131641 0.0878906 0.13125 0.0874023
1 0.0722656 0.0512695 0.0691406 0.0512695 0.0679687 0.0527344 0.0679687 0.0532227 0.0675781 0.0537109 0.0675781 0.0546875 0.0671875 0.0551758 0.0671875 0.0561523 0.0667969 0.0566406 0.0667969 0.0581055 0.0664062 0.0585938 0.0664062 0.0595703 0.0660156 0.0600586 0.0660156 0.0605469 0.065625 0.0610352 0.065625 0.0615234 0.0648438 0.0625 0.0648438 0.0629883 0.0644531 0.0634766 0.0644531 0.0639648 0.0640625 0.0644531 0.0640625 0.0678711 0.0636719 0.0683594 0.0636719 0.0742188 0.0640625 0.074707 0.0640625 0.0771484 0.0644531 0.0776367 0.0644531 0.0791016 0.0648438 0.0795898 0.0648438 0.0805664 0.0652344 0.0810547 0.0652344 0.0820312 0.065625 0.0825195 0.065625 0.0839844 0.0660156 0.0844727 0.0660156 0.0869141 0.0664062 0.0874023 0.0664062 0.0883789 0.0671875 0.0893555 0.0671875 0.0898438 0.0675781 0.090332 0.0691406 0.090332 0.0699219 0.0893555 0.0699219 0.0888672 0.0703125 0.0883789 0.0703125 0.0878906 0.0707031 0.0874023 0.0707031 0.0864258 0.0710937 0.0859375 0.0710937 0.0844727 0.0714844 0.0839844 0.0714844 0.0830078 0.071875 0.0825195 0.071875 0.081543 0.0722656 0.0810547 0.0722656 0.0800781 0.0730469 0.0791016 0.0730469 0.078125 0.0734375 0.0776367 0.0734375 0.0771484 0.0738281 0.0766602 0.0738281 0.0761719 0.0742188 0.0756836 0.0742188 0.0742188 0.0746094 0.0737305 0.0746094 0.0717773 0.075 0.0712891 0.075 0.0678711 0.0753906 0.0673828 0.0753906 0.0629883 0.075 0.0625 0.075 0.0600586 0.0746094 0.0595703 0.0746094 0.0581055 0.0742188 0.0576172 0.0742188 0.0561523 0.0738281 0.0556641 0.0738281 0.0551758 0.0734375 0.0546875 0.0734375 0.0537109 0.0730469 0.0532227 0.0730469 0.0527344 0.0726563 0.0522461 0.0726563 0.0517578
1 0.0414062 0.111816 0.0410156 0.112305 0.0410156 0.112793 0.040625 0.113281 0.040625 0.114258 0.0402344 0.114746 0.0402344 0.115723 0.040625 0.116211 0.040625 0.117676 0.0410156 0.118164 0.0410156 0.119141 0.0414062 0.119629 0.0414062 0.120605 0.0421875 0.121582 0.0421875 0.12207 0.0425781 0.122559 0.0425781 0.123047 0.04375 0.124512 0.04375 0.125 0.0441406 0.125488 0.0441406 0.125977 0.0457031 0.12793 0.0460938 0.12793 0.0472656 0.129395 0.0472656 0.129883 0.0476562 0.130371 0.0476562 0.131348 0.0480469 0.131836 0.0480469 0.132324 0.0484375 0.132812 0.0503906 0.132812 0.0511719 0.131836 0.0511719 0.131348 0.053125 0.128906 0.0535156 0.128906 0.0535156 0.128418 0.0539063 0.12793 0.0539063 0.123047 0.0535156 0.122559 0.0535156 0.121582 0.053125 0.121094 0.053125 0.120605 0.0527344 0.120117 0.0527344 0.119629 0.0515625 0.118164 0.0511719 0.118164 0.0488281 0.115234 0.0484375 0.115234 0.0476562 0.114258 0.0472656 0.114258 0.0460938 0.112793 0.0457031 0.112793 0.0449219 0.111816
1 0.0476562 0.14502 0.0472656 0.144531 0.0472656 0.144043 0.046875 0.143555 0.046875 0.143066 0.0457031 0.141602 0.0453125 0.141602 0.0449219 0.141113 0.0429688 0.141113 0.0425781 0.140625 0.0375 0.140625 0.0371094 0.141113 0.034375 0.141113 0.0339844 0.141602 0.0324219 0.141602 0.0320312 0.14209 0.0316406 0.14209 0.03125 0.142578 0.0308594 0.142578 0.0304687 0.143066 0.0300781 0.143066 0.0296875 0.143555 0.0292969 0.143555 0.0257812 0.147949 0.0257812 0.148438 0.0253906 0.148926 0.0253906 0.149414 0.025 0.149902 0.025 0.153809 0.0253906 0.154297 0.0253906 0.154785 0.0265625 0.15625 0.0269531 0.15625 0.028125 0.157715 0.0285156 0.157715 0.0289063 0.158203 0.0296875 0.158203 0.0300781 0.158691 0.0316406 0.158691 0.0320312 0.15918 0.0382813 0.15918 0.0386719 0.158691 0.0398437 0.158691 0.0402344 0.158203 0.040625 0.158203 0.0410156 0.157715 0.0417969 0.157715 0.0421875 0.157227 0.0425781 0.157227 0.0429688 0.156738 0.0433594 0.156738 0.04375 0.15625 0.0441406 0.15625 0.0445313 0.155762 0.0449219 0.155762 0.0453125 0.155273 0.0457031 0.155273 0.046875 0.153809 0.046875 0.152832 0.0472656 0.152344 0.0472656 0.150391 0.0476562 0.149902
1 0.00820313 0.789062 0.00820313 0.789551 0.0078125 0.790039 0.0078125 0.790527 0.00742187 0.791016 0.00742187 0.791504 0.0078125 0.791992 0.0078125 0.792969 0.00820313 0.793457 0.00820313 0.794434 0.00859375 0.794922 0.00859375 0.79541 0.0101563 0.797363 0.0105469 0.797363 0.0132812 0.800781 0.0136719 0.800781 0.0144531 0.801758 0.0148437 0.801758 0.015625 0.802734 0.0160156 0.802734 0.0167969 0.803711 0.0179687 0.803711 0.0183594 0.804199 0.021875 0.804199 0.0226562 0.803223 0.0226562 0.802246 0.0230469 0.801758 0.0230469 0.797852 0.0226562 0.797363 0.0226562 0.796875 0.0222656 0.796387 0.0222656 0.795898 0.0210938 0.794434 0.0210938 0.793945 0.0207031 0.793945 0.0183594 0.791016 0.0179687 0.791016 0.0175781 0.790527 0.0171875 0.790527 0.0167969 0.790039 0.0164063 0.790039 0.0160156 0.789551 0.015625 0.789551 0.0152344 0.789062 0.0148437 0.789062 0.0144531 0.788574 0.0136719 0.788574 0.0132812 0.788086 0.009375 0.788086 0.00898437 0.788574 0.00859375 0.788574
1 0.0609375 0.124512 0.0597656 0.124512 0.0589844 0.125488 0.0589844 0.125977 0.0582031 0.126953 0.0582031 0.127441 0.0570312 0.128906 0.0570312 0.129395 0.0566406 0.129883 0.0566406 0.130371 0.05625 0.130859 0.05625 0.131348 0.0558594 0.131836 0.0558594 0.132324 0.0554687 0.132812 0.0554687 0.133789 0.0550781 0.134277 0.0550781 0.13623 0.0546875 0.136719 0.0546875 0.138184 0.0542969 0.138672 0.0542969 0.13916 0.0539063 0.139648 0.0539063 0.140137 0.0535156 0.140625 0.0535156 0.141113 0.053125 0.141602 0.053125 0.14209 0.0527344 0.142578 0.0527344 0.143066 0.0523438 0.143555 0.0523438 0.144043 0.0519531 0.144531 0.0519531 0.145508 0.0515625 0.145996 0.0515625 0.146973 0.0511719 0.147461 0.0511719 0.148438 0.0507812 0.148926 0.0507812 0.149902 0.0503906 0.150391 0.0503906 0.15332 0.05 0.153809 0.05 0.162598 0.0503906 0.163086 0.0503906 0.166504 0.0507812 0.166992 0.0507812 0.167969 0.0511719 0.168457 0.0511719 0.168945 0.0519531 0.169922 0.0519531 0.17041 0.0523438 0.170898 0.0527344 0.170898 0.053125 0.171387 0.0539063 0.171387 0.0542969 0.170898 0.05625 0.170898 0.0574219 0.169434 0.0574219 0.168945 0.0578125 0.168457 0.0578125 0.16748 0.0582031 0.166992 0.0582031 0.165039 0.0585938 0.164551 0.0585938 0.162109 0.0589844 0.161621 0.0589844 0.159668 0.059375 0.15918 0.059375 0.157227 0.0597656 0.156738 0.0597656 0.155762 0.0601563 0.155273 0.0601563 0.153809 0.0605469 0.15332 0.0605469 0.151367 0.0609375 0.150879 0.0609375 0.149414 0.0613281 0.148926 0.0613281 0.147949 0.0617188 0.147461 0.0617188 0.14502 0.0621094 0.144531 0.0621094 0.141602 0.0625 0.141113 0.0625 0.138672 0.0628906 0.138184 0.0628906 0.133301 0.0632812 0.132812 0.0632812 0.129395 0.0628906 0.128906 0.0628906 0.12793 0.0625 0.127441 0.0625 0.126953 0.0621094 0.126465 0.0621094 0.125977
1 0.0234375 0.228516 0.0234375 0.229492 0.0238281 0.22998 0.0238281 0.231934 0.0242188 0.232422 0.0242188 0.23291 0.0253906 0.234375 0.0257812 0.234375 0.0261719 0.234863 0.0265625 0.234863 0.0269531 0.235352 0.0277344 0.235352 0.028125 0.23584 0.0285156 0.23584 0.0289063 0.236328 0.0320312 0.236328 0.0324219 0.236816 0.0332031 0.236816 0.0335937 0.236328 0.0355469 0.236328 0.0359375 0.23584 0.0371094 0.23584 0.0375 0.235352 0.0378906 0.235352 0.0382813 0.234863 0.0386719 0.234863 0.0394531 0.233887 0.0398437 0.233887 0.0402344 0.233398 0.040625 0.233398 0.0410156 0.23291 0.0410156 0.230469 0.040625 0.22998 0.040625 0.229004 0.0402344 0.228516 0.0398437 0.228516 0.0394531 0.228027 0.0390625 0.228027 0.0386719 0.227539 0.0375 0.227539 0.0371094 0.227051 0.0351562 0.227051 0.0347656 0.226562 0.0332031 0.226562 0.0328125 0.226074 0.0316406 0.226074 0.03125 0.225586 0.0296875 0.225586 0.0292969 0.225098 0.0285156 0.225098 0.028125 0.225586 0.0257812 0.225586 0.0253906 0.226074 0.025 0.226074 0.0238281 0.227539 0.0238281 0.228027
1 0.227344 0.48584 0.227344 0.488281 0.227734 0.48877 0.227734 0.489258 0.228906 0.490723 0.229687 0.490723 0.230078 0.491211 0.230859 0.491211 0.23125 0.491699 0.232031 0.491699 0.232422 0.492188 0.233203 0.492188 0.233594 0.492676 0.234375 0.492676 0.234766 0.493164 0.235156 0.493164 0.235547 0.493652 0.236328 0.493652 0.236719 0.494141 0.2375 0.494141 0.237891 0.494629 0.239063 0.494629 0.239453 0.495117 0.241016 0.495117 0.241406 0.495605 0.248828 0.495605 0.249219 0.495117 0.250391 0.495117 0.250781 0.494629 0.251953 0.494629 0.252344 0.494141 0.253125 0.494141 0.253516 0.493652 0.253906 0.493652 0.254297 0.493164 0.254688 0.493164 0.255078 0.492676 0.255469 0.492676 0.256641 0.491211 0.256641 0.48877 0.25625 0.488281 0.25625 0.487305 0.255469 0.486328 0.255469 0.48584 0.255078 0.48584 0.254688 0.485352 0.254297 0.485352 0.253125 0.483887 0.252734 0.483887 0.251563 0.482422 0.251172 0.482422 0.250781 0.481934 0.250391 0.481934 0.25 0.481445 0.249609 0.481445 0.249219 0.480957 0.248828 0.480957 0.248438 0.480469 0.247266 0.480469 0.246875 0.47998 0.245312 0.47998 0.244922 0.479492 0.242578 0.479492 0.242188 0.47998 0.239063 0.47998 0.238672 0.480469 0.236328 0.480469 0.235937 0.480957 0.235547 0.480957 0.235156 0.481445 0.234766 0.481445 0.234375 0.481934 0.233984 0.481934 0.233594 0.482422 0.233203 0.482422 0.232813 0.48291 0.232422 0.48291 0.231641 0.483887 0.23125 0.483887 0.230859 0.484375 0.229687 0.484375 0.229297 0.484863 0.228516 0.484863 0.228125 0.485352 0.227734 0.485352
1 0.230078 0.389648 0.229687 0.389648 0.229297 0.38916 0.228516 0.38916 0.228125 0.389648 0.227734 0.389648 0.226953 0.390625 0.226562 0.390625 0.226172 0.391113 0.225781 0.391113 0.225391 0.391602 0.225 0.391602 0.224609 0.39209 0.224219 0.39209 0.223828 0.392578 0.223438 0.392578 0.222656 0.393555 0.222266 0.393555 0.221484 0.394531 0.221094 0.394531 0.220312 0.395508 0.219922 0.395508 0.217969 0.397949 0.217578 0.397949 0.216797 0.398926 0.216406 0.398926 0.216016 0.399414 0.215625 0.399414 0.215234 0.399902 0.214844 0.399902 0.213672 0.401367 0.213281 0.401367 0.212109 0.402832 0.212109 0.40332 0.211328 0.404297 0.211328 0.404785 0.210938 0.405273 0.210938 0.405762 0.210547 0.40625 0.210547 0.406738 0.210156 0.407227 0.210156 0.407715 0.209766 0.408203 0.209766 0.408691 0.208984 0.409668 0.208984 0.410156 0.208203 0.411133 0.208203 0.411621 0.207813 0.412109 0.207813 0.412598 0.207422 0.413086 0.207422 0.413574 0.207031 0.414062 0.207031 0.415039 0.206641 0.415527 0.206641 0.41748 0.207031 0.417969 0.207031 0.419434 0.208203 0.420898 0.210547 0.420898 0.210938 0.42041 0.212109 0.42041 0.2125 0.419922 0.213281 0.419922 0.213672 0.419434 0.214062 0.419434 0.214453 0.418945 0.214844 0.418945 0.215234 0.418457 0.215625 0.418457 0.216016 0.417969 0.216406 0.417969 0.216797 0.41748 0.217188 0.41748 0.219141 0.415039 0.219531 0.415039 0.220312 0.414062 0.220703 0.414062 0.221094 0.413574 0.221484 0.413574 0.222266 0.412598 0.222656 0.412598 0.224609 0.410156 0.224609 0.409668 0.225391 0.408691 0.225391 0.408203 0.225781 0.407715 0.225781 0.407227 0.226562 0.40625 0.226562 0.405762 0.226953 0.405273 0.226953 0.404785 0.227734 0.403809 0.227734 0.40332 0.228516 0.402344 0.228516 0.401855 0.229297 0.400879 0.229297 0.400391 0.229687 0.399902 0.229687 0.398926 0.230078 0.398438 0.230078 0.397949 0.230469 0.397461 0.230469 0.396973 0.230859 0.396484 0.230859 0.39502 0.23125 0.394531 0.23125 0.391602 0.230859 0.391113 0.230859 0.390625
1 0.882031 0.03125 0.880469 0.0332031 0.880469 0.0336914 0.880078 0.0341797 0.880078 0.034668 0.879687 0.0351562 0.879687 0.0375977 0.880469 0.0385742 0.880469 0.0395508 0.880859 0.0400391 0.880859 0.0405273 0.88125 0.0410156 0.88125 0.0415039 0.882422 0.0429688 0.882422 0.043457 0.884375 0.0458984 0.884766 0.0458984 0.885938 0.0473633 0.886328 0.0473633 0.8875 0.0488281 0.888281 0.0488281 0.888672 0.0493164 0.889062 0.0493164 0.889453 0.0498047 0.895312 0.0498047 0.896484 0.0483398 0.896484 0.0429688 0.896094 0.0424805 0.896094 0.0415039 0.894531 0.0395508 0.894531 0.0390625 0.892969 0.0371094 0.892578 0.0371094 0.889453 0.0332031 0.889062 0.0332031 0.888281 0.0322266 0.887891 0.0322266 0.8875 0.0317383 0.886328 0.0317383 0.885938 0.03125
1 0.194141 0.37207 0.192969 0.37207 0.192188 0.373047 0.191797 0.373047 0.190234 0.375 0.189844 0.375 0.189453 0.375488 0.189062 0.375488 0.188281 0.376465 0.187891 0.376465 0.187109 0.377441 0.187109 0.37793 0.186719 0.378418 0.186719 0.378906 0.186328 0.379395 0.186328 0.380371 0.185938 0.380859 0.185938 0.381348 0.184766 0.382812 0.184375 0.382812 0.183984 0.383301 0.183984 0.383789 0.183594 0.384277 0.183594 0.384766 0.183203 0.385254 0.183203 0.385742 0.182812 0.38623 0.182812 0.387207 0.182422 0.387695 0.182422 0.388672 0.181641 0.389648 0.181641 0.390137 0.18125 0.390625 0.18125 0.391602 0.180859 0.39209 0.180859 0.393555 0.18125 0.394043 0.18125 0.395996 0.181641 0.396484 0.181641 0.398438 0.182031 0.398926 0.182031 0.399414 0.182422 0.399902 0.182812 0.399902 0.183203 0.400391 0.184375 0.400391 0.184766 0.400879 0.185156 0.400879 0.185547 0.400391 0.186328 0.400391 0.186328 0.399902 0.188281 0.397461 0.188281 0.396973 0.191016 0.393555 0.191016 0.393066 0.191406 0.392578 0.191406 0.39209 0.192188 0.391113 0.192188 0.390625 0.193359 0.38916 0.193359 0.388672 0.194141 0.387695 0.194141 0.386719 0.194531 0.38623 0.194531 0.385742 0.194922 0.385254 0.194922 0.384766 0.195312 0.384277 0.195312 0.383301 0.195703 0.382812 0.195703 0.381836 0.196094 0.381348 0.196094 0.379395 0.196484 0.378906 0.196484 0.375977 0.196094 0.375488 0.196094 0.374512
1 0.186719 0.357422 0.185547 0.357422 0.183594 0.359863 0.183203 0.359863 0.182422 0.36084 0.182031 0.36084 0.18125 0.361816 0.18125 0.362305 0.180859 0.362793 0.180859 0.363281 0.180469 0.36377 0.180469 0.364746 0.180078 0.365234 0.180078 0.366211 0.179688 0.366699 0.179688 0.367188 0.179297 0.367676 0.179297 0.368652 0.178906 0.369141 0.178906 0.369629 0.178516 0.370117 0.178516 0.371094 0.178125 0.371582 0.178125 0.37207 0.177734 0.372559 0.177734 0.373535 0.177344 0.374023 0.177344 0.375 0.176953 0.375488 0.176953 0.377441 0.176563 0.37793 0.176563 0.384277 0.176953 0.384766 0.176953 0.385254 0.177734 0.38623 0.178516 0.38623 0.178906 0.385742 0.179688 0.385742 0.180469 0.384766 0.180859 0.384766 0.182422 0.382812 0.182422 0.382324 0.182812 0.381836 0.182812 0.381348 0.183594 0.380371 0.183594 0.379883 0.183984 0.379395 0.183984 0.378906 0.184766 0.37793 0.184766 0.377441 0.185156 0.376953 0.185156 0.376465 0.185938 0.375488 0.185938 0.375 0.186328 0.374512 0.186328 0.374023 0.186719 0.373535 0.186719 0.37207 0.187109 0.371582 0.187109 0.369629 0.1875 0.369141 0.1875 0.367676 0.187891 0.367188 0.187891 0.366211 0.188281 0.365723 0.188281 0.362793 0.188672 0.362305 0.188672 0.36084 0.188281 0.360352 0.188281 0.359375 0.187891 0.358887 0.187891 0.358398 0.1875 0.35791 0.187109 0.35791
1 0.275 0.410156 0.274609 0.410156 0.272266 0.413086 0.272266 0.413574 0.271875 0.414062 0.271875 0.414551 0.271094 0.415527 0.271094 0.416016 0.270703 0.416504 0.270703 0.416992 0.268359 0.419922 0.267969 0.419922 0.267969 0.42041 0.267578 0.420898 0.267578 0.421387 0.266797 0.422363 0.266797 0.422852 0.266016 0.423828 0.266016 0.424316 0.265234 0.425293 0.265234 0.425781 0.264844 0.42627 0.264844 0.426758 0.264062 0.427734 0.264062 0.428223 0.263281 0.429199 0.263281 0.429688 0.2625 0.430664 0.2625 0.433105 0.262891 0.433594 0.262891 0.434082 0.263281 0.43457 0.264453 0.43457 0.264844 0.434082 0.265625 0.434082 0.266016 0.433594 0.266797 0.433594 0.267188 0.433105 0.267578 0.433105 0.267969 0.432617 0.268359 0.432617 0.270703 0.429688 0.271094 0.429688 0.272656 0.427734 0.272656 0.427246 0.273047 0.426758 0.273047 0.42627 0.273828 0.425293 0.273828 0.424805 0.274219 0.424316 0.274219 0.423828 0.274609 0.42334 0.274609 0.422852 0.275391 0.421875 0.275391 0.421387 0.276172 0.42041 0.276172 0.418945 0.276562 0.418457 0.276562 0.415039 0.276172 0.414551 0.276172 0.413086 0.275781 0.412598 0.275781 0.411621 0.275391 0.411133 0.275391 0.410645
1 0.129688 0.814941 0.128516 0.814941 0.128125 0.814453 0.126953 0.814453 0.126562 0.814941 0.126172 0.814941 0.126172 0.81543 0.125 0.816895 0.125 0.817383 0.124219 0.818359 0.124219 0.818848 0.118359 0.826172 0.118359 0.82666 0.117578 0.827637 0.117578 0.828125 0.116016 0.830078 0.116016 0.830566 0.111328 0.836426 0.110937 0.836426 0.109766 0.837891 0.109766 0.838379 0.109375 0.838867 0.109375 0.839844 0.108984 0.840332 0.108984 0.84375 0.109375 0.844238 0.109375 0.844727 0.110547 0.846191 0.110937 0.846191 0.111328 0.84668 0.114844 0.84668 0.115234 0.846191 0.115625 0.846191 0.117578 0.84375 0.117969 0.84375 0.11875 0.842773 0.119141 0.842773 0.119922 0.841797 0.120313 0.841797 0.120703 0.841309 0.121094 0.841309 0.121484 0.84082 0.122266 0.84082 0.122656 0.840332 0.123047 0.840332 0.125 0.837891 0.125 0.837402 0.128125 0.833496 0.128125 0.833008 0.128516 0.83252 0.128516 0.832031 0.128906 0.831543 0.128906 0.831055 0.129297 0.830566 0.129297 0.82959 0.129688 0.829102 0.129688 0.827637 0.130078 0.827148 0.130078 0.82666 0.130469 0.826172 0.130469 0.82373 0.130859 0.823242 0.130859 0.816895 0.130469 0.816406 0.130469 0.815918
1 0.113281 0.844238 0.1125 0.845215 0.1125 0.845703 0.112109 0.846191 0.112109 0.84668 0.111719 0.847168 0.111719 0.850586 0.112109 0.851074 0.112109 0.851562 0.1125 0.852051 0.1125 0.854004 0.112891 0.854492 0.112891 0.856934 0.113281 0.857422 0.113281 0.858887 0.113672 0.859375 0.113672 0.86084 0.114062 0.861328 0.114062 0.863281 0.114453 0.86377 0.114453 0.865234 0.114844 0.865723 0.114844 0.866211 0.115234 0.866699 0.115234 0.867188 0.115625 0.867676 0.115625 0.868164 0.116016 0.868652 0.116016 0.869141 0.116406 0.869629 0.116406 0.870117 0.117578 0.871582 0.117578 0.87207 0.117969 0.872559 0.118359 0.872559 0.119531 0.874023 0.119922 0.874023 0.120313 0.874512 0.120703 0.874512 0.121484 0.875488 0.121875 0.875488 0.122656 0.876465 0.123047 0.876465 0.123438 0.876953 0.124219 0.876953 0.124609 0.877441 0.125 0.877441 0.125391 0.87793 0.128125 0.87793 0.128516 0.877441 0.128906 0.877441 0.129297 0.876953 0.129297 0.876465 0.129688 0.875977 0.129688 0.875 0.130078 0.874512 0.130078 0.865723 0.129688 0.865234 0.129688 0.863281 0.129297 0.862793 0.129297 0.861328 0.128516 0.860352 0.128516 0.859863 0.127734 0.858887 0.127734 0.858398 0.126562 0.856934 0.126562 0.856445 0.125391 0.85498 0.125391 0.854492 0.125 0.854004 0.125 0.853516 0.123438 0.851562 0.123438 0.851074 0.122656 0.850098 0.122266 0.850098 0.121484 0.849121 0.121094 0.849121 0.119922 0.847656 0.119531 0.847656 0.119141 0.847168 0.11875 0.847168 0.118359 0.84668 0.117969 0.84668 0.115625 0.84375 0.114062 0.84375 0.113672 0.844238
1 0.0476562 0.872559 0.046875 0.873535 0.0464844 0.873535 0.0449219 0.875488 0.0449219 0.875977 0.0445313 0.876465 0.0445313 0.87793 0.0441406 0.878418 0.0441406 0.881836 0.0445313 0.882324 0.0445313 0.883301 0.0449219 0.883789 0.0449219 0.884766 0.0453125 0.885254 0.0453125 0.88623 0.0457031 0.886719 0.0457031 0.887695 0.0460938 0.888184 0.0460938 0.88916 0.046875 0.890137 0.046875 0.890625 0.0484375 0.892578 0.0488281 0.892578 0.0492187 0.893066 0.0496094 0.893066 0.05 0.893555 0.0511719 0.893555 0.0515625 0.894043 0.0539063 0.894043 0.0542969 0.894531 0.0566406 0.894531 0.0570312 0.894043 0.0578125 0.894043 0.0585938 0.893066 0.0589844 0.893066 0.0589844 0.892578 0.059375 0.89209 0.059375 0.891602 0.0597656 0.891113 0.0597656 0.890625 0.0601563 0.890137 0.0601563 0.88916 0.0605469 0.888672 0.0605469 0.885254 0.0601563 0.884766 0.0601563 0.883789 0.0597656 0.883301 0.0597656 0.882812 0.059375 0.882324 0.059375 0.881836 0.0589844 0.881348 0.0589844 0.880859 0.0585938 0.880371 0.0585938 0.879883 0.0582031 0.879395 0.0582031 0.878906 0.0574219 0.87793 0.0574219 0.877441 0.0570312 0.876953 0.0566406 0.876953 0.05625 0.876465 0.0558594 0.876465 0.0550781 0.875488 0.0546875 0.875488 0.0542969 0.875 0.0539063 0.875 0.0535156 0.874512 0.053125 0.874512 0.0527344 0.874023 0.0523438 0.874023 0.0519531 0.873535 0.0515625 0.873535 0.0511719 0.873047 0.0507812 0.873047 0.0503906 0.872559
1 0.957812 0.126465 0.957422 0.126953 0.956641 0.126953 0.95625 0.127441 0.955859 0.127441 0.955469 0.12793 0.955078 0.12793 0.954688 0.128418 0.954297 0.128418 0.953906 0.128906 0.953516 0.128906 0.952344 0.130371 0.951953 0.130371 0.948828 0.134277 0.948828 0.140625 0.95 0.14209 0.950391 0.14209 0.950781 0.142578 0.951562 0.142578 0.951953 0.143066 0.95625 0.143066 0.956641 0.142578 0.957031 0.142578 0.957422 0.14209 0.958203 0.14209 0.958594 0.141602 0.959766 0.141602 0.960156 0.141113 0.960547 0.141113 0.960938 0.140625 0.962109 0.140625 0.9625 0.140137 0.963281 0.140137 0.963672 0.139648 0.964063 0.139648 0.964453 0.13916 0.965234 0.13916 0.965625 0.138672 0.966016 0.138672 0.966406 0.138184 0.966797 0.138184 0.967578 0.137207 0.968359 0.137207 0.96875 0.136719 0.969922 0.136719 0.971484 0.134766 0.971484 0.131348 0.969922 0.129395 0.969531 0.129395 0.969141 0.128906 0.96875 0.128906 0.968359 0.128418 0.967578 0.128418 0.966797 0.127441 0.966406 0.127441 0.966016 0.126953 0.964453 0.126953 0.964063 0.126465
1 0.153516 0.850098 0.153125 0.850586 0.152734 0.850586 0.152344 0.851074 0.151953 0.851074 0.150781 0.852539 0.150781 0.854492 0.150391 0.85498 0.150391 0.857422 0.15 0.85791 0.15 0.858887 0.149609 0.859375 0.149609 0.861816 0.149219 0.862305 0.149219 0.867188 0.149609 0.867676 0.149609 0.878906 0.15 0.879395 0.15 0.881348 0.150391 0.881836 0.150391 0.882324 0.150781 0.882812 0.151172 0.882812 0.151562 0.883301 0.151953 0.883301 0.152734 0.884277 0.153125 0.884277 0.153516 0.884766 0.154688 0.884766 0.155859 0.883301 0.155859 0.882812 0.15625 0.882324 0.15625 0.881836 0.156641 0.881348 0.156641 0.875977 0.157031 0.875488 0.157031 0.874512 0.157422 0.874023 0.157422 0.868164 0.157812 0.867676 0.157812 0.867188 0.158203 0.866699 0.158203 0.86377 0.157812 0.863281 0.157812 0.861816 0.157422 0.861328 0.157422 0.860352 0.157031 0.859863 0.157031 0.858398 0.156641 0.85791 0.156641 0.857422 0.15625 0.856934 0.15625 0.856445 0.155859 0.855957 0.155859 0.855469 0.155469 0.85498 0.155469 0.854004 0.155078 0.853516 0.155078 0.852539 0.154688 0.852051 0.154688 0.851562 0.153906 0.850586 0.153906 0.850098
1 0.173437 0.86084 0.16875 0.86084 0.168359 0.861328 0.166797 0.861328 0.166406 0.861816 0.165234 0.861816 0.164844 0.862305 0.164062 0.862305 0.163672 0.862793 0.163281 0.862793 0.162891 0.863281 0.162109 0.863281 0.161719 0.86377 0.161328 0.86377 0.160938 0.864258 0.160156 0.864258 0.159766 0.864746 0.159375 0.864746 0.158203 0.866211 0.158203 0.866699 0.157812 0.867188 0.157812 0.867676 0.157422 0.868164 0.157422 0.869141 0.157031 0.869629 0.157031 0.873535 0.156641 0.874023 0.156641 0.875488 0.15625 0.875977 0.15625 0.876953 0.155859 0.877441 0.155859 0.87793 0.15625 0.878418 0.15625 0.883789 0.157031 0.884766 0.157812 0.884766 0.158203 0.885254 0.162109 0.885254 0.1625 0.884766 0.162891 0.884766 0.163281 0.884277 0.163281 0.883789 0.163672 0.883301 0.164062 0.883301 0.165234 0.881836 0.165625 0.881836 0.169141 0.877441 0.169531 0.877441 0.169922 0.876953 0.169922 0.876465 0.170703 0.875488 0.170703 0.875 0.171094 0.874512 0.171094 0.874023 0.171484 0.873535 0.171484 0.873047 0.171875 0.872559 0.171875 0.87207 0.172266 0.871582 0.172266 0.870605 0.172656 0.870117 0.172656 0.869629 0.173047 0.869141 0.173047 0.868652 0.173437 0.868164 0.173437 0.867188 0.173828 0.866699 0.173828 0.865723 0.174219 0.865234 0.174219 0.86377 0.173828 0.863281 0.173828 0.861328
1 0.200781 0.868164 0.2 0.869141 0.2 0.869629 0.199609 0.870117 0.199609 0.871094 0.199219 0.871582 0.199219 0.872559 0.198828 0.873047 0.198828 0.878906 0.199219 0.879395 0.199219 0.881348 0.199609 0.881836 0.199609 0.883301 0.2 0.883789 0.2 0.884766 0.200391 0.885254 0.200391 0.88623 0.200781 0.886719 0.200781 0.887207 0.201172 0.887695 0.201172 0.888184 0.201563 0.888672 0.201563 0.88916 0.203125 0.891113 0.203516 0.891113 0.204297 0.89209 0.204687 0.89209 0.205078 0.892578 0.205469 0.892578 0.205859 0.893066 0.20625 0.893066 0.206641 0.893555 0.207031 0.893555 0.207422 0.894043 0.210547 0.894043 0.211328 0.893066 0.211328 0.887695 0.210938 0.887207 0.210938 0.88623 0.210547 0.885742 0.210547 0.884277 0.210156 0.883789 0.210156 0.883301 0.209766 0.882812 0.209766 0.882324 0.209375 0.881836 0.209375 0.881348 0.208984 0.880859 0.208984 0.880371 0.208594 0.879883 0.208594 0.878906 0.208203 0.878418 0.208203 0.87793 0.207813 0.877441 0.207813 0.876953 0.207422 0.876465 0.207422 0.875977 0.206641 0.875 0.206641 0.874512 0.20625 0.874023 0.20625 0.873535 0.205859 0.873047 0.205859 0.872559 0.205078 0.871582 0.205078 0.871094 0.203516 0.869141 0.203125 0.869141 0.202344 0.868164
1 0.173437 0.910156 0.171484 0.910156 0.171094 0.909668 0.169922 0.909668 0.169141 0.910645 0.169141 0.911133 0.16875 0.911621 0.16875 0.912109 0.167969 0.913086 0.167969 0.913574 0.167578 0.914062 0.167578 0.914551 0.167187 0.915039 0.167187 0.915527 0.166797 0.916016 0.166797 0.916504 0.166016 0.91748 0.166016 0.918457 0.165625 0.918945 0.165625 0.919434 0.165234 0.919922 0.165234 0.921387 0.164844 0.921875 0.164844 0.922363 0.164453 0.922852 0.164453 0.923828 0.164062 0.924316 0.164062 0.930176 0.164453 0.930664 0.164453 0.931152 0.164844 0.931152 0.165234 0.931641 0.166016 0.931641 0.166406 0.932129 0.167187 0.932129 0.167578 0.932617 0.170703 0.932617 0.171875 0.931152 0.171875 0.930664 0.172266 0.930176 0.172266 0.929688 0.172656 0.929199 0.172656 0.928711 0.173047 0.928223 0.173047 0.927734 0.173437 0.927246 0.173437 0.925781 0.173828 0.925293 0.173828 0.924316 0.174219 0.923828 0.174219 0.922852 0.174609 0.922363 0.174609 0.921875 0.175 0.921387 0.175 0.92041 0.175391 0.919922 0.175391 0.915039 0.175 0.914551 0.175 0.912598 0.174609 0.912109 0.174609 0.911621
1 0.859766 0.0366211 0.859375 0.0371094 0.858984 0.0371094 0.854688 0.0424805 0.854688 0.0429688 0.853516 0.0444336 0.853516 0.0449219 0.853125 0.0454102 0.853125 0.0458984 0.852734 0.0463867 0.852734 0.0478516 0.852344 0.0483398 0.852344 0.0498047 0.851953 0.050293 0.851953 0.0512695 0.851562 0.0517578 0.851562 0.0566406 0.851172 0.0571289 0.851172 0.0620117 0.851562 0.0625 0.851562 0.0634766 0.852344 0.0644531 0.852344 0.0649414 0.853516 0.0664062 0.857422 0.0664062 0.858203 0.0654297 0.858984 0.0654297 0.860156 0.0639648 0.860547 0.0639648 0.862109 0.0620117 0.862109 0.0615234 0.862891 0.0605469 0.862891 0.0595703 0.863672 0.0585938 0.863672 0.0581055 0.864062 0.0576172 0.864062 0.0571289 0.864453 0.0566406 0.864453 0.0561523 0.864844 0.0556641 0.864844 0.0551758 0.865234 0.0546875 0.865234 0.0517578 0.865625 0.0512695 0.865625 0.0488281 0.866016 0.0483398 0.866016 0.0458984 0.866406 0.0454102 0.866406 0.0395508 0.864453 0.0371094 0.8625 0.0371094 0.862109 0.0366211
1 0.261719 0.915527 0.260937 0.914551 0.260547 0.914551 0.260156 0.914062 0.259766 0.914062 0.259375 0.913574 0.258984 0.913574 0.258594 0.913086 0.258203 0.913086 0.257812 0.912598 0.257031 0.912598 0.256641 0.912109 0.255469 0.912109 0.255078 0.911621 0.253906 0.911621 0.253516 0.911133 0.25 0.911133 0.249609 0.911621 0.247656 0.911621 0.247266 0.912109 0.245703 0.912109 0.245312 0.912598 0.24375 0.912598 0.243359 0.913086 0.242578 0.913086 0.242188 0.913574 0.241016 0.913574 0.240625 0.914062 0.239453 0.914062 0.239063 0.914551 0.238281 0.914551 0.237891 0.915039 0.237109 0.915039 0.236719 0.915527 0.236328 0.915527 0.235547 0.916504 0.235547 0.916992 0.234766 0.917969 0.234766 0.918457 0.234375 0.918945 0.234375 0.919434 0.233984 0.919922 0.233984 0.924316 0.235156 0.925781 0.235547 0.925781 0.236328 0.926758 0.236719 0.926758 0.2375 0.927734 0.238281 0.927734 0.238672 0.928223 0.239453 0.928223 0.239844 0.928711 0.249219 0.928711 0.249609 0.928223 0.250391 0.928223 0.250781 0.927734 0.251953 0.927734 0.252344 0.927246 0.253125 0.927246 0.253516 0.926758 0.254297 0.926758 0.254688 0.92627 0.255469 0.92627 0.255859 0.925781 0.25625 0.925781 0.256641 0.925293 0.257031 0.925293 0.259766 0.921875 0.260156 0.921875 0.261719 0.919922
1 0.516406 0.789062 0.515234 0.790527 0.515234 0.793457 0.515625 0.793945 0.515625 0.800293 0.516016 0.800781 0.516016 0.80127 0.516406 0.801758 0.516406 0.802246 0.516797 0.802734 0.516797 0.803223 0.517188 0.803223 0.517969 0.804199 0.518359 0.804199 0.520312 0.806641 0.520312 0.807129 0.520703 0.807617 0.521484 0.807617 0.521875 0.808105 0.522656 0.808105 0.523047 0.808594 0.526563 0.808594 0.527344 0.807617 0.527734 0.807617 0.527734 0.807129 0.528125 0.806641 0.528125 0.805664 0.527734 0.805176 0.527734 0.802734 0.527344 0.802246 0.527344 0.798828 0.526953 0.79834 0.526953 0.797852 0.526172 0.796875 0.526172 0.796387 0.525781 0.795898 0.525781 0.79541 0.521484 0.790039 0.520703 0.790039 0.520312 0.789551 0.519531 0.789551 0.519141 0.789062 0.518359 0.789062 0.517969 0.788574 0.517188 0.788574 0.516797 0.789062
1 0.501953 0.783203 0.501563 0.783691 0.501563 0.78418 0.501172 0.784668 0.501172 0.789551 0.501563 0.790039 0.501563 0.791504 0.501953 0.791992 0.501953 0.792969 0.502344 0.793457 0.502344 0.793945 0.503125 0.794922 0.503125 0.79541 0.503906 0.796387 0.503906 0.796875 0.504297 0.797363 0.504297 0.797852 0.504687 0.79834 0.504687 0.798828 0.505469 0.799805 0.505859 0.799805 0.50625 0.800293 0.506641 0.800293 0.507031 0.800781 0.507422 0.800781 0.507812 0.80127 0.508203 0.80127 0.508984 0.802246 0.509766 0.802246 0.510156 0.802734 0.510547 0.802734 0.510938 0.802246 0.511719 0.802246 0.512891 0.800781 0.512891 0.797852 0.5125 0.797363 0.5125 0.796875 0.512109 0.796387 0.512109 0.795898 0.511719 0.79541 0.511719 0.790527 0.511328 0.790039 0.511328 0.789062 0.510938 0.788574 0.510938 0.787109 0.510547 0.786621 0.510547 0.786133 0.509766 0.785156 0.509766 0.784668 0.509375 0.78418 0.508984 0.78418 0.508594 0.783691 0.507812 0.783691 0.507422 0.783203
1 0.585938 0.697754 0.585938 0.69873 0.585547 0.699219 0.585547 0.702637 0.585938 0.703125 0.585938 0.70459 0.588281 0.70752 0.588672 0.70752 0.589453 0.708496 0.589844 0.708496 0.591016 0.709961 0.591406 0.709961 0.592578 0.711426 0.592969 0.711426 0.594922 0.713867 0.595313 0.713867 0.596484 0.715332 0.596875 0.715332 0.598047 0.716797 0.598437 0.716797 0.599219 0.717773 0.599609 0.717773 0.6 0.718262 0.600391 0.718262 0.600781 0.71875 0.601172 0.71875 0.601562 0.719238 0.601953 0.719238 0.602344 0.719727 0.602734 0.719727 0.603516 0.720703 0.603906 0.720703 0.604297 0.721191 0.604688 0.721191 0.605078 0.72168 0.605469 0.72168 0.605859 0.722168 0.60625 0.722168 0.606641 0.722656 0.607422 0.722656 0.607812 0.723145 0.611328 0.723145 0.612109 0.722168 0.612109 0.719238 0.611328 0.718262 0.611328 0.717773 0.610938 0.717285 0.610938 0.716797 0.609375 0.714844 0.609375 0.714355 0.608984 0.713867 0.608984 0.713379 0.607812 0.711914 0.607812 0.711426 0.607031 0.710449 0.606641 0.710449 0.604688 0.708008 0.604688 0.70752 0.603125 0.705566 0.602734 0.705566 0.601562 0.704102 0.601172 0.704102 0.599609 0.702148 0.599219 0.702148 0.597266 0.699707 0.596875 0.699707 0.596094 0.69873 0.595313 0.69873 0.594922 0.698242 0.594531 0.698242 0.594141 0.697754 0.59375 0.697754 0.592969 0.696777 0.591797 0.696777 0.591406 0.696289 0.587891 0.696289 0.5875 0.696777 0.586719 0.696777
1 0.919531 0.584473 0.918359 0.585938 0.918359 0.586426 0.917969 0.586914 0.917969 0.587891 0.917578 0.588379 0.917578 0.59082 0.917188 0.591309 0.917188 0.59668 0.917578 0.597168 0.917578 0.600586 0.917969 0.601074 0.917969 0.602051 0.918359 0.602539 0.918359 0.604004 0.91875 0.604492 0.91875 0.605469 0.919141 0.605957 0.919141 0.606934 0.919922 0.60791 0.919922 0.608398 0.921875 0.61084 0.921875 0.611328 0.922656 0.612305 0.922656 0.612793 0.923828 0.614258 0.924219 0.614258 0.924609 0.614746 0.925391 0.614746 0.925781 0.615234 0.926172 0.615234 0.926562 0.615723 0.928125 0.615723 0.930078 0.613281 0.930078 0.612793 0.930469 0.612305 0.930469 0.611328 0.930859 0.61084 0.930859 0.60498 0.930469 0.604492 0.930469 0.602051 0.930078 0.601562 0.930078 0.599609 0.929688 0.599121 0.929688 0.598145 0.929297 0.597656 0.929297 0.596191 0.928906 0.595703 0.928906 0.594727 0.928516 0.594238 0.928516 0.59375 0.928125 0.593262 0.928125 0.592773 0.927734 0.592285 0.927734 0.591797 0.926953 0.59082 0.926953 0.590332 0.926562 0.589844 0.926562 0.589355 0.925781 0.588379 0.925781 0.587891 0.925 0.586914 0.924609 0.586914 0.923828 0.585938 0.923438 0.585938 0.923047 0.585449 0.922266 0.585449 0.921875 0.584961 0.921484 0.584961 0.921094 0.584473
1 1 0.623047 0.998047 0.623047 0.997266 0.624023 0.996875 0.624023 0.996484 0.624512 0.995703 0.624512 0.995313 0.625 0.99375 0.625 0.993359 0.625488 0.992578 0.625488 0.992188 0.625977 0.991406 0.625977 0.991016 0.626465 0.990625 0.626465 0.990234 0.626953 0.989453 0.626953 0.988672 0.62793 0.988281 0.62793 0.9875 0.628906 0.987109 0.628906 0.985156 0.631348 0.985156 0.631836 0.981641 0.63623 0.981641 0.636719 0.980859 0.637695 0.980859 0.638184 0.980469 0.638672 0.980469 0.63916 0.980078 0.639648 0.980078 0.640137 0.979688 0.640625 0.979688 0.641113 0.978906 0.64209 0.978906 0.645996 0.979688 0.646973 0.980078 0.646973 0.980469 0.647461 0.980859 0.647461 0.98125 0.647949 0.983203 0.647949 0.983594 0.647461 0.984375 0.647461 0.984766 0.646973 0.985156 0.646973 0.985547 0.646484 0.986328 0.646484 0.986719 0.645996 0.987109 0.645996 0.9875 0.645508 0.988281 0.645508 0.988672 0.64502 0.989062 0.64502 0.989453 0.644531 0.990234 0.644531 0.991016 0.643555 0.991406 0.643555 0.992578 0.64209 0.992969 0.64209 0.99375 0.641113 0.994141 0.641113 0.994922 0.640137 0.995313 0.640137 0.996094 0.63916 0.996094 0.638672 0.996484 0.638184 0.996484 0.637695 0.996875 0.637207 0.996875 0.63623 0.997266 0.635742 0.997266 0.634766 0.997656 0.634277 0.997656 0.633789 0.998828 0.632324 1 0.632324
1 0.973047 0.549805 0.973047 0.550781 0.972656 0.55127 0.972656 0.553711 0.973437 0.554688 0.973437 0.555176 0.976172 0.558594 0.976172 0.559082 0.977734 0.561035 0.978125 0.561035 0.982031 0.565918 0.982422 0.565918 0.983203 0.566895 0.983594 0.566895 0.985938 0.569824 0.986328 0.569824 0.986719 0.570312 0.987891 0.570312 0.988281 0.570801 0.990625 0.570801 0.991797 0.569336 0.991797 0.568848 0.992188 0.568359 0.992188 0.562988 0.991797 0.5625 0.991797 0.560547 0.991406 0.560059 0.991406 0.559082 0.991016 0.558594 0.991016 0.558105 0.990234 0.557129 0.990234 0.556641 0.989844 0.556152 0.989453 0.556152 0.988672 0.555176 0.988281 0.555176 0.987109 0.553711 0.986719 0.553711 0.985938 0.552734 0.985547 0.552734 0.984766 0.551758 0.984375 0.551758 0.983594 0.550781 0.983203 0.550781 0.982812 0.550293 0.982422 0.550293 0.982031 0.549805 0.98125 0.549805 0.980859 0.549316 0.979688 0.549316 0.979297 0.548828 0.974219 0.548828 0.973828 0.549316 0.973437 0.549316
1 0.963281 0.535156 0.9625 0.536133 0.9625 0.537109 0.962109 0.537598 0.962109 0.54834 0.9625 0.548828 0.9625 0.550293 0.962891 0.550781 0.962891 0.551758 0.963281 0.552246 0.963281 0.553223 0.963672 0.553711 0.963672 0.554199 0.964063 0.554688 0.964063 0.555176 0.964453 0.555664 0.964453 0.556641 0.964844 0.557129 0.964844 0.557617 0.965234 0.558105 0.965234 0.558594 0.965625 0.559082 0.965625 0.55957 0.966016 0.560059 0.966016 0.561035 0.966406 0.561523 0.966406 0.562012 0.966797 0.5625 0.966797 0.562988 0.967187 0.563477 0.967187 0.563965 0.967578 0.564453 0.967578 0.564941 0.970313 0.568359 0.970703 0.568359 0.971094 0.568848 0.971484 0.568848 0.971875 0.568359 0.972656 0.568359 0.973047 0.567871 0.973437 0.567871 0.974219 0.566895 0.974219 0.56543 0.974609 0.564941 0.974609 0.563477 0.974219 0.562988 0.974219 0.555664 0.973828 0.555176 0.973828 0.554688 0.973437 0.554199 0.973437 0.553711 0.973047 0.553223 0.973047 0.552246 0.972656 0.551758 0.972656 0.550781 0.972266 0.550293 0.972266 0.549316 0.971875 0.548828 0.971875 0.54834 0.971094 0.547363 0.971094 0.546875 0.970703 0.546387 0.970703 0.545898 0.970313 0.54541 0.970313 0.544922 0.969922 0.544434 0.969922 0.543945 0.969141 0.542969 0.969141 0.54248 0.96875 0.541992 0.96875 0.541016 0.967969 0.540039 0.967969 0.539551 0.967578 0.539062 0.967578 0.538574 0.967187 0.538086 0.967187 0.537598 0.966406 0.536621 0.966406 0.536133 0.965625 0.536133 0.965234 0.535645 0.964453 0.535645 0.964063 0.535156
1 0.946484 0.495117 0.946484 0.498047 0.947656 0.499512 0.948047 0.499512 0.948438 0.5 0.949219 0.5 0.949609 0.500488 0.95 0.500488 0.950391 0.500977 0.951172 0.500977 0.951562 0.501465 0.952344 0.501465 0.952734 0.501953 0.953125 0.501953 0.953516 0.502441 0.954297 0.502441 0.954688 0.50293 0.955469 0.50293 0.955859 0.503418 0.956641 0.503418 0.957031 0.503906 0.957812 0.503906 0.958203 0.504395 0.959375 0.504395 0.959766 0.504883 0.961328 0.504883 0.961719 0.505371 0.963281 0.505371 0.963672 0.505859 0.967969 0.505859 0.968359 0.505371 0.969141 0.505371 0.970703 0.503418 0.970703 0.500977 0.970313 0.500488 0.969922 0.500488 0.968359 0.498535 0.967969 0.498535 0.966406 0.496582 0.966016 0.496582 0.965234 0.495605 0.964844 0.495605 0.964063 0.494629 0.963672 0.494629 0.963281 0.494141 0.962891 0.494141 0.9625 0.493652 0.962109 0.493652 0.961719 0.493164 0.960547 0.493164 0.960156 0.492676 0.958984 0.492676 0.958594 0.492188 0.955078 0.492188 0.954688 0.491699 0.952734 0.491699 0.952344 0.491211 0.950781 0.491211 0.950391 0.491699 0.95 0.491699 0.949609 0.492188 0.948828 0.492188 0.948438 0.492676 0.948047 0.492676 0.946875 0.494141 0.946875 0.494629
1 0.973047 0.444336 0.975781 0.447754 0.976172 0.447754 0.976562 0.448242 0.976953 0.448242 0.977344 0.44873 0.977734 0.44873 0.978125 0.449219 0.980469 0.449219 0.980859 0.449707 0.982422 0.449707 0.982812 0.449219 0.983594 0.449219 0.983984 0.44873 0.984375 0.44873 0.984766 0.448242 0.985156 0.448242 0.985547 0.447754 0.985938 0.447754 0.986328 0.447266 0.986719 0.447266 0.9875 0.446289 0.987891 0.446289 0.988672 0.445312 0.989062 0.445312 0.989453 0.444824 0.989844 0.444824 0.990234 0.444336 0.991016 0.444336 0.994141 0.44043 0.994141 0.438477 0.992578 0.436523 0.992188 0.436523 0.991406 0.435547 0.990625 0.435547 0.990234 0.435059 0.986719 0.435059 0.986328 0.43457 0.981641 0.43457 0.98125 0.435059 0.980078 0.435059 0.979688 0.435547 0.978516 0.435547 0.978125 0.436035 0.977734 0.436035 0.976953 0.437012 0.976562 0.437012 0.973828 0.44043 0.973828 0.440918 0.973047 0.441895
1 0.169922 0.25293 0.16875 0.254395 0.16875 0.254883 0.167969 0.255859 0.167969 0.258301 0.168359 0.258789 0.168359 0.259277 0.16875 0.259766 0.16875 0.261719 0.169141 0.262207 0.169141 0.26416 0.169531 0.264648 0.169531 0.266602 0.169922 0.26709 0.169922 0.268066 0.170313 0.268555 0.170313 0.269531 0.170703 0.27002 0.170703 0.270508 0.171094 0.270996 0.171094 0.271484 0.171484 0.271973 0.171484 0.272461 0.172266 0.273438 0.172266 0.273926 0.174609 0.276855 0.175 0.276855 0.178125 0.280762 0.178125 0.28125 0.179688 0.283203 0.180078 0.283203 0.180469 0.283691 0.180859 0.283691 0.18125 0.28418 0.183594 0.28418 0.184766 0.282715 0.184766 0.279297 0.184375 0.278809 0.184375 0.27832 0.183984 0.277832 0.183984 0.277344 0.183594 0.276855 0.183594 0.275879 0.182812 0.274902 0.182812 0.274414 0.182422 0.273926 0.182422 0.273438 0.181641 0.272461 0.181641 0.271973 0.180859 0.270996 0.180859 0.270508 0.180469 0.27002 0.180469 0.269531 0.180078 0.269043 0.180078 0.268555 0.179688 0.268066 0.179688 0.267578 0.178906 0.266602 0.178906 0.266113 0.178516 0.265625 0.178516 0.265137 0.178125 0.264648 0.178125 0.26416 0.176953 0.262695 0.176953 0.262207 0.175391 0.260254 0.175391 0.259766 0.175 0.259277 0.175 0.258789 0.174219 0.257812 0.174219 0.257324 0.173828 0.256836 0.173828 0.256348 0.173047 0.255371 0.173047 0.254883 0.171484 0.25293
1 0.950391 0.422852 0.950391 0.424316 0.951172 0.425293 0.951562 0.425293 0.953516 0.427734 0.953906 0.427734 0.954688 0.428711 0.955078 0.428711 0.955469 0.429199 0.955859 0.429199 0.95625 0.429688 0.956641 0.429688 0.957031 0.430176 0.957422 0.430176 0.958203 0.431152 0.958594 0.431152 0.958984 0.431641 0.959375 0.431641 0.960156 0.432617 0.960547 0.432617 0.962109 0.43457 0.9625 0.43457 0.963281 0.435547 0.963672 0.435547 0.964063 0.436035 0.964453 0.436035 0.964844 0.436523 0.965234 0.436523 0.966016 0.4375 0.966406 0.4375 0.966797 0.437988 0.967187 0.437988 0.967578 0.438477 0.968359 0.438477 0.96875 0.438965 0.969141 0.438965 0.969531 0.439453 0.970313 0.439453 0.970703 0.439941 0.971875 0.439941 0.972266 0.439453 0.973047 0.439453 0.973437 0.438965 0.974219 0.438965 0.975781 0.437012 0.975781 0.436523 0.976172 0.436035 0.976172 0.435547 0.975781 0.435059 0.975781 0.43457 0.975391 0.434082 0.975391 0.433105 0.975 0.432617 0.975 0.431641 0.973047 0.429199 0.973047 0.428711 0.972266 0.427734 0.972266 0.427246 0.969141 0.42334 0.969141 0.422852 0.967969 0.421387 0.967969 0.420898 0.966797 0.419434 0.966016 0.419434 0.965625 0.418945 0.962891 0.418945 0.9625 0.418457 0.958203 0.418457 0.957812 0.418945 0.955078 0.418945 0.954688 0.419434 0.953906 0.419434 0.953516 0.419922 0.952734 0.419922 0.952344 0.42041 0.951953 0.42041 0.950781 0.421875 0.950781 0.422363
1 0.991797 0.375 0.991406 0.375488 0.991016 0.375488 0.990625 0.375977 0.990625 0.378418 0.991016 0.378906 0.991016 0.379395 0.991406 0.379883 0.991406 0.380859 0.991797 0.381348 0.991797 0.383301 0.992188 0.383789 0.992188 0.385254 0.992578 0.385742 0.992578 0.387207 0.992969 0.387695 0.992969 0.389648 0.993359 0.390137 0.993359 0.392578 0.99375 0.393066 0.99375 0.394043 0.994141 0.394531 0.994141 0.395508 0.994531 0.395996 0.994531 0.396973 0.994922 0.397461 0.994922 0.397949 0.995313 0.398438 0.995313 0.398926 0.995703 0.399414 0.995703 0.399902 0.997266 0.401855 0.998047 0.401855 0.998437 0.402344 1 0.402344 1 0.375977 0.997656 0.375977 0.997266 0.375488 0.996094 0.375488 0.995703 0.375
1 0.940234 0.316895 0.939844 0.317383 0.939453 0.317383 0.939063 0.317871 0.938672 0.317871 0.937891 0.318848 0.9375 0.318848 0.934375 0.322754 0.934375 0.323242 0.933594 0.324219 0.933594 0.325684 0.932813 0.32666 0.932813 0.327148 0.932422 0.327637 0.932422 0.328613 0.932031 0.329102 0.932031 0.32959 0.93125 0.330566 0.93125 0.332031 0.930859 0.33252 0.930859 0.333008 0.930469 0.333496 0.930469 0.334473 0.930078 0.334961 0.930078 0.335938 0.929688 0.336426 0.929688 0.339355 0.929297 0.339844 0.929297 0.352051 0.929688 0.352539 0.929688 0.353516 0.930078 0.354004 0.930078 0.354492 0.93125 0.355957 0.933594 0.355957 0.935937 0.353027 0.935937 0.352539 0.937109 0.351074 0.937109 0.350098 0.937891 0.349121 0.937891 0.348633 0.938281 0.348145 0.938281 0.347656 0.938672 0.347168 0.938672 0.346191 0.939844 0.344727 0.939844 0.344238 0.940625 0.343262 0.940625 0.342773 0.941406 0.341797 0.941406 0.341309 0.941797 0.34082 0.941797 0.340332 0.942187 0.339844 0.942187 0.339355 0.942969 0.338379 0.942969 0.337402 0.943359 0.336914 0.943359 0.336426 0.94375 0.335938 0.94375 0.334961 0.944141 0.334473 0.944141 0.332031 0.944531 0.331543 0.944531 0.32959 0.944922 0.329102 0.944922 0.322754 0.944531 0.322266 0.944531 0.321289 0.944141 0.320801 0.944141 0.319824 0.943359 0.318848 0.943359 0.318359 0.942187 0.316895
1 0.948828 0.333984 0.947266 0.335938 0.947266 0.34082 0.947656 0.341309 0.947656 0.342285 0.948047 0.342773 0.948047 0.343262 0.948438 0.34375 0.948438 0.344238 0.949219 0.345215 0.949219 0.346191 0.951172 0.348633 0.951562 0.348633 0.952344 0.349609 0.952734 0.349609 0.953906 0.351074 0.95625 0.351074 0.957031 0.350098 0.958984 0.350098 0.960156 0.348633 0.960156 0.344238 0.958984 0.342773 0.958984 0.341797 0.955859 0.337891 0.955859 0.337402 0.955469 0.336914 0.955469 0.336426 0.954297 0.334961 0.953906 0.334961 0.953516 0.334473 0.951953 0.334473 0.951562 0.333984
1 0.947266 0.29541 0.946094 0.296875 0.946094 0.30127 0.946484 0.301758 0.946484 0.302734 0.946875 0.303223 0.946875 0.303711 0.947266 0.304199 0.947266 0.304688 0.947656 0.305176 0.947656 0.306152 0.948047 0.306641 0.948047 0.316895 0.947656 0.317383 0.947656 0.321777 0.947266 0.322266 0.947266 0.324707 0.946875 0.325195 0.946875 0.326172 0.946484 0.32666 0.946484 0.331543 0.947656 0.333008 0.949609 0.333008 0.951172 0.331055 0.951172 0.330078 0.952344 0.328613 0.952344 0.327637 0.952734 0.327148 0.952734 0.32666 0.953125 0.326172 0.953125 0.325195 0.954297 0.32373 0.954297 0.322754 0.954688 0.322266 0.954688 0.308594 0.954297 0.308105 0.954297 0.306641 0.953906 0.306152 0.953906 0.304688 0.953516 0.304199 0.953516 0.303711 0.953125 0.303223 0.953125 0.302246 0.952734 0.301758 0.952734 0.30127 0.952344 0.300781 0.952344 0.299316 0.951953 0.298828 0.951953 0.29834 0.951562 0.297852 0.951562 0.296875 0.950391 0.29541
1 0.967187 0.287109 0.966016 0.288574 0.966016 0.291016 0.966406 0.291504 0.966016 0.291992 0.966016 0.305176 0.966406 0.305664 0.966406 0.311523 0.966016 0.312012 0.966016 0.314453 0.965625 0.314941 0.965625 0.316406 0.965234 0.316895 0.965234 0.318848 0.966406 0.320312 0.968359 0.320312 0.971875 0.315918 0.971875 0.31543 0.973047 0.313965 0.973047 0.313477 0.975 0.311035 0.975 0.310547 0.975781 0.30957 0.975781 0.308105 0.976172 0.307617 0.976172 0.299316 0.975781 0.298828 0.975781 0.297363 0.975391 0.296875 0.975391 0.296387 0.974219 0.294922 0.974219 0.294434 0.973047 0.292969 0.972656 0.292969 0.972266 0.29248 0.971484 0.29248 0.971094 0.291992 0.971094 0.291504 0.970703 0.291016 0.970703 0.290527 0.970313 0.290039 0.970313 0.289551 0.969922 0.289062 0.969922 0.288574 0.96875 0.287109
1 0.954297 0.265137 0.952734 0.26709 0.952734 0.268066 0.952344 0.268555 0.952344 0.269531 0.951953 0.27002 0.951953 0.272461 0.952344 0.272949 0.952344 0.274414 0.952734 0.274902 0.952734 0.275391 0.953125 0.275879 0.953125 0.276855 0.954297 0.27832 0.954297 0.279297 0.954688 0.279785 0.954688 0.280762 0.955078 0.28125 0.955078 0.282227 0.955469 0.282715 0.955469 0.284668 0.95625 0.285645 0.95625 0.286621 0.957422 0.288086 0.957422 0.288574 0.958594 0.290039 0.958984 0.290039 0.959766 0.291016 0.964844 0.291016 0.966406 0.289062 0.966406 0.27832 0.966016 0.277832 0.966016 0.276367 0.964063 0.273926 0.964063 0.273438 0.962891 0.271973 0.962891 0.270996 0.960547 0.268066 0.960547 0.267578 0.958594 0.265137
1 0.944922 0.265625 0.942969 0.268066 0.942969 0.268555 0.941406 0.270508 0.941406 0.273926 0.941797 0.274414 0.941797 0.275391 0.942187 0.275879 0.942187 0.277344 0.942578 0.277832 0.942578 0.279785 0.942969 0.280273 0.942969 0.282227 0.943359 0.282715 0.943359 0.284668 0.94375 0.285156 0.94375 0.286621 0.944141 0.287109 0.944141 0.289062 0.945703 0.291016 0.945703 0.291504 0.946094 0.291992 0.946094 0.292969 0.947656 0.294922 0.949219 0.294922 0.95 0.293945 0.951562 0.293945 0.952734 0.29248 0.952734 0.288574 0.953125 0.288086 0.953125 0.279785 0.952734 0.279297 0.952734 0.278809 0.952344 0.27832 0.952344 0.276855 0.951953 0.276367 0.951953 0.275879 0.951562 0.275391 0.951562 0.274902 0.951172 0.274414 0.951172 0.273926 0.950781 0.273438 0.950781 0.272949 0.950391 0.272461 0.950391 0.270996 0.95 0.270508 0.95 0.268555 0.949609 0.268066 0.949609 0.26709 0.948438 0.265625
1 0.853516 0.262695 0.852344 0.26416 0.852344 0.266113 0.853125 0.26709 0.853125 0.267578 0.854297 0.269043 0.854297 0.269531 0.855078 0.270508 0.855078 0.270996 0.855469 0.271484 0.855469 0.271973 0.857031 0.273926 0.857031 0.274414 0.857812 0.275391 0.857812 0.275879 0.858984 0.277344 0.859375 0.277344 0.861719 0.280273 0.862109 0.280273 0.8625 0.280762 0.863281 0.280762 0.863672 0.28125 0.864062 0.28125 0.864844 0.282227 0.865234 0.282227 0.865625 0.282715 0.866016 0.282715 0.866406 0.283203 0.866797 0.283203 0.867578 0.28418 0.868359 0.28418 0.86875 0.284668 0.869531 0.284668 0.869922 0.285156 0.870313 0.285156 0.870703 0.285645 0.871094 0.285645 0.871484 0.286133 0.871875 0.286133 0.872266 0.286621 0.875 0.286621 0.876172 0.285156 0.876172 0.284668 0.877344 0.283203 0.877344 0.279297 0.876953 0.278809 0.876953 0.27832 0.876563 0.277832 0.876563 0.277344 0.876172 0.276855 0.876172 0.276367 0.871875 0.270996 0.871484 0.270996 0.869922 0.269043 0.869531 0.269043 0.86875 0.268066 0.868359 0.268066 0.867578 0.26709 0.867188 0.26709 0.866797 0.266602 0.866406 0.266602 0.866016 0.266113 0.864453 0.266113 0.863672 0.265137 0.862891 0.265137 0.8625 0.264648 0.860938 0.264648 0.860156 0.263672 0.858203 0.263672 0.857812 0.263184 0.855859 0.263184 0.855469 0.262695
1 0.864453 0.246582 0.864062 0.24707 0.861719 0.24707 0.861328 0.247559 0.860156 0.247559 0.858984 0.249023 0.858594 0.249023 0.857812 0.25 0.857422 0.25 0.85625 0.251465 0.855859 0.251465 0.851172 0.257324 0.851172 0.261719 0.852344 0.263184 0.855469 0.263184 0.855859 0.262695 0.85625 0.262695 0.856641 0.262207 0.857422 0.262207 0.858203 0.263184 0.8625 0.263184 0.862891 0.262695 0.863281 0.262695 0.863672 0.262207 0.864062 0.262207 0.864844 0.26123 0.865625 0.26123 0.866797 0.259766 0.867188 0.259766 0.867969 0.258789 0.868359 0.258789 0.870313 0.256348 0.871094 0.256348 0.872266 0.254883 0.872266 0.254395 0.872656 0.253906 0.872656 0.249023 0.870703 0.246582
1 0.877344 0.224609 0.877344 0.226074 0.877734 0.226562 0.877734 0.228516 0.878516 0.229492 0.878516 0.22998 0.879297 0.230957 0.879687 0.230957 0.883203 0.235352 0.883594 0.235352 0.884766 0.236816 0.885156 0.236816 0.885547 0.237305 0.885938 0.237305 0.886328 0.237793 0.886719 0.237793 0.887109 0.238281 0.8875 0.238281 0.887891 0.23877 0.893359 0.23877 0.89375 0.238281 0.894922 0.238281 0.895312 0.237793 0.896484 0.237793 0.896875 0.237305 0.897266 0.237305 0.898047 0.236328 0.898047 0.23584 0.898438 0.235352 0.898438 0.234863 0.899609 0.233398 0.9 0.233398 0.901172 0.231934 0.901172 0.231445 0.901563 0.230957 0.901563 0.230469 0.901953 0.22998 0.901953 0.227539 0.899609 0.224609 0.899219 0.224609 0.898828 0.224121 0.898438 0.224121 0.897656 0.223145 0.897266 0.223145 0.896875 0.222656 0.896484 0.222656 0.896094 0.222168 0.895703 0.222168 0.895312 0.22168 0.894531 0.22168 0.894141 0.221191 0.893359 0.221191 0.892969 0.220703 0.891406 0.220703 0.891016 0.220215 0.884375 0.220215 0.883984 0.220703 0.883203 0.220703 0.882812 0.221191 0.882422 0.221191 0.882031 0.22168 0.881641 0.22168 0.88125 0.222168 0.880469 0.222168 0.880078 0.222656 0.879687 0.222656 0.879297 0.223145 0.878906 0.223145 0.878516 0.223633 0.878125 0.223633
1 0.941406 0.133301 0.941016 0.133789 0.940625 0.133789 0.938281 0.136719 0.938281 0.141113 0.937891 0.141602 0.937891 0.143555 0.9375 0.144043 0.9375 0.15332 0.939453 0.155762 0.946484 0.155762 0.947656 0.154297 0.947656 0.152344 0.948047 0.151855 0.948047 0.150391 0.948438 0.149902 0.948438 0.14209 0.948047 0.141602 0.948047 0.140137 0.947656 0.139648 0.947656 0.138184 0.947266 0.137695 0.947266 0.137207 0.946484 0.13623 0.946484 0.135742 0.944922 0.133789 0.94375 0.133789 0.943359 0.133301
1 0.962109 0.247559 0.962109 0.249023 0.9625 0.249512 0.962891 0.249512 0.963672 0.250488 0.963672 0.250977 0.964453 0.251953 0.964453 0.252441 0.965234 0.253418 0.965625 0.253418 0.966406 0.254395 0.966797 0.254395 0.967187 0.254883 0.967578 0.254883 0.96875 0.256348 0.969141 0.256348 0.969531 0.256836 0.973437 0.256836 0.973828 0.256348 0.978516 0.256348 0.978906 0.255859 0.980469 0.255859 0.980859 0.255371 0.981641 0.255371 0.982031 0.254883 0.982812 0.254883 0.983203 0.254395 0.983594 0.254395 0.984375 0.253418 0.985156 0.253418 0.985547 0.25293 0.986328 0.25293 0.986719 0.252441 0.987109 0.252441 0.9875 0.251953 0.987891 0.251953 0.988281 0.251465 0.988672 0.251465 0.988672 0.250977 0.990234 0.249023 0.990234 0.247559 0.989844 0.24707 0.989062 0.24707 0.988672 0.246582 0.988281 0.246582 0.987891 0.246094 0.9875 0.246094 0.986719 0.245117 0.986328 0.245117 0.985938 0.244629 0.985547 0.244629 0.984766 0.243652 0.983984 0.243652 0.983594 0.243164 0.982812 0.243164 0.982422 0.242676 0.980078 0.242676 0.979688 0.242188 0.977734 0.242188 0.977344 0.241699 0.971875 0.241699 0.971484 0.242188 0.970313 0.242188 0.969922 0.242676 0.969531 0.242676 0.969141 0.243164 0.96875 0.243164 0.968359 0.243652 0.967969 0.243652 0.967578 0.244141 0.967187 0.244141 0.966797 0.244629 0.966406 0.244629 0.965625 0.245605 0.965234 0.245605 0.964844 0.246094 0.964453 0.246094 0.964063 0.246582 0.963672 0.246582 0.963281 0.24707 0.9625 0.24707
1 0.869141 0.186035 0.864062 0.186035 0.863672 0.186523 0.863281 0.186523 0.862891 0.187012 0.8625 0.187012 0.861719 0.187988 0.861719 0.188477 0.861328 0.188965 0.861328 0.189941 0.860938 0.19043 0.860938 0.193848 0.860547 0.194336 0.860547 0.199219 0.860938 0.199707 0.860938 0.206055 0.861328 0.206543 0.861328 0.20752 0.861719 0.208008 0.861719 0.208984 0.862109 0.209473 0.862109 0.209961 0.8625 0.210449 0.8625 0.211426 0.862891 0.211914 0.862891 0.212891 0.863281 0.213379 0.863281 0.213867 0.863672 0.214355 0.863672 0.215332 0.864062 0.21582 0.864062 0.216309 0.864453 0.216797 0.864453 0.218262 0.865234 0.219238 0.866016 0.219238 0.867969 0.216797 0.868359 0.216797 0.870313 0.214355 0.870313 0.213867 0.870703 0.213379 0.870703 0.212891 0.871094 0.212402 0.871094 0.211914 0.871484 0.211426 0.871484 0.210938 0.871875 0.210449 0.871875 0.209961 0.872266 0.209473 0.872266 0.208496 0.872656 0.208008 0.872656 0.206543 0.873047 0.206055 0.873047 0.191895 0.872656 0.191406 0.872656 0.189453 0.871094 0.1875 0.870703 0.1875 0.869922 0.186523 0.869531 0.186523
1 0.877734 0.952637 0.876563 0.954102 0.876563 0.956543 0.875391 0.958008 0.875391 0.961426 0.875 0.961914 0.875 0.962402 0.874609 0.962891 0.874609 0.983887 0.875 0.984375 0.875 0.984863 0.875391 0.985352 0.875391 0.988281 0.876172 0.989258 0.876172 0.989746 0.876563 0.990234 0.876563 0.991699 0.877344 0.992676 0.877344 0.993164 0.878906 0.995117 0.880859 0.995117 0.882031 0.993652 0.882422 0.993652 0.883594 0.992188 0.883594 0.991699 0.883984 0.991211 0.883984 0.990723 0.884375 0.990234 0.884375 0.989746 0.884766 0.989258 0.884766 0.988281 0.885156 0.987793 0.885156 0.985352 0.885547 0.984863 0.885547 0.979004 0.885938 0.978516 0.885938 0.976562 0.886328 0.976074 0.886328 0.966309 0.885547 0.965332 0.885547 0.964355 0.885156 0.963867 0.885156 0.963379 0.884766 0.962891 0.884766 0.961914 0.884375 0.961426 0.884375 0.960938 0.883594 0.959961 0.883594 0.959473 0.883203 0.958984 0.883203 0.958496 0.882031 0.957031 0.882031 0.956055 0.881641 0.955566 0.881641 0.955078 0.88125 0.95459 0.88125 0.954102 0.880078 0.952637
1 0.700391 0.143555 0.700391 0.144043 0.699609 0.14502 0.699609 0.145508 0.698828 0.146484 0.698828 0.149414 0.698438 0.149902 0.698438 0.150879 0.697656 0.151855 0.697656 0.152344 0.697266 0.152832 0.697266 0.155273 0.697656 0.155762 0.697656 0.15625 0.698047 0.156738 0.698047 0.157227 0.698438 0.157715 0.698438 0.160645 0.698047 0.161133 0.698047 0.161621 0.698438 0.162109 0.698438 0.163086 0.698828 0.163574 0.698828 0.164062 0.699219 0.164551 0.699219 0.165527 0.699609 0.166016 0.699609 0.166992 0.7 0.16748 0.7 0.167969 0.700781 0.168945 0.700781 0.169434 0.701953 0.170898 0.702344 0.170898 0.702734 0.171387 0.703125 0.171387 0.703516 0.171875 0.704688 0.171875 0.705078 0.172363 0.710547 0.172363 0.710938 0.171875 0.711719 0.171875 0.712109 0.171387 0.7125 0.171387 0.712891 0.170898 0.713281 0.170898 0.713672 0.17041 0.713672 0.169922 0.714063 0.169434 0.714063 0.168945 0.714453 0.168457 0.714453 0.167969 0.714844 0.16748 0.714844 0.166016 0.715234 0.165527 0.715234 0.161621 0.714844 0.161133 0.714844 0.158203 0.714453 0.157715 0.714453 0.157227 0.714063 0.156738 0.714063 0.15625 0.713672 0.155762 0.713672 0.155273 0.712891 0.154297 0.712891 0.153809 0.712109 0.152832 0.712109 0.152344 0.711719 0.151855 0.711719 0.151367 0.710938 0.150391 0.710938 0.149902 0.709375 0.147949 0.708984 0.147949 0.708594 0.147461 0.708203 0.147461 0.707812 0.146973 0.707031 0.146973 0.70625 0.145996 0.705859 0.145996 0.705469 0.145508 0.704688 0.145508 0.704297 0.14502 0.703516 0.14502 0.703125 0.144531 0.702734 0.144531 0.701953 0.143555
1 0.715625 0.5625 0.715234 0.562988 0.714844 0.562988 0.714453 0.563477 0.714063 0.563477 0.713281 0.564453 0.713281 0.564941 0.712891 0.56543 0.712891 0.566895 0.7125 0.567383 0.7125 0.568848 0.712109 0.569336 0.712109 0.570801 0.711719 0.571289 0.711719 0.573242 0.711328 0.57373 0.711328 0.57666 0.710938 0.577148 0.710938 0.582031 0.711328 0.58252 0.711328 0.584473 0.711719 0.584961 0.711719 0.586426 0.712109 0.586914 0.712109 0.588379 0.7125 0.588867 0.7125 0.589844 0.712891 0.590332 0.712891 0.59082 0.713281 0.591309 0.713281 0.591797 0.713672 0.591797 0.714453 0.592773 0.714844 0.592773 0.715625 0.59375 0.716797 0.59375 0.717187 0.593262 0.717187 0.592773 0.717578 0.592285 0.717578 0.591309 0.717969 0.59082 0.717969 0.587891 0.718359 0.587402 0.718359 0.581543 0.71875 0.581055 0.71875 0.57666 0.719141 0.576172 0.719141 0.575195 0.71875 0.574707 0.71875 0.567383 0.718359 0.566895 0.718359 0.564453 0.717969 0.563965 0.717969 0.563477 0.717187 0.5625
1 0.712891 0.532715 0.712109 0.533691 0.712109 0.535156 0.711719 0.535645 0.711719 0.538574 0.711328 0.539062 0.711328 0.542969 0.711719 0.543457 0.711719 0.546387 0.712109 0.546875 0.712109 0.54834 0.7125 0.548828 0.7125 0.549316 0.712891 0.549805 0.712891 0.550293 0.713281 0.550781 0.713281 0.55127 0.714063 0.552246 0.714063 0.552734 0.715625 0.554688 0.715625 0.555176 0.716016 0.555664 0.716406 0.555664 0.717578 0.557129 0.717969 0.557129 0.71875 0.558105 0.719141 0.558105 0.719531 0.558594 0.720703 0.558594 0.721484 0.557617 0.721484 0.556641 0.721875 0.556152 0.721875 0.555176 0.722266 0.554688 0.722266 0.553223 0.722656 0.552734 0.722656 0.550781 0.723047 0.550293 0.723047 0.54541 0.722656 0.544922 0.722656 0.541016 0.722266 0.540527 0.722266 0.540039 0.721875 0.539551 0.721875 0.539062 0.721094 0.538086 0.721094 0.537598 0.720313 0.536621 0.720313 0.536133 0.719141 0.534668 0.71875 0.534668 0.717187 0.532715
1 0.676953 0.53418 0.676562 0.53418 0.676172 0.533691 0.675391 0.533691 0.675 0.533203 0.669922 0.533203 0.669531 0.533691 0.669141 0.533691 0.664453 0.539551 0.664062 0.539551 0.6625 0.541504 0.6625 0.54248 0.662109 0.542969 0.662109 0.544434 0.661719 0.544922 0.661719 0.54541 0.661328 0.545898 0.661328 0.546875 0.660937 0.547363 0.660937 0.550293 0.661328 0.550781 0.661328 0.551758 0.662109 0.552734 0.6625 0.552734 0.662891 0.553223 0.664062 0.553223 0.664453 0.553711 0.667969 0.553711 0.668359 0.553223 0.669922 0.553223 0.670312 0.552734 0.670703 0.552734 0.673047 0.549805 0.673438 0.549805 0.677344 0.544922 0.677344 0.544434 0.677734 0.543945 0.677734 0.543457 0.678125 0.542969 0.678125 0.541992 0.678516 0.541504 0.678516 0.537598 0.678125 0.537109 0.678125 0.536133 0.677734 0.535645 0.677734 0.535156
1 0.663281 0.524902 0.662109 0.526367 0.662109 0.527344 0.660547 0.529297 0.660547 0.530273 0.659766 0.53125 0.659766 0.531738 0.659375 0.532227 0.659375 0.532715 0.658984 0.533203 0.658984 0.533691 0.658203 0.534668 0.658203 0.536133 0.656641 0.538086 0.656641 0.539062 0.65625 0.539551 0.65625 0.540527 0.655469 0.541504 0.655469 0.54248 0.655078 0.542969 0.655078 0.543457 0.654297 0.544434 0.654297 0.54541 0.653906 0.545898 0.653906 0.546387 0.653125 0.547363 0.653125 0.548828 0.651953 0.550293 0.651953 0.55127 0.650781 0.552734 0.650781 0.553223 0.650391 0.553711 0.65 0.553711 0.648047 0.556152 0.647656 0.556152 0.646484 0.557617 0.646484 0.55957 0.647656 0.561035 0.650781 0.561035 0.651172 0.560547 0.651563 0.560547 0.651953 0.560059 0.653516 0.560059 0.654297 0.559082 0.654687 0.559082 0.655078 0.558594 0.655469 0.558594 0.655859 0.558105 0.65625 0.558105 0.656641 0.557617 0.657031 0.557617 0.657813 0.556641 0.658203 0.556641 0.659375 0.555176 0.659375 0.554688 0.660156 0.553711 0.660156 0.552734 0.660547 0.552246 0.660547 0.551758 0.660937 0.55127 0.660937 0.550293 0.661328 0.549805 0.661328 0.549316 0.661719 0.548828 0.661719 0.54834 0.662109 0.547852 0.662109 0.546387 0.6625 0.545898 0.6625 0.544922 0.663281 0.543945 0.663281 0.54248 0.663672 0.541992 0.663672 0.541504 0.664062 0.541016 0.664062 0.540527 0.664453 0.540039 0.664453 0.539551 0.664844 0.539062 0.664844 0.538086 0.665234 0.537598 0.665234 0.536133 0.665625 0.535645 0.665625 0.531738 0.666016 0.53125 0.666016 0.526367 0.664844 0.524902
1 0.657813 0.521973 0.657422 0.522461 0.657031 0.522461 0.65625 0.523438 0.655078 0.523438 0.653906 0.524902 0.653125 0.524902 0.648828 0.530273 0.648828 0.530762 0.648438 0.53125 0.648438 0.531738 0.647656 0.532715 0.647656 0.533691 0.647266 0.53418 0.647266 0.535156 0.646484 0.536133 0.646484 0.536621 0.646094 0.537109 0.646094 0.538086 0.645703 0.538574 0.645703 0.539551 0.645312 0.540039 0.645312 0.541016 0.644922 0.541504 0.644922 0.543945 0.644531 0.544434 0.644531 0.544922 0.644141 0.54541 0.644141 0.546387 0.64375 0.546875 0.64375 0.547852 0.643359 0.54834 0.643359 0.549316 0.642969 0.549805 0.642969 0.550781 0.641016 0.553223 0.641016 0.555176 0.642578 0.557129 0.644141 0.557129 0.644922 0.556152 0.645312 0.556152 0.647266 0.553711 0.647656 0.553711 0.648828 0.552246 0.648828 0.551758 0.65 0.550293 0.65 0.549316 0.650391 0.548828 0.650391 0.54834 0.651172 0.547363 0.651172 0.546387 0.651563 0.545898 0.651563 0.54541 0.652344 0.544434 0.652344 0.543945 0.652734 0.543457 0.652734 0.542969 0.653516 0.541992 0.653516 0.540527 0.654687 0.539062 0.654687 0.538574 0.655469 0.537598 0.655469 0.537109 0.655859 0.536621 0.655859 0.535645 0.656641 0.534668 0.656641 0.53418 0.657813 0.532715 0.657813 0.532227 0.659375 0.530273 0.659375 0.529785 0.662109 0.526367 0.662109 0.525879 0.6625 0.525391 0.6625 0.523438 0.661328 0.521973
1 0.919141 0.188477 0.91875 0.188965 0.917969 0.188965 0.916406 0.190918 0.916406 0.192871 0.916016 0.193359 0.916016 0.194824 0.915625 0.195312 0.915625 0.20752 0.916016 0.208008 0.916016 0.208496 0.916406 0.208984 0.916406 0.209961 0.916797 0.210449 0.916797 0.210938 0.917578 0.211914 0.917578 0.212402 0.918359 0.213379 0.918359 0.213867 0.919141 0.214844 0.919141 0.215332 0.919531 0.21582 0.919531 0.216309 0.921094 0.218262 0.923438 0.218262 0.924219 0.217285 0.925 0.217285 0.926172 0.21582 0.926172 0.214355 0.926562 0.213867 0.926562 0.210938 0.926953 0.210449 0.926953 0.201172 0.926562 0.200684 0.926562 0.199707 0.926172 0.199219 0.926172 0.19873 0.925781 0.198242 0.925781 0.197754 0.925391 0.197266 0.925391 0.196289 0.925 0.195801 0.925 0.195312 0.924609 0.194824 0.924609 0.193359 0.923828 0.192383 0.923828 0.191406 0.923438 0.190918 0.923438 0.19043 0.921875 0.188477
1 0.904687 0.188477 0.904297 0.188965 0.903906 0.188965 0.902734 0.19043 0.902734 0.191406 0.901953 0.192383 0.901953 0.195312 0.901563 0.195801 0.901563 0.19873 0.902344 0.199707 0.902344 0.200195 0.902734 0.200684 0.902734 0.202148 0.903125 0.202637 0.903125 0.203125 0.903516 0.203613 0.903516 0.204102 0.904687 0.205566 0.904687 0.206055 0.907031 0.208984 0.907031 0.209473 0.908984 0.211914 0.908984 0.212402 0.911328 0.215332 0.911719 0.215332 0.912109 0.21582 0.914844 0.21582 0.915234 0.215332 0.915625 0.215332 0.917578 0.212891 0.917578 0.209961 0.917188 0.209473 0.917188 0.206543 0.916797 0.206055 0.916797 0.20459 0.916406 0.204102 0.916406 0.202637 0.916016 0.202148 0.916016 0.20166 0.915625 0.201172 0.915625 0.200684 0.915234 0.200195 0.915234 0.199707 0.914844 0.199219 0.914844 0.198242 0.914062 0.197266 0.914062 0.195801 0.913672 0.195312 0.913672 0.194824 0.912891 0.193848 0.912891 0.192871 0.912109 0.191895 0.912109 0.191406 0.910156 0.188965 0.908984 0.188965 0.908594 0.188477
1 0.882031 0.151367 0.881641 0.151855 0.88125 0.151855 0.880469 0.152832 0.879687 0.152832 0.878516 0.154297 0.878125 0.154297 0.877734 0.154785 0.877344 0.154785 0.875391 0.157227 0.875391 0.157715 0.875 0.158203 0.875 0.158691 0.873437 0.160645 0.873437 0.161133 0.869922 0.165527 0.869531 0.165527 0.86875 0.166504 0.868359 0.166504 0.867578 0.16748 0.867188 0.16748 0.866016 0.168945 0.866016 0.170898 0.867188 0.172363 0.870313 0.172363 0.870703 0.172852 0.876953 0.172852 0.878125 0.171387 0.878516 0.171387 0.878906 0.170898 0.879297 0.170898 0.882422 0.166992 0.882422 0.166504 0.883203 0.165527 0.883203 0.165039 0.883594 0.164551 0.883594 0.164062 0.883984 0.163574 0.883984 0.162109 0.884375 0.161621 0.884375 0.160645 0.884766 0.160156 0.884766 0.152832 0.883594 0.151367
1 0.954297 0.150879 0.952734 0.152832 0.952734 0.15332 0.95 0.156738 0.95 0.157227 0.949219 0.158203 0.949219 0.158691 0.948828 0.15918 0.948828 0.159668 0.948438 0.160156 0.948438 0.161621 0.947656 0.162598 0.947656 0.165039 0.947266 0.165527 0.947266 0.166016 0.946875 0.166504 0.946875 0.167969 0.946484 0.168457 0.946484 0.17041 0.946094 0.170898 0.946094 0.171387 0.945703 0.171875 0.945703 0.185059 0.946875 0.186523 0.948438 0.186523 0.949219 0.185547 0.949609 0.185547 0.950781 0.184082 0.951172 0.184082 0.951562 0.183594 0.951953 0.183594 0.953906 0.181152 0.953906 0.180664 0.955859 0.178223 0.955859 0.177246 0.956641 0.17627 0.956641 0.175781 0.957031 0.175293 0.957031 0.17334 0.957422 0.172852 0.957422 0.171875 0.957812 0.171387 0.957812 0.162598 0.956641 0.161133 0.956641 0.160156 0.95625 0.159668 0.956641 0.15918 0.956641 0.158691 0.957031 0.158203 0.957031 0.155762 0.957812 0.154785 0.957812 0.152832 0.956641 0.151367 0.95625 0.151367 0.955859 0.150879
1 0.964844 0.143555 0.964063 0.144531 0.963672 0.144531 0.961328 0.147461 0.961328 0.148438 0.960547 0.149414 0.960547 0.150391 0.960156 0.150879 0.960156 0.151367 0.959766 0.151855 0.959766 0.152344 0.959375 0.152832 0.959375 0.15332 0.958984 0.153809 0.958984 0.154785 0.958203 0.155762 0.958203 0.156738 0.957812 0.157227 0.957812 0.15918 0.957422 0.159668 0.957422 0.172363 0.958594 0.173828 0.960156 0.173828 0.961328 0.172363 0.961328 0.171387 0.962891 0.169434 0.962891 0.168945 0.964063 0.16748 0.964063 0.166992 0.967187 0.163086 0.967187 0.162598 0.967969 0.161621 0.967969 0.161133 0.968359 0.160645 0.968359 0.160156 0.969531 0.158691 0.969531 0.158203 0.970313 0.157227 0.970313 0.156738 0.970703 0.15625 0.970703 0.154785 0.971094 0.154297 0.971094 0.148438 0.970703 0.147949 0.970703 0.147461 0.970313 0.146973 0.970313 0.146484 0.96875 0.144531 0.968359 0.144531 0.967969 0.144043 0.967578 0.144043 0.967187 0.143555
1 0.883984 0.0932617 0.878516 0.100098 0.878125 0.100098 0.876953 0.101562 0.876953 0.102051 0.876172 0.103027 0.876172 0.103516 0.875391 0.104492 0.875391 0.10498 0.874609 0.105957 0.874609 0.106445 0.872266 0.109375 0.872266 0.109863 0.871484 0.11084 0.871484 0.111816 0.871094 0.112305 0.871094 0.116211 0.872656 0.118164 0.873047 0.118164 0.873437 0.118652 0.877344 0.118652 0.877734 0.118164 0.878906 0.118164 0.879297 0.117676 0.879687 0.117676 0.880078 0.117188 0.880859 0.117188 0.88125 0.116699 0.881641 0.116699 0.882031 0.116211 0.882422 0.116211 0.883594 0.114746 0.883594 0.109375 0.883984 0.108887 0.883984 0.10791 0.884375 0.107422 0.884375 0.106445 0.884766 0.105957 0.884766 0.104492 0.885156 0.104004 0.885156 0.103027 0.885547 0.102539 0.885547 0.102051 0.885938 0.101562 0.885938 0.100586 0.886719 0.0996094 0.886719 0.0947266 0.885547 0.0932617
1 0.904687 0.0688477 0.904297 0.0693359 0.903906 0.0693359 0.903516 0.0698242 0.902344 0.0698242 0.899219 0.0737305 0.898828 0.0737305 0.896875 0.0761719 0.896484 0.0761719 0.89375 0.0795898 0.89375 0.0800781 0.893359 0.0805664 0.893359 0.081543 0.892578 0.0825195 0.892578 0.0830078 0.892188 0.0834961 0.892188 0.0883789 0.891797 0.0888672 0.891797 0.0942383 0.892969 0.0957031 0.895703 0.0957031 0.896875 0.0942383 0.896875 0.09375 0.898438 0.0917969 0.898438 0.0913086 0.9 0.0893555 0.900391 0.0893555 0.901563 0.0878906 0.902344 0.0878906 0.903125 0.0869141 0.903516 0.0869141 0.903906 0.0864258 0.904297 0.0864258 0.905078 0.0854492 0.905469 0.0854492 0.907813 0.0825195 0.907813 0.0820312 0.908203 0.081543 0.908594 0.081543 0.909766 0.0800781 0.909766 0.0795898 0.910937 0.078125 0.910937 0.0776367 0.911719 0.0766602 0.911719 0.0761719 0.912109 0.0756836 0.912109 0.0751953 0.9125 0.074707 0.9125 0.0712891 0.910937 0.0693359 0.910547 0.0693359 0.910156 0.0688477
1 0.882812 0.0751953 0.882031 0.0761719 0.881641 0.0761719 0.88125 0.0766602 0.878516 0.0766602 0.878125 0.0771484 0.876563 0.0771484 0.876172 0.0776367 0.875 0.0776367 0.874609 0.078125 0.874219 0.078125 0.873828 0.0786133 0.871094 0.0786133 0.870703 0.0791016 0.868359 0.0791016 0.867969 0.0795898 0.866016 0.0795898 0.865625 0.0800781 0.864844 0.0800781 0.864453 0.0805664 0.861719 0.0805664 0.861328 0.0810547 0.857812 0.0810547 0.857422 0.081543 0.857031 0.081543 0.855859 0.0830078 0.855859 0.0849609 0.857812 0.0874023 0.858203 0.0874023 0.860156 0.0898438 0.860547 0.0898438 0.860938 0.090332 0.861328 0.090332 0.861719 0.0908203 0.862891 0.0908203 0.863281 0.0913086 0.871484 0.0913086 0.871875 0.0908203 0.872656 0.0908203 0.873047 0.090332 0.873828 0.090332 0.874219 0.0898438 0.875 0.0898438 0.875391 0.0893555 0.876172 0.0893555 0.876563 0.0888672 0.876953 0.0888672 0.877344 0.0883789 0.878125 0.0883789 0.878516 0.0878906 0.878906 0.0878906 0.879297 0.0874023 0.879687 0.0874023 0.880078 0.0869141 0.880469 0.0869141 0.88125 0.0859375 0.881641 0.0859375 0.882812 0.0844727 0.883203 0.0844727 0.884375 0.0830078 0.884766 0.0830078 0.885938 0.081543 0.886328 0.081543 0.887891 0.0795898 0.887891 0.0776367 0.886719 0.0761719 0.885938 0.0761719 0.885156 0.0751953
1 0.890234 0.0581055 0.887891 0.0610352 0.887891 0.0654297 0.8875 0.065918 0.8875 0.0668945 0.887109 0.0673828 0.887109 0.0776367 0.889062 0.0800781 0.892969 0.0800781 0.896094 0.0761719 0.896094 0.0756836 0.896484 0.0751953 0.896484 0.0742188 0.896875 0.0737305 0.896875 0.0678711 0.896484 0.0673828 0.896484 0.0649414 0.896094 0.0644531 0.896094 0.0634766 0.895703 0.0629883 0.895703 0.0625 0.895312 0.0620117 0.895312 0.0615234 0.894922 0.0610352 0.894922 0.0605469 0.894531 0.0600586 0.894531 0.0595703 0.893359 0.0581055
1 0.888281 0.974121 0.887109 0.975586 0.887109 0.978516 0.886719 0.979004 0.886719 0.97998 0.886328 0.980469 0.886328 0.982422 0.885938 0.98291 0.885938 0.991699 0.886328 0.992188 0.886328 0.994141 0.886719 0.994629 0.886719 0.995605 0.887109 0.996094 0.887109 0.99707 0.888281 0.998535 0.888281 0.999512 0.892969 0.999512 0.893359 0.999023 0.894141 0.999023 0.895312 0.997559 0.895312 0.994629 0.894922 0.994141 0.894922 0.989258 0.894531 0.98877 0.894531 0.987305 0.894141 0.986816 0.894141 0.98584 0.89375 0.985352 0.89375 0.984863 0.893359 0.984375 0.893359 0.983398 0.892969 0.98291 0.892969 0.981934 0.892578 0.981445 0.892578 0.980469 0.892188 0.97998 0.892188 0.978027 0.891797 0.977539 0.891797 0.976562 0.889844 0.974121
1 0.892578 0.936523 0.891406 0.937988 0.891406 0.942871 0.891016 0.943359 0.891016 0.944336 0.890625 0.944824 0.890625 0.945801 0.890234 0.946289 0.890234 0.950195 0.889844 0.950684 0.889844 0.951172 0.889453 0.95166 0.889453 0.964355 0.889844 0.964844 0.889844 0.966797 0.890234 0.967285 0.890234 0.968262 0.890625 0.96875 0.890625 0.969238 0.891016 0.969727 0.891016 0.970703 0.891406 0.971191 0.891406 0.972656 0.892188 0.973633 0.892188 0.976074 0.892578 0.976562 0.892578 0.977051 0.892969 0.977539 0.892969 0.978027 0.893359 0.978516 0.893359 0.97998 0.89375 0.980469 0.89375 0.982422 0.895703 0.984863 0.898047 0.984863 0.899219 0.983398 0.899219 0.98291 0.899609 0.982422 0.899609 0.979492 0.9 0.979004 0.9 0.978516 0.900391 0.978027 0.900391 0.975586 0.900781 0.975098 0.901563 0.975098 0.902734 0.973633 0.902734 0.958008 0.902344 0.95752 0.902344 0.954102 0.901953 0.953613 0.901953 0.952637 0.901563 0.952148 0.901563 0.951172 0.900391 0.949707 0.900391 0.947754 0.899219 0.946289 0.899219 0.945801 0.898438 0.944824 0.898438 0.944336 0.897656 0.943359 0.897656 0.942383 0.896484 0.940918 0.896484 0.94043 0.896094 0.939941 0.896094 0.938477 0.894922 0.937012 0.894531 0.937012 0.894141 0.936523
1 0.919531 0.130859 0.917578 0.133301 0.917578 0.134766 0.917188 0.135254 0.917188 0.135742 0.916797 0.13623 0.916797 0.136719 0.916016 0.137695 0.916016 0.138184 0.915625 0.138672 0.915625 0.13916 0.915234 0.139648 0.915234 0.141113 0.914844 0.141602 0.914844 0.142578 0.914453 0.143066 0.914453 0.143555 0.914062 0.144043 0.914062 0.14502 0.913672 0.145508 0.913672 0.155273 0.914453 0.15625 0.914453 0.157715 0.915234 0.158691 0.915234 0.159668 0.916016 0.160645 0.916016 0.161133 0.916406 0.161621 0.916406 0.162109 0.917578 0.163574 0.917578 0.164062 0.917969 0.164551 0.917969 0.165039 0.91875 0.166016 0.91875 0.166992 0.921484 0.17041 0.921875 0.17041 0.922656 0.171387 0.923047 0.171387 0.923828 0.172363 0.924609 0.172363 0.925781 0.173828 0.926172 0.173828 0.926953 0.174805 0.927734 0.174805 0.930078 0.177734 0.930469 0.177734 0.932422 0.180176 0.935156 0.180176 0.936328 0.178711 0.936328 0.174316 0.935937 0.173828 0.935937 0.17334 0.935547 0.172852 0.935547 0.172363 0.935156 0.171875 0.935156 0.171387 0.931641 0.166992 0.93125 0.166992 0.930078 0.165527 0.930078 0.165039 0.928906 0.163574 0.928906 0.162109 0.928516 0.161621 0.928516 0.160156 0.928125 0.159668 0.928125 0.158203 0.927344 0.157227 0.927344 0.153809 0.926953 0.15332 0.926953 0.152344 0.926562 0.151855 0.926562 0.145508 0.926172 0.14502 0.926172 0.144043 0.925781 0.143555 0.925781 0.143066 0.925 0.14209 0.925 0.141602 0.924219 0.140625 0.924219 0.13916 0.923828 0.138672 0.923828 0.137695 0.923438 0.137207 0.923438 0.136719 0.923047 0.13623 0.923047 0.134766 0.922656 0.134277 0.922656 0.133301 0.922266 0.132812 0.922266 0.132324 0.921094 0.130859
1 0.165234 0.901855 0.164453 0.902832 0.163672 0.902832 0.160938 0.90625 0.160938 0.906738 0.160156 0.907715 0.160156 0.908203 0.159766 0.908691 0.159375 0.908691 0.158984 0.90918 0.158594 0.90918 0.156641 0.911621 0.156641 0.912109 0.15625 0.912598 0.15625 0.913086 0.155859 0.913574 0.155859 0.914062 0.155469 0.914551 0.155469 0.915039 0.154297 0.916504 0.154297 0.92334 0.154688 0.923828 0.154688 0.925293 0.155078 0.925781 0.155078 0.926758 0.155469 0.927246 0.155469 0.928223 0.155859 0.928711 0.155859 0.929199 0.157031 0.930664 0.157422 0.930664 0.158203 0.931641 0.160938 0.931641 0.162109 0.930176 0.162109 0.929688 0.1625 0.929199 0.1625 0.928711 0.162891 0.928223 0.162891 0.926758 0.163281 0.92627 0.163281 0.923828 0.163672 0.92334 0.163672 0.915527 0.164062 0.915039 0.164062 0.914062 0.164453 0.913574 0.164453 0.913086 0.165234 0.912109 0.165234 0.911621 0.165625 0.911133 0.165625 0.910645 0.166016 0.910156 0.166016 0.909668 0.166797 0.908691 0.166797 0.908203 0.167578 0.907227 0.167578 0.906738 0.168359 0.905762 0.168359 0.90332 0.167187 0.901855
1 0.1625 0.896973 0.162109 0.897461 0.161719 0.897461 0.160938 0.898438 0.160547 0.898438 0.160156 0.898926 0.159766 0.898926 0.158203 0.900879 0.158203 0.901367 0.156641 0.90332 0.156641 0.903809 0.154688 0.90625 0.154688 0.906738 0.152734 0.90918 0.152734 0.909668 0.150391 0.912598 0.150391 0.913574 0.15 0.914062 0.15 0.915039 0.149609 0.915527 0.149609 0.916504 0.149219 0.916992 0.149219 0.919922 0.150391 0.921387 0.151953 0.921387 0.158594 0.913086 0.158594 0.912598 0.159375 0.911621 0.159375 0.911133 0.160938 0.90918 0.160938 0.908691 0.163672 0.905273 0.163672 0.904785 0.165625 0.902344 0.165625 0.901855 0.166406 0.900879 0.166406 0.898438 0.165234 0.896973
1 0.258203 0.689941 0.257812 0.69043 0.257422 0.69043 0.25625 0.691895 0.255859 0.691895 0.254688 0.693359 0.254688 0.693848 0.253906 0.694824 0.253906 0.695312 0.253516 0.695801 0.253516 0.699707 0.253906 0.700195 0.253906 0.700684 0.255078 0.702148 0.255078 0.702637 0.257031 0.705078 0.257031 0.705566 0.258594 0.70752 0.258594 0.708008 0.258984 0.708496 0.258984 0.709473 0.259375 0.709961 0.259375 0.710449 0.260156 0.711426 0.260156 0.712402 0.260547 0.712891 0.260547 0.713379 0.261719 0.714844 0.263281 0.714844 0.264453 0.713379 0.264453 0.708984 0.264062 0.708496 0.264062 0.708008 0.263672 0.70752 0.263672 0.705566 0.263281 0.705078 0.263281 0.704102 0.262891 0.703613 0.262891 0.703125 0.2625 0.702637 0.2625 0.702148 0.262109 0.70166 0.262109 0.701172 0.261719 0.700684 0.261719 0.700195 0.261328 0.699707 0.261328 0.699219 0.260937 0.69873 0.260937 0.691406 0.259766 0.689941
1 0.182031 0.250488 0.181641 0.250977 0.178516 0.250977 0.178125 0.251465 0.177344 0.251465 0.176953 0.251953 0.176563 0.251953 0.176172 0.252441 0.175781 0.252441 0.173437 0.255371 0.173437 0.255859 0.172266 0.257324 0.172266 0.257812 0.171875 0.258301 0.171875 0.261719 0.173437 0.263672 0.174219 0.263672 0.174609 0.26416 0.175391 0.26416 0.175781 0.264648 0.178125 0.264648 0.178516 0.265137 0.181641 0.265137 0.182031 0.264648 0.183984 0.264648 0.184375 0.26416 0.185547 0.26416 0.185938 0.263672 0.186328 0.263672 0.186719 0.263184 0.187891 0.263184 0.188281 0.262695 0.189062 0.262695 0.189844 0.261719 0.190234 0.261719 0.190625 0.26123 0.191016 0.26123 0.191406 0.260742 0.191797 0.260742 0.192188 0.260254 0.192969 0.260254 0.193359 0.259766 0.195312 0.259766 0.195703 0.259277 0.196094 0.259277 0.198437 0.256348 0.198437 0.255859 0.199219 0.254883 0.199219 0.25293 0.198047 0.251465 0.196484 0.251465 0.196094 0.251953 0.194922 0.251953 0.194531 0.252441 0.188672 0.252441 0.188281 0.251953 0.187891 0.251953 0.1875 0.251465 0.185938 0.251465 0.185156 0.250488
1 0.664062 0.992676 0.662891 0.994141 0.662891 0.994629 0.6625 0.995117 0.6625 0.99707 0.663672 0.998535 0.664062 0.998535 0.664844 0.999512 0.682422 0.999512 0.682031 0.999023 0.680469 0.999023 0.680078 0.998535 0.679688 0.998535 0.678906 0.997559 0.678125 0.997559 0.677734 0.99707 0.675 0.99707 0.674609 0.996582 0.673828 0.996582 0.673438 0.996094 0.672656 0.996094 0.672266 0.995605 0.671094 0.995605 0.670703 0.995117 0.670312 0.995117 0.669922 0.994629 0.669531 0.994629 0.669141 0.994141 0.66875 0.994141 0.668359 0.993652 0.667969 0.993652 0.667578 0.993164 0.667188 0.993164 0.666797 0.992676
1 0.726562 0.968262 0.726172 0.96875 0.725781 0.96875 0.724609 0.970215 0.724609 0.970703 0.723437 0.972168 0.723437 0.972656 0.722656 0.973633 0.722656 0.974121 0.720313 0.977051 0.720313 0.977539 0.71875 0.979492 0.71875 0.97998 0.717578 0.981445 0.717578 0.981934 0.717187 0.982422 0.717187 0.98291 0.716797 0.983398 0.716797 0.983887 0.716406 0.984375 0.716406 0.985352 0.715625 0.986328 0.715625 0.990234 0.715234 0.990723 0.715234 0.99707 0.716406 0.998535 0.717969 0.998535 0.719531 0.996582 0.719531 0.995605 0.719922 0.995117 0.719922 0.994629 0.720703 0.993652 0.720703 0.993164 0.721484 0.992188 0.721484 0.991699 0.722266 0.990723 0.722266 0.990234 0.722656 0.989746 0.722656 0.989258 0.723437 0.988281 0.723437 0.987793 0.723828 0.987305 0.723828 0.98584 0.724609 0.984863 0.724609 0.983887 0.725 0.983398 0.725 0.98291 0.725391 0.982422 0.725391 0.981934 0.725781 0.981445 0.725781 0.980957 0.727344 0.979004 0.727344 0.978516 0.727734 0.978027 0.727734 0.977539 0.728516 0.976562 0.728516 0.976074 0.728906 0.975586 0.728906 0.975098 0.729297 0.974609 0.729297 0.969727 0.728125 0.968262
1 0.729297 0.994141 0.728906 0.994629 0.721875 0.994629 0.721484 0.995117 0.721094 0.995117 0.719922 0.996582 0.719531 0.996582 0.717187 0.999512 0.733984 0.999512 0.733984 0.99707 0.731641 0.994141
1 0.651563 0.445801 0.651172 0.446289 0.65 0.446289 0.649609 0.446777 0.648828 0.446777 0.648438 0.447266 0.647656 0.447266 0.647266 0.447754 0.646875 0.447754 0.646484 0.448242 0.646094 0.448242 0.645703 0.44873 0.645312 0.44873 0.644922 0.449219 0.64375 0.449219 0.642969 0.450195 0.641016 0.450195 0.640625 0.450684 0.640234 0.450684 0.639844 0.451172 0.639453 0.451172 0.639062 0.45166 0.638672 0.45166 0.6375 0.453125 0.6375 0.453613 0.637109 0.454102 0.637109 0.457031 0.6375 0.45752 0.6375 0.458008 0.637891 0.458496 0.637891 0.460938 0.638281 0.461426 0.638281 0.461914 0.638672 0.462402 0.638672 0.462891 0.639062 0.463379 0.639062 0.463867 0.641016 0.466309 0.641406 0.466309 0.641797 0.466797 0.64375 0.466797 0.644141 0.467285 0.644531 0.467285 0.644922 0.467773 0.645703 0.467773 0.646094 0.468262 0.646094 0.46875 0.647656 0.470703 0.651563 0.470703 0.651953 0.471191 0.652344 0.471191 0.653125 0.472168 0.653516 0.472168 0.654297 0.473145 0.654297 0.473633 0.654687 0.474121 0.654687 0.474609 0.653516 0.476074 0.653125 0.476074 0.651953 0.477539 0.651953 0.479492 0.653125 0.480957 0.655859 0.480957 0.65625 0.480469 0.656641 0.480469 0.657031 0.47998 0.657813 0.47998 0.658203 0.479492 0.658594 0.479492 0.659375 0.478516 0.659766 0.478516 0.6625 0.475098 0.6625 0.474609 0.663672 0.473145 0.663672 0.472656 0.664453 0.47168 0.664453 0.471191 0.664844 0.470703 0.664844 0.470215 0.665234 0.469727 0.665234 0.46875 0.665625 0.468262 0.665625 0.466797 0.666406 0.46582 0.666797 0.46582 0.667188 0.465332 0.667578 0.465332 0.667969 0.464844 0.669531 0.464844 0.670312 0.463867 0.671094 0.463867 0.672656 0.461914 0.672656 0.461426 0.673047 0.460938 0.673047 0.459961 0.673438 0.459473 0.673438 0.45459 0.671094 0.45166 0.666406 0.45166 0.666016 0.451172 0.665234 0.451172 0.664453 0.450195 0.664062 0.450195 0.663672 0.449707 0.662891 0.449707 0.6625 0.449219 0.661719 0.449219 0.661328 0.44873 0.660547 0.44873 0.659766 0.447754 0.659375 0.447754 0.658203 0.446289 0.65625 0.446289 0.655859 0.445801
