1 0.003125 0.34082 0.003125 0.342285 0.00429688 0.34375 0.00507813 0.34668 0.0167969 0.358398 0.0378906 0.371582 0.0402344 0.374023 0.0472656 0.378418 0.0492187 0.380859 0.0601563 0.387207 0.0621094 0.389648 0.065625 0.391113 0.0695313 0.394043 0.0714844 0.396973 0.0742188 0.398926 0.0820312 0.407715 0.0882813 0.418945 0.0917969 0.42041 0.0996094 0.426758 0.103125 0.430664 0.108203 0.433594 0.110547 0.436035 0.123047 0.44043 0.128516 0.441406 0.132812 0.443848 0.14375 0.447754 0.153125 0.449219 0.157422 0.45166 0.164062 0.452637 0.170703 0.455078 0.178125 0.456543 0.182812 0.458984 0.194141 0.460938 0.198437 0.462402 0.209766 0.462402 0.229297 0.458984 0.236328 0.455566 0.241406 0.45166 0.241797 0.450684 0.240625 0.447754 0.240234 0.443848 0.238281 0.440918 0.235156 0.439453 0.221484 0.44043 0.217188 0.437988 0.213672 0.437012 0.208594 0.430664 0.206641 0.429688 0.201172 0.421387 0.189844 0.413086 0.185156 0.406738 0.182422 0.404785 0.174609 0.401855 0.170703 0.396973 0.162891 0.39209 0.159375 0.391113 0.153125 0.387207 0.149609 0.386719 0.146094 0.384766 0.142578 0.384766 0.138672 0.379883 0.133984 0.378418 0.132031 0.376953 0.128125 0.376465 0.120703 0.373535 0.110156 0.373535 0.108203 0.374512 0.105859 0.374512 0.0957031 0.371582 0.0917969 0.374512 0.0757812 0.374512 0.0640625 0.37207 0.0597656 0.369141 0.0554687 0.368164 0.0527344 0.365234 0.0480469 0.363281 0.0453125 0.360352 0.0417969 0.359375 0.0367188 0.355469 0.0332031 0.354492 0.0292969 0.352051 0.025 0.351074 0.021875 0.348633 0.0171875 0.347168 0.0109375 0.341309 0.00742187 0.340332 0.00585938 0.337891 0.00507813 0.337891
1 0.662109 0.376465 0.661719 0.377441 0.662891 0.380371 0.670703 0.391602 0.683984 0.407715 0.687891 0.416504 0.688672 0.420898 0.690625 0.424805 0.692187 0.431641 0.694141 0.45166 0.696484 0.465332 0.699609 0.473145 0.703125 0.484863 0.704688 0.494141 0.706641 0.500488 0.707812 0.508301 0.7125 0.52832 0.717578 0.544434 0.718359 0.549316 0.723047 0.560547 0.733594 0.579102 0.744141 0.603516 0.747656 0.609863 0.750391 0.613281 0.750781 0.615723 0.752344 0.618164 0.756641 0.620117 0.763281 0.616699 0.766797 0.618164 0.775 0.616699 0.775781 0.615723 0.775781 0.604004 0.774609 0.599609 0.772656 0.582031 0.770312 0.571777 0.76875 0.568359 0.768359 0.564453 0.766406 0.55957 0.763672 0.547852 0.762109 0.543945 0.761719 0.540527 0.759766 0.536621 0.759375 0.533203 0.75625 0.523926 0.749609 0.508301 0.747656 0.501465 0.744922 0.497559 0.7375 0.477539 0.733594 0.469727 0.730469 0.465332 0.725391 0.45459 0.71875 0.444824 0.716797 0.438965 0.712891 0.435059 0.710547 0.430664 0.703125 0.42041 0.701172 0.416016 0.6875 0.396973 0.685547 0.392578 0.682031 0.387207 0.676172 0.382812 0.672656 0.381836 0.666016 0.377441
1 0.881641 0.67627 0.880859 0.672852 0.871875 0.661133 0.864453 0.654785 0.846875 0.644043 0.839844 0.638672 0.825391 0.629395 0.822266 0.628418 0.811719 0.622559 0.799219 0.618652 0.796484 0.618652 0.785156 0.615723 0.775781 0.614746 0.765625 0.614746 0.751563 0.616699 0.747656 0.619629 0.743359 0.620605 0.728516 0.629883 0.720703 0.63916 0.716797 0.64502 0.712891 0.647461 0.705469 0.654785 0.698047 0.658691 0.692578 0.664551 0.689844 0.666504 0.680859 0.677734 0.679297 0.681152 0.674609 0.687012 0.673047 0.687988 0.667969 0.694824 0.665234 0.696777 0.662891 0.700684 0.657422 0.705566 0.655469 0.710449 0.651563 0.715332 0.644531 0.72168 0.644141 0.723145 0.642969 0.724121 0.642969 0.727051 0.644141 0.728516 0.647266 0.728027 0.648438 0.725586 0.654687 0.72168 0.659375 0.716309 0.664062 0.713379 0.671484 0.706055 0.675391 0.700684 0.678516 0.698242 0.685156 0.69043 0.695312 0.675781 0.701172 0.671387 0.708984 0.669434 0.716406 0.668457 0.720313 0.671387 0.722656 0.671875 0.728516 0.675781 0.738281 0.680176 0.743359 0.683594 0.751563 0.686035 0.760938 0.687012 0.801562 0.686523 0.812109 0.68457 0.830078 0.683594 0.846484 0.678711 0.857031 0.679688 0.860938 0.681641 0.867578 0.683105 0.876953 0.683594 0.880859 0.682129 0.881641 0.681152
1 0.635547 0.234863 0.633984 0.236328 0.632812 0.239746 0.628906 0.274902 0.625 0.290527 0.623047 0.305664 0.623047 0.310547 0.620313 0.323242 0.620313 0.325684 0.61875 0.32959 0.617969 0.341309 0.617188 0.344727 0.61875 0.375977 0.619922 0.381836 0.621094 0.396484 0.622266 0.401855 0.623047 0.423828 0.625781 0.438477 0.626172 0.447754 0.630078 0.45752 0.632422 0.46582 0.635938 0.474609 0.640234 0.48291 0.639844 0.486816 0.640625 0.490234 0.640625 0.495117 0.641406 0.497559 0.639844 0.53418 0.637891 0.555176 0.637891 0.561035 0.637109 0.564453 0.635156 0.597168 0.635156 0.60498 0.636328 0.612305 0.636328 0.619629 0.637891 0.630859 0.638672 0.643555 0.638672 0.654785 0.636719 0.675781 0.632812 0.700195 0.632812 0.706543 0.630859 0.712402 0.629687 0.719727 0.630078 0.72998 0.631641 0.729004 0.632031 0.725098 0.636328 0.718262 0.638281 0.713379 0.640625 0.700684 0.641406 0.689453 0.643359 0.680176 0.646875 0.646973 0.646094 0.626953 0.644922 0.622559 0.644141 0.611816 0.644141 0.594238 0.651172 0.540527 0.653906 0.501465 0.658203 0.486816 0.658984 0.481445 0.661719 0.474609 0.6625 0.469727 0.663672 0.466797 0.663672 0.463379 0.666797 0.452637 0.667969 0.442383 0.667578 0.428223 0.664453 0.407715 0.662109 0.395996 0.658984 0.388184 0.657031 0.380371 0.655469 0.368652 0.653125 0.35791 0.650781 0.336914 0.646875 0.314941 0.645703 0.300293 0.645703 0.285645 0.642578 0.26123 0.641016 0.240723 0.638281 0.235352
1 0.573047 0.417969 0.571484 0.417969 0.568359 0.419922 0.565625 0.42334 0.555469 0.428223 0.553906 0.430176 0.552344 0.43457 0.543359 0.445312 0.541016 0.446777 0.526953 0.461426 0.525 0.462402 0.51875 0.470215 0.510547 0.485352 0.507031 0.496094 0.501563 0.509277 0.500781 0.522949 0.499219 0.531738 0.497266 0.536133 0.496875 0.541016 0.495703 0.544922 0.495703 0.552246 0.493359 0.556152 0.492578 0.55957 0.490234 0.563965 0.4875 0.571777 0.485547 0.574707 0.480859 0.597656 0.478125 0.604492 0.476562 0.615234 0.474219 0.622559 0.471484 0.646973 0.468359 0.654785 0.465625 0.658203 0.461328 0.666016 0.460938 0.669922 0.459375 0.674316 0.456641 0.692383 0.455078 0.696777 0.454688 0.701172 0.453516 0.705078 0.453125 0.709961 0.451562 0.713379 0.451562 0.715332 0.452344 0.716797 0.455469 0.717285 0.458984 0.712402 0.462109 0.704102 0.462891 0.699707 0.466016 0.689941 0.466016 0.686523 0.46875 0.679688 0.470703 0.670898 0.473438 0.666016 0.480078 0.658203 0.480469 0.654785 0.482422 0.648926 0.483984 0.624512 0.485156 0.618652 0.487891 0.611816 0.486719 0.606934 0.487891 0.604004 0.488672 0.599121 0.494922 0.59082 0.496484 0.586426 0.501172 0.578125 0.502344 0.572754 0.504297 0.570801 0.509766 0.568359 0.514453 0.56543 0.516016 0.563477 0.51875 0.5625 0.529297 0.555664 0.530859 0.552734 0.532031 0.54834 0.536328 0.543945 0.540234 0.535156 0.544922 0.526855 0.546875 0.521973 0.547266 0.518555 0.549609 0.51416 0.551562 0.505371 0.551562 0.502441 0.553125 0.498535 0.552734 0.490723 0.551562 0.486816 0.553125 0.483398 0.553125 0.478516 0.554688 0.476074 0.55625 0.470703 0.560547 0.466797 0.564844 0.458496 0.566406 0.450684 0.569141 0.443848 0.570312 0.436523 0.573047 0.431152 0.574219 0.427246 0.574219 0.419922
2 0.423047 0.488281 0.418359 0.48877 0.414844 0.494141 0.414453 0.49707 0.411328 0.505371 0.409375 0.513184 0.407422 0.51709 0.405078 0.530273 0.402344 0.538574 0.399219 0.544922 0.398047 0.550293 0.394922 0.556641 0.391406 0.572266 0.391016 0.604004 0.390234 0.611328 0.387891 0.62207 0.385547 0.638672 0.383984 0.643555 0.381641 0.663086 0.380078 0.668945 0.380078 0.672852 0.376953 0.688965 0.376172 0.70459 0.376563 0.729492 0.377344 0.732422 0.380469 0.73584 0.38125 0.73584 0.383984 0.732422 0.385156 0.729492 0.387109 0.720215 0.388281 0.717773 0.391406 0.70459 0.394922 0.693359 0.397266 0.67334 0.398047 0.634766 0.398828 0.625 0.401172 0.611328 0.401562 0.58252 0.402734 0.57666 0.402734 0.572754 0.403906 0.568848 0.403906 0.56543 0.405469 0.561523 0.40625 0.55127 0.409766 0.544434 0.412891 0.532715 0.414453 0.529297 0.415234 0.524414 0.420703 0.508301 0.421484 0.500977 0.423438 0.493164
2 0.450391 0.26416 0.446875 0.268066 0.441797 0.28418 0.440625 0.296387 0.439844 0.29834 0.439844 0.303223 0.439063 0.305664 0.438281 0.318359 0.436328 0.328613 0.435547 0.337402 0.435156 0.367676 0.436719 0.393555 0.439453 0.412598 0.442578 0.423828 0.444922 0.428223 0.447266 0.435547 0.45 0.438965 0.454297 0.446777 0.454297 0.448242 0.452734 0.450195 0.452734 0.45166 0.454297 0.453125 0.45625 0.453125 0.458594 0.451172 0.458984 0.447754 0.463672 0.442383 0.464844 0.435059 0.464062 0.431152 0.461719 0.425781 0.459766 0.41748 0.457422 0.413086 0.455469 0.407227 0.454297 0.405762 0.448437 0.389648 0.445312 0.374023 0.444922 0.349609 0.445703 0.331543 0.446875 0.321777 0.449219 0.315918 0.448437 0.312988 0.448437 0.306641 0.449219 0.304199 0.449219 0.299316 0.450391 0.295898 0.450391 0.290039 0.451172 0.287598 0.451172 0.284668 0.453516 0.274414 0.454688 0.271973 0.455078 0.268555 0.454688 0.266113 0.453516 0.264648
2 0.228906 0.721191 0.228516 0.724609 0.23125 0.728516 0.235547 0.73291 0.2375 0.733887 0.241797 0.739258 0.244531 0.74707 0.248047 0.75293 0.248438 0.755859 0.250391 0.760254 0.251563 0.767578 0.254297 0.772461 0.257422 0.775879 0.259766 0.779785 0.261719 0.78125 0.275 0.797363 0.28125 0.803223 0.290234 0.809082 0.296484 0.811035 0.311328 0.811035 0.315625 0.80957 0.328516 0.802734 0.333594 0.799316 0.339062 0.793945 0.339453 0.790527 0.338672 0.789551 0.326562 0.787598 0.308984 0.787598 0.296875 0.789062 0.288672 0.789062 0.285156 0.787598 0.275781 0.777832 0.274609 0.777344 0.267969 0.769531 0.265234 0.767578 0.257812 0.757324 0.25625 0.750977 0.252734 0.744141 0.251563 0.738281 0.248438 0.731934 0.246484 0.729492 0.24375 0.727539 0.241016 0.723633 0.236719 0.721191 0.233594 0.720215 0.230859 0.720215
0 0.0414062 0.127441 0.040625 0.130859 0.04375 0.13916 0.04375 0.145996 0.0453125 0.152832 0.0476562 0.158203 0.0476562 0.162598 0.0488281 0.169434 0.0515625 0.173828 0.0523438 0.183105 0.053125 0.186523 0.0546875 0.189453 0.0558594 0.200684 0.0585938 0.213867 0.0601563 0.235352 0.0625 0.250977 0.0628906 0.262695 0.0648438 0.277832 0.0679687 0.289551 0.0703125 0.294434 0.071875 0.302246 0.0742188 0.307617 0.0765625 0.311035 0.0765625 0.314453 0.0777344 0.316895 0.0777344 0.318848 0.0765625 0.320801 0.0765625 0.323242 0.078125 0.325684 0.078125 0.32959 0.0792969 0.333008 0.0792969 0.334961 0.0804688 0.338379 0.0832031 0.342773 0.0832031 0.346191 0.0867187 0.353027 0.0875 0.357422 0.0894531 0.358887 0.0933594 0.364746 0.0984375 0.370605 0.103125 0.374023 0.107422 0.375 0.109766 0.376465 0.111719 0.378906 0.117188 0.381348 0.119531 0.383789 0.123438 0.385742 0.126562 0.38916 0.139063 0.390625 0.14375 0.39209 0.145703 0.393555 0.148438 0.393555 0.150391 0.392578 0.152734 0.393555 0.157031 0.393555 0.170313 0.399902 0.177734 0.400391 0.184766 0.402832 0.191797 0.402832 0.199609 0.407715 0.205078 0.414551 0.207031 0.416016 0.209375 0.42041 0.212891 0.422852 0.213672 0.421875 0.212891 0.411621 0.211328 0.408691 0.211328 0.403809 0.207813 0.396973 0.207422 0.392578 0.204297 0.38916 0.202734 0.384766 0.198047 0.380371 0.194922 0.375977 0.191797 0.374023 0.185938 0.366211 0.180859 0.361328 0.176563 0.355469 0.170313 0.344238 0.166094 0.340283 0.161211 0.336523 0.158633 0.334961 0.153906 0.33252 0.15 0.331543 0.146484 0.32959 0.142187 0.329102 0.133203 0.326172 0.127344 0.320801 0.124609 0.317383 0.122656 0.313477 0.114492 0.306445 0.108906 0.302686 0.10125 0.299902 0.0947266 0.297803 0.0892187 0.295703 0.0856641 0.293555 0.0800781 0.288574 0.0769531 0.27832 0.0769531 0.275391 0.0746094 0.26709 0.0738281 0.260742 0.0738281 0.24707 0.0726563 0.239258 0.0707031 0.233887 0.06875 0.221191 0.065625 0.210938 0.0640625 0.199219 0.0609375 0.18457 0.0609375 0.181152 0.0574219 0.174316 0.0574219 0.169922 0.0554687 0.166016 0.0527344 0.149414 0.0488281 0.140625 0.046875 0.133301 0.0449219 0.130859 0.0457031 0.126953 0.0433594 0.126465
2 0.749609 0.689941 0.744922 0.688477 0.74375 0.688965 0.741797 0.691895 0.735547 0.698242 0.733984 0.702637 0.729688 0.708496 0.724219 0.718262 0.721094 0.720703 0.717187 0.726562 0.712109 0.72998 0.707812 0.734863 0.705469 0.735352 0.702344 0.737793 0.698438 0.739258 0.694531 0.742676 0.687109 0.744629 0.68043 0.746436 0.675625 0.746875 0.673047 0.747559 0.657422 0.753418 0.643359 0.763184 0.638281 0.768066 0.63125 0.777832 0.622266 0.787109 0.621094 0.790527 0.622266 0.79541 0.623828 0.79541 0.626172 0.793457 0.630859 0.791504 0.632812 0.789551 0.647656 0.780273 0.654687 0.776855 0.658594 0.776367 0.662891 0.773438 0.666406 0.772461 0.675 0.766602 0.686328 0.761719 0.689453 0.758789 0.691406 0.758301 0.694531 0.755371 0.701562 0.751465 0.703125 0.749512 0.707422 0.748047 0.713281 0.742676 0.716797 0.740723 0.71875 0.737793 0.724609 0.73291 0.726953 0.728516 0.732422 0.722168 0.741797 0.703613 0.749609 0.692871
2 0.289375 0.130615 0.288164 0.132617 0.286836 0.14541 0.286719 0.165039 0.286719 0.168945 0.285547 0.172852 0.284766 0.180664 0.283203 0.186035 0.282031 0.197754 0.28125 0.199707 0.28125 0.204102 0.279297 0.20752 0.277734 0.214844 0.275391 0.217285 0.268359 0.236328 0.266016 0.23877 0.263672 0.24707 0.259766 0.254395 0.258203 0.266113 0.253125 0.287109 0.253125 0.291016 0.251172 0.296387 0.25 0.303711 0.245703 0.314941 0.243359 0.318359 0.241406 0.32666 0.239453 0.330078 0.239063 0.333496 0.235937 0.339844 0.232813 0.355469 0.231641 0.365723 0.231641 0.389648 0.233594 0.396484 0.235937 0.400879 0.235937 0.403809 0.238672 0.407715 0.239453 0.411133 0.242578 0.41748 0.245703 0.431152 0.246484 0.443848 0.248047 0.450195 0.249219 0.452148 0.250781 0.459473 0.250781 0.473633 0.248828 0.480957 0.249609 0.487793 0.248828 0.492676 0.249609 0.498535 0.249609 0.506348 0.25 0.516602 0.25 0.523438 0.251172 0.532227 0.251563 0.564453 0.247852 0.59458 0.241445 0.623486 0.238359 0.640186 0.23832 0.64458 0.240313 0.646338 0.24332 0.643408 0.245039 0.6375 0.248945 0.620361 0.255703 0.589063 0.257812 0.573242 0.257812 0.5625 0.259063 0.549658 0.258594 0.543457 0.25625 0.52832 0.255469 0.51709 0.255586 0.512305 0.255547 0.504736 0.256641 0.490723 0.257031 0.485352 0.260156 0.475098 0.260937 0.466797 0.261719 0.464355 0.262109 0.455078 0.261328 0.450195 0.262109 0.444824 0.262109 0.435059 0.261328 0.431152 0.2625 0.428711 0.266016 0.415527 0.268359 0.412109 0.26875 0.40918 0.272266 0.400879 0.273828 0.392578 0.275781 0.38916 0.276172 0.385742 0.278125 0.381348 0.280469 0.372559 0.282031 0.36084 0.283594 0.35791 0.283984 0.354492 0.287891 0.346191 0.289062 0.337891 0.291406 0.334961 0.292187 0.330566 0.295312 0.322266 0.295703 0.313965 0.296875 0.30957 0.297266 0.298828 0.298438 0.295898 0.298438 0.290527 0.299219 0.288086 0.298828 0.283691 0.299609 0.281738 0.299609 0.274902 0.300391 0.272461 0.301016 0.266211 0.30125 0.26001 0.301797 0.253076 0.301445 0.245654 0.301094 0.239893 0.300898 0.231055 0.300937 0.224463 0.301328 0.218506 0.302148 0.197314 0.301563 0.192871 0.299609 0.184082 0.296836 0.17417 0.295078 0.166992 0.293828 0.15752 0.293047 0.149609 0.293047 0.139502 0.292773 0.134521 0.29207 0.131104 0.290898 0.130566
2 0.522266 0.421387 0.521875 0.421875 0.519531 0.421875 0.519141 0.422363 0.516406 0.422363 0.516016 0.422852 0.500781 0.422852 0.500391 0.42334 0.499219 0.42334 0.498828 0.423828 0.496875 0.423828 0.496484 0.424316 0.492578 0.424316 0.492188 0.424805 0.490234 0.424805 0.489844 0.425293 0.488672 0.425293 0.488281 0.425781 0.487109 0.425781 0.486719 0.42627 0.484766 0.42627 0.483203 0.428223 0.482422 0.428223 0.482031 0.428711 0.481641 0.428711 0.480859 0.429688 0.480469 0.429688 0.480078 0.430176 0.479297 0.430176 0.478516 0.431152 0.478125 0.431152 0.477734 0.431641 0.477344 0.431641 0.476953 0.432129 0.476562 0.432129 0.475781 0.433105 0.475391 0.433105 0.474609 0.434082 0.473828 0.434082 0.473047 0.435059 0.472266 0.435059 0.471875 0.435547 0.471094 0.435547 0.470703 0.436035 0.470313 0.436035 0.469922 0.436523 0.469141 0.436523 0.46875 0.437012 0.467969 0.437012 0.467187 0.437988 0.466797 0.437988 0.466406 0.438477 0.465625 0.438477 0.465234 0.438965 0.464844 0.438965 0.464453 0.439453 0.464062 0.439453 0.463281 0.44043 0.462891 0.44043 0.4625 0.440918 0.462109 0.440918 0.461719 0.441406 0.461328 0.441406 0.460938 0.441895 0.460547 0.441895 0.459766 0.442871 0.457813 0.442871 0.457422 0.443359 0.457031 0.443359 0.456641 0.443848 0.455859 0.443848 0.454688 0.445312 0.454297 0.445312 0.453906 0.445801 0.453516 0.445801 0.452734 0.446777 0.452344 0.446777 0.451953 0.447266 0.451562 0.447266 0.451172 0.447754 0.450781 0.447754 0.450391 0.448242 0.45 0.448242 0.449219 0.449219 0.448828 0.449219 0.448047 0.450195 0.447656 0.450195 0.446094 0.452148 0.445703 0.452148 0.444922 0.453125 0.444531 0.453125 0.441797 0.456543 0.441797 0.459473 0.442969 0.460938 0.444531 0.460938 0.444922 0.460449 0.445312 0.460449 0.445703 0.459961 0.446484 0.459961 0.446875 0.459473 0.447266 0.459473 0.447656 0.458984 0.448047 0.458984 0.449219 0.45752 0.449609 0.45752 0.450391 0.456543 0.451172 0.456543 0.451953 0.455566 0.453125 0.455566 0.453906 0.45459 0.454297 0.45459 0.454688 0.454102 0.455469 0.454102 0.455859 0.453613 0.456641 0.453613 0.457031 0.453125 0.458594 0.453125 0.458984 0.452637 0.479297 0.452637 0.479687 0.453125 0.489453 0.453125 0.489844 0.452637 0.491406 0.452637 0.491797 0.452148 0.492188 0.452148 0.492578 0.45166 0.494141 0.45166 0.494531 0.451172 0.495312 0.451172 0.495703 0.450684 0.497656 0.450684 0.498047 0.450195 0.498828 0.450195 0.499219 0.449707 0.5 0.449707 0.500391 0.449219 0.500781 0.449219 0.501172 0.44873 0.501563 0.44873 0.501953 0.448242 0.503516 0.448242 0.504297 0.447266 0.505469 0.447266 0.50625 0.446289 0.507812 0.446289 0.508203 0.445801 0.508594 0.445801 0.508984 0.445312 0.509766 0.445312 0.510156 0.444824 0.510547 0.444824 0.510938 0.444336 0.512109 0.444336 0.5125 0.443848 0.513672 0.443848 0.514062 0.443359 0.515234 0.443359 0.515625 0.442871 0.516797 0.442871 0.517188 0.442383 0.517578 0.442383 0.517969 0.441895 0.519141 0.441895 0.519922 0.440918 0.521094 0.440918 0.521484 0.44043 0.522266 0.44043 0.522656 0.439941 0.525 0.439941 0.525781 0.438965 0.526953 0.438965 0.527344 0.438477 0.528906 0.438477 0.529687 0.4375 0.530078 0.4375 0.530469 0.437012 0.530859 0.437012 0.53125 0.436523 0.531641 0.436523 0.532031 0.436035 0.533203 0.436035 0.533594 0.435547 0.537109 0.435547 0.5375 0.435059 0.540625 0.435059 0.541016 0.43457 0.542188 0.43457 0.542578 0.434082 0.544141 0.434082 0.544531 0.433594 0.544922 0.433594 0.545312 0.433105 0.547266 0.433105 0.547656 0.432617 0.548828 0.432617 0.549219 0.432129 0.55 0.432129 0.550391 0.431641 0.551172 0.431641 0.551562 0.431152 0.557422 0.431152 0.557813 0.430664 0.558594 0.430664 0.558984 0.430176 0.565234 0.430176 0.565625 0.430664 0.566797 0.430664 0.567187 0.431152 0.570703 0.431152 0.571094 0.431641 0.572266 0.431641 0.572656 0.432129 0.575 0.432129 0.575391 0.432617 0.581641 0.432617 0.582031 0.433105 0.591797 0.433105 0.592187 0.433594 0.595703 0.433594 0.596094 0.434082 0.626563 0.434082 0.626953 0.433594 0.627734 0.433594 0.628125 0.433105 0.628906 0.433105 0.629297 0.432617 0.630469 0.432617 0.630859 0.432129 0.63125 0.432129 0.632031 0.431152 0.632422 0.431152 0.633594 0.429688 0.633594 0.427246 0.632422 0.425781 0.632031 0.425781 0.631641 0.425293 0.630859 0.425293 0.630469 0.424805 0.625391 0.424805 0.624609 0.425781 0.623828 0.425781 0.623437 0.42627 0.598047 0.42627 0.597656 0.425781 0.594141 0.425781 0.59375 0.425293 0.591016 0.425293 0.590625 0.424805 0.584766 0.424805 0.584375 0.424316 0.582812 0.424316 0.582422 0.423828 0.580469 0.423828 0.580078 0.42334 0.578125 0.42334 0.577734 0.422852 0.575781 0.422852 0.575391 0.422363 0.571875 0.422363 0.571484 0.421875 0.564844 0.421875 0.564453 0.421387
1 0.51668 0.656396 0.526914 0.648242 0.530469 0.645508 0.532813 0.642578 0.543359 0.634277 0.547656 0.631836 0.555859 0.624023 0.568359 0.615234 0.574609 0.60791 0.580469 0.599609 0.584766 0.591797 0.585938 0.588379 0.592578 0.576172 0.593359 0.572266 0.595703 0.567383 0.598047 0.557617 0.600391 0.552734 0.601953 0.539551 0.601953 0.52832 0.602734 0.525879 0.603516 0.517578 0.608203 0.507812 0.609766 0.502441 0.6125 0.498047 0.614062 0.492676 0.615625 0.490234 0.617188 0.482422 0.619141 0.478516 0.621094 0.470703 0.623047 0.466797 0.623437 0.463867 0.625 0.459961 0.625391 0.44873 0.623437 0.443359 0.622266 0.442871 0.619141 0.444336 0.605859 0.47998 0.602734 0.484863 0.601172 0.489746 0.597656 0.496582 0.59375 0.500488 0.589063 0.507324 0.583203 0.511719 0.575391 0.514648 0.57168 0.51582 0.565469 0.518018 0.559688 0.521289 0.555859 0.524902 0.551367 0.529687 0.546523 0.533936 0.544141 0.536523 0.539453 0.541504 0.534336 0.548096 0.530469 0.553223 0.526563 0.562012 0.526172 0.564453 0.520703 0.574219 0.518359 0.581055 0.513672 0.589355 0.508594 0.603516 0.505859 0.618359 0.504531 0.624805 0.501133 0.638965 0.498047 0.648926 0.488281 0.672363 0.482812 0.679199 0.479687 0.687012 0.477734 0.689941 0.473828 0.702637 0.471094 0.708984 0.46875 0.711914 0.467969 0.716797 0.466406 0.719727 0.464453 0.729004 0.465234 0.731934 0.466406 0.733398 0.471484 0.72998 0.476172 0.725098 0.477344 0.722168 0.4875 0.706055 0.491016 0.697266 0.499219 0.685547 0.500391 0.681641 0.504297 0.675781 0.506641 0.670898 0.509883 0.662598 0.511914 0.660059
0 0.582812 0.806152 0.582422 0.806641 0.570312 0.806641 0.569922 0.807129 0.565625 0.807129 0.565234 0.807617 0.5625 0.807617 0.562109 0.808105 0.561328 0.808105 0.560937 0.808594 0.559375 0.808594 0.558984 0.809082 0.557813 0.809082 0.557422 0.80957 0.557031 0.80957 0.556641 0.810059 0.55625 0.810059 0.555469 0.811035 0.555078 0.811035 0.554688 0.811523 0.554297 0.811523 0.554297 0.812012 0.553906 0.8125 0.553516 0.8125 0.551953 0.814453 0.551562 0.814453 0.550781 0.81543 0.550391 0.81543 0.549609 0.816406 0.549219 0.816406 0.548438 0.817383 0.548047 0.817383 0.546094 0.819824 0.545703 0.819824 0.545312 0.820312 0.544922 0.820312 0.544141 0.821289 0.54375 0.821289 0.543359 0.821777 0.542969 0.821777 0.542578 0.822266 0.542188 0.822266 0.541406 0.823242 0.541016 0.823242 0.540625 0.82373 0.540234 0.82373 0.539453 0.824707 0.539062 0.824707 0.538672 0.825195 0.538281 0.825195 0.538281 0.825684 0.537891 0.826172 0.5375 0.826172 0.53125 0.833984 0.53125 0.834473 0.530078 0.835938 0.530078 0.836426 0.529297 0.837402 0.529297 0.837891 0.526953 0.84082 0.526953 0.841309 0.523438 0.845703 0.523438 0.846191 0.522266 0.847656 0.522266 0.848145 0.520312 0.850586 0.520312 0.851074 0.519922 0.851562 0.519922 0.852051 0.519141 0.853027 0.519141 0.853516 0.517969 0.85498 0.517969 0.855469 0.516797 0.856934 0.516797 0.857422 0.515625 0.858887 0.515625 0.859375 0.514844 0.860352 0.514844 0.86084 0.514453 0.861328 0.514453 0.862793 0.514062 0.863281 0.514062 0.86377 0.513672 0.864258 0.513672 0.864746 0.513281 0.865234 0.513281 0.866699 0.512891 0.867188 0.512891 0.867676 0.5125 0.868164 0.5125 0.868652 0.511719 0.869629 0.511719 0.870117 0.511328 0.870605 0.511328 0.871094 0.510938 0.871582 0.510938 0.873047 0.510547 0.873535 0.510547 0.874023 0.510156 0.874512 0.510156 0.875 0.509766 0.875488 0.509766 0.875977 0.508594 0.877441 0.508594 0.87793 0.507422 0.879395 0.507422 0.879883 0.506641 0.880859 0.506641 0.881348 0.505469 0.882812 0.505469 0.883301 0.503906 0.885254 0.503906 0.885742 0.503516 0.88623 0.503516 0.886719 0.501172 0.889648 0.501172 0.890137 0.496484 0.895996 0.496094 0.895996 0.495703 0.896484 0.495312 0.896484 0.494922 0.896973 0.494531 0.896973 0.494141 0.897461 0.49375 0.897461 0.49375 0.897949 0.492578 0.899414 0.492188 0.899414 0.491797 0.899902 0.491406 0.899902 0.489844 0.901855 0.489453 0.901855 0.489063 0.902344 0.488672 0.902344 0.488281 0.902832 0.487891 0.902832 0.486719 0.904297 0.486328 0.904297 0.485938 0.904785 0.485547 0.904785 0.485156 0.905273 0.485156 0.905762 0.483984 0.907227 0.483594 0.907227 0.483594 0.907715 0.483203 0.908203 0.482812 0.908203 0.482031 0.90918 0.482031 0.909668 0.48125 0.910645 0.48125 0.911133 0.480469 0.912109 0.480469 0.912598 0.480078 0.913086 0.480078 0.913574 0.479687 0.914062 0.479687 0.914551 0.478906 0.915527 0.478906 0.916016 0.478516 0.916504 0.478516 0.916992 0.478125 0.91748 0.478125 0.918457 0.477734 0.918945 0.477734 0.920898 0.477344 0.921387 0.477344 0.928711 0.477734 0.929199 0.477734 0.931641 0.478125 0.932129 0.478125 0.932617 0.478516 0.933105 0.478516 0.934082 0.478906 0.93457 0.478906 0.935059 0.479297 0.935547 0.479297 0.936523 0.479687 0.937012 0.479687 0.937988 0.480078 0.938477 0.480078 0.938965 0.480469 0.939453 0.480469 0.939941 0.48125 0.940918 0.48125 0.941406 0.481641 0.941895 0.481641 0.942383 0.482422 0.943359 0.482422 0.943848 0.483594 0.945312 0.483594 0.945801 0.483984 0.946289 0.483984 0.946777 0.484766 0.947754 0.484766 0.948242 0.485547 0.949219 0.485547 0.949707 0.486328 0.950684 0.486328 0.951172 0.487109 0.952148 0.487109 0.952637 0.494141 0.961426 0.494141 0.961914 0.495312 0.963379 0.495312 0.963867 0.496094 0.964844 0.496094 0.965332 0.496875 0.966309 0.496875 0.967285 0.497266 0.967773 0.497266 0.968262 0.498437 0.969727 0.498437 0.970215 0.498828 0.970703 0.498828 0.971191 0.499219 0.97168 0.499219 0.972168 0.499609 0.972656 0.499609 0.973633 0.5 0.974121 0.5 0.977051 0.500391 0.977539 0.500391 0.979492 0.5 0.97998 0.5 0.981445 0.499219 0.982422 0.499219 0.98291 0.498047 0.984375 0.497656 0.984375 0.497266 0.984863 0.496875 0.984863 0.496875 0.985352 0.496484 0.98584 0.495703 0.98584 0.495312 0.986328 0.494922 0.986328 0.494531 0.986816 0.492578 0.986816 0.492188 0.987305 0.491406 0.987305 0.491016 0.986816 0.4875 0.986816 0.487109 0.986328 0.485547 0.986328 0.485156 0.98584 0.483594 0.98584 0.483203 0.985352 0.482031 0.985352 0.481641 0.984863 0.480859 0.984863 0.480469 0.984375 0.480078 0.984375 0.479687 0.983887 0.478125 0.983887 0.477734 0.983398 0.477344 0.983398 0.476953 0.98291 0.476562 0.98291 0.476172 0.982422 0.475781 0.982422 0.475391 0.981934 0.474609 0.981934 0.474219 0.981445 0.473828 0.981445 0.473047 0.980469 0.472656 0.980469 0.472266 0.97998 0.471875 0.97998 0.471484 0.979492 0.471094 0.979492 0.470313 0.978516 0.469922 0.978516 0.469531 0.978027 0.469141 0.978027 0.46875 0.977539 0.467969 0.977539 0.467578 0.977051 0.467187 0.977051 0.466797 0.976562 0.466406 0.976562 0.466016 0.976074 0.465625 0.976074 0.465234 0.975586 0.464453 0.975586 0.464062 0.975098 0.463672 0.975098 0.463281 0.974609 0.462109 0.974609 0.461719 0.974121 0.461328 0.974121 0.460938 0.973633 0.460547 0.973633 0.460156 0.973145 0.459375 0.973145 0.458984 0.972656 0.458594 0.972656 0.458203 0.972168 0.457422 0.972168 0.457031 0.97168 0.456641 0.97168 0.45625 0.971191 0.455859 0.971191 0.455469 0.970703 0.454688 0.970703 0.454297 0.970215 0.453516 0.970215 0.453125 0.969727 0.452344 0.969727 0.451953 0.969238 0.451562 0.969238 0.451172 0.96875 0.450391 0.96875 0.45 0.968262 0.449219 0.968262 0.448828 0.967773 0.446875 0.967773 0.446484 0.967285 0.434766 0.967285 0.434375 0.967773 0.432812 0.967773 0.432422 0.968262 0.432031 0.968262 0.431641 0.96875 0.430469 0.96875 0.430078 0.969238 0.429688 0.969238 0.429297 0.969727 0.428516 0.969727 0.428125 0.970215 0.427734 0.970215 0.427344 0.970703 0.426953 0.970703 0.426953 0.971191 0.426563 0.97168 0.426563 0.972168 0.426172 0.972656 0.426172 0.975098 0.426563 0.975586 0.426563 0.976074 0.426953 0.976562 0.426953 0.977051 0.427344 0.977051 0.427734 0.977539 0.428125 0.977539 0.428516 0.978027 0.430469 0.978027 0.430859 0.977539 0.441406 0.977539 0.441797 0.978027 0.442969 0.978027 0.443359 0.978516 0.445312 0.978516 0.445703 0.979004 0.446484 0.979004 0.446875 0.979492 0.448047 0.979492 0.448437 0.97998 0.449609 0.97998 0.45 0.980469 0.450781 0.980469 0.451172 0.980957 0.451953 0.980957 0.452344 0.981445 0.453125 0.981445 0.453516 0.981934 0.453906 0.981934 0.454297 0.982422 0.454688 0.982422 0.455469 0.983398 0.455859 0.983398 0.45625 0.983887 0.456641 0.983887 0.457031 0.984375 0.457422 0.984375 0.457813 0.984863 0.458594 0.984863 0.458984 0.985352 0.459375 0.985352 0.459766 0.98584 0.460156 0.98584 0.460547 0.986328 0.461328 0.986328 0.461719 0.986816 0.463672 0.986816 0.464062 0.987305 0.464844 0.987305 0.465234 0.987793 0.465625 0.987793 0.466016 0.988281 0.467187 0.988281 0.467578 0.98877 0.46875 0.98877 0.469141 0.989258 0.469531 0.989258 0.469922 0.989746 0.471094 0.989746 0.471484 0.990234 0.471875 0.990234 0.472266 0.990723 0.472656 0.990723 0.473438 0.991699 0.473828 0.991699 0.474219 0.992188 0.474609 0.992188 0.475 0.992676 0.475781 0.992676 0.476172 0.993164 0.477344 0.993164 0.477734 0.993652 0.478516 0.993652 0.478906 0.994141 0.479687 0.994141 0.480078 0.994629 0.480859 0.994629 0.48125 0.995117 0.481641 0.995117 0.482031 0.995605 0.483203 0.995605 0.483594 0.996094 0.484766 0.996094 0.485156 0.996582 0.498437 0.996582 0.498828 0.996094 0.500391 0.996094 0.500781 0.995605 0.501172 0.995605 0.501563 0.995117 0.501953 0.995117 0.502344 0.994629 0.502734 0.994629 0.503125 0.994141 0.503516 0.994141 0.504687 0.992676 0.505078 0.992676 0.505078 0.992188 0.505859 0.991211 0.505859 0.990723 0.50625 0.990234 0.506641 0.990234 0.506641 0.989746 0.507031 0.989258 0.507422 0.989258 0.507422 0.98877 0.507812 0.988281 0.507812 0.987793 0.508203 0.987305 0.508203 0.986328 0.508594 0.98584 0.508594 0.985352 0.508984 0.984863 0.508984 0.984375 0.509375 0.983887 0.509375 0.983398 0.509766 0.98291 0.509766 0.977051 0.509375 0.976562 0.509375 0.975098 0.508984 0.974609 0.508984 0.973633 0.508594 0.973145 0.508594 0.972656 0.508203 0.972168 0.508203 0.97168 0.507812 0.971191 0.507812 0.970703 0.507422 0.970215 0.507422 0.969727 0.507031 0.969238 0.507031 0.96875 0.506641 0.968262 0.506641 0.967773 0.50625 0.967285 0.50625 0.966309 0.505859 0.96582 0.505859 0.964844 0.505469 0.964355 0.505469 0.963867 0.505078 0.963379 0.505078 0.962402 0.504687 0.961914 0.504687 0.961426 0.504297 0.960938 0.504297 0.960449 0.503906 0.959961 0.503906 0.959473 0.503516 0.958984 0.503516 0.958496 0.503125 0.958008 0.503125 0.95752 0.502734 0.957031 0.502734 0.956543 0.501953 0.955566 0.501953 0.955078 0.501172 0.954102 0.501172 0.953613 0.500781 0.953613 0.500391 0.953125 0.500391 0.952637 0.5 0.952148 0.5 0.95166 0.499219 0.950684 0.499219 0.950195 0.498828 0.950195 0.498437 0.949707 0.498437 0.949219 0.497656 0.948242 0.497656 0.947754 0.497266 0.947754 0.496875 0.947266 0.496875 0.946777 0.496484 0.946289 0.496484 0.945801 0.495703 0.944824 0.495703 0.944336 0.494531 0.942871 0.494531 0.942383 0.494141 0.941895 0.49375 0.941895 0.493359 0.941406 0.493359 0.940918 0.492969 0.94043 0.492969 0.939941 0.492578 0.939453 0.492578 0.938965 0.491797 0.937988 0.491797 0.9375 0.491406 0.937012 0.491406 0.936523 0.491016 0.936035 0.491016 0.935547 0.490625 0.935059 0.490625 0.93457 0.490234 0.934082 0.490234 0.933594 0.489844 0.933105 0.489844 0.932617 0.489453 0.932129 0.489453 0.931152 0.489063 0.930664 0.489063 0.924805 0.488672 0.924316 0.488672 0.920898 0.489063 0.92041 0.489063 0.919922 0.489844 0.918945 0.489844 0.918457 0.490625 0.91748 0.490625 0.916992 0.491016 0.916504 0.491406 0.916504 0.492578 0.915039 0.492969 0.915039 0.493359 0.914551 0.49375 0.914551 0.495312 0.912598 0.496094 0.912598 0.496484 0.912109 0.496875 0.912109 0.497266 0.911621 0.498047 0.911621 0.498437 0.911133 0.498828 0.911133 0.499219 0.910645 0.499609 0.910645 0.500391 0.909668 0.501563 0.909668 0.501953 0.90918 0.503516 0.90918 0.503906 0.908691 0.504297 0.908691 0.504687 0.908203 0.505469 0.908203 0.505859 0.907715 0.50625 0.907715 0.506641 0.907227 0.507422 0.907227 0.507812 0.906738 0.508203 0.906738 0.508594 0.90625 0.510156 0.90625 0.510547 0.905762 0.511719 0.905762 0.512109 0.905273 0.512891 0.905273 0.513281 0.904785 0.514844 0.904785 0.515234 0.904297 0.516016 0.904297 0.516406 0.903809 0.518359 0.903809 0.51875 0.90332 0.521094 0.90332 0.521484 0.902832 0.552734 0.902832 0.553125 0.902344 0.553906 0.902344 0.554297 0.901855 0.555469 0.901855 0.555859 0.901367 0.556641 0.901367 0.557031 0.900879 0.557422 0.900879 0.557813 0.900391 0.558203 0.900391 0.558594 0.899902 0.558984 0.899902 0.559375 0.899414 0.559766 0.899414 0.560156 0.898926 0.560547 0.898926 0.560937 0.898438 0.561328 0.898438 0.561719 0.897949 0.562109 0.897949 0.562891 0.896973 0.563281 0.896973 0.563672 0.896484 0.564063 0.896484 0.564453 0.895996 0.564844 0.895996 0.566016 0.894531 0.566406 0.894531 0.566797 0.894043 0.567187 0.894043 0.567578 0.893555 0.567969 0.893555 0.568359 0.893066 0.56875 0.893066 0.569531 0.89209 0.569922 0.89209 0.571094 0.890625 0.571484 0.890625 0.572266 0.889648 0.572656 0.889648 0.573438 0.888672 0.573828 0.888672 0.574219 0.888184 0.574609 0.888184 0.574609 0.887695 0.575 0.887207 0.575391 0.887207 0.575781 0.886719 0.576172 0.886719 0.576562 0.88623 0.577734 0.88623 0.578125 0.885742 0.578516 0.885742 0.578906 0.885254 0.579297 0.885254 0.580078 0.884277 0.580469 0.884277 0.580859 0.883789 0.58125 0.883789 0.581641 0.883301 0.582422 0.883301 0.582812 0.882812 0.583203 0.882812 0.583594 0.882324 0.583984 0.882324 0.583984 0.881836 0.584375 0.881348 0.585156 0.881348 0.585547 0.880859 0.585938 0.880859 0.586328 0.880371 0.586719 0.880371 0.587109 0.879883 0.5875 0.879883 0.587891 0.879395 0.588281 0.879395 0.588281 0.878906 0.588672 0.878418 0.589063 0.878418 0.589453 0.87793 0.590234 0.87793 0.590625 0.877441 0.591016 0.877441 0.591406 0.876953 0.591797 0.876953 0.592187 0.876465 0.592578 0.876465 0.593359 0.875488 0.59375 0.875488 0.594531 0.874512 0.594922 0.874512 0.595313 0.874023 0.595703 0.874023 0.596094 0.873535 0.596484 0.873535 0.596875 0.873047 0.597266 0.873047 0.598047 0.87207 0.598437 0.87207 0.598828 0.871582 0.599219 0.871582 0.6 0.870605 0.600781 0.870605 0.601172 0.870117 0.601562 0.870117 0.601953 0.869629 0.602344 0.869629 0.602734 0.869141 0.603125 0.869141 0.603516 0.868652 0.603906 0.868652 0.604297 0.868164 0.604688 0.868164 0.605469 0.867188 0.605859 0.867188 0.60625 0.866699 0.606641 0.866699 0.607031 0.866211 0.607422 0.866211 0.608203 0.865234 0.608594 0.865234 0.608984 0.864746 0.609375 0.864746 0.609375 0.864258 0.609766 0.86377 0.610156 0.86377 0.610547 0.863281 0.610938 0.863281 0.611328 0.862793 0.611719 0.862793 0.612109 0.862305 0.6125 0.862305 0.612891 0.861816 0.613281 0.861816 0.613672 0.861328 0.614062 0.861328 0.614453 0.86084 0.614844 0.86084 0.615625 0.859863 0.616016 0.859863 0.616406 0.859375 0.616797 0.859375 0.617188 0.858887 0.617578 0.858887 0.618359 0.85791 0.61875 0.85791 0.619141 0.857422 0.619531 0.857422 0.620703 0.855957 0.621094 0.855957 0.621484 0.855469 0.621875 0.855469 0.622656 0.854492 0.623047 0.854492 0.623437 0.854004 0.623828 0.854004 0.623828 0.853516 0.624219 0.853027 0.624609 0.853027 0.625 0.852539 0.625391 0.852539 0.625781 0.852051 0.626172 0.852051 0.626953 0.851074 0.627344 0.851074 0.627734 0.850586 0.628125 0.850586 0.628906 0.849609 0.629297 0.849609 0.630078 0.848633 0.630469 0.848633 0.630469 0.848145 0.630859 0.847656 0.63125 0.847656 0.632031 0.84668 0.632031 0.846191 0.632422 0.845703 0.632422 0.845215 0.633203 0.844238 0.633594 0.844238 0.634766 0.842773 0.635156 0.842773 0.636719 0.84082 0.637109 0.84082 0.638672 0.838867 0.639062 0.838867 0.640625 0.836914 0.641016 0.836914 0.641406 0.836426 0.641797 0.836426 0.642578 0.835449 0.642969 0.835449 0.643359 0.834961 0.64375 0.834961 0.644141 0.834473 0.644531 0.834473 0.646094 0.83252 0.646484 0.83252 0.646875 0.832031 0.647266 0.832031 0.648047 0.831055 0.648438 0.831055 0.649219 0.830078 0.65 0.830078 0.650391 0.82959 0.650781 0.82959 0.651172 0.829102 0.651563 0.829102 0.651953 0.828613 0.654297 0.828613 0.654687 0.828125 0.658594 0.828125 0.658984 0.827637 0.660156 0.827637 0.660547 0.827148 0.664453 0.827148 0.664844 0.82666 0.666406 0.82666 0.666797 0.826172 0.668359 0.826172 0.66875 0.825684 0.671484 0.825684 0.671875 0.825195 0.673438 0.825195 0.673828 0.824707 0.675 0.824707 0.675391 0.824219 0.676953 0.824219 0.677344 0.82373 0.679688 0.82373 0.680078 0.823242 0.683203 0.823242 0.683594 0.822754 0.684375 0.822754 0.684766 0.822266 0.6875 0.822266 0.687891 0.821777 0.695312 0.821777 0.695703 0.821289 0.698828 0.821289 0.699219 0.820801 0.701172 0.820801 0.701562 0.820312 0.702734 0.820312 0.703125 0.819824 0.704688 0.819824 0.705078 0.819336 0.705469 0.819336 0.705859 0.818848 0.70625 0.818848 0.706641 0.818359 0.707031 0.818359 0.707422 0.817871 0.707812 0.817871 0.708203 0.817383 0.708203 0.816895 0.708594 0.816406 0.708594 0.815918 0.708984 0.81543 0.708984 0.813477 0.708594 0.812988 0.708594 0.8125 0.708203 0.812012 0.708203 0.811523 0.707812 0.811523 0.707422 0.811035 0.707031 0.811035 0.706641 0.810547 0.705859 0.810547 0.705469 0.810059 0.692578 0.810059 0.692187 0.80957 0.690234 0.80957 0.689844 0.809082 0.688281 0.809082 0.687891 0.808594 0.685937 0.808594 0.685547 0.808105 0.682422 0.808105 0.682031 0.807617 0.676562 0.807617 0.676172 0.807129 0.669531 0.807129 0.669141 0.806641 0.658203 0.806641 0.657813 0.806152 0.653125 0.806152 0.652734 0.806641 0.652344 0.806152 0.648828 0.806152 0.648438 0.806641 0.648047 0.806152 0.635547 0.806152 0.635156 0.806641 0.634766 0.806641 0.634375 0.806152 0.623437 0.806152 0.623047 0.806641 0.622656 0.806641 0.622266 0.806152 0.620703 0.806152 0.620313 0.806641 0.619922 0.806641 0.619531 0.806152 0.617969 0.806152 0.617578 0.806641 0.617188 0.806152 0.613672 0.806152 0.613281 0.806641 0.612891 0.806152 0.611328 0.806152 0.610938 0.806641 0.610547 0.806152 0.603906 0.806152 0.603516 0.806641 0.585547 0.806641 0.585156 0.806152
1 0.0863281 0.678711 0.0859375 0.679199 0.0855469 0.679199 0.084375 0.680664 0.084375 0.681152 0.0839844 0.681641 0.0839844 0.687988 0.084375 0.688477 0.084375 0.688965 0.0847656 0.689453 0.0847656 0.692383 0.0851563 0.692871 0.0851563 0.697266 0.0855469 0.697754 0.0855469 0.708008 0.0859375 0.708496 0.0859375 0.708984 0.0863281 0.709473 0.0863281 0.713379 0.0867187 0.713867 0.0867187 0.719238 0.0871094 0.719727 0.0871094 0.722656 0.0875 0.723145 0.0875 0.724121 0.0878906 0.724609 0.0878906 0.725098 0.0882813 0.725586 0.0882813 0.733398 0.0886719 0.733887 0.0886719 0.735352 0.0890625 0.73584 0.0890625 0.737305 0.0894531 0.737793 0.0894531 0.75 0.0898438 0.750488 0.0898438 0.754395 0.0902344 0.754883 0.0902344 0.793945 0.0898438 0.794434 0.0898438 0.798828 0.0894531 0.799316 0.0894531 0.800293 0.0890625 0.800781 0.0890625 0.803711 0.0886719 0.804199 0.0886719 0.805664 0.0882813 0.806152 0.0882813 0.807129 0.0878906 0.807617 0.0878906 0.808594 0.0875 0.809082 0.0875 0.810547 0.0867187 0.811523 0.0867187 0.812012 0.0863281 0.8125 0.0863281 0.813477 0.0859375 0.813965 0.0859375 0.814453 0.0855469 0.814941 0.0855469 0.815918 0.0851563 0.816406 0.0851563 0.816895 0.0847656 0.817383 0.0847656 0.818848 0.0839844 0.819824 0.0839844 0.820312 0.0835937 0.820801 0.0835937 0.821777 0.0832031 0.822266 0.0832031 0.822754 0.0828125 0.823242 0.0828125 0.82373 0.0824219 0.824219 0.0824219 0.824707 0.0816406 0.825684 0.0816406 0.826172 0.08125 0.82666 0.08125 0.827148 0.0808594 0.827637 0.0808594 0.828125 0.0804688 0.828613 0.0804688 0.82959 0.0800781 0.830078 0.0800781 0.830566 0.0796875 0.831055 0.0796875 0.831543 0.0789062 0.83252 0.0789062 0.833008 0.0785156 0.833496 0.0785156 0.834473 0.078125 0.834961 0.078125 0.835449 0.0777344 0.835938 0.0777344 0.836426 0.0773438 0.836914 0.0773438 0.837402 0.0765625 0.838379 0.0765625 0.838867 0.0761719 0.839355 0.0761719 0.840332 0.0757812 0.84082 0.0757812 0.841309 0.0753906 0.841797 0.0753906 0.842773 0.075 0.843262 0.075 0.84375 0.0746094 0.844238 0.0746094 0.844727 0.0742188 0.845215 0.0742188 0.845703 0.0738281 0.846191 0.0738281 0.84668 0.0730469 0.847656 0.0730469 0.848145 0.071875 0.849609 0.071875 0.850098 0.0714844 0.850586 0.0714844 0.851562 0.0710937 0.852051 0.0710937 0.852539 0.0707031 0.853027 0.0707031 0.853516 0.0703125 0.854004 0.0703125 0.854492 0.0699219 0.85498 0.0699219 0.855469 0.0691406 0.856445 0.0691406 0.856934 0.06875 0.857422 0.06875 0.858398 0.0675781 0.859863 0.0675781 0.860352 0.0667969 0.861328 0.0667969 0.861816 0.065625 0.863281 0.065625 0.86377 0.0648438 0.864746 0.0648438 0.865234 0.0644531 0.865723 0.0644531 0.866699 0.0632812 0.868164 0.0632812 0.868652 0.0628906 0.869141 0.0628906 0.870117 0.0625 0.870605 0.0625 0.871094 0.0621094 0.871582 0.0621094 0.872559 0.0617188 0.873047 0.0617188 0.873535 0.0613281 0.874023 0.0613281 0.875488 0.0609375 0.875977 0.0609375 0.876953 0.0605469 0.877441 0.0605469 0.87793 0.0601563 0.878418 0.0601563 0.880859 0.0597656 0.881348 0.0597656 0.881836 0.059375 0.882324 0.059375 0.882812 0.0589844 0.883301 0.0589844 0.883789 0.0585938 0.884277 0.0585938 0.887207 0.0582031 0.887695 0.0582031 0.888184 0.0578125 0.888672 0.0578125 0.890137 0.0574219 0.890625 0.0574219 0.89502 0.0570312 0.895508 0.0570312 0.899902 0.0566406 0.900391 0.0566406 0.904785 0.05625 0.905273 0.05625 0.905762 0.0558594 0.90625 0.0558594 0.916016 0.0554687 0.916504 0.0554687 0.922852 0.0550781 0.92334 0.0550781 0.931641 0.0546875 0.932129 0.0546875 0.93457 0.0542969 0.935059 0.0542969 0.936035 0.0539063 0.936523 0.0539063 0.937012 0.0535156 0.9375 0.0535156 0.938477 0.053125 0.938965 0.053125 0.939453 0.0527344 0.939941 0.0527344 0.940918 0.0523438 0.941406 0.0523438 0.944336 0.0519531 0.944824 0.0519531 0.945801 0.0515625 0.946289 0.0515625 0.947754 0.0511719 0.948242 0.0511719 0.949707 0.0507812 0.950195 0.0507812 0.973145 0.0511719 0.973633 0.0511719 0.977051 0.0515625 0.977539 0.0515625 0.978516 0.0519531 0.979004 0.0519531 0.97998 0.0523438 0.980469 0.0523438 0.98584 0.0527344 0.986328 0.0527344 0.987793 0.053125 0.988281 0.053125 0.999512 0.08125 0.999512 0.08125 0.998535 0.0816406 0.998047 0.0816406 0.997559 0.0820312 0.99707 0.0820312 0.996094 0.0824219 0.995605 0.0824219 0.995117 0.0828125 0.994629 0.0828125 0.993652 0.0832031 0.993164 0.0832031 0.992676 0.0835937 0.992188 0.0835937 0.990723 0.0839844 0.990234 0.0839844 0.987793 0.084375 0.987305 0.084375 0.986816 0.0847656 0.986328 0.0847656 0.983887 0.0851563 0.983398 0.0851563 0.97998 0.0855469 0.979492 0.0855469 0.978027 0.0859375 0.977539 0.0859375 0.977051 0.0863281 0.976562 0.0863281 0.975586 0.0867187 0.975098 0.0867187 0.970215 0.0871094 0.969727 0.0871094 0.967285 0.0875 0.966797 0.0875 0.964844 0.0878906 0.964355 0.0878906 0.963867 0.0882813 0.963379 0.0882813 0.959473 0.0886719 0.958984 0.0886719 0.955078 0.0890625 0.95459 0.0890625 0.952637 0.0898438 0.95166 0.0898438 0.951172 0.0902344 0.950684 0.0902344 0.947266 0.090625 0.946777 0.090625 0.945801 0.0910156 0.945312 0.0910156 0.943359 0.0914062 0.942871 0.0914062 0.942383 0.0917969 0.941895 0.0917969 0.939941 0.0921875 0.939453 0.0921875 0.938965 0.0925781 0.938477 0.0925781 0.937988 0.0929688 0.9375 0.0929688 0.937012 0.0933594 0.936523 0.0933594 0.933594 0.09375 0.933105 0.09375 0.932129 0.0941406 0.931641 0.0941406 0.931152 0.0945312 0.930664 0.0945312 0.929199 0.0949219 0.928711 0.0949219 0.928223 0.0953125 0.927734 0.0953125 0.927246 0.0957031 0.926758 0.0957031 0.92627 0.0960938 0.925781 0.0960938 0.925293 0.0964844 0.924805 0.0964844 0.924316 0.096875 0.923828 0.096875 0.921875 0.0972656 0.921387 0.0972656 0.92041 0.0976562 0.919922 0.0976562 0.919434 0.0984375 0.918457 0.0984375 0.917969 0.0988281 0.91748 0.0988281 0.916016 0.0992187 0.915527 0.0992187 0.914062 0.0996094 0.913574 0.0996094 0.912598 0.1 0.912109 0.1 0.908691 0.100391 0.908203 0.100391 0.907227 0.100781 0.906738 0.100781 0.905762 0.101172 0.905273 0.101172 0.904297 0.101562 0.903809 0.101562 0.902832 0.101953 0.902344 0.101953 0.901855 0.102344 0.901367 0.102344 0.899414 0.102734 0.898926 0.102734 0.886719 0.103125 0.88623 0.103125 0.881836 0.103516 0.881348 0.103516 0.869141 0.103906 0.868652 0.103906 0.868164 0.104297 0.867676 0.104297 0.799316 0.103906 0.798828 0.103906 0.796875 0.104297 0.796387 0.104297 0.773438 0.103906 0.772949 0.103906 0.772461 0.103125 0.771484 0.103125 0.768555 0.102734 0.768066 0.102734 0.767578 0.102344 0.76709 0.102344 0.765625 0.101953 0.765137 0.101953 0.764648 0.101172 0.763672 0.101172 0.761719 0.100781 0.76123 0.100781 0.759277 0.100391 0.758789 0.100391 0.757324 0.1 0.756836 0.1 0.753906 0.0996094 0.753418 0.0996094 0.731934 0.0992187 0.731445 0.0992187 0.724121 0.0988281 0.723633 0.0988281 0.720703 0.0984375 0.720215 0.0984375 0.719727 0.0980469 0.719238 0.0980469 0.718262 0.0976562 0.717773 0.0976562 0.714844 0.0972656 0.714355 0.0972656 0.713867 0.096875 0.713379 0.096875 0.711426 0.0964844 0.710938 0.0964844 0.709473 0.0960938 0.708984 0.0960938 0.70752 0.0957031 0.707031 0.0957031 0.706543 0.0953125 0.706055 0.0953125 0.703613 0.0949219 0.703125 0.0949219 0.702637 0.0945312 0.702148 0.0945312 0.699707 0.0941406 0.699219 0.0941406 0.69873 0.0933594 0.697754 0.0933594 0.694824 0.0929688 0.694336 0.0929688 0.693848 0.0925781 0.693359 0.0925781 0.691406 0.0921875 0.690918 0.0921875 0.689941 0.0917969 0.689453 0.0917969 0.685059 0.0914062 0.68457 0.0914062 0.684082 0.0910156 0.683594 0.0910156 0.681641 0.090625 0.681152 0.090625 0.680664 0.0894531 0.679199 0.0890625 0.679199 0.0886719 0.678711
1 0 0.568359 0 0.600098 0.000390625 0.600586 0.000390625 0.601074 0.00078125 0.601562 0.00078125 0.60498 0.00117187 0.605469 0.00117187 0.609863 0.0015625 0.610352 0.0015625 0.61084 0.00195312 0.611328 0.00195312 0.612793 0.00234375 0.613281 0.00234375 0.61377 0.003125 0.614746 0.003125 0.615234 0.00351563 0.615723 0.00351563 0.617188 0.00390625 0.617676 0.00390625 0.618164 0.0046875 0.619141 0.0046875 0.620117 0.00507813 0.620605 0.00507813 0.621094 0.00585938 0.62207 0.00585938 0.622559 0.00625 0.623047 0.00625 0.624023 0.00664062 0.624512 0.00664062 0.625488 0.00703125 0.625977 0.00703125 0.626465 0.00742187 0.626953 0.00742187 0.627441 0.00898437 0.629395 0.00898437 0.629883 0.0101563 0.631348 0.0101563 0.631836 0.0113281 0.633301 0.0113281 0.633789 0.0121094 0.634766 0.0121094 0.635742 0.0125 0.63623 0.0125 0.636719 0.0128906 0.637207 0.0128906 0.638184 0.0132812 0.638672 0.0132812 0.640137 0.0136719 0.640625 0.0136719 0.641113 0.0148437 0.642578 0.0148437 0.644043 0.0152344 0.644531 0.0152344 0.64502 0.0160156 0.645996 0.0160156 0.646973 0.0164063 0.647461 0.0164063 0.647949 0.0175781 0.649414 0.0175781 0.649902 0.0179687 0.650391 0.0179687 0.651367 0.0183594 0.651855 0.0183594 0.652832 0.01875 0.65332 0.01875 0.653809 0.0195312 0.654785 0.0195312 0.65625 0.0199219 0.656738 0.0199219 0.658691 0.0203125 0.65918 0.0203125 0.660156 0.0207031 0.660645 0.0207031 0.661133 0.0203125 0.661621 0.0203125 0.662109 0.0199219 0.662598 0.0199219 0.663086 0.0195312 0.663574 0.0195312 0.664551 0.0183594 0.666016 0.0183594 0.666504 0.0179687 0.666992 0.0179687 0.667969 0.0175781 0.668457 0.0175781 0.668945 0.0171875 0.669434 0.0171875 0.681641 0.0175781 0.682129 0.0175781 0.682617 0.0179687 0.683105 0.0179687 0.688477 0.0183594 0.688965 0.0183594 0.689453 0.01875 0.689941 0.01875 0.691406 0.0191406 0.691895 0.0191406 0.697266 0.0195312 0.697754 0.0195312 0.700684 0.0199219 0.701172 0.0199219 0.70166 0.0203125 0.702148 0.0203125 0.725098 0.0207031 0.725586 0.0207031 0.728516 0.0210938 0.729004 0.0210938 0.72998 0.0214844 0.730469 0.0214844 0.73291 0.021875 0.733398 0.021875 0.734375 0.0222656 0.734863 0.0222656 0.73877 0.0226562 0.739258 0.0226562 0.739746 0.0230469 0.740234 0.0230469 0.744141 0.0234375 0.744629 0.0234375 0.74707 0.0238281 0.747559 0.0238281 0.748047 0.0242188 0.748535 0.0242188 0.750488 0.0246094 0.750977 0.0246094 0.752441 0.025 0.75293 0.025 0.753418 0.0253906 0.753906 0.0253906 0.754395 0.0257812 0.754883 0.0257812 0.755371 0.0261719 0.755859 0.0261719 0.756836 0.0265625 0.757324 0.0265625 0.757812 0.0269531 0.758301 0.0269531 0.758789 0.0273438 0.759277 0.0273438 0.760254 0.028125 0.76123 0.028125 0.762695 0.0285156 0.763184 0.0285156 0.763672 0.0292969 0.764648 0.0292969 0.765137 0.0296875 0.765625 0.0296875 0.766113 0.0300781 0.766602 0.0300781 0.767578 0.0308594 0.768555 0.0308594 0.769043 0.03125 0.769531 0.03125 0.77002 0.0320312 0.770996 0.0320312 0.771484 0.0324219 0.771973 0.0324219 0.772461 0.0328125 0.772949 0.0328125 0.773438 0.0335937 0.774414 0.0335937 0.774902 0.0339844 0.775391 0.0339844 0.775879 0.034375 0.776367 0.034375 0.776855 0.0347656 0.777344 0.0351562 0.777344 0.0359375 0.77832 0.0359375 0.778809 0.0371094 0.780273 0.0371094 0.780762 0.0375 0.78125 0.0375 0.781738 0.0378906 0.782227 0.0378906 0.782715 0.0382813 0.783203 0.0382813 0.78418 0.0386719 0.784668 0.0386719 0.787109 0.0390625 0.787598 0.0390625 0.790039 0.0394531 0.790527 0.0394531 0.792969 0.0398437 0.793457 0.0398437 0.793945 0.0402344 0.794434 0.0402344 0.797852 0.040625 0.79834 0.040625 0.798828 0.0410156 0.799316 0.0410156 0.805176 0.0414062 0.805664 0.0414062 0.810059 0.0417969 0.810547 0.0417969 0.811035 0.0421875 0.811523 0.0421875 0.814941 0.0425781 0.81543 0.0425781 0.818359 0.0429688 0.818848 0.0429688 0.822754 0.0433594 0.823242 0.0433594 0.82666 0.04375 0.827148 0.0433594 0.827637 0.0433594 0.831543 0.0429688 0.832031 0.0429688 0.834961 0.0433594 0.835449 0.0433594 0.841309 0.04375 0.841797 0.04375 0.851562 0.0441406 0.852051 0.0441406 0.854492 0.0445313 0.85498 0.0445313 0.855957 0.0449219 0.856445 0.0449219 0.859863 0.0453125 0.860352 0.0453125 0.869141 0.0457031 0.869629 0.0457031 0.884277 0.0460938 0.884766 0.0460938 0.885254 0.0472656 0.886719 0.0476562 0.886719 0.0480469 0.887207 0.0503906 0.887207 0.0507812 0.886719 0.0511719 0.886719 0.0523438 0.885254 0.0523438 0.884766 0.0527344 0.884277 0.0527344 0.883301 0.053125 0.882812 0.053125 0.881836 0.0535156 0.881348 0.0535156 0.880859 0.0539063 0.880371 0.0539063 0.879883 0.0542969 0.879395 0.0542969 0.876953 0.0550781 0.875977 0.0550781 0.875488 0.0554687 0.875 0.0554687 0.873535 0.0558594 0.873047 0.0558594 0.871094 0.05625 0.870605 0.05625 0.870117 0.0566406 0.869629 0.0566406 0.868652 0.0570312 0.868164 0.0570312 0.866211 0.0574219 0.865723 0.0574219 0.864746 0.0578125 0.864258 0.0578125 0.86377 0.0582031 0.863281 0.0582031 0.862305 0.0585938 0.861816 0.0585938 0.861328 0.0589844 0.86084 0.0589844 0.860352 0.059375 0.859863 0.059375 0.858398 0.0597656 0.85791 0.0597656 0.85498 0.059375 0.854492 0.059375 0.852051 0.0601563 0.851074 0.0601563 0.850586 0.0605469 0.850098 0.0605469 0.848145 0.0609375 0.847656 0.0609375 0.84668 0.0613281 0.846191 0.0613281 0.845703 0.0617188 0.845215 0.0617188 0.844238 0.0621094 0.84375 0.0621094 0.843262 0.0625 0.842773 0.0625 0.841309 0.0628906 0.84082 0.0628906 0.839844 0.0632812 0.839355 0.0632812 0.838867 0.0636719 0.838379 0.0636719 0.837402 0.0640625 0.836914 0.0640625 0.836426 0.0644531 0.835938 0.0644531 0.832031 0.0648438 0.831543 0.0648438 0.831055 0.0652344 0.830566 0.0652344 0.82959 0.065625 0.829102 0.065625 0.828125 0.0660156 0.827637 0.0660156 0.82666 0.0664062 0.826172 0.0664062 0.825684 0.0667969 0.825195 0.0667969 0.821289 0.0679687 0.819824 0.0679687 0.819336 0.0683594 0.818848 0.0683594 0.818359 0.06875 0.817871 0.06875 0.816406 0.0691406 0.815918 0.0691406 0.813965 0.0703125 0.8125 0.0703125 0.812012 0.0707031 0.811523 0.0707031 0.810059 0.0710937 0.80957 0.0710937 0.808594 0.071875 0.807617 0.071875 0.807129 0.0726563 0.806152 0.0726563 0.805664 0.0734375 0.804688 0.0734375 0.804199 0.0738281 0.803711 0.0738281 0.803223 0.0746094 0.802246 0.0746094 0.801758 0.075 0.80127 0.075 0.800781 0.0753906 0.800293 0.0753906 0.799805 0.0757812 0.799316 0.0757812 0.798828 0.0765625 0.797852 0.0765625 0.797363 0.0769531 0.796875 0.0769531 0.795898 0.0773438 0.79541 0.0773438 0.793457 0.0777344 0.792969 0.0777344 0.791992 0.078125 0.791504 0.078125 0.789062 0.0785156 0.788574 0.0785156 0.786621 0.0789062 0.786133 0.0789062 0.784668 0.0792969 0.78418 0.0792969 0.777832 0.0796875 0.777344 0.0796875 0.776855 0.0800781 0.776367 0.0800781 0.76416 0.0804688 0.763672 0.0804688 0.758789 0.0800781 0.758301 0.0800781 0.757812 0.0796875 0.757324 0.0796875 0.746094 0.0792969 0.745605 0.0792969 0.743164 0.0789062 0.742676 0.0789062 0.740723 0.0785156 0.740234 0.0785156 0.737793 0.078125 0.737305 0.078125 0.736816 0.0777344 0.736328 0.0777344 0.734375 0.0773438 0.733887 0.0773438 0.732422 0.0769531 0.731934 0.0769531 0.72998 0.0765625 0.729492 0.0765625 0.729004 0.0761719 0.728516 0.0761719 0.727051 0.0757812 0.726562 0.0757812 0.725586 0.0753906 0.725098 0.0753906 0.723633 0.075 0.723145 0.075 0.720215 0.0746094 0.719727 0.0746094 0.713379 0.0742188 0.712891 0.0742188 0.708008 0.0738281 0.70752 0.0738281 0.706543 0.0734375 0.706055 0.0734375 0.704102 0.0730469 0.703613 0.0730469 0.701172 0.0726563 0.700684 0.0726563 0.699707 0.0722656 0.699219 0.0722656 0.69873 0.071875 0.698242 0.071875 0.696289 0.0714844 0.695801 0.0714844 0.692871 0.0710937 0.692383 0.0710937 0.69043 0.0707031 0.689941 0.0707031 0.688965 0.0703125 0.688477 0.0703125 0.687988 0.0699219 0.6875 0.0699219 0.684082 0.0695313 0.683594 0.0695313 0.683105 0.0691406 0.682617 0.0691406 0.681152 0.06875 0.680664 0.06875 0.679688 0.0683594 0.679688 0.0679687 0.679199 0.0679687 0.678711 0.0675781 0.678223 0.0675781 0.677734 0.0667969 0.676758 0.0667969 0.67627 0.0660156 0.675293 0.0660156 0.674805 0.065625 0.674316 0.065625 0.673828 0.0652344 0.673828 0.0648438 0.67334 0.0648438 0.672852 0.0644531 0.672852 0.0640625 0.672363 0.0640625 0.671875 0.0636719 0.671387 0.0636719 0.670898 0.0632812 0.67041 0.0628906 0.67041 0.0613281 0.668457 0.0613281 0.667969 0.0609375 0.66748 0.0609375 0.666992 0.0605469 0.666992 0.0601563 0.666504 0.0601563 0.666016 0.0597656 0.666016 0.0585938 0.664551 0.0582031 0.664551 0.0578125 0.664062 0.0578125 0.663574 0.0570312 0.662598 0.0570312 0.662109 0.0566406 0.661621 0.0566406 0.661133 0.05625 0.660645 0.0558594 0.660645 0.0554687 0.660156 0.0554687 0.659668 0.0550781 0.659668 0.0546875 0.65918 0.0546875 0.658691 0.0542969 0.658691 0.0539063 0.658203 0.0539063 0.657715 0.0523438 0.655762 0.0519531 0.655762 0.0515625 0.655273 0.0515625 0.654785 0.0507812 0.653809 0.0503906 0.653809 0.0476562 0.650391 0.0476562 0.649902 0.0472656 0.649414 0.046875 0.649414 0.0464844 0.648926 0.0464844 0.648438 0.0460938 0.647949 0.0460938 0.647461 0.0453125 0.646484 0.0453125 0.645996 0.0449219 0.645508 0.0449219 0.64502 0.0445313 0.644531 0.0445313 0.644043 0.04375 0.643066 0.0429688 0.643066 0.0421875 0.64209 0.0421875 0.641602 0.0410156 0.640137 0.040625 0.640137 0.0386719 0.637695 0.0386719 0.637207 0.0375 0.635742 0.0371094 0.635742 0.0335937 0.631348 0.0332031 0.631348 0.0261719 0.622559 0.0261719 0.62207 0.0242188 0.619629 0.0242188 0.619141 0.0226562 0.617188 0.0226562 0.616699 0.0222656 0.616211 0.0222656 0.615723 0.021875 0.615234 0.021875 0.614746 0.0214844 0.614258 0.0214844 0.61377 0.0207031 0.612793 0.0207031 0.612305 0.0203125 0.611816 0.0203125 0.611328 0.0199219 0.61084 0.0199219 0.610352 0.0191406 0.609375 0.0191406 0.608887 0.0183594 0.60791 0.0183594 0.606934 0.0179687 0.606445 0.0179687 0.60498 0.0175781 0.604492 0.0175781 0.604004 0.0171875 0.603516 0.0171875 0.601074 0.0167969 0.600586 0.0167969 0.600098 0.0164063 0.599609 0.0164063 0.599121 0.0160156 0.598633 0.0160156 0.598145 0.015625 0.597656 0.015625 0.59668 0.0152344 0.596191 0.0152344 0.595703 0.0144531 0.594727 0.0144531 0.594238 0.0140625 0.59375 0.0140625 0.593262 0.0136719 0.592773 0.0136719 0.592285 0.0132812 0.591797 0.0132812 0.591309 0.0128906 0.59082 0.0128906 0.590332 0.0125 0.589844 0.0125 0.589355 0.0121094 0.588867 0.0121094 0.588379 0.0113281 0.587402 0.0113281 0.586914 0.0109375 0.586426 0.0109375 0.585938 0.009375 0.583984 0.009375 0.583496 0.00859375 0.58252 0.00859375 0.582031 0.00820313 0.581543 0.00820313 0.581055 0.0078125 0.580566 0.0078125 0.580078 0.00703125 0.579102 0.00703125 0.578613 0.00585938 0.577148 0.00585938 0.57666 0.00546875 0.576172 0.00546875 0.575684 0.0046875 0.574707 0.0046875 0.574219 0.00390625 0.573242 0.00390625 0.572754 0.003125 0.571777 0.003125 0.571289 0.00234375 0.570312 0.00195312 0.570312 0.0015625 0.569824 0.0015625 0.569336 0.00117187 0.568848 0.00078125 0.568848 0.000390625 0.568359
1 0.0433594 0.904297 0.0429688 0.904785 0.0425781 0.904785 0.0414062 0.90625 0.0414062 0.906738 0.0410156 0.907227 0.0410156 0.912109 0.040625 0.912598 0.040625 0.915039 0.0402344 0.915527 0.0402344 0.918457 0.0398437 0.918945 0.0398437 0.921875 0.0394531 0.922363 0.0394531 0.92334 0.0390625 0.923828 0.0390625 0.925293 0.0386719 0.925781 0.0386719 0.929199 0.0382813 0.929688 0.0382813 0.930664 0.0378906 0.931152 0.0378906 0.932129 0.0375 0.932617 0.0375 0.933594 0.0371094 0.934082 0.0371094 0.9375 0.0367188 0.937988 0.0367188 0.939453 0.0363281 0.939941 0.0363281 0.941406 0.0359375 0.941895 0.0359375 0.942383 0.0355469 0.942871 0.0355469 0.943359 0.0347656 0.944336 0.0347656 0.944824 0.034375 0.945312 0.034375 0.946289 0.0335937 0.947266 0.0335937 0.947754 0.0332031 0.948242 0.0332031 0.94873 0.0328125 0.949219 0.0328125 0.950195 0.0320312 0.951172 0.0320312 0.95166 0.0316406 0.952148 0.0316406 0.953613 0.0308594 0.95459 0.0308594 0.955078 0.0304687 0.955566 0.0304687 0.957031 0.0300781 0.95752 0.0300781 0.958008 0.0292969 0.958984 0.0292969 0.959473 0.0289063 0.959961 0.0289063 0.960449 0.0285156 0.960938 0.0285156 0.961914 0.028125 0.962402 0.028125 0.963379 0.0277344 0.963867 0.0277344 0.964844 0.0273438 0.965332 0.0273438 0.967285 0.0269531 0.967773 0.0269531 0.969238 0.0265625 0.969727 0.0265625 0.970215 0.0261719 0.970703 0.0261719 0.97168 0.0257812 0.972168 0.0257812 0.973145 0.0253906 0.973633 0.0253906 0.974121 0.0242188 0.975586 0.0242188 0.976074 0.0238281 0.976562 0.0238281 0.978027 0.0234375 0.978516 0.0234375 0.979492 0.0230469 0.97998 0.0230469 0.980469 0.0222656 0.981445 0.0222656 0.981934 0.021875 0.982422 0.021875 0.98291 0.0214844 0.983398 0.0214844 0.983887 0.0210938 0.984375 0.0210938 0.984863 0.0207031 0.985352 0.0207031 0.98584 0.0195312 0.987305 0.0195312 0.987793 0.01875 0.98877 0.01875 0.989258 0.0183594 0.989746 0.0183594 0.990723 0.0164063 0.993164 0.0164063 0.993652 0.0140625 0.996582 0.0140625 0.99707 0.0121094 0.999512 0.0503906 0.999512 0.0507812 0.999023 0.0507812 0.953125 0.0503906 0.952637 0.0503906 0.942383 0.05 0.941895 0.05 0.94043 0.0496094 0.939941 0.0496094 0.933105 0.0492187 0.932617 0.0492187 0.931641 0.0488281 0.931152 0.0488281 0.908203 0.0484375 0.907715 0.0484375 0.907227 0.0464844 0.904785 0.0460938 0.904785 0.0457031 0.904297
2 0.111328 0.702637 0.110937 0.703125 0.110547 0.703125 0.109375 0.70459 0.109375 0.705078 0.108984 0.705566 0.108984 0.70752 0.108594 0.708008 0.108594 0.709961 0.108203 0.710449 0.108203 0.710938 0.107813 0.711426 0.107813 0.714355 0.107422 0.714844 0.107422 0.715332 0.107031 0.71582 0.107031 0.716309 0.106641 0.716797 0.106641 0.717285 0.10625 0.717773 0.10625 0.718262 0.105859 0.71875 0.105859 0.721191 0.105469 0.72168 0.105469 0.722168 0.105078 0.722656 0.105078 0.725586 0.104688 0.726074 0.104688 0.728516 0.104297 0.729004 0.104297 0.72998 0.103516 0.730957 0.103516 0.731445 0.103125 0.731934 0.103125 0.734863 0.102734 0.735352 0.102734 0.73584 0.102344 0.736328 0.102344 0.73877 0.101953 0.739258 0.101953 0.740234 0.101562 0.740723 0.101562 0.741211 0.101172 0.741699 0.101172 0.743652 0.100781 0.744141 0.100781 0.745117 0.0996094 0.746582 0.0996094 0.74707 0.0988281 0.748047 0.0988281 0.748535 0.0984375 0.749023 0.0984375 0.750488 0.0972656 0.751953 0.0972656 0.752441 0.0964844 0.753418 0.0964844 0.753906 0.0960938 0.754395 0.0960938 0.755371 0.0957031 0.755859 0.0957031 0.756348 0.0949219 0.757324 0.0949219 0.757812 0.0945312 0.758301 0.0945312 0.759277 0.0925781 0.761719 0.0925781 0.762207 0.0921875 0.762695 0.0921875 0.763184 0.0917969 0.763672 0.0917969 0.76416 0.0914062 0.764648 0.0914062 0.765137 0.0910156 0.765625 0.0910156 0.766602 0.090625 0.76709 0.090625 0.767578 0.0902344 0.768066 0.0902344 0.768555 0.0898438 0.769043 0.0898438 0.77002 0.0894531 0.770508 0.0894531 0.770996 0.0890625 0.771484 0.0890625 0.772461 0.0886719 0.772949 0.0886719 0.773438 0.0882813 0.773926 0.0882813 0.774902 0.0878906 0.775391 0.0878906 0.775879 0.0875 0.776367 0.0875 0.776855 0.0871094 0.777344 0.0871094 0.777832 0.0867187 0.77832 0.0867187 0.778809 0.0863281 0.779297 0.0863281 0.779785 0.0859375 0.780273 0.0859375 0.78125 0.0855469 0.781738 0.0855469 0.782227 0.0847656 0.783203 0.0847656 0.783691 0.084375 0.78418 0.084375 0.786133 0.0839844 0.786621 0.0839844 0.787109 0.0835937 0.787598 0.0835937 0.788086 0.0832031 0.788574 0.0832031 0.789062 0.0828125 0.789551 0.0828125 0.790039 0.0824219 0.790527 0.0824219 0.791992 0.0820312 0.79248 0.0820312 0.793457 0.0816406 0.793945 0.0816406 0.794434 0.08125 0.794922 0.08125 0.796387 0.0808594 0.796875 0.0808594 0.797852 0.0804688 0.79834 0.0804688 0.798828 0.0800781 0.799316 0.0800781 0.799805 0.0796875 0.800293 0.0796875 0.800781 0.0792969 0.80127 0.0792969 0.801758 0.0789062 0.802246 0.0789062 0.802734 0.0785156 0.803223 0.0785156 0.804199 0.078125 0.804688 0.078125 0.805176 0.0777344 0.805664 0.0777344 0.806152 0.0773438 0.806641 0.0773438 0.808105 0.0761719 0.80957 0.0761719 0.810059 0.0757812 0.810547 0.0757812 0.811523 0.0753906 0.812012 0.0753906 0.8125 0.075 0.812988 0.075 0.813477 0.0738281 0.814941 0.0738281 0.81543 0.0722656 0.817383 0.0722656 0.817871 0.071875 0.818359 0.071875 0.818848 0.0707031 0.820312 0.0707031 0.820801 0.0703125 0.821289 0.0703125 0.821777 0.0675781 0.825195 0.0675781 0.825684 0.0671875 0.826172 0.0671875 0.827148 0.0667969 0.827637 0.0667969 0.828125 0.0664062 0.828613 0.0664062 0.829102 0.0640625 0.832031 0.0640625 0.83252 0.0636719 0.833008 0.0636719 0.833496 0.0632812 0.833984 0.0632812 0.836914 0.0636719 0.837402 0.0636719 0.837891 0.0648438 0.839355 0.0652344 0.839355 0.065625 0.839844 0.0683594 0.839844 0.06875 0.839355 0.0691406 0.839355 0.0703125 0.837891 0.0703125 0.837402 0.071875 0.835449 0.071875 0.834961 0.0722656 0.834473 0.0726563 0.834473 0.0738281 0.833008 0.0746094 0.833008 0.075 0.83252 0.0753906 0.83252 0.0769531 0.830566 0.0773438 0.830566 0.0777344 0.830078 0.078125 0.830078 0.0789062 0.829102 0.0792969 0.829102 0.0800781 0.828125 0.0804688 0.828125 0.0808594 0.827637 0.08125 0.827637 0.0816406 0.827148 0.0828125 0.827148 0.0832031 0.82666 0.0835937 0.82666 0.084375 0.825684 0.0847656 0.825684 0.0863281 0.82373 0.0867187 0.82373 0.0917969 0.817383 0.0917969 0.816895 0.0925781 0.815918 0.0925781 0.81543 0.09375 0.813965 0.09375 0.813477 0.0941406 0.812988 0.0941406 0.8125 0.0945312 0.812012 0.0945312 0.811523 0.0949219 0.811035 0.0949219 0.810547 0.0953125 0.810059 0.0953125 0.80957 0.0964844 0.808105 0.0964844 0.807617 0.0972656 0.806641 0.0972656 0.806152 0.0976562 0.805664 0.0976562 0.805176 0.0980469 0.804688 0.0980469 0.803711 0.0984375 0.803223 0.0984375 0.802734 0.0992187 0.801758 0.0992187 0.80127 0.0996094 0.800781 0.0996094 0.798828 0.1 0.79834 0.1 0.796875 0.100391 0.796387 0.100391 0.79541 0.100781 0.794922 0.100781 0.794434 0.101172 0.793945 0.101172 0.791992 0.101562 0.791504 0.101562 0.788086 0.101953 0.787598 0.101953 0.786133 0.102344 0.785645 0.102344 0.783203 0.102734 0.782715 0.102734 0.778809 0.103125 0.77832 0.103125 0.777832 0.103516 0.777344 0.103516 0.774902 0.103906 0.774414 0.103906 0.773926 0.104297 0.773438 0.104297 0.771484 0.104688 0.770996 0.104688 0.770508 0.105078 0.77002 0.105078 0.766602 0.105469 0.766113 0.105469 0.754395 0.105859 0.753906 0.105859 0.753418 0.10625 0.75293 0.10625 0.750977 0.107031 0.75 0.107031 0.749512 0.107422 0.749023 0.107422 0.748047 0.107813 0.747559 0.107813 0.74707 0.108203 0.746582 0.108203 0.744141 0.108594 0.743652 0.108594 0.743164 0.108984 0.742676 0.108984 0.741211 0.109375 0.740723 0.109375 0.739258 0.109766 0.73877 0.109766 0.738281 0.110156 0.737793 0.110156 0.734863 0.110547 0.734375 0.110547 0.733887 0.110937 0.733398 0.110937 0.732422 0.111328 0.731934 0.111328 0.730957 0.111719 0.730469 0.111719 0.728027 0.112109 0.727539 0.112109 0.725586 0.1125 0.725098 0.1125 0.724609 0.112891 0.724121 0.112891 0.722656 0.113281 0.722168 0.113281 0.72168 0.113672 0.721191 0.113672 0.719727 0.114062 0.719238 0.114062 0.718262 0.114453 0.717773 0.114453 0.717285 0.114844 0.716797 0.114844 0.713867 0.115234 0.713379 0.115234 0.711426 0.115625 0.710938 0.115625 0.709961 0.116016 0.709473 0.116016 0.705566 0.115625 0.705078 0.115625 0.70459 0.114453 0.703125 0.114062 0.703125 0.113672 0.702637
1 0.107813 0.432617 0.107422 0.433105 0.107031 0.433105 0.106641 0.433594 0.10625 0.433594 0.105078 0.435059 0.104688 0.435059 0.103125 0.437012 0.102734 0.437012 0.101953 0.437988 0.101172 0.437988 0.100781 0.438477 0.100391 0.438477 0.1 0.438965 0.0996094 0.438965 0.0992187 0.439453 0.0988281 0.439453 0.0984375 0.439941 0.0980469 0.439941 0.0976562 0.44043 0.0972656 0.44043 0.096875 0.440918 0.0964844 0.440918 0.0960938 0.441406 0.0957031 0.441406 0.0953125 0.441895 0.0949219 0.441895 0.0945312 0.442383 0.0941406 0.442383 0.09375 0.442871 0.0933594 0.442871 0.0929688 0.443359 0.0921875 0.443359 0.0917969 0.443848 0.0914062 0.443848 0.0910156 0.444336 0.090625 0.444336 0.0902344 0.444824 0.0898438 0.444824 0.0894531 0.445312 0.0890625 0.445312 0.0886719 0.445801 0.0878906 0.445801 0.0875 0.446289 0.0871094 0.446289 0.0867187 0.446777 0.0859375 0.446777 0.0855469 0.447266 0.0851563 0.447266 0.0847656 0.447754 0.0835937 0.447754 0.0832031 0.448242 0.0828125 0.448242 0.0824219 0.44873 0.0816406 0.44873 0.08125 0.449219 0.0800781 0.449219 0.0796875 0.449707 0.0769531 0.449707 0.0765625 0.450195 0.0738281 0.450195 0.0734375 0.450684 0.0710937 0.450684 0.0707031 0.451172 0.0695313 0.451172 0.0691406 0.45166 0.0671875 0.45166 0.0667969 0.452148 0.0648438 0.452148 0.0644531 0.452637 0.0628906 0.452637 0.0625 0.453125 0.0355469 0.453125 0.0351562 0.452637 0.0328125 0.452637 0.0324219 0.452148 0.0320312 0.452148 0.0316406 0.45166 0.0308594 0.45166 0.0304687 0.451172 0.0273438 0.451172 0.0269531 0.450684 0.025 0.450684 0.0246094 0.450195 0.0230469 0.450195 0.0226562 0.449707 0.021875 0.449707 0.0214844 0.449219 0.0199219 0.449219 0.0195312 0.44873 0.0191406 0.44873 0.01875 0.448242 0.0183594 0.448242 0.0179687 0.447754 0.0164063 0.447754 0.0160156 0.447266 0.0148437 0.447266 0.0144531 0.446777 0.0125 0.446777 0.0121094 0.446289 0.0117188 0.446289 0.0113281 0.445801 0.0101563 0.445801 0.00976562 0.445312 0.00546875 0.445312 0.00507813 0.444824 0.00429688 0.444824 0.00390625 0.444336 0.0015625 0.444336 0.00117187 0.443848 0.00078125 0.443848 0.000390625 0.443359 0 0.443359 0 0.481934 0.000390625 0.482422 0.00390625 0.482422 0.00429688 0.48291 0.00585938 0.48291 0.00625 0.483398 0.00820313 0.483398 0.00859375 0.483887 0.009375 0.483887 0.00976562 0.484375 0.0101563 0.484375 0.0105469 0.484863 0.0144531 0.484863 0.0148437 0.485352 0.0164063 0.485352 0.0167969 0.48584 0.0175781 0.48584 0.0179687 0.486328 0.0195312 0.486328 0.0199219 0.486816 0.0207031 0.486816 0.0210938 0.487305 0.0226562 0.487305 0.0230469 0.487793 0.0335937 0.487793 0.0339844 0.487305 0.0367188 0.487305 0.0371094 0.486816 0.0382813 0.486816 0.0386719 0.486328 0.0390625 0.486328 0.0394531 0.48584 0.0402344 0.48584 0.040625 0.485352 0.0425781 0.485352 0.0429688 0.484863 0.0433594 0.484863 0.04375 0.484375 0.0457031 0.484375 0.0460938 0.483887 0.046875 0.483887 0.0472656 0.483398 0.0507812 0.483398 0.0511719 0.48291 0.0515625 0.48291 0.0519531 0.482422 0.0523438 0.482422 0.0527344 0.481934 0.0542969 0.481934 0.0546875 0.481445 0.0574219 0.481445 0.0578125 0.480957 0.0589844 0.480957 0.059375 0.480469 0.0597656 0.480469 0.0601563 0.47998 0.0625 0.47998 0.0628906 0.479492 0.0632812 0.479492 0.0636719 0.479004 0.0644531 0.479004 0.0648438 0.478516 0.0652344 0.478516 0.065625 0.478027 0.0664062 0.478027 0.0667969 0.477539 0.0671875 0.477539 0.0675781 0.477051 0.0679687 0.477051 0.06875 0.476074 0.0695313 0.476074 0.0699219 0.475586 0.0703125 0.475586 0.0707031 0.475098 0.0710937 0.475098 0.0714844 0.474609 0.071875 0.474609 0.0722656 0.474121 0.0726563 0.474121 0.0730469 0.473633 0.0734375 0.473633 0.0742188 0.472656 0.0761719 0.472656 0.0765625 0.472168 0.0769531 0.472168 0.0777344 0.471191 0.0785156 0.471191 0.0789062 0.470703 0.0792969 0.470703 0.0796875 0.470215 0.0808594 0.470215 0.08125 0.469727 0.0816406 0.469727 0.0820312 0.469238 0.0824219 0.469238 0.0828125 0.46875 0.0832031 0.46875 0.0835937 0.468262 0.0839844 0.468262 0.084375 0.467773 0.0847656 0.467773 0.0851563 0.467285 0.0855469 0.467285 0.0859375 0.466797 0.0863281 0.466797 0.0867187 0.466309 0.0871094 0.466309 0.0875 0.46582 0.0878906 0.46582 0.0882813 0.465332 0.0886719 0.465332 0.0890625 0.464844 0.0898438 0.464844 0.0902344 0.464355 0.090625 0.464355 0.0914062 0.463379 0.0917969 0.463379 0.0925781 0.462402 0.0929688 0.462402 0.0933594 0.461914 0.09375 0.461914 0.0941406 0.461426 0.0949219 0.461426 0.0953125 0.460938 0.0957031 0.460938 0.103125 0.45166 0.103125 0.451172 0.104297 0.449707 0.104297 0.449219 0.104688 0.44873 0.104688 0.446777 0.105469 0.445801 0.105859 0.445801 0.107031 0.444336 0.107422 0.444336 0.107813 0.443848 0.108203 0.443848 0.110156 0.441406 0.110547 0.441406 0.110937 0.440918 0.111328 0.440918 0.1125 0.439453 0.1125 0.438965 0.112891 0.438477 0.112891 0.435547 0.1125 0.435059 0.1125 0.43457 0.111328 0.433105 0.110937 0.433105 0.110547 0.432617
2 0 0.407715 0 0.423828 0.00078125 0.423828 0.00117187 0.424316 0.003125 0.424316 0.00351563 0.424805 0.00429688 0.424805 0.0046875 0.425293 0.00507813 0.425293 0.00546875 0.425781 0.00664062 0.425781 0.00703125 0.42627 0.00859375 0.42627 0.00898437 0.426758 0.009375 0.426758 0.00976562 0.427246 0.0109375 0.427246 0.0113281 0.427734 0.0125 0.427734 0.0132812 0.428711 0.0136719 0.428711 0.0140625 0.429199 0.0144531 0.429199 0.0167969 0.432129 0.0171875 0.432129 0.0175781 0.432617 0.0179687 0.432617 0.0183594 0.433105 0.01875 0.433105 0.0191406 0.433594 0.0199219 0.433594 0.0203125 0.434082 0.0207031 0.434082 0.0210938 0.43457 0.0230469 0.43457 0.0234375 0.435059 0.0242188 0.435059 0.0246094 0.435547 0.0253906 0.435547 0.0257812 0.436035 0.0265625 0.436035 0.0269531 0.436523 0.0277344 0.436523 0.028125 0.437012 0.0296875 0.437012 0.0300781 0.4375 0.0308594 0.4375 0.03125 0.437988 0.0328125 0.437988 0.0332031 0.438477 0.0347656 0.438477 0.0351562 0.438965 0.0367188 0.438965 0.0371094 0.439453 0.0375 0.439453 0.0378906 0.439941 0.0476562 0.439941 0.0480469 0.439453 0.0492187 0.439453 0.0496094 0.438965 0.0523438 0.438965 0.0527344 0.438477 0.053125 0.438477 0.0535156 0.437988 0.0546875 0.437988 0.0550781 0.4375 0.0558594 0.4375 0.05625 0.437012 0.0578125 0.437012 0.0582031 0.436523 0.0585938 0.436523 0.0589844 0.436035 0.059375 0.436035 0.0597656 0.435547 0.0601563 0.435547 0.0605469 0.435059 0.0613281 0.435059 0.0617188 0.43457 0.0621094 0.43457 0.0628906 0.433594 0.0636719 0.433594 0.0640625 0.433105 0.0648438 0.433105 0.0652344 0.432617 0.075 0.432617 0.0753906 0.432129 0.0757812 0.432129 0.0785156 0.428711 0.0785156 0.428223 0.0789062 0.427734 0.0789062 0.424805 0.0785156 0.424316 0.0785156 0.423828 0.0773438 0.422363 0.0769531 0.422363 0.0765625 0.421875 0.071875 0.421875 0.0714844 0.421387 0.0707031 0.421387 0.0703125 0.420898 0.065625 0.420898 0.0652344 0.42041 0.0644531 0.42041 0.0640625 0.419922 0.0636719 0.419922 0.0632812 0.419434 0.0621094 0.419434 0.0617188 0.418945 0.0609375 0.418945 0.0605469 0.418457 0.0601563 0.418457 0.0597656 0.417969 0.059375 0.417969 0.0585938 0.416992 0.0582031 0.416992 0.0578125 0.416504 0.0570312 0.416504 0.0566406 0.416016 0.0558594 0.416016 0.0550781 0.415039 0.0546875 0.415039 0.0542969 0.414551 0.0535156 0.414551 0.053125 0.414062 0.0519531 0.414062 0.0515625 0.413574 0.0507812 0.413574 0.0503906 0.413086 0.0488281 0.413086 0.0484375 0.412598 0.0480469 0.412598 0.0476562 0.412109 0.0453125 0.412109 0.0449219 0.411621 0.0417969 0.411621 0.0414062 0.411133 0.0351562 0.411133 0.0347656 0.410645 0.0246094 0.410645 0.0242188 0.410156 0.0183594 0.410156 0.0179687 0.409668 0.0144531 0.409668 0.0140625 0.40918 0.0109375 0.40918 0.0105469 0.408691 0.00742187 0.408691 0.00703125 0.408203 0.00625 0.408203 0.00585938 0.407715
2 0.459375 0.50293 0.458984 0.503418 0.458594 0.503418 0.457422 0.504883 0.457422 0.505371 0.457031 0.505859 0.457031 0.508789 0.457422 0.509277 0.457422 0.509766 0.457813 0.510254 0.457813 0.510742 0.458203 0.51123 0.458203 0.511719 0.458594 0.512207 0.458594 0.51416 0.458984 0.514648 0.458984 0.515625 0.459375 0.516113 0.459375 0.518555 0.459766 0.519043 0.459766 0.519531 0.460156 0.52002 0.460156 0.520508 0.460547 0.520996 0.460547 0.521484 0.460938 0.521973 0.460938 0.522461 0.461328 0.522949 0.461328 0.524902 0.461719 0.525391 0.461719 0.525879 0.462109 0.526367 0.462109 0.527344 0.4625 0.527832 0.4625 0.528809 0.462891 0.529297 0.462891 0.529785 0.463281 0.530273 0.463281 0.530762 0.463672 0.53125 0.463672 0.531738 0.464062 0.532227 0.464062 0.533691 0.464453 0.53418 0.464453 0.534668 0.465234 0.535645 0.465234 0.536133 0.465625 0.536621 0.465625 0.538086 0.466016 0.538574 0.466016 0.539062 0.466406 0.539551 0.466406 0.540039 0.466797 0.540527 0.466797 0.541016 0.467187 0.541504 0.467187 0.542969 0.467578 0.543457 0.467578 0.543945 0.467969 0.544434 0.467969 0.544922 0.468359 0.54541 0.468359 0.545898 0.46875 0.546387 0.46875 0.546875 0.469141 0.547363 0.469141 0.547852 0.469531 0.54834 0.469531 0.548828 0.469922 0.549316 0.469922 0.549805 0.470313 0.550293 0.470313 0.551758 0.470703 0.552246 0.470703 0.553223 0.471094 0.553711 0.471094 0.554199 0.471484 0.554688 0.471484 0.555664 0.471875 0.556152 0.471875 0.558594 0.472266 0.559082 0.472266 0.55957 0.472656 0.560059 0.472656 0.560547 0.473047 0.561035 0.473047 0.562012 0.473438 0.5625 0.473438 0.563477 0.473828 0.563965 0.473828 0.564941 0.474219 0.56543 0.474219 0.566406 0.474609 0.566895 0.474609 0.567871 0.475 0.568359 0.475 0.568848 0.475391 0.569336 0.475391 0.571289 0.475781 0.571777 0.475781 0.572754 0.476172 0.573242 0.476172 0.57373 0.476953 0.574707 0.476953 0.578125 0.477344 0.578613 0.477344 0.579102 0.477734 0.57959 0.477734 0.580566 0.478125 0.581055 0.478125 0.581543 0.478906 0.58252 0.478906 0.583984 0.479297 0.584473 0.479297 0.584961 0.479687 0.585449 0.479687 0.585938 0.480078 0.586426 0.480078 0.586914 0.480469 0.587402 0.480469 0.587891 0.480859 0.588379 0.480859 0.588867 0.48125 0.589355 0.48125 0.589844 0.481641 0.590332 0.481641 0.591797 0.482031 0.592285 0.482031 0.592773 0.482812 0.59375 0.482812 0.595215 0.483203 0.595703 0.483203 0.596191 0.483594 0.59668 0.483594 0.597168 0.483984 0.597656 0.483984 0.598145 0.484766 0.599121 0.484766 0.599609 0.485156 0.600098 0.485156 0.601074 0.485547 0.601562 0.485547 0.602051 0.486328 0.603027 0.486328 0.603516 0.486719 0.604004 0.486719 0.604492 0.487109 0.60498 0.487109 0.606445 0.4875 0.606934 0.4875 0.607422 0.488281 0.608398 0.488281 0.608887 0.488672 0.609375 0.488672 0.609863 0.489063 0.610352 0.489063 0.61084 0.489453 0.611328 0.489453 0.611816 0.490625 0.613281 0.490625 0.61377 0.492969 0.616699 0.492969 0.617188 0.493359 0.617676 0.493359 0.618164 0.494531 0.619629 0.494531 0.620117 0.494922 0.620605 0.494922 0.621094 0.496484 0.623047 0.496484 0.623535 0.496875 0.624023 0.496875 0.624512 0.498828 0.626953 0.498828 0.627441 0.499609 0.628418 0.499609 0.628906 0.501172 0.630859 0.501172 0.631348 0.501563 0.631836 0.501563 0.632324 0.501953 0.632812 0.501953 0.633301 0.502734 0.634277 0.502734 0.634766 0.503516 0.635742 0.503516 0.63623 0.505469 0.638672 0.505469 0.63916 0.507031 0.641113 0.507031 0.64209 0.507422 0.642578 0.507422 0.643066 0.507812 0.643555 0.507812 0.644531 0.508203 0.64502 0.508203 0.645508 0.508594 0.645996 0.508594 0.647461 0.508984 0.647949 0.508984 0.648438 0.509375 0.648926 0.509375 0.649414 0.509766 0.649902 0.509766 0.650879 0.510156 0.651367 0.510156 0.651855 0.512109 0.654297 0.512109 0.654785 0.512891 0.655762 0.512891 0.65625 0.514453 0.658203 0.514453 0.658691 0.515234 0.659668 0.515234 0.660156 0.517188 0.662598 0.517578 0.662598 0.51875 0.664062 0.51875 0.664551 0.519531 0.665527 0.519531 0.666016 0.521094 0.667969 0.521094 0.668457 0.521484 0.668945 0.521484 0.669434 0.522656 0.670898 0.522656 0.671387 0.523047 0.671875 0.523047 0.672363 0.524219 0.673828 0.524609 0.673828 0.525 0.674316 0.525 0.674805 0.528516 0.679199 0.528516 0.679688 0.53125 0.683105 0.531641 0.683105 0.532813 0.68457 0.533203 0.68457 0.533594 0.685059 0.533594 0.685547 0.535937 0.688477 0.536328 0.688477 0.536719 0.688965 0.539062 0.688965 0.539453 0.688477 0.539844 0.688477 0.541016 0.687012 0.541016 0.686523 0.541406 0.686035 0.541406 0.682617 0.541016 0.682129 0.541016 0.681641 0.540625 0.681152 0.540625 0.680664 0.540234 0.680176 0.540234 0.679688 0.539844 0.679199 0.539844 0.678223 0.539453 0.677734 0.539453 0.67627 0.539062 0.675781 0.539062 0.674805 0.538672 0.674316 0.538672 0.67334 0.538281 0.672852 0.538281 0.672363 0.537891 0.671875 0.537891 0.671387 0.5375 0.670898 0.5375 0.67041 0.537109 0.669922 0.537109 0.668457 0.536719 0.667969 0.536719 0.66748 0.536328 0.666992 0.536328 0.666016 0.535937 0.665527 0.535937 0.665039 0.535547 0.664551 0.535547 0.663574 0.535156 0.663086 0.535156 0.661133 0.534766 0.660645 0.534766 0.659668 0.534375 0.65918 0.534375 0.658691 0.533984 0.658203 0.533984 0.657715 0.533203 0.656738 0.533203 0.65625 0.532813 0.655762 0.532813 0.655273 0.532422 0.654785 0.532422 0.654297 0.532031 0.653809 0.532031 0.65332 0.531641 0.652832 0.531641 0.651855 0.53125 0.651367 0.53125 0.650879 0.530859 0.650391 0.530859 0.649902 0.530469 0.649414 0.530469 0.648926 0.529297 0.647461 0.529297 0.646973 0.528906 0.646484 0.528906 0.64502 0.528516 0.644531 0.528516 0.644043 0.528125 0.643555 0.528125 0.643066 0.527734 0.642578 0.527734 0.641602 0.527344 0.641113 0.527344 0.640625 0.526953 0.640137 0.526953 0.639648 0.526172 0.638672 0.526172 0.638184 0.525781 0.637695 0.525781 0.637207 0.525391 0.636719 0.525391 0.63623 0.525 0.635742 0.525 0.635254 0.524609 0.634766 0.524609 0.634277 0.523828 0.633301 0.523828 0.630859 0.523438 0.630371 0.523438 0.629883 0.522656 0.628906 0.522656 0.628418 0.522266 0.62793 0.522266 0.627441 0.521094 0.625977 0.521094 0.625488 0.519531 0.623535 0.519531 0.623047 0.516797 0.619629 0.516406 0.619629 0.513672 0.616211 0.513281 0.616211 0.511719 0.614258 0.511328 0.614258 0.508203 0.610352 0.508203 0.609863 0.507422 0.608887 0.507422 0.608398 0.507031 0.60791 0.507031 0.607422 0.505078 0.60498 0.505078 0.604492 0.504687 0.604004 0.504687 0.603516 0.503906 0.602539 0.503906 0.602051 0.502734 0.600586 0.502734 0.600098 0.500781 0.597656 0.500781 0.59668 0.500391 0.596191 0.500391 0.595703 0.497266 0.591797 0.497266 0.59082 0.496875 0.590332 0.496875 0.589844 0.49375 0.585938 0.49375 0.585449 0.492578 0.583984 0.492188 0.583984 0.490234 0.581543 0.490234 0.581055 0.489063 0.57959 0.489063 0.579102 0.487891 0.577637 0.487891 0.577148 0.4875 0.57666 0.4875 0.576172 0.487109 0.575684 0.487109 0.575195 0.485547 0.573242 0.485547 0.572266 0.485156 0.571777 0.485156 0.571289 0.484375 0.570312 0.484375 0.569824 0.483984 0.569336 0.483984 0.568359 0.483594 0.567871 0.483594 0.566895 0.483203 0.566406 0.483203 0.565918 0.482422 0.564941 0.482422 0.564453 0.482031 0.563965 0.482031 0.563477 0.48125 0.5625 0.48125 0.562012 0.480859 0.561523 0.480859 0.561035 0.480469 0.560547 0.480469 0.558105 0.480078 0.557617 0.480078 0.556152 0.479687 0.555664 0.479687 0.555176 0.479297 0.554688 0.479297 0.554199 0.478906 0.553711 0.478906 0.552734 0.478516 0.552246 0.478516 0.550781 0.478125 0.550293 0.478125 0.549805 0.477344 0.548828 0.477344 0.547363 0.476953 0.546875 0.476953 0.546387 0.476562 0.545898 0.476562 0.544922 0.476172 0.544434 0.476172 0.543945 0.475781 0.543457 0.475781 0.542969 0.475 0.541992 0.475 0.541504 0.474609 0.541016 0.474609 0.540527 0.474219 0.540039 0.474219 0.538086 0.473828 0.537598 0.473828 0.537109 0.473438 0.536621 0.473438 0.536133 0.473047 0.535645 0.473047 0.535156 0.472656 0.534668 0.472656 0.53418 0.472266 0.533691 0.472266 0.532715 0.471875 0.532227 0.471875 0.531738 0.471484 0.53125 0.471484 0.530762 0.471094 0.530273 0.471094 0.529785 0.470703 0.529297 0.470703 0.528809 0.470313 0.52832 0.470313 0.527344 0.469922 0.526855 0.469922 0.526367 0.469531 0.525879 0.469531 0.524902 0.469141 0.524414 0.469141 0.523438 0.46875 0.522949 0.46875 0.522461 0.468359 0.521973 0.468359 0.52002 0.467969 0.519531 0.467969 0.519043 0.467578 0.518555 0.467578 0.518066 0.467187 0.517578 0.467187 0.51709 0.466797 0.516602 0.466797 0.516113 0.466406 0.515625 0.466406 0.513184 0.466016 0.512695 0.466016 0.51123 0.465625 0.510742 0.465625 0.509277 0.465234 0.508789 0.465234 0.508301 0.464844 0.507812 0.464844 0.506836 0.464453 0.506348 0.464453 0.505859 0.4625 0.503418 0.462109 0.503418 0.461719 0.50293
2 0.44375 0.537109 0.443359 0.537598 0.442969 0.537598 0.442578 0.538086 0.442188 0.538086 0.441797 0.538574 0.441406 0.538574 0.441016 0.539062 0.440234 0.539062 0.439844 0.539551 0.439453 0.539551 0.438672 0.540527 0.437891 0.540527 0.4375 0.541016 0.436328 0.541016 0.435937 0.541504 0.435156 0.541504 0.434766 0.541992 0.434375 0.541992 0.433984 0.54248 0.425781 0.54248 0.425391 0.542969 0.424219 0.542969 0.423828 0.543457 0.421094 0.543457 0.420703 0.543945 0.420312 0.543945 0.419922 0.544434 0.417578 0.544434 0.417187 0.544922 0.416406 0.544922 0.416016 0.54541 0.396484 0.54541 0.396094 0.545898 0.395703 0.545898 0.395313 0.546387 0.394141 0.546387 0.39375 0.546875 0.392969 0.546875 0.392578 0.547363 0.392188 0.547363 0.391797 0.547852 0.390625 0.547852 0.390234 0.54834 0.389844 0.54834 0.389453 0.548828 0.389062 0.548828 0.388281 0.549805 0.386719 0.549805 0.386328 0.550293 0.385937 0.550293 0.385547 0.550781 0.384766 0.550781 0.384375 0.55127 0.383594 0.55127 0.383203 0.551758 0.381641 0.551758 0.38125 0.552246 0.380469 0.552246 0.380078 0.552734 0.378906 0.552734 0.378516 0.553223 0.378125 0.553223 0.377734 0.553711 0.375 0.553711 0.374609 0.554199 0.374219 0.554199 0.373828 0.554688 0.370703 0.554688 0.370312 0.555176 0.368359 0.555176 0.367969 0.555664 0.361719 0.555664 0.361328 0.556152 0.348047 0.556152 0.347656 0.555664 0.346484 0.555664 0.346094 0.555176 0.344922 0.555176 0.344531 0.554688 0.342969 0.554688 0.342578 0.554199 0.341797 0.554199 0.341406 0.553711 0.340234 0.553711 0.339844 0.553223 0.338672 0.553223 0.338281 0.552734 0.337891 0.552734 0.3375 0.552246 0.337109 0.552246 0.336719 0.551758 0.335938 0.551758 0.335156 0.550781 0.334766 0.550781 0.334375 0.550293 0.333984 0.550293 0.333594 0.549805 0.333203 0.549805 0.332813 0.549316 0.332422 0.549316 0.332031 0.548828 0.331641 0.548828 0.33125 0.54834 0.330859 0.54834 0.330469 0.547852 0.329297 0.547852 0.328906 0.547363 0.328516 0.547363 0.328125 0.546875 0.326562 0.546875 0.326172 0.546387 0.325781 0.546387 0.325391 0.545898 0.323047 0.545898 0.322656 0.546387 0.322266 0.546387 0.321094 0.547852 0.321094 0.54834 0.320703 0.548828 0.320703 0.552246 0.321094 0.552734 0.321094 0.553223 0.322266 0.554688 0.322656 0.554688 0.323047 0.555176 0.324609 0.555176 0.325 0.555664 0.325781 0.555664 0.326172 0.556152 0.326562 0.556152 0.326953 0.556641 0.328125 0.556641 0.328906 0.557617 0.329297 0.557617 0.329688 0.558105 0.330469 0.558105 0.330859 0.558594 0.33125 0.558594 0.331641 0.559082 0.332031 0.559082 0.332813 0.560059 0.333203 0.560059 0.333594 0.560547 0.334375 0.560547 0.334766 0.561035 0.335156 0.561035 0.335547 0.561523 0.336328 0.561523 0.336719 0.562012 0.337109 0.562012 0.3375 0.5625 0.339844 0.5625 0.340234 0.562988 0.340625 0.562988 0.341016 0.563477 0.342187 0.563477 0.342578 0.563965 0.34375 0.563965 0.344141 0.564453 0.344922 0.564453 0.345313 0.564941 0.363281 0.564941 0.363672 0.564453 0.369531 0.564453 0.369922 0.563965 0.372266 0.563965 0.372656 0.563477 0.378906 0.563477 0.379297 0.562988 0.380078 0.562988 0.380469 0.5625 0.383203 0.5625 0.383594 0.562012 0.387109 0.562012 0.3875 0.561523 0.389844 0.561523 0.390234 0.561035 0.407422 0.561035 0.407813 0.560547 0.408203 0.560547 0.408594 0.560059 0.426563 0.560059 0.426953 0.560547 0.437109 0.560547 0.4375 0.561035 0.440625 0.561035 0.441016 0.561523 0.469531 0.561523 0.469922 0.561035 0.470313 0.561035 0.470703 0.560547 0.471875 0.560547 0.472266 0.560059 0.473047 0.560059 0.473438 0.55957 0.474219 0.55957 0.474609 0.559082 0.475 0.559082 0.475391 0.558594 0.475781 0.558594 0.476172 0.558105 0.476562 0.558105 0.476953 0.557617 0.477734 0.557617 0.478125 0.557129 0.478516 0.557129 0.478906 0.556641 0.479687 0.556641 0.480078 0.556152 0.480469 0.556152 0.480859 0.555664 0.482422 0.555664 0.482812 0.555176 0.483984 0.555176 0.484375 0.554688 0.484766 0.554688 0.485156 0.554199 0.487109 0.554199 0.4875 0.553711 0.488281 0.553711 0.488672 0.553223 0.489453 0.553223 0.489844 0.552734 0.490625 0.552734 0.491016 0.552246 0.491797 0.552246 0.492188 0.551758 0.493359 0.551758 0.49375 0.55127 0.494531 0.55127 0.495703 0.549805 0.495703 0.548828 0.494531 0.547363 0.494141 0.547363 0.49375 0.546875 0.491406 0.546875 0.491016 0.546387 0.489844 0.546387 0.489453 0.545898 0.487891 0.545898 0.4875 0.54541 0.487109 0.54541 0.486719 0.544922 0.485938 0.544922 0.485547 0.544434 0.484766 0.544434 0.484375 0.543945 0.483594 0.543945 0.483203 0.543457 0.480078 0.543457 0.479687 0.542969 0.478125 0.542969 0.477734 0.54248 0.475 0.54248 0.474609 0.541992 0.474219 0.541992 0.473828 0.541504 0.472656 0.541504 0.472266 0.541016 0.471875 0.541016 0.471484 0.540527 0.470703 0.540527 0.470313 0.540039 0.469922 0.540039 0.469531 0.539551 0.469141 0.539551 0.46875 0.539062 0.465625 0.539062 0.465234 0.538574 0.464844 0.538574 0.464453 0.538086 0.4625 0.538086 0.462109 0.537598 0.461719 0.537598 0.461328 0.537109
2 0.328516 0.463379 0.328125 0.463867 0.327734 0.463867 0.326562 0.465332 0.326562 0.46582 0.326172 0.466309 0.326172 0.466797 0.325781 0.467285 0.325781 0.470215 0.326172 0.470703 0.326172 0.471191 0.327734 0.473145 0.328125 0.473145 0.328516 0.473633 0.330078 0.473633 0.330859 0.474609 0.33125 0.474609 0.331641 0.475098 0.332422 0.475098 0.332813 0.475586 0.333203 0.475586 0.3375 0.480957 0.3375 0.481445 0.340625 0.485352 0.340625 0.48584 0.341016 0.486328 0.341016 0.486816 0.342969 0.489258 0.342969 0.489746 0.344141 0.491211 0.344531 0.491211 0.347656 0.495117 0.348047 0.495117 0.35 0.497559 0.35 0.498047 0.350391 0.498535 0.350391 0.499023 0.350781 0.499512 0.350781 0.5 0.351562 0.500977 0.351562 0.501465 0.351953 0.501953 0.351953 0.502441 0.353125 0.503906 0.353125 0.504395 0.354297 0.505859 0.354687 0.505859 0.355469 0.506836 0.355859 0.506836 0.35625 0.507324 0.357031 0.507324 0.357422 0.507812 0.358203 0.507812 0.359375 0.509277 0.359766 0.509277 0.360156 0.509766 0.360938 0.509766 0.362109 0.51123 0.362109 0.511719 0.363672 0.513672 0.364063 0.513672 0.365234 0.515137 0.365625 0.515137 0.366406 0.516113 0.366797 0.516113 0.371094 0.521484 0.371094 0.521973 0.373828 0.525391 0.373828 0.525879 0.375 0.527344 0.375391 0.527344 0.376953 0.529297 0.376953 0.529785 0.377344 0.530273 0.377344 0.530762 0.377734 0.53125 0.377734 0.531738 0.378906 0.533203 0.378906 0.533691 0.379297 0.53418 0.379297 0.534668 0.379688 0.535156 0.379688 0.535645 0.380078 0.536133 0.380078 0.536621 0.380859 0.537598 0.380859 0.538086 0.38125 0.538574 0.38125 0.539062 0.381641 0.539551 0.381641 0.540527 0.382031 0.541016 0.382031 0.541504 0.382812 0.54248 0.382812 0.543945 0.383203 0.544434 0.383203 0.544922 0.383594 0.54541 0.383594 0.546387 0.383984 0.546875 0.383984 0.547852 0.384375 0.54834 0.384375 0.548828 0.385156 0.549805 0.385156 0.550293 0.385937 0.55127 0.385937 0.551758 0.386328 0.552246 0.386328 0.552734 0.387109 0.553711 0.387109 0.554199 0.3875 0.554688 0.3875 0.555664 0.387891 0.556152 0.387891 0.556641 0.388672 0.557617 0.388672 0.558105 0.389062 0.558594 0.389062 0.559082 0.390234 0.560547 0.390625 0.560547 0.391797 0.562012 0.391797 0.5625 0.392969 0.563965 0.392969 0.564453 0.396484 0.568848 0.396484 0.569336 0.397266 0.570312 0.397266 0.570801 0.398438 0.572266 0.398828 0.572266 0.399219 0.572754 0.399219 0.573242 0.400781 0.575195 0.400781 0.575684 0.401172 0.576172 0.401172 0.57666 0.402734 0.578613 0.403125 0.578613 0.404687 0.580566 0.405078 0.580566 0.407422 0.583496 0.407422 0.583984 0.407813 0.584473 0.407813 0.584961 0.408594 0.585938 0.408594 0.586426 0.408984 0.586914 0.408984 0.587891 0.409375 0.588379 0.409375 0.589355 0.409766 0.589844 0.409766 0.592773 0.410156 0.593262 0.410156 0.594238 0.410547 0.594727 0.410547 0.595215 0.411719 0.59668 0.412109 0.59668 0.414062 0.599121 0.414453 0.599121 0.414844 0.599609 0.415234 0.599609 0.415625 0.600098 0.416016 0.600098 0.416406 0.600586 0.417187 0.600586 0.417578 0.601074 0.419531 0.601074 0.419922 0.601562 0.420703 0.601562 0.421094 0.602051 0.422266 0.602051 0.422656 0.602539 0.424609 0.602539 0.425 0.603027 0.425391 0.603027 0.425781 0.603516 0.430469 0.603516 0.430859 0.604004 0.433984 0.604004 0.434375 0.604492 0.434766 0.604492 0.435156 0.60498 0.436328 0.60498 0.436719 0.605469 0.437109 0.605469 0.4375 0.605957 0.437891 0.605957 0.438281 0.606445 0.438672 0.606445 0.440234 0.608398 0.440625 0.608398 0.441016 0.608887 0.441016 0.609375 0.442188 0.61084 0.442578 0.61084 0.445312 0.614258 0.445312 0.614746 0.446094 0.615723 0.446094 0.618652 0.446484 0.619141 0.446484 0.619629 0.446875 0.620117 0.446875 0.621094 0.447266 0.621582 0.447266 0.622559 0.447656 0.623047 0.447656 0.623535 0.448437 0.624512 0.448437 0.625 0.450781 0.62793 0.451172 0.62793 0.451562 0.628418 0.453906 0.628418 0.454297 0.62793 0.454688 0.62793 0.455859 0.626465 0.455859 0.625977 0.45625 0.625488 0.45625 0.622559 0.455859 0.62207 0.455859 0.621582 0.455078 0.620605 0.455078 0.620117 0.454688 0.619629 0.454688 0.619141 0.454297 0.618652 0.454297 0.618164 0.453906 0.617676 0.453906 0.617188 0.453516 0.616699 0.453516 0.615723 0.453125 0.615234 0.453125 0.612305 0.452734 0.611816 0.452734 0.611328 0.451953 0.610352 0.451953 0.609863 0.451562 0.609375 0.451562 0.608887 0.449609 0.606445 0.449609 0.605957 0.448437 0.604492 0.448047 0.604492 0.444922 0.600586 0.444531 0.600586 0.443359 0.599121 0.442969 0.599121 0.442188 0.598145 0.441797 0.598145 0.441406 0.597656 0.441016 0.597656 0.440625 0.597168 0.440234 0.597168 0.439844 0.59668 0.439453 0.59668 0.439063 0.596191 0.437109 0.596191 0.436719 0.595703 0.436328 0.595703 0.435937 0.595215 0.432812 0.595215 0.432422 0.594727 0.428125 0.594727 0.427734 0.594238 0.426563 0.594238 0.426172 0.59375 0.424609 0.59375 0.424219 0.593262 0.423438 0.593262 0.423047 0.592773 0.421484 0.592773 0.421094 0.592285 0.419531 0.592285 0.419141 0.591797 0.41875 0.591797 0.416797 0.589355 0.416797 0.586426 0.416406 0.585938 0.416406 0.585449 0.416016 0.584961 0.416016 0.583984 0.415625 0.583496 0.415625 0.583008 0.415234 0.58252 0.415234 0.581055 0.414844 0.580566 0.414844 0.580078 0.414453 0.57959 0.414453 0.578613 0.414062 0.578125 0.414062 0.576172 0.413672 0.575684 0.413672 0.575195 0.412891 0.574219 0.412891 0.57373 0.4125 0.573242 0.4125 0.572754 0.411719 0.571777 0.411719 0.571289 0.410938 0.570312 0.410938 0.569824 0.410547 0.569336 0.410547 0.568848 0.407813 0.56543 0.407813 0.564941 0.406641 0.563477 0.406641 0.562988 0.40625 0.5625 0.40625 0.562012 0.405859 0.561523 0.405859 0.560547 0.405469 0.560059 0.405469 0.55957 0.404297 0.558105 0.404297 0.557617 0.403906 0.557129 0.403906 0.556152 0.403516 0.555664 0.403516 0.555176 0.402734 0.554199 0.402734 0.553223 0.402344 0.552734 0.402344 0.552246 0.400391 0.549805 0.400391 0.549316 0.399609 0.54834 0.399609 0.547852 0.399219 0.547363 0.399219 0.546875 0.398828 0.546387 0.398828 0.545898 0.398438 0.54541 0.398438 0.544922 0.398047 0.544434 0.398047 0.543945 0.397266 0.542969 0.397266 0.54248 0.396094 0.541016 0.396094 0.540527 0.395313 0.539551 0.395313 0.539062 0.394531 0.538086 0.394531 0.537598 0.39375 0.536621 0.39375 0.536133 0.393359 0.535645 0.393359 0.535156 0.391016 0.532227 0.391016 0.531738 0.390625 0.53125 0.390625 0.530273 0.390234 0.529785 0.390234 0.529297 0.389453 0.52832 0.389453 0.527344 0.389062 0.526855 0.389062 0.526367 0.388672 0.525879 0.388672 0.525391 0.388281 0.524902 0.388281 0.523438 0.387891 0.522949 0.387891 0.522461 0.3875 0.521973 0.3875 0.519531 0.387109 0.519043 0.387109 0.518555 0.386719 0.518066 0.386719 0.515625 0.386328 0.515137 0.386328 0.51416 0.385937 0.513672 0.385937 0.512695 0.385547 0.512207 0.385547 0.510742 0.385156 0.510254 0.385156 0.509277 0.384766 0.508789 0.384766 0.506836 0.384375 0.506348 0.384375 0.505371 0.383984 0.504883 0.383984 0.504395 0.383203 0.503418 0.383203 0.499512 0.382812 0.499023 0.382812 0.498535 0.382422 0.498047 0.382422 0.49707 0.382031 0.496582 0.382031 0.496094 0.380859 0.494629 0.380859 0.494141 0.380078 0.493164 0.380078 0.492676 0.379688 0.492188 0.379688 0.491699 0.376563 0.487793 0.376563 0.487305 0.376172 0.486816 0.376172 0.486328 0.374609 0.484375 0.374609 0.483887 0.373437 0.482422 0.373047 0.482422 0.372656 0.481934 0.372266 0.481934 0.370703 0.47998 0.370312 0.47998 0.368359 0.477539 0.367969 0.477539 0.367578 0.477051 0.367188 0.477051 0.366406 0.476074 0.366016 0.476074 0.365625 0.475586 0.365234 0.475586 0.364844 0.475098 0.364453 0.475098 0.364063 0.474609 0.363672 0.474609 0.363281 0.474121 0.362891 0.474121 0.3625 0.473633 0.362109 0.473633 0.361719 0.473145 0.361328 0.473145 0.360938 0.472656 0.359766 0.472656 0.359375 0.472168 0.358984 0.472168 0.358594 0.47168 0.356641 0.47168 0.35625 0.471191 0.355859 0.471191 0.355469 0.470703 0.354687 0.470703 0.354297 0.470215 0.352734 0.470215 0.352344 0.469727 0.351562 0.469727 0.351172 0.469238 0.35 0.469238 0.349609 0.46875 0.348438 0.46875 0.348047 0.468262 0.347656 0.468262 0.347266 0.467773 0.346484 0.467773 0.346094 0.467285 0.345703 0.467285 0.345313 0.466797 0.342187 0.466797 0.341797 0.466309 0.340234 0.466309 0.339844 0.46582 0.339453 0.46582 0.339062 0.465332 0.3375 0.465332 0.337109 0.464844 0.335938 0.464844 0.335547 0.464355 0.335156 0.464355 0.334766 0.463867 0.331641 0.463867 0.33125 0.463379
2 0.415234 0.283691 0.414844 0.28418 0.414453 0.28418 0.413281 0.285645 0.413281 0.286133 0.412891 0.286621 0.412891 0.289551 0.413281 0.290039 0.413281 0.290527 0.413672 0.291016 0.413672 0.291992 0.414062 0.29248 0.414062 0.292969 0.414453 0.293457 0.414453 0.302246 0.414062 0.302734 0.414062 0.303223 0.413672 0.303711 0.413672 0.306152 0.412891 0.307129 0.412891 0.307617 0.4125 0.308105 0.4125 0.30957 0.412109 0.310059 0.412109 0.311035 0.411719 0.311523 0.411719 0.312012 0.411328 0.3125 0.411328 0.312988 0.410938 0.313477 0.410938 0.313965 0.410547 0.314453 0.410547 0.314941 0.410156 0.31543 0.410156 0.315918 0.409375 0.316895 0.409375 0.317383 0.408594 0.318359 0.408594 0.318848 0.408203 0.319336 0.408203 0.319824 0.407813 0.320312 0.407813 0.320801 0.407422 0.321289 0.407422 0.323242 0.407031 0.32373 0.407031 0.324707 0.40625 0.325684 0.40625 0.326172 0.405859 0.32666 0.405859 0.328125 0.405469 0.328613 0.405469 0.32959 0.405078 0.330078 0.405078 0.331543 0.404687 0.332031 0.404687 0.333496 0.404297 0.333984 0.404297 0.335938 0.403906 0.336426 0.403906 0.413574 0.403516 0.414062 0.403516 0.422363 0.403906 0.422852 0.403906 0.444336 0.404297 0.444824 0.404297 0.445312 0.404687 0.445801 0.404687 0.44873 0.405078 0.449219 0.405078 0.450684 0.405469 0.451172 0.405469 0.453613 0.405859 0.454102 0.405859 0.458008 0.40625 0.458496 0.40625 0.462402 0.406641 0.462891 0.406641 0.465332 0.407031 0.46582 0.407031 0.467285 0.407422 0.467773 0.407422 0.469238 0.407813 0.469727 0.407813 0.47168 0.408203 0.472168 0.408203 0.473633 0.408594 0.474121 0.408594 0.474609 0.408984 0.475098 0.408984 0.478516 0.409375 0.479004 0.409375 0.480957 0.409766 0.481445 0.409766 0.484863 0.410156 0.485352 0.410156 0.486328 0.410547 0.486816 0.410547 0.489746 0.410938 0.490234 0.410938 0.491211 0.411328 0.491699 0.411328 0.493164 0.411719 0.493652 0.411719 0.494629 0.412109 0.495117 0.412109 0.496094 0.4125 0.496582 0.4125 0.499512 0.412891 0.5 0.412891 0.500488 0.413281 0.500977 0.413281 0.501465 0.413672 0.501953 0.413672 0.504395 0.414062 0.504883 0.414062 0.506836 0.414453 0.507324 0.414453 0.507812 0.414844 0.508301 0.414844 0.509766 0.415234 0.510254 0.415234 0.510742 0.415625 0.51123 0.415625 0.513672 0.416016 0.51416 0.416016 0.514648 0.416406 0.515137 0.416406 0.515625 0.416797 0.516113 0.416797 0.518066 0.417187 0.518555 0.417187 0.519043 0.417578 0.519531 0.417578 0.52002 0.417969 0.520508 0.417969 0.521973 0.418359 0.522461 0.418359 0.524902 0.41875 0.525391 0.41875 0.526855 0.419141 0.527344 0.419141 0.530273 0.419531 0.530762 0.419531 0.531738 0.419922 0.532227 0.419922 0.533691 0.420312 0.53418 0.420312 0.535156 0.420703 0.535645 0.420703 0.536621 0.421094 0.537109 0.421094 0.539551 0.421484 0.540039 0.421484 0.540527 0.421875 0.541016 0.421875 0.541504 0.422266 0.541992 0.422266 0.543457 0.422656 0.543945 0.422656 0.545898 0.423047 0.546387 0.423047 0.546875 0.424219 0.54834 0.424609 0.54834 0.425 0.548828 0.427344 0.548828 0.427734 0.54834 0.428125 0.54834 0.429297 0.546875 0.429297 0.546387 0.429688 0.545898 0.429688 0.540527 0.429297 0.540039 0.429297 0.539062 0.428906 0.538574 0.428906 0.538086 0.428516 0.537598 0.428516 0.536621 0.428125 0.536133 0.428125 0.53418 0.427734 0.533691 0.427734 0.532715 0.427344 0.532227 0.427344 0.53125 0.426953 0.530762 0.426953 0.529297 0.426563 0.528809 0.426563 0.527832 0.426172 0.527344 0.426172 0.524414 0.425781 0.523926 0.425781 0.522461 0.425391 0.521973 0.425391 0.519043 0.425 0.518555 0.425 0.518066 0.424609 0.517578 0.424609 0.516602 0.424219 0.516113 0.424219 0.515625 0.423828 0.515137 0.423828 0.513672 0.423438 0.513184 0.423438 0.512695 0.423047 0.512207 0.423047 0.511719 0.422656 0.51123 0.422656 0.509277 0.422266 0.508789 0.422266 0.507324 0.421875 0.506836 0.421875 0.505371 0.421484 0.504883 0.421484 0.504395 0.421094 0.503906 0.421094 0.501953 0.420703 0.501465 0.420703 0.5 0.420312 0.499512 0.420312 0.498535 0.419922 0.498047 0.419922 0.497559 0.419531 0.49707 0.419531 0.494629 0.419141 0.494141 0.419141 0.492188 0.41875 0.491699 0.41875 0.490723 0.418359 0.490234 0.418359 0.48877 0.417969 0.488281 0.417969 0.487793 0.417578 0.487305 0.417578 0.483887 0.417187 0.483398 0.417187 0.48291 0.416797 0.482422 0.416797 0.47998 0.416406 0.479492 0.416797 0.479004 0.416797 0.474121 0.416406 0.473633 0.416406 0.472168 0.416016 0.47168 0.416016 0.470703 0.415625 0.470215 0.415625 0.46875 0.415234 0.468262 0.415234 0.466797 0.414844 0.466309 0.414844 0.464844 0.414453 0.464355 0.414453 0.463867 0.414062 0.463379 0.414062 0.462402 0.413672 0.461914 0.413672 0.459961 0.413281 0.459473 0.413281 0.452148 0.412891 0.45166 0.412891 0.451172 0.4125 0.450684 0.4125 0.42041 0.412891 0.419922 0.412891 0.418457 0.413281 0.417969 0.413281 0.41748 0.413672 0.416992 0.413672 0.415039 0.414062 0.414551 0.414062 0.413086 0.414453 0.412598 0.414453 0.412109 0.414844 0.411621 0.414844 0.409668 0.415234 0.40918 0.415234 0.406738 0.415625 0.40625 0.415625 0.404785 0.416016 0.404297 0.416016 0.402832 0.416406 0.402344 0.416406 0.396973 0.416797 0.396484 0.416797 0.394043 0.417187 0.393555 0.417187 0.39209 0.417578 0.391602 0.417578 0.391113 0.417969 0.390625 0.417969 0.38623 0.418359 0.385742 0.418359 0.383301 0.41875 0.382812 0.41875 0.379883 0.419141 0.379395 0.419141 0.378906 0.419531 0.378418 0.419531 0.375977 0.419922 0.375488 0.419922 0.373535 0.420312 0.373047 0.420312 0.368652 0.420703 0.368164 0.420703 0.364746 0.421094 0.364258 0.421094 0.362305 0.421484 0.361816 0.421484 0.354492 0.421875 0.354004 0.421875 0.352051 0.422266 0.351562 0.422266 0.34668 0.422656 0.346191 0.422656 0.339844 0.423047 0.339355 0.423047 0.311523 0.422656 0.311035 0.422656 0.304688 0.422266 0.304199 0.422266 0.297852 0.421875 0.297363 0.421875 0.293945 0.421484 0.293457 0.421484 0.290039 0.421094 0.289551 0.421094 0.289062 0.420703 0.288574 0.420703 0.287598 0.420312 0.287109 0.420312 0.286621 0.419922 0.286133 0.419922 0.285645 0.41875 0.28418 0.418359 0.28418 0.417969 0.283691
1 0.304688 0.0600586 0.304297 0.0605469 0.303906 0.0605469 0.302734 0.0620117 0.302734 0.0625 0.302344 0.0629883 0.302344 0.0654297 0.301953 0.065918 0.301953 0.0664062 0.301563 0.0668945 0.301563 0.0683594 0.301172 0.0688477 0.301172 0.0693359 0.300781 0.0698242 0.300781 0.0712891 0.300391 0.0717773 0.300391 0.0722656 0.3 0.0727539 0.3 0.0737305 0.299609 0.0742188 0.299609 0.0966797 0.3 0.097168 0.3 0.0996094 0.300391 0.100098 0.300391 0.100586 0.300781 0.101074 0.300781 0.104492 0.301172 0.10498 0.301172 0.105469 0.301953 0.106445 0.301953 0.106934 0.302344 0.107422 0.302344 0.108398 0.302734 0.108887 0.302734 0.109375 0.303125 0.109863 0.303125 0.110352 0.303516 0.11084 0.303516 0.111328 0.303906 0.111816 0.303906 0.112305 0.304297 0.112793 0.304297 0.113281 0.305078 0.114258 0.305078 0.114746 0.305469 0.115234 0.305469 0.115723 0.30625 0.116699 0.30625 0.117188 0.306641 0.117676 0.306641 0.118164 0.307812 0.119629 0.307812 0.120117 0.308203 0.120605 0.308203 0.121582 0.308594 0.12207 0.308594 0.122559 0.309375 0.123535 0.309375 0.124023 0.309766 0.124512 0.309766 0.125 0.310156 0.125488 0.310156 0.125977 0.310547 0.126465 0.310547 0.126953 0.311328 0.12793 0.311328 0.129883 0.311719 0.130371 0.311719 0.130859 0.312109 0.131348 0.312109 0.132812 0.3125 0.133301 0.3125 0.133789 0.312891 0.134277 0.312891 0.135742 0.313281 0.13623 0.313281 0.137207 0.313672 0.137695 0.313672 0.138184 0.314453 0.13916 0.314453 0.140625 0.314844 0.141113 0.314844 0.141602 0.315234 0.14209 0.315234 0.143066 0.315625 0.143555 0.315625 0.14502 0.316016 0.145508 0.316016 0.148926 0.316406 0.149414 0.316406 0.153809 0.316797 0.154297 0.316797 0.154785 0.317188 0.155273 0.317188 0.160645 0.317578 0.161133 0.317578 0.163086 0.317969 0.163574 0.317969 0.173828 0.318359 0.174316 0.318359 0.226562 0.317969 0.227051 0.317969 0.231445 0.317578 0.231934 0.317578 0.23291 0.317188 0.233398 0.317188 0.235352 0.316797 0.23584 0.316797 0.237305 0.316406 0.237793 0.316406 0.242188 0.316016 0.242676 0.316016 0.247559 0.315625 0.248047 0.315625 0.248535 0.315234 0.249023 0.315234 0.254883 0.314844 0.255371 0.314844 0.256348 0.314453 0.256836 0.314453 0.259766 0.314063 0.260254 0.314063 0.263672 0.313672 0.26416 0.313672 0.264648 0.313281 0.265137 0.313281 0.266113 0.312891 0.266602 0.312891 0.269043 0.3125 0.269531 0.3125 0.270508 0.312109 0.270996 0.312109 0.275391 0.311719 0.275879 0.311719 0.276855 0.311328 0.277344 0.311328 0.277832 0.310937 0.27832 0.310937 0.28418 0.310547 0.284668 0.310547 0.289551 0.310156 0.290039 0.310156 0.294922 0.309766 0.29541 0.309766 0.295898 0.309375 0.296387 0.309375 0.304199 0.308984 0.304688 0.308984 0.305664 0.308594 0.306152 0.308594 0.308105 0.308203 0.308594 0.308203 0.309082 0.307812 0.30957 0.307812 0.311523 0.307422 0.312012 0.307422 0.3125 0.30625 0.313965 0.30625 0.314453 0.305469 0.31543 0.305469 0.315918 0.304688 0.316895 0.304688 0.317383 0.303906 0.318359 0.303516 0.318359 0.302344 0.319824 0.302344 0.320312 0.300391 0.322754 0.300391 0.323242 0.3 0.32373 0.3 0.324219 0.299609 0.324707 0.298438 0.324707 0.298047 0.325195 0.297656 0.325195 0.295312 0.328125 0.294922 0.328125 0.29375 0.32959 0.29375 0.330078 0.292578 0.331543 0.292578 0.332031 0.291797 0.333008 0.291797 0.333496 0.291016 0.334473 0.291016 0.334961 0.290625 0.335449 0.290625 0.336914 0.290234 0.337402 0.290234 0.337891 0.289844 0.338379 0.289844 0.339844 0.289453 0.340332 0.289453 0.34082 0.289062 0.341309 0.289062 0.341797 0.288672 0.342285 0.288672 0.343262 0.288281 0.34375 0.288281 0.344238 0.287891 0.344727 0.287891 0.34668 0.2875 0.347168 0.2875 0.347656 0.287109 0.348145 0.287109 0.349121 0.286719 0.349609 0.286719 0.350098 0.286328 0.350586 0.286328 0.351562 0.285938 0.352051 0.285938 0.352539 0.285547 0.353027 0.285547 0.35498 0.285156 0.355469 0.285156 0.355957 0.284766 0.356445 0.284766 0.35791 0.284375 0.358398 0.284375 0.359375 0.283984 0.359863 0.283984 0.361816 0.283594 0.362305 0.283594 0.36377 0.283203 0.364258 0.283203 0.364746 0.282813 0.365234 0.282813 0.366211 0.282422 0.366699 0.282422 0.367676 0.282031 0.368164 0.282031 0.370117 0.281641 0.370605 0.281641 0.371094 0.28125 0.371582 0.28125 0.37207 0.280859 0.372559 0.280859 0.373047 0.280469 0.373535 0.280469 0.375 0.280078 0.375488 0.280078 0.376953 0.279687 0.377441 0.279687 0.378906 0.279297 0.379395 0.279297 0.381836 0.278906 0.382324 0.278906 0.383789 0.278516 0.384277 0.278516 0.389648 0.278125 0.390137 0.278125 0.391602 0.277734 0.39209 0.277734 0.398926 0.277344 0.399414 0.277344 0.399902 0.276953 0.400391 0.276953 0.401855 0.276562 0.402344 0.276562 0.403809 0.276172 0.404297 0.276172 0.40625 0.275781 0.406738 0.275781 0.409668 0.275391 0.410156 0.275391 0.411621 0.275 0.412109 0.275 0.428711 0.275391 0.429199 0.275391 0.430664 0.275781 0.431152 0.275781 0.433594 0.276172 0.434082 0.276172 0.43457 0.276562 0.435059 0.276562 0.436523 0.276953 0.437012 0.276953 0.438477 0.277344 0.438965 0.277344 0.441895 0.277734 0.442383 0.277734 0.443848 0.278125 0.444336 0.278125 0.444824 0.278516 0.445312 0.278516 0.446289 0.278906 0.446777 0.278906 0.447754 0.279297 0.448242 0.279297 0.449707 0.279687 0.450195 0.279687 0.450684 0.280078 0.451172 0.280078 0.45166 0.280469 0.452148 0.280469 0.453613 0.280859 0.454102 0.280859 0.45459 0.28125 0.455078 0.28125 0.457031 0.281641 0.45752 0.281641 0.459961 0.282031 0.460449 0.282031 0.462891 0.282422 0.463379 0.282422 0.463867 0.282813 0.464355 0.282813 0.470703 0.282422 0.471191 0.282422 0.47168 0.282031 0.472168 0.282031 0.472656 0.281641 0.473145 0.281641 0.475098 0.28125 0.475586 0.28125 0.476074 0.280859 0.476562 0.280859 0.478027 0.280469 0.478516 0.280469 0.479492 0.280078 0.47998 0.280078 0.484863 0.280469 0.485352 0.280469 0.48584 0.281641 0.487305 0.282031 0.487305 0.282422 0.487793 0.284766 0.487793 0.285156 0.487305 0.285547 0.487305 0.286328 0.486328 0.2875 0.486328 0.287891 0.48584 0.288281 0.48584 0.289453 0.484375 0.289453 0.483887 0.294141 0.478027 0.294141 0.477539 0.297656 0.473145 0.298047 0.473145 0.298438 0.472656 0.298828 0.472656 0.299219 0.472168 0.299609 0.472168 0.300391 0.471191 0.301172 0.471191 0.301563 0.470703 0.301953 0.470703 0.302344 0.470215 0.303125 0.470215 0.303516 0.469727 0.304688 0.469727 0.305078 0.469238 0.305859 0.469238 0.30625 0.469727 0.305859 0.470215 0.305859 0.470703 0.305469 0.471191 0.305469 0.47168 0.305078 0.472168 0.305078 0.472656 0.304688 0.473145 0.304688 0.473633 0.303125 0.475586 0.302344 0.475586 0.301953 0.476074 0.301563 0.476074 0.300391 0.477539 0.300391 0.478027 0.298438 0.480469 0.298438 0.480957 0.298047 0.481445 0.298047 0.484375 0.297656 0.484863 0.297656 0.486816 0.297266 0.487305 0.297266 0.488281 0.296875 0.48877 0.296484 0.48877 0.296094 0.489258 0.295703 0.489258 0.294531 0.490723 0.294531 0.491211 0.294141 0.491699 0.294141 0.492676 0.29375 0.493164 0.29375 0.49707 0.293359 0.497559 0.293359 0.500488 0.29375 0.500977 0.29375 0.501465 0.298047 0.506836 0.298438 0.506836 0.298828 0.507324 0.305078 0.507324 0.305469 0.506836 0.305859 0.506836 0.30625 0.506348 0.306641 0.506348 0.307031 0.505859 0.307422 0.505859 0.310156 0.502441 0.310156 0.501953 0.310547 0.501465 0.310547 0.500977 0.310937 0.500488 0.310937 0.5 0.313281 0.49707 0.313281 0.496582 0.315234 0.494141 0.315625 0.494141 0.316406 0.493164 0.316797 0.493164 0.317188 0.492676 0.317578 0.492676 0.319141 0.490723 0.319531 0.490723 0.320312 0.489746 0.320703 0.489746 0.321875 0.488281 0.322266 0.488281 0.323437 0.486816 0.324219 0.487793 0.324609 0.487793 0.325 0.488281 0.325391 0.488281 0.325781 0.48877 0.326172 0.48877 0.326562 0.489258 0.328906 0.489258 0.329297 0.48877 0.329688 0.48877 0.330859 0.487305 0.330859 0.486816 0.33125 0.486328 0.33125 0.483398 0.330859 0.48291 0.330859 0.482422 0.329688 0.480957 0.329297 0.480957 0.328906 0.480469 0.328516 0.480469 0.328125 0.47998 0.327734 0.47998 0.327344 0.479492 0.328125 0.478516 0.328125 0.478027 0.328516 0.477539 0.328516 0.477051 0.328906 0.476562 0.328906 0.476074 0.329297 0.475586 0.329297 0.475098 0.331641 0.472168 0.331641 0.47168 0.332031 0.471191 0.332031 0.470703 0.333203 0.469238 0.333203 0.46875 0.333984 0.467773 0.333984 0.467285 0.334375 0.466797 0.334375 0.466309 0.335156 0.465332 0.335156 0.464844 0.336328 0.463379 0.336328 0.462891 0.336719 0.462402 0.336719 0.461914 0.337109 0.461426 0.337109 0.460938 0.338281 0.459473 0.338281 0.458984 0.339453 0.45752 0.339453 0.457031 0.339844 0.456543 0.339844 0.455566 0.340234 0.455078 0.340234 0.45459 0.340625 0.454102 0.340625 0.453613 0.341016 0.453125 0.341016 0.452637 0.341406 0.452148 0.341406 0.451172 0.341797 0.450684 0.341797 0.450195 0.342187 0.449707 0.342187 0.449219 0.342578 0.44873 0.342578 0.447754 0.342969 0.447266 0.342969 0.445801 0.343359 0.445312 0.343359 0.42334 0.342969 0.422852 0.342969 0.419922 0.342578 0.419434 0.342578 0.413574 0.342187 0.413086 0.342187 0.411621 0.341797 0.411133 0.341797 0.410156 0.341406 0.409668 0.341406 0.407227 0.341016 0.406738 0.341016 0.402832 0.340625 0.402344 0.340625 0.39502 0.340234 0.394531 0.340234 0.393066 0.339844 0.392578 0.339844 0.39209 0.339453 0.391602 0.339453 0.384277 0.339062 0.383789 0.339062 0.382812 0.338672 0.382324 0.338672 0.381348 0.338281 0.380859 0.338281 0.379883 0.337891 0.379395 0.337891 0.378906 0.337109 0.37793 0.337109 0.377441 0.336719 0.376953 0.336719 0.376465 0.336328 0.375977 0.336328 0.374023 0.335938 0.373535 0.335938 0.373047 0.335547 0.372559 0.335547 0.37207 0.335156 0.371582 0.335156 0.370117 0.334766 0.369629 0.334766 0.368652 0.334375 0.368164 0.334375 0.366699 0.333984 0.366211 0.333984 0.365234 0.333594 0.364746 0.333594 0.362793 0.333203 0.362305 0.333203 0.361816 0.332813 0.361328 0.332813 0.35791 0.332422 0.357422 0.332422 0.355957 0.332031 0.355469 0.332031 0.351562 0.331641 0.351074 0.331641 0.350098 0.33125 0.349609 0.33125 0.347656 0.330859 0.347168 0.330859 0.34668 0.330469 0.346191 0.330469 0.345703 0.330078 0.345215 0.330078 0.344238 0.329688 0.34375 0.329688 0.342773 0.329297 0.342285 0.329297 0.341797 0.328906 0.341309 0.328906 0.34082 0.328125 0.339844 0.328125 0.339355 0.327734 0.338867 0.327734 0.337402 0.327344 0.336914 0.327344 0.336426 0.326953 0.335938 0.326953 0.334473 0.326562 0.333984 0.326562 0.333008 0.326172 0.33252 0.326172 0.331055 0.325781 0.330566 0.325781 0.328613 0.325391 0.328125 0.325391 0.327637 0.325 0.327148 0.325 0.32666 0.324609 0.326172 0.324609 0.325684 0.324219 0.325195 0.324219 0.324707 0.323828 0.324219 0.323828 0.322754 0.323437 0.322266 0.323437 0.321777 0.323047 0.321289 0.323047 0.319824 0.322656 0.319336 0.322656 0.289551 0.323047 0.289062 0.323047 0.26709 0.323437 0.266602 0.323437 0.262695 0.323828 0.262207 0.323828 0.258789 0.324219 0.258301 0.324219 0.251953 0.324609 0.251465 0.324609 0.245117 0.325 0.244629 0.325 0.231445 0.325391 0.230957 0.325391 0.171875 0.325 0.171387 0.325 0.161621 0.324609 0.161133 0.324609 0.158691 0.324219 0.158203 0.324219 0.154297 0.323828 0.153809 0.323828 0.151855 0.323437 0.151367 0.323437 0.146484 0.323047 0.145996 0.323047 0.143555 0.322656 0.143066 0.322656 0.140137 0.322266 0.139648 0.322266 0.138672 0.321875 0.138184 0.321875 0.137695 0.321484 0.137207 0.321484 0.136719 0.321094 0.13623 0.321094 0.135254 0.320703 0.134766 0.320703 0.134277 0.319922 0.133301 0.319922 0.131836 0.319531 0.131348 0.319531 0.129883 0.319141 0.129395 0.319141 0.128418 0.31875 0.12793 0.31875 0.127441 0.318359 0.126953 0.318359 0.125 0.317969 0.124512 0.317969 0.124023 0.317578 0.123535 0.317578 0.123047 0.316797 0.12207 0.316797 0.121582 0.316406 0.121094 0.316406 0.120605 0.315625 0.119629 0.315625 0.119141 0.315234 0.118652 0.315234 0.118164 0.314844 0.117676 0.314844 0.117188 0.314453 0.116699 0.314453 0.116211 0.314063 0.115723 0.314063 0.115234 0.313672 0.114746 0.313672 0.114258 0.312891 0.113281 0.312891 0.112793 0.3125 0.112305 0.3125 0.111816 0.312109 0.111328 0.312109 0.11084 0.311328 0.109863 0.311328 0.109375 0.310937 0.108887 0.310937 0.108398 0.310547 0.10791 0.310547 0.107422 0.310156 0.106934 0.310156 0.106445 0.309766 0.105957 0.309766 0.105469 0.308984 0.104492 0.308984 0.104004 0.308594 0.103516 0.308594 0.102539 0.308203 0.102051 0.308203 0.101562 0.307812 0.101074 0.307812 0.0991211 0.307422 0.0986328 0.307422 0.0976562 0.307031 0.097168 0.307031 0.0947266 0.306641 0.0942383 0.306641 0.0776367 0.307031 0.0771484 0.307031 0.0756836 0.307422 0.0751953 0.307422 0.0737305 0.307812 0.0732422 0.307812 0.0727539 0.308203 0.0722656 0.308203 0.0717773 0.308594 0.0712891 0.308594 0.0698242 0.308984 0.0693359 0.308984 0.0688477 0.309375 0.0683594 0.309375 0.0629883 0.308984 0.0625 0.308984 0.0620117 0.307812 0.0605469 0.307422 0.0605469 0.307031 0.0600586
1 0.485938 0.568359 0.485547 0.568848 0.485156 0.568848 0.483984 0.570312 0.483984 0.570801 0.483594 0.571289 0.483594 0.574219 0.483984 0.574707 0.483984 0.575195 0.485156 0.57666 0.485547 0.57666 0.485938 0.577148 0.489063 0.577148 0.489453 0.57666 0.489844 0.57666 0.491016 0.575195 0.491016 0.574707 0.491406 0.574219 0.491406 0.571289 0.491016 0.570801 0.491016 0.570312 0.489844 0.568848 0.489453 0.568848 0.489063 0.568359
2 0.345703 0.26709 0.345313 0.267578 0.344922 0.267578 0.342969 0.27002 0.342969 0.270508 0.342578 0.270996 0.342578 0.271484 0.341797 0.272461 0.341797 0.272949 0.341406 0.273438 0.341406 0.273926 0.341016 0.274414 0.341016 0.274902 0.340234 0.275879 0.340234 0.276367 0.339844 0.276855 0.339844 0.277832 0.339453 0.27832 0.339453 0.278809 0.339062 0.279297 0.339062 0.279785 0.338672 0.280273 0.338672 0.280762 0.338281 0.28125 0.338281 0.282715 0.337891 0.283203 0.337891 0.285156 0.3375 0.285645 0.3375 0.287109 0.337109 0.287598 0.337109 0.289551 0.336719 0.290039 0.336719 0.291504 0.336328 0.291992 0.336328 0.307129 0.335938 0.307617 0.335938 0.310547 0.335547 0.311035 0.335547 0.312988 0.335156 0.313477 0.335156 0.324219 0.334766 0.324707 0.334766 0.331543 0.334375 0.332031 0.334375 0.33252 0.333984 0.333008 0.333984 0.336914 0.333594 0.337402 0.333594 0.338867 0.333203 0.339355 0.333203 0.339844 0.332813 0.340332 0.332813 0.342773 0.332422 0.343262 0.332422 0.344238 0.332031 0.344727 0.332031 0.346191 0.331641 0.34668 0.331641 0.347168 0.33125 0.347656 0.33125 0.348633 0.330859 0.349121 0.330859 0.349609 0.330469 0.350098 0.330469 0.351562 0.330078 0.352051 0.330078 0.352539 0.329688 0.353027 0.329688 0.353516 0.329297 0.354004 0.329297 0.35498 0.328906 0.355469 0.328906 0.355957 0.328125 0.356934 0.328125 0.357422 0.327734 0.35791 0.327734 0.358398 0.326953 0.359375 0.326953 0.359863 0.326562 0.360352 0.326562 0.361328 0.326172 0.361816 0.326172 0.362305 0.325781 0.362793 0.325781 0.36377 0.325391 0.364258 0.325391 0.365234 0.324609 0.366211 0.324609 0.366699 0.324219 0.367188 0.324219 0.368652 0.323828 0.369141 0.323828 0.370117 0.323437 0.370605 0.323437 0.371582 0.323047 0.37207 0.323047 0.372559 0.321484 0.374512 0.321484 0.375 0.321094 0.375488 0.321094 0.376465 0.320703 0.376953 0.320703 0.377441 0.320312 0.37793 0.320312 0.378906 0.319922 0.379395 0.319922 0.382812 0.320312 0.383301 0.320312 0.383789 0.321484 0.385254 0.321875 0.385254 0.322266 0.385742 0.325 0.385742 0.325391 0.385254 0.325781 0.385254 0.327344 0.383301 0.327344 0.382812 0.328125 0.381836 0.328125 0.380859 0.328516 0.380371 0.328516 0.379883 0.328906 0.379395 0.328906 0.378906 0.329297 0.378418 0.329297 0.37793 0.329688 0.377441 0.329688 0.376465 0.330859 0.375 0.330859 0.374023 0.33125 0.373535 0.33125 0.373047 0.331641 0.372559 0.331641 0.37207 0.332031 0.371582 0.332031 0.371094 0.332422 0.370605 0.332422 0.369629 0.332813 0.369141 0.332813 0.368652 0.333203 0.368164 0.333203 0.367676 0.333594 0.367188 0.333594 0.366699 0.333984 0.366211 0.333984 0.364746 0.334375 0.364258 0.334375 0.36377 0.334766 0.363281 0.334766 0.362793 0.335156 0.362305 0.335156 0.361816 0.335547 0.361328 0.335547 0.36084 0.336328 0.359863 0.336328 0.359375 0.336719 0.358887 0.336719 0.358398 0.337109 0.35791 0.337109 0.357422 0.3375 0.356934 0.3375 0.356445 0.337891 0.355957 0.337891 0.355469 0.338281 0.35498 0.338281 0.354492 0.338672 0.354004 0.338672 0.353027 0.339062 0.352539 0.339062 0.352051 0.339453 0.351562 0.339453 0.350586 0.339844 0.350098 0.339844 0.349121 0.340234 0.348633 0.340234 0.347656 0.340625 0.347168 0.340625 0.346191 0.341016 0.345703 0.341016 0.344238 0.341406 0.34375 0.341406 0.342773 0.341797 0.342285 0.341797 0.341309 0.342187 0.34082 0.342187 0.338867 0.342578 0.338379 0.342578 0.334473 0.342969 0.333984 0.342969 0.333496 0.343359 0.333008 0.343359 0.330078 0.34375 0.32959 0.34375 0.327637 0.344141 0.327148 0.344141 0.324219 0.344922 0.323242 0.344922 0.322266 0.345313 0.321777 0.345313 0.320312 0.345703 0.319824 0.345703 0.318848 0.346094 0.318359 0.346094 0.317871 0.346484 0.317383 0.346484 0.316406 0.346875 0.315918 0.346875 0.306152 0.346484 0.305664 0.346484 0.299805 0.346094 0.299316 0.346094 0.283691 0.346484 0.283203 0.346484 0.281738 0.346875 0.28125 0.346875 0.279785 0.347266 0.279297 0.347266 0.277832 0.347656 0.277344 0.347656 0.276855 0.348047 0.276367 0.348047 0.275879 0.348438 0.275391 0.348438 0.273926 0.348828 0.273438 0.348828 0.272949 0.349219 0.272461 0.349219 0.271973 0.35 0.270996 0.35 0.269043 0.348828 0.267578 0.348438 0.267578 0.348047 0.26709
2 0.325781 0.219727 0.325391 0.220215 0.317578 0.220215 0.317188 0.220703 0.316406 0.220703 0.316016 0.221191 0.312891 0.221191 0.3125 0.22168 0.312109 0.22168 0.311719 0.222168 0.310937 0.222168 0.310547 0.222656 0.310156 0.222656 0.308984 0.224121 0.308984 0.224609 0.308594 0.225098 0.308594 0.227051 0.308203 0.227539 0.308203 0.230469 0.308594 0.230957 0.308594 0.231445 0.309766 0.23291 0.310156 0.23291 0.310547 0.233398 0.331641 0.233398 0.332031 0.233887 0.332813 0.233887 0.333984 0.235352 0.334375 0.235352 0.334766 0.23584 0.335156 0.23584 0.336719 0.237793 0.337109 0.237793 0.337891 0.23877 0.338281 0.23877 0.338672 0.239258 0.338672 0.239746 0.339453 0.240723 0.339453 0.241211 0.340234 0.242188 0.340234 0.242676 0.341016 0.243652 0.341016 0.244141 0.342187 0.245605 0.342187 0.246094 0.342578 0.246582 0.342578 0.24707 0.342969 0.247559 0.342969 0.248047 0.344141 0.249512 0.344141 0.25 0.344531 0.250488 0.344531 0.250977 0.344922 0.251465 0.344922 0.251953 0.345313 0.252441 0.345313 0.253418 0.345703 0.253906 0.345703 0.254395 0.346094 0.254883 0.346094 0.255371 0.346484 0.255859 0.346484 0.256836 0.346875 0.257324 0.346875 0.257812 0.347266 0.258301 0.347266 0.260254 0.347656 0.260742 0.347656 0.262207 0.348047 0.262695 0.348047 0.26416 0.348438 0.264648 0.348438 0.265625 0.348828 0.266113 0.348828 0.266602 0.349219 0.26709 0.349219 0.267578 0.349609 0.268066 0.349609 0.268555 0.35 0.269043 0.35 0.269531 0.350391 0.27002 0.350391 0.270508 0.351562 0.271973 0.351562 0.272461 0.353125 0.274414 0.353125 0.274902 0.353516 0.275391 0.353516 0.275879 0.353906 0.276367 0.353906 0.276855 0.354297 0.277344 0.354297 0.277832 0.35625 0.280273 0.356641 0.280273 0.357422 0.28125 0.357812 0.28125 0.358594 0.282227 0.358984 0.282227 0.359375 0.282715 0.359766 0.282715 0.360156 0.283203 0.360547 0.283203 0.360938 0.283691 0.361719 0.283691 0.362891 0.285156 0.363281 0.285156 0.363672 0.285645 0.364063 0.285645 0.364453 0.286133 0.364844 0.286133 0.365234 0.286621 0.366406 0.286621 0.366797 0.287109 0.367188 0.287109 0.367578 0.287598 0.367969 0.287598 0.368359 0.288086 0.369141 0.288086 0.369531 0.288574 0.369922 0.288574 0.370312 0.289062 0.370703 0.289062 0.371094 0.289551 0.371484 0.289551 0.371875 0.290039 0.372656 0.290039 0.373047 0.290527 0.373437 0.290527 0.375391 0.292969 0.375781 0.292969 0.376953 0.294434 0.377344 0.294434 0.377734 0.294922 0.378125 0.294922 0.378516 0.29541 0.378906 0.29541 0.379297 0.295898 0.379688 0.295898 0.380078 0.296387 0.380859 0.296387 0.383203 0.299316 0.383203 0.299805 0.383984 0.300781 0.383984 0.30127 0.384375 0.301758 0.384375 0.302246 0.388281 0.307129 0.388281 0.307617 0.390625 0.310547 0.390625 0.312012 0.391016 0.3125 0.391016 0.312988 0.391797 0.313965 0.391797 0.314453 0.392578 0.31543 0.392578 0.315918 0.392969 0.316406 0.392969 0.316895 0.393359 0.317383 0.393359 0.317871 0.39375 0.318359 0.39375 0.318848 0.394141 0.319336 0.394141 0.319824 0.394531 0.320312 0.394531 0.320801 0.394922 0.321289 0.394922 0.321777 0.395313 0.322266 0.395313 0.323242 0.395703 0.32373 0.395703 0.324707 0.396094 0.325195 0.396094 0.327148 0.396484 0.327637 0.396484 0.328125 0.397266 0.329102 0.397266 0.32959 0.397656 0.330078 0.397656 0.331055 0.398047 0.331543 0.398047 0.332031 0.399609 0.333984 0.399609 0.334473 0.4 0.334961 0.4 0.335449 0.400781 0.336426 0.400781 0.336914 0.403516 0.340332 0.403516 0.34082 0.404297 0.341797 0.404297 0.342285 0.404687 0.342773 0.404687 0.343262 0.405078 0.34375 0.405078 0.344238 0.40625 0.345703 0.406641 0.345703 0.407031 0.346191 0.410547 0.346191 0.410938 0.345703 0.411328 0.345703 0.4125 0.344238 0.4125 0.34375 0.412891 0.343262 0.412891 0.340332 0.4125 0.339844 0.4125 0.339355 0.412109 0.338867 0.412109 0.336426 0.411719 0.335938 0.411719 0.331055 0.411328 0.330566 0.411328 0.32959 0.410938 0.329102 0.410938 0.327148 0.410547 0.32666 0.410547 0.326172 0.410156 0.325684 0.410156 0.325195 0.409766 0.324707 0.409766 0.324219 0.408984 0.323242 0.408984 0.322754 0.408594 0.322266 0.408594 0.321777 0.408203 0.321289 0.408203 0.320801 0.407813 0.320312 0.407813 0.319824 0.407422 0.319336 0.407422 0.318359 0.407031 0.317871 0.407031 0.316406 0.406641 0.315918 0.406641 0.314941 0.40625 0.314453 0.40625 0.312988 0.405859 0.3125 0.405859 0.311523 0.405469 0.311035 0.405469 0.310547 0.404687 0.30957 0.404687 0.309082 0.404297 0.308594 0.404297 0.308105 0.403906 0.307617 0.403906 0.307129 0.403125 0.306152 0.403125 0.305664 0.401953 0.304199 0.401953 0.303711 0.401562 0.303223 0.401562 0.302734 0.401172 0.302246 0.401172 0.301758 0.400781 0.30127 0.400781 0.300781 0.400391 0.300293 0.400391 0.299805 0.399609 0.298828 0.399609 0.29834 0.399219 0.297852 0.399219 0.297363 0.396875 0.294434 0.396875 0.293945 0.396484 0.293457 0.396484 0.292969 0.393359 0.289062 0.392969 0.289062 0.389844 0.285156 0.389453 0.285156 0.389062 0.284668 0.388672 0.284668 0.388281 0.28418 0.3875 0.28418 0.387109 0.283691 0.386719 0.283691 0.386328 0.283203 0.385937 0.283203 0.385547 0.282715 0.384766 0.282715 0.384375 0.282227 0.383594 0.282227 0.383203 0.281738 0.382812 0.281738 0.382422 0.28125 0.380078 0.28125 0.379688 0.280762 0.378906 0.280762 0.378516 0.280273 0.378125 0.280273 0.377734 0.279785 0.377344 0.279785 0.376953 0.279297 0.375391 0.279297 0.375 0.278809 0.374219 0.278809 0.373828 0.27832 0.373437 0.27832 0.372656 0.277344 0.372266 0.277344 0.371094 0.275879 0.370703 0.275879 0.370312 0.275391 0.369922 0.275391 0.369531 0.274902 0.369141 0.274902 0.36875 0.274414 0.367578 0.274414 0.366797 0.273438 0.366406 0.273438 0.366016 0.272949 0.364844 0.272949 0.364453 0.272461 0.364453 0.271973 0.363281 0.270508 0.363281 0.27002 0.3625 0.269043 0.3625 0.268555 0.362109 0.268066 0.362109 0.267578 0.361328 0.266602 0.361328 0.266113 0.360547 0.265137 0.360547 0.264648 0.360156 0.26416 0.360156 0.263672 0.359375 0.262695 0.359375 0.261719 0.358984 0.26123 0.358984 0.260742 0.358594 0.260254 0.358594 0.259766 0.358203 0.259277 0.358203 0.258301 0.357812 0.257812 0.357812 0.256348 0.357422 0.255859 0.357422 0.254883 0.357031 0.254395 0.357031 0.253906 0.356641 0.253418 0.356641 0.25293 0.35625 0.252441 0.35625 0.251465 0.355859 0.250977 0.355859 0.250488 0.355469 0.25 0.355469 0.248535 0.355078 0.248047 0.355078 0.247559 0.353125 0.245117 0.353125 0.244629 0.351562 0.242676 0.351562 0.242188 0.348828 0.23877 0.348828 0.238281 0.346094 0.234863 0.346094 0.234375 0.345703 0.233887 0.345703 0.233398 0.342969 0.22998 0.342969 0.229492 0.342578 0.229004 0.342578 0.228516 0.342187 0.228027 0.342187 0.227539 0.341016 0.226074 0.341016 0.225586 0.338281 0.222168 0.337891 0.222168 0.337109 0.221191 0.336719 0.221191 0.336328 0.220703 0.335938 0.220703 0.335547 0.220215 0.333594 0.220215 0.333203 0.219727
