1 0.144141 0.512695 0.14375 0.512695 0.142969 0.511719 0.142187 0.511719 0.141797 0.51123 0.140234 0.51123 0.139844 0.510742 0.137109 0.510742 0.136719 0.51123 0.134766 0.51123 0.134375 0.511719 0.133594 0.511719 0.132812 0.512695 0.132422 0.512695 0.132031 0.513184 0.131641 0.513184 0.130859 0.51416 0.130469 0.51416 0.129297 0.515625 0.128906 0.515625 0.128125 0.516602 0.127734 0.516602 0.127344 0.51709 0.126953 0.51709 0.126562 0.517578 0.126562 0.518066 0.125391 0.519531 0.125391 0.52002 0.123828 0.521973 0.123828 0.522461 0.123438 0.522949 0.123047 0.522949 0.121484 0.524902 0.121484 0.525391 0.120703 0.526367 0.120703 0.526855 0.119922 0.527832 0.119531 0.527832 0.11875 0.528809 0.11875 0.529297 0.118359 0.529785 0.118359 0.530273 0.117969 0.530762 0.117969 0.53125 0.117188 0.532227 0.117188 0.532715 0.111328 0.540039 0.111328 0.540527 0.110937 0.541016 0.110937 0.541504 0.110547 0.541992 0.110547 0.542969 0.110156 0.543457 0.110156 0.544434 0.109766 0.544922 0.109766 0.546387 0.109375 0.546875 0.109375 0.547363 0.108984 0.547852 0.108984 0.549805 0.108594 0.550293 0.108594 0.552734 0.105469 0.556641 0.105469 0.557617 0.105078 0.558105 0.105078 0.559082 0.103906 0.560547 0.103906 0.561035 0.102734 0.5625 0.102734 0.562988 0.101953 0.563965 0.101953 0.567383 0.102344 0.567871 0.102344 0.568848 0.105469 0.572754 0.105859 0.572754 0.10625 0.573242 0.106641 0.573242 0.107031 0.57373 0.107422 0.57373 0.107813 0.574219 0.108594 0.574219 0.108984 0.574707 0.109375 0.574707 0.109766 0.575195 0.110156 0.575195 0.110547 0.575684 0.110937 0.575684 0.111328 0.576172 0.116016 0.576172 0.116406 0.57666 0.120703 0.57666 0.121094 0.576172 0.123047 0.576172 0.123438 0.575684 0.126562 0.575684 0.126953 0.575195 0.127734 0.575195 0.128125 0.574707 0.128906 0.574707 0.129297 0.574219 0.130078 0.574219 0.130469 0.57373 0.13125 0.57373 0.131641 0.573242 0.132031 0.573242 0.132422 0.572754 0.132812 0.572754 0.133984 0.571289 0.134375 0.571289 0.135156 0.570312 0.135547 0.570312 0.137891 0.567383 0.138281 0.567383 0.141797 0.562988 0.142187 0.562988 0.14375 0.561035 0.14375 0.560547 0.144141 0.560059 0.144141 0.55957 0.144922 0.558594 0.144922 0.558105 0.146094 0.556641 0.146094 0.556152 0.146484 0.555664 0.146484 0.555176 0.146875 0.554688 0.146875 0.554199 0.147656 0.553223 0.147656 0.552734 0.148047 0.552246 0.148047 0.550781 0.148438 0.550293 0.148438 0.549316 0.148828 0.548828 0.148828 0.547363 0.149219 0.546875 0.149219 0.54541 0.149609 0.544922 0.149609 0.543457 0.15 0.542969 0.15 0.541016 0.150391 0.540527 0.150391 0.539551 0.150781 0.539062 0.150781 0.534668 0.150391 0.53418 0.150391 0.532227 0.150781 0.531738 0.150781 0.530762 0.151172 0.530273 0.151172 0.529297 0.150781 0.528809 0.150781 0.52832 0.149219 0.526367 0.149219 0.525879 0.148828 0.525391 0.148828 0.524414 0.148438 0.523926 0.148438 0.522461 0.148047 0.521973 0.148047 0.521484 0.147656 0.520996 0.147656 0.520508 0.147266 0.52002 0.147266 0.519531 0.146094 0.518066 0.146094 0.517578 0.145313 0.516602 0.145313 0.515137 0.144922 0.514648 0.144922 0.51416 0.144531 0.513672 0.144531 0.513184
1 0.0726563 0.552246 0.0707031 0.552246 0.0703125 0.551758 0.0640625 0.551758 0.0636719 0.552246 0.0632812 0.552246 0.0628906 0.552734 0.0625 0.552734 0.0621094 0.553223 0.0617188 0.553223 0.0613281 0.553711 0.0605469 0.553711 0.0601563 0.554199 0.059375 0.554199 0.0589844 0.554688 0.0582031 0.554688 0.0578125 0.555176 0.0566406 0.555176 0.05625 0.555664 0.0558594 0.555664 0.0546875 0.557129 0.0542969 0.557129 0.053125 0.558594 0.0527344 0.558594 0.0519531 0.55957 0.0511719 0.55957 0.0507812 0.560059 0.05 0.560059 0.0496094 0.560547 0.0488281 0.560547 0.0484375 0.561035 0.0480469 0.561035 0.0472656 0.562012 0.046875 0.562012 0.0464844 0.5625 0.0457031 0.5625 0.0453125 0.562988 0.0449219 0.562988 0.0445313 0.563477 0.04375 0.563477 0.0429688 0.564453 0.0425781 0.564453 0.0417969 0.56543 0.0414062 0.56543 0.040625 0.566406 0.0402344 0.566406 0.0382813 0.568848 0.0378906 0.568848 0.0375 0.569336 0.0371094 0.569336 0.0367188 0.569824 0.0335937 0.569824 0.0332031 0.570312 0.0304687 0.570312 0.0300781 0.570801 0.0277344 0.570801 0.0273438 0.571289 0.025 0.571289 0.0246094 0.571777 0.0234375 0.571777 0.0230469 0.572266 0.0226562 0.572266 0.0222656 0.572754 0.0222656 0.57373 0.0226562 0.574219 0.0226562 0.575684 0.0230469 0.576172 0.0230469 0.57666 0.0234375 0.577148 0.0238281 0.577148 0.0242188 0.577637 0.0246094 0.577637 0.025 0.578125 0.0253906 0.578125 0.0257812 0.578613 0.0261719 0.578613 0.0269531 0.57959 0.0269531 0.580078 0.0292969 0.583008 0.0296875 0.583008 0.0304687 0.583984 0.0304687 0.584473 0.0308594 0.584961 0.03125 0.584961 0.0320312 0.585938 0.0324219 0.585938 0.0328125 0.586426 0.0332031 0.586426 0.0335937 0.586914 0.0339844 0.586914 0.0347656 0.587891 0.0347656 0.588867 0.0351562 0.589355 0.0351562 0.591797 0.0355469 0.592285 0.0355469 0.592773 0.0359375 0.593262 0.0359375 0.594727 0.0363281 0.595215 0.0363281 0.596191 0.0386719 0.599121 0.0386719 0.599609 0.0398437 0.601074 0.0402344 0.601074 0.0410156 0.602051 0.0414062 0.602051 0.0441406 0.605469 0.0445313 0.605469 0.0449219 0.605957 0.0453125 0.605957 0.0457031 0.606445 0.0464844 0.606445 0.046875 0.606934 0.0472656 0.606934 0.0476562 0.607422 0.0484375 0.607422 0.0488281 0.60791 0.0492187 0.60791 0.0496094 0.608398 0.05 0.608398 0.0507812 0.609375 0.0511719 0.609375 0.0519531 0.610352 0.0523438 0.610352 0.0527344 0.61084 0.053125 0.61084 0.0535156 0.611328 0.0546875 0.611328 0.0550781 0.611816 0.05625 0.611816 0.0566406 0.612305 0.0710937 0.612305 0.0714844 0.611816 0.0730469 0.611816 0.0734375 0.611328 0.0742188 0.611328 0.0746094 0.61084 0.0753906 0.61084 0.0757812 0.610352 0.0761719 0.610352 0.0765625 0.609863 0.0769531 0.609863 0.0773438 0.609375 0.0777344 0.609375 0.078125 0.608887 0.0789062 0.608887 0.0792969 0.608398 0.0800781 0.608398 0.0804688 0.60791 0.0808594 0.60791 0.0847656 0.603027 0.0847656 0.602539 0.0855469 0.601562 0.0855469 0.601074 0.0863281 0.600098 0.0863281 0.599609 0.0867187 0.599121 0.0867187 0.598145 0.0871094 0.597656 0.0871094 0.59668 0.0875 0.596191 0.0875 0.591309 0.0871094 0.59082 0.0871094 0.589355 0.0867187 0.588867 0.0867187 0.586914 0.0863281 0.586426 0.0863281 0.583984 0.0859375 0.583496 0.0859375 0.58252 0.0855469 0.582031 0.0855469 0.581055 0.0851563 0.580566 0.0851563 0.578613 0.0847656 0.578125 0.0847656 0.575684 0.084375 0.575195 0.084375 0.574707 0.0839844 0.574219 0.0839844 0.573242 0.0835937 0.572754 0.0835937 0.572266 0.0832031 0.571777 0.0832031 0.570801 0.0828125 0.570312 0.0828125 0.568848 0.0824219 0.568359 0.0824219 0.567383 0.0820312 0.566895 0.0820312 0.566406 0.0816406 0.565918 0.0816406 0.56543 0.08125 0.564941 0.08125 0.563965 0.0808594 0.563477 0.0808594 0.562988 0.0804688 0.5625 0.0804688 0.562012 0.0800781 0.561523 0.0800781 0.561035 0.0796875 0.560547 0.0796875 0.560059 0.078125 0.558105 0.078125 0.557617 0.0773438 0.556641 0.0773438 0.556152 0.0757812 0.554199 0.0753906 0.554199 0.075 0.553711 0.0746094 0.553711 0.0742188 0.553223 0.0738281 0.553223 0.0734375 0.552734 0.0730469 0.552734
1 0.582422 0.471191 0.582422 0.472168 0.582031 0.472656 0.582031 0.473145 0.581641 0.473633 0.581641 0.474609 0.58125 0.475098 0.58125 0.476074 0.580859 0.476562 0.580859 0.477539 0.580469 0.478027 0.580469 0.479004 0.580078 0.479492 0.580078 0.480957 0.579688 0.481445 0.579688 0.483398 0.579297 0.483887 0.579297 0.486816 0.578906 0.487305 0.578906 0.489746 0.578516 0.490234 0.578516 0.491699 0.578125 0.492188 0.578125 0.493652 0.577734 0.494141 0.577734 0.495605 0.577344 0.496094 0.577344 0.498047 0.576953 0.498535 0.576953 0.499023 0.576562 0.499512 0.576562 0.5 0.576172 0.500488 0.576172 0.500977 0.575781 0.501465 0.575781 0.504395 0.576172 0.504883 0.576172 0.505859 0.577734 0.507812 0.578125 0.507812 0.578906 0.508789 0.579297 0.508789 0.579688 0.509277 0.580078 0.509277 0.580859 0.510254 0.58125 0.510254 0.582031 0.51123 0.582422 0.51123 0.583203 0.512207 0.583594 0.512207 0.584375 0.513184 0.584766 0.513184 0.588281 0.517578 0.588672 0.517578 0.589844 0.519043 0.590234 0.519043 0.591016 0.52002 0.591406 0.52002 0.592187 0.520996 0.592578 0.520996 0.592969 0.521484 0.593359 0.521484 0.594141 0.522461 0.594531 0.522461 0.594922 0.522949 0.595313 0.522949 0.595703 0.523438 0.596484 0.523438 0.596875 0.523926 0.597266 0.523926 0.597656 0.524414 0.598047 0.524414 0.598828 0.525391 0.599609 0.525391 0.6 0.525879 0.600781 0.525879 0.601172 0.526367 0.602344 0.526367 0.602734 0.526855 0.603516 0.526855 0.603906 0.527344 0.605469 0.527344 0.605859 0.527832 0.607422 0.527832 0.607812 0.52832 0.608984 0.52832 0.609375 0.528809 0.610156 0.528809 0.610547 0.529297 0.611719 0.529297 0.612109 0.529785 0.614062 0.529785 0.614453 0.530273 0.617578 0.530273 0.617969 0.530762 0.624609 0.530762 0.625 0.530273 0.626563 0.530273 0.626953 0.529785 0.628125 0.529785 0.628516 0.529297 0.629297 0.529297 0.629687 0.528809 0.630469 0.528809 0.63125 0.527832 0.631641 0.527832 0.635156 0.523438 0.635547 0.523438 0.635938 0.522949 0.636328 0.522949 0.637109 0.521973 0.6375 0.521973 0.637891 0.521484 0.638281 0.521484 0.638672 0.520996 0.639062 0.520996 0.639453 0.520508 0.640234 0.520508 0.640625 0.52002 0.641406 0.52002 0.641797 0.519531 0.642969 0.519531 0.643359 0.519043 0.644531 0.519043 0.644922 0.518555 0.646094 0.518555 0.646484 0.518066 0.646875 0.518066 0.647266 0.517578 0.647656 0.517578 0.648047 0.51709 0.648047 0.516602 0.648438 0.516113 0.648438 0.515625 0.648828 0.515137 0.648828 0.513184 0.648438 0.512695 0.648438 0.512207 0.647656 0.51123 0.647656 0.510742 0.646094 0.508789 0.645703 0.508789 0.641406 0.503418 0.641406 0.50293 0.641016 0.502441 0.641016 0.501953 0.640234 0.500977 0.640234 0.500488 0.638281 0.498047 0.638281 0.497559 0.637891 0.497559 0.634766 0.493652 0.634375 0.493652 0.633594 0.492676 0.633203 0.492676 0.632422 0.491699 0.632031 0.491699 0.63125 0.490723 0.630859 0.490723 0.630469 0.490234 0.630078 0.490234 0.629687 0.489746 0.629297 0.489746 0.628906 0.489258 0.628516 0.489258 0.628125 0.48877 0.627734 0.48877 0.627344 0.488281 0.626563 0.488281 0.624219 0.485352 0.623828 0.485352 0.623437 0.484863 0.622266 0.484863 0.621875 0.484375 0.61875 0.484375 0.618359 0.483887 0.617969 0.483887 0.617578 0.483398 0.617188 0.483398 0.616406 0.482422 0.616016 0.482422 0.614453 0.480469 0.614062 0.480469 0.612109 0.478027 0.611719 0.478027 0.611328 0.477539 0.610938 0.477539 0.609766 0.476074 0.609375 0.476074 0.608203 0.474609 0.608203 0.474121 0.607812 0.473633 0.607422 0.473633 0.606641 0.472656 0.605469 0.472656 0.605078 0.472168 0.604297 0.472168 0.603906 0.47168 0.602734 0.47168 0.602344 0.471191 0.601562 0.471191 0.601172 0.470703 0.599609 0.470703 0.599219 0.470215 0.595703 0.470215 0.595313 0.469727 0.583984 0.469727 0.583594 0.470215 0.583203 0.470215
1 0.132031 0.257324 0.13125 0.256348 0.130859 0.256348 0.130469 0.255859 0.129297 0.255859 0.128906 0.255371 0.125781 0.255371 0.125391 0.255859 0.124609 0.255859 0.124219 0.256348 0.123047 0.256348 0.122656 0.256836 0.121094 0.256836 0.120703 0.257324 0.11875 0.257324 0.118359 0.257812 0.117578 0.257812 0.117188 0.258301 0.116797 0.258301 0.116406 0.258789 0.115625 0.258789 0.115234 0.259277 0.112891 0.259277 0.1125 0.259766 0.110937 0.259766 0.110547 0.260254 0.109766 0.260254 0.109375 0.260742 0.108594 0.260742 0.108203 0.26123 0.107813 0.26123 0.107422 0.261719 0.10625 0.261719 0.105859 0.262207 0.104688 0.262207 0.104297 0.262695 0.103125 0.262695 0.102734 0.263184 0.101953 0.263184 0.101562 0.263672 0.101172 0.263672 0.100781 0.26416 0.100391 0.26416 0.0976562 0.267578 0.0972656 0.267578 0.0953125 0.27002 0.0953125 0.270508 0.0949219 0.270996 0.0949219 0.271973 0.0945312 0.272461 0.0945312 0.272949 0.0941406 0.273438 0.0941406 0.273926 0.09375 0.274414 0.09375 0.274902 0.0933594 0.275391 0.0933594 0.275879 0.0929688 0.276367 0.0929688 0.276855 0.0925781 0.277344 0.0925781 0.277832 0.0917969 0.278809 0.0914062 0.278809 0.090625 0.279785 0.0902344 0.279785 0.0894531 0.280762 0.0890625 0.280762 0.0886719 0.28125 0.0882813 0.28125 0.0878906 0.281738 0.0875 0.281738 0.0871094 0.282227 0.0863281 0.282227 0.0859375 0.282715 0.084375 0.282715 0.0839844 0.283203 0.0835937 0.283203 0.0824219 0.284668 0.0824219 0.285156 0.08125 0.286621 0.08125 0.290527 0.0816406 0.291016 0.0816406 0.291504 0.0820312 0.291992 0.0820312 0.29248 0.0839844 0.294922 0.0839844 0.29541 0.084375 0.295898 0.0839844 0.296387 0.0839844 0.29834 0.084375 0.298828 0.084375 0.299316 0.0851563 0.299316 0.0855469 0.299805 0.0859375 0.299805 0.0867187 0.300781 0.0871094 0.300781 0.0882813 0.302246 0.0910156 0.302246 0.0914062 0.302734 0.0925781 0.302734 0.0929688 0.303223 0.0933594 0.303223 0.09375 0.303711 0.0976562 0.303711 0.0980469 0.303223 0.0988281 0.303223 0.0992187 0.302734 0.1 0.302734 0.100391 0.302246 0.101172 0.302246 0.101562 0.301758 0.103125 0.301758 0.103516 0.30127 0.103906 0.30127 0.104688 0.300293 0.105078 0.300293 0.105469 0.299805 0.105859 0.299805 0.10625 0.299316 0.106641 0.299316 0.107422 0.29834 0.107422 0.297852 0.107813 0.297363 0.107813 0.296875 0.108203 0.296387 0.108203 0.29541 0.108594 0.294922 0.108594 0.293945 0.108984 0.293457 0.108984 0.292969 0.109375 0.29248 0.109375 0.291504 0.109766 0.291016 0.109766 0.290527 0.110156 0.290039 0.110156 0.289551 0.110547 0.289062 0.110547 0.288574 0.111328 0.287598 0.111328 0.287109 0.112891 0.285156 0.112891 0.284668 0.114453 0.282715 0.114844 0.282715 0.116016 0.28125 0.116406 0.28125 0.117188 0.280273 0.117578 0.280273 0.118359 0.279297 0.11875 0.279297 0.119141 0.278809 0.119531 0.278809 0.119922 0.27832 0.120703 0.27832 0.121094 0.277832 0.121875 0.277832 0.122266 0.277344 0.122656 0.277344 0.123047 0.276855 0.123438 0.276855 0.123828 0.276367 0.124219 0.276367 0.125 0.275391 0.125391 0.275391 0.126562 0.273926 0.126953 0.273926 0.128516 0.271973 0.128516 0.271484 0.130859 0.268555 0.130859 0.268066 0.13125 0.267578 0.13125 0.26709 0.131641 0.266602 0.131641 0.266113 0.132031 0.265625 0.132031 0.265137 0.132422 0.264648 0.132422 0.263184 0.132812 0.262695 0.132812 0.259277 0.132422 0.258789 0.132422 0.258301 0.132031 0.257812
1 0.276953 0 0.276953 0.000976562 0.276172 0.00195312 0.275391 0.00195312 0.275 0.00244141 0.274609 0.00244141 0.274219 0.00292969 0.273828 0.00292969 0.273438 0.00341797 0.273047 0.00341797 0.271875 0.00488281 0.271875 0.00537109 0.271094 0.00634766 0.271094 0.00683594 0.270703 0.00732422 0.270703 0.0078125 0.270313 0.00830078 0.270313 0.0102539 0.269922 0.0107422 0.269922 0.0146484 0.270313 0.0151367 0.270313 0.0170898 0.270703 0.0175781 0.270703 0.0185547 0.271094 0.019043 0.271094 0.0200195 0.271484 0.0205078 0.271484 0.0224609 0.271094 0.0229492 0.271094 0.0244141 0.270703 0.0249023 0.270703 0.0253906 0.271094 0.0258789 0.271094 0.0268555 0.271484 0.0273438 0.271484 0.0283203 0.271875 0.0288086 0.271875 0.0302734 0.271484 0.0307617 0.271484 0.03125 0.271094 0.0317383 0.271094 0.0341797 0.271875 0.0351562 0.271875 0.0356445 0.272266 0.0361328 0.272266 0.0366211 0.272656 0.0371094 0.272656 0.0380859 0.273047 0.0385742 0.273047 0.0395508 0.273438 0.0400391 0.273438 0.0405273 0.273828 0.0410156 0.273828 0.0415039 0.274219 0.0419922 0.274219 0.043457 0.274609 0.0439453 0.274609 0.0454102 0.275 0.0458984 0.275 0.0463867 0.277734 0.0498047 0.277734 0.050293 0.278125 0.0507812 0.278125 0.0512695 0.278906 0.0522461 0.278906 0.0527344 0.279297 0.0532227 0.279297 0.0537109 0.279687 0.0541992 0.279687 0.0546875 0.28125 0.0566406 0.281641 0.0566406 0.282422 0.0576172 0.282813 0.0576172 0.283203 0.0581055 0.2875 0.0581055 0.287891 0.0576172 0.288281 0.0576172 0.288672 0.0571289 0.289062 0.0571289 0.289844 0.0561523 0.290234 0.0561523 0.290625 0.0556641 0.291016 0.0556641 0.291406 0.0551758 0.291797 0.0551758 0.292578 0.0541992 0.292969 0.0541992 0.29375 0.0532227 0.294141 0.0532227 0.296094 0.0507812 0.296484 0.0507812 0.297266 0.0498047 0.297656 0.0498047 0.298047 0.0493164 0.298438 0.0493164 0.300391 0.046875 0.300391 0.0463867 0.301953 0.0444336 0.302344 0.0444336 0.303125 0.043457 0.303516 0.043457 0.303906 0.0429688 0.303906 0.0424805 0.305078 0.0410156 0.305078 0.0400391 0.305469 0.0395508 0.305469 0.0385742 0.305859 0.0380859 0.305859 0.0375977 0.30625 0.0371094 0.30625 0.0366211 0.306641 0.0361328 0.306641 0.0356445 0.307031 0.0351562 0.307031 0.034668 0.307422 0.0341797 0.307422 0.0332031 0.307812 0.0327148 0.307812 0.0292969 0.308203 0.0288086 0.308203 0.0283203 0.310156 0.0258789 0.310156 0.0253906 0.310547 0.0249023 0.310547 0.0244141 0.310937 0.0239258 0.310937 0.0234375 0.311328 0.0229492 0.311328 0.0219727 0.311719 0.0214844 0.311719 0.019043 0.312109 0.0185547 0.312109 0.0175781 0.3125 0.0170898 0.3125 0.0161133 0.312891 0.015625 0.312891 0.012207 0.3125 0.0117188 0.3125 0.0107422 0.312109 0.0102539 0.312109 0.00976562 0.311719 0.00927734 0.311719 0.00878906 0.311328 0.00830078 0.310937 0.00830078 0.310547 0.0078125 0.310156 0.0078125 0.309766 0.00732422 0.309375 0.00732422 0.308984 0.00683594 0.308594 0.00683594 0.308203 0.00634766 0.307812 0.00634766 0.307422 0.00585938 0.307031 0.00585938 0.306641 0.00537109 0.305859 0.00537109 0.305469 0.00488281 0.305078 0.00488281 0.304688 0.00439453 0.303906 0.00439453 0.303516 0.00390625 0.302734 0.00390625 0.302344 0.00341797 0.295312 0.00341797 0.294922 0.00390625 0.293359 0.00390625 0.292969 0.00439453 0.291016 0.00439453 0.290625 0.00390625 0.289844 0.00390625 0.289453 0.00341797 0.288672 0.00341797 0.288281 0.00292969 0.2875 0.00292969 0.287109 0.00244141 0.282813 0.00244141 0.282422 0.00195312 0.282031 0.00195312 0.281641 0.00146484 0.28125 0.00146484 0.280859 0.000976562 0.280859 0
1 0.7 0.0839844 0.7 0.0864258 0.700391 0.0869141 0.700391 0.0883789 0.700781 0.0888672 0.700781 0.0893555 0.701562 0.090332 0.701562 0.0908203 0.707031 0.0976562 0.707031 0.0981445 0.707812 0.0991211 0.707812 0.0996094 0.708203 0.100098 0.708203 0.100586 0.708984 0.101562 0.708984 0.102051 0.709375 0.102539 0.709375 0.103027 0.710156 0.104004 0.710156 0.104492 0.711328 0.105957 0.711328 0.106445 0.711719 0.106934 0.711719 0.107422 0.712109 0.10791 0.712109 0.108887 0.7125 0.109375 0.7125 0.109863 0.712891 0.110352 0.712891 0.111328 0.714063 0.112793 0.714063 0.113281 0.715234 0.114746 0.715234 0.115234 0.716016 0.116211 0.716016 0.116699 0.716406 0.117188 0.716406 0.117676 0.717187 0.118652 0.717187 0.119141 0.719531 0.12207 0.719531 0.122559 0.719922 0.123047 0.720313 0.123047 0.720703 0.123535 0.721094 0.123535 0.721484 0.124023 0.722656 0.124023 0.723047 0.124512 0.728125 0.124512 0.728516 0.124023 0.730469 0.124023 0.730859 0.123535 0.732031 0.123535 0.732422 0.123047 0.732812 0.123047 0.733203 0.122559 0.733984 0.122559 0.734375 0.12207 0.734766 0.12207 0.735156 0.121582 0.735938 0.121582 0.736328 0.121094 0.737109 0.121094 0.7375 0.120605 0.738281 0.120605 0.738672 0.120117 0.739453 0.120117 0.739844 0.119629 0.740625 0.119629 0.741406 0.118652 0.741797 0.118652 0.742578 0.117676 0.742969 0.117676 0.74375 0.116699 0.744141 0.116699 0.744531 0.116211 0.744922 0.116211 0.745313 0.115723 0.745703 0.115723 0.746875 0.114258 0.747266 0.114258 0.748828 0.112305 0.748828 0.111816 0.749219 0.111328 0.749219 0.11084 0.749609 0.110352 0.749609 0.108887 0.75 0.108398 0.75 0.0996094 0.749609 0.0991211 0.749609 0.097168 0.749219 0.0966797 0.749219 0.0957031 0.748828 0.0952148 0.748828 0.0947266 0.748437 0.0942383 0.748047 0.0942383 0.747656 0.09375 0.744141 0.09375 0.74375 0.0932617 0.742969 0.0932617 0.742188 0.0922852 0.741797 0.0922852 0.741406 0.0917969 0.741016 0.0917969 0.740234 0.0908203 0.739844 0.0908203 0.739453 0.090332 0.739062 0.090332 0.738672 0.0898438 0.738281 0.0898438 0.7375 0.0888672 0.737109 0.0888672 0.736719 0.0883789 0.736328 0.0883789 0.735938 0.0878906 0.735547 0.0878906 0.735156 0.0874023 0.734766 0.0874023 0.734375 0.0869141 0.733984 0.0869141 0.733594 0.0864258 0.732812 0.0864258 0.732422 0.0859375 0.730078 0.0859375 0.729688 0.0854492 0.720313 0.0854492 0.719922 0.0849609 0.719141 0.0849609 0.71875 0.0844727 0.717578 0.0844727 0.717187 0.0839844 0.716016 0.0839844 0.715625 0.0834961 0.713281 0.0834961 0.712891 0.0830078 0.710156 0.0830078 0.709766 0.0825195 0.701953 0.0825195 0.701562 0.0830078 0.700781 0.0830078
1 0.772266 0.275879 0.769531 0.275879 0.769141 0.276367 0.766797 0.276367 0.766406 0.276855 0.765234 0.276855 0.764844 0.277344 0.763672 0.277344 0.763281 0.277832 0.762891 0.277832 0.7625 0.27832 0.761719 0.27832 0.761328 0.278809 0.760938 0.278809 0.760547 0.279297 0.759766 0.279297 0.757422 0.282227 0.757031 0.282227 0.755078 0.284668 0.754687 0.284668 0.754297 0.285156 0.753906 0.285156 0.753516 0.285645 0.752734 0.285645 0.752344 0.286133 0.751953 0.286133 0.751563 0.286621 0.751172 0.286621 0.751172 0.287109 0.750781 0.287598 0.750781 0.288086 0.750391 0.288574 0.750391 0.289062 0.75 0.289551 0.75 0.290527 0.749609 0.291016 0.749609 0.291504 0.749219 0.291992 0.749219 0.29248 0.748828 0.292969 0.748828 0.293945 0.748437 0.294434 0.748437 0.29541 0.748047 0.295898 0.748047 0.296387 0.747656 0.296875 0.747656 0.297363 0.747266 0.297852 0.747266 0.299805 0.746875 0.300293 0.746875 0.303223 0.746484 0.303711 0.746484 0.311523 0.746094 0.312012 0.746094 0.315918 0.746484 0.316406 0.746484 0.316895 0.746875 0.317383 0.746875 0.317871 0.747266 0.318359 0.747266 0.318848 0.747656 0.319336 0.747656 0.320801 0.748047 0.321289 0.748047 0.321777 0.748437 0.322266 0.748437 0.322754 0.748828 0.322754 0.75 0.324219 0.75 0.325195 0.750391 0.325684 0.750391 0.326172 0.750781 0.32666 0.750781 0.327148 0.751172 0.327148 0.751563 0.327637 0.752344 0.327637 0.752734 0.328125 0.753906 0.328125 0.756641 0.331543 0.756641 0.332031 0.757031 0.33252 0.757031 0.333496 0.757422 0.333984 0.757422 0.335938 0.757812 0.336426 0.757812 0.337891 0.758203 0.338379 0.758203 0.339355 0.758594 0.339844 0.758594 0.341309 0.758984 0.341797 0.758984 0.342285 0.759766 0.343262 0.760547 0.343262 0.760938 0.34375 0.761719 0.34375 0.762109 0.344238 0.7625 0.344238 0.762891 0.344727 0.764453 0.344727 0.764844 0.344238 0.765625 0.344238 0.766016 0.34375 0.766797 0.34375 0.767188 0.343262 0.767969 0.343262 0.768359 0.342773 0.76875 0.342773 0.769141 0.342285 0.769531 0.342285 0.769922 0.341797 0.770312 0.341797 0.770703 0.341309 0.771094 0.341309 0.771484 0.34082 0.771875 0.34082 0.772266 0.340332 0.773438 0.340332 0.773828 0.339844 0.776953 0.339844 0.777344 0.340332 0.778125 0.340332 0.778516 0.34082 0.780078 0.34082 0.780469 0.340332 0.780859 0.340332 0.782422 0.338379 0.782422 0.337891 0.782813 0.337402 0.783203 0.337402 0.783594 0.336914 0.783984 0.336914 0.784375 0.336426 0.785156 0.336426 0.785547 0.335938 0.785937 0.335938 0.786328 0.335449 0.786328 0.334961 0.788672 0.332031 0.788672 0.331543 0.789062 0.331055 0.789062 0.330078 0.789453 0.32959 0.789453 0.328613 0.789844 0.328125 0.789844 0.327148 0.790234 0.32666 0.790234 0.32373 0.790625 0.323242 0.790625 0.321777 0.791016 0.321289 0.791016 0.319824 0.791406 0.319336 0.791406 0.308594 0.791016 0.308105 0.791016 0.306152 0.790625 0.305664 0.790625 0.302734 0.790234 0.302246 0.790234 0.30127 0.789844 0.300781 0.789844 0.298828 0.789453 0.29834 0.789453 0.296387 0.789062 0.295898 0.789062 0.294434 0.788672 0.293945 0.788672 0.293457 0.788281 0.292969 0.788281 0.29248 0.787891 0.291992 0.787891 0.291016 0.7875 0.290527 0.7875 0.289551 0.787109 0.289062 0.787109 0.288574 0.786719 0.288086 0.786719 0.287598 0.784766 0.285156 0.784375 0.285156 0.783594 0.28418 0.783203 0.28418 0.780078 0.280273 0.780078 0.279785 0.779687 0.279297 0.779297 0.279297 0.778516 0.27832 0.778125 0.27832 0.777734 0.277832 0.776953 0.277832 0.776563 0.277344 0.775781 0.277344 0.775391 0.276855 0.773828 0.276855 0.773438 0.276367 0.772656 0.276367
1 0.919141 0.09375 0.91875 0.0942383 0.915234 0.0942383 0.914844 0.0947266 0.913281 0.0947266 0.912891 0.0952148 0.911719 0.0952148 0.911328 0.0957031 0.910547 0.0957031 0.910156 0.0961914 0.909375 0.0961914 0.908984 0.0966797 0.908203 0.0966797 0.907813 0.097168 0.907422 0.097168 0.906641 0.0981445 0.90625 0.0981445 0.905469 0.0991211 0.905469 0.0996094 0.904687 0.100586 0.904687 0.101074 0.904297 0.101562 0.904297 0.102539 0.903906 0.103027 0.903906 0.103516 0.903516 0.104004 0.903516 0.105469 0.903125 0.105957 0.903125 0.110352 0.902734 0.11084 0.902734 0.115723 0.903125 0.116211 0.903125 0.119629 0.903516 0.120117 0.903516 0.12207 0.903906 0.122559 0.903906 0.12793 0.904297 0.128418 0.904297 0.134766 0.904687 0.135254 0.904687 0.13623 0.905078 0.136719 0.905078 0.138184 0.905469 0.138672 0.905469 0.140625 0.905078 0.141113 0.905078 0.142578 0.905469 0.143066 0.905469 0.143555 0.908203 0.146973 0.908594 0.146973 0.908984 0.147461 0.909766 0.147461 0.910156 0.147949 0.910937 0.147949 0.911328 0.148438 0.913281 0.148438 0.913672 0.148926 0.915625 0.148926 0.916016 0.149414 0.917188 0.149414 0.917578 0.149902 0.919531 0.149902 0.919922 0.150391 0.920312 0.150391 0.920703 0.149902 0.922266 0.149902 0.922656 0.149414 0.924219 0.149414 0.924609 0.148926 0.925391 0.148926 0.925781 0.148438 0.926953 0.148438 0.927344 0.147949 0.927734 0.147949 0.928125 0.147461 0.928516 0.147461 0.928906 0.146973 0.929297 0.146973 0.929688 0.146484 0.930078 0.146484 0.930469 0.145996 0.930859 0.145996 0.93125 0.145508 0.931641 0.145508 0.932813 0.144043 0.933203 0.144043 0.934375 0.142578 0.934766 0.142578 0.937109 0.139648 0.937109 0.13916 0.9375 0.138672 0.9375 0.138184 0.938281 0.137207 0.938281 0.13623 0.938672 0.135742 0.938672 0.134766 0.939063 0.134277 0.939063 0.133789 0.939453 0.133301 0.939453 0.132324 0.939844 0.131836 0.939844 0.126953 0.940234 0.126465 0.940625 0.126465 0.941406 0.125488 0.941406 0.125 0.941797 0.124512 0.941797 0.123535 0.942187 0.123047 0.942187 0.119629 0.942578 0.119141 0.942578 0.115234 0.942187 0.114746 0.942187 0.11377 0.941797 0.113281 0.941797 0.112305 0.941406 0.111816 0.941406 0.111328 0.941016 0.11084 0.941016 0.110352 0.940625 0.109863 0.940625 0.108887 0.940234 0.108398 0.940234 0.107422 0.939844 0.106934 0.939844 0.106445 0.938672 0.10498 0.938672 0.104492 0.938281 0.104004 0.938281 0.103516 0.937891 0.103027 0.937891 0.102539 0.9375 0.102051 0.9375 0.101562 0.936719 0.100586 0.936719 0.100098 0.935156 0.0981445 0.934766 0.0981445 0.934375 0.0976562 0.933984 0.0976562 0.933594 0.097168 0.933203 0.097168 0.932813 0.0966797 0.932422 0.0966797 0.932031 0.0961914 0.93125 0.0961914 0.930859 0.0957031 0.930078 0.0957031 0.929688 0.0952148 0.928906 0.0952148 0.928516 0.0947266 0.925391 0.0947266 0.925 0.0942383 0.921484 0.0942383 0.921094 0.09375
1 1 0.0966797 0.996875 0.0966797 0.996484 0.097168 0.994141 0.097168 0.99375 0.0976562 0.993359 0.0976562 0.992188 0.0991211 0.992188 0.0996094 0.991406 0.100586 0.991406 0.101074 0.989453 0.103516 0.989062 0.103516 0.988672 0.104004 0.988281 0.104004 0.987891 0.104492 0.987109 0.104492 0.986719 0.10498 0.986328 0.10498 0.984766 0.106934 0.984766 0.107422 0.984375 0.10791 0.984375 0.108398 0.983203 0.109863 0.982812 0.109863 0.982422 0.110352 0.982031 0.110352 0.981641 0.11084 0.98125 0.11084 0.980859 0.111328 0.980469 0.111328 0.979297 0.112793 0.978906 0.112793 0.977344 0.114746 0.977344 0.115234 0.976953 0.115723 0.976953 0.116699 0.976562 0.117188 0.976562 0.118164 0.974609 0.120605 0.974219 0.120605 0.973828 0.121094 0.973437 0.121094 0.973047 0.121582 0.972656 0.121582 0.972266 0.12207 0.971875 0.12207 0.971094 0.123047 0.970703 0.123047 0.969922 0.124023 0.969531 0.124023 0.968359 0.125488 0.968359 0.125977 0.967969 0.126465 0.967969 0.126953 0.967578 0.127441 0.967578 0.128906 0.967187 0.129395 0.967187 0.130859 0.966797 0.131348 0.966797 0.132324 0.966406 0.132812 0.966406 0.133301 0.966016 0.133789 0.966016 0.135254 0.966406 0.135742 0.966406 0.136719 0.966797 0.137207 0.966797 0.137695 0.967187 0.138184 0.967187 0.14502 0.967578 0.145508 0.967578 0.150879 0.967969 0.151367 0.967969 0.151855 0.968359 0.152344 0.968359 0.15332 0.96875 0.153809 0.96875 0.154785 0.969141 0.155273 0.969141 0.155762 0.970313 0.157227 0.970703 0.157227 0.972656 0.159668 0.972656 0.160156 0.974219 0.162109 0.974609 0.162109 0.975 0.162598 0.976172 0.162598 0.976562 0.163086 0.977344 0.163086 0.977734 0.163574 0.979297 0.163574 0.979688 0.164062 0.980469 0.164062 0.980859 0.164551 0.98125 0.164551 0.981641 0.165039 0.982812 0.165039 0.983984 0.163574 0.984375 0.163574 0.984766 0.163086 0.985938 0.163086 0.986328 0.162598 0.986719 0.162598 0.988281 0.160645 0.988672 0.160645 0.989062 0.160156 0.989844 0.160156 0.990234 0.159668 0.991406 0.159668 0.991797 0.15918 0.992188 0.15918 0.992578 0.158691 0.992969 0.158691 0.993359 0.158203 0.994141 0.158203 0.994531 0.157715 0.995703 0.157715 0.996094 0.157227 0.996875 0.157227 0.997266 0.156738 0.997656 0.156738 0.998047 0.15625 1 0.15625
0 0.757422 0.693359 0.75625 0.691895 0.75625 0.691406 0.755469 0.69043 0.755469 0.689941 0.754297 0.689941 0.753906 0.689453 0.753906 0.688965 0.754297 0.688477 0.754297 0.68457 0.753516 0.683594 0.752344 0.683594 0.751953 0.683105 0.751563 0.683105 0.749609 0.680664 0.749609 0.680176 0.748437 0.678711 0.748047 0.678711 0.746484 0.676758 0.746094 0.676758 0.745703 0.67627 0.745313 0.67627 0.744922 0.675781 0.74375 0.675781 0.743359 0.67627 0.742188 0.67627 0.741797 0.676758 0.741016 0.676758 0.740625 0.677246 0.735547 0.677246 0.735156 0.677734 0.734766 0.677734 0.734375 0.678223 0.733594 0.678223 0.733203 0.678711 0.732031 0.678711 0.731641 0.678223 0.730859 0.678223 0.730469 0.677734 0.729688 0.677734 0.729297 0.677246 0.726562 0.677246 0.726172 0.677734 0.723828 0.677734 0.723437 0.677246 0.721875 0.677246 0.721484 0.676758 0.720703 0.676758 0.720313 0.677246 0.719531 0.677246 0.719141 0.677734 0.71875 0.677734 0.718359 0.678223 0.717969 0.678223 0.717187 0.679199 0.712891 0.679199 0.7125 0.679688 0.712109 0.679688 0.711719 0.680176 0.711328 0.680176 0.710938 0.680664 0.710156 0.680664 0.709766 0.681152 0.708984 0.681152 0.708594 0.681641 0.707031 0.681641 0.706641 0.682129 0.705078 0.682129 0.704688 0.682617 0.704297 0.682617 0.703906 0.683105 0.703516 0.683105 0.702734 0.684082 0.702344 0.684082 0.701562 0.685059 0.701172 0.685059 0.700781 0.685547 0.7 0.685547 0.699609 0.686035 0.698438 0.686035 0.698047 0.686523 0.697266 0.686523 0.696875 0.687012 0.696484 0.687012 0.696094 0.6875 0.695703 0.6875 0.694922 0.688477 0.694531 0.688477 0.694141 0.688965 0.69375 0.688965 0.693359 0.689453 0.692969 0.689453 0.692578 0.689941 0.692187 0.689941 0.691797 0.69043 0.691406 0.69043 0.690625 0.691406 0.690234 0.691406 0.689453 0.692383 0.689063 0.692383 0.6875 0.694336 0.6875 0.694824 0.687109 0.695312 0.687109 0.695801 0.686719 0.696289 0.686719 0.696777 0.686328 0.697266 0.686328 0.698242 0.686719 0.69873 0.686719 0.704102 0.687109 0.70459 0.687109 0.707031 0.6875 0.70752 0.6875 0.712402 0.687891 0.712891 0.687891 0.714844 0.688281 0.715332 0.688281 0.716797 0.688672 0.717285 0.688672 0.717773 0.692187 0.722168 0.692187 0.722656 0.692969 0.723633 0.692969 0.724121 0.694141 0.725586 0.694531 0.725586 0.694922 0.726074 0.695312 0.726074 0.695703 0.726562 0.696094 0.726562 0.696484 0.727051 0.696875 0.727051 0.697266 0.727539 0.698047 0.727539 0.698438 0.728027 0.698828 0.728027 0.699219 0.728516 0.699609 0.728516 0.7 0.729004 0.700781 0.729004 0.701172 0.729492 0.701562 0.729492 0.701953 0.72998 0.702734 0.72998 0.703125 0.730469 0.703516 0.730469 0.703906 0.730957 0.704688 0.730957 0.705078 0.731445 0.705469 0.731445 0.705859 0.731934 0.70625 0.731934 0.706641 0.732422 0.707031 0.732422 0.707422 0.73291 0.707422 0.733398 0.707812 0.733887 0.707812 0.735352 0.708203 0.73584 0.708203 0.736328 0.708594 0.736816 0.709766 0.736816 0.710156 0.737305 0.710938 0.737305 0.711328 0.737793 0.711719 0.737793 0.712109 0.738281 0.7125 0.738281 0.712891 0.73877 0.713672 0.73877 0.714063 0.738281 0.716797 0.738281 0.717187 0.737793 0.717969 0.737793 0.718359 0.737305 0.71875 0.737305 0.719141 0.736816 0.719531 0.736816 0.720313 0.73584 0.721875 0.73584 0.722266 0.736328 0.723047 0.736328 0.723437 0.736816 0.725391 0.736816 0.725781 0.736328 0.726172 0.736328 0.726953 0.735352 0.726953 0.734863 0.727734 0.733887 0.727734 0.733398 0.728906 0.731934 0.729297 0.731934 0.730078 0.730957 0.730859 0.730957 0.73125 0.730469 0.732031 0.730469 0.732422 0.72998 0.732812 0.72998 0.733203 0.729492 0.733594 0.729492 0.735547 0.727051 0.735547 0.726562 0.737109 0.724609 0.7375 0.724609 0.738281 0.723633 0.738672 0.723633 0.739062 0.723145 0.739844 0.723145 0.740234 0.722656 0.741406 0.722656 0.741797 0.722168 0.742578 0.722168 0.742969 0.72168 0.74375 0.72168 0.744141 0.721191 0.744531 0.721191 0.744922 0.720703 0.746094 0.720703 0.746484 0.720215 0.747656 0.720215 0.749609 0.717773 0.75 0.717773 0.751172 0.716309 0.751172 0.715332 0.751563 0.714844 0.751563 0.713867 0.751953 0.713379 0.751953 0.712891 0.752344 0.712402 0.752344 0.711914 0.754297 0.709473 0.754297 0.708984 0.754687 0.708496 0.754687 0.70752 0.755078 0.707031 0.755078 0.706543 0.755469 0.706055 0.755469 0.705566 0.755859 0.705078 0.755859 0.70459 0.75625 0.704102 0.75625 0.703613 0.758203 0.701172 0.758203 0.700195 0.757812 0.699707 0.757812 0.69873 0.757422 0.698242
1 0.498047 0.787109 0.494531 0.787109 0.49375 0.788086 0.493359 0.788086 0.493359 0.788574 0.492578 0.789551 0.492188 0.789551 0.491016 0.791016 0.490625 0.791016 0.489844 0.791992 0.489453 0.791992 0.489063 0.79248 0.488672 0.79248 0.488281 0.792969 0.487891 0.792969 0.4875 0.793457 0.486719 0.793457 0.486328 0.793945 0.485938 0.793945 0.484375 0.795898 0.483984 0.795898 0.481641 0.798828 0.48125 0.798828 0.480469 0.799805 0.480078 0.799805 0.479687 0.800293 0.478906 0.800293 0.478516 0.800781 0.478125 0.800781 0.477344 0.801758 0.476953 0.801758 0.475 0.804199 0.474609 0.804199 0.473828 0.805176 0.473047 0.805176 0.472656 0.805664 0.472266 0.805664 0.471875 0.806152 0.471094 0.806152 0.470313 0.807129 0.469922 0.807129 0.469141 0.808105 0.46875 0.808105 0.462109 0.816406 0.462109 0.816895 0.461719 0.817383 0.461719 0.817871 0.461328 0.818359 0.461328 0.819336 0.460938 0.819824 0.460938 0.820312 0.460547 0.820801 0.460547 0.821777 0.460156 0.822266 0.460156 0.831055 0.460547 0.831543 0.460547 0.833496 0.460938 0.833984 0.460938 0.834961 0.461328 0.835449 0.461328 0.836426 0.461719 0.836914 0.461719 0.837891 0.462109 0.838379 0.462109 0.838867 0.464453 0.841797 0.464453 0.842285 0.466406 0.844727 0.466406 0.845215 0.467578 0.84668 0.467969 0.84668 0.469531 0.848633 0.469531 0.849121 0.470313 0.850098 0.470703 0.850098 0.471094 0.850586 0.471875 0.850586 0.472266 0.851074 0.472656 0.851074 0.473047 0.851562 0.473438 0.851562 0.473828 0.852051 0.474219 0.852051 0.474609 0.852539 0.475391 0.852539 0.475781 0.853027 0.476172 0.853027 0.476562 0.853516 0.477344 0.853516 0.477734 0.854004 0.478906 0.854004 0.479297 0.854492 0.482812 0.854492 0.483203 0.85498 0.485156 0.85498 0.485547 0.855469 0.491016 0.855469 0.491406 0.85498 0.492578 0.85498 0.492969 0.854492 0.494141 0.854492 0.494531 0.854004 0.495312 0.854004 0.495703 0.853516 0.496094 0.853516 0.496484 0.853027 0.497266 0.853027 0.498828 0.851074 0.498828 0.850586 0.499219 0.850098 0.499219 0.849609 0.5 0.848633 0.5 0.848145 0.500391 0.847656 0.500391 0.847168 0.500781 0.84668 0.500781 0.846191 0.501172 0.845703 0.501172 0.844727 0.501563 0.844238 0.501563 0.84375 0.505859 0.838379 0.505859 0.837891 0.50625 0.837402 0.50625 0.833984 0.506641 0.833496 0.506641 0.827637 0.50625 0.827148 0.50625 0.818359 0.505859 0.817871 0.505859 0.816406 0.505469 0.815918 0.505469 0.814941 0.505078 0.814453 0.505078 0.813477 0.504687 0.812988 0.504687 0.811035 0.504297 0.810547 0.504297 0.810059 0.503516 0.809082 0.503516 0.808594 0.502344 0.807129 0.502344 0.806641 0.501563 0.805664 0.501563 0.804688 0.501172 0.804199 0.501172 0.803223 0.500781 0.802734 0.500781 0.801758 0.500391 0.80127 0.500391 0.800781 0.5 0.800293 0.5 0.799805 0.499609 0.799316 0.499609 0.794434 0.499219 0.793945 0.499219 0.791504 0.498828 0.791016 0.498828 0.788574 0.498437 0.788086 0.498437 0.787598
1 0.558203 0.781738 0.558203 0.782227 0.557813 0.782715 0.557813 0.783203 0.557422 0.783691 0.557422 0.78418 0.557031 0.784668 0.557031 0.785156 0.556641 0.785645 0.556641 0.786621 0.55625 0.787109 0.55625 0.788086 0.555859 0.788574 0.555859 0.790039 0.555469 0.790527 0.555469 0.792969 0.555078 0.793457 0.555078 0.803223 0.555469 0.803711 0.555469 0.805176 0.555859 0.805664 0.555859 0.806152 0.55625 0.806641 0.55625 0.807129 0.559766 0.811523 0.560156 0.811523 0.560937 0.8125 0.561328 0.8125 0.563281 0.814941 0.563672 0.814941 0.564453 0.815918 0.564844 0.815918 0.565625 0.816895 0.566016 0.816895 0.566406 0.817383 0.566797 0.817383 0.567187 0.817871 0.567578 0.817871 0.567969 0.818359 0.568359 0.818359 0.569922 0.820312 0.569922 0.820801 0.571094 0.822266 0.571094 0.822754 0.574219 0.82666 0.574609 0.82666 0.575 0.827148 0.575391 0.827148 0.575781 0.827637 0.576172 0.827637 0.576562 0.828125 0.576953 0.828125 0.577344 0.828613 0.577734 0.828613 0.578125 0.829102 0.578516 0.829102 0.578906 0.82959 0.579297 0.82959 0.579688 0.830078 0.58125 0.830078 0.581641 0.830566 0.584766 0.830566 0.585156 0.830078 0.585938 0.830078 0.586328 0.82959 0.586719 0.82959 0.5875 0.828613 0.588281 0.828613 0.588672 0.828125 0.589453 0.828125 0.589844 0.827637 0.590234 0.827637 0.590625 0.827148 0.591016 0.827148 0.591797 0.826172 0.592187 0.826172 0.592578 0.825684 0.594141 0.825684 0.594531 0.825195 0.596094 0.825195 0.596484 0.824707 0.597656 0.824707 0.598047 0.824219 0.605859 0.824219 0.60625 0.82373 0.607422 0.82373 0.607812 0.824219 0.608594 0.824219 0.608984 0.824707 0.609375 0.824707 0.609766 0.825195 0.610156 0.825195 0.610547 0.825684 0.612109 0.825684 0.6125 0.825195 0.6125 0.824707 0.614062 0.822754 0.614062 0.818848 0.614453 0.818359 0.614453 0.813477 0.613672 0.8125 0.613672 0.812012 0.613281 0.811523 0.613281 0.811035 0.612891 0.810547 0.612891 0.80957 0.6125 0.809082 0.6125 0.807617 0.612109 0.807129 0.612109 0.806152 0.611719 0.805664 0.611719 0.804688 0.611328 0.804199 0.611328 0.803711 0.610938 0.803223 0.610938 0.802734 0.610547 0.802246 0.610547 0.80127 0.610156 0.800781 0.610156 0.799805 0.609766 0.799316 0.609766 0.79834 0.610156 0.797852 0.610156 0.797363 0.611328 0.795898 0.611328 0.792969 0.610938 0.79248 0.610938 0.791504 0.610547 0.791016 0.610547 0.790039 0.610156 0.789551 0.610156 0.788574 0.609766 0.788086 0.609766 0.787598 0.609375 0.787109 0.608984 0.787109 0.608594 0.786621 0.608203 0.786621 0.607422 0.785645 0.607031 0.785645 0.605859 0.78418 0.605469 0.78418 0.604297 0.782715 0.604297 0.779297 0.603906 0.778809 0.603516 0.778809 0.603125 0.77832 0.602734 0.77832 0.602344 0.777832 0.601562 0.777832 0.601172 0.777344 0.600781 0.777344 0.600391 0.776855 0.599609 0.776855 0.599219 0.776367 0.598828 0.776367 0.598437 0.775879 0.598047 0.775879 0.597656 0.775391 0.597266 0.775391 0.596484 0.774414 0.595703 0.774414 0.595313 0.773926 0.594922 0.773926 0.594531 0.774414 0.594141 0.774414 0.59375 0.774902 0.592578 0.774902 0.592187 0.775391 0.591797 0.775391 0.591406 0.774902 0.590625 0.774902 0.590234 0.774414 0.589844 0.774414 0.589453 0.773926 0.589063 0.773926 0.588672 0.773438 0.584375 0.773438 0.583984 0.772949 0.583203 0.772949 0.582812 0.772461 0.582422 0.772461 0.582031 0.771973 0.581641 0.771973 0.58125 0.771484 0.580078 0.771484 0.579688 0.770996 0.578906 0.770996 0.578516 0.771484 0.575781 0.771484 0.575391 0.770996 0.571484 0.770996 0.571094 0.771484 0.570703 0.771484 0.569531 0.772949 0.569141 0.772949 0.56875 0.773438 0.568359 0.773438 0.567969 0.773926 0.566406 0.773926 0.566016 0.774414 0.564453 0.774414 0.564063 0.774902 0.563672 0.774902 0.562891 0.775879 0.5625 0.775879 0.561328 0.777344 0.561328 0.777832
1 0.935547 0.754883 0.933594 0.752441 0.933203 0.752441 0.932813 0.751953 0.932422 0.751953 0.932031 0.751465 0.931641 0.751465 0.93125 0.750977 0.930469 0.750977 0.930078 0.750488 0.929297 0.750488 0.928906 0.75 0.927734 0.75 0.927344 0.749512 0.925 0.749512 0.924609 0.749023 0.922656 0.749023 0.922266 0.749512 0.914844 0.749512 0.914453 0.75 0.912891 0.75 0.9125 0.750488 0.906641 0.750488 0.90625 0.750977 0.899609 0.750977 0.899219 0.751465 0.898438 0.751465 0.898047 0.751953 0.897266 0.751953 0.896875 0.752441 0.896094 0.752441 0.895703 0.75293 0.893359 0.75293 0.892969 0.753418 0.891016 0.753418 0.890625 0.753906 0.889062 0.753906 0.888672 0.754395 0.885547 0.754395 0.885156 0.754883 0.882422 0.754883 0.882031 0.755371 0.878906 0.755371 0.878516 0.755859 0.876563 0.755859 0.876172 0.756348 0.875781 0.756348 0.875 0.757324 0.874609 0.757324 0.874219 0.757812 0.873828 0.757812 0.873437 0.758301 0.873047 0.758301 0.871875 0.759766 0.871875 0.76123 0.870703 0.762695 0.869531 0.762695 0.869141 0.763184 0.869141 0.764648 0.869531 0.764648 0.870703 0.766113 0.870703 0.768066 0.869531 0.769531 0.869141 0.769531 0.867969 0.770996 0.867969 0.771484 0.867578 0.771973 0.867578 0.772461 0.867969 0.772949 0.867969 0.774414 0.868359 0.774902 0.867578 0.775879 0.867578 0.776367 0.867188 0.776855 0.867188 0.777344 0.866797 0.777832 0.866797 0.778809 0.866406 0.779297 0.866406 0.779785 0.866016 0.780273 0.865625 0.780273 0.865234 0.780762 0.864844 0.780762 0.864453 0.78125 0.864062 0.78125 0.8625 0.783203 0.8625 0.785156 0.862891 0.785645 0.862891 0.787109 0.864062 0.788574 0.864062 0.789062 0.864453 0.789551 0.864453 0.790039 0.865234 0.791016 0.865234 0.791504 0.865625 0.791992 0.865625 0.79248 0.866406 0.793457 0.866406 0.793945 0.866797 0.794434 0.866797 0.794922 0.867969 0.796387 0.868359 0.796387 0.86875 0.796875 0.869531 0.796875 0.870703 0.79834 0.870703 0.798828 0.871094 0.799316 0.871094 0.800781 0.871484 0.80127 0.871484 0.801758 0.872656 0.803223 0.872656 0.806152 0.873437 0.807129 0.874609 0.807129 0.875 0.806641 0.876563 0.806641 0.876953 0.807129 0.877344 0.807129 0.878516 0.808594 0.878906 0.808594 0.879687 0.80957 0.879687 0.810059 0.880469 0.811035 0.880469 0.813965 0.880859 0.814453 0.88125 0.814453 0.881641 0.814941 0.884375 0.814941 0.884766 0.81543 0.885547 0.81543 0.885938 0.815918 0.886328 0.815918 0.886719 0.816406 0.891016 0.816406 0.891406 0.815918 0.892969 0.815918 0.893359 0.816406 0.894141 0.816406 0.894531 0.816895 0.895703 0.816895 0.896094 0.817383 0.896875 0.817383 0.897266 0.817871 0.898047 0.817871 0.898438 0.818359 0.899219 0.818359 0.899609 0.818848 0.901563 0.818848 0.901953 0.818359 0.903125 0.818359 0.903516 0.817871 0.905859 0.817871 0.90625 0.817383 0.908203 0.817383 0.908594 0.816895 0.909766 0.816895 0.910156 0.816406 0.911719 0.816406 0.912109 0.815918 0.914062 0.815918 0.914453 0.81543 0.915234 0.81543 0.915625 0.814941 0.916016 0.814941 0.916406 0.814453 0.916406 0.811035 0.916797 0.810547 0.916797 0.810059 0.917578 0.809082 0.917969 0.809082 0.921094 0.805176 0.921094 0.804688 0.921484 0.804199 0.921484 0.803711 0.921875 0.803223 0.921875 0.802734 0.922266 0.802246 0.922266 0.800781 0.922656 0.800293 0.922656 0.798828 0.923047 0.79834 0.923047 0.797852 0.923438 0.797363 0.923438 0.796875 0.924219 0.795898 0.924219 0.79541 0.924609 0.794922 0.924609 0.794434 0.925 0.793945 0.925 0.793457 0.925391 0.792969 0.925391 0.791992 0.925781 0.791504 0.925781 0.791016 0.926172 0.790527 0.926172 0.790039 0.926562 0.789551 0.926562 0.789062 0.926953 0.788574 0.926953 0.788086 0.927344 0.787598 0.927344 0.787109 0.927734 0.786621 0.927734 0.786133 0.928125 0.785645 0.928125 0.784668 0.928516 0.78418 0.928516 0.783203 0.928906 0.782715 0.928906 0.782227 0.929297 0.781738 0.929297 0.78125 0.929688 0.780762 0.929688 0.780273 0.930469 0.779297 0.930469 0.778809 0.93125 0.777832 0.93125 0.777344 0.931641 0.776855 0.931641 0.776367 0.932422 0.775391 0.932422 0.774414 0.932813 0.773926 0.932813 0.773438 0.933594 0.772461 0.933594 0.771973 0.933984 0.771484 0.933984 0.770508 0.934375 0.77002 0.934375 0.769043 0.934766 0.768555 0.934766 0.768066 0.935156 0.767578 0.935156 0.76709 0.935547 0.766602 0.935547 0.766113 0.935937 0.765625 0.935937 0.765137 0.936328 0.764648 0.936328 0.757812 0.935937 0.757324 0.935937 0.755859 0.935547 0.755371
1 0.365223 0.936919 0.370426 0.93292 0.377227 0.924917 0.378426 0.920913 0.380426 0.913911 0.382027 0.904907 0.384027 0.898906 0.387629 0.893408 0.39523 0.887905 0.402832 0.884902 0.408035 0.884404 0.412437 0.884404 0.421238 0.886406 0.422441 0.887905 0.427242 0.892905 0.430043 0.896909 0.432844 0.900908 0.434441 0.906411 0.436043 0.913413 0.436445 0.918413 0.436445 0.925918 0.434043 0.931919 0.431242 0.936919 0.428043 0.94042 0.421238 0.944419 0.415637 0.945923 0.407234 0.946421 0.398031 0.946924 0.394031 0.946924 0.38643 0.945923 0.380828 0.945923 0.371223 0.941919 0.368023 0.941919 0.366422 0.941919 0.366023 0.941421
1 0.461371 0.924966 0.467773 0.918965 0.470574 0.913462 0.475375 0.90896 0.477375 0.90646 0.479375 0.90396 0.485379 0.896455 0.487777 0.893457 0.49018 0.889453 0.495781 0.884453 0.499781 0.883452 0.507383 0.881455 0.510184 0.881455 0.517387 0.882451 0.520188 0.884453 0.525789 0.888955 0.52859 0.891958 0.532992 0.897959 0.534594 0.899956 0.538195 0.906958 0.538594 0.912964 0.536992 0.920464 0.534594 0.925967 0.532992 0.930469 0.530992 0.934971 0.529391 0.937471 0.520988 0.94397 0.517789 0.944971 0.512984 0.945474 0.508184 0.94647 0.505383 0.94647 0.501781 0.945474 0.497383 0.945474 0.494582 0.945474 0.49018 0.944473 0.48818 0.944473 0.484176 0.942969 0.478977 0.93897 0.477375 0.937471 0.475773 0.93647 0.474176 0.934971 0.473375 0.934468 0.470973 0.933467 0.466172 0.932466 0.462973 0.927969
1 0.878313 0.916689 0.888109 0.915249 0.892141 0.91957 0.89848 0.921729 0.906547 0.928213 0.910004 0.931812 0.912883 0.935415 0.915766 0.939736 0.917492 0.944775 0.918645 0.951255 0.918645 0.955576 0.914035 0.962061 0.910004 0.963501 0.901938 0.9671 0.891566 0.969263 0.8835 0.967822 0.874855 0.967822 0.866215 0.966382 0.854691 0.953418 0.854691 0.953418 0.854691 0.949814 0.854691 0.944775 0.856418 0.939014 0.862758 0.929653 0.863332 0.92749 0.864484 0.924609 0.866215 0.922451 0.871398 0.917407 0.871977 0.916689
1 0.00311328 0.915249 0.00541797 0.911646 0.00714844 0.909487 0.0100273 0.905166 0.0134844 0.902285 0.0163672 0.900845 0.0227031 0.898682 0.029043 0.897241 0.0319219 0.897241 0.0365313 0.898682 0.0399883 0.900845 0.042293 0.903003 0.0440234 0.909487 0.0445977 0.913086 0.04575 0.924609 0.04575 0.926772 0.042293 0.936133 0.0411406 0.939736 0.0325 0.948374 0.0301953 0.949814 0.0278906 0.953418 0.0244336 0.957017 0.0221289 0.96062 0.0180937 0.962778 0.0134844 0.966382 0.0117578 0.966382 0.00945312 0.965659 0.00714844 0.964219 0.00369141 0.964941 0.00311328 0.963501 0.000808594 0.961338 0 0.958643 0 0.945649 0.000808594 0.942617 0.000234375 0.934692 0.000234375 0.928931 0.000234375 0.924609
1 0.130555 0.717354 0.133355 0.710352 0.136156 0.706851 0.139758 0.70085 0.142559 0.696348 0.15016 0.694849 0.158961 0.694849 0.159363 0.699849 0.160164 0.706851 0.161762 0.710854 0.163363 0.716353 0.165766 0.719355 0.167766 0.722856 0.170164 0.726855 0.172168 0.730859 0.173766 0.735361 0.174168 0.738359 0.175367 0.743364 0.172566 0.749863 0.168965 0.752363 0.167363 0.753867 0.163766 0.756865 0.159762 0.761367 0.15616 0.763369 0.15216 0.768872 0.147359 0.77187 0.144156 0.777373 0.142559 0.781372 0.141758 0.785376 0.140559 0.788877 0.137758 0.793877 0.136156 0.795376 0.134957 0.795376 0.134555 0.789375 0.134555 0.785376 0.134156 0.784375 0.134156 0.784375 0.134156 0.784375 0.133754 0.780371 0.132953 0.778374 0.130555 0.772373 0.130555 0.767871 0.129754 0.76437 0.128555 0.760366 0.127754 0.756865 0.126953 0.753364 0.126555 0.749863 0.126555 0.747363 0.126953 0.74436 0.127754 0.738862 0.128555 0.733857 0.128953 0.730859 0.128953 0.726357 0.129754 0.722856
1 0.177367 0.740361 0.180969 0.739863 0.189371 0.740859 0.192574 0.741362 0.193773 0.741362 0.200574 0.741362 0.203375 0.741362 0.208176 0.743364 0.211777 0.745864 0.21418 0.747861 0.22018 0.752363 0.222582 0.754365 0.225781 0.757866 0.22698 0.759868 0.230184 0.765371 0.231785 0.768872 0.233383 0.773369 0.233383 0.778374 0.229383 0.786377 0.229383 0.786875 0.22698 0.790376 0.224582 0.793379 0.219379 0.796377 0.21498 0.797378 0.209379 0.797378 0.201375 0.797876 0.200176 0.797876 0.193773 0.795879 0.192172 0.794878 0.19057 0.792378 0.189371 0.789375 0.187371 0.786875 0.185371 0.780371 0.183371 0.773369 0.18177 0.76937 0.180168 0.765371 0.178969 0.76187 0.176969 0.757866 0.175766 0.752363 0.175367 0.749365 0.175367 0.745864 0.176168 0.742363
1 0.202008 0.612397 0.20316 0.61168 0.210648 0.61168 0.214105 0.610239 0.219293 0.608799 0.225629 0.608076 0.231969 0.608076 0.240035 0.606636 0.240035 0.606636 0.240035 0.61312 0.23773 0.616719 0.235426 0.6196 0.234273 0.623203 0.233695 0.626084 0.231969 0.633286 0.230816 0.636885 0.230816 0.639766 0.229086 0.648408 0.226207 0.652012 0.224477 0.654893 0.22275 0.656333 0.219867 0.657773 0.210648 0.659932 0.20777 0.659214 0.20316 0.656333 0.200855 0.65417 0.198551 0.653452 0.192789 0.649849 0.189332 0.64625 0.18818 0.64481 0.18818 0.637607 0.186449 0.629683 0.186449 0.62248 0.187027 0.617441 0.189332 0.616001 0.191637 0.615278 0.193941 0.613838 0.193941 0.613838 0.200277 0.61168
1 0.474535 0.52021 0.476262 0.51877 0.486633 0.515171 0.489516 0.514448 0.495852 0.51229 0.501039 0.511567 0.505648 0.511567 0.50968 0.515171 0.512563 0.52021 0.514867 0.524531 0.517172 0.528853 0.517746 0.532456 0.517172 0.538936 0.51602 0.543979 0.511984 0.548301 0.508527 0.55334 0.504496 0.555503 0.502191 0.556943 0.497004 0.559824 0.492973 0.561265 0.491242 0.561265 0.484906 0.562705 0.483176 0.563423 0.473957 0.564863 0.469348 0.560542 0.464738 0.559102 0.461859 0.555503 0.457824 0.550459 0.453793 0.543257 0.451488 0.537495 0.450336 0.532456 0.450336 0.529575 0.45552 0.526694 0.45725 0.526694 0.465316 0.525254 0.471078 0.520933
1 0.625781 0.617476 0.625777 0.616875 0.62818 0.613276 0.633461 0.610273 0.638262 0.607271 0.644984 0.606675 0.648824 0.610273 0.650266 0.612676 0.651227 0.615674 0.652668 0.618677 0.653629 0.622275 0.654109 0.629478 0.653148 0.634282 0.652187 0.639082 0.650266 0.645684 0.647867 0.649888 0.644984 0.653486 0.636344 0.65709 0.63202 0.658286 0.626738 0.658286 0.615215 0.658286 0.612816 0.656489 0.610414 0.655288 0.607535 0.655288 0.605613 0.655889 0.601293 0.657686 0.599371 0.658286 0.59793 0.65709 0.59793 0.656489 0.599371 0.652285 0.605133 0.647485 0.606574 0.645083 0.609453 0.640884 0.612816 0.636079 0.618098 0.630679 0.621457 0.625879 0.623379 0.620479
1 0.76598 0.43022 0.766941 0.429019 0.76934 0.422417 0.772223 0.418218 0.777984 0.408013 0.777984 0.408013 0.779906 0.414019 0.779906 0.419419 0.782785 0.424819 0.785668 0.43022 0.789988 0.437422 0.793828 0.445225 0.794309 0.447026 0.79575 0.451826 0.796711 0.456631 0.797187 0.463232 0.79623 0.46623 0.794309 0.476436 0.792387 0.479434 0.779906 0.482437 0.777023 0.482437 0.766461 0.481836 0.763578 0.481235 0.76166 0.479434 0.757816 0.475835 0.756379 0.473433 0.754938 0.468032 0.753977 0.460229 0.753016 0.45603 0.753016 0.453628 0.754457 0.448828 0.756859 0.442827 0.763098 0.437422 0.763098 0.436821
1 0.836082 0.479434 0.836562 0.478237 0.841363 0.472231 0.843762 0.469834 0.849043 0.46623 0.850484 0.466831 0.851445 0.471035 0.853848 0.474634 0.860086 0.486035 0.860566 0.489038 0.862008 0.492041 0.862969 0.496841 0.86441 0.501641 0.86441 0.508242 0.864891 0.516045 0.865371 0.522646 0.863449 0.528647 0.856727 0.537651 0.842324 0.539453 0.83752 0.540054 0.83368 0.537051 0.832238 0.53585 0.826477 0.53105 0.82552 0.527451 0.824559 0.523848 0.820234 0.517847 0.819758 0.513047 0.819758 0.508242 0.820715 0.501641 0.823117 0.49624 0.824078 0.490239 0.827918 0.483638 0.82984 0.479434
1 0.713281 0.533203 0.713672 0.533691 0.713672 0.534668 0.714063 0.535156 0.714063 0.535645 0.714453 0.536133 0.714453 0.536621 0.714844 0.537109 0.714844 0.537598 0.715234 0.538086 0.715234 0.538574 0.715625 0.539062 0.715625 0.539551 0.716016 0.540039 0.716016 0.541016 0.716406 0.541504 0.716797 0.541504 0.717578 0.54248 0.717969 0.54248 0.719531 0.544434 0.719531 0.544922 0.720313 0.545898 0.720703 0.545898 0.721094 0.546387 0.721875 0.546387 0.722266 0.546875 0.722656 0.546875 0.723047 0.547363 0.723437 0.547363 0.724219 0.54834 0.724609 0.54834 0.725 0.548828 0.727344 0.548828 0.727734 0.549316 0.729297 0.549316 0.729688 0.549805 0.731641 0.549805 0.732031 0.550293 0.733203 0.550293 0.733594 0.549805 0.742188 0.549805 0.742578 0.549316 0.743359 0.549316 0.74375 0.548828 0.748437 0.548828 0.75 0.546875 0.750391 0.546875 0.750781 0.546387 0.751953 0.546387 0.753203 0.543848 0.752734 0.545898 0.753125 0.54541 0.753516 0.54541 0.754687 0.543945 0.755078 0.543945 0.755469 0.543457 0.75625 0.543457 0.756641 0.542969 0.757031 0.542969 0.759766 0.539551 0.760156 0.539551 0.760547 0.539062 0.760938 0.539062 0.764062 0.535156 0.764453 0.535156 0.765234 0.53418 0.765234 0.533691 0.765625 0.533203 0.765625 0.531738 0.766016 0.53125 0.766016 0.530273 0.766797 0.529297 0.767188 0.529297 0.767578 0.528809 0.767969 0.528809 0.768359 0.52832 0.76875 0.52832 0.769141 0.527832 0.769531 0.527832 0.769922 0.527344 0.770703 0.527344 0.771094 0.526855 0.771875 0.526855 0.772266 0.526367 0.773047 0.526367 0.773438 0.525879 0.773828 0.525879 0.774609 0.524902 0.775 0.524902 0.775781 0.523926 0.776172 0.523926 0.776953 0.522949 0.777344 0.522949 0.778125 0.521973 0.778516 0.521973 0.780078 0.52002 0.780078 0.519531 0.780859 0.518555 0.780859 0.518066 0.78125 0.517578 0.78125 0.513672 0.780469 0.512695 0.780078 0.512695 0.779687 0.512207 0.779297 0.512207 0.778906 0.511719 0.778125 0.511719 0.777734 0.51123 0.776172 0.51123 0.775781 0.510742 0.771484 0.510742 0.771094 0.510254 0.770312 0.510254 0.769922 0.509766 0.769141 0.509766 0.76875 0.509277 0.768359 0.509277 0.767969 0.508789 0.767188 0.508789 0.766797 0.508301 0.766016 0.508301 0.765625 0.507812 0.765234 0.507812 0.764844 0.507324 0.764453 0.507324 0.764062 0.506836 0.763672 0.506836 0.761328 0.503906 0.760938 0.503906 0.760547 0.503418 0.760156 0.503418 0.757812 0.500488 0.757422 0.500488 0.756641 0.499512 0.755859 0.499512 0.755469 0.499023 0.753906 0.499023 0.753516 0.498535 0.752734 0.498535 0.752344 0.498047 0.751953 0.498047 0.751563 0.497559 0.751172 0.497559 0.75 0.496094 0.749609 0.496094 0.748047 0.494141 0.747266 0.494141 0.746875 0.493652 0.735547 0.493652 0.735156 0.494141 0.732031 0.494141 0.731641 0.494629 0.730859 0.494629 0.730469 0.495117 0.730078 0.495117 0.729688 0.495605 0.728516 0.495605 0.728125 0.496094 0.727734 0.496094 0.727344 0.496582 0.726953 0.496582 0.726562 0.49707 0.726172 0.49707 0.725781 0.497559 0.725391 0.497559 0.723437 0.5 0.723047 0.5 0.722266 0.500977 0.721875 0.500977 0.721484 0.501465 0.721094 0.501465 0.719531 0.503418 0.719531 0.503906 0.719141 0.504395 0.719141 0.504883 0.71875 0.505371 0.71875 0.506348 0.718359 0.506836 0.718359 0.507812 0.717969 0.508301 0.717969 0.508789 0.717578 0.509277 0.717578 0.510254 0.717187 0.510742 0.717187 0.513184 0.716797 0.513672 0.716797 0.51416 0.716016 0.515137 0.716016 0.515625 0.715625 0.516113 0.715625 0.516602 0.715234 0.51709 0.715234 0.518066 0.714844 0.518555 0.714844 0.519043 0.714453 0.519531 0.714453 0.52002 0.713672 0.520996 0.713672 0.525879 0.713281 0.526367 0.713281 0.52832 0.712891 0.528809 0.712891 0.529785 0.713281 0.530273
1 0.743703 0.742554 0.746582 0.748555 0.749465 0.751553 0.756184 0.755156 0.758586 0.756958 0.761945 0.758755 0.764828 0.762959 0.764828 0.762959 0.764828 0.76356 0.756664 0.767158 0.751863 0.76896 0.746582 0.770161 0.744184 0.771362 0.74034 0.772563 0.737941 0.77376 0.729297 0.777363 0.724496 0.777363 0.722094 0.775562 0.718254 0.774961 0.713934 0.773159 0.708652 0.770762 0.707211 0.770161 0.704332 0.767759 0.700488 0.764761 0.69857 0.761758 0.696648 0.754556 0.696168 0.750957 0.694727 0.742554 0.694246 0.73895 0.693766 0.73355 0.695207 0.730547 0.699047 0.729351 0.704332 0.729351 0.707211 0.729351 0.714895 0.730547 0.717773 0.729951 0.724496 0.729351 0.727379 0.729351 0.730738 0.730547 0.734578 0.73415 0.735539 0.735952 0.737461 0.737749 0.738898 0.73895
1 0.790898 0.216138 0.79618 0.215537 0.797621 0.215537 0.800504 0.215537 0.803383 0.215537 0.805785 0.215537 0.807703 0.214336 0.810105 0.211938 0.815387 0.210737 0.816348 0.210737 0.817309 0.210737 0.816828 0.220342 0.816828 0.220938 0.814426 0.231143 0.814426 0.233545 0.811547 0.238345 0.810105 0.243145 0.808664 0.246748 0.807223 0.250947 0.805305 0.256948 0.797621 0.267153 0.79618 0.269556 0.79234 0.270156 0.785617 0.265352 0.784656 0.264751 0.782258 0.262954 0.778895 0.259951 0.776016 0.257549 0.774574 0.255752 0.773133 0.25335 0.772176 0.24915 0.772176 0.244346 0.772176 0.241348 0.773133 0.237144 0.776016 0.229341 0.777457 0.225742 0.778414 0.22394 0.783219 0.219141 0.784176 0.217339 0.786578 0.217339
2 0.186449 0.201372 0.191059 0.199932 0.197398 0.202813 0.198551 0.202813 0.20316 0.200654 0.206617 0.199214 0.214105 0.196333 0.218141 0.194893 0.223324 0.19417 0.226781 0.19417 0.236 0.197051 0.237152 0.197051 0.24234 0.203535 0.245219 0.207856 0.246949 0.214336 0.247523 0.217939 0.247523 0.224419 0.244066 0.235225 0.241762 0.237383 0.236578 0.240264 0.229664 0.240986 0.218715 0.242427 0.215836 0.239546 0.212953 0.234502 0.210074 0.232344 0.200855 0.222979 0.200277 0.222261 0.192789 0.212178 0.192211 0.211455 0.189906 0.208574
2 0.264234 0.112354 0.26193 0.104434 0.261352 0.0986719 0.261352 0.0914697 0.261352 0.0871484 0.263082 0.0792285 0.267113 0.0734668 0.273453 0.0677051 0.274605 0.0677051 0.277484 0.0677051 0.28152 0.0713037 0.285551 0.0734668 0.29016 0.075625 0.293617 0.0777881 0.2965 0.0792285 0.297074 0.0871484 0.297652 0.090752 0.298227 0.0965137 0.298227 0.103711 0.29477 0.113794 0.293043 0.115234 0.291891 0.116675 0.289586 0.123877 0.280941 0.133242 0.280941 0.133242 0.276332 0.142603 0.271148 0.151245 0.268844 0.151245 0.267113 0.144766 0.266539 0.141162 0.265961 0.1354 0.265387 0.12604 0.265387 0.122437 0.263656 0.118115
2 0.304566 0.110918 0.306871 0.111636 0.308598 0.112354 0.31148 0.113076 0.313207 0.113794 0.317816 0.111636 0.325883 0.108032 0.327035 0.108032 0.331645 0.110195 0.337984 0.113794 0.338559 0.113794 0.340289 0.117397 0.341441 0.121719 0.342594 0.126758 0.34432 0.131802 0.344898 0.142603 0.346051 0.148364 0.347777 0.154849 0.347777 0.157007 0.345473 0.159888 0.342016 0.16061 0.339137 0.161328 0.333375 0.161328 0.325309 0.159888 0.322426 0.157729 0.320121 0.154126 0.31609 0.144766 0.314359 0.141162 0.313207 0.136841 0.31148 0.130361 0.309176 0.123877 0.306871 0.119556 0.303414 0.117397 0.301109 0.113076 0.299379 0.107314 0.299379 0.105151
2 0.460707 0.164932 0.460707 0.164209 0.463012 0.162769 0.463586 0.162769 0.467621 0.162769 0.474535 0.16061 0.475109 0.16061 0.479719 0.161328 0.482602 0.162051 0.483176 0.162051 0.48548 0.163491 0.488363 0.167813 0.488938 0.169253 0.49182 0.173574 0.492973 0.175015 0.493547 0.178613 0.494699 0.181494 0.495277 0.182935 0.497582 0.187256 0.497582 0.190137 0.498156 0.19374 0.499309 0.198062 0.499887 0.198062 0.502191 0.203823 0.503344 0.205264 0.506223 0.209585 0.50968 0.211025 0.513137 0.215347 0.514867 0.218228 0.514867 0.221108 0.513137 0.223989 0.513137 0.223989 0.510258 0.221826 0.507375 0.219668 0.505648 0.218945 0.501039 0.217505 0.499309 0.216064 0.498156 0.215347 0.494699 0.215347 0.488363 0.219668 0.487785 0.219668 0.482023 0.223267 0.477992 0.219668 0.47223 0.219668 0.467043 0.219668 0.465316 0.219668 0.463586 0.217505 0.45725 0.213906 0.456098 0.213184 0.451488 0.209585 0.448605 0.208862 0.446879 0.208145 0.443996 0.204541 0.438812 0.199502 0.438812 0.198779 0.436508 0.195181 0.43593 0.188696 0.434777 0.185815 0.434777 0.182935 0.435355 0.175732 0.437082 0.174292 0.439965 0.172134 0.444574 0.167813 0.446879 0.16709 0.450336 0.166372 0.456098 0.164209 0.457824 0.163491
2 0.208922 0.313296 0.212953 0.307534 0.213531 0.306094 0.21641 0.303931 0.216988 0.306094 0.218141 0.311855 0.219293 0.315454 0.22102 0.321216 0.22275 0.323379 0.226781 0.329141 0.230238 0.332739 0.233695 0.336343 0.236578 0.341382 0.23773 0.344263 0.23773 0.349307 0.238305 0.355068 0.238305 0.357949 0.238305 0.362988 0.23773 0.36731 0.236578 0.369473 0.234848 0.373071 0.230816 0.376675 0.230238 0.376675 0.227934 0.380273 0.225055 0.380996 0.22102 0.381714 0.21641 0.382437 0.215836 0.383154 0.213531 0.383154 0.210648 0.380996 0.207191 0.378833 0.204312 0.374512 0.203734 0.372354 0.200277 0.36731 0.199125 0.364429 0.197973 0.361548 0.197398 0.358667 0.19682 0.355068 0.19682 0.352187 0.19682 0.347866 0.197398 0.340664 0.199125 0.337061 0.202582 0.329141 0.202582 0.328418 0.204312 0.324819 0.204887 0.322656 0.207191 0.316895 0.207191 0.316177
2 0.633742 0.0609326 0.635125 0.0600684 0.639273 0.0574756 0.644805 0.0557471 0.648262 0.0548828 0.653102 0.0548828 0.65725 0.0548828 0.662781 0.0548828 0.664855 0.0574756 0.669004 0.0617969 0.670387 0.0617969 0.674535 0.0626611 0.682141 0.0617969 0.683523 0.0609326 0.688363 0.0609326 0.693203 0.0617969 0.698734 0.0617969 0.699426 0.0617969 0.699426 0.0652539 0.695969 0.0687109 0.695277 0.0695752 0.689055 0.0738965 0.682832 0.0808105 0.681449 0.0825391 0.677992 0.0851318 0.667621 0.0885889 0.661398 0.0937744 0.65725 0.0963672 0.655176 0.0998242 0.650336 0.102417 0.64273 0.0998242 0.641348 0.0998242 0.633051 0.0929102 0.630977 0.0894531 0.628211 0.0859961 0.626137 0.0799463 0.625445 0.0764893 0.624754 0.0730322 0.625445 0.0687109 0.626137 0.0652539
2 0.824664 0.261611 0.824664 0.261611 0.824664 0.250205 0.825496 0.247095 0.828813 0.242944 0.832961 0.237759 0.835453 0.236724 0.84043 0.235684 0.84209 0.236724 0.847066 0.236724 0.849555 0.238794 0.853703 0.239834 0.855363 0.240869 0.857023 0.243979 0.858684 0.24813 0.859512 0.25124 0.862 0.256426 0.862832 0.262651 0.86366 0.266797 0.864492 0.275093 0.864492 0.277168 0.864492 0.279243 0.857023 0.286504 0.854535 0.288579 0.851215 0.291689 0.842918 0.296875 0.84209 0.29791 0.832961 0.305171 0.822176 0.309321 0.822176 0.309321 0.820516 0.309321 0.818027 0.308281 0.818027 0.306206 0.819688 0.302061 0.822176 0.288579 0.822176 0.288579 0.822176 0.288579 0.822176 0.279243 0.822176 0.279243 0.820516 0.271982 0.820516 0.271982 0.819688 0.265762
2 0.427348 0.614126 0.427922 0.611245 0.433109 0.601162 0.435414 0.599004 0.437719 0.597563 0.442902 0.596841 0.450395 0.596123 0.455004 0.5954 0.455578 0.5954 0.461918 0.5954 0.468832 0.596841 0.472863 0.596841 0.474594 0.596841 0.474594 0.604766 0.472289 0.610527 0.472289 0.616289 0.472289 0.622051 0.471711 0.627812 0.471137 0.633574 0.470559 0.635732 0.46768 0.642217 0.465375 0.646538 0.462492 0.650859 0.455578 0.650859 0.452699 0.650859 0.452699 0.650859 0.44809 0.6523 0.445785 0.651577 0.44175 0.650859 0.44175 0.650859 0.438293 0.647979 0.437719 0.646538 0.435988 0.645098 0.433109 0.639336 0.432531 0.637896 0.432531 0.637173 0.430805 0.632852 0.42677 0.624932 0.426195 0.624209 0.426195 0.61917
2 0.396234 0.711357 0.398539 0.708477 0.401996 0.705596 0.404875 0.701992 0.40718 0.699111 0.414094 0.691191 0.415824 0.689028 0.425043 0.68543 0.426195 0.68543 0.429652 0.688311 0.431379 0.691191 0.433684 0.696953 0.434262 0.699834 0.434836 0.706313 0.435414 0.709917 0.437141 0.715679 0.437141 0.722881 0.436566 0.730801 0.435414 0.735122 0.434262 0.739443 0.432531 0.745205 0.429652 0.752407 0.42677 0.756729 0.422738 0.76249 0.418703 0.769692 0.416398 0.77041 0.411789 0.780493 0.411789 0.781216 0.406605 0.783374 0.403723 0.778335 0.403723 0.775454 0.403723 0.771851 0.403148 0.768252 0.403148 0.767529 0.399113 0.757446 0.398539 0.756006 0.395082 0.750244 0.39393 0.744482 0.393352 0.743042 0.391625 0.736563 0.389895 0.730083 0.389895 0.722158 0.389895 0.72 0.392777 0.717837
2 0.366273 0.743765 0.368 0.743765 0.370883 0.742324 0.373762 0.738003 0.378949 0.72792 0.380102 0.727202 0.383559 0.722881 0.384711 0.722881 0.385285 0.72792 0.384133 0.732964 0.383559 0.740884 0.383559 0.746646 0.38298 0.749526 0.38298 0.755288 0.38298 0.760327 0.38298 0.760327 0.384133 0.769692 0.384711 0.772573 0.384711 0.779775 0.384133 0.784097 0.382406 0.791299 0.381254 0.793457 0.377797 0.799219 0.370883 0.80498 0.36973 0.805703 0.362238 0.80498 0.355902 0.80354 0.353598 0.8021 0.350715 0.798501 0.349562 0.797778 0.348988 0.794897 0.34841 0.789136 0.347836 0.780493 0.347258 0.777612 0.346684 0.773291 0.346684 0.76897 0.347836 0.766089 0.349562 0.764648 0.355324 0.761768 0.357055 0.758169 0.358207 0.756006 0.359934 0.751685 0.359934 0.750967 0.363969 0.750244
2 0.527602 0.656621 0.528176 0.656621 0.531633 0.656621 0.533938 0.656621 0.538547 0.658062 0.539699 0.658779 0.542004 0.659502 0.544887 0.659502 0.548918 0.659502 0.551223 0.66022 0.553527 0.66022 0.556984 0.66166 0.559289 0.66166 0.56102 0.66166 0.561594 0.663101 0.556984 0.665981 0.551223 0.672466 0.55007 0.675347 0.546039 0.680386 0.540277 0.68687 0.539699 0.68687 0.533938 0.691191 0.528754 0.696953 0.511469 0.699111 0.510891 0.699111 0.510891 0.699111 0.499945 0.69479 0.498793 0.684707 0.498215 0.679668 0.498215 0.677505 0.501672 0.671743 0.503402 0.668862 0.506281 0.667422 0.510891 0.663823 0.520109 0.658779 0.52184 0.657339
2 0.661848 0.488091 0.661848 0.488091 0.663 0.484487 0.665305 0.478008 0.665879 0.475845 0.669914 0.473687 0.675098 0.472246 0.680285 0.468643 0.684316 0.467925 0.689504 0.466484 0.693535 0.465044 0.699875 0.464321 0.70218 0.466484 0.703906 0.470806 0.706211 0.477285 0.707363 0.481606 0.709094 0.487368 0.709094 0.489531 0.709094 0.493853 0.709094 0.498174 0.709094 0.501055 0.707941 0.505376 0.706211 0.510415 0.703906 0.514019 0.703332 0.515459 0.701027 0.517617 0.696992 0.519058 0.695266 0.521938 0.69123 0.521938 0.687773 0.524819 0.686047 0.525542 0.677402 0.52626 0.673945 0.5277 0.671066 0.528423 0.669336 0.529863 0.665879 0.531304 0.664727 0.532744 0.664727 0.533462 0.660695 0.537065 0.660117 0.537065 0.658391 0.537065 0.657238 0.535625 0.65666 0.533462 0.65666 0.533462 0.656086 0.524102 0.656086 0.520498 0.656086 0.51978 0.656086 0.512578 0.65666 0.504653 0.65666 0.502495 0.657813 0.496733 0.658391 0.49313
2 0.478051 0.227373 0.478625 0.227373 0.481508 0.228813 0.483234 0.230254 0.48727 0.231694 0.490727 0.234575 0.494184 0.238896 0.497641 0.24106 0.502824 0.244658 0.506281 0.245381 0.509738 0.254023 0.509738 0.254741 0.510316 0.261226 0.510316 0.263384 0.510316 0.266987 0.510316 0.271309 0.510316 0.274907 0.510316 0.277788 0.509164 0.28499 0.508012 0.288594 0.50225 0.289312 0.501098 0.290034 0.495336 0.290752 0.495336 0.290752 0.486691 0.286431 0.480355 0.284272 0.479777 0.282832 0.477473 0.27707 0.475746 0.265547 0.475746 0.262666 0.475746 0.259785 0.477473 0.254023 0.478051 0.244658 0.478051 0.240337 0.478051 0.238896 0.477473 0.234575 0.477473 0.233135 0.477473 0.230977
2 0.486117 0.300112 0.489574 0.300117 0.491301 0.300117 0.49591 0.300117 0.498793 0.300117 0.502824 0.298677 0.506281 0.298677 0.510316 0.299395 0.511469 0.300117 0.512621 0.300835 0.51723 0.306597 0.51723 0.306597 0.518957 0.309478 0.520109 0.309478 0.520109 0.3102 0.523566 0.310918 0.524145 0.310918 0.525297 0.318838 0.522992 0.318838 0.52184 0.319561 0.520109 0.321001 0.518383 0.323159 0.513773 0.326763 0.509738 0.328203 0.505707 0.329644 0.497063 0.336846 0.49591 0.336846 0.491301 0.338286 0.483812 0.341167 0.48093 0.342607 0.47632 0.341167 0.471711 0.338286 0.469984 0.334683 0.468254 0.328203 0.466527 0.323159 0.466527 0.320278 0.466527 0.31668 0.466527 0.3102 0.468832 0.305879 0.469406 0.305879 0.473441 0.302275 0.475746 0.302275 0.481508 0.300835 0.484387 0.299395
2 0.497063 0.130864 0.497063 0.130864 0.501098 0.130864 0.504555 0.131587 0.510891 0.133027 0.512621 0.133745 0.513773 0.133745 0.518957 0.135186 0.519535 0.135186 0.522992 0.138066 0.527602 0.142388 0.527602 0.142388 0.531633 0.148149 0.531633 0.148149 0.537395 0.150312 0.539125 0.150312 0.543734 0.14959 0.544309 0.14959 0.547766 0.150312 0.547766 0.153193 0.546613 0.158232 0.545461 0.161836 0.542004 0.166875 0.539125 0.167598 0.53682 0.170479 0.53509 0.173359 0.532785 0.175518 0.528176 0.179121 0.524719 0.179121 0.522414 0.181279 0.51723 0.184883 0.508012 0.186323 0.508012 0.186323 0.498793 0.185601 0.498215 0.184883 0.493031 0.184883 0.482082 0.179839 0.480355 0.178398 0.478625 0.175518 0.477473 0.171196 0.47632 0.161836 0.475746 0.158955 0.475168 0.155352 0.477473 0.144551 0.477473 0.144551 0.480355 0.139507 0.482082 0.137349 0.484387 0.132305 0.486117 0.130864 0.491301 0.129424
2 0.497582 0.0444287 0.497582 0.0444287 0.498543 0.0420264 0.500461 0.0384277 0.501422 0.0372266 0.506703 0.0348242 0.511027 0.0318262 0.514387 0.0318262 0.518707 0.0300244 0.522551 0.0300244 0.524469 0.0294238 0.527352 0.030625 0.527832 0.0318262 0.530711 0.0348242 0.533113 0.0390283 0.535512 0.0444287 0.536953 0.0474268 0.537914 0.0498291 0.538395 0.052832 0.535992 0.0576318 0.535992 0.0576318 0.535992 0.0606348 0.535992 0.0612354 0.532633 0.0654346 0.52975 0.0678369 0.527352 0.0696338 0.519187 0.0720361 0.516789 0.0726367 0.514387 0.0732373 0.512945 0.0732373 0.507664 0.0750391 0.507664 0.0750391 0.506703 0.0750391 0.499504 0.0774365 0.499023 0.0774365 0.496621 0.0780371 0.492781 0.0780371 0.48702 0.0792383 0.486059 0.0786377 0.486059 0.0768359 0.485098 0.0732373 0.485098 0.0714355 0.485098 0.0678369 0.485098 0.064834 0.486539 0.0624316 0.488461 0.0576318 0.490859 0.0540332 0.493742 0.0498291 0.494223 0.0474268 0.49518 0.0468311
2 0.613055 0.274233 0.613055 0.274233 0.613055 0.273037 0.613535 0.270635 0.617855 0.267031 0.619297 0.266436 0.62266 0.266436 0.62602 0.267031 0.628422 0.269434 0.631301 0.271235 0.636582 0.273638 0.639945 0.279038 0.640422 0.282637 0.640902 0.287441 0.640902 0.290439 0.640902 0.293442 0.640422 0.300645 0.640422 0.302441 0.639945 0.306646 0.638984 0.309048 0.638023 0.31625 0.637543 0.319248 0.637063 0.322251 0.636102 0.328853 0.63466 0.336655 0.632262 0.339053 0.631781 0.334253 0.631781 0.334253 0.629379 0.330654 0.628422 0.327651 0.62698 0.324648 0.625539 0.32165 0.624578 0.319248 0.623137 0.31625 0.619777 0.310845 0.616898 0.308447 0.615457 0.307246 0.612094 0.304844 0.611613 0.304844 0.611613 0.302441 0.611137 0.295239 0.609695 0.290439 0.609215 0.288638 0.609215 0.282637 0.609215 0.281436 0.609215 0.278438
2 0.717246 0.390669 0.718207 0.389468 0.724449 0.389468 0.72925 0.39127 0.730211 0.39127 0.731172 0.39127 0.734051 0.393672 0.735492 0.396069 0.736934 0.397871 0.737891 0.400273 0.738371 0.402671 0.738371 0.403872 0.738371 0.406875 0.738371 0.410474 0.73741 0.414077 0.735012 0.418276 0.734531 0.419478 0.732129 0.424277 0.732129 0.42728 0.730691 0.434482 0.730691 0.439282 0.72973 0.444087 0.72973 0.446484 0.728289 0.445283 0.725887 0.444087 0.72541 0.442886 0.724449 0.441084 0.719168 0.436885 0.718207 0.436284 0.712926 0.431479 0.710043 0.427881 0.707645 0.424277 0.706203 0.42188 0.702363 0.416479 0.69948 0.412275 0.69852 0.411675 0.695641 0.408677 0.69468 0.405674 0.694199 0.402075 0.694199 0.400273 0.693719 0.397271 0.69468 0.393672 0.69516 0.393071 0.701402 0.39127 0.702363 0.390669 0.704762 0.390068 0.708125 0.390068 0.712445 0.39127 0.712926 0.39127
2 0.718207 0.272437 0.719168 0.273037 0.720605 0.274233 0.724449 0.276035 0.72877 0.277236 0.732129 0.279038 0.734051 0.280835 0.734531 0.280835 0.739812 0.285039 0.740773 0.287441 0.741254 0.287441 0.741734 0.290439 0.742215 0.295239 0.742215 0.297642 0.743172 0.304844 0.743652 0.307847 0.743172 0.315049 0.740773 0.32165 0.739812 0.322251 0.736934 0.325249 0.734051 0.327051 0.726367 0.328252 0.724449 0.327651 0.720125 0.32165 0.716766 0.318647 0.714363 0.316846 0.709082 0.312646 0.707645 0.310845 0.705723 0.307847 0.702844 0.303643 0.701402 0.300044 0.697082 0.295239 0.69516 0.291641 0.694199 0.289238 0.693719 0.28564 0.693238 0.283838 0.692758 0.282637 0.692758 0.279038 0.693238 0.279038 0.69516 0.278438 0.697559 0.277236 0.703801 0.276636 0.707645 0.273638 0.707645 0.273638 0.711484 0.273638 0.715805 0.273037
2 0.674992 0.262231 0.675473 0.26043 0.676434 0.259233 0.680273 0.256831 0.682676 0.25563 0.689398 0.253228 0.689398 0.253228 0.69468 0.252031 0.702363 0.250229 0.703801 0.249028 0.706684 0.250229 0.707645 0.250229 0.707645 0.252627 0.708602 0.25623 0.708125 0.256831 0.706684 0.259829 0.705723 0.262231 0.705723 0.262231 0.704762 0.264634 0.695641 0.276035 0.695641 0.278438 0.695641 0.280835 0.695641 0.283838 0.69468 0.292241 0.69468 0.29644 0.69468 0.302441 0.693719 0.304844 0.689879 0.309644 0.687957 0.311445 0.686996 0.311445 0.684598 0.311445 0.678355 0.312646 0.674035 0.310244 0.672113 0.309048 0.670672 0.307847 0.669711 0.306646 0.666352 0.300044 0.66491 0.297041 0.662988 0.293442 0.662512 0.288638 0.662512 0.28564 0.661551 0.277837 0.661551 0.272437 0.66491 0.267031 0.668273 0.265234 0.671633 0.264634
2 0.660109 0.352798 0.660109 0.352798 0.66107 0.352798 0.662988 0.351597 0.66491 0.350996 0.66923 0.348599 0.672594 0.347397 0.672594 0.347397 0.678355 0.347397 0.680273 0.348599 0.683637 0.351597 0.687957 0.355801 0.689879 0.357598 0.69084 0.359399 0.691797 0.363003 0.692277 0.366602 0.693238 0.369604 0.693238 0.373804 0.693238 0.376807 0.693238 0.382207 0.693238 0.38521 0.689879 0.389409 0.685078 0.39061 0.682195 0.392412 0.681715 0.392412 0.680754 0.392412 0.674035 0.394209 0.671633 0.391812 0.668273 0.388809 0.663469 0.384609 0.657227 0.384609 0.657227 0.384609 0.652906 0.388208 0.645707 0.388208 0.642344 0.385806 0.641863 0.384609 0.641383 0.380405 0.641383 0.378008 0.643305 0.373804 0.643785 0.372002 0.645707 0.369004 0.647625 0.364204 0.649547 0.361201 0.650027 0.360601 0.650988 0.359399 0.654828 0.356401 0.657227 0.353999
2 0.865707 0.177129 0.865707 0.176528 0.875789 0.177729 0.878187 0.179526 0.879629 0.180728 0.882031 0.181929 0.888754 0.182529 0.892113 0.182529 0.898355 0.18373 0.898836 0.185527 0.900277 0.185527 0.91084 0.185527 0.913238 0.184331 0.916602 0.181328 0.921883 0.177729 0.926684 0.177129 0.926684 0.182529 0.926203 0.184331 0.923801 0.18853 0.919961 0.194531 0.919 0.196934 0.913719 0.203535 0.911801 0.206538 0.910359 0.209536 0.908438 0.216738 0.905559 0.220938 0.900277 0.226943 0.895953 0.230542 0.894516 0.232944 0.887312 0.234146 0.887312 0.234146 0.882031 0.235342 0.88059 0.235342 0.871949 0.235342 0.871949 0.235342 0.866187 0.232944 0.864266 0.231743 0.860426 0.229341 0.858984 0.226943 0.856582 0.222739 0.855141 0.220938 0.851301 0.214336 0.848422 0.209536 0.847461 0.206538 0.8465 0.201133 0.8465 0.196934 0.847461 0.190933 0.847461 0.190332 0.852262 0.18373 0.856102 0.180728 0.859945 0.177729 0.862824 0.176528
2 0.793684 0.151919 0.793684 0.151919 0.798965 0.151919 0.799926 0.151919 0.806648 0.153721 0.807609 0.154922 0.80809 0.157319 0.810488 0.164521 0.811449 0.168125 0.812891 0.175928 0.813852 0.180127 0.814813 0.185527 0.81673 0.19333 0.817211 0.196333 0.818172 0.201733 0.818172 0.202935 0.819613 0.211938 0.819613 0.211938 0.818172 0.208936 0.814332 0.206538 0.812891 0.204736 0.809051 0.200532 0.805688 0.195132 0.802809 0.192134 0.796086 0.18793 0.792242 0.186729 0.790324 0.185527 0.788402 0.18373 0.786961 0.180728 0.783602 0.171724 0.78168 0.163325 0.78168 0.159722 0.781199 0.154321 0.781199 0.15312 0.783121 0.151318 0.78648 0.151919 0.789844 0.15312
2 0.491129 0.408433 0.492281 0.406992 0.493434 0.404834 0.494008 0.404111 0.496312 0.402671 0.500348 0.400513 0.504379 0.400513 0.506109 0.40123 0.510719 0.406274 0.513598 0.409873 0.517055 0.414194 0.519359 0.418516 0.52109 0.425718 0.522242 0.429321 0.522816 0.432202 0.523969 0.436523 0.524547 0.444443 0.524547 0.450928 0.524547 0.460288 0.522242 0.476133 0.522242 0.476855 0.522816 0.487656 0.522816 0.489819 0.521664 0.497739 0.519937 0.498462 0.517633 0.491978 0.517633 0.491978 0.517055 0.49126 0.517055 0.490537 0.508988 0.478296 0.507836 0.475415 0.504379 0.472534 0.49977 0.463892 0.497465 0.461011 0.493434 0.454526 0.492281 0.451646 0.490551 0.445884 0.489398 0.443726 0.488824 0.436523 0.488246 0.42644 0.488246 0.422119 0.488246 0.420679 0.489977 0.412754 0.487672 0.418516
2 0.156605 0.483208 0.156605 0.483208 0.167668 0.480615 0.170434 0.479751 0.175965 0.479751 0.185645 0.480615 0.185645 0.481479 0.189793 0.490986 0.191176 0.496172 0.191176 0.500493 0.191176 0.505679 0.191176 0.511729 0.190484 0.516914 0.189793 0.5221 0.189102 0.528149 0.187027 0.533335 0.185645 0.541978 0.182879 0.55062 0.182188 0.554077 0.182188 0.559263 0.182188 0.560991 0.180113 0.56877 0.17873 0.569634 0.177348 0.564448 0.175273 0.558398 0.173891 0.55667 0.171125 0.55062 0.167668 0.547163 0.15868 0.531606 0.155223 0.526421 0.152457 0.521235 0.151074 0.51605 0.149691 0.514321 0.149 0.510864 0.149 0.507407 0.149 0.500493 0.149691 0.492715 0.151074 0.490986 0.152457 0.487529
2 0.873578 0.372544 0.873578 0.371343 0.873578 0.371343 0.8755 0.370142 0.878859 0.368345 0.882223 0.364741 0.883664 0.362339 0.885582 0.361143 0.886543 0.35874 0.894227 0.352739 0.894227 0.352139 0.897586 0.348535 0.901906 0.344336 0.903348 0.344336 0.904309 0.345537 0.904309 0.350938 0.90527 0.357539 0.90575 0.361743 0.90575 0.367144 0.90575 0.372544 0.90575 0.378545 0.904309 0.385747 0.903828 0.389951 0.902387 0.395352 0.900949 0.400151 0.899508 0.403154 0.897586 0.407354 0.889906 0.408555 0.889906 0.408555 0.888465 0.409155 0.886543 0.410356 0.886543 0.410356 0.884621 0.412158 0.874539 0.411558 0.874059 0.411558 0.87118 0.405552 0.863977 0.392949 0.863977 0.390552 0.863977 0.388149 0.864457 0.38335 0.865898 0.380347 0.869258 0.375547 0.870219 0.375547
2 0.933117 0.380347 0.934078 0.380347 0.937438 0.380347 0.94032 0.379746 0.94032 0.379746 0.94032 0.380347 0.945602 0.379146 0.947043 0.377944 0.951844 0.375547 0.953762 0.375547 0.960484 0.373745 0.962887 0.373145 0.963367 0.373145 0.967207 0.373145 0.971527 0.373745 0.971527 0.373745 0.972488 0.373745 0.97873 0.373745 0.98209 0.370742 0.98209 0.370742 0.980652 0.368945 0.975852 0.365942 0.971527 0.362339 0.971047 0.361743 0.968648 0.357539 0.965285 0.352739 0.963367 0.349736 0.961926 0.346738 0.959523 0.344937 0.94752 0.338335 0.94416 0.340137 0.938879 0.341934 0.933598 0.344336 0.931676 0.346738 0.930234 0.348535 0.926875 0.35394 0.924953 0.356338 0.923516 0.360542 0.922555 0.365942 0.922555 0.370742 0.926395 0.377344 0.927355 0.378545
2 0.405926 0.420288 0.407309 0.419424 0.414914 0.411646 0.416988 0.408188 0.419754 0.408188 0.425977 0.41251 0.427359 0.414238 0.431508 0.416831 0.434273 0.422017 0.435656 0.423745 0.43773 0.430659 0.439113 0.439302 0.439113 0.444487 0.439113 0.453994 0.439805 0.463501 0.439805 0.474736 0.439805 0.4877 0.439805 0.498936 0.439113 0.498936 0.435656 0.49375 0.434965 0.492886 0.434273 0.492021 0.432199 0.489429 0.428742 0.485972 0.426668 0.484243 0.423211 0.479058 0.421137 0.477329 0.419063 0.474736 0.414223 0.470415 0.410074 0.464365 0.408 0.460044 0.403852 0.454858 0.399012 0.446216 0.39832 0.440166 0.397629 0.437573 0.397629 0.433252 0.399012 0.428066 0.399012 0.426338
1 0.820937 0.341211 0.823598 0.340195 0.826477 0.337793 0.830801 0.333594 0.83752 0.331792 0.840402 0.334194 0.846164 0.339595 0.852406 0.343794 0.857687 0.350396 0.859129 0.352798 0.862008 0.357002 0.86441 0.363003 0.865371 0.370806 0.865371 0.375005 0.859129 0.382207 0.856727 0.384009 0.848086 0.386406 0.840883 0.385806 0.833199 0.382808 0.828879 0.381606 0.817355 0.381606 0.811113 0.376807 0.808234 0.370205 0.804871 0.363604 0.80007 0.353999 0.794789 0.346196 0.79527 0.344995 0.802949 0.344995 0.807273 0.344995 0.816875 0.342598 0.817836 0.341997
1 0.812937 0.615195 0.81534 0.618198 0.816777 0.619995 0.822539 0.622998 0.825902 0.6254 0.827824 0.627798 0.831184 0.630801 0.832625 0.633198 0.833586 0.635601 0.835023 0.638003 0.837906 0.644004 0.839348 0.648203 0.841875 0.653467 0.845 0.664404 0.845234 0.670166 0.843516 0.674268 0.837891 0.676172 0.831094 0.678125 0.826953 0.676514 0.82375 0.671387 0.816367 0.661182 0.813281 0.654395 0.811836 0.650537 0.810625 0.644775 0.810586 0.639648 0.811406 0.635107 0.811133 0.630908 0.805859 0.619482 0.803203 0.611328 0.803633 0.609229 0.805234 0.608008 0.807176 0.608594
2 0.0867187 0.299805 0.0824219 0.310059 0.0804688 0.316895 0.0785156 0.319336 0.0761719 0.325195 0.0761719 0.33252 0.0789062 0.34082 0.0824219 0.346191 0.0910156 0.352051 0.0925781 0.352051 0.0953125 0.353516 0.0976562 0.356934 0.0996094 0.35791 0.102344 0.361328 0.104688 0.362793 0.108594 0.362793 0.116016 0.356934 0.121094 0.350098 0.123438 0.343262 0.123047 0.333496 0.120313 0.325684 0.114062 0.314453 0.110937 0.312012 0.108203 0.308105 0.103906 0.305664 0.100781 0.301758 0.0960938 0.29834 0.0910156 0.297852
2 0.127344 0.305176 0.126172 0.303711 0.119922 0.300293 0.114453 0.300293 0.111328 0.301758 0.108594 0.305176 0.105078 0.308105 0.103516 0.310547 0.0984375 0.314941 0.0929688 0.321777 0.0871094 0.327148 0.0855469 0.32959 0.0789062 0.333496 0.0746094 0.334473 0.0695313 0.337891 0.065625 0.345703 0.065625 0.351562 0.0667969 0.354492 0.06875 0.356934 0.0730469 0.358398 0.0757812 0.360352 0.0839844 0.36084 0.0859375 0.363281 0.0921875 0.367676 0.100781 0.371094 0.105469 0.371094 0.106641 0.370117 0.108203 0.370117 0.112891 0.366699 0.115625 0.360352 0.115625 0.356445 0.116406 0.353516 0.120313 0.348633 0.121094 0.34668 0.124609 0.34375 0.127344 0.338379 0.129297 0.336426 0.13125 0.330566 0.13125 0.316895 0.130078 0.313477 0.130078 0.311523
2 0.105469 0.662598 0.107422 0.666992 0.109375 0.668945 0.114844 0.671875 0.122266 0.67334 0.123828 0.674316 0.135156 0.674805 0.142578 0.672852 0.154688 0.66748 0.160547 0.666504 0.165625 0.663574 0.18125 0.661621 0.1875 0.657715 0.188281 0.655762 0.188281 0.652832 0.1875 0.650879 0.185156 0.649414 0.180078 0.648926 0.166016 0.641602 0.163672 0.63916 0.158594 0.635742 0.151953 0.627441 0.149609 0.625977 0.138281 0.625488 0.131641 0.627441 0.126953 0.630371 0.125 0.632324 0.124219 0.634277 0.119922 0.638672 0.107813 0.645508 0.105859 0.650879
2 0.197266 0.655273 0.196484 0.657227 0.196484 0.659668 0.2 0.671875 0.202344 0.674805 0.208203 0.678711 0.212891 0.683105 0.217578 0.685547 0.222656 0.689453 0.233984 0.694336 0.241797 0.694824 0.244531 0.693848 0.246875 0.691895 0.248047 0.688965 0.248047 0.682617 0.242969 0.670898 0.240234 0.666992 0.232031 0.662109 0.213281 0.654297 0.199219 0.653809
2 0.257812 0.770508 0.256641 0.767578 0.247266 0.76123 0.237109 0.76123 0.230078 0.763184 0.225781 0.766113 0.223438 0.769043 0.219922 0.770996 0.214062 0.775879 0.209766 0.781738 0.207813 0.783203 0.200391 0.793945 0.196094 0.796387 0.195312 0.79834 0.195312 0.80127 0.196094 0.803223 0.197656 0.804199 0.223047 0.804199 0.23125 0.806152 0.249219 0.806152 0.253906 0.804199 0.256641 0.800293 0.258984 0.793945 0.259375 0.778809
2 0.04375 0.837402 0.0421875 0.836426 0.0378906 0.836426 0.0347656 0.838379 0.0296875 0.838867 0.0285156 0.839844 0.0242188 0.84082 0.0171875 0.844727 0.0128906 0.848145 0.0105469 0.851074 0.00820313 0.85791 0.00820313 0.869629 0.009375 0.875 0.00898437 0.887207 0.00820313 0.890625 0.0046875 0.895996 0.0046875 0.900391 0.00546875 0.902344 0.00703125 0.90332 0.009375 0.90332 0.0105469 0.902344 0.0136719 0.901855 0.0179687 0.898438 0.0304687 0.876465 0.0414062 0.863281 0.0441406 0.855957 0.0449219 0.852051 0.0453125 0.840332
2 0.0445313 0.868164 0.0441406 0.876465 0.0460938 0.881348 0.0480469 0.883301 0.0484375 0.884766 0.0496094 0.885742 0.0554687 0.895508 0.0582031 0.897461 0.059375 0.899414 0.0671875 0.903809 0.0722656 0.904785 0.0816406 0.904785 0.084375 0.90332 0.096875 0.900391 0.105859 0.896484 0.108203 0.896484 0.112109 0.894043 0.119531 0.893066 0.121094 0.89209 0.122266 0.889648 0.122266 0.887207 0.121484 0.885254 0.119141 0.883789 0.115234 0.882812 0.108594 0.878418 0.107813 0.876953 0.0992187 0.869629 0.0933594 0.861816 0.0910156 0.859863 0.0902344 0.85791 0.0847656 0.853516 0.0773438 0.849609 0.0648438 0.849121 0.0589844 0.850586 0.0523438 0.85498 0.0460938 0.86377
2 0.240625 0.946289 0.240625 0.949219 0.241406 0.951172 0.242969 0.952637 0.24375 0.955078 0.246094 0.957031 0.248828 0.961914 0.250781 0.967773 0.250781 0.970215 0.253906 0.977051 0.258203 0.982422 0.262109 0.985352 0.262891 0.986816 0.272266 0.991699 0.291016 0.991699 0.295312 0.989258 0.298047 0.986328 0.3 0.985352 0.304297 0.980469 0.308984 0.965332 0.308984 0.954102 0.307812 0.950684 0.303906 0.944824 0.298438 0.941406 0.283984 0.938965 0.281641 0.9375 0.279297 0.9375 0.273438 0.935059 0.263672 0.935059 0.255469 0.936523 0.249219 0.941406 0.241406 0.944336
2 0.312891 0.950684 0.310547 0.95459 0.307422 0.962402 0.307812 0.971191 0.309375 0.975586 0.312109 0.980469 0.317188 0.986328 0.325391 0.990723 0.3375 0.995605 0.339062 0.997559 0.341797 0.998535 0.342969 1 0.350781 1 0.35 0.990723 0.344922 0.981445 0.341797 0.972656 0.342187 0.968262 0.344531 0.964355 0.347266 0.956543 0.347266 0.952637 0.346094 0.949707 0.34375 0.946777 0.338672 0.943848 0.325391 0.943848 0.324219 0.944824 0.318359 0.945801
2 0.368359 0.934082 0.360547 0.937988 0.359766 0.939941 0.359766 0.942871 0.356641 0.949707 0.355859 0.950195 0.353516 0.956543 0.353125 0.965332 0.354297 0.96875 0.355078 0.977051 0.357812 0.982422 0.36875 0.98877 0.374609 0.989258 0.376953 0.987793 0.38125 0.981934 0.384375 0.97998 0.386719 0.977051 0.390234 0.969238 0.390625 0.95459 0.391406 0.952637 0.391406 0.947754 0.3875 0.939453 0.382422 0.936035 0.375 0.934082
2 0.376953 0.918457 0.375 0.924316 0.375 0.930176 0.377344 0.936035 0.377344 0.937988 0.380859 0.949707 0.380859 0.952148 0.382031 0.955566 0.382031 0.962402 0.384766 0.969727 0.387109 0.973145 0.389844 0.975098 0.391406 0.975098 0.393359 0.976562 0.395703 0.976562 0.399219 0.978516 0.408594 0.978516 0.410938 0.977051 0.412891 0.974121 0.415234 0.972168 0.41875 0.965332 0.423047 0.950684 0.423047 0.941406 0.421484 0.935547 0.41875 0.929199 0.411719 0.925293 0.398828 0.922363 0.395313 0.92041 0.39375 0.92041 0.389844 0.918457 0.3875 0.918457 0.386328 0.91748 0.378516 0.91748
2 0.399219 0.84375 0.392188 0.839355 0.38125 0.839355 0.378516 0.84082 0.370312 0.84082 0.366406 0.843262 0.361719 0.849121 0.355859 0.861328 0.346875 0.875 0.34375 0.877441 0.342969 0.879395 0.341406 0.880371 0.340234 0.882324 0.330469 0.890625 0.329297 0.892578 0.325781 0.895508 0.325 0.897461 0.325 0.899902 0.325781 0.901855 0.327344 0.902832 0.330469 0.902832 0.331641 0.901855 0.339062 0.901855 0.341406 0.902832 0.344531 0.902832 0.347266 0.904297 0.349609 0.904297 0.354687 0.906738 0.360547 0.908203 0.365234 0.908203 0.377344 0.904297 0.387109 0.899414 0.389453 0.895996 0.391797 0.894043 0.396094 0.88623 0.397656 0.884766 0.398828 0.881836 0.400391 0.880371 0.403906 0.870117 0.404297 0.858398 0.403125 0.854492 0.401172 0.851074
2 0.376563 0.809082 0.375 0.808105 0.370703 0.808105 0.366797 0.811035 0.363672 0.811523 0.344141 0.811523 0.338672 0.814453 0.336328 0.817383 0.334375 0.821289 0.331641 0.82959 0.330859 0.833984 0.330859 0.844727 0.331641 0.84668 0.334766 0.850098 0.338672 0.852539 0.340625 0.852539 0.342969 0.854004 0.351953 0.854004 0.355859 0.851562 0.361719 0.845215 0.363672 0.839844 0.363672 0.837891 0.366406 0.831543 0.376172 0.818848 0.377344 0.81543 0.377344 0.811035
2 0.379297 0.817383 0.378125 0.820312 0.378125 0.822754 0.376563 0.826172 0.376172 0.848633 0.378516 0.85498 0.383594 0.859863 0.390234 0.864258 0.396094 0.865723 0.403125 0.865723 0.405078 0.866699 0.437109 0.867188 0.438672 0.866211 0.439453 0.864258 0.439453 0.860352 0.438672 0.858398 0.435547 0.854004 0.433594 0.852539 0.428906 0.84375 0.419531 0.83252 0.411328 0.825684 0.390234 0.812988 0.383203 0.813477
1 0.428125 0.86084 0.428125 0.86377 0.428906 0.865723 0.43125 0.867188 0.435547 0.868164 0.439844 0.870605 0.445312 0.875977 0.452344 0.880371 0.458203 0.890625 0.4625 0.895996 0.463672 0.896484 0.466016 0.899414 0.46875 0.900879 0.470313 0.900879 0.471484 0.901855 0.485156 0.901855 0.488672 0.900879 0.494922 0.89502 0.496875 0.894043 0.499219 0.891113 0.500781 0.887207 0.500391 0.875 0.498437 0.869629 0.494922 0.866699 0.494141 0.865234 0.489063 0.861816 0.478125 0.85791 0.472266 0.854004 0.468359 0.852539 0.466016 0.852539 0.464062 0.851562 0.441406 0.852051 0.438281 0.853027 0.428906 0.858887
2 0.540625 0.933594 0.539062 0.932617 0.536328 0.932617 0.534766 0.933594 0.532031 0.9375 0.529687 0.938965 0.528125 0.941406 0.520703 0.946777 0.519141 0.946777 0.515625 0.949219 0.514062 0.949219 0.504687 0.953125 0.49375 0.95459 0.485547 0.960449 0.483203 0.96582 0.483203 0.979004 0.484766 0.983398 0.486719 0.98584 0.489453 0.986816 0.492969 0.989746 0.498437 0.991699 0.509375 0.998047 0.515234 1 0.526172 1 0.533984 0.995117 0.535937 0.991699 0.536719 0.988281 0.538672 0.984375 0.540625 0.975586 0.541406 0.96875 0.541406 0.935547
2 0.532031 0.866699 0.527734 0.866699 0.524609 0.868164 0.517969 0.874023 0.515625 0.878418 0.515234 0.893066 0.512891 0.899414 0.511328 0.906738 0.511328 0.926758 0.512109 0.928711 0.513672 0.929688 0.515625 0.929688 0.517188 0.928711 0.51875 0.924316 0.523828 0.917969 0.540625 0.904297 0.542578 0.899414 0.542969 0.876953 0.539844 0.87207
2 0.611719 0.947754 0.610938 0.949707 0.610938 0.952637 0.616406 0.963867 0.617969 0.972656 0.618359 0.981445 0.622266 0.991211 0.628125 0.994141 0.644141 0.994629 0.645312 0.995605 0.660937 0.996582 0.667969 0.993652 0.670703 0.991211 0.672656 0.988281 0.675 0.980957 0.675 0.973145 0.671875 0.96582 0.666016 0.960449 0.656641 0.957031 0.649609 0.951172 0.646484 0.949707 0.634766 0.949219 0.632031 0.950195 0.621875 0.950195 0.615234 0.946777 0.613281 0.946777
2 0.664062 0.947266 0.660547 0.951172 0.658203 0.95752 0.658203 0.966309 0.660937 0.974609 0.666797 0.981934 0.677344 0.991211 0.680859 0.995605 0.683984 0.997559 0.685156 0.999512 0.69375 1 0.69375 0.997559 0.692578 0.995117 0.692578 0.98877 0.691797 0.984863 0.691797 0.963379 0.691016 0.961914 0.690234 0.956543 0.6875 0.950195 0.685937 0.948242 0.681641 0.946777 0.676172 0.942383 0.671484 0.942871
2 0.354687 0.705078 0.351953 0.705078 0.344531 0.709961 0.339844 0.711914 0.335156 0.717285 0.332031 0.727051 0.330078 0.729492 0.326562 0.731445 0.323437 0.731934 0.320312 0.733887 0.318359 0.737793 0.318359 0.744629 0.319922 0.748535 0.322656 0.750977 0.324219 0.753418 0.327344 0.754883 0.33125 0.759277 0.339453 0.764648 0.344922 0.766602 0.346875 0.766602 0.348047 0.767578 0.355469 0.767578 0.357812 0.766113 0.360156 0.76123 0.361328 0.753418 0.361328 0.743652 0.360547 0.739746 0.355859 0.726074 0.355469 0.721191 0.353906 0.714355 0.35625 0.712402 0.357031 0.710449 0.357031 0.708008 0.35625 0.706055
2 0.444141 0.726562 0.442969 0.729004 0.441797 0.737305 0.440625 0.740234 0.439453 0.751465 0.436328 0.757812 0.436328 0.764648 0.440234 0.775879 0.440625 0.779785 0.44375 0.786621 0.446094 0.789062 0.451562 0.791992 0.459375 0.791992 0.4625 0.791016 0.466406 0.791016 0.467969 0.791992 0.473828 0.791992 0.475 0.791016 0.478906 0.790039 0.481641 0.788086 0.483203 0.786133 0.485156 0.780273 0.485547 0.764648 0.483594 0.758789 0.48125 0.755859 0.479297 0.751465 0.476562 0.748047 0.473828 0.746094 0.467578 0.746094 0.460938 0.748047 0.458984 0.748047 0.457422 0.74707 0.454688 0.743652 0.452344 0.738281 0.451562 0.737793 0.45 0.732422 0.45 0.728516 0.449219 0.726562 0.447656 0.725586 0.445703 0.725586
2 0.548828 0.694824 0.542578 0.694336 0.5375 0.690918 0.520703 0.692871 0.514844 0.69873 0.510547 0.710449 0.508984 0.720215 0.508984 0.730957 0.509766 0.732422 0.510547 0.737305 0.513281 0.744141 0.513281 0.746094 0.514844 0.750977 0.515625 0.758301 0.519531 0.771973 0.520312 0.777832 0.521094 0.779785 0.523047 0.78125 0.525 0.78125 0.526563 0.780273 0.527344 0.77832 0.527344 0.772949 0.528516 0.768555 0.530469 0.766113 0.533203 0.759277 0.533984 0.758789 0.535156 0.754883 0.544531 0.734863 0.549219 0.727539 0.555078 0.713867 0.555078 0.703125 0.552734 0.697754
1 0.554297 0.574707 0.553516 0.572754 0.551953 0.571777 0.549609 0.571777 0.542578 0.575684 0.541016 0.575684 0.535156 0.57959 0.532422 0.580566 0.53125 0.582031 0.522656 0.587891 0.51875 0.589355 0.517578 0.59082 0.507422 0.597656 0.502734 0.599609 0.495312 0.604492 0.487109 0.606934 0.484766 0.608398 0.484766 0.609375 0.485547 0.61084 0.505469 0.61084 0.508594 0.609863 0.5125 0.609863 0.519922 0.605957 0.521094 0.605957 0.524219 0.603027 0.528906 0.600586 0.535156 0.599121 0.543359 0.595215 0.545703 0.595215 0.548828 0.59375 0.552344 0.593262 0.555469 0.591309 0.55625 0.589355 0.55625 0.585449 0.555469 0.583496 0.554297 0.583008 0.552344 0.580078 0.553516 0.579102 0.554297 0.577148
2 0.409766 0.595703 0.407813 0.595703 0.40625 0.59668 0.403906 0.603516 0.398828 0.610352 0.396484 0.612305 0.392188 0.624023 0.3875 0.626953 0.380469 0.628418 0.378906 0.629395 0.376953 0.632812 0.377734 0.640137 0.378516 0.64209 0.379688 0.643066 0.376953 0.649902 0.376953 0.65918 0.380859 0.667969 0.3875 0.672363 0.395313 0.672852 0.402344 0.669434 0.404687 0.665039 0.404687 0.661621 0.407031 0.658691 0.413281 0.654785 0.417187 0.649902 0.418359 0.646973 0.418359 0.640137 0.416016 0.633789 0.414453 0.631348 0.417187 0.625 0.417187 0.619629 0.415625 0.614746 0.412109 0.60791 0.412109 0.598633 0.411328 0.59668
2 0.485156 0.602051 0.483594 0.603027 0.481641 0.608398 0.480859 0.612793 0.480859 0.617676 0.479687 0.621582 0.479297 0.630371 0.478516 0.632324 0.477344 0.645508 0.475391 0.651367 0.475391 0.661133 0.477734 0.666016 0.477734 0.710449 0.478906 0.713379 0.480469 0.714355 0.482422 0.714355 0.483984 0.713379 0.485156 0.709961 0.485156 0.703125 0.485938 0.700684 0.490625 0.692871 0.500781 0.670898 0.505859 0.655273 0.505469 0.61377 0.503125 0.60791 0.499609 0.605469 0.495312 0.605469 0.491016 0.602539
2 0.526953 0.530273 0.525391 0.529297 0.521094 0.529297 0.515625 0.531738 0.510547 0.53125 0.503125 0.534668 0.492969 0.542969 0.486719 0.552734 0.483203 0.554688 0.48125 0.557129 0.476172 0.560547 0.473828 0.568848 0.473828 0.579102 0.472656 0.586426 0.472656 0.596191 0.475 0.60498 0.477734 0.611328 0.479297 0.612305 0.482031 0.612305 0.4875 0.608398 0.496484 0.606445 0.5 0.604492 0.508594 0.598145 0.514453 0.59082 0.516797 0.586914 0.519141 0.580566 0.522656 0.566895 0.523438 0.555664 0.524609 0.552734 0.525391 0.545898 0.527734 0.539062 0.527734 0.532227
2 0.550781 0.590332 0.545703 0.590332 0.540234 0.592773 0.537891 0.596191 0.537109 0.598633 0.534766 0.601562 0.533594 0.602051 0.527344 0.610352 0.524609 0.616211 0.523438 0.620117 0.523438 0.628418 0.525391 0.633301 0.525391 0.634766 0.527344 0.638672 0.527734 0.646973 0.521484 0.65918 0.521484 0.665039 0.522266 0.666992 0.523828 0.667969 0.526563 0.667969 0.528125 0.666992 0.529297 0.665039 0.532813 0.662598 0.535156 0.65918 0.55 0.647461 0.561328 0.634277 0.566016 0.624512 0.567187 0.619629 0.567187 0.612793 0.564844 0.605957 0.564063 0.605469 0.5625 0.601562 0.558594 0.59668 0.555469 0.594727 0.553125 0.591797
2 0.613281 0.617188 0.611719 0.612793 0.607812 0.609375 0.6 0.606934 0.596875 0.60498 0.589844 0.60498 0.588672 0.604004 0.584766 0.604004 0.582031 0.605469 0.580469 0.607422 0.577344 0.614258 0.575 0.621582 0.573438 0.623535 0.567969 0.626953 0.5625 0.628906 0.560937 0.631836 0.560937 0.634277 0.561719 0.63623 0.569531 0.640625 0.577344 0.641602 0.585156 0.644531 0.589063 0.644531 0.607422 0.632324 0.610938 0.62793 0.613281 0.62207
2 0.594531 0.595703 0.594531 0.599121 0.595313 0.601074 0.600781 0.607422 0.603516 0.611816 0.610938 0.615234 0.620703 0.615234 0.634375 0.608887 0.642969 0.60791 0.645312 0.606445 0.646094 0.604492 0.646094 0.601074 0.644531 0.597656 0.641406 0.595215 0.638281 0.588867 0.633984 0.584961 0.623828 0.578613 0.616406 0.578613 0.614844 0.57959 0.613672 0.582031 0.610547 0.584473 0.596875 0.592285 0.595313 0.59375
2 0.541797 0.738281 0.544141 0.744141 0.549609 0.748535 0.550391 0.75 0.553516 0.751953 0.567578 0.752441 0.573047 0.749512 0.573438 0.748535 0.578516 0.744629 0.582031 0.738281 0.582812 0.733398 0.584375 0.729004 0.588281 0.724121 0.589063 0.722168 0.589063 0.718262 0.588281 0.716309 0.586719 0.715332 0.583203 0.715332 0.58125 0.716797 0.578516 0.716797 0.576172 0.717773 0.573438 0.715332 0.566016 0.714355 0.564063 0.713379 0.559375 0.713379 0.555859 0.712402 0.548828 0.712891 0.546094 0.714844 0.543359 0.722168 0.543359 0.725098 0.541797 0.727539
2 0.611328 0.716309 0.60625 0.713867 0.595703 0.713867 0.591406 0.716309 0.5875 0.717285 0.576953 0.725098 0.567578 0.736816 0.560547 0.751953 0.559766 0.754883 0.558594 0.755859 0.557813 0.758301 0.555469 0.761719 0.552734 0.768066 0.552734 0.771973 0.553516 0.773926 0.555078 0.774902 0.557422 0.774902 0.566016 0.768066 0.571875 0.766113 0.576953 0.762695 0.580469 0.761719 0.583203 0.759766 0.594922 0.755859 0.601172 0.751953 0.608984 0.745605 0.610547 0.742676 0.6125 0.740723 0.614844 0.734863 0.614844 0.723633
2 0.577734 0.658203 0.571094 0.663086 0.569531 0.666992 0.568359 0.672852 0.567969 0.697754 0.569141 0.703125 0.573828 0.712891 0.576172 0.715332 0.578125 0.719727 0.583203 0.725586 0.585547 0.726562 0.594531 0.735352 0.598828 0.73584 0.603516 0.733398 0.605078 0.730469 0.605078 0.713379 0.607031 0.703613 0.607422 0.664062 0.604688 0.65918 0.601562 0.65625 0.592969 0.65625 0.589453 0.657715
2 0.613672 0.722168 0.612109 0.723145 0.611328 0.725098 0.611328 0.728516 0.612109 0.730469 0.618359 0.737305 0.619141 0.740723 0.619141 0.747559 0.616406 0.754395 0.616406 0.756836 0.615234 0.760254 0.615234 0.771484 0.616406 0.77832 0.619141 0.786133 0.622656 0.79248 0.632031 0.802734 0.636719 0.811035 0.639062 0.819824 0.639844 0.841309 0.640625 0.843262 0.642188 0.844238 0.644141 0.844238 0.645703 0.843262 0.646484 0.841309 0.648438 0.831543 0.650781 0.825684 0.650781 0.82373 0.653906 0.81543 0.653906 0.813965 0.655859 0.80957 0.655859 0.771484 0.654687 0.768555 0.653516 0.759766 0.651953 0.755859 0.651953 0.753906 0.648828 0.74707 0.64375 0.739746 0.6375 0.73584 0.632422 0.733887 0.630469 0.731445 0.617188 0.722168
2 0.682031 0.797363 0.674219 0.797363 0.66875 0.801758 0.663672 0.804199 0.656641 0.810547 0.651953 0.821289 0.650781 0.825684 0.650781 0.82959 0.649609 0.833008 0.649609 0.835938 0.647656 0.843262 0.647656 0.853516 0.648438 0.85498 0.648438 0.85791 0.650781 0.861816 0.654297 0.864746 0.663281 0.874512 0.667969 0.882812 0.669922 0.890137 0.66875 0.892578 0.66875 0.900391 0.669531 0.902344 0.671094 0.90332 0.673438 0.90332 0.676172 0.900879 0.676953 0.898926 0.676953 0.89502 0.679297 0.888184 0.680859 0.885742 0.685156 0.873535 0.688281 0.869141 0.692578 0.859863 0.694141 0.858398 0.694922 0.85498 0.696484 0.853516 0.699609 0.845703 0.699609 0.84375 0.702344 0.836914 0.702344 0.834961 0.703516 0.832031 0.703906 0.814941 0.701953 0.80957 0.700781 0.809082 0.7 0.807617 0.695312 0.804688 0.694141 0.804688 0.686719 0.799316
2 0.636328 0.657227 0.635156 0.660156 0.635547 0.664551 0.638672 0.670898 0.638672 0.67334 0.64375 0.686035 0.645312 0.691895 0.647266 0.695801 0.647266 0.698242 0.648438 0.70166 0.648438 0.703613 0.649609 0.706055 0.649609 0.708496 0.651953 0.713867 0.655859 0.727051 0.657813 0.731445 0.660937 0.735352 0.664844 0.738281 0.675391 0.738281 0.680078 0.735352 0.688281 0.727051 0.689844 0.724609 0.691016 0.724121 0.691797 0.721191 0.693359 0.71875 0.693359 0.716797 0.694922 0.712891 0.694922 0.710449 0.696094 0.707031 0.696094 0.700195 0.692578 0.691895 0.690625 0.685059 0.687109 0.678223 0.673438 0.669922 0.66875 0.669434 0.6625 0.666504 0.660547 0.666504 0.655859 0.663574 0.654297 0.663574 0.651172 0.661621 0.644141 0.659668 0.639844 0.65625 0.637891 0.65625
2 0.684375 0.724609 0.671875 0.724121 0.659375 0.734375 0.656641 0.738281 0.654687 0.742676 0.653125 0.751465 0.651172 0.756836 0.650781 0.760742 0.649609 0.763184 0.649609 0.766113 0.648438 0.769531 0.648438 0.784668 0.649609 0.789551 0.651172 0.791992 0.655078 0.801758 0.655859 0.802246 0.656641 0.804688 0.659375 0.807129 0.661328 0.807129 0.662891 0.806152 0.663672 0.804199 0.663281 0.79248 0.667188 0.787598 0.671094 0.78418 0.675391 0.782227 0.680859 0.77832 0.684375 0.772461 0.6875 0.770508 0.687891 0.769531 0.694141 0.764648 0.694922 0.763184 0.697266 0.761719 0.701562 0.753906 0.702344 0.75 0.702344 0.745117 0.700391 0.740723 0.697266 0.736328 0.691406 0.730957 0.688672 0.727051
2 0.739844 0.822266 0.737109 0.822266 0.730469 0.826172 0.728906 0.827637 0.726562 0.83252 0.724609 0.839355 0.724219 0.848633 0.721484 0.856934 0.721094 0.861816 0.721484 0.875977 0.722656 0.878418 0.722656 0.881348 0.725391 0.897461 0.728906 0.907227 0.731641 0.917969 0.731641 0.919922 0.732422 0.921875 0.733984 0.922852 0.735938 0.922852 0.7375 0.921875 0.738281 0.919922 0.739062 0.911621 0.740234 0.90918 0.740234 0.907227 0.742969 0.897949 0.745703 0.884277 0.748437 0.87793 0.749609 0.876953 0.750391 0.874023 0.752734 0.870605 0.756641 0.861328 0.757812 0.856934 0.758594 0.849121 0.758594 0.837891 0.755859 0.830078 0.751563 0.826172 0.747266 0.82373
2 0.815234 0.777344 0.813281 0.777344 0.811719 0.77832 0.810156 0.781738 0.807422 0.791016 0.807031 0.795898 0.804688 0.800781 0.802734 0.803223 0.796484 0.807129 0.79375 0.811035 0.790234 0.824219 0.790234 0.84375 0.794141 0.855469 0.799219 0.866211 0.809375 0.875 0.812891 0.875 0.814453 0.874023 0.816406 0.869629 0.816797 0.832031 0.817969 0.824219 0.817969 0.813965 0.817187 0.812012 0.817578 0.780273 0.816797 0.77832
2 0.71875 0.895508 0.7125 0.899414 0.706641 0.907715 0.705078 0.911621 0.705078 0.913086 0.703516 0.916016 0.703906 0.925293 0.706641 0.932129 0.709766 0.936035 0.710547 0.937988 0.719141 0.944336 0.719922 0.945801 0.726172 0.951172 0.729297 0.956543 0.732031 0.965332 0.733594 0.966309 0.737891 0.966309 0.740234 0.964355 0.741797 0.959473 0.741797 0.932129 0.742969 0.924805 0.745313 0.918945 0.745313 0.911621 0.744531 0.909668 0.740234 0.904785 0.739844 0.90332 0.738281 0.902344 0.735547 0.901855 0.733203 0.899902 0.732031 0.899902 0.725391 0.89502
2 0.940234 0.899414 0.934766 0.89502 0.920312 0.887695 0.913672 0.887695 0.909375 0.889648 0.902344 0.894531 0.901953 0.895996 0.898828 0.899902 0.896094 0.906738 0.895312 0.911621 0.895703 0.931641 0.894531 0.939941 0.89375 0.941895 0.89375 0.945312 0.894531 0.947266 0.896094 0.948242 0.898438 0.948242 0.901953 0.945801 0.908984 0.939453 0.915625 0.931641 0.917578 0.930664 0.918359 0.929199 0.923438 0.924805 0.928125 0.918457 0.935937 0.913574 0.939844 0.912109 0.941406 0.908691 0.941406 0.90332
2 0.900391 0.882812 0.898828 0.881836 0.891016 0.881836 0.884375 0.875488 0.878516 0.871582 0.874609 0.870117 0.869531 0.869141 0.857031 0.869629 0.855859 0.870605 0.853516 0.870605 0.846094 0.875488 0.843359 0.879883 0.841406 0.886719 0.841406 0.901855 0.843359 0.914551 0.844141 0.916504 0.845313 0.916992 0.846094 0.918945 0.851562 0.924805 0.85625 0.927734 0.860938 0.927734 0.866406 0.924316 0.872656 0.918457 0.876172 0.914062 0.876953 0.911621 0.879687 0.908203 0.880859 0.905273 0.886328 0.897949 0.889062 0.895508 0.89375 0.893066 0.899609 0.891113 0.901172 0.887207 0.901172 0.884766
2 0.831641 0.704102 0.830859 0.706055 0.830859 0.708496 0.831641 0.710449 0.835938 0.712891 0.841797 0.719238 0.844922 0.727051 0.844922 0.72998 0.846094 0.734863 0.846484 0.753906 0.851562 0.771973 0.851953 0.776367 0.854297 0.782715 0.855859 0.783691 0.861328 0.784668 0.867578 0.784668 0.872266 0.782715 0.874609 0.779297 0.877344 0.77002 0.877734 0.759277 0.877344 0.755859 0.875781 0.751953 0.875391 0.748047 0.869922 0.733398 0.857812 0.723145 0.848437 0.712402 0.842578 0.708496 0.841016 0.706543 0.835547 0.703125 0.833203 0.703125
2 0.766016 0.641602 0.763672 0.641602 0.761328 0.643066 0.757812 0.652344 0.753906 0.657715 0.753516 0.65918 0.751563 0.661133 0.749609 0.665039 0.74375 0.669922 0.742969 0.671387 0.740234 0.672852 0.736719 0.677246 0.734766 0.681641 0.732812 0.688965 0.732422 0.709473 0.732812 0.712402 0.734766 0.717773 0.738281 0.720703 0.739453 0.720703 0.741406 0.722168 0.743359 0.722168 0.744531 0.723145 0.75 0.723145 0.751172 0.722168 0.753906 0.72168 0.762891 0.71582 0.763281 0.714355 0.765625 0.711914 0.767188 0.708008 0.769531 0.695312 0.769922 0.688965 0.769531 0.653809 0.768359 0.644531 0.767578 0.642578
2 0.710938 0.652832 0.712109 0.658691 0.717187 0.669434 0.724609 0.674805 0.728516 0.675781 0.730859 0.677246 0.734766 0.677246 0.738672 0.675293 0.74375 0.67041 0.745313 0.66748 0.751172 0.660156 0.757031 0.654785 0.759375 0.651367 0.767969 0.644043 0.775 0.63916 0.776953 0.635742 0.776953 0.632324 0.776172 0.630371 0.774609 0.629395 0.772266 0.629395 0.770312 0.630859 0.76875 0.630859 0.765234 0.629395 0.761328 0.628906 0.760156 0.62793 0.754687 0.62793 0.753516 0.626953 0.751172 0.626953 0.742578 0.624512 0.726172 0.624023 0.71875 0.62793 0.715625 0.631348 0.712891 0.63623 0.710938 0.64209
2 0.746875 0.621094 0.746094 0.623047 0.746094 0.625488 0.746875 0.627441 0.750391 0.629395 0.754297 0.629883 0.764062 0.636719 0.770312 0.644531 0.78125 0.654785 0.785547 0.656738 0.788672 0.657227 0.794141 0.660156 0.799609 0.666504 0.801172 0.66748 0.805469 0.666504 0.807813 0.664551 0.808984 0.660645 0.808984 0.654297 0.807422 0.648926 0.801172 0.636719 0.796484 0.632812 0.789453 0.628418 0.783594 0.625977 0.764453 0.624023 0.758594 0.622559 0.753516 0.620117 0.748437 0.620117
2 0.807031 0.606934 0.803906 0.598145 0.801562 0.595215 0.801172 0.59375 0.795312 0.586914 0.789453 0.583496 0.786719 0.583496 0.785156 0.58252 0.777344 0.58252 0.770703 0.588379 0.763672 0.597168 0.753125 0.604492 0.744531 0.608887 0.743359 0.611328 0.742969 0.618652 0.745703 0.623535 0.752734 0.626953 0.757031 0.626953 0.758594 0.62793 0.769531 0.629395 0.780469 0.629395 0.784766 0.62793 0.790625 0.624023 0.794141 0.620605 0.805078 0.614258 0.807031 0.61084
1 0.755859 0.550293 0.755078 0.552246 0.755078 0.55957 0.75625 0.562988 0.765234 0.573242 0.768359 0.575195 0.776172 0.577637 0.782031 0.581055 0.782422 0.582031 0.788281 0.584961 0.799219 0.584961 0.801953 0.58252 0.803125 0.579102 0.802344 0.551758 0.8 0.546875 0.797266 0.543945 0.792578 0.541504 0.787109 0.541504 0.78125 0.543945 0.776172 0.544922 0.770703 0.54834 0.768359 0.54834 0.765234 0.546875 0.760938 0.546875
2 0.813672 0.520508 0.805469 0.520508 0.798828 0.524902 0.797266 0.527832 0.793359 0.53125 0.791016 0.537598 0.790625 0.546387 0.789062 0.553711 0.784375 0.564453 0.784375 0.568848 0.785156 0.570801 0.7875 0.571777 0.791797 0.575195 0.800391 0.57959 0.808203 0.57959 0.819141 0.569824 0.823438 0.563965 0.824219 0.561035 0.825781 0.559082 0.826953 0.555176 0.829688 0.550781 0.832031 0.544922 0.832422 0.537598 0.830469 0.532227 0.824609 0.526855 0.817187 0.523438
2 0.875781 0.533691 0.871094 0.520996 0.867578 0.515137 0.863281 0.513672 0.858594 0.513672 0.855078 0.514648 0.849609 0.518555 0.8375 0.522461 0.827734 0.530762 0.819922 0.54541 0.816797 0.549316 0.816016 0.55127 0.813672 0.553223 0.812891 0.555176 0.812891 0.559082 0.813672 0.561035 0.819141 0.563965 0.824609 0.564941 0.83125 0.569336 0.836328 0.570312 0.837891 0.571289 0.842578 0.571289 0.846484 0.570312 0.849219 0.568359 0.857812 0.564941 0.868359 0.558594 0.872656 0.555176 0.874219 0.553223 0.875781 0.54834
2 0.694141 0.421387 0.693359 0.42334 0.693359 0.425781 0.694141 0.427734 0.696094 0.428711 0.697266 0.430664 0.699609 0.432129 0.702344 0.436035 0.703516 0.436523 0.710156 0.443848 0.713672 0.449707 0.717187 0.45752 0.720703 0.461914 0.732422 0.472656 0.735156 0.476562 0.736328 0.477051 0.742578 0.483887 0.752344 0.490234 0.754297 0.490723 0.766797 0.490234 0.770312 0.488281 0.772266 0.485352 0.774219 0.479492 0.773828 0.467285 0.771484 0.461914 0.770703 0.458496 0.767578 0.453613 0.765234 0.452148 0.764844 0.451172 0.758984 0.447754 0.756641 0.447266 0.754687 0.445801 0.753125 0.445801 0.749609 0.441895 0.741406 0.436035 0.733984 0.433594 0.722266 0.433105 0.719141 0.432129 0.717187 0.430664 0.714453 0.430176 0.707422 0.425781 0.703906 0.425293 0.701562 0.422363 0.698828 0.42041 0.695703 0.42041
2 0.79375 0.470703 0.79375 0.475586 0.794531 0.477539 0.796094 0.478516 0.799219 0.478516 0.802344 0.476074 0.805078 0.475098 0.8125 0.475586 0.817969 0.477539 0.821875 0.47998 0.822656 0.481445 0.827734 0.483887 0.856641 0.483887 0.858984 0.482422 0.862109 0.477051 0.862891 0.472656 0.862891 0.467773 0.861328 0.463379 0.859766 0.461426 0.858594 0.460938 0.847656 0.449707 0.842969 0.446777 0.837891 0.445312 0.83125 0.440918 0.826953 0.439453 0.819531 0.439453 0.812891 0.441895 0.811719 0.443359 0.810937 0.446289 0.808594 0.447754 0.796484 0.464355
2 0.745703 0.355469 0.743359 0.359375 0.740234 0.368652 0.735547 0.378418 0.734375 0.385254 0.734375 0.394531 0.736328 0.400391 0.736719 0.403809 0.739062 0.40918 0.744531 0.416016 0.746875 0.417969 0.755469 0.422852 0.762109 0.424805 0.764062 0.42627 0.768359 0.427246 0.770703 0.428711 0.772266 0.428711 0.780859 0.43457 0.785547 0.438965 0.786719 0.440918 0.789453 0.442871 0.791797 0.446289 0.793359 0.447266 0.795703 0.447266 0.797266 0.446289 0.798047 0.444336 0.798047 0.441895 0.791406 0.427734 0.789844 0.425781 0.788281 0.42041 0.788281 0.407227 0.787109 0.396484 0.787109 0.385254 0.785156 0.374023 0.782422 0.367676 0.777734 0.36084 0.774609 0.359375 0.774219 0.358398 0.76875 0.35498 0.763281 0.352539 0.754297 0.352051 0.748047 0.354004
2 0.735156 0.336426 0.730469 0.327148 0.728125 0.324707 0.724219 0.322266 0.720703 0.320801 0.712891 0.320801 0.707812 0.322266 0.699609 0.327637 0.698047 0.327637 0.69375 0.331055 0.684375 0.344238 0.680078 0.352539 0.676562 0.355469 0.675391 0.357422 0.665234 0.363281 0.664062 0.363281 0.653125 0.370605 0.651563 0.373047 0.65 0.374023 0.649219 0.375977 0.649219 0.378418 0.65 0.380371 0.651563 0.381348 0.654687 0.381348 0.657031 0.379395 0.658594 0.379395 0.659766 0.378418 0.678906 0.378906 0.687891 0.380371 0.689844 0.381348 0.708203 0.380859 0.709375 0.379883 0.7125 0.379395 0.71875 0.375977 0.723828 0.371582 0.725391 0.371582 0.732812 0.366699 0.733984 0.364746 0.735156 0.36084
1 0.833203 0.87207 0.834375 0.876465 0.836719 0.879883 0.838281 0.880859 0.844141 0.880859 0.851562 0.878418 0.855078 0.878418 0.857031 0.879883 0.862891 0.879883 0.867188 0.878906 0.869922 0.876953 0.872266 0.876465 0.880078 0.871582 0.888672 0.871094 0.890625 0.869629 0.891406 0.867676 0.891406 0.865234 0.890625 0.863281 0.889062 0.862305 0.885547 0.861816 0.882422 0.859863 0.880078 0.856445 0.879297 0.854004 0.876953 0.851562 0.875781 0.848633 0.873437 0.845703 0.870313 0.84375 0.865234 0.842773 0.862891 0.841309 0.855859 0.841309 0.85 0.84375 0.847656 0.848145 0.839453 0.858887 0.836719 0.86084 0.833594 0.867676
2 0.83125 0.800781 0.83125 0.805664 0.832422 0.808105 0.834766 0.80957 0.847266 0.810547 0.851172 0.8125 0.85625 0.819336 0.858203 0.82373 0.859766 0.825195 0.864844 0.833984 0.870703 0.838379 0.880469 0.838867 0.883594 0.837891 0.892969 0.832031 0.896875 0.830566 0.899609 0.826172 0.899609 0.817383 0.896875 0.810547 0.889844 0.801758 0.889453 0.800293 0.887891 0.799316 0.886328 0.796387 0.881641 0.792969 0.874609 0.791016 0.848047 0.791016 0.84375 0.791992 0.838281 0.79541 0.837109 0.79541 0.832422 0.79834
2 0.88125 0.822754 0.880469 0.820801 0.878906 0.819824 0.871875 0.819824 0.870703 0.820801 0.868359 0.820801 0.865234 0.822754 0.859375 0.824219 0.851562 0.824219 0.850391 0.823242 0.848437 0.823242 0.845313 0.821777 0.832812 0.820801 0.829297 0.821777 0.820703 0.827637 0.819141 0.831055 0.819141 0.836426 0.819922 0.838379 0.824219 0.84375 0.828125 0.854492 0.839063 0.858398 0.845703 0.858398 0.846875 0.857422 0.853125 0.855957 0.85625 0.854004 0.860938 0.852539 0.869922 0.846191 0.872656 0.842773 0.876563 0.835449 0.878516 0.82959 0.880469 0.827637 0.88125 0.825684
2 0.928125 0.865723 0.928125 0.869629 0.930078 0.875977 0.932031 0.879883 0.937891 0.885742 0.945703 0.890625 0.951172 0.89502 0.966406 0.90332 0.975781 0.909668 0.980469 0.911621 0.985156 0.911621 0.986719 0.910645 0.9875 0.908691 0.9875 0.905762 0.986328 0.902344 0.985156 0.901855 0.981641 0.896973 0.977734 0.893555 0.972266 0.884277 0.967187 0.880859 0.958984 0.872559 0.946484 0.86377 0.941016 0.862305 0.938672 0.86084 0.933594 0.860352 0.929688 0.862305
2 0.955469 0.841797 0.955469 0.835449 0.954297 0.832031 0.954297 0.830078 0.951172 0.822754 0.948047 0.820801 0.939453 0.820801 0.938281 0.819824 0.932813 0.819824 0.931641 0.818848 0.928516 0.818848 0.924219 0.820801 0.920703 0.821289 0.902734 0.821289 0.891797 0.824707 0.884766 0.824707 0.883594 0.82373 0.870703 0.822754 0.86875 0.824219 0.867578 0.827637 0.867969 0.835938 0.869141 0.838867 0.872656 0.843262 0.877344 0.84668 0.882812 0.85498 0.885938 0.856934 0.886328 0.85791 0.894922 0.864746 0.896094 0.866699 0.901172 0.869629 0.901563 0.870605 0.911719 0.875977 0.915234 0.876465 0.917188 0.87793 0.919531 0.87793 0.924219 0.880859 0.929297 0.880371 0.9375 0.874023 0.938281 0.87207 0.942187 0.868164 0.947656 0.857422 0.951953 0.851074
2 0.556641 0.381348 0.555078 0.380371 0.553125 0.380371 0.551562 0.381348 0.550391 0.384766 0.550391 0.386719 0.548828 0.38916 0.543359 0.392578 0.538672 0.393555 0.535937 0.395508 0.529687 0.402344 0.526563 0.408203 0.521484 0.414551 0.5125 0.421387 0.511719 0.42334 0.511719 0.428711 0.513281 0.432129 0.515625 0.435059 0.516797 0.435547 0.519531 0.439941 0.521875 0.441406 0.527344 0.442871 0.534766 0.442871 0.539453 0.439941 0.545312 0.432617 0.55 0.428223 0.554297 0.416992 0.555469 0.408203 0.557813 0.398926 0.557422 0.383301
2 0.477734 0.486328 0.477734 0.493164 0.480078 0.5 0.482812 0.503906 0.483594 0.506348 0.484766 0.506836 0.487109 0.509766 0.4875 0.51123 0.491406 0.516113 0.492969 0.51709 0.493359 0.518555 0.496094 0.520996 0.500781 0.523438 0.504297 0.523926 0.505859 0.524902 0.518359 0.524414 0.522656 0.521973 0.525391 0.518555 0.528125 0.516602 0.531641 0.512207 0.533984 0.506836 0.533984 0.503418 0.532813 0.500977 0.529687 0.499512 0.522656 0.499023 0.520312 0.498047 0.517188 0.495605 0.513672 0.490723 0.505469 0.484375 0.505078 0.483398 0.501563 0.481445 0.497266 0.480957 0.496094 0.47998 0.486719 0.47998 0.483594 0.480957 0.478906 0.483887
2 0.44375 0.373535 0.438672 0.378418 0.435547 0.385742 0.435547 0.414551 0.439063 0.422363 0.44375 0.426758 0.445703 0.429688 0.450391 0.433105 0.452734 0.436523 0.455469 0.444824 0.457813 0.464844 0.458984 0.467285 0.460547 0.468262 0.4625 0.468262 0.464062 0.467285 0.464844 0.465332 0.464844 0.462402 0.466016 0.459961 0.466797 0.453125 0.469141 0.445801 0.471094 0.434082 0.476562 0.416992 0.477344 0.413086 0.477344 0.404297 0.471484 0.387695 0.469922 0.384766 0.466797 0.381348 0.460547 0.376953 0.458203 0.376465 0.454688 0.374023
2 0.479297 0.408203 0.471875 0.408203 0.466797 0.411133 0.465234 0.412598 0.462109 0.419922 0.462109 0.428711 0.463672 0.43457 0.464062 0.441895 0.462891 0.44873 0.4625 0.460938 0.460156 0.469238 0.460156 0.473145 0.458984 0.475586 0.458594 0.478516 0.457031 0.481445 0.457031 0.486328 0.457813 0.488281 0.459375 0.489258 0.461328 0.489258 0.467187 0.485352 0.472656 0.479004 0.476562 0.472168 0.482031 0.465332 0.483984 0.461426 0.491016 0.452637 0.49375 0.445312 0.494531 0.439453 0.494531 0.430664 0.492188 0.424805 0.487109 0.418457 0.484375 0.412598 0.482031 0.409668
2 0.88125 0.433105 0.878906 0.431641 0.876172 0.431641 0.861328 0.443848 0.857031 0.445312 0.851562 0.44873 0.847266 0.453613 0.844141 0.459473 0.842187 0.467773 0.841797 0.473145 0.837891 0.483398 0.837891 0.489746 0.838672 0.491699 0.840234 0.492676 0.842187 0.492676 0.849219 0.487793 0.862891 0.488281 0.867578 0.485352 0.869531 0.48291 0.874609 0.470215 0.875 0.459961 0.875781 0.456543 0.877734 0.454102 0.880078 0.44873 0.880469 0.441895 0.882031 0.437988 0.882031 0.435059
2 0.917969 0.389648 0.916406 0.388672 0.914453 0.388672 0.910156 0.391113 0.907031 0.395508 0.903516 0.402832 0.896875 0.412598 0.892578 0.416992 0.886328 0.421387 0.885938 0.422852 0.883594 0.424805 0.882031 0.427246 0.878516 0.429688 0.876953 0.432129 0.874219 0.434082 0.871875 0.441406 0.871875 0.444336 0.871094 0.446289 0.871094 0.45459 0.872656 0.458008 0.876563 0.460449 0.888281 0.460449 0.891797 0.458984 0.899609 0.458008 0.906641 0.454102 0.909375 0.451172 0.911719 0.446777 0.915234 0.434082 0.915625 0.406738 0.916797 0.397949 0.91875 0.394043 0.91875 0.391602
2 0.876953 0.312988 0.876563 0.32373 0.877344 0.326172 0.877344 0.329102 0.880078 0.336914 0.882812 0.341797 0.891016 0.347168 0.899219 0.350586 0.903516 0.351074 0.905078 0.352051 0.910547 0.352051 0.924609 0.34668 0.929297 0.34375 0.930078 0.341797 0.930078 0.337891 0.926953 0.33252 0.917969 0.325684 0.914453 0.321777 0.914062 0.320312 0.911328 0.317871 0.909375 0.314453 0.898828 0.304688 0.894922 0.303711 0.887891 0.304199 0.885156 0.306152 0.880078 0.308105 0.878125 0.310059
2 0.891406 0.301758 0.892578 0.307617 0.89375 0.310547 0.894531 0.311035 0.895312 0.313965 0.898438 0.316895 0.900781 0.320801 0.903125 0.321777 0.905078 0.324219 0.907422 0.325684 0.908594 0.327637 0.917578 0.333496 0.921094 0.333984 0.922266 0.334961 0.927344 0.336426 0.935156 0.336426 0.945703 0.330566 0.946094 0.32959 0.950781 0.326172 0.952734 0.322754 0.953906 0.322266 0.955469 0.319824 0.958203 0.317383 0.973828 0.306152 0.976562 0.302246 0.979297 0.299805 0.979688 0.29834 0.985938 0.290527 0.988672 0.28418 0.988672 0.281738 0.987891 0.279785 0.986328 0.278809 0.983594 0.278809 0.973828 0.285156 0.973437 0.286133 0.955469 0.295898 0.946094 0.295898 0.941406 0.293945 0.940625 0.29248 0.937891 0.291016 0.933203 0.285156 0.928125 0.281738 0.925391 0.27832 0.917969 0.274902 0.915625 0.272949 0.910156 0.272949 0.9 0.27832 0.894922 0.28418 0.891797 0.291016
2 0.784766 0.0976562 0.784766 0.103027 0.785937 0.106445 0.7875 0.107422 0.791797 0.107422 0.796484 0.11084 0.802734 0.112793 0.810547 0.112793 0.824609 0.106934 0.826953 0.10498 0.828125 0.101562 0.828125 0.0976562 0.826172 0.0932617 0.824609 0.0913086 0.821484 0.0898438 0.810156 0.0898438 0.807031 0.0888672 0.792578 0.0893555 0.786719 0.0932617
2 0.875 0.0332031 0.870313 0.0307617 0.867188 0.0302734 0.858984 0.0307617 0.846094 0.0380859 0.844531 0.0405273 0.840625 0.043457 0.838281 0.0493164 0.836328 0.0605469 0.835156 0.0639648 0.835156 0.0800781 0.835938 0.081543 0.836328 0.0864258 0.8375 0.090332 0.837891 0.102051 0.839063 0.10498 0.841406 0.106445 0.844531 0.106445 0.846094 0.105469 0.847656 0.0996094 0.849219 0.097168 0.852344 0.0888672 0.853125 0.0883789 0.853906 0.0859375 0.856641 0.0830078 0.857031 0.081543 0.861719 0.0776367 0.864062 0.074707 0.871875 0.0693359 0.873828 0.0673828 0.874609 0.0649414 0.875391 0.0644531 0.878906 0.0556641 0.878906 0.0532227 0.879687 0.0517578 0.879687 0.043457 0.877734 0.0375977
1 0.925 0.0170898 0.924219 0.019043 0.924219 0.0249023 0.926953 0.0341797 0.928125 0.0463867 0.928906 0.0478516 0.928906 0.0546875 0.930469 0.0595703 0.930469 0.0639648 0.933594 0.0737305 0.935937 0.0786133 0.942578 0.0830078 0.942969 0.0839844 0.948828 0.0869141 0.953906 0.0878906 0.955078 0.0888672 0.960938 0.0888672 0.964063 0.090332 0.967187 0.090332 0.96875 0.0893555 0.970313 0.0869141 0.974609 0.0830078 0.976953 0.0791016 0.980859 0.0698242 0.98125 0.0576172 0.978516 0.0473633 0.975391 0.043457 0.965625 0.0375977 0.959375 0.0302734 0.946094 0.0224609 0.941406 0.0185547 0.939063 0.0185547 0.932031 0.015625 0.927344 0.015625
2 0.888281 0.0249023 0.888281 0.0327148 0.891016 0.0385742 0.902344 0.0458984 0.904297 0.0458984 0.907813 0.0473633 0.914062 0.046875 0.916797 0.0488281 0.923828 0.0488281 0.929297 0.050293 0.935156 0.050293 0.944531 0.0454102 0.954297 0.0444336 0.9625 0.0424805 0.973047 0.0424805 0.975391 0.0410156 0.976172 0.0390625 0.976172 0.0351562 0.975391 0.0332031 0.973047 0.03125 0.970313 0.03125 0.967969 0.0292969 0.964844 0.0288086 0.962891 0.0273438 0.960156 0.0273438 0.953906 0.0244141 0.949609 0.0234375 0.942969 0.0200195 0.940625 0.0200195 0.937891 0.0185547 0.935156 0.0185547 0.929688 0.0161133 0.921094 0.0151367 0.914062 0.012207 0.904297 0.012207 0.897656 0.0131836 0.892578 0.0170898 0.890234 0.0200195
2 0.865234 0.154785 0.864844 0.166016 0.867188 0.171387 0.871094 0.177734 0.878125 0.181641 0.887891 0.181641 0.894922 0.179199 0.897266 0.179199 0.899219 0.177734 0.902734 0.177734 0.907422 0.17627 0.914062 0.17627 0.921094 0.179688 0.924609 0.180176 0.927734 0.181641 0.929688 0.181641 0.93125 0.180664 0.932031 0.178711 0.932031 0.174316 0.93125 0.172363 0.929297 0.171387 0.926562 0.168457 0.919531 0.165527 0.91875 0.164062 0.914453 0.161133 0.912891 0.15918 0.908594 0.15625 0.9 0.152344 0.896484 0.148438 0.887891 0.142578 0.88125 0.142578 0.879687 0.143555 0.878516 0.146484 0.875781 0.148926 0.872266 0.148926 0.866406 0.151855
2 0.944922 0.101562 0.941406 0.104004 0.941016 0.105469 0.939453 0.106934 0.937891 0.111328 0.938281 0.13916 0.940625 0.145508 0.942578 0.155273 0.945312 0.161621 0.946875 0.162598 0.947656 0.165039 0.958984 0.170898 0.962891 0.175293 0.968359 0.184082 0.969922 0.185059 0.972656 0.185059 0.974219 0.184082 0.975391 0.181152 0.975391 0.17627 0.970313 0.161621 0.967969 0.156738 0.967969 0.154785 0.966406 0.150879 0.964844 0.13623 0.964844 0.127441 0.961328 0.111816 0.958203 0.10498 0.956641 0.103516 0.953125 0.101562
2 0.878125 0.0546875 0.875781 0.0566406 0.872656 0.065918 0.870313 0.0683594 0.868359 0.0742188 0.868359 0.0766602 0.867188 0.0795898 0.866406 0.0883789 0.865625 0.090332 0.866016 0.100098 0.867578 0.104492 0.867578 0.106445 0.86875 0.109375 0.871094 0.121094 0.873437 0.127441 0.875391 0.129395 0.885156 0.134766 0.89375 0.134766 0.896484 0.132812 0.9 0.128418 0.901563 0.125 0.902734 0.119629 0.902734 0.11084 0.898828 0.0996094 0.898828 0.0981445 0.894141 0.0878906 0.891016 0.0839844 0.888281 0.0820312 0.8875 0.0800781 0.885938 0.0791016 0.883984 0.0751953 0.882812 0.0664062 0.882812 0.0576172 0.882031 0.0556641 0.880469 0.0546875
2 1 0.199985 0.993887 0.20167 0.983203 0.208257 0.973805 0.214487 0.965828 0.222856 0.960273 0.22855 0.95757 0.233359 0.957141 0.239409 0.959137 0.247422 0.961129 0.254541 0.965117 0.260952 0.969531 0.267007 0.976797 0.269673 0.982492 0.270029 0.987762 0.268784 0.99773 0.266113 1 0.266113
2 0.720703 0.838379 0.710156 0.837891 0.697656 0.844727 0.693359 0.848145 0.687109 0.855957 0.684375 0.861816 0.684375 0.86377 0.683203 0.866699 0.683203 0.869629 0.682031 0.874023 0.682031 0.887207 0.684766 0.894531 0.689063 0.898926 0.692578 0.903809 0.693359 0.906738 0.694922 0.90918 0.695703 0.916016 0.698438 0.922363 0.700781 0.924316 0.703125 0.924316 0.704688 0.92334 0.708203 0.914062 0.710156 0.912109 0.710547 0.910645 0.712109 0.909668 0.713672 0.907227 0.716797 0.905273 0.721094 0.899902 0.723437 0.89502 0.725781 0.886719 0.726562 0.87207 0.728906 0.863281 0.728906 0.86084 0.729688 0.859375 0.730078 0.849609 0.726562 0.841797
2 0.742188 0.917969 0.740625 0.918945 0.738672 0.924316 0.736328 0.9375 0.734766 0.939941 0.731641 0.949219 0.73125 0.966797 0.730078 0.970703 0.730078 0.97998 0.732031 0.984375 0.734766 0.986328 0.740625 0.994629 0.744531 0.997559 0.746094 1 0.768359 1 0.770703 0.992676 0.771484 0.982422 0.772656 0.979004 0.773828 0.969727 0.775391 0.96582 0.775781 0.945312 0.774219 0.941406 0.769922 0.936035 0.766016 0.933594 0.764453 0.931641 0.762109 0.930664 0.752734 0.922363 0.745703 0.917969
1 0.613672 0.242676 0.613672 0.244629 0.614062 0.245117 0.614453 0.245117 0.614844 0.245605 0.615234 0.245605 0.615625 0.246094 0.625781 0.246094 0.626172 0.245605 0.630078 0.245605 0.630469 0.246094 0.632031 0.246094 0.632422 0.246582 0.633203 0.246582 0.633594 0.24707 0.634766 0.24707 0.635156 0.247559 0.636328 0.247559 0.636719 0.248047 0.637891 0.248047 0.638281 0.248535 0.639062 0.248535 0.639453 0.249023 0.639844 0.249023 0.640234 0.249512 0.641016 0.249512 0.641406 0.25 0.642188 0.25 0.642578 0.250488 0.644531 0.250488 0.644922 0.250977 0.647656 0.250977 0.648047 0.250488 0.652344 0.250488 0.652734 0.25 0.653516 0.25 0.653906 0.250488 0.655078 0.250488 0.655469 0.250977 0.655859 0.250977 0.65625 0.251465 0.657422 0.251465 0.657813 0.251953 0.658594 0.251953 0.658984 0.252441 0.660156 0.252441 0.660547 0.25293 0.662109 0.25293 0.6625 0.253418 0.664062 0.253418 0.664453 0.253906 0.66875 0.253906 0.669141 0.253418 0.669922 0.253418 0.670312 0.25293 0.670703 0.25293 0.671875 0.251465 0.671875 0.250977 0.672656 0.25 0.672656 0.249512 0.673047 0.249023 0.673047 0.248535 0.673438 0.248047 0.673438 0.247559 0.674609 0.246094 0.674609 0.245605 0.675 0.245117 0.675 0.244629 0.675391 0.244141 0.675391 0.242188 0.675781 0.241699 0.675781 0.236328 0.675391 0.23584 0.675391 0.234375 0.675 0.233887 0.675 0.23291 0.674609 0.232422 0.674609 0.231934 0.674219 0.231445 0.674219 0.230957 0.673438 0.22998 0.673438 0.229492 0.670703 0.226074 0.670703 0.225586 0.667578 0.22168 0.667578 0.221191 0.666797 0.220215 0.666406 0.220215 0.665625 0.219238 0.665234 0.219238 0.6625 0.21582 0.662109 0.21582 0.661719 0.215332 0.661328 0.215332 0.660547 0.214355 0.660156 0.214355 0.659766 0.213867 0.659375 0.213867 0.658594 0.212891 0.658203 0.212891 0.657813 0.212402 0.657422 0.212402 0.657031 0.211914 0.65625 0.211914 0.655469 0.210938 0.655078 0.210938 0.654687 0.210449 0.654297 0.210449 0.653906 0.209961 0.653125 0.209961 0.652734 0.209473 0.651953 0.209473 0.651563 0.208984 0.651172 0.208984 0.650781 0.208496 0.65 0.208496 0.649609 0.208008 0.649219 0.208008 0.648828 0.20752 0.648438 0.20752 0.648047 0.207031 0.647656 0.207031 0.646484 0.205566 0.645703 0.205566 0.645312 0.205078 0.644531 0.205078 0.644141 0.20459 0.642969 0.20459 0.642578 0.204102 0.640625 0.204102 0.640234 0.203613 0.636719 0.203613 0.636328 0.204102 0.634766 0.204102 0.634375 0.20459 0.633984 0.20459 0.633594 0.205078 0.633203 0.205078 0.632812 0.205566 0.632422 0.205566 0.63125 0.207031 0.630859 0.207031 0.630078 0.208008 0.629297 0.208008 0.628906 0.208496 0.628516 0.208496 0.628125 0.208984 0.627344 0.208984 0.626953 0.209473 0.626563 0.209473 0.624609 0.211914 0.624219 0.211914 0.623047 0.213379 0.623047 0.214355 0.622656 0.214844 0.622656 0.21582 0.622266 0.216309 0.622266 0.217285 0.621875 0.217773 0.621875 0.220215 0.621484 0.220703 0.621484 0.222168 0.621094 0.222656 0.621094 0.223633 0.620703 0.224121 0.620703 0.224609 0.620313 0.225098 0.620313 0.225586 0.619922 0.226074 0.619922 0.227051 0.619531 0.227539 0.619531 0.228516 0.619141 0.229004 0.619141 0.229492 0.618359 0.230469 0.618359 0.231445 0.617969 0.231934 0.617969 0.232422 0.617578 0.23291 0.617578 0.234375 0.617188 0.234863 0.617188 0.235352 0.616797 0.23584 0.616797 0.236328 0.616016 0.237305 0.616016 0.237793 0.614844 0.239258 0.614844 0.239746 0.614453 0.240234 0.614453 0.241211 0.614062 0.241699 0.614062 0.242188
2 0.397328 0.133242 0.39848 0.133242 0.402516 0.134683 0.403668 0.1354 0.408852 0.136841 0.410582 0.138281 0.414039 0.139722 0.418645 0.141885 0.42268 0.145483 0.423832 0.148364 0.426711 0.151968 0.427863 0.158447 0.428441 0.161328 0.429594 0.163491 0.430746 0.169253 0.43132 0.175015 0.43132 0.177173 0.430168 0.185098 0.426711 0.190137 0.426137 0.195181 0.425559 0.20166 0.420949 0.208145 0.411734 0.217505 0.410586 0.221533 0.40832 0.224268 0.40418 0.23501 0.400938 0.237256 0.399062 0.235547 0.399059 0.231191 0.399633 0.219668 0.399633 0.215347 0.399633 0.211743 0.399633 0.208862 0.399633 0.205981 0.399059 0.198779 0.391566 0.19374 0.390414 0.188696 0.390414 0.182935 0.393297 0.173574 0.392145 0.162769 0.391566 0.154126 0.390414 0.151968 0.390414 0.149087 0.390992 0.146206 0.393871 0.139004
