0 0.86232 0.00369629 0.859852 0.00154297 0.859164 0.000395508 0.858719 0 0.850125 0 0.849465 0.00111328 0.848664 0.00276367 0.848375 0.00505859 0.848547 0.00770996 0.848836 0.0122314 0.849984 0.0161719 0.852105 0.020835 0.855148 0.0253564 0.857441 0.030376 0.859738 0.034248 0.861973 0.0375439 0.86341 0.0403418 0.864902 0.0432129 0.865301 0.0459375 0.865418 0.0498828 0.865992 0.05146 0.867309 0.0529639 0.868918 0.0533252 0.870008 0.0528223 0.870582 0.0516748 0.871211 0.0495215 0.87127 0.0466553 0.871555 0.0448633 0.872762 0.0432861 0.874309 0.0424951 0.875055 0.0407031 0.875574 0.0379053 0.876434 0.0338867 0.876492 0.031665 0.876203 0.029585 0.87477 0.0271484 0.873449 0.0244922 0.873164 0.0222705 0.872934 0.0205469 0.872301 0.0192578 0.871555 0.0181104 0.871211 0.0162451 0.871156 0.014165 0.869605 0.0106494 0.866797 0.00693359 0.865234 0.00522461 0.863523 0.00405273
1 0.771676 0 0.772066 0.0035498 0.772414 0.00813965 0.773102 0.010293 0.77425 0.012373 0.774648 0.0153125 0.774648 0.0173926 0.774766 0.0195459 0.77534 0.0224121 0.776086 0.0263574 0.776715 0.0285791 0.777805 0.0314502 0.777922 0.0349658 0.777977 0.0379785 0.779012 0.0407031 0.780273 0.0428516 0.781422 0.0436426 0.783715 0.0439307 0.784 0.0433545 0.784289 0.0415625 0.784461 0.0389795 0.785094 0.0361816 0.78641 0.0331738 0.789051 0.0281494 0.789684 0.0228418 0.789625 0.0162451 0.789625 0.0114404 0.788191 0.00749512 0.786184 0.00269043 0.785609 0.00104004 0.784961 0
1 0.724727 0 0.726875 0.00743652 0.72934 0.0110254 0.732039 0.0158301 0.736457 0.0184814 0.742078 0.0235742 0.747699 0.0290967 0.75057 0.0295264 0.754184 0.0287402 0.755961 0.0266602 0.756422 0.0233594 0.756137 0.0208496 0.755332 0.0195605 0.753953 0.0178369 0.753152 0.0147559 0.751145 0.00887207 0.749594 0.00457031 0.74793 0.00227539 0.746496 0.000483398 0.745957 0
2 0.759848 0 0.75975 0.00169922 0.759406 0.00270508 0.758715 0.00371094 0.757973 0.00449707 0.758316 0.0063623 0.758715 0.00865723 0.758773 0.0115967 0.758488 0.0131738 0.75757 0.0153271 0.757055 0.0167627 0.756766 0.0194873 0.756535 0.0241504 0.75602 0.0285254 0.755102 0.03125 0.75252 0.0350488 0.750453 0.0377051 0.748504 0.0420068 0.747699 0.0460938 0.746953 0.0502539 0.744945 0.0508301 0.743684 0.0504687 0.742078 0.0482471 0.741102 0.0432275 0.740988 0.037417 0.74007 0.0302441 0.738063 0.0259424 0.736168 0.0213525 0.73502 0.0184131 0.734906 0.0166211 0.736512 0.0152539 0.739496 0.0141064 0.745004 0.010166 0.74684 0.00743652 0.748789 0.00449707 0.74925 0.00263184 0.749422 0.000483398 0.749457 0
1 0.720281 0.00654785 0.717559 0.00302246 0.716219 0.00122559 0.714539 0.000268555 0.712102 0.000390625 0.709574 0.00212402 0.708043 0.00337891 0.707176 0.00481445 0.707086 0.00720215 0.707133 0.0103711 0.708855 0.0146143 0.711723 0.0184375 0.714539 0.0235205 0.717559 0.0281201 0.720664 0.0320068 0.722961 0.035293 0.725207 0.0376221 0.726254 0.0382227 0.727934 0.0379834 0.728551 0.0369678 0.728836 0.0335596 0.728938 0.0292578 0.729031 0.0242383 0.727977 0.0190381 0.725445 0.0137158 0.722004 0.00905762
1 0.687543 0 0.688816 0.00140625 0.691637 0.00529297 0.69427 0.0110303 0.695367 0.0145557 0.696945 0.0170068 0.698043 0.0177832 0.699672 0.0173633 0.701105 0.0159912 0.702395 0.0148535 0.704117 0.0125244 0.704547 0.0100732 0.704309 0.00678711 0.703113 0.00403809 0.702305 0
2 0.705406 0 0.705406 0.0010498 0.706125 0.00463379 0.706602 0.00672363 0.706461 0.0101318 0.705742 0.0121045 0.704883 0.0134814 0.704402 0.01521 0.704164 0.0170068 0.704309 0.0202344 0.704883 0.0232227 0.705887 0.0255518 0.706984 0.0259082 0.708707 0.0254346 0.710668 0.0254346 0.713203 0.0265674 0.715352 0.02854 0.716883 0.0296143 0.717695 0.0302148 0.719512 0.0297949 0.72066 0.0279443 0.722047 0.0239404 0.722523 0.0154492 0.722523 0.0127637 0.722957 0.0086377 0.723434 0.00594727 0.723961 0.00349609 0.724055 0.00122559 0.724102 0
1 0.934621 0 0.93298 0.0018457 0.931316 0.00507324 0.929598 0.00995117 0.927531 0.0139648 0.92541 0.0189844 0.923285 0.0239355 0.92248 0.0261572 0.921965 0.0290283 0.921965 0.0313916 0.922711 0.0331787 0.924375 0.0347656 0.926152 0.0337598 0.928164 0.0319678 0.933152 0.0267334 0.937172 0.0222852 0.941703 0.0182666 0.945949 0.0128174 0.949793 0.00987793 0.954211 0.00492676 0.956676 0.00220215 0.958652 0
1 0.982187 0 0.98393 0.00320801 0.987027 0.00873047 0.990184 0.0126025 0.991445 0.0174072 0.991504 0.0201318 0.99225 0.0230029 0.993973 0.0247949 0.995922 0.0247949 0.998504 0.0235059 1 0.0226953 1 0 0.982422 0
1 1 0.148506 0.998719 0.14853 0.996949 0.149067 0.995418 0.149907 0.99298 0.150801 0.988438 0.151699 0.985953 0.152417 0.983418 0.154209 0.981508 0.155884 0.980691 0.157617 0.980789 0.15959 0.981984 0.161084 0.984039 0.161562 0.98643 0.161499 0.988055 0.162158 0.990637 0.164312 0.993363 0.165742 0.996422 0.166343 0.999055 0.166641 1 0.166641
1 0.829895 0.154287 0.827645 0.156558 0.825926 0.158174 0.825445 0.160083 0.825445 0.163794 0.825445 0.167676 0.826164 0.172217 0.82693 0.173896 0.827262 0.176104 0.827168 0.177837 0.827121 0.179028 0.827645 0.180464 0.828648 0.180703 0.830848 0.180405 0.833 0.179028 0.836012 0.175684 0.837926 0.172515 0.840363 0.168271 0.843137 0.164087 0.845527 0.160142 0.846867 0.157095 0.847773 0.153335 0.847488 0.151479 0.846387 0.150044 0.84457 0.148428 0.842516 0.146821 0.840891 0.145503 0.840363 0.14521 0.839074 0.145439 0.837926 0.146465 0.836969 0.147651 0.835965 0.14873 0.835152 0.150342 0.834387 0.151719 0.833719 0.151836 0.832234 0.152075 0.831758 0.152197 0.830992 0.152974
1 0.760828 0.19397 0.754805 0.19311 0.751477 0.19354 0.749469 0.194619 0.74723 0.195693 0.745738 0.196768 0.745164 0.197915 0.745164 0.199277 0.745453 0.200142 0.745852 0.201216 0.745738 0.202793 0.745625 0.203584 0.745625 0.205303 0.746199 0.206597 0.74809 0.207456 0.750215 0.207168 0.755262 0.208892 0.757387 0.210537 0.760082 0.213193 0.761402 0.215703 0.763641 0.21936 0.767715 0.220938 0.770297 0.221084 0.775977 0.220005 0.779418 0.21771 0.782574 0.216133 0.786188 0.215562 0.787336 0.214268 0.787449 0.212549 0.787047 0.210537 0.786359 0.20939 0.784926 0.208745 0.782805 0.208745 0.779703 0.207959 0.777066 0.204946 0.772875 0.20064 0.767715 0.196699 0.763867 0.194902
1 0.752105 0.226387 0.7505 0.225171 0.749469 0.224238 0.74809 0.223735 0.74677 0.223809 0.746023 0.22438 0.74459 0.225098 0.742527 0.225312 0.741148 0.224741 0.740289 0.225239 0.739426 0.227681 0.739371 0.229902 0.74 0.2327 0.740918 0.234639 0.741609 0.236787 0.742812 0.23894 0.745051 0.240303 0.749066 0.243242 0.752051 0.244893 0.754402 0.244893 0.757156 0.246113 0.758879 0.248262 0.760715 0.249624 0.762949 0.25063 0.766164 0.251636 0.768977 0.252354 0.772074 0.252354 0.775859 0.252422 0.778039 0.251489 0.77982 0.250557 0.78223 0.2502 0.786477 0.2502 0.787852 0.249268 0.788941 0.24812 0.789113 0.246685 0.789055 0.245034 0.788082 0.243818 0.786074 0.242812 0.783664 0.242021 0.780164 0.241021 0.777293 0.2398 0.774312 0.237432 0.771441 0.234854 0.769434 0.232773 0.766395 0.231265 0.761805 0.229902 0.757156 0.228325 0.75377 0.227822 0.75268 0.226963
1 0.717223 0.236284 0.714469 0.235713 0.711199 0.23356 0.710566 0.232559 0.709535 0.2327 0.709133 0.23356 0.70902 0.235137 0.709246 0.236787 0.710969 0.240015 0.712633 0.243242 0.715617 0.248765 0.720094 0.256152 0.723477 0.261172 0.726402 0.265977 0.727836 0.267124 0.729559 0.26813 0.731797 0.269995 0.733289 0.271714 0.735355 0.273867 0.737648 0.275518 0.74 0.276304 0.740574 0.275518 0.740402 0.274438 0.740461 0.273223 0.741723 0.272144 0.743328 0.271357 0.744418 0.270283 0.744707 0.269131 0.744535 0.267339 0.742812 0.265332 0.741434 0.264185 0.740863 0.261602 0.741148 0.258735 0.740574 0.2573 0.739828 0.256367 0.738109 0.25522 0.736844 0.253784 0.735234 0.251123 0.733789 0.248096 0.732891 0.244727 0.729805 0.24043 0.726691 0.239155 0.723305 0.237935 0.719289 0.236646
1 0.637473 0.151118 0.634172 0.146577 0.632258 0.145503 0.630492 0.144966 0.629391 0.143945 0.628484 0.142754 0.626664 0.142095 0.624801 0.142095 0.622887 0.142095 0.621691 0.143052 0.620496 0.144067 0.619109 0.145381 0.618156 0.146279 0.617727 0.147593 0.617582 0.149448 0.617965 0.153213 0.61959 0.158052 0.621215 0.162295 0.62284 0.165522 0.624656 0.168213 0.627238 0.171143 0.629199 0.172456 0.631926 0.172993 0.635367 0.174189 0.637996 0.175684 0.64077 0.177417 0.643641 0.177476 0.646078 0.176577 0.64818 0.175625 0.651145 0.174429 0.652484 0.173354 0.653203 0.170962 0.65234 0.168989 0.650141 0.166597 0.64866 0.164863 0.647797 0.16439 0.646793 0.163672 0.645312 0.162773 0.643496 0.159727 0.641488 0.157334 0.638523 0.153149
1 0.568117 0.133232 0.566352 0.136162 0.565633 0.138193 0.564535 0.141958 0.56348 0.144648 0.562477 0.148472 0.562 0.150625 0.561902 0.154507 0.561711 0.157437 0.560996 0.159829 0.560324 0.161802 0.559895 0.163354 0.560277 0.165566 0.561664 0.166582 0.56334 0.166641 0.564344 0.165864 0.56659 0.164009 0.56793 0.161978 0.571324 0.158394 0.574719 0.154805 0.57773 0.150444 0.580215 0.145127 0.582367 0.139863 0.583469 0.136519 0.584949 0.133232 0.586098 0.130244 0.587055 0.126357 0.587867 0.120679 0.588105 0.116079 0.587816 0.114346 0.58691 0.113569 0.586098 0.113511 0.584996 0.112852 0.584184 0.112017 0.583469 0.111475 0.582605 0.111416 0.581648 0.112075 0.580789 0.113447 0.580074 0.115005 0.578734 0.117095 0.577684 0.118887 0.576344 0.121157 0.575387 0.123311 0.572996 0.126538 0.571754 0.128032 0.569937 0.130425 0.568836 0.132036
1 0.565352 0.039751 0.562625 0.0428613 0.560762 0.0463867 0.557941 0.0515234 0.555742 0.053916 0.55359 0.0552295 0.550195 0.0553516 0.548902 0.0564258 0.547945 0.0582178 0.547945 0.059834 0.54809 0.0613867 0.548426 0.0627637 0.549141 0.0634766 0.549285 0.0649121 0.548379 0.0663477 0.54723 0.0677832 0.546895 0.0702344 0.546848 0.0714258 0.547469 0.073877 0.548617 0.0751318 0.550336 0.0764502 0.551773 0.0771045 0.553109 0.0768652 0.554402 0.0759082 0.555598 0.0736377 0.556312 0.0729199 0.55727 0.072085 0.558418 0.0715479 0.560617 0.0710693 0.563867 0.0692773 0.567215 0.0667676 0.569703 0.0638965 0.571805 0.0600146 0.573 0.0567871 0.574961 0.0524219 0.575391 0.0508691 0.576254 0.0474609 0.577352 0.0440527 0.57893 0.0414844 0.580555 0.0401123 0.58223 0.0380762 0.582469 0.0362842 0.58223 0.0350293 0.580891 0.0337158 0.579695 0.0335937 0.577352 0.0337744 0.574914 0.0346143 0.57109 0.0364063 0.568508 0.0373633 0.566785 0.0384961
1 0.55627 0.0032959 0.555789 0.00144043 0.55498 0.000424805 0.554121 0.000307617 0.553066 0.000722656 0.552305 0.00174316 0.551488 0.00281738 0.550676 0.00299805 0.549672 0.00245605 0.548855 0.00245605 0.547664 0.00305664 0.546758 0.00413086 0.546137 0.00568359 0.546137 0.00759766 0.54623 0.0105859 0.546566 0.0132764 0.547422 0.0150684 0.548191 0.0176367 0.548668 0.020625 0.548668 0.0230176 0.548621 0.0253467 0.548137 0.0280371 0.547523 0.029292 0.546758 0.0306055 0.545563 0.0326416 0.545082 0.0346729 0.544891 0.0386768 0.54532 0.0439941 0.545871 0.0462305 0.546504 0.0507471 0.547078 0.0546924 0.547422 0.0571338 0.547879 0.0582812 0.549258 0.0582812 0.551152 0.0582812 0.553273 0.0575635 0.556027 0.0556982 0.557633 0.0521826 0.557863 0.0498145 0.558551 0.047666 0.559125 0.0456592 0.559184 0.0435059 0.559125 0.0407812 0.558551 0.0383398 0.558324 0.0336816 0.558266 0.0298779 0.558035 0.0245703 0.558613 0.0205908 0.558809 0.0166357 0.558969 0.0124316 0.558969 0.00936035 0.558379 0.0073584 0.557879 0.00682129 0.556707 0.00530762 0.556352 0.00403809
1 0.57516 0 0.575324 0.000654297 0.576473 0.00259277 0.578836 0.00478516 0.581402 0.00875488 0.583426 0.0112842 0.586059 0.0145752 0.588285 0.0161768 0.591457 0.0180322 0.594562 0.0203125 0.597063 0.022251 0.599422 0.0229297 0.601988 0.022002 0.605078 0.0193848 0.60707 0.0179687 0.60832 0.015918 0.60832 0.0140625 0.607457 0.0120459 0.606105 0.00959473 0.603609 0.00655762 0.600707 0.0036084 0.598074 0.00149902 0.59659 6.34766e-05 0.596547 0
1 0.412922 0.0154248 0.409715 0.0165186 0.407867 0.0170068 0.405824 0.0188281 0.404074 0.0210156 0.402133 0.0227148 0.400285 0.0236865 0.397855 0.0244189 0.396687 0.0255127 0.396105 0.0274561 0.396301 0.0291553 0.397078 0.0304932 0.39834 0.0312207 0.40009 0.0312207 0.402422 0.0312207 0.405824 0.0313428 0.408254 0.0324365 0.410395 0.0324365 0.413699 0.0336523 0.418266 0.0335303 0.425266 0.0331641 0.429836 0.0323145 0.434695 0.0313428 0.437707 0.0298828 0.439941 0.0270898 0.440914 0.0228369 0.440914 0.021377 0.440039 0.020166 0.438875 0.0195557 0.438973 0.0178564 0.439457 0.0167627 0.439375 0.0146973 0.438086 0.013623 0.43625 0.0136035 0.43207 0.0136035 0.426434 0.0143311 0.423516 0.0149414 0.420406 0.0151807 0.416227 0.0151807
1 0.187195 0 0.187195 0.00352051 0.187195 0.00594727 0.187195 0.00886719 0.187875 0.0117822 0.18875 0.012998 0.190109 0.0137256 0.193027 0.0143311 0.194773 0.0144531 0.196234 0.0132373 0.197207 0.00995605 0.197594 0.00716309 0.198371 0.00449219 0.199926 0.00108887 0.200742 0
1 0.220922 0.05479 0.217422 0.0551562 0.214797 0.0558838 0.213922 0.0561279 0.213828 0.05771 0.213828 0.0596533 0.21509 0.0624463 0.216836 0.0653809 0.217813 0.0676758 0.22043 0.0691406 0.223945 0.0699707 0.225977 0.0716797 0.230836 0.0754492 0.233363 0.0776318 0.236375 0.0815234 0.238418 0.0826172 0.240168 0.0826172 0.243277 0.0844385 0.244734 0.0856543 0.247168 0.0849219 0.248332 0.0828564 0.249305 0.0792139 0.250762 0.0753271 0.251055 0.0731396 0.250859 0.0711963 0.250375 0.0693701 0.249109 0.0685205 0.246098 0.0666992 0.242988 0.0652393 0.240266 0.0631738 0.238223 0.0594092 0.23725 0.0578271 0.23482 0.0563721 0.231324 0.0558838 0.227047 0.0554004 0.223156 0.054668
1 0.267871 0.0927002 0.264855 0.089541 0.261164 0.0880811 0.259219 0.0878418 0.256789 0.0899072 0.255719 0.0922119 0.256012 0.093916 0.256594 0.0947656 0.257469 0.0969531 0.258246 0.100474 0.258246 0.102539 0.259414 0.105581 0.261551 0.108979 0.264469 0.112383 0.268355 0.11627 0.273215 0.120522 0.277105 0.123315 0.279438 0.124292 0.28002 0.12417 0.28177 0.12417 0.28352 0.12417 0.285367 0.125142 0.287699 0.125747 0.289156 0.126235 0.291293 0.127329 0.292656 0.126841 0.294406 0.127207 0.295961 0.127935 0.297125 0.127812 0.297809 0.126235 0.297906 0.124897 0.297906 0.123315 0.298781 0.120767 0.299266 0.119673 0.299266 0.117852 0.298293 0.115908 0.296836 0.113843 0.295668 0.112139 0.294016 0.111655 0.292656 0.109951 0.290613 0.108618 0.289836 0.108008 0.287895 0.107764 0.285172 0.10667 0.28109 0.103271 0.275859 0.0996094 0.271836 0.0960938
1 0.111941 0.0346143 0.111547 0.0361621 0.111492 0.0384131 0.111043 0.041084 0.110199 0.0434033 0.109242 0.0485352 0.109074 0.0544434 0.109074 0.0569727 0.109691 0.061333 0.110199 0.063374 0.111098 0.0663965 0.112109 0.0676611 0.11318 0.0687158 0.114137 0.0696289 0.115035 0.0713184 0.115711 0.0745508 0.115766 0.0756055 0.116441 0.0776465 0.116891 0.0780664 0.118129 0.078418 0.119422 0.0783496 0.120773 0.0768018 0.121898 0.074624 0.122293 0.0720898 0.122293 0.0700537 0.123023 0.0675928 0.123586 0.0653418 0.123922 0.0616162 0.123922 0.0552881 0.123641 0.0483252 0.123641 0.0445996 0.124766 0.0426318 0.125105 0.0405908 0.125105 0.0389746 0.125555 0.0372168 0.12623 0.035459 0.126453 0.033208 0.125668 0.0307471 0.124035 0.0277246 0.122574 0.0266699 0.121617 0.0261084 0.120043 0.0260352 0.119141 0.0263184 0.118578 0.0271631 0.117793 0.0278662 0.116668 0.0272314 0.116105 0.0266699 0.115598 0.0261768 0.114754 0.0259668 0.114137 0.0258252 0.113293 0.0270215 0.11273 0.0282861 0.112109 0.0302539 0.112055 0.0315918 0.112055 0.0326465
1 0.026125 0.153145 0.0244375 0.154326 0.0230859 0.155254 0.0211992 0.156689 0.0205234 0.158628 0.0205234 0.15998 0.0197813 0.162593 0.0190391 0.164199 0.0182969 0.164873 0.0176875 0.166392 0.017418 0.168921 0.0169453 0.17314 0.0169453 0.175674 0.0177539 0.179385 0.0187695 0.182759 0.0201172 0.184531 0.0220742 0.18605 0.0230859 0.18605 0.0241016 0.185293 0.0245742 0.18394 0.0251133 0.180903 0.0253828 0.178203 0.0264609 0.17584 0.0281484 0.173564 0.0294336 0.171875 0.0299063 0.169937 0.0299727 0.168076 0.0311875 0.165801 0.0330117 0.164199 0.0348984 0.162847 0.0365195 0.161162 0.0369922 0.158545 0.0369922 0.154834 0.0363164 0.1523 0.0353047 0.150361 0.034293 0.149263 0.0336836 0.148926 0.0326055 0.149263 0.0317969 0.149854 0.0306484 0.151035 0.0297695 0.151792 0.0284883 0.152383
1 0.195719 0.143027 0.192008 0.143027 0.18843 0.144038 0.186 0.145308 0.182691 0.147583 0.180867 0.149946 0.179789 0.151719 0.179113 0.153574 0.179113 0.15543 0.179652 0.157373 0.180262 0.159482 0.181207 0.161758 0.182555 0.162349 0.184988 0.162432 0.18809 0.162603 0.190723 0.163447 0.191602 0.163867 0.19241 0.164292 0.193965 0.164038 0.195652 0.162603 0.19916 0.162012 0.202605 0.161929 0.205777 0.162603 0.210164 0.163022 0.214215 0.162266 0.219277 0.160239 0.222988 0.159229 0.225215 0.157285 0.226902 0.155093 0.227176 0.153403 0.226902 0.152646 0.225687 0.151719 0.223395 0.151211 0.220152 0.149355 0.21759 0.147163 0.214078 0.145391 0.209895 0.143618 0.205508 0.142944 0.202469 0.143027 0.200105 0.143198
1 0.250117 0.169678 0.24857 0.17146 0.24702 0.174331 0.245602 0.17627 0.244859 0.17855 0.243777 0.180659 0.24216 0.182769 0.239258 0.185298 0.23723 0.187153 0.235746 0.189263 0.233789 0.19188 0.232844 0.194834 0.232844 0.196943 0.233316 0.199473 0.234328 0.200654 0.236828 0.202344 0.237906 0.203862 0.238176 0.205127 0.239121 0.206563 0.241078 0.206138 0.242227 0.205298 0.244523 0.203188 0.246953 0.201333 0.249719 0.198379 0.252352 0.196523 0.256336 0.19146 0.258695 0.187998 0.260383 0.184287 0.262004 0.181079 0.263555 0.176694 0.263828 0.173149 0.263828 0.169941 0.263828 0.166738 0.264773 0.165132 0.265852 0.164458 0.26673 0.163364 0.266121 0.161675 0.265176 0.160239 0.263422 0.159565 0.260652 0.160576 0.258633 0.162158 0.256336 0.163867 0.254648 0.16522 0.252758 0.166821 0.251742 0.168257
1 0.279082 0.154839 0.274695 0.155684 0.271656 0.156865 0.268148 0.158638 0.265852 0.160156 0.264434 0.161675 0.262883 0.163784 0.26025 0.16834 0.259168 0.171631 0.259777 0.174751 0.26207 0.175088 0.263895 0.17585 0.266258 0.17627 0.27098 0.175767 0.27591 0.174497 0.28077 0.173066 0.285766 0.171294 0.289949 0.170112 0.294203 0.167749 0.29582 0.165386 0.297172 0.162773 0.297578 0.159819 0.296836 0.159058 0.295617 0.157456 0.295215 0.156191 0.293527 0.155601 0.28941 0.155264 0.285898 0.155264 0.282523 0.154927 0.281375 0.154927
1 0.307836 0.184287 0.304461 0.181841 0.301086 0.179814 0.297035 0.17813 0.295687 0.17813 0.294203 0.178804 0.293121 0.179648 0.292379 0.180825 0.292043 0.181924 0.291973 0.183359 0.292109 0.184795 0.292715 0.186313 0.293324 0.188423 0.293324 0.190786 0.293461 0.193062 0.294809 0.195679 0.297711 0.198291 0.302098 0.200825 0.30716 0.203779 0.312359 0.20707 0.316812 0.20918 0.319715 0.211289 0.321539 0.213901 0.32309 0.216348 0.324578 0.217954 0.326602 0.218882 0.32775 0.218882 0.328828 0.217783 0.32957 0.216348 0.330113 0.212129 0.32991 0.207407 0.329773 0.202764 0.32748 0.198716 0.322891 0.195425 0.319176 0.192051 0.315328 0.189351 0.312629 0.188252 0.310336 0.186479
1 0.385582 0.149277 0.382949 0.151729 0.381602 0.153076 0.380047 0.154766 0.378227 0.155522 0.375527 0.156875 0.374512 0.158306 0.374312 0.159575 0.375121 0.161094 0.377281 0.162778 0.38059 0.163794 0.38302 0.163369 0.387066 0.163369 0.390984 0.164468 0.394563 0.166494 0.39807 0.16936 0.402594 0.173325 0.403672 0.175269 0.405023 0.17645 0.40698 0.177715 0.409207 0.177881 0.410895 0.176616 0.412043 0.174761 0.413664 0.172397 0.415418 0.170962 0.416027 0.170122 0.416297 0.167676 0.416297 0.165903 0.416027 0.163369 0.414066 0.159575 0.411367 0.155605 0.408195 0.151812 0.403875 0.148013 0.40084 0.145483 0.397734 0.144473 0.39409 0.144639 0.391793 0.145903 0.388012 0.14751
1 0.433414 0.118472 0.43066 0.119487 0.429039 0.11999 0.427422 0.120801 0.425234 0.122524 0.423695 0.124141 0.422398 0.126064 0.421184 0.128193 0.419727 0.130015 0.417699 0.132446 0.417133 0.133965 0.417055 0.136494 0.417863 0.138315 0.41916 0.139028 0.421102 0.138823 0.422398 0.137002 0.426609 0.135684 0.431227 0.135684 0.437465 0.135786 0.446375 0.13457 0.451316 0.132549 0.45577 0.130015 0.459578 0.12708 0.460551 0.125459 0.461277 0.123335 0.461035 0.121914 0.459414 0.120396 0.45877 0.119487 0.457633 0.117056 0.4565 0.116348 0.455691 0.116753 0.454961 0.117358 0.45334 0.117866 0.450102 0.116953 0.44516 0.116953 0.439488 0.116953 0.437465 0.116953 0.43552 0.117563
1 0.225984 0.223911 0.22225 0.225659 0.220152 0.226826 0.216184 0.230762 0.213504 0.232803 0.208371 0.236743 0.206855 0.237471 0.205687 0.238784 0.205687 0.240825 0.206738 0.242866 0.207789 0.244468 0.208953 0.246509 0.211754 0.247529 0.214086 0.247241 0.215602 0.246074 0.219336 0.244468 0.221316 0.243013 0.225984 0.241553 0.229367 0.240972 0.236832 0.238784 0.240098 0.237178 0.242895 0.233389 0.244414 0.23062 0.24616 0.227993 0.248027 0.225659 0.248262 0.224058 0.246977 0.222017 0.245812 0.220557 0.244762 0.219102 0.243363 0.218516 0.241496 0.218955 0.237996 0.220557 0.232398 0.222598 0.230066 0.222891
1 0.23823 0.253799 0.234148 0.24855 0.230414 0.24374 0.227848 0.241113 0.225984 0.239951 0.224 0.240093 0.222602 0.24272 0.221434 0.244761 0.221434 0.248115 0.221434 0.250884 0.222836 0.255259 0.223418 0.259048 0.224934 0.261235 0.226918 0.264004 0.227266 0.266777 0.228664 0.272173 0.23275 0.276543 0.23543 0.28063 0.239164 0.284419 0.244762 0.287334 0.248262 0.289521 0.249777 0.288647 0.250246 0.287187 0.250246 0.282959 0.249312 0.27917 0.247094 0.272607 0.243828 0.264883 0.24068 0.25876
1 0.288969 0.315913 0.286984 0.317954 0.284187 0.320869 0.282902 0.323203 0.280805 0.326265 0.280805 0.330493 0.281855 0.332095 0.283953 0.332534 0.286402 0.331948 0.28932 0.330928 0.294102 0.329761 0.297602 0.328452 0.302852 0.326416 0.306465 0.323931 0.309266 0.320869 0.311598 0.318975 0.314395 0.317368 0.317547 0.315913 0.320113 0.313872 0.321512 0.312119 0.321512 0.310078 0.320461 0.307603 0.320461 0.305703 0.320344 0.303516 0.319645 0.302061 0.317777 0.301475 0.316379 0.301914 0.313695 0.302207 0.311598 0.303516 0.308449 0.304829 0.302148 0.307324 0.296563 0.309912 0.291992 0.312109
1 0.204988 0.316064 0.201875 0.314966 0.199309 0.312603 0.198574 0.310156 0.197824 0.308218 0.196477 0.307627 0.194863 0.307036 0.193031 0.307036 0.192086 0.308047 0.191816 0.309565 0.191547 0.312012 0.190469 0.314121 0.189461 0.315474 0.188984 0.318003 0.188848 0.319355 0.189387 0.321465 0.190199 0.324331 0.190398 0.327456 0.191074 0.329141 0.192223 0.331084 0.193715 0.332432 0.195531 0.33353 0.197961 0.334624 0.200863 0.336567 0.201809 0.338677 0.203359 0.340869 0.204508 0.342222 0.204852 0.344077 0.204852 0.345513 0.204914 0.347871 0.206059 0.350825 0.207074 0.352344 0.208355 0.352935 0.210988 0.353188 0.213078 0.352769 0.215113 0.351841 0.215848 0.350068 0.216453 0.348379 0.216531 0.344585 0.216531 0.340024 0.216531 0.336484 0.215984 0.333276 0.214496 0.329819 0.213148 0.326104 0.211594 0.323066 0.209906 0.319692 0.208289 0.318003 0.206539 0.316909
1 0.159621 0.312437 0.158137 0.311172 0.157258 0.309229 0.156656 0.307544 0.156445 0.305176 0.155977 0.303906 0.153883 0.303154 0.152871 0.30189 0.152262 0.301382 0.151258 0.30189 0.150508 0.303491 0.149766 0.306616 0.14909 0.308809 0.148484 0.31041 0.147738 0.3121 0.146523 0.314629 0.146457 0.31623 0.146457 0.318765 0.146324 0.320874 0.147469 0.322646 0.151047 0.326274 0.154625 0.329395 0.157863 0.331841 0.160234 0.334541 0.163945 0.337666 0.165363 0.339858 0.168328 0.341714 0.170148 0.342813 0.171641 0.343232 0.172648 0.343315 0.173863 0.342896 0.174207 0.341968 0.176156 0.341294 0.177238 0.340869 0.178242 0.339844 0.17825 0.33834 0.177844 0.33606 0.176699 0.331084 0.175211 0.327622 0.172852 0.323403 0.168598 0.319102 0.164887 0.315557 0.161516 0.313364
1 0.119727 0.311338 0.1175 0.310581 0.113516 0.308809 0.110547 0.307202 0.107914 0.306445 0.106094 0.305435 0.105012 0.305435 0.103461 0.307119 0.102449 0.308892 0.101504 0.30999 0.101434 0.312354 0.102109 0.314375 0.103797 0.317163 0.106766 0.319858 0.110816 0.321631 0.119523 0.325176 0.126613 0.329229 0.130191 0.331504 0.133902 0.332432 0.136738 0.332603 0.138762 0.332349 0.139977 0.330493 0.140449 0.328296 0.14018 0.326187 0.138898 0.324585 0.136738 0.321548 0.133227 0.318091 0.130863 0.316064 0.126949 0.313955 0.123238 0.312354
1 0.0886094 0.310073 0.0876641 0.308638 0.0859766 0.307881 0.0846289 0.307627 0.0819961 0.305854 0.0804414 0.303828 0.0794297 0.3029 0.0774062 0.302563 0.075582 0.302817 0.0741641 0.304165 0.0738945 0.305435 0.0738945 0.307881 0.075582 0.310581 0.0763906 0.312437 0.0770664 0.316401 0.0774727 0.319609 0.078418 0.323403 0.0801055 0.326357 0.0832773 0.329395 0.0865859 0.330996 0.0904336 0.332266 0.0926602 0.332856 0.0956992 0.33353 0.0998828 0.334038 0.105891 0.33606 0.110277 0.336733 0.114598 0.336313 0.117973 0.334541 0.120266 0.332012 0.120605 0.329058 0.119391 0.326777 0.11723 0.324502 0.112707 0.323149 0.109871 0.323066 0.105078 0.3202 0.0976562 0.316064 0.0932656 0.314121 0.0911094 0.312603 0.0895547 0.311338
1 0.092457 0.333696 0.0918516 0.334624 0.091918 0.33623 0.0931992 0.338003 0.0948867 0.339185 0.0979922 0.340195 0.101773 0.34104 0.10427 0.342222 0.107848 0.343232 0.110352 0.343232 0.115273 0.343906 0.118109 0.343906 0.120883 0.343906 0.125328 0.344077 0.129379 0.34644 0.132824 0.346943 0.134309 0.346104 0.13532 0.344331 0.135453 0.342305 0.133363 0.337749 0.129785 0.333696 0.126891 0.330576 0.124063 0.327246 0.120273 0.325049 0.115234 0.323047 0.111641 0.322168 0.10625 0.323291 0.100703 0.324805 0.0969141 0.327295 0.0948281 0.329478 0.0938125 0.330405 0.0934688 0.33125 0.0929297 0.332686
1 0.00843359 0.26374 0.00708203 0.259019 0.00654297 0.254966 0.00607031 0.25168 0.00526172 0.249399 0.00431641 0.248638 0.00323437 0.248892 0.00195312 0.249399 0.000941406 0.249819 0 0.250557 0 0.286221 0.000941406 0.287788 0.00195312 0.289648 0.00289844 0.292852 0.00330469 0.296313 0.00330469 0.298252 0.00364063 0.300615 0.00431641 0.303062 0.00458594 0.305254 0.0059375 0.306016 0.0078125 0.304492 0.00904297 0.30146 0.00964844 0.297495 0.0105938 0.292007 0.0114023 0.287031 0.0116055 0.283066 0.0114023 0.280786 0.0103906 0.277832 0.00964844 0.274038 0.00924219 0.270664 0.00897266 0.267119 0.00876953 0.265767
1 0 0.324937 0.00154688 0.323145 0.00526172 0.319009 0.0085 0.315127 0.0110664 0.311416 0.0135625 0.309053 0.014375 0.306943 0.0145742 0.305342 0.0144414 0.303735 0.0133594 0.303232 0.0120781 0.302808 0.0111992 0.302051 0.00985156 0.301035 0.0093125 0.300781 0.00802734 0.300781 0.00660938 0.301543 0.00546484 0.302305 0.0034375 0.303823 0.00182031 0.305254 0.000941406 0.305845 0 0.306265
1 0.0327656 0.400044 0.0309453 0.402236 0.0291211 0.40502 0.0265586 0.40999 0.025207 0.413198 0.024668 0.415649 0.0237227 0.419775 0.0233164 0.422485 0.02325 0.424512 0.0233867 0.427129 0.0243281 0.428223 0.0260859 0.428223 0.0284492 0.42772 0.0302695 0.426704 0.0330391 0.425269 0.0355352 0.423501 0.0378984 0.420967 0.040125 0.418438 0.0429609 0.417422 0.0447813 0.415737 0.0480234 0.415308 0.0517344 0.414219 0.0547031 0.413457 0.0567969 0.411265 0.0583516 0.408481 0.0597656 0.407119 0.0607109 0.40561 0.0606445 0.404175 0.0591602 0.402236 0.0554492 0.400298 0.0506562 0.398608 0.046875 0.397427 0.0412031 0.396069 0.0394492 0.396162 0.0370195 0.397007 0.0347266 0.398018
1 0.092168 0.402144 0.0901406 0.399199 0.0875117 0.39709 0.0839336 0.395063 0.0815703 0.393628 0.0801523 0.393379 0.0783281 0.394556 0.0769805 0.395825 0.0757656 0.397163 0.0750234 0.398691 0.0750234 0.39979 0.0757656 0.402065 0.0765078 0.403501 0.0770469 0.406118 0.0773867 0.40729 0.0777891 0.408145 0.079207 0.408647 0.0817734 0.409829 0.0844063 0.411855 0.0857539 0.413965 0.0873086 0.417339 0.0881836 0.42063 0.0894687 0.42332 0.0916289 0.427212 0.0939219 0.429912 0.0962187 0.432275 0.0984453 0.433286 0.10148 0.434634 0.103844 0.435903 0.105801 0.438096 0.107762 0.438433 0.110191 0.438179 0.11127 0.436914 0.111539 0.434976 0.110934 0.432432 0.109379 0.428896 0.107828 0.425103 0.107355 0.420376 0.105531 0.414893 0.102023 0.411011 0.0984453 0.407554 0.0950703 0.404429
1 0.00525 0.473843 0.00229687 0.471143 0 0.469785 0 0.491128 0.00065625 0.491826 0.00323437 0.493994 0.00604688 0.496514 0.00796875 0.497393 0.00970312 0.498096 0.0119531 0.500146 0.0154219 0.502607 0.0181406 0.503486 0.0207188 0.503486 0.0215625 0.502256 0.0222656 0.499678 0.022125 0.498682 0.0208125 0.497393 0.0191719 0.495576 0.0178125 0.492705 0.0162188 0.487725 0.0140156 0.484795 0.00989063 0.479463 0.00703125 0.47583
1 0.121293 0.475977 0.117543 0.477559 0.114871 0.479141 0.112715 0.481074 0.109621 0.48418 0.107605 0.486699 0.106855 0.488574 0.106762 0.489863 0.107277 0.492207 0.108965 0.492969 0.110746 0.492383 0.113793 0.492383 0.121434 0.492559 0.12659 0.492559 0.131137 0.491738 0.136059 0.48916 0.142902 0.484121 0.148527 0.479141 0.153027 0.476152 0.155324 0.47375 0.15584 0.472344 0.15584 0.469766 0.154715 0.466426 0.153777 0.463848 0.152699 0.461914 0.150965 0.461035 0.149043 0.461445 0.145668 0.463613 0.138637 0.467129 0.135027 0.469473 0.130574 0.471875 0.128418 0.473281 0.124387 0.474512
1 0.126641 0.510059 0.12375 0.510645 0.119883 0.511768 0.116406 0.512646 0.113559 0.512715 0.112344 0.513418 0.111637 0.515117 0.111781 0.517227 0.112809 0.519336 0.114875 0.520742 0.117687 0.521387 0.120547 0.522676 0.123262 0.524785 0.126641 0.527129 0.129121 0.528418 0.133625 0.529883 0.138969 0.530352 0.145344 0.530469 0.152609 0.531172 0.156359 0.53123 0.157297 0.530996 0.157953 0.53 0.158234 0.528066 0.158562 0.526074 0.159453 0.52332 0.159359 0.521855 0.158938 0.520625 0.157574 0.519805 0.153402 0.518926 0.148949 0.518457 0.145391 0.518164 0.140156 0.51582 0.136289 0.514307 0.132891 0.511865 0.131172 0.511084 0.12918 0.510547
1 0.960828 0.275649 0.956766 0.273667 0.951672 0.270571 0.94857 0.268159 0.946367 0.266182 0.944371 0.264717 0.942719 0.26334 0.941617 0.263252 0.940449 0.264116 0.939965 0.265405 0.939965 0.267129 0.940242 0.269365 0.941824 0.273066 0.94341 0.277109 0.944992 0.281929 0.946988 0.285801 0.949535 0.289932 0.953047 0.293374 0.960484 0.29957 0.966957 0.303877 0.969227 0.306284 0.971914 0.307319 0.973977 0.307661 0.97632 0.30689 0.978039 0.305513 0.978523 0.303271 0.978383 0.299141 0.977625 0.296304 0.97432 0.292256 0.970191 0.287783 0.965715 0.281846 0.964063 0.279521 0.962344 0.277197
1 0.94323 0.312905 0.939992 0.310234 0.936621 0.30731 0.935793 0.306021 0.935242 0.304468 0.934828 0.302832 0.933523 0.301455 0.932695 0.301025 0.931457 0.301025 0.930012 0.30249 0.929113 0.304644 0.928562 0.307139 0.92877 0.309033 0.929598 0.311787 0.929805 0.315054 0.930285 0.318325 0.932074 0.32168 0.935105 0.324438 0.941094 0.32917 0.945859 0.334229 0.94875 0.338574 0.951355 0.343027 0.95273 0.345093 0.953145 0.346382 0.953762 0.348105 0.955965 0.349048 0.958996 0.349048 0.961613 0.348018 0.962438 0.346211 0.963332 0.344058 0.965191 0.343369 0.965949 0.341733 0.965949 0.339326 0.964848 0.335195 0.962645 0.330459 0.960305 0.325728 0.955965 0.321079 0.951629 0.317808 0.947844 0.3154 0.945156 0.314365
1 1 0.368501 0.997594 0.367217 0.993324 0.36481 0.987129 0.360332 0.983824 0.358613 0.977973 0.357925 0.97391 0.357749 0.970605 0.35749 0.968609 0.356719 0.966816 0.356719 0.965648 0.357749 0.965098 0.359561 0.964891 0.361626 0.966473 0.363862 0.969984 0.367905 0.973219 0.371606 0.979762 0.377114 0.987473 0.381592 0.99243 0.38271 0.996148 0.383569 1 0.38375
1 0.957387 0.374541 0.956352 0.373164 0.955184 0.371953 0.953875 0.371865 0.95243 0.372388 0.95002 0.374961 0.948641 0.377544 0.947402 0.379351 0.946988 0.381943 0.947402 0.383228 0.948711 0.384858 0.950086 0.386162 0.951809 0.388906 0.953117 0.39312 0.954148 0.397949 0.954633 0.401299 0.955594 0.403965 0.958074 0.408013 0.960621 0.411626 0.96427 0.414038 0.967574 0.415156 0.969363 0.415845 0.972809 0.416445 0.974805 0.417056 0.976801 0.419468 0.978867 0.421006 0.980656 0.421006 0.981758 0.419717 0.982035 0.416357 0.981758 0.41335 0.981277 0.410259 0.979277 0.406548 0.977832 0.403965 0.975562 0.401133 0.973219 0.399062 0.970813 0.396221 0.96957 0.393647 0.968883 0.390625 0.967574 0.387871 0.966129 0.383999 0.963926 0.380645 0.961035 0.377632 0.959383 0.377036 0.958211 0.376167
1 0.919242 0.411025 0.915938 0.412227 0.914422 0.414551 0.912977 0.417563 0.911668 0.420835 0.910703 0.423848 0.90857 0.426431 0.907949 0.428237 0.907605 0.430386 0.907539 0.434346 0.90857 0.435552 0.909742 0.43564 0.910637 0.434604 0.911461 0.433398 0.912152 0.431333 0.913664 0.43082 0.916762 0.43082 0.919379 0.429873 0.921031 0.429097 0.925437 0.428579 0.928949 0.428496 0.932668 0.426772 0.935352 0.425308 0.938246 0.423501 0.940859 0.421006 0.94093 0.419458 0.940309 0.418252 0.939691 0.412832 0.939277 0.411025 0.938176 0.409302 0.937418 0.408525 0.935078 0.408442 0.933977 0.40896 0.931086 0.410508 0.928813 0.410938 0.926816 0.411538 0.922133 0.411108
1 0.99952 0.447344 0.996562 0.448979 0.993668 0.450527 0.990641 0.45311 0.98768 0.45543 0.984582 0.457412 0.981137 0.45939 0.978867 0.461372 0.976801 0.463521 0.97618 0.466104 0.97625 0.467827 0.977281 0.46877 0.978383 0.470493 0.978523 0.471782 0.978523 0.473418 0.980035 0.474624 0.981687 0.474795 0.983891 0.474624 0.988297 0.474023 0.992086 0.472729 0.995254 0.470752 0.998559 0.470493 1 0.470493 1 0.447021
1 0.818105 0.274849 0.816023 0.279561 0.814633 0.284146 0.81384 0.286128 0.812355 0.293066 0.811066 0.2979 0.810074 0.300254 0.809082 0.302485 0.80809 0.303604 0.806902 0.306079 0.806902 0.308433 0.807199 0.310542 0.808883 0.312773 0.81077 0.315376 0.812254 0.316738 0.813543 0.316616 0.815727 0.314507 0.817707 0.311411 0.820582 0.306821 0.824551 0.300625 0.827027 0.294307 0.829109 0.286748 0.830496 0.280425 0.830496 0.274355 0.829703 0.267168 0.829109 0.261963 0.828117 0.258984 0.82693 0.257622 0.825539 0.257622 0.824449 0.259111 0.822961 0.263818 0.821773 0.267661 0.819492 0.271753
1 0.757328 0.335068 0.753066 0.338179 0.749297 0.342021 0.744641 0.348091 0.741465 0.351812 0.739484 0.354165 0.737797 0.355405 0.73641 0.356147 0.735715 0.357251 0.735418 0.35999 0.73641 0.362466 0.737004 0.365444 0.738293 0.369282 0.739684 0.371641 0.742656 0.372124 0.745234 0.371641 0.747812 0.36916 0.751281 0.364687 0.757527 0.358501 0.761594 0.356768 0.764469 0.354771 0.768633 0.353296 0.771109 0.352056 0.773984 0.34896 0.776363 0.346479 0.778844 0.344375 0.780332 0.343877 0.782117 0.343384 0.784395 0.344253 0.786875 0.342764 0.787469 0.340283 0.786281 0.337061 0.784 0.335068 0.78043 0.333716 0.772004 0.332847 0.767938 0.332847 0.763277 0.333223 0.759707 0.333716
1 0.736266 0.366665 0.734832 0.367173 0.734199 0.367891 0.734145 0.369463 0.734543 0.37061 0.734602 0.372544 0.734773 0.374634 0.735633 0.376274 0.737586 0.377349 0.742004 0.377563 0.745961 0.377427 0.750609 0.37707 0.754109 0.375708 0.75784 0.374912 0.761109 0.372188 0.76352 0.369243 0.76352 0.366021 0.762602 0.363364 0.761512 0.361929 0.757781 0.360854 0.755141 0.360854 0.749461 0.361787 0.74252 0.363506 0.738445 0.365518
1 0.69968 0.318154 0.698852 0.32022 0.698441 0.322197 0.69775 0.32478 0.695273 0.32874 0.693965 0.330635 0.693277 0.333213 0.693137 0.336914 0.693207 0.339668 0.694309 0.34251 0.695344 0.344316 0.697406 0.345093 0.698508 0.344404 0.700094 0.34165 0.701953 0.341216 0.704359 0.340527 0.705738 0.338638 0.708148 0.333389 0.710074 0.330117 0.711039 0.327622 0.712141 0.323921 0.713863 0.319185 0.714621 0.316001 0.714965 0.312729 0.715309 0.309893 0.716066 0.306279 0.716066 0.30335 0.714551 0.300767 0.712898 0.300767 0.711453 0.301372 0.709801 0.300854 0.708422 0.300254 0.70732 0.299648 0.705602 0.300254 0.704707 0.302231 0.703191 0.305415 0.701953 0.307827 0.701813 0.310151 0.701523 0.312061 0.701813 0.313853 0.701469 0.315742 0.700781 0.316606
1 0.691555 0.300942 0.689008 0.299136 0.68818 0.296636 0.687148 0.294658 0.685426 0.293369 0.684258 0.293369 0.68302 0.295176 0.682813 0.297759 0.682672 0.301543 0.681918 0.305073 0.681918 0.31041 0.681918 0.314194 0.682121 0.318584 0.683223 0.321338 0.684738 0.325469 0.686391 0.32874 0.688457 0.333042 0.690246 0.335796 0.691898 0.33855 0.694516 0.339585 0.696445 0.339585 0.698098 0.33812 0.699199 0.335625 0.699887 0.333042 0.699543 0.327881 0.697957 0.321597 0.69727 0.315742 0.695617 0.309546 0.695273 0.306968 0.694652 0.304727 0.693484 0.30292 0.692586 0.301714 0.69252 0.301714
1 0.675168 0.280801 0.673309 0.281406 0.671383 0.282695 0.670281 0.284419 0.670004 0.287256 0.670488 0.28915 0.672207 0.291128 0.673586 0.293281 0.675375 0.29354 0.678199 0.294399 0.681227 0.296294 0.684121 0.297412 0.690316 0.297759 0.696789 0.297583 0.701195 0.297583 0.702848 0.297583 0.705395 0.296553 0.706703 0.295435 0.707734 0.294917 0.709594 0.29397 0.711797 0.293882 0.712828 0.291992 0.712898 0.289839 0.712828 0.288374 0.71159 0.286309 0.709594 0.284932 0.707391 0.283813 0.704359 0.283384 0.702363 0.28123 0.700852 0.279771 0.698027 0.278047 0.695137 0.277187 0.692176 0.276929 0.689832 0.2771 0.686184 0.278652 0.684324 0.279424 0.681848 0.279771 0.678816 0.280288 0.677715 0.280288
1 0.657613 0.323315 0.654789 0.326758 0.65293 0.328911 0.649902 0.331577 0.647078 0.333901 0.645355 0.335366 0.644461 0.336655 0.642602 0.338638 0.64157 0.339067 0.640676 0.339668 0.639918 0.340786 0.639711 0.34208 0.639711 0.343457 0.639988 0.345264 0.639504 0.34793 0.640055 0.350342 0.641777 0.351113 0.644395 0.350513 0.646941 0.349565 0.64818 0.348276 0.649969 0.345605 0.653344 0.34311 0.656512 0.340786 0.658508 0.338809 0.661949 0.335884 0.66725 0.333901 0.67159 0.329858 0.675168 0.322803 0.677441 0.318672 0.680273 0.313477 0.68043 0.310547 0.679609 0.30918 0.677578 0.308599 0.675855 0.309463 0.672414 0.311353 0.668973 0.313853 0.666492 0.31583 0.663047 0.31748 0.660367 0.319961 0.658852 0.321938
1 0.650754 0.29645 0.64943 0.297026 0.647766 0.297959 0.645297 0.299751 0.642887 0.302402 0.640887 0.305059 0.639273 0.307783 0.63807 0.309502 0.63652 0.311011 0.634512 0.312446 0.632395 0.315239 0.63193 0.31689 0.63182 0.318896 0.632105 0.322056 0.632789 0.325283 0.633707 0.327505 0.635715 0.328149 0.637953 0.327861 0.640363 0.325566 0.645469 0.321768 0.651266 0.315527 0.656887 0.312231 0.66102 0.310864 0.664352 0.308784 0.66641 0.306489 0.669625 0.3052 0.673238 0.304912 0.6745 0.302549 0.674566 0.299678 0.673355 0.297598 0.670141 0.296953 0.665266 0.295015 0.660969 0.294443 0.657176 0.294658 0.653445 0.295518
1 0.647344 0.266895 0.645012 0.271562 0.643176 0.27479 0.642141 0.278018 0.64025 0.281821 0.638699 0.285835 0.638699 0.288706 0.6375 0.291787 0.636926 0.294873 0.636926 0.297959 0.637789 0.30061 0.63893 0.301543 0.640652 0.302261 0.641855 0.301543 0.64266 0.299321 0.645133 0.297026 0.648969 0.294517 0.651207 0.290498 0.654594 0.285908 0.658156 0.280029 0.660902 0.273643 0.662977 0.267476 0.664066 0.261094 0.664805 0.257075 0.664805 0.254351 0.663312 0.252129 0.661539 0.251484 0.660215 0.250908 0.658609 0.249189 0.656723 0.248975 0.655344 0.249692 0.653848 0.251338 0.652414 0.253994 0.650348 0.258584 0.648684 0.263101
1 0.610301 0.312944 0.607145 0.315312 0.603816 0.317822 0.600488 0.321123 0.59825 0.323271 0.596355 0.324639 0.595437 0.325854 0.595496 0.328081 0.596242 0.32937 0.596527 0.331523 0.597047 0.333384 0.598539 0.334819 0.600258 0.334893 0.60307 0.334893 0.605422 0.333315 0.606973 0.331309 0.609152 0.329443 0.612078 0.32894 0.616379 0.328008 0.62143 0.326069 0.624645 0.323774 0.627512 0.318613 0.628027 0.314307 0.628945 0.311084 0.629805 0.307998 0.630094 0.305776 0.630207 0.303481 0.629289 0.301758 0.628316 0.301187 0.626652 0.301401 0.624125 0.302905 0.622863 0.304771 0.621488 0.30606 0.61948 0.307998 0.61598 0.310151 0.613801 0.311152
1 0.617473 0.342568 0.61816 0.348877 0.620742 0.355474 0.621832 0.35813 0.624414 0.36186 0.625961 0.365088 0.627797 0.369961 0.62952 0.372974 0.631586 0.374053 0.633824 0.374336 0.635316 0.373403 0.635832 0.371899 0.635371 0.369604 0.635086 0.367524 0.634742 0.363652 0.634742 0.359063 0.634742 0.35397 0.634742 0.349238 0.633938 0.343784 0.632961 0.34063 0.632504 0.336396 0.632273 0.331592 0.63193 0.326714 0.62998 0.32356 0.62866 0.321909 0.626766 0.319258 0.624527 0.318398 0.623324 0.318682 0.621543 0.319976 0.619938 0.32313 0.618676 0.326216 0.617758 0.330591 0.617527 0.333887 0.617355 0.337476 0.617355 0.340415
2 0.625844 0.388716 0.62432 0.389204 0.622953 0.390083 0.621859 0.391548 0.621352 0.393159 0.621195 0.394722 0.621781 0.397163 0.622641 0.398237 0.62432 0.399116 0.625961 0.398921 0.628461 0.397993 0.631313 0.397261 0.63393 0.395601 0.63643 0.394282 0.638656 0.393062 0.639242 0.392036 0.639242 0.390864 0.638656 0.390083 0.637211 0.389741 0.634711 0.389351 0.631742 0.389204 0.629477 0.388911 0.628227 0.388765 0.626625 0.388667
1 0.573922 0.386777 0.569742 0.388721 0.564594 0.390547 0.560703 0.393823 0.558273 0.39832 0.557887 0.402817 0.559539 0.405244 0.562941 0.405977 0.567023 0.405977 0.573047 0.405732 0.577813 0.405732 0.583059 0.405732 0.588211 0.406221 0.59132 0.404155 0.596184 0.399048 0.598805 0.395283 0.599195 0.391641 0.599195 0.389209 0.598805 0.386172 0.597934 0.383135 0.595891 0.382646 0.59307 0.383496 0.590156 0.385928 0.587531 0.387749 0.582867 0.38751 0.579172 0.386777 0.576641 0.386426
1 0.554484 0.376572 0.55118 0.370742 0.549137 0.365757 0.548262 0.363208 0.546707 0.361748 0.544957 0.362236 0.543887 0.363208 0.543016 0.367217 0.543305 0.371836 0.543305 0.377178 0.542918 0.382163 0.543016 0.389087 0.543887 0.393823 0.545348 0.398442 0.547289 0.403911 0.549625 0.407798 0.553121 0.41375 0.555551 0.417642 0.557203 0.419946 0.559539 0.420918 0.561773 0.420435 0.564398 0.416304 0.566246 0.414482 0.566633 0.411323 0.565469 0.404155 0.562844 0.398198 0.560898 0.392729 0.558664 0.388115 0.556523 0.382402 0.555742 0.379248
1 0.513465 0.377056 0.51298 0.384834 0.513563 0.388481 0.515117 0.39188 0.516188 0.396865 0.51716 0.400752 0.519395 0.406099 0.520852 0.407798 0.522895 0.410469 0.524352 0.413145 0.526391 0.414966 0.528336 0.415088 0.530184 0.414722 0.531641 0.412173 0.532223 0.40561 0.532223 0.397593 0.532223 0.39334 0.531254 0.390425 0.529988 0.389209 0.528531 0.38605 0.526297 0.380581 0.525324 0.373901 0.524352 0.37001 0.522699 0.365151 0.520754 0.36248 0.518324 0.360293 0.515992 0.359805 0.513172 0.360293 0.511617 0.362114 0.51123 0.36418 0.512105 0.368433 0.51327 0.373169
1 0.537863 0.367339 0.534363 0.36916 0.531352 0.371104 0.529504 0.373413 0.527266 0.376084 0.525227 0.377061 0.523867 0.378394 0.522895 0.382646 0.525129 0.386416 0.528629 0.388481 0.532516 0.388599 0.535918 0.388481 0.543305 0.385684 0.548281 0.382666 0.552617 0.379492 0.555164 0.376938 0.562648 0.369771 0.565469 0.366123 0.565855 0.36272 0.564883 0.358467 0.563621 0.357256 0.561094 0.357012 0.560219 0.35458 0.559828 0.354219 0.558078 0.353608 0.553898 0.356284 0.549625 0.359561 0.546707 0.36187 0.543207 0.36418 0.540391 0.366001
1 0.53002 0.327026 0.525645 0.324839 0.523895 0.3252 0.521852 0.327632 0.520883 0.329331 0.51884 0.330791 0.517578 0.329453 0.516703 0.327632 0.515148 0.327876 0.513492 0.330669 0.513301 0.335649 0.513301 0.338809 0.515148 0.343062 0.517867 0.346343 0.52234 0.350229 0.52759 0.353389 0.533227 0.355576 0.538961 0.356187 0.54518 0.357036 0.550234 0.357642 0.554027 0.358857 0.555582 0.358008 0.556262 0.356064 0.556066 0.353877 0.554902 0.351323 0.551695 0.345737 0.549266 0.340269 0.544113 0.334556 0.539836 0.331396 0.534586 0.328726
1 0.503578 0.30248 0.500957 0.300537 0.499207 0.300054 0.497262 0.300659 0.495316 0.30333 0.494539 0.306611 0.493957 0.310864 0.493664 0.313296 0.494152 0.315483 0.494832 0.316333 0.496777 0.316455 0.499207 0.317671 0.501926 0.320947 0.50698 0.32666 0.51048 0.330063 0.513492 0.331641 0.518645 0.331763 0.522535 0.329697 0.524188 0.326055 0.525254 0.321924 0.525547 0.317549 0.525254 0.314146 0.52477 0.312686 0.52302 0.311714 0.522047 0.31208 0.520703 0.31416 0.52 0.31416 0.518258 0.31123 0.51641 0.308437 0.513492 0.306733 0.509121 0.304546 0.505816 0.303213
1 0.51991 0.281826 0.515535 0.279639 0.513105 0.278789 0.508148 0.278423 0.506105 0.279033 0.504746 0.280854 0.503773 0.284014 0.503191 0.286929 0.503191 0.288872 0.504066 0.29167 0.508441 0.29519 0.512426 0.298472 0.514953 0.302603 0.519324 0.309287 0.522824 0.310986 0.526031 0.311353 0.528852 0.313174 0.530895 0.316211 0.532738 0.317183 0.534488 0.315845 0.535461 0.313662 0.535656 0.310137 0.534293 0.305762 0.533227 0.300415 0.531863 0.298228 0.530406 0.29604 0.529824 0.292764 0.528074 0.289482 0.525449 0.286201 0.522633 0.283286
1 0.523504 0.265669 0.519324 0.268828 0.516312 0.270405 0.51466 0.272349 0.51466 0.275508 0.51534 0.278789 0.516801 0.281221 0.520105 0.282798 0.524867 0.283042 0.529922 0.282554 0.535754 0.28207 0.541875 0.281948 0.549359 0.281582 0.552664 0.282192 0.555 0.281948 0.55743 0.279395 0.557527 0.275874 0.555582 0.272227 0.549457 0.266763 0.542461 0.263115 0.537113 0.262993 0.534102 0.263237 0.529531 0.263604
1 0.558402 0.268218 0.554609 0.268218 0.550043 0.268706 0.545957 0.270894 0.544402 0.272349 0.53857 0.275508 0.533324 0.275996 0.529727 0.277329 0.527395 0.278789 0.526422 0.280249 0.525547 0.28207 0.525547 0.284136 0.526809 0.286929 0.529648 0.287891 0.537891 0.2896 0.544297 0.29043 0.549063 0.291309 0.552969 0.292383 0.556359 0.292397 0.563648 0.29021 0.566758 0.288389 0.571133 0.286079 0.575898 0.283286 0.578422 0.280371 0.578715 0.278667 0.577258 0.277329 0.575801 0.275146 0.575508 0.27332 0.57648 0.271987 0.576867 0.270283 0.575898 0.267734 0.573176 0.26688 0.569773 0.266641 0.566758 0.266641 0.564426 0.26688 0.561414 0.267612
1 0.531086 0.293247 0.532547 0.297744 0.535074 0.302725 0.536434 0.305396 0.538086 0.310381 0.539059 0.314634 0.539641 0.315967 0.541391 0.316455 0.542945 0.316455 0.54382 0.313418 0.54382 0.309648 0.544016 0.305518 0.544793 0.300781 0.546445 0.296895 0.546738 0.292031 0.5445 0.283892 0.54275 0.278301 0.540125 0.273931 0.536238 0.270283 0.534004 0.270405 0.532059 0.270894 0.529336 0.272349 0.528172 0.27417 0.527492 0.276357 0.527492 0.280005 0.528172 0.28377 0.528465 0.286323 0.529145 0.287778 0.530211 0.29021
1 0.600414 0.227935 0.598316 0.224692 0.597262 0.221655 0.597262 0.218516 0.596777 0.216582 0.595805 0.215176 0.594426 0.214761 0.592969 0.215073 0.59143 0.216694 0.59134 0.219229 0.591105 0.223774 0.591023 0.227632 0.590621 0.232783 0.59143 0.238062 0.591828 0.242617 0.591914 0.245854 0.592719 0.250918 0.594582 0.253755 0.596371 0.256587 0.59791 0.260332 0.599609 0.264385 0.60123 0.26793 0.604391 0.270967 0.605363 0.273296 0.608187 0.274712 0.610383 0.274409 0.61257 0.274204 0.614109 0.272383 0.614109 0.269243 0.613371 0.261143 0.611355 0.256484 0.60925 0.253042 0.607793 0.247983 0.606164 0.240894 0.603984 0.235732 0.602039 0.231782
1 0.438242 0.264321 0.437039 0.266689 0.436578 0.268911 0.436578 0.271494 0.436578 0.274434 0.43698 0.278232 0.437555 0.283398 0.438012 0.28605 0.438816 0.287988 0.438875 0.290356 0.438816 0.292148 0.438988 0.293652 0.439965 0.295088 0.440766 0.297383 0.440766 0.299536 0.440824 0.302046 0.440824 0.303979 0.441168 0.305562 0.441684 0.306636 0.443121 0.30814 0.444496 0.308857 0.447078 0.309434 0.448742 0.308784 0.44966 0.307354 0.450348 0.304053 0.451039 0.301543 0.45207 0.299321 0.453203 0.294141 0.453047 0.290498 0.452645 0.286196 0.451211 0.28146 0.449375 0.273716 0.447137 0.269629 0.445742 0.266748 0.444785 0.263818 0.44375 0.260234 0.442547 0.25937 0.441055 0.25937 0.440137 0.260303 0.439047 0.262241
1 0.551137 0.219497 0.54866 0.221768 0.546262 0.223833 0.544281 0.226206 0.542875 0.227861 0.542543 0.229307 0.541719 0.230132 0.540562 0.229824 0.539902 0.228584 0.539238 0.227759 0.538332 0.227241 0.537258 0.227241 0.535523 0.229307 0.533703 0.231992 0.534199 0.234678 0.535523 0.237671 0.537504 0.240977 0.53891 0.244077 0.540977 0.246865 0.543453 0.249238 0.545684 0.250684 0.548328 0.250996 0.551965 0.250786 0.554855 0.250166 0.557828 0.248208 0.559316 0.246968 0.560227 0.2448 0.562785 0.243457 0.56477 0.242837 0.56634 0.242007 0.567332 0.240459 0.567414 0.237876 0.566422 0.236226 0.56634 0.23189 0.567414 0.227861 0.568488 0.223628 0.567828 0.221045 0.565598 0.218257 0.562703 0.216602 0.560555 0.215986 0.559152 0.215986 0.557828 0.216396 0.556672 0.216914 0.555352 0.217637 0.554027 0.217944 0.552461 0.218652
1 0.518898 0.18894 0.515883 0.190312 0.509383 0.191626 0.505938 0.191626 0.503836 0.192524 0.501684 0.194497 0.500441 0.195693 0.49977 0.19856 0.499629 0.200771 0.500059 0.203281 0.504359 0.204956 0.514547 0.206509 0.521285 0.206333 0.526594 0.205015 0.532762 0.201729 0.537352 0.197964 0.540699 0.194614 0.541797 0.190791 0.541797 0.187446 0.540461 0.185713 0.538691 0.184517 0.535965 0.184517 0.532477 0.185234 0.528891 0.18583 0.525828 0.186011 0.523152 0.186548 0.521383 0.187324
1 0.472094 0.203198 0.472234 0.198809 0.47127 0.195801 0.469688 0.193735 0.468102 0.191924 0.467484 0.190464 0.466793 0.186157 0.46543 0.18418 0.463215 0.184009 0.46218 0.184526 0.461148 0.185557 0.460598 0.187534 0.460734 0.1896 0.461562 0.191924 0.461629 0.194165 0.460461 0.198037 0.458875 0.202686 0.45798 0.205352 0.457293 0.207676 0.456813 0.210771 0.456465 0.216279 0.456813 0.219121 0.456813 0.221616 0.456465 0.225488 0.456262 0.228071 0.45557 0.231343 0.45557 0.234614 0.456121 0.23668 0.456813 0.237451 0.457773 0.237627 0.458875 0.237881 0.460391 0.237627 0.461562 0.237192 0.463832 0.237798 0.464867 0.237798 0.466313 0.236938 0.468102 0.234438 0.469688 0.230225 0.471406 0.224541 0.472508 0.21938 0.472578 0.210513 0.472301 0.206558
1 0.41168 0.200493 0.410016 0.19791 0.409098 0.196904 0.407434 0.196689 0.406516 0.196978 0.405426 0.198267 0.404734 0.20042 0.403703 0.203721 0.402441 0.209097 0.402098 0.212109 0.401582 0.216699 0.401234 0.221362 0.400836 0.227026 0.402152 0.229248 0.404563 0.231763 0.407836 0.233481 0.410016 0.235273 0.411391 0.236636 0.412996 0.236851 0.414145 0.236138 0.415008 0.23499 0.415637 0.233193 0.416555 0.231763 0.417934 0.230542 0.418508 0.228892 0.418508 0.227744 0.417934 0.22624 0.417414 0.223369 0.417414 0.217847 0.417301 0.213545 0.416727 0.209385 0.415578 0.206016 0.413742 0.203862 0.41248 0.201855
1 0.417875 0.240508 0.414719 0.241587 0.412539 0.243667 0.409785 0.245459 0.407547 0.246748 0.40548 0.248398 0.403645 0.249546 0.402957 0.250693 0.402785 0.252773 0.402785 0.254927 0.402039 0.257148 0.40118 0.258872 0.400203 0.259805 0.399859 0.260952 0.400488 0.262383 0.403016 0.262529 0.404965 0.262026 0.407605 0.261021 0.410359 0.260303 0.41357 0.259087 0.41707 0.258442 0.421262 0.257866 0.427055 0.257075 0.43216 0.256934 0.436234 0.256646 0.438184 0.255928 0.439676 0.254209 0.442203 0.25335 0.444957 0.252344 0.447937 0.251196 0.448914 0.24876 0.448398 0.246318 0.447539 0.243882 0.445703 0.242446 0.442547 0.240581 0.438301 0.239937 0.43543 0.238433 0.433137 0.236924 0.42998 0.236567 0.427859 0.236636 0.424816 0.237354 0.421719 0.238716
1 0.429637 0.331953 0.429578 0.335396 0.429465 0.338262 0.429352 0.342134 0.429809 0.346152 0.431012 0.350669 0.432676 0.353252 0.434227 0.35605 0.434973 0.358271 0.43566 0.361426 0.436348 0.363867 0.437613 0.364727 0.438531 0.364941 0.439621 0.364009 0.441398 0.362217 0.443637 0.35978 0.445242 0.356768 0.445531 0.353179 0.445414 0.347729 0.445414 0.339556 0.445414 0.334463 0.445129 0.3298 0.444668 0.322773 0.443004 0.314453 0.441113 0.311367 0.439793 0.310293 0.43784 0.310151 0.436637 0.310649 0.435316 0.311514 0.434055 0.311943 0.432219 0.3123 0.431012 0.314453 0.430383 0.316675 0.429637 0.321553 0.429637 0.324639 0.429637 0.327432 0.429637 0.329658
1 0.383512 0.307627 0.380184 0.311567 0.377145 0.314795 0.374848 0.317739 0.373473 0.320176 0.372441 0.322183 0.372441 0.324189 0.373184 0.326846 0.373359 0.328281 0.37416 0.331724 0.376629 0.332871 0.380758 0.332871 0.384832 0.332007 0.386785 0.329644 0.390281 0.326631 0.392348 0.323188 0.394586 0.320034 0.397227 0.317808 0.400668 0.315225 0.403137 0.313003 0.407266 0.307842 0.409445 0.304614 0.410363 0.302319 0.410879 0.299375 0.410652 0.297441 0.40893 0.296367 0.40784 0.296221 0.406176 0.29708 0.402562 0.298013 0.398316 0.297944 0.395156 0.297461 0.392121 0.298159 0.390234 0.3 0.388332 0.301958 0.38575 0.304756
1 0.438816 0.378208 0.436199 0.379844 0.434414 0.382671 0.43275 0.38624 0.431438 0.390703 0.429297 0.396055 0.42668 0.400518 0.424539 0.404233 0.422398 0.406318 0.420258 0.407803 0.419184 0.409736 0.418945 0.411523 0.419781 0.413901 0.420375 0.414199 0.422754 0.414795 0.426203 0.415239 0.432152 0.413457 0.439648 0.408101 0.443813 0.401558 0.445953 0.395908 0.446785 0.391743 0.448691 0.389512 0.450355 0.388472 0.454043 0.388618 0.457852 0.388618 0.46023 0.387432 0.460824 0.383413 0.460469 0.380737 0.459516 0.377466 0.457496 0.37479 0.455352 0.37373 0.450117 0.373437 0.446055 0.373291 0.442742 0.374048 0.441434 0.375088
1 0.488426 0.428477 0.484977 0.429961 0.482242 0.432344 0.480457 0.433828 0.478078 0.436357 0.474387 0.437397 0.472484 0.437847 0.47082 0.439331 0.470582 0.441563 0.470582 0.443794 0.471531 0.445728 0.47534 0.446768 0.480219 0.448257 0.487238 0.448105 0.492711 0.447065 0.497945 0.445283 0.501871 0.442305 0.506512 0.43978 0.510199 0.438887 0.513648 0.436953 0.514957 0.434575 0.515195 0.429219 0.512813 0.426074 0.509727 0.423877 0.505547 0.423438 0.501172 0.424023 0.497813 0.424902 0.494492 0.426563 0.491164 0.426987
1 0.540906 0.440225 0.537813 0.440225 0.534469 0.441416 0.530676 0.444092 0.52782 0.446172 0.524727 0.448257 0.522215 0.450635 0.520801 0.452715 0.520801 0.45584 0.521633 0.458218 0.524727 0.461045 0.530305 0.462397 0.535551 0.463125 0.541023 0.463872 0.545188 0.463872 0.55316 0.461045 0.558266 0.456733 0.563273 0.453462 0.564699 0.452583 0.567555 0.451987 0.569578 0.452139 0.572789 0.453013 0.57648 0.451826 0.58182 0.449297 0.583617 0.446621 0.5835 0.44335 0.581941 0.442173 0.578133 0.439644 0.571008 0.438145 0.564094 0.437114 0.562309 0.436953 0.558266 0.437847 0.55566 0.438735 0.551734 0.439331 0.547449 0.439644 0.544594 0.439644
1 0.55102 0.459707 0.542691 0.456138 0.536625 0.454502 0.527937 0.452417 0.524594 0.451079 0.521871 0.451079 0.519848 0.454053 0.519609 0.457178 0.519609 0.460151 0.521633 0.463574 0.524355 0.466104 0.52877 0.469819 0.532328 0.472793 0.538039 0.47458 0.543168 0.474727 0.549711 0.473535 0.552316 0.471753 0.555301 0.470264 0.557445 0.470264 0.559227 0.469077 0.559465 0.466548 0.558516 0.463423 0.556359 0.461641 0.553875 0.461191
1 0.209539 0.442749 0.207359 0.445229 0.206664 0.447832 0.206168 0.452666 0.204977 0.457744 0.203988 0.461709 0.202996 0.465059 0.202996 0.468032 0.202699 0.471255 0.201211 0.47373 0.201113 0.476582 0.201707 0.479185 0.203195 0.479185 0.204879 0.478564 0.207656 0.478071 0.21182 0.476953 0.215387 0.474478 0.21777 0.471255 0.219551 0.466172 0.220246 0.462085 0.220246 0.457124 0.220742 0.454028 0.222727 0.452168 0.222922 0.449316 0.222328 0.445229 0.221934 0.4425 0.220742 0.441885 0.219551 0.4425 0.217371 0.442876 0.216977 0.441016 0.216578 0.438906 0.215289 0.438535 0.213902 0.439033 0.212316 0.440024 0.211027 0.441265
1 0.34352 0.47229 0.341695 0.474873 0.340629 0.477661 0.340133 0.480659 0.340133 0.483755 0.340539 0.48644 0.342035 0.488921 0.342852 0.493462 0.34368 0.49563 0.343926 0.499761 0.343926 0.501211 0.345332 0.504204 0.34723 0.50792 0.349297 0.509365 0.352527 0.510093 0.353758 0.509985 0.35484 0.50792 0.355742 0.505962 0.357898 0.504204 0.359129 0.504204 0.360285 0.504512 0.361937 0.504409 0.362352 0.503276 0.361109 0.500898 0.359953 0.498833 0.359633 0.494702 0.359633 0.492329 0.359211 0.490366 0.357805 0.487886 0.357402 0.483755 0.357145 0.474976 0.35698 0.471777 0.355418 0.467334 0.354016 0.464546 0.352105 0.462583 0.350453 0.461655 0.348801 0.461655 0.347809 0.462173 0.347488 0.463203 0.347488 0.464648 0.347562 0.466509 0.346816 0.467646 0.345578 0.469092 0.344754 0.470332
1 0.411426 0.483135 0.406469 0.485098 0.402172 0.488403 0.400273 0.490776 0.398207 0.493052 0.396969 0.495322 0.396555 0.49749 0.396637 0.499658 0.398125 0.502554 0.399859 0.504409 0.40234 0.50627 0.405645 0.506475 0.409195 0.505649 0.412254 0.503379 0.415887 0.501313 0.42159 0.499453 0.426215 0.498423 0.430676 0.497388 0.43357 0.494907 0.436875 0.491914 0.439352 0.488813 0.440758 0.486025 0.441004 0.483447 0.439766 0.481172 0.438359 0.480142 0.435469 0.480142 0.43398 0.480967 0.43357 0.482207 0.431918 0.483755 0.428199 0.482617 0.425141 0.480864 0.420516 0.480864 0.417047 0.480864 0.414648 0.481895
2 0.434148 0.476318 0.429688 0.476318 0.427043 0.476938 0.426297 0.478076 0.426961 0.479829 0.430266 0.481069 0.43423 0.48293 0.438527 0.48355 0.442242 0.48355 0.444723 0.483135 0.447613 0.481484 0.448523 0.479937 0.447285 0.478486 0.442492 0.477041 0.439023 0.476836 0.435469 0.476528
1 0.446789 0.494131 0.444113 0.496611 0.440445 0.500576 0.438461 0.504419 0.437273 0.507515 0.43648 0.5121 0.434992 0.517305 0.433406 0.520776 0.431523 0.522881 0.431027 0.52561 0.43182 0.526851 0.433504 0.528584 0.434895 0.528086 0.437668 0.526851 0.441336 0.525981 0.445305 0.522266 0.449367 0.517305 0.45284 0.512471 0.454523 0.507764 0.455813 0.502808 0.45859 0.498716 0.461465 0.49376 0.461961 0.487563 0.461266 0.485332 0.45948 0.484463 0.457004 0.48397 0.454324 0.48521 0.451848 0.487065 0.450359 0.489668 0.449566 0.491528
1 0.46652 0.515322 0.461762 0.514829 0.456309 0.515693 0.45373 0.516685 0.452148 0.520264 0.453531 0.523501 0.456508 0.525112 0.459184 0.528086 0.461961 0.532178 0.466422 0.535894 0.47693 0.542095 0.480996 0.544448 0.483969 0.546924 0.485852 0.547051 0.487539 0.546802 0.488828 0.54606 0.489523 0.54457 0.490215 0.542095 0.490812 0.540605 0.492398 0.539492 0.493687 0.537505 0.493289 0.535522 0.492199 0.533291 0.489523 0.529697 0.484367 0.52561 0.48159 0.523877 0.477523 0.52251 0.472566 0.518794 0.469594 0.516685
1 0.462941 0.546484 0.460324 0.546035 0.458184 0.546187 0.456758 0.546484 0.455566 0.548413 0.454617 0.550645 0.453902 0.553618 0.45402 0.555703 0.455566 0.557935 0.45973 0.559717 0.463301 0.560464 0.466035 0.562393 0.468418 0.564922 0.469605 0.568789 0.471867 0.573252 0.473652 0.577563 0.475434 0.581279 0.478766 0.582622 0.482336 0.582622 0.484121 0.580986 0.485547 0.577417 0.485668 0.573848 0.485547 0.568491 0.484836 0.564028 0.481859 0.56061 0.479957 0.559419 0.477102 0.558232 0.474723 0.554365 0.471867 0.551392 0.469488 0.549307 0.466035 0.547227
2 0.475113 0.61957 0.473941 0.621807 0.473184 0.623359 0.473184 0.625166 0.473047 0.627744 0.472355 0.629897 0.471324 0.632051 0.470773 0.633599 0.47043 0.635493 0.470223 0.637129 0.470566 0.638506 0.471254 0.640054 0.472633 0.640654 0.474215 0.639795 0.476145 0.637471 0.478211 0.634287 0.478691 0.630845 0.47952 0.626543 0.480621 0.62353 0.48234 0.621978 0.483027 0.62043 0.482547 0.618794 0.481238 0.617847 0.480137 0.61647 0.478828 0.616216 0.47766 0.616816 0.476625 0.617847
1 0.0315078 0.5425 0.0281445 0.54623 0.0245664 0.551313 0.0200039 0.55564 0.0165352 0.558242 0.0151484 0.560596 0.0150469 0.563198 0.0167344 0.565552 0.0177266 0.569033 0.0185195 0.572246 0.0214922 0.5746 0.0240703 0.57522 0.0280352 0.573745 0.0307148 0.571143 0.0328945 0.566929 0.0360781 0.562207 0.0394375 0.55875 0.0435039 0.556021 0.0472695 0.55291 0.0507383 0.547461 0.0549023 0.539897 0.0566875 0.533081 0.0567891 0.530728 0.0556992 0.526899 0.0542109 0.525771 0.0527227 0.5254 0.0507383 0.527271 0.0490547 0.529502 0.0464766 0.532461 0.0423125 0.535063 0.0385469 0.537183 0.0346797 0.540024
1 0.0222695 0.590195 0.0197227 0.591313 0.0157305 0.593296 0.0140078 0.595015 0.0131836 0.597339 0.0129766 0.600103 0.0131133 0.602334 0.0140078 0.603633 0.0171758 0.60543 0.0213086 0.606128 0.0230977 0.605781 0.0265391 0.604663 0.031082 0.604399 0.0355586 0.60543 0.0387969 0.607065 0.0436836 0.607158 0.0478828 0.606636 0.051875 0.604912 0.0561445 0.604829 0.0591055 0.603105 0.0613789 0.600269 0.0613789 0.597686 0.0596563 0.595112 0.0577969 0.594673 0.0540781 0.594585 0.0498125 0.591313 0.0478125 0.590195 0.0441641 0.589775 0.0418945 0.589087 0.0379688 0.586411 0.0352148 0.585293 0.0321172 0.585981 0.029707 0.587012 0.027918 0.587871 0.0262656 0.588647 0.0239922 0.589087
1 0.213082 0.549375 0.207957 0.552061 0.205645 0.554541 0.203828 0.557739 0.201516 0.560425 0.198621 0.561357 0.195566 0.562905 0.194656 0.565073 0.195566 0.567759 0.198043 0.570137 0.201184 0.570649 0.20523 0.570649 0.211594 0.569102 0.217293 0.567554 0.225145 0.564453 0.23382 0.560322 0.238113 0.557847 0.238941 0.553608 0.238777 0.550513 0.237703 0.547002 0.235059 0.544419 0.231094 0.543799 0.225555 0.544004 0.221508 0.545347 0.216469 0.54731
1 0.196805 0.588311 0.19259 0.591924 0.188707 0.595542 0.185238 0.601006 0.182016 0.608657 0.180445 0.613398 0.179125 0.616494 0.178629 0.618569 0.178297 0.62083 0.178711 0.623218 0.181023 0.624146 0.182098 0.623115 0.183918 0.621772 0.186973 0.620225 0.190773 0.618262 0.19218 0.616597 0.194738 0.613921 0.197633 0.612065 0.200687 0.60916 0.20457 0.604204 0.208289 0.598525 0.211016 0.594404 0.215313 0.583457 0.216965 0.577363 0.217129 0.575298 0.216137 0.574575 0.214898 0.57416 0.214156 0.572295 0.213492 0.571479 0.211758 0.571787 0.210188 0.57313 0.207547 0.576333 0.200441 0.584375 0.198621 0.58644
1 0.24684 0.565112 0.247598 0.56709 0.248078 0.569756 0.248215 0.571909 0.249109 0.577588 0.250211 0.58189 0.251246 0.587402 0.251863 0.590586 0.253379 0.596953 0.256066 0.603667 0.259301 0.607368 0.261641 0.607368 0.263363 0.606851 0.263637 0.60375 0.263434 0.601084 0.262883 0.597383 0.264328 0.594199 0.264395 0.592305 0.264395 0.590757 0.263293 0.588174 0.263227 0.584902 0.263363 0.581807 0.263707 0.579824 0.264121 0.577246 0.264121 0.575093 0.263777 0.572939 0.263086 0.570791 0.262949 0.567778 0.261848 0.563389 0.260539 0.560894 0.259996 0.558223 0.25882 0.551685 0.257172 0.548413 0.255859 0.547295 0.254 0.546865 0.252277 0.547466 0.250488 0.548413 0.248559 0.54876 0.247734 0.549102 0.246496 0.550049 0.245805 0.551597 0.245738 0.555039 0.245738 0.559858 0.246152 0.563042
1 0.275035 0.574453 0.27348 0.576318 0.272508 0.578828 0.272508 0.580981 0.272508 0.582847 0.273082 0.584995 0.274055 0.586504 0.27434 0.58894 0.27434 0.590376 0.274684 0.592744 0.275773 0.594678 0.27698 0.596689 0.277043 0.599199 0.277781 0.601133 0.278816 0.602505 0.27893 0.60436 0.278992 0.606084 0.279336 0.608232 0.279906 0.610313 0.281109 0.612251 0.282664 0.61354 0.283238 0.61519 0.283922 0.616841 0.285012 0.618062 0.287305 0.61978 0.288402 0.619492 0.289371 0.618276 0.290176 0.61605 0.290863 0.612969 0.291551 0.60644 0.291898 0.600488 0.291898 0.595469 0.291266 0.590732 0.287996 0.584282 0.285125 0.579688 0.282199 0.574668 0.280977 0.572998 0.279687 0.571924 0.278125 0.571924 0.277148 0.572412 0.276055 0.573584
1 0.295664 0.594785 0.294133 0.593647 0.29318 0.592275 0.29141 0.591255 0.290547 0.592451 0.290309 0.596279 0.291266 0.601357 0.292316 0.607334 0.293273 0.610142 0.295137 0.612236 0.297816 0.614507 0.299727 0.614624 0.302742 0.61582 0.303504 0.617612 0.304223 0.619585 0.305754 0.623472 0.307809 0.625146 0.310773 0.625562 0.314453 0.625684 0.316941 0.625083 0.31852 0.622935 0.318758 0.620244 0.317945 0.61875 0.317945 0.617793 0.318902 0.617017 0.319762 0.617915 0.32048 0.617256 0.32043 0.614565 0.318613 0.610503 0.316652 0.605244 0.314836 0.601836 0.312828 0.599565 0.307141 0.597354 0.302742 0.596099 0.299441 0.595562 0.297004 0.595439
1 0.300586 0.572266 0.297109 0.572266 0.293801 0.572373 0.291934 0.571475 0.291266 0.56998 0.289785 0.569624 0.288828 0.570879 0.288539 0.572612 0.287535 0.573506 0.286914 0.574702 0.28682 0.576792 0.287297 0.579126 0.289352 0.582173 0.292652 0.584922 0.297004 0.588745 0.300207 0.590542 0.3025 0.592749 0.30666 0.595737 0.31082 0.596758 0.315363 0.599028 0.320621 0.601538 0.326313 0.602554 0.327844 0.602134 0.328512 0.600459 0.328414 0.598608 0.327125 0.596338 0.325691 0.594663 0.323062 0.589941 0.319379 0.582891 0.315266 0.578647 0.311348 0.577031 0.308145 0.576313 0.305465 0.574941 0.303074 0.57291
1 0.298629 0.545356 0.295379 0.54769 0.293035 0.549839 0.29098 0.552231 0.288398 0.554204 0.286438 0.555757 0.285289 0.557192 0.284813 0.558804 0.285527 0.560596 0.28682 0.56209 0.290023 0.56209 0.294898 0.56209 0.301355 0.561313 0.308766 0.55958 0.316082 0.555815 0.323633 0.550615 0.329371 0.546851 0.330473 0.545537 0.329852 0.542847 0.329516 0.54165 0.327699 0.539678 0.323824 0.538184 0.320289 0.538184 0.313785 0.53938 0.307473 0.541294 0.304129 0.54189 0.301738 0.543267 0.300109 0.54416
1 0.372973 0.607686 0.368383 0.611704 0.365687 0.615791 0.364078 0.619595 0.363219 0.624185 0.36316 0.628843 0.362875 0.636592 0.363621 0.642329 0.363965 0.648638 0.363965 0.651362 0.36425 0.653516 0.365687 0.654375 0.367695 0.653228 0.36884 0.651079 0.370793 0.64792 0.374121 0.643047 0.378078 0.63731 0.380719 0.630708 0.382383 0.627627 0.385766 0.625474 0.388121 0.622822 0.390645 0.619951 0.392363 0.616938 0.39334 0.613711 0.393281 0.610913 0.392137 0.609121 0.390758 0.60812 0.389496 0.607905 0.386914 0.609053 0.385191 0.609194 0.385309 0.608047 0.385883 0.607905 0.386457 0.606323 0.386109 0.604028 0.384676 0.601665 0.383184 0.600947 0.381176 0.601162 0.378996 0.602383 0.377277 0.603813 0.375266 0.605391
1 0.437684 0.59209 0.435449 0.589722 0.433957 0.589219 0.430398 0.587427 0.427242 0.586782 0.425695 0.584917 0.424203 0.583911 0.42248 0.584561 0.421105 0.586138 0.417605 0.588359 0.416344 0.590298 0.415824 0.592593 0.41709 0.596035 0.420414 0.599478 0.424145 0.602275 0.42684 0.605215 0.431316 0.610093 0.434875 0.614897 0.439465 0.620635 0.442332 0.623501 0.445719 0.627949 0.447324 0.629814 0.449504 0.629741 0.450824 0.627305 0.450938 0.623286 0.45025 0.616187 0.449676 0.610234 0.448355 0.604639 0.446867 0.600195 0.442563 0.595029 0.440211 0.593667
1 0.423457 0.613389 0.422137 0.614751 0.421391 0.616758 0.421734 0.619629 0.423516 0.621421 0.426324 0.624648 0.429996 0.630601 0.434645 0.63376 0.43734 0.636411 0.44107 0.639282 0.444684 0.639927 0.448355 0.640928 0.451055 0.641357 0.452145 0.641074 0.452719 0.639209 0.45243 0.637056 0.45025 0.633472 0.447324 0.628022 0.444512 0.623071 0.44193 0.619844 0.439578 0.618696 0.437227 0.618481 0.434188 0.615898 0.43275 0.613818 0.43275 0.611885 0.432293 0.609805 0.431258 0.608369 0.429023 0.608369 0.428047 0.609014 0.427187 0.610879 0.426613 0.611738 0.425578 0.612241
1 0.394699 0.649717 0.391832 0.649858 0.389078 0.647852 0.387699 0.646489 0.385691 0.646704 0.384371 0.648208 0.384199 0.650215 0.384371 0.652729 0.386266 0.655811 0.390797 0.661475 0.395562 0.666064 0.401297 0.669224 0.406348 0.671016 0.410305 0.671733 0.41375 0.670659 0.419414 0.670166 0.422813 0.667861 0.424766 0.665996 0.425914 0.664702 0.42723 0.661909 0.426832 0.6604 0.421953 0.6571 0.418223 0.655024 0.414668 0.654663 0.412602 0.653804 0.408469 0.651865 0.405199 0.650576 0.400664 0.649658 0.397578 0.649512
1 0.391605 0.686353 0.391805 0.689092 0.391047 0.690835 0.390367 0.69417 0.390566 0.696763 0.39041 0.698901 0.39041 0.702241 0.39041 0.704683 0.391086 0.709014 0.394195 0.712749 0.398457 0.717881 0.400012 0.718628 0.401566 0.718428 0.403438 0.715737 0.405508 0.712949 0.406746 0.710605 0.406902 0.708667 0.406387 0.706724 0.405391 0.704629 0.404234 0.701792 0.404195 0.699253 0.404195 0.696162 0.403914 0.694272 0.402801 0.691982 0.40232 0.690684 0.402641 0.688442 0.403238 0.686753 0.403316 0.684512 0.401605 0.682319 0.400648 0.679131 0.399574 0.678882 0.398258 0.680376 0.397422 0.680474 0.396027 0.679229 0.394992 0.678784 0.393637 0.678882 0.392203 0.680474 0.391844 0.682119 0.391684 0.684312
1 0.0119727 0.998745 0.0110078 0.99272 0.0109414 0.985835 0.0110078 0.979727 0.0136953 0.974561 0.0164492 0.970688 0.0188594 0.968882 0.0229883 0.966987 0.0257422 0.965869 0.0274648 0.966475 0.0282227 0.968623 0.0301484 0.971118 0.0308359 0.972495 0.0308359 0.974131 0.029875 0.976455 0.028082 0.979814 0.0271211 0.98291 0.0284961 0.988848 0.0298047 0.993667 0.0306328 0.997368 0.0308281 1 0.0118789 1
2 0.00571094 0.989546 0.003875 0.992183 0.00292187 0.994526 0.00264062 0.999355 0.0026875 1 0.0113359 1 0.0116875 0.998857 0.0115664 0.99522 0.0124844 0.991982 0.0122031 0.989243 0.0118047 0.986655 0.0114062 0.985811 0.0110078 0.985161 0.00985156 0.985562 0.00941406 0.986504 0.00801953 0.987998 0.00690625 0.988696
1 0.0496133 1 0.0514883 0.99876 0.0560703 0.993726 0.0598555 0.990293 0.0618086 0.988301 0.0638398 0.987153 0.0667891 0.987803 0.0689414 0.989443 0.0701758 0.991387 0.0702969 0.994526 0.0697773 0.996519 0.0689023 0.997661 0.0675859 0.999507 0.0673125 1
1 0.0667891 0.964443 0.0625664 0.963843 0.0600156 0.963794 0.0580625 0.96459 0.0559141 0.965586 0.0544375 0.967134 0.0542383 0.969424 0.0554336 0.971416 0.0558711 0.973555 0.0556328 0.975996 0.055793 0.977988 0.0572656 0.979585 0.0606523 0.979731 0.0662305 0.979731 0.0718516 0.98063 0.0773867 0.98063 0.0827266 0.980278 0.0866719 0.978638 0.0938438 0.975601 0.0988633 0.974604 0.0998203 0.972559 0.10002 0.970815 0.0993437 0.969072 0.0961133 0.967031 0.0906953 0.964893 0.0857539 0.963794 0.0806172 0.963345 0.0759141 0.963447 0.071332 0.963896
1 0.0838047 0.93979 0.0800977 0.942827 0.0781445 0.945366 0.0769102 0.947759 0.0727656 0.952988 0.0713711 0.956123 0.0712539 0.959712 0.0716523 0.961704 0.0736016 0.962998 0.0758359 0.963096 0.0799375 0.962847 0.0836055 0.961055 0.087707 0.958613 0.0911758 0.957368 0.0936836 0.956772 0.0972695 0.954482 0.0996992 0.951543 0.10241 0.947656 0.105477 0.943125 0.105875 0.940288 0.10552 0.936602 0.10448 0.933413 0.102688 0.93207 0.100059 0.931421 0.0971094 0.93187 0.0939648 0.933462 0.0903789 0.935107 0.0875469 0.936899 0.0857539 0.937944
1 0.0931055 1 0.0939453 0.995688 0.0947422 0.989614 0.0955352 0.987139 0.0968242 0.986147 0.0984102 0.983545 0.0997969 0.980942 0.103367 0.974746 0.106738 0.970283 0.11209 0.963218 0.114668 0.958511 0.117246 0.954917 0.119129 0.950825 0.119625 0.950576 0.119824 0.950576 0.121012 0.950825 0.122699 0.953057 0.12359 0.955166 0.124086 0.957021 0.125078 0.957891 0.12627 0.959995 0.125672 0.964707 0.123789 0.970283 0.120715 0.975981 0.117344 0.982183 0.114766 0.986519 0.110207 0.992593 0.106637 0.995938 0.103555 0.997559 0.101367 1
1 0.126961 0.952686 0.131918 0.943018 0.135191 0.935581 0.137473 0.930376 0.13975 0.92728 0.142625 0.922817 0.143223 0.918604 0.143914 0.917983 0.145203 0.917241 0.146789 0.917363 0.148078 0.920713 0.148078 0.923438 0.148773 0.927153 0.149863 0.931494 0.149367 0.934717 0.148574 0.936821 0.148379 0.940166 0.147387 0.943516 0.144313 0.950332 0.142625 0.954419 0.140625 0.958496 0.138461 0.960864 0.13648 0.962847 0.134 0.963218 0.13202 0.962598 0.129738 0.961362 0.127359 0.960371 0.123789 0.959131 0.123492 0.957271 0.124086 0.956528 0.125375 0.956279 0.12627 0.955781 0.126863 0.954048
1 0.0461602 0.888726 0.0456641 0.902603 0.0455664 0.910771 0.045168 0.915991 0.045168 0.918838 0.045168 0.922188 0.0458633 0.923799 0.0465547 0.925024 0.0481445 0.925518 0.0498281 0.924043 0.0508203 0.92144 0.0519102 0.918838 0.0542891 0.915991 0.0562734 0.914009 0.0575625 0.91165 0.0588516 0.905815 0.0602383 0.896162 0.0610313 0.888091 0.0610313 0.88228 0.0610313 0.877817 0.0607344 0.874473 0.057957 0.872861 0.0554805 0.87373 0.0526055 0.875454 0.0500273 0.877446 0.0471523 0.8798 0.0461602 0.88103 0.0461602 0.884141
1 0.0632109 0.886987 0.0560742 0.888354 0.0500273 0.889346 0.045168 0.892319 0.0428867 0.895171 0.0412031 0.897275 0.0396172 0.898267 0.0387227 0.898887 0.0379297 0.90062 0.0382266 0.902852 0.0402109 0.905703 0.0410039 0.908428 0.0428867 0.908677 0.0449688 0.908555 0.0440781 0.91041 0.0433828 0.910659 0.0425898 0.912271 0.043582 0.914009 0.044375 0.914131 0.0473477 0.914624 0.0519102 0.913389 0.0563711 0.910908 0.0607344 0.907437 0.0643047 0.906201 0.0688633 0.903472 0.0748125 0.898765 0.0765977 0.897275 0.0780859 0.896655 0.0800664 0.894795 0.080168 0.892441 0.0786797 0.89021 0.0759023 0.889468 0.0741172 0.889219 0.0719375 0.886987 0.0703516 0.886494 0.0669805 0.886865
1 0.0913711 0.876084 0.0866094 0.88228 0.0817539 0.888477 0.0794727 0.892192 0.0761992 0.897275 0.0743164 0.900996 0.0741172 0.905454 0.0730273 0.908555 0.0720352 0.911528 0.0707461 0.913633 0.07025 0.917104 0.0717383 0.918345 0.075207 0.918345 0.0791758 0.915742 0.0812578 0.913262 0.0857187 0.907192 0.0884961 0.903721 0.0911719 0.90124 0.0933516 0.899756 0.094543 0.895542 0.0975156 0.891201 0.102574 0.883892 0.106043 0.880547 0.106738 0.878188 0.106738 0.875713 0.104852 0.874351 0.103465 0.871499 0.10277 0.869517 0.101582 0.868276 0.0993008 0.868276 0.0971211 0.869639 0.0948398 0.872119 0.0926602 0.874844
1 0.154023 0.86626 0.155 0.861646 0.15607 0.857705 0.155914 0.855518 0.156152 0.853662 0.156938 0.851904 0.156938 0.850479 0.157438 0.848486 0.158223 0.847505 0.159078 0.846772 0.159781 0.846523 0.161148 0.84707 0.161934 0.848037 0.16248 0.849019 0.162602 0.850684 0.162555 0.853364 0.162672 0.856201 0.163922 0.860352 0.16416 0.864741 0.164277 0.870166 0.165098 0.873828 0.165938 0.877197 0.165859 0.881543 0.167109 0.885791 0.167539 0.889941 0.166016 0.899561 0.16457 0.902441 0.162695 0.904248 0.158789 0.904199 0.155273 0.90354 0.152406 0.901787 0.152133 0.899375 0.152133 0.897324 0.152738 0.89521 0.153441 0.892061 0.153117 0.890063 0.152227 0.888193 0.152227 0.886138 0.153344 0.884487 0.154047 0.882617 0.154285 0.876416 0.153906 0.870215
1 0.130039 0.818311 0.127617 0.822793 0.12475 0.826875 0.122781 0.830317 0.120754 0.835313 0.119406 0.83791 0.118223 0.840864 0.117156 0.842622 0.11575 0.843535 0.11502 0.844663 0.114566 0.846211 0.114457 0.847754 0.115129 0.849585 0.117941 0.85043 0.121375 0.850356 0.127 0.849512 0.130375 0.847402 0.134313 0.844312 0.137461 0.840234 0.140555 0.835874 0.142805 0.832075 0.143535 0.828843 0.143707 0.823218 0.14393 0.81689 0.14393 0.814077 0.142242 0.81084 0.139316 0.808594 0.13752 0.808242 0.13566 0.808521 0.133863 0.81 0.132566 0.812246 0.131613 0.814497
1 0.13718 0.77646 0.135156 0.778921 0.13302 0.782295 0.131895 0.786094 0.131555 0.790239 0.132062 0.796289 0.133242 0.803179 0.134086 0.805288 0.136113 0.80606 0.138305 0.805005 0.139937 0.802124 0.141063 0.79938 0.142074 0.795864 0.146012 0.79228 0.151301 0.787075 0.155574 0.783984 0.15777 0.780679 0.15968 0.775967 0.160582 0.770977 0.160355 0.766685 0.158836 0.763945 0.156363 0.761201 0.15473 0.761343 0.149105 0.766616 0.144773 0.769922 0.140387 0.773857
1 0.203031 0.811377 0.201457 0.815312 0.19977 0.819956 0.197969 0.822905 0.19707 0.82832 0.197406 0.833804 0.198422 0.838164 0.199266 0.843369 0.199094 0.847656 0.19977 0.851523 0.200332 0.85293 0.202863 0.853843 0.206125 0.853843 0.208207 0.851523 0.210457 0.847866 0.211078 0.842808 0.211695 0.835635 0.21327 0.828394 0.213383 0.825508 0.21327 0.822627 0.213383 0.816016 0.21327 0.8125 0.212766 0.807861 0.212766 0.804414 0.212594 0.800898 0.211301 0.799917 0.209953 0.799565 0.208375 0.800547 0.206633 0.802378 0.205563 0.804624 0.204102 0.80814
1 0.216082 0.840835 0.213047 0.845127 0.211922 0.848149 0.210344 0.851104 0.209219 0.853423 0.208266 0.856519 0.208266 0.862915 0.209109 0.867627 0.209672 0.870933 0.211078 0.874165 0.212203 0.874937 0.213945 0.8748 0.217266 0.875151 0.218445 0.87353 0.220582 0.870015 0.222383 0.868682 0.223395 0.866924 0.223734 0.864111 0.22407 0.861509 0.225758 0.859331 0.228289 0.855601 0.230031 0.852158 0.23082 0.844917 0.23082 0.83936 0.229922 0.832261 0.229414 0.827549 0.228008 0.824595 0.226828 0.824595 0.225703 0.825229 0.223844 0.82853 0.222328 0.831206 0.220359 0.834019 0.218613 0.835845 0.217375 0.838657
1 0 0.767505 0.00142187 0.768716 0.00442188 0.769023 0.00603906 0.766489 0.0066875 0.763657 0.00814844 0.76001 0.00936328 0.756367 0.00960547 0.750596 0.0104961 0.745229 0.0117109 0.737231 0.0124414 0.730244 0.0124414 0.726802 0.0124414 0.723257 0.01325 0.720928 0.0140586 0.719409 0.0141406 0.717891 0.0130078 0.717485 0.011793 0.716572 0.0109805 0.714854 0.010332 0.71313 0.00960547 0.712627 0.00830859 0.712827 0.00692969 0.713437 0.0053125 0.713843 0.0045 0.714448 0.00442188 0.715864 0.003125 0.717686 0.00247656 0.719512 0.00158594 0.721738 0.00126953 0.72417 0.000695312 0.725688 0 0.726802
1 0.0373867 0.73561 0.0343906 0.734092 0.0309063 0.732876 0.0266133 0.732065 0.0235352 0.732065 0.0206211 0.733584 0.0194883 0.73561 0.019082 0.737837 0.0178672 0.741074 0.0177852 0.743911 0.0185937 0.746646 0.0201328 0.747456 0.021918 0.747456 0.0246719 0.748062 0.0279922 0.749482 0.0305039 0.751304 0.0333359 0.753833 0.0377109 0.756567 0.0410313 0.757275 0.0448398 0.757275 0.0491328 0.759097 0.05375 0.762847 0.0563398 0.764365 0.0590156 0.76416 0.0604727 0.761831 0.0611211 0.759199 0.0584492 0.753833 0.0556133 0.747251 0.0498633 0.742495 0.0448398 0.739155 0.0424102 0.738345 0.0390078 0.736621
1 0.0565937 0.716978 0.053668 0.718296 0.0509961 0.719712 0.0501875 0.720522 0.0497812 0.722246 0.0504297 0.72437 0.0505898 0.726396 0.0498711 0.727407 0.0488086 0.728926 0.0484844 0.73166 0.0509141 0.733989 0.053832 0.734697 0.0582031 0.735205 0.0631445 0.736621 0.0728672 0.73875 0.0794258 0.73875 0.0840508 0.738037 0.0877695 0.737231 0.0907734 0.737231 0.0941758 0.737432 0.0955469 0.736724 0.0967617 0.735205 0.0962734 0.733076 0.0939258 0.730039 0.0901172 0.725991 0.0831641 0.721436 0.0777266 0.719209 0.0714063 0.71748 0.0617695 0.71627
1 0.0565937 0.697334 0.0497812 0.69501 0.0425703 0.693389 0.0394922 0.693086 0.0372266 0.694097 0.0360898 0.695513 0.0354531 0.697642 0.0347969 0.700171 0.0338242 0.702905 0.0319609 0.706045 0.0313945 0.706953 0.0310703 0.708071 0.0310703 0.70979 0.0326094 0.711611 0.0351211 0.712725 0.0380352 0.71313 0.0403828 0.71313 0.0423281 0.713335 0.0446055 0.714648 0.0468633 0.714648 0.0496992 0.714648 0.0522109 0.715156 0.0555312 0.716167 0.0617695 0.718296 0.0656562 0.718901 0.0710898 0.719917 0.0748984 0.719609 0.0774023 0.719106 0.0786172 0.718296 0.0792734 0.717588 0.0792734 0.716069 0.0784531 0.713032 0.0748086 0.708071 0.0716523 0.704224 0.0664648 0.700474 0.0612031 0.69835
1 0.0492227 0.669087 0.0460625 0.671821 0.0430664 0.677085 0.0415273 0.681138 0.0403125 0.685488 0.0395 0.68772 0.0393398 0.69106 0.0397461 0.693286 0.0402305 0.695615 0.0410391 0.698955 0.0425781 0.701387 0.0451719 0.701992 0.0484922 0.700679 0.0518945 0.699971 0.0544883 0.696831 0.0559453 0.694297 0.0565117 0.692173 0.0576445 0.689644 0.0605625 0.685796 0.0621836 0.682451 0.0646914 0.677896 0.0661523 0.672935 0.0664766 0.667773 0.0664766 0.663521 0.0656641 0.660889 0.0624258 0.660381 0.0577266 0.661899 0.0544883 0.663521 0.0521367 0.664736 0.0510859 0.66605
1 0.0720625 0.653799 0.0710898 0.64833 0.0704375 0.642256 0.069543 0.641348 0.0683281 0.640635 0.0672773 0.64104 0.0663047 0.642866 0.0660625 0.645093 0.0656562 0.646914 0.0647734 0.650459 0.0629844 0.654404 0.0625781 0.657446 0.0622539 0.661899 0.0614531 0.668584 0.0614531 0.674756 0.0614531 0.680225 0.0623359 0.683872 0.063957 0.687212 0.0671133 0.69187 0.0694648 0.694502 0.074 0.694805 0.0772383 0.692881 0.0788594 0.690352 0.0790234 0.68792 0.0785352 0.684683 0.0778164 0.679009 0.0765898 0.675566 0.0765898 0.672026 0.0765898 0.669595 0.0765898 0.667974 0.0759453 0.666152 0.0756992 0.664531 0.0756992 0.66291 0.0753828 0.660381 0.0743242 0.658252 0.0731914 0.65623 0.0728672 0.655723
1 0.133227 0.735278 0.12957 0.735278 0.127488 0.735908 0.125406 0.737314 0.124789 0.739424 0.125352 0.742168 0.128445 0.746104 0.133281 0.750747 0.13902 0.754966 0.143406 0.757354 0.149766 0.758691 0.154266 0.757705 0.157359 0.756934 0.161016 0.756934 0.162758 0.755244 0.162812 0.753135 0.161801 0.749692 0.156758 0.744336 0.152016 0.741255 0.14668 0.738086 0.140039 0.735889 0.136328 0.735498
2 0.129008 0.726206 0.123664 0.721777 0.121641 0.721143 0.119559 0.721494 0.118039 0.722622 0.116969 0.724731 0.115902 0.727471 0.115621 0.72958 0.116352 0.733447 0.117422 0.737808 0.118547 0.743291 0.12057 0.748145 0.123945 0.753486 0.126703 0.756724 0.128277 0.758057 0.129234 0.757847 0.130469 0.757988 0.131371 0.75876 0.132609 0.758833 0.136375 0.757427 0.137727 0.755034 0.137953 0.752012 0.138289 0.74688 0.137277 0.742729 0.134352 0.73563 0.133 0.732534 0.130695 0.728667
1 0.114437 0.681841 0.114328 0.67959 0.11427 0.677197 0.113594 0.675439 0.112301 0.675088 0.111457 0.675439 0.110332 0.676216 0.109094 0.678745 0.107406 0.687041 0.107016 0.694424 0.107238 0.699067 0.108082 0.704341 0.109656 0.708628 0.113145 0.713408 0.117758 0.718472 0.121582 0.721846 0.125859 0.725503 0.12957 0.729019 0.131258 0.729512 0.13227 0.728599 0.132719 0.726841 0.132719 0.725293 0.133957 0.724097 0.135141 0.725083 0.136937 0.723677 0.138797 0.722271 0.139187 0.72002 0.138234 0.717769 0.136039 0.714536 0.13182 0.708911 0.128672 0.704692 0.126141 0.698994 0.125016 0.696182 0.121641 0.690981 0.118883 0.687534 0.117363 0.686338 0.116016 0.685005 0.115172 0.683599
1 0.150977 0.693105 0.145105 0.690239 0.139703 0.687285 0.138355 0.687202 0.136937 0.687368 0.135926 0.68813 0.13518 0.690151 0.134508 0.690996 0.133293 0.691924 0.13248 0.693613 0.13248 0.695386 0.131605 0.696904 0.131199 0.699604 0.131605 0.701289 0.133223 0.703652 0.136195 0.705762 0.143754 0.710151 0.148953 0.712515 0.154082 0.714199 0.157051 0.715044 0.15982 0.715889 0.16218 0.718252 0.165828 0.719263 0.168527 0.719683 0.174738 0.721201 0.180473 0.722383 0.182363 0.721455 0.183375 0.720273 0.183578 0.717744 0.183512 0.716309 0.18243 0.714453 0.179191 0.710063 0.174129 0.705005 0.169402 0.701626 0.164004 0.699434 0.159414 0.697832 0.156848 0.695889 0.153879 0.694624
1 0.152676 0.686113 0.151734 0.689404 0.151531 0.691597 0.150246 0.695815 0.148965 0.699106 0.148629 0.704253 0.148629 0.709653 0.148898 0.716064 0.149234 0.720366 0.149707 0.723574 0.150922 0.727876 0.153691 0.731338 0.156254 0.735132 0.157941 0.73665 0.158754 0.73665 0.160035 0.735469 0.161047 0.733022 0.161113 0.730322 0.160641 0.727959 0.159699 0.727031 0.159496 0.72501 0.161387 0.721631 0.161723 0.719355 0.161992 0.715645 0.162668 0.708809 0.162328 0.702988 0.161453 0.698682 0.160371 0.695142 0.158754 0.690923 0.156996 0.685435 0.156121 0.68417 0.154906 0.683579 0.153891 0.683579 0.153082 0.684087
1 0.136496 0.723638 0.136664 0.728208 0.137113 0.73292 0.137902 0.738125 0.13852 0.742695 0.139137 0.745859 0.140543 0.748672 0.143133 0.749937 0.14634 0.75043 0.148477 0.750288 0.150387 0.748672 0.152301 0.745366 0.154324 0.740586 0.155676 0.736226 0.156352 0.732568 0.157477 0.72582 0.159105 0.720122 0.159727 0.715625 0.159387 0.71042 0.158262 0.705356 0.155957 0.699663 0.153371 0.696709 0.152414 0.696567 0.149602 0.696992 0.147293 0.698818 0.145887 0.701914 0.143637 0.706904 0.141387 0.711758 0.139137 0.716538 0.138184 0.718506 0.137059 0.721177
1 0.118273 0.656353 0.115102 0.657026 0.11193 0.658799 0.108688 0.662681 0.104504 0.666816 0.10241 0.668164 0.101465 0.668755 0.100453 0.671289 0.100387 0.673984 0.101059 0.676519 0.103762 0.678628 0.107336 0.678965 0.112469 0.678291 0.117191 0.677275 0.120566 0.674917 0.126645 0.673984 0.134336 0.673901 0.138184 0.674409 0.141289 0.675083 0.143125 0.674902 0.143992 0.673984 0.144191 0.670947 0.144125 0.668335 0.145273 0.667236 0.146621 0.665801 0.146555 0.664199 0.144191 0.660742 0.140145 0.657363 0.133121 0.654917 0.125699 0.655254 0.121176 0.655508
1 0.172004 0.63897 0.169031 0.64167 0.166602 0.645469 0.165117 0.648843 0.162754 0.652471 0.159582 0.655088 0.155059 0.658462 0.152496 0.660908 0.151484 0.663525 0.151348 0.667153 0.151957 0.669937 0.152496 0.672383 0.156004 0.674326 0.158164 0.673647 0.159922 0.671792 0.163566 0.668501 0.167684 0.666309 0.170922 0.663945 0.174703 0.661079 0.177941 0.657534 0.179969 0.655088 0.181316 0.651543 0.181723 0.648423 0.182531 0.644624 0.183746 0.640405 0.18557 0.638716 0.186516 0.636357 0.18618 0.634331 0.185434 0.633066 0.184086 0.632812 0.181789 0.633569 0.178414 0.635088 0.176121 0.63644 0.174297 0.637451
1 0.214664 0.65897 0.208387 0.65981 0.202309 0.662344 0.200352 0.664199 0.198801 0.666138 0.198191 0.66749 0.198191 0.669263 0.199273 0.671875 0.200148 0.675083 0.201367 0.676436 0.204605 0.677109 0.209332 0.677783 0.212504 0.677783 0.215 0.676265 0.217836 0.675674 0.219793 0.676094 0.222762 0.676855 0.224789 0.676685 0.227824 0.675508 0.232078 0.675083 0.236059 0.674238 0.237344 0.67272 0.23802 0.670444 0.237477 0.668247 0.235047 0.665298 0.231941 0.662764 0.228973 0.660654 0.225531 0.659561 0.21993 0.658633 0.217094 0.658545
1 0.152887 0.596514 0.150793 0.597861 0.149309 0.598623 0.14816 0.600396 0.146879 0.60208 0.145461 0.603599 0.144516 0.605542 0.143844 0.608242 0.143031 0.609761 0.142156 0.612881 0.142762 0.61499 0.143504 0.617271 0.144043 0.618789 0.145191 0.620308 0.146879 0.620645 0.148973 0.621743 0.150121 0.621743 0.151809 0.620474 0.153898 0.617944 0.157207 0.613389 0.159703 0.611196 0.162605 0.608071 0.162742 0.605371 0.163484 0.60377 0.164293 0.601323 0.164766 0.597949 0.164766 0.593477 0.164496 0.589512 0.163621 0.586724 0.162336 0.585459 0.160582 0.585293 0.159906 0.585967 0.159637 0.588159 0.158895 0.590186 0.15768 0.591196 0.156195 0.592212 0.155117 0.593408 0.154168 0.594741 0.153562 0.595752
1 0.154508 0.620137 0.158285 0.623682 0.164293 0.628237 0.166656 0.62959 0.16841 0.632373 0.170234 0.633047 0.17307 0.633218 0.179281 0.632964 0.184344 0.632456 0.185758 0.631362 0.185895 0.62959 0.185285 0.627393 0.18407 0.626299 0.182383 0.625708 0.179551 0.625454 0.178199 0.623345 0.17577 0.618955 0.17273 0.613643 0.167871 0.60959 0.163484 0.606387 0.158625 0.606299 0.152684 0.60875 0.15066 0.611108 0.150793 0.615498 0.153023 0.618115
1 0.270969 0.643794 0.268285 0.642178 0.266188 0.642178 0.265047 0.64187 0.263344 0.640859 0.262535 0.640352 0.261246 0.640352 0.26059 0.641265 0.26059 0.643291 0.260844 0.644907 0.261813 0.647036 0.262375 0.64896 0.262535 0.651895 0.262859 0.653818 0.264074 0.655137 0.266262 0.657466 0.269824 0.6604 0.271859 0.662729 0.273883 0.664551 0.277844 0.666274 0.282379 0.668701 0.286672 0.671235 0.288789 0.673359 0.290164 0.673159 0.29073 0.672046 0.291777 0.671538 0.294207 0.671235 0.297687 0.670322 0.298426 0.668804 0.298012 0.665767 0.297453 0.664248 0.297375 0.662124 0.297375 0.660503 0.296797 0.658174 0.293641 0.655845 0.289191 0.652808 0.287078 0.650479 0.284648 0.649468 0.279789 0.647236 0.276547 0.645312 0.273398 0.644502
1 0.265801 0.659028 0.263879 0.656274 0.261441 0.654341 0.259848 0.654048 0.258863 0.654341 0.257691 0.654927 0.257363 0.655688 0.257457 0.657446 0.25727 0.658911 0.256051 0.658267 0.255348 0.657974 0.25427 0.65856 0.253707 0.659731 0.253566 0.661958 0.253707 0.664126 0.254691 0.666528 0.257551 0.670806 0.261348 0.674321 0.264113 0.675845 0.266176 0.678364 0.269457 0.68229 0.272223 0.685806 0.275363 0.689263 0.277707 0.691958 0.279957 0.694243 0.281879 0.695474 0.283332 0.695474 0.284176 0.694771 0.284551 0.693892 0.284879 0.691899 0.284504 0.688384 0.28441 0.683169 0.28441 0.678833 0.284316 0.675435 0.283379 0.671978 0.281926 0.670454 0.27977 0.668989 0.276957 0.666411 0.274613 0.664419 0.272598 0.663306 0.270629 0.662251 0.267816 0.66061
1 0.27573 0.841943 0.273477 0.843589 0.270805 0.846284 0.268602 0.849507 0.266258 0.852729 0.264711 0.855542 0.262555 0.858823 0.261289 0.860933 0.260352 0.863921 0.26082 0.866558 0.261992 0.868784 0.263023 0.871069 0.264242 0.871187 0.268367 0.868022 0.272348 0.864448 0.276992 0.860405 0.279945 0.858237 0.283836 0.856245 0.28768 0.85355 0.292039 0.848394 0.295742 0.845347 0.296445 0.843706 0.297242 0.842534 0.299352 0.841597 0.301039 0.841362 0.302586 0.83978 0.302633 0.836499 0.301367 0.8348 0.298883 0.833862 0.296305 0.833628 0.290492 0.835034 0.286832 0.83562 0.283316 0.837261 0.280973 0.83896 0.278164 0.840483
1 0.33 0.898281 0.327906 0.896172 0.326625 0.893472 0.325949 0.890264 0.324801 0.889253 0.323586 0.889253 0.322172 0.890098 0.320754 0.891699 0.320551 0.894399 0.320551 0.89811 0.32082 0.901064 0.321629 0.905366 0.321629 0.909165 0.323316 0.91583 0.325613 0.923511 0.32757 0.926123 0.329387 0.930088 0.331621 0.935405 0.333375 0.939878 0.334727 0.941313 0.336945 0.941479 0.339512 0.940723 0.341672 0.938696 0.342211 0.935742 0.342211 0.931021 0.341746 0.926714 0.339789 0.919204 0.338094 0.913721 0.335797 0.908828 0.333914 0.903599 0.33243 0.901064
1 0.360887 0.836851 0.359199 0.831157 0.357961 0.827358 0.356273 0.824966 0.35425 0.824126 0.352336 0.823633 0.350875 0.824966 0.34941 0.82771 0.348961 0.832349 0.349187 0.838325 0.350367 0.844653 0.351887 0.852461 0.35543 0.859419 0.360211 0.863359 0.36398 0.865044 0.366285 0.866733 0.369043 0.869126 0.370898 0.870391 0.372473 0.870039 0.373711 0.868984 0.374273 0.867578 0.374105 0.86582 0.372699 0.863569 0.371969 0.861177 0.371688 0.858364 0.370055 0.855132 0.367973 0.851406 0.366004 0.848804 0.363754 0.84543 0.363023 0.844165 0.362742 0.843247 0.362574 0.840366 0.361844 0.838677 0.361449 0.837905
1 0.245215 0.741572 0.240555 0.737437 0.23725 0.735073 0.235695 0.734062 0.233199 0.733979 0.231781 0.735073 0.230973 0.737017 0.230973 0.739717 0.231172 0.742754 0.23266 0.746636 0.23718 0.753301 0.23907 0.756758 0.2415 0.75895 0.244605 0.76123 0.246496 0.764014 0.25041 0.768066 0.253043 0.768906 0.255945 0.770342 0.260332 0.774985 0.262762 0.777515 0.265059 0.777935 0.267285 0.777095 0.267895 0.77397 0.267422 0.77186 0.266746 0.769331 0.264723 0.765278 0.263168 0.760557 0.26148 0.758359 0.260738 0.75625 0.259793 0.753804 0.258512 0.750854 0.256688 0.748154 0.253582 0.746465 0.250074 0.744609
2 0.291586 0.750767 0.289965 0.75001 0.28902 0.748491 0.288074 0.747227 0.287266 0.748066 0.287062 0.75001 0.286875 0.752881 0.287539 0.757422 0.290156 0.762939 0.292109 0.766309 0.293945 0.768652 0.29582 0.77002 0.297527 0.770005 0.299023 0.767285 0.300078 0.764502 0.300273 0.761914 0.298867 0.758105 0.297383 0.755908 0.295977 0.753955 0.294016 0.75271 0.29307 0.752031
1 0.317234 0.721323 0.314738 0.717695 0.312375 0.715415 0.310418 0.712886 0.309742 0.711533 0.308395 0.709258 0.307312 0.708833 0.306098 0.708833 0.304477 0.709761 0.303465 0.71187 0.303063 0.71415 0.303332 0.71668 0.304344 0.719551 0.30468 0.7225 0.30468 0.726299 0.305691 0.728408 0.307109 0.732964 0.308664 0.737607 0.310012 0.741064 0.312715 0.746973 0.313727 0.750767 0.314875 0.754141 0.317844 0.758447 0.319598 0.759204 0.321895 0.759458 0.324391 0.758784 0.325941 0.757095 0.326348 0.753301 0.326348 0.750176 0.326348 0.747646 0.325605 0.745366 0.324527 0.744102 0.324527 0.741484 0.323852 0.735664 0.322297 0.730518 0.320137 0.726299 0.318449 0.723262
1 0.321961 0.670444 0.320879 0.667827 0.320004 0.664873 0.319531 0.661919 0.31791 0.660151 0.315887 0.659473 0.313387 0.659644 0.310352 0.661079 0.309137 0.664536 0.30873 0.673647 0.308461 0.678374 0.308664 0.684619 0.309066 0.688501 0.31143 0.693984 0.313523 0.699722 0.316562 0.703687 0.320609 0.705879 0.324055 0.708413 0.327562 0.712378 0.32959 0.714995 0.331277 0.715923 0.332828 0.715835 0.33418 0.71415 0.334785 0.711787 0.334785 0.708325 0.333367 0.703267 0.331004 0.696431 0.328102 0.690439 0.326957 0.687573 0.324594 0.683267 0.323984 0.679727 0.323582 0.676182 0.323313 0.674072 0.322703 0.671875
1 0.434172 1 0.434352 0.998735 0.434352 0.995396 0.432328 0.993169 0.430625 0.99165 0.426008 0.99064 0.416855 0.989424 0.408188 0.989321 0.397742 0.99165 0.394824 0.993472 0.393449 0.994585 0.390613 0.995498 0.387937 0.995498 0.38648 0.996509 0.38559 0.998638 0.38559 1
1 0.486355 0.945884 0.482871 0.941533 0.47777 0.938594 0.468129 0.934746 0.467156 0.934746 0.465215 0.935254 0.464078 0.93728 0.463918 0.940317 0.465699 0.944063 0.467969 0.947607 0.470074 0.952671 0.472504 0.957124 0.474125 0.959556 0.476148 0.960869 0.478254 0.962793 0.481008 0.965425 0.482629 0.967656 0.484086 0.969272 0.485707 0.96978 0.486598 0.96978 0.48757 0.970996 0.489434 0.974336 0.491781 0.97707 0.492836 0.977778 0.494699 0.978389 0.496398 0.978286 0.498504 0.976768 0.49891 0.973223 0.49891 0.96897 0.498262 0.964111 0.497047 0.95915 0.495266 0.955708 0.491375 0.951455 0.48757 0.94811
1 0.474527 0.923916 0.472586 0.92624 0.46975 0.928877 0.466508 0.930088 0.464402 0.932622 0.462539 0.935659 0.460758 0.94042 0.460352 0.945073 0.460031 0.948721 0.461164 0.952266 0.463352 0.954287 0.46643 0.954795 0.470723 0.951655 0.472988 0.946592 0.475582 0.942949 0.479957 0.939102 0.482223 0.938188 0.485465 0.935557 0.487895 0.932822 0.489512 0.930396 0.491133 0.927256 0.49332 0.923916 0.494859 0.9229 0.497207 0.923003 0.499637 0.923003 0.501258 0.921685 0.50134 0.919663 0.500207 0.917432 0.498586 0.916221 0.494777 0.915713 0.490484 0.915713 0.487648 0.915815 0.485543 0.916929 0.483926 0.917334 0.482629 0.917334 0.480359 0.917837 0.478742 0.91875 0.477203 0.920474 0.476148 0.922295
1 0.515516 0.905791 0.509437 0.906602 0.504336 0.908423 0.500207 0.911968 0.498504 0.913892 0.496641 0.915713 0.495102 0.919155 0.494941 0.921787 0.495344 0.924624 0.497047 0.925229 0.499801 0.924219 0.504418 0.924219 0.509195 0.924521 0.51284 0.924321 0.515516 0.923306 0.518023 0.921787 0.521426 0.920068 0.52491 0.919155 0.527746 0.919761 0.529043 0.919966 0.531473 0.919966 0.53293 0.920166 0.535602 0.920571 0.537629 0.919053 0.539977 0.916421 0.541598 0.911563 0.541676 0.909336 0.540625 0.906602 0.538762 0.905386 0.537547 0.905488 0.534305 0.905894 0.528312 0.906094 0.518918 0.905488
1 0.53309 0.880073 0.53066 0.875923 0.527504 0.873291 0.524586 0.870859 0.522074 0.867314 0.520617 0.86519 0.518996 0.864277 0.517703 0.86438 0.517297 0.865796 0.516891 0.868428 0.517621 0.87187 0.518594 0.876426 0.518836 0.881489 0.518918 0.883516 0.520133 0.886045 0.521672 0.888271 0.523047 0.891514 0.524344 0.894248 0.525074 0.896777 0.525316 0.898604 0.525965 0.900625 0.528148 0.901641 0.532281 0.90397 0.535117 0.905181 0.537871 0.906499 0.540461 0.907007 0.54273 0.905283 0.543621 0.903257 0.543621 0.900425 0.543215 0.897588 0.542164 0.895161 0.540059 0.892627 0.537305 0.888271 0.535199 0.884429
1 0.639367 1 0.635371 0.996392 0.62727 0.990991 0.620926 0.987109 0.616066 0.98458 0.607762 0.984326 0.602227 0.984326 0.600203 0.984326 0.598043 0.985679 0.597367 0.986943 0.597367 0.989473 0.598516 0.991836 0.602566 0.995127 0.606613 0.997236 0.609113 0.999175 0.609844 1
1 0.446875 0.823604 0.446715 0.832314 0.446715 0.839399 0.447035 0.845879 0.448254 0.85145 0.450359 0.856816 0.451574 0.861777 0.452141 0.865625 0.453113 0.868662 0.453762 0.869878 0.455379 0.870381 0.456516 0.870283 0.45773 0.869473 0.458621 0.867344 0.458539 0.864307 0.458379 0.861372 0.458379 0.858843 0.458457 0.857222 0.45943 0.855498 0.460645 0.852056 0.461375 0.846587 0.460969 0.838086 0.460645 0.825225 0.460484 0.817832 0.459836 0.811455 0.45716 0.808926 0.455543 0.808721 0.453355 0.809736 0.451652 0.809531 0.450035 0.809937 0.449062 0.812163 0.448008 0.815708 0.447117 0.820566
1 0.503008 0.808418 0.49734 0.815708 0.493047 0.821074 0.490777 0.824819 0.489969 0.829683 0.490047 0.83272 0.491992 0.835249 0.496691 0.837578 0.498555 0.838794 0.499445 0.838794 0.500254 0.837681 0.500254 0.83626 0.501875 0.833125 0.504707 0.829375 0.508758 0.826035 0.513457 0.821274 0.516051 0.818237 0.519531 0.812974 0.521133 0.809229 0.522617 0.805273 0.524219 0.802344 0.526012 0.801025 0.528523 0.79981 0.529254 0.798696 0.529332 0.79627 0.528281 0.794951 0.523988 0.794141 0.519371 0.794141 0.515969 0.795659 0.513699 0.796772 0.510461 0.799307 0.507141 0.803154
1 0.46243 0.753394 0.455867 0.755913 0.453055 0.757905 0.452867 0.75896 0.453336 0.760483 0.453945 0.761187 0.453336 0.762886 0.453055 0.763706 0.453238 0.766108 0.454273 0.767749 0.455867 0.769507 0.457461 0.770269 0.460883 0.770796 0.464492 0.77103 0.467117 0.770444 0.469461 0.768979 0.473211 0.768159 0.476258 0.768159 0.48193 0.766753 0.486664 0.762534 0.490738 0.758491 0.49318 0.753745 0.494727 0.750347 0.49482 0.748003 0.493602 0.745894 0.49191 0.745308 0.490738 0.745894 0.488395 0.747651 0.485445 0.748413 0.482305 0.74853 0.477945 0.749292 0.475555 0.750347 0.472039 0.751226 0.469695 0.751929 0.466414 0.752339 0.463785 0.75269
1 0.552945 0.82666 0.548727 0.835942 0.547715 0.838545 0.545805 0.841216 0.544059 0.843535 0.543102 0.845293 0.541922 0.848247 0.541867 0.849863 0.543047 0.851904 0.54507 0.853311 0.547547 0.85521 0.549121 0.855913 0.552496 0.85563 0.554523 0.853379 0.555758 0.850146 0.556266 0.846489 0.559695 0.840723 0.561273 0.838545 0.563578 0.835801 0.567742 0.831934 0.569711 0.827998 0.570664 0.822793 0.570664 0.818574 0.570102 0.813442 0.568695 0.809434 0.567516 0.807324 0.565996 0.806973 0.564422 0.807959 0.562902 0.810562 0.560652 0.814429 0.555758 0.821035 0.55407 0.824482
1 0.576742 0.834395 0.575164 0.828911 0.573816 0.824131 0.572805 0.822441 0.571398 0.82188 0.568867 0.821738 0.566727 0.822656 0.564141 0.825469 0.563297 0.829336 0.56307 0.834258 0.563805 0.838545 0.564648 0.841567 0.566504 0.847402 0.568305 0.856123 0.570273 0.862383 0.572016 0.864629 0.574379 0.867231 0.577133 0.869482 0.57882 0.873281 0.579273 0.875107 0.580227 0.877148 0.581129 0.877568 0.582086 0.877217 0.583492 0.876162 0.584055 0.873911 0.584055 0.869414 0.58366 0.862871 0.582422 0.858442 0.580453 0.850215 0.57916 0.84375 0.577695 0.83791
1 0.584898 0.871211 0.588141 0.867769 0.592594 0.861494 0.595672 0.855923 0.598426 0.850762 0.600129 0.843169 0.600613 0.836079 0.600449 0.829194 0.59802 0.822612 0.595996 0.818462 0.592434 0.816641 0.590004 0.816641 0.588059 0.817549 0.586844 0.821196 0.585871 0.828589 0.584898 0.836182 0.584008 0.840435 0.583684 0.844688 0.583117 0.850762 0.582469 0.853999 0.582309 0.858457 0.582227 0.863418 0.581254 0.867266 0.581172 0.87 0.581172 0.871719 0.582227 0.872529 0.583277 0.872632 0.58425 0.871821
1 0.593402 0.861797 0.590004 0.86625 0.588543 0.868579 0.588383 0.872021 0.588465 0.875669 0.588785 0.878501 0.590082 0.880225 0.592109 0.881943 0.594457 0.88397 0.59543 0.886807 0.596562 0.888223 0.59859 0.888223 0.599398 0.887212 0.599883 0.884478 0.599883 0.883159 0.599234 0.881743 0.59859 0.88063 0.599398 0.878906 0.601828 0.876577 0.603852 0.87334 0.605473 0.871011 0.60782 0.868481 0.611629 0.865845 0.615031 0.860479 0.616812 0.857441 0.617867 0.85167 0.618434 0.846709 0.618027 0.845498 0.615922 0.84519 0.614383 0.84519 0.613898 0.843672 0.613574 0.841953 0.611547 0.84104 0.609441 0.841548 0.607418 0.843066 0.606605 0.84499 0.603691 0.846611 0.602234 0.847622 0.600531 0.850659 0.598426 0.855317 0.59648 0.858154 0.594941 0.860278
1 0.535984 0.624526 0.534281 0.62939 0.533391 0.634043 0.533473 0.638701 0.534363 0.641641 0.536309 0.644878 0.539062 0.648223 0.544324 0.653184 0.54959 0.655508 0.553965 0.656318 0.556559 0.65541 0.558824 0.654194 0.559879 0.652471 0.559879 0.651357 0.558906 0.650142 0.557609 0.649434 0.556477 0.649131 0.554855 0.64812 0.554207 0.646396 0.553805 0.643662 0.55259 0.64103 0.550887 0.639814 0.549348 0.638198 0.547973 0.636475 0.547727 0.635059 0.547973 0.63354 0.549266 0.631211 0.550887 0.628477 0.553398 0.624629 0.55502 0.620581 0.554531 0.616934 0.552832 0.614302 0.550887 0.612378 0.548941 0.610962 0.547082 0.610352 0.545863 0.610352 0.544324 0.611162 0.54141 0.614404 0.540117 0.617236 0.539219 0.619971 0.537441 0.62311
1 0.586887 0.544932 0.583289 0.548379 0.581039 0.551191 0.579801 0.552881 0.579352 0.553936 0.579352 0.555342 0.580137 0.556816 0.58357 0.557378 0.586383 0.5571 0.590152 0.557725 0.594652 0.559272 0.599883 0.560264 0.607137 0.560684 0.61327 0.560684 0.618727 0.559487 0.621762 0.557803 0.623621 0.555059 0.624465 0.551611 0.62452 0.548799 0.624465 0.546333 0.623059 0.544575 0.620414 0.544443 0.617152 0.543804 0.613777 0.541909 0.608602 0.540854 0.602355 0.540293 0.596957 0.540225 0.593414 0.540293 0.590262 0.541768
1 0.626883 0.547666 0.623902 0.553296 0.62182 0.559409 0.620246 0.56377 0.619965 0.566655 0.618895 0.570098 0.617938 0.571646 0.61659 0.574175 0.615746 0.57748 0.616195 0.578535 0.617152 0.579448 0.619344 0.579731 0.621934 0.578325 0.626207 0.57439 0.631215 0.568691 0.636727 0.557651 0.641113 0.547808 0.644996 0.538315 0.646402 0.531567 0.646457 0.527065 0.645559 0.524116 0.642633 0.522847 0.640551 0.522988 0.637457 0.524604 0.635996 0.526577 0.634871 0.529878 0.633406 0.534097 0.631945 0.538457 0.628965 0.54394
1 0.660074 0.487476 0.656836 0.489668 0.652176 0.491104 0.647926 0.491865 0.644012 0.494312 0.641379 0.497178 0.639961 0.499878 0.639824 0.502832 0.6405 0.504941 0.641918 0.506543 0.644887 0.508149 0.648937 0.508398 0.654473 0.508149 0.660816 0.507051 0.666895 0.503086 0.671348 0.498696 0.674316 0.494814 0.677422 0.490259 0.679043 0.487559 0.681742 0.484268 0.681879 0.482246 0.681676 0.480557 0.680797 0.478867 0.677828 0.479209 0.67425 0.479546 0.670402 0.480049 0.666016 0.482412 0.662977 0.484268 0.661289 0.48604
1 0.637934 0.456509 0.631254 0.459546 0.627066 0.461655 0.625988 0.463428 0.626055 0.466128 0.62943 0.468491 0.636914 0.471094 0.645625 0.473389 0.653203 0.475391 0.657711 0.476255 0.662773 0.47853 0.665137 0.478955 0.667363 0.478618 0.66993 0.476675 0.670875 0.473892 0.670875 0.470601 0.66993 0.467646 0.667973 0.466128 0.662504 0.463599 0.658926 0.460898 0.652379 0.45668 0.647316 0.454907 0.641512 0.455161
1 0.681875 0.445557 0.681008 0.441406 0.680121 0.43854 0.680055 0.435161 0.678707 0.433052 0.677355 0.432041 0.675195 0.432041 0.672359 0.434741 0.670672 0.436851 0.66966 0.438706 0.66966 0.440986 0.670477 0.444277 0.671145 0.452378 0.671145 0.457017 0.671684 0.464019 0.672496 0.46748 0.674047 0.471865 0.676344 0.474819 0.678234 0.477183 0.680738 0.479375 0.682352 0.48022 0.683836 0.48022 0.684512 0.480137 0.685184 0.478784 0.685387 0.477349 0.685387 0.47541 0.685387 0.47313 0.686332 0.469253 0.686332 0.466128 0.685793 0.463174 0.684441 0.4571 0.683633 0.452461 0.682754 0.448662
1 0.585879 0.716934 0.581625 0.71938 0.576699 0.722754 0.57366 0.725117 0.572445 0.727061 0.572109 0.72959 0.572648 0.73229 0.574742 0.733218 0.576699 0.732798 0.578117 0.732119 0.579871 0.732881 0.583586 0.733726 0.586285 0.733218 0.591684 0.73271 0.595059 0.732119 0.602078 0.731953 0.609168 0.73229 0.613352 0.73229 0.616391 0.73229 0.61875 0.731528 0.619293 0.729844 0.619629 0.725708 0.619629 0.722251 0.618414 0.720981 0.615039 0.719463 0.607074 0.716763 0.600797 0.715161 0.596949 0.714233 0.592766 0.714233 0.589863 0.714995
1 0.655605 0.683101 0.654121 0.681328 0.652367 0.679639 0.651016 0.679385 0.649937 0.679976 0.649262 0.681245 0.648992 0.684028 0.649531 0.686138 0.65007 0.687319 0.650004 0.690273 0.650078 0.693115 0.65041 0.69584 0.651555 0.699214 0.653582 0.702422 0.65743 0.706216 0.662898 0.710776 0.66573 0.714233 0.666813 0.716934 0.668973 0.721323 0.671605 0.722251 0.674035 0.722334 0.676195 0.721406 0.679027 0.718115 0.67957 0.715586 0.67923 0.711704 0.676262 0.705713 0.670254 0.697104 0.666137 0.693057 0.66175 0.689341 0.657496 0.68563
1 0.66384 0.683774 0.668094 0.690947 0.670863 0.696685 0.67498 0.702588 0.679906 0.708076 0.684633 0.711616 0.68848 0.713726 0.691785 0.714653 0.694891 0.71457 0.700293 0.713813 0.703937 0.713477 0.705625 0.711704 0.706098 0.709932 0.706027 0.708076 0.703867 0.705459 0.697863 0.701157 0.691383 0.695669 0.687063 0.689932 0.682336 0.681836 0.67741 0.675083 0.67093 0.667998 0.66877 0.666982 0.667418 0.666982 0.665867 0.66749 0.665461 0.668418 0.665395 0.670273 0.665395 0.671709 0.664449 0.672554 0.663168 0.672891 0.662223 0.673228 0.661074 0.674155 0.660535 0.675928 0.661141 0.67812 0.662355 0.680566
1 0.688883 0.645469 0.685914 0.645977 0.683148 0.647241 0.680312 0.649604 0.678086 0.653398 0.675992 0.656436 0.673766 0.659136 0.670996 0.663271 0.669918 0.665801 0.669309 0.668247 0.668973 0.670107 0.669242 0.670781 0.671941 0.670698 0.672277 0.672383 0.672617 0.674575 0.673562 0.675083 0.67491 0.674746 0.67707 0.673228 0.680445 0.670781 0.683484 0.668164 0.685848 0.666309 0.689152 0.665464 0.696848 0.664453 0.701238 0.663354 0.704477 0.662007 0.70684 0.659897 0.710148 0.658208 0.713184 0.657871 0.716625 0.6577 0.718246 0.656606 0.718785 0.655254 0.718449 0.652979 0.716559 0.650952 0.711562 0.647744 0.706637 0.645215 0.703465 0.643442 0.70009 0.643022 0.697391 0.643022 0.693879 0.644287 0.691652 0.644624
1 0.775375 0.654873 0.770988 0.650303 0.768289 0.647773 0.76559 0.644961 0.764066 0.644468 0.761652 0.645454 0.759457 0.647773 0.758781 0.649248 0.758723 0.652554 0.759059 0.655015 0.759625 0.656069 0.761313 0.657407 0.761422 0.659233 0.76266 0.661626 0.764066 0.662607 0.766371 0.663735 0.769133 0.666475 0.770645 0.670063 0.772109 0.672734 0.773465 0.675615 0.776164 0.678501 0.780496 0.680962 0.783813 0.683281 0.786062 0.683774 0.788254 0.683774 0.791238 0.683633 0.793375 0.683281 0.79557 0.683633 0.796691 0.684404 0.798152 0.684053 0.799281 0.682998 0.799563 0.68103 0.799051 0.679272 0.797363 0.677373 0.793203 0.672734 0.789156 0.668232 0.786344 0.664507 0.782184 0.660288 0.777957 0.656914
1 0.798047 0.600313 0.797484 0.596445 0.79652 0.594126 0.795402 0.592227 0.79382 0.591523 0.791687 0.592295 0.789488 0.593423 0.787801 0.594614 0.786738 0.596797 0.786062 0.60207 0.785277 0.606289 0.784434 0.610435 0.783695 0.61543 0.783695 0.62063 0.783645 0.627524 0.784934 0.630195 0.786121 0.633008 0.787016 0.636665 0.788594 0.642568 0.790453 0.647773 0.791297 0.650728 0.792926 0.652764 0.794215 0.652764 0.795402 0.652412 0.796469 0.651431 0.797141 0.649458 0.797363 0.645312 0.797652 0.640181 0.798551 0.634482 0.799391 0.627173 0.799391 0.621475 0.79934 0.616904 0.798828 0.610786 0.798496 0.604883
1 0.60068 0.749263 0.598945 0.747559 0.597082 0.746729 0.594773 0.746377 0.593367 0.744971 0.59123 0.742231 0.589992 0.740542 0.588305 0.739697 0.584426 0.739346 0.582117 0.740049 0.580262 0.74251 0.579363 0.744341 0.57925 0.746802 0.579305 0.749966 0.58043 0.751582 0.583469 0.753833 0.58718 0.755869 0.590051 0.759458 0.592242 0.762339 0.593367 0.766064 0.595 0.77106 0.59652 0.773799 0.599273 0.776963 0.602367 0.779004 0.604898 0.781816 0.606305 0.785332 0.607094 0.787935 0.6085 0.788496 0.610074 0.787651 0.610918 0.786035 0.61148 0.782871 0.610918 0.778511 0.609625 0.775205 0.608219 0.771128 0.607543 0.764941 0.606812 0.758472 0.605012 0.755239 0.603156 0.752285 0.601805 0.750879
1 0.659801 0.774795 0.65766 0.771138 0.656145 0.766216 0.654398 0.763892 0.652598 0.763052 0.651082 0.763052 0.650125 0.764595 0.649957 0.768745 0.649785 0.773809 0.64866 0.779082 0.64793 0.781118 0.647086 0.783159 0.646863 0.787729 0.64827 0.792583 0.651531 0.799824 0.653219 0.803481 0.655129 0.808188 0.656988 0.812974 0.658516 0.815918 0.660039 0.816455 0.6625 0.814941 0.664973 0.813325 0.666379 0.812056 0.667504 0.809668 0.667617 0.806294 0.667617 0.799048 0.666941 0.793423 0.666211 0.787446 0.664582 0.78147 0.662441 0.777954
1 0.686738 0.793916 0.683812 0.793003 0.682125 0.793354 0.67802 0.795254 0.674758 0.797505 0.673352 0.798979 0.672449 0.801582 0.672281 0.805308 0.672449 0.809033 0.673574 0.811426 0.676164 0.811846 0.678414 0.811846 0.68027 0.810581 0.682801 0.810161 0.683762 0.810791 0.684773 0.812622 0.686238 0.813184 0.68775 0.813325 0.690449 0.814941 0.692199 0.816348 0.69298 0.818105 0.694113 0.819229 0.695793 0.819512 0.696695 0.819019 0.697707 0.818247 0.698945 0.816909 0.703051 0.816138 0.704793 0.815503 0.705582 0.814238 0.705867 0.812622 0.705582 0.810864 0.7035 0.80833 0.698613 0.802495 0.695289 0.79856 0.69332 0.797012 0.689332 0.795396
1 0.683707 0.821479 0.681512 0.823447 0.678418 0.824712 0.675156 0.825278 0.671273 0.825415 0.668801 0.826401 0.66773 0.827314 0.667336 0.828931 0.668406 0.83104 0.671219 0.832026 0.675832 0.833994 0.679824 0.835962 0.683086 0.837651 0.685898 0.838071 0.689105 0.838354 0.692031 0.837368 0.69518 0.835894 0.699738 0.833853 0.70193 0.832798 0.705082 0.832446 0.707668 0.833149 0.710426 0.833013 0.712281 0.83062 0.713855 0.827104 0.714023 0.823521 0.712898 0.819087 0.710145 0.817119 0.707781 0.816416 0.704855 0.816416 0.700918 0.816978 0.696082 0.817544 0.690906 0.818174 0.688094 0.819019 0.685844 0.820142
1 0.720461 0.875688 0.722148 0.87124 0.722891 0.865967 0.722406 0.862627 0.720543 0.85564 0.719328 0.853413 0.716086 0.852905 0.713898 0.850376 0.712441 0.848047 0.71082 0.847441 0.709527 0.847339 0.707906 0.848555 0.707176 0.850073 0.707418 0.851895 0.708313 0.853213 0.708555 0.85564 0.708313 0.857666 0.708723 0.859692 0.710254 0.861108 0.71082 0.862627 0.710984 0.865361 0.710984 0.867588 0.711145 0.870322 0.712043 0.873662 0.711793 0.878018 0.71066 0.881563 0.710418 0.889155 0.710336 0.894219 0.712281 0.897759 0.713898 0.900698 0.71552 0.902319 0.717543 0.902622 0.71868 0.901104 0.719738 0.895938 0.719895 0.892495 0.719738 0.890674 0.71957 0.889458 0.720055 0.886318 0.720055 0.880952 0.720297 0.877412
1 0.726867 0.523857 0.724195 0.528511 0.720309 0.534585 0.718281 0.538433 0.71666 0.541475 0.7165 0.542993 0.717875 0.544106 0.719578 0.545723 0.720793 0.547041 0.722816 0.547344 0.725977 0.545117 0.730027 0.542788 0.735371 0.539448 0.73918 0.535498 0.743879 0.531348 0.747848 0.525068 0.751977 0.518994 0.755945 0.512412 0.756758 0.50978 0.756758 0.506543 0.756109 0.505327 0.755137 0.505024 0.75368 0.505024 0.752707 0.50583 0.751734 0.507554 0.750277 0.508262 0.747848 0.508564 0.74477 0.508564 0.741203 0.508872 0.73691 0.511099 0.733672 0.514844 0.730918 0.518184
1 0.751496 0.444927 0.748863 0.446274 0.747109 0.447539 0.742992 0.448975 0.739551 0.449058 0.73793 0.449648 0.737051 0.450918 0.737863 0.454121 0.741777 0.456401 0.749742 0.460957 0.755953 0.461631 0.763379 0.461211 0.767629 0.459946 0.772016 0.45834 0.777484 0.457412 0.779781 0.455303 0.781398 0.453364 0.781941 0.451509 0.781805 0.449399 0.780051 0.44729 0.779172 0.445181 0.778496 0.443999 0.775324 0.443071 0.772355 0.443071 0.766008 0.443237 0.760473 0.443911 0.755547 0.444502
1 0.800703 0.472515 0.793348 0.470913 0.787203 0.469141 0.783965 0.468467 0.782684 0.468467 0.78248 0.469648 0.782613 0.47083 0.783695 0.473105 0.786934 0.477495 0.791391 0.482134 0.795371 0.486016 0.80084 0.489727 0.805766 0.494033 0.807859 0.496143 0.80948 0.496733 0.811371 0.498589 0.814676 0.501201 0.81893 0.503398 0.822508 0.504155 0.824734 0.503481 0.825816 0.500781 0.825883 0.497744 0.825477 0.495806 0.823656 0.492427 0.821023 0.489307 0.819402 0.486943 0.817242 0.483232 0.815691 0.480615 0.81373 0.478506 0.81191 0.477158 0.807523 0.475132 0.803809 0.473779
1 0.806449 0.410059 0.804387 0.412402 0.802512 0.414453 0.800402 0.417734 0.798855 0.419551 0.797355 0.422422 0.796418 0.427461 0.795996 0.431797 0.795527 0.435195 0.794168 0.43666 0.793934 0.438184 0.793887 0.439648 0.794262 0.441172 0.795809 0.441992 0.798059 0.441992 0.80059 0.440527 0.804152 0.438184 0.809543 0.433848 0.813574 0.429922 0.815918 0.426289 0.817746 0.419375 0.820324 0.413574 0.822527 0.409238 0.823137 0.407246 0.822855 0.405078 0.822434 0.403613 0.82309 0.402852 0.823465 0.400977 0.822996 0.400098 0.821262 0.398164 0.81934 0.397754 0.817934 0.398047 0.816387 0.398926 0.81259 0.402441 0.81043 0.405078 0.808945 0.407129
1 0.861914 0.434668 0.859336 0.437305 0.85759 0.439985 0.855715 0.444438 0.854262 0.448247 0.853691 0.450825 0.85252 0.455161 0.852949 0.457505 0.853691 0.459146 0.855246 0.459556 0.856887 0.459673 0.858059 0.459028 0.860402 0.457212 0.863871 0.456626 0.866449 0.45604 0.872402 0.45147 0.874746 0.448599 0.879574 0.438872 0.881777 0.433892 0.88323 0.428853 0.883465 0.424458 0.882527 0.421528 0.880605 0.419536 0.879012 0.418364 0.877457 0.418892 0.874887 0.420767 0.872918 0.42311 0.869777 0.426743 0.86673 0.429556 0.865277 0.431489
1 0.859605 0.470049 0.857777 0.473799 0.856699 0.476787 0.856277 0.479072 0.856043 0.48417 0.857496 0.486689 0.859605 0.488447 0.863074 0.489385 0.864668 0.48915 0.865934 0.487393 0.867574 0.483818 0.870293 0.478896 0.873902 0.473975 0.877184 0.469404 0.879809 0.463545 0.881543 0.457861 0.882574 0.453755 0.882762 0.45124 0.88234 0.446084 0.881684 0.444561 0.880652 0.443682 0.879434 0.443975 0.877934 0.445732 0.876949 0.447256 0.875824 0.449248 0.874137 0.450654 0.870621 0.452817 0.868418 0.45458 0.866543 0.456865 0.864902 0.459443 0.863496 0.462666 0.862184 0.465068 0.860496 0.468232
1 0.898789 0.498022 0.895695 0.498652 0.892938 0.498374 0.890914 0.497812 0.888777 0.49584 0.887031 0.494155 0.885344 0.494082 0.883715 0.494648 0.882812 0.496123 0.882477 0.498584 0.882812 0.501538 0.884445 0.504492 0.887312 0.507793 0.89007 0.508848 0.892656 0.511875 0.89609 0.514121 0.9025 0.515176 0.906777 0.515107 0.914652 0.515039 0.917859 0.514053 0.920109 0.513984 0.922809 0.514404 0.925563 0.515391 0.927703 0.514546 0.928094 0.512363 0.928039 0.509834 0.926465 0.507515 0.922922 0.504561 0.917969 0.501113 0.914031 0.499004 0.910434 0.497598 0.906496 0.497598 0.901715 0.497671
1 0.847207 0.516162 0.844957 0.51314 0.843609 0.511172 0.841863 0.510605 0.840402 0.510679 0.839277 0.511592 0.838883 0.513418 0.838883 0.515952 0.839727 0.518906 0.83984 0.522632 0.839445 0.524951 0.838715 0.526992 0.838996 0.529663 0.840289 0.532827 0.843102 0.537749 0.845352 0.541055 0.847039 0.542109 0.849684 0.543726 0.852102 0.546816 0.854184 0.549277 0.856207 0.550332 0.858457 0.552305 0.860426 0.555889 0.861832 0.559546 0.864363 0.561304 0.866727 0.561934 0.87027 0.560249 0.871789 0.557788 0.871957 0.554272 0.870945 0.551738 0.870047 0.545835 0.868582 0.540771 0.867176 0.537539 0.864703 0.534585 0.861102 0.532051 0.859922 0.530645 0.858684 0.526641 0.856547 0.523687 0.853621 0.521577 0.849684 0.518203
1 0.81959 0.509834 0.814527 0.506738 0.812277 0.505684 0.810984 0.504277 0.809465 0.503857 0.808 0.503926 0.80575 0.50625 0.804344 0.509902 0.803727 0.51166 0.803781 0.514546 0.805133 0.5175 0.807609 0.519961 0.81059 0.523613 0.814188 0.528184 0.81959 0.53416 0.823977 0.537397 0.828309 0.540771 0.83084 0.542461 0.834047 0.543726 0.836914 0.543867 0.83984 0.544219 0.842371 0.545273 0.84434 0.544639 0.845352 0.542319 0.845016 0.540771 0.840516 0.532686 0.839219 0.529238 0.837703 0.526147 0.835227 0.52291 0.831684 0.519326 0.827969 0.516094 0.82409 0.51293
1 0.940121 0.632871 0.937352 0.635991 0.930871 0.639028 0.925742 0.63979 0.922703 0.641899 0.921828 0.643501 0.921355 0.645273 0.922098 0.6473 0.9225 0.649829 0.923516 0.651265 0.926484 0.651685 0.930805 0.651938 0.935258 0.651094 0.937621 0.649912 0.94032 0.647891 0.942953 0.6473 0.945855 0.646035 0.949027 0.643501 0.952875 0.641055 0.955777 0.638608 0.956117 0.63667 0.956992 0.633716 0.960031 0.632197 0.962598 0.629917 0.964016 0.627642 0.964555 0.624941 0.963945 0.623252 0.96307 0.622915 0.961988 0.623423 0.95848 0.624517 0.955105 0.62376 0.953281 0.622578 0.951461 0.622407 0.949367 0.623423 0.94707 0.625532 0.944844 0.627891 0.941805 0.630762
1 0.908984 0.614551 0.907773 0.618262 0.906992 0.621143 0.906301 0.62376 0.905289 0.62688 0.903535 0.629917 0.901914 0.631772 0.901238 0.633462 0.901172 0.635825 0.901441 0.638437 0.901777 0.642153 0.902184 0.644854 0.903129 0.64772 0.903871 0.651348 0.904141 0.654048 0.904211 0.656919 0.904816 0.65894 0.906031 0.660039 0.90718 0.659531 0.908328 0.658267 0.90907 0.65481 0.910285 0.651094 0.912309 0.648818 0.914805 0.646538 0.915617 0.644766 0.91609 0.642573 0.917168 0.640381 0.917508 0.638271 0.91818 0.635063 0.918723 0.631772 0.919195 0.62916 0.92041 0.627051 0.92068 0.626289 0.920746 0.623252 0.922027 0.620972 0.923176 0.619287 0.923582 0.618022 0.923715 0.616079 0.923043 0.614644 0.921758 0.613125 0.920207 0.610513 0.919465 0.608149 0.917437 0.605786 0.91575 0.605449 0.914738 0.605615 0.912648 0.607476 0.911902 0.608906 0.910621 0.61144
1 0.850434 0.642529 0.848895 0.644756 0.846707 0.649517 0.84541 0.653564 0.843953 0.656909 0.842172 0.660449 0.840227 0.663389 0.838605 0.666426 0.837148 0.671587 0.836746 0.67645 0.837391 0.679082 0.83893 0.680498 0.839902 0.680498 0.840633 0.680195 0.841523 0.678677 0.843145 0.67665 0.845652 0.674321 0.849137 0.672803 0.853754 0.66936 0.857641 0.664907 0.859426 0.65812 0.85975 0.654072 0.860395 0.650527 0.863797 0.644658 0.864934 0.642632 0.866148 0.63939 0.86566 0.636558 0.863879 0.635645 0.860965 0.634937 0.859344 0.634531 0.856832 0.635542 0.854887 0.636558 0.852539 0.638682
1 0.888551 0.701558 0.885395 0.702573 0.882801 0.704595 0.880695 0.707129 0.879641 0.709253 0.879316 0.71209 0.879316 0.714722 0.879723 0.717959 0.881504 0.720796 0.883531 0.722417 0.88677 0.721909 0.888391 0.720796 0.890172 0.720493 0.892195 0.720693 0.893086 0.720693 0.894141 0.71938 0.896328 0.719277 0.900215 0.719277 0.905238 0.718975 0.908723 0.71877 0.910664 0.719785 0.911961 0.719683 0.913336 0.717656 0.913582 0.713203 0.91366 0.709658 0.911555 0.704595 0.909207 0.702168 0.905805 0.699434 0.902809 0.698218 0.898918 0.698218 0.896164 0.698418 0.893492 0.699131 0.891871 0.700142
1 0.990574 0.773794 0.98727 0.77624 0.985582 0.77835 0.984836 0.780796 0.983895 0.783242 0.983148 0.785776 0.982004 0.787969 0.980586 0.78957 0.978832 0.790415 0.976871 0.791089 0.975254 0.792778 0.974578 0.794634 0.974375 0.796489 0.974914 0.798433 0.977414 0.80248 0.979574 0.803579 0.981934 0.804424 0.984164 0.805352 0.986863 0.805605 0.989227 0.805264 0.992059 0.802651 0.994289 0.799951 0.996852 0.796997 0.999824 0.793198 1 0.79292 1 0.769189 0.998137 0.769829 0.996785 0.769829 0.995098 0.770674 0.994152 0.771938 0.993141 0.772949 0.992332 0.773286
1 0.943441 0.756914 0.939051 0.756772 0.936914 0.756914 0.934723 0.758105 0.932863 0.759023 0.930445 0.758599 0.927801 0.757266 0.923301 0.755718 0.921559 0.755718 0.919926 0.756772 0.919309 0.759233 0.91959 0.763594 0.920715 0.767324 0.92184 0.769849 0.924707 0.77231 0.92932 0.775898 0.934551 0.776738 0.939613 0.777305 0.944566 0.777515 0.94884 0.776738 0.952551 0.774277 0.954801 0.77252 0.957332 0.770835 0.958066 0.768652 0.957613 0.766616 0.956152 0.763452 0.954184 0.760005 0.953113 0.758179 0.95109 0.757192 0.948613 0.757192
1 0.916664 0.773857 0.913176 0.768726 0.910816 0.765488 0.909184 0.764507 0.908004 0.764082 0.906258 0.764434 0.905414 0.76542 0.90502 0.767178 0.904176 0.768584 0.902883 0.769287 0.901816 0.769922 0.901309 0.771045 0.901309 0.773794 0.902434 0.778359 0.903895 0.782583 0.906426 0.786655 0.909184 0.790801 0.914191 0.797344 0.919363 0.802402 0.925723 0.807676 0.92966 0.81021 0.931402 0.810703 0.932414 0.810137 0.932863 0.809014 0.932414 0.807539 0.930785 0.804585 0.928926 0.79917 0.926957 0.793545 0.925215 0.787852 0.923414 0.782998 0.91959 0.777656
1 0.863883 0.758579 0.86098 0.761787 0.858754 0.764995 0.856594 0.768452 0.854703 0.772334 0.85423 0.775625 0.853691 0.778242 0.852613 0.779673 0.850992 0.782881 0.850855 0.784736 0.850723 0.786929 0.851598 0.78811 0.853355 0.788198 0.856121 0.786929 0.860711 0.783472 0.866043 0.779507 0.871848 0.775288 0.876508 0.769126 0.880758 0.761113 0.885348 0.753687 0.887172 0.750732 0.889535 0.74812 0.89041 0.746514 0.890684 0.744658 0.890141 0.742383 0.888859 0.740693 0.887848 0.739429 0.886496 0.73833 0.885281 0.738076 0.884676 0.738501 0.883055 0.740273 0.880285 0.740947 0.87752 0.741875 0.874953 0.743647 0.873875 0.745083 0.872188 0.746851 0.871578 0.74854 0.870906 0.75166 0.869488 0.753604 0.866113 0.75605
1 0.785789 0.764731 0.782637 0.767051 0.77859 0.770283 0.775156 0.774434 0.773469 0.776191 0.771949 0.777456 0.77032 0.778159 0.768125 0.779424 0.766664 0.780552 0.765031 0.784277 0.76509 0.78498 0.765762 0.786807 0.766664 0.78751 0.768125 0.788916 0.768914 0.791377 0.769813 0.793486 0.770602 0.794263 0.772402 0.794893 0.774934 0.793486 0.781062 0.788989 0.787195 0.7854 0.794789 0.781816 0.80075 0.777104 0.804914 0.771973 0.806883 0.767612 0.807559 0.763604 0.810258 0.759458 0.81082 0.756504 0.809355 0.753408 0.808121 0.752847 0.806262 0.754253 0.804012 0.755942 0.799402 0.757065 0.796812 0.758052 0.794508 0.760439 0.792031 0.761494 0.789105 0.76248
1 0.746152 0.797666 0.744695 0.793311 0.744453 0.789971 0.744535 0.787539 0.743398 0.783188 0.74243 0.780151 0.741051 0.779238 0.738379 0.77873 0.737242 0.777212 0.735703 0.777212 0.734812 0.778428 0.733273 0.779946 0.731734 0.780957 0.731492 0.782476 0.731656 0.784399 0.73198 0.788047 0.73198 0.791284 0.732383 0.793413 0.732949 0.798574 0.732949 0.801919 0.733113 0.806172 0.73441 0.808193 0.734812 0.811538 0.735703 0.815791 0.736352 0.816904 0.736918 0.820952 0.737812 0.823486 0.738539 0.82541 0.73943 0.827837 0.739996 0.830776 0.741293 0.834116 0.742832 0.83604 0.744289 0.838164 0.74591 0.838872 0.746965 0.838872 0.747531 0.838467 0.748582 0.836543 0.748906 0.834116 0.74834 0.831382 0.74834 0.828447 0.748906 0.822979 0.748988 0.816904 0.748988 0.811841 0.748988 0.808701 0.747691 0.806777 0.747125 0.802729 0.746559 0.799893
1 0.907051 0.99998 0.907457 0.997451 0.908188 0.993604 0.908914 0.991274 0.910129 0.989048 0.910859 0.986719 0.911102 0.985098 0.911102 0.983076 0.910211 0.981655 0.90932 0.980747 0.908188 0.979634 0.907699 0.979023 0.906566 0.978721 0.905434 0.978921 0.90284 0.982266 0.900168 0.987227 0.898305 0.991577 0.896117 0.995425 0.894336 0.998159 0.892863 1 0.906906 1
1 0.776527 0.859629 0.77734 0.856797 0.778879 0.855884 0.781875 0.855581 0.785277 0.853555 0.787383 0.849507 0.788598 0.845962 0.789895 0.838066 0.790137 0.832798 0.790703 0.826523 0.791836 0.822676 0.792973 0.817612 0.793375 0.813765 0.793215 0.809307 0.791516 0.806577 0.790703 0.805259 0.790297 0.805059 0.788922 0.805156 0.787867 0.80627 0.786328 0.808193 0.784871 0.810322 0.784223 0.813057 0.784223 0.815181 0.784305 0.817915 0.783738 0.824194 0.781875 0.829458 0.77977 0.833911 0.777176 0.837456 0.775559 0.840088 0.773773 0.843027 0.772723 0.845659 0.77191 0.848696 0.771344 0.854668 0.770941 0.860947 0.771508 0.863882 0.772883 0.864692 0.77402 0.864692 0.775234 0.863779 0.775801 0.863174 0.776367 0.860947
1 0.770453 0.837661 0.770453 0.833911 0.76932 0.830776 0.768266 0.830166 0.765754 0.829355 0.764379 0.829253 0.762922 0.827329 0.762031 0.826318 0.760734 0.826216 0.758465 0.827637 0.757738 0.829863 0.75709 0.833408 0.756523 0.837759 0.756035 0.844546 0.756117 0.851836 0.756766 0.856997 0.758141 0.862261 0.758305 0.866313 0.759602 0.869858 0.761383 0.873198 0.763406 0.876641 0.765352 0.876841 0.766484 0.876641 0.76843 0.875322 0.769805 0.874414 0.770695 0.87188 0.770859 0.868643 0.770859 0.863579 0.770535 0.856089 0.770695 0.846265 0.770695 0.841709
1 0.769234 0.911157 0.767684 0.912593 0.765859 0.914531 0.764781 0.91563 0.764172 0.917485 0.763902 0.919341 0.76343 0.92145 0.761945 0.924067 0.761137 0.926597 0.760598 0.928198 0.760055 0.930986 0.760125 0.934614 0.761406 0.936636 0.76343 0.939507 0.765457 0.940098 0.767617 0.940015 0.770652 0.938154 0.773285 0.934951 0.775312 0.932251 0.776391 0.929297 0.776797 0.926514 0.777742 0.922212 0.778617 0.919678 0.778754 0.917485 0.778617 0.91335 0.778348 0.906265 0.778418 0.900864 0.778418 0.899175 0.777402 0.898076 0.776258 0.897656 0.775043 0.897656 0.773625 0.899009 0.773016 0.901538 0.772609 0.902974 0.772004 0.904404 0.771867 0.906348 0.771531 0.908623 0.771059 0.909722
1 0.815742 0.891328 0.815473 0.88998 0.814797 0.888037 0.814598 0.886182 0.81332 0.883838 0.81068 0.882471 0.80852 0.882471 0.806699 0.882554 0.805012 0.883818 0.803797 0.886353 0.803187 0.889639 0.803187 0.891836 0.803324 0.89479 0.80366 0.898921 0.80366 0.901958 0.803527 0.904238 0.804605 0.911157 0.806023 0.916558 0.807172 0.919595 0.808859 0.923896 0.809262 0.925332 0.809602 0.929126 0.809734 0.932334 0.810949 0.938833 0.811695 0.941025 0.813109 0.94187 0.814598 0.94187 0.815406 0.941362 0.816957 0.938154 0.81777 0.93377 0.818309 0.930562 0.819859 0.926768 0.820672 0.922632 0.820738 0.917905 0.820672 0.916221 0.819523 0.91394 0.818039 0.912339 0.817699 0.910142 0.817699 0.907021 0.817699 0.904746 0.817363 0.902803 0.816824 0.90103 0.816418 0.89833 0.816285 0.89521 0.816082 0.89251
1 0.808723 0.949639 0.805688 0.946519 0.803187 0.943818 0.801973 0.942554 0.80123 0.942554 0.800285 0.942891 0.79941 0.944072 0.798531 0.946094 0.799137 0.949727 0.800555 0.955039 0.802242 0.961113 0.805215 0.968032 0.810008 0.972422 0.81507 0.976133 0.818848 0.977905 0.823844 0.978579 0.828637 0.977568 0.830594 0.975879 0.831 0.974194 0.831 0.970649 0.831 0.967866 0.832617 0.965332 0.832348 0.963647 0.831199 0.962295 0.829984 0.962129 0.82607 0.960947 0.822223 0.959429 0.818242 0.957422 0.81257 0.954111
1 0.973633 0.963633 0.969746 0.964849 0.96359 0.968799 0.96132 0.971025 0.960105 0.973354 0.959215 0.976494 0.958246 0.979429 0.957109 0.981455 0.95557 0.983379 0.953141 0.985708 0.952414 0.987935 0.953383 0.989756 0.95468 0.990669 0.956383 0.99168 0.959621 0.99168 0.964398 0.989653 0.967234 0.987227 0.971445 0.984692 0.976797 0.982275 0.980937 0.980469 0.984883 0.976367 0.98793 0.973389 0.989672 0.971733 0.993074 0.970015 0.994129 0.967988 0.994047 0.965151 0.991695 0.962622 0.989105 0.959077 0.987891 0.958066 0.985379 0.958066 0.983109 0.958569 0.98052 0.960293 0.977117 0.962114
1 0.945324 0.919634 0.944242 0.915332 0.942488 0.912803 0.941207 0.912378 0.939789 0.912378 0.938371 0.912803 0.936547 0.912886 0.936145 0.911958 0.935063 0.911704 0.933645 0.911958 0.931824 0.914067 0.930945 0.916685 0.930137 0.919551 0.930066 0.92166 0.930742 0.925122 0.932633 0.929004 0.933172 0.931362 0.933645 0.933813 0.932973 0.935669 0.932633 0.938706 0.93277 0.943682 0.933512 0.947563 0.933645 0.950518 0.934793 0.952881 0.935805 0.953892 0.936816 0.955747 0.937426 0.95769 0.938438 0.960645 0.939789 0.961909 0.941207 0.963174 0.942758 0.963428 0.943434 0.963003 0.94377 0.960981 0.94384 0.958701 0.943434 0.954907 0.9435 0.953472 0.944312 0.952544 0.944918 0.951191 0.945324 0.950435 0.946336 0.949844 0.947012 0.947817 0.947012 0.945708 0.947348 0.943179 0.94782 0.941572 0.948023 0.939297 0.948629 0.937187 0.948832 0.932715 0.948902 0.928159 0.948227 0.924785 0.947551 0.923096 0.946473 0.921157
1 0.91918 0.944287 0.923148 0.940742 0.924434 0.938413 0.92484 0.935679 0.925895 0.932236 0.926137 0.929805 0.926703 0.924644 0.926703 0.920693 0.925578 0.917656 0.923066 0.912896 0.920797 0.909053 0.919258 0.905811 0.917227 0.90166 0.91359 0.898115 0.910672 0.895181 0.90873 0.89437 0.90791 0.89437 0.90702 0.895278 0.906535 0.897407 0.906219 0.900142 0.907352 0.906011 0.908883 0.91229 0.909449 0.915127 0.909938 0.91938 0.910512 0.922515 0.91116 0.926567 0.911879 0.932134 0.911969 0.937197 0.911969 0.941655 0.911484 0.943882 0.910746 0.946211 0.910746 0.947324 0.910746 0.94854 0.911719 0.949854 0.913426 0.950059 0.915121 0.949751 0.916992 0.948335 0.918035 0.946006
1 0.90557 0.847187 0.903383 0.842529 0.901195 0.837871 0.899172 0.832402 0.897957 0.830786 0.896496 0.831191 0.895281 0.831797 0.894066 0.831694 0.892527 0.832305 0.89091 0.834326 0.889449 0.838276 0.889047 0.843135 0.888965 0.847593 0.890422 0.852251 0.893258 0.858828 0.894313 0.863286 0.895363 0.866729 0.897551 0.87189 0.899898 0.877764 0.902168 0.879893 0.903465 0.882524 0.904598 0.88708 0.906379 0.890522 0.908082 0.892749 0.909621 0.894165 0.911238 0.894473 0.913184 0.893662 0.913266 0.892041 0.913184 0.888701 0.912051 0.884854 0.911645 0.879893 0.911645 0.87189 0.911484 0.864399 0.910836 0.86207 0.91027 0.859033 0.909863 0.855693 0.908809 0.853159 0.907109 0.850225
