1 0.415234 0.251465 0.414453 0.252441 0.414453 0.25293 0.414062 0.253418 0.414062 0.254395 0.413672 0.254883 0.413672 0.268066 0.414062 0.268555 0.414062 0.270996 0.414453 0.271484 0.414453 0.273926 0.414844 0.274414 0.414844 0.275879 0.415234 0.276367 0.415234 0.276855 0.415625 0.277344 0.415625 0.27832 0.416406 0.279297 0.416406 0.279785 0.416797 0.280273 0.416797 0.280762 0.417578 0.281738 0.417578 0.282227 0.417969 0.282715 0.417969 0.283203 0.419922 0.285645 0.420312 0.285645 0.422266 0.288086 0.422656 0.288086 0.423047 0.288574 0.423438 0.288574 0.423828 0.289062 0.424219 0.289062 0.424609 0.289551 0.425 0.289551 0.425391 0.290039 0.425781 0.290039 0.426172 0.290527 0.426563 0.290527 0.426953 0.291016 0.427344 0.291016 0.427734 0.291504 0.431641 0.291504 0.432031 0.291016 0.432422 0.291016 0.432812 0.290527 0.432812 0.290039 0.433203 0.289551 0.433203 0.289062 0.433594 0.288574 0.433594 0.283203 0.433203 0.282715 0.433203 0.282227 0.432812 0.281738 0.432812 0.280762 0.432422 0.280273 0.432422 0.279785 0.432031 0.279297 0.432031 0.278809 0.431641 0.27832 0.431641 0.277832 0.43125 0.277344 0.43125 0.276367 0.430859 0.275879 0.430859 0.274902 0.430469 0.274414 0.430469 0.273926 0.430078 0.273438 0.430078 0.272461 0.429688 0.271973 0.429688 0.271484 0.429297 0.270996 0.429297 0.270508 0.428906 0.27002 0.428906 0.269531 0.428516 0.269043 0.428516 0.268555 0.428125 0.268066 0.428125 0.267578 0.427734 0.26709 0.427734 0.266602 0.426953 0.265625 0.426953 0.265137 0.426563 0.264648 0.426563 0.26416 0.426172 0.263672 0.426172 0.263184 0.425781 0.262695 0.425781 0.262207 0.425 0.26123 0.425 0.260254 0.424219 0.259277 0.424219 0.258789 0.423438 0.257812 0.423438 0.257324 0.422656 0.256348 0.422656 0.255859 0.422266 0.255371 0.422266 0.254883 0.421484 0.253906 0.421484 0.253418 0.421094 0.25293 0.421094 0.252441 0.420703 0.251953 0.420312 0.251953 0.419922 0.251465 0.417578 0.251465 0.417187 0.250977 0.416406 0.250977 0.416016 0.251465
1 0.386328 0.270996 0.386328 0.275391 0.386719 0.275879 0.386719 0.276855 0.387109 0.277344 0.387109 0.27832 0.3875 0.278809 0.3875 0.279297 0.391797 0.284668 0.392188 0.284668 0.392969 0.285645 0.39375 0.285645 0.394141 0.286133 0.394531 0.286133 0.394922 0.286621 0.395313 0.286621 0.395703 0.287109 0.396484 0.287109 0.396875 0.287598 0.397656 0.287598 0.398047 0.288086 0.400391 0.288086 0.400781 0.288574 0.403125 0.288574 0.403516 0.288086 0.407031 0.288086 0.407422 0.287598 0.408594 0.287598 0.408984 0.287109 0.409375 0.287109 0.409766 0.286621 0.410156 0.286621 0.410938 0.285645 0.411328 0.285645 0.411719 0.285156 0.412109 0.285156 0.413281 0.283691 0.413281 0.281738 0.412891 0.28125 0.412891 0.279785 0.4125 0.279297 0.4125 0.278809 0.411719 0.277832 0.411328 0.277832 0.410547 0.276855 0.410156 0.276855 0.409766 0.276367 0.409375 0.276367 0.408984 0.275879 0.408594 0.275879 0.408203 0.275391 0.407813 0.275391 0.407422 0.274902 0.407031 0.274902 0.406641 0.274414 0.40625 0.274414 0.405859 0.273926 0.405469 0.273926 0.405078 0.273438 0.404297 0.273438 0.403906 0.272949 0.403516 0.272949 0.403125 0.272461 0.402344 0.272461 0.401953 0.271973 0.401562 0.271973 0.401172 0.271484 0.400391 0.271484 0.4 0.270996 0.398828 0.270996 0.398438 0.270508 0.397656 0.270508 0.397266 0.27002 0.395703 0.27002 0.395313 0.269531 0.392969 0.269531 0.392578 0.269043 0.391016 0.269043 0.390625 0.268555 0.387891 0.268555 0.386719 0.27002 0.386719 0.270508
1 0.569531 0.223633 0.56875 0.223633 0.567969 0.224609 0.567969 0.225098 0.567578 0.225586 0.567578 0.226562 0.567187 0.227051 0.567187 0.228516 0.566797 0.229004 0.566797 0.230469 0.566406 0.230957 0.566406 0.231934 0.566016 0.232422 0.566016 0.233398 0.565625 0.233887 0.565625 0.235352 0.565234 0.23584 0.565234 0.237305 0.564844 0.237793 0.564844 0.239258 0.564453 0.239746 0.564453 0.240723 0.564063 0.241211 0.564063 0.242188 0.563672 0.242676 0.563672 0.244629 0.563281 0.245117 0.563281 0.249023 0.562891 0.249512 0.562891 0.262695 0.563281 0.263184 0.563281 0.268555 0.563672 0.269043 0.563672 0.270508 0.564063 0.270996 0.564063 0.271973 0.565234 0.273438 0.565625 0.273438 0.566016 0.273926 0.566797 0.273926 0.567187 0.274414 0.569141 0.274414 0.569922 0.273438 0.570312 0.273438 0.572656 0.270508 0.572656 0.27002 0.574219 0.268066 0.574219 0.267578 0.574609 0.26709 0.574609 0.266602 0.575391 0.265625 0.575391 0.265137 0.575781 0.264648 0.575781 0.26416 0.576172 0.263672 0.576172 0.263184 0.576562 0.262695 0.576562 0.261719 0.576953 0.26123 0.576953 0.259277 0.577344 0.258789 0.577344 0.257324 0.577734 0.256836 0.577734 0.251953 0.578125 0.251465 0.578125 0.24707 0.577734 0.246582 0.577734 0.244141 0.577344 0.243652 0.577344 0.241699 0.576953 0.241211 0.576953 0.239258 0.576562 0.23877 0.576562 0.237793 0.576172 0.237305 0.576172 0.23584 0.575781 0.235352 0.575781 0.234375 0.575391 0.233887 0.575391 0.233398 0.575 0.23291 0.575 0.231934 0.574609 0.231445 0.574609 0.230957 0.574219 0.230469 0.574219 0.229004 0.573828 0.228516 0.573828 0.228027 0.573438 0.227539 0.573438 0.227051 0.573047 0.226562 0.573047 0.226074 0.572656 0.225586 0.572656 0.225098 0.571875 0.224121 0.569922 0.224121
1 0.532031 0.343262 0.531641 0.342773 0.531641 0.341797 0.53125 0.341309 0.53125 0.34082 0.529297 0.338379 0.528906 0.338379 0.528516 0.337891 0.528125 0.337891 0.527734 0.337402 0.527344 0.337402 0.526953 0.336914 0.526172 0.336914 0.525781 0.336426 0.525 0.336426 0.524609 0.335938 0.523438 0.335938 0.523047 0.335449 0.521875 0.335449 0.521484 0.334961 0.519922 0.334961 0.519531 0.334473 0.518359 0.334473 0.517969 0.333984 0.514062 0.333984 0.513672 0.334473 0.511328 0.334473 0.510938 0.334961 0.509375 0.334961 0.508984 0.335449 0.508594 0.335449 0.508203 0.335938 0.507422 0.335938 0.507031 0.336426 0.506641 0.336426 0.50625 0.336914 0.505469 0.336914 0.504687 0.337891 0.504297 0.337891 0.503516 0.338867 0.503125 0.338867 0.501563 0.34082 0.501172 0.34082 0.501172 0.341309 0.500391 0.342285 0.500391 0.342773 0.498437 0.345215 0.498437 0.345703 0.498047 0.346191 0.498047 0.34668 0.497656 0.347168 0.497656 0.348145 0.497266 0.348633 0.497266 0.352051 0.497656 0.352539 0.497656 0.353516 0.498828 0.35498 0.499219 0.35498 0.5 0.355957 0.500391 0.355957 0.500781 0.356445 0.501953 0.356445 0.502344 0.356934 0.505859 0.356934 0.50625 0.356445 0.507031 0.356445 0.507422 0.355957 0.508203 0.355957 0.508594 0.355469 0.508984 0.355469 0.509375 0.35498 0.510156 0.35498 0.510547 0.354492 0.510938 0.354492 0.511328 0.354004 0.511719 0.354004 0.512109 0.353516 0.5125 0.353516 0.512891 0.353027 0.513281 0.353027 0.513672 0.352539 0.514062 0.352539 0.514453 0.352051 0.515234 0.352051 0.515625 0.351562 0.516406 0.351562 0.516797 0.351074 0.517969 0.351074 0.518359 0.350586 0.521484 0.350586 0.521875 0.350098 0.528516 0.350098 0.528906 0.349609 0.529687 0.349609 0.531641 0.347168 0.531641 0.34668 0.532031 0.346191
1 0.539062 0.368164 0.537891 0.366699 0.5375 0.366699 0.537109 0.366211 0.535547 0.366211 0.535156 0.365723 0.533594 0.365723 0.533203 0.365234 0.53125 0.365234 0.530859 0.364746 0.529297 0.364746 0.528906 0.364258 0.526953 0.364258 0.526563 0.36377 0.522656 0.36377 0.522266 0.363281 0.521484 0.363281 0.521094 0.36377 0.517578 0.36377 0.517188 0.364258 0.516016 0.364258 0.515625 0.364746 0.514844 0.364746 0.514453 0.365234 0.513672 0.365234 0.513281 0.365723 0.512891 0.365723 0.5125 0.366211 0.511719 0.366211 0.511328 0.366699 0.510938 0.366699 0.510547 0.367188 0.509766 0.367188 0.509375 0.367676 0.508984 0.367676 0.508594 0.368164 0.508203 0.368164 0.507812 0.368652 0.507422 0.368652 0.506641 0.369629 0.50625 0.369629 0.505469 0.370605 0.505078 0.370605 0.504687 0.371094 0.503906 0.371094 0.503516 0.371582 0.502734 0.371582 0.502344 0.37207 0.501953 0.37207 0.501563 0.372559 0.501172 0.372559 0.500781 0.373047 0.500781 0.373535 0.500391 0.374023 0.500391 0.375 0.5 0.375488 0.5 0.377441 0.500391 0.37793 0.500391 0.378418 0.500781 0.378906 0.500781 0.379395 0.501172 0.379883 0.501172 0.380371 0.502344 0.381836 0.502734 0.381836 0.503125 0.382324 0.503516 0.382324 0.503906 0.382812 0.504687 0.382812 0.505078 0.383301 0.510938 0.383301 0.511328 0.382812 0.513281 0.382812 0.513672 0.382324 0.515234 0.382324 0.515625 0.381836 0.517578 0.381836 0.517969 0.381348 0.519531 0.381348 0.519922 0.380859 0.521094 0.380859 0.521484 0.380371 0.522266 0.380371 0.522656 0.379883 0.523047 0.379883 0.523438 0.379395 0.524609 0.379395 0.525 0.378906 0.525781 0.378906 0.526172 0.378418 0.526953 0.378418 0.527344 0.37793 0.528125 0.37793 0.528516 0.377441 0.528906 0.377441 0.529297 0.376953 0.529687 0.376953 0.530469 0.375977 0.530859 0.375977 0.53125 0.375488 0.531641 0.375488 0.532031 0.375 0.532813 0.375 0.533203 0.374512 0.533984 0.374512 0.534375 0.374023 0.535156 0.374023 0.535547 0.373535 0.535937 0.373535 0.536719 0.372559 0.537109 0.372559 0.539062 0.370117
1 0.223438 0.169922 0.223438 0.171387 0.223828 0.171875 0.223828 0.17334 0.224219 0.173828 0.224219 0.174316 0.225781 0.17627 0.225781 0.176758 0.226172 0.177246 0.226172 0.177734 0.228516 0.180664 0.228906 0.180664 0.229687 0.181641 0.230078 0.181641 0.231641 0.183594 0.232031 0.183594 0.233203 0.185059 0.233594 0.185059 0.234766 0.186523 0.235156 0.186523 0.235547 0.187012 0.235937 0.187012 0.236328 0.1875 0.236719 0.1875 0.237109 0.187988 0.2375 0.187988 0.237891 0.188477 0.238281 0.188477 0.239063 0.189453 0.239453 0.189453 0.239844 0.189941 0.240234 0.189941 0.240625 0.19043 0.241016 0.19043 0.241797 0.191406 0.242188 0.191406 0.243359 0.192871 0.24375 0.192871 0.244531 0.193848 0.245312 0.193848 0.245703 0.194336 0.246484 0.194336 0.246875 0.194824 0.249219 0.194824 0.249609 0.194336 0.25 0.194336 0.251953 0.191895 0.251953 0.191406 0.252344 0.190918 0.252344 0.1875 0.251953 0.187012 0.251953 0.186035 0.251563 0.185547 0.251563 0.18457 0.251172 0.184082 0.251172 0.183105 0.250781 0.182617 0.250781 0.182129 0.250391 0.181641 0.250391 0.180664 0.249609 0.179688 0.249609 0.179199 0.249219 0.178711 0.249219 0.177734 0.248828 0.177246 0.248828 0.176758 0.247656 0.175293 0.247656 0.174805 0.246484 0.17334 0.246094 0.17334 0.245312 0.172363 0.244922 0.172363 0.244531 0.171875 0.24375 0.171875 0.243359 0.171387 0.242969 0.171387 0.242578 0.170898 0.242188 0.170898 0.241797 0.17041 0.241406 0.17041 0.241016 0.169922 0.240625 0.169922 0.240234 0.169434 0.239844 0.169434 0.239453 0.168945 0.238672 0.168945 0.238281 0.168457 0.2375 0.168457 0.237109 0.167969 0.235937 0.167969 0.235547 0.16748 0.233984 0.16748 0.233594 0.166992 0.230078 0.166992 0.229687 0.16748 0.227344 0.16748 0.226953 0.167969 0.225781 0.167969 0.225391 0.168457 0.225 0.168457 0.224609 0.168945 0.224219 0.168945
1 0.208203 0.253906 0.206641 0.255859 0.206641 0.257324 0.207031 0.257812 0.207031 0.260742 0.207422 0.26123 0.207422 0.262695 0.207813 0.263184 0.207813 0.26416 0.208203 0.264648 0.208203 0.265137 0.208984 0.266113 0.208984 0.266602 0.209375 0.26709 0.209375 0.267578 0.209766 0.268066 0.209766 0.268555 0.210156 0.269043 0.210156 0.269531 0.210547 0.27002 0.210547 0.270996 0.210938 0.271484 0.210938 0.271973 0.211328 0.272461 0.211328 0.272949 0.211719 0.273438 0.211719 0.273926 0.212109 0.274414 0.212109 0.274902 0.2125 0.275391 0.2125 0.275879 0.216406 0.280762 0.216406 0.28125 0.218359 0.283691 0.218359 0.28418 0.219141 0.285156 0.219141 0.285645 0.219922 0.286621 0.219922 0.287109 0.221094 0.288574 0.221484 0.288574 0.221875 0.289062 0.222266 0.289062 0.223828 0.291016 0.223828 0.291504 0.224219 0.291504 0.224609 0.291992 0.225391 0.291992 0.225781 0.29248 0.228516 0.29248 0.228906 0.291992 0.229297 0.291992 0.229687 0.291504 0.229687 0.291016 0.230078 0.290527 0.230078 0.290039 0.230469 0.289551 0.230469 0.289062 0.230859 0.288574 0.230859 0.287109 0.23125 0.286621 0.23125 0.283691 0.230859 0.283203 0.230859 0.281738 0.230469 0.28125 0.230469 0.279785 0.230078 0.279297 0.230078 0.276855 0.229687 0.276367 0.229687 0.274902 0.229297 0.274414 0.229297 0.273926 0.228516 0.272949 0.228516 0.272461 0.228125 0.271973 0.228125 0.271484 0.227344 0.270508 0.227344 0.27002 0.226562 0.269043 0.226562 0.268555 0.226172 0.268066 0.226172 0.267578 0.221094 0.26123 0.220703 0.26123 0.219141 0.259277 0.21875 0.259277 0.217188 0.257324 0.216797 0.257324 0.216406 0.256836 0.216016 0.256836 0.215625 0.256348 0.214844 0.256348 0.214453 0.255859 0.214062 0.255859 0.213672 0.255371 0.212891 0.255371 0.2125 0.254883 0.211328 0.254883 0.210938 0.254395 0.210156 0.254395 0.209766 0.253906
1 0.165625 0.399414 0.164844 0.400391 0.164844 0.400879 0.164453 0.401367 0.164453 0.40332 0.164062 0.403809 0.164062 0.404297 0.164453 0.404785 0.164453 0.406738 0.164844 0.407227 0.164844 0.408203 0.165234 0.408691 0.165234 0.40918 0.165625 0.409668 0.165625 0.410156 0.166016 0.410645 0.166016 0.411133 0.166406 0.411621 0.166406 0.412109 0.167187 0.413086 0.167187 0.413574 0.167969 0.414551 0.167969 0.415039 0.16875 0.416016 0.16875 0.416504 0.169141 0.416992 0.169141 0.41748 0.169531 0.417969 0.169531 0.418457 0.170313 0.419434 0.170313 0.419922 0.170703 0.42041 0.170703 0.420898 0.171094 0.421387 0.171094 0.421875 0.171484 0.422363 0.171484 0.422852 0.171875 0.42334 0.171875 0.423828 0.172266 0.424316 0.172266 0.424805 0.172656 0.425293 0.172656 0.42627 0.173047 0.426758 0.173047 0.427246 0.173437 0.427734 0.173437 0.428223 0.173828 0.428711 0.173828 0.429199 0.174609 0.430176 0.174609 0.430664 0.175391 0.431641 0.175391 0.432129 0.175781 0.432617 0.175781 0.433105 0.176563 0.434082 0.176563 0.43457 0.177734 0.436035 0.178516 0.436035 0.178906 0.436523 0.180469 0.436523 0.180859 0.437012 0.182031 0.437012 0.182422 0.436523 0.183203 0.436523 0.183594 0.436035 0.183984 0.436035 0.184375 0.435547 0.184766 0.435547 0.185156 0.435059 0.185547 0.435059 0.186328 0.434082 0.186328 0.433594 0.186719 0.433105 0.186719 0.432617 0.187109 0.432129 0.187109 0.430664 0.1875 0.430176 0.1875 0.42334 0.187109 0.422852 0.187109 0.421387 0.186719 0.420898 0.186719 0.419434 0.186328 0.418945 0.186328 0.418457 0.185938 0.417969 0.185938 0.41748 0.185547 0.416992 0.185547 0.416016 0.184375 0.414551 0.184375 0.414062 0.182422 0.411621 0.182422 0.411133 0.178906 0.406738 0.178516 0.406738 0.177734 0.405762 0.177344 0.405762 0.175781 0.403809 0.175391 0.403809 0.174609 0.402832 0.174219 0.402832 0.173828 0.402344 0.173437 0.402344 0.172656 0.401367 0.172266 0.401367 0.171484 0.400391 0.171094 0.400391 0.170703 0.399902 0.170313 0.399902 0.169922 0.399414
1 0.359375 0.00976562 0.358984 0.00927734 0.358984 0.00878906 0.358594 0.00878906 0.358203 0.00830078 0.357422 0.00830078 0.357031 0.0078125 0.354687 0.0078125 0.354297 0.00732422 0.353516 0.00732422 0.353125 0.0078125 0.351172 0.0078125 0.350781 0.00830078 0.348438 0.00830078 0.348047 0.00878906 0.346094 0.00878906 0.345703 0.00927734 0.344531 0.00927734 0.344141 0.00976562 0.342969 0.00976562 0.342578 0.0102539 0.341406 0.0102539 0.341016 0.0107422 0.339062 0.0107422 0.338672 0.0112305 0.337109 0.0112305 0.336719 0.0117188 0.335938 0.0117188 0.335547 0.012207 0.334766 0.012207 0.334375 0.0126953 0.333203 0.0126953 0.332813 0.0131836 0.331641 0.0131836 0.33125 0.0136719 0.330078 0.0136719 0.329688 0.0141602 0.329297 0.0141602 0.328906 0.0146484 0.328125 0.0146484 0.327734 0.0151367 0.326953 0.0151367 0.326562 0.015625 0.325781 0.015625 0.325391 0.0161133 0.325 0.0161133 0.324609 0.0166016 0.323828 0.0166016 0.323437 0.0170898 0.323047 0.0170898 0.322656 0.0175781 0.322266 0.0175781 0.321875 0.0180664 0.321484 0.0180664 0.321094 0.0185547 0.320703 0.0185547 0.319922 0.0195312 0.319531 0.0195312 0.318359 0.0209961 0.318359 0.0234375 0.31875 0.0239258 0.31875 0.0249023 0.319141 0.0253906 0.319922 0.0253906 0.320312 0.0258789 0.320703 0.0258789 0.321094 0.0263672 0.322266 0.0263672 0.322656 0.0268555 0.323047 0.0268555 0.323437 0.0273438 0.323828 0.0273438 0.324219 0.027832 0.324609 0.027832 0.325 0.0283203 0.325391 0.0283203 0.325781 0.0288086 0.326562 0.0288086 0.326953 0.0292969 0.329297 0.0292969 0.329688 0.0297852 0.335156 0.0297852 0.335547 0.0292969 0.336328 0.0292969 0.336719 0.0288086 0.337891 0.0288086 0.338281 0.0283203 0.339062 0.0283203 0.339453 0.027832 0.340234 0.027832 0.340625 0.0273438 0.341016 0.0273438 0.341406 0.0268555 0.342187 0.0268555 0.342578 0.0263672 0.342969 0.0263672 0.343359 0.0258789 0.34375 0.0258789 0.344141 0.0253906 0.344531 0.0253906 0.344922 0.0249023 0.345313 0.0249023 0.345703 0.0244141 0.346094 0.0244141 0.346484 0.0239258 0.346875 0.0239258 0.347656 0.0229492 0.348047 0.0229492 0.348438 0.0224609 0.348828 0.0224609 0.349219 0.0219727 0.349609 0.0219727 0.35 0.0214844 0.350391 0.0214844 0.351562 0.0200195 0.351953 0.0200195 0.352734 0.019043 0.353125 0.019043 0.353906 0.0180664 0.354297 0.0180664 0.355078 0.0170898 0.355469 0.0170898 0.35625 0.0161133 0.356641 0.0161133 0.357812 0.0146484 0.358203 0.0146484 0.358594 0.0141602 0.358594 0.0136719 0.358984 0.0131836 0.358984 0.0117188 0.359375 0.0112305
1 0.358594 0.125488 0.358203 0.125 0.358203 0.124512 0.357812 0.124023 0.357422 0.124023 0.357031 0.123535 0.356641 0.123535 0.35625 0.124023 0.353516 0.124023 0.353125 0.124512 0.351953 0.124512 0.351562 0.125 0.350781 0.125 0.350391 0.125488 0.347656 0.125488 0.347266 0.125977 0.343359 0.125977 0.342969 0.126465 0.340625 0.126465 0.340234 0.126953 0.339062 0.126953 0.338672 0.127441 0.337891 0.127441 0.3375 0.12793 0.336719 0.12793 0.335938 0.128906 0.335547 0.128906 0.335156 0.129395 0.334766 0.129395 0.333594 0.130859 0.333203 0.130859 0.332422 0.131836 0.332031 0.131836 0.331641 0.132324 0.33125 0.132324 0.330859 0.132812 0.330078 0.132812 0.329297 0.133789 0.328906 0.133789 0.325781 0.137695 0.325391 0.137695 0.324219 0.13916 0.323828 0.13916 0.323437 0.139648 0.323047 0.139648 0.322656 0.140137 0.321875 0.140137 0.321094 0.141113 0.320703 0.141113 0.320312 0.141602 0.319922 0.141602 0.319531 0.14209 0.319141 0.14209 0.318359 0.143066 0.318359 0.143555 0.317578 0.144531 0.317578 0.14502 0.317188 0.145508 0.317188 0.147949 0.317578 0.148438 0.317578 0.148926 0.318359 0.149902 0.319141 0.149902 0.319531 0.150391 0.321484 0.150391 0.321875 0.150879 0.324219 0.150879 0.324609 0.151367 0.328125 0.151367 0.328516 0.150879 0.33125 0.150879 0.331641 0.150391 0.333203 0.150391 0.333594 0.149902 0.334375 0.149902 0.334766 0.149414 0.335547 0.149414 0.335938 0.148926 0.336719 0.148926 0.337109 0.148438 0.3375 0.148438 0.337891 0.147949 0.338672 0.147949 0.339062 0.147461 0.339844 0.147461 0.340234 0.146973 0.340625 0.146973 0.341016 0.146484 0.341406 0.146484 0.342187 0.145508 0.342578 0.145508 0.34375 0.144043 0.344141 0.144043 0.344922 0.143066 0.345313 0.143066 0.345703 0.142578 0.346094 0.142578 0.346875 0.141602 0.347266 0.141602 0.348047 0.140625 0.348438 0.140625 0.348828 0.140137 0.349219 0.140137 0.349609 0.139648 0.35 0.139648 0.355859 0.132324 0.35625 0.132324 0.357422 0.130859 0.357422 0.130371 0.358203 0.129395 0.358203 0.128906 0.358594 0.128418
1 0.432422 0.111816 0.430469 0.111816 0.430078 0.112305 0.429688 0.112305 0.429297 0.112793 0.428516 0.112793 0.428125 0.113281 0.427734 0.113281 0.423438 0.118652 0.423438 0.119141 0.423047 0.119629 0.423047 0.120605 0.422656 0.121094 0.422656 0.12207 0.422266 0.122559 0.422266 0.123535 0.421875 0.124023 0.421875 0.125488 0.421484 0.125977 0.421484 0.126953 0.421094 0.127441 0.421094 0.129883 0.420703 0.130371 0.420703 0.132324 0.420312 0.132812 0.420312 0.137207 0.419922 0.137695 0.419922 0.146973 0.420312 0.147461 0.420312 0.148438 0.420703 0.148926 0.421094 0.148926 0.421484 0.149414 0.422656 0.149414 0.423047 0.149902 0.423438 0.149902 0.423828 0.149414 0.424609 0.149414 0.425391 0.148438 0.425781 0.148438 0.426172 0.147949 0.426563 0.147949 0.426953 0.147461 0.427344 0.147461 0.429297 0.14502 0.429297 0.144531 0.43125 0.14209 0.431641 0.14209 0.433203 0.140137 0.433594 0.140137 0.435156 0.138184 0.435156 0.137207 0.435547 0.136719 0.435547 0.13623 0.435937 0.135742 0.435937 0.134766 0.436328 0.134277 0.436328 0.132812 0.436719 0.132324 0.436719 0.12793 0.436328 0.127441 0.436328 0.118652 0.435937 0.118164 0.435937 0.117188 0.435547 0.116699 0.435547 0.116211 0.434766 0.115234 0.434766 0.114746
1 0.269141 0.447266 0.267578 0.445312 0.267188 0.445312 0.266797 0.444824 0.266406 0.444824 0.265625 0.443848 0.265234 0.443848 0.264453 0.442871 0.264062 0.442871 0.263672 0.442383 0.2625 0.442383 0.262109 0.441895 0.255859 0.441895 0.255469 0.442383 0.254688 0.442383 0.254297 0.442871 0.253516 0.442871 0.253125 0.443359 0.252344 0.443359 0.251563 0.444336 0.251172 0.444336 0.249219 0.446777 0.249219 0.447266 0.248047 0.44873 0.248047 0.449219 0.247266 0.450195 0.247266 0.450684 0.246875 0.451172 0.246875 0.45166 0.246094 0.452637 0.246094 0.453125 0.244531 0.455078 0.244531 0.455566 0.244141 0.456055 0.244141 0.456543 0.24375 0.457031 0.24375 0.45752 0.243359 0.458008 0.243359 0.458984 0.242969 0.459473 0.242969 0.460938 0.242578 0.461426 0.242578 0.463379 0.242969 0.463867 0.242969 0.464355 0.243359 0.464355 0.244141 0.465332 0.244922 0.465332 0.245312 0.46582 0.246484 0.46582 0.246875 0.466309 0.250781 0.466309 0.251172 0.46582 0.252344 0.46582 0.252734 0.465332 0.253516 0.465332 0.253906 0.464844 0.254297 0.464844 0.254688 0.464355 0.255469 0.464355 0.255859 0.463867 0.25625 0.463867 0.256641 0.463379 0.257031 0.463379 0.257812 0.462402 0.258203 0.462402 0.258984 0.461426 0.259766 0.461426 0.260156 0.460938 0.260547 0.460938 0.260937 0.460449 0.261719 0.460449 0.262109 0.459961 0.2625 0.459961 0.262891 0.459473 0.263281 0.459473 0.263672 0.458984 0.264062 0.458984 0.265234 0.45752 0.265625 0.45752 0.266406 0.456543 0.266797 0.456543 0.26875 0.454102 0.26875 0.453613 0.269141 0.453125 0.269141 0.452637 0.269531 0.452148 0.269531 0.449219 0.269141 0.44873
1 0.466797 0.134766 0.466797 0.139648 0.467187 0.140137 0.467187 0.140625 0.467969 0.141602 0.467969 0.14209 0.468359 0.142578 0.468359 0.143066 0.46875 0.143555 0.46875 0.144043 0.469141 0.144531 0.469141 0.14502 0.469531 0.145508 0.469531 0.146484 0.469922 0.146973 0.469922 0.147461 0.470313 0.147949 0.470313 0.148438 0.471094 0.149414 0.471094 0.149902 0.472656 0.151855 0.472656 0.152344 0.475391 0.155762 0.475781 0.155762 0.478906 0.159668 0.479297 0.159668 0.480859 0.161621 0.48125 0.161621 0.482422 0.163086 0.482812 0.163086 0.483203 0.163574 0.483594 0.163574 0.483984 0.164062 0.484375 0.164062 0.485547 0.165527 0.485938 0.165527 0.486719 0.166504 0.487109 0.166504 0.4875 0.166992 0.487891 0.166992 0.488281 0.16748 0.488672 0.16748 0.489063 0.167969 0.489844 0.167969 0.490234 0.168457 0.490625 0.168457 0.491406 0.169434 0.491797 0.169434 0.492188 0.169922 0.492578 0.169922 0.492969 0.17041 0.493359 0.17041 0.49375 0.170898 0.495312 0.170898 0.495703 0.171387 0.496484 0.171387 0.496875 0.171875 0.498437 0.171875 0.499219 0.170898 0.499219 0.16748 0.498828 0.166992 0.498828 0.165527 0.498047 0.164551 0.498047 0.164062 0.496094 0.161621 0.496094 0.161133 0.495703 0.160645 0.495703 0.159668 0.495312 0.15918 0.495312 0.158203 0.494922 0.157715 0.494922 0.157227 0.492969 0.154785 0.492969 0.154297 0.491797 0.152832 0.491797 0.152344 0.491406 0.151855 0.491406 0.151367 0.490625 0.150391 0.490625 0.149902 0.490234 0.149902 0.489453 0.148926 0.489063 0.148926 0.488281 0.147949 0.487891 0.147949 0.485547 0.14502 0.485156 0.14502 0.482422 0.141602 0.482031 0.141602 0.481641 0.141113 0.480859 0.141113 0.480078 0.140137 0.479687 0.140137 0.479297 0.139648 0.478906 0.139648 0.478125 0.138672 0.477734 0.138672 0.474609 0.134766 0.474219 0.134766 0.473828 0.134277 0.472656 0.134277 0.472266 0.133789 0.468359 0.133789 0.467969 0.134277 0.467187 0.134277
1 0.392188 0.158203 0.388672 0.158203 0.3875 0.159668 0.3875 0.160156 0.386719 0.161133 0.386719 0.161621 0.385937 0.162598 0.385937 0.163086 0.385547 0.163574 0.385547 0.164062 0.385156 0.164551 0.385156 0.165527 0.384766 0.166016 0.384766 0.166504 0.384375 0.166992 0.384375 0.168457 0.383984 0.168945 0.383984 0.17041 0.383594 0.170898 0.383594 0.171875 0.383203 0.172363 0.383203 0.174316 0.382812 0.174805 0.382812 0.179688 0.382422 0.180176 0.382422 0.189941 0.382812 0.19043 0.382812 0.191406 0.383203 0.191895 0.383203 0.192383 0.383594 0.192871 0.383594 0.193359 0.383984 0.193848 0.383984 0.194336 0.384375 0.194336 0.385156 0.195312 0.385547 0.195312 0.385937 0.195801 0.386328 0.195801 0.386719 0.196289 0.387109 0.196289 0.3875 0.196777 0.387891 0.196777 0.388281 0.197266 0.389453 0.197266 0.389844 0.196777 0.391016 0.196777 0.391406 0.196289 0.392188 0.196289 0.392578 0.195801 0.392969 0.195801 0.394141 0.194336 0.394141 0.193848 0.395313 0.192383 0.395313 0.191895 0.396094 0.190918 0.396094 0.19043 0.396875 0.189453 0.396875 0.188965 0.397266 0.188477 0.397266 0.187988 0.398047 0.187012 0.398047 0.186523 0.398438 0.186035 0.398438 0.185547 0.398828 0.185059 0.398828 0.184082 0.399219 0.183594 0.399219 0.182129 0.399609 0.181641 0.399609 0.180176 0.4 0.179688 0.4 0.178711 0.400391 0.178223 0.400391 0.17334 0.4 0.172852 0.4 0.171387 0.399609 0.170898 0.399609 0.169922 0.399219 0.169434 0.399219 0.168945 0.398828 0.168457 0.398828 0.167969 0.398438 0.16748 0.398438 0.166992 0.398047 0.166504 0.398047 0.165527 0.397656 0.165039 0.397656 0.164551 0.397266 0.164062 0.397266 0.163574 0.396484 0.162598 0.396484 0.162109 0.395703 0.161133 0.395313 0.161133 0.39375 0.15918 0.393359 0.15918 0.392969 0.158691 0.392578 0.158691
1 0.181641 0.138672 0.180859 0.139648 0.180859 0.140625 0.180469 0.141113 0.180469 0.14209 0.180078 0.142578 0.180078 0.144043 0.179688 0.144531 0.179688 0.15332 0.180078 0.153809 0.180078 0.15625 0.180469 0.156738 0.180469 0.158203 0.180859 0.158691 0.180859 0.159668 0.18125 0.160156 0.18125 0.160645 0.181641 0.161133 0.181641 0.161621 0.182812 0.163086 0.182812 0.163574 0.183594 0.164551 0.183594 0.165039 0.183984 0.165527 0.183984 0.166504 0.184766 0.16748 0.184766 0.167969 0.185156 0.168457 0.185156 0.168945 0.185938 0.169922 0.185938 0.17041 0.186328 0.170898 0.186328 0.171387 0.186719 0.171875 0.186719 0.172363 0.187109 0.172852 0.187109 0.17334 0.1875 0.173828 0.1875 0.174316 0.188281 0.175293 0.188281 0.175781 0.189453 0.177246 0.191406 0.177246 0.191797 0.176758 0.192969 0.176758 0.193359 0.17627 0.19375 0.17627 0.194922 0.174805 0.194922 0.174316 0.195312 0.173828 0.195312 0.169922 0.195703 0.169434 0.195703 0.165039 0.195312 0.164551 0.195312 0.161621 0.194922 0.161133 0.194922 0.158203 0.194531 0.157715 0.194531 0.15625 0.194141 0.155762 0.194141 0.154785 0.19375 0.154297 0.19375 0.153809 0.193359 0.15332 0.193359 0.152832 0.192969 0.152344 0.192969 0.151855 0.192188 0.150879 0.192188 0.150391 0.190234 0.147949 0.190234 0.147461 0.189453 0.146484 0.189453 0.145996 0.187109 0.143066 0.187109 0.142578 0.184766 0.139648 0.184375 0.139648 0.183984 0.13916 0.183594 0.13916 0.183203 0.138672
1 0.0894531 0.0878906 0.0886719 0.0869141 0.0882813 0.0869141 0.0878906 0.0864258 0.0867187 0.0864258 0.0863281 0.0859375 0.0847656 0.0859375 0.084375 0.0854492 0.0832031 0.0854492 0.0828125 0.0859375 0.0800781 0.0859375 0.0796875 0.0864258 0.0789062 0.0864258 0.0785156 0.0869141 0.078125 0.0869141 0.0777344 0.0874023 0.0773438 0.0874023 0.0769531 0.0878906 0.0765625 0.0878906 0.0757812 0.0888672 0.0753906 0.0888672 0.0746094 0.0898438 0.0742188 0.0898438 0.0734375 0.0908203 0.0726563 0.0908203 0.06875 0.0957031 0.06875 0.0961914 0.0679687 0.097168 0.0679687 0.0976562 0.0675781 0.0981445 0.0675781 0.0986328 0.0667969 0.0996094 0.0667969 0.100098 0.0664062 0.100586 0.0664062 0.101074 0.0660156 0.101562 0.0660156 0.102051 0.0652344 0.103027 0.0652344 0.104004 0.0648438 0.104492 0.0648438 0.105469 0.0644531 0.105957 0.0644531 0.106934 0.0640625 0.107422 0.0640625 0.10791 0.0636719 0.108398 0.0636719 0.108887 0.0628906 0.109863 0.0628906 0.110352 0.0625 0.11084 0.0625 0.112305 0.0628906 0.112793 0.0628906 0.113281 0.0632812 0.11377 0.0632812 0.114258 0.0636719 0.114746 0.0679687 0.114746 0.0683594 0.114258 0.0699219 0.114258 0.0703125 0.11377 0.0722656 0.11377 0.0726563 0.113281 0.0730469 0.113281 0.0734375 0.112793 0.0738281 0.112793 0.0742188 0.112305 0.0746094 0.112305 0.075 0.111816 0.0753906 0.111816 0.0757812 0.111328 0.0761719 0.111328 0.0785156 0.108398 0.0789062 0.108398 0.08125 0.105469 0.08125 0.10498 0.0824219 0.103516 0.0824219 0.103027 0.0847656 0.100098 0.0847656 0.0996094 0.0855469 0.0986328 0.0855469 0.0981445 0.0867187 0.0966797 0.0867187 0.0961914 0.0894531 0.0927734 0.0894531 0.0922852 0.0898438 0.0917969 0.0898438 0.0893555 0.0894531 0.0888672
1 0.0164063 0.0488281 0.0164063 0.0493164 0.0160156 0.0498047 0.0160156 0.0537109 0.0164063 0.0541992 0.0164063 0.0551758 0.0167969 0.0556641 0.0167969 0.0566406 0.0171875 0.0571289 0.0171875 0.0581055 0.0179687 0.059082 0.0179687 0.0595703 0.0183594 0.0600586 0.0183594 0.0605469 0.0195312 0.0620117 0.0195312 0.0625 0.0203125 0.0634766 0.0207031 0.0634766 0.0214844 0.0644531 0.021875 0.0644531 0.0222656 0.0649414 0.0230469 0.0649414 0.0234375 0.0654297 0.0238281 0.0654297 0.0242188 0.065918 0.0246094 0.065918 0.025 0.0664062 0.0253906 0.0664062 0.0257812 0.0668945 0.0261719 0.0668945 0.0265625 0.0673828 0.0269531 0.0673828 0.0273438 0.0678711 0.028125 0.0678711 0.0285156 0.0683594 0.0292969 0.0683594 0.0296875 0.0688477 0.0300781 0.0688477 0.0304687 0.0693359 0.03125 0.0693359 0.0316406 0.0698242 0.0324219 0.0698242 0.0328125 0.0703125 0.0355469 0.0703125 0.0359375 0.0708008 0.0375 0.0708008 0.0378906 0.0712891 0.0390625 0.0712891 0.0394531 0.0717773 0.0410156 0.0717773 0.0414062 0.0722656 0.0449219 0.0722656 0.0453125 0.0717773 0.0453125 0.0683594 0.0449219 0.0678711 0.0449219 0.0673828 0.0445313 0.0668945 0.0445313 0.0664062 0.04375 0.0654297 0.04375 0.0649414 0.0425781 0.0634766 0.0421875 0.0634766 0.0386719 0.059082 0.0386719 0.0585938 0.0382813 0.0581055 0.0382813 0.0576172 0.0367188 0.0556641 0.0363281 0.0556641 0.0355469 0.0546875 0.0351562 0.0546875 0.0335937 0.0527344 0.0332031 0.0527344 0.0320312 0.0512695 0.0316406 0.0512695 0.0300781 0.0493164 0.0296875 0.0493164 0.0292969 0.0488281 0.0285156 0.0488281 0.028125 0.0483398 0.0269531 0.0483398 0.0265625 0.0478516 0.025 0.0478516 0.0246094 0.0473633 0.0230469 0.0473633 0.0226562 0.046875 0.01875 0.046875 0.0183594 0.0473633 0.0175781 0.0473633
1 0.0164063 0.0683594 0.0160156 0.0688477 0.015625 0.0688477 0.0152344 0.0693359 0.0148437 0.0693359 0.0144531 0.0698242 0.0140625 0.0698242 0.0136719 0.0703125 0.0132812 0.0703125 0.009375 0.0751953 0.009375 0.0756836 0.00898437 0.0761719 0.00898437 0.0766602 0.00859375 0.0771484 0.00859375 0.0776367 0.00820313 0.078125 0.00820313 0.0786133 0.0078125 0.0791016 0.0078125 0.0795898 0.00742187 0.0800781 0.00742187 0.0820312 0.00703125 0.0825195 0.00703125 0.0854492 0.00664062 0.0859375 0.00664062 0.0893555 0.00703125 0.0898438 0.00703125 0.0932617 0.00742187 0.09375 0.00742187 0.0952148 0.0078125 0.0957031 0.0078125 0.0961914 0.00820313 0.0966797 0.00820313 0.097168 0.00898437 0.0981445 0.00898437 0.0986328 0.0101563 0.100098 0.0105469 0.100098 0.0109375 0.100586 0.0113281 0.100586 0.0117188 0.101074 0.0121094 0.101074 0.0125 0.101562 0.0128906 0.101562 0.0132812 0.102051 0.0136719 0.102051 0.0140625 0.102539 0.0144531 0.102539 0.0148437 0.103027 0.015625 0.103027 0.0160156 0.103516 0.0195312 0.103516 0.0199219 0.103027 0.0203125 0.103027 0.0210938 0.102051 0.0210938 0.101562 0.0214844 0.101074 0.0214844 0.100586 0.021875 0.100098 0.021875 0.0976562 0.0222656 0.097168 0.0222656 0.09375 0.021875 0.0932617 0.021875 0.0874023 0.0222656 0.0869141 0.0222656 0.0786133 0.0226562 0.078125 0.0226562 0.0771484 0.0230469 0.0766602 0.0230469 0.0756836 0.0226562 0.0751953 0.0226562 0.0742188 0.0222656 0.0737305 0.0222656 0.0727539 0.021875 0.0722656 0.021875 0.0717773 0.0214844 0.0712891 0.0214844 0.0708008 0.0199219 0.0688477 0.0195312 0.0688477 0.0191406 0.0683594
1 0.0308594 0.153809 0.0289063 0.153809 0.0285156 0.154297 0.028125 0.154297 0.0277344 0.154785 0.0273438 0.154785 0.0269531 0.155273 0.0265625 0.155273 0.0261719 0.155762 0.0257812 0.155762 0.0242188 0.157715 0.0242188 0.158203 0.0234375 0.15918 0.0234375 0.159668 0.0222656 0.161133 0.0222656 0.161621 0.0207031 0.163574 0.0207031 0.164062 0.0195312 0.165527 0.0195312 0.166016 0.0191406 0.166504 0.0191406 0.16748 0.01875 0.167969 0.01875 0.168945 0.0183594 0.169434 0.0183594 0.169922 0.0179687 0.17041 0.0179687 0.171387 0.0175781 0.171875 0.0175781 0.172363 0.0171875 0.172852 0.0171875 0.175781 0.0167969 0.17627 0.0167969 0.179199 0.0164063 0.179688 0.0164063 0.182617 0.0160156 0.183105 0.0160156 0.1875 0.0164063 0.187988 0.0164063 0.19043 0.0167969 0.190918 0.0167969 0.192871 0.0171875 0.193359 0.0171875 0.193848 0.0175781 0.194336 0.0199219 0.194336 0.0203125 0.193848 0.0210938 0.193848 0.0214844 0.193359 0.021875 0.193359 0.0226562 0.192383 0.0226562 0.191895 0.0234375 0.190918 0.0238281 0.190918 0.0273438 0.186523 0.0273438 0.186035 0.028125 0.185059 0.028125 0.18457 0.0289063 0.183594 0.0289063 0.183105 0.0292969 0.182617 0.0292969 0.182129 0.0296875 0.181641 0.0296875 0.180664 0.0300781 0.180176 0.0300781 0.178711 0.0304687 0.178223 0.0304687 0.175781 0.0308594 0.175293 0.0308594 0.163086 0.03125 0.162598 0.03125 0.155762 0.0316406 0.155273 0.0316406 0.154297 0.03125 0.154297
1 0.0238281 0.081543 0.0234375 0.0820312 0.0234375 0.0834961 0.0230469 0.0839844 0.0230469 0.0849609 0.0234375 0.0854492 0.0234375 0.0883789 0.0238281 0.0888672 0.0238281 0.0893555 0.0242188 0.0898438 0.0242188 0.0913086 0.0246094 0.0917969 0.0246094 0.0922852 0.025 0.0922852 0.0257812 0.0932617 0.0261719 0.0932617 0.0273438 0.0947266 0.0273438 0.0952148 0.0277344 0.0957031 0.0277344 0.0961914 0.028125 0.0966797 0.028125 0.097168 0.0296875 0.0991211 0.0296875 0.0996094 0.0300781 0.100098 0.0300781 0.101562 0.0304687 0.102051 0.0304687 0.103516 0.0308594 0.104004 0.0308594 0.104492 0.0316406 0.105469 0.0316406 0.105957 0.0324219 0.106934 0.0324219 0.107422 0.0367188 0.112793 0.0371094 0.112793 0.0375 0.113281 0.0382813 0.113281 0.0398437 0.115234 0.0402344 0.115234 0.040625 0.115723 0.0417969 0.115723 0.0421875 0.115234 0.0421875 0.114746 0.0429688 0.11377 0.0429688 0.113281 0.04375 0.112305 0.04375 0.111816 0.0441406 0.111328 0.0441406 0.0996094 0.04375 0.0991211 0.04375 0.0976562 0.0433594 0.097168 0.0433594 0.0961914 0.0429688 0.0957031 0.0429688 0.0952148 0.0425781 0.0947266 0.0425781 0.09375 0.0421875 0.0932617 0.0421875 0.0917969 0.0417969 0.0913086 0.0417969 0.0908203 0.0414062 0.0908203 0.0410156 0.090332 0.040625 0.090332 0.0402344 0.0898438 0.0398437 0.0898438 0.0378906 0.0874023 0.0378906 0.0869141 0.0375 0.0869141 0.0371094 0.0864258 0.0367188 0.0864258 0.0363281 0.0859375 0.0359375 0.0859375 0.0351562 0.0849609 0.0351562 0.0844727 0.0339844 0.0830078 0.0328125 0.0830078 0.0324219 0.0825195 0.0316406 0.0825195 0.03125 0.0820312 0.0308594 0.0820312 0.0300781 0.0810547 0.0296875 0.0810547 0.0292969 0.0805664 0.0277344 0.0805664 0.0273438 0.0810547 0.025 0.0810547 0.0246094 0.081543
1 0.100781 0.486328 0.100391 0.48584 0.0988281 0.48584 0.0984375 0.485352 0.0945312 0.485352 0.0941406 0.48584 0.090625 0.48584 0.0902344 0.486328 0.0871094 0.486328 0.0867187 0.486816 0.0859375 0.486816 0.0855469 0.487305 0.0847656 0.487305 0.084375 0.487793 0.0839844 0.487793 0.0835937 0.488281 0.0832031 0.488281 0.0828125 0.48877 0.0824219 0.48877 0.0820312 0.489258 0.0816406 0.489258 0.08125 0.489746 0.0808594 0.489746 0.0804688 0.490234 0.0800781 0.490234 0.0785156 0.492188 0.078125 0.492188 0.0769531 0.493652 0.0765625 0.493652 0.0757812 0.494629 0.0757812 0.495117 0.0738281 0.497559 0.0738281 0.498047 0.0730469 0.499023 0.0730469 0.499512 0.0722656 0.500488 0.0722656 0.500977 0.071875 0.501465 0.071875 0.501953 0.0714844 0.502441 0.0714844 0.505371 0.0726563 0.506836 0.0738281 0.506836 0.0742188 0.507324 0.0753906 0.507324 0.0757812 0.507812 0.0777344 0.507812 0.078125 0.508301 0.0820312 0.508301 0.0824219 0.507812 0.0847656 0.507812 0.0851563 0.507324 0.0855469 0.507324 0.0859375 0.506836 0.0867187 0.506836 0.0871094 0.506348 0.0875 0.506348 0.0878906 0.505859 0.0882813 0.505859 0.0886719 0.505371 0.0890625 0.505371 0.0894531 0.504883 0.0898438 0.504883 0.0902344 0.504395 0.090625 0.504395 0.0914062 0.503418 0.0917969 0.503418 0.0925781 0.502441 0.0925781 0.501953 0.0949219 0.499023 0.0953125 0.499023 0.0960938 0.498047 0.0964844 0.498047 0.096875 0.497559 0.096875 0.49707 0.0980469 0.495605 0.0980469 0.495117 0.0988281 0.494141 0.0988281 0.493652 0.101562 0.490234 0.101562 0.48877 0.101172 0.488281 0.101172 0.487305 0.100781 0.486816
1 0.327734 0.45166 0.327344 0.45166 0.326953 0.451172 0.325391 0.451172 0.325 0.45166 0.324219 0.45166 0.323828 0.452148 0.322656 0.452148 0.318359 0.45752 0.317969 0.45752 0.314844 0.461426 0.314453 0.461426 0.313672 0.462402 0.313672 0.462891 0.313281 0.463379 0.313281 0.463867 0.312891 0.464355 0.312891 0.464844 0.3125 0.465332 0.3125 0.46582 0.312109 0.466309 0.312109 0.466797 0.311328 0.467773 0.311328 0.468262 0.310156 0.469727 0.310156 0.470215 0.309766 0.470703 0.309766 0.47168 0.309375 0.472168 0.309375 0.473145 0.308984 0.473633 0.308984 0.474121 0.308594 0.474609 0.308594 0.475586 0.308203 0.476074 0.308203 0.476562 0.307812 0.477051 0.307812 0.480957 0.308203 0.481445 0.308203 0.482422 0.308594 0.48291 0.308984 0.48291 0.309766 0.483887 0.310937 0.483887 0.311328 0.484375 0.316016 0.484375 0.316406 0.483887 0.317969 0.483887 0.318359 0.483398 0.31875 0.483398 0.319922 0.481934 0.319922 0.481445 0.320312 0.480957 0.320312 0.480469 0.320703 0.47998 0.320703 0.479492 0.321094 0.479004 0.321094 0.478027 0.321875 0.477051 0.321875 0.476562 0.323047 0.475098 0.323047 0.474609 0.323437 0.474121 0.323437 0.473633 0.323828 0.473145 0.323828 0.472656 0.324219 0.472168 0.324219 0.47168 0.324609 0.471191 0.324609 0.470703 0.325 0.470215 0.325 0.469727 0.325391 0.469238 0.325391 0.46875 0.326172 0.467773 0.326172 0.467285 0.326562 0.466797 0.326562 0.46582 0.326953 0.465332 0.326953 0.464355 0.327344 0.463867 0.327344 0.462891 0.327734 0.462402 0.327734 0.461914 0.328125 0.461426 0.328125 0.460938 0.328906 0.459961 0.328906 0.459473 0.329297 0.458984 0.329297 0.455078 0.328906 0.45459 0.328906 0.453613 0.328125 0.452637 0.328125 0.452148
1 0.275 0.32959 0.272656 0.32959 0.272266 0.330078 0.271094 0.330078 0.270703 0.330566 0.270313 0.330566 0.269531 0.331543 0.269141 0.331543 0.268359 0.33252 0.267969 0.33252 0.266016 0.334961 0.266016 0.335449 0.264844 0.336914 0.264453 0.336914 0.262109 0.339844 0.261719 0.339844 0.260937 0.34082 0.260547 0.34082 0.260156 0.341309 0.259766 0.341309 0.258594 0.342773 0.258594 0.343262 0.258203 0.34375 0.258203 0.344238 0.257812 0.344727 0.257812 0.345215 0.257422 0.345703 0.257422 0.34668 0.257031 0.347168 0.257031 0.347656 0.256641 0.348145 0.256641 0.349121 0.25625 0.349609 0.25625 0.350586 0.255859 0.351074 0.255859 0.352051 0.255469 0.352539 0.255469 0.35791 0.255859 0.358398 0.255859 0.359863 0.25625 0.360352 0.25625 0.361816 0.256641 0.362305 0.256641 0.362793 0.257031 0.363281 0.257031 0.36377 0.257422 0.364258 0.257422 0.364746 0.257812 0.365234 0.257812 0.366211 0.258594 0.367188 0.258594 0.367676 0.258984 0.368164 0.258984 0.368652 0.259766 0.369629 0.260547 0.369629 0.260937 0.370117 0.263281 0.370117 0.263672 0.369629 0.264062 0.369629 0.264453 0.369141 0.264453 0.368652 0.264844 0.368164 0.264844 0.367676 0.265234 0.367188 0.265234 0.366699 0.266016 0.365723 0.266016 0.365234 0.266797 0.364258 0.266797 0.36377 0.267969 0.362305 0.267969 0.361816 0.26875 0.36084 0.26875 0.360352 0.269922 0.358887 0.269922 0.358398 0.271875 0.355957 0.271875 0.355469 0.272266 0.35498 0.272266 0.354492 0.272656 0.354004 0.272656 0.353516 0.273047 0.353027 0.273047 0.352539 0.273438 0.352051 0.273438 0.351562 0.273828 0.351074 0.273828 0.350586 0.274219 0.350098 0.274219 0.349121 0.274609 0.348633 0.274609 0.348145 0.275 0.347656 0.275 0.347168 0.275391 0.34668 0.275391 0.346191 0.275781 0.345703 0.275781 0.345215 0.276172 0.344727 0.276172 0.34375 0.276562 0.343262 0.276562 0.342285 0.276953 0.341797 0.276953 0.334473 0.276562 0.333984 0.276562 0.333008 0.276172 0.33252 0.276172 0.331543 0.275781 0.331055 0.275781 0.330566
1 0.462891 0.520996 0.462891 0.522461 0.463281 0.522461 0.463672 0.522949 0.464062 0.522949 0.464844 0.523926 0.465234 0.523926 0.466016 0.524902 0.466406 0.524902 0.467187 0.525879 0.467578 0.525879 0.467969 0.526367 0.46875 0.526367 0.469141 0.526855 0.469531 0.526855 0.469922 0.527344 0.470313 0.527344 0.470703 0.527832 0.471094 0.527832 0.471484 0.52832 0.472656 0.52832 0.473047 0.528809 0.473828 0.528809 0.474219 0.529297 0.475781 0.529297 0.476172 0.529785 0.477734 0.529785 0.478125 0.530273 0.48125 0.530273 0.481641 0.530762 0.491016 0.530762 0.491406 0.530273 0.493359 0.530273 0.49375 0.529785 0.494922 0.529785 0.495312 0.529297 0.496094 0.529297 0.496484 0.528809 0.496875 0.528809 0.498437 0.526855 0.498437 0.526367 0.498828 0.525879 0.498828 0.524414 0.498437 0.523926 0.498437 0.523438 0.498047 0.522949 0.498047 0.522461 0.497266 0.521484 0.497266 0.520996 0.494531 0.517578 0.494141 0.517578 0.49375 0.51709 0.493359 0.51709 0.492969 0.516602 0.492188 0.516602 0.491797 0.516113 0.491406 0.516113 0.491016 0.515625 0.490234 0.515625 0.489844 0.515137 0.488672 0.515137 0.488281 0.514648 0.4875 0.514648 0.487109 0.51416 0.486328 0.51416 0.485938 0.513672 0.483594 0.513672 0.483203 0.513184 0.478125 0.513184 0.477734 0.513672 0.475781 0.513672 0.475391 0.51416 0.473828 0.51416 0.473438 0.514648 0.472266 0.514648 0.471875 0.515137 0.471094 0.515137 0.470703 0.515625 0.469922 0.515625 0.469531 0.516113 0.469141 0.516113 0.46875 0.516602 0.468359 0.516602 0.467969 0.51709 0.467187 0.51709 0.466797 0.517578 0.466406 0.517578 0.465234 0.519043 0.464844 0.519043 0.464062 0.52002 0.463672 0.52002
1 0.464062 0.599121 0.463672 0.598633 0.463281 0.598633 0.462891 0.598145 0.456641 0.598145 0.45625 0.598633 0.454297 0.598633 0.453906 0.599121 0.453125 0.599121 0.452734 0.599609 0.451953 0.599609 0.451562 0.600098 0.450391 0.600098 0.45 0.600586 0.448437 0.600586 0.448047 0.601074 0.446875 0.601074 0.446484 0.601562 0.446094 0.601562 0.445703 0.602051 0.445312 0.602051 0.444922 0.602539 0.444141 0.602539 0.44375 0.603027 0.443359 0.603027 0.442969 0.603516 0.442578 0.603516 0.442188 0.604004 0.441797 0.604004 0.440625 0.605469 0.440234 0.605469 0.439844 0.605957 0.439453 0.605957 0.437891 0.60791 0.437891 0.608398 0.435547 0.611328 0.435547 0.611816 0.435156 0.612305 0.435156 0.613281 0.434766 0.61377 0.434766 0.616699 0.435547 0.617676 0.435547 0.618164 0.436328 0.619141 0.436719 0.619141 0.4375 0.620117 0.437891 0.620117 0.438281 0.620605 0.439063 0.620605 0.439453 0.621094 0.440234 0.621094 0.440625 0.621582 0.442188 0.621582 0.442578 0.62207 0.444922 0.62207 0.445312 0.621582 0.448437 0.621582 0.448828 0.621094 0.45 0.621094 0.450391 0.620605 0.451172 0.620605 0.451562 0.620117 0.452344 0.620117 0.453125 0.619141 0.453516 0.619141 0.453906 0.618652 0.454297 0.618652 0.454688 0.618164 0.455078 0.618164 0.455469 0.617676 0.455859 0.617676 0.456641 0.616699 0.457031 0.616699 0.457813 0.615723 0.458203 0.615723 0.461719 0.611328 0.461719 0.61084 0.463672 0.608398 0.463672 0.60791 0.464062 0.607422 0.464062 0.606445 0.464453 0.605957 0.464453 0.60498 0.464844 0.604492 0.464844 0.601562 0.464453 0.601074 0.464453 0.600098 0.464062 0.599609
1 0.333984 0.646973 0.333203 0.646973 0.332813 0.647461 0.331641 0.647461 0.33125 0.647949 0.330469 0.647949 0.328125 0.650879 0.328125 0.651367 0.326953 0.652832 0.326953 0.65332 0.325391 0.655273 0.325391 0.655762 0.324219 0.657227 0.324219 0.657715 0.323828 0.658203 0.323828 0.658691 0.322656 0.660156 0.322656 0.660645 0.322266 0.661133 0.322266 0.662109 0.321875 0.662598 0.321875 0.663086 0.321484 0.663574 0.321484 0.664551 0.321094 0.665039 0.321094 0.66748 0.320703 0.667969 0.320703 0.674316 0.321094 0.674805 0.321094 0.675781 0.321484 0.67627 0.321484 0.677246 0.322266 0.678223 0.322266 0.678711 0.323047 0.679688 0.323437 0.679688 0.325391 0.682129 0.327344 0.682129 0.327734 0.681641 0.328125 0.681641 0.328516 0.681152 0.328906 0.681152 0.329297 0.680664 0.329688 0.680664 0.330859 0.679199 0.330859 0.678711 0.331641 0.677734 0.331641 0.677246 0.332031 0.676758 0.332031 0.67627 0.332813 0.675293 0.332813 0.674805 0.333594 0.673828 0.333594 0.67334 0.334375 0.672363 0.334375 0.671875 0.334766 0.671387 0.334766 0.670898 0.335156 0.67041 0.335156 0.669922 0.335547 0.669434 0.335547 0.668457 0.335938 0.667969 0.335938 0.66748 0.336328 0.666992 0.336328 0.665527 0.336719 0.665039 0.336719 0.663086 0.337109 0.662598 0.337109 0.660156 0.3375 0.659668 0.3375 0.657227 0.337109 0.656738 0.337109 0.655273 0.336719 0.654785 0.336719 0.653809 0.336328 0.65332 0.336328 0.652344 0.335938 0.651855 0.335938 0.650391 0.335547 0.649902 0.335547 0.649414 0.335156 0.648926 0.335156 0.648438
1 0.387891 0.716309 0.387891 0.720215 0.388281 0.720703 0.388281 0.721191 0.389844 0.723145 0.389844 0.723633 0.390625 0.724609 0.390625 0.725098 0.392188 0.727051 0.392578 0.727051 0.394531 0.729492 0.394922 0.729492 0.396094 0.730957 0.396484 0.730957 0.397266 0.731934 0.398047 0.731934 0.398438 0.732422 0.398828 0.732422 0.399219 0.73291 0.406641 0.73291 0.407031 0.732422 0.408203 0.732422 0.408594 0.731934 0.409375 0.731934 0.409766 0.731445 0.410156 0.731445 0.410547 0.730957 0.410938 0.730957 0.411328 0.730469 0.411719 0.730469 0.413281 0.728516 0.413281 0.728027 0.415234 0.725586 0.415234 0.725098 0.416016 0.724121 0.416016 0.723145 0.416406 0.722656 0.416406 0.720215 0.415625 0.719238 0.415234 0.719238 0.414844 0.71875 0.414062 0.71875 0.413672 0.718262 0.413281 0.718262 0.412891 0.717773 0.411719 0.717773 0.411328 0.717285 0.409766 0.717285 0.409375 0.716797 0.407813 0.716797 0.407422 0.716309 0.406641 0.716309 0.40625 0.71582 0.405078 0.71582 0.404687 0.715332 0.403516 0.715332 0.403125 0.714844 0.400781 0.714844 0.400391 0.714355 0.399219 0.714355 0.398828 0.713867 0.398047 0.713867 0.397656 0.713379 0.396875 0.713379 0.396484 0.712891 0.389453 0.712891 0.388672 0.713867 0.388672 0.714844 0.388281 0.715332 0.388281 0.71582
1 0.280078 0.769531 0.279687 0.769043 0.279687 0.768066 0.279297 0.767578 0.279297 0.76709 0.278906 0.766602 0.276953 0.766602 0.276562 0.766113 0.275 0.766113 0.274609 0.766602 0.273438 0.766602 0.273047 0.76709 0.272266 0.76709 0.271875 0.767578 0.269141 0.767578 0.26875 0.768066 0.266797 0.768066 0.266406 0.768555 0.264844 0.768555 0.264453 0.769043 0.262891 0.769043 0.2625 0.769531 0.260547 0.769531 0.260156 0.77002 0.256641 0.77002 0.25625 0.770508 0.251953 0.770508 0.251563 0.770996 0.251172 0.770996 0.250781 0.771484 0.250391 0.771484 0.249219 0.772949 0.249219 0.773438 0.248438 0.774414 0.248438 0.777344 0.248828 0.777832 0.248828 0.77832 0.249219 0.778809 0.249219 0.779297 0.251172 0.781738 0.251563 0.781738 0.252344 0.782715 0.253125 0.782715 0.253516 0.783203 0.254297 0.783203 0.254688 0.783691 0.255469 0.783691 0.255859 0.78418 0.257031 0.78418 0.257422 0.784668 0.258203 0.784668 0.258594 0.785156 0.259375 0.785156 0.259766 0.785645 0.26875 0.785645 0.269141 0.785156 0.270313 0.785156 0.270703 0.784668 0.271875 0.784668 0.272266 0.78418 0.272656 0.78418 0.274219 0.782227 0.274609 0.782227 0.275781 0.780762 0.276172 0.780762 0.277344 0.779297 0.277344 0.778809 0.278125 0.777832 0.278125 0.777344 0.278906 0.776367 0.278906 0.775879 0.279297 0.775391 0.279297 0.774414 0.279687 0.773926 0.279687 0.772949 0.280078 0.772461
1 0.249219 0.743164 0.249219 0.744629 0.250781 0.746582 0.250781 0.74707 0.252344 0.749023 0.252734 0.749023 0.253125 0.749512 0.253516 0.749512 0.253906 0.75 0.254297 0.75 0.255078 0.750977 0.255859 0.750977 0.25625 0.751465 0.256641 0.751465 0.257031 0.751953 0.257812 0.751953 0.258203 0.752441 0.258984 0.752441 0.259375 0.75293 0.260547 0.75293 0.260937 0.753418 0.262109 0.753418 0.2625 0.753906 0.263281 0.753906 0.263672 0.754395 0.264453 0.754395 0.264844 0.754883 0.265234 0.754883 0.265625 0.755371 0.266016 0.755371 0.266406 0.755859 0.267578 0.755859 0.267969 0.756348 0.273047 0.756348 0.273438 0.755859 0.274609 0.755859 0.275 0.755371 0.275781 0.755371 0.276172 0.754883 0.276562 0.754883 0.276953 0.754395 0.277734 0.754395 0.278125 0.753906 0.278516 0.753906 0.278906 0.753418 0.279297 0.753418 0.280469 0.751953 0.280469 0.750488 0.280859 0.75 0.280859 0.748047 0.280469 0.747559 0.280469 0.74707 0.278125 0.744141 0.277734 0.744141 0.277344 0.743652 0.276953 0.743652 0.276562 0.743164 0.276172 0.743164 0.275781 0.742676 0.275391 0.742676 0.275 0.742188 0.274609 0.742188 0.274219 0.741699 0.273828 0.741699 0.273438 0.741211 0.273047 0.741211 0.272266 0.740234 0.271875 0.740234 0.271484 0.739746 0.270703 0.739746 0.270313 0.739258 0.269922 0.739258 0.269531 0.73877 0.26875 0.73877 0.268359 0.738281 0.267969 0.738281 0.267578 0.737793 0.266406 0.737793 0.266016 0.737305 0.265234 0.737305 0.264844 0.736816 0.258203 0.736816 0.257812 0.737305 0.257031 0.737305 0.256641 0.737793 0.255859 0.737793 0.255469 0.738281 0.255078 0.738281 0.254688 0.73877 0.254297 0.73877 0.253906 0.739258 0.253125 0.739258 0.252734 0.739746 0.252344 0.739746 0.251563 0.740723 0.251172 0.740723
1 0.799219 0.625 0.797266 0.625 0.796875 0.625488 0.795312 0.625488 0.794922 0.625977 0.794531 0.625977 0.793359 0.627441 0.793359 0.62793 0.791016 0.630859 0.791016 0.631348 0.790625 0.631836 0.790625 0.632324 0.790234 0.632812 0.790234 0.633301 0.789844 0.633789 0.789844 0.634277 0.789453 0.634766 0.789453 0.635742 0.789062 0.63623 0.789062 0.637207 0.788672 0.637695 0.788672 0.639648 0.788281 0.640137 0.788281 0.643066 0.787891 0.643555 0.787891 0.650391 0.788281 0.650879 0.788281 0.65332 0.788672 0.653809 0.788672 0.655273 0.789062 0.655762 0.789062 0.656738 0.789453 0.657227 0.789453 0.658203 0.790234 0.65918 0.790234 0.659668 0.791016 0.660645 0.791406 0.660645 0.791797 0.661133 0.792188 0.661133 0.792578 0.661621 0.793359 0.661621 0.79375 0.662109 0.795703 0.662109 0.796484 0.661133 0.796875 0.661133 0.797656 0.660156 0.798047 0.660156 0.798828 0.65918 0.798828 0.658691 0.799609 0.657715 0.799609 0.656738 0.8 0.65625 0.8 0.655762 0.800391 0.655273 0.800391 0.654297 0.800781 0.653809 0.800781 0.651367 0.801172 0.650879 0.801172 0.648926 0.801562 0.648438 0.801562 0.645996 0.801953 0.645508 0.801953 0.64209 0.802344 0.641602 0.802344 0.639648 0.802734 0.63916 0.802734 0.632812 0.802344 0.632324 0.802344 0.630371 0.801953 0.629883 0.801953 0.629395 0.801562 0.628906 0.801562 0.628418 0.801172 0.62793 0.801172 0.627441
1 0.348438 0.805664 0.348438 0.808594 0.348828 0.809082 0.348828 0.810547 0.349219 0.811035 0.349219 0.811523 0.349609 0.812012 0.349609 0.8125 0.35 0.812988 0.35 0.813477 0.350391 0.813965 0.350391 0.814453 0.350781 0.814941 0.350781 0.81543 0.351172 0.815918 0.351172 0.816406 0.351562 0.816895 0.351562 0.817871 0.351953 0.818359 0.351953 0.819336 0.352344 0.819824 0.352344 0.820312 0.352734 0.820801 0.352734 0.821289 0.353125 0.821777 0.353125 0.822266 0.355078 0.824707 0.355469 0.824707 0.357422 0.827148 0.357422 0.827637 0.358594 0.829102 0.358984 0.829102 0.359375 0.82959 0.360156 0.82959 0.360547 0.830078 0.360938 0.830078 0.361328 0.830566 0.361719 0.830566 0.3625 0.831543 0.362891 0.831543 0.363281 0.832031 0.363672 0.832031 0.364063 0.83252 0.364844 0.83252 0.365234 0.833008 0.365625 0.833008 0.366016 0.833496 0.366406 0.833496 0.366797 0.833984 0.367188 0.833984 0.367969 0.834961 0.368359 0.834961 0.36875 0.835449 0.369531 0.835449 0.369922 0.835938 0.370312 0.835938 0.370703 0.836426 0.371094 0.836426 0.371875 0.837402 0.372266 0.837402 0.372656 0.837891 0.373828 0.837891 0.374219 0.837402 0.374609 0.837402 0.376563 0.834961 0.376563 0.834473 0.376953 0.833984 0.376953 0.828125 0.376563 0.827637 0.376563 0.825684 0.375781 0.824707 0.375781 0.824219 0.375391 0.82373 0.375391 0.822754 0.375 0.822266 0.375 0.821777 0.374219 0.820801 0.374219 0.820312 0.373828 0.819824 0.373828 0.818848 0.371875 0.816406 0.371484 0.816406 0.369922 0.814453 0.369531 0.814453 0.369141 0.813965 0.36875 0.813965 0.368359 0.813477 0.367578 0.813477 0.367188 0.812988 0.366797 0.812988 0.366406 0.8125 0.366016 0.8125 0.365625 0.812012 0.365234 0.812012 0.364844 0.811523 0.364453 0.811523 0.363672 0.810547 0.363281 0.810547 0.3625 0.80957 0.362109 0.80957 0.361719 0.809082 0.361328 0.809082 0.360938 0.808594 0.360547 0.808594 0.359766 0.807617 0.359375 0.807617 0.358203 0.806152 0.357812 0.806152 0.357422 0.805664 0.35625 0.805664 0.355859 0.805176 0.355078 0.805176 0.354687 0.804688 0.352734 0.804688 0.352344 0.804199 0.349609 0.804199
1 0.544531 0.938965 0.54375 0.938965 0.543359 0.938477 0.539062 0.938477 0.538672 0.938965 0.537891 0.938965 0.5375 0.939453 0.536719 0.939453 0.536328 0.939941 0.535937 0.939941 0.534766 0.941406 0.534375 0.941406 0.533594 0.942383 0.533203 0.942383 0.529297 0.947266 0.529297 0.947754 0.528516 0.94873 0.528516 0.949219 0.528125 0.949707 0.528125 0.950195 0.527734 0.950684 0.527734 0.951172 0.527344 0.95166 0.527344 0.953125 0.526953 0.953613 0.526953 0.955078 0.526563 0.955566 0.526563 0.95752 0.526172 0.958008 0.526172 0.960938 0.525781 0.961426 0.525781 0.967285 0.526172 0.967773 0.526172 0.96875 0.526563 0.969238 0.526563 0.970215 0.527344 0.971191 0.527734 0.971191 0.528125 0.97168 0.530469 0.97168 0.530859 0.971191 0.53125 0.971191 0.531641 0.970703 0.532031 0.970703 0.532422 0.970215 0.533203 0.970215 0.533984 0.969238 0.534375 0.969238 0.535156 0.968262 0.535547 0.968262 0.536328 0.967285 0.536719 0.967285 0.537891 0.96582 0.537891 0.965332 0.538672 0.964355 0.538672 0.963867 0.539453 0.962891 0.539453 0.962402 0.539844 0.961914 0.539844 0.961426 0.540625 0.960449 0.540625 0.959961 0.541406 0.958984 0.541406 0.958496 0.542188 0.95752 0.542188 0.957031 0.542969 0.956055 0.542969 0.955566 0.543359 0.955078 0.543359 0.95459 0.54375 0.954102 0.54375 0.953613 0.544141 0.953125 0.544141 0.952637 0.544531 0.952148 0.544531 0.95166 0.544922 0.951172 0.544922 0.950195 0.545312 0.949707 0.545312 0.94873 0.545703 0.948242 0.545703 0.946777 0.546094 0.946289 0.546094 0.941895 0.545703 0.941406 0.545703 0.940918 0.545312 0.94043 0.545312 0.939941
1 0.640234 0.748535 0.640234 0.749512 0.639844 0.75 0.639844 0.750977 0.639453 0.751465 0.639453 0.752441 0.639844 0.75293 0.639844 0.753906 0.640234 0.754395 0.640234 0.755371 0.640625 0.755859 0.640625 0.756836 0.641016 0.757324 0.641016 0.757812 0.641797 0.758789 0.641797 0.759277 0.642188 0.759766 0.642188 0.760254 0.644922 0.763672 0.645312 0.763672 0.646484 0.765137 0.646875 0.765137 0.647266 0.765625 0.647656 0.765625 0.648438 0.766602 0.648828 0.766602 0.649219 0.76709 0.649609 0.76709 0.65 0.767578 0.650391 0.767578 0.650781 0.768066 0.651172 0.768066 0.651563 0.768555 0.651953 0.768555 0.652344 0.769043 0.653125 0.769043 0.653516 0.769531 0.654297 0.769531 0.654687 0.77002 0.65625 0.77002 0.656641 0.770508 0.660547 0.770508 0.660937 0.77002 0.6625 0.77002 0.662891 0.769531 0.663672 0.769531 0.664062 0.769043 0.664844 0.769043 0.665234 0.768555 0.665625 0.768555 0.666016 0.768066 0.666406 0.768066 0.667578 0.766602 0.667578 0.766113 0.667969 0.765625 0.667969 0.765137 0.668359 0.764648 0.668359 0.762695 0.667969 0.762207 0.667969 0.761719 0.667578 0.76123 0.667578 0.760254 0.666016 0.758301 0.665625 0.758301 0.665234 0.757812 0.664844 0.757812 0.664062 0.756836 0.663672 0.756836 0.662109 0.754883 0.661719 0.754883 0.660547 0.753418 0.660156 0.753418 0.659375 0.752441 0.658984 0.752441 0.658203 0.751465 0.657813 0.751465 0.657422 0.750977 0.657031 0.750977 0.656641 0.750488 0.65625 0.750488 0.655859 0.75 0.655469 0.75 0.654687 0.749023 0.654297 0.749023 0.653906 0.748535 0.653516 0.748535 0.653125 0.748047 0.652344 0.748047 0.651953 0.747559 0.651563 0.747559 0.651172 0.74707 0.649219 0.74707 0.648828 0.746582 0.642969 0.746582 0.642578 0.74707 0.641797 0.74707 0.641406 0.747559 0.641016 0.747559
1 0.566406 0.758301 0.565625 0.759277 0.565625 0.760742 0.566016 0.76123 0.566016 0.761719 0.566406 0.762207 0.566406 0.762695 0.567187 0.763672 0.567187 0.76416 0.569531 0.76709 0.569531 0.767578 0.570312 0.768555 0.570312 0.769043 0.570703 0.769531 0.570703 0.77002 0.571094 0.770508 0.571094 0.770996 0.571484 0.771484 0.571484 0.771973 0.572656 0.773438 0.573047 0.773438 0.573438 0.773926 0.573438 0.774414 0.574219 0.775391 0.574219 0.776367 0.574609 0.776855 0.574609 0.777344 0.575 0.777832 0.575 0.77832 0.575391 0.778809 0.575391 0.779297 0.575781 0.779785 0.575781 0.780273 0.577344 0.782227 0.577344 0.782715 0.578906 0.784668 0.579297 0.784668 0.580078 0.785645 0.580469 0.785645 0.582031 0.787598 0.582422 0.787598 0.583203 0.788574 0.583594 0.788574 0.584375 0.789551 0.584766 0.789551 0.586719 0.791992 0.587109 0.791992 0.5875 0.79248 0.591797 0.79248 0.591797 0.791992 0.592187 0.791504 0.592187 0.784668 0.591797 0.78418 0.591797 0.782715 0.591406 0.782227 0.591406 0.78125 0.590625 0.780273 0.590625 0.779785 0.589844 0.778809 0.589844 0.777832 0.589453 0.777344 0.589453 0.776855 0.589063 0.776367 0.589063 0.775391 0.588672 0.774902 0.588672 0.774414 0.587891 0.773438 0.587891 0.772949 0.586719 0.771484 0.586719 0.770996 0.586328 0.770508 0.586328 0.77002 0.585938 0.769531 0.585938 0.769043 0.585156 0.768066 0.585156 0.767578 0.584375 0.766602 0.583984 0.766602 0.583203 0.765625 0.582812 0.765625 0.580469 0.762695 0.579688 0.762695 0.579297 0.762207 0.578906 0.762207 0.578516 0.761719 0.578125 0.761719 0.577734 0.76123 0.577344 0.76123 0.576562 0.760254 0.575781 0.760254 0.575391 0.759766 0.573828 0.759766 0.573438 0.759277 0.572266 0.759277 0.571875 0.758789 0.571094 0.758789 0.570703 0.758301 0.569922 0.758301 0.569531 0.757812 0.567187 0.757812 0.566797 0.758301
1 0.615234 0.737793 0.614453 0.736816 0.614062 0.736816 0.613672 0.736328 0.613281 0.736328 0.612891 0.73584 0.610547 0.73584 0.609766 0.736816 0.609375 0.736816 0.608203 0.738281 0.607812 0.738281 0.607031 0.739258 0.606641 0.739258 0.605859 0.740234 0.605469 0.740234 0.605078 0.740723 0.604688 0.740723 0.604297 0.741211 0.603906 0.741211 0.603516 0.741699 0.603125 0.741699 0.602734 0.742188 0.602344 0.742188 0.601953 0.742676 0.601562 0.742676 0.600781 0.743652 0.600391 0.743652 0.6 0.744141 0.599609 0.744141 0.598047 0.746094 0.597656 0.746094 0.596875 0.74707 0.596484 0.74707 0.595313 0.748535 0.594922 0.748535 0.592578 0.751465 0.592187 0.751465 0.591406 0.752441 0.591406 0.75293 0.590625 0.753906 0.590625 0.754395 0.589844 0.755371 0.589844 0.755859 0.5875 0.758789 0.587109 0.758789 0.586328 0.759766 0.586328 0.76416 0.586719 0.764648 0.586719 0.765137 0.587109 0.765137 0.5875 0.765625 0.587891 0.765625 0.588281 0.766113 0.589453 0.766113 0.589844 0.766602 0.59375 0.766602 0.594141 0.766113 0.596484 0.766113 0.596875 0.765625 0.598437 0.765625 0.598828 0.765137 0.6 0.765137 0.600391 0.764648 0.601172 0.764648 0.601562 0.76416 0.601953 0.76416 0.602344 0.763672 0.602734 0.763672 0.603125 0.763184 0.603516 0.763184 0.603906 0.762695 0.604297 0.762695 0.605078 0.761719 0.605469 0.761719 0.605859 0.76123 0.60625 0.76123 0.606641 0.760742 0.607031 0.760742 0.610547 0.756348 0.610547 0.755859 0.611719 0.754395 0.611719 0.753906 0.6125 0.75293 0.6125 0.752441 0.612891 0.751953 0.612891 0.751465 0.613672 0.750488 0.613672 0.75 0.614844 0.748535 0.614844 0.748047 0.615234 0.747559 0.615234 0.746582 0.615625 0.746094 0.615625 0.744141 0.616016 0.743652 0.616016 0.739746 0.615625 0.739258 0.615625 0.73877 0.615234 0.738281
1 0.726562 0.65918 0.725391 0.660645 0.725391 0.661133 0.725 0.661621 0.725 0.663086 0.725391 0.663574 0.725391 0.665527 0.725781 0.666016 0.725781 0.666992 0.726172 0.66748 0.726172 0.668457 0.726562 0.668945 0.726562 0.67041 0.726953 0.670898 0.726953 0.671875 0.727344 0.672363 0.727344 0.67334 0.727734 0.673828 0.727734 0.674805 0.728125 0.675293 0.728125 0.675781 0.728906 0.676758 0.728906 0.677246 0.730469 0.679199 0.730469 0.679688 0.73125 0.680664 0.73125 0.681152 0.731641 0.681641 0.731641 0.682129 0.733203 0.684082 0.733594 0.684082 0.736328 0.6875 0.736719 0.6875 0.738672 0.689941 0.739062 0.689941 0.739453 0.69043 0.739844 0.69043 0.740234 0.690918 0.740625 0.690918 0.741016 0.691406 0.741406 0.691406 0.743359 0.693848 0.744141 0.693848 0.744531 0.694336 0.744922 0.694336 0.745313 0.693848 0.748437 0.693848 0.748828 0.693359 0.749609 0.693359 0.75 0.692871 0.750391 0.692871 0.750781 0.692383 0.750781 0.691895 0.751172 0.691406 0.751172 0.690918 0.751563 0.69043 0.751563 0.689453 0.750391 0.687988 0.750391 0.6875 0.749609 0.686523 0.749609 0.686035 0.749219 0.685547 0.749219 0.685059 0.748828 0.68457 0.748828 0.682129 0.748437 0.681641 0.748437 0.680664 0.748047 0.680176 0.748047 0.679199 0.747656 0.678711 0.747656 0.677246 0.747266 0.676758 0.747266 0.67627 0.746875 0.675781 0.746875 0.674805 0.746484 0.674316 0.746484 0.673828 0.746094 0.67334 0.746094 0.672852 0.745313 0.671875 0.745313 0.671387 0.742969 0.668457 0.742969 0.667969 0.742188 0.666992 0.742188 0.666504 0.741016 0.665039 0.741016 0.664551 0.740625 0.664551 0.739844 0.663574 0.739453 0.663574 0.738672 0.662598 0.738281 0.662598 0.737109 0.661133 0.736719 0.661133 0.736328 0.660645 0.735938 0.660645 0.735547 0.660156 0.735156 0.660156 0.734766 0.659668 0.734375 0.659668 0.733984 0.65918 0.733594 0.65918 0.733203 0.658691 0.732422 0.658691 0.732031 0.658203 0.728125 0.658203 0.727734 0.658691 0.727344 0.658691 0.726953 0.65918
1 0.816406 0.713379 0.816016 0.712891 0.815625 0.712891 0.815234 0.712402 0.814453 0.712402 0.814063 0.711914 0.812109 0.711914 0.811719 0.711426 0.807813 0.711426 0.807422 0.711914 0.803125 0.711914 0.802734 0.712402 0.799609 0.712402 0.799219 0.712891 0.795312 0.712891 0.794922 0.713379 0.793359 0.713379 0.792969 0.713867 0.791406 0.713867 0.791016 0.714355 0.789844 0.714355 0.789453 0.714844 0.788672 0.714844 0.788281 0.715332 0.7875 0.715332 0.787109 0.71582 0.786719 0.71582 0.786328 0.716309 0.785937 0.716309 0.785547 0.716797 0.785156 0.716797 0.785156 0.717285 0.784766 0.717773 0.784766 0.718262 0.784375 0.71875 0.784375 0.721191 0.785156 0.722168 0.785547 0.722168 0.787109 0.724121 0.7875 0.724121 0.789062 0.726074 0.789453 0.726074 0.789844 0.726562 0.790234 0.726562 0.790625 0.727051 0.791016 0.727051 0.791406 0.727539 0.792188 0.727539 0.792578 0.728027 0.792969 0.728027 0.793359 0.728516 0.79375 0.728516 0.794141 0.729004 0.794922 0.729004 0.795312 0.729492 0.797656 0.729492 0.798047 0.72998 0.799609 0.72998 0.8 0.729492 0.801953 0.729492 0.802344 0.729004 0.803125 0.729004 0.803516 0.728516 0.803906 0.728516 0.804297 0.728027 0.804688 0.728027 0.805078 0.727539 0.805469 0.727539 0.805859 0.727051 0.806641 0.727051 0.807031 0.726562 0.807422 0.726562 0.807813 0.726074 0.808203 0.726074 0.808594 0.725586 0.808984 0.725586 0.809375 0.725098 0.809766 0.725098 0.815625 0.717773 0.816016 0.717773 0.816016 0.717285 0.816406 0.716797
1 0.748437 0.599609 0.748437 0.600098 0.748047 0.600586 0.748047 0.601074 0.747656 0.601562 0.747656 0.605469 0.748047 0.605957 0.748047 0.606445 0.748437 0.606934 0.748437 0.60791 0.749219 0.608887 0.749219 0.609375 0.749609 0.609863 0.749609 0.610352 0.750391 0.611328 0.750391 0.611816 0.752344 0.614258 0.752734 0.614258 0.753516 0.615234 0.753906 0.615234 0.754297 0.615723 0.754687 0.615723 0.755078 0.616211 0.755469 0.616211 0.755859 0.616699 0.75625 0.616699 0.756641 0.617188 0.757422 0.617188 0.757812 0.617676 0.758203 0.617676 0.758594 0.618164 0.758984 0.618164 0.759375 0.618652 0.760156 0.618652 0.760547 0.619141 0.761328 0.619141 0.761719 0.619629 0.762891 0.619629 0.763281 0.620117 0.764453 0.620117 0.764844 0.620605 0.766406 0.620605 0.766797 0.621094 0.769922 0.621094 0.770312 0.621582 0.775781 0.621582 0.776172 0.621094 0.776953 0.621094 0.777344 0.620605 0.777734 0.620605 0.778125 0.620117 0.778906 0.620117 0.778906 0.619629 0.779297 0.619141 0.779297 0.618164 0.778906 0.617676 0.778906 0.617188 0.778125 0.616211 0.778125 0.615723 0.776953 0.614258 0.776563 0.614258 0.775781 0.613281 0.775391 0.613281 0.774219 0.611816 0.774219 0.611328 0.773438 0.610352 0.773047 0.610352 0.771875 0.608887 0.771484 0.608887 0.769922 0.606934 0.769531 0.606934 0.76875 0.605957 0.768359 0.605957 0.767578 0.60498 0.767188 0.60498 0.765625 0.603027 0.765234 0.603027 0.764844 0.602539 0.764453 0.602539 0.764062 0.602051 0.763672 0.602051 0.763281 0.601562 0.7625 0.601562 0.762109 0.601074 0.761328 0.601074 0.760938 0.600586 0.760156 0.600586 0.759766 0.600098 0.759375 0.600098 0.758984 0.599609 0.758203 0.599609 0.757812 0.599121 0.757031 0.599121 0.756641 0.598633 0.75625 0.598633 0.755859 0.598145 0.753516 0.598145 0.753125 0.597656 0.751172 0.597656 0.750781 0.598145 0.75 0.598145 0.749609 0.598633 0.749219 0.598633
1 0.975 0.54248 0.974609 0.54248 0.974219 0.541992 0.970313 0.541992 0.969922 0.54248 0.969531 0.54248 0.969141 0.542969 0.96875 0.542969 0.968359 0.543457 0.967969 0.543457 0.967578 0.543945 0.967187 0.543945 0.966797 0.544434 0.966406 0.544434 0.965625 0.54541 0.965234 0.54541 0.964844 0.545898 0.964453 0.545898 0.964063 0.546387 0.963672 0.546387 0.963281 0.546875 0.962891 0.546875 0.9625 0.547363 0.962109 0.547363 0.961328 0.54834 0.960938 0.54834 0.959766 0.549805 0.959375 0.549805 0.958203 0.55127 0.957812 0.55127 0.957031 0.552246 0.956641 0.552246 0.955859 0.553223 0.955469 0.553223 0.954688 0.554199 0.954297 0.554199 0.953516 0.555176 0.953125 0.555176 0.948828 0.560547 0.948828 0.561035 0.946484 0.563965 0.946484 0.564453 0.946094 0.564941 0.946094 0.56543 0.945703 0.565918 0.945703 0.566406 0.945312 0.566895 0.945312 0.567871 0.944922 0.568359 0.944922 0.568848 0.944531 0.569336 0.944531 0.569824 0.944141 0.570312 0.944141 0.570801 0.94375 0.571289 0.94375 0.571777 0.943359 0.572266 0.943359 0.575684 0.94375 0.576172 0.94375 0.578613 0.944141 0.579102 0.944141 0.57959 0.944922 0.580566 0.945312 0.580566 0.945703 0.581055 0.948438 0.581055 0.948828 0.580566 0.949609 0.580566 0.95 0.580078 0.950391 0.580078 0.950781 0.57959 0.951172 0.57959 0.951953 0.578613 0.952344 0.578613 0.953125 0.577637 0.953516 0.577637 0.953906 0.577148 0.954297 0.577148 0.954688 0.57666 0.955078 0.57666 0.955859 0.575684 0.95625 0.575684 0.957422 0.574219 0.957812 0.574219 0.958203 0.57373 0.958594 0.57373 0.959375 0.572754 0.959766 0.572754 0.960938 0.571289 0.961328 0.571289 0.962109 0.570312 0.9625 0.570312 0.962891 0.569824 0.963281 0.569824 0.963672 0.569336 0.964063 0.569336 0.964844 0.568359 0.965234 0.568359 0.967187 0.565918 0.967578 0.565918 0.967578 0.56543 0.970703 0.561523 0.971094 0.561523 0.971875 0.560547 0.971875 0.560059 0.972656 0.559082 0.972656 0.558594 0.973437 0.557617 0.973437 0.557129 0.973828 0.556641 0.973828 0.556152 0.974609 0.555176 0.974609 0.554688 0.975 0.554199 0.975 0.553711 0.975391 0.553223 0.975391 0.55127 0.975781 0.550781 0.975781 0.544434 0.975391 0.543945 0.975391 0.543457 0.975 0.542969
1 0.934375 0.371094 0.933984 0.371582 0.933594 0.371582 0.933203 0.37207 0.932813 0.37207 0.932422 0.372559 0.932422 0.375977 0.932813 0.376465 0.932813 0.379883 0.933203 0.380371 0.933203 0.383789 0.933594 0.384277 0.933594 0.38623 0.933984 0.386719 0.933984 0.388672 0.934375 0.38916 0.934375 0.39209 0.934766 0.392578 0.934766 0.394043 0.935156 0.394531 0.935156 0.395508 0.935547 0.395996 0.935547 0.396484 0.935937 0.396973 0.935937 0.397949 0.936328 0.398438 0.936328 0.399414 0.936719 0.399902 0.936719 0.400391 0.937109 0.400879 0.937109 0.401367 0.938281 0.402832 0.938281 0.40332 0.939453 0.404785 0.939453 0.405273 0.940625 0.406738 0.940625 0.407227 0.941016 0.407715 0.941016 0.408203 0.942187 0.409668 0.942187 0.410156 0.942578 0.410156 0.942969 0.410645 0.944141 0.410645 0.945703 0.408691 0.945703 0.407715 0.946094 0.407227 0.946094 0.405762 0.946484 0.405273 0.946484 0.404297 0.946875 0.403809 0.946875 0.401855 0.947266 0.401367 0.947266 0.396973 0.946875 0.396484 0.946875 0.39209 0.946484 0.391602 0.946484 0.390137 0.946094 0.389648 0.946094 0.387695 0.945703 0.387207 0.945703 0.385254 0.945312 0.384766 0.945312 0.383301 0.944922 0.382812 0.944922 0.381348 0.944531 0.380859 0.944531 0.379883 0.944141 0.379395 0.944141 0.378906 0.94375 0.378418 0.94375 0.37793 0.943359 0.377441 0.943359 0.376953 0.942578 0.375977 0.942187 0.375977 0.940234 0.373535 0.939844 0.373535 0.939063 0.372559 0.938672 0.372559 0.938281 0.37207 0.9375 0.37207 0.937109 0.371582 0.936719 0.371582 0.936328 0.371094
1 0.849609 0.212402 0.849609 0.214844 0.849219 0.215332 0.849219 0.216309 0.849609 0.216797 0.849609 0.217773 0.850391 0.21875 0.850391 0.219238 0.850781 0.219727 0.850781 0.220215 0.852734 0.222656 0.852734 0.223145 0.853906 0.224609 0.854297 0.224609 0.855469 0.226074 0.855859 0.226074 0.856641 0.227051 0.856641 0.227539 0.859766 0.231445 0.859766 0.231934 0.861719 0.234375 0.862109 0.234375 0.8625 0.234863 0.862891 0.234863 0.863672 0.23584 0.864062 0.23584 0.864844 0.236816 0.865234 0.236816 0.865625 0.237305 0.866016 0.237305 0.866406 0.237793 0.866797 0.237793 0.867188 0.238281 0.867578 0.238281 0.867969 0.23877 0.868359 0.23877 0.86875 0.239258 0.869922 0.239258 0.870313 0.239746 0.872266 0.239746 0.872656 0.240234 0.874219 0.240234 0.874609 0.240723 0.878906 0.240723 0.879297 0.240234 0.879687 0.240234 0.880859 0.23877 0.880859 0.238281 0.88125 0.237793 0.88125 0.235352 0.880078 0.233887 0.880078 0.233398 0.879687 0.23291 0.879687 0.232422 0.878906 0.231445 0.878906 0.230957 0.878516 0.230469 0.878516 0.22998 0.878125 0.229492 0.878125 0.229004 0.877344 0.228027 0.877344 0.227539 0.876563 0.226562 0.876563 0.226074 0.876172 0.225586 0.876172 0.225098 0.875781 0.224609 0.875781 0.224121 0.875 0.223145 0.875 0.222656 0.873437 0.220703 0.873437 0.220215 0.872656 0.219238 0.872266 0.219238 0.871484 0.218262 0.871094 0.218262 0.870703 0.217773 0.870313 0.217773 0.869922 0.217285 0.869531 0.217285 0.869141 0.216797 0.86875 0.216797 0.868359 0.216309 0.867969 0.216309 0.867578 0.21582 0.867188 0.21582 0.866406 0.214844 0.866016 0.214844 0.865234 0.213867 0.864844 0.213867 0.864062 0.212891 0.863672 0.212891 0.862891 0.211914 0.8625 0.211914 0.862109 0.211426 0.861328 0.211426 0.860938 0.210938 0.860547 0.210938 0.860156 0.210449 0.859375 0.210449 0.858594 0.209473 0.858203 0.209473 0.857812 0.208984 0.85625 0.208984 0.855859 0.208496 0.853125 0.208496 0.852734 0.208984 0.852344 0.208984
1 0.813672 0.181152 0.8125 0.182617 0.8125 0.183105 0.812109 0.183594 0.812109 0.184082 0.811719 0.18457 0.811719 0.187988 0.812109 0.188477 0.812109 0.19043 0.8125 0.190918 0.8125 0.192383 0.812891 0.192871 0.812891 0.193848 0.813281 0.194336 0.813281 0.194824 0.813672 0.195312 0.813672 0.195801 0.814063 0.196289 0.814063 0.196777 0.814453 0.197266 0.814453 0.197754 0.816016 0.199707 0.816016 0.200195 0.819922 0.205078 0.819922 0.205566 0.821484 0.20752 0.821484 0.208008 0.822266 0.208984 0.822656 0.208984 0.825 0.211914 0.825 0.212402 0.825781 0.213379 0.825781 0.213867 0.826953 0.215332 0.826953 0.21582 0.827734 0.216797 0.827734 0.217285 0.829688 0.219727 0.830078 0.219727 0.830469 0.220215 0.831641 0.220215 0.832031 0.220703 0.833984 0.220703 0.835156 0.219238 0.835156 0.21875 0.835547 0.218262 0.835547 0.217285 0.835938 0.216797 0.835938 0.211426 0.835547 0.210938 0.835547 0.208984 0.835156 0.208496 0.835156 0.207031 0.834766 0.206543 0.834766 0.205078 0.834375 0.20459 0.834375 0.203613 0.833984 0.203125 0.833984 0.202637 0.833594 0.202148 0.833594 0.20166 0.833203 0.201172 0.833203 0.200195 0.832812 0.199707 0.832812 0.19873 0.832422 0.198242 0.832422 0.197266 0.831641 0.196289 0.831641 0.195801 0.83125 0.195312 0.83125 0.194824 0.830469 0.193848 0.830469 0.193359 0.829297 0.191895 0.829297 0.191406 0.828125 0.189941 0.828125 0.189453 0.826953 0.187988 0.826562 0.187988 0.826172 0.1875 0.825781 0.1875 0.825391 0.187012 0.825 0.187012 0.824219 0.186035 0.823828 0.186035 0.823047 0.185059 0.822656 0.185059 0.822266 0.18457 0.821875 0.18457 0.821484 0.184082 0.821094 0.184082 0.820312 0.183105 0.819922 0.183105 0.81875 0.181641 0.817578 0.181641 0.817187 0.181152
1 0.819922 0.306152 0.819531 0.305664 0.819141 0.305664 0.81875 0.305176 0.817187 0.305176 0.816797 0.304688 0.813672 0.304688 0.813281 0.304199 0.811719 0.304199 0.811328 0.303711 0.808984 0.303711 0.808594 0.304199 0.80625 0.304199 0.805859 0.304688 0.805078 0.304688 0.804688 0.305176 0.803906 0.305176 0.803516 0.305664 0.802344 0.305664 0.801953 0.306152 0.800781 0.306152 0.800391 0.306641 0.799609 0.306641 0.799219 0.307129 0.798047 0.307129 0.797656 0.307617 0.797266 0.307617 0.796875 0.308105 0.796484 0.308105 0.794922 0.310059 0.794531 0.310059 0.794141 0.310547 0.79375 0.310547 0.793359 0.311035 0.792578 0.311035 0.792188 0.311523 0.791406 0.311523 0.791016 0.312012 0.790625 0.312012 0.789453 0.313477 0.789062 0.313477 0.788281 0.314453 0.788281 0.314941 0.7875 0.315918 0.7875 0.316406 0.786719 0.317383 0.786719 0.317871 0.786328 0.318359 0.786328 0.318848 0.785937 0.319336 0.785937 0.319824 0.785547 0.320312 0.785547 0.321289 0.785156 0.321777 0.785156 0.324219 0.784766 0.324707 0.784766 0.326172 0.785156 0.32666 0.785156 0.327148 0.786328 0.328613 0.789453 0.328613 0.789844 0.328125 0.79375 0.328125 0.794141 0.327637 0.795703 0.327637 0.796094 0.327148 0.797266 0.327148 0.797656 0.32666 0.798828 0.32666 0.799219 0.326172 0.799609 0.326172 0.8 0.325684 0.800781 0.325684 0.801172 0.325195 0.801562 0.325195 0.801953 0.324707 0.802734 0.324707 0.803125 0.324219 0.803516 0.324219 0.803906 0.32373 0.804297 0.32373 0.804688 0.323242 0.805469 0.323242 0.805859 0.322754 0.80625 0.322754 0.806641 0.322266 0.807031 0.322266 0.807422 0.321777 0.807813 0.321777 0.808203 0.321289 0.808594 0.321289 0.808984 0.320801 0.809375 0.320801 0.809766 0.320312 0.810156 0.320312 0.810547 0.319824 0.810937 0.319824 0.814063 0.315918 0.814453 0.315918 0.817578 0.312012 0.817969 0.312012 0.819531 0.310059 0.819531 0.309082 0.819922 0.308594
0 0.810937 0.286133 0.810156 0.285156 0.809766 0.285156 0.809375 0.285645 0.806641 0.285645 0.80625 0.286133 0.805859 0.286133 0.805469 0.286621 0.805078 0.286621 0.804688 0.287109 0.804297 0.287109 0.803906 0.287598 0.803516 0.287598 0.803125 0.288086 0.802734 0.288086 0.802344 0.288574 0.801953 0.288574 0.801562 0.289062 0.800391 0.289062 0.8 0.289551 0.799219 0.289551 0.798828 0.290039 0.798047 0.290039 0.797656 0.290527 0.797266 0.290527 0.796875 0.291016 0.796484 0.291016 0.796094 0.291504 0.795703 0.291504 0.794922 0.29248 0.794531 0.29248 0.794141 0.292969 0.79375 0.292969 0.793359 0.293457 0.792969 0.293457 0.792578 0.293945 0.792188 0.293945 0.791797 0.294434 0.791016 0.294434 0.789453 0.296387 0.789062 0.296387 0.786328 0.299805 0.786328 0.300293 0.785547 0.30127 0.785547 0.301758 0.784375 0.303223 0.784375 0.303711 0.783594 0.304688 0.783594 0.305176 0.783203 0.305664 0.783203 0.306641 0.782813 0.307129 0.782813 0.311035 0.783203 0.311523 0.783203 0.3125 0.783594 0.312988 0.783594 0.313965 0.783984 0.313965 0.784766 0.314941 0.785156 0.314941 0.785547 0.31543 0.785937 0.31543 0.786328 0.315918 0.787891 0.315918 0.789453 0.313965 0.789844 0.313965 0.790625 0.312988 0.791406 0.312988 0.791797 0.3125 0.792969 0.3125 0.793359 0.312012 0.794141 0.312012 0.794922 0.311035 0.795312 0.311035 0.795703 0.310547 0.796094 0.310547 0.796484 0.310059 0.796875 0.310059 0.797266 0.30957 0.797656 0.30957 0.798047 0.309082 0.798828 0.309082 0.799219 0.308594 0.799609 0.308594 0.8 0.308105 0.800391 0.308105 0.800781 0.307617 0.801172 0.307617 0.801562 0.307129 0.801953 0.307129 0.802344 0.306641 0.803125 0.306641 0.803906 0.305664 0.804297 0.305664 0.804688 0.305176 0.805078 0.305176 0.805469 0.304688 0.805859 0.304688 0.80625 0.304199 0.806641 0.304199 0.807031 0.303711 0.807422 0.303711 0.807813 0.303223 0.808594 0.303223 0.809375 0.302246 0.809766 0.302246 0.810547 0.30127 0.810547 0.300781 0.810937 0.300293 0.810937 0.299316 0.811328 0.298828 0.811328 0.293945 0.811719 0.293457 0.811719 0.290039 0.811328 0.289551 0.811328 0.287109 0.810937 0.286621
0 0.919141 0.240723 0.919141 0.241211 0.91875 0.241699 0.91875 0.243164 0.918359 0.243652 0.918359 0.246094 0.917969 0.246582 0.917969 0.248047 0.918359 0.248535 0.918359 0.249023 0.91875 0.249512 0.91875 0.25 0.919141 0.250488 0.919141 0.251465 0.919922 0.252441 0.920312 0.252441 0.921094 0.253418 0.921484 0.253418 0.923047 0.255371 0.923438 0.255371 0.924219 0.256348 0.924609 0.256348 0.925 0.256836 0.925391 0.256836 0.926172 0.257812 0.926562 0.257812 0.926953 0.258301 0.927344 0.258301 0.928125 0.259277 0.928516 0.259277 0.928906 0.259766 0.929297 0.259766 0.930078 0.260742 0.930469 0.260742 0.930859 0.26123 0.93125 0.26123 0.931641 0.261719 0.932422 0.261719 0.932813 0.262207 0.933594 0.262207 0.933984 0.262695 0.934375 0.262695 0.934766 0.263184 0.935547 0.263184 0.935937 0.263672 0.939844 0.263672 0.940234 0.263184 0.941016 0.263184 0.942578 0.26123 0.942578 0.260742 0.942969 0.260254 0.942969 0.259766 0.942578 0.259277 0.942578 0.258789 0.941406 0.257324 0.941406 0.256836 0.940625 0.255859 0.940625 0.255371 0.940234 0.254883 0.940234 0.254395 0.939844 0.253906 0.939844 0.253418 0.937109 0.25 0.937109 0.249512 0.936328 0.248535 0.936328 0.248047 0.933594 0.244629 0.933203 0.244629 0.932422 0.243652 0.932031 0.243652 0.931641 0.243164 0.93125 0.243164 0.930859 0.242676 0.930078 0.242676 0.929688 0.242188 0.929297 0.242188 0.928906 0.241699 0.928516 0.241699 0.928125 0.241211 0.927734 0.241211 0.927344 0.240723 0.926562 0.240723 0.926172 0.240234 0.925391 0.240234 0.925 0.239746 0.924609 0.239746 0.924219 0.239258 0.920312 0.239258
0 0.377344 0.353027 0.376953 0.353516 0.376563 0.353516 0.376563 0.354004 0.376172 0.354492 0.376172 0.35498 0.375781 0.355469 0.375781 0.355957 0.375391 0.356445 0.375391 0.358398 0.375781 0.358887 0.375781 0.36084 0.376172 0.361328 0.376172 0.363281 0.376563 0.36377 0.376563 0.365723 0.376953 0.366211 0.376953 0.366699 0.377344 0.367188 0.377344 0.367676 0.378125 0.368652 0.378125 0.369141 0.378516 0.369629 0.378516 0.370605 0.378906 0.371094 0.378906 0.371582 0.379297 0.37207 0.379297 0.372559 0.379688 0.373047 0.379688 0.373535 0.380859 0.375 0.380859 0.375488 0.381641 0.376465 0.381641 0.376953 0.382031 0.377441 0.382031 0.37793 0.382422 0.378418 0.382422 0.379395 0.382812 0.379883 0.382812 0.380371 0.383203 0.380859 0.383203 0.381348 0.383594 0.381836 0.383594 0.382324 0.383984 0.382812 0.383984 0.383789 0.384766 0.384766 0.384766 0.385254 0.385156 0.385742 0.385156 0.38623 0.385937 0.387207 0.385937 0.387695 0.386328 0.388184 0.386328 0.388672 0.387109 0.389648 0.387109 0.390137 0.3875 0.390625 0.3875 0.391113 0.387891 0.391602 0.387891 0.39209 0.389453 0.394043 0.390234 0.394043 0.390625 0.394531 0.391016 0.394531 0.391406 0.39502 0.393359 0.39502 0.394141 0.394043 0.394531 0.394043 0.396484 0.391602 0.396484 0.391113 0.397266 0.390137 0.397266 0.389648 0.397656 0.38916 0.397656 0.387695 0.398047 0.387207 0.398047 0.385742 0.398438 0.385254 0.398438 0.380859 0.398047 0.380371 0.398047 0.378906 0.397656 0.378418 0.397656 0.376953 0.397266 0.376465 0.397266 0.375977 0.396875 0.375488 0.396875 0.375 0.396094 0.374023 0.396094 0.373535 0.395313 0.372559 0.395313 0.37207 0.394922 0.371582 0.394922 0.371094 0.394531 0.370605 0.394531 0.370117 0.394141 0.369629 0.394141 0.369141 0.392578 0.367188 0.392578 0.366699 0.391016 0.364746 0.391016 0.364258 0.390234 0.363281 0.390234 0.362793 0.389453 0.361816 0.389453 0.361328 0.388672 0.360352 0.388281 0.360352 0.384375 0.355469 0.383984 0.355469 0.381641 0.352539 0.378516 0.352539 0.378125 0.353027
0 0.551562 0.433594 0.550391 0.432129 0.546875 0.432129 0.546484 0.432617 0.545703 0.432617 0.545312 0.433105 0.544141 0.433105 0.54375 0.433594 0.542188 0.433594 0.541797 0.434082 0.540625 0.434082 0.540234 0.43457 0.539453 0.43457 0.539062 0.435059 0.538672 0.435059 0.538281 0.435547 0.5375 0.435547 0.537109 0.436035 0.536328 0.436035 0.535937 0.436523 0.534766 0.436523 0.534375 0.437012 0.533203 0.437012 0.532813 0.4375 0.532422 0.4375 0.532031 0.437988 0.531641 0.437988 0.53125 0.438477 0.530859 0.438477 0.530469 0.438965 0.530078 0.438965 0.529687 0.439453 0.529297 0.439453 0.526172 0.443359 0.525781 0.443359 0.525781 0.443848 0.524609 0.445312 0.524609 0.445801 0.524219 0.446289 0.524219 0.447266 0.523828 0.447754 0.523828 0.450684 0.523438 0.451172 0.523438 0.45459 0.523047 0.455078 0.523047 0.460449 0.523438 0.460938 0.523438 0.461426 0.524219 0.462402 0.525391 0.462402 0.525781 0.461914 0.526172 0.461914 0.527734 0.459961 0.528125 0.459961 0.530078 0.45752 0.530469 0.45752 0.531641 0.456055 0.532031 0.456055 0.532813 0.455078 0.533203 0.455078 0.533594 0.45459 0.533984 0.45459 0.534375 0.454102 0.534766 0.454102 0.535156 0.453613 0.535547 0.453613 0.535937 0.453125 0.536719 0.453125 0.537109 0.452637 0.537891 0.452637 0.538281 0.452148 0.538672 0.452148 0.539062 0.45166 0.539453 0.45166 0.540234 0.450684 0.540625 0.450684 0.541016 0.450195 0.541406 0.450195 0.542578 0.44873 0.542969 0.44873 0.54375 0.447754 0.544141 0.447754 0.545703 0.445801 0.545703 0.445312 0.547266 0.443359 0.547266 0.442871 0.549609 0.439941 0.549609 0.439453 0.550391 0.438477 0.550391 0.437988 0.551562 0.436523 0.551562 0.436035 0.551953 0.435547 0.551953 0.43457 0.551562 0.434082
0 0.54375 0.106934 0.541406 0.109863 0.541406 0.110352 0.541016 0.11084 0.541016 0.116699 0.541406 0.117188 0.541406 0.120117 0.541797 0.120605 0.541797 0.12207 0.542188 0.122559 0.542188 0.124023 0.542578 0.124512 0.542578 0.125488 0.542969 0.125977 0.542969 0.126953 0.543359 0.127441 0.543359 0.128418 0.544141 0.129395 0.544141 0.129883 0.546094 0.132324 0.546094 0.132812 0.548047 0.135254 0.548438 0.135254 0.550391 0.137695 0.550391 0.138184 0.551562 0.139648 0.551562 0.140137 0.551953 0.140625 0.551953 0.141113 0.552734 0.14209 0.552734 0.142578 0.553516 0.143555 0.553516 0.144043 0.554297 0.14502 0.554297 0.145508 0.554688 0.145996 0.554688 0.146484 0.55625 0.148438 0.556641 0.148438 0.557031 0.148926 0.557422 0.148926 0.558594 0.150391 0.558984 0.150391 0.559375 0.150879 0.561328 0.150879 0.561719 0.150391 0.562109 0.150391 0.562109 0.149902 0.5625 0.149414 0.5625 0.148926 0.562891 0.148438 0.562891 0.147949 0.563281 0.147461 0.563281 0.146484 0.563672 0.145996 0.563672 0.144043 0.563281 0.143555 0.563281 0.143066 0.563672 0.142578 0.563672 0.137695 0.563281 0.137207 0.563281 0.135254 0.562891 0.134766 0.562891 0.133789 0.5625 0.133301 0.5625 0.132324 0.562109 0.131836 0.562109 0.130371 0.561719 0.129883 0.561719 0.128906 0.561328 0.128418 0.561328 0.126953 0.560937 0.126465 0.560937 0.125977 0.560156 0.125 0.560156 0.124512 0.558203 0.12207 0.558203 0.121582 0.551953 0.11377 0.551562 0.11377 0.550781 0.112793 0.550781 0.112305 0.55 0.111328 0.55 0.11084 0.548438 0.108887 0.548047 0.108887 0.546875 0.107422 0.546484 0.107422 0.546094 0.106934
0 0.369922 0.125977 0.369922 0.126465 0.369531 0.126953 0.369531 0.128418 0.369922 0.128906 0.369922 0.131348 0.370312 0.131836 0.370312 0.132812 0.370703 0.133301 0.370703 0.134277 0.371094 0.134766 0.371094 0.135742 0.371484 0.13623 0.371484 0.136719 0.371875 0.137207 0.371875 0.138184 0.372266 0.138672 0.372266 0.139648 0.372656 0.140137 0.372656 0.140625 0.373047 0.141113 0.373047 0.141602 0.373437 0.14209 0.373437 0.142578 0.374219 0.143555 0.374219 0.144043 0.375391 0.145508 0.375391 0.145996 0.376172 0.146973 0.376172 0.147461 0.376563 0.147461 0.377344 0.148438 0.377734 0.148438 0.378125 0.148926 0.378516 0.148926 0.379688 0.150391 0.380078 0.150391 0.380859 0.151367 0.38125 0.151367 0.381641 0.151855 0.382031 0.151855 0.382422 0.152344 0.382812 0.152344 0.383203 0.152832 0.383594 0.152832 0.384375 0.153809 0.384766 0.153809 0.385156 0.154297 0.385547 0.154297 0.385937 0.154785 0.386328 0.154785 0.387109 0.155762 0.3875 0.155762 0.387891 0.15625 0.391016 0.15625 0.391406 0.155762 0.392578 0.155762 0.392969 0.155273 0.392969 0.154785 0.393359 0.154297 0.393359 0.15332 0.39375 0.152832 0.39375 0.148438 0.393359 0.147949 0.393359 0.146484 0.392969 0.145996 0.392969 0.145508 0.392578 0.14502 0.392578 0.144043 0.392188 0.143555 0.392188 0.143066 0.391797 0.142578 0.391797 0.14209 0.391016 0.141113 0.391016 0.140625 0.390625 0.140137 0.390625 0.139648 0.390234 0.13916 0.390234 0.138672 0.389844 0.138184 0.389844 0.137695 0.389062 0.136719 0.389062 0.13623 0.388281 0.135254 0.388281 0.134766 0.3875 0.133789 0.387109 0.133789 0.385547 0.131836 0.385156 0.131836 0.383984 0.130371 0.383594 0.130371 0.382812 0.129395 0.382422 0.129395 0.38125 0.12793 0.380859 0.12793 0.380469 0.127441 0.380078 0.127441 0.379688 0.126953 0.378906 0.126953 0.378516 0.126465 0.377344 0.126465 0.376953 0.125977 0.375781 0.125977 0.375391 0.125488 0.374609 0.125488 0.374219 0.125 0.371484 0.125 0.371094 0.125488 0.370703 0.125488 0.370312 0.125977
0 0.308984 0.168457 0.308594 0.168457 0.308203 0.167969 0.305859 0.167969 0.305078 0.168945 0.304688 0.168945 0.303516 0.17041 0.303125 0.17041 0.302734 0.170898 0.302344 0.170898 0.301953 0.171387 0.301563 0.171387 0.301172 0.171875 0.300781 0.171875 0.300391 0.172363 0.299609 0.172363 0.299219 0.172852 0.298828 0.172852 0.297266 0.174805 0.297266 0.175293 0.292578 0.181152 0.292578 0.181641 0.291406 0.183105 0.291406 0.183594 0.290625 0.18457 0.290625 0.185059 0.290234 0.185547 0.290234 0.186035 0.289844 0.186523 0.289844 0.187012 0.289453 0.1875 0.289453 0.187988 0.289062 0.188477 0.289062 0.188965 0.288672 0.189453 0.288672 0.19043 0.288281 0.190918 0.288281 0.192383 0.287891 0.192871 0.287891 0.193359 0.2875 0.193848 0.2875 0.194336 0.286719 0.195312 0.286719 0.195801 0.286328 0.196289 0.286328 0.196777 0.285938 0.197266 0.285938 0.197754 0.285547 0.198242 0.285547 0.199219 0.285156 0.199707 0.285156 0.200684 0.284766 0.201172 0.284766 0.203125 0.284375 0.203613 0.284375 0.205566 0.284766 0.206055 0.285156 0.206055 0.285547 0.206543 0.285938 0.206543 0.286328 0.207031 0.287109 0.207031 0.2875 0.206543 0.288281 0.206543 0.288672 0.206055 0.289453 0.206055 0.289844 0.205566 0.290234 0.205566 0.290625 0.205078 0.291016 0.205078 0.291406 0.20459 0.291797 0.20459 0.292187 0.204102 0.292578 0.204102 0.292969 0.203613 0.293359 0.203613 0.29375 0.203125 0.294531 0.203125 0.295312 0.202148 0.295703 0.202148 0.297656 0.199707 0.297656 0.199219 0.300391 0.195801 0.300391 0.195312 0.302734 0.192383 0.302734 0.191895 0.303906 0.19043 0.303906 0.189941 0.304297 0.189453 0.304297 0.188965 0.304688 0.188477 0.304688 0.187988 0.305078 0.1875 0.305078 0.187012 0.305859 0.186035 0.305859 0.185547 0.30625 0.185059 0.30625 0.18457 0.306641 0.184082 0.306641 0.183594 0.307031 0.183105 0.307031 0.182617 0.307422 0.182129 0.307422 0.181641 0.307812 0.181152 0.307812 0.180176 0.308203 0.179688 0.308203 0.179199 0.308594 0.178711 0.308594 0.177734 0.308984 0.177246 0.308984 0.175293 0.309375 0.174805 0.309375 0.168945
0 0.537109 0.00976562 0.536328 0.00878906 0.535937 0.00878906 0.535156 0.0078125 0.534766 0.0078125 0.533984 0.00683594 0.533594 0.00683594 0.533203 0.00634766 0.532422 0.00634766 0.532031 0.00585938 0.530469 0.00585938 0.530078 0.00537109 0.528516 0.00537109 0.528125 0.00585938 0.526172 0.00585938 0.525781 0.00634766 0.525 0.00634766 0.524609 0.00683594 0.523828 0.00683594 0.523438 0.00732422 0.523047 0.00732422 0.522656 0.0078125 0.522266 0.0078125 0.521875 0.00830078 0.521094 0.00830078 0.520703 0.00878906 0.520312 0.00878906 0.519922 0.00927734 0.519531 0.00927734 0.518359 0.0107422 0.517969 0.0107422 0.515625 0.0136719 0.515625 0.0141602 0.513281 0.0170898 0.513281 0.0175781 0.512891 0.0180664 0.512891 0.0195312 0.5125 0.0200195 0.5125 0.0209961 0.512109 0.0214844 0.512109 0.0268555 0.5125 0.0273438 0.5125 0.0288086 0.512891 0.0292969 0.512891 0.0297852 0.514453 0.0317383 0.514844 0.0317383 0.515234 0.0322266 0.516016 0.0322266 0.516406 0.0327148 0.518359 0.0327148 0.51875 0.0322266 0.519531 0.0322266 0.519922 0.0317383 0.521094 0.0317383 0.521484 0.03125 0.521875 0.03125 0.522266 0.0307617 0.522656 0.0307617 0.523047 0.0302734 0.523438 0.0302734 0.523828 0.0297852 0.524219 0.0297852 0.524609 0.0292969 0.525 0.0292969 0.525391 0.0288086 0.525781 0.0288086 0.526563 0.027832 0.526953 0.027832 0.527344 0.0273438 0.527734 0.0273438 0.528516 0.0263672 0.528906 0.0263672 0.535156 0.0185547 0.535156 0.0180664 0.535937 0.0170898 0.535937 0.0166016 0.536328 0.0161133 0.536328 0.015625 0.536719 0.0151367 0.536719 0.0141602 0.537109 0.0136719
0 0.143359 0.0981445 0.141797 0.0981445 0.141406 0.0986328 0.141016 0.0986328 0.140625 0.0991211 0.140234 0.0991211 0.139844 0.0996094 0.139453 0.0996094 0.139063 0.100098 0.138672 0.100098 0.138281 0.100586 0.137891 0.100586 0.1375 0.101074 0.137109 0.101074 0.136719 0.101562 0.136328 0.101562 0.135937 0.102051 0.135547 0.102051 0.135156 0.102539 0.134766 0.102539 0.134375 0.103027 0.133984 0.103027 0.13125 0.106445 0.130859 0.106445 0.129688 0.10791 0.129297 0.10791 0.128516 0.108887 0.128125 0.108887 0.127734 0.109375 0.127344 0.109375 0.126562 0.110352 0.126172 0.110352 0.125781 0.11084 0.125781 0.111328 0.125391 0.111816 0.125391 0.112305 0.125 0.112793 0.125 0.113281 0.124609 0.11377 0.124609 0.114258 0.123438 0.115723 0.123438 0.116211 0.121875 0.118164 0.121875 0.118652 0.121484 0.119141 0.121484 0.121094 0.121094 0.121582 0.121094 0.123535 0.121484 0.124023 0.121484 0.125 0.121875 0.125488 0.121875 0.126465 0.122266 0.126953 0.122266 0.12793 0.123164 0.129102 0.124102 0.130713 0.125156 0.131396 0.125547 0.131641 0.126055 0.132031 0.126562 0.132812 0.127578 0.133154 0.128359 0.133057 0.128867 0.131982 0.129531 0.131494 0.130039 0.130615 0.130859 0.129395 0.13125 0.129395 0.131641 0.128906 0.132031 0.128906 0.132422 0.128418 0.132812 0.128418 0.135156 0.125488 0.135547 0.125488 0.135937 0.125 0.135937 0.124512 0.136719 0.123535 0.136719 0.123047 0.137891 0.121582 0.138281 0.121582 0.139453 0.120117 0.139453 0.119629 0.140625 0.118164 0.140625 0.117676 0.143359 0.114258 0.143359 0.11377 0.14375 0.113281 0.14375 0.112793 0.144141 0.112305 0.144141 0.111328 0.144531 0.11084 0.144531 0.110352 0.144922 0.109863 0.144922 0.108887 0.145313 0.108398 0.145313 0.10791 0.145703 0.107422 0.145703 0.105957 0.146094 0.105469 0.146094 0.102539 0.145703 0.102051 0.145703 0.101562 0.145313 0.101074 0.145313 0.100586 0.144922 0.100098 0.144922 0.0996094 0.144531 0.0991211 0.144141 0.0991211
0 0.159375 0.466309 0.158984 0.46582 0.158594 0.46582 0.158203 0.465332 0.157812 0.465332 0.157422 0.464844 0.156641 0.464844 0.15625 0.464355 0.155469 0.464355 0.155078 0.463867 0.153125 0.463867 0.152734 0.463379 0.149219 0.463379 0.148828 0.463867 0.146875 0.463867 0.146484 0.464355 0.144922 0.464355 0.144531 0.464844 0.142969 0.464844 0.142578 0.465332 0.141797 0.465332 0.141406 0.46582 0.140625 0.46582 0.140234 0.466309 0.139844 0.466309 0.139453 0.466797 0.139063 0.466797 0.138672 0.467285 0.138281 0.467285 0.1375 0.468262 0.136719 0.468262 0.136328 0.46875 0.135547 0.46875 0.135156 0.469238 0.134766 0.469238 0.134375 0.469727 0.133984 0.469727 0.133594 0.470215 0.133203 0.470215 0.132422 0.471191 0.132422 0.47168 0.130859 0.473633 0.130859 0.474121 0.130078 0.475098 0.130078 0.476074 0.129688 0.476562 0.129688 0.477051 0.129297 0.477539 0.129297 0.478516 0.129688 0.479004 0.129688 0.479492 0.130078 0.47998 0.130078 0.480469 0.130469 0.480957 0.130859 0.480957 0.131641 0.481934 0.132031 0.481934 0.132422 0.482422 0.133203 0.482422 0.133594 0.48291 0.145703 0.48291 0.146094 0.482422 0.147266 0.482422 0.147656 0.481934 0.148047 0.481934 0.148438 0.481445 0.148828 0.481445 0.149219 0.480957 0.149609 0.480957 0.15 0.480469 0.150781 0.480469 0.151172 0.47998 0.151562 0.47998 0.152344 0.479004 0.152734 0.479004 0.153516 0.478027 0.153906 0.478027 0.157031 0.474121 0.157031 0.473633 0.158594 0.47168 0.158594 0.471191 0.158984 0.470703 0.158984 0.469727 0.159375 0.469238
0 0.0210938 0.453125 0.0210938 0.454102 0.0207031 0.45459 0.0207031 0.456055 0.0210938 0.456543 0.0210938 0.45752 0.0214844 0.458008 0.0214844 0.458984 0.021875 0.459473 0.021875 0.459961 0.0230469 0.461426 0.0230469 0.461914 0.0238281 0.462891 0.0238281 0.463379 0.0253906 0.465332 0.0257812 0.465332 0.0265625 0.466309 0.0269531 0.466309 0.0273438 0.466797 0.0277344 0.466797 0.028125 0.467285 0.0285156 0.467285 0.0289063 0.467773 0.0296875 0.467773 0.0300781 0.468262 0.0308594 0.468262 0.03125 0.46875 0.0316406 0.46875 0.0320312 0.469238 0.0324219 0.469238 0.0328125 0.469727 0.0332031 0.469727 0.0335937 0.470215 0.0339844 0.470215 0.034375 0.470703 0.0347656 0.470703 0.0351562 0.471191 0.0359375 0.471191 0.0363281 0.47168 0.0371094 0.47168 0.0375 0.472168 0.0386719 0.472168 0.0390625 0.472656 0.0402344 0.472656 0.040625 0.473145 0.0417969 0.473145 0.0421875 0.472656 0.0429688 0.472656 0.0433594 0.472168 0.0441406 0.472168 0.0445313 0.47168 0.0449219 0.47168 0.0457031 0.470703 0.0457031 0.469727 0.0460938 0.469238 0.0460938 0.464844 0.0457031 0.464355 0.0457031 0.462891 0.0453125 0.462402 0.0453125 0.461426 0.0449219 0.460938 0.0449219 0.459961 0.0445313 0.459473 0.0445313 0.458984 0.0429688 0.457031 0.0429688 0.456543 0.0414062 0.45459 0.040625 0.45459 0.0402344 0.454102 0.0394531 0.454102 0.0390625 0.453613 0.0378906 0.453613 0.0375 0.453125 0.0359375 0.453125 0.0355469 0.452637 0.0339844 0.452637 0.0335937 0.452148 0.0316406 0.452148 0.03125 0.45166 0.0292969 0.45166 0.0289063 0.451172 0.0230469 0.451172 0.0226562 0.45166 0.021875 0.45166 0.021875 0.452148
0 0.101953 0.452637 0.101562 0.453125 0.100781 0.453125 0.1 0.454102 0.1 0.458008 0.100391 0.458496 0.100391 0.459473 0.100781 0.459961 0.100781 0.460938 0.101172 0.461426 0.101172 0.462402 0.101562 0.462891 0.101562 0.464355 0.101953 0.464844 0.101953 0.466797 0.102344 0.467285 0.102344 0.470215 0.102734 0.470703 0.102734 0.472656 0.103125 0.473145 0.103125 0.474609 0.103516 0.475098 0.103516 0.478027 0.103906 0.478516 0.103906 0.47998 0.104297 0.480469 0.104297 0.481445 0.104688 0.481934 0.104688 0.483398 0.105078 0.483887 0.105078 0.485352 0.105469 0.48584 0.105469 0.486816 0.105859 0.487305 0.105859 0.488281 0.10625 0.48877 0.10625 0.489258 0.106641 0.489746 0.106641 0.490234 0.107813 0.491699 0.108203 0.491699 0.108984 0.492676 0.108984 0.493164 0.110547 0.495117 0.112109 0.495117 0.112891 0.494141 0.112891 0.493652 0.113281 0.493164 0.113281 0.492188 0.113672 0.491699 0.113672 0.490723 0.114062 0.490234 0.114062 0.489746 0.114844 0.48877 0.114844 0.488281 0.115234 0.487793 0.115234 0.486816 0.115625 0.486328 0.115625 0.483398 0.116016 0.48291 0.116016 0.480469 0.116406 0.47998 0.116406 0.46875 0.116016 0.468262 0.116016 0.466797 0.115625 0.466309 0.115625 0.465332 0.115234 0.464844 0.115234 0.464355 0.114844 0.463867 0.114844 0.463379 0.114453 0.462891 0.114453 0.462402 0.112891 0.460449 0.112891 0.459961 0.112109 0.458984 0.112109 0.458496 0.110937 0.457031 0.110547 0.457031 0.108203 0.454102 0.107422 0.454102 0.107031 0.453613 0.105859 0.453613 0.105469 0.453125 0.104688 0.453125 0.104297 0.452637
0 0.15 0.678711 0.149219 0.678711 0.148828 0.678223 0.146875 0.678223 0.146484 0.678711 0.144922 0.678711 0.144531 0.679199 0.143359 0.679199 0.142969 0.679688 0.142187 0.679688 0.141797 0.680176 0.140625 0.680176 0.140234 0.680664 0.139063 0.680664 0.138672 0.681152 0.1375 0.681152 0.137109 0.681641 0.136328 0.681641 0.135937 0.682129 0.135156 0.682129 0.134766 0.682617 0.134375 0.682617 0.133984 0.683105 0.133594 0.683105 0.132812 0.684082 0.132422 0.684082 0.132031 0.68457 0.131641 0.68457 0.130859 0.685547 0.130469 0.685547 0.130078 0.686035 0.129688 0.686035 0.129297 0.686523 0.128516 0.686523 0.128125 0.687012 0.127344 0.687012 0.126953 0.6875 0.126562 0.6875 0.126172 0.687988 0.125781 0.687988 0.124609 0.689453 0.124219 0.689453 0.124219 0.689941 0.123438 0.690918 0.123438 0.691406 0.122656 0.692383 0.122656 0.692871 0.122266 0.693359 0.122266 0.693848 0.121875 0.694336 0.121875 0.694824 0.121484 0.695312 0.121484 0.696289 0.121094 0.696777 0.121094 0.701172 0.121484 0.70166 0.121484 0.70459 0.121875 0.705078 0.121875 0.705566 0.122266 0.706055 0.122266 0.706543 0.122656 0.706543 0.123047 0.707031 0.125781 0.707031 0.126172 0.706543 0.127344 0.706543 0.127734 0.706055 0.128125 0.706055 0.128516 0.705566 0.128906 0.705566 0.129688 0.70459 0.130078 0.70459 0.130469 0.704102 0.130859 0.704102 0.13125 0.703613 0.131641 0.703613 0.132031 0.703125 0.132422 0.703125 0.132812 0.702637 0.133594 0.702637 0.133984 0.702148 0.134766 0.702148 0.135156 0.70166 0.135547 0.70166 0.135937 0.701172 0.136328 0.701172 0.136719 0.700684 0.137109 0.700684 0.137891 0.699707 0.138281 0.699707 0.144531 0.691895 0.144531 0.691406 0.146875 0.688477 0.146875 0.687988 0.148047 0.686523 0.148047 0.686035 0.148828 0.685059 0.148828 0.68457 0.149219 0.684082 0.149219 0.683594 0.15 0.682617 0.15 0.681641 0.150391 0.681152 0.150391 0.680664 0.15 0.680176
0 0.200391 0.915039 0.200391 0.915527 0.2 0.916016 0.2 0.919922 0.200391 0.92041 0.200391 0.921387 0.200781 0.921875 0.200781 0.922363 0.201172 0.922852 0.201172 0.92334 0.201563 0.923828 0.201563 0.924316 0.202344 0.925293 0.202344 0.925781 0.202734 0.92627 0.202734 0.926758 0.203125 0.927246 0.203125 0.928223 0.203516 0.928711 0.203516 0.929199 0.203906 0.929688 0.203906 0.930176 0.204297 0.930664 0.204297 0.931152 0.204687 0.931641 0.204687 0.932129 0.208203 0.936523 0.208594 0.936523 0.210156 0.938477 0.210547 0.938477 0.212109 0.94043 0.2125 0.94043 0.212891 0.940918 0.213281 0.940918 0.213672 0.941406 0.214062 0.941406 0.214453 0.941895 0.214844 0.941895 0.215234 0.942383 0.215625 0.942383 0.216016 0.942871 0.216406 0.942871 0.216797 0.943359 0.219141 0.943359 0.219531 0.943848 0.221094 0.943848 0.221484 0.943359 0.222266 0.943359 0.222656 0.942871 0.223438 0.942871 0.223828 0.942383 0.224219 0.942383 0.225 0.941406 0.225 0.940918 0.225391 0.94043 0.225391 0.936523 0.225 0.936035 0.225 0.935059 0.224609 0.93457 0.224609 0.934082 0.224219 0.933594 0.224219 0.933105 0.223828 0.932617 0.223828 0.932129 0.223047 0.931152 0.223047 0.930664 0.221484 0.928711 0.221484 0.928223 0.219922 0.92627 0.219922 0.925781 0.21875 0.924316 0.21875 0.923828 0.216016 0.92041 0.215625 0.92041 0.213672 0.917969 0.213281 0.917969 0.212891 0.91748 0.2125 0.91748 0.211719 0.916504 0.211328 0.916504 0.210547 0.915527 0.210156 0.915527 0.209766 0.915039 0.209375 0.915039 0.208984 0.914551 0.208203 0.914551 0.207813 0.914062 0.206641 0.914062 0.20625 0.913574 0.203125 0.913574 0.202734 0.914062 0.201563 0.914062 0.201172 0.914551 0.200781 0.914551
0 0.0945312 0.841797 0.0941406 0.842285 0.0941406 0.842773 0.09375 0.843262 0.09375 0.84375 0.0933594 0.844238 0.0933594 0.845215 0.0929688 0.845703 0.0929688 0.854004 0.0933594 0.854492 0.0933594 0.857422 0.09375 0.85791 0.09375 0.859375 0.0941406 0.859863 0.0941406 0.861328 0.0945312 0.861816 0.0945312 0.862793 0.0949219 0.863281 0.0949219 0.864258 0.0953125 0.864746 0.0953125 0.865723 0.0960938 0.866699 0.0960938 0.867188 0.0980469 0.869629 0.0980469 0.870117 0.101172 0.874023 0.101562 0.874023 0.102344 0.875 0.102734 0.875 0.103125 0.875488 0.103906 0.875488 0.104297 0.875977 0.105469 0.875977 0.105859 0.876465 0.108203 0.876465 0.108594 0.875977 0.108984 0.875977 0.109375 0.875488 0.109766 0.875488 0.110547 0.874512 0.110937 0.874512 0.111328 0.874023 0.111328 0.873535 0.111719 0.873047 0.111719 0.87207 0.112109 0.871582 0.112109 0.866699 0.111719 0.866211 0.111719 0.864258 0.111328 0.86377 0.111328 0.862305 0.110937 0.861816 0.110937 0.86084 0.110547 0.860352 0.110547 0.859863 0.110156 0.859375 0.110156 0.858887 0.109766 0.858398 0.109766 0.857422 0.109375 0.856934 0.109375 0.855957 0.108984 0.855469 0.108984 0.85498 0.108594 0.854492 0.108594 0.853516 0.108203 0.853027 0.108203 0.852051 0.107422 0.851074 0.107422 0.850586 0.107031 0.850098 0.107031 0.849609 0.105859 0.848145 0.105859 0.847656 0.104688 0.846191 0.104688 0.845703 0.104297 0.845703 0.103516 0.844727 0.103125 0.844727 0.102734 0.844238 0.102344 0.844238 0.101953 0.84375 0.101562 0.84375 0.101172 0.843262 0.100781 0.843262 0.1 0.842285 0.0996094 0.842285 0.0992187 0.841797 0.0972656 0.841797 0.096875 0.841309 0.0957031 0.841309 0.0953125 0.841797
0 0.412109 0.735352 0.412109 0.736816 0.4125 0.737305 0.4125 0.737793 0.412891 0.738281 0.412891 0.73877 0.413281 0.739258 0.413281 0.739746 0.413672 0.740234 0.413672 0.740723 0.415234 0.742676 0.415234 0.743164 0.415625 0.743164 0.416406 0.744141 0.417187 0.744141 0.417578 0.744629 0.417969 0.744629 0.418359 0.745117 0.419141 0.745117 0.419531 0.745605 0.424609 0.745605 0.425 0.745117 0.426172 0.745117 0.426563 0.744629 0.427344 0.744629 0.427734 0.744141 0.428125 0.744141 0.429297 0.742676 0.429688 0.742676 0.430469 0.741699 0.430859 0.741699 0.43125 0.741211 0.431641 0.741211 0.432422 0.740234 0.432422 0.739746 0.432812 0.739258 0.432812 0.736328 0.432422 0.73584 0.432422 0.735352 0.432031 0.735352 0.43125 0.734375 0.430859 0.734375 0.430469 0.733887 0.430078 0.733887 0.429688 0.733398 0.429297 0.733398 0.428516 0.732422 0.428125 0.732422 0.427734 0.731934 0.426953 0.731934 0.426563 0.731445 0.425781 0.731445 0.425391 0.730957 0.424219 0.730957 0.423828 0.730469 0.421875 0.730469 0.421484 0.72998 0.415625 0.72998 0.415234 0.730469 0.414844 0.730469 0.413281 0.732422 0.413281 0.73291 0.412891 0.733398 0.412891 0.733887 0.4125 0.734375 0.4125 0.734863
0 0.408984 0.859375 0.407031 0.859375 0.406641 0.859863 0.405859 0.859863 0.405469 0.860352 0.405078 0.860352 0.404687 0.86084 0.404297 0.86084 0.403906 0.861328 0.403906 0.861816 0.403516 0.862305 0.403516 0.862793 0.403125 0.863281 0.403125 0.86377 0.402344 0.864746 0.402344 0.865234 0.401953 0.865723 0.401953 0.866211 0.401562 0.866699 0.401562 0.867188 0.400391 0.868652 0.400391 0.869141 0.4 0.869629 0.4 0.870117 0.399609 0.870605 0.399609 0.871582 0.399219 0.87207 0.399219 0.873047 0.398828 0.873535 0.398828 0.875 0.398438 0.875488 0.398438 0.876953 0.398047 0.877441 0.398047 0.881836 0.397656 0.882324 0.397656 0.885742 0.398047 0.88623 0.398047 0.888184 0.398438 0.888672 0.398438 0.889648 0.398828 0.890137 0.398828 0.891113 0.399219 0.891602 0.399219 0.89209 0.4 0.893066 0.400391 0.893066 0.400781 0.893555 0.404687 0.893555 0.405078 0.893066 0.405469 0.893066 0.407422 0.890625 0.407813 0.890625 0.408203 0.890137 0.408594 0.890137 0.410547 0.887695 0.410547 0.887207 0.411719 0.885742 0.411719 0.885254 0.412109 0.884766 0.412109 0.884277 0.4125 0.883789 0.4125 0.882812 0.412891 0.882324 0.412891 0.880859 0.413281 0.880371 0.413281 0.87793 0.413672 0.877441 0.413672 0.875488 0.413281 0.875 0.413281 0.866699 0.412891 0.866211 0.412891 0.864746 0.4125 0.864258 0.4125 0.86377 0.412109 0.863281 0.412109 0.862793 0.411719 0.862305 0.411719 0.861816 0.410547 0.860352 0.410156 0.860352 0.409766 0.859863 0.409375 0.859863
0 0.565234 0.817383 0.563672 0.817383 0.563281 0.817871 0.562891 0.817871 0.562109 0.818848 0.561719 0.818848 0.560937 0.819824 0.560547 0.819824 0.560156 0.820312 0.559766 0.820312 0.559375 0.820801 0.558984 0.820801 0.557813 0.822266 0.557422 0.822266 0.554688 0.825684 0.554688 0.826172 0.554297 0.82666 0.554297 0.827148 0.552344 0.82959 0.552344 0.830078 0.551562 0.831055 0.551562 0.831543 0.550391 0.833008 0.550391 0.833496 0.549219 0.834961 0.549219 0.835449 0.548438 0.836426 0.548438 0.836914 0.548047 0.837402 0.548047 0.837891 0.547656 0.838379 0.547656 0.839844 0.547266 0.840332 0.547266 0.841309 0.546875 0.841797 0.546875 0.842773 0.546484 0.843262 0.546484 0.84375 0.546094 0.844238 0.546094 0.844727 0.545703 0.845215 0.545703 0.845703 0.545312 0.846191 0.545312 0.847168 0.544922 0.847656 0.544922 0.848633 0.544141 0.849609 0.544141 0.850098 0.54375 0.850586 0.54375 0.851074 0.543359 0.851562 0.543359 0.852539 0.542969 0.853027 0.542969 0.85498 0.543359 0.855469 0.543359 0.856934 0.544531 0.858398 0.544922 0.858398 0.545312 0.858887 0.548438 0.858887 0.548828 0.858398 0.55 0.858398 0.550391 0.85791 0.550781 0.85791 0.551562 0.856934 0.551953 0.856934 0.552344 0.856445 0.552734 0.856445 0.55625 0.852051 0.556641 0.852051 0.559375 0.848633 0.559375 0.848145 0.560156 0.847168 0.560156 0.84668 0.560937 0.845703 0.560937 0.845215 0.561328 0.844727 0.561328 0.844238 0.562109 0.843262 0.562109 0.842773 0.562891 0.841797 0.562891 0.841309 0.563281 0.84082 0.563281 0.839844 0.563672 0.839355 0.563672 0.838867 0.564063 0.838379 0.564063 0.837891 0.564453 0.837402 0.564453 0.836914 0.564844 0.836426 0.564844 0.835938 0.565234 0.835449 0.565234 0.834961 0.565625 0.834473 0.565625 0.833496 0.566016 0.833008 0.566016 0.831543 0.566406 0.831055 0.566406 0.829102 0.566797 0.828613 0.566797 0.825195 0.567187 0.824707 0.567187 0.821777 0.566797 0.821289 0.566797 0.819824 0.566406 0.819336 0.566406 0.818848
1 0.660547 0.0737305 0.660156 0.0732422 0.660156 0.0727539 0.659766 0.0722656 0.659375 0.0722656 0.658984 0.0717773 0.658203 0.0717773 0.657813 0.0712891 0.648438 0.0712891 0.648047 0.0717773 0.645312 0.0717773 0.644922 0.0722656 0.643359 0.0722656 0.642969 0.0727539 0.642188 0.0727539 0.641797 0.0732422 0.641406 0.0732422 0.641016 0.0737305 0.640234 0.0737305 0.639844 0.0742188 0.639453 0.0742188 0.638672 0.0751953 0.638281 0.0751953 0.6375 0.0761719 0.637109 0.0761719 0.635938 0.0776367 0.635547 0.0776367 0.635156 0.078125 0.634766 0.078125 0.632812 0.0805664 0.632812 0.0810547 0.632422 0.081543 0.632422 0.0820312 0.631641 0.0830078 0.631641 0.0834961 0.630078 0.0854492 0.630078 0.0859375 0.629297 0.0869141 0.629297 0.0898438 0.629687 0.090332 0.629687 0.0913086 0.630859 0.0927734 0.63125 0.0927734 0.631641 0.0932617 0.632422 0.0932617 0.632812 0.09375 0.633984 0.09375 0.634375 0.0942383 0.635938 0.0942383 0.636328 0.09375 0.639453 0.09375 0.639844 0.0932617 0.641406 0.0932617 0.641797 0.0927734 0.643359 0.0927734 0.64375 0.0922852 0.645312 0.0922852 0.645703 0.0917969 0.646484 0.0917969 0.646875 0.0913086 0.647656 0.0913086 0.648047 0.0908203 0.648438 0.0908203 0.648828 0.090332 0.649609 0.090332 0.65 0.0898438 0.650391 0.0898438 0.650781 0.0893555 0.651172 0.0893555 0.651563 0.0888672 0.652344 0.0888672 0.652734 0.0883789 0.653125 0.0883789 0.653516 0.0878906 0.653906 0.0878906 0.654297 0.0874023 0.654687 0.0874023 0.655859 0.0859375 0.65625 0.0859375 0.657422 0.0844727 0.657422 0.0839844 0.658984 0.0820312 0.658984 0.081543 0.659766 0.0805664 0.659766 0.0800781 0.660156 0.0795898 0.660156 0.0786133 0.660547 0.078125 0.660547 0.0771484 0.660937 0.0766602 0.660937 0.0751953 0.660547 0.074707
0 0.882422 0.837402 0.882031 0.836914 0.881641 0.836914 0.88125 0.836426 0.878125 0.836426 0.877734 0.836914 0.875781 0.836914 0.875391 0.837402 0.874609 0.837402 0.874219 0.837891 0.873047 0.837891 0.872656 0.838379 0.871875 0.838379 0.871484 0.838867 0.871094 0.838867 0.870703 0.839355 0.869531 0.839355 0.869141 0.839844 0.86875 0.839844 0.868359 0.840332 0.867969 0.840332 0.867578 0.84082 0.867188 0.84082 0.866406 0.841797 0.866016 0.841797 0.865234 0.842773 0.864844 0.842773 0.864453 0.843262 0.864062 0.843262 0.863281 0.844238 0.862891 0.844238 0.8625 0.844727 0.862109 0.844727 0.860547 0.84668 0.860547 0.847168 0.860156 0.847656 0.860156 0.848145 0.859766 0.848633 0.859766 0.849121 0.859375 0.849609 0.859375 0.850098 0.858594 0.851074 0.858594 0.851562 0.857031 0.853516 0.857031 0.854004 0.856641 0.854492 0.856641 0.85498 0.855859 0.855957 0.855859 0.856445 0.855469 0.856934 0.855469 0.859375 0.855078 0.859863 0.855078 0.861328 0.855469 0.861816 0.855469 0.862793 0.855859 0.863281 0.855859 0.86377 0.85625 0.864258 0.85625 0.864746 0.857031 0.865723 0.857422 0.865723 0.857812 0.866211 0.859375 0.866211 0.859766 0.866699 0.861719 0.866699 0.862109 0.866211 0.862891 0.866211 0.863281 0.865723 0.863672 0.865723 0.864062 0.865234 0.864453 0.865234 0.864844 0.864746 0.865234 0.864746 0.866406 0.863281 0.866797 0.863281 0.867969 0.861816 0.868359 0.861816 0.869922 0.859863 0.870313 0.859863 0.871484 0.858398 0.871875 0.858398 0.872266 0.85791 0.872656 0.85791 0.874609 0.855469 0.874609 0.85498 0.877734 0.851074 0.877734 0.850586 0.878906 0.849121 0.878906 0.848633 0.879297 0.848145 0.879297 0.847656 0.880469 0.846191 0.880469 0.845703 0.880859 0.845215 0.880859 0.844727 0.88125 0.844238 0.88125 0.84375 0.881641 0.843262 0.881641 0.842773 0.882031 0.842285 0.882031 0.840332 0.882422 0.839844
0 0.527734 0.586914 0.527734 0.588379 0.528125 0.588867 0.528125 0.589355 0.528516 0.589355 0.529297 0.590332 0.529687 0.590332 0.530859 0.591797 0.53125 0.591797 0.532031 0.592773 0.532813 0.592773 0.533203 0.593262 0.533594 0.593262 0.533984 0.59375 0.534766 0.59375 0.535156 0.594238 0.535547 0.594238 0.535937 0.594727 0.536328 0.594727 0.536719 0.595215 0.537109 0.595215 0.5375 0.595703 0.537891 0.595703 0.538281 0.596191 0.538672 0.596191 0.539062 0.59668 0.539844 0.59668 0.540234 0.597168 0.540625 0.597168 0.541016 0.597656 0.541797 0.597656 0.542188 0.598145 0.543359 0.598145 0.54375 0.598633 0.544922 0.598633 0.545312 0.599121 0.546484 0.599121 0.546875 0.599609 0.548828 0.599609 0.549219 0.600098 0.561328 0.600098 0.561719 0.599609 0.5625 0.599609 0.562891 0.599121 0.563281 0.599121 0.564844 0.597168 0.564844 0.594727 0.564453 0.594238 0.564453 0.59375 0.563672 0.592773 0.563672 0.592285 0.563281 0.591797 0.563281 0.591309 0.562891 0.59082 0.562891 0.590332 0.5625 0.589844 0.5625 0.589355 0.562109 0.588867 0.562109 0.588379 0.561328 0.587402 0.561328 0.586914 0.560937 0.586426 0.560547 0.586426 0.559766 0.585449 0.559375 0.585449 0.558984 0.584961 0.558594 0.584961 0.557813 0.583984 0.557422 0.583984 0.557031 0.583496 0.556641 0.583496 0.55625 0.583008 0.555859 0.583008 0.555469 0.58252 0.555078 0.58252 0.554688 0.582031 0.554297 0.582031 0.553906 0.581543 0.553516 0.581543 0.553125 0.581055 0.552734 0.581055 0.552344 0.580566 0.551562 0.580566 0.551172 0.580078 0.550391 0.580078 0.55 0.57959 0.548047 0.57959 0.547656 0.579102 0.542188 0.579102 0.541797 0.578613 0.540625 0.578613 0.540234 0.579102 0.537109 0.579102 0.536719 0.57959 0.535156 0.57959 0.534766 0.580078 0.533594 0.580078 0.533203 0.580566 0.532813 0.580566 0.532422 0.581055 0.532031 0.581055 0.528125 0.585938 0.528125 0.586426
0 0.930859 0.401855 0.929688 0.40332 0.929297 0.40332 0.929297 0.403809 0.928516 0.404785 0.928516 0.405273 0.928125 0.405762 0.928125 0.40625 0.927734 0.406738 0.927734 0.407715 0.927344 0.408203 0.927344 0.40918 0.926953 0.409668 0.926953 0.411133 0.926562 0.411621 0.926562 0.415039 0.926172 0.415527 0.926172 0.421875 0.926562 0.422363 0.926562 0.424316 0.926953 0.424805 0.926953 0.42627 0.927344 0.426758 0.927344 0.427246 0.927734 0.427734 0.927734 0.428223 0.928125 0.428711 0.928125 0.429199 0.928906 0.430176 0.928906 0.430664 0.929297 0.431152 0.929297 0.431641 0.929688 0.432129 0.929688 0.432617 0.930469 0.433594 0.930469 0.434082 0.930859 0.43457 0.930859 0.435059 0.931641 0.436035 0.932031 0.436035 0.932422 0.436523 0.932813 0.436523 0.933203 0.437012 0.933594 0.437012 0.933984 0.4375 0.936328 0.4375 0.936719 0.437012 0.937109 0.437012 0.9375 0.436523 0.937891 0.436523 0.938281 0.436035 0.938672 0.436035 0.939453 0.435059 0.939453 0.434082 0.939844 0.433594 0.939844 0.432617 0.940234 0.432129 0.940234 0.430176 0.940625 0.429688 0.940625 0.426758 0.941016 0.42627 0.941016 0.418457 0.941406 0.417969 0.941406 0.414551 0.941016 0.414062 0.941016 0.413086 0.940625 0.412598 0.940625 0.411133 0.940234 0.410645 0.940234 0.410156 0.939453 0.40918 0.939453 0.408691 0.939063 0.408203 0.939063 0.407715 0.938672 0.407227 0.938672 0.40625 0.938281 0.405762 0.938281 0.405273 0.937891 0.404785 0.937891 0.404297 0.936719 0.402832 0.936328 0.402832 0.935937 0.402344 0.935547 0.402344 0.935156 0.401855
0 0.969922 0.452637 0.969922 0.453125 0.969531 0.453613 0.969531 0.454102 0.969141 0.45459 0.969141 0.459961 0.969531 0.460449 0.969531 0.461426 0.969922 0.461914 0.969922 0.462402 0.971094 0.463867 0.971484 0.463867 0.971875 0.464355 0.972266 0.464355 0.973047 0.465332 0.973437 0.465332 0.974219 0.466309 0.974609 0.466309 0.975 0.466797 0.975391 0.466797 0.975781 0.467285 0.976562 0.467285 0.976953 0.467773 0.977734 0.467773 0.978125 0.468262 0.978906 0.468262 0.979297 0.46875 0.980078 0.46875 0.980469 0.469238 0.980859 0.469238 0.98125 0.469727 0.981641 0.469727 0.982031 0.470215 0.982812 0.470215 0.983203 0.470703 0.984375 0.470703 0.984766 0.471191 0.985938 0.471191 0.986328 0.47168 0.9875 0.47168 0.987891 0.471191 0.989453 0.471191 0.989844 0.470703 0.990234 0.470703 0.990625 0.470215 0.991016 0.470215 0.991016 0.469727 0.992578 0.467773 0.992578 0.467285 0.993359 0.466309 0.993359 0.46582 0.99375 0.465332 0.99375 0.464844 0.994531 0.463867 0.994531 0.462402 0.994141 0.461914 0.994141 0.461426 0.99375 0.460938 0.99375 0.459961 0.993359 0.459473 0.993359 0.458984 0.991797 0.457031 0.991797 0.456543 0.989844 0.454102 0.989062 0.454102 0.988672 0.453613 0.988281 0.453613 0.987891 0.453125 0.9875 0.453125 0.987109 0.452637 0.986719 0.452637 0.986328 0.452148 0.985547 0.452148 0.985156 0.45166 0.984375 0.45166 0.983984 0.451172 0.982812 0.451172 0.982422 0.450684 0.974219 0.450684 0.973828 0.451172 0.972266 0.451172 0.971875 0.45166 0.971094 0.45166 0.970703 0.452148 0.970313 0.452148
0 0.907422 0.333984 0.907031 0.334473 0.907031 0.334961 0.904687 0.337891 0.904687 0.339355 0.904297 0.339844 0.904297 0.342773 0.904687 0.343262 0.904687 0.34375 0.905469 0.344727 0.905469 0.345215 0.907813 0.348145 0.908203 0.348145 0.910156 0.350586 0.910547 0.350586 0.912109 0.352539 0.9125 0.352539 0.915234 0.355957 0.915625 0.355957 0.916406 0.356934 0.917188 0.356934 0.917578 0.357422 0.917969 0.357422 0.918359 0.35791 0.91875 0.35791 0.919141 0.358398 0.919922 0.358398 0.920312 0.358887 0.922266 0.358887 0.922656 0.359375 0.927344 0.359375 0.928125 0.358398 0.928125 0.35791 0.928516 0.357422 0.928516 0.353516 0.927344 0.352051 0.926953 0.352051 0.926172 0.351074 0.926172 0.350586 0.925781 0.350098 0.925781 0.349609 0.925391 0.349121 0.925391 0.348633 0.923828 0.34668 0.923828 0.346191 0.923047 0.345215 0.923047 0.344238 0.922656 0.34375 0.922656 0.342773 0.922266 0.342285 0.922266 0.341797 0.921875 0.341309 0.921875 0.34082 0.919922 0.338379 0.919922 0.337891 0.91875 0.336426 0.918359 0.336426 0.917578 0.335449 0.917188 0.335449 0.916797 0.334961 0.916016 0.334961 0.915625 0.334473 0.914844 0.334473 0.914453 0.333984 0.914062 0.333984 0.913672 0.333496 0.912891 0.333496 0.9125 0.333008 0.910547 0.333008 0.910156 0.333496 0.908203 0.333496 0.907813 0.333984
0 0.864062 0.0488281 0.863672 0.0493164 0.863281 0.0493164 0.860938 0.0522461 0.860938 0.0527344 0.860547 0.0532227 0.860547 0.0541992 0.860156 0.0546875 0.860156 0.0556641 0.859766 0.0561523 0.859766 0.0668945 0.860156 0.0673828 0.860156 0.0722656 0.860547 0.0727539 0.860547 0.0737305 0.860938 0.0742188 0.860938 0.074707 0.861328 0.0751953 0.861328 0.0761719 0.864062 0.0795898 0.864453 0.0795898 0.864844 0.0800781 0.866797 0.0800781 0.867188 0.0795898 0.868359 0.0795898 0.86875 0.0791016 0.869141 0.0791016 0.869531 0.0786133 0.869922 0.0786133 0.869922 0.078125 0.871094 0.0766602 0.871094 0.0761719 0.871484 0.0756836 0.871484 0.0742188 0.871875 0.0737305 0.871875 0.0727539 0.872266 0.0722656 0.872266 0.0693359 0.872656 0.0688477 0.872656 0.0629883 0.872266 0.0625 0.872266 0.0610352 0.871875 0.0605469 0.871875 0.059082 0.871484 0.0585938 0.871484 0.0571289 0.871094 0.0566406 0.871094 0.0561523 0.869922 0.0546875 0.869922 0.0541992 0.869531 0.0537109 0.869141 0.0537109 0.866016 0.0498047 0.866016 0.0493164 0.865625 0.0493164 0.865234 0.0488281
0 0.882031 0.00927734 0.879687 0.00927734 0.877734 0.0117188 0.877344 0.0117188 0.877344 0.012207 0.876172 0.0136719 0.876172 0.0141602 0.875781 0.0146484 0.875781 0.0151367 0.875391 0.015625 0.875391 0.0161133 0.875 0.0166016 0.875 0.0175781 0.874609 0.0180664 0.874609 0.019043 0.874219 0.0195312 0.874219 0.0205078 0.873828 0.0209961 0.873828 0.0214844 0.873437 0.0219727 0.873437 0.0224609 0.873047 0.0229492 0.873047 0.0234375 0.872656 0.0239258 0.872656 0.0244141 0.872266 0.0249023 0.872266 0.0283203 0.871875 0.0288086 0.871875 0.0390625 0.872266 0.0395508 0.872266 0.0424805 0.872656 0.0429688 0.872656 0.0444336 0.873047 0.0449219 0.873047 0.0454102 0.873437 0.0458984 0.873437 0.0463867 0.874219 0.0473633 0.874219 0.0478516 0.876172 0.050293 0.876172 0.0507812 0.877734 0.0507812 0.878906 0.0493164 0.879297 0.0493164 0.880469 0.0478516 0.880469 0.0473633 0.880859 0.046875 0.880859 0.0463867 0.88125 0.0458984 0.88125 0.0454102 0.881641 0.0449219 0.881641 0.0444336 0.882031 0.0439453 0.882031 0.043457 0.882422 0.0429688 0.882422 0.0424805 0.882812 0.0419922 0.882812 0.0410156 0.883203 0.0405273 0.883203 0.0390625 0.883594 0.0385742 0.883594 0.0371094 0.883984 0.0366211 0.883984 0.0356445 0.884375 0.0351562 0.884375 0.0341797 0.884766 0.0336914 0.884766 0.0327148 0.885156 0.0322266 0.885156 0.03125 0.885547 0.0307617 0.885547 0.0297852 0.885938 0.0292969 0.885938 0.027832 0.886328 0.0273438 0.886328 0.0229492 0.886719 0.0224609 0.886719 0.0180664 0.886328 0.0175781 0.886328 0.0161133 0.885938 0.015625 0.885938 0.0151367 0.885156 0.0141602 0.885156 0.0136719 0.884375 0.0126953 0.884375 0.012207
1 0.518359 0.122559 0.518359 0.124512 0.51875 0.125 0.51875 0.125977 0.519141 0.126465 0.519141 0.127441 0.519531 0.12793 0.519531 0.128418 0.519922 0.128906 0.519922 0.129883 0.520312 0.130371 0.520312 0.130859 0.521094 0.131836 0.521094 0.132324 0.522656 0.134277 0.522656 0.134766 0.523047 0.135254 0.523047 0.135742 0.523828 0.136719 0.523828 0.137207 0.524609 0.138184 0.524609 0.138672 0.525781 0.140137 0.526172 0.140137 0.528906 0.143555 0.529297 0.143555 0.529687 0.144043 0.530078 0.144043 0.530859 0.14502 0.53125 0.14502 0.532813 0.146973 0.533203 0.146973 0.533594 0.147461 0.534375 0.147461 0.534766 0.147949 0.535156 0.147949 0.535547 0.148438 0.535937 0.148438 0.536328 0.148926 0.536719 0.148926 0.537109 0.149414 0.537891 0.149414 0.538281 0.149902 0.538672 0.149902 0.539062 0.150391 0.539453 0.150391 0.539844 0.150879 0.540234 0.150879 0.540625 0.151367 0.542578 0.151367 0.542969 0.151855 0.544922 0.151855 0.545312 0.152344 0.55 0.152344 0.550391 0.151855 0.551172 0.151855 0.551562 0.151367 0.552344 0.151367 0.552734 0.150879 0.553516 0.150879 0.553906 0.150391 0.554297 0.150391 0.555078 0.149414 0.555078 0.148926 0.555859 0.147949 0.555859 0.147461 0.55625 0.146973 0.55625 0.145996 0.555469 0.14502 0.555469 0.144531 0.554297 0.143066 0.554297 0.142578 0.553906 0.14209 0.553906 0.141602 0.553516 0.141113 0.553125 0.141113 0.552344 0.140137 0.551953 0.140137 0.551562 0.139648 0.551172 0.139648 0.550781 0.13916 0.550391 0.13916 0.55 0.138672 0.549609 0.138672 0.549219 0.138184 0.548828 0.138184 0.548438 0.137695 0.548047 0.137695 0.547656 0.137207 0.547266 0.137207 0.546875 0.136719 0.546094 0.136719 0.545703 0.13623 0.545312 0.13623 0.544922 0.135742 0.544531 0.135742 0.54375 0.134766 0.543359 0.134766 0.542578 0.133789 0.542188 0.133789 0.541797 0.133301 0.541016 0.133301 0.537891 0.129395 0.5375 0.129395 0.537109 0.128906 0.536719 0.128906 0.536328 0.128418 0.535937 0.128418 0.535156 0.127441 0.534766 0.127441 0.533984 0.126465 0.533203 0.126465 0.532813 0.125977 0.531641 0.125977 0.53125 0.125488 0.530469 0.125488 0.530078 0.125 0.528906 0.125 0.528516 0.124512 0.527344 0.124512 0.526953 0.124023 0.526172 0.124023 0.525781 0.123535 0.525391 0.123535 0.525 0.123047 0.524609 0.123047 0.524219 0.122559 0.523438 0.122559 0.523047 0.12207 0.522656 0.12207 0.522266 0.121582 0.521484 0.121582 0.521094 0.121094 0.520703 0.121094 0.520312 0.121582 0.519531 0.121582 0.519141 0.12207 0.51875 0.12207
1 0.575 0.0693359 0.574609 0.0698242 0.573828 0.0698242 0.573438 0.0703125 0.573047 0.0703125 0.572656 0.0708008 0.572266 0.0708008 0.571484 0.0717773 0.571484 0.0722656 0.571094 0.0727539 0.571094 0.0732422 0.570703 0.0737305 0.570703 0.074707 0.570312 0.0751953 0.570312 0.0766602 0.569922 0.0771484 0.569922 0.0791016 0.569531 0.0795898 0.569531 0.0820312 0.569141 0.0825195 0.569141 0.0844727 0.56875 0.0849609 0.56875 0.0869141 0.568359 0.0874023 0.568359 0.0932617 0.56875 0.09375 0.56875 0.0952148 0.569141 0.0957031 0.569141 0.0961914 0.569922 0.097168 0.569922 0.0976562 0.570312 0.0981445 0.570312 0.0986328 0.570703 0.0991211 0.570703 0.0996094 0.571484 0.100586 0.571484 0.101074 0.571875 0.101562 0.572266 0.101562 0.573047 0.102539 0.573438 0.102539 0.575391 0.10498 0.575781 0.10498 0.576172 0.105469 0.576953 0.105469 0.577344 0.105957 0.578516 0.105957 0.578906 0.106445 0.580469 0.106445 0.580859 0.105957 0.580859 0.105469 0.58125 0.10498 0.58125 0.104492 0.581641 0.104004 0.581641 0.0991211 0.582031 0.0986328 0.582031 0.0869141 0.581641 0.0864258 0.581641 0.0849609 0.58125 0.0844727 0.58125 0.0742188 0.580859 0.0737305 0.580859 0.0717773 0.579688 0.0703125 0.579297 0.0703125 0.578906 0.0698242 0.578125 0.0698242 0.577734 0.0693359
1 0.6125 0.0883789 0.612109 0.0878906 0.608594 0.0878906 0.608203 0.0874023 0.604688 0.0874023 0.604297 0.0869141 0.598047 0.0869141 0.597656 0.0874023 0.595313 0.0874023 0.594922 0.0878906 0.593359 0.0878906 0.592969 0.0883789 0.592187 0.0883789 0.591797 0.0888672 0.591016 0.0888672 0.590625 0.0893555 0.590234 0.0893555 0.589844 0.0898438 0.589063 0.0898438 0.588672 0.090332 0.587891 0.090332 0.5875 0.0908203 0.587109 0.0908203 0.586719 0.0913086 0.586328 0.0913086 0.585547 0.0922852 0.585547 0.0927734 0.584766 0.09375 0.584766 0.0942383 0.583984 0.0952148 0.583984 0.0976562 0.583594 0.0981445 0.583594 0.100098 0.583984 0.100586 0.583984 0.102051 0.584375 0.102539 0.584375 0.103027 0.584766 0.103516 0.584766 0.104004 0.587109 0.106934 0.587891 0.106934 0.588281 0.107422 0.589063 0.107422 0.589453 0.106934 0.592969 0.106934 0.593359 0.106445 0.595703 0.106445 0.596094 0.105957 0.599219 0.105957 0.599609 0.105469 0.6 0.105469 0.600391 0.10498 0.600781 0.10498 0.601172 0.104492 0.601562 0.104492 0.602344 0.103516 0.602734 0.103516 0.603125 0.103027 0.603516 0.103027 0.603906 0.102539 0.604297 0.102539 0.604688 0.102051 0.605078 0.102051 0.605469 0.101562 0.60625 0.101562 0.606641 0.101074 0.607031 0.101074 0.608594 0.0991211 0.608594 0.0986328 0.608984 0.0981445 0.608984 0.0976562 0.610156 0.0961914 0.610156 0.0957031 0.612891 0.0922852 0.612891 0.0893555 0.6125 0.0888672
1 0.597266 0.181152 0.596875 0.180664 0.596875 0.180176 0.596484 0.179688 0.596484 0.179199 0.595313 0.177734 0.594922 0.177734 0.594531 0.177246 0.594141 0.177246 0.59375 0.176758 0.593359 0.176758 0.592969 0.17627 0.592578 0.17627 0.592187 0.175781 0.591797 0.175781 0.591406 0.175293 0.589063 0.175293 0.588672 0.174805 0.588281 0.174805 0.587891 0.175293 0.586328 0.175293 0.585938 0.175781 0.585156 0.175781 0.584766 0.17627 0.583594 0.17627 0.583203 0.176758 0.582812 0.176758 0.582422 0.177246 0.581641 0.177246 0.58125 0.177734 0.580859 0.177734 0.580469 0.178223 0.580078 0.178223 0.579688 0.178711 0.579297 0.178711 0.578125 0.180176 0.577734 0.180176 0.576953 0.181152 0.576562 0.181152 0.573438 0.185059 0.573047 0.185059 0.572656 0.185547 0.572266 0.185547 0.571875 0.186035 0.571484 0.186035 0.570703 0.187012 0.570312 0.187012 0.569922 0.1875 0.569531 0.1875 0.569141 0.187988 0.56875 0.187988 0.568359 0.188477 0.567578 0.188477 0.567187 0.188965 0.566797 0.188965 0.566016 0.189941 0.566016 0.19043 0.565625 0.190918 0.565625 0.191406 0.565234 0.191895 0.565234 0.193848 0.565625 0.194336 0.566016 0.194336 0.566797 0.195312 0.567187 0.195312 0.567578 0.195801 0.568359 0.195801 0.56875 0.196289 0.577734 0.196289 0.578125 0.195801 0.580859 0.195801 0.58125 0.195312 0.583203 0.195312 0.583594 0.194824 0.585156 0.194824 0.585547 0.194336 0.586328 0.194336 0.586719 0.193848 0.5875 0.193848 0.587891 0.193359 0.588281 0.193359 0.588672 0.192871 0.589063 0.192871 0.589453 0.192383 0.589844 0.192383 0.590234 0.191895 0.590625 0.191895 0.591016 0.191406 0.591406 0.191406 0.591797 0.190918 0.592187 0.190918 0.59375 0.188965 0.59375 0.188477 0.594531 0.1875 0.594922 0.1875 0.596094 0.186035 0.596094 0.185547 0.596484 0.185059 0.596484 0.184082 0.596875 0.183594 0.596875 0.182617 0.597266 0.182129
1 0.203906 0.181641 0.203516 0.181641 0.203125 0.181152 0.202734 0.181152 0.202344 0.180664 0.200781 0.180664 0.200391 0.180176 0.196484 0.180176 0.196094 0.180664 0.195312 0.180664 0.194922 0.181152 0.194141 0.181152 0.19375 0.181641 0.193359 0.181641 0.191797 0.183594 0.191406 0.183594 0.190234 0.185059 0.189844 0.185059 0.189453 0.185547 0.189453 0.186035 0.188281 0.1875 0.188281 0.187988 0.1875 0.188965 0.1875 0.189453 0.187109 0.189941 0.187109 0.190918 0.186719 0.191406 0.186719 0.191895 0.186328 0.192383 0.186328 0.192871 0.185938 0.193359 0.185938 0.193848 0.185547 0.194336 0.185547 0.194824 0.185156 0.195312 0.185156 0.195801 0.184766 0.196289 0.184766 0.198242 0.184375 0.19873 0.184375 0.208008 0.184766 0.208496 0.184766 0.211914 0.185156 0.212402 0.185156 0.213379 0.185938 0.214355 0.186328 0.214355 0.186719 0.214844 0.1875 0.214844 0.187891 0.215332 0.190234 0.215332 0.191016 0.214355 0.191406 0.214355 0.191797 0.213867 0.192188 0.213867 0.194141 0.211426 0.194141 0.210938 0.194922 0.209961 0.194922 0.209473 0.195703 0.208496 0.195703 0.208008 0.196875 0.206543 0.196875 0.206055 0.198047 0.20459 0.198047 0.204102 0.198828 0.203125 0.198828 0.202637 0.199609 0.20166 0.199609 0.201172 0.2 0.200684 0.2 0.200195 0.200781 0.199219 0.200781 0.19873 0.201172 0.198242 0.201172 0.197266 0.201563 0.196777 0.201563 0.196289 0.201953 0.195801 0.201953 0.194824 0.202344 0.194336 0.202344 0.193359 0.202734 0.192871 0.202734 0.191895 0.203125 0.191406 0.203125 0.189941 0.203516 0.189453 0.203516 0.187988 0.203906 0.1875 0.203906 0.187012 0.204297 0.186523 0.204297 0.185547 0.204687 0.185059 0.204687 0.18457 0.204297 0.184082 0.204297 0.182617 0.203906 0.182129
1 0.009375 0.128906 0.009375 0.129395 0.00898437 0.129883 0.00898437 0.132324 0.009375 0.132812 0.009375 0.133789 0.0101563 0.134766 0.0101563 0.135254 0.0144531 0.140625 0.0148437 0.140625 0.0160156 0.14209 0.0164063 0.14209 0.0175781 0.143555 0.0179687 0.143555 0.0183594 0.144043 0.01875 0.144043 0.0195312 0.14502 0.0199219 0.14502 0.0203125 0.145508 0.0207031 0.145508 0.0210938 0.145996 0.0214844 0.145996 0.021875 0.146484 0.0222656 0.146484 0.0230469 0.147461 0.0234375 0.147461 0.0238281 0.147949 0.0242188 0.147949 0.0246094 0.148438 0.025 0.148438 0.0253906 0.148926 0.0261719 0.148926 0.0265625 0.149414 0.0273438 0.149414 0.0277344 0.149902 0.028125 0.149902 0.0285156 0.150391 0.0316406 0.150391 0.0320312 0.149902 0.0339844 0.149902 0.034375 0.149414 0.0351562 0.149414 0.0355469 0.148926 0.0359375 0.148926 0.0371094 0.147461 0.0371094 0.146973 0.0375 0.146484 0.0375 0.145508 0.0378906 0.14502 0.0378906 0.141602 0.0367188 0.140137 0.0367188 0.139648 0.0363281 0.139648 0.0359375 0.13916 0.0359375 0.138672 0.034375 0.136719 0.034375 0.13623 0.0300781 0.130859 0.0296875 0.130859 0.0289063 0.129883 0.0285156 0.129883 0.028125 0.129395 0.0273438 0.129395 0.0269531 0.128906 0.0265625 0.128906 0.0261719 0.128418 0.0253906 0.128418 0.025 0.12793 0.0230469 0.12793 0.0226562 0.127441 0.0148437 0.127441 0.0144531 0.126953 0.0140625 0.126953 0.0136719 0.127441 0.0121094 0.127441 0.0117188 0.12793 0.0109375 0.12793 0.0105469 0.128418 0.0101563 0.128418 0.00976562 0.128906
1 0.071875 0.132324 0.0707031 0.133789 0.0707031 0.134277 0.0703125 0.134766 0.0703125 0.140625 0.0707031 0.141113 0.0707031 0.142578 0.0710937 0.143066 0.0710937 0.144043 0.0714844 0.144531 0.0714844 0.145996 0.071875 0.146484 0.071875 0.147461 0.0726563 0.148438 0.0726563 0.148926 0.0730469 0.149414 0.0730469 0.149902 0.0734375 0.150391 0.0734375 0.150879 0.0738281 0.151367 0.0738281 0.151855 0.0746094 0.152832 0.0746094 0.15332 0.075 0.153809 0.075 0.154297 0.0773438 0.157227 0.0773438 0.157715 0.0792969 0.160156 0.0796875 0.160156 0.0808594 0.161621 0.08125 0.161621 0.0816406 0.162109 0.0820312 0.162109 0.0828125 0.163086 0.0832031 0.163086 0.0835937 0.163574 0.084375 0.163574 0.0847656 0.164062 0.0851563 0.164062 0.0855469 0.164551 0.0863281 0.164551 0.0867187 0.165039 0.0875 0.165039 0.0878906 0.165527 0.0886719 0.165527 0.0890625 0.165039 0.0902344 0.165039 0.090625 0.164551 0.0914062 0.164551 0.0925781 0.163086 0.0925781 0.162598 0.0929688 0.162109 0.0929688 0.161133 0.0933594 0.160645 0.0933594 0.15918 0.09375 0.158691 0.09375 0.154785 0.0933594 0.154297 0.0933594 0.152832 0.0929688 0.152344 0.0929688 0.151367 0.0925781 0.150879 0.0925781 0.149902 0.0917969 0.148926 0.0917969 0.148438 0.0871094 0.142578 0.0867187 0.142578 0.0859375 0.141602 0.0855469 0.141602 0.0847656 0.140625 0.084375 0.140625 0.0828125 0.138672 0.0824219 0.138672 0.0808594 0.136719 0.0804688 0.136719 0.0792969 0.135254 0.0789062 0.135254 0.0773438 0.133301 0.0769531 0.133301 0.0765625 0.132812 0.0761719 0.132812 0.0757812 0.132324
1 0.194531 0.0556641 0.194531 0.059082 0.194922 0.0595703 0.194922 0.0605469 0.196484 0.0625 0.196875 0.0625 0.197656 0.0634766 0.198047 0.0634766 0.198437 0.0639648 0.198828 0.0639648 0.199219 0.0644531 0.199609 0.0644531 0.2 0.0649414 0.200391 0.0649414 0.200781 0.0654297 0.201172 0.0654297 0.201563 0.065918 0.202344 0.065918 0.202734 0.0664062 0.203125 0.0664062 0.203516 0.0668945 0.203906 0.0668945 0.204687 0.0678711 0.205078 0.0678711 0.205469 0.0683594 0.20625 0.0683594 0.206641 0.0688477 0.207422 0.0688477 0.207813 0.0693359 0.208984 0.0693359 0.209375 0.0698242 0.210547 0.0698242 0.210938 0.0703125 0.217188 0.0703125 0.217578 0.0698242 0.217969 0.0698242 0.218359 0.0693359 0.21875 0.0693359 0.219141 0.0688477 0.219531 0.0688477 0.220703 0.0673828 0.221094 0.0673828 0.223828 0.0639648 0.223828 0.0634766 0.224219 0.0629883 0.224219 0.0625 0.224609 0.0620117 0.224609 0.059082 0.224219 0.0585938 0.224219 0.0576172 0.223438 0.0566406 0.223047 0.0566406 0.222656 0.0561523 0.222266 0.0561523 0.221875 0.0556641 0.221484 0.0556641 0.221094 0.0551758 0.220312 0.0551758 0.219922 0.0546875 0.219141 0.0546875 0.21875 0.0541992 0.218359 0.0541992 0.217969 0.0537109 0.217188 0.0537109 0.216797 0.0532227 0.216016 0.0532227 0.215625 0.0527344 0.214844 0.0527344 0.214453 0.0522461 0.213281 0.0522461 0.212891 0.0517578 0.211328 0.0517578 0.210938 0.0512695 0.210156 0.0512695 0.209766 0.0507812 0.201172 0.0507812 0.200781 0.0512695 0.199609 0.0512695 0.199219 0.0517578 0.198437 0.0517578 0.198047 0.0522461 0.197266 0.0522461 0.196875 0.0527344 0.196484 0.0527344 0.196484 0.0532227
1 0.198047 0.948242 0.196484 0.948242 0.194531 0.950684 0.194531 0.951172 0.19375 0.952148 0.19375 0.952637 0.192578 0.954102 0.192578 0.95459 0.192188 0.955078 0.192188 0.955566 0.191797 0.956055 0.191797 0.956543 0.191016 0.95752 0.191016 0.958008 0.189844 0.959473 0.189844 0.959961 0.189453 0.960449 0.189453 0.960938 0.189062 0.961426 0.189062 0.962402 0.188672 0.962891 0.188672 0.963867 0.188281 0.964355 0.188281 0.965332 0.187891 0.96582 0.187891 0.967285 0.1875 0.967773 0.1875 0.96875 0.187109 0.969238 0.187109 0.969727 0.186719 0.970215 0.186719 0.970703 0.186328 0.971191 0.186328 0.972168 0.185938 0.972656 0.185938 0.973633 0.185547 0.974121 0.185547 0.975098 0.185156 0.975586 0.185156 0.976074 0.184766 0.976562 0.184766 0.978027 0.184375 0.978516 0.184375 0.97998 0.184766 0.980469 0.184766 0.98291 0.185547 0.983887 0.189844 0.983887 0.190234 0.983398 0.190625 0.983398 0.191016 0.98291 0.191406 0.98291 0.192188 0.981934 0.192578 0.981934 0.194922 0.979004 0.194922 0.978516 0.195703 0.977539 0.195703 0.977051 0.196875 0.975586 0.197266 0.975586 0.197656 0.975098 0.197656 0.974609 0.198437 0.973633 0.198437 0.973145 0.199219 0.972168 0.199219 0.97168 0.200391 0.970215 0.200391 0.969727 0.201172 0.96875 0.201172 0.968262 0.201953 0.967285 0.201953 0.966309 0.202344 0.96582 0.202344 0.963867 0.202734 0.963379 0.202734 0.960938 0.203125 0.960449 0.203125 0.956543 0.202734 0.956055 0.202734 0.954102 0.202344 0.953613 0.202344 0.953125 0.201953 0.952637 0.201953 0.952148 0.201172 0.951172 0.201172 0.950684 0.200781 0.950195 0.200391 0.950195 0.2 0.949707 0.199609 0.949707 0.198828 0.94873 0.198437 0.94873
1 0.271094 0.927734 0.271094 0.932129 0.271484 0.932617 0.271484 0.933105 0.272656 0.93457 0.272656 0.935059 0.273047 0.935547 0.273047 0.936035 0.273438 0.936523 0.273438 0.937012 0.274609 0.938477 0.274609 0.938965 0.275391 0.939941 0.275781 0.939941 0.276172 0.94043 0.276562 0.94043 0.276953 0.940918 0.277344 0.940918 0.278125 0.941895 0.278516 0.941895 0.278906 0.942383 0.279687 0.942383 0.280078 0.942871 0.280469 0.942871 0.280859 0.943359 0.282031 0.943359 0.282422 0.943848 0.284766 0.943848 0.285156 0.944336 0.290234 0.944336 0.290625 0.944824 0.295703 0.944824 0.296094 0.944336 0.296875 0.944336 0.298047 0.942871 0.298047 0.938965 0.297656 0.938477 0.297656 0.937988 0.296875 0.937012 0.296875 0.936523 0.296484 0.936035 0.296484 0.935547 0.294922 0.933594 0.294531 0.933594 0.29375 0.932617 0.293359 0.932617 0.292578 0.931641 0.292187 0.931641 0.291797 0.931152 0.291406 0.931152 0.291016 0.930664 0.290234 0.930664 0.289844 0.930176 0.289453 0.930176 0.289062 0.929688 0.288281 0.929688 0.287891 0.929199 0.287109 0.929199 0.286719 0.928711 0.286328 0.928711 0.285938 0.928223 0.285547 0.928223 0.285156 0.927734 0.284766 0.927734 0.284375 0.927246 0.283984 0.927246 0.283594 0.926758 0.283203 0.926758 0.282813 0.92627 0.282422 0.92627 0.282031 0.925781 0.28125 0.925781 0.280469 0.924805 0.280078 0.924805 0.279687 0.924316 0.276953 0.924316 0.276562 0.923828 0.275391 0.923828 0.275 0.924316 0.274219 0.924316 0.273438 0.925293 0.273047 0.925293
1 0.361328 0.831543 0.359375 0.829102 0.358984 0.829102 0.358203 0.828125 0.357812 0.828125 0.357422 0.827637 0.356641 0.827637 0.35625 0.827148 0.355469 0.827148 0.355078 0.82666 0.352344 0.82666 0.351953 0.827148 0.351172 0.827148 0.350781 0.827637 0.35 0.827637 0.349609 0.828125 0.349219 0.828125 0.348828 0.828613 0.348438 0.828613 0.348047 0.829102 0.347656 0.829102 0.347266 0.82959 0.346875 0.82959 0.346484 0.830078 0.346094 0.830078 0.344922 0.831543 0.344922 0.832031 0.344141 0.833008 0.344141 0.833496 0.34375 0.833984 0.34375 0.834473 0.342969 0.835449 0.342969 0.835938 0.341797 0.837402 0.341797 0.837891 0.341406 0.838379 0.341406 0.839355 0.341016 0.839844 0.341016 0.84082 0.340625 0.841309 0.340625 0.843262 0.340234 0.84375 0.340234 0.846191 0.340625 0.84668 0.340625 0.847168 0.341016 0.847656 0.341016 0.848145 0.341406 0.848633 0.341406 0.849121 0.342187 0.850098 0.342578 0.850098 0.342969 0.850586 0.34375 0.850586 0.344141 0.851074 0.344922 0.851074 0.345313 0.851562 0.349219 0.851562 0.349609 0.851074 0.350391 0.851074 0.350781 0.850586 0.351172 0.850586 0.351953 0.849609 0.352344 0.849609 0.353516 0.848145 0.353906 0.848145 0.354687 0.847168 0.355078 0.847168 0.35625 0.845703 0.356641 0.845703 0.359766 0.841797 0.359766 0.841309 0.360547 0.840332 0.360547 0.839844 0.360938 0.839355 0.360938 0.838867 0.361328 0.838379 0.361328 0.837891 0.361719 0.837402 0.361719 0.835938 0.362109 0.835449 0.362109 0.833008 0.361328 0.832031
1 0.462109 0.745117 0.461328 0.744141 0.460938 0.744141 0.460547 0.743652 0.459375 0.743652 0.458984 0.743164 0.458203 0.743164 0.457813 0.743652 0.455078 0.743652 0.454688 0.744141 0.453906 0.744141 0.453516 0.744629 0.452734 0.744629 0.452344 0.745117 0.451562 0.745117 0.450781 0.746094 0.450391 0.746094 0.45 0.746582 0.449609 0.746582 0.449219 0.74707 0.448828 0.74707 0.448437 0.747559 0.447656 0.747559 0.446875 0.748535 0.446484 0.748535 0.446484 0.749023 0.444922 0.750977 0.444531 0.750977 0.441406 0.754883 0.441016 0.754883 0.439453 0.756836 0.439063 0.756836 0.437891 0.758301 0.4375 0.758301 0.437109 0.758789 0.436719 0.758789 0.435547 0.760254 0.435547 0.762207 0.435156 0.762695 0.435156 0.763672 0.434766 0.76416 0.434766 0.764648 0.434375 0.765137 0.434375 0.766602 0.433984 0.76709 0.433984 0.767578 0.433594 0.768066 0.433594 0.768555 0.432031 0.770508 0.432031 0.772461 0.433984 0.774902 0.434375 0.774902 0.434766 0.775391 0.436719 0.775391 0.437109 0.774902 0.438281 0.774902 0.438672 0.774414 0.441016 0.774414 0.441406 0.773926 0.44375 0.773926 0.444141 0.773438 0.444922 0.773438 0.445312 0.772949 0.446094 0.772949 0.446484 0.772461 0.447266 0.772461 0.447656 0.771973 0.448047 0.771973 0.448828 0.770996 0.449219 0.770996 0.45 0.77002 0.450391 0.77002 0.45625 0.762695 0.45625 0.762207 0.457422 0.760742 0.457422 0.760254 0.458203 0.759277 0.458203 0.758789 0.458984 0.757812 0.458984 0.757324 0.459766 0.756348 0.459766 0.755859 0.460156 0.755371 0.460156 0.754395 0.460547 0.753906 0.460547 0.75293 0.460938 0.752441 0.460938 0.751953 0.461328 0.751465 0.461328 0.750488 0.4625 0.749023 0.4625 0.748535 0.462891 0.748047 0.462891 0.74707 0.4625 0.746582 0.4625 0.746094 0.462109 0.745605
1 0.552344 0.760254 0.552344 0.760742 0.551953 0.76123 0.551953 0.76416 0.552734 0.765137 0.552734 0.765625 0.554297 0.767578 0.554297 0.768066 0.555078 0.769043 0.555078 0.769531 0.555469 0.77002 0.555469 0.770508 0.555859 0.770996 0.555859 0.771973 0.556641 0.772949 0.556641 0.773438 0.557422 0.774414 0.557422 0.774902 0.558203 0.775879 0.558203 0.776367 0.559375 0.777832 0.559375 0.77832 0.559766 0.778809 0.559766 0.779297 0.560547 0.780273 0.560937 0.780273 0.562109 0.781738 0.562109 0.782227 0.562891 0.783203 0.562891 0.783691 0.563672 0.784668 0.563672 0.785156 0.564844 0.786621 0.565234 0.786621 0.565625 0.787109 0.566016 0.787109 0.566797 0.788086 0.567578 0.788086 0.567969 0.788574 0.569531 0.788574 0.569922 0.789062 0.573047 0.789062 0.573438 0.788574 0.573828 0.788574 0.574219 0.788086 0.574609 0.788086 0.575781 0.786621 0.575781 0.784668 0.576172 0.78418 0.576172 0.783203 0.575781 0.782715 0.575781 0.782227 0.575391 0.781738 0.575391 0.78125 0.574609 0.780273 0.574609 0.779785 0.574219 0.779297 0.574219 0.778809 0.573828 0.77832 0.573828 0.777832 0.573438 0.777344 0.573438 0.776367 0.573047 0.775879 0.573047 0.775391 0.571875 0.773926 0.571875 0.773438 0.570703 0.771973 0.570703 0.771484 0.570312 0.770996 0.570312 0.770508 0.569922 0.77002 0.569922 0.769531 0.569141 0.768555 0.569141 0.768066 0.567578 0.766113 0.567187 0.766113 0.566406 0.765137 0.566016 0.765137 0.565234 0.76416 0.564844 0.76416 0.564063 0.763184 0.563672 0.763184 0.562891 0.762207 0.5625 0.762207 0.562109 0.761719 0.561719 0.761719 0.561328 0.76123 0.560937 0.76123 0.560547 0.760742 0.559375 0.760742 0.558984 0.760254 0.555469 0.760254 0.555078 0.759766 0.553125 0.759766 0.552734 0.760254
1 0.932031 0.80957 0.932031 0.811035 0.932422 0.811523 0.932422 0.812012 0.933594 0.813477 0.933594 0.813965 0.935156 0.815918 0.935547 0.815918 0.936328 0.816895 0.936719 0.816895 0.938672 0.819336 0.939063 0.819336 0.939453 0.819824 0.939844 0.819824 0.940234 0.820312 0.941016 0.820312 0.941406 0.820801 0.942187 0.820801 0.942578 0.821289 0.943359 0.821289 0.94375 0.821777 0.944922 0.821777 0.945312 0.822266 0.946484 0.822266 0.946875 0.822754 0.957031 0.822754 0.957422 0.822266 0.958984 0.822266 0.959375 0.821777 0.960156 0.821777 0.960547 0.821289 0.961328 0.821289 0.961719 0.820801 0.9625 0.820801 0.962891 0.820312 0.963281 0.820312 0.964844 0.818359 0.964844 0.814941 0.964453 0.814453 0.964453 0.813965 0.9625 0.811523 0.9625 0.811035 0.961328 0.80957 0.960938 0.80957 0.958594 0.806641 0.957812 0.806641 0.957422 0.806152 0.957031 0.806152 0.956641 0.805664 0.95625 0.805664 0.955859 0.805176 0.954688 0.805176 0.954297 0.804688 0.953516 0.804688 0.953125 0.804199 0.951953 0.804199 0.951562 0.803711 0.949609 0.803711 0.949219 0.803223 0.944531 0.803223 0.944141 0.803711 0.941406 0.803711 0.941016 0.804199 0.939453 0.804199 0.939063 0.804688 0.937891 0.804688 0.9375 0.805176 0.936328 0.805176 0.935937 0.805664 0.935156 0.805664 0.934766 0.806152 0.933984 0.806152 0.932813 0.807617 0.932813 0.808105 0.932422 0.808594 0.932422 0.809082
1 0.842187 0.89209 0.841797 0.892578 0.841406 0.892578 0.841016 0.893066 0.841016 0.893555 0.840625 0.894043 0.840625 0.894531 0.840234 0.89502 0.840234 0.895508 0.839844 0.895996 0.839844 0.902832 0.840234 0.90332 0.840234 0.904785 0.840625 0.905273 0.840625 0.905762 0.841016 0.90625 0.841016 0.907227 0.841406 0.907715 0.841406 0.908203 0.841797 0.908691 0.841797 0.90918 0.842578 0.910156 0.842578 0.910645 0.842969 0.911133 0.842969 0.911621 0.843359 0.912109 0.843359 0.913086 0.84375 0.913574 0.84375 0.914062 0.844141 0.914551 0.844141 0.915527 0.844531 0.916016 0.844531 0.916504 0.844922 0.916992 0.844922 0.917969 0.845703 0.918945 0.845703 0.919434 0.846484 0.92041 0.846875 0.92041 0.847266 0.920898 0.847656 0.920898 0.848047 0.921387 0.850781 0.921387 0.851562 0.92041 0.851953 0.92041 0.853906 0.917969 0.853906 0.91748 0.854688 0.916504 0.854688 0.916016 0.855078 0.915527 0.855078 0.915039 0.855469 0.914551 0.855469 0.913574 0.855859 0.913086 0.855859 0.906738 0.855469 0.90625 0.855469 0.905762 0.855078 0.905273 0.855078 0.904297 0.854688 0.903809 0.854688 0.902832 0.854297 0.902344 0.854297 0.901855 0.853906 0.901367 0.853906 0.900391 0.851953 0.897949 0.851953 0.897461 0.850781 0.895996 0.850781 0.895508 0.849609 0.894043 0.849219 0.894043 0.848437 0.893066 0.848047 0.893066 0.847656 0.892578 0.847266 0.892578 0.846875 0.89209 0.846094 0.89209 0.845703 0.891602 0.844531 0.891602 0.844141 0.89209
1 0.772266 0.878418 0.771875 0.87793 0.771875 0.877441 0.771094 0.876465 0.770703 0.876465 0.770312 0.875977 0.769922 0.875977 0.769531 0.875488 0.76875 0.875488 0.768359 0.875 0.762891 0.875 0.7625 0.875488 0.760547 0.875488 0.760156 0.875977 0.758984 0.875977 0.758594 0.876465 0.758203 0.876465 0.757422 0.877441 0.757031 0.877441 0.755859 0.878906 0.755469 0.878906 0.753906 0.880859 0.753516 0.880859 0.751563 0.883301 0.751172 0.883301 0.748047 0.887207 0.747656 0.887207 0.746094 0.88916 0.746094 0.893066 0.747266 0.894531 0.747656 0.894531 0.748047 0.89502 0.748437 0.89502 0.748828 0.895508 0.750391 0.895508 0.750781 0.895996 0.752344 0.895996 0.752734 0.896484 0.754297 0.896484 0.754687 0.896973 0.760156 0.896973 0.760547 0.896484 0.761328 0.896484 0.761719 0.895996 0.762109 0.895996 0.7625 0.895508 0.762891 0.895508 0.763281 0.89502 0.763672 0.89502 0.764844 0.893555 0.765234 0.893555 0.766797 0.891602 0.767188 0.891602 0.76875 0.889648 0.769141 0.889648 0.772266 0.885742 0.772266 0.884766 0.772656 0.884277 0.772656 0.879883 0.772266 0.879395
1 0.972656 0.89209 0.971484 0.893555 0.971094 0.893555 0.970703 0.894043 0.970703 0.894531 0.969922 0.895508 0.969922 0.896484 0.969531 0.896973 0.969531 0.898438 0.969141 0.898926 0.969141 0.905273 0.969531 0.905762 0.969531 0.907227 0.969922 0.907715 0.969922 0.90918 0.970313 0.909668 0.970313 0.910156 0.970703 0.910645 0.970703 0.911133 0.971094 0.911621 0.971094 0.912109 0.973047 0.914551 0.973047 0.915039 0.976953 0.919922 0.977344 0.919922 0.977734 0.92041 0.978125 0.92041 0.978516 0.920898 0.979688 0.920898 0.980078 0.921387 0.980859 0.921387 0.98125 0.921875 0.982031 0.921875 0.982422 0.922363 0.986719 0.922363 0.987109 0.921875 0.9875 0.921875 0.987891 0.921387 0.987891 0.920898 0.988281 0.92041 0.988281 0.915527 0.987891 0.915039 0.987891 0.914551 0.9875 0.914062 0.9875 0.913086 0.987109 0.912598 0.987109 0.911621 0.986719 0.911133 0.986719 0.910156 0.986328 0.909668 0.986328 0.908691 0.985938 0.908203 0.985938 0.907715 0.985547 0.907227 0.985547 0.90625 0.985156 0.905762 0.985156 0.905273 0.984766 0.904785 0.984766 0.903809 0.984375 0.90332 0.984375 0.901367 0.983984 0.900879 0.983984 0.898438 0.983594 0.897949 0.983594 0.896484 0.983203 0.895996 0.983203 0.895508 0.982812 0.89502 0.982812 0.894531 0.982422 0.894043 0.982422 0.893555 0.980078 0.890625 0.979688 0.890625 0.979297 0.890137 0.977344 0.890137 0.976953 0.890625 0.975391 0.890625 0.975 0.891113 0.974219 0.891113 0.973828 0.891602 0.973437 0.891602 0.973047 0.89209
1 0.873047 0.493652 0.872656 0.493164 0.872656 0.491699 0.871484 0.490234 0.871094 0.490234 0.870703 0.489746 0.869922 0.489746 0.869531 0.489258 0.867188 0.489258 0.866797 0.48877 0.861719 0.48877 0.861328 0.489258 0.856641 0.489258 0.85625 0.489746 0.844922 0.489746 0.844531 0.490234 0.844141 0.490234 0.843359 0.491211 0.843359 0.491699 0.842969 0.492188 0.842969 0.492676 0.842578 0.493164 0.842578 0.496094 0.842969 0.496582 0.842969 0.497559 0.843359 0.498047 0.843359 0.498535 0.844531 0.5 0.844531 0.500488 0.846484 0.50293 0.846875 0.50293 0.848437 0.504883 0.848828 0.504883 0.85 0.506348 0.850391 0.506348 0.850781 0.506836 0.851172 0.506836 0.851562 0.507324 0.851953 0.507324 0.852344 0.507812 0.852734 0.507812 0.853125 0.508301 0.853906 0.508301 0.854297 0.508789 0.855469 0.508789 0.855859 0.509277 0.857031 0.509277 0.857422 0.509766 0.862109 0.509766 0.8625 0.509277 0.862891 0.509277 0.863281 0.508789 0.864062 0.508789 0.864453 0.508301 0.865234 0.508301 0.865625 0.507812 0.866016 0.507812 0.870703 0.501953 0.870703 0.501465 0.871875 0.5 0.871875 0.499512 0.872656 0.498535 0.872656 0.496582 0.873047 0.496094
1 0.914453 0.462891 0.914062 0.462402 0.914062 0.461914 0.913281 0.460938 0.913281 0.460449 0.911719 0.458496 0.911328 0.458496 0.909766 0.456543 0.909375 0.456543 0.908203 0.455078 0.907422 0.455078 0.907031 0.45459 0.90625 0.45459 0.905859 0.454102 0.904687 0.454102 0.904297 0.453613 0.900391 0.453613 0.9 0.454102 0.898828 0.454102 0.898438 0.45459 0.897266 0.45459 0.896875 0.455078 0.896094 0.455078 0.895703 0.455566 0.895312 0.455566 0.894922 0.456055 0.894531 0.456055 0.894141 0.456543 0.89375 0.456543 0.893359 0.457031 0.892969 0.457031 0.892578 0.45752 0.892188 0.45752 0.891016 0.458984 0.890625 0.458984 0.889844 0.459961 0.889453 0.459961 0.889062 0.460449 0.888672 0.460449 0.888281 0.460938 0.887891 0.460938 0.8875 0.461426 0.887109 0.461426 0.886719 0.461914 0.886328 0.461914 0.885547 0.462891 0.885156 0.462891 0.883984 0.464355 0.883594 0.464355 0.882422 0.46582 0.882031 0.46582 0.88125 0.466797 0.880859 0.466797 0.878516 0.469727 0.878516 0.470703 0.879297 0.47168 0.880469 0.47168 0.880859 0.472168 0.882031 0.472168 0.882422 0.472656 0.883594 0.472656 0.883984 0.473145 0.885156 0.473145 0.885547 0.473633 0.888281 0.473633 0.888672 0.474121 0.894531 0.474121 0.894922 0.473633 0.897266 0.473633 0.897656 0.473145 0.899219 0.473145 0.899609 0.472656 0.900781 0.472656 0.901172 0.472168 0.901953 0.472168 0.902344 0.47168 0.903125 0.47168 0.903516 0.471191 0.903906 0.471191 0.904297 0.470703 0.904687 0.470703 0.905078 0.470215 0.905469 0.470215 0.905859 0.469727 0.90625 0.469727 0.906641 0.469238 0.907031 0.469238 0.907422 0.46875 0.908203 0.46875 0.908594 0.468262 0.909375 0.468262 0.909766 0.467773 0.910156 0.467773 0.910547 0.467285 0.911328 0.467285 0.911719 0.466797 0.912109 0.466797 0.9125 0.466309 0.912891 0.466309 0.913281 0.46582 0.913281 0.465332 0.914062 0.464355 0.914062 0.463867 0.914453 0.463379
1 0.868359 0.526367 0.868359 0.526855 0.867969 0.527344 0.867969 0.530273 0.868359 0.530762 0.868359 0.53125 0.869531 0.532715 0.869922 0.532715 0.870703 0.533691 0.871094 0.533691 0.871875 0.534668 0.872266 0.534668 0.872656 0.535156 0.873047 0.535156 0.873437 0.535645 0.873828 0.535645 0.875781 0.538086 0.876172 0.538086 0.877344 0.539551 0.877734 0.539551 0.880469 0.542969 0.880859 0.542969 0.883594 0.546387 0.883984 0.546387 0.884766 0.547363 0.885156 0.547363 0.885547 0.547852 0.885938 0.547852 0.886719 0.548828 0.887109 0.548828 0.8875 0.549316 0.887891 0.549316 0.888281 0.549805 0.888672 0.549805 0.889062 0.550293 0.889453 0.550293 0.889844 0.550781 0.890625 0.550781 0.891016 0.55127 0.891406 0.55127 0.891797 0.551758 0.892188 0.551758 0.892578 0.552246 0.894531 0.552246 0.894922 0.552734 0.9 0.552734 0.900391 0.552246 0.900391 0.54834 0.9 0.547852 0.9 0.547363 0.898828 0.545898 0.898828 0.54541 0.898438 0.544922 0.898438 0.544434 0.898047 0.543945 0.898047 0.543457 0.897656 0.542969 0.897656 0.541992 0.897266 0.541504 0.897266 0.541016 0.896875 0.540527 0.896875 0.540039 0.89375 0.536133 0.89375 0.535645 0.891797 0.533203 0.891406 0.533203 0.890625 0.532227 0.890234 0.532227 0.889453 0.53125 0.889062 0.53125 0.888672 0.530762 0.888281 0.530762 0.887891 0.530273 0.8875 0.530273 0.887109 0.529785 0.886719 0.529785 0.886328 0.529297 0.885938 0.529297 0.885547 0.528809 0.885156 0.528809 0.884766 0.52832 0.883984 0.52832 0.883594 0.527832 0.883203 0.527832 0.882812 0.527344 0.882422 0.527344 0.882031 0.526855 0.881641 0.526855 0.880859 0.525879 0.880078 0.525879 0.879687 0.525391 0.878125 0.525391 0.877734 0.524902 0.875781 0.524902 0.875391 0.524414 0.871094 0.524414 0.870703 0.524902 0.869531 0.524902
1 0.923047 0.322266 0.922656 0.322754 0.922266 0.322754 0.920312 0.325195 0.920312 0.326172 0.919922 0.32666 0.919922 0.327637 0.919531 0.328125 0.919531 0.329102 0.919141 0.32959 0.919141 0.336426 0.919531 0.336914 0.919531 0.338379 0.919922 0.338867 0.919922 0.339355 0.920312 0.339844 0.920312 0.340332 0.920703 0.34082 0.920703 0.341309 0.921094 0.341797 0.921094 0.342773 0.921484 0.343262 0.921484 0.344238 0.922656 0.345703 0.923047 0.345703 0.923828 0.34668 0.924219 0.34668 0.924609 0.347168 0.924609 0.347656 0.925391 0.348633 0.925391 0.349121 0.925781 0.349609 0.925781 0.350098 0.926562 0.351074 0.926562 0.351562 0.926953 0.352051 0.926953 0.352539 0.927344 0.353027 0.927344 0.353516 0.928125 0.354492 0.928125 0.35498 0.930859 0.358398 0.932422 0.358398 0.932813 0.358887 0.935547 0.358887 0.935937 0.358398 0.936328 0.358398 0.936328 0.35791 0.936719 0.357422 0.936719 0.355957 0.937109 0.355469 0.937109 0.34082 0.936719 0.340332 0.936719 0.337402 0.936328 0.336914 0.936328 0.334473 0.935937 0.333984 0.935937 0.333008 0.933594 0.330078 0.933594 0.32959 0.933203 0.329102 0.932813 0.329102 0.932031 0.328125 0.931641 0.328125 0.930078 0.326172 0.929688 0.326172 0.928125 0.324219 0.927734 0.324219 0.927344 0.32373 0.926953 0.32373 0.926562 0.323242 0.926172 0.323242 0.925781 0.322754 0.925391 0.322754 0.925 0.322266
1 0.916406 0.21582 0.914844 0.21582 0.914453 0.216309 0.913281 0.216309 0.912891 0.216797 0.912109 0.216797 0.911719 0.217285 0.911328 0.217285 0.910547 0.218262 0.910156 0.218262 0.909766 0.21875 0.909375 0.21875 0.908984 0.219238 0.908594 0.219238 0.907422 0.220703 0.907422 0.221191 0.907031 0.22168 0.907031 0.222168 0.906641 0.222656 0.906641 0.223145 0.90625 0.223633 0.90625 0.224121 0.905859 0.224609 0.905859 0.225098 0.905469 0.225586 0.905469 0.226074 0.904687 0.227051 0.904687 0.227539 0.903906 0.228516 0.903906 0.229492 0.903516 0.22998 0.903516 0.230957 0.903125 0.231445 0.903125 0.232422 0.902734 0.23291 0.902734 0.234375 0.902344 0.234863 0.902344 0.23877 0.902734 0.239258 0.902734 0.241699 0.903125 0.242188 0.903125 0.244141 0.903516 0.244629 0.903516 0.245605 0.904297 0.246582 0.904297 0.24707 0.905078 0.248047 0.905078 0.248535 0.906641 0.250488 0.906641 0.250977 0.907422 0.251953 0.907813 0.251953 0.908203 0.252441 0.909766 0.252441 0.910156 0.25293 0.912109 0.25293 0.9125 0.252441 0.912891 0.252441 0.914062 0.250977 0.914062 0.250488 0.915234 0.249023 0.915234 0.248535 0.915625 0.248047 0.915625 0.247559 0.916016 0.24707 0.916016 0.245117 0.916406 0.244629 0.916406 0.243164 0.916797 0.242676 0.916797 0.241699 0.917188 0.241211 0.917188 0.239746 0.917578 0.239258 0.917578 0.237793 0.917969 0.237305 0.917969 0.219727 0.917578 0.219238 0.917578 0.217773 0.917188 0.217285 0.917188 0.216797
1 0.877344 0.202637 0.876563 0.203613 0.876563 0.204102 0.876172 0.20459 0.876172 0.205078 0.875781 0.205566 0.875781 0.206543 0.875391 0.207031 0.875391 0.208008 0.875 0.208496 0.875 0.210938 0.874609 0.211426 0.874609 0.213379 0.874219 0.213867 0.874219 0.219238 0.874609 0.219727 0.874609 0.221191 0.875 0.22168 0.875 0.222168 0.875391 0.222656 0.875391 0.223633 0.875781 0.224121 0.875781 0.225098 0.876172 0.225586 0.876172 0.226074 0.877734 0.228027 0.877734 0.228516 0.878516 0.229492 0.878516 0.230469 0.878906 0.230957 0.878906 0.231445 0.879297 0.231934 0.879297 0.23291 0.879687 0.233398 0.879687 0.233887 0.880078 0.234375 0.880078 0.234863 0.880469 0.235352 0.880469 0.23584 0.880859 0.236328 0.880859 0.236816 0.88125 0.237305 0.88125 0.238281 0.881641 0.23877 0.881641 0.239746 0.882031 0.240234 0.882031 0.240723 0.882812 0.241699 0.883203 0.241699 0.883984 0.242676 0.884375 0.242676 0.884766 0.243164 0.885156 0.243164 0.885547 0.243652 0.886328 0.243652 0.886719 0.244141 0.887109 0.244141 0.8875 0.244629 0.889453 0.244629 0.892188 0.241211 0.892188 0.240723 0.892578 0.240234 0.892578 0.233398 0.892188 0.23291 0.892188 0.230957 0.891797 0.230469 0.891797 0.229004 0.891406 0.228516 0.891406 0.227539 0.891016 0.227051 0.891016 0.225098 0.890625 0.224609 0.890625 0.223145 0.890234 0.222656 0.890234 0.221191 0.889844 0.220703 0.889844 0.219727 0.889453 0.219238 0.889453 0.217773 0.889062 0.217285 0.889062 0.216309 0.888672 0.21582 0.888672 0.214844 0.888281 0.214355 0.888281 0.213867 0.887891 0.213379 0.887891 0.212891 0.8875 0.212402 0.8875 0.211914 0.885547 0.209473 0.885547 0.208984 0.884375 0.20752 0.884375 0.207031 0.883594 0.206055 0.883594 0.205566 0.881641 0.203125 0.881641 0.202637 0.88125 0.202637 0.880469 0.20166 0.880078 0.20166 0.879687 0.202148 0.878516 0.202148 0.878125 0.202637
1 0.812109 0.271484 0.812109 0.275391 0.812891 0.276367 0.813281 0.276367 0.813672 0.276855 0.814453 0.276855 0.814844 0.277344 0.816016 0.277344 0.816406 0.277832 0.817187 0.277832 0.817578 0.27832 0.819141 0.27832 0.819531 0.278809 0.821484 0.278809 0.821875 0.279297 0.824219 0.279297 0.824609 0.279785 0.826562 0.279785 0.826953 0.280273 0.829297 0.280273 0.829688 0.280762 0.834375 0.280762 0.834766 0.28125 0.840234 0.28125 0.840625 0.280762 0.841406 0.280762 0.842187 0.279785 0.842187 0.274902 0.841797 0.274414 0.841797 0.273926 0.841016 0.272949 0.840625 0.272949 0.839844 0.271973 0.839453 0.271973 0.838672 0.270996 0.838281 0.270996 0.8375 0.27002 0.837109 0.27002 0.834766 0.26709 0.834375 0.26709 0.833984 0.266602 0.833594 0.266602 0.833203 0.266113 0.832422 0.266113 0.832031 0.265625 0.831641 0.265625 0.830859 0.264648 0.830469 0.264648 0.830078 0.26416 0.829688 0.26416 0.829297 0.263672 0.828516 0.263672 0.828125 0.263184 0.827344 0.263184 0.826953 0.262695 0.821094 0.262695 0.820703 0.263184 0.819922 0.263184 0.819531 0.263672 0.81875 0.263672 0.818359 0.26416 0.817578 0.26416 0.817187 0.264648 0.816797 0.264648 0.816406 0.265137 0.816016 0.265137 0.815625 0.265625 0.815234 0.265625 0.814844 0.266113 0.814453 0.266113 0.813672 0.26709 0.813672 0.267578 0.813281 0.268066 0.813281 0.268555 0.812891 0.269043 0.812891 0.269531 0.8125 0.27002 0.8125 0.270996
1 0.777734 0.25 0.777344 0.25 0.776563 0.249023 0.774219 0.249023 0.773828 0.249512 0.773047 0.249512 0.772656 0.25 0.770312 0.25 0.769922 0.250488 0.767578 0.250488 0.767188 0.250977 0.766797 0.250977 0.764062 0.254395 0.763672 0.254395 0.762109 0.256348 0.761719 0.256348 0.760938 0.257324 0.760547 0.257324 0.760156 0.257812 0.759766 0.257812 0.759375 0.258301 0.758984 0.258301 0.754687 0.263672 0.754687 0.26416 0.752734 0.266602 0.752734 0.26709 0.752344 0.267578 0.752344 0.271973 0.752734 0.272461 0.753125 0.272461 0.754297 0.273926 0.754687 0.273926 0.755078 0.274414 0.755469 0.274414 0.755859 0.274902 0.760547 0.274902 0.760938 0.274414 0.761719 0.274414 0.762109 0.273926 0.763281 0.273926 0.763672 0.273438 0.764062 0.273438 0.764453 0.272949 0.764844 0.272949 0.765625 0.271973 0.766016 0.271973 0.766406 0.271484 0.766797 0.271484 0.767578 0.270508 0.767969 0.270508 0.768359 0.27002 0.76875 0.27002 0.769531 0.269043 0.769922 0.269043 0.770312 0.268555 0.770703 0.268555 0.771094 0.268066 0.771484 0.268066 0.774219 0.264648 0.774609 0.264648 0.776563 0.262207 0.776563 0.261719 0.777734 0.260254 0.777734 0.259277 0.778125 0.258789 0.778125 0.258301 0.778516 0.257812 0.778516 0.257324 0.778906 0.256836 0.778906 0.253418 0.778516 0.25293 0.778516 0.251953 0.778125 0.251465 0.778125 0.250977 0.777734 0.250488
1 0.786328 0.232422 0.785547 0.231445 0.785156 0.231445 0.784766 0.230957 0.779687 0.230957 0.779297 0.231445 0.774609 0.231445 0.774219 0.231934 0.772266 0.231934 0.771875 0.232422 0.767578 0.232422 0.767188 0.23291 0.764844 0.23291 0.764453 0.233398 0.762109 0.233398 0.761719 0.233887 0.759375 0.233887 0.758984 0.234375 0.757812 0.234375 0.757422 0.234863 0.756641 0.234863 0.75625 0.235352 0.755078 0.235352 0.754687 0.23584 0.753906 0.23584 0.753516 0.236328 0.752734 0.236328 0.752344 0.236816 0.751953 0.236816 0.749609 0.239746 0.749609 0.240723 0.752344 0.244141 0.752734 0.244141 0.753906 0.245605 0.754297 0.245605 0.754687 0.246094 0.755078 0.246094 0.755469 0.246582 0.755859 0.246582 0.75625 0.24707 0.756641 0.24707 0.757031 0.247559 0.757812 0.247559 0.758203 0.248047 0.758594 0.248047 0.758984 0.248535 0.760156 0.248535 0.760547 0.249023 0.761719 0.249023 0.762109 0.249512 0.766406 0.249512 0.766797 0.249023 0.771484 0.249023 0.771875 0.248535 0.772656 0.248535 0.773047 0.248047 0.773438 0.248047 0.773828 0.247559 0.774219 0.247559 0.774609 0.24707 0.775391 0.24707 0.775781 0.246582 0.776563 0.246582 0.776953 0.246094 0.778125 0.246094 0.778516 0.245605 0.779297 0.245605 0.779687 0.245117 0.780078 0.245117 0.785156 0.23877 0.785156 0.238281 0.786328 0.236816
1 0.916797 0.0634766 0.915234 0.0654297 0.915234 0.065918 0.914844 0.0664062 0.914844 0.0673828 0.914453 0.0678711 0.914453 0.0693359 0.914062 0.0698242 0.914062 0.0756836 0.914453 0.0761719 0.914453 0.0766602 0.914844 0.0771484 0.914844 0.0776367 0.916016 0.0791016 0.916016 0.0795898 0.91875 0.0830078 0.91875 0.0834961 0.921484 0.0869141 0.921484 0.0874023 0.922656 0.0888672 0.922656 0.0893555 0.923438 0.090332 0.923828 0.090332 0.924609 0.0913086 0.925 0.0913086 0.925781 0.0922852 0.926172 0.0922852 0.926562 0.0927734 0.926953 0.0927734 0.927344 0.0932617 0.927734 0.0932617 0.928516 0.0942383 0.928906 0.0942383 0.929688 0.0952148 0.930078 0.0952148 0.930859 0.0961914 0.933594 0.0961914 0.933984 0.0957031 0.935156 0.0957031 0.935547 0.0952148 0.935547 0.0947266 0.935937 0.0942383 0.935937 0.09375 0.936328 0.0932617 0.936328 0.0917969 0.936719 0.0913086 0.936719 0.0883789 0.936328 0.0878906 0.936328 0.0859375 0.935937 0.0854492 0.935937 0.0849609 0.935547 0.0844727 0.935547 0.0834961 0.935156 0.0830078 0.935156 0.0820312 0.934766 0.081543 0.934766 0.0805664 0.934375 0.0800781 0.934375 0.0795898 0.933203 0.078125 0.933203 0.0776367 0.932422 0.0766602 0.932422 0.0761719 0.930859 0.0742188 0.930859 0.0737305 0.930078 0.0727539 0.930078 0.0722656 0.929688 0.0717773 0.929688 0.0712891 0.928516 0.0698242 0.928516 0.0693359 0.925781 0.065918 0.925391 0.065918 0.924219 0.0644531 0.923828 0.0644531 0.923438 0.0639648 0.923047 0.0639648 0.922656 0.0634766 0.922266 0.0634766 0.921875 0.0629883 0.921094 0.0629883 0.920703 0.0625 0.918359 0.0625 0.917969 0.0629883 0.917578 0.0629883 0.917188 0.0634766
1 0.914453 0.0288086 0.914453 0.0302734 0.915625 0.0317383 0.916016 0.0317383 0.916797 0.0327148 0.917188 0.0327148 0.917969 0.0336914 0.918359 0.0336914 0.91875 0.0341797 0.919141 0.0341797 0.919531 0.034668 0.919922 0.034668 0.920703 0.0356445 0.921094 0.0356445 0.921875 0.0366211 0.922266 0.0366211 0.923047 0.0375977 0.923828 0.0375977 0.924219 0.0380859 0.925 0.0380859 0.925391 0.0385742 0.926562 0.0385742 0.926953 0.0390625 0.928516 0.0390625 0.928906 0.0395508 0.93125 0.0395508 0.931641 0.0400391 0.935547 0.0400391 0.935937 0.0395508 0.937891 0.0395508 0.938281 0.0390625 0.939844 0.0390625 0.940234 0.0385742 0.941797 0.0385742 0.942187 0.0380859 0.94375 0.0380859 0.944141 0.0375977 0.945312 0.0375977 0.945703 0.0371094 0.946875 0.0371094 0.947266 0.0366211 0.948047 0.0366211 0.948828 0.0356445 0.949219 0.0356445 0.950391 0.0341797 0.950391 0.0322266 0.947656 0.0288086 0.947266 0.0288086 0.946875 0.0283203 0.946484 0.0283203 0.946094 0.027832 0.945703 0.027832 0.944141 0.0258789 0.94375 0.0258789 0.943359 0.0253906 0.942969 0.0253906 0.942578 0.0249023 0.941797 0.0249023 0.941406 0.0244141 0.940625 0.0244141 0.940234 0.0239258 0.938672 0.0239258 0.938281 0.0234375 0.929297 0.0234375 0.928906 0.0239258 0.925781 0.0239258 0.925391 0.0244141 0.923047 0.0244141 0.922656 0.0249023 0.920312 0.0249023 0.919922 0.0253906 0.91875 0.0253906 0.918359 0.0258789 0.917969 0.0258789 0.917578 0.0263672 0.917188 0.0263672 0.916797 0.0268555 0.916406 0.0268555 0.916016 0.0273438 0.915625 0.0273438
1 0.842578 0.0546875 0.839844 0.0546875 0.839453 0.0551758 0.838672 0.0551758 0.838281 0.0556641 0.837891 0.0556641 0.836328 0.0576172 0.836328 0.0581055 0.835547 0.059082 0.835547 0.0595703 0.834766 0.0605469 0.834766 0.0610352 0.833594 0.0625 0.833594 0.0629883 0.832812 0.0639648 0.832812 0.0644531 0.832031 0.0654297 0.832031 0.065918 0.83125 0.0668945 0.83125 0.0673828 0.830469 0.0683594 0.830469 0.0693359 0.830078 0.0698242 0.830078 0.0703125 0.829688 0.0708008 0.829688 0.0712891 0.829297 0.0717773 0.829297 0.0722656 0.828906 0.0727539 0.828906 0.0742188 0.828516 0.074707 0.828516 0.0756836 0.828125 0.0761719 0.828125 0.0776367 0.827734 0.078125 0.827734 0.0791016 0.827344 0.0795898 0.827344 0.0825195 0.826953 0.0830078 0.826953 0.0898438 0.827344 0.090332 0.827344 0.0922852 0.828125 0.0932617 0.828125 0.09375 0.830469 0.0966797 0.830859 0.0966797 0.83125 0.097168 0.832422 0.097168 0.832812 0.0976562 0.833984 0.0976562 0.834375 0.097168 0.834766 0.097168 0.835938 0.0957031 0.835938 0.0952148 0.837109 0.09375 0.837109 0.0932617 0.837891 0.0922852 0.837891 0.0917969 0.838672 0.0908203 0.838672 0.090332 0.841406 0.0869141 0.841797 0.0869141 0.842969 0.0854492 0.842969 0.0849609 0.84375 0.0839844 0.84375 0.0830078 0.844141 0.0825195 0.844141 0.0805664 0.844531 0.0800781 0.844531 0.0791016 0.844922 0.0786133 0.844922 0.0771484 0.845313 0.0766602 0.845313 0.0737305 0.845703 0.0732422 0.845703 0.0698242 0.846094 0.0693359 0.846094 0.0664062 0.845703 0.065918 0.845703 0.0629883 0.845313 0.0625 0.845313 0.0615234 0.844922 0.0610352 0.844922 0.0600586 0.844531 0.0595703 0.844531 0.0585938 0.844141 0.0581055 0.844141 0.0571289 0.84375 0.0566406 0.84375 0.0561523
1 0.802344 0.11084 0.802344 0.111328 0.801953 0.111816 0.801953 0.11377 0.802344 0.114258 0.802344 0.115723 0.805078 0.119141 0.805078 0.119629 0.80625 0.121094 0.80625 0.121582 0.808984 0.125 0.808984 0.125488 0.809766 0.126465 0.809766 0.126953 0.811719 0.129395 0.811719 0.129883 0.812109 0.130371 0.812109 0.130859 0.8125 0.131348 0.8125 0.131836 0.812891 0.132324 0.812891 0.132812 0.813281 0.133301 0.813281 0.134277 0.813672 0.134766 0.813672 0.135254 0.816406 0.138672 0.816797 0.138672 0.817969 0.140137 0.81875 0.140137 0.819141 0.140625 0.819922 0.140625 0.820312 0.141113 0.821484 0.141113 0.821875 0.141602 0.823438 0.141602 0.823828 0.14209 0.825 0.14209 0.825391 0.142578 0.825781 0.142578 0.826172 0.14209 0.826562 0.14209 0.826953 0.141602 0.826953 0.134766 0.826562 0.134277 0.826562 0.133301 0.826172 0.132812 0.826172 0.131836 0.825781 0.131348 0.825781 0.129883 0.825391 0.129395 0.825391 0.128906 0.825 0.128418 0.825 0.127441 0.824609 0.126953 0.824609 0.126465 0.824219 0.125977 0.824219 0.125488 0.823438 0.124512 0.823438 0.124023 0.821094 0.121094 0.821094 0.120605 0.820703 0.120117 0.820703 0.119629 0.818359 0.116699 0.817969 0.116699 0.817578 0.116211 0.817187 0.116211 0.816797 0.115723 0.816406 0.115723 0.815234 0.114258 0.814844 0.114258 0.814453 0.11377 0.813672 0.11377 0.813281 0.113281 0.812891 0.113281 0.811719 0.111816 0.811328 0.111816 0.810937 0.111328 0.807813 0.111328 0.807422 0.11084 0.803906 0.11084 0.803516 0.110352 0.803125 0.110352 0.802734 0.11084
1 0.810937 0.15332 0.810937 0.155273 0.811719 0.15625 0.811719 0.156738 0.813281 0.158691 0.813672 0.158691 0.814063 0.15918 0.814453 0.15918 0.815234 0.160156 0.815625 0.160156 0.816797 0.161621 0.817187 0.161621 0.817578 0.162109 0.817969 0.162109 0.818359 0.162598 0.81875 0.162598 0.819141 0.163086 0.819922 0.163086 0.820312 0.163574 0.821094 0.163574 0.821484 0.164062 0.822656 0.164062 0.823047 0.164551 0.825 0.164551 0.825391 0.165039 0.832812 0.165039 0.833203 0.164551 0.834766 0.164551 0.835156 0.164062 0.835938 0.164062 0.836328 0.163574 0.837109 0.163574 0.8375 0.163086 0.838281 0.163086 0.838672 0.162598 0.839063 0.162598 0.839453 0.162109 0.839453 0.161621 0.839844 0.161133 0.839844 0.160645 0.840234 0.160156 0.840234 0.157227 0.839453 0.15625 0.839453 0.155762 0.838672 0.154785 0.838672 0.154297 0.837109 0.152344 0.836719 0.152344 0.834375 0.149414 0.833984 0.149414 0.833594 0.148926 0.832422 0.148926 0.832031 0.148438 0.83125 0.148438 0.830859 0.147949 0.829688 0.147949 0.829297 0.147461 0.828125 0.147461 0.827734 0.146973 0.826953 0.146973 0.826562 0.146484 0.817578 0.146484 0.817187 0.146973 0.816797 0.146973 0.816406 0.147461 0.815625 0.147461 0.815234 0.147949 0.814844 0.147949 0.813672 0.149414 0.813281 0.149414 0.811719 0.151367 0.811719 0.151855 0.811328 0.152344 0.811328 0.152832
1 0.926953 0.127441 0.926172 0.127441 0.925781 0.126953 0.925 0.126953 0.924609 0.126465 0.923438 0.126465 0.923047 0.126953 0.922266 0.126953 0.921875 0.127441 0.921484 0.127441 0.921094 0.12793 0.920703 0.12793 0.919922 0.128906 0.919531 0.128906 0.917969 0.130859 0.917578 0.130859 0.916797 0.131836 0.916406 0.131836 0.914453 0.134277 0.914453 0.134766 0.913672 0.135742 0.913672 0.13623 0.913281 0.136719 0.913281 0.137207 0.9125 0.138184 0.9125 0.138672 0.911719 0.139648 0.911719 0.140137 0.911328 0.140625 0.911328 0.141113 0.910547 0.14209 0.910547 0.142578 0.910156 0.143066 0.910156 0.143555 0.909766 0.144043 0.909766 0.144531 0.908984 0.145508 0.908984 0.145996 0.908594 0.146484 0.908594 0.146973 0.907422 0.148438 0.907422 0.148926 0.906641 0.149902 0.906641 0.150391 0.90625 0.150879 0.90625 0.151367 0.905859 0.151855 0.905859 0.152344 0.905469 0.152832 0.905469 0.15332 0.905078 0.153809 0.905078 0.154297 0.904687 0.154785 0.904687 0.155762 0.904297 0.15625 0.904297 0.156738 0.903906 0.157227 0.903906 0.158203 0.904687 0.15918 0.907031 0.15918 0.907422 0.159668 0.907813 0.159668 0.908203 0.15918 0.909766 0.15918 0.910156 0.158691 0.911328 0.158691 0.911719 0.158203 0.9125 0.158203 0.912891 0.157715 0.913281 0.157715 0.913672 0.157227 0.914062 0.157227 0.914453 0.156738 0.915234 0.156738 0.915625 0.15625 0.916406 0.15625 0.916797 0.155762 0.917578 0.155762 0.917969 0.155273 0.918359 0.155273 0.91875 0.154785 0.919141 0.154785 0.919531 0.154297 0.919922 0.154297 0.920703 0.15332 0.920703 0.152832 0.921484 0.151855 0.921484 0.151367 0.922266 0.150391 0.922266 0.149902 0.924219 0.147461 0.924219 0.146973 0.925 0.145996 0.925 0.145508 0.925781 0.144531 0.925781 0.144043 0.926172 0.143555 0.926172 0.143066 0.926562 0.142578 0.926562 0.14209 0.926953 0.141602 0.926953 0.141113 0.927344 0.140625 0.927344 0.140137 0.927734 0.139648 0.927734 0.138672 0.928125 0.138184 0.928125 0.136719 0.928516 0.13623 0.928516 0.129883 0.928125 0.129395 0.928125 0.128906
1 0.888281 0.0478516 0.888281 0.0483398 0.887891 0.0488281 0.887891 0.0493164 0.8875 0.0498047 0.8875 0.050293 0.886328 0.0517578 0.886328 0.0532227 0.886719 0.0537109 0.886719 0.0541992 0.887891 0.0556641 0.887891 0.0561523 0.889453 0.0581055 0.889453 0.0585938 0.890234 0.0595703 0.890234 0.0600586 0.892578 0.0629883 0.892969 0.0629883 0.893359 0.0634766 0.89375 0.0634766 0.895703 0.065918 0.896094 0.065918 0.897656 0.0678711 0.897656 0.0683594 0.900391 0.0717773 0.900781 0.0717773 0.901172 0.0722656 0.901563 0.0722656 0.901953 0.0727539 0.902344 0.0727539 0.902734 0.0732422 0.903125 0.0732422 0.903516 0.0737305 0.904687 0.0737305 0.905078 0.0742188 0.908203 0.0742188 0.908594 0.0737305 0.908984 0.0737305 0.908984 0.0732422 0.909766 0.0722656 0.909766 0.0717773 0.910156 0.0712891 0.910156 0.0693359 0.910547 0.0688477 0.910547 0.0629883 0.910156 0.0625 0.910156 0.0615234 0.909766 0.0610352 0.909766 0.0605469 0.909375 0.0600586 0.909375 0.0595703 0.908984 0.059082 0.908984 0.0585938 0.908203 0.0576172 0.908203 0.0571289 0.906641 0.0551758 0.906641 0.0546875 0.905078 0.0527344 0.905078 0.0522461 0.904687 0.0517578 0.904297 0.0517578 0.903906 0.0512695 0.903516 0.0512695 0.903125 0.0507812 0.902734 0.0507812 0.901953 0.0498047 0.901563 0.0498047 0.900781 0.0488281 0.900391 0.0488281 0.9 0.0483398 0.899219 0.0483398 0.898828 0.0478516 0.898438 0.0478516 0.898047 0.0473633 0.897266 0.0473633 0.896875 0.046875 0.896094 0.046875 0.895703 0.0463867 0.894141 0.0463867 0.89375 0.0458984 0.891406 0.0458984 0.891016 0.0463867 0.890625 0.0463867 0.890234 0.046875 0.889453 0.046875 0.888672 0.0478516
1 0.989844 0.0283203 0.988672 0.0283203 0.988281 0.027832 0.985938 0.027832 0.985547 0.0283203 0.985156 0.0283203 0.984766 0.0288086 0.984375 0.0288086 0.983984 0.0292969 0.983594 0.0292969 0.983203 0.0297852 0.982812 0.0297852 0.982422 0.0302734 0.982031 0.0302734 0.981641 0.0307617 0.98125 0.0307617 0.980859 0.03125 0.980469 0.03125 0.980078 0.0317383 0.979688 0.0317383 0.979297 0.0322266 0.978906 0.0322266 0.978516 0.0327148 0.978125 0.0327148 0.977734 0.0332031 0.977734 0.0336914 0.976953 0.034668 0.976953 0.0351562 0.976172 0.0361328 0.976172 0.0366211 0.975781 0.0371094 0.975781 0.0375977 0.975391 0.0380859 0.975391 0.0385742 0.974609 0.0395508 0.974609 0.0400391 0.974219 0.0405273 0.974219 0.0415039 0.973828 0.0419922 0.973828 0.0439453 0.973437 0.0444336 0.973437 0.0463867 0.973047 0.046875 0.973047 0.0483398 0.972656 0.0488281 0.972656 0.0527344 0.972266 0.0532227 0.972266 0.0551758 0.971875 0.0556641 0.971875 0.0571289 0.972266 0.0576172 0.972266 0.059082 0.972656 0.0595703 0.972656 0.0625 0.972266 0.0629883 0.972266 0.0644531 0.972656 0.0649414 0.973047 0.0649414 0.973437 0.0654297 0.973828 0.0654297 0.974219 0.065918 0.975391 0.065918 0.975781 0.0664062 0.978516 0.0664062 0.978906 0.065918 0.979297 0.065918 0.979297 0.0654297 0.980469 0.0639648 0.980859 0.0639648 0.982422 0.0620117 0.982422 0.0615234 0.982812 0.0610352 0.982812 0.0605469 0.983203 0.0600586 0.983203 0.0595703 0.983594 0.059082 0.983594 0.0585938 0.983984 0.0581055 0.983984 0.0571289 0.984375 0.0566406 0.984375 0.0556641 0.984766 0.0551758 0.984766 0.0546875 0.985547 0.0537109 0.985547 0.0532227 0.986328 0.0522461 0.986328 0.0517578 0.986719 0.0512695 0.986719 0.0507812 0.987109 0.050293 0.987109 0.0493164 0.9875 0.0488281 0.9875 0.0478516 0.987891 0.0473633 0.987891 0.046875 0.988672 0.0458984 0.988672 0.0454102 0.989844 0.0439453 0.989844 0.0429688 0.990234 0.0424805 0.990234 0.0415039 0.990625 0.0410156 0.990625 0.0395508 0.991016 0.0390625 0.991016 0.0366211 0.991406 0.0361328 0.991406 0.0317383 0.991016 0.03125 0.991016 0.0302734 0.990625 0.0297852 0.990625 0.0292969
1 0.978516 0.0668945 0.977344 0.0654297 0.976953 0.0654297 0.976562 0.0649414 0.976172 0.0649414 0.975781 0.0644531 0.973437 0.0644531 0.973047 0.0649414 0.972266 0.0649414 0.971875 0.0654297 0.965625 0.0654297 0.965234 0.065918 0.964453 0.065918 0.964063 0.0664062 0.963281 0.0664062 0.962891 0.0668945 0.961719 0.0668945 0.961328 0.0673828 0.960547 0.0673828 0.960156 0.0678711 0.959766 0.0678711 0.959375 0.0683594 0.958984 0.0683594 0.958594 0.0688477 0.958203 0.0688477 0.957812 0.0693359 0.957031 0.0693359 0.956641 0.0698242 0.95625 0.0698242 0.955859 0.0703125 0.955469 0.0703125 0.955078 0.0708008 0.954297 0.0708008 0.953906 0.0712891 0.953516 0.0712891 0.952734 0.0722656 0.952344 0.0722656 0.951172 0.0737305 0.951172 0.0742188 0.950391 0.0751953 0.949609 0.0751953 0.949219 0.0756836 0.946875 0.0756836 0.946484 0.0761719 0.944531 0.0761719 0.944141 0.0766602 0.94375 0.0766602 0.943359 0.0771484 0.943359 0.078125 0.942969 0.0786133 0.942969 0.0810547 0.943359 0.081543 0.943359 0.0820312 0.94375 0.0825195 0.94375 0.0830078 0.945312 0.0849609 0.945703 0.0849609 0.946094 0.0854492 0.946875 0.0854492 0.947266 0.0859375 0.948828 0.0859375 0.949219 0.0864258 0.950391 0.0864258 0.950781 0.0869141 0.956641 0.0869141 0.957031 0.0864258 0.958984 0.0864258 0.959375 0.0859375 0.960156 0.0859375 0.960547 0.0854492 0.961328 0.0854492 0.961719 0.0849609 0.9625 0.0849609 0.962891 0.0844727 0.963672 0.0844727 0.964063 0.0839844 0.964453 0.0839844 0.964844 0.0834961 0.965234 0.0834961 0.965625 0.0830078 0.966406 0.0830078 0.967187 0.0820312 0.967578 0.0820312 0.968359 0.0810547 0.96875 0.0810547 0.969531 0.0800781 0.969922 0.0800781 0.970703 0.0791016 0.971094 0.0791016 0.971484 0.0786133 0.971875 0.0786133 0.972656 0.0776367 0.973047 0.0776367 0.973437 0.0771484 0.973828 0.0771484 0.977344 0.0727539 0.977344 0.0722656 0.977734 0.0717773 0.977734 0.0712891 0.978125 0.0708008 0.978125 0.0698242 0.978516 0.0693359
1 0.971484 0.0431641 0.971055 0.0443359 0.971367 0.0458984 0.970664 0.0481445 0.969961 0.0492676 0.969922 0.0509766 0.969141 0.0517578 0.96875 0.0522461 0.96875 0.0532227 0.967969 0.0541992 0.967969 0.0546875 0.966406 0.0566406 0.966406 0.0571289 0.966016 0.0576172 0.966016 0.0581055 0.965234 0.059082 0.965234 0.0595703 0.964453 0.0605469 0.964453 0.0610352 0.964063 0.0615234 0.963672 0.0615234 0.961719 0.0639648 0.961719 0.0644531 0.961328 0.0649414 0.961328 0.0654297 0.960547 0.0664062 0.960547 0.0668945 0.960156 0.0673828 0.959766 0.0673828 0.959375 0.0678711 0.958984 0.0678711 0.957422 0.0698242 0.957031 0.0698242 0.95625 0.0708008 0.955859 0.0708008 0.955469 0.0712891 0.954688 0.0712891 0.953516 0.0727539 0.953125 0.0727539 0.952734 0.0732422 0.952344 0.0732422 0.951953 0.0737305 0.948086 0.0750977 0.947031 0.0749512 0.945508 0.0748535 0.944805 0.0743164 0.943398 0.0736328 0.943008 0.0734863 0.942539 0.0731445 0.942344 0.0718262 0.942891 0.070459 0.944531 0.0678711 0.944922 0.0673828 0.944922 0.0649414 0.945312 0.0644531 0.945312 0.0634766 0.945703 0.0629883 0.945703 0.0615234 0.946094 0.0610352 0.946094 0.0600586 0.946484 0.0595703 0.946484 0.059082 0.951562 0.0527344 0.951562 0.0522461 0.953516 0.0498047 0.953516 0.0493164 0.954688 0.0478516 0.955078 0.0478516 0.955469 0.0473633 0.95625 0.0473633 0.956641 0.046875 0.957422 0.046875 0.957812 0.0463867 0.958203 0.0463867 0.958594 0.0458984 0.958984 0.0458984 0.959375 0.0454102 0.959766 0.0454102 0.960156 0.0449219 0.960547 0.0449219 0.960938 0.0444336 0.961328 0.0444336 0.962109 0.043457 0.965117 0.0412109 0.966836 0.0393555 0.968828 0.0376953 0.969922 0.0369629 0.972344 0.0382324 0.972031 0.0407227
1 0.580078 0.0341797 0.580078 0.034668 0.579688 0.0351562 0.579688 0.0385742 0.580078 0.0390625 0.580078 0.0400391 0.580469 0.0405273 0.580469 0.0410156 0.580859 0.0415039 0.580859 0.0424805 0.58125 0.0429688 0.58125 0.043457 0.581641 0.0439453 0.581641 0.0444336 0.583594 0.046875 0.583984 0.046875 0.584766 0.0478516 0.585156 0.0478516 0.586719 0.0498047 0.587109 0.0498047 0.587891 0.0507812 0.588281 0.0507812 0.589063 0.0517578 0.589453 0.0517578 0.590234 0.0527344 0.590625 0.0527344 0.591016 0.0532227 0.591406 0.0532227 0.591797 0.0537109 0.592187 0.0537109 0.592578 0.0541992 0.592969 0.0541992 0.593359 0.0546875 0.594141 0.0546875 0.594531 0.0551758 0.594922 0.0551758 0.595313 0.0556641 0.596094 0.0556641 0.596484 0.0561523 0.597266 0.0561523 0.597656 0.0566406 0.598047 0.0566406 0.598437 0.0571289 0.599609 0.0571289 0.6 0.0576172 0.601562 0.0576172 0.601953 0.0581055 0.603516 0.0581055 0.603906 0.0585938 0.608984 0.0585938 0.609375 0.0581055 0.610156 0.0581055 0.610547 0.0576172 0.610938 0.0576172 0.611328 0.0571289 0.611328 0.0537109 0.610938 0.0532227 0.610938 0.0517578 0.610156 0.0507812 0.610156 0.050293 0.609766 0.0498047 0.609766 0.0493164 0.609375 0.0488281 0.609375 0.0483398 0.608203 0.046875 0.608203 0.0463867 0.607422 0.0454102 0.607422 0.0449219 0.606641 0.0439453 0.60625 0.0439453 0.604688 0.0419922 0.604297 0.0419922 0.603125 0.0405273 0.602734 0.0405273 0.601953 0.0395508 0.601562 0.0395508 0.601172 0.0390625 0.600781 0.0390625 0.6 0.0380859 0.599609 0.0380859 0.599219 0.0375977 0.598828 0.0375977 0.598047 0.0366211 0.597656 0.0366211 0.596875 0.0356445 0.596484 0.0356445 0.596094 0.0351562 0.595703 0.0351562 0.595313 0.034668 0.594922 0.034668 0.594531 0.0341797 0.594141 0.0341797 0.593359 0.0332031 0.592969 0.0332031 0.592578 0.0327148 0.592187 0.0327148 0.591797 0.0322266 0.591016 0.0322266 0.590625 0.0317383 0.589453 0.0317383 0.589063 0.03125 0.583203 0.03125 0.582812 0.0317383 0.582031 0.0317383 0.58125 0.0327148 0.580859 0.0327148 0.580859 0.0332031
1 0.546484 0.0283203 0.546484 0.0302734 0.546875 0.0307617 0.546875 0.0322266 0.547266 0.0327148 0.547266 0.0336914 0.547656 0.0341797 0.547656 0.034668 0.548047 0.0351562 0.548047 0.0356445 0.548438 0.0361328 0.548438 0.0366211 0.55 0.0385742 0.550391 0.0385742 0.551562 0.0400391 0.551953 0.0400391 0.553125 0.0415039 0.553516 0.0415039 0.555078 0.043457 0.555469 0.043457 0.556641 0.0449219 0.557031 0.0449219 0.557422 0.0454102 0.558203 0.0454102 0.558594 0.0458984 0.559375 0.0458984 0.559766 0.0463867 0.560156 0.0463867 0.560547 0.046875 0.561328 0.046875 0.561719 0.0473633 0.562891 0.0473633 0.563281 0.0478516 0.564453 0.0478516 0.564844 0.0483398 0.569922 0.0483398 0.570312 0.0478516 0.571484 0.0478516 0.571875 0.0473633 0.573047 0.0473633 0.573438 0.046875 0.574219 0.046875 0.574609 0.0463867 0.575 0.0463867 0.575781 0.0454102 0.576172 0.0454102 0.576953 0.0444336 0.576953 0.0439453 0.577344 0.043457 0.577344 0.0424805 0.577734 0.0419922 0.577734 0.0395508 0.577344 0.0390625 0.577344 0.0375977 0.576953 0.0371094 0.576953 0.0361328 0.576172 0.0351562 0.576172 0.034668 0.575781 0.0341797 0.575781 0.0336914 0.575391 0.0332031 0.575 0.0332031 0.574609 0.0327148 0.574219 0.0327148 0.573828 0.0322266 0.573438 0.0322266 0.573047 0.0317383 0.571875 0.0317383 0.571484 0.03125 0.570703 0.03125 0.570312 0.0307617 0.569531 0.0307617 0.569141 0.0302734 0.568359 0.0302734 0.567969 0.0297852 0.566797 0.0297852 0.566406 0.0292969 0.565625 0.0292969 0.565234 0.0288086 0.564453 0.0288086 0.564063 0.0283203 0.563672 0.0283203 0.563281 0.027832 0.562891 0.027832 0.5625 0.0273438 0.562109 0.0273438 0.561328 0.0263672 0.560937 0.0263672 0.560547 0.0258789 0.558594 0.0258789 0.558203 0.0253906 0.548828 0.0253906 0.548438 0.0258789 0.548047 0.0258789 0.546875 0.0273438 0.546875 0.027832
0 0.512109 0.00488281 0.510547 0.00292969 0.504687 0.00292969 0.504297 0.00341797 0.502344 0.00341797 0.501953 0.00390625 0.501563 0.00390625 0.498437 0.0078125 0.498047 0.0078125 0.497266 0.00878906 0.496875 0.00878906 0.494141 0.012207 0.49375 0.012207 0.492578 0.0136719 0.492578 0.0141602 0.490234 0.0170898 0.489844 0.0170898 0.489453 0.0175781 0.489453 0.0180664 0.486328 0.0219727 0.486328 0.0224609 0.483984 0.0253906 0.483984 0.0258789 0.483594 0.0263672 0.483594 0.0268555 0.482812 0.027832 0.482812 0.0288086 0.482422 0.0292969 0.482422 0.03125 0.482031 0.0317383 0.482031 0.0332031 0.482812 0.0341797 0.484375 0.0341797 0.484766 0.034668 0.486328 0.034668 0.486719 0.0341797 0.4875 0.0341797 0.487891 0.0336914 0.488281 0.0336914 0.488672 0.0332031 0.489063 0.0332031 0.489453 0.0327148 0.489844 0.0327148 0.491016 0.03125 0.491406 0.03125 0.491797 0.0307617 0.492188 0.0307617 0.492578 0.0302734 0.49375 0.0302734 0.494141 0.0297852 0.494922 0.0297852 0.495312 0.0292969 0.495703 0.0292969 0.496094 0.0288086 0.496875 0.0288086 0.497266 0.0283203 0.497656 0.0283203 0.498047 0.027832 0.498437 0.027832 0.499609 0.0263672 0.5 0.0263672 0.502344 0.0234375 0.502734 0.0234375 0.504297 0.0214844 0.504297 0.0209961 0.50625 0.0185547 0.50625 0.0180664 0.506641 0.0175781 0.506641 0.0170898 0.507031 0.0166016 0.507031 0.0161133 0.507422 0.015625 0.507422 0.0151367 0.508203 0.0141602 0.508203 0.0136719 0.508594 0.0131836 0.508594 0.0126953 0.508984 0.012207 0.508984 0.0117188 0.509766 0.0107422 0.509766 0.0102539 0.510547 0.00927734 0.510547 0.00878906 0.511328 0.0078125 0.511328 0.00732422 0.512109 0.00634766
0 0.783203 0.668457 0.782813 0.668945 0.782422 0.668945 0.781641 0.669922 0.781641 0.67041 0.78125 0.670898 0.78125 0.671387 0.780859 0.671875 0.780859 0.672363 0.780078 0.67334 0.780078 0.673828 0.779687 0.674316 0.779687 0.676758 0.779297 0.677246 0.779297 0.687012 0.779687 0.6875 0.779687 0.69043 0.780078 0.690918 0.780078 0.692871 0.780469 0.693359 0.780469 0.694824 0.780859 0.695312 0.780859 0.697266 0.78125 0.697754 0.78125 0.69873 0.781641 0.699219 0.781641 0.700195 0.782031 0.700684 0.782031 0.70166 0.783984 0.704102 0.784375 0.704102 0.785547 0.705566 0.785937 0.705566 0.786328 0.706055 0.787891 0.706055 0.787891 0.705566 0.788281 0.705078 0.788281 0.70459 0.788672 0.704102 0.788672 0.703613 0.789062 0.703125 0.789062 0.702637 0.789453 0.702148 0.789453 0.70166 0.789844 0.701172 0.789844 0.700684 0.790234 0.700195 0.790234 0.699219 0.790625 0.69873 0.790625 0.697754 0.791016 0.697266 0.791016 0.696289 0.791406 0.695801 0.791406 0.694824 0.791797 0.694336 0.791797 0.692383 0.792188 0.691895 0.792188 0.680664 0.791797 0.680176 0.791797 0.678711 0.791406 0.678223 0.791406 0.677734 0.791016 0.677246 0.791016 0.67627 0.790625 0.675781 0.790625 0.675293 0.790234 0.674805 0.790234 0.674316 0.789844 0.673828 0.789844 0.67334 0.789453 0.672852 0.789453 0.672363 0.789062 0.671875 0.789062 0.671387 0.788672 0.670898 0.788672 0.67041 0.787891 0.669434 0.787891 0.668945 0.7875 0.668945 0.787109 0.668457
0 0.682813 0.559082 0.682813 0.561523 0.683984 0.562988 0.683984 0.563477 0.685547 0.56543 0.685937 0.56543 0.686719 0.566406 0.687109 0.566406 0.689063 0.568848 0.689453 0.568848 0.689844 0.569336 0.690625 0.569336 0.691016 0.569824 0.691797 0.569824 0.692187 0.570312 0.692969 0.570312 0.693359 0.570801 0.695312 0.570801 0.695703 0.571289 0.698047 0.571289 0.698438 0.571777 0.701562 0.571777 0.701953 0.572266 0.703906 0.572266 0.704297 0.572754 0.710156 0.572754 0.710547 0.572266 0.711719 0.572266 0.712109 0.571777 0.712891 0.571777 0.713281 0.571289 0.714063 0.571289 0.714844 0.570312 0.715234 0.570312 0.716406 0.568848 0.716406 0.563477 0.713672 0.560059 0.713281 0.560059 0.712891 0.55957 0.7125 0.55957 0.712109 0.559082 0.711719 0.559082 0.711328 0.558594 0.710938 0.558594 0.710547 0.558105 0.710156 0.558105 0.709766 0.557617 0.709375 0.557617 0.708984 0.557129 0.708203 0.557129 0.707812 0.556641 0.707031 0.556641 0.706641 0.556152 0.705859 0.556152 0.705469 0.555664 0.704688 0.555664 0.704297 0.555176 0.703516 0.555176 0.703125 0.554688 0.701953 0.554688 0.701562 0.554199 0.699609 0.554199 0.699219 0.553711 0.691797 0.553711 0.691406 0.554199 0.689063 0.554199 0.688672 0.554688 0.687891 0.554688 0.6875 0.555176 0.686328 0.555176 0.685937 0.555664 0.685156 0.555664 0.684766 0.556152 0.684375 0.556152 0.683594 0.557129 0.683594 0.557617 0.683203 0.558105 0.683203 0.558594
1 0.494922 0.465332 0.494141 0.466309 0.494141 0.466797 0.49375 0.467285 0.49375 0.469238 0.493359 0.469727 0.493359 0.470703 0.49375 0.471191 0.49375 0.472168 0.494141 0.472656 0.494141 0.473145 0.494531 0.473633 0.494531 0.474121 0.495312 0.475098 0.495703 0.475098 0.498437 0.478516 0.498828 0.478516 0.5 0.47998 0.5 0.480469 0.501172 0.481934 0.501172 0.482422 0.502344 0.483887 0.502734 0.483887 0.503516 0.484863 0.503516 0.485352 0.504687 0.486816 0.504687 0.487305 0.505469 0.488281 0.505469 0.48877 0.507031 0.490723 0.507031 0.491211 0.507422 0.491699 0.507422 0.492188 0.507812 0.492676 0.507812 0.493164 0.508203 0.493652 0.508203 0.494629 0.508984 0.495605 0.508984 0.496094 0.510938 0.498535 0.511328 0.498535 0.511719 0.499023 0.512109 0.499023 0.5125 0.499512 0.514062 0.499512 0.514453 0.499023 0.514453 0.498535 0.514844 0.498047 0.514844 0.49707 0.515234 0.496582 0.515234 0.495117 0.515625 0.494629 0.515625 0.491211 0.516016 0.490723 0.516016 0.488281 0.516406 0.487793 0.516406 0.482422 0.516016 0.481934 0.516016 0.479492 0.515625 0.479004 0.515625 0.477051 0.515234 0.476562 0.515234 0.475098 0.514844 0.474609 0.514844 0.473633 0.514453 0.473145 0.514453 0.472656 0.514062 0.472168 0.514062 0.47168 0.513672 0.471191 0.513672 0.470703 0.513281 0.470215 0.512891 0.470215 0.5125 0.469727 0.512109 0.469727 0.511328 0.46875 0.510938 0.46875 0.510547 0.468262 0.510156 0.468262 0.509766 0.467773 0.508984 0.467773 0.508594 0.467285 0.508203 0.467285 0.507812 0.466797 0.507422 0.466797 0.507031 0.466309 0.506641 0.466309 0.50625 0.46582 0.505469 0.46582 0.505078 0.465332 0.503516 0.465332 0.503125 0.464844 0.501172 0.464844 0.500781 0.464355 0.496875 0.464355 0.496484 0.464844 0.495703 0.464844 0.495312 0.465332
1 0.630859 0.529297 0.626953 0.529297 0.625391 0.53125 0.625391 0.531738 0.624609 0.532715 0.624609 0.533203 0.623828 0.53418 0.623828 0.534668 0.623047 0.535645 0.623047 0.536133 0.61875 0.541504 0.61875 0.541992 0.617969 0.542969 0.617969 0.543457 0.617578 0.543945 0.617578 0.544922 0.617188 0.54541 0.617188 0.546387 0.616797 0.546875 0.616797 0.547852 0.616406 0.54834 0.616406 0.550781 0.616016 0.55127 0.616016 0.553711 0.615625 0.554199 0.615625 0.556152 0.615234 0.556641 0.615234 0.569824 0.615625 0.570312 0.615625 0.570801 0.616016 0.571289 0.616406 0.571289 0.616797 0.571777 0.617188 0.571777 0.617578 0.572266 0.619922 0.572266 0.620703 0.571289 0.621094 0.571289 0.622656 0.569336 0.622656 0.568848 0.623437 0.567871 0.623437 0.567383 0.623828 0.566895 0.623828 0.566406 0.624219 0.565918 0.624219 0.56543 0.624609 0.564941 0.624609 0.564453 0.625 0.563965 0.625 0.563477 0.627734 0.560059 0.627734 0.55957 0.628906 0.558105 0.628906 0.557617 0.629297 0.557129 0.629297 0.556641 0.630078 0.555664 0.630078 0.555176 0.63125 0.553711 0.63125 0.553223 0.631641 0.552734 0.631641 0.551758 0.632031 0.55127 0.632031 0.550293 0.632422 0.549805 0.632422 0.54834 0.632812 0.547852 0.632812 0.546387 0.633203 0.545898 0.633203 0.544922 0.633594 0.544434 0.633594 0.542969 0.633984 0.54248 0.633984 0.539551 0.634375 0.539062 0.634375 0.536133 0.633984 0.535645 0.633984 0.53418 0.633594 0.533691 0.633594 0.532715 0.632031 0.530762 0.632031 0.530273 0.631641 0.529785 0.63125 0.529785
1 0.741406 0.602051 0.741016 0.601562 0.741016 0.600098 0.740625 0.599609 0.740625 0.599121 0.739844 0.598145 0.739453 0.598145 0.739062 0.597656 0.738672 0.597656 0.737891 0.59668 0.737109 0.59668 0.736719 0.596191 0.735938 0.596191 0.735547 0.595703 0.733594 0.595703 0.733203 0.595215 0.727734 0.595215 0.727344 0.595703 0.725781 0.595703 0.725391 0.596191 0.723828 0.596191 0.723437 0.59668 0.721875 0.59668 0.721484 0.597168 0.720313 0.597168 0.719922 0.597656 0.719531 0.597656 0.719141 0.598145 0.71875 0.598145 0.718359 0.598633 0.717969 0.598633 0.717578 0.599121 0.716797 0.599121 0.716406 0.599609 0.716016 0.599609 0.715625 0.600098 0.714844 0.600098 0.714453 0.600586 0.713672 0.600586 0.713281 0.601074 0.712891 0.601074 0.7125 0.601562 0.712109 0.601562 0.711328 0.602539 0.710938 0.602539 0.710156 0.603516 0.710156 0.604004 0.709766 0.604492 0.709766 0.60498 0.709375 0.605469 0.709375 0.606445 0.708984 0.606934 0.708984 0.608398 0.709375 0.608887 0.709375 0.609863 0.709766 0.610352 0.709766 0.61084 0.710547 0.611816 0.710938 0.611816 0.711328 0.612305 0.712109 0.612305 0.7125 0.612793 0.721875 0.612793 0.722266 0.613281 0.728125 0.613281 0.728516 0.612793 0.730859 0.612793 0.73125 0.612305 0.732422 0.612305 0.732812 0.611816 0.733594 0.611816 0.733984 0.611328 0.734375 0.611328 0.734766 0.61084 0.735547 0.61084 0.736328 0.609863 0.736719 0.609863 0.737109 0.609375 0.7375 0.609375 0.738281 0.608398 0.738672 0.608398 0.741016 0.605469 0.741016 0.604492 0.741406 0.604004
1 0.451562 0.385254 0.451562 0.388672 0.451953 0.38916 0.451953 0.389648 0.452344 0.390137 0.452344 0.390625 0.452734 0.391113 0.452734 0.391602 0.453125 0.39209 0.453125 0.392578 0.453906 0.393555 0.453906 0.394043 0.454297 0.394531 0.454297 0.39502 0.454688 0.395508 0.454688 0.395996 0.455078 0.396484 0.455078 0.396973 0.455859 0.397949 0.45625 0.397949 0.457031 0.398926 0.457031 0.399414 0.458203 0.400879 0.458203 0.401367 0.461328 0.405273 0.461719 0.405273 0.462109 0.405762 0.4625 0.405762 0.462891 0.40625 0.463281 0.40625 0.463672 0.406738 0.464062 0.406738 0.464844 0.407715 0.465234 0.407715 0.466016 0.408691 0.466406 0.408691 0.466797 0.40918 0.467187 0.40918 0.467578 0.409668 0.467969 0.409668 0.46875 0.410645 0.469141 0.410645 0.470313 0.412109 0.470703 0.412109 0.471094 0.412598 0.471484 0.412598 0.471875 0.413086 0.472656 0.413086 0.473047 0.413574 0.473438 0.413574 0.473828 0.414062 0.474219 0.414062 0.474609 0.414551 0.475 0.414551 0.476172 0.416016 0.476562 0.416016 0.477344 0.416992 0.477734 0.416992 0.478125 0.41748 0.478516 0.41748 0.478906 0.417969 0.479687 0.417969 0.480078 0.418457 0.480859 0.418457 0.48125 0.418945 0.483984 0.418945 0.484375 0.418457 0.484766 0.418457 0.485938 0.416992 0.485938 0.415527 0.485547 0.415039 0.485547 0.414551 0.485156 0.414062 0.485156 0.413574 0.484766 0.413086 0.484766 0.412109 0.484375 0.411621 0.484375 0.410645 0.483984 0.410156 0.483984 0.409668 0.483594 0.40918 0.483594 0.408203 0.483203 0.407715 0.483203 0.407227 0.482422 0.40625 0.482422 0.405762 0.481641 0.404785 0.481641 0.404297 0.480469 0.402832 0.480469 0.402344 0.479687 0.401367 0.479687 0.400879 0.478516 0.399414 0.478125 0.399414 0.476172 0.396973 0.475781 0.396973 0.474219 0.39502 0.473828 0.39502 0.473438 0.394531 0.473047 0.394531 0.472266 0.393555 0.471875 0.393555 0.471484 0.393066 0.471094 0.393066 0.470703 0.392578 0.470313 0.392578 0.469922 0.39209 0.469141 0.39209 0.46875 0.391602 0.467969 0.391602 0.467578 0.391113 0.467187 0.391113 0.466797 0.390625 0.466016 0.390625 0.465625 0.390137 0.464844 0.390137 0.464453 0.389648 0.464062 0.389648 0.463281 0.388672 0.462891 0.388672 0.4625 0.388184 0.462109 0.388184 0.459766 0.385254 0.459766 0.384766 0.459375 0.384277 0.458984 0.384277 0.458594 0.383789 0.454688 0.383789 0.454297 0.384277 0.452734 0.384277 0.452344 0.384766 0.451953 0.384766
1 0.271875 0.304199 0.270313 0.304199 0.269922 0.304688 0.26875 0.304688 0.268359 0.305176 0.267578 0.305176 0.267188 0.305664 0.266797 0.305664 0.266406 0.306152 0.266016 0.306152 0.264844 0.307617 0.264453 0.307617 0.263672 0.308594 0.263281 0.308594 0.262109 0.310059 0.261719 0.310059 0.260937 0.311035 0.260547 0.311035 0.260156 0.311523 0.259766 0.311523 0.257812 0.313965 0.257812 0.314453 0.257422 0.314941 0.257422 0.315918 0.257031 0.316406 0.257031 0.316895 0.256641 0.317383 0.256641 0.318359 0.255859 0.319336 0.255859 0.319824 0.255078 0.320801 0.255078 0.321289 0.254688 0.321777 0.254688 0.322754 0.254297 0.323242 0.254297 0.324707 0.253906 0.325195 0.253906 0.32666 0.253516 0.327148 0.253516 0.329102 0.253125 0.32959 0.253125 0.331055 0.253516 0.331543 0.253516 0.333984 0.253906 0.334473 0.253906 0.335449 0.254297 0.335938 0.254297 0.336426 0.254688 0.336914 0.254688 0.337402 0.255078 0.337891 0.255078 0.338379 0.255469 0.338379 0.255859 0.338867 0.260156 0.338867 0.260547 0.338379 0.260937 0.338379 0.264453 0.333984 0.264844 0.333984 0.26875 0.329102 0.269141 0.329102 0.270313 0.327637 0.270313 0.327148 0.272266 0.324707 0.272266 0.324219 0.272656 0.32373 0.272656 0.323242 0.273047 0.322754 0.273047 0.321289 0.273438 0.320801 0.273438 0.319824 0.273828 0.319336 0.273828 0.30957 0.273438 0.309082 0.273438 0.306152
1 0.895312 0.0327148 0.895312 0.0336914 0.894922 0.0341797 0.894922 0.0351562 0.894531 0.0356445 0.894531 0.0400391 0.894922 0.0405273 0.894922 0.0410156 0.895703 0.0419922 0.896094 0.0419922 0.896484 0.0424805 0.896875 0.0424805 0.899609 0.0458984 0.9 0.0458984 0.900391 0.0463867 0.900781 0.0463867 0.901172 0.046875 0.901563 0.046875 0.901953 0.0473633 0.902734 0.0473633 0.903125 0.0478516 0.903516 0.0478516 0.903906 0.0483398 0.904297 0.0483398 0.904687 0.0488281 0.905078 0.0488281 0.905859 0.0498047 0.90625 0.0498047 0.906641 0.050293 0.907422 0.050293 0.907813 0.0507812 0.909375 0.0507812 0.909766 0.0512695 0.916016 0.0512695 0.916406 0.0507812 0.917578 0.0507812 0.917969 0.050293 0.919141 0.050293 0.919531 0.0498047 0.919922 0.0498047 0.920703 0.0488281 0.920703 0.0478516 0.921094 0.0473633 0.921094 0.0463867 0.921484 0.0458984 0.921484 0.0410156 0.921094 0.0405273 0.921094 0.0400391 0.920703 0.0395508 0.920703 0.0390625 0.919531 0.0375977 0.919141 0.0375977 0.915625 0.0332031 0.915234 0.0332031 0.914844 0.0327148 0.914453 0.0327148 0.914062 0.0322266 0.913672 0.0322266 0.913281 0.0317383 0.912891 0.0317383 0.9125 0.03125 0.911328 0.03125 0.910937 0.0307617 0.909766 0.0307617 0.909375 0.0302734 0.907813 0.0302734 0.907422 0.0297852 0.905859 0.0297852 0.905469 0.0292969 0.899609 0.0292969 0.899219 0.0297852 0.898438 0.0297852 0.898047 0.0302734 0.897656 0.0302734 0.897266 0.0307617 0.896875 0.0307617
1 0.595313 0.654297 0.592969 0.654297 0.592578 0.654785 0.591406 0.654785 0.591016 0.655273 0.590625 0.655273 0.590234 0.655762 0.589844 0.655762 0.589453 0.65625 0.588672 0.65625 0.588281 0.656738 0.5875 0.656738 0.586719 0.657715 0.586328 0.657715 0.583984 0.660645 0.583594 0.660645 0.582422 0.662109 0.582031 0.662109 0.581641 0.662598 0.58125 0.662598 0.580859 0.663086 0.580469 0.663086 0.579688 0.664062 0.579297 0.664062 0.574219 0.67041 0.574219 0.670898 0.572266 0.67334 0.572266 0.673828 0.571484 0.674805 0.571484 0.675293 0.571094 0.675781 0.571094 0.676758 0.570703 0.677246 0.570703 0.682129 0.571094 0.682617 0.571094 0.683105 0.572656 0.685059 0.573047 0.685059 0.573438 0.685547 0.574609 0.685547 0.575 0.686035 0.577734 0.686035 0.578125 0.685547 0.579688 0.685547 0.580078 0.685059 0.580859 0.685059 0.58125 0.68457 0.581641 0.68457 0.582031 0.684082 0.582422 0.684082 0.582812 0.683594 0.583203 0.683594 0.583594 0.683105 0.583984 0.683105 0.584375 0.682617 0.584766 0.682617 0.586719 0.680176 0.587109 0.680176 0.5875 0.679688 0.587891 0.679688 0.588281 0.679199 0.588672 0.679199 0.589453 0.678223 0.589844 0.678223 0.591016 0.676758 0.591406 0.676758 0.593359 0.674316 0.593359 0.673828 0.594531 0.672363 0.594531 0.671875 0.594922 0.671387 0.595313 0.671387 0.595703 0.670898 0.595703 0.67041 0.596094 0.669922 0.596094 0.669434 0.596484 0.668945 0.596484 0.66748 0.596875 0.666992 0.596875 0.658203 0.596484 0.657715 0.596484 0.65625 0.596094 0.655762 0.596094 0.655273
1 0.0703125 0.92627 0.0703125 0.928223 0.0707031 0.928711 0.0707031 0.929199 0.0710937 0.929688 0.0710937 0.930176 0.0714844 0.930664 0.0714844 0.931152 0.0722656 0.932129 0.0722656 0.932617 0.0730469 0.933594 0.0734375 0.933594 0.0753906 0.936035 0.0757812 0.936035 0.0765625 0.937012 0.0769531 0.937012 0.0773438 0.9375 0.0777344 0.9375 0.0789062 0.938965 0.0792969 0.938965 0.0800781 0.939941 0.0804688 0.939941 0.0808594 0.94043 0.08125 0.94043 0.0816406 0.940918 0.0820312 0.940918 0.0824219 0.941406 0.0828125 0.941406 0.0832031 0.941895 0.0835937 0.941895 0.0839844 0.942383 0.084375 0.942383 0.0847656 0.942871 0.0851563 0.942871 0.0855469 0.943359 0.0859375 0.943359 0.0863281 0.943848 0.0871094 0.943848 0.0875 0.944336 0.0894531 0.944336 0.0898438 0.944824 0.096875 0.944824 0.0972656 0.944336 0.0988281 0.944336 0.0992187 0.943848 0.0996094 0.943848 0.1 0.943359 0.100391 0.943359 0.100781 0.942871 0.101172 0.942871 0.101953 0.941895 0.101953 0.941406 0.102734 0.94043 0.102734 0.937988 0.102344 0.9375 0.102344 0.936523 0.101953 0.936035 0.101953 0.935547 0.100391 0.933594 0.1 0.933594 0.0980469 0.931152 0.0976562 0.931152 0.0972656 0.930664 0.096875 0.930664 0.0964844 0.930176 0.0960938 0.930176 0.0957031 0.929688 0.0953125 0.929688 0.0949219 0.929199 0.0945312 0.929199 0.09375 0.928223 0.0933594 0.928223 0.0921875 0.926758 0.0917969 0.926758 0.0914062 0.92627 0.0910156 0.92627 0.090625 0.925781 0.0898438 0.925781 0.0894531 0.925293 0.0890625 0.925293 0.0886719 0.924805 0.0878906 0.924805 0.0875 0.924316 0.0867187 0.924316 0.0863281 0.923828 0.0847656 0.923828 0.084375 0.92334 0.0820312 0.92334 0.0816406 0.922852 0.075 0.922852 0.0746094 0.92334 0.0726563 0.92334 0.0722656 0.923828 0.071875 0.923828 0.0714844 0.924316 0.0710937 0.924316 0.0710937 0.924805 0.0707031 0.925293 0.0707031 0.925781
0 0.0804688 0.254883 0.0800781 0.254395 0.0796875 0.254395 0.0792969 0.253906 0.0789062 0.253906 0.0785156 0.253418 0.0777344 0.253418 0.0773438 0.25293 0.0769531 0.25293 0.0765625 0.252441 0.0753906 0.252441 0.075 0.251953 0.0664062 0.251953 0.0660156 0.252441 0.0640625 0.252441 0.0636719 0.25293 0.0632812 0.25293 0.0628906 0.253418 0.0625 0.253418 0.0621094 0.253906 0.0617188 0.253906 0.0613281 0.254395 0.0605469 0.254395 0.0601563 0.254883 0.0597656 0.254883 0.059375 0.255371 0.0585938 0.255371 0.0582031 0.255859 0.0574219 0.255859 0.0570312 0.256348 0.0566406 0.256348 0.05625 0.256836 0.0558594 0.256836 0.0554687 0.257324 0.0550781 0.257324 0.0546875 0.257812 0.0542969 0.257812 0.0539063 0.258301 0.0535156 0.258301 0.0527344 0.259277 0.0527344 0.263672 0.0539063 0.265137 0.0539063 0.265625 0.05625 0.268555 0.0566406 0.268555 0.0570312 0.269043 0.0574219 0.269043 0.0578125 0.269531 0.0582031 0.269531 0.0589844 0.270508 0.059375 0.270508 0.0601563 0.271484 0.0609375 0.271484 0.0613281 0.271973 0.0679687 0.271973 0.0683594 0.271484 0.0695313 0.271484 0.0699219 0.270996 0.0703125 0.270996 0.0707031 0.270508 0.0714844 0.270508 0.071875 0.27002 0.0726563 0.27002 0.0730469 0.269531 0.0734375 0.269531 0.0738281 0.269043 0.0742188 0.269043 0.0746094 0.268555 0.075 0.268555 0.0753906 0.268066 0.0757812 0.268066 0.0761719 0.267578 0.0761719 0.26709 0.0769531 0.266113 0.0769531 0.265625 0.0785156 0.263672 0.0785156 0.263184 0.0789062 0.262695 0.0789062 0.262207 0.0792969 0.261719 0.0792969 0.26123 0.0800781 0.260254 0.0800781 0.259277 0.0804688 0.258789 0.0804688 0.257324 0.0808594 0.256836 0.0808594 0.255859 0.0804688 0.255371
0 0.130469 0.134766 0.130469 0.13623 0.130859 0.136719 0.130859 0.138184 0.131641 0.13916 0.131641 0.139648 0.132812 0.141113 0.132812 0.141602 0.133984 0.143066 0.134375 0.143066 0.134766 0.143555 0.135156 0.143555 0.135547 0.144043 0.136719 0.144043 0.137109 0.144531 0.137891 0.144531 0.138281 0.14502 0.139453 0.14502 0.139844 0.145508 0.141016 0.145508 0.141406 0.145996 0.147266 0.145996 0.147656 0.145508 0.148828 0.145508 0.149219 0.14502 0.150391 0.14502 0.150781 0.144531 0.151562 0.144531 0.151953 0.144043 0.152734 0.144043 0.153125 0.143555 0.153906 0.143555 0.154297 0.143066 0.154688 0.143066 0.155469 0.14209 0.155469 0.141602 0.157812 0.138672 0.157812 0.137695 0.158203 0.137207 0.158203 0.134277 0.157031 0.132812 0.156641 0.132812 0.155469 0.131348 0.155078 0.131348 0.154688 0.130859 0.154297 0.130859 0.153906 0.130371 0.153125 0.130371 0.152734 0.129883 0.151562 0.129883 0.151172 0.129395 0.148828 0.129395 0.148438 0.128906 0.146484 0.128906 0.146094 0.128418 0.142969 0.128418 0.142578 0.128906 0.140625 0.128906 0.140234 0.129395 0.139453 0.129395 0.139063 0.129883 0.137891 0.129883 0.1375 0.130371 0.135937 0.130371 0.135547 0.130859 0.134766 0.130859 0.134375 0.131348 0.133984 0.131348 0.132422 0.133301 0.132031 0.133301 0.131641 0.133789 0.13125 0.133789
1 0.0523438 0.234375 0.0519531 0.234375 0.0515625 0.233887 0.0507812 0.233887 0.0503906 0.233398 0.05 0.233398 0.0496094 0.23291 0.0488281 0.23291 0.0484375 0.233398 0.0476562 0.233398 0.046875 0.234375 0.0464844 0.234375 0.0460938 0.234863 0.0457031 0.234863 0.0445313 0.236328 0.0441406 0.236328 0.0417969 0.239258 0.0414062 0.239258 0.0394531 0.241699 0.0394531 0.242188 0.0375 0.244629 0.0375 0.245117 0.0359375 0.24707 0.0359375 0.247559 0.0351562 0.248535 0.0351562 0.249023 0.0335937 0.250977 0.0335937 0.251465 0.0332031 0.251953 0.0332031 0.252441 0.0328125 0.25293 0.0328125 0.254395 0.0324219 0.254883 0.0324219 0.256348 0.0320312 0.256836 0.0320312 0.258301 0.0316406 0.258789 0.0316406 0.26416 0.0324219 0.265137 0.0328125 0.265137 0.0332031 0.265625 0.0378906 0.265625 0.0382813 0.265137 0.0390625 0.265137 0.0394531 0.264648 0.040625 0.264648 0.0410156 0.26416 0.0417969 0.26416 0.0421875 0.263672 0.0425781 0.263672 0.0429688 0.263184 0.0433594 0.263184 0.0441406 0.262207 0.0445313 0.262207 0.0464844 0.259766 0.0464844 0.259277 0.0496094 0.255371 0.0496094 0.254883 0.0503906 0.253906 0.0503906 0.253418 0.0507812 0.25293 0.0507812 0.252441 0.0515625 0.251465 0.0515625 0.250977 0.0519531 0.250488 0.0519531 0.25 0.0523438 0.249512 0.0523438 0.248535 0.0527344 0.248047 0.0527344 0.24707 0.053125 0.246582 0.053125 0.244629 0.0535156 0.244141 0.0535156 0.241699 0.0539063 0.241211 0.0539063 0.239258 0.0535156 0.23877 0.0535156 0.236328 0.053125 0.23584 0.053125 0.235352
0 0.483594 0.200684 0.483594 0.202148 0.483984 0.202637 0.483984 0.203613 0.484375 0.204102 0.484375 0.20459 0.484766 0.205078 0.484766 0.205566 0.486328 0.20752 0.486719 0.20752 0.4875 0.208496 0.487891 0.208496 0.488672 0.209473 0.489063 0.209473 0.489453 0.209961 0.490234 0.209961 0.490625 0.210449 0.491797 0.210449 0.492188 0.210938 0.493359 0.210938 0.49375 0.211426 0.496484 0.211426 0.496875 0.211914 0.503125 0.211914 0.503516 0.211426 0.506641 0.211426 0.507031 0.210938 0.508203 0.210938 0.508594 0.210449 0.510156 0.210449 0.510547 0.209961 0.512109 0.209961 0.5125 0.209473 0.514062 0.209473 0.514453 0.208984 0.515234 0.208984 0.515625 0.208496 0.516016 0.208496 0.516406 0.208008 0.516797 0.208008 0.517969 0.206543 0.517969 0.206055 0.518359 0.205566 0.518359 0.205078 0.512109 0.197266 0.511719 0.197266 0.511328 0.196777 0.510938 0.196777 0.510547 0.196289 0.509766 0.196289 0.509375 0.195801 0.507812 0.195801 0.507422 0.195312 0.495312 0.195312 0.494922 0.195801 0.490625 0.195801 0.490234 0.196289 0.487891 0.196289 0.4875 0.196777 0.486328 0.196777 0.485938 0.197266 0.485547 0.197266 0.484375 0.19873 0.484375 0.199219 0.483984 0.199707 0.483984 0.200195
2 0.130859 0.560059 0.130469 0.55957 0.129688 0.55957 0.129297 0.559082 0.128125 0.559082 0.127734 0.558594 0.125781 0.558594 0.125391 0.559082 0.124219 0.559082 0.123828 0.55957 0.122656 0.55957 0.122266 0.560059 0.121875 0.560059 0.121484 0.560547 0.120703 0.560547 0.120313 0.561035 0.119922 0.561035 0.119531 0.561523 0.119141 0.561523 0.11875 0.562012 0.118359 0.562012 0.116797 0.563965 0.116406 0.563965 0.115625 0.564941 0.115625 0.56543 0.113672 0.567871 0.113672 0.568359 0.112109 0.570312 0.112109 0.570801 0.111328 0.571777 0.111328 0.572266 0.110937 0.572754 0.110937 0.574707 0.110547 0.575195 0.110547 0.578613 0.110937 0.579102 0.110937 0.580078 0.111719 0.581055 0.1125 0.581055 0.112891 0.581543 0.113672 0.581543 0.114062 0.582031 0.117969 0.582031 0.118359 0.581543 0.119922 0.581543 0.120313 0.581055 0.120703 0.581055 0.121094 0.580566 0.121484 0.580566 0.121875 0.580078 0.122266 0.580078 0.122656 0.57959 0.123047 0.57959 0.125391 0.57666 0.125781 0.57666 0.127734 0.574219 0.127734 0.57373 0.128516 0.572754 0.128516 0.572266 0.129297 0.571289 0.129297 0.570801 0.130078 0.569824 0.130078 0.569336 0.130469 0.568848 0.130469 0.568359 0.130859 0.567871 0.130859 0.566895 0.13125 0.566406 0.13125 0.561035 0.130859 0.560547
2 0.06875 0.489746 0.0683594 0.489258 0.0679687 0.489258 0.0675781 0.48877 0.0667969 0.48877 0.0664062 0.488281 0.0660156 0.488281 0.065625 0.487793 0.0609375 0.487793 0.0605469 0.488281 0.0597656 0.488281 0.0585938 0.489746 0.0582031 0.489746 0.0574219 0.490723 0.0570312 0.490723 0.0546875 0.493652 0.0546875 0.494141 0.0539063 0.495117 0.0539063 0.495605 0.0527344 0.49707 0.0527344 0.497559 0.0503906 0.500488 0.05 0.500488 0.0484375 0.502441 0.0484375 0.50293 0.0480469 0.503418 0.0480469 0.504395 0.0476562 0.504883 0.0476562 0.505371 0.0472656 0.505859 0.0472656 0.506836 0.046875 0.507324 0.046875 0.507812 0.0464844 0.508301 0.0464844 0.508789 0.0460938 0.509277 0.0460938 0.510742 0.0464844 0.51123 0.0464844 0.512207 0.0476562 0.513672 0.0480469 0.513672 0.0484375 0.51416 0.053125 0.51416 0.0535156 0.513672 0.0546875 0.513672 0.0550781 0.513184 0.0558594 0.513184 0.05625 0.512695 0.0570312 0.512695 0.0574219 0.512207 0.0578125 0.512207 0.0582031 0.511719 0.0585938 0.511719 0.0589844 0.51123 0.059375 0.51123 0.0597656 0.510742 0.0601563 0.510742 0.0609375 0.509766 0.0613281 0.509766 0.0617188 0.509277 0.0617188 0.508789 0.0621094 0.508301 0.0625 0.508301 0.0640625 0.506348 0.0644531 0.506348 0.065625 0.504883 0.065625 0.504395 0.0679687 0.501465 0.0679687 0.500977 0.0683594 0.500488 0.0683594 0.5 0.0691406 0.499023 0.0691406 0.497559 0.0695313 0.49707 0.0695313 0.492676 0.0691406 0.492188 0.0691406 0.490723 0.06875 0.490234
2 0.451953 0.111328 0.451562 0.111328 0.451172 0.11084 0.450391 0.11084 0.45 0.111328 0.448828 0.111328 0.448437 0.111816 0.447656 0.111816 0.447266 0.112305 0.446484 0.112305 0.445703 0.113281 0.445312 0.113281 0.444922 0.11377 0.444531 0.11377 0.444141 0.114258 0.44375 0.114258 0.443359 0.114746 0.442578 0.114746 0.442188 0.115234 0.439844 0.115234 0.439453 0.115723 0.438281 0.115723 0.437891 0.116211 0.437109 0.116211 0.436328 0.117188 0.435937 0.117188 0.435937 0.117676 0.435547 0.118164 0.435547 0.121582 0.435937 0.12207 0.435937 0.126953 0.436328 0.127441 0.436328 0.128418 0.436719 0.128906 0.436719 0.130371 0.4375 0.131348 0.437891 0.131348 0.438281 0.131836 0.439844 0.131836 0.440234 0.131348 0.440625 0.131348 0.441797 0.129883 0.442188 0.129883 0.442578 0.129395 0.442969 0.129395 0.443359 0.128906 0.44375 0.128906 0.444531 0.12793 0.444922 0.12793 0.446484 0.125977 0.446875 0.125977 0.447656 0.125 0.448047 0.125 0.448437 0.124512 0.448828 0.124512 0.449609 0.123535 0.45 0.123535 0.451562 0.121582 0.451562 0.121094 0.451953 0.120605 0.451953 0.120117 0.452344 0.119629 0.452344 0.118652 0.452734 0.118164 0.452734 0.116699 0.453125 0.116211 0.453125 0.114258 0.452734 0.11377 0.452734 0.112793 0.452344 0.112305 0.452344 0.111816
2 0.770312 0.177246 0.770312 0.181152 0.771484 0.182617 0.771875 0.182617 0.772266 0.183105 0.772656 0.183105 0.773047 0.183594 0.773438 0.183594 0.773828 0.184082 0.774219 0.184082 0.774609 0.18457 0.775 0.18457 0.775391 0.185059 0.776172 0.185059 0.776563 0.185547 0.777344 0.185547 0.777734 0.186035 0.778125 0.186035 0.778516 0.186523 0.779687 0.186523 0.780078 0.187012 0.780859 0.187012 0.78125 0.1875 0.782031 0.1875 0.782422 0.187988 0.783203 0.187988 0.783594 0.188477 0.784766 0.188477 0.785156 0.188965 0.791797 0.188965 0.792188 0.188477 0.792578 0.188477 0.792969 0.187988 0.793359 0.187988 0.79375 0.1875 0.794141 0.1875 0.796094 0.185059 0.796094 0.18457 0.796484 0.184082 0.796484 0.183594 0.797266 0.182617 0.797266 0.180176 0.796875 0.179688 0.796875 0.179199 0.796484 0.178711 0.796484 0.178223 0.795312 0.176758 0.794922 0.176758 0.794531 0.17627 0.794141 0.17627 0.79375 0.175781 0.793359 0.175781 0.792969 0.175293 0.792188 0.175293 0.791797 0.174805 0.791406 0.174805 0.791016 0.174316 0.789844 0.174316 0.789453 0.173828 0.7875 0.173828 0.787109 0.17334 0.785156 0.17334 0.784766 0.172852 0.776563 0.172852 0.776172 0.17334 0.774609 0.17334 0.774219 0.173828 0.773828 0.173828 0.773438 0.174316 0.773047 0.174316 0.772656 0.174805 0.772266 0.174805
2 0.713672 0.437988 0.710547 0.437988 0.710156 0.438477 0.708984 0.438477 0.708594 0.438965 0.708203 0.438965 0.707812 0.439453 0.707422 0.439453 0.70625 0.440918 0.705859 0.440918 0.705078 0.441895 0.705078 0.442383 0.704297 0.443359 0.704297 0.443848 0.703906 0.444336 0.703906 0.444824 0.703516 0.445312 0.703516 0.445801 0.702734 0.446777 0.702734 0.447266 0.702344 0.447754 0.702344 0.44873 0.701953 0.449219 0.701953 0.449707 0.701562 0.450195 0.701562 0.450684 0.701172 0.451172 0.701172 0.45166 0.700781 0.452148 0.700781 0.453125 0.700391 0.453613 0.700391 0.45752 0.7 0.458008 0.7 0.458496 0.700391 0.458984 0.700391 0.461426 0.700781 0.461914 0.700781 0.462402 0.701172 0.462891 0.701172 0.463379 0.701562 0.463867 0.702344 0.463867 0.702734 0.463379 0.705078 0.463379 0.705859 0.462402 0.705859 0.461914 0.706641 0.460938 0.706641 0.460449 0.707422 0.459473 0.707422 0.458984 0.708203 0.458008 0.708203 0.45752 0.709375 0.456055 0.709375 0.455566 0.710156 0.45459 0.710156 0.454102 0.710547 0.453613 0.710547 0.453125 0.711328 0.452148 0.711328 0.45166 0.711719 0.451172 0.711719 0.450684 0.7125 0.449707 0.7125 0.449219 0.713281 0.448242 0.713281 0.447754 0.713672 0.447266 0.713672 0.446777 0.714063 0.446289 0.714063 0.445801 0.714453 0.445312 0.714453 0.444824 0.714844 0.444336 0.714844 0.439453
1 0.606641 0.433594 0.60625 0.434082 0.605859 0.434082 0.605078 0.435059 0.604688 0.435059 0.604297 0.435547 0.603906 0.435547 0.603906 0.436035 0.602734 0.4375 0.602734 0.437988 0.602344 0.438477 0.602344 0.438965 0.601953 0.439453 0.601953 0.439941 0.601562 0.44043 0.601562 0.440918 0.601172 0.441406 0.601172 0.442383 0.600781 0.442871 0.600781 0.443848 0.600391 0.444336 0.600391 0.445312 0.6 0.445801 0.6 0.446777 0.599609 0.447266 0.599609 0.449219 0.599219 0.449707 0.599219 0.455078 0.599609 0.455566 0.599609 0.458008 0.6 0.458496 0.6 0.459961 0.600391 0.460449 0.600391 0.461914 0.600781 0.462402 0.600781 0.463379 0.601172 0.463867 0.601172 0.464844 0.601562 0.465332 0.601562 0.46582 0.601953 0.466309 0.601953 0.466797 0.602344 0.467285 0.602344 0.467773 0.603125 0.46875 0.603516 0.46875 0.604297 0.469727 0.604688 0.469727 0.60625 0.47168 0.606641 0.47168 0.607031 0.472168 0.607812 0.472168 0.608203 0.472656 0.608984 0.472656 0.609375 0.473145 0.609766 0.473145 0.610156 0.473633 0.612109 0.473633 0.613672 0.47168 0.613672 0.470703 0.614062 0.470215 0.614062 0.465332 0.613672 0.464844 0.613672 0.457031 0.613281 0.456543 0.613281 0.451172 0.612891 0.450684 0.612891 0.447754 0.6125 0.447266 0.6125 0.445801 0.612109 0.445312 0.612109 0.443359 0.611719 0.442871 0.611719 0.441406 0.611328 0.440918 0.611328 0.439941 0.610938 0.439453 0.610938 0.438477 0.609766 0.437012 0.609766 0.436523 0.608984 0.435547 0.608984 0.435059 0.608203 0.434082 0.607812 0.434082 0.607422 0.433594
2 0.475391 0.634277 0.475391 0.635742 0.475781 0.63623 0.475781 0.636719 0.476172 0.637207 0.476172 0.637695 0.476562 0.638184 0.476562 0.638672 0.477344 0.639648 0.477734 0.639648 0.478516 0.640625 0.478906 0.640625 0.479687 0.641602 0.480078 0.641602 0.482031 0.644043 0.482422 0.644043 0.483203 0.64502 0.483594 0.64502 0.484766 0.646484 0.484766 0.646973 0.485156 0.647461 0.485547 0.647461 0.486328 0.648438 0.486719 0.648438 0.487109 0.648926 0.4875 0.648926 0.488672 0.650391 0.489063 0.650391 0.489453 0.650879 0.489844 0.650879 0.490234 0.651367 0.491016 0.651367 0.491406 0.650879 0.491797 0.650879 0.492578 0.649902 0.492578 0.647949 0.492969 0.647461 0.492969 0.64502 0.492578 0.644531 0.492578 0.640625 0.492188 0.640137 0.492188 0.638184 0.491797 0.637695 0.491797 0.637207 0.491406 0.636719 0.491406 0.63623 0.491016 0.635742 0.491016 0.635254 0.489453 0.633301 0.489063 0.633301 0.488281 0.632324 0.487891 0.632324 0.4875 0.631836 0.487109 0.631836 0.486719 0.631348 0.486328 0.631348 0.485938 0.630859 0.484766 0.630859 0.484375 0.630371 0.480469 0.630371 0.480078 0.630859 0.478906 0.630859 0.478516 0.631348 0.477734 0.631348
2 0.00664062 0.214844 0.00507813 0.214844 0.00351563 0.216797 0.00273437 0.221191 0.00117187 0.223145 0 0.223145 0 0.247559 0.00273437 0.247559 0.00546875 0.245605 0.00703125 0.243652 0.00742187 0.242188 0.00820313 0.241211 0.009375 0.236328 0.0109375 0.23291 0.0109375 0.231445 0.0117188 0.229004 0.0117188 0.226562 0.0113281 0.226074 0.0113281 0.220215 0.00898437 0.216309
2 0.0324219 0.303223 0.0308594 0.305176 0.0304687 0.306641 0.0308594 0.310547 0.0324219 0.314941 0.0335937 0.316406 0.0367188 0.318359 0.0417969 0.318359 0.0425781 0.317871 0.0441406 0.31543 0.0441406 0.313477 0.0433594 0.310547 0.0421875 0.308105 0.0421875 0.307129 0.040625 0.305176 0.0378906 0.303223 0.0363281 0.303223 0.0359375 0.302734 0.0332031 0.302734
2 0.0238281 0.0722656 0.0242188 0.0771484 0.0253906 0.0786133 0.0285156 0.0795898 0.0304687 0.0810547 0.0332031 0.0849609 0.0359375 0.0854492 0.0375 0.0864258 0.0398437 0.0888672 0.0441406 0.0908203 0.0460938 0.0908203 0.0480469 0.0898438 0.0488281 0.0888672 0.0484375 0.0864258 0.0453125 0.0805664 0.0414062 0.078125 0.0386719 0.0751953 0.0335937 0.0722656 0.0316406 0.0717773 0.0289063 0.0698242 0.0277344 0.0703125 0.025 0.0703125
0 0.0554687 0.0830078 0.0523438 0.0830078 0.0519531 0.0834961 0.0507812 0.0908203 0.0492187 0.09375 0.0480469 0.097168 0.046875 0.106445 0.0464844 0.106934 0.0453125 0.114258 0.0445313 0.116211 0.0441406 0.121094 0.04375 0.121582 0.0441406 0.125977 0.0445313 0.126953 0.0453125 0.127441 0.0476562 0.126465 0.0492187 0.126465 0.053125 0.124023 0.0566406 0.119629 0.0589844 0.115723 0.0601563 0.111816 0.0601563 0.0996094 0.0589844 0.0952148 0.0589844 0.0932617 0.0582031 0.090332 0.0582031 0.0878906 0.0574219 0.0849609 0.0566406 0.0834961
1 0 0.00732422 0.00507813 0.00732422 0.00546875 0.00683594 0.00664062 0.00683594 0.009375 0.00292969 0.00976562 0.00195312 0.00976562 0 0 0
1 0.583984 0 0.573047 0 0.573047 0.00195312 0.572266 0.00439453 0.571875 0.0107422 0.572266 0.0112305 0.572266 0.0141602 0.573438 0.0161133 0.575 0.0170898 0.576953 0.0170898 0.579688 0.0151367 0.58125 0.0131836 0.583984 0.00634766
0 0.812746 0.0209082 0.811426 0.02729 0.811141 0.0331738 0.811141 0.0389111 0.811254 0.0452197 0.811887 0.0467285 0.814125 0.0475146 0.815156 0.0470117 0.818199 0.0421387 0.82118 0.0363965 0.823707 0.0296582 0.82577 0.023418 0.828066 0.0168896 0.828754 0.012085 0.828813 0.00907227 0.826516 0.00591797 0.823074 0.00599121 0.819977 0.00835449 0.817051 0.0136621 0.814871 0.0171045
2 0.805023 0.0421094 0.802211 0.0341455 0.802211 0.0241797 0.803703 0.0180811 0.80623 0.0134912 0.809328 0.0109082 0.813285 0.00775391 0.817187 0.00409668 0.819023 0.00294922 0.821031 0.0032373 0.820918 0.00510254 0.818508 0.0076123 0.815293 0.011123 0.811965 0.0158594 0.810418 0.0199463 0.809672 0.0251807 0.809328 0.0307031 0.809902 0.03479 0.812195 0.0388086 0.813055 0.04146 0.813457 0.0434717 0.812883 0.0462695 0.811566 0.0477002 0.809039 0.0473437 0.806746 0.0449756
1 0.861996 0.00531738 0.865898 0.00474121 0.868824 0.00359375 0.871176 0.00122559 0.871598 0 0.848684 0 0.848629 0.000439453 0.851785 0.0021582 0.856262 0.00388184 0.859242 0.00495605
0 0.955965 0 0.957887 0.00240234 0.960805 0.00802246 0.965059 0.0136426 0.969746 0.0183008 0.971512 0.0197363 0.972469 0.0194385 0.973043 0.0184229 0.973188 0.0170459 0.973332 0.0155518 0.974 0.0137598 0.975242 0.0113086 0.975863 0.00927734 0.97591 0.00646973 0.97591 0.00419922 0.975195 0.00097168 0.974938 0
0 0.845594 0.116948 0.848699 0.113657 0.85032 0.110874 0.851062 0.106738 0.851199 0.101675 0.851805 0.0966992 0.852547 0.0918896 0.852547 0.0877539 0.851469 0.0836182 0.849375 0.0813428 0.846609 0.080498 0.843234 0.0810059 0.841004 0.0831152 0.83952 0.0864893 0.838238 0.0910449 0.836617 0.0961914 0.835336 0.0988916 0.834527 0.102856 0.834324 0.107495 0.834121 0.116865 0.833918 0.120405 0.834863 0.123193 0.836012 0.12395 0.838035 0.123613 0.840398 0.121504 0.842559 0.119902 0.844246 0.118296
1 0.846879 0.0535986 0.846945 0.0640625 0.847215 0.0715723 0.847824 0.0797559 0.8485 0.0817773 0.848902 0.0822021 0.849578 0.08271 0.851738 0.08271 0.85309 0.0816113 0.854234 0.079502 0.855047 0.0770557 0.856664 0.0741016 0.858285 0.0713184 0.859434 0.0689551 0.860715 0.0656641 0.861527 0.0613623 0.861727 0.0568066 0.862469 0.0482812 0.861797 0.0427979 0.859367 0.0377344 0.857406 0.0350342 0.855922 0.0336865 0.853289 0.0335156 0.851199 0.0346143 0.849309 0.0379053 0.848363 0.0411133 0.847281 0.0466797 0.847215 0.049209
0 1 0.243101 0.997754 0.242466 0.993066 0.241831 0.98959 0.241685 0.985527 0.241831 0.981777 0.242759 0.977285 0.245347 0.97416 0.247642 0.971855 0.248325 0.967598 0.249058 0.963066 0.250376 0.960879 0.252183 0.960332 0.255649 0.961504 0.257847 0.963652 0.258921 0.966973 0.259507 0.97084 0.260581 0.973613 0.261313 0.976973 0.262095 0.980098 0.262827 0.984004 0.263462 0.987598 0.263169 0.990801 0.262339 0.994316 0.261362 0.998379 0.260239 1 0.259624
0 1 0.46063 0.99802 0.461602 0.994477 0.465537 0.992395 0.468984 0.990371 0.473203 0.988457 0.4777 0.986715 0.479531 0.984914 0.480586 0.983113 0.482554 0.982328 0.487192 0.983789 0.490146 0.985984 0.491201 0.988797 0.491411 0.990652 0.491411 0.992789 0.49043 0.99577 0.48874 0.997852 0.486563 1 0.484702
0 1 0.884116 0.998434 0.883921 0.993965 0.883799 0.98959 0.884771 0.985117 0.885137 0.98123 0.885137 0.977926 0.884893 0.97598 0.885498 0.974621 0.88623 0.974039 0.887808 0.974133 0.88939 0.975105 0.890845 0.976469 0.891694 0.978898 0.892666 0.98366 0.894126 0.98434 0.894248 0.986578 0.895098 0.991824 0.898135 0.995227 0.899473 0.999211 0.901172 1 0.901226
1 0.811863 1 0.809004 0.996489 0.805965 0.993467 0.801805 0.991709 0.797586 0.991709 0.793199 0.99248 0.788246 0.993818 0.785324 0.995786 0.783637 0.997334 0.783355 0.99895 0.783355 1
0 0.774344 1 0.774242 0.993818 0.774297 0.990303 0.773398 0.985591 0.772105 0.98313 0.770867 0.982075 0.768785 0.982007 0.767043 0.98292 0.765805 0.985029 0.764117 0.988545 0.762824 0.992905 0.761473 0.997192 0.76091 0.999795 0.763941 1
0 0.106418 0.766187 0.102199 0.767451 0.0977578 0.770405 0.0947187 0.775117 0.0923008 0.780039 0.0896016 0.784609 0.0892617 0.786436 0.0904453 0.787632 0.0918516 0.787632 0.0933672 0.787632 0.0975312 0.78749 0.0987695 0.78749 0.101188 0.787354 0.106137 0.786016 0.107602 0.784893 0.111086 0.784468 0.113227 0.784468 0.115867 0.783906 0.119188 0.782852 0.12352 0.781162 0.126164 0.779756 0.127398 0.778213 0.128133 0.77624 0.128242 0.773779 0.12768 0.770479 0.126836 0.768789 0.125824 0.768018 0.12352 0.767803 0.119414 0.767803 0.115418 0.7671 0.112551 0.766187 0.109062 0.765625
0 0.848023 0.0171973 0.846848 0.018877 0.846008 0.0209766 0.844832 0.0228662 0.84248 0.0249658 0.841137 0.0255957 0.840129 0.0264355 0.837609 0.0283252 0.833914 0.0304248 0.831059 0.0316846 0.82602 0.0333643 0.821992 0.034624 0.818801 0.0356738 0.814098 0.0358838 0.812082 0.0325244 0.812082 0.029585 0.813426 0.0270654 0.814434 0.0251758 0.816281 0.0222363 0.816281 0.0216064 0.818129 0.0203467 0.822996 0.0178271 0.824508 0.0165674 0.827363 0.0144678 0.83257 0.0123682 0.834754 0.0115283 0.837105 0.0115283 0.839102 0.0124023 0.841641 0.0129395 0.843488 0.0140479 0.846406 0.0154785
0 0.585645 0.167568 0.586035 0.168057 0.586422 0.168418 0.588855 0.168662 0.590992 0.168662 0.591187 0.168418 0.592352 0.168057 0.593227 0.167324 0.594879 0.166597 0.596629 0.165747 0.598672 0.164165 0.60052 0.162588 0.601586 0.161616 0.603238 0.159912 0.604113 0.157725 0.605961 0.156753 0.607223 0.153232 0.60732 0.151045 0.607516 0.146792 0.606934 0.145215 0.602172 0.143755 0.601781 0.143633 0.599547 0.142783 0.597461 0.143799 0.594883 0.144434 0.592734 0.146094 0.590859 0.147168 0.588125 0.150635 0.586133 0.152622 0.584648 0.157129 0.584297 0.160352 0.584867 0.163438
1 0.589023 0.172373 0.58984 0.172954 0.590191 0.173247 0.591242 0.174414 0.592875 0.174849 0.592875 0.174849 0.595559 0.175576 0.596141 0.175435 0.597422 0.175142 0.598238 0.174702 0.599406 0.174702 0.601621 0.173682 0.602906 0.173247 0.603137 0.172954 0.603953 0.172515 0.605355 0.170913 0.605938 0.1696 0.606871 0.168286 0.607688 0.165957 0.608855 0.164062 0.609086 0.163477 0.609555 0.16231 0.610488 0.158081 0.611305 0.155459 0.611652 0.152397 0.611887 0.15021 0.611652 0.14875 0.610605 0.146855 0.609438 0.144668 0.608504 0.143501 0.603723 0.143501 0.602207 0.143794 0.599172 0.145688 0.59684 0.146855 0.594625 0.148462 0.590309 0.152104 0.588559 0.155605 0.587043 0.161582 0.586926 0.165518 0.586926 0.169165
1 0.597777 0.108384 0.602246 0.111665 0.604094 0.113369 0.606137 0.114824 0.608855 0.1175 0.610023 0.121265 0.610703 0.12418 0.611871 0.128311 0.612355 0.131226 0.612844 0.135479 0.613133 0.142529 0.613398 0.148486 0.609609 0.152979 0.605039 0.152441 0.59943 0.149209 0.597875 0.14751 0.597582 0.145928 0.597 0.144229 0.595637 0.141675 0.59418 0.138516 0.5935 0.135356 0.592332 0.132686 0.59107 0.128071 0.590488 0.123936 0.59 0.120049 0.589516 0.11458 0.589707 0.111304 0.590488 0.109722 0.592332 0.108994 0.593598 0.108628
1 0.323633 0.446973 0.327266 0.44585 0.329539 0.447651 0.331777 0.447998 0.333738 0.448701 0.334996 0.448701 0.337516 0.449048 0.342695 0.449048 0.343816 0.449575 0.346336 0.450801 0.351375 0.454648 0.352914 0.455874 0.354871 0.45832 0.357113 0.46042 0.357672 0.46252 0.355711 0.465322 0.353055 0.466895 0.349133 0.467593 0.345914 0.467246 0.344094 0.466719 0.337656 0.465322 0.336258 0.465146 0.334297 0.464795 0.331496 0.463745 0.330238 0.462173 0.328418 0.460073 0.326457 0.4571 0.324918 0.454121 0.324078 0.450449
1 0.583832 0.348569 0.582992 0.351719 0.582852 0.354346 0.583133 0.356792 0.583273 0.359243 0.583973 0.361519 0.584391 0.363091 0.585371 0.364839 0.587609 0.366592 0.59027 0.367114 0.593629 0.368867 0.596848 0.370439 0.601187 0.370967 0.603848 0.371665 0.607766 0.371841 0.609027 0.367817 0.610285 0.365542 0.610145 0.363965 0.608605 0.360293 0.608047 0.359766 0.604406 0.354868 0.600629 0.353467 0.598391 0.350845 0.59657 0.349619 0.59377 0.348218 0.591531 0.347344 0.588172 0.34647 0.584953 0.346821
1 0.612539 0.363623 0.614641 0.363887 0.616777 0.364253 0.61843 0.36583 0.619988 0.367412 0.621738 0.3696 0.623293 0.371787 0.623973 0.373003 0.62407 0.375796 0.623973 0.377861 0.622902 0.380532 0.621445 0.381992 0.618723 0.38272 0.616391 0.383086 0.614641 0.383452 0.612406 0.382842 0.610852 0.382114 0.608129 0.380776 0.606574 0.379927 0.604824 0.378955 0.602004 0.376768 0.599867 0.374824 0.598602 0.372881 0.597629 0.370571 0.59734 0.367778 0.599187 0.363037 0.599672 0.362671 0.601906 0.361699 0.604336 0.360605 0.606766 0.360972 0.609199 0.361582 0.610469 0.362939
