1 0.55 0.517578 0.545312 0.51709 0.540234 0.519043 0.532813 0.525391 0.527734 0.533691 0.525391 0.541016 0.525781 0.544922 0.532813 0.543457 0.54375 0.534668 0.550391 0.525879 0.551172 0.520508
1 0.576172 0.54834 0.573047 0.545898 0.564844 0.545898 0.544141 0.55127 0.542578 0.553711 0.543359 0.556641 0.548828 0.561523 0.551562 0.5625 0.561328 0.5625 0.568359 0.558105
1 0.615234 0.497559 0.611328 0.5 0.609375 0.506348 0.602734 0.517578 0.598828 0.527832 0.597266 0.535156 0.597266 0.538574 0.598828 0.541504 0.600781 0.541504 0.604688 0.538086 0.607031 0.533203 0.610547 0.528809 0.614062 0.520996 0.616016 0.514648 0.616797 0.506348 0.616406 0.5
1 0.654687 0.535645 0.653516 0.533691 0.645312 0.533203 0.638672 0.535645 0.626563 0.542969 0.622656 0.548828 0.623047 0.552246 0.626172 0.556152 0.629297 0.557129 0.637109 0.556641 0.645703 0.553711 0.648828 0.551758 0.654297 0.544922 0.655078 0.542969
1 0.408984 0.731934 0.408203 0.734375 0.408594 0.740723 0.412109 0.749512 0.419531 0.760254 0.431641 0.770996 0.433594 0.770508 0.434766 0.767578 0.432812 0.758789 0.428906 0.749512 0.420312 0.73584 0.417187 0.734863 0.412891 0.731445
1 0.360938 0.705078 0.360547 0.709961 0.362891 0.720703 0.367969 0.728516 0.383984 0.743164 0.388281 0.743164 0.388672 0.73584 0.382422 0.720215 0.373828 0.710938 0.365625 0.705566
1 0.312109 0.787109 0.312109 0.790039 0.314844 0.797852 0.321875 0.808594 0.332813 0.817383 0.338672 0.817871 0.339453 0.814453 0.337109 0.810547 0.334375 0.802734 0.325781 0.791016 0.317969 0.786621 0.313281 0.786133
1 0.310547 0.73584 0.308984 0.743164 0.309375 0.756836 0.310547 0.763672 0.313281 0.768555 0.314063 0.772949 0.31875 0.781738 0.320703 0.783203 0.323047 0.783203 0.325 0.777344 0.325 0.77002 0.323437 0.759766 0.320312 0.753418 0.319141 0.747559 0.316406 0.743164 0.315625 0.739746
1 0.267969 0.737305 0.267188 0.741211 0.275391 0.756348 0.290234 0.774414 0.294141 0.774414 0.295703 0.771973 0.294922 0.768066 0.288281 0.75293 0.280078 0.742676 0.271875 0.736816
1 0.231641 0.766602 0.231641 0.775879 0.236719 0.785645 0.246875 0.791992 0.251563 0.791016 0.253125 0.789062 0.253516 0.783203 0.246484 0.771484 0.240625 0.766602 0.236719 0.765625 0.232422 0.765625
1 0.712109 0.783691 0.712109 0.788574 0.713672 0.791992 0.716797 0.79541 0.723047 0.79834 0.728516 0.799316 0.736328 0.798828 0.739844 0.796875 0.741797 0.794434 0.741797 0.791016 0.740625 0.789551 0.733203 0.785156 0.720703 0.783691 0.716406 0.782227
1 0.692969 0.654297 0.692578 0.65918 0.696484 0.67041 0.699609 0.674805 0.711328 0.686523 0.716406 0.689453 0.718359 0.688965 0.720313 0.686035 0.716406 0.674805 0.710547 0.665527 0.702734 0.657715
1 0.657031 0.661133 0.657813 0.666504 0.660937 0.670898 0.668359 0.674805 0.682422 0.67627 0.690234 0.674316 0.690234 0.671387 0.688672 0.668457 0.684375 0.665039 0.676562 0.661621 0.664062 0.658691 0.659375 0.658691
1 0.520312 0.578125 0.517969 0.580566 0.516016 0.588379 0.515625 0.603027 0.519922 0.622559 0.521484 0.624512 0.525391 0.625 0.527344 0.621582 0.526563 0.614746 0.526563 0.591309 0.523047 0.581055
1 0.475781 0.617188 0.473828 0.617676 0.473047 0.620605 0.465234 0.628906 0.457813 0.640137 0.451562 0.658203 0.451562 0.661621 0.452734 0.663086 0.455859 0.663574 0.459375 0.660645 0.467187 0.651855 0.470703 0.645508 0.474219 0.635254 0.476172 0.623535
1 0.4 0.586426 0.398828 0.588379 0.399219 0.599121 0.403516 0.611816 0.408984 0.619141 0.411328 0.624023 0.415234 0.624023 0.416016 0.623047 0.416016 0.618652 0.409766 0.595215 0.404687 0.586914
1 0.436328 0.553223 0.423828 0.553223 0.415234 0.556152 0.399609 0.572266 0.397656 0.580078 0.399219 0.581055 0.403516 0.581055 0.417578 0.571777 0.432031 0.558594 0.435547 0.557129
1 0.535547 0.652832 0.532813 0.651855 0.524219 0.661133 0.523438 0.663574 0.519141 0.668945 0.515234 0.686035 0.513672 0.688965 0.514062 0.691895 0.516797 0.693848 0.518359 0.693359 0.521094 0.6875 0.533984 0.672852 0.536719 0.666016 0.5375 0.65918
1 0.560156 0.664062 0.557031 0.665527 0.548047 0.673828 0.543359 0.685547 0.542969 0.689941 0.536719 0.705078 0.537109 0.709473 0.542188 0.70752 0.546875 0.702148 0.55 0.694336 0.555469 0.685547 0.558594 0.677246 0.558984 0.670898 0.560937 0.666504
1 0.587109 0.618164 0.585938 0.617188 0.580469 0.618164 0.566406 0.627441 0.559766 0.637207 0.558203 0.641602 0.558594 0.645996 0.559766 0.647461 0.564453 0.646973 0.569531 0.644043 0.574219 0.639648 0.585547 0.623535
1 0.633594 0.589355 0.629687 0.588867 0.626563 0.590332 0.618359 0.598145 0.611719 0.61377 0.610938 0.621094 0.6125 0.624023 0.614453 0.625 0.616016 0.624512 0.631641 0.600098 0.634766 0.591797
1 0.631641 0.620117 0.626563 0.620605 0.618359 0.627441 0.612109 0.643066 0.612109 0.648438 0.613672 0.651855 0.616406 0.652344 0.619922 0.650391 0.624219 0.645508 0.628125 0.638672 0.632812 0.62793 0.633203 0.62207
1 0.658594 0.579102 0.653516 0.578613 0.651953 0.57959 0.645312 0.587891 0.641797 0.594238 0.634766 0.621582 0.634375 0.626953 0.635938 0.629395 0.639062 0.630371 0.645703 0.623047 0.648047 0.618164 0.651172 0.615234 0.654687 0.608398 0.657031 0.599609 0.657031 0.59668 0.659375 0.589844
1 0.691406 0.57959 0.690234 0.578125 0.682422 0.57959 0.672656 0.587402 0.665234 0.596191 0.659766 0.611816 0.660547 0.612793 0.663281 0.612305 0.666016 0.608398 0.66875 0.606445 0.673828 0.60498 0.676172 0.602051 0.682813 0.597168 0.691016 0.584961
1 0.742578 0.595215 0.737891 0.592285 0.723047 0.591797 0.707812 0.596191 0.704297 0.598145 0.703516 0.601562 0.704297 0.603516 0.712109 0.608398 0.716406 0.609863 0.727734 0.608398 0.733594 0.60498 0.741797 0.597656
1 0.757422 0.599609 0.751172 0.598633 0.748047 0.601562 0.74375 0.602539 0.736328 0.606934 0.734375 0.609375 0.728125 0.612793 0.723047 0.618652 0.723437 0.623535 0.725 0.625 0.732422 0.624512 0.741406 0.621094 0.749609 0.614258 0.751563 0.609375 0.756641 0.604004
1 0.784766 0.564453 0.782031 0.561523 0.776172 0.560547 0.766797 0.562988 0.760156 0.567383 0.75625 0.572266 0.75625 0.576172 0.757422 0.577637 0.762891 0.579102 0.774219 0.577637 0.78125 0.572754 0.783984 0.569336
1 0.794531 0.622559 0.795312 0.625977 0.804688 0.631836 0.8125 0.633301 0.818359 0.632812 0.823047 0.630859 0.826562 0.62793 0.828516 0.624023 0.820312 0.618652 0.813672 0.617188 0.800781 0.618652
1 0.826172 0.657227 0.822656 0.657715 0.820703 0.659668 0.816406 0.669922 0.815625 0.68457 0.816406 0.688477 0.818359 0.691406 0.823828 0.69043 0.826953 0.685547 0.828125 0.678711 0.828125 0.661621
1 0.805469 0.578125 0.805078 0.580566 0.807031 0.587402 0.815625 0.599609 0.821094 0.604492 0.826953 0.606934 0.830469 0.607422 0.833203 0.604492 0.830859 0.596191 0.828516 0.593262 0.825781 0.586914 0.818359 0.580566 0.810156 0.577637 0.806641 0.577148
1 0.667578 0.720215 0.662891 0.716797 0.658203 0.715332 0.649609 0.716309 0.641406 0.719727 0.635938 0.724121 0.633203 0.728027 0.633594 0.731934 0.634766 0.733887 0.638281 0.73584 0.647266 0.73584 0.654687 0.73291 0.667188 0.72168
1 0.626953 0.703613 0.623047 0.705566 0.617578 0.72168 0.616016 0.739258 0.616016 0.746094 0.617578 0.748047 0.619922 0.747559 0.621484 0.742188 0.624219 0.73877 0.627344 0.731934 0.628906 0.723633 0.628906 0.711914 0.628125 0.706055
1 0.614453 0.685059 0.612891 0.684082 0.608203 0.684082 0.603906 0.685547 0.596484 0.69043 0.586328 0.70459 0.585156 0.708984 0.585547 0.712402 0.586328 0.713379 0.592187 0.712891 0.602734 0.705566 0.608594 0.69873 0.612891 0.69043
1 0.544141 0.70459 0.539844 0.708984 0.540234 0.734863 0.544922 0.748047 0.548438 0.752441 0.548828 0.757324 0.55 0.757324 0.552734 0.754883 0.555469 0.748047 0.555078 0.732422 0.553516 0.719238 0.548438 0.706543
1 0.511328 0.739258 0.510938 0.748535 0.5125 0.756348 0.516016 0.760742 0.516797 0.76416 0.519922 0.76709 0.528125 0.782715 0.530469 0.783691 0.530859 0.777832 0.525781 0.755371 0.521875 0.74707 0.514453 0.738281
1 0.685937 0.520508 0.684375 0.519531 0.680859 0.52002 0.669531 0.530762 0.664062 0.533691 0.660156 0.539062 0.657031 0.540527 0.655469 0.543945 0.650391 0.549316 0.649219 0.552734 0.65 0.556152 0.652734 0.558105 0.658984 0.558105 0.670703 0.550293 0.672266 0.546387 0.675781 0.541504 0.676562 0.538574 0.680078 0.535156 0.684375 0.533203 0.684375 0.530273 0.686719 0.525879
1 0.709375 0.496582 0.708203 0.498535 0.706641 0.507812 0.707031 0.521484 0.712109 0.541992 0.714844 0.546875 0.717187 0.547852 0.71875 0.543457 0.71875 0.52832 0.717578 0.515137 0.716406 0.509277 0.712891 0.500488
1 0.716016 0.431641 0.712891 0.435547 0.713281 0.443848 0.716016 0.452637 0.719141 0.459961 0.724219 0.467285 0.731641 0.473145 0.733594 0.473145 0.734375 0.46875 0.732031 0.452148 0.725391 0.440918 0.720313 0.437012 0.717578 0.431641
1 0.729297 0.387695 0.727734 0.389648 0.726562 0.398438 0.722656 0.408203 0.720313 0.422852 0.721094 0.430664 0.722656 0.432129 0.725 0.432129 0.727344 0.429688 0.733203 0.419922 0.734375 0.411621 0.733984 0.402344 0.732031 0.392578
1 0.689453 0.364258 0.689453 0.379395 0.692578 0.39209 0.695703 0.397461 0.702344 0.404785 0.709375 0.408203 0.7125 0.407715 0.713672 0.405762 0.713672 0.400879 0.703125 0.381348 0.701562 0.376465 0.698438 0.373535 0.69375 0.364258
1 0.683594 0.361328 0.681641 0.359375 0.677344 0.358887 0.670703 0.355957 0.664844 0.356445 0.658594 0.359863 0.653906 0.365234 0.651563 0.369141 0.650781 0.375 0.673438 0.37207 0.682031 0.366211
1 0.694141 0.322266 0.690625 0.321289 0.683594 0.32373 0.673438 0.331543 0.665234 0.345215 0.6625 0.353516 0.670312 0.353027 0.678906 0.348145 0.685937 0.341797 0.69375 0.329102 0.694531 0.32666
1 0.580078 0.376465 0.583203 0.381348 0.587891 0.384766 0.594922 0.386719 0.600781 0.386719 0.607422 0.385254 0.612891 0.381836 0.617578 0.375 0.619922 0.374023 0.619922 0.37207 0.613672 0.373047 0.592969 0.370117 0.585156 0.370117 0.58125 0.37207
1 0.592578 0.344727 0.589063 0.342773 0.580078 0.344238 0.574609 0.347168 0.566797 0.348633 0.5625 0.352051 0.558203 0.353516 0.551953 0.36084 0.547266 0.369141 0.547656 0.374023 0.549219 0.375 0.553516 0.375 0.560156 0.373535 0.565234 0.371094 0.574219 0.36377 0.583594 0.353027 0.591406 0.349121 0.592969 0.346191
1 0.576172 0.389648 0.574609 0.388184 0.571094 0.387695 0.554688 0.392578 0.545312 0.402344 0.544141 0.405273 0.544141 0.40918 0.546875 0.412109 0.549219 0.413086 0.565625 0.404785 0.575391 0.395508 0.576562 0.393066
1 0.419531 0.368652 0.415234 0.368164 0.408203 0.372559 0.403516 0.378906 0.399219 0.387695 0.398438 0.396484 0.4 0.399902 0.405078 0.399902 0.411719 0.39209 0.420703 0.373047
1 0.396484 0.357422 0.401172 0.362305 0.407031 0.364258 0.416797 0.364746 0.430859 0.356934 0.43125 0.353516 0.420312 0.351074 0.404297 0.350586 0.397656 0.353516
1 0.439844 0.334473 0.438672 0.338379 0.438672 0.345703 0.441406 0.357422 0.451562 0.369141 0.456641 0.373047 0.458203 0.377441 0.459766 0.377441 0.459766 0.368164 0.45625 0.363281 0.452344 0.354004 0.450781 0.347656 0.442969 0.334473
1 0.414453 0.309082 0.412891 0.307129 0.407813 0.307617 0.400781 0.311035 0.398828 0.312988 0.392969 0.314941 0.383984 0.322754 0.382031 0.325684 0.383203 0.330078 0.384766 0.331055 0.389062 0.331055 0.401172 0.32666 0.404297 0.324707 0.412891 0.313965 0.414453 0.311035
1 0.453906 0.276367 0.451953 0.274902 0.447656 0.274902 0.439844 0.279297 0.430859 0.287598 0.428516 0.291992 0.428516 0.29541 0.430859 0.297363 0.435937 0.297852 0.443359 0.293457 0.451172 0.285156 0.453906 0.279785
1 0.433203 0.305664 0.432031 0.304199 0.423438 0.305664 0.420312 0.307617 0.415234 0.3125 0.413281 0.316406 0.408594 0.321777 0.407031 0.325684 0.406641 0.330566 0.408984 0.33252 0.412891 0.33252 0.422266 0.32666 0.428516 0.318359 0.432422 0.311035
1 0.34375 0.353027 0.340625 0.353027 0.337109 0.355469 0.330078 0.364258 0.324609 0.377441 0.321094 0.392578 0.321875 0.397949 0.325 0.396484 0.334766 0.381836 0.341797 0.365234 0.344141 0.355469
1 0.362109 0.362793 0.360938 0.362305 0.353906 0.368164 0.345703 0.37793 0.34375 0.383789 0.3375 0.395508 0.3375 0.399414 0.338281 0.400879 0.342187 0.400879 0.357812 0.381836 0.359766 0.375488 0.362891 0.369629 0.363281 0.365234
1 0.341797 0.40332 0.344922 0.411133 0.356641 0.422363 0.360938 0.422852 0.364453 0.424805 0.372656 0.424805 0.375 0.423828 0.374609 0.419922 0.365234 0.408203 0.359766 0.406738 0.356641 0.403809 0.350391 0.402344
1 0.273438 0.356934 0.268359 0.356445 0.250781 0.360352 0.246094 0.364746 0.246094 0.368652 0.254688 0.374023 0.262891 0.373047 0.271875 0.36377 0.273047 0.361328
1 0.184766 0.349121 0.185938 0.353027 0.192969 0.362305 0.199219 0.366211 0.207813 0.368164 0.218359 0.368652 0.222266 0.367188 0.224219 0.364746 0.223438 0.360352 0.213672 0.354004 0.198047 0.351074 0.192969 0.351074 0.189844 0.348633 0.185938 0.348145
1 0.154688 0.354492 0.153906 0.357422 0.15625 0.36084 0.157422 0.367676 0.160547 0.374023 0.169922 0.381348 0.182031 0.383301 0.182422 0.380371 0.179688 0.377441 0.169922 0.361816 0.165625 0.359375 0.161719 0.355469
1 0.176172 0.463867 0.173828 0.466797 0.173828 0.473633 0.175781 0.486328 0.180859 0.497559 0.185547 0.501465 0.189844 0.507324 0.192969 0.508301 0.192969 0.505859 0.194141 0.503418 0.194141 0.495605 0.192188 0.486816 0.188672 0.481445 0.187109 0.474609 0.184375 0.470215 0.178516 0.463867
1 0.197656 0.436523 0.196094 0.439941 0.195312 0.446289 0.195312 0.459473 0.196484 0.467773 0.200391 0.477051 0.204297 0.483887 0.20625 0.485352 0.208203 0.482422 0.208594 0.471191 0.206641 0.460938 0.205859 0.450195 0.202344 0.438965 0.200781 0.437012
1 0.21875 0.445801 0.21875 0.44873 0.221094 0.452148 0.225 0.45459 0.234375 0.457031 0.246875 0.456543 0.249609 0.455078 0.252344 0.45166 0.246484 0.444336 0.239453 0.441406 0.225391 0.440918 0.220703 0.442871
1 0.254688 0.422363 0.255078 0.425781 0.257812 0.429199 0.264062 0.432129 0.269141 0.433105 0.278906 0.432617 0.289453 0.427246 0.290234 0.424805 0.288672 0.422852 0.284375 0.421875 0.279687 0.418945 0.272656 0.417969 0.259766 0.418457
1 0.391797 0.45459 0.390625 0.461426 0.390625 0.471191 0.391797 0.480957 0.394141 0.486328 0.397266 0.498047 0.398438 0.5 0.400781 0.500977 0.403516 0.497559 0.404687 0.485352 0.402734 0.471191 0.396094 0.457031 0.39375 0.45459
1 0.428906 0.446777 0.427734 0.448242 0.427734 0.456055 0.430078 0.467773 0.435937 0.479492 0.440234 0.481934 0.442188 0.479492 0.440234 0.461914 0.435547 0.450195 0.432031 0.446777
1 0.505859 0.387207 0.50625 0.390625 0.510156 0.395996 0.513672 0.398438 0.518359 0.398926 0.520703 0.400391 0.530078 0.399414 0.532813 0.397461 0.534375 0.394043 0.533984 0.391602 0.529687 0.386719 0.521484 0.383789 0.510938 0.383301 0.507422 0.384766
1 0.457813 0.375488 0.457422 0.380859 0.4625 0.39209 0.466406 0.397461 0.473828 0.405273 0.482812 0.409668 0.487109 0.410156 0.4875 0.408203 0.480469 0.389648 0.473047 0.378418 0.471484 0.377441 0.466016 0.37793 0.459766 0.375
1 0.469922 0.353516 0.46875 0.356445 0.469922 0.376953 0.474219 0.381348 0.475391 0.385254 0.478516 0.389648 0.482031 0.390625 0.483594 0.385254 0.483203 0.376465 0.478125 0.362793 0.474219 0.356445 0.471094 0.353516
1 0.571484 0.466309 0.569141 0.467773 0.567578 0.470703 0.566406 0.483887 0.567187 0.498535 0.571094 0.510742 0.573047 0.512207 0.575781 0.510742 0.577344 0.506348 0.578516 0.487305 0.576953 0.474121 0.573828 0.468262
1 0.546094 0.458008 0.544531 0.455078 0.542578 0.454102 0.533203 0.45459 0.51875 0.463379 0.516016 0.467285 0.516016 0.470703 0.51875 0.472168 0.526172 0.472168 0.537891 0.467773 0.542578 0.464355 0.544922 0.461426
1 0.552344 0.466309 0.548438 0.46582 0.541016 0.475098 0.535156 0.486328 0.533203 0.493652 0.533594 0.509766 0.535547 0.51123 0.537109 0.51123 0.539062 0.500977 0.544531 0.489746 0.546094 0.483398 0.552734 0.47168
1 0.583594 0.470703 0.583203 0.474609 0.585938 0.482422 0.592969 0.490723 0.599219 0.493164 0.605078 0.493164 0.608984 0.490723 0.608594 0.486816 0.60625 0.483398 0.592187 0.471191 0.589063 0.470215
1 0.582422 0.445801 0.582812 0.450684 0.587109 0.458496 0.595313 0.466797 0.601953 0.469238 0.608594 0.469238 0.613672 0.466797 0.614453 0.462402 0.610938 0.45752 0.601953 0.453125 0.591406 0.446289 0.584375 0.444336
1 0.68125 0.392578 0.679297 0.391113 0.673047 0.391602 0.669141 0.393555 0.661328 0.400879 0.655469 0.408203 0.653516 0.412109 0.650781 0.424316 0.654687 0.423828 0.65625 0.421875 0.662109 0.418945 0.669141 0.412598 0.677344 0.402832 0.680469 0.396973
1 0.763672 0.399902 0.764062 0.404297 0.766797 0.412598 0.771875 0.419922 0.782422 0.425293 0.790234 0.424316 0.790234 0.422852 0.786719 0.416504 0.779687 0.40625 0.767969 0.398926 0.764844 0.398926
1 0.514453 0.49707 0.513281 0.49707 0.509766 0.50293 0.507422 0.512695 0.507422 0.533203 0.510156 0.540527 0.513281 0.540527 0.514844 0.537598 0.517188 0.529297 0.519531 0.513672 0.519141 0.50293
1 0.455469 0.503906 0.455469 0.505859 0.457813 0.508789 0.461719 0.517578 0.471094 0.530273 0.480469 0.537109 0.482812 0.538086 0.486328 0.537109 0.486328 0.531738 0.478125 0.51709 0.471094 0.510254 0.460938 0.504395 0.458984 0.501953 0.457422 0.501953
1 0.423047 0.472656 0.421875 0.474609 0.422656 0.489746 0.425781 0.498047 0.43125 0.50293 0.442969 0.510742 0.448047 0.51123 0.449609 0.506836 0.448828 0.503418 0.447266 0.501465 0.438672 0.496094 0.428125 0.478027 0.424219 0.472656
1 0.416797 0.519043 0.411719 0.520508 0.407031 0.527344 0.402734 0.546875 0.402734 0.553711 0.403906 0.557129 0.405078 0.557129 0.408984 0.553223 0.413672 0.541992 0.416797 0.528809
1 0.375 0.547852 0.375391 0.550293 0.377344 0.553223 0.387891 0.558105 0.400391 0.556641 0.402734 0.552734 0.401953 0.546875 0.398047 0.543457 0.390234 0.541504 0.38125 0.54248 0.376953 0.544434
1 0.382422 0.504883 0.380078 0.504883 0.377344 0.507324 0.371484 0.518555 0.368359 0.531738 0.369141 0.539551 0.371094 0.541504 0.372656 0.541992 0.373828 0.541016 0.382422 0.520996 0.384375 0.511719 0.383984 0.506348
1 0.359375 0.521973 0.358203 0.520996 0.351172 0.520996 0.337891 0.525391 0.332813 0.529297 0.330078 0.533203 0.325781 0.535156 0.323047 0.541504 0.326953 0.541992 0.331641 0.539062 0.341797 0.537109 0.355078 0.530273 0.359375 0.526367
1 0.287891 0.617188 0.286328 0.617676 0.282422 0.62207 0.281641 0.625977 0.279297 0.628906 0.275391 0.637695 0.274219 0.648926 0.274219 0.657715 0.275391 0.659668 0.277344 0.658691 0.28125 0.648926 0.283984 0.645996 0.2875 0.638184 0.288281 0.631836 0.290625 0.625977 0.290625 0.621094
1 0.335938 0.606445 0.334766 0.602539 0.328906 0.600098 0.322266 0.599121 0.313672 0.599609 0.30625 0.603027 0.304297 0.605957 0.304297 0.609375 0.30625 0.612305 0.316406 0.614746 0.325391 0.614746 0.332813 0.612305
1 0.253906 0.594727 0.254688 0.598633 0.256641 0.601074 0.267188 0.60791 0.280469 0.610352 0.282813 0.608398 0.282813 0.603516 0.278906 0.595215 0.275391 0.594727 0.269141 0.59082 0.265625 0.589844 0.258984 0.590332
1 0.132031 0.524902 0.132812 0.530273 0.134766 0.533203 0.140625 0.533691 0.155859 0.53125 0.159766 0.527344 0.160547 0.523438 0.159375 0.520996 0.15625 0.519531 0.144922 0.518555 0.1375 0.520508
1 0.166016 0.536133 0.163672 0.532715 0.160547 0.531738 0.153516 0.53125 0.145703 0.532227 0.138281 0.534668 0.136719 0.537598 0.136719 0.540527 0.137891 0.543457 0.140625 0.54541 0.144922 0.546875 0.154688 0.546387 0.162891 0.541504 0.166016 0.537598
1 0.112109 0.591797 0.114844 0.595703 0.11875 0.597168 0.13125 0.59668 0.139453 0.593262 0.143359 0.587891 0.14375 0.583496 0.142187 0.581543 0.136328 0.580078 0.126562 0.580078 0.122266 0.58252 0.119141 0.583008 0.114453 0.586426 0.112891 0.588379
1 0.198047 0.30127 0.198047 0.303223 0.201563 0.306152 0.208594 0.308594 0.220703 0.308594 0.223828 0.304688 0.223828 0.301758 0.221484 0.29834 0.214453 0.296875 0.201953 0.297363 0.199609 0.29834
1 0.248047 0.265137 0.245312 0.271973 0.246484 0.282715 0.251172 0.294434 0.255078 0.297852 0.257031 0.297852 0.258594 0.293457 0.258594 0.288574 0.256641 0.276855 0.252734 0.266113 0.251563 0.265137
1 0.289844 0.278809 0.289453 0.283691 0.294141 0.29248 0.310547 0.310059 0.311719 0.306152 0.310937 0.296875 0.308594 0.290527 0.302344 0.282715 0.29375 0.27832
1 0.251563 0.307617 0.251172 0.311523 0.259766 0.325684 0.267578 0.333496 0.270703 0.334961 0.271875 0.334473 0.271875 0.32959 0.264453 0.313965 0.249961 0.296436
1 0.504687 0.270996 0.505078 0.274902 0.507422 0.277832 0.513281 0.280762 0.527344 0.281738 0.537891 0.28125 0.538672 0.280273 0.538281 0.27832 0.532422 0.273926 0.529687 0.270508 0.521875 0.267578 0.510156 0.26709 0.505859 0.269043
1 0.636328 0.294434 0.634766 0.292969 0.630859 0.293457 0.623437 0.297363 0.618359 0.29834 0.607031 0.307129 0.601562 0.314941 0.602734 0.315918 0.608203 0.315918 0.623437 0.311035 0.635938 0.298828
1 0.656641 0.298828 0.656641 0.303223 0.661328 0.308105 0.665625 0.310547 0.678125 0.313965 0.685547 0.313965 0.686328 0.3125 0.686328 0.310059 0.684375 0.306152 0.673438 0.299316 0.663672 0.297363 0.659375 0.297363
1 0.716797 0.321777 0.717187 0.32373 0.720703 0.326172 0.725391 0.327637 0.729688 0.331055 0.739844 0.335449 0.752344 0.336914 0.755859 0.333496 0.755469 0.330078 0.753906 0.328125 0.74375 0.322266 0.732031 0.319824 0.720703 0.319824
1 0.765625 0.364746 0.763672 0.362793 0.755078 0.361328 0.745313 0.362793 0.731641 0.368652 0.730078 0.371582 0.730078 0.374023 0.732812 0.376465 0.740234 0.376465 0.755859 0.373535 0.762891 0.369629 0.765234 0.366699
1 0.798828 0.35791 0.789453 0.369141 0.784766 0.378418 0.778516 0.399902 0.779297 0.403809 0.782422 0.40625 0.783984 0.405762 0.786719 0.401855 0.790625 0.392578 0.795312 0.384766 0.799609 0.367676 0.799609 0.359863
1 0.872656 0.358887 0.871094 0.357422 0.868359 0.357422 0.866016 0.359375 0.860547 0.36084 0.85 0.372559 0.846094 0.381836 0.847266 0.383301 0.849609 0.383789 0.860938 0.378418 0.865625 0.375 0.869922 0.370117 0.872266 0.365723 0.873047 0.362793
1 0.873047 0.399902 0.869141 0.396973 0.862109 0.396484 0.848047 0.398926 0.841016 0.402832 0.839453 0.404785 0.838672 0.408203 0.842578 0.410645 0.848437 0.412109 0.858984 0.412109 0.864844 0.410156 0.871094 0.405762 0.872656 0.40332
1 0.786719 0.489746 0.791797 0.494629 0.799219 0.497559 0.81875 0.499512 0.820703 0.497559 0.81875 0.493164 0.80625 0.485352 0.794531 0.484863 0.789844 0.486328
1 0.419141 0.777344 0.417969 0.779297 0.417969 0.783203 0.423438 0.804688 0.425391 0.808594 0.432422 0.816895 0.440234 0.819336 0.44375 0.816895 0.444922 0.814941 0.44375 0.807617 0.437109 0.795898 0.435547 0.791016 0.428125 0.781738 0.420703 0.777344
1 0.646094 0.745117 0.642969 0.746582 0.641797 0.748535 0.637109 0.763184 0.636328 0.779785 0.637891 0.78418 0.639844 0.785645 0.642969 0.785645 0.646094 0.781738 0.65 0.769043 0.650391 0.753418 0.648438 0.747559
1 0.580859 0.796875 0.575391 0.797852 0.571875 0.802246 0.569922 0.807129 0.566797 0.820312 0.567187 0.830078 0.56875 0.833008 0.573047 0.833008 0.576562 0.829102 0.578125 0.825684 0.582422 0.811035 0.582812 0.802246
1 0.5375 0.778809 0.536328 0.780762 0.535937 0.78418 0.537891 0.799316 0.541406 0.808594 0.544531 0.8125 0.549219 0.814941 0.549219 0.794922 0.545703 0.782227 0.541406 0.77832
1 0.93125 0.577637 0.929688 0.57666 0.923047 0.57666 0.917188 0.578125 0.914062 0.580078 0.907031 0.587891 0.904297 0.595215 0.904297 0.601562 0.90625 0.603027 0.911719 0.602539 0.920312 0.59668 0.928125 0.588379 0.932031 0.580566
1 0.873437 0.544434 0.873437 0.54834 0.876953 0.553711 0.885156 0.558594 0.894141 0.560059 0.899609 0.558594 0.901953 0.555664 0.902344 0.552734 0.901563 0.550781 0.898047 0.546387 0.888281 0.541016 0.885156 0.540039 0.878125 0.540527
1 0.904297 0.544922 0.903906 0.550293 0.904687 0.552246 0.911719 0.556641 0.922266 0.559082 0.929688 0.559082 0.933984 0.557129 0.935156 0.554688 0.934375 0.548828 0.927344 0.543457 0.917969 0.541016 0.911719 0.541016 0.907813 0.541992
1 0.921875 0.486328 0.921484 0.491211 0.922656 0.498047 0.925 0.50293 0.93125 0.509766 0.936719 0.513184 0.940234 0.513672 0.941797 0.511719 0.942187 0.508789 0.940234 0.502441 0.9375 0.499023 0.935156 0.493652 0.927344 0.486816 0.924609 0.48584
1 0.940625 0.407715 0.940234 0.410645 0.941406 0.415527 0.947266 0.42627 0.955469 0.432129 0.958984 0.432617 0.962109 0.430176 0.962109 0.423828 0.955859 0.413574 0.949219 0.407715 0.945312 0.406738
1 0.928125 0.268066 0.923828 0.267578 0.920703 0.269043 0.914844 0.275879 0.910547 0.286133 0.908984 0.294434 0.909375 0.305664 0.910547 0.308105 0.912109 0.309082 0.916016 0.308105 0.921094 0.302734 0.925 0.295898 0.926172 0.291016 0.928906 0.287109 0.930469 0.277344 0.930078 0.270508
1 0.789062 0.243164 0.787109 0.243652 0.782031 0.260254 0.780859 0.274414 0.780859 0.291016 0.782813 0.29541 0.786328 0.294922 0.788281 0.291992 0.792578 0.269531 0.792578 0.258301 0.790234 0.244141
1 0.747266 0.266113 0.746875 0.271484 0.750391 0.276855 0.751172 0.280273 0.761719 0.29541 0.767578 0.298828 0.767969 0.29541 0.766797 0.291016 0.765234 0.288574 0.763672 0.282715 0.758594 0.274902 0.756641 0.269043 0.752344 0.265625
1 0.753516 0.250977 0.751953 0.248535 0.749609 0.248047 0.74375 0.248535 0.735547 0.250977 0.726562 0.256836 0.724609 0.259277 0.725391 0.263184 0.729297 0.264648 0.741016 0.26416 0.748437 0.260742 0.752344 0.254883
1 0.745703 0.220703 0.739062 0.222656 0.727344 0.235352 0.723437 0.241699 0.719531 0.250977 0.719531 0.253418 0.720703 0.255371 0.725 0.254883 0.733984 0.248535 0.740625 0.23877 0.746484 0.225098 0.746484 0.22168
1 0.715625 0.161133 0.713672 0.164062 0.713672 0.17041 0.716016 0.180176 0.719141 0.187988 0.720313 0.195312 0.722656 0.202148 0.725 0.206055 0.728125 0.206543 0.729297 0.205078 0.730859 0.197754 0.729297 0.186035 0.722266 0.167969 0.716797 0.161133
1 0.751563 0.143555 0.747656 0.143066 0.744922 0.14502 0.742188 0.149414 0.738672 0.158203 0.7375 0.170898 0.737891 0.174805 0.740234 0.181641 0.744141 0.177734 0.750391 0.162109 0.753125 0.150879 0.752734 0.145508
1 0.767578 0.155762 0.766016 0.157227 0.765234 0.160156 0.766406 0.18457 0.767969 0.191406 0.770703 0.195312 0.772266 0.195312 0.773828 0.192383 0.775 0.185059 0.775 0.166992 0.772656 0.158691 0.771484 0.157227
1 0.790234 0.115234 0.789062 0.114258 0.779687 0.114746 0.767969 0.118652 0.759375 0.125977 0.756641 0.131348 0.761328 0.132324 0.772266 0.130371 0.777344 0.128418 0.787109 0.12207 0.789453 0.119141
1 0.830469 0.186035 0.829297 0.188965 0.829297 0.204102 0.830469 0.210449 0.833203 0.218262 0.837109 0.225586 0.839063 0.227051 0.841797 0.227051 0.84375 0.22168 0.842187 0.205078 0.839063 0.196289 0.833594 0.187012
1 0.885156 0.203613 0.884375 0.202637 0.880078 0.202637 0.869531 0.208496 0.861719 0.214844 0.854297 0.225586 0.85625 0.227539 0.866016 0.226562 0.875 0.222656 0.88125 0.21582 0.884375 0.208984
1 0.857812 0.284668 0.857031 0.282715 0.854297 0.28125 0.837109 0.282715 0.829688 0.286133 0.828125 0.291016 0.833984 0.295898 0.839063 0.296875 0.849609 0.296387 0.85625 0.291016 0.857812 0.288086
1 0.816016 0.263672 0.816016 0.267578 0.829688 0.277344 0.837109 0.279297 0.842969 0.278809 0.849219 0.275391 0.852344 0.268066 0.852344 0.265625 0.850781 0.263672 0.837891 0.262207 0.833984 0.259277 0.829688 0.258301 0.818359 0.259766
1 0.830078 0.250977 0.830078 0.253418 0.833203 0.259277 0.836328 0.261719 0.841016 0.263184 0.850781 0.262695 0.854297 0.260742 0.857422 0.255859 0.856641 0.251953 0.855078 0.250488 0.841406 0.24707 0.833594 0.24707
1 0.950781 0.264648 0.947656 0.264648 0.945312 0.266113 0.940234 0.275391 0.938281 0.282227 0.938281 0.299316 0.939063 0.300781 0.944141 0.299316 0.947266 0.29541 0.949609 0.290039 0.952734 0.272949 0.952344 0.26709
1 0.940234 0.243164 0.938672 0.244141 0.934766 0.255371 0.933984 0.268555 0.935547 0.275879 0.936719 0.275879 0.939453 0.271973 0.943359 0.263184 0.944141 0.259277 0.944141 0.249023 0.942969 0.245117
1 0.926172 0.14209 0.926172 0.144043 0.928125 0.146973 0.939063 0.149902 0.948047 0.149902 0.951562 0.148438 0.952734 0.146484 0.952734 0.143555 0.951562 0.141602 0.941797 0.137207 0.932422 0.138672
1 0.965625 0.118164 0.964063 0.116211 0.960938 0.116211 0.954297 0.118652 0.950391 0.123535 0.946484 0.126465 0.943359 0.133789 0.943359 0.135742 0.950781 0.141602 0.957422 0.137695 0.959375 0.135742 0.965625 0.121582
1 0.907031 0.0932617 0.903516 0.0957031 0.902734 0.0996094 0.903125 0.116211 0.904687 0.123047 0.907813 0.130859 0.910547 0.133301 0.912891 0.133301 0.915234 0.129883 0.917188 0.120605 0.916797 0.103027 0.913281 0.0957031
1 0.857422 0.0800781 0.858594 0.0849609 0.867578 0.0917969 0.870703 0.0927734 0.880469 0.0932617 0.889453 0.0878906 0.888672 0.0844727 0.887109 0.0825195 0.882812 0.0795898 0.877734 0.078125 0.873828 0.0751953 0.8625 0.074707 0.859375 0.0761719
1 0.796875 0.0668945 0.796094 0.065918 0.790625 0.0664062 0.784375 0.0717773 0.774609 0.0854492 0.770703 0.0961914 0.771484 0.097168 0.776563 0.097168 0.786719 0.0908203 0.794922 0.0795898 0.796875 0.0732422
1 0.728906 0.0644531 0.727734 0.0668945 0.728125 0.0761719 0.729688 0.0795898 0.732031 0.0908203 0.735156 0.0957031 0.735938 0.0996094 0.742188 0.106445 0.745313 0.111816 0.748437 0.113281 0.749609 0.111328 0.749609 0.106445 0.746484 0.0893555 0.739844 0.0751953 0.734375 0.0668945 0.732031 0.0644531
1 0.685156 0.0644531 0.682031 0.0644531 0.680859 0.0664062 0.679297 0.0717773 0.674219 0.0810547 0.672656 0.0883789 0.672266 0.0981445 0.673047 0.109375 0.673828 0.111816 0.676172 0.11377 0.678516 0.112793 0.682031 0.10498 0.685156 0.0942383 0.686719 0.0805664
1 0.720313 0.0498047 0.716797 0.0517578 0.712109 0.0634766 0.710547 0.0722656 0.708594 0.0766602 0.706641 0.0976562 0.708203 0.100098 0.716406 0.0898438 0.720313 0.0751953 0.721094 0.0600586 0.721875 0.0576172 0.721875 0.0522461
1 0.716406 0.0249023 0.722656 0.0371094 0.726562 0.0419922 0.732422 0.0463867 0.740234 0.0488281 0.748828 0.0493164 0.752344 0.0454102 0.752344 0.0439453 0.75 0.0400391 0.732031 0.0253906 0.726172 0.0239258 0.717187 0.0239258
1 0.772656 0.00585938 0.770703 0.00585938 0.766797 0.00927734 0.760156 0.0229492 0.758594 0.0307617 0.758984 0.0410156 0.760156 0.0419922 0.763281 0.0419922 0.764844 0.0405273 0.770312 0.0288086 0.773047 0.0175781 0.773438 0.00732422
1 0.796484 0 0.789453 0 0.789062 0.00244141 0.785937 0.00683594 0.783203 0.0141602 0.782031 0.0200195 0.781641 0.0341797 0.783594 0.0371094 0.7875 0.0336914 0.794531 0.019043 0.796875 0.0078125
1 0.662891 0.126953 0.661719 0.126953 0.658203 0.132812 0.65625 0.147949 0.657422 0.163574 0.661328 0.172363 0.662891 0.171387 0.664453 0.166992 0.667188 0.153809 0.665625 0.133301 0.664453 0.128906
1 0.619531 0.217285 0.614844 0.219727 0.612109 0.222656 0.603906 0.240234 0.602344 0.246582 0.601172 0.259277 0.601562 0.262207 0.602734 0.263672 0.603906 0.263672 0.607031 0.259277 0.617578 0.240234 0.620313 0.232422 0.621484 0.225586 0.621484 0.220215
1 0.598437 0.271484 0.598828 0.275391 0.610156 0.287598 0.616797 0.291016 0.622656 0.29248 0.628125 0.290527 0.628125 0.286133 0.626953 0.283691 0.621484 0.27832 0.610156 0.272949 0.601953 0.270996
1 0.557422 0.223145 0.557422 0.229004 0.558984 0.23584 0.564453 0.243652 0.568359 0.246582 0.575391 0.248535 0.580469 0.247559 0.582812 0.245117 0.582422 0.241211 0.580078 0.236816 0.563672 0.225098 0.560937 0.22168 0.558984 0.22168
1 0.604688 0.193848 0.598828 0.193359 0.587891 0.198242 0.579297 0.205566 0.575 0.211914 0.574609 0.217285 0.575781 0.21875 0.580078 0.21875 0.591797 0.214355 0.600781 0.206055 0.605078 0.197754
1 0.560156 0.152344 0.559375 0.153809 0.560156 0.157715 0.566797 0.172852 0.570312 0.178711 0.575781 0.184082 0.578906 0.185547 0.582031 0.185059 0.583594 0.183105 0.583203 0.176758 0.58125 0.17041 0.578125 0.164551 0.569141 0.155273 0.564453 0.152344
1 0.541406 0.168457 0.539453 0.17334 0.539453 0.179688 0.540234 0.185547 0.543359 0.193359 0.551953 0.205078 0.555859 0.208008 0.559375 0.207031 0.560156 0.205566 0.559766 0.194824 0.557813 0.187012 0.553516 0.176758 0.549219 0.172852 0.545312 0.16748
1 0.509766 0.213379 0.508984 0.216309 0.524609 0.231934 0.535547 0.23584 0.539062 0.23584 0.540234 0.234863 0.540625 0.231934 0.539062 0.226562 0.534375 0.221191 0.520703 0.212891 0.511719 0.212402
1 0.639844 0.0610352 0.633594 0.0600586 0.627344 0.0615234 0.621875 0.0649414 0.613281 0.0737305 0.612109 0.0771484 0.6125 0.0805664 0.615625 0.0825195 0.622656 0.081543 0.631641 0.0771484 0.639453 0.0683594 0.640234 0.0649414
1 0.583203 0.0175781 0.5875 0.0200195 0.594922 0.0209961 0.604297 0.0200195 0.607812 0.0185547 0.611328 0.0141602 0.611328 0.0112305 0.610547 0.00927734 0.603906 0.00585938 0.594922 0.00537109 0.587109 0.00927734 0.583594 0.0136719
1 0.63125 0.0180664 0.629297 0.0166016 0.619922 0.0166016 0.614844 0.019043 0.603516 0.027832 0.598828 0.0332031 0.598437 0.0366211 0.599609 0.0380859 0.607031 0.0371094 0.622656 0.0307617 0.628906 0.0249023
1 0.65 0.0317383 0.647266 0.0288086 0.636719 0.0292969 0.631641 0.03125 0.626172 0.0317383 0.61875 0.0361328 0.616797 0.0395508 0.616797 0.0419922 0.61875 0.0454102 0.622266 0.0473633 0.630859 0.0463867 0.637891 0.043457 0.641797 0.0400391 0.646094 0.0380859 0.65 0.0336914
1 0.517969 0.0151367 0.512109 0.0170898 0.508984 0.0209961 0.503125 0.0322266 0.501953 0.0371094 0.501953 0.0419922 0.505078 0.0463867 0.50625 0.0463867 0.512109 0.0405273 0.517188 0.0302734 0.519531 0.0214844 0.519531 0.0180664
1 0.885156 0.404785 0.885156 0.412598 0.888281 0.42041 0.894141 0.428711 0.900781 0.43457 0.905469 0.436523 0.905469 0.431152 0.901953 0.422852 0.889453 0.404297 0.887109 0.403809
1 0.950781 0.399414 0.951953 0.399902 0.952734 0.397949 0.957031 0.398438 0.963281 0.402344 0.969922 0.410156 0.98125 0.415039 0.988281 0.415527 0.991797 0.414062 0.993359 0.412109 0.993359 0.407227 0.992188 0.404297 0.9875 0.399902 0.978906 0.39502 0.967578 0.391113 0.958984 0.390625 0.953906 0.39209 0.952734 0.393066
1 0.962109 0.34082 0.960938 0.342285 0.960156 0.34668 0.960156 0.351562 0.962109 0.361328 0.969141 0.374023 0.971094 0.375 0.974219 0.374512 0.976172 0.370117 0.976172 0.359863 0.974609 0.353516 0.972266 0.347656 0.969531 0.344238 0.965234 0.341309
1 0.989062 0.321289 0.985938 0.321289 0.984766 0.322266 0.977344 0.336914 0.976172 0.34375 0.976953 0.348633 0.978516 0.350586 0.982812 0.350586 0.988281 0.34375 0.990234 0.339844 0.991406 0.335449 0.991406 0.325195
1 0.903125 0.37207 0.903125 0.374023 0.907031 0.381836 0.914062 0.389648 0.923438 0.395508 0.929688 0.397949 0.933594 0.398438 0.936328 0.396973 0.936328 0.390625 0.933984 0.386719 0.930078 0.383301 0.912109 0.37207
1 0.986719 0.259277 0.986719 0.263672 0.989453 0.267578 1 0.269531 1 0.256836 0.990625 0.256836
1 0.953125 0.212891 0.954688 0.218262 0.9625 0.233398 0.970313 0.23877 0.976562 0.23877 0.978125 0.237305 0.978125 0.235352 0.976562 0.232422 0.967187 0.220215 0.959766 0.214355 0.955469 0.212402
1 0.976953 0.168945 0.975781 0.170898 0.976172 0.178223 0.978125 0.183594 0.981641 0.189453 0.987109 0.194824 0.992969 0.197754 0.995313 0.197266 0.996484 0.194824 0.996875 0.189453 0.994922 0.182129 0.989453 0.175293 0.982422 0.168945
1 0.983984 0.220215 0.983203 0.227051 0.986328 0.237793 0.99375 0.245117 1 0.245117 1 0.23291 0.997656 0.231445 0.996094 0.227051 0.990625 0.220703 0.987891 0.219238
1 0.890625 0.229492 0.887109 0.227051 0.879297 0.227051 0.875 0.228516 0.861719 0.237305 0.859766 0.239746 0.858594 0.244141 0.864453 0.24707 0.873437 0.24707 0.883594 0.237793 0.889844 0.233887 0.891016 0.232422
1 0.938281 0.487305 0.937891 0.490723 0.941406 0.498047 0.951562 0.509766 0.954688 0.511719 0.959766 0.510254 0.960156 0.505371 0.958984 0.501465 0.952734 0.493164 0.943359 0.486328 0.939063 0.486328
1 0.970703 0.482422 0.968359 0.48877 0.968359 0.496582 0.971094 0.509766 0.973828 0.51416 0.979297 0.51416 0.98125 0.51123 0.98125 0.503906 0.979297 0.493652 0.974609 0.48291
1 0.982031 0.580566 0.978906 0.588379 0.978906 0.597168 0.98125 0.607422 0.985938 0.616211 0.991797 0.622559 0.994922 0.624023 0.996484 0.62207 0.997266 0.614258 0.996875 0.606445 0.994922 0.596191 0.991406 0.587402 0.985938 0.580566
1 0.939453 0.57959 0.940625 0.583984 0.946094 0.59082 0.955859 0.595703 0.959375 0.59668 0.96875 0.59668 0.970703 0.595703 0.972266 0.592773 0.972266 0.591309 0.966797 0.583496 0.958984 0.579102 0.943359 0.576172 0.941016 0.577148
1 0.951562 0.679688 0.95 0.681152 0.949219 0.693848 0.950781 0.703125 0.953125 0.709961 0.957812 0.717285 0.962109 0.719727 0.966797 0.720215 0.968359 0.717773 0.968359 0.711914 0.965625 0.697266 0.962109 0.689453 0.955859 0.681641
1 0.849219 0.542969 0.847656 0.541016 0.845703 0.540527 0.832812 0.55127 0.828906 0.556152 0.825391 0.563965 0.825391 0.569336 0.830859 0.569336 0.839844 0.561035 0.847656 0.549316 0.849609 0.544922
1 1 0.441895 0.997656 0.442383 0.99375 0.447266 0.991406 0.45459 0.987109 0.462891 0.9875 0.467285 0.989453 0.469727 0.991016 0.469727 0.995313 0.466797 0.998828 0.461426 1 0.461426
1 0.930859 0.0864258 0.929297 0.0878906 0.928906 0.0913086 0.929688 0.107422 0.93125 0.11084 0.935937 0.116211 0.938281 0.117676 0.940625 0.117676 0.942187 0.115723 0.942969 0.112305 0.941797 0.103027 0.936328 0.090332 0.932422 0.0864258
1 0.611328 0.122559 0.607031 0.123535 0.603125 0.128418 0.598437 0.14502 0.597656 0.153809 0.599219 0.157715 0.607031 0.154785 0.611719 0.144531 0.612891 0.138672 0.612891 0.132812
1 0.587109 0.123047 0.585938 0.125488 0.587109 0.14209 0.591016 0.152344 0.595313 0.153809 0.596484 0.150879 0.597266 0.144043 0.596484 0.134277 0.592578 0.125
1 0.517969 0.142578 0.515625 0.141113 0.510547 0.14209 0.500781 0.149414 0.492578 0.157715 0.492578 0.165527 0.49375 0.166504 0.498828 0.166016 0.50625 0.161621 0.514453 0.154785 0.517578 0.147461
1 0.440234 0.171387 0.439844 0.174805 0.441406 0.178711 0.446875 0.186523 0.451953 0.189941 0.454297 0.193359 0.458594 0.196777 0.467578 0.201172 0.467578 0.196777 0.464844 0.188965 0.458594 0.177734 0.451172 0.171875 0.442188 0.169922
1 0.444141 0.166016 0.446484 0.168457 0.452344 0.170898 0.464453 0.171875 0.478516 0.166504 0.480078 0.164062 0.480078 0.161621 0.478516 0.160645 0.465625 0.161621 0.45 0.15918 0.446094 0.160645 0.444531 0.163086
1 0.475 0.126465 0.470313 0.125977 0.466797 0.129395 0.457422 0.129395 0.446875 0.134766 0.440234 0.14209 0.439063 0.146484 0.439453 0.148926 0.440234 0.149902 0.450391 0.148926 0.457813 0.146484 0.464062 0.143066 0.473828 0.130859
1 0.478906 0.106445 0.471875 0.103027 0.461719 0.103027 0.447266 0.109375 0.439883 0.109521 0.438555 0.11377 0.441992 0.116211 0.450781 0.119141 0.454297 0.120117 0.460156 0.119629 0.468359 0.116699 0.478516 0.108398
1 0.495312 0.0620117 0.492969 0.0615234 0.486328 0.0639648 0.476953 0.0761719 0.473828 0.0834961 0.474219 0.0874023 0.476172 0.0888672 0.480469 0.0888672 0.489844 0.0825195 0.496094 0.0688477 0.496484 0.0644531
1 0.407422 0.150391 0.405469 0.148926 0.4 0.149414 0.385156 0.160645 0.381641 0.166504 0.381641 0.17334 0.383984 0.175293 0.386328 0.175293 0.396875 0.17041 0.405469 0.159668
1 0.376563 0.102051 0.373828 0.106934 0.374609 0.123535 0.377344 0.135742 0.385547 0.151855 0.387109 0.149902 0.388672 0.141602 0.388281 0.130371 0.385937 0.118164 0.381641 0.105469 0.380078 0.103516
1 0.338281 0.151855 0.336719 0.157227 0.336719 0.17041 0.337891 0.180664 0.341016 0.189453 0.344531 0.192383 0.346484 0.192383 0.347656 0.189941 0.348828 0.179199 0.348828 0.168945 0.347656 0.161621 0.346484 0.158203 0.341797 0.151855
1 0.391406 0.183105 0.389844 0.181641 0.385156 0.182129 0.377734 0.187988 0.365625 0.208984 0.364453 0.213379 0.369531 0.213379 0.373437 0.210449 0.376953 0.209961 0.380469 0.207031 0.389453 0.193359 0.392188 0.185547
1 0.334375 0.232422 0.334766 0.236328 0.336719 0.240234 0.344531 0.249512 0.346094 0.25293 0.353906 0.259766 0.360156 0.261719 0.364844 0.260742 0.361719 0.252441 0.354297 0.242676 0.341016 0.231934 0.336328 0.230957
1 0.391797 0.238281 0.389062 0.240723 0.387891 0.244141 0.387109 0.26416 0.389453 0.27002 0.389844 0.276367 0.391797 0.282715 0.395703 0.288086 0.397266 0.288086 0.401172 0.27002 0.400781 0.258789 0.396094 0.241699 0.39375 0.23877
1 0.430859 0.175781 0.429297 0.178711 0.429297 0.182617 0.432031 0.192871 0.438281 0.203125 0.44375 0.208008 0.448047 0.208496 0.449219 0.206543 0.448828 0.197266 0.445312 0.1875 0.442969 0.183105 0.436328 0.175781
1 0.460547 0.0952148 0.458594 0.0922852 0.451172 0.0893555 0.439453 0.0917969 0.435547 0.0942383 0.429688 0.0952148 0.425781 0.0986328 0.425781 0.101562 0.426953 0.104004 0.430859 0.105957 0.442578 0.106934 0.450781 0.104004 0.457422 0.100098 0.460156 0.097168
1 0.419531 0.0683594 0.411328 0.0673828 0.398438 0.0717773 0.392969 0.0751953 0.388281 0.0810547 0.387109 0.0844727 0.395313 0.0864258 0.404687 0.0849609 0.412109 0.0800781 0.417578 0.0742188
1 0.426953 0.0175781 0.423438 0.0205078 0.423047 0.0317383 0.423828 0.0454102 0.425391 0.0493164 0.427344 0.0600586 0.425781 0.0639648 0.425781 0.0678711 0.426953 0.0693359 0.428906 0.0693359 0.43125 0.0678711 0.432812 0.0629883 0.436328 0.0571289 0.437109 0.0400391 0.436328 0.0322266 0.433203 0.0249023 0.430078 0.0195312
1 0.467578 0.0239258 0.466016 0.0249023 0.463672 0.0302734 0.461328 0.0424805 0.462109 0.0581055 0.466016 0.0732422 0.467578 0.0722656 0.469141 0.0644531 0.471484 0.0600586 0.472656 0.0498047 0.472266 0.0327148 0.470313 0.0268555
1 0.455469 0.00390625 0.453125 0.00439453 0.451172 0.00634766 0.449219 0.0151367 0.447656 0.0415039 0.449609 0.0439453 0.451953 0.0439453 0.455078 0.0410156 0.458203 0.0332031 0.459766 0.0258789 0.459766 0.0112305 0.458594 0.00634766
1 0.341406 0.00634766 0.344922 0.00927734 0.349609 0.00878906 0.358594 0.00292969 0.359766 0 0.341406 0
1 0.477734 0.0146484 0.476562 0.0166016 0.477734 0.0219727 0.485156 0.0385742 0.493359 0.0493164 0.497656 0.0576172 0.501563 0.0576172 0.501953 0.0532227 0.498828 0.0390625 0.491016 0.0263672 0.483203 0.0161133
1 0.278516 0.00683594 0.280078 0.00976562 0.285156 0.012207 0.291406 0.0131836 0.299219 0.012207 0.302734 0.0102539 0.305859 0.00683594 0.308203 0.00292969 0.308594 0 0.28125 0 0.280859 0.00195312 0.278906 0.00390625
1 0.285938 0.0444336 0.285156 0.0512695 0.285547 0.0654297 0.289453 0.0766602 0.301953 0.0922852 0.30625 0.0913086 0.30625 0.0874023 0.303516 0.0761719 0.295312 0.0556641 0.287109 0.0444336
1 0.213672 0.0131836 0.205078 0.0234375 0.203906 0.0273438 0.202344 0.0419922 0.201953 0.0566406 0.205078 0.0629883 0.208594 0.0585938 0.209766 0.0551758 0.211328 0.0385742 0.214453 0.0249023 0.214453 0.0161133
1 0.189844 0.0625 0.187891 0.0673828 0.187109 0.0878906 0.1875 0.0922852 0.189062 0.0961914 0.189062 0.104004 0.192188 0.107422 0.193359 0.107422 0.194531 0.10498 0.194141 0.0961914 0.195312 0.0883789 0.194531 0.0844727 0.195312 0.0810547 0.195312 0.0712891 0.194531 0.0644531 0.193359 0.0629883
1 0.200781 0.111328 0.202344 0.116699 0.201563 0.125977 0.197266 0.138672 0.196875 0.148047 0.194297 0.146875 0.189844 0.134766 0.191016 0.123047 0.197148 0.109326
1 0.207422 0.078125 0.205469 0.0795898 0.204687 0.0830078 0.205859 0.0883789 0.20625 0.0981445 0.207422 0.104492 0.211719 0.112793 0.212109 0.123047 0.213672 0.123535 0.217188 0.119141 0.21875 0.110352 0.217969 0.0942383 0.216406 0.0878906 0.2125 0.0805664 0.209766 0.078125
1 0.182031 0.0893555 0.180469 0.0913086 0.179297 0.097168 0.178906 0.116211 0.180078 0.126465 0.181641 0.129395 0.185156 0.12793 0.186328 0.125 0.188281 0.109863 0.186328 0.0927734 0.185156 0.090332
1 0.18125 0.0620117 0.177734 0.0615234 0.171094 0.0639648 0.164844 0.0708008 0.160547 0.0791016 0.160156 0.0878906 0.161328 0.0898438 0.166797 0.0883789 0.176953 0.0791016 0.182031 0.0673828 0.182422 0.0644531
1 0.1375 0.0410156 0.1375 0.0458984 0.15 0.0605469 0.158203 0.0668945 0.163281 0.0668945 0.165234 0.0649414 0.165234 0.0600586 0.162891 0.0532227 0.154688 0.0449219 0.144141 0.0405273 0.138672 0.0400391
1 0.153125 0 0.151953 0.0078125 0.154297 0.0239258 0.157422 0.0317383 0.160938 0.034668 0.163828 0.0412598 0.164453 0.0297852 0.1625 0.00585938 0.160156 0
1 0.167578 0.00341797 0.164844 0.00537109 0.164062 0.0117188 0.166797 0.0366211 0.166602 0.0441895 0.174609 0.0288086 0.176172 0.0219727 0.176172 0.0170898 0.174609 0.00927734 0.170313 0.00341797
1 0.139063 0.00341797 0.133984 0.00341797 0.128906 0.00976562 0.126172 0.0175781 0.125391 0.0249023 0.125391 0.0336914 0.126953 0.0361328 0.132031 0.0351562 0.136719 0.0297852 0.140625 0.0214844 0.142187 0.0141602 0.142187 0.00878906 0.141016 0.00537109
1 0.0871094 0 0.0859375 0.00439453 0.0859375 0.0102539 0.0882813 0.0214844 0.0957031 0.0341797 0.0992187 0.0380859 0.101172 0.0380859 0.102344 0.0371094 0.102734 0.0341797 0.102344 0.0239258 0.0996094 0.00976562 0.0972656 0.00537109 0.0933594 0.00146484 0.0933594 0
1 0.0683594 0.0610352 0.06875 0.0654297 0.0703125 0.0693359 0.0753906 0.078125 0.0785156 0.0795898 0.0835937 0.0844727 0.0882813 0.0869141 0.0933594 0.0913086 0.0988281 0.0981445 0.101562 0.100098 0.103125 0.104004 0.104297 0.104004 0.103516 0.0942383 0.101562 0.0883789 0.0992187 0.0849609 0.0960938 0.0756836 0.0941406 0.0737305 0.0910156 0.0673828 0.0859375 0.0644531 0.0792969 0.0639648 0.0765625 0.0625
1 0.109766 0.123047 0.107813 0.125488 0.110547 0.139648 0.118359 0.155762 0.123438 0.162598 0.126953 0.171387 0.128906 0.173828 0.13125 0.174316 0.133984 0.165527 0.132422 0.160645 0.131641 0.149902 0.128906 0.142578 0.125391 0.138184 0.124219 0.134766 0.119141 0.128906 0.115625 0.125977 0.113281 0.125488 0.111328 0.123047
1 0.0878906 0.119629 0.0867187 0.121582 0.0867187 0.124023 0.0921875 0.132324 0.0945312 0.138184 0.0980469 0.14209 0.102734 0.151855 0.105859 0.155762 0.106641 0.158203 0.110156 0.159668 0.112109 0.15918 0.108984 0.137695 0.107813 0.134277 0.101172 0.125977 0.0941406 0.121582 0.0921875 0.119141
1 0.0574219 0.11084 0.0582031 0.115234 0.0605469 0.118164 0.071875 0.12793 0.0792969 0.13623 0.0820312 0.137695 0.0832031 0.13916 0.0832031 0.14209 0.084375 0.14209 0.0847656 0.133301 0.0835937 0.125977 0.0777344 0.117676 0.0683594 0.111328 0.0621094 0.109863 0.0585938 0.109863
1 0.0566406 0.15332 0.0546875 0.158691 0.0554687 0.181641 0.0570312 0.189453 0.0597656 0.195312 0.0613281 0.196289 0.0640625 0.193359 0.0664062 0.182129 0.0664062 0.166016 0.0628906 0.157715 0.0601563 0.154297
1 0.0875 0.178223 0.0832031 0.177246 0.0796875 0.179688 0.0734375 0.189453 0.0707031 0.196289 0.0691406 0.204102 0.06875 0.213379 0.0703125 0.21582 0.0730469 0.21582 0.0761719 0.213379 0.0835937 0.20166 0.0882813 0.187012 0.0886719 0.181152
1 0.0285156 0.216797 0.0300781 0.221191 0.0328125 0.224609 0.0359375 0.226562 0.0519531 0.245117 0.0601563 0.252441 0.0617188 0.251953 0.0617188 0.240234 0.0605469 0.23584 0.0578125 0.231934 0.0449219 0.220703 0.034375 0.216309
1 0.154297 0.227051 0.149609 0.227539 0.144141 0.236816 0.139844 0.256348 0.139844 0.263672 0.141406 0.266602 0.143359 0.266602 0.147656 0.262207 0.154297 0.248047 0.155859 0.239258 0.155859 0.233398
1 0.123828 0.18457 0.122266 0.18457 0.118359 0.188477 0.113281 0.205078 0.112891 0.212891 0.113672 0.219238 0.116797 0.227539 0.119141 0.230469 0.123047 0.22998 0.125 0.223633 0.125391 0.203125 0.125 0.191406
1 0.163281 0.204102 0.160156 0.203613 0.157422 0.20459 0.154688 0.208008 0.142578 0.215332 0.139453 0.219238 0.134375 0.223145 0.133594 0.225098 0.135547 0.226562 0.146484 0.227051 0.153906 0.222656 0.162891 0.209473
1 0.160938 0.165039 0.160938 0.166992 0.164062 0.170898 0.171094 0.173828 0.179297 0.173828 0.185938 0.171875 0.188672 0.169922 0.188281 0.166504 0.185938 0.163086 0.175391 0.159668 0.165625 0.160645 0.1625 0.162598
1 0.216406 0.140137 0.2125 0.139648 0.207031 0.142578 0.204297 0.145508 0.196875 0.158203 0.196094 0.166992 0.197266 0.17041 0.201953 0.17041 0.208984 0.161133 0.216797 0.145996 0.217188 0.141602
1 0.225391 0.146484 0.223828 0.146484 0.219531 0.157715 0.21875 0.183594 0.220703 0.187988 0.224219 0.1875 0.226172 0.18457 0.228516 0.178223 0.230078 0.169922 0.229687 0.157227 0.228125 0.151367
1 0.240625 0.162598 0.235156 0.165039 0.231641 0.17334 0.230469 0.1875 0.23125 0.193848 0.232813 0.196289 0.237109 0.192871 0.241016 0.183594 0.242188 0.168945
1 0.263281 0.112793 0.259766 0.112793 0.257422 0.114258 0.252344 0.121094 0.250391 0.132324 0.247266 0.14209 0.248047 0.148438 0.251953 0.147461 0.255859 0.142578 0.262109 0.129395 0.264062 0.127441 0.265625 0.122559 0.265625 0.117676
1 0.280859 0.0922852 0.279297 0.0922852 0.275781 0.0961914 0.271875 0.107422 0.26875 0.113281 0.266797 0.119141 0.266016 0.128418 0.266797 0.129395 0.271484 0.127441 0.276562 0.120117 0.280078 0.112793 0.282813 0.0996094 0.282813 0.0952148
1 0.228906 0.0830078 0.227734 0.0864258 0.228125 0.0917969 0.233984 0.101074 0.239453 0.107422 0.247656 0.112305 0.251953 0.112793 0.253125 0.11084 0.253125 0.107422 0.247656 0.0952148 0.241016 0.0878906 0.235547 0.0849609 0.232813 0.0820312
1 0.230859 0.0737305 0.230859 0.0761719 0.236328 0.0805664 0.247266 0.0844727 0.255469 0.0834961 0.258984 0.0805664 0.257812 0.0766602 0.255859 0.0742188 0.248828 0.0703125 0.237891 0.0693359 0.232422 0.0708008
1 0.289844 0.131836 0.288281 0.133301 0.287891 0.139648 0.288672 0.152832 0.291797 0.168945 0.294141 0.17334 0.296094 0.17334 0.299219 0.17041 0.301172 0.162598 0.301172 0.150391 0.299609 0.141602 0.296484 0.135742 0.294141 0.133301
1 0.295703 0.189941 0.295312 0.194336 0.301563 0.202148 0.314453 0.210938 0.321484 0.217773 0.325 0.217285 0.324609 0.213379 0.323047 0.209961 0.310547 0.191406 0.303906 0.188965 0.297266 0.188965
1 0.256641 0.180176 0.256641 0.182129 0.258984 0.186523 0.278516 0.19873 0.284375 0.198242 0.285547 0.196777 0.285547 0.192871 0.284375 0.19043 0.275391 0.181641 0.263672 0.177246 0.258594 0.177246
1 0.255078 0.189941 0.254297 0.193848 0.257812 0.201172 0.267188 0.210449 0.275391 0.214844 0.278516 0.214844 0.280859 0.213379 0.279687 0.204102 0.271875 0.196289 0.269531 0.195801 0.260937 0.189941
1 0.325 0.232422 0.321875 0.230469 0.317578 0.230957 0.307422 0.237793 0.301563 0.245117 0.299219 0.25 0.298047 0.260254 0.299609 0.260742 0.307422 0.256836 0.316797 0.248535 0.325781 0.236816
1 0.282031 0.20166 0.28125 0.205566 0.289453 0.216797 0.303516 0.224609 0.308984 0.226074 0.314844 0.22998 0.319141 0.229492 0.319922 0.228516 0.320312 0.223633 0.319531 0.220215 0.313672 0.215332 0.310937 0.211426 0.30625 0.208984 0.303516 0.205078 0.299219 0.202637 0.294922 0.202148 0.289062 0.199707 0.285547 0.199707
1 0.272266 0.226562 0.270313 0.227051 0.267969 0.230469 0.261328 0.251465 0.259766 0.261719 0.260547 0.264648 0.262891 0.268066 0.264062 0.26709 0.266016 0.257812 0.272266 0.247559 0.275781 0.237793 0.275 0.229492
1 0.267578 0.218262 0.260937 0.220703 0.255078 0.228027 0.251172 0.23584 0.250391 0.240723 0.248438 0.244141 0.247266 0.25 0.247266 0.253418 0.248047 0.254395 0.25625 0.250488 0.259766 0.246582 0.263672 0.239746 0.265234 0.231934 0.268359 0.224609
1 0.247266 0.229004 0.244531 0.227539 0.233984 0.228027 0.228125 0.22998 0.220703 0.235352 0.214844 0.243652 0.214844 0.245117 0.216797 0.24707 0.221875 0.247559 0.232813 0.246094 0.246484 0.237305 0.247656 0.23291
1 0.192969 0.208496 0.194141 0.213379 0.196484 0.216797 0.205078 0.222168 0.214062 0.224609 0.219141 0.224609 0.223828 0.220703 0.223047 0.21582 0.216797 0.208984 0.209375 0.205566 0.197266 0.20459
1 0.225781 0.268066 0.223438 0.265625 0.217969 0.26416 0.207031 0.265137 0.201563 0.26709 0.196875 0.270508 0.192188 0.275879 0.191406 0.278809 0.208203 0.283203 0.214453 0.282227 0.222656 0.276367 0.224609 0.273438
1 0.239453 0.279785 0.236719 0.277344 0.232031 0.276367 0.223828 0.27832 0.214453 0.286133 0.214062 0.291016 0.216406 0.292969 0.219531 0.292969 0.232422 0.289062 0.239063 0.283203
1 0.0914062 0.28125 0.0875 0.28125 0.0839844 0.28418 0.0789062 0.297852 0.0792969 0.321777 0.08125 0.331055 0.0839844 0.336914 0.0875 0.336914 0.0886719 0.335938 0.0929688 0.326172 0.0945312 0.312012 0.0945312 0.300781 0.0929688 0.291016 0.0929688 0.285156
1 0.0644531 0.256348 0.0636719 0.258301 0.0636719 0.268555 0.0652344 0.275879 0.071875 0.288086 0.0761719 0.291992 0.0785156 0.291504 0.0789062 0.286621 0.0742188 0.266602 0.0714844 0.260742 0.06875 0.257324
1 0.479297 0.226562 0.477734 0.226562 0.471094 0.231445 0.466016 0.236816 0.462109 0.243164 0.455859 0.266602 0.455859 0.269043 0.457813 0.271973 0.459766 0.271484 0.461719 0.268066 0.4625 0.264648 0.467187 0.254883 0.468359 0.249512 0.480078 0.229492
1 0.137109 0.363281 0.136328 0.361816 0.133984 0.361328 0.105469 0.365234 0.0992187 0.365234 0.0980469 0.366211 0.0972656 0.369629 0.1 0.372559 0.10625 0.374512 0.115234 0.375488 0.125 0.375 0.130078 0.373535 0.134375 0.370117 0.136719 0.366699
1 0.0730469 0.333496 0.0714844 0.333496 0.0683594 0.336914 0.0636719 0.347168 0.0621094 0.356445 0.0621094 0.373535 0.0609375 0.376465 0.0609375 0.380859 0.0648438 0.380371 0.0664062 0.376465 0.0695313 0.372559 0.075 0.357422 0.0765625 0.344238 0.0753906 0.336914
1 0.0734375 0.422852 0.0710937 0.422363 0.0515625 0.434082 0.0445313 0.439941 0.0394531 0.446777 0.0390625 0.452148 0.0414062 0.453613 0.0457031 0.453125 0.0570312 0.445801 0.0609375 0.444336 0.0664062 0.438477 0.0734375 0.428223
1 0.1 0.435059 0.0960938 0.435059 0.0933594 0.437988 0.0902344 0.439453 0.0828125 0.449219 0.0800781 0.455078 0.0789062 0.461914 0.0789062 0.466797 0.0800781 0.469727 0.0847656 0.470215 0.0882813 0.469238 0.0914062 0.466309 0.09375 0.459473 0.0964844 0.455078 0.0996094 0.441895
1 0.380078 0.431641 0.372656 0.425781 0.360938 0.424805 0.345703 0.428711 0.342578 0.430664 0.341406 0.432617 0.343359 0.4375 0.366406 0.438477 0.378125 0.436035 0.379688 0.435059
1 0.307812 0.455078 0.305859 0.455078 0.303125 0.460449 0.299609 0.479492 0.3 0.489258 0.303125 0.496094 0.306641 0.495605 0.310156 0.489258 0.311719 0.482422 0.311719 0.462402 0.310156 0.457031
1 0.299609 0.450684 0.298438 0.450684 0.295703 0.45459 0.290234 0.470215 0.288672 0.486328 0.290234 0.498535 0.292578 0.498535 0.294922 0.496094 0.297656 0.487793 0.300781 0.470703 0.301953 0.458984 0.301172 0.453125
1 0.287891 0.479004 0.285938 0.477539 0.271484 0.47998 0.267578 0.481445 0.266016 0.483887 0.265625 0.487305 0.267188 0.490234 0.271875 0.492188 0.282031 0.490234 0.287109 0.486328
1 0.355469 0.497559 0.354297 0.496582 0.345703 0.496582 0.329688 0.500488 0.322266 0.504395 0.316016 0.510742 0.319141 0.513672 0.325391 0.515625 0.334766 0.514648 0.341797 0.510742 0.348828 0.504395 0.354297 0.501465
1 0.216406 0.59668 0.214062 0.599121 0.216406 0.607422 0.219141 0.611328 0.21875 0.615723 0.226172 0.621094 0.232031 0.627441 0.233203 0.627441 0.236719 0.623047 0.236328 0.618652 0.233203 0.609863 0.228906 0.606445 0.227344 0.606445 0.225391 0.602051
1 0.239063 0.580566 0.236328 0.583984 0.235937 0.599609 0.237109 0.607422 0.239063 0.613281 0.240625 0.615234 0.244141 0.615234 0.246875 0.611328 0.248047 0.598633 0.245312 0.585449 0.242188 0.581055
1 0.203906 0.683594 0.201563 0.686035 0.199609 0.691406 0.198828 0.707031 0.201172 0.717285 0.204297 0.719727 0.205859 0.719727 0.209766 0.714355 0.211328 0.708496 0.210547 0.692383 0.208594 0.685547 0.20625 0.683594
1 0.217188 0.706543 0.213672 0.708496 0.209375 0.716309 0.204297 0.720215 0.201563 0.728516 0.201563 0.73291 0.203125 0.73584 0.208203 0.73584 0.217188 0.728516 0.219141 0.716797 0.219141 0.710449
1 0.197266 0.395996 0.199219 0.400879 0.209766 0.404297 0.226953 0.404785 0.240234 0.400879 0.239453 0.398926 0.236328 0.396484 0.222266 0.393066 0.201563 0.393555
1 0.078125 0.474121 0.0777344 0.478027 0.0789062 0.480957 0.0855469 0.486328 0.0917969 0.487793 0.0980469 0.490723 0.107422 0.489258 0.109375 0.487305 0.108594 0.484375 0.105859 0.480469 0.0988281 0.474609 0.0914062 0.47168 0.0800781 0.47168
1 0.0859375 0.510254 0.084375 0.512207 0.0839844 0.514648 0.0859375 0.523926 0.0878906 0.528809 0.0984375 0.542969 0.101172 0.543457 0.104297 0.54248 0.105078 0.541016 0.104688 0.533203 0.0996094 0.521484 0.0917969 0.51123 0.0882813 0.509766
1 0.380469 0.442383 0.379297 0.444336 0.377344 0.454102 0.377734 0.464355 0.383203 0.494141 0.384375 0.495605 0.386719 0.495605 0.388672 0.494141 0.390234 0.487305 0.389844 0.459961 0.385547 0.445312 0.383984 0.443359
1 0.487891 0.560059 0.486719 0.560547 0.485547 0.563965 0.485938 0.576172 0.489844 0.585938 0.493359 0.591309 0.494922 0.591309 0.496484 0.588379 0.497266 0.583984 0.496094 0.571777 0.491016 0.560547
1 0.680859 0.455566 0.677344 0.461914 0.677344 0.470215 0.679688 0.473633 0.680859 0.479492 0.683594 0.48584 0.685937 0.488281 0.690234 0.487793 0.691406 0.486328 0.691406 0.479004 0.687109 0.462402 0.684375 0.457031
1 0.258594 0.55127 0.255859 0.550781 0.252344 0.552246 0.24375 0.55957 0.240234 0.564941 0.2375 0.571777 0.237109 0.580078 0.237891 0.581055 0.244531 0.581055 0.247656 0.577637 0.25625 0.561035 0.257422 0.555176 0.258984 0.552246
1 0.217188 0.557129 0.2125 0.558105 0.206641 0.565918 0.203906 0.572754 0.203906 0.588379 0.205078 0.590332 0.208203 0.592285 0.210156 0.591797 0.215625 0.584961 0.217969 0.577637 0.219531 0.563477 0.219141 0.560059
1 0.141406 0.601562 0.139063 0.603027 0.139063 0.606445 0.14375 0.62793 0.146094 0.635742 0.146875 0.636719 0.15 0.63623 0.152344 0.625977 0.151562 0.614746 0.148047 0.606934 0.142969 0.601562
1 0.170703 0.593262 0.167969 0.59375 0.165234 0.596191 0.158203 0.61377 0.157031 0.619141 0.157422 0.626465 0.158203 0.628906 0.160938 0.631836 0.163281 0.631348 0.168359 0.625488 0.174219 0.611328 0.175 0.606934 0.174609 0.598633 0.173828 0.596191
1 0.185547 0.605957 0.184766 0.61084 0.188672 0.622559 0.198047 0.630859 0.205859 0.635742 0.206641 0.634766 0.206641 0.627441 0.202734 0.619141 0.191016 0.606934
1 0.264453 0.628906 0.263281 0.627441 0.248438 0.626953 0.242578 0.629883 0.234766 0.636719 0.230078 0.646484 0.229297 0.651855 0.23125 0.654297 0.235937 0.653809 0.242578 0.648926 0.247266 0.646973 0.254688 0.639648 0.263281 0.633789 0.264844 0.631348
1 0.208203 0.615723 0.207422 0.617676 0.207813 0.622559 0.213281 0.630371 0.217188 0.633301 0.223047 0.635254 0.228906 0.635254 0.230078 0.634277 0.230859 0.629395 0.228906 0.625488 0.220703 0.620117 0.216797 0.616211 0.214062 0.615234
1 0.160938 0.756836 0.158984 0.754883 0.151953 0.754883 0.142969 0.759277 0.136328 0.767578 0.135937 0.772461 0.138281 0.776367 0.142187 0.776855 0.146094 0.775879 0.152344 0.771973 0.161328 0.760742
1 0.0769531 0.496582 0.0726563 0.498047 0.0703125 0.500977 0.0664062 0.509277 0.0644531 0.51709 0.0640625 0.526855 0.0648438 0.529785 0.0671875 0.532227 0.0691406 0.532227 0.0742188 0.526367 0.0757812 0.521973 0.0792969 0.505859 0.0789062 0.498535
1 0.0949219 0.783691 0.0929688 0.792969 0.0929688 0.806641 0.0949219 0.818848 0.0976562 0.826172 0.0980469 0.832031 0.0996094 0.833984 0.100781 0.831543 0.101172 0.825684 0.104297 0.813965 0.104688 0.806152 0.103125 0.79834 0.0996094 0.788086 0.0964844 0.783691
1 0.143359 0.79248 0.141406 0.793945 0.138672 0.799805 0.135547 0.814453 0.135156 0.823242 0.135937 0.830078 0.137891 0.835449 0.139063 0.836426 0.142187 0.836426 0.144531 0.833496 0.146875 0.827148 0.148047 0.818359 0.148047 0.799316 0.146875 0.79541
1 0.149219 0.79248 0.149609 0.796387 0.159766 0.802734 0.16875 0.804688 0.177734 0.805176 0.183984 0.803711 0.183203 0.799316 0.18125 0.797363 0.169141 0.790039 0.161719 0.788574 0.153906 0.788574 0.150391 0.790039
1 0.259766 0.832031 0.248438 0.838867 0.238281 0.849121 0.231641 0.861816 0.23125 0.866211 0.232031 0.867676 0.236719 0.867676 0.240234 0.866211 0.246094 0.861816 0.251563 0.855957 0.258594 0.84082 0.260156 0.835449
1 0.139063 0.837402 0.137891 0.842285 0.140234 0.849121 0.141797 0.871094 0.146484 0.885742 0.149609 0.889648 0.151172 0.889648 0.152344 0.88623 0.153125 0.876953 0.151953 0.86084 0.145313 0.846191
1 0.197266 0.833496 0.189844 0.831543 0.185547 0.828613 0.174219 0.828613 0.166797 0.831543 0.1625 0.835449 0.157812 0.837402 0.155469 0.843262 0.156641 0.846191 0.170313 0.845215 0.172656 0.84375 0.182812 0.841797
1 0.424219 0.81543 0.423047 0.817383 0.423047 0.827637 0.426953 0.837402 0.43125 0.842773 0.439063 0.847656 0.44375 0.847656 0.444922 0.846191 0.444531 0.841309 0.437891 0.82959 0.435547 0.822266 0.427734 0.814941
1 0.495703 0.856445 0.494922 0.861816 0.500391 0.870117 0.504687 0.874023 0.516797 0.879883 0.519531 0.879395 0.521484 0.877441 0.519531 0.869141 0.513281 0.861328 0.503125 0.855469 0.497656 0.85498
1 0.529687 0.813477 0.525781 0.815918 0.519531 0.825684 0.516016 0.829102 0.514844 0.833984 0.512891 0.836914 0.511719 0.846191 0.513672 0.849609 0.516797 0.849121 0.520703 0.84668 0.526172 0.840332 0.529297 0.834473 0.53125 0.816895
1 0.528516 0.801758 0.524609 0.801758 0.517969 0.806152 0.512109 0.813477 0.505078 0.82959 0.505078 0.834473 0.50625 0.837402 0.511719 0.833984 0.528906 0.811035 0.529687 0.803223
1 0.600781 0.80127 0.6 0.802246 0.600391 0.811523 0.602734 0.821289 0.604688 0.825684 0.611719 0.834961 0.615234 0.836426 0.617578 0.835449 0.619531 0.832031 0.619531 0.827148 0.614062 0.810059 0.606641 0.80127 0.604688 0.800293
1 0.489844 0.782715 0.489844 0.787598 0.492188 0.794434 0.491797 0.798828 0.493359 0.80957 0.498047 0.820801 0.5 0.822266 0.502734 0.822266 0.505469 0.819336 0.50625 0.816406 0.505469 0.805664 0.503906 0.803711 0.502344 0.797852 0.498828 0.791992 0.491406 0.782715
1 0.490234 0.812012 0.4875 0.813477 0.485156 0.817871 0.483594 0.831543 0.482031 0.837891 0.482812 0.841797 0.484375 0.842773 0.488281 0.842285 0.491406 0.839355 0.494141 0.830078 0.49375 0.816406
1 0.404297 0.822266 0.401562 0.817871 0.392969 0.815918 0.383984 0.817871 0.377344 0.821289 0.375 0.824707 0.373437 0.831055 0.376172 0.834961 0.395703 0.83252 0.401172 0.82959 0.403516 0.82666
1 0.305078 0.844238 0.303516 0.84668 0.303516 0.853027 0.30625 0.865234 0.313672 0.876465 0.317969 0.879883 0.322266 0.880371 0.323437 0.876953 0.317969 0.861816 0.310937 0.847656 0.307422 0.844238
1 0.207734 0.784131 0.205469 0.783203 0.204687 0.79541 0.208984 0.812988 0.212109 0.817871 0.213672 0.818359 0.217188 0.81543 0.217578 0.79834 0.216406 0.79248 0.210547 0.78418 0.210547 0.78125 0.212227 0.785254 0.208906 0.783789
1 0.204297 0.762695 0.201953 0.774414 0.203125 0.778809 0.207813 0.78418 0.212109 0.787109 0.216406 0.787598 0.218359 0.783691 0.216797 0.774902 0.210156 0.768066 0.208984 0.763184
1 0.178125 0.822266 0.180078 0.82666 0.185156 0.828125 0.191016 0.831543 0.202344 0.831543 0.20625 0.82666 0.205859 0.823242 0.204297 0.820801 0.198437 0.817871 0.189062 0.818359
1 0.339453 0.868164 0.337109 0.868164 0.328516 0.87793 0.325391 0.888672 0.324609 0.904785 0.326172 0.90918 0.33125 0.904297 0.338672 0.888672 0.340625 0.881836 0.341406 0.874023 0.341016 0.869629
1 0.264453 0.911621 0.260547 0.909668 0.251172 0.909668 0.248438 0.911621 0.236719 0.914062 0.228125 0.917969 0.223047 0.922363 0.222656 0.924316 0.223828 0.925293 0.231641 0.924316 0.248828 0.928223 0.252734 0.928223 0.257812 0.925293 0.261328 0.921387 0.264062 0.916504
1 0.123828 0.896484 0.118359 0.894531 0.110547 0.895996 0.102734 0.898926 0.0972656 0.902832 0.0945312 0.90625 0.09375 0.908691 0.0941406 0.911133 0.0953125 0.913086 0.0984375 0.914551 0.108203 0.914551 0.1125 0.913086 0.117578 0.909668 0.123438 0.903809 0.124219 0.901367
1 0.0265625 0.907227 0.0269531 0.912109 0.0285156 0.914062 0.0386719 0.919922 0.0453125 0.921387 0.0535156 0.919922 0.0558594 0.916504 0.0558594 0.912109 0.053125 0.907715 0.0457031 0.904785 0.0378906 0.90332 0.0300781 0.903809 0.028125 0.904785
1 0.669922 0.821777 0.665234 0.82373 0.659375 0.836426 0.656641 0.845215 0.656641 0.849121 0.655469 0.852539 0.655469 0.855469 0.657422 0.859863 0.6625 0.852539 0.665625 0.84375 0.670703 0.834473 0.671484 0.824707
1 0.650391 0.850098 0.641797 0.85498 0.639062 0.859375 0.6375 0.859863 0.634766 0.863281 0.632812 0.868652 0.63125 0.876953 0.631641 0.878418 0.633594 0.879395 0.635938 0.878906 0.643359 0.872559 0.651172 0.856934 0.651563 0.852539
1 0.646484 0.822754 0.641797 0.824219 0.633984 0.834473 0.629687 0.845215 0.629687 0.850586 0.630859 0.852539 0.634375 0.852539 0.639062 0.850098 0.645703 0.841309 0.648047 0.833008 0.648047 0.827637
1 0.617188 0.811035 0.616797 0.81543 0.617578 0.818359 0.621875 0.826172 0.625391 0.830566 0.630469 0.834473 0.635156 0.833984 0.6375 0.830566 0.6375 0.827148 0.635938 0.822754 0.627344 0.814453 0.620313 0.810547
1 0.709766 0.848633 0.708203 0.849121 0.704297 0.854492 0.698828 0.868164 0.698438 0.881348 0.7 0.885742 0.701172 0.886719 0.704297 0.88623 0.70625 0.884277 0.710156 0.874023 0.7125 0.855957 0.711719 0.851074
1 0.399609 0.838379 0.397266 0.836426 0.392578 0.836914 0.384375 0.842773 0.379688 0.848633 0.380469 0.854004 0.383984 0.85791 0.388672 0.857422 0.396875 0.848145 0.399609 0.842285
1 0.517578 0.94873 0.516797 0.950684 0.517188 0.954102 0.524609 0.975586 0.53125 0.986328 0.533203 0.987793 0.537109 0.987305 0.537891 0.98584 0.5375 0.977051 0.535547 0.970703 0.529687 0.958008 0.521875 0.94873
1 0.490625 0.920898 0.488281 0.921387 0.485938 0.930664 0.483203 0.935547 0.477344 0.939941 0.475391 0.947754 0.477734 0.953125 0.48125 0.955566 0.484375 0.954102 0.491016 0.940918 0.490234 0.93457 0.492578 0.927246 0.492578 0.922852
1 0.490625 0.946289 0.487891 0.951172 0.487891 0.959473 0.493359 0.977051 0.495703 0.979492 0.498437 0.980469 0.5 0.975586 0.498828 0.95459 0.494531 0.946289
1 0.451562 0.981445 0.451562 0.98291 0.455078 0.987793 0.461328 0.991699 0.471094 0.990723 0.475781 0.986816 0.474609 0.981445 0.467969 0.977051 0.461719 0.976562 0.454688 0.977539
1 0.428906 0.938477 0.425781 0.936523 0.407422 0.9375 0.400391 0.94043 0.398438 0.943848 0.398047 0.947754 0.400391 0.950684 0.404687 0.952637 0.419531 0.95166 0.425 0.947266 0.428516 0.940918
1 0.403516 0.961914 0.402734 0.963867 0.403516 0.974121 0.408203 0.991699 0.411328 0.997559 0.414844 0.998535 0.416016 1 0.41875 0.996582 0.419141 0.993164 0.415625 0.978516 0.4125 0.971191 0.404687 0.961914
1 0.352344 0.942383 0.351953 0.948242 0.352734 0.951172 0.357422 0.958984 0.363281 0.96582 0.367578 0.96875 0.371094 0.969727 0.375 0.969727 0.378125 0.968262 0.378906 0.964844 0.378516 0.961426 0.373437 0.953613 0.357812 0.941406 0.353516 0.941406
1 0.345313 0.977539 0.344141 0.980957 0.345313 0.991211 0.348828 1 0.359375 1 0.359766 0.993652 0.355859 0.984375 0.350391 0.978027
1 0.616016 0.974121 0.616016 0.979004 0.617969 0.984863 0.622266 0.990723 0.625 0.996582 0.628125 0.998535 0.628516 1 0.633594 1 0.633984 0.998535 0.638281 0.995605 0.638672 0.992188 0.637109 0.985352 0.630859 0.977539 0.623437 0.972656 0.619141 0.972168
1 0.571875 0.972168 0.569922 0.975098 0.569531 0.980469 0.572266 0.989746 0.575391 0.994629 0.579297 0.998047 0.579688 1 0.591797 1 0.591797 0.993652 0.583984 0.981934 0.575781 0.973145
1 0.742188 0.956543 0.739844 0.959961 0.739453 0.969238 0.742969 0.981445 0.745703 0.986816 0.751172 0.992676 0.755469 0.992188 0.757031 0.987793 0.757031 0.981934 0.753906 0.97168 0.748828 0.961426 0.744531 0.956543
1 0.783984 0.829102 0.782422 0.828125 0.775391 0.831055 0.766797 0.837402 0.758594 0.849609 0.753906 0.862305 0.755078 0.86377 0.757031 0.86377 0.761328 0.861816 0.766406 0.855469 0.775391 0.847168 0.779687 0.841797 0.783984 0.831055
1 0.258984 0.929688 0.255859 0.927734 0.251563 0.930664 0.242188 0.938965 0.237891 0.946289 0.237891 0.947754 0.239453 0.949219 0.244922 0.949219 0.249609 0.948242 0.253906 0.945801 0.257422 0.940918 0.258984 0.935547
1 0.2125 0.967773 0.210938 0.970215 0.210938 0.972168 0.213281 0.980469 0.223438 0.996582 0.226172 0.998047 0.226953 1 0.230078 1 0.232813 0.995117 0.230859 0.986328 0.218359 0.970215
1 0.176563 0.87793 0.173828 0.87793 0.173047 0.878906 0.166016 0.900879 0.164453 0.911133 0.164453 0.916016 0.166016 0.918457 0.170703 0.91748 0.175781 0.904297 0.177734 0.879395
1 0.948438 0.765625 0.946094 0.765625 0.942969 0.767578 0.939453 0.772461 0.937891 0.776855 0.936719 0.791016 0.937891 0.798828 0.939844 0.801758 0.942969 0.80127 0.944141 0.799805 0.950391 0.779297 0.951172 0.770996 0.95 0.76709
1 0.825391 0.918457 0.823438 0.922852 0.823438 0.928711 0.825391 0.938477 0.828125 0.945312 0.835547 0.955078 0.837109 0.956055 0.841406 0.955078 0.841406 0.945801 0.838672 0.935547 0.833203 0.925293 0.826953 0.918457
1 0.790234 0.935059 0.788672 0.938477 0.7875 0.946777 0.788672 0.962402 0.791406 0.967773 0.795312 0.969238 0.798047 0.963867 0.798828 0.943848 0.796094 0.9375 0.793359 0.935547
1 0.786719 0.919434 0.787109 0.923828 0.790625 0.932129 0.795703 0.93457 0.799219 0.939453 0.801172 0.94043 0.80625 0.94043 0.808203 0.938965 0.808984 0.931152 0.80625 0.927246 0.799609 0.922363 0.791406 0.918945
1 0.810547 0.92627 0.808594 0.928223 0.808594 0.931641 0.807422 0.93457 0.808594 0.942871 0.812109 0.950684 0.812109 0.95459 0.815234 0.957031 0.818359 0.957031 0.820703 0.951172 0.821094 0.937988 0.819141 0.932129 0.814063 0.926758
1 0.838281 0.980469 0.833594 0.97998 0.830078 0.983398 0.826562 0.993652 0.827344 1 0.839844 1 0.841406 0.996094 0.841406 0.98877 0.839844 0.982422
1 0.911719 0.902832 0.911719 0.908691 0.915234 0.913086 0.921094 0.916504 0.929297 0.919434 0.933984 0.919434 0.9375 0.918457 0.940234 0.916016 0.939844 0.910645 0.937891 0.906738 0.934766 0.90332 0.928125 0.900391 0.922656 0.899414 0.915625 0.899902
1 0.951562 0.866211 0.948828 0.867676 0.946484 0.870605 0.942187 0.883301 0.941406 0.893066 0.943359 0.897461 0.947656 0.896973 0.949609 0.894531 0.952344 0.888672 0.955469 0.875 0.955078 0.869629
1 0.950781 0.976562 0.949219 0.978516 0.948438 0.98291 0.95 1 0.960938 1 0.958984 0.983398 0.955859 0.978516
1 0.993359 0.846191 0.992188 0.848633 0.992969 0.852539 0.997266 0.85791 1 0.858398 1 0.844727
1 0.956641 0.520996 0.957422 0.526367 0.960156 0.531738 0.9625 0.540527 0.967969 0.545898 0.973437 0.54834 0.976172 0.54834 0.979688 0.545898 0.979688 0.543945 0.969141 0.530273 0.966016 0.524414 0.959766 0.52002
1 0.833594 0.120117 0.829297 0.120605 0.823047 0.127441 0.81875 0.141602 0.81875 0.145508 0.820312 0.147949 0.826953 0.149414 0.829688 0.147461 0.833984 0.132812 0.834375 0.122559
1 0.80625 0.149902 0.806641 0.151367 0.811719 0.155273 0.814844 0.15918 0.822266 0.162109 0.827734 0.162109 0.834766 0.160156 0.840234 0.157715 0.841406 0.155273 0.830859 0.149414 0.822656 0.150391 0.816016 0.145508 0.808984 0.146973
1 0.0261719 0.145508 0.0230469 0.143066 0.0164063 0.143066 0.00898437 0.145508 0.0015625 0.150391 0 0.150391 0 0.161133 0.00898437 0.160645 0.0210938 0.154785 0.0253906 0.149902
1 0 0.124512 0.0113281 0.125 0.0175781 0.123535 0.0214844 0.120117 0.0226562 0.114258 0.0214844 0.112305 0.0183594 0.11084 0 0.110352
1 0.0121094 0.0737305 0.0101563 0.0722656 0.00429688 0.0722656 0 0.0737305 0 0.0922852 0.00234375 0.0922852 0.00546875 0.090332 0.0109375 0.0830078 0.0132812 0.0776367
1 0.0292969 0.0239258 0.0257812 0.0249023 0.0242188 0.0268555 0.0175781 0.0415039 0.0152344 0.0512695 0.0152344 0.0576172 0.0175781 0.0600586 0.021875 0.059082 0.0292969 0.0454102 0.03125 0.0302734
1 0.009375 0.00585938 0.0132812 0.0102539 0.0210938 0.0107422 0.0289063 0.00537109 0.0316406 0.00195312 0.0316406 0 0.0113281 0
1 0.0292969 0.216797 0.0273438 0.215332 0.0167969 0.216797 0.00742187 0.221191 0.00234375 0.227539 0 0.228516 0 0.229492 0.00117187 0.229492 0.00507813 0.233887 0.0132812 0.231934 0.0226562 0.226562 0.0277344 0.221191
1 0 0.196289 0 0.214844 0.00195312 0.214844 0.00390625 0.213379 0.00390625 0.205078 0.00234375 0.197266
1 0 0.276855 0 0.287598 0.0152344 0.289551 0.0277344 0.288086 0.0320312 0.286621 0.0339844 0.28418 0.0328125 0.282715 0.0179687 0.275879 0.0046875 0.274902 0.00195312 0.276855
1 0 0.287598 0 0.30127 0.0015625 0.30127 0.0101563 0.306641 0.0160156 0.306152 0.0191406 0.303711 0.0203125 0.298828 0.0171875 0.29248 0.0105469 0.288574
1 0.180859 0.182129 0.180859 0.185059 0.189062 0.194336 0.192188 0.195801 0.205078 0.197754 0.208594 0.196777 0.213672 0.193359 0.213281 0.19043 0.212109 0.188965 0.204687 0.185547 0.190234 0.182617 0.185547 0.180176 0.182031 0.180664
1 0.0453125 0.474121 0.0414062 0.475098 0.0390625 0.477539 0.0390625 0.481934 0.0351562 0.493164 0.034375 0.502441 0.0355469 0.507324 0.0371094 0.509766 0.040625 0.508789 0.0425781 0.506836 0.0484375 0.490234 0.0476562 0.481445
1 0.0164063 0.487305 0.0152344 0.491211 0.0160156 0.498047 0.021875 0.508789 0.0246094 0.511719 0.0304687 0.512207 0.0316406 0.510742 0.0316406 0.507812 0.0300781 0.500977 0.0261719 0.498535 0.0238281 0.495605 0.0214844 0.489258 0.0175781 0.486816
1 0.0164063 0.486328 0.0105469 0.481934 0.00664062 0.480957 0 0.48291 0 0.5 0.00507813 0.498535
1 0.0140625 0.557129 0.0121094 0.566895 0.0125 0.582031 0.0136719 0.588379 0.0171875 0.590332 0.0195312 0.587891 0.0207031 0.584961 0.021875 0.574219 0.0183594 0.559082 0.0171875 0.557617
1 0.0691406 0.479004 0.0679687 0.478027 0.0632812 0.478027 0.0542969 0.480957 0.0519531 0.482422 0.0496094 0.48584 0.0496094 0.490723 0.0515625 0.492188 0.0542969 0.492188 0.0652344 0.488281 0.06875 0.485352 0.0695313 0.483398
1 0.0300781 0.703613 0.0242188 0.707031 0.015625 0.715332 0.00507813 0.731445 0.0046875 0.736328 0.00664062 0.73584 0.00898437 0.73291 0.0136719 0.730957 0.0234375 0.721191 0.0296875 0.709473
1 0 0.69043 0 0.709473 0.00625 0.710449 0.00898437 0.708984 0.0105469 0.706543 0.00976562 0.700684 0.00234375 0.690918
1 0.501563 0.74707 0.498828 0.751953 0.498828 0.760742 0.502344 0.775879 0.504297 0.779785 0.510938 0.788086 0.517578 0.791992 0.521094 0.791504 0.519531 0.78418 0.510156 0.765137 0.505078 0.749023 0.503125 0.74707
1 0.514453 0.630859 0.511328 0.628906 0.50625 0.629883 0.496875 0.63623 0.486328 0.641113 0.478906 0.649902 0.478906 0.651367 0.480859 0.652832 0.489453 0.652344 0.498047 0.648926 0.513672 0.635254
1 0.678125 0.469727 0.674609 0.470703 0.673047 0.474609 0.670703 0.486816 0.670703 0.490723 0.673047 0.493652 0.677734 0.491699 0.682422 0.483398
1 0.339258 0.560547 0.343711 0.556201 0.328906 0.559082 0.321094 0.562988 0.314063 0.572266 0.312891 0.576172 0.312891 0.580566 0.315625 0.581543 0.319531 0.578613 0.326172 0.57666 0.330859 0.569336 0.332422 0.564941
1 0.336328 0.576172 0.332813 0.575684 0.328906 0.577148 0.321875 0.577637 0.317969 0.580078 0.310156 0.580566 0.305469 0.583496 0.303906 0.586914 0.303906 0.589355 0.305469 0.591797 0.310156 0.593262 0.318359 0.591797 0.334766 0.581543 0.335938 0.57959
1 0.530859 0.0810547 0.530078 0.0800781 0.524609 0.0800781 0.516797 0.081543 0.504687 0.0864258 0.499609 0.0908203 0.496875 0.0957031 0.489531 0.104883 0.498828 0.100586 0.504687 0.101074 0.510938 0.0986328 0.528516 0.0878906 0.53125 0.0844727
1 0.764062 0.598633 0.761719 0.599609 0.757812 0.603516 0.751172 0.617676 0.75 0.62793 0.750781 0.644531 0.751953 0.648438 0.753125 0.647949 0.755859 0.641602 0.758203 0.631348 0.763672 0.614746 0.763672 0.611816 0.765625 0.607422 0.765625 0.600586
1 0.703906 0.429199 0.701562 0.430664 0.701562 0.444336 0.704297 0.455078 0.708203 0.465332 0.7125 0.466797 0.714453 0.462891 0.714844 0.455566 0.712109 0.440918 0.708594 0.432129
2 0.793359 0.584473 0.789453 0.583496 0.785547 0.585449 0.775 0.594238 0.769141 0.604004 0.768359 0.607422 0.765234 0.61084 0.762891 0.619629 0.764453 0.620117 0.766016 0.617676 0.772266 0.614258 0.778906 0.60791 0.789453 0.59375 0.792188 0.591797 0.79375 0.588867
2 0.835938 0.637695 0.835156 0.639648 0.836328 0.643066 0.846875 0.655762 0.850781 0.662109 0.853125 0.668457 0.857422 0.673828 0.861328 0.673828 0.861719 0.669434 0.854297 0.649414 0.851562 0.645508 0.842187 0.638184
2 0.637109 0.492676 0.637109 0.494629 0.639062 0.497559 0.645312 0.5 0.664844 0.503418 0.676172 0.50293 0.677734 0.501953 0.677734 0.500977 0.669141 0.494629 0.658984 0.493652 0.643359 0.490234 0.638672 0.490234
2 0.632812 0.657715 0.631641 0.65625 0.626953 0.656738 0.610156 0.666016 0.601953 0.671875 0.596484 0.678223 0.596875 0.681152 0.6 0.682129 0.616406 0.674805 0.626953 0.665039 0.630859 0.663086 0.632031 0.661621
2 0.445312 0.484375 0.445703 0.487305 0.450781 0.490723 0.454297 0.491211 0.459375 0.494141 0.467969 0.49707 0.484766 0.5 0.487891 0.499512 0.489453 0.498047 0.489453 0.494141 0.488672 0.493164 0.478906 0.48877 0.462891 0.484375 0.446484 0.482422
2 0.35625 0.534668 0.355078 0.537109 0.35625 0.54541 0.360156 0.552734 0.364063 0.557129 0.369531 0.561035 0.383984 0.56543 0.385547 0.564941 0.385547 0.563477 0.383594 0.5625 0.380469 0.558105 0.375 0.554199 0.361719 0.541504 0.358203 0.53418
2 0.402734 0.633789 0.400391 0.632812 0.39375 0.635254 0.387109 0.640137 0.383594 0.644043 0.376953 0.657715 0.376172 0.662598 0.374609 0.666016 0.374219 0.672852 0.375 0.674805 0.378125 0.675293 0.382031 0.670898 0.386719 0.660645 0.394141 0.648926 0.402734 0.638672
2 0.342578 0.625977 0.340625 0.623535 0.322266 0.625 0.315625 0.627441 0.307422 0.637695 0.305469 0.64209 0.305859 0.645508 0.308203 0.647949 0.310937 0.648438 0.317578 0.640625 0.333984 0.633301 0.341797 0.62793
2 0.491016 0.686035 0.489063 0.685547 0.487109 0.6875 0.486328 0.693848 0.482812 0.699219 0.475781 0.703125 0.473047 0.706055 0.469922 0.712891 0.469922 0.718262 0.471094 0.720215 0.484375 0.713867 0.494922 0.705078 0.496875 0.698242 0.496484 0.694336 0.494922 0.69043
2 0.33125 0.727051 0.33125 0.729492 0.332422 0.731934 0.345313 0.748535 0.353516 0.754883 0.358203 0.755371 0.358984 0.75293 0.355469 0.744141 0.350781 0.738281 0.338281 0.727539 0.334766 0.725586 0.332422 0.725586
2 0.587109 0.733887 0.584766 0.737305 0.582812 0.74707 0.582812 0.766113 0.584766 0.775391 0.586719 0.779785 0.590625 0.78418 0.593359 0.784668 0.594531 0.78418 0.594531 0.782715 0.592578 0.780273 0.591016 0.771973 0.590625 0.739258 0.589453 0.734863
2 0.583203 0.82959 0.579688 0.828125 0.576562 0.833496 0.573047 0.836426 0.564453 0.847168 0.558984 0.85791 0.558203 0.861328 0.559766 0.86377 0.564453 0.862305 0.569141 0.858887 0.576953 0.850586 0.578906 0.845703 0.582422 0.841309 0.584766 0.834961
2 0.434766 0.728027 0.435547 0.731934 0.440625 0.73877 0.451562 0.748047 0.460938 0.75 0.466797 0.75 0.46875 0.748535 0.466797 0.743652 0.461719 0.740234 0.447266 0.733887 0.439453 0.728027 0.436719 0.727051
1 0.496875 0.743652 0.494531 0.740723 0.490234 0.739258 0.477344 0.740723 0.471094 0.743164 0.469922 0.745117 0.469922 0.748535 0.472266 0.751465 0.478125 0.753906 0.490234 0.753906 0.492969 0.752441 0.496484 0.748535
2 0.287109 0.928711 0.283203 0.928711 0.266797 0.938965 0.257031 0.948242 0.256641 0.95166 0.258594 0.953125 0.264062 0.952148 0.271484 0.949219 0.279297 0.944336 0.286328 0.935547 0.2875 0.932129
2 0.336719 0.954102 0.337109 0.958984 0.354297 0.97998 0.360547 0.98291 0.363672 0.982422 0.364844 0.980957 0.365234 0.978027 0.359375 0.967773 0.355859 0.963867 0.341797 0.953613 0.3375 0.953125
2 0.183984 0.861816 0.179688 0.861328 0.173828 0.862793 0.166406 0.869141 0.160938 0.884277 0.160547 0.88916 0.161328 0.891113 0.1625 0.891602 0.165625 0.888184 0.165625 0.885742 0.167578 0.883301 0.168359 0.878906 0.177344 0.871582 0.180469 0.866699 0.182812 0.865723
1 0.269531 0.994141 0.264453 0.992676 0.260547 0.993652 0.259375 0.994629 0.258984 1 0.269141 1
2 0.182031 0.76416 0.170313 0.765137 0.161719 0.772949 0.158594 0.774414 0.153125 0.78125 0.150781 0.782715 0.150781 0.783691 0.154297 0.785156 0.169922 0.780273 0.182422 0.767578
2 0.260937 0.568359 0.2625 0.57373 0.267578 0.582031 0.279297 0.593262 0.283594 0.595703 0.285156 0.595215 0.285156 0.591309 0.283984 0.588379 0.271094 0.572266 0.264062 0.566895
1 0.237109 0.513672 0.242969 0.520996 0.252344 0.526855 0.258203 0.52832 0.263672 0.52832 0.26875 0.526855 0.269922 0.525391 0.269922 0.520996 0.26875 0.519531 0.253125 0.513184 0.241016 0.512207
2 0 0.535645 0 0.544434 0.0015625 0.544434 0.00507813 0.547852 0.0105469 0.550781 0.0175781 0.552246 0.0183594 0.547852 0.0132812 0.541016 0.00429688 0.536133
2 0.236328 0.368652 0.236328 0.373047 0.239844 0.377441 0.244531 0.380859 0.248828 0.382324 0.251953 0.385254 0.262109 0.390625 0.266406 0.39209 0.26875 0.39209 0.269922 0.390625 0.270313 0.388672 0.267578 0.383789 0.260156 0.376465 0.251172 0.373047 0.247656 0.366211 0.239453 0.365723
2 0.277734 0.245117 0.274609 0.245605 0.266406 0.261719 0.262891 0.275391 0.262891 0.280273 0.264062 0.28418 0.267578 0.284668 0.271484 0.276367 0.277734 0.255371 0.278516 0.246094
2 0.396484 0.21582 0.395703 0.216797 0.396094 0.222168 0.399219 0.229492 0.403516 0.236328 0.415234 0.250977 0.420703 0.255859 0.422656 0.261719 0.424219 0.263672 0.428516 0.265137 0.430078 0.26123 0.428906 0.251465 0.419531 0.231934 0.4125 0.222656 0.40625 0.219727 0.401172 0.21582
1 0.232422 0.00537109 0.232813 0.00878906 0.235156 0.0146484 0.244531 0.0268555 0.259375 0.0405273 0.262109 0.0400391 0.263672 0.0380859 0.262891 0.0322266 0.245703 0.0102539 0.240234 0.00537109
2 0.607422 0.0551758 0.603516 0.059082 0.601562 0.065918 0.600781 0.0776367 0.598047 0.0957031 0.598437 0.108398 0.597656 0.113281 0.598828 0.115234 0.601172 0.112305 0.602734 0.0957031 0.606641 0.0874023 0.607812 0.0820312 0.608984 0.0644531 0.608203 0.0561523
2 0.567969 0.0244141 0.565234 0.0263672 0.563281 0.0307617 0.559375 0.0444336 0.556641 0.065918 0.558203 0.0673828 0.560156 0.0673828 0.565234 0.0585938 0.567187 0.0522461 0.569531 0.0390625 0.569141 0.0258789
2 0.644922 0.0932617 0.644531 0.0966797 0.645312 0.0991211 0.664062 0.120117 0.670703 0.123535 0.675781 0.123047 0.676562 0.118652 0.672656 0.112793 0.660156 0.10498 0.646875 0.0922852
1 0.469531 0 0.469531 0.00195312 0.471094 0.00488281 0.474219 0.00732422 0.480078 0.00830078 0.484375 0.00585938 0.483203 0
2 0.775 0.0449219 0.78125 0.0463867 0.803125 0.0463867 0.810937 0.0449219 0.814063 0.0415039 0.814063 0.0400391 0.810156 0.0371094 0.782422 0.0371094 0.778906 0.0395508
2 0.867969 0.0483398 0.865625 0.0463867 0.860938 0.046875 0.852734 0.0517578 0.846094 0.0585938 0.836328 0.0717773 0.835547 0.0776367 0.837109 0.0791016 0.839063 0.0791016 0.842969 0.0771484 0.858594 0.0610352 0.867188 0.0507812
2 0.944922 0.0405273 0.946484 0.0473633 0.949609 0.0517578 0.957812 0.0585938 0.972266 0.0629883 0.978906 0.0629883 0.981641 0.0610352 0.98125 0.0571289 0.979297 0.0546875 0.971875 0.050293 0.962891 0.046875 0.951953 0.0395508 0.946484 0.0390625
2 0.930078 0.00927734 0.930859 0.0146484 0.937891 0.0229492 0.946484 0.0307617 0.951562 0.0332031 0.962109 0.0351562 0.967187 0.034668 0.96875 0.0332031 0.967187 0.0288086 0.955469 0.0224609 0.935937 0.00830078 0.930859 0.00830078
2 0.989453 0.260254 0.98125 0.259766 0.971094 0.265625 0.954297 0.283691 0.953125 0.291504 0.953906 0.29248 0.956641 0.291992 0.962109 0.285645 0.974219 0.277344 0.979297 0.272461 0.988281 0.267578 0.989453 0.26416
2 0.916016 0.402344 0.914062 0.407227 0.913672 0.412598 0.912109 0.417969 0.912109 0.427246 0.910547 0.4375 0.917188 0.447754 0.921094 0.449219 0.923438 0.447754 0.923438 0.445312 0.920703 0.432129 0.921094 0.418457 0.920312 0.404297 0.919141 0.402344
2 0.928516 0.474121 0.924609 0.469727 0.914844 0.470215 0.908203 0.472168 0.899609 0.47998 0.896484 0.48584 0.896094 0.490234 0.901172 0.489746 0.911719 0.484375 0.919922 0.48291 0.927344 0.479004
2 0.94375 0.564941 0.940234 0.560547 0.915234 0.562988 0.908203 0.570312 0.907813 0.573242 0.910547 0.574707 0.913281 0.574707 0.920703 0.572266 0.928516 0.572754 0.931641 0.571777 0.937109 0.572754 0.942578 0.569824 0.94375 0.568359
2 1 0.52832 0.998047 0.52832 0.994141 0.53125 0.991406 0.537598 0.984766 0.545898 0.980078 0.549316 0.979688 0.553711 0.98125 0.556152 0.985938 0.556641 0.998047 0.546387 1 0.545898
2 0.567187 0.945801 0.566406 0.946777 0.566406 0.951172 0.570312 0.958984 0.574609 0.973633 0.579297 0.979004 0.583984 0.979492 0.583594 0.970703 0.58125 0.964844 0.573047 0.951172 0.569141 0.946289
2 0.619922 0.926758 0.618359 0.927246 0.613281 0.939453 0.610156 0.954102 0.609766 0.968262 0.611328 0.97168 0.615234 0.972656 0.619531 0.967773 0.620313 0.954102 0.622656 0.940918 0.622656 0.930176
2 0.0132812 0.816895 0.0125 0.819824 0.0136719 0.827637 0.0171875 0.838379 0.0226562 0.848145 0.0246094 0.854004 0.0328125 0.866211 0.0378906 0.867676 0.0394531 0.865723 0.0398437 0.861328 0.0339844 0.845703 0.03125 0.842285 0.0226562 0.823242 0.0183594 0.817871
2 0.0128906 0.501953 0.009375 0.5 0.00234375 0.504883 0 0.504883 0 0.522461 0.00273437 0.522461 0.00585938 0.520508 0.0109375 0.513672 0.0140625 0.506348
2 0.448047 0.39502 0.446094 0.392578 0.441016 0.391602 0.423438 0.392578 0.419922 0.394531 0.408984 0.397461 0.405469 0.400391 0.405469 0.402344 0.406641 0.404785 0.411719 0.40625 0.420703 0.405273 0.439453 0.400879 0.447266 0.397461
2 0.473828 0.35498 0.472656 0.356445 0.472656 0.358398 0.483984 0.376953 0.484766 0.380859 0.49375 0.401855 0.497266 0.407227 0.498437 0.407227 0.501172 0.401367 0.501172 0.395508 0.499609 0.38916 0.483203 0.361328
2 0.518359 0.407227 0.51875 0.409668 0.521484 0.412598 0.526953 0.415039 0.541797 0.425293 0.548047 0.428711 0.552734 0.427734 0.553125 0.423828 0.545312 0.415527 0.534375 0.408203 0.526172 0.405762 0.520703 0.405762
2 0.0277344 0.0664062 0.0261719 0.0668945 0.0246094 0.0698242 0.0238281 0.0878906 0.0261719 0.10791 0.028125 0.112793 0.0300781 0.11377 0.0332031 0.111816 0.0335937 0.100098 0.0308594 0.0703125 0.0300781 0.0678711
1 0.380078 0.598633 0.380469 0.603027 0.383984 0.61084 0.393359 0.624023 0.400781 0.628418 0.408203 0.627441 0.404687 0.621582 0.394922 0.612793 0.386719 0.602539 0.381641 0.598633
2 0.897266 0.873047 0.898047 0.876953 0.902734 0.881836 0.919922 0.891602 0.930078 0.89502 0.932422 0.89502 0.934766 0.893066 0.932813 0.888184 0.930078 0.884766 0.919531 0.878418 0.909375 0.875 0.905078 0.87207 0.898828 0.87207
2 0.809766 0.957031 0.808984 0.958008 0.808984 0.963379 0.817969 0.986816 0.821484 0.990723 0.823047 0.990723 0.824219 0.985352 0.822656 0.979492 0.817187 0.969238 0.815234 0.962891 0.810937 0.957031
1 0.514453 0.34375 0.512109 0.344238 0.508984 0.347656 0.507812 0.352539 0.502969 0.365674 0.501602 0.380127 0.497617 0.385596 0.497852 0.389551 0.500352 0.392334 0.505625 0.39043 0.510156 0.381348 0.513281 0.376953 0.514453 0.371582 0.516016 0.346191
1 0.273945 0.53418 0.272109 0.540234 0.27543 0.551221 0.281641 0.561035 0.299883 0.568018 0.305938 0.565723 0.302656 0.560254 0.29293 0.550195 0.287188 0.546875 0.277266 0.535205
1 0.400273 0.232324 0.398945 0.237695 0.398359 0.243018 0.400898 0.251025 0.404687 0.261719 0.408594 0.27002 0.412266 0.277002 0.415234 0.28418 0.420312 0.290527 0.421094 0.285156 0.420312 0.279297 0.419453 0.275391 0.41875 0.267578 0.417578 0.260742 0.415195 0.254883 0.413281 0.251465 0.404727 0.235645 0.402422 0.231982
1 0.24625 0.0508789 0.245898 0.0538086 0.232031 0.0664062 0.223438 0.0698242 0.217188 0.0703125 0.213672 0.0698242 0.211719 0.0683594 0.211719 0.0634766 0.213281 0.0605469 0.219531 0.0556641 0.231641 0.0517578 0.241367 0.0494629
2 0.460938 0.567383 0.460938 0.568848 0.463281 0.571289 0.471875 0.575684 0.483984 0.57959 0.491016 0.586426 0.494141 0.586914 0.495703 0.584961 0.496094 0.580078 0.494922 0.575195 0.493906 0.573535 0.492227 0.571924 0.490547 0.570703 0.488359 0.569824 0.485938 0.568848 0.466016 0.564941 0.462891 0.564941
1 0.210156 0.751953 0.206641 0.752441 0.201563 0.756836 0.196875 0.759766 0.185547 0.773926 0.179297 0.788086 0.179297 0.790527 0.180469 0.791992 0.182812 0.791992 0.185938 0.789551 0.193359 0.780762 0.199609 0.775391 0.202344 0.771973 0.203125 0.771973 0.207813 0.766113 0.211328 0.756836 0.211328 0.753418
0 0.42625 0.148975 0.424687 0.148535 0.423438 0.148975 0.422148 0.151514 0.419258 0.156445 0.418516 0.162598 0.419141 0.170898 0.419805 0.176074 0.42207 0.179395 0.423633 0.179639 0.425547 0.17915 0.426328 0.176953 0.426406 0.172803 0.426523 0.167773 0.426953 0.161768 0.426836 0.156592 0.427422 0.150049
1 0.373828 0.256348 0.372656 0.257812 0.372656 0.260254 0.375 0.262695 0.375781 0.262695 0.378125 0.265625 0.381641 0.272949 0.387109 0.281738 0.387891 0.28418 0.392188 0.289551 0.392188 0.290527 0.395313 0.294434 0.399609 0.293945 0.400781 0.29248 0.401172 0.286133 0.398438 0.279297 0.397266 0.274414 0.394141 0.268555 0.388672 0.261719 0.384766 0.258301 0.380859 0.256836
1 0.325 0.447754 0.323828 0.456055 0.326172 0.459473 0.330078 0.470703 0.336328 0.479492 0.341406 0.48291 0.344922 0.484375 0.351172 0.485352 0.355078 0.487305 0.358984 0.487793 0.360156 0.486328 0.360156 0.483887 0.357812 0.480469 0.35 0.472656 0.342969 0.461914 0.3375 0.455078 0.328516 0.445801 0.326562 0.445801
1 0.313281 0.474609 0.314453 0.476074 0.324219 0.477539 0.328125 0.479004 0.339062 0.478516 0.342187 0.477539 0.343359 0.476074 0.346094 0.475098 0.349219 0.472656 0.357422 0.472168 0.360938 0.471191 0.363281 0.46875 0.363281 0.464355 0.361719 0.462402 0.355469 0.460938 0.336719 0.460938 0.333594 0.461914 0.327734 0.462402 0.323437 0.465332 0.314453 0.467773 0.313281 0.469238
1 0.298047 0.444336 0.295703 0.444336 0.285547 0.455566 0.282031 0.461914 0.282031 0.463379 0.280859 0.465332 0.280078 0.46875 0.279687 0.477539 0.280469 0.479492 0.280859 0.487793 0.282813 0.492188 0.282813 0.499512 0.284375 0.501953 0.286719 0.503418 0.289844 0.503418 0.291406 0.501465 0.291406 0.470703 0.294141 0.460938 0.296875 0.454102 0.299219 0.450195 0.299219 0.445801
1 0.290625 0.44043 0.287891 0.44043 0.286719 0.438965 0.284375 0.438965 0.283203 0.44043 0.282813 0.443359 0.28125 0.447266 0.278906 0.450684 0.278906 0.45166 0.269922 0.463867 0.268359 0.471191 0.268359 0.48291 0.269531 0.490234 0.272266 0.494629 0.274219 0.494629 0.275391 0.493164 0.276562 0.478027 0.284375 0.462891 0.285547 0.456055 0.290625 0.450195 0.292187 0.446777 0.292187 0.442383
1 0.282031 0.438477 0.280078 0.438477 0.275391 0.442383 0.262891 0.458008 0.261719 0.460449 0.260156 0.468262 0.257422 0.477051 0.257422 0.47998 0.256641 0.482422 0.256641 0.489258 0.257812 0.490723 0.260156 0.490723 0.261328 0.489258 0.262109 0.483398 0.267969 0.475098 0.26875 0.47168 0.271484 0.466797 0.271484 0.464844 0.272656 0.463379 0.273828 0.459961 0.281641 0.450195 0.282813 0.447754 0.283984 0.443359 0.283984 0.440918
1 0.163672 0.561035 0.1625 0.55957 0.160547 0.55957 0.153125 0.562988 0.152344 0.563965 0.142578 0.567383 0.136328 0.571289 0.130859 0.576172 0.128125 0.577148 0.123828 0.581543 0.123828 0.583984 0.125 0.585449 0.127734 0.585449 0.132031 0.583496 0.148438 0.57959 0.150781 0.578125 0.161719 0.567871 0.163672 0.56543
1 0.152734 0.546387 0.151172 0.544434 0.146094 0.544434 0.134766 0.556641 0.126562 0.569336 0.122656 0.57373 0.122656 0.576172 0.123828 0.577637 0.126172 0.577637 0.127344 0.57666 0.131641 0.575684 0.132422 0.574707 0.136328 0.57373 0.140234 0.571289 0.144922 0.566895 0.148828 0.562012 0.151172 0.556641 0.151172 0.554688 0.152734 0.550781
1 0.108594 0.535645 0.108594 0.538086 0.114453 0.55127 0.122656 0.562012 0.127734 0.564453 0.137891 0.564941 0.138672 0.563965 0.140234 0.563965 0.146094 0.561035 0.149219 0.557617 0.149219 0.555176 0.148047 0.553711 0.140625 0.553223 0.137891 0.550781 0.130469 0.548828 0.124609 0.544434 0.115625 0.533203 0.110547 0.532715
1 0.126562 0.52002 0.123047 0.523926 0.121094 0.529297 0.120313 0.53418 0.120313 0.542969 0.121875 0.554199 0.121875 0.558105 0.124609 0.563477 0.126953 0.566406 0.129688 0.566895 0.132422 0.562012 0.134766 0.550293 0.134766 0.538574 0.133203 0.530762 0.13125 0.525879 0.13125 0.521973 0.129297 0.52002
1 0.0621094 0.520996 0.0621094 0.524414 0.0632812 0.529297 0.0660156 0.53418 0.0714844 0.540527 0.0816406 0.546875 0.0863281 0.54834 0.102344 0.547852 0.104688 0.546875 0.106641 0.543945 0.106641 0.539551 0.105469 0.538086 0.0917969 0.537598 0.0703125 0.520996 0.0679687 0.520508 0.0660156 0.519043 0.0636719 0.519043
2 0.0960938 0.492188 0.0941406 0.492188 0.090625 0.495605 0.0828125 0.505859 0.0792969 0.508789 0.0753906 0.51416 0.0722656 0.523438 0.0722656 0.526367 0.0734375 0.527832 0.0753906 0.527832 0.0796875 0.521484 0.0847656 0.516602 0.0964844 0.500977 0.0976562 0.497559 0.0976562 0.494141
1 0.100391 0.482422 0.0988281 0.484863 0.0988281 0.495117 0.100391 0.500977 0.103906 0.509277 0.108984 0.517578 0.112109 0.52002 0.114453 0.520508 0.120313 0.525391 0.123047 0.525391 0.124219 0.523926 0.124219 0.521484 0.122266 0.518066 0.121484 0.513672 0.116797 0.507812 0.115625 0.503418 0.112891 0.498535 0.112109 0.495605 0.108984 0.489746 0.103516 0.48291
1 0.0148437 0.47168 0.0136719 0.470215 0.0117188 0.470215 0.00820313 0.47168 0 0.472656 0 0.484375 0.00117187 0.484375 0.00429688 0.481934 0.0117188 0.478516 0.0148437 0.475098
1 0.00976562 0.460449 0.00859375 0.458984 0 0.459961 0 0.470215 0.00625 0.464844 0.00859375 0.464355 0.00976562 0.462891
1 0.0398437 0.466797 0.0375 0.466797 0.0355469 0.467773 0.0304687 0.473633 0.0234375 0.487793 0.0203125 0.50293 0.0199219 0.513184 0.0210938 0.514648 0.0230469 0.514648 0.0285156 0.505859 0.0304687 0.500977 0.0351562 0.495117 0.0382813 0.48877 0.0394531 0.481934 0.0394531 0.476074 0.0410156 0.47168 0.0410156 0.468262
1 0.0703125 0.444824 0.06875 0.442871 0.065625 0.443359 0.059375 0.446777 0.0535156 0.452637 0.0480469 0.459473 0.046875 0.459961 0.0421875 0.466309 0.0390625 0.473145 0.0394531 0.478516 0.0417969 0.480957 0.0457031 0.480957 0.0507812 0.476562 0.0539063 0.472168 0.05625 0.464844 0.0597656 0.459473 0.0621094 0.458008 0.0703125 0.447754
1 0.392578 0.760742 0.390625 0.760742 0.388672 0.762695 0.382812 0.772949 0.378125 0.788574 0.378125 0.806641 0.378906 0.807617 0.38125 0.817871 0.382422 0.819336 0.385547 0.819336 0.386719 0.817871 0.3875 0.810059 0.389844 0.803711 0.392578 0.792969 0.392578 0.766113 0.39375 0.764648 0.39375 0.762207
1 0.353125 0.769531 0.353125 0.771973 0.355859 0.774902 0.357812 0.774902 0.365234 0.780762 0.371094 0.783691 0.373828 0.78418 0.375781 0.785645 0.383984 0.787109 0.385156 0.788086 0.391016 0.788574 0.391797 0.789551 0.396484 0.790039 0.400781 0.791504 0.405469 0.791504 0.407422 0.789551 0.408203 0.787109 0.408203 0.782715 0.404297 0.779297 0.398828 0.77832 0.395703 0.775879 0.387109 0.771973 0.382031 0.770996 0.367578 0.770996 0.358594 0.769531 0.356641 0.768066 0.354297 0.768066
1 0.373437 0.820312 0.372266 0.821777 0.370312 0.831543 0.369922 0.85498 0.375781 0.866699 0.380859 0.874512 0.387891 0.877441 0.391016 0.877441 0.392578 0.875 0.392578 0.869629 0.390234 0.866699 0.386719 0.854492 0.386719 0.852051 0.383203 0.844238 0.382812 0.841309 0.380859 0.836426 0.380078 0.830566 0.378906 0.828125 0.378516 0.825195 0.375391 0.820312
2 0.374219 0.802246 0.372266 0.805664 0.372266 0.819824 0.373437 0.82373 0.376172 0.82666 0.379688 0.82666 0.381641 0.824219 0.382031 0.821777 0.381641 0.811523 0.378516 0.803711 0.377344 0.802246
1 0.460938 0.885254 0.459766 0.883789 0.450781 0.884766 0.448437 0.886719 0.447266 0.886719 0.444141 0.888672 0.440234 0.89209 0.432812 0.901367 0.430859 0.904785 0.428906 0.910156 0.424219 0.918457 0.424219 0.922852 0.425391 0.924316 0.428516 0.924805 0.432812 0.918457 0.432812 0.916504 0.436328 0.912109 0.441016 0.908691 0.445312 0.903809 0.446094 0.903809 0.456641 0.893555 0.460938 0.887695
1 0.406641 0.862793 0.404687 0.866211 0.404687 0.869141 0.408594 0.876953 0.410938 0.885742 0.422266 0.899902 0.422656 0.901855 0.426172 0.907715 0.426953 0.912598 0.428516 0.914551 0.43125 0.914551 0.432422 0.913086 0.432422 0.910156 0.43125 0.907715 0.429688 0.899902 0.428516 0.897461 0.428516 0.892578 0.426172 0.884277 0.416016 0.868652 0.414062 0.867676 0.410547 0.863281
1 0.466016 0.922363 0.464844 0.923828 0.465234 0.949707 0.466797 0.95459 0.467969 0.963867 0.469922 0.969727 0.470313 0.974121 0.473047 0.984375 0.473047 0.992188 0.474609 0.994141 0.478125 0.994141 0.479687 0.992188 0.480859 0.989258 0.480859 0.986816 0.482422 0.983887 0.482422 0.970215 0.481641 0.960938 0.478906 0.952637 0.475781 0.946777 0.469141 0.930664 0.469141 0.923828 0.467969 0.922363
1 0.495312 0.911133 0.494141 0.912598 0.494922 0.91748 0.498828 0.922363 0.499609 0.924805 0.504297 0.931152 0.513281 0.946289 0.514844 0.950195 0.517188 0.953125 0.521484 0.953125 0.522656 0.95166 0.522656 0.944336 0.520312 0.938477 0.519141 0.932617 0.515234 0.92627 0.515234 0.924805 0.503125 0.914551 0.501953 0.914551 0.497656 0.911133
1 0.523828 0.892578 0.521875 0.890625 0.514062 0.888672 0.512891 0.887695 0.510938 0.887695 0.508203 0.885742 0.498828 0.885742 0.495703 0.887207 0.494531 0.888672 0.492578 0.88916 0.490625 0.891113 0.487891 0.891602 0.486328 0.893066 0.482812 0.894531 0.479297 0.894531 0.476562 0.895508 0.473438 0.897461 0.472266 0.898926 0.472266 0.902832 0.473438 0.904297 0.475781 0.904297 0.479687 0.902832 0.510156 0.902344 0.512109 0.901855 0.516406 0.898926 0.522656 0.898438 0.523828 0.896973
1 0.596484 0.878906 0.595313 0.880371 0.595313 0.882812 0.597266 0.891113 0.597266 0.899902 0.598828 0.904297 0.599219 0.908691 0.6 0.909668 0.600781 0.914551 0.605078 0.922363 0.6125 0.931641 0.614453 0.933105 0.617578 0.933105 0.61875 0.931641 0.61875 0.927734 0.617969 0.924805 0.614844 0.917969 0.614062 0.914551 0.610156 0.904785 0.605859 0.895996 0.604688 0.890137 0.603125 0.88623 0.6 0.881836 0.6 0.880859 0.598437 0.878906
1 0.607031 0.879395 0.605859 0.880859 0.605859 0.883301 0.607031 0.887207 0.607031 0.895996 0.607812 0.897461 0.608984 0.905762 0.6125 0.910645 0.614453 0.915039 0.61875 0.92041 0.619922 0.92334 0.619922 0.928223 0.620703 0.931152 0.621875 0.932617 0.625 0.932617 0.626563 0.930664 0.627344 0.925781 0.626953 0.913086 0.623437 0.906738 0.621484 0.901367 0.610938 0.883789 0.610547 0.881348 0.608984 0.879395
1 0.614453 0.87793 0.613281 0.879395 0.613281 0.886719 0.615234 0.896973 0.617188 0.901367 0.619141 0.903809 0.620313 0.90625 0.620313 0.907715 0.625 0.916504 0.632031 0.92627 0.633203 0.933105 0.634375 0.93457 0.636328 0.93457 0.637891 0.932617 0.639453 0.928711 0.639062 0.918457 0.633594 0.907227 0.630859 0.904297 0.627344 0.896973 0.619922 0.885742 0.617578 0.880859 0.617578 0.879395 0.616406 0.87793
1 0.670312 0.834473 0.670312 0.836914 0.673828 0.841309 0.678906 0.845703 0.684766 0.848145 0.694531 0.848145 0.697656 0.847168 0.702734 0.847168 0.708203 0.844238 0.710938 0.841797 0.716797 0.838379 0.717969 0.836914 0.717969 0.834473 0.716797 0.833008 0.701562 0.830078 0.690234 0.830566 0.683594 0.833496 0.682031 0.834961 0.676953 0.834961 0.673828 0.833008 0.671484 0.833008
1 0.844531 0.678223 0.843359 0.676758 0.841406 0.676758 0.833984 0.683594 0.825391 0.687988 0.823438 0.689941 0.820312 0.690918 0.817578 0.695312 0.817578 0.707031 0.81875 0.708496 0.821094 0.708496 0.823828 0.703613 0.832812 0.697266 0.839844 0.688477 0.841406 0.685059 0.844141 0.681641
1 0.474609 0.783203 0.472656 0.783203 0.471484 0.784668 0.471484 0.788574 0.467187 0.79541 0.464062 0.802734 0.464062 0.830078 0.464844 0.835938 0.464844 0.842285 0.467969 0.844727 0.470703 0.844727 0.472656 0.842285 0.475781 0.831055 0.476562 0.825195 0.476953 0.804688 0.475391 0.795898 0.475781 0.784668
1 0.483594 0.803711 0.48125 0.803711 0.476172 0.808105 0.471484 0.811035 0.466797 0.816406 0.4625 0.819824 0.458984 0.82373 0.451172 0.834961 0.45 0.837402 0.45 0.841309 0.451172 0.842773 0.454297 0.842773 0.458594 0.838867 0.463672 0.837402 0.465625 0.835938 0.46875 0.835449 0.474609 0.831543 0.48125 0.824219 0.483594 0.818848 0.484375 0.813477 0.485156 0.8125 0.485156 0.810059 0.485938 0.809082 0.485938 0.807129
1 0.918359 0.919434 0.917188 0.920898 0.917188 0.926758 0.91875 0.933594 0.91875 0.944336 0.919531 0.946289 0.919531 0.950684 0.920312 0.95166 0.921094 0.95752 0.921875 0.958496 0.923438 0.964355 0.926172 0.96875 0.927734 0.974609 0.930859 0.979492 0.935156 0.979492 0.936328 0.978027 0.936719 0.975586 0.936719 0.964355 0.934766 0.958984 0.932813 0.94873 0.924609 0.930176 0.923828 0.926758 0.922656 0.924805 0.922656 0.921875 0.920312 0.919434
1 0.929297 0.916504 0.928125 0.917969 0.928125 0.924316 0.929297 0.92627 0.929297 0.928711 0.930469 0.931152 0.930469 0.933105 0.935547 0.943848 0.942578 0.953613 0.946484 0.956055 0.951562 0.956055 0.953125 0.954102 0.953125 0.950684 0.944922 0.938477 0.942969 0.931641 0.939063 0.924805 0.937109 0.919434 0.935547 0.91748 0.933594 0.916504
1 0.955078 0.916016 0.953125 0.916016 0.951953 0.91748 0.951562 0.93457 0.949219 0.943359 0.949219 0.946289 0.948438 0.947266 0.948047 0.950195 0.946484 0.954102 0.941406 0.960449 0.938672 0.96582 0.938672 0.969238 0.939844 0.970703 0.944531 0.970703 0.946484 0.968262 0.95 0.96582 0.955469 0.959473 0.959375 0.952637 0.959375 0.950684 0.960156 0.949219 0.960547 0.928711 0.957812 0.922363 0.957422 0.919434
1 0.980078 0.928223 0.978125 0.928223 0.975781 0.930176 0.966797 0.94043 0.962109 0.947754 0.956641 0.959961 0.955078 0.966797 0.954297 0.967773 0.953516 0.971191 0.953516 0.975586 0.954688 0.977051 0.959375 0.977051 0.964453 0.970703 0.969141 0.967773 0.974219 0.961426 0.978125 0.950684 0.979297 0.944824 0.979297 0.939453 0.98125 0.935547 0.98125 0.929688
1 0.753516 0.953613 0.752344 0.955078 0.752344 0.95752 0.754687 0.966309 0.754687 0.975098 0.755469 0.978027 0.755859 0.984863 0.756641 0.986328 0.756641 0.989746 0.758203 0.993164 0.759766 1 0.769922 1 0.769922 0.994141 0.767969 0.987305 0.767969 0.984863 0.765625 0.977539 0.765234 0.974121 0.763672 0.971191 0.763672 0.968262 0.7625 0.964844 0.7625 0.958984 0.761719 0.956543 0.758984 0.954102
1 0.70625 0.944824 0.705078 0.946289 0.705469 0.95459 0.708203 0.959961 0.709766 0.964844 0.714844 0.974609 0.723047 0.985352 0.727344 0.989746 0.728125 0.989746 0.732422 0.994141 0.736328 0.994141 0.737891 0.992188 0.737891 0.98877 0.733594 0.977051 0.723437 0.961914 0.713281 0.949707 0.711719 0.949219 0.708203 0.944824
1 0.0078125 0.00195312 0.003125 0.00146484 0 0.00439453 0 0.0195312 0.00117187 0.0195312 0.009375 0.0102539 0.00898437 0.00341797
1 0 0.00390625 0.003125 0.00390625 0.00429688 0.00244141 0.00585938 0.00195312 0.00703125 0 0 0
1 0.356641 0.0151367 0.357812 0.0166016 0.360547 0.0166016 0.363672 0.012207 0.36875 0.0078125 0.376953 0.00292969 0.379297 0 0.363672 0 0.359766 0.00488281 0.357031 0.0112305
1 0.657813 0.0361328 0.656641 0.034668 0.653906 0.034668 0.648828 0.0395508 0.645312 0.0410156 0.642578 0.0410156 0.639062 0.0429688 0.633203 0.0439453 0.621484 0.0507812 0.614453 0.0507812 0.6125 0.0527344 0.6125 0.0585938 0.615234 0.0625 0.616797 0.0634766 0.632812 0.0620117 0.640234 0.059082 0.646484 0.0537109 0.654297 0.0454102 0.657813 0.0390625
1 0.913672 0.0986328 0.913672 0.102051 0.914453 0.104492 0.919141 0.110352 0.924219 0.112793 0.947266 0.112793 0.952734 0.109375 0.955078 0.108887 0.95625 0.107422 0.95625 0.104492 0.955078 0.103027 0.953125 0.103027 0.950391 0.104492 0.941797 0.104492 0.936328 0.103027 0.927734 0.097168 0.922656 0.0952148 0.917969 0.0952148
1 0.917188 0.193359 0.917188 0.195801 0.918359 0.197266 0.925781 0.197754 0.931641 0.202148 0.936719 0.204102 0.942187 0.205078 0.960938 0.205566 0.9625 0.203613 0.9625 0.199707 0.960547 0.197266 0.958203 0.196777 0.95 0.192383 0.946875 0.191895 0.944141 0.189941 0.936328 0.188965 0.934766 0.187988 0.927344 0.187988 0.91875 0.191406
1 0.990625 0.465332 0.987891 0.465332 0.982031 0.470215 0.978125 0.476562 0.972656 0.48291 0.966797 0.492676 0.966797 0.495117 0.967969 0.496582 0.971094 0.496094 0.973437 0.493164 0.976953 0.490723 0.980078 0.486816 0.983594 0.484375 0.988281 0.479004 0.990625 0.474121 0.991016 0.470703 0.991797 0.469238 0.991797 0.466797
1 1 0.483887 0.997656 0.481445 0.995313 0.481445 0.989844 0.489746 0.987109 0.491211 0.985938 0.492676 0.984375 0.492676 0.978906 0.497559 0.975 0.50293 0.973828 0.508789 0.972266 0.51123 0.972266 0.51416 0.973437 0.515625 0.975391 0.515625 0.977734 0.513184 0.98125 0.512695 0.986328 0.509277 0.991797 0.502441 0.995703 0.493652 1 0.487793
2 0.0296875 0.238281 0.0285156 0.236816 0.025 0.236816 0.021875 0.240723 0.0214844 0.242188 0.0128906 0.250977 0.00195312 0.257812 0 0.260254 0 0.265137 0.00234375 0.265625 0.00820313 0.26123 0.0121094 0.259766 0.0210938 0.25293 0.0296875 0.242188
2 0.0136719 0.250488 0.0121094 0.252441 0.0121094 0.257324 0.015625 0.263672 0.0222656 0.272461 0.025 0.274902 0.028125 0.276367 0.0300781 0.27832 0.0339844 0.27832 0.0351562 0.276855 0.0351562 0.274414 0.0339844 0.272949 0.0324219 0.272949 0.0289063 0.268555 0.0195312 0.253418 0.0195312 0.252441 0.0175781 0.25
1 0.200781 0.699219 0.199609 0.697754 0.194531 0.696289 0.191797 0.694336 0.177734 0.693848 0.164062 0.698242 0.155469 0.698242 0.153516 0.700684 0.153516 0.704102 0.155078 0.707031 0.157422 0.708496 0.176563 0.708984 0.179297 0.70752 0.183594 0.707031 0.190625 0.703613 0.199609 0.703125 0.200781 0.70166
1 0.191016 0.677246 0.185156 0.676758 0.183984 0.678223 0.182812 0.682617 0.180078 0.6875 0.178906 0.692383 0.174219 0.700684 0.170313 0.710449 0.169531 0.713867 0.169141 0.728027 0.167969 0.733887 0.167969 0.73877 0.169141 0.740234 0.171875 0.740234 0.173047 0.73877 0.175 0.731934 0.184375 0.717285 0.187109 0.710449 0.192188 0.6875 0.192188 0.678711
1 0.150391 0.709961 0.151172 0.715332 0.153125 0.71875 0.161328 0.729004 0.166797 0.733398 0.171875 0.736328 0.174609 0.73877 0.178125 0.739746 0.184375 0.739746 0.186328 0.737305 0.186328 0.733398 0.184766 0.731445 0.182812 0.731445 0.180469 0.72998 0.175 0.722656 0.166406 0.71582 0.159766 0.713379 0.153906 0.708496 0.151562 0.708496
1 0.212891 0.722168 0.210938 0.722168 0.209766 0.723633 0.209766 0.729492 0.208984 0.73291 0.204297 0.739746 0.200781 0.74707 0.2 0.751953 0.2 0.760254 0.201172 0.761719 0.203125 0.761719 0.205859 0.758301 0.208984 0.756348 0.212891 0.751465 0.214844 0.746094 0.214844 0.744141 0.215625 0.742676 0.215625 0.728027 0.214062 0.723633
1 0.209766 0.738281 0.208594 0.739746 0.208594 0.745605 0.210547 0.755371 0.210547 0.761719 0.211328 0.765137 0.215625 0.775391 0.216406 0.780762 0.217578 0.782227 0.220703 0.782227 0.222266 0.780273 0.222656 0.775391 0.223828 0.771973 0.223828 0.762207 0.223047 0.756836 0.221094 0.750488 0.21875 0.747559 0.215625 0.741699 0.212891 0.738281
1 0.150391 0.745605 0.150391 0.748047 0.151562 0.749512 0.168359 0.756836 0.173828 0.756836 0.177344 0.755859 0.178125 0.754883 0.187109 0.753906 0.189062 0.75293 0.196484 0.752441 0.198047 0.750488 0.198047 0.746582 0.196094 0.744141 0.190625 0.742188 0.179688 0.741699 0.175 0.740234 0.165234 0.740234 0.159375 0.741699 0.15625 0.741699 0.154297 0.742676 0.151953 0.742676
1 0.172266 0.635742 0.172266 0.638184 0.180078 0.648438 0.183594 0.651855 0.187891 0.653809 0.198047 0.653809 0.205078 0.651855 0.210156 0.651367 0.210938 0.650391 0.212891 0.649902 0.220312 0.649902 0.224219 0.646484 0.224219 0.641113 0.221484 0.638672 0.213281 0.638672 0.212109 0.637695 0.193359 0.637695 0.1875 0.640625 0.183203 0.639648 0.176172 0.634277 0.173437 0.634277
1 0.991016 0.630371 0.989844 0.631836 0.989453 0.635742 0.991797 0.638672 1 0.645996 1 0.631348 0.998828 0.630371
2 1 0.425293 0.997656 0.425781 0.995313 0.427734 0.9875 0.438477 0.981641 0.452637 0.977344 0.458984 0.977344 0.461426 0.978906 0.463379 0.981641 0.463379 0.983203 0.462402 0.992188 0.450684 0.994141 0.449707 1 0.443848
2 0.249219 0.491211 0.248047 0.489746 0.246094 0.489746 0.242188 0.492188 0.240234 0.492188 0.239453 0.493164 0.2375 0.493164 0.232813 0.495117 0.230078 0.495117 0.221484 0.5 0.215234 0.500977 0.213672 0.502441 0.2125 0.502441 0.211328 0.503906 0.211328 0.506348 0.2125 0.507812 0.223047 0.507324 0.225781 0.505859 0.228125 0.505859 0.2375 0.50293 0.240625 0.500488 0.242578 0.5 0.248047 0.495605 0.249219 0.494141
2 0.241406 0.493164 0.241016 0.498047 0.244531 0.502441 0.248438 0.505859 0.255078 0.507812 0.262109 0.51123 0.26875 0.511719 0.269922 0.510254 0.269922 0.507812 0.26875 0.506348 0.263672 0.504883 0.258984 0.501953 0.246094 0.491699 0.242578 0.491699
2 0.229687 0.525391 0.227344 0.525391 0.219531 0.539062 0.219531 0.541992 0.220703 0.543457 0.222656 0.543457 0.223828 0.541992 0.226562 0.536133 0.230859 0.529297 0.230859 0.526855
1 0.331641 0.522461 0.330469 0.520996 0.328125 0.520996 0.325 0.521973 0.323437 0.523438 0.31875 0.523438 0.315625 0.522461 0.302734 0.523438 0.292578 0.52832 0.287891 0.528809 0.284766 0.531738 0.284766 0.53418 0.286328 0.536133 0.292969 0.536621 0.296484 0.539062 0.308203 0.539062 0.309375 0.538086 0.313672 0.537598 0.316797 0.535645 0.318359 0.533691 0.320703 0.532715 0.324219 0.529297 0.327344 0.529297 0.329297 0.526367 0.330469 0.526367 0.331641 0.524902
1 0.314453 0.500977 0.313281 0.499512 0.310937 0.499512 0.308984 0.502441 0.304688 0.506348 0.291406 0.505859 0.286719 0.506836 0.284766 0.508301 0.278906 0.510254 0.276562 0.512207 0.271875 0.518555 0.271875 0.521973 0.274219 0.523926 0.292578 0.523926 0.3 0.519043 0.304688 0.513184 0.312109 0.506836 0.314453 0.503418
